timestamp,hour_rain,instant_rain,last_hour_rain,max_24h_rain,max_24h_time,min_24h_rain,min_24h_time,today_rain,total_rain,yesterday_rain
1782712854.241,0.0,0.0,0.0,0.3,11:12,0.0,00:01,0.3,7.1,6.8
1782712859.252,0.0,0.0,0.0,0.3,11:12,0.0,00:01,0.3,7.1,6.8
1782712864.262,0.0,0.0,0.0,0.3,11:12,0.0,00:01,0.3,7.1,6.8
1782712869.271,0.0,0.0,0.0,0.3,11:12,0.0,00:01,0.3,7.1,6.8
1782712874.28,0.0,0.0,0.0,0.3,11:12,0.0,00:01,0.3,7.1,6.8
1782712879.292,0.0,0.0,0.0,0.3,11:12,0.0,00:01,0.3,7.1,6.8
1782712884.3,0.0,0.0,0.0,0.3,11:12,0.0,00:01,0.3,7.1,6.8
1782712889.306,0.0,0.0,0.0,0.3,11:12,0.0,00:01,0.3,7.1,6.8
1782712894.317,0.0,0.0,0.0,0.3,11:12,0.0,00:01,0.3,7.1,6.8
1782712899.326,0.0,0.0,0.0,0.3,11:12,0.0,00:01,0.3,7.1,6.8
1782712904.334,0.0,0.0,0.0,0.3,11:12,0.0,00:01,0.3,7.1,6.8
1782712909.339,0.0,0.0,0.0,0.3,11:12,0.0,00:01,0.3,7.1,6.8
1782712914.344,0.0,0.0,0.0,0.3,11:12,0.0,00:01,0.3,7.1,6.8
1782712919.355,0.0,0.0,0.0,0.3,11:12,0.0,00:01,0.3,7.1,6.8
1782712924.364,0.0,0.0,0.0,0.3,11:12,0.0,00:01,0.3,7.1,6.8
1782712929.371,0.0,0.0,0.0,0.3,11:12,0.0,00:01,0.3,7.1,6.8
1782712934.38,0.0,0.0,0.0,0.3,11:12,0.0,00:01,0.3,7.1,6.8
1782712939.385,0.0,0.0,0.0,0.3,11:12,0.0,00:01,0.3,7.1,6.8
1782712944.392,0.0,0.0,0.0,0.3,11:12,0.0,00:01,0.3,7.1,6.8
1782712949.402,0.0,0.0,0.0,0.3,11:12,0.0,00:01,0.3,7.1,6.8
1782712954.407,0.0,0.0,0.0,0.3,11:12,0.0,00:01,0.3,7.1,6.8
1782712959.412,0.0,0.0,0.0,0.3,11:12,0.0,00:01,0.3,7.1,6.8
1782712964.424,0.0,0.0,0.0,0.3,11:12,0.0,00:01,0.3,7.1,6.8
1782712969.431,0.0,0.0,0.0,0.3,11:12,0.0,00:01,0.3,7.1,6.8
1782712974.439,0.0,0.0,0.0,0.3,11:12,0.0,00:01,0.3,7.1,6.8
1782712979.447,0.0,0.0,0.0,0.3,11:12,0.0,00:01,0.3,7.1,6.8
1782712984.455,0.0,0.0,0.0,0.3,11:12,0.0,00:01,0.3,7.1,6.8
1782712989.463,0.0,0.0,0.0,0.3,11:12,0.0,00:01,0.3,7.1,6.8
1782712994.471,0.0,0.0,0.0,0.3,11:12,0.0,00:01,0.3,7.1,6.8
1782712999.479,0.0,0.0,0.0,0.3,11:12,0.0,00:01,0.3,7.1,6.8
1782713004.488,0.0,0.0,0.0,0.3,11:12,0.0,00:01,0.3,7.1,6.8
1782713009.497,0.0,0.0,0.0,0.3,11:12,0.0,00:01,0.3,7.1,6.8
1782713014.509,0.0,0.0,0.0,0.3,11:12,0.0,00:01,0.3,7.1,6.8
1782713019.521,0.0,0.0,0.0,0.3,11:12,0.0,00:01,0.3,7.1,6.8
1782713024.532,0.0,0.0,0.0,0.3,11:12,0.0,00:01,0.3,7.1,6.8
1782713029.538,0.0,0.0,0.0,0.3,11:12,0.0,00:01,0.3,7.1,6.8
1782713034.551,0.0,0.0,0.0,0.3,11:12,0.0,00:01,0.3,7.1,6.8
1782713039.555,0.0,0.0,0.0,0.3,11:12,0.0,00:01,0.3,7.1,6.8
1782713044.562,0.0,0.0,0.0,0.3,11:12,0.0,00:01,0.3,7.1,6.8
1782713049.572,0.0,0.0,0.0,0.3,11:12,0.0,00:01,0.3,7.1,6.8
1782713054.581,0.0,0.0,0.0,0.3,11:12,0.0,00:01,0.3,7.1,6.8
1782713059.59,0.0,0.0,0.0,0.3,11:12,0.0,00:01,0.3,7.1,6.8
1782713064.6,0.0,0.0,0.0,0.3,11:12,0.0,00:01,0.3,7.1,6.8
1782713069.61,0.0,0.0,0.0,0.3,11:12,0.0,00:01,0.3,7.1,6.8
1782713074.619,0.0,0.0,0.0,0.3,11:12,0.0,00:01,0.3,7.1,6.8
1782713079.626,0.0,0.0,0.0,0.3,11:12,0.0,00:01,0.3,7.1,6.8
1782713084.632,0.0,0.0,0.0,0.3,11:12,0.0,00:01,0.3,7.1,6.8
1782713089.643,0.0,0.0,0.0,0.3,11:12,0.0,00:01,0.3,7.1,6.8
1782713094.653,0.0,0.0,0.0,0.3,11:12,0.0,00:01,0.3,7.1,6.8
1782713099.656,0.0,0.0,0.0,0.3,11:12,0.0,00:01,0.3,7.1,6.8
1782713104.669,0.0,0.0,0.0,0.3,11:12,0.0,00:01,0.3,7.1,6.8
1782713109.677,0.0,0.0,0.0,0.3,11:12,0.0,00:01,0.3,7.1,6.8
1782713114.685,0.0,0.0,0.0,0.3,11:12,0.0,00:01,0.3,7.1,6.8
1782713119.697,0.0,0.0,0.0,0.3,11:12,0.0,00:01,0.3,7.1,6.8
1782713124.707,0.0,0.0,0.0,0.3,11:12,0.0,00:01,0.3,7.1,6.8
1782713129.718,0.0,0.0,0.0,0.3,11:12,0.0,00:01,0.3,7.1,6.8
1782713134.727,0.0,0.0,0.0,0.3,11:12,0.0,00:01,0.3,7.1,6.8
1782713139.738,0.0,0.0,0.0,0.3,11:12,0.0,00:01,0.3,7.1,6.8
1782713144.746,0.0,0.0,0.0,0.3,11:12,0.0,00:01,0.3,7.1,6.8
1782713149.755,0.0,0.0,0.0,0.3,11:12,0.0,00:01,0.3,7.1,6.8
1782713154.762,0.0,0.0,0.0,0.3,11:12,0.0,00:01,0.3,7.1,6.8
1782713159.771,0.0,0.0,0.0,0.3,11:12,0.0,00:01,0.3,7.1,6.8
1782713164.78,0.0,0.0,0.0,0.3,11:12,0.0,00:01,0.3,7.1,6.8
1782713169.784,0.0,0.0,0.0,0.3,11:12,0.0,00:01,0.3,7.1,6.8
1782713174.795,0.0,0.0,0.0,0.3,11:12,0.0,00:01,0.3,7.1,6.8
1782713179.802,0.0,0.0,0.0,0.3,11:12,0.0,00:01,0.3,7.1,6.8
1782713184.811,0.0,0.0,0.0,0.3,11:12,0.0,00:01,0.3,7.1,6.8
1782713189.819,0.0,0.0,0.0,0.3,11:12,0.0,00:01,0.3,7.1,6.8
1782713194.827,0.0,0.0,0.0,0.3,11:12,0.0,00:01,0.3,7.1,6.8
1782713199.837,0.0,0.0,0.0,0.3,11:12,0.0,00:01,0.3,7.1,6.8
1782713204.847,0.0,0.0,0.0,0.3,11:12,0.0,00:01,0.3,7.1,6.8
1782713209.855,0.0,0.0,0.0,0.3,11:12,0.0,00:01,0.3,7.1,6.8
1782713214.863,0.0,0.0,0.0,0.3,11:12,0.0,00:01,0.3,7.1,6.8
1782713219.87,0.0,0.0,0.0,0.3,11:12,0.0,00:01,0.3,7.1,6.8
1782713224.876,0.0,0.0,0.0,0.3,11:12,0.0,00:01,0.3,7.1,6.8
1782713229.881,0.0,0.0,0.0,0.3,11:12,0.0,00:01,0.3,7.1,6.8
1782713234.887,0.0,0.0,0.0,0.3,11:12,0.0,00:01,0.3,7.1,6.8
1782713239.895,0.0,0.0,0.0,0.3,11:12,0.0,00:01,0.3,7.1,6.8
1782713244.906,0.0,0.0,0.0,0.3,11:12,0.0,00:01,0.3,7.1,6.8
1782713249.914,0.0,0.0,0.0,0.3,11:12,0.0,00:01,0.3,7.1,6.8
1782713254.92,0.0,0.0,0.0,0.3,11:12,0.0,00:01,0.3,7.1,6.8
1782713259.927,0.0,0.0,0.0,0.3,11:12,0.0,00:01,0.3,7.1,6.8
1782713264.935,0.0,0.0,0.0,0.3,11:12,0.0,00:01,0.3,7.1,6.8
1782713269.945,0.0,0.0,0.0,0.3,11:12,0.0,00:01,0.3,7.1,6.8
1782713274.956,0.0,0.0,0.0,0.3,11:12,0.0,00:01,0.3,7.1,6.8
1782713279.964,0.0,0.0,0.0,0.3,11:12,0.0,00:01,0.3,7.1,6.8
1782713284.974,0.0,0.0,0.0,0.3,11:12,0.0,00:01,0.3,7.1,6.8
1782713289.983,0.0,0.0,0.0,0.3,11:12,0.0,00:01,0.3,7.1,6.8
1782713294.991,0.0,0.0,0.0,0.3,11:12,0.0,00:01,0.3,7.1,6.8
1782713300.002,0.0,0.0,0.0,0.3,11:12,0.0,00:01,0.3,7.1,6.8
1782713305.018,0.0,0.0,0.0,0.3,11:12,0.0,00:01,0.3,7.1,6.8
1782713310.026,0.0,0.0,0.0,0.3,11:12,0.0,00:01,0.3,7.1,6.8
1782713315.039,0.0,0.0,0.0,0.3,11:12,0.0,00:01,0.3,7.1,6.8
1782713320.051,0.0,0.0,0.0,0.3,11:12,0.0,00:01,0.3,7.1,6.8
1782713325.06,0.0,0.0,0.0,0.3,11:12,0.0,00:01,0.3,7.1,6.8
1782713330.073,0.0,0.0,0.0,0.3,11:12,0.0,00:01,0.3,7.1,6.8
1782713335.08,0.0,0.0,0.0,0.3,11:12,0.0,00:01,0.3,7.1,6.8
1782713340.092,0.0,0.0,0.0,0.3,11:12,0.0,00:01,0.3,7.1,6.8
1782713345.105,0.0,0.0,0.0,0.3,11:12,0.0,00:01,0.3,7.1,6.8
1782713350.118,0.0,0.0,0.0,0.3,11:12,0.0,00:01,0.3,7.1,6.8
1782713355.129,0.0,0.0,0.0,0.3,11:12,0.0,00:01,0.3,7.1,6.8
1782713360.138,0.0,0.0,0.0,0.3,11:12,0.0,00:01,0.3,7.1,6.8
1782713365.151,0.0,0.0,0.0,0.3,11:12,0.0,00:01,0.3,7.1,6.8
1782713370.162,0.0,0.0,0.0,0.3,11:12,0.0,00:01,0.3,7.1,6.8
1782713375.171,0.0,0.0,0.0,0.3,11:12,0.0,00:01,0.3,7.1,6.8
1782713380.182,0.0,0.0,0.0,0.3,11:12,0.0,00:01,0.3,7.1,6.8
1782713385.188,0.0,0.0,0.0,0.3,11:12,0.0,00:01,0.3,7.1,6.8
1782713390.199,0.0,0.0,0.0,0.3,11:12,0.0,00:01,0.3,7.1,6.8
1782713395.204,0.0,0.0,0.0,0.3,11:12,0.0,00:01,0.3,7.1,6.8
1782713400.216,0.0,0.0,0.0,0.3,11:12,0.0,00:01,0.3,7.1,6.8
1782713405.224,0.0,0.0,0.0,0.3,11:12,0.0,00:01,0.3,7.1,6.8
1782713410.235,0.0,0.0,0.0,0.3,11:12,0.0,00:01,0.3,7.1,6.8
1782713415.244,0.0,0.0,0.0,0.3,11:12,0.0,00:01,0.3,7.1,6.8
1782713420.255,0.0,0.0,0.0,0.3,11:12,0.0,00:01,0.3,7.1,6.8
1782713425.269,0.0,0.0,0.0,0.3,11:12,0.0,00:01,0.3,7.1,6.8
1782713430.276,0.0,0.0,0.0,0.3,11:12,0.0,00:01,0.3,7.1,6.8
1782713435.289,0.0,0.0,0.0,0.3,11:12,0.0,00:01,0.3,7.1,6.8
1782713440.3,0.0,0.0,0.0,0.3,11:12,0.0,00:01,0.3,7.1,6.8
1782713445.314,0.0,0.0,0.0,0.3,11:12,0.0,00:01,0.3,7.1,6.8
1782713450.322,0.0,0.0,0.0,0.3,11:12,0.0,00:01,0.3,7.1,6.8
1782713455.329,0.0,0.0,0.0,0.3,11:12,0.0,00:01,0.3,7.1,6.8
1782713460.345,0.0,0.0,0.0,0.3,11:12,0.0,00:01,0.3,7.1,6.8
1782713465.355,0.0,0.0,0.0,0.3,11:12,0.0,00:01,0.3,7.1,6.8
1782713470.367,0.0,0.0,0.0,0.3,11:12,0.0,00:01,0.3,7.1,6.8
1782713475.382,0.0,0.0,0.0,0.3,11:12,0.0,00:01,0.3,7.1,6.8
1782713480.385,0.0,0.0,0.0,0.3,11:12,0.0,00:01,0.3,7.1,6.8
1782713485.397,0.0,0.0,0.0,0.3,11:12,0.0,00:01,0.3,7.1,6.8
1782713490.409,0.0,0.0,0.0,0.3,11:12,0.0,00:01,0.3,7.1,6.8
1782713495.421,0.0,0.0,0.0,0.3,11:12,0.0,00:01,0.3,7.1,6.8
1782713500.432,0.0,0.0,0.0,0.3,11:12,0.0,00:01,0.3,7.1,6.8
1782713505.442,0.0,0.0,0.0,0.3,11:12,0.0,00:01,0.3,7.1,6.8
1782713510.454,0.0,0.0,0.0,0.3,11:12,0.0,00:01,0.3,7.1,6.8
1782713515.47,0.0,0.0,0.0,0.3,11:12,0.0,00:01,0.3,7.1,6.8
1782713520.483,0.0,0.0,0.0,0.3,11:12,0.0,00:01,0.3,7.1,6.8
1782713525.49,0.0,0.0,0.0,0.3,11:12,0.0,00:01,0.3,7.1,6.8
1782713530.501,0.0,0.0,0.0,0.3,11:12,0.0,00:01,0.3,7.1,6.8
1782713535.514,0.0,0.0,0.0,0.3,11:12,0.0,00:01,0.3,7.1,6.8
1782713540.524,0.0,0.0,0.0,0.3,11:12,0.0,00:01,0.3,7.1,6.8
1782713545.54,0.0,0.0,0.0,0.3,11:12,0.0,00:01,0.3,7.1,6.8
1782713550.547,0.0,0.0,0.0,0.3,11:12,0.0,00:01,0.3,7.1,6.8
1782713555.559,0.0,0.0,0.0,0.3,11:12,0.0,00:01,0.3,7.1,6.8
1782713560.573,0.0,0.0,0.0,0.3,11:12,0.0,00:01,0.3,7.1,6.8
1782713565.586,0.0,0.0,0.0,0.3,11:12,0.0,00:01,0.3,7.1,6.8
1782713570.595,0.0,0.0,0.0,0.3,11:12,0.0,00:01,0.3,7.1,6.8
1782713575.603,0.0,0.0,0.0,0.3,11:12,0.0,00:01,0.3,7.1,6.8
1782713580.618,0.0,0.0,0.0,0.3,11:12,0.0,00:01,0.3,7.1,6.8
1782713585.629,0.0,0.0,0.0,0.3,11:12,0.0,00:01,0.3,7.1,6.8
1782713590.643,0.0,0.0,0.0,0.3,11:12,0.0,00:01,0.3,7.1,6.8
1782713595.648,0.0,0.0,0.0,0.3,11:12,0.0,00:01,0.3,7.1,6.8
1782713600.662,0.0,0.0,0.0,0.3,11:12,0.0,00:01,0.3,7.1,6.8
1782713605.674,0.0,0.0,0.0,0.3,11:12,0.0,00:01,0.3,7.1,6.8
1782713610.683,0.0,0.0,0.0,0.3,11:12,0.0,00:01,0.3,7.1,6.8
1782713615.697,0.0,0.0,0.0,0.3,11:12,0.0,00:01,0.3,7.1,6.8
1782713620.704,0.0,0.0,0.0,0.3,11:12,0.0,00:01,0.3,7.1,6.8
1782713625.714,0.0,0.0,0.0,0.3,11:12,0.0,00:01,0.3,7.1,6.8
1782713630.722,0.0,0.0,0.0,0.3,11:12,0.0,00:01,0.3,7.1,6.8
1782713635.732,0.0,0.0,0.0,0.3,11:12,0.0,00:01,0.3,7.1,6.8
1782713640.741,0.0,0.0,0.0,0.3,11:12,0.0,00:01,0.3,7.1,6.8
1782713645.744,0.0,0.0,0.0,0.3,11:12,0.0,00:01,0.3,7.1,6.8
1782713650.751,0.0,0.0,0.0,0.3,11:12,0.0,00:01,0.3,7.1,6.8
1782713655.763,0.0,0.0,0.0,0.3,11:12,0.0,00:01,0.3,7.1,6.8
1782713660.778,0.0,0.0,0.0,0.3,11:12,0.0,00:01,0.3,7.1,6.8
1782713665.786,0.0,0.0,0.0,0.3,11:12,0.0,00:01,0.3,7.1,6.8
1782713670.798,0.0,0.0,0.0,0.3,11:12,0.0,00:01,0.3,7.1,6.8
1782713675.809,0.0,0.0,0.0,0.3,11:12,0.0,00:01,0.3,7.1,6.8
1782713680.82,0.0,0.0,0.0,0.3,11:12,0.0,00:01,0.3,7.1,6.8
1782713685.864,0.0,0.0,0.0,0.3,11:12,0.0,00:01,0.3,7.1,6.8
1782714241.948,0.0,0.0,0.0,0.3,11:12,0.0,00:01,0.3,7.1,6.8
1782714246.971,0.0,0.0,0.0,0.3,11:12,0.0,00:01,0.3,7.1,6.8
1782714251.991,0.0,0.0,0.0,0.3,11:12,0.0,00:01,0.3,7.1,6.8
1782714257.005,0.0,0.0,0.0,0.3,11:12,0.0,00:01,0.3,7.1,6.8
1782714262.019,0.0,0.0,0.0,0.3,11:12,0.0,00:01,0.3,7.1,6.8
1782714267.027,0.0,0.0,0.0,0.3,11:12,0.0,00:01,0.3,7.1,6.8
1782714272.04,0.0,0.0,0.0,0.3,11:12,0.0,00:01,0.3,7.1,6.8
1782714277.048,0.0,0.0,0.0,0.3,11:12,0.0,00:01,0.3,7.1,6.8
1782714282.059,0.0,0.0,0.0,0.3,11:12,0.0,00:01,0.3,7.1,6.8
1782714287.07,0.0,0.0,0.0,0.3,11:12,0.0,00:01,0.3,7.1,6.8
1782714292.081,0.0,0.0,0.0,0.3,11:12,0.0,00:01,0.3,7.1,6.8
1782714297.093,0.0,0.0,0.0,0.3,11:12,0.0,00:01,0.3,7.1,6.8
1782714302.101,0.0,0.0,0.0,0.3,11:12,0.0,00:01,0.3,7.1,6.8
1782714307.114,0.0,0.0,0.0,0.3,11:12,0.0,00:01,0.3,7.1,6.8
1782714312.118,0.0,0.0,0.0,0.3,11:12,0.0,00:01,0.3,7.1,6.8
1782714317.133,0.0,0.0,0.0,0.3,11:12,0.0,00:01,0.3,7.1,6.8
1782714322.143,0.0,0.0,0.0,0.3,11:12,0.0,00:01,0.3,7.1,6.8
1782714327.189,0.0,0.0,0.0,0.3,11:12,0.0,00:01,0.3,7.1,6.8
1782714332.217,0.0,0.0,0.0,0.3,11:12,0.0,00:01,0.3,7.1,6.8
1782714337.223,0.0,0.0,0.0,0.3,11:12,0.0,00:01,0.3,7.1,6.8
1782714342.235,0.0,0.0,0.0,0.3,11:12,0.0,00:01,0.3,7.1,6.8
1782714347.248,0.0,0.0,0.0,0.3,11:12,0.0,00:01,0.3,7.1,6.8
1782714352.259,0.0,0.0,0.0,0.3,11:12,0.0,00:01,0.3,7.1,6.8
1782714357.272,0.0,0.0,0.0,0.3,11:12,0.0,00:01,0.3,7.1,6.8
1782714362.281,0.0,0.0,0.0,0.3,11:12,0.0,00:01,0.3,7.1,6.8
1782714367.293,0.0,0.0,0.0,0.3,11:12,0.0,00:01,0.3,7.1,6.8
1782714372.304,0.0,0.0,0.0,0.3,11:12,0.0,00:01,0.3,7.1,6.8
1782714377.316,0.0,0.0,0.0,0.3,11:12,0.0,00:01,0.3,7.1,6.8
1782714382.326,0.0,0.0,0.0,0.3,11:12,0.0,00:01,0.3,7.1,6.8
1782714387.333,0.0,0.0,0.0,0.3,11:12,0.0,00:01,0.3,7.1,6.8
1782714392.346,0.0,0.0,0.0,0.3,11:12,0.0,00:01,0.3,7.1,6.8
1782714397.358,0.0,0.0,0.0,0.3,11:12,0.0,00:01,0.3,7.1,6.8
1782714402.37,0.0,0.0,0.0,0.3,11:12,0.0,00:01,0.3,7.1,6.8
1782714407.379,0.0,0.0,0.0,0.3,11:12,0.0,00:01,0.3,7.1,6.8
1782714412.393,0.0,0.0,0.0,0.3,11:12,0.0,00:01,0.3,7.1,6.8
1782714417.408,0.0,0.0,0.0,0.3,11:12,0.0,00:01,0.3,7.1,6.8
1782714422.419,0.0,0.0,0.0,0.3,11:12,0.0,00:01,0.3,7.1,6.8
1782714427.431,0.0,0.0,0.0,0.3,11:12,0.0,00:01,0.3,7.1,6.8
1782714432.441,0.0,0.0,0.0,0.3,11:12,0.0,00:01,0.3,7.1,6.8
1782714437.454,0.0,0.0,0.0,0.3,11:12,0.0,00:01,0.3,7.1,6.8
1782714442.468,0.0,0.0,0.0,0.3,11:12,0.0,00:01,0.3,7.1,6.8
1782714447.482,0.0,0.0,0.0,0.3,11:12,0.0,00:01,0.3,7.1,6.8
1782714452.493,0.0,0.0,0.0,0.3,11:12,0.0,00:01,0.3,7.1,6.8
1782714457.502,0.0,0.0,0.0,0.3,11:12,0.0,00:01,0.3,7.1,6.8
1782714462.516,0.0,0.0,0.0,0.3,11:12,0.0,00:01,0.3,7.1,6.8
1782714467.528,0.0,0.0,0.0,0.3,11:12,0.0,00:01,0.3,7.1,6.8
1782714472.541,0.0,0.0,0.0,0.3,11:12,0.0,00:01,0.3,7.1,6.8
1782714477.556,0.0,0.0,0.0,0.3,11:12,0.0,00:01,0.3,7.1,6.8
1782714482.561,0.0,0.0,0.0,0.3,11:12,0.0,00:01,0.3,7.1,6.8
1782714487.573,0.0,0.0,0.0,0.3,11:12,0.0,00:01,0.3,7.1,6.8
1782714492.582,0.0,0.0,0.0,0.3,11:12,0.0,00:01,0.3,7.1,6.8
1782714497.589,0.0,0.0,0.0,0.3,11:12,0.0,00:01,0.3,7.1,6.8
1782714502.6,0.0,0.0,0.0,0.3,11:12,0.0,00:01,0.3,7.1,6.8
1782714507.611,0.0,0.0,0.0,0.3,11:12,0.0,00:01,0.3,7.1,6.8
1782714512.618,0.0,0.0,0.0,0.3,11:12,0.0,00:01,0.3,7.1,6.8
1782714517.628,0.0,0.0,0.0,0.3,11:12,0.0,00:01,0.3,7.1,6.8
1782714522.104,0.0,0.0,0.0,0.3,11:12,0.0,00:01,0.3,7.1,6.8
1782714529.998,0.0,0.0,0.0,0.3,11:12,0.0,00:01,0.3,7.1,6.8
1782714535.009,0.0,0.0,0.0,0.3,11:12,0.0,00:01,0.3,7.1,6.8
1782714540.017,0.0,0.0,0.0,0.3,11:12,0.0,00:01,0.3,7.1,6.8
1782714545.03,0.0,0.0,0.0,0.3,11:12,0.0,00:01,0.3,7.1,6.8
1782714550.042,0.0,0.0,0.0,0.3,11:12,0.0,00:01,0.3,7.1,6.8
1782714555.05,0.0,0.0,0.0,0.3,11:12,0.0,00:01,0.3,7.1,6.8
1782714560.059,0.0,0.0,0.0,0.3,11:12,0.0,00:01,0.3,7.1,6.8
1782714565.068,0.0,0.0,0.0,0.3,11:12,0.0,00:01,0.3,7.1,6.8
1782714570.078,0.0,0.0,0.0,0.3,11:12,0.0,00:01,0.3,7.1,6.8
1782714575.086,0.0,0.0,0.0,0.3,11:12,0.0,00:01,0.3,7.1,6.8
1782714580.095,0.0,0.0,0.0,0.3,11:12,0.0,00:01,0.3,7.1,6.8
1782714585.101,0.0,0.0,0.0,0.3,11:12,0.0,00:01,0.3,7.1,6.8
1782714590.111,0.0,0.0,0.0,0.3,11:12,0.0,00:01,0.3,7.1,6.8
1782714595.12,0.0,0.0,0.0,0.3,11:12,0.0,00:01,0.3,7.1,6.8
1782714600.127,0.0,0.0,0.0,0.3,11:12,0.0,00:01,0.3,7.1,6.8
1782714605.137,0.0,0.0,0.0,0.3,11:12,0.0,00:01,0.3,7.1,6.8
1782714610.148,0.0,0.0,0.0,0.3,11:12,0.0,00:01,0.3,7.1,6.8
1782714615.159,0.0,0.0,0.0,0.3,11:12,0.0,00:01,0.3,7.1,6.8
1782714620.169,0.0,0.0,0.0,0.3,11:12,0.0,00:01,0.3,7.1,6.8
1782714625.18,0.0,0.0,0.0,0.3,11:12,0.0,00:01,0.3,7.1,6.8
1782714630.194,0.0,0.0,0.0,0.3,11:12,0.0,00:01,0.3,7.1,6.8
1782714635.205,0.0,0.0,0.0,0.3,11:12,0.0,00:01,0.3,7.1,6.8
1782714640.212,0.0,0.0,0.0,0.3,11:12,0.0,00:01,0.3,7.1,6.8
1782714645.22,0.0,0.0,0.0,0.3,11:12,0.0,00:01,0.3,7.1,6.8
1782714650.229,0.0,0.0,0.0,0.3,11:12,0.0,00:01,0.3,7.1,6.8
1782714655.239,0.0,0.0,0.0,0.3,11:12,0.0,00:01,0.3,7.1,6.8
1782714660.246,0.0,0.0,0.0,0.3,11:12,0.0,00:01,0.3,7.1,6.8
1782714665.256,0.0,0.0,0.0,0.3,11:12,0.0,00:01,0.3,7.1,6.8
1782714670.264,0.0,0.0,0.0,0.3,11:12,0.0,00:01,0.3,7.1,6.8
1782714675.272,0.0,0.0,0.0,0.3,11:12,0.0,00:01,0.3,7.1,6.8
1782714680.28,0.0,0.0,0.0,0.3,11:12,0.0,00:01,0.3,7.1,6.8
1782714685.29,0.0,0.0,0.0,0.3,11:12,0.0,00:01,0.3,7.1,6.8
1782714690.299,0.0,0.0,0.0,0.3,11:12,0.0,00:01,0.3,7.1,6.8
1782714695.307,0.0,0.0,0.0,0.3,11:12,0.0,00:01,0.3,7.1,6.8
1782714700.318,0.0,0.0,0.0,0.3,11:12,0.0,00:01,0.3,7.1,6.8
1782714705.326,0.0,0.0,0.0,0.3,11:12,0.0,00:01,0.3,7.1,6.8
1782714710.333,0.0,0.0,0.0,0.3,11:12,0.0,00:01,0.3,7.1,6.8
1782714715.34,0.0,0.0,0.0,0.3,11:12,0.0,00:01,0.3,7.1,6.8
1782714720.351,0.0,0.0,0.0,0.3,11:12,0.0,00:01,0.3,7.1,6.8
1782714725.358,0.0,0.0,0.0,0.3,11:12,0.0,00:01,0.3,7.1,6.8
1782714730.366,0.0,0.0,0.0,0.3,11:12,0.0,00:01,0.3,7.1,6.8
1782714735.378,0.0,0.0,0.0,0.3,11:12,0.0,00:01,0.3,7.1,6.8
1782714740.388,0.0,0.0,0.0,0.3,11:12,0.0,00:01,0.3,7.1,6.8
1782714745.4,0.0,0.0,0.0,0.3,11:12,0.0,00:01,0.3,7.1,6.8
1782714750.411,0.0,0.0,0.0,0.3,11:12,0.0,00:01,0.3,7.1,6.8
1782714755.425,0.0,0.0,0.0,0.3,11:12,0.0,00:01,0.3,7.1,6.8
1782714760.433,0.0,0.0,0.0,0.3,11:12,0.0,00:01,0.3,7.1,6.8
1782714765.442,0.0,0.0,0.0,0.3,11:12,0.0,00:01,0.3,7.1,6.8
1782714770.455,0.0,0.0,0.0,0.3,11:12,0.0,00:01,0.3,7.1,6.8
1782714775.468,0.0,0.0,0.0,0.3,11:12,0.0,00:01,0.3,7.1,6.8
1782714780.481,0.0,0.0,0.0,0.3,11:12,0.0,00:01,0.3,7.1,6.8
1782714785.485,0.0,0.0,0.0,0.3,11:12,0.0,00:01,0.3,7.1,6.8
1782714790.501,0.0,0.0,0.0,0.3,11:12,0.0,00:01,0.3,7.1,6.8
1782714795.508,0.0,0.0,0.0,0.3,11:12,0.0,00:01,0.3,7.1,6.8
1782714800.521,0.0,0.0,0.0,0.3,11:12,0.0,00:01,0.3,7.1,6.8
1782714805.534,0.0,0.0,0.0,0.3,11:12,0.0,00:01,0.3,7.1,6.8
1782714810.544,0.0,0.0,0.0,0.3,11:12,0.0,00:01,0.3,7.1,6.8
1782714815.557,0.0,0.0,0.0,0.3,11:12,0.0,00:01,0.3,7.1,6.8
1782714820.567,0.0,0.0,0.0,0.3,11:12,0.0,00:01,0.3,7.1,6.8
1782714825.579,0.0,0.0,0.0,0.3,11:12,0.0,00:01,0.3,7.1,6.8
1782714830.59,0.0,0.0,0.0,0.3,11:12,0.0,00:01,0.3,7.1,6.8
1782714835.601,0.0,0.0,0.0,0.3,11:12,0.0,00:01,0.3,7.1,6.8
1782714840.613,0.0,0.0,0.0,0.3,11:12,0.0,00:01,0.3,7.1,6.8
1782714845.624,0.0,0.0,0.0,0.3,11:12,0.0,00:01,0.3,7.1,6.8
1782714850.633,0.0,0.0,0.0,0.3,11:12,0.0,00:01,0.3,7.1,6.8
1782714855.645,0.0,0.0,0.0,0.3,11:12,0.0,00:01,0.3,7.1,6.8
1782714860.648,0.0,0.0,0.0,0.3,11:12,0.0,00:01,0.3,7.1,6.8
1782714865.656,0.0,0.0,0.0,0.3,11:12,0.0,00:01,0.3,7.1,6.8
1782714870.67,0.0,0.0,0.0,0.3,11:12,0.0,00:01,0.3,7.1,6.8
1782714875.679,0.0,0.0,0.0,0.3,11:12,0.0,00:01,0.3,7.1,6.8
1782714880.684,0.0,0.0,0.0,0.3,11:12,0.0,00:01,0.3,7.1,6.8
1782714885.7,0.0,0.0,0.0,0.3,11:12,0.0,00:01,0.3,7.1,6.8
1782714890.707,0.0,0.0,0.0,0.3,11:12,0.0,00:01,0.3,7.1,6.8
1782714895.718,0.0,0.0,0.0,0.3,11:12,0.0,00:01,0.3,7.1,6.8
1782714900.731,0.0,0.0,0.0,0.3,11:12,0.0,00:01,0.3,7.1,6.8
1782714905.74,0.0,0.0,0.0,0.3,11:12,0.0,00:01,0.3,7.1,6.8
1782714910.753,0.0,0.0,0.0,0.3,11:12,0.0,00:01,0.3,7.1,6.8
1782714915.764,0.0,0.0,0.0,0.3,11:12,0.0,00:01,0.3,7.1,6.8
1782714920.777,0.0,0.0,0.0,0.3,11:12,0.0,00:01,0.3,7.1,6.8
1782714925.789,0.0,0.0,0.0,0.3,11:12,0.0,00:01,0.3,7.1,6.8
1782714930.796,0.0,0.0,0.0,0.3,11:12,0.0,00:01,0.3,7.1,6.8
1782714935.811,0.0,0.0,0.0,0.3,11:12,0.0,00:01,0.3,7.1,6.8
1782714940.825,0.0,0.0,0.0,0.3,11:12,0.0,00:01,0.3,7.1,6.8
1782714945.837,0.0,0.0,0.0,0.3,11:12,0.0,00:01,0.3,7.1,6.8
1782714950.845,0.0,0.0,0.0,0.3,11:12,0.0,00:01,0.3,7.1,6.8
1782714955.86,0.0,0.0,0.0,0.3,11:12,0.0,00:01,0.3,7.1,6.8
1782714960.872,0.0,0.0,0.0,0.3,11:12,0.0,00:01,0.3,7.1,6.8
1782714965.884,0.0,0.0,0.0,0.3,11:12,0.0,00:01,0.3,7.1,6.8
1782714970.897,0.0,0.0,0.0,0.3,11:12,0.0,00:01,0.3,7.1,6.8
1782714975.906,0.0,0.0,0.0,0.3,11:12,0.0,00:01,0.3,7.1,6.8
1782714980.916,0.0,0.0,0.0,0.3,11:12,0.0,00:01,0.3,7.1,6.8
1782714985.932,0.0,0.0,0.0,0.3,11:12,0.0,00:01,0.3,7.1,6.8
1782714990.944,0.0,0.0,0.0,0.3,11:12,0.0,00:01,0.3,7.1,6.8
1782714995.959,0.0,0.0,0.0,0.3,11:12,0.0,00:01,0.3,7.1,6.8
1782715000.965,0.0,0.0,0.0,0.3,11:12,0.0,00:01,0.3,7.1,6.8
1782715005.977,0.0,0.0,0.0,0.3,11:12,0.0,00:01,0.3,7.1,6.8
1782715010.989,0.0,0.0,0.0,0.3,11:12,0.0,00:01,0.3,7.1,6.8
1782715016.003,0.0,0.0,0.0,0.3,11:12,0.0,00:01,0.3,7.1,6.8
1782715021.017,0.0,0.0,0.0,0.3,11:12,0.0,00:01,0.3,7.1,6.8
1782715026.024,0.0,0.0,0.0,0.3,11:12,0.0,00:01,0.3,7.1,6.8
1782715031.038,0.0,0.0,0.0,0.3,11:12,0.0,00:01,0.3,7.1,6.8
1782715036.048,0.0,0.0,0.0,0.3,11:12,0.0,00:01,0.3,7.1,6.8
1782715041.064,0.0,0.0,0.0,0.3,11:12,0.0,00:01,0.3,7.1,6.8
1782715046.071,0.0,0.0,0.0,0.3,11:12,0.0,00:01,0.3,7.1,6.8
1782715051.084,0.0,0.0,0.0,0.3,11:12,0.0,00:01,0.3,7.1,6.8
1782715056.094,0.0,0.0,0.0,0.3,11:12,0.0,00:01,0.3,7.1,6.8
1782715061.103,0.0,0.0,0.0,0.3,11:12,0.0,00:01,0.3,7.1,6.8
1782715066.116,0.0,0.0,0.0,0.3,11:12,0.0,00:01,0.3,7.1,6.8
1782715071.123,0.0,0.0,0.0,0.3,11:12,0.0,00:01,0.3,7.1,6.8
1782715076.135,0.0,0.0,0.0,0.3,11:12,0.0,00:01,0.3,7.1,6.8
1782715081.146,0.0,0.0,0.0,0.3,11:12,0.0,00:01,0.3,7.1,6.8
1782715086.158,0.0,0.0,0.0,0.3,11:12,0.0,00:01,0.3,7.1,6.8
1782715091.17,0.0,0.0,0.0,0.3,11:12,0.0,00:01,0.3,7.1,6.8
1782715096.176,0.0,0.0,0.0,0.3,11:12,0.0,00:01,0.3,7.1,6.8
1782715101.191,0.0,0.0,0.0,0.3,11:12,0.0,00:01,0.3,7.1,6.8
1782715106.202,0.0,0.0,0.0,0.3,11:12,0.0,00:01,0.3,7.1,6.8
1782715111.211,0.0,0.0,0.0,0.3,11:12,0.0,00:01,0.3,7.1,6.8
1782715116.221,0.0,0.0,0.0,0.3,11:12,0.0,00:01,0.3,7.1,6.8
1782715121.227,0.0,0.0,0.0,0.3,11:12,0.0,00:01,0.3,7.1,6.8
1782715126.236,0.0,0.0,0.0,0.3,11:12,0.0,00:01,0.3,7.1,6.8
1782715131.25,0.0,0.0,0.0,0.3,11:12,0.0,00:01,0.3,7.1,6.8
1782715136.261,0.0,0.0,0.0,0.3,11:12,0.0,00:01,0.3,7.1,6.8
1782715141.269,0.0,0.0,0.0,0.3,11:12,0.0,00:01,0.3,7.1,6.8
1782715146.28,0.0,0.0,0.0,0.3,11:12,0.0,00:01,0.3,7.1,6.8
1782715151.29,0.0,0.0,0.0,0.3,11:12,0.0,00:01,0.3,7.1,6.8
1782715156.303,0.0,0.0,0.0,0.3,11:12,0.0,00:01,0.3,7.1,6.8
1782715161.317,0.0,0.0,0.0,0.3,11:12,0.0,00:01,0.3,7.1,6.8
1782715166.324,0.0,0.0,0.0,0.3,11:12,0.0,00:01,0.3,7.1,6.8
1782715171.339,0.0,0.0,0.0,0.3,11:12,0.0,00:01,0.3,7.1,6.8
1782715176.35,0.0,0.0,0.0,0.3,11:12,0.0,00:01,0.3,7.1,6.8
1782715181.363,0.0,0.0,0.0,0.3,11:12,0.0,00:01,0.3,7.1,6.8
1782715186.378,0.0,0.0,0.0,0.3,11:12,0.0,00:01,0.3,7.1,6.8
1782715191.385,0.0,0.0,0.0,0.3,11:12,0.0,00:01,0.3,7.1,6.8
1782715196.398,0.0,0.0,0.0,0.3,11:12,0.0,00:01,0.3,7.1,6.8
1782715201.411,0.0,0.0,0.0,0.3,11:12,0.0,00:01,0.3,7.1,6.8
1782715206.424,0.0,0.0,0.0,0.3,11:12,0.0,00:01,0.3,7.1,6.8
1782715211.43,0.0,0.0,0.0,0.3,11:12,0.0,00:01,0.3,7.1,6.8
1782715216.442,0.0,0.0,0.0,0.3,11:12,0.0,00:01,0.3,7.1,6.8
1782715221.453,0.0,0.0,0.0,0.3,11:12,0.0,00:01,0.3,7.1,6.8
1782715226.469,0.0,0.0,0.0,0.3,11:12,0.0,00:01,0.3,7.1,6.8
1782715231.479,0.0,0.0,0.0,0.3,11:12,0.0,00:01,0.3,7.1,6.8
1782715236.482,0.0,0.0,0.0,0.3,11:12,0.0,00:01,0.3,7.1,6.8
1782715241.494,0.0,0.0,0.0,0.3,11:12,0.0,00:01,0.3,7.1,6.8
1782715246.506,0.0,0.0,0.0,0.3,11:12,0.0,00:01,0.3,7.1,6.8
1782715251.515,0.0,0.0,0.0,0.3,11:12,0.0,00:01,0.3,7.1,6.8
1782715256.529,0.0,0.0,0.0,0.3,11:12,0.0,00:01,0.3,7.1,6.8
1782715261.536,0.0,0.0,0.0,0.3,11:12,0.0,00:01,0.3,7.1,6.8
1782715266.549,0.0,0.0,0.0,0.3,11:12,0.0,00:01,0.3,7.1,6.8
1782715271.56,0.0,0.0,0.0,0.3,11:12,0.0,00:01,0.3,7.1,6.8
1782715276.575,0.0,0.0,0.0,0.3,11:12,0.0,00:01,0.3,7.1,6.8
1782715281.587,0.0,0.0,0.0,0.3,11:12,0.0,00:01,0.3,7.1,6.8
1782715286.594,0.0,0.0,0.0,0.3,11:12,0.0,00:01,0.3,7.1,6.8
1782715291.609,0.0,0.0,0.0,0.3,11:12,0.0,00:01,0.3,7.1,6.8
1782715296.621,0.0,0.0,0.0,0.3,11:12,0.0,00:01,0.3,7.1,6.8
1782715301.636,0.0,0.0,0.0,0.3,11:12,0.0,00:01,0.3,7.1,6.8
1782715306.64,0.0,0.0,0.0,0.3,11:12,0.0,00:01,0.3,7.1,6.8
1782715311.652,0.0,0.0,0.0,0.3,11:12,0.0,00:01,0.3,7.1,6.8
1782715316.667,0.0,0.0,0.0,0.3,11:12,0.0,00:01,0.3,7.1,6.8
1782715321.681,0.0,0.0,0.0,0.3,11:12,0.0,00:01,0.3,7.1,6.8
1782715326.693,0.0,0.0,0.0,0.3,11:12,0.0,00:01,0.3,7.1,6.8
1782715331.7,0.0,0.0,0.0,0.3,11:12,0.0,00:01,0.3,7.1,6.8
1782715336.711,0.0,0.0,0.0,0.3,11:12,0.0,00:01,0.3,7.1,6.8
1782715341.723,0.0,0.0,0.0,0.3,11:12,0.0,00:01,0.3,7.1,6.8
1782715346.74,0.0,0.0,0.0,0.3,11:12,0.0,00:01,0.3,7.1,6.8
1782715351.75,0.0,0.0,0.0,0.3,11:12,0.0,00:01,0.3,7.1,6.8
1782715356.756,0.0,0.0,0.0,0.3,11:12,0.0,00:01,0.3,7.1,6.8
1782715361.768,0.0,0.0,0.0,0.3,11:12,0.0,00:01,0.3,7.1,6.8
1782715366.782,0.0,0.0,0.0,0.3,11:12,0.0,00:01,0.3,7.1,6.8
1782715371.797,0.0,0.0,0.0,0.3,11:12,0.0,00:01,0.3,7.1,6.8
1782715376.81,0.0,0.0,0.0,0.3,11:12,0.0,00:01,0.3,7.1,6.8
1782715381.816,0.0,0.0,0.0,0.3,11:12,0.0,00:01,0.3,7.1,6.8
1782715386.831,0.0,0.0,0.0,0.3,11:12,0.0,00:01,0.3,7.1,6.8
1782715391.843,0.0,0.0,0.0,0.3,11:12,0.0,00:01,0.3,7.1,6.8
1782715396.855,0.0,0.0,0.0,0.3,11:12,0.0,00:01,0.3,7.1,6.8
1782715401.862,0.0,0.0,0.0,0.3,11:12,0.0,00:01,0.3,7.1,6.8
1782715406.873,0.0,0.0,0.0,0.3,11:12,0.0,00:01,0.3,7.1,6.8
1782715411.881,0.0,0.0,0.0,0.3,11:12,0.0,00:01,0.3,7.1,6.8
1782715416.891,0.0,0.0,0.0,0.3,11:12,0.0,00:01,0.3,7.1,6.8
1782715421.899,0.0,0.0,0.0,0.3,11:12,0.0,00:01,0.3,7.1,6.8
1782715426.906,0.0,0.0,0.0,0.3,11:12,0.0,00:01,0.3,7.1,6.8
1782715431.913,0.0,0.0,0.0,0.3,11:12,0.0,00:01,0.3,7.1,6.8
1782715436.92,0.0,0.0,0.0,0.3,11:12,0.0,00:01,0.3,7.1,6.8
1782715441.931,0.0,0.0,0.0,0.3,11:12,0.0,00:01,0.3,7.1,6.8
1782715446.942,0.0,0.0,0.0,0.3,11:12,0.0,00:01,0.3,7.1,6.8
1782715451.946,0.0,0.0,0.0,0.3,11:12,0.0,00:01,0.3,7.1,6.8
1782715456.955,0.0,0.0,0.0,0.3,11:12,0.0,00:01,0.3,7.1,6.8
1782715461.966,0.0,0.0,0.0,0.3,11:12,0.0,00:01,0.3,7.1,6.8
1782715466.977,0.0,0.0,0.0,0.3,11:12,0.0,00:01,0.3,7.1,6.8
1782715471.985,0.0,0.0,0.0,0.3,11:12,0.0,00:01,0.3,7.1,6.8
1782715476.994,0.0,0.0,0.0,0.3,11:12,0.0,00:01,0.3,7.1,6.8
1782715482.005,0.0,0.0,0.0,0.3,11:12,0.0,00:01,0.3,7.1,6.8
1782715487.021,0.0,0.0,0.0,0.3,11:12,0.0,00:01,0.3,7.1,6.8
1782715492.033,0.0,0.0,0.0,0.3,11:12,0.0,00:01,0.3,7.1,6.8
1782715497.044,0.0,0.0,0.0,0.3,11:12,0.0,00:01,0.3,7.1,6.8
1782715502.054,0.0,0.0,0.0,0.3,11:12,0.0,00:01,0.3,7.1,6.8
1782715507.066,0.0,0.0,0.0,0.3,11:12,0.0,00:01,0.3,7.1,6.8
1782715512.079,0.0,0.0,0.0,0.3,11:12,0.0,00:01,0.3,7.1,6.8
1782715517.091,0.0,0.0,0.0,0.3,11:12,0.0,00:01,0.3,7.1,6.8
1782715522.096,0.0,0.0,0.0,0.3,11:12,0.0,00:01,0.3,7.1,6.8
1782715527.107,0.0,0.0,0.0,0.3,11:12,0.0,00:01,0.3,7.1,6.8
1782715532.12,0.0,0.0,0.0,0.3,11:12,0.0,00:01,0.3,7.1,6.8
1782715537.127,0.0,0.0,0.0,0.3,11:12,0.0,00:01,0.3,7.1,6.8
1782715542.136,0.0,0.0,0.0,0.3,11:12,0.0,00:01,0.3,7.1,6.8
1782715547.149,0.0,0.0,0.0,0.3,11:12,0.0,00:01,0.3,7.1,6.8
1782715552.158,0.0,0.0,0.0,0.3,11:12,0.0,00:01,0.3,7.1,6.8
1782715557.17,0.0,0.0,0.0,0.3,11:12,0.0,00:01,0.3,7.1,6.8
1782715562.182,0.0,0.0,0.0,0.3,11:12,0.0,00:01,0.3,7.1,6.8
1782715567.188,0.0,0.0,0.0,0.3,11:12,0.0,00:01,0.3,7.1,6.8
1782715572.201,0.0,0.0,0.0,0.3,11:12,0.0,00:01,0.3,7.1,6.8
1782715577.209,0.0,0.0,0.0,0.3,11:12,0.0,00:01,0.3,7.1,6.8
1782715582.227,0.0,0.0,0.0,0.3,11:12,0.0,00:01,0.3,7.1,6.8
1782715587.239,0.0,0.0,0.0,0.3,11:12,0.0,00:01,0.3,7.1,6.8
1782715592.246,0.0,0.0,0.0,0.3,11:12,0.0,00:01,0.3,7.1,6.8
1782715597.258,0.0,0.0,0.0,0.3,11:12,0.0,00:01,0.3,7.1,6.8
1782715602.271,0.0,0.0,0.0,0.3,11:12,0.0,00:01,0.3,7.1,6.8
1782715607.28,0.0,0.0,0.0,0.3,11:12,0.0,00:01,0.3,7.1,6.8
1782715612.29,0.0,0.0,0.0,0.3,11:12,0.0,00:01,0.3,7.1,6.8
1782715617.296,0.0,0.0,0.0,0.3,11:12,0.0,00:01,0.3,7.1,6.8
1782715622.304,0.0,0.0,0.0,0.3,11:12,0.0,00:01,0.3,7.1,6.8
1782715627.316,0.0,0.0,0.0,0.3,11:12,0.0,00:01,0.3,7.1,6.8
1782715632.326,0.0,0.0,0.0,0.3,11:12,0.0,00:01,0.3,7.1,6.8
1782715637.329,0.0,0.0,0.0,0.3,11:12,0.0,00:01,0.3,7.1,6.8
1782715642.338,0.0,0.0,0.0,0.3,11:12,0.0,00:01,0.3,7.1,6.8
1782715647.346,0.0,0.0,0.0,0.3,11:12,0.0,00:01,0.3,7.1,6.8
1782715652.354,0.0,0.0,0.0,0.3,11:12,0.0,00:01,0.3,7.1,6.8
1782715657.362,0.0,0.0,0.0,0.3,11:12,0.0,00:01,0.3,7.1,6.8
1782715662.365,0.0,0.0,0.0,0.3,11:12,0.0,00:01,0.3,7.1,6.8
1782715667.383,0.0,0.0,0.0,0.3,11:12,0.0,00:01,0.3,7.1,6.8
1782715672.446,0.0,0.0,0.0,0.3,11:12,0.0,00:01,0.3,7.1,6.8
1782715677.456,0.0,0.0,0.0,0.3,11:12,0.0,00:01,0.3,7.1,6.8
1782715682.469,0.0,0.0,0.0,0.3,11:12,0.0,00:01,0.3,7.1,6.8
1782715687.472,0.0,0.0,0.0,0.3,11:12,0.0,00:01,0.3,7.1,6.8
1782715692.484,0.0,0.0,0.0,0.3,11:12,0.0,00:01,0.3,7.1,6.8
1782715697.501,0.0,0.0,0.0,0.3,11:12,0.0,00:01,0.3,7.1,6.8
1782715702.513,0.0,0.0,0.0,0.3,11:12,0.0,00:01,0.3,7.1,6.8
1782715707.52,0.0,0.0,0.0,0.3,11:12,0.0,00:01,0.3,7.1,6.8
1782715712.531,0.0,0.0,0.0,0.3,11:12,0.0,00:01,0.3,7.1,6.8
1782715717.545,0.0,0.0,0.0,0.3,11:12,0.0,00:01,0.3,7.1,6.8
1782715722.557,0.0,0.0,0.0,0.3,11:12,0.0,00:01,0.3,7.1,6.8
1782715727.568,0.0,0.0,0.0,0.3,11:12,0.0,00:01,0.3,7.1,6.8
1782715732.574,0.0,0.0,0.0,0.3,11:12,0.0,00:01,0.3,7.1,6.8
1782715737.584,0.0,0.0,0.0,0.3,11:12,0.0,00:01,0.3,7.1,6.8
1782715742.601,0.0,0.0,0.0,0.3,11:12,0.0,00:01,0.3,7.1,6.8
1782715747.614,0.0,0.0,0.0,0.3,11:12,0.0,00:01,0.3,7.1,6.8
1782715752.626,0.0,0.0,0.0,0.3,11:12,0.0,00:01,0.3,7.1,6.8
1782715757.632,0.0,0.0,0.0,0.3,11:12,0.0,00:01,0.3,7.1,6.8
1782715762.642,0.0,0.0,0.0,0.3,11:12,0.0,00:01,0.3,7.1,6.8
1782715767.659,0.0,0.0,0.0,0.3,11:12,0.0,00:01,0.3,7.1,6.8
1782715772.668,0.0,0.0,0.0,0.3,11:12,0.0,00:01,0.3,7.1,6.8
1782715777.68,0.0,0.0,0.0,0.3,11:12,0.0,00:01,0.3,7.1,6.8
1782715782.689,0.0,0.0,0.0,0.3,11:12,0.0,00:01,0.3,7.1,6.8
1782715787.702,0.0,0.0,0.0,0.3,11:12,0.0,00:01,0.3,7.1,6.8
1782715792.714,0.0,0.0,0.0,0.3,11:12,0.0,00:01,0.3,7.1,6.8
1782715797.728,0.0,0.0,0.0,0.3,11:12,0.0,00:01,0.3,7.1,6.8
1782715802.736,0.0,0.0,0.0,0.3,11:12,0.0,00:01,0.3,7.1,6.8
1782715807.75,0.0,0.0,0.0,0.3,11:12,0.0,00:01,0.3,7.1,6.8
1782715812.763,0.0,0.0,0.0,0.3,11:12,0.0,00:01,0.3,7.1,6.8
1782715817.775,0.0,0.0,0.0,0.3,11:12,0.0,00:01,0.3,7.1,6.8
1782715822.785,0.0,0.0,0.0,0.3,11:12,0.0,00:01,0.3,7.1,6.8
1782715827.793,0.0,0.0,0.0,0.3,11:12,0.0,00:01,0.3,7.1,6.8
1782715832.801,0.0,0.0,0.0,0.3,11:12,0.0,00:01,0.3,7.1,6.8
1782715837.815,0.0,0.0,0.0,0.3,11:12,0.0,00:01,0.3,7.1,6.8
1782715842.823,0.0,0.0,0.0,0.3,11:12,0.0,00:01,0.3,7.1,6.8
1782715847.831,0.0,0.0,0.0,0.3,11:12,0.0,00:01,0.3,7.1,6.8
1782715852.839,0.0,0.0,0.0,0.3,11:12,0.0,00:01,0.3,7.1,6.8
1782715857.85,0.0,0.0,0.0,0.3,11:12,0.0,00:01,0.3,7.1,6.8
1782715862.859,0.0,0.0,0.0,0.3,11:12,0.0,00:01,0.3,7.1,6.8
1782715867.868,0.0,0.0,0.0,0.3,11:12,0.0,00:01,0.3,7.1,6.8
1782715872.872,0.0,0.0,0.0,0.3,11:12,0.0,00:01,0.3,7.1,6.8
1782715877.88,0.0,0.0,0.0,0.3,11:12,0.0,00:01,0.3,7.1,6.8
1782715882.893,0.0,0.0,0.0,0.3,11:12,0.0,00:01,0.3,7.1,6.8
1782715887.902,0.0,0.0,0.0,0.3,11:12,0.0,00:01,0.3,7.1,6.8
1782715892.914,0.0,0.0,0.0,0.3,11:12,0.0,00:01,0.3,7.1,6.8
1782715897.92,0.0,0.0,0.0,0.3,11:12,0.0,00:01,0.3,7.1,6.8
1782715902.93,0.0,0.0,0.0,0.3,11:12,0.0,00:01,0.3,7.1,6.8
1782715907.944,0.0,0.0,0.0,0.3,11:12,0.0,00:01,0.3,7.1,6.8
1782715912.957,0.0,0.0,0.0,0.3,11:12,0.0,00:01,0.3,7.1,6.8
1782715917.97,0.0,0.0,0.0,0.3,11:12,0.0,00:01,0.3,7.1,6.8
1782715922.977,0.0,0.0,0.0,0.3,11:12,0.0,00:01,0.3,7.1,6.8
1782715927.993,0.0,0.0,0.0,0.3,11:12,0.0,00:01,0.3,7.1,6.8
1782715933.003,0.0,0.0,0.0,0.3,11:12,0.0,00:01,0.3,7.1,6.8
1782715938.014,0.0,0.0,0.0,0.3,11:12,0.0,00:01,0.3,7.1,6.8
1782715943.025,0.0,0.0,0.0,0.3,11:12,0.0,00:01,0.3,7.1,6.8
1782715948.032,0.0,0.0,0.0,0.3,11:12,0.0,00:01,0.3,7.1,6.8
1782715953.05,0.0,0.0,0.0,0.3,11:12,0.0,00:01,0.3,7.1,6.8
1782715958.059,0.0,0.0,0.0,0.3,11:12,0.0,00:01,0.3,7.1,6.8
1782715963.069,0.0,0.0,0.0,0.3,11:12,0.0,00:01,0.3,7.1,6.8
1782715968.078,0.0,0.0,0.0,0.3,11:12,0.0,00:01,0.3,7.1,6.8
1782715973.092,0.0,0.0,0.0,0.3,11:12,0.0,00:01,0.3,7.1,6.8
1782715978.101,0.0,0.0,0.0,0.3,11:12,0.0,00:01,0.3,7.1,6.8
1782715983.114,0.0,0.0,0.0,0.3,11:12,0.0,00:01,0.3,7.1,6.8
1782715988.126,0.0,0.0,0.0,0.3,11:12,0.0,00:01,0.3,7.1,6.8
1782715993.133,0.0,0.0,0.0,0.3,11:12,0.0,00:01,0.3,7.1,6.8
1782715998.146,0.0,0.0,0.0,0.3,11:12,0.0,00:01,0.3,7.1,6.8
1782716003.153,0.0,0.0,0.0,0.3,11:12,0.0,00:01,0.3,7.1,6.8
1782716008.159,0.0,0.0,0.0,0.3,11:12,0.0,00:01,0.3,7.1,6.8
1782716013.167,0.0,0.0,0.0,0.3,11:12,0.0,00:01,0.3,7.1,6.8
1782716018.179,0.0,0.0,0.0,0.3,11:12,0.0,00:01,0.3,7.1,6.8
1782716023.191,0.0,0.0,0.0,0.3,11:12,0.0,00:01,0.3,7.1,6.8
1782716028.199,0.0,0.0,0.0,0.3,11:12,0.0,00:01,0.3,7.1,6.8
1782716033.208,0.0,0.0,0.0,0.3,11:12,0.0,00:01,0.3,7.1,6.8
1782716038.214,0.0,0.0,0.0,0.3,11:12,0.0,00:01,0.3,7.1,6.8
1782716043.227,0.0,0.0,0.0,0.3,11:12,0.0,00:01,0.3,7.1,6.8
1782716048.239,0.0,0.0,0.0,0.3,11:12,0.0,00:01,0.3,7.1,6.8
1782716053.244,0.0,0.0,0.0,0.3,11:12,0.0,00:01,0.3,7.1,6.8
1782716058.255,0.0,0.0,0.0,0.3,11:12,0.0,00:01,0.3,7.1,6.8
1782716063.262,0.0,0.0,0.0,0.3,11:12,0.0,00:01,0.3,7.1,6.8
1782716068.275,0.0,0.0,0.0,0.3,11:12,0.0,00:01,0.3,7.1,6.8
1782716073.283,0.0,0.0,0.0,0.3,11:12,0.0,00:01,0.3,7.1,6.8
1782716078.294,0.0,0.0,0.0,0.3,11:12,0.0,00:01,0.3,7.1,6.8
1782716083.306,0.0,0.0,0.0,0.3,11:12,0.0,00:01,0.3,7.1,6.8
1782716088.314,0.0,0.0,0.0,0.3,11:12,0.0,00:01,0.3,7.1,6.8
1782716093.325,0.0,0.0,0.0,0.3,11:12,0.0,00:01,0.3,7.1,6.8
1782716098.335,0.0,0.0,0.0,0.3,11:12,0.0,00:01,0.3,7.1,6.8
1782716103.341,0.0,0.0,0.0,0.3,11:12,0.0,00:01,0.3,7.1,6.8
1782716108.346,0.0,0.0,0.0,0.3,11:12,0.0,00:01,0.3,7.1,6.8
1782716113.352,0.0,0.0,0.0,0.3,11:12,0.0,00:01,0.3,7.1,6.8
1782716118.359,0.0,0.0,0.0,0.3,11:12,0.0,00:01,0.3,7.1,6.8
1782716123.372,0.0,0.0,0.0,0.3,11:12,0.0,00:01,0.3,7.1,6.8
1782716128.38,0.0,0.0,0.0,0.3,11:12,0.0,00:01,0.3,7.1,6.8
1782716133.387,0.0,0.0,0.0,0.3,11:12,0.0,00:01,0.3,7.1,6.8
1782716138.404,0.0,0.0,0.0,0.3,11:12,0.0,00:01,0.3,7.1,6.8
1782716143.416,0.0,0.0,0.0,0.3,11:12,0.0,00:01,0.3,7.1,6.8
1782716148.427,0.0,0.0,0.0,0.3,11:12,0.0,00:01,0.3,7.1,6.8
1782716153.439,0.0,0.0,0.0,0.3,11:12,0.0,00:01,0.3,7.1,6.8
1782716158.444,0.0,0.0,0.0,0.3,11:12,0.0,00:01,0.3,7.1,6.8
1782716163.457,0.0,0.0,0.0,0.3,11:12,0.0,00:01,0.3,7.1,6.8
1782716168.47,0.0,0.0,0.0,0.3,11:12,0.0,00:01,0.3,7.1,6.8
1782716173.482,0.0,0.0,0.0,0.3,11:12,0.0,00:01,0.3,7.1,6.8
1782716178.489,0.0,0.0,0.0,0.3,11:12,0.0,00:01,0.3,7.1,6.8
1782716183.504,0.0,0.0,0.0,0.3,11:12,0.0,00:01,0.3,7.1,6.8
1782716188.516,0.0,0.0,0.0,0.3,11:12,0.0,00:01,0.3,7.1,6.8
1782716193.529,0.0,0.0,0.0,0.3,11:12,0.0,00:01,0.3,7.1,6.8
1782716198.541,0.0,0.0,0.0,0.3,11:12,0.0,00:01,0.3,7.1,6.8
1782716203.547,0.0,0.0,0.0,0.3,11:12,0.0,00:01,0.3,7.1,6.8
1782716208.559,0.0,0.0,0.0,0.3,11:12,0.0,00:01,0.3,7.1,6.8
1782716213.568,0.0,0.0,0.0,0.3,11:12,0.0,00:01,0.3,7.1,6.8
1782716218.573,0.0,0.0,0.0,0.3,11:12,0.0,00:01,0.3,7.1,6.8
1782716223.58,0.0,0.0,0.0,0.3,11:12,0.0,00:01,0.3,7.1,6.8
1782716228.586,0.0,0.0,0.0,0.3,11:12,0.0,00:01,0.3,7.1,6.8
1782716233.598,0.0,0.0,0.0,0.3,11:12,0.0,00:01,0.3,7.1,6.8
1782716238.604,0.0,0.0,0.0,0.3,11:12,0.0,00:01,0.3,7.1,6.8
1782716243.614,0.0,0.0,0.0,0.3,11:12,0.0,00:01,0.3,7.1,6.8
1782716248.622,0.0,0.0,0.0,0.3,11:12,0.0,00:01,0.3,7.1,6.8
1782716253.633,0.0,0.0,0.0,0.3,11:12,0.0,00:01,0.3,7.1,6.8
1782716258.645,0.0,0.0,0.0,0.3,11:12,0.0,00:01,0.3,7.1,6.8
1782716263.658,0.0,0.0,0.0,0.3,11:12,0.0,00:01,0.3,7.1,6.8
1782716268.671,0.0,0.0,0.0,0.3,11:12,0.0,00:01,0.3,7.1,6.8
1782716273.678,0.0,0.0,0.0,0.3,11:12,0.0,00:01,0.3,7.1,6.8
1782716278.694,0.0,0.0,0.0,0.3,11:12,0.0,00:01,0.3,7.1,6.8
1782716283.704,0.0,0.0,0.0,0.3,11:12,0.0,00:01,0.3,7.1,6.8
1782716288.714,0.0,0.0,0.0,0.3,11:12,0.0,00:01,0.3,7.1,6.8
1782716293.727,0.0,0.0,0.0,0.3,11:12,0.0,00:01,0.3,7.1,6.8
1782716298.734,0.0,0.0,0.0,0.3,11:12,0.0,00:01,0.3,7.1,6.8
1782716303.748,0.0,0.0,0.0,0.3,11:12,0.0,00:01,0.3,7.1,6.8
1782716308.757,0.0,0.0,0.0,0.3,11:12,0.0,00:01,0.3,7.1,6.8
1782716313.769,0.0,0.0,0.0,0.3,11:12,0.0,00:01,0.3,7.1,6.8
1782716318.781,0.0,0.0,0.0,0.3,11:12,0.0,00:01,0.3,7.1,6.8
1782716323.791,0.0,0.0,0.0,0.3,11:12,0.0,00:01,0.3,7.1,6.8
1782716328.8,0.0,0.0,0.0,0.3,11:12,0.0,00:01,0.3,7.1,6.8
1782716333.812,0.0,0.0,0.0,0.3,11:12,0.0,00:01,0.3,7.1,6.8
1782716338.827,0.0,0.0,0.0,0.3,11:12,0.0,00:01,0.3,7.1,6.8
1782716343.832,0.0,0.0,0.0,0.3,11:12,0.0,00:01,0.3,7.1,6.8
1782716348.847,0.0,0.0,0.0,0.3,11:12,0.0,00:01,0.3,7.1,6.8
1782716353.857,0.0,0.0,0.0,0.3,11:12,0.0,00:01,0.3,7.1,6.8
1782716358.863,0.0,0.0,0.0,0.3,11:12,0.0,00:01,0.3,7.1,6.8
1782716363.873,0.0,0.0,0.0,0.3,11:12,0.0,00:01,0.3,7.1,6.8
1782716368.879,0.0,0.0,0.0,0.3,11:12,0.0,00:01,0.3,7.1,6.8
1782716373.891,0.0,0.0,0.0,0.3,11:12,0.0,00:01,0.3,7.1,6.8
1782716378.905,0.0,0.0,0.0,0.3,11:12,0.0,00:01,0.3,7.1,6.8
1782716383.914,0.0,0.0,0.0,0.3,11:12,0.0,00:01,0.3,7.1,6.8
1782716388.926,0.0,0.0,0.0,0.3,11:12,0.0,00:01,0.3,7.1,6.8
1782716393.937,0.0,0.0,0.0,0.3,11:12,0.0,00:01,0.3,7.1,6.8
1782716398.948,0.0,0.0,0.0,0.3,11:12,0.0,00:01,0.3,7.1,6.8
1782716403.958,0.0,0.0,0.0,0.3,11:12,0.0,00:01,0.3,7.1,6.8
1782716408.972,0.0,0.0,0.0,0.3,11:12,0.0,00:01,0.3,7.1,6.8
1782716413.977,0.0,0.0,0.0,0.3,11:12,0.0,00:01,0.3,7.1,6.8
1782716418.992,0.0,0.0,0.0,0.3,11:12,0.0,00:01,0.3,7.1,6.8
1782716424.005,0.0,0.0,0.0,0.3,11:12,0.0,00:01,0.3,7.1,6.8
1782716429.015,0.0,0.0,0.0,0.3,11:12,0.0,00:01,0.3,7.1,6.8
1782716434.026,0.0,0.0,0.0,0.3,11:12,0.0,00:01,0.3,7.1,6.8
1782716439.034,0.0,0.0,0.0,0.3,11:12,0.0,00:01,0.3,7.1,6.8
1782716444.049,0.0,0.0,0.0,0.3,11:12,0.0,00:01,0.3,7.1,6.8
1782716449.057,0.0,0.0,0.0,0.3,11:12,0.0,00:01,0.3,7.1,6.8
1782716454.072,0.0,0.0,0.0,0.3,11:12,0.0,00:01,0.3,7.1,6.8
1782716459.079,0.0,0.0,0.0,0.3,11:12,0.0,00:01,0.3,7.1,6.8
1782716464.086,0.0,0.0,0.0,0.3,11:12,0.0,00:01,0.3,7.1,6.8
1782716469.097,0.0,0.0,0.0,0.3,11:12,0.0,00:01,0.3,7.1,6.8
1782716474.109,0.0,0.0,0.0,0.3,11:12,0.0,00:01,0.3,7.1,6.8
1782716479.122,0.0,0.0,0.0,0.3,11:12,0.0,00:01,0.3,7.1,6.8
1782716484.135,0.0,0.0,0.0,0.3,11:12,0.0,00:01,0.3,7.1,6.8
1782716489.144,0.0,0.0,0.0,0.3,11:12,0.0,00:01,0.3,7.1,6.8
1782716494.158,0.0,0.0,0.0,0.3,11:12,0.0,00:01,0.3,7.1,6.8
1782716499.17,0.0,0.0,0.0,0.3,11:12,0.0,00:01,0.3,7.1,6.8
1782716504.177,0.0,0.0,0.0,0.3,11:12,0.0,00:01,0.3,7.1,6.8
1782716509.185,0.0,0.0,0.0,0.3,11:12,0.0,00:01,0.3,7.1,6.8
1782716514.201,0.0,0.0,0.0,0.3,11:12,0.0,00:01,0.3,7.1,6.8
1782716519.214,0.0,0.0,0.0,0.3,11:12,0.0,00:01,0.3,7.1,6.8
1782716524.227,0.0,0.0,0.0,0.3,11:12,0.0,00:01,0.3,7.1,6.8
1782716529.239,0.0,0.0,0.0,0.3,11:12,0.0,00:01,0.3,7.1,6.8
1782716534.249,0.0,0.0,0.0,0.3,11:12,0.0,00:01,0.3,7.1,6.8
1782716539.259,0.0,0.0,0.0,0.3,11:12,0.0,00:01,0.3,7.1,6.8
1782716544.272,0.0,0.0,0.0,0.3,11:12,0.0,00:01,0.3,7.1,6.8
1782716549.285,0.0,0.0,0.0,0.3,11:12,0.0,00:01,0.3,7.1,6.8
1782716554.297,0.0,0.0,0.0,0.3,11:12,0.0,00:01,0.3,7.1,6.8
1782716559.308,0.0,0.0,0.0,0.3,11:12,0.0,00:01,0.3,7.1,6.8
1782716564.315,0.0,0.0,0.0,0.3,11:12,0.0,00:01,0.3,7.1,6.8
1782716569.327,0.0,0.0,0.0,0.3,11:12,0.0,00:01,0.3,7.1,6.8
1782716574.337,0.0,0.0,0.0,0.3,11:12,0.0,00:01,0.3,7.1,6.8
1782716579.35,0.0,0.0,0.0,0.3,11:12,0.0,00:01,0.3,7.1,6.8
1782716584.356,0.0,0.0,0.0,0.3,11:12,0.0,00:01,0.3,7.1,6.8
1782716589.368,0.0,0.0,0.0,0.3,11:12,0.0,00:01,0.3,7.1,6.8
1782716594.379,0.0,0.0,0.0,0.3,11:12,0.0,00:01,0.3,7.1,6.8
1782716599.39,0.0,0.0,0.0,0.3,11:12,0.0,00:01,0.3,7.1,6.8
1782716604.4,0.0,0.0,0.0,0.3,11:12,0.0,00:01,0.3,7.1,6.8
1782716609.411,0.0,0.0,0.0,0.3,11:12,0.0,00:01,0.3,7.1,6.8
1782716614.422,0.0,0.0,0.0,0.3,11:12,0.0,00:01,0.3,7.1,6.8
1782716619.433,0.0,0.0,0.0,0.3,11:12,0.0,00:01,0.3,7.1,6.8
1782716624.443,0.0,0.0,0.0,0.3,11:12,0.0,00:01,0.3,7.1,6.8
1782716629.448,0.0,0.0,0.0,0.3,11:12,0.0,00:01,0.3,7.1,6.8
1782716634.458,0.0,0.0,0.0,0.3,11:12,0.0,00:01,0.3,7.1,6.8
1782716639.472,0.0,0.0,0.0,0.3,11:12,0.0,00:01,0.3,7.1,6.8
1782716644.484,0.0,0.0,0.0,0.3,11:12,0.0,00:01,0.3,7.1,6.8
1782716649.497,0.0,0.0,0.0,0.3,11:12,0.0,00:01,0.3,7.1,6.8
1782716654.5,0.0,0.0,0.0,0.3,11:12,0.0,00:01,0.3,7.1,6.8
1782716659.51,0.0,0.0,0.0,0.3,11:12,0.0,00:01,0.3,7.1,6.8
1782716664.521,0.0,0.0,0.0,0.3,11:12,0.0,00:01,0.3,7.1,6.8
1782716669.533,0.0,0.0,0.0,0.3,11:12,0.0,00:01,0.3,7.1,6.8
1782716674.542,0.0,0.0,0.0,0.3,11:12,0.0,00:01,0.3,7.1,6.8
1782716679.554,0.0,0.0,0.0,0.3,11:12,0.0,00:01,0.3,7.1,6.8
1782716684.56,0.0,0.0,0.0,0.3,11:12,0.0,00:01,0.3,7.1,6.8
1782716689.574,0.0,0.0,0.0,0.3,11:12,0.0,00:01,0.3,7.1,6.8
1782716694.59,0.0,0.0,0.0,0.3,11:12,0.0,00:01,0.3,7.1,6.8
1782716699.597,0.0,0.0,0.0,0.3,11:12,0.0,00:01,0.3,7.1,6.8
1782716704.605,0.0,0.0,0.0,0.3,11:12,0.0,00:01,0.3,7.1,6.8
1782716709.62,0.0,0.0,0.0,0.3,11:12,0.0,00:01,0.3,7.1,6.8
1782716714.632,0.0,0.0,0.0,0.3,11:12,0.0,00:01,0.3,7.1,6.8
1782716719.643,0.0,0.0,0.0,0.3,11:12,0.0,00:01,0.3,7.1,6.8
1782716724.648,0.0,0.0,0.0,0.3,11:12,0.0,00:01,0.3,7.1,6.8
1782716729.66,0.0,0.0,0.0,0.3,11:12,0.0,00:01,0.3,7.1,6.8
1782716734.672,0.0,0.0,0.0,0.3,11:12,0.0,00:01,0.3,7.1,6.8
1782716739.682,0.0,0.0,0.0,0.3,11:12,0.0,00:01,0.3,7.1,6.8
1782716744.696,0.0,0.0,0.0,0.3,11:12,0.0,00:01,0.3,7.1,6.8
1782716749.705,0.0,0.0,0.0,0.3,11:12,0.0,00:01,0.3,7.1,6.8
1782716754.712,0.0,0.0,0.0,0.3,11:12,0.0,00:01,0.3,7.1,6.8
1782716759.727,0.0,0.0,0.0,0.3,11:12,0.0,00:01,0.3,7.1,6.8
1782716764.743,0.0,0.0,0.0,0.3,11:12,0.0,00:01,0.3,7.1,6.8
1782716769.75,0.0,0.0,0.0,0.3,11:12,0.0,00:01,0.3,7.1,6.8
1782716774.757,0.0,0.0,0.0,0.3,11:12,0.0,00:01,0.3,7.1,6.8
1782716779.772,0.0,0.0,0.0,0.3,11:12,0.0,00:01,0.3,7.1,6.8
1782716784.786,0.0,0.0,0.0,0.3,11:12,0.0,00:01,0.3,7.1,6.8
1782716789.794,0.0,0.0,0.0,0.3,11:12,0.0,00:01,0.3,7.1,6.8
1782716794.801,0.0,0.0,0.0,0.3,11:12,0.0,00:01,0.3,7.1,6.8
1782716799.812,0.0,0.0,0.0,0.3,11:12,0.0,00:01,0.3,7.1,6.8
1782716804.824,0.0,0.0,0.0,0.3,11:12,0.0,00:01,0.3,7.1,6.8
1782716809.839,0.0,0.0,0.0,0.3,11:12,0.0,00:01,0.3,7.1,6.8
1782716814.848,0.0,0.0,0.0,0.3,11:12,0.0,00:01,0.3,7.1,6.8
1782716819.852,0.0,0.0,0.0,0.3,11:12,0.0,00:01,0.3,7.1,6.8
1782716824.868,0.0,0.0,0.0,0.3,11:12,0.0,00:01,0.3,7.1,6.8
1782716829.878,0.0,0.0,0.0,0.3,11:12,0.0,00:01,0.3,7.1,6.8
1782716834.889,0.0,0.0,0.0,0.3,11:12,0.0,00:01,0.3,7.1,6.8
1782716839.892,0.0,0.0,0.0,0.3,11:12,0.0,00:01,0.3,7.1,6.8
1782716844.903,0.0,0.0,0.0,0.3,11:12,0.0,00:01,0.3,7.1,6.8
1782716849.914,0.0,0.0,0.0,0.3,11:12,0.0,00:01,0.3,7.1,6.8
1782716854.922,0.0,0.0,0.0,0.3,11:12,0.0,00:01,0.3,7.1,6.8
1782716859.931,0.0,0.0,0.0,0.3,11:12,0.0,00:01,0.3,7.1,6.8
1782716864.936,0.0,0.0,0.0,0.3,11:12,0.0,00:01,0.3,7.1,6.8
1782716869.946,0.0,0.0,0.0,0.3,11:12,0.0,00:01,0.3,7.1,6.8
1782716874.954,0.0,0.0,0.0,0.3,11:12,0.0,00:01,0.3,7.1,6.8
1782716879.962,0.0,0.0,0.0,0.3,11:12,0.0,00:01,0.3,7.1,6.8
1782716884.972,0.0,0.0,0.0,0.3,11:12,0.0,00:01,0.3,7.1,6.8
1782716889.976,0.0,0.0,0.0,0.3,11:12,0.0,00:01,0.3,7.1,6.8
1782716894.986,0.0,0.0,0.0,0.3,11:12,0.0,00:01,0.3,7.1,6.8
1782716899.992,0.0,0.0,0.0,0.3,11:12,0.0,00:01,0.3,7.1,6.8
1782716905.005,0.0,0.0,0.0,0.3,11:12,0.0,00:01,0.3,7.1,6.8
1782716910.01,0.0,0.0,0.0,0.3,11:12,0.0,00:01,0.3,7.1,6.8
1782716915.02,0.0,0.0,0.0,0.3,11:12,0.0,00:01,0.3,7.1,6.8
1782716920.029,0.0,0.0,0.0,0.3,11:12,0.0,00:01,0.3,7.1,6.8
1782716925.04,0.0,0.0,0.0,0.3,11:12,0.0,00:01,0.3,7.1,6.8
1782716930.052,0.0,0.0,0.0,0.3,11:12,0.0,00:01,0.3,7.1,6.8
1782716935.056,0.0,0.0,0.0,0.3,11:12,0.0,00:01,0.3,7.1,6.8
1782716940.064,0.0,0.0,0.0,0.3,11:12,0.0,00:01,0.3,7.1,6.8
1782716945.072,0.0,0.0,0.0,0.3,11:12,0.0,00:01,0.3,7.1,6.8
1782716950.086,0.0,0.0,0.0,0.3,11:12,0.0,00:01,0.3,7.1,6.8
1782716955.1,0.0,0.0,0.0,0.3,11:12,0.0,00:01,0.3,7.1,6.8
1782716960.107,0.0,0.0,0.0,0.3,11:12,0.0,00:01,0.3,7.1,6.8
1782716965.117,0.0,0.0,0.0,0.3,11:12,0.0,00:01,0.3,7.1,6.8
1782716970.127,0.0,0.0,0.0,0.3,11:12,0.0,00:01,0.3,7.1,6.8
1782716975.139,0.0,0.0,0.0,0.3,11:12,0.0,00:01,0.3,7.1,6.8
1782716980.144,0.0,0.0,0.0,0.3,11:12,0.0,00:01,0.3,7.1,6.8
1782716985.153,0.0,0.0,0.0,0.3,11:12,0.0,00:01,0.3,7.1,6.8
1782716990.166,0.0,0.0,0.0,0.3,11:12,0.0,00:01,0.3,7.1,6.8
1782716995.179,0.0,0.0,0.0,0.3,11:12,0.0,00:01,0.3,7.1,6.8
1782717000.189,0.0,0.0,0.0,0.3,11:12,0.0,00:01,0.3,7.1,6.8
1782717005.196,0.0,0.0,0.0,0.3,11:12,0.0,00:01,0.3,7.1,6.8
1782717010.206,0.0,0.0,0.0,0.3,11:12,0.0,00:01,0.3,7.1,6.8
1782717015.221,0.0,0.0,0.0,0.3,11:12,0.0,00:01,0.3,7.1,6.8
1782717020.234,0.0,0.0,0.0,0.3,11:12,0.0,00:01,0.3,7.1,6.8
1782717025.248,0.0,0.0,0.0,0.3,11:12,0.0,00:01,0.3,7.1,6.8
1782717030.252,0.0,0.0,0.0,0.3,11:12,0.0,00:01,0.3,7.1,6.8
1782717035.264,0.0,0.0,0.0,0.3,11:12,0.0,00:01,0.3,7.1,6.8
1782717040.273,0.0,0.0,0.0,0.3,11:12,0.0,00:01,0.3,7.1,6.8
1782717045.287,0.0,0.0,0.0,0.3,11:12,0.0,00:01,0.3,7.1,6.8
1782717050.292,0.0,0.0,0.0,0.3,11:12,0.0,00:01,0.3,7.1,6.8
1782717055.303,0.0,0.0,0.0,0.3,11:12,0.0,00:01,0.3,7.1,6.8
1782717060.318,0.0,0.0,0.0,0.3,11:12,0.0,00:01,0.3,7.1,6.8
1782717065.331,0.0,0.0,0.0,0.3,11:12,0.0,00:01,0.3,7.1,6.8
1782717070.347,0.0,0.0,0.0,0.3,11:12,0.0,00:01,0.3,7.1,6.8
1782717075.356,0.0,0.0,0.0,0.3,11:12,0.0,00:01,0.3,7.1,6.8
1782717080.364,0.0,0.0,0.0,0.3,11:12,0.0,00:01,0.3,7.1,6.8
1782717085.375,0.0,0.0,0.0,0.3,11:12,0.0,00:01,0.3,7.1,6.8
1782717090.394,0.0,0.0,0.0,0.3,11:12,0.0,00:01,0.3,7.1,6.8
1782717095.403,0.0,0.0,0.0,0.3,11:12,0.0,00:01,0.3,7.1,6.8
1782717100.408,0.0,0.0,0.0,0.3,11:12,0.0,00:01,0.3,7.1,6.8
1782717105.422,0.0,0.0,0.0,0.3,11:12,0.0,00:01,0.3,7.1,6.8
1782717110.432,0.0,0.0,0.0,0.3,11:12,0.0,00:01,0.3,7.1,6.8
1782717115.446,0.0,0.0,0.0,0.3,11:12,0.0,00:01,0.3,7.1,6.8
1782717120.459,0.0,0.0,0.0,0.3,11:12,0.0,00:01,0.3,7.1,6.8
1782717125.465,0.0,0.0,0.0,0.3,11:12,0.0,00:01,0.3,7.1,6.8
1782717130.478,0.0,0.0,0.0,0.3,11:12,0.0,00:01,0.3,7.1,6.8
1782717135.514,0.0,0.0,0.0,0.3,11:12,0.0,00:01,0.3,7.1,6.8
1782717140.537,0.0,0.0,0.0,0.3,11:12,0.0,00:01,0.3,7.1,6.8
1782717145.544,0.0,0.0,0.0,0.3,11:12,0.0,00:01,0.3,7.1,6.8
1782717150.557,0.0,0.0,0.0,0.3,11:12,0.0,00:01,0.3,7.1,6.8
1782717155.569,0.0,0.0,0.0,0.3,11:12,0.0,00:01,0.3,7.1,6.8
1782717160.583,0.0,0.0,0.0,0.3,11:12,0.0,00:01,0.3,7.1,6.8
1782717165.596,0.0,0.0,0.0,0.3,11:12,0.0,00:01,0.3,7.1,6.8
1782717170.603,0.0,0.0,0.0,0.3,11:12,0.0,00:01,0.3,7.1,6.8
1782717175.611,0.0,0.0,0.0,0.3,11:12,0.0,00:01,0.3,7.1,6.8
1782717180.627,0.0,0.0,0.0,0.3,11:12,0.0,00:01,0.3,7.1,6.8
1782717185.641,0.0,0.0,0.0,0.3,11:12,0.0,00:01,0.3,7.1,6.8
1782717190.654,0.0,0.0,0.0,0.3,11:12,0.0,00:01,0.3,7.1,6.8
1782717195.661,0.0,0.0,0.0,0.3,11:12,0.0,00:01,0.3,7.1,6.8
1782717200.673,0.0,0.0,0.0,0.3,11:12,0.0,00:01,0.3,7.1,6.8
1782717205.687,0.0,0.0,0.0,0.3,11:12,0.0,00:01,0.3,7.1,6.8
1782717210.702,0.0,0.0,0.0,0.3,11:12,0.0,00:01,0.3,7.1,6.8
1782717215.715,0.0,0.0,0.0,0.3,11:12,0.0,00:01,0.3,7.1,6.8
1782717220.722,0.0,0.0,0.0,0.3,11:12,0.0,00:01,0.3,7.1,6.8
1782717225.732,0.0,0.0,0.0,0.3,11:12,0.0,00:01,0.3,7.1,6.8
1782717230.743,0.0,0.0,0.0,0.3,11:12,0.0,00:01,0.3,7.1,6.8
1782717235.758,0.0,0.0,0.0,0.3,11:12,0.0,00:01,0.3,7.1,6.8
1782717240.764,0.0,0.0,0.0,0.3,11:12,0.0,00:01,0.3,7.1,6.8
1782717245.772,0.0,0.0,0.0,0.3,11:12,0.0,00:01,0.3,7.1,6.8
1782717250.786,0.0,0.0,0.0,0.3,11:12,0.0,00:01,0.3,7.1,6.8
1782717255.799,0.0,0.0,0.0,0.3,11:12,0.0,00:01,0.3,7.1,6.8
1782717260.806,0.0,0.0,0.0,0.3,11:12,0.0,00:01,0.3,7.1,6.8
1782717265.815,0.0,0.0,0.0,0.3,11:12,0.0,00:01,0.3,7.1,6.8
1782717270.825,0.0,0.0,0.0,0.3,11:12,0.0,00:01,0.3,7.1,6.8
1782717275.839,0.0,0.0,0.0,0.3,11:12,0.0,00:01,0.3,7.1,6.8
1782717280.849,0.0,0.0,0.0,0.3,11:12,0.0,00:01,0.3,7.1,6.8
1782717285.86,0.0,0.0,0.0,0.3,11:12,0.0,00:01,0.3,7.1,6.8
1782717290.866,0.0,0.0,0.0,0.3,11:12,0.0,00:01,0.3,7.1,6.8
1782717295.876,0.0,0.0,0.0,0.3,11:12,0.0,00:01,0.3,7.1,6.8
1782717300.892,0.0,0.0,0.0,0.3,11:12,0.0,00:01,0.3,7.1,6.8
1782717305.902,0.0,0.0,0.0,0.3,11:12,0.0,00:01,0.3,7.1,6.8
1782717310.915,0.0,0.0,0.0,0.3,11:12,0.0,00:01,0.3,7.1,6.8
1782717315.924,0.0,0.0,0.0,0.3,11:12,0.0,00:01,0.3,7.1,6.8
1782717320.939,0.0,0.0,0.0,0.3,11:12,0.0,00:01,0.3,7.1,6.8
1782717325.955,0.0,0.0,0.0,0.3,11:12,0.0,00:01,0.3,7.1,6.8
1782717330.962,0.0,0.0,0.0,0.3,11:12,0.0,00:01,0.3,7.1,6.8
1782717335.968,0.0,0.0,0.0,0.3,11:12,0.0,00:01,0.3,7.1,6.8
1782717340.981,0.0,0.0,0.0,0.3,11:12,0.0,00:01,0.3,7.1,6.8
1782717345.994,0.0,0.0,0.0,0.3,11:12,0.0,00:01,0.3,7.1,6.8
1782717351.01,0.0,0.0,0.0,0.3,11:12,0.0,00:01,0.3,7.1,6.8
1782717356.024,0.0,0.0,0.0,0.3,11:12,0.0,00:01,0.3,7.1,6.8
1782717361.034,0.0,0.0,0.0,0.3,11:12,0.0,00:01,0.3,7.1,6.8
1782717366.046,0.0,0.0,0.0,0.3,11:12,0.0,00:01,0.3,7.1,6.8
1782717371.059,0.0,0.0,0.0,0.3,11:12,0.0,00:01,0.3,7.1,6.8
1782717376.068,0.0,0.0,0.0,0.3,11:12,0.0,00:01,0.3,7.1,6.8
1782717381.08,0.0,0.0,0.0,0.3,11:12,0.0,00:01,0.3,7.1,6.8
1782717386.087,0.0,0.0,0.0,0.3,11:12,0.0,00:01,0.3,7.1,6.8
1782717391.101,0.0,0.0,0.0,0.3,11:12,0.0,00:01,0.3,7.1,6.8
1782717396.116,0.0,0.0,0.0,0.3,11:12,0.0,00:01,0.3,7.1,6.8
1782717401.126,0.0,0.0,0.0,0.3,11:12,0.0,00:01,0.3,7.1,6.8
1782717406.132,0.0,0.0,0.0,0.3,11:12,0.0,00:01,0.3,7.1,6.8
1782717411.14,0.0,0.0,0.0,0.3,11:12,0.0,00:01,0.3,7.1,6.8
1782717416.154,0.0,0.0,0.0,0.3,11:12,0.0,00:01,0.3,7.1,6.8
1782717421.166,0.0,0.0,0.0,0.3,11:12,0.0,00:01,0.3,7.1,6.8
1782717426.173,0.0,0.0,0.0,0.3,11:12,0.0,00:01,0.3,7.1,6.8
1782717431.176,0.0,0.0,0.0,0.3,11:12,0.0,00:01,0.3,7.1,6.8
1782717436.184,0.0,0.0,0.0,0.3,11:12,0.0,00:01,0.3,7.1,6.8
1782717441.196,0.0,0.0,0.0,0.3,11:12,0.0,00:01,0.3,7.1,6.8
1782717446.208,0.0,0.0,0.0,0.3,11:12,0.0,00:01,0.3,7.1,6.8
1782717451.218,0.0,0.0,0.0,0.3,11:12,0.0,00:01,0.3,7.1,6.8
1782717456.225,0.0,0.0,0.0,0.3,11:12,0.0,00:01,0.3,7.1,6.8
1782717461.236,0.0,0.0,0.0,0.3,11:12,0.0,00:01,0.3,7.1,6.8
1782717466.247,0.0,0.0,0.0,0.3,11:12,0.0,00:01,0.3,7.1,6.8
1782717471.251,0.0,0.0,0.0,0.3,11:12,0.0,00:01,0.3,7.1,6.8
1782717476.262,0.0,0.0,0.0,0.3,11:12,0.0,00:01,0.3,7.1,6.8
1782717481.265,0.0,0.0,0.0,0.3,11:12,0.0,00:01,0.3,7.1,6.8
1782717486.271,0.0,0.0,0.0,0.3,11:12,0.0,00:01,0.3,7.1,6.8
1782717491.283,0.0,0.0,0.0,0.3,11:12,0.0,00:01,0.3,7.1,6.8
1782717496.292,0.0,0.0,0.0,0.3,11:12,0.0,00:01,0.3,7.1,6.8
1782717501.296,0.0,0.0,0.0,0.3,11:12,0.0,00:01,0.3,7.1,6.8
1782717506.311,0.0,0.0,0.0,0.3,11:12,0.0,00:01,0.3,7.1,6.8
1782717511.323,0.0,0.0,0.0,0.3,11:12,0.0,00:01,0.3,7.1,6.8
1782717516.333,0.0,0.0,0.0,0.3,11:12,0.0,00:01,0.3,7.1,6.8
1782717521.346,0.0,0.0,0.0,0.3,11:12,0.0,00:01,0.3,7.1,6.8
1782717526.348,0.0,0.0,0.0,0.3,11:12,0.0,00:01,0.3,7.1,6.8
1782717531.364,0.0,0.0,0.0,0.3,11:12,0.0,00:01,0.3,7.1,6.8
1782717536.378,0.0,0.0,0.0,0.3,11:12,0.0,00:01,0.3,7.1,6.8
1782717541.39,0.0,0.0,0.0,0.3,11:12,0.0,00:01,0.3,7.1,6.8
1782717546.402,0.0,0.0,0.0,0.3,11:12,0.0,00:01,0.3,7.1,6.8
1782717551.406,0.0,0.0,0.0,0.3,11:12,0.0,00:01,0.3,7.1,6.8
1782717556.418,0.0,0.0,0.0,0.3,11:12,0.0,00:01,0.3,7.1,6.8
1782717561.434,0.0,0.0,0.0,0.3,11:12,0.0,00:01,0.3,7.1,6.8
1782717566.446,0.0,0.0,0.0,0.3,11:12,0.0,00:01,0.3,7.1,6.8
1782717571.454,0.0,0.0,0.0,0.3,11:12,0.0,00:01,0.3,7.1,6.8
1782717576.467,0.0,0.0,0.0,0.3,11:12,0.0,00:01,0.3,7.1,6.8
1782717581.48,0.0,0.0,0.0,0.3,11:12,0.0,00:01,0.3,7.1,6.8
1782717586.487,0.0,0.0,0.0,0.3,11:12,0.0,00:01,0.3,7.1,6.8
1782717591.498,0.0,0.0,0.0,0.3,11:12,0.0,00:01,0.3,7.1,6.8
1782717596.504,0.0,0.0,0.0,0.3,11:12,0.0,00:01,0.3,7.1,6.8
1782717601.512,0.0,0.0,0.0,0.3,11:12,0.0,00:01,0.3,7.1,6.8
1782717606.523,0.0,0.0,0.0,0.3,11:12,0.0,00:01,0.3,7.1,6.8
1782717611.533,0.0,0.0,0.0,0.3,11:12,0.0,00:01,0.3,7.1,6.8
1782717616.541,0.0,0.0,0.0,0.3,11:12,0.0,00:01,0.3,7.1,6.8
1782717621.551,0.0,0.0,0.0,0.3,11:12,0.0,00:01,0.3,7.1,6.8
1782717626.563,0.0,0.0,0.0,0.3,11:12,0.0,00:01,0.3,7.1,6.8
1782717631.577,0.0,0.0,0.0,0.3,11:12,0.0,00:01,0.3,7.1,6.8
1782717636.585,0.0,0.0,0.0,0.3,11:12,0.0,00:01,0.3,7.1,6.8
1782717641.588,0.0,0.0,0.0,0.3,11:12,0.0,00:01,0.3,7.1,6.8
1782717646.599,0.0,0.0,0.0,0.3,11:12,0.0,00:01,0.3,7.1,6.8
1782717651.606,0.0,0.0,0.0,0.3,11:12,0.0,00:01,0.3,7.1,6.8
1782717656.616,0.0,0.0,0.0,0.3,11:12,0.0,00:01,0.3,7.1,6.8
1782717661.627,0.0,0.0,0.0,0.3,11:12,0.0,00:01,0.3,7.1,6.8
1782717666.634,0.0,0.0,0.0,0.3,11:12,0.0,00:01,0.3,7.1,6.8
1782717671.645,0.0,0.0,0.0,0.3,11:12,0.0,00:01,0.3,7.1,6.8
1782717676.657,0.0,0.0,0.0,0.3,11:12,0.0,00:01,0.3,7.1,6.8
1782717681.666,0.0,0.0,0.0,0.3,11:12,0.0,00:01,0.3,7.1,6.8
1782717686.673,0.0,0.0,0.0,0.3,11:12,0.0,00:01,0.3,7.1,6.8
1782717691.676,0.0,0.0,0.0,0.3,11:12,0.0,00:01,0.3,7.1,6.8
1782717696.69,0.0,0.0,0.0,0.3,11:12,0.0,00:01,0.3,7.1,6.8
1782717701.698,0.0,0.0,0.0,0.3,11:12,0.0,00:01,0.3,7.1,6.8
1782717706.71,0.0,0.0,0.0,0.3,11:12,0.0,00:01,0.3,7.1,6.8
1782717711.716,0.0,0.0,0.0,0.3,11:12,0.0,00:01,0.3,7.1,6.8
1782717716.728,0.0,0.0,0.0,0.3,11:12,0.0,00:01,0.3,7.1,6.8
1782717721.736,0.0,0.0,0.0,0.3,11:12,0.0,00:01,0.3,7.1,6.8
1782717726.74,0.0,0.0,0.0,0.3,11:12,0.0,00:01,0.3,7.1,6.8
1782717731.747,0.0,0.0,0.0,0.3,11:12,0.0,00:01,0.3,7.1,6.8
1782717736.752,0.0,0.0,0.0,0.3,11:12,0.0,00:01,0.3,7.1,6.8
1782717741.762,0.0,0.0,0.0,0.3,11:12,0.0,00:01,0.3,7.1,6.8
1782717746.779,0.0,0.0,0.0,0.3,11:12,0.0,00:01,0.3,7.1,6.8
1782717751.792,0.0,0.0,0.0,0.3,11:12,0.0,00:01,0.3,7.1,6.8
1782717756.804,0.0,0.0,0.0,0.3,11:12,0.0,00:01,0.3,7.1,6.8
1782717761.811,0.0,0.0,0.0,0.3,11:12,0.0,00:01,0.3,7.1,6.8
1782717766.825,0.0,0.0,0.0,0.3,11:12,0.0,00:01,0.3,7.1,6.8
1782717771.841,0.0,0.0,0.0,0.3,11:12,0.0,00:01,0.3,7.1,6.8
1782717776.85,0.0,0.0,0.0,0.3,11:12,0.0,00:01,0.3,7.1,6.8
1782717781.859,0.0,0.0,0.0,0.3,11:12,0.0,00:01,0.3,7.1,6.8
1782717786.866,0.0,0.0,0.0,0.3,11:12,0.0,00:01,0.3,7.1,6.8
1782717791.878,0.0,0.0,0.0,0.3,11:12,0.0,00:01,0.3,7.1,6.8
1782717796.889,0.0,0.0,0.0,0.3,11:12,0.0,00:01,0.3,7.1,6.8
1782717801.902,0.0,0.0,0.0,0.3,11:12,0.0,00:01,0.3,7.1,6.8
1782717806.906,0.0,0.0,0.0,0.3,11:12,0.0,00:01,0.3,7.1,6.8
1782717811.919,0.0,0.0,0.0,0.3,11:12,0.0,00:01,0.3,7.1,6.8
1782717816.932,0.0,0.0,0.0,0.3,11:12,0.0,00:01,0.3,7.1,6.8
1782717821.945,0.0,0.0,0.0,0.3,11:12,0.0,00:01,0.3,7.1,6.8
1782717826.957,0.0,0.0,0.0,0.3,11:12,0.0,00:01,0.3,7.1,6.8
1782717831.964,0.0,0.0,0.0,0.3,11:12,0.0,00:01,0.3,7.1,6.8
1782717836.978,0.0,0.0,0.0,0.3,11:12,0.0,00:01,0.3,7.1,6.8
1782717841.988,0.0,0.0,0.0,0.3,11:12,0.0,00:01,0.3,7.1,6.8
1782717847.002,0.0,0.0,0.0,0.3,11:12,0.0,00:01,0.3,7.1,6.8
1782717852.014,0.0,0.0,0.0,0.3,11:12,0.0,00:01,0.3,7.1,6.8
1782717857.018,0.0,0.0,0.0,0.3,11:12,0.0,00:01,0.3,7.1,6.8
1782717862.031,0.0,0.0,0.0,0.3,11:12,0.0,00:01,0.3,7.1,6.8
1782717867.043,0.0,0.0,0.0,0.3,11:12,0.0,00:01,0.3,7.1,6.8
1782717872.055,0.0,0.0,0.0,0.3,11:12,0.0,00:01,0.3,7.1,6.8
1782717877.063,0.0,0.0,0.0,0.3,11:12,0.0,00:01,0.3,7.1,6.8
1782717882.076,0.0,0.0,0.0,0.3,11:12,0.0,00:01,0.3,7.1,6.8
1782717887.088,0.0,0.0,0.0,0.3,11:12,0.0,00:01,0.3,7.1,6.8
1782717892.095,0.0,0.0,0.0,0.3,11:12,0.0,00:01,0.3,7.1,6.8
1782717897.108,0.0,0.0,0.0,0.3,11:12,0.0,00:01,0.3,7.1,6.8
1782717902.115,0.0,0.0,0.0,0.3,11:12,0.0,00:01,0.3,7.1,6.8
1782717907.127,0.0,0.0,0.0,0.3,11:12,0.0,00:01,0.3,7.1,6.8
1782717912.138,0.0,0.0,0.0,0.3,11:12,0.0,00:01,0.3,7.1,6.8
1782717917.15,0.0,0.0,0.0,0.3,11:12,0.0,00:01,0.3,7.1,6.8
1782717922.164,0.0,0.0,0.0,0.3,11:12,0.0,00:01,0.3,7.1,6.8
1782717927.17,0.0,0.0,0.0,0.3,11:12,0.0,00:01,0.3,7.1,6.8
1782717932.18,0.0,0.0,0.0,0.3,11:12,0.0,00:01,0.3,7.1,6.8
1782717937.189,0.0,0.0,0.0,0.3,11:12,0.0,00:01,0.3,7.1,6.8
1782717942.197,0.0,0.0,0.0,0.3,11:12,0.0,00:01,0.3,7.1,6.8
1782717947.207,0.0,0.0,0.0,0.3,11:12,0.0,00:01,0.3,7.1,6.8
1782717952.212,0.0,0.0,0.0,0.3,11:12,0.0,00:01,0.3,7.1,6.8
1782717957.222,0.0,0.0,0.0,0.3,11:12,0.0,00:01,0.3,7.1,6.8
1782717962.234,0.0,0.0,0.0,0.3,11:12,0.0,00:01,0.3,7.1,6.8
1782717967.246,0.0,0.0,0.0,0.3,11:12,0.0,00:01,0.3,7.1,6.8
1782717972.257,0.0,0.0,0.0,0.3,11:12,0.0,00:01,0.3,7.1,6.8
1782717977.266,0.0,0.0,0.0,0.3,11:12,0.0,00:01,0.3,7.1,6.8
1782717982.278,0.0,0.0,0.0,0.3,11:12,0.0,00:01,0.3,7.1,6.8
1782717987.29,0.0,0.0,0.0,0.3,11:12,0.0,00:01,0.3,7.1,6.8
1782717992.301,0.0,0.0,0.0,0.3,11:12,0.0,00:01,0.3,7.1,6.8
1782717997.305,0.0,0.0,0.0,0.3,11:12,0.0,00:01,0.3,7.1,6.8
1782718002.322,0.0,0.0,0.0,0.3,11:12,0.0,00:01,0.3,7.1,6.8
1782718007.334,0.0,0.0,0.0,0.3,11:12,0.0,00:01,0.3,7.1,6.8
1782718012.346,0.0,0.0,0.0,0.3,11:12,0.0,00:01,0.3,7.1,6.8
1782718017.356,0.0,0.0,0.0,0.3,11:12,0.0,00:01,0.3,7.1,6.8
1782718022.36,0.0,0.0,0.0,0.3,11:12,0.0,00:01,0.3,7.1,6.8
1782718027.371,0.0,0.0,0.0,0.3,11:12,0.0,00:01,0.3,7.1,6.8
1782718032.38,0.0,0.0,0.0,0.3,11:12,0.0,00:01,0.3,7.1,6.8
1782718037.39,0.0,0.0,0.0,0.3,11:12,0.0,00:01,0.3,7.1,6.8
1782718042.392,0.0,0.0,0.0,0.3,11:12,0.0,00:01,0.3,7.1,6.8
1782718047.405,0.0,0.0,0.0,0.3,11:12,0.0,00:01,0.3,7.1,6.8
1782718052.416,0.0,0.0,0.0,0.3,11:12,0.0,00:01,0.3,7.1,6.8
1782718057.427,0.0,0.0,0.0,0.3,11:12,0.0,00:01,0.3,7.1,6.8
1782718062.433,0.0,0.0,0.0,0.3,11:12,0.0,00:01,0.3,7.1,6.8
1782718067.436,0.0,0.0,0.0,0.3,11:12,0.0,00:01,0.3,7.1,6.8
1782718072.446,0.0,0.0,0.0,0.3,11:12,0.0,00:01,0.3,7.1,6.8
1782718077.458,0.0,0.0,0.0,0.3,11:12,0.0,00:01,0.3,7.1,6.8
1782718082.467,0.0,0.0,0.0,0.3,11:12,0.0,00:01,0.3,7.1,6.8
1782718087.48,0.0,0.0,0.0,0.3,11:12,0.0,00:01,0.3,7.1,6.8
1782718092.487,0.0,0.0,0.0,0.3,11:12,0.0,00:01,0.3,7.1,6.8
1782718097.502,0.0,0.0,0.0,0.3,11:12,0.0,00:01,0.3,7.1,6.8
1782718102.516,0.0,0.0,0.0,0.3,11:12,0.0,00:01,0.3,7.1,6.8
1782718107.529,0.0,0.0,0.0,0.3,11:12,0.0,00:01,0.3,7.1,6.8
1782718112.536,0.0,0.0,0.0,0.3,11:12,0.0,00:01,0.3,7.1,6.8
1782718117.55,0.0,0.0,0.0,0.3,11:12,0.0,00:01,0.3,7.1,6.8
1782718122.561,0.0,0.0,0.0,0.3,11:12,0.0,00:01,0.3,7.1,6.8
1782718127.574,0.0,0.0,0.0,0.3,11:12,0.0,00:01,0.3,7.1,6.8
1782718132.587,0.0,0.0,0.0,0.3,11:12,0.0,00:01,0.3,7.1,6.8
1782718137.594,0.0,0.0,0.0,0.3,11:12,0.0,00:01,0.3,7.1,6.8
1782718142.607,0.0,0.0,0.0,0.3,11:12,0.0,00:01,0.3,7.1,6.8
1782718147.618,0.0,0.0,0.0,0.3,11:12,0.0,00:01,0.3,7.1,6.8
1782718152.629,0.0,0.0,0.0,0.3,11:12,0.0,00:01,0.3,7.1,6.8
1782718157.637,0.0,0.0,0.0,0.3,11:12,0.0,00:01,0.3,7.1,6.8
1782718162.643,0.0,0.0,0.0,0.3,11:12,0.0,00:01,0.3,7.1,6.8
1782718167.657,0.0,0.0,0.0,0.3,11:12,0.0,00:01,0.3,7.1,6.8
1782718172.667,0.0,0.0,0.0,0.3,11:12,0.0,00:01,0.3,7.1,6.8
1782718177.675,0.0,0.0,0.0,0.3,11:12,0.0,00:01,0.3,7.1,6.8
1782718182.684,0.0,0.0,0.0,0.3,11:12,0.0,00:01,0.3,7.1,6.8
1782718187.693,0.0,0.0,0.0,0.3,11:12,0.0,00:01,0.3,7.1,6.8
1782718192.702,0.0,0.0,0.0,0.3,11:12,0.0,00:01,0.3,7.1,6.8
1782718197.714,0.0,0.0,0.0,0.3,11:12,0.0,00:01,0.3,7.1,6.8
1782718202.724,0.0,0.0,0.0,0.3,11:12,0.0,00:01,0.3,7.1,6.8
1782718207.728,0.0,0.0,0.0,0.3,11:12,0.0,00:01,0.3,7.1,6.8
1782718212.742,0.0,0.0,0.0,0.3,11:12,0.0,00:01,0.3,7.1,6.8
1782718217.752,0.0,0.0,0.0,0.3,11:12,0.0,00:01,0.3,7.1,6.8
1782718222.763,0.0,0.0,0.0,0.3,11:12,0.0,00:01,0.3,7.1,6.8
1782718227.771,0.0,0.0,0.0,0.3,11:12,0.0,00:01,0.3,7.1,6.8
1782718232.778,0.0,0.0,0.0,0.3,11:12,0.0,00:01,0.3,7.1,6.8
1782718237.792,0.0,0.0,0.0,0.3,11:12,0.0,00:01,0.3,7.1,6.8
1782718242.805,0.0,0.0,0.0,0.3,11:12,0.0,00:01,0.3,7.1,6.8
1782718247.817,0.0,0.0,0.0,0.3,11:12,0.0,00:01,0.3,7.1,6.8
1782718252.825,0.0,0.0,0.0,0.3,11:12,0.0,00:01,0.3,7.1,6.8
1782718257.836,0.0,0.0,0.0,0.3,11:12,0.0,00:01,0.3,7.1,6.8
1782718262.847,0.0,0.0,0.0,0.3,11:12,0.0,00:01,0.3,7.1,6.8
1782718267.859,0.0,0.0,0.0,0.3,11:12,0.0,00:01,0.3,7.1,6.8
1782718272.873,0.0,0.0,0.0,0.3,11:12,0.0,00:01,0.3,7.1,6.8
1782718277.879,0.0,0.0,0.0,0.3,11:12,0.0,00:01,0.3,7.1,6.8
1782718282.893,0.0,0.0,0.0,0.3,11:12,0.0,00:01,0.3,7.1,6.8
1782718287.906,0.0,0.0,0.0,0.3,11:12,0.0,00:01,0.3,7.1,6.8
1782718292.918,0.0,0.0,0.0,0.3,11:12,0.0,00:01,0.3,7.1,6.8
1782718297.927,0.0,0.0,0.0,0.3,11:12,0.0,00:01,0.3,7.1,6.8
1782718302.932,0.0,0.0,0.0,0.3,11:12,0.0,00:01,0.3,7.1,6.8
1782718307.947,0.0,0.0,0.0,0.3,11:12,0.0,00:01,0.3,7.1,6.8
1782718312.957,0.0,0.0,0.0,0.3,11:12,0.0,00:01,0.3,7.1,6.8
1782718317.968,0.0,0.0,0.0,0.3,11:12,0.0,00:01,0.3,7.1,6.8
1782718322.981,0.0,0.0,0.0,0.3,11:12,0.0,00:01,0.3,7.1,6.8
1782718327.993,0.0,0.0,0.0,0.3,11:12,0.0,00:01,0.3,7.1,6.8
1782718333.004,0.0,0.0,0.0,0.3,11:12,0.0,00:01,0.3,7.1,6.8
1782718338.016,0.0,0.0,0.0,0.3,11:12,0.0,00:01,0.3,7.1,6.8
1782718343.024,0.0,0.0,0.0,0.3,11:12,0.0,00:01,0.3,7.1,6.8
1782718348.037,0.0,0.0,0.0,0.3,11:12,0.0,00:01,0.3,7.1,6.8
1782718353.046,0.0,0.0,0.0,0.3,11:12,0.0,00:01,0.3,7.1,6.8
1782718358.056,0.0,0.0,0.0,0.3,11:12,0.0,00:01,0.3,7.1,6.8
1782718363.064,0.0,0.0,0.0,0.3,11:12,0.0,00:01,0.3,7.1,6.8
1782718368.071,0.0,0.0,0.0,0.3,11:12,0.0,00:01,0.3,7.1,6.8
1782718373.077,0.0,0.0,0.0,0.3,11:12,0.0,00:01,0.3,7.1,6.8
1782718378.087,0.0,0.0,0.0,0.3,11:12,0.0,00:01,0.3,7.1,6.8
1782718383.101,0.0,0.0,0.0,0.3,11:12,0.0,00:01,0.3,7.1,6.8
1782718388.115,0.0,0.0,0.0,0.3,11:12,0.0,00:01,0.3,7.1,6.8
1782718393.126,0.0,0.0,0.0,0.3,11:12,0.0,00:01,0.3,7.1,6.8
1782718398.134,0.0,0.0,0.0,0.3,11:12,0.0,00:01,0.3,7.1,6.8
1782718403.149,0.0,0.0,0.0,0.3,11:12,0.0,00:01,0.3,7.1,6.8
1782718408.159,0.0,0.0,0.0,0.3,11:12,0.0,00:01,0.3,7.1,6.8
1782718413.172,0.0,0.0,0.0,0.3,11:12,0.0,00:01,0.3,7.1,6.8
1782718418.186,0.0,0.0,0.0,0.3,11:12,0.0,00:01,0.3,7.1,6.8
1782718423.195,0.0,0.0,0.0,0.3,11:12,0.0,00:01,0.3,7.1,6.8
1782718428.205,0.0,0.0,0.0,0.3,11:12,0.0,00:01,0.3,7.1,6.8
1782718433.219,0.0,0.0,0.0,0.3,11:12,0.0,00:01,0.3,7.1,6.8
1782718438.231,0.0,0.0,0.0,0.3,11:12,0.0,00:01,0.3,7.1,6.8
1782718443.237,0.0,0.0,0.0,0.3,11:12,0.0,00:01,0.3,7.1,6.8
1782718448.25,0.0,0.0,0.0,0.3,11:12,0.0,00:01,0.3,7.1,6.8
1782718453.262,0.0,0.0,0.0,0.3,11:12,0.0,00:01,0.3,7.1,6.8
1782718458.274,0.0,0.0,0.0,0.3,11:12,0.0,00:01,0.3,7.1,6.8
1782718463.286,0.0,0.0,0.0,0.3,11:12,0.0,00:01,0.3,7.1,6.8
1782718468.295,0.0,0.0,0.0,0.3,11:12,0.0,00:01,0.3,7.1,6.8
1782718473.309,0.0,0.0,0.0,0.3,11:12,0.0,00:01,0.3,7.1,6.8
1782718478.318,0.0,0.0,0.0,0.3,11:12,0.0,00:01,0.3,7.1,6.8
1782718483.326,0.0,0.0,0.0,0.3,11:12,0.0,00:01,0.3,7.1,6.8
1782718488.337,0.0,0.0,0.0,0.3,11:12,0.0,00:01,0.3,7.1,6.8
1782718493.344,0.0,0.0,0.0,0.3,11:12,0.0,00:01,0.3,7.1,6.8
1782718498.355,0.0,0.0,0.0,0.3,11:12,0.0,00:01,0.3,7.1,6.8
1782718503.361,0.0,0.0,0.0,0.3,11:12,0.0,00:01,0.3,7.1,6.8
1782718508.366,0.0,0.0,0.0,0.3,11:12,0.0,00:01,0.3,7.1,6.8
1782718513.378,0.0,0.0,0.0,0.3,11:12,0.0,00:01,0.3,7.1,6.8
1782718518.385,0.0,0.0,0.0,0.3,11:12,0.0,00:01,0.3,7.1,6.8
1782718523.398,0.0,0.0,0.0,0.3,11:12,0.0,00:01,0.3,7.1,6.8
1782718528.409,0.0,0.0,0.0,0.3,11:12,0.0,00:01,0.3,7.1,6.8
1782718533.42,0.0,0.0,0.0,0.3,11:12,0.0,00:01,0.3,7.1,6.8
1782718538.429,0.0,0.0,0.0,0.3,11:12,0.0,00:01,0.3,7.1,6.8
1782718543.445,0.0,0.0,0.0,0.3,11:12,0.0,00:01,0.3,7.1,6.8
1782718548.454,0.0,0.0,0.0,0.3,11:12,0.0,00:01,0.3,7.1,6.8
1782718553.466,0.0,0.0,0.0,0.3,11:12,0.0,00:01,0.3,7.1,6.8
1782718558.477,0.0,0.0,0.0,0.3,11:12,0.0,00:01,0.3,7.1,6.8
1782718563.482,0.0,0.0,0.0,0.3,11:12,0.0,00:01,0.3,7.1,6.8
1782718568.491,0.0,0.0,0.0,0.3,11:12,0.0,00:01,0.3,7.1,6.8
1782718573.503,0.0,0.0,0.0,0.3,11:12,0.0,00:01,0.3,7.1,6.8
1782718578.508,0.0,0.0,0.0,0.3,11:12,0.0,00:01,0.3,7.1,6.8
1782718583.519,0.0,0.0,0.0,0.3,11:12,0.0,00:01,0.3,7.1,6.8
1782718588.525,0.0,0.0,0.0,0.3,11:12,0.0,00:01,0.3,7.1,6.8
1782718593.529,0.0,0.0,0.0,0.3,11:12,0.0,00:01,0.3,7.1,6.8
1782718598.541,0.0,0.0,0.0,0.3,11:12,0.0,00:01,0.3,7.1,6.8
1782718603.551,0.0,0.0,0.0,0.3,11:12,0.0,00:01,0.3,7.1,6.8
1782718608.56,0.0,0.0,0.0,0.3,11:12,0.0,00:01,0.3,7.1,6.8
1782718613.571,0.0,0.0,0.0,0.3,11:12,0.0,00:01,0.3,7.1,6.8
1782718618.581,0.0,0.0,0.0,0.3,11:12,0.0,00:01,0.3,7.1,6.8
1782718623.593,0.0,0.0,0.0,0.3,11:12,0.0,00:01,0.3,7.1,6.8
1782718628.605,0.0,0.0,0.0,0.3,11:12,0.0,00:01,0.3,7.1,6.8
1782718633.617,0.0,0.0,0.0,0.3,11:12,0.0,00:01,0.3,7.1,6.8
1782718638.629,0.0,0.0,0.0,0.3,11:12,0.0,00:01,0.3,7.1,6.8
1782718643.643,0.0,0.0,0.0,0.3,11:12,0.0,00:01,0.3,7.1,6.8
1782718648.651,0.0,0.0,0.0,0.3,11:12,0.0,00:01,0.3,7.1,6.8
1782718653.664,0.0,0.0,0.0,0.3,11:12,0.0,00:01,0.3,7.1,6.8
1782718658.668,0.0,0.0,0.0,0.3,11:12,0.0,00:01,0.3,7.1,6.8
1782718663.676,0.0,0.0,0.0,0.3,11:12,0.0,00:01,0.3,7.1,6.8
1782718668.687,0.0,0.0,0.0,0.3,11:12,0.0,00:01,0.3,7.1,6.8
1782718673.699,0.0,0.0,0.0,0.3,11:12,0.0,00:01,0.3,7.1,6.8
1782718678.712,0.0,0.0,0.0,0.3,11:12,0.0,00:01,0.3,7.1,6.8
1782718683.721,0.0,0.0,0.0,0.3,11:12,0.0,00:01,0.3,7.1,6.8
1782718688.731,0.0,0.0,0.0,0.3,11:12,0.0,00:01,0.3,7.1,6.8
1782718693.74,0.0,0.0,0.0,0.3,11:12,0.0,00:01,0.3,7.1,6.8
1782718698.751,0.0,0.0,0.0,0.3,11:12,0.0,00:01,0.3,7.1,6.8
1782718703.758,0.0,0.0,0.0,0.3,11:12,0.0,00:01,0.3,7.1,6.8
1782718708.77,0.0,0.0,0.0,0.3,11:12,0.0,00:01,0.3,7.1,6.8
1782718713.781,0.0,0.0,0.0,0.3,11:12,0.0,00:01,0.3,7.1,6.8
1782718718.79,0.0,0.0,0.0,0.3,11:12,0.0,00:01,0.3,7.1,6.8
1782718723.8,0.0,0.0,0.0,0.3,11:12,0.0,00:01,0.3,7.1,6.8
1782718728.805,0.0,0.0,0.0,0.3,11:12,0.0,00:01,0.3,7.1,6.8
1782718733.817,0.0,0.0,0.0,0.3,11:12,0.0,00:01,0.3,7.1,6.8
1782718738.831,0.0,0.0,0.0,0.3,11:12,0.0,00:01,0.3,7.1,6.8
1782718743.844,0.0,0.0,0.0,0.3,11:12,0.0,00:01,0.3,7.1,6.8
1782718748.858,0.0,0.0,0.0,0.3,11:12,0.0,00:01,0.3,7.1,6.8
1782718753.864,0.0,0.0,0.0,0.3,11:12,0.0,00:01,0.3,7.1,6.8
1782718758.878,0.0,0.0,0.0,0.3,11:12,0.0,00:01,0.3,7.1,6.8
1782718763.887,0.0,0.0,0.0,0.3,11:12,0.0,00:01,0.3,7.1,6.8
1782718768.899,0.0,0.0,0.0,0.3,11:12,0.0,00:01,0.3,7.1,6.8
1782718773.908,0.0,0.0,0.0,0.3,11:12,0.0,00:01,0.3,7.1,6.8
1782718778.92,0.0,0.0,0.0,0.3,11:12,0.0,00:01,0.3,7.1,6.8
1782718783.93,0.0,0.0,0.0,0.3,11:12,0.0,00:01,0.3,7.1,6.8
1782718788.94,0.0,0.0,0.0,0.3,11:12,0.0,00:01,0.3,7.1,6.8
1782718793.951,0.0,0.0,0.0,0.3,11:12,0.0,00:01,0.3,7.1,6.8
1782718798.956,0.0,0.0,0.0,0.3,11:12,0.0,00:01,0.3,7.1,6.8
1782718803.968,0.0,0.0,0.0,0.3,11:12,0.0,00:01,0.3,7.1,6.8
1782718808.98,0.0,0.0,0.0,0.3,11:12,0.0,00:01,0.3,7.1,6.8
1782718813.991,0.0,0.0,0.0,0.3,11:12,0.0,00:01,0.3,7.1,6.8
1782718819.002,0.0,0.0,0.0,0.3,11:12,0.0,00:01,0.3,7.1,6.8
1782718824.009,0.0,0.0,0.0,0.3,11:12,0.0,00:01,0.3,7.1,6.8
1782718829.017,0.0,0.0,0.0,0.3,11:12,0.0,00:01,0.3,7.1,6.8
1782718834.024,0.0,0.0,0.0,0.3,11:12,0.0,00:01,0.3,7.1,6.8
1782718839.034,0.0,0.0,0.0,0.3,11:12,0.0,00:01,0.3,7.1,6.8
1782718844.043,0.0,0.0,0.0,0.3,11:12,0.0,00:01,0.3,7.1,6.8
1782718849.057,0.0,0.0,0.0,0.3,11:12,0.0,00:01,0.3,7.1,6.8
1782718854.07,0.0,0.0,0.0,0.3,11:12,0.0,00:01,0.3,7.1,6.8
1782718859.081,0.0,0.0,0.0,0.3,11:12,0.0,00:01,0.3,7.1,6.8
1782718864.093,0.0,0.0,0.0,0.3,11:12,0.0,00:01,0.3,7.1,6.8
1782718869.098,0.0,0.0,0.0,0.3,11:12,0.0,00:01,0.3,7.1,6.8
1782718874.107,0.0,0.0,0.0,0.3,11:12,0.0,00:01,0.3,7.1,6.8
1782718879.12,0.0,0.0,0.0,0.3,11:12,0.0,00:01,0.3,7.1,6.8
1782718884.134,0.0,0.0,0.0,0.3,11:12,0.0,00:01,0.3,7.1,6.8
1782718889.147,0.0,0.0,0.0,0.3,11:12,0.0,00:01,0.3,7.1,6.8
1782718894.156,0.0,0.0,0.0,0.3,11:12,0.0,00:01,0.3,7.1,6.8
1782718899.167,0.0,0.0,0.0,0.3,11:12,0.0,00:01,0.3,7.1,6.8
1782718904.176,0.0,0.0,0.0,0.3,11:12,0.0,00:01,0.3,7.1,6.8
1782718909.189,0.0,0.0,0.0,0.3,11:12,0.0,00:01,0.3,7.1,6.8
1782718914.196,0.0,0.0,0.0,0.3,11:12,0.0,00:01,0.3,7.1,6.8
1782718919.206,0.0,0.0,0.0,0.3,11:12,0.0,00:01,0.3,7.1,6.8
1782718924.216,0.0,0.0,0.0,0.3,11:12,0.0,00:01,0.3,7.1,6.8
1782718929.225,0.0,0.0,0.0,0.3,11:12,0.0,00:01,0.3,7.1,6.8
1782718934.235,0.0,0.0,0.0,0.3,11:12,0.0,00:01,0.3,7.1,6.8
1782718939.241,0.0,0.0,0.0,0.3,11:12,0.0,00:01,0.3,7.1,6.8
1782718944.249,0.0,0.0,0.0,0.3,11:12,0.0,00:01,0.3,7.1,6.8
1782718949.257,0.0,0.0,0.0,0.3,11:12,0.0,00:01,0.3,7.1,6.8
1782718954.267,0.0,0.0,0.0,0.3,11:12,0.0,00:01,0.3,7.1,6.8
1782718959.278,0.0,0.0,0.0,0.3,11:12,0.0,00:01,0.3,7.1,6.8
1782718964.284,0.0,0.0,0.0,0.3,11:12,0.0,00:01,0.3,7.1,6.8
1782718969.292,0.0,0.0,0.0,0.3,11:12,0.0,00:01,0.3,7.1,6.8
1782718974.298,0.0,0.0,0.0,0.3,11:12,0.0,00:01,0.3,7.1,6.8
1782718979.308,0.0,0.0,0.0,0.3,11:12,0.0,00:01,0.3,7.1,6.8
1782718984.316,0.0,0.0,0.0,0.3,11:12,0.0,00:01,0.3,7.1,6.8
1782718989.33,0.0,0.0,0.0,0.3,11:12,0.0,00:01,0.3,7.1,6.8
1782718994.341,0.0,0.0,0.0,0.3,11:12,0.0,00:01,0.3,7.1,6.8
1782718999.355,0.0,0.0,0.0,0.3,11:12,0.0,00:01,0.3,7.1,6.8
1782719004.369,0.0,0.0,0.0,0.3,11:12,0.0,00:01,0.3,7.1,6.8
1782719009.372,0.0,0.0,0.0,0.3,11:12,0.0,00:01,0.3,7.1,6.8
1782719014.384,0.0,0.0,0.0,0.3,11:12,0.0,00:01,0.3,7.1,6.8
1782719019.39,0.0,0.0,0.0,0.3,11:12,0.0,00:01,0.3,7.1,6.8
1782719024.398,0.0,0.0,0.0,0.3,11:12,0.0,00:01,0.3,7.1,6.8
1782719029.411,0.0,0.0,0.0,0.3,11:12,0.0,00:01,0.3,7.1,6.8
1782719034.418,0.0,0.0,0.0,0.3,11:12,0.0,00:01,0.3,7.1,6.8
1782719039.429,0.0,0.0,0.0,0.3,11:12,0.0,00:01,0.3,7.1,6.8
1782719044.434,0.0,0.0,0.0,0.3,11:12,0.0,00:01,0.3,7.1,6.8
1782719049.443,0.0,0.0,0.0,0.3,11:12,0.0,00:01,0.3,7.1,6.8
1782719054.45,0.0,0.0,0.0,0.3,11:12,0.0,00:01,0.3,7.1,6.8
1782719059.456,0.0,0.0,0.0,0.3,11:12,0.0,00:01,0.3,7.1,6.8
1782719064.464,0.0,0.0,0.0,0.3,11:12,0.0,00:01,0.3,7.1,6.8
1782719069.496,0.0,0.0,0.0,0.3,11:12,0.0,00:01,0.3,7.1,6.8
1782719074.511,0.0,0.0,0.0,0.3,11:12,0.0,00:01,0.3,7.1,6.8
1782719079.516,0.0,0.0,0.0,0.3,11:12,0.0,00:01,0.3,7.1,6.8
1782719084.528,0.0,0.0,0.0,0.3,11:12,0.0,00:01,0.3,7.1,6.8
1782719089.537,0.0,0.0,0.0,0.3,11:12,0.0,00:01,0.3,7.1,6.8
1782719094.549,0.0,0.0,0.0,0.3,11:12,0.0,00:01,0.3,7.1,6.8
1782719099.552,0.0,0.0,0.0,0.3,11:12,0.0,00:01,0.3,7.1,6.8
1782719104.557,0.0,0.0,0.0,0.3,11:12,0.0,00:01,0.3,7.1,6.8
1782719109.568,0.0,0.0,0.0,0.3,11:12,0.0,00:01,0.3,7.1,6.8
1782719114.578,0.0,0.0,0.0,0.3,11:12,0.0,00:01,0.3,7.1,6.8
1782719119.591,0.0,0.0,0.0,0.3,11:12,0.0,00:01,0.3,7.1,6.8
1782719124.598,0.0,0.0,0.0,0.3,11:12,0.0,00:01,0.3,7.1,6.8
1782719129.608,0.0,0.0,0.0,0.3,11:12,0.0,00:01,0.3,7.1,6.8
1782719134.618,0.0,0.0,0.0,0.3,11:12,0.0,00:01,0.3,7.1,6.8
1782719139.629,0.0,0.0,0.0,0.3,11:12,0.0,00:01,0.3,7.1,6.8
1782719144.632,0.0,0.0,0.0,0.3,11:12,0.0,00:01,0.3,7.1,6.8
1782719149.644,0.0,0.0,0.0,0.3,11:12,0.0,00:01,0.3,7.1,6.8
1782719154.672,0.0,0.0,0.0,0.3,11:12,0.0,00:01,0.3,7.1,6.8
1782719159.705,0.0,0.0,0.0,0.3,11:12,0.0,00:01,0.3,7.1,6.8
1782719164.718,0.0,0.0,0.0,0.3,11:12,0.0,00:01,0.3,7.1,6.8
1782719169.725,0.0,0.0,0.0,0.3,11:12,0.0,00:01,0.3,7.1,6.8
1782719174.735,0.0,0.0,0.0,0.3,11:12,0.0,00:01,0.3,7.1,6.8
1782719179.746,0.0,0.0,0.0,0.3,11:12,0.0,00:01,0.3,7.1,6.8
1782719184.758,0.0,0.0,0.0,0.3,11:12,0.0,00:01,0.3,7.1,6.8
1782719189.771,0.0,0.0,0.0,0.3,11:12,0.0,00:01,0.3,7.1,6.8
1782719194.778,0.0,0.0,0.0,0.3,11:12,0.0,00:01,0.3,7.1,6.8
1782719199.784,0.0,0.0,0.0,0.3,11:12,0.0,00:01,0.3,7.1,6.8
1782719204.795,0.0,0.0,0.0,0.3,11:12,0.0,00:01,0.3,7.1,6.8
1782719206.491,0.0,0.0,0.0,0.3,11:12,0.0,00:01,0.3,7.1,6.8
1782719214.571,0.0,0.0,0.0,0.3,11:12,0.0,00:01,0.3,7.1,6.8
1782719219.585,0.0,0.0,0.0,0.3,11:12,0.0,00:01,0.3,7.1,6.8
1782719224.595,0.0,0.0,0.0,0.3,11:12,0.0,00:01,0.3,7.1,6.8
1782719229.603,0.0,0.0,0.0,0.3,11:12,0.0,00:01,0.3,7.1,6.8
1782719234.613,0.0,0.0,0.0,0.3,11:12,0.0,00:01,0.3,7.1,6.8
1782719239.623,0.0,0.0,0.0,0.3,11:12,0.0,00:01,0.3,7.1,6.8
1782719244.637,0.0,0.0,0.0,0.3,11:12,0.0,00:01,0.3,7.1,6.8
1782719249.648,0.0,0.0,0.0,0.3,11:12,0.0,00:01,0.3,7.1,6.8
1782719254.656,0.0,0.0,0.0,0.3,11:12,0.0,00:01,0.3,7.1,6.8
1782719259.669,0.0,0.0,0.0,0.3,11:12,0.0,00:01,0.3,7.1,6.8
1782719264.68,0.0,0.0,0.0,0.3,11:12,0.0,00:01,0.3,7.1,6.8
1782719269.716,0.0,0.0,0.0,0.3,11:12,0.0,00:01,0.3,7.1,6.8
1782719274.73,0.0,0.0,0.0,0.3,11:12,0.0,00:01,0.3,7.1,6.8
1782719279.74,0.0,0.0,0.0,0.3,11:12,0.0,00:01,0.3,7.1,6.8
1782719284.744,0.0,0.0,0.0,0.3,11:12,0.0,00:01,0.3,7.1,6.8
1782719289.756,0.0,0.0,0.0,0.3,11:12,0.0,00:01,0.3,7.1,6.8
1782719294.766,0.0,0.0,0.0,0.3,11:12,0.0,00:01,0.3,7.1,6.8
1782719299.775,0.0,0.0,0.0,0.3,11:12,0.0,00:01,0.3,7.1,6.8
1782719304.786,0.0,0.0,0.0,0.3,11:12,0.0,00:01,0.3,7.1,6.8
1782719309.794,0.0,0.0,0.0,0.3,11:12,0.0,00:01,0.3,7.1,6.8
1782719314.803,0.0,0.0,0.0,0.3,11:12,0.0,00:01,0.3,7.1,6.8
1782719319.811,0.0,0.0,0.0,0.3,11:12,0.0,00:01,0.3,7.1,6.8
1782719328.608,0.0,0.0,0.0,0.3,11:12,0.0,00:01,0.3,7.1,6.8
1782719333.622,0.0,0.0,0.0,0.3,11:12,0.0,00:01,0.3,7.1,6.8
1782719338.634,0.0,0.0,0.0,0.3,11:12,0.0,00:01,0.3,7.1,6.8
1782719343.687,0.0,0.0,0.0,0.3,11:12,0.0,00:01,0.3,7.1,6.8
1782719348.735,0.0,0.0,0.0,0.3,11:12,0.0,00:01,0.3,7.1,6.8
1782719353.804,0.0,0.0,0.0,0.3,11:12,0.0,00:01,0.3,7.1,6.8
1782719358.843,0.0,0.0,0.0,0.3,11:12,0.0,00:01,0.3,7.1,6.8
1782719363.852,0.0,0.0,0.0,0.3,11:12,0.0,00:01,0.3,7.1,6.8
1782719368.864,0.0,0.0,0.0,0.3,11:12,0.0,00:01,0.3,7.1,6.8
1782719373.879,0.0,0.0,0.0,0.3,11:12,0.0,00:01,0.3,7.1,6.8
1782719378.891,0.0,0.0,0.0,0.3,11:12,0.0,00:01,0.3,7.1,6.8
1782719383.899,0.0,0.0,0.0,0.3,11:12,0.0,00:01,0.3,7.1,6.8
1782719388.908,0.0,0.0,0.0,0.3,11:12,0.0,00:01,0.3,7.1,6.8
1782719393.918,0.0,0.0,0.0,0.3,11:12,0.0,00:01,0.3,7.1,6.8
1782719398.927,0.0,0.0,0.0,0.3,11:12,0.0,00:01,0.3,7.1,6.8
1782719403.934,0.0,0.0,0.0,0.3,11:12,0.0,00:01,0.3,7.1,6.8
1782719408.945,0.0,0.0,0.0,0.3,11:12,0.0,00:01,0.3,7.1,6.8
1782719413.955,0.0,0.0,0.0,0.3,11:12,0.0,00:01,0.3,7.1,6.8
1782719418.967,0.0,0.0,0.0,0.3,11:12,0.0,00:01,0.3,7.1,6.8
1782719423.974,0.0,0.0,0.0,0.3,11:12,0.0,00:01,0.3,7.1,6.8
1782719428.986,0.0,0.0,0.0,0.3,11:12,0.0,00:01,0.3,7.1,6.8
1782719433.996,0.0,0.0,0.0,0.3,11:12,0.0,00:01,0.3,7.1,6.8
1782719439.007,0.0,0.0,0.0,0.3,11:12,0.0,00:01,0.3,7.1,6.8
1782719444.021,0.0,0.0,0.0,0.3,11:12,0.0,00:01,0.3,7.1,6.8
1782719449.03,0.0,0.0,0.0,0.3,11:12,0.0,00:01,0.3,7.1,6.8
1782719454.04,0.0,0.0,0.0,0.3,11:12,0.0,00:01,0.3,7.1,6.8
1782719459.051,0.0,0.0,0.0,0.3,11:12,0.0,00:01,0.3,7.1,6.8
1782719464.058,0.0,0.0,0.0,0.3,11:12,0.0,00:01,0.3,7.1,6.8
1782719469.073,0.0,0.0,0.0,0.3,11:12,0.0,00:01,0.3,7.1,6.8
1782719474.082,0.0,0.0,0.0,0.3,11:12,0.0,00:01,0.3,7.1,6.8
1782719479.096,0.0,0.0,0.0,0.3,11:12,0.0,00:01,0.3,7.1,6.8
1782719484.109,0.0,0.0,0.0,0.3,11:12,0.0,00:01,0.3,7.1,6.8
1782719489.119,0.0,0.0,0.0,0.3,11:12,0.0,00:01,0.3,7.1,6.8
1782719494.131,0.0,0.0,0.0,0.3,11:12,0.0,00:01,0.3,7.1,6.8
1782719499.14,0.0,0.0,0.0,0.3,11:12,0.0,00:01,0.3,7.1,6.8
1782719504.152,0.0,0.0,0.0,0.3,11:12,0.0,00:01,0.3,7.1,6.8
1782719509.165,0.0,0.0,0.0,0.3,11:12,0.0,00:01,0.3,7.1,6.8
1782719514.179,0.0,0.0,0.0,0.3,11:12,0.0,00:01,0.3,7.1,6.8
1782719519.187,0.0,0.0,0.0,0.3,11:12,0.0,00:01,0.3,7.1,6.8
1782719524.196,0.0,0.0,0.0,0.3,11:12,0.0,00:01,0.3,7.1,6.8
1782719529.213,0.0,0.0,0.0,0.3,11:12,0.0,00:01,0.3,7.1,6.8
1782719534.222,0.0,0.0,0.0,0.3,11:12,0.0,00:01,0.3,7.1,6.8
1782719539.233,0.0,0.0,0.0,0.3,11:12,0.0,00:01,0.3,7.1,6.8
1782719544.24,0.0,0.0,0.0,0.3,11:12,0.0,00:01,0.3,7.1,6.8
1782719549.247,0.0,0.0,0.0,0.3,11:12,0.0,00:01,0.3,7.1,6.8
1782719554.259,0.0,0.0,0.0,0.3,11:12,0.0,00:01,0.3,7.1,6.8
1782719559.27,0.0,0.0,0.0,0.3,11:12,0.0,00:01,0.3,7.1,6.8
1782719564.283,0.0,0.0,0.0,0.3,11:12,0.0,00:01,0.3,7.1,6.8
1782719569.29,0.0,0.0,0.0,0.3,11:12,0.0,00:01,0.3,7.1,6.8
1782719574.303,0.0,0.0,0.0,0.3,11:12,0.0,00:01,0.3,7.1,6.8
1782719579.311,0.0,0.0,0.0,0.3,11:12,0.0,00:01,0.3,7.1,6.8
1782719584.322,0.0,0.0,0.0,0.3,11:12,0.0,00:01,0.3,7.1,6.8
1782719589.331,0.0,0.0,0.0,0.3,11:12,0.0,00:01,0.3,7.1,6.8
1782719594.343,0.0,0.0,0.0,0.3,11:12,0.0,00:01,0.3,7.1,6.8
1782719599.358,0.0,0.0,0.0,0.3,11:12,0.0,00:01,0.3,7.1,6.8
1782719604.371,0.0,0.0,0.0,0.3,11:12,0.0,00:01,0.3,7.1,6.8
1782719609.381,0.0,0.0,0.0,0.3,11:12,0.0,00:01,0.3,7.1,6.8
1782719614.385,0.0,0.0,0.0,0.3,11:12,0.0,00:01,0.3,7.1,6.8
1782719619.398,0.0,0.0,0.0,0.3,11:12,0.0,00:01,0.3,7.1,6.8
1782719624.41,0.0,0.0,0.0,0.3,11:12,0.0,00:01,0.3,7.1,6.8
1782719629.426,0.0,0.0,0.0,0.3,11:12,0.0,00:01,0.3,7.1,6.8
1782719634.438,0.0,0.0,0.0,0.3,11:12,0.0,00:01,0.3,7.1,6.8
1782719639.446,0.0,0.0,0.0,0.3,11:12,0.0,00:01,0.3,7.1,6.8
1782719644.456,0.0,0.0,0.0,0.3,11:12,0.0,00:01,0.3,7.1,6.8
1782719649.465,0.0,0.0,0.0,0.3,11:12,0.0,00:01,0.3,7.1,6.8
1782719654.474,0.0,0.0,0.0,0.3,11:12,0.0,00:01,0.3,7.1,6.8
1782719659.482,0.0,0.0,0.0,0.3,11:12,0.0,00:01,0.3,7.1,6.8
1782719664.492,0.0,0.0,0.0,0.3,11:12,0.0,00:01,0.3,7.1,6.8
1782719669.507,0.0,0.0,0.0,0.3,11:12,0.0,00:01,0.3,7.1,6.8
1782719674.519,0.0,0.0,0.0,0.3,11:12,0.0,00:01,0.3,7.1,6.8
1782719679.534,0.0,0.0,0.0,0.3,11:12,0.0,00:01,0.3,7.1,6.8
1782719684.541,0.0,0.0,0.0,0.3,11:12,0.0,00:01,0.3,7.1,6.8
1782719689.553,0.0,0.0,0.0,0.3,11:12,0.0,00:01,0.3,7.1,6.8
1782719694.564,0.0,0.0,0.0,0.3,11:12,0.0,00:01,0.3,7.1,6.8
1782719699.625,0.0,0.0,0.0,0.3,11:12,0.0,00:01,0.3,7.1,6.8
1782719704.65,0.0,0.0,0.0,0.3,11:12,0.0,00:01,0.3,7.1,6.8
1782719709.664,0.0,0.0,0.0,0.3,11:12,0.0,00:01,0.3,7.1,6.8
1782719714.676,0.0,0.0,0.0,0.3,11:12,0.0,00:01,0.3,7.1,6.8
1782719719.686,0.0,0.0,0.0,0.3,11:12,0.0,00:01,0.3,7.1,6.8
1782719724.703,0.0,0.0,0.0,0.3,11:12,0.0,00:01,0.3,7.1,6.8
1782719729.706,0.0,0.0,0.0,0.3,11:12,0.0,00:01,0.3,7.1,6.8
1782719734.717,0.0,0.0,0.0,0.3,11:12,0.0,00:01,0.3,7.1,6.8
1782719739.726,0.0,0.0,0.0,0.3,11:12,0.0,00:01,0.3,7.1,6.8
1782719744.738,0.0,0.0,0.0,0.3,11:12,0.0,00:01,0.3,7.1,6.8
1782719749.751,0.0,0.0,0.0,0.3,11:12,0.0,00:01,0.3,7.1,6.8
1782719754.76,0.0,0.0,0.0,0.3,11:12,0.0,00:01,0.3,7.1,6.8
1782719759.765,0.0,0.0,0.0,0.3,11:12,0.0,00:01,0.3,7.1,6.8
1782719764.776,0.0,0.0,0.0,0.3,11:12,0.0,00:01,0.3,7.1,6.8
1782719769.792,0.0,0.0,0.0,0.3,11:12,0.0,00:01,0.3,7.1,6.8
1782719774.8,0.0,0.0,0.0,0.3,11:12,0.0,00:01,0.3,7.1,6.8
1782719779.81,0.0,0.0,0.0,0.3,11:12,0.0,00:01,0.3,7.1,6.8
1782719784.824,0.0,0.0,0.0,0.3,11:12,0.0,00:01,0.3,7.1,6.8
1782719789.836,0.0,0.0,0.0,0.3,11:12,0.0,00:01,0.3,7.1,6.8
1782719794.845,0.0,0.0,0.0,0.3,11:12,0.0,00:01,0.3,7.1,6.8
1782719799.85,0.0,0.0,0.0,0.3,11:12,0.0,00:01,0.3,7.1,6.8
1782719804.862,0.0,0.0,0.0,0.3,11:12,0.0,00:01,0.3,7.1,6.8
1782719809.874,0.0,0.0,0.0,0.3,11:12,0.0,00:01,0.3,7.1,6.8
1782719814.887,0.0,0.0,0.0,0.3,11:12,0.0,00:01,0.3,7.1,6.8
1782719819.901,0.0,0.0,0.0,0.3,11:12,0.0,00:01,0.3,7.1,6.8
1782719824.907,0.0,0.0,0.0,0.3,11:12,0.0,00:01,0.3,7.1,6.8
1782719829.918,0.0,0.0,0.0,0.3,11:12,0.0,00:01,0.3,7.1,6.8
1782719834.93,0.0,0.0,0.0,0.3,11:12,0.0,00:01,0.3,7.1,6.8
1782719839.944,0.0,0.0,0.0,0.3,11:12,0.0,00:01,0.3,7.1,6.8
1782719844.948,0.0,0.0,0.0,0.3,11:12,0.0,00:01,0.3,7.1,6.8
1782719849.956,0.0,0.0,0.0,0.3,11:12,0.0,00:01,0.3,7.1,6.8
1782719854.97,0.0,0.0,0.0,0.3,11:12,0.0,00:01,0.3,7.1,6.8
1782719859.978,0.0,0.0,0.0,0.3,11:12,0.0,00:01,0.3,7.1,6.8
1782719864.99,0.0,0.0,0.0,0.3,11:12,0.0,00:01,0.3,7.1,6.8
1782719869.995,0.0,0.0,0.0,0.3,11:12,0.0,00:01,0.3,7.1,6.8
1782719875.011,0.0,0.0,0.0,0.3,11:12,0.0,00:01,0.3,7.1,6.8
1782719880.023,0.0,0.0,0.0,0.3,11:12,0.0,00:01,0.3,7.1,6.8
1782719885.036,0.0,0.0,0.0,0.3,11:12,0.0,00:01,0.3,7.1,6.8
1782719890.047,0.0,0.0,0.0,0.3,11:12,0.0,00:01,0.3,7.1,6.8
1782719895.05,0.0,0.0,0.0,0.3,11:12,0.0,00:01,0.3,7.1,6.8
1782719900.053,0.0,0.0,0.0,0.3,11:12,0.0,00:01,0.3,7.1,6.8
1782719905.062,0.0,0.0,0.0,0.3,11:12,0.0,00:01,0.3,7.1,6.8
1782719910.075,0.0,0.0,0.0,0.3,11:12,0.0,00:01,0.3,7.1,6.8
1782719915.082,0.0,0.0,0.0,0.3,11:12,0.0,00:01,0.3,7.1,6.8
1782719920.094,0.0,0.0,0.0,0.3,11:12,0.0,00:01,0.3,7.1,6.8
1782719925.108,0.0,0.0,0.0,0.3,11:12,0.0,00:01,0.3,7.1,6.8
1782719930.12,0.0,0.0,0.0,0.3,11:12,0.0,00:01,0.3,7.1,6.8
1782719935.135,0.0,0.0,0.0,0.3,11:12,0.0,00:01,0.3,7.1,6.8
1782719940.142,0.0,0.0,0.0,0.3,11:12,0.0,00:01,0.3,7.1,6.8
1782719945.154,0.0,0.0,0.0,0.3,11:12,0.0,00:01,0.3,7.1,6.8
1782719950.167,0.0,0.0,0.0,0.3,11:12,0.0,00:01,0.3,7.1,6.8
1782719955.185,0.0,0.0,0.0,0.3,11:12,0.0,00:01,0.3,7.1,6.8
1782719960.198,0.0,0.0,0.0,0.3,11:12,0.0,00:01,0.3,7.1,6.8
1782719965.206,0.0,0.0,0.0,0.3,11:12,0.0,00:01,0.3,7.1,6.8
1782719970.216,0.0,0.0,0.0,0.3,11:12,0.0,00:01,0.3,7.1,6.8
1782719975.229,0.0,0.0,0.0,0.3,11:12,0.0,00:01,0.3,7.1,6.8
1782719980.244,0.0,0.0,0.0,0.3,11:12,0.0,00:01,0.3,7.1,6.8
1782719985.264,0.0,0.0,0.0,0.3,11:12,0.0,00:01,0.3,7.1,6.8
1782720371.331,0.0,0.0,0.0,0.3,11:12,0.0,00:01,0.3,7.1,6.8
1782720376.346,0.0,0.0,0.0,0.3,11:12,0.0,00:01,0.3,7.1,6.8
1782720381.357,0.0,0.0,0.0,0.3,11:12,0.0,00:01,0.3,7.1,6.8
1782720386.368,0.0,0.0,0.0,0.3,11:12,0.0,00:01,0.3,7.1,6.8
1782720391.377,0.0,0.0,0.0,0.3,11:12,0.0,00:01,0.3,7.1,6.8
1782720396.387,0.0,0.0,0.0,0.3,11:12,0.0,00:01,0.3,7.1,6.8
1782720401.399,0.0,0.0,0.0,0.3,11:12,0.0,00:01,0.3,7.1,6.8
1782720406.407,0.0,0.0,0.0,0.3,11:12,0.0,00:01,0.3,7.1,6.8
1782720411.419,0.0,0.0,0.0,0.3,11:12,0.0,00:01,0.3,7.1,6.8
1782720416.435,0.0,0.0,0.0,0.3,11:12,0.0,00:01,0.3,7.1,6.8
1782720421.444,0.0,0.0,0.0,0.3,11:12,0.0,00:01,0.3,7.1,6.8
1782720426.454,0.0,0.0,0.0,0.3,11:12,0.0,00:01,0.3,7.1,6.8
1782720431.463,0.0,0.0,0.0,0.3,11:12,0.0,00:01,0.3,7.1,6.8
1782720436.471,0.0,0.0,0.0,0.3,11:12,0.0,00:01,0.3,7.1,6.8
1782720441.474,0.0,0.0,0.0,0.3,11:12,0.0,00:01,0.3,7.1,6.8
1782720446.487,0.0,0.0,0.0,0.3,11:12,0.0,00:01,0.3,7.1,6.8
1782720451.496,0.0,0.0,0.0,0.3,11:12,0.0,00:01,0.3,7.1,6.8
1782720456.503,0.0,0.0,0.0,0.3,11:12,0.0,00:01,0.3,7.1,6.8
1782720461.511,0.0,0.0,0.0,0.3,11:12,0.0,00:01,0.3,7.1,6.8
1782720466.519,0.0,0.0,0.0,0.3,11:12,0.0,00:01,0.3,7.1,6.8
1782720471.53,0.0,0.0,0.0,0.3,11:12,0.0,00:01,0.3,7.1,6.8
1782720476.539,0.0,0.0,0.0,0.3,11:12,0.0,00:01,0.3,7.1,6.8
1782720481.547,0.0,0.0,0.0,0.3,11:12,0.0,00:01,0.3,7.1,6.8
1782720486.557,0.0,0.0,0.0,0.3,11:12,0.0,00:01,0.3,7.1,6.8
1782720491.562,0.0,0.0,0.0,0.3,11:12,0.0,00:01,0.3,7.1,6.8
1782720496.571,0.0,0.0,0.0,0.3,11:12,0.0,00:01,0.3,7.1,6.8
1782720501.579,0.0,0.0,0.0,0.3,11:12,0.0,00:01,0.3,7.1,6.8
1782720506.588,0.0,0.0,0.0,0.3,11:12,0.0,00:01,0.3,7.1,6.8
1782720511.595,0.0,0.0,0.0,0.3,11:12,0.0,00:01,0.3,7.1,6.8
1782720516.602,0.0,0.0,0.0,0.3,11:12,0.0,00:01,0.3,7.1,6.8
1782720521.613,0.0,0.0,0.0,0.3,11:12,0.0,00:01,0.3,7.1,6.8
1782720526.626,0.0,0.0,0.0,0.3,11:12,0.0,00:01,0.3,7.1,6.8
1782720531.638,0.0,0.0,0.0,0.3,11:12,0.0,00:01,0.3,7.1,6.8
1782720536.648,0.0,0.0,0.0,0.3,11:12,0.0,00:01,0.3,7.1,6.8
1782720541.657,0.0,0.0,0.0,0.3,11:12,0.0,00:01,0.3,7.1,6.8
1782720546.669,0.0,0.0,0.0,0.3,11:12,0.0,00:01,0.3,7.1,6.8
1782720551.68,0.0,0.0,0.0,0.3,11:12,0.0,00:01,0.3,7.1,6.8
1782720556.693,0.0,0.0,0.0,0.3,11:12,0.0,00:01,0.3,7.1,6.8
1782720561.699,0.0,0.0,0.0,0.3,11:12,0.0,00:01,0.3,7.1,6.8
1782720566.712,0.0,0.0,0.0,0.3,11:12,0.0,00:01,0.3,7.1,6.8
1782720571.725,0.0,0.0,0.0,0.3,11:12,0.0,00:01,0.3,7.1,6.8
1782720576.734,0.0,0.0,0.0,0.3,11:12,0.0,00:01,0.3,7.1,6.8
1782720581.74,0.0,0.0,0.0,0.3,11:12,0.0,00:01,0.3,7.1,6.8
1782720586.751,0.0,0.0,0.0,0.3,11:12,0.0,00:01,0.3,7.1,6.8
1782720591.76,0.0,0.0,0.0,0.3,11:12,0.0,00:01,0.3,7.1,6.8
1782720596.774,0.0,0.0,0.0,0.3,11:12,0.0,00:01,0.3,7.1,6.8
1782720601.785,0.0,0.0,0.0,0.3,11:12,0.0,00:01,0.3,7.1,6.8
1782720606.793,0.0,0.0,0.0,0.3,11:12,0.0,00:01,0.3,7.1,6.8
1782720611.803,0.0,0.0,0.0,0.3,11:12,0.0,00:01,0.3,7.1,6.8
1782720616.811,0.0,0.0,0.0,0.3,11:12,0.0,00:01,0.3,7.1,6.8
1782720621.82,0.0,0.0,0.0,0.3,11:12,0.0,00:01,0.3,7.1,6.8
1782720626.829,0.0,0.0,0.0,0.3,11:12,0.0,00:01,0.3,7.1,6.8
1782720631.844,0.0,0.0,0.0,0.3,11:12,0.0,00:01,0.3,7.1,6.8
1782720636.857,0.0,0.0,0.0,0.3,11:12,0.0,00:01,0.3,7.1,6.8
1782720641.869,0.0,0.0,0.0,0.3,11:12,0.0,00:01,0.3,7.1,6.8
1782720646.882,0.0,0.0,0.0,0.3,11:12,0.0,00:01,0.3,7.1,6.8
1782720651.888,0.0,0.0,0.0,0.3,11:12,0.0,00:01,0.3,7.1,6.8
1782720656.906,0.0,0.0,0.0,0.3,11:12,0.0,00:01,0.3,7.1,6.8
1782720661.917,0.0,0.0,0.0,0.3,11:12,0.0,00:01,0.3,7.1,6.8
1782720666.93,0.0,0.0,0.0,0.3,11:12,0.0,00:01,0.3,7.1,6.8
1782720671.945,0.0,0.0,0.0,0.3,11:12,0.0,00:01,0.3,7.1,6.8
1782720676.955,0.0,0.0,0.0,0.3,11:12,0.0,00:01,0.3,7.1,6.8
1782720681.964,0.0,0.0,0.0,0.3,11:12,0.0,00:01,0.3,7.1,6.8
1782720686.975,0.0,0.0,0.0,0.3,11:12,0.0,00:01,0.3,7.1,6.8
1782720691.985,0.0,0.0,0.0,0.3,11:12,0.0,00:01,0.3,7.1,6.8
1782720696.999,0.0,0.0,0.0,0.3,11:12,0.0,00:01,0.3,7.1,6.8
1782720702.008,0.0,0.0,0.0,0.3,11:12,0.0,00:01,0.3,7.1,6.8
1782720707.021,0.0,0.0,0.0,0.3,11:12,0.0,00:01,0.3,7.1,6.8
1782720712.034,0.0,0.0,0.0,0.3,11:12,0.0,00:01,0.3,7.1,6.8
1782720717.047,0.0,0.0,0.0,0.3,11:12,0.0,00:01,0.3,7.1,6.8
1782720722.055,0.0,0.0,0.0,0.3,11:12,0.0,00:01,0.3,7.1,6.8
1782720727.074,0.0,0.0,0.0,0.3,11:12,0.0,00:01,0.3,7.1,6.8
1782720732.083,0.0,0.0,0.0,0.3,11:12,0.0,00:01,0.3,7.1,6.8
1782720737.094,0.0,0.0,0.0,0.3,11:12,0.0,00:01,0.3,7.1,6.8
1782720742.107,0.0,0.0,0.0,0.3,11:12,0.0,00:01,0.3,7.1,6.8
1782720747.116,0.0,0.0,0.0,0.3,11:12,0.0,00:01,0.3,7.1,6.8
1782720752.127,0.0,0.0,0.0,0.3,11:12,0.0,00:01,0.3,7.1,6.8
1782720757.141,0.0,0.0,0.0,0.3,11:12,0.0,00:01,0.3,7.1,6.8
1782720762.154,0.0,0.0,0.0,0.3,11:12,0.0,00:01,0.3,7.1,6.8
1782720767.163,0.0,0.0,0.0,0.3,11:12,0.0,00:01,0.3,7.1,6.8
1782720772.172,0.0,0.0,0.0,0.3,11:12,0.0,00:01,0.3,7.1,6.8
1782720777.182,0.0,0.0,0.0,0.3,11:12,0.0,00:01,0.3,7.1,6.8
1782720782.19,0.0,0.0,0.0,0.3,11:12,0.0,00:01,0.3,7.1,6.8
1782720787.198,0.0,0.0,0.0,0.3,11:12,0.0,00:01,0.3,7.1,6.8
1782720792.209,0.0,0.0,0.0,0.3,11:12,0.0,00:01,0.3,7.1,6.8
1782720797.216,0.0,0.0,0.0,0.3,11:12,0.0,00:01,0.3,7.1,6.8
1782720802.226,0.0,0.0,0.0,0.3,11:12,0.0,00:01,0.3,7.1,6.8
1782720807.235,0.0,0.0,0.0,0.3,11:12,0.0,00:01,0.3,7.1,6.8
1782720812.247,0.0,0.0,0.0,0.3,11:12,0.0,00:01,0.3,7.1,6.8
1782720817.252,0.0,0.0,0.0,0.3,11:12,0.0,00:01,0.3,7.1,6.8
1782720822.264,0.0,0.0,0.0,0.3,11:12,0.0,00:01,0.3,7.1,6.8
1782720827.278,0.0,0.0,0.0,0.3,11:12,0.0,00:01,0.3,7.1,6.8
1782720832.286,0.0,0.0,0.0,0.3,11:12,0.0,00:01,0.3,7.1,6.8
1782720837.297,0.0,0.0,0.0,0.3,11:12,0.0,00:01,0.3,7.1,6.8
1782720842.307,0.0,0.0,0.0,0.3,11:12,0.0,00:01,0.3,7.1,6.8
1782720847.319,0.0,0.0,0.0,0.3,11:12,0.0,00:01,0.3,7.1,6.8
1782720852.33,0.0,0.0,0.0,0.3,11:12,0.0,00:01,0.3,7.1,6.8
1782720857.344,0.0,0.0,0.0,0.3,11:12,0.0,00:01,0.3,7.1,6.8
1782720862.359,0.0,0.0,0.0,0.3,11:12,0.0,00:01,0.3,7.1,6.8
1782720867.367,0.0,0.0,0.0,0.3,11:12,0.0,00:01,0.3,7.1,6.8
1782720872.372,0.0,0.0,0.0,0.3,11:12,0.0,00:01,0.3,7.1,6.8
1782720877.382,0.0,0.0,0.0,0.3,11:12,0.0,00:01,0.3,7.1,6.8
1782720882.39,0.0,0.0,0.0,0.3,11:12,0.0,00:01,0.3,7.1,6.8
1782720887.395,0.0,0.0,0.0,0.3,11:12,0.0,00:01,0.3,7.1,6.8
1782720892.404,0.0,0.0,0.0,0.3,11:12,0.0,00:01,0.3,7.1,6.8
1782720897.419,0.0,0.0,0.0,0.3,11:12,0.0,00:01,0.3,7.1,6.8
1782720902.426,0.0,0.0,0.0,0.3,11:12,0.0,00:01,0.3,7.1,6.8
1782720907.434,0.0,0.0,0.0,0.3,11:12,0.0,00:01,0.3,7.1,6.8
1782720912.44,0.0,0.0,0.0,0.3,11:12,0.0,00:01,0.3,7.1,6.8
1782720917.448,0.0,0.0,0.0,0.3,11:12,0.0,00:01,0.3,7.1,6.8
1782720922.455,0.0,0.0,0.0,0.3,11:12,0.0,00:01,0.3,7.1,6.8
1782720927.471,0.0,0.0,0.0,0.3,11:12,0.0,00:01,0.3,7.1,6.8
1782720932.485,0.0,0.0,0.0,0.3,11:12,0.0,00:01,0.3,7.1,6.8
1782720937.488,0.0,0.0,0.0,0.3,11:12,0.0,00:01,0.3,7.1,6.8
1782720942.5,0.0,0.0,0.0,0.3,11:12,0.0,00:01,0.3,7.1,6.8
1782720947.51,0.0,0.0,0.0,0.3,11:12,0.0,00:01,0.3,7.1,6.8
1782720952.532,0.0,0.0,0.0,0.3,11:12,0.0,00:01,0.3,7.1,6.8
1782720957.54,0.0,0.0,0.0,0.3,11:12,0.0,00:01,0.3,7.1,6.8
1782720962.547,0.0,0.0,0.0,0.3,11:12,0.0,00:01,0.3,7.1,6.8
1782720967.56,0.0,0.0,0.0,0.3,11:12,0.0,00:01,0.3,7.1,6.8
1782720972.572,0.0,0.0,0.0,0.3,11:12,0.0,00:01,0.3,7.1,6.8
1782720977.585,0.0,0.0,0.0,0.3,11:12,0.0,00:01,0.3,7.1,6.8
1782720982.594,0.0,0.0,0.0,0.3,11:12,0.0,00:01,0.3,7.1,6.8
1782720987.609,0.0,0.0,0.0,0.3,11:12,0.0,00:01,0.3,7.1,6.8
1782720992.621,0.0,0.0,0.0,0.3,11:12,0.0,00:01,0.3,7.1,6.8
1782720997.635,0.0,0.0,0.0,0.3,11:12,0.0,00:01,0.3,7.1,6.8
1782721002.649,0.0,0.0,0.0,0.3,11:12,0.0,00:01,0.3,7.1,6.8
1782721007.653,0.0,0.0,0.0,0.3,11:12,0.0,00:01,0.3,7.1,6.8
1782721012.666,0.0,0.0,0.0,0.3,11:12,0.0,00:01,0.3,7.1,6.8
1782721017.677,0.0,0.0,0.0,0.3,11:12,0.0,00:01,0.3,7.1,6.8
1782721022.69,0.0,0.0,0.0,0.3,11:12,0.0,00:01,0.3,7.1,6.8
1782721027.706,0.0,0.0,0.0,0.3,11:12,0.0,00:01,0.3,7.1,6.8
1782721032.71,0.0,0.0,0.0,0.3,11:12,0.0,00:01,0.3,7.1,6.8
1782721037.724,0.0,0.0,0.0,0.3,11:12,0.0,00:01,0.3,7.1,6.8
1782721042.736,0.0,0.0,0.0,0.3,11:12,0.0,00:01,0.3,7.1,6.8
1782721047.75,0.0,0.0,0.0,0.3,11:12,0.0,00:01,0.3,7.1,6.8
1782721052.759,0.0,0.0,0.0,0.3,11:12,0.0,00:01,0.3,7.1,6.8
1782721057.769,0.0,0.0,0.0,0.3,11:12,0.0,00:01,0.3,7.1,6.8
1782721062.78,0.0,0.0,0.0,0.3,11:12,0.0,00:01,0.3,7.1,6.8
1782721067.794,0.0,0.0,0.0,0.3,11:12,0.0,00:01,0.3,7.1,6.8
1782721072.809,0.0,0.0,0.0,0.3,11:12,0.0,00:01,0.3,7.1,6.8
1782721077.816,0.0,0.0,0.0,0.3,11:12,0.0,00:01,0.3,7.1,6.8
1782721082.831,0.0,0.0,0.0,0.3,11:12,0.0,00:01,0.3,7.1,6.8
1782721087.836,0.0,0.0,0.0,0.3,11:12,0.0,00:01,0.3,7.1,6.8
1782721092.845,0.0,0.0,0.0,0.3,11:12,0.0,00:01,0.3,7.1,6.8
1782721097.857,0.0,0.0,0.0,0.3,11:12,0.0,00:01,0.3,7.1,6.8
1782721102.862,0.0,0.0,0.0,0.3,11:12,0.0,00:01,0.3,7.1,6.8
1782721107.868,0.0,0.0,0.0,0.3,11:12,0.0,00:01,0.3,7.1,6.8
1782721112.884,0.0,0.0,0.0,0.3,11:12,0.0,00:01,0.3,7.1,6.8
1782721117.898,0.0,0.0,0.0,0.3,11:12,0.0,00:01,0.3,7.1,6.8
1782721122.906,0.0,0.0,0.0,0.3,11:12,0.0,00:01,0.3,7.1,6.8
1782721127.914,0.0,0.0,0.0,0.3,11:12,0.0,00:01,0.3,7.1,6.8
1782721132.925,0.0,0.0,0.0,0.3,11:12,0.0,00:01,0.3,7.1,6.8
1782721137.935,0.0,0.0,0.0,0.3,11:12,0.0,00:01,0.3,7.1,6.8
1782721142.945,0.0,0.0,0.0,0.3,11:12,0.0,00:01,0.3,7.1,6.8
1782721147.948,0.0,0.0,0.0,0.3,11:12,0.0,00:01,0.3,7.1,6.8
1782721152.959,0.0,0.0,0.0,0.3,11:12,0.0,00:01,0.3,7.1,6.8
1782721157.969,0.0,0.0,0.0,0.3,11:12,0.0,00:01,0.3,7.1,6.8
1782721162.978,0.0,0.0,0.0,0.3,11:12,0.0,00:01,0.3,7.1,6.8
1782721167.988,0.0,0.0,0.0,0.3,11:12,0.0,00:01,0.3,7.1,6.8
1782721172.994,0.0,0.0,0.0,0.3,11:12,0.0,00:01,0.3,7.1,6.8
1782721178.004,0.0,0.0,0.0,0.3,11:12,0.0,00:01,0.3,7.1,6.8
1782721183.014,0.0,0.0,0.0,0.3,11:12,0.0,00:01,0.3,7.1,6.8
1782721188.024,0.0,0.0,0.0,0.3,11:12,0.0,00:01,0.3,7.1,6.8
1782721193.028,0.0,0.0,0.0,0.3,11:12,0.0,00:01,0.3,7.1,6.8
1782721198.036,0.0,0.0,0.0,0.3,11:12,0.0,00:01,0.3,7.1,6.8
1782721203.046,0.0,0.0,0.0,0.3,11:12,0.0,00:01,0.3,7.1,6.8
1782721208.056,0.0,0.0,0.0,0.3,11:12,0.0,00:01,0.3,7.1,6.8
1782721213.071,0.0,0.0,0.0,0.3,11:12,0.0,00:01,0.3,7.1,6.8
1782721218.076,0.0,0.0,0.0,0.3,11:12,0.0,00:01,0.3,7.1,6.8
1782721223.086,0.0,0.0,0.0,0.3,11:12,0.0,00:01,0.3,7.1,6.8
1782721228.095,0.0,0.0,0.0,0.3,11:12,0.0,00:01,0.3,7.1,6.8
1782721233.106,0.0,0.0,0.0,0.3,11:12,0.0,00:01,0.3,7.1,6.8
1782721238.116,0.0,0.0,0.0,0.3,11:12,0.0,00:01,0.3,7.1,6.8
1782721243.12,0.0,0.0,0.0,0.3,11:12,0.0,00:01,0.3,7.1,6.8
1782721248.13,0.0,0.0,0.0,0.3,11:12,0.0,00:01,0.3,7.1,6.8
1782721253.141,0.0,0.0,0.0,0.3,11:12,0.0,00:01,0.3,7.1,6.8
1782721258.151,0.0,0.0,0.0,0.3,11:12,0.0,00:01,0.3,7.1,6.8
1782721263.158,0.0,0.0,0.0,0.3,11:12,0.0,00:01,0.3,7.1,6.8
1782721268.171,0.0,0.0,0.0,0.3,11:12,0.0,00:01,0.3,7.1,6.8
1782721273.179,0.0,0.0,0.0,0.3,11:12,0.0,00:01,0.3,7.1,6.8
1782721278.188,0.0,0.0,0.0,0.3,11:12,0.0,00:01,0.3,7.1,6.8
1782721283.206,0.0,0.0,0.0,0.3,11:12,0.0,00:01,0.3,7.1,6.8
1782721288.212,0.0,0.0,0.0,0.3,11:12,0.0,00:01,0.3,7.1,6.8
1782721293.227,0.0,0.0,0.0,0.3,11:12,0.0,00:01,0.3,7.1,6.8
1782721298.239,0.0,0.0,0.0,0.3,11:12,0.0,00:01,0.3,7.1,6.8
1782721303.247,0.0,0.0,0.0,0.3,11:12,0.0,00:01,0.3,7.1,6.8
1782721308.26,0.0,0.0,0.0,0.3,11:12,0.0,00:01,0.3,7.1,6.8
1782721313.264,0.0,0.0,0.0,0.3,11:12,0.0,00:01,0.3,7.1,6.8
1782721318.276,0.0,0.0,0.0,0.3,11:12,0.0,00:01,0.3,7.1,6.8
1782721323.286,0.0,0.0,0.0,0.3,11:12,0.0,00:01,0.3,7.1,6.8
1782721328.301,0.0,0.0,0.0,0.3,11:12,0.0,00:01,0.3,7.1,6.8
1782721333.309,0.0,0.0,0.0,0.3,11:12,0.0,00:01,0.3,7.1,6.8
1782721338.319,0.0,0.0,0.0,0.3,11:12,0.0,00:01,0.3,7.1,6.8
1782721343.331,0.0,0.0,0.0,0.3,11:12,0.0,00:01,0.3,7.1,6.8
1782721348.343,0.0,0.0,0.0,0.3,11:12,0.0,00:01,0.3,7.1,6.8
1782721353.355,0.0,0.0,0.0,0.3,11:12,0.0,00:01,0.3,7.1,6.8
1782721358.36,0.0,0.0,0.0,0.3,11:12,0.0,00:01,0.3,7.1,6.8
1782721363.366,0.0,0.0,0.0,0.3,11:12,0.0,00:01,0.3,7.1,6.8
1782721368.377,0.0,0.0,0.0,0.3,11:12,0.0,00:01,0.3,7.1,6.8
1782721373.387,0.0,0.0,0.0,0.3,11:12,0.0,00:01,0.3,7.1,6.8
1782721378.394,0.0,0.0,0.0,0.3,11:12,0.0,00:01,0.3,7.1,6.8
1782721383.402,0.0,0.0,0.0,0.3,11:12,0.0,00:01,0.3,7.1,6.8
1782721388.41,0.0,0.0,0.0,0.3,11:12,0.0,00:01,0.3,7.1,6.8
1782721393.422,0.0,0.0,0.0,0.3,11:12,0.0,00:01,0.3,7.1,6.8
1782721398.432,0.0,0.0,0.0,0.3,11:12,0.0,00:01,0.3,7.1,6.8
1782721403.442,0.0,0.0,0.0,0.3,11:12,0.0,00:01,0.3,7.1,6.8
1782721408.45,0.0,0.0,0.0,0.3,11:12,0.0,00:01,0.3,7.1,6.8
1782721413.456,0.0,0.0,0.0,0.3,11:12,0.0,00:01,0.3,7.1,6.8
1782721418.464,0.0,0.0,0.0,0.3,11:12,0.0,00:01,0.3,7.1,6.8
1782721423.478,0.0,0.0,0.0,0.3,11:12,0.0,00:01,0.3,7.1,6.8
1782721428.484,0.0,0.0,0.0,0.3,11:12,0.0,00:01,0.3,7.1,6.8
1782721433.496,0.0,0.0,0.0,0.3,11:12,0.0,00:01,0.3,7.1,6.8
1782721438.506,0.0,0.0,0.0,0.3,11:12,0.0,00:01,0.3,7.1,6.8
1782721443.521,0.0,0.0,0.0,0.3,11:12,0.0,00:01,0.3,7.1,6.8
1782721448.532,0.0,0.0,0.0,0.3,11:12,0.0,00:01,0.3,7.1,6.8
1782721453.54,0.0,0.0,0.0,0.3,11:12,0.0,00:01,0.3,7.1,6.8
1782721458.553,0.0,0.0,0.0,0.3,11:12,0.0,00:01,0.3,7.1,6.8
1782721463.567,0.0,0.0,0.0,0.3,11:12,0.0,00:01,0.3,7.1,6.8
1782721468.582,0.0,0.0,0.0,0.3,11:12,0.0,00:01,0.3,7.1,6.8
1782721473.595,0.0,0.0,0.0,0.3,11:12,0.0,00:01,0.3,7.1,6.8
1782721478.604,0.0,0.0,0.0,0.3,11:12,0.0,00:01,0.3,7.1,6.8
1782721483.615,0.0,0.0,0.0,0.3,11:12,0.0,00:01,0.3,7.1,6.8
1782721488.624,0.0,0.0,0.0,0.3,11:12,0.0,00:01,0.3,7.1,6.8
1782721493.636,0.0,0.0,0.0,0.3,11:12,0.0,00:01,0.3,7.1,6.8
1782721498.64,0.0,0.0,0.0,0.3,11:12,0.0,00:01,0.3,7.1,6.8
1782721503.645,0.0,0.0,0.0,0.3,11:12,0.0,00:01,0.3,7.1,6.8
1782721508.654,0.0,0.0,0.0,0.3,11:12,0.0,00:01,0.3,7.1,6.8
1782721513.665,0.0,0.0,0.0,0.3,11:12,0.0,00:01,0.3,7.1,6.8
1782721518.674,0.0,0.0,0.0,0.3,11:12,0.0,00:01,0.3,7.1,6.8
1782721523.681,0.0,0.0,0.0,0.3,11:12,0.0,00:01,0.3,7.1,6.8
1782721528.688,0.0,0.0,0.0,0.3,11:12,0.0,00:01,0.3,7.1,6.8
1782721533.702,0.0,0.0,0.0,0.3,11:12,0.0,00:01,0.3,7.1,6.8
1782721538.717,0.0,0.0,0.0,0.3,11:12,0.0,00:01,0.3,7.1,6.8
1782721543.729,0.0,0.0,0.0,0.3,11:12,0.0,00:01,0.3,7.1,6.8
1782721548.734,0.0,0.0,0.0,0.3,11:12,0.0,00:01,0.3,7.1,6.8
1782721553.742,0.0,0.0,0.0,0.3,11:12,0.0,00:01,0.3,7.1,6.8
1782721558.751,0.0,0.0,0.0,0.3,11:12,0.0,00:01,0.3,7.1,6.8
1782721563.766,0.0,0.0,0.0,0.3,11:12,0.0,00:01,0.3,7.1,6.8
1782721568.778,0.0,0.0,0.0,0.3,11:12,0.0,00:01,0.3,7.1,6.8
1782721573.783,0.0,0.0,0.0,0.3,11:12,0.0,00:01,0.3,7.1,6.8
1782721578.795,0.0,0.0,0.0,0.3,11:12,0.0,00:01,0.3,7.1,6.8
1782721583.811,0.0,0.0,0.0,0.3,11:12,0.0,00:01,0.3,7.1,6.8
1782721588.821,0.0,0.0,0.0,0.3,11:12,0.0,00:01,0.3,7.1,6.8
1782721593.824,0.0,0.0,0.0,0.3,11:12,0.0,00:01,0.3,7.1,6.8
1782721598.832,0.0,0.0,0.0,0.3,11:12,0.0,00:01,0.3,7.1,6.8
1782721603.846,0.0,0.0,0.0,0.3,11:12,0.0,00:01,0.3,7.1,6.8
1782721608.861,0.0,0.0,0.0,0.3,11:12,0.0,00:01,0.3,7.1,6.8
1782721613.87,0.0,0.0,0.0,0.3,11:12,0.0,00:01,0.3,7.1,6.8
1782721618.876,0.0,0.0,0.0,0.3,11:12,0.0,00:01,0.3,7.1,6.8
1782721623.89,0.0,0.0,0.0,0.3,11:12,0.0,00:01,0.3,7.1,6.8
1782721628.901,0.0,0.0,0.0,0.3,11:12,0.0,00:01,0.3,7.1,6.8
1782721633.914,0.0,0.0,0.0,0.3,11:12,0.0,00:01,0.3,7.1,6.8
1782721638.925,0.0,0.0,0.0,0.3,11:12,0.0,00:01,0.3,7.1,6.8
1782721643.931,0.0,0.0,0.0,0.3,11:12,0.0,00:01,0.3,7.1,6.8
1782721648.948,0.0,0.0,0.0,0.3,11:12,0.0,00:01,0.3,7.1,6.8
1782721653.963,0.0,0.0,0.0,0.3,11:12,0.0,00:01,0.3,7.1,6.8
1782721658.976,0.0,0.0,0.0,0.3,11:12,0.0,00:01,0.3,7.1,6.8
1782721663.98,0.0,0.0,0.0,0.3,11:12,0.0,00:01,0.3,7.1,6.8
1782721668.992,0.0,0.0,0.0,0.3,11:12,0.0,00:01,0.3,7.1,6.8
1782721674.004,0.0,0.0,0.0,0.3,11:12,0.0,00:01,0.3,7.1,6.8
1782721679.021,0.0,0.0,0.0,0.3,11:12,0.0,00:01,0.3,7.1,6.8
1782721684.033,0.0,0.0,0.0,0.3,11:12,0.0,00:01,0.3,7.1,6.8
1782721689.04,0.0,0.0,0.0,0.3,11:12,0.0,00:01,0.3,7.1,6.8
1782721694.054,0.0,0.0,0.0,0.3,11:12,0.0,00:01,0.3,7.1,6.8
1782721699.061,0.0,0.0,0.0,0.3,11:12,0.0,00:01,0.3,7.1,6.8
1782721704.073,0.0,0.0,0.0,0.3,11:12,0.0,00:01,0.3,7.1,6.8
1782721709.086,0.0,0.0,0.0,0.3,11:12,0.0,00:01,0.3,7.1,6.8
1782721714.093,0.0,0.0,0.0,0.3,11:12,0.0,00:01,0.3,7.1,6.8
1782721719.106,0.0,0.0,0.0,0.3,11:12,0.0,00:01,0.3,7.1,6.8
1782721724.122,0.0,0.0,0.0,0.3,11:12,0.0,00:01,0.3,7.1,6.8
1782721729.134,0.0,0.0,0.0,0.3,11:12,0.0,00:01,0.3,7.1,6.8
1782721734.147,0.0,0.0,0.0,0.3,11:12,0.0,00:01,0.3,7.1,6.8
1782721739.156,0.0,0.0,0.0,0.3,11:12,0.0,00:01,0.3,7.1,6.8
1782721744.166,0.0,0.0,0.0,0.3,11:12,0.0,00:01,0.3,7.1,6.8
1782721749.177,0.0,0.0,0.0,0.3,11:12,0.0,00:01,0.3,7.1,6.8
1782721754.186,0.0,0.0,0.0,0.3,11:12,0.0,00:01,0.3,7.1,6.8
1782721759.189,0.0,0.0,0.0,0.3,11:12,0.0,00:01,0.3,7.1,6.8
1782721764.2,0.0,0.0,0.0,0.3,11:12,0.0,00:01,0.3,7.1,6.8
1782721769.208,0.0,0.0,0.0,0.3,11:12,0.0,00:01,0.3,7.1,6.8
1782721774.219,0.0,0.0,0.0,0.3,11:12,0.0,00:01,0.3,7.1,6.8
1782721779.23,0.0,0.0,0.0,0.3,11:12,0.0,00:01,0.3,7.1,6.8
1782721784.232,0.0,0.0,0.0,0.3,11:12,0.0,00:01,0.3,7.1,6.8
1782721789.243,0.0,0.0,0.0,0.3,11:12,0.0,00:01,0.3,7.1,6.8
1782721794.252,0.0,0.0,0.0,0.3,11:12,0.0,00:01,0.3,7.1,6.8
1782721799.262,0.0,0.0,0.0,0.3,11:12,0.0,00:01,0.3,7.1,6.8
1782721804.268,0.0,0.0,0.0,0.3,11:12,0.0,00:01,0.3,7.1,6.8
1782721809.281,0.0,0.0,0.0,0.3,11:12,0.0,00:01,0.3,7.1,6.8
1782721814.293,0.0,0.0,0.0,0.3,11:12,0.0,00:01,0.3,7.1,6.8
1782721819.309,0.0,0.0,0.0,0.3,11:12,0.0,00:01,0.3,7.1,6.8
1782721824.323,0.0,0.0,0.0,0.3,11:12,0.0,00:01,0.3,7.1,6.8
1782721829.328,0.0,0.0,0.0,0.3,11:12,0.0,00:01,0.3,7.1,6.8
1782721834.344,0.0,0.0,0.0,0.3,11:12,0.0,00:01,0.3,7.1,6.8
1782721839.355,0.0,0.0,0.0,0.3,11:12,0.0,00:01,0.3,7.1,6.8
1782721844.363,0.0,0.0,0.0,0.3,11:12,0.0,00:01,0.3,7.1,6.8
1782721849.368,0.0,0.0,0.0,0.3,11:12,0.0,00:01,0.3,7.1,6.8
1782721854.38,0.0,0.0,0.0,0.3,11:12,0.0,00:01,0.3,7.1,6.8
1782721859.392,0.0,0.0,0.0,0.3,11:12,0.0,00:01,0.3,7.1,6.8
1782721864.407,0.0,0.0,0.0,0.3,11:12,0.0,00:01,0.3,7.1,6.8
1782721869.416,0.0,0.0,0.0,0.3,11:12,0.0,00:01,0.3,7.1,6.8
1782721874.422,0.0,0.0,0.0,0.3,11:12,0.0,00:01,0.3,7.1,6.8
1782721879.432,0.0,0.0,0.0,0.3,11:12,0.0,00:01,0.3,7.1,6.8
1782721884.444,0.0,0.0,0.0,0.3,11:12,0.0,00:01,0.3,7.1,6.8
1782721889.454,0.0,0.0,0.0,0.3,11:12,0.0,00:01,0.3,7.1,6.8
1782721894.464,0.0,0.0,0.0,0.3,11:12,0.0,00:01,0.3,7.1,6.8
1782721899.47,0.0,0.0,0.0,0.3,11:12,0.0,00:01,0.3,7.1,6.8
1782721904.482,0.0,0.0,0.0,0.3,11:12,0.0,00:01,0.3,7.1,6.8
1782721909.488,0.0,0.0,0.0,0.3,11:12,0.0,00:01,0.3,7.1,6.8
1782721914.5,0.0,0.0,0.0,0.3,11:12,0.0,00:01,0.3,7.1,6.8
1782721919.522,0.0,0.0,0.0,0.3,11:12,0.0,00:01,0.3,7.1,6.8
1782721924.564,0.0,0.0,0.0,0.3,11:12,0.0,00:01,0.3,7.1,6.8
1782721929.573,0.0,0.0,0.0,0.3,11:12,0.0,00:01,0.3,7.1,6.8
1782721934.587,0.0,0.0,0.0,0.3,11:12,0.0,00:01,0.3,7.1,6.8
1782721939.597,0.0,0.0,0.0,0.3,11:12,0.0,00:01,0.3,7.1,6.8
1782721944.6,0.0,0.0,0.0,0.3,11:12,0.0,00:01,0.3,7.1,6.8
1782721949.611,0.0,0.0,0.0,0.3,11:12,0.0,00:01,0.3,7.1,6.8
1782721954.644,0.0,0.0,0.0,0.3,11:12,0.0,00:01,0.3,7.1,6.8
1782721959.652,0.0,0.0,0.0,0.3,11:12,0.0,00:01,0.3,7.1,6.8
1782721964.666,0.0,0.0,0.0,0.3,11:12,0.0,00:01,0.3,7.1,6.8
1782721969.686,0.0,0.0,0.0,0.3,11:12,0.0,00:01,0.3,7.1,6.8
1782721974.703,0.0,0.0,0.0,0.3,11:12,0.0,00:01,0.3,7.1,6.8
1782721979.716,0.0,0.0,0.0,0.3,11:12,0.0,00:01,0.3,7.1,6.8
1782721984.724,0.0,0.0,0.0,0.3,11:12,0.0,00:01,0.3,7.1,6.8
1782721989.73,0.0,0.0,0.0,0.3,11:12,0.0,00:01,0.3,7.1,6.8
1782721994.742,0.0,0.0,0.0,0.3,11:12,0.0,00:01,0.3,7.1,6.8
1782721999.756,0.0,0.0,0.0,0.3,11:12,0.0,00:01,0.3,7.1,6.8
1782722004.77,0.0,0.0,0.0,0.3,11:12,0.0,00:01,0.3,7.1,6.8
1782722009.776,0.0,0.0,0.0,0.3,11:12,0.0,00:01,0.3,7.1,6.8
1782722014.838,0.0,0.0,0.0,0.3,11:12,0.0,00:01,0.3,7.1,6.8
1782722019.853,0.0,0.0,0.0,0.3,11:12,0.0,00:01,0.3,7.1,6.8
1782722024.859,0.0,0.0,0.0,0.3,11:12,0.0,00:01,0.3,7.1,6.8
1782722029.869,0.0,0.0,0.0,0.3,11:12,0.0,00:01,0.3,7.1,6.8
1782722034.872,0.0,0.0,0.0,0.3,11:12,0.0,00:01,0.3,7.1,6.8
1782722039.886,0.0,0.0,0.0,0.3,11:12,0.0,00:01,0.3,7.1,6.8
1782722044.902,0.0,0.0,0.0,0.3,11:12,0.0,00:01,0.3,7.1,6.8
1782722049.913,0.0,0.0,0.0,0.3,11:12,0.0,00:01,0.3,7.1,6.8
1782722054.925,0.0,0.0,0.0,0.3,11:12,0.0,00:01,0.3,7.1,6.8
1782722059.932,0.0,0.0,0.0,0.3,11:12,0.0,00:01,0.3,7.1,6.8
1782722064.944,0.0,0.0,0.0,0.3,11:12,0.0,00:01,0.3,7.1,6.8
1782722069.96,0.0,0.0,0.0,0.3,11:12,0.0,00:01,0.3,7.1,6.8
1782722074.972,0.0,0.0,0.0,0.3,11:12,0.0,00:01,0.3,7.1,6.8
1782722079.985,0.0,0.0,0.0,0.3,11:12,0.0,00:01,0.3,7.1,6.8
1782722084.99,0.0,0.0,0.0,0.3,11:12,0.0,00:01,0.3,7.1,6.8
1782722090.005,0.0,0.0,0.0,0.3,11:12,0.0,00:01,0.3,7.1,6.8
1782722095.016,0.0,0.0,0.0,0.3,11:12,0.0,00:01,0.3,7.1,6.8
1782722100.028,0.0,0.0,0.0,0.3,11:12,0.0,00:01,0.3,7.1,6.8
1782722105.036,0.0,0.0,0.0,0.3,11:12,0.0,00:01,0.3,7.1,6.8
1782722110.048,0.0,0.0,0.0,0.3,11:12,0.0,00:01,0.3,7.1,6.8
1782722115.064,0.0,0.0,0.0,0.3,11:12,0.0,00:01,0.3,7.1,6.8
1782722120.076,0.0,0.0,0.0,0.3,11:12,0.0,00:01,0.3,7.1,6.8
1782722125.085,0.0,0.0,0.0,0.3,11:12,0.0,00:01,0.3,7.1,6.8
1782722130.096,0.0,0.0,0.0,0.3,11:12,0.0,00:01,0.3,7.1,6.8
1782722135.108,0.0,0.0,0.0,0.3,11:12,0.0,00:01,0.3,7.1,6.8
1782722140.119,0.0,0.0,0.0,0.3,11:12,0.0,00:01,0.3,7.1,6.8
1782722145.13,0.0,0.0,0.0,0.3,11:12,0.0,00:01,0.3,7.1,6.8
1782722150.136,0.0,0.0,0.0,0.3,11:12,0.0,00:01,0.3,7.1,6.8
1782722155.14,0.0,0.0,0.0,0.3,11:12,0.0,00:01,0.3,7.1,6.8
1782722160.155,0.0,0.0,0.0,0.3,11:12,0.0,00:01,0.3,7.1,6.8
1782722165.164,0.0,0.0,0.0,0.3,11:12,0.0,00:01,0.3,7.1,6.8
1782722170.176,0.0,0.0,0.0,0.3,11:12,0.0,00:01,0.3,7.1,6.8
1782722175.18,0.0,0.0,0.0,0.3,11:12,0.0,00:01,0.3,7.1,6.8
1782722180.193,0.0,0.0,0.0,0.3,11:12,0.0,00:01,0.3,7.1,6.8
1782722185.21,0.0,0.0,0.0,0.3,11:12,0.0,00:01,0.3,7.1,6.8
1782722190.223,0.0,0.0,0.0,0.3,11:12,0.0,00:01,0.3,7.1,6.8
1782722195.232,0.0,0.0,0.0,0.3,11:12,0.0,00:01,0.3,7.1,6.8
1782722200.239,0.0,0.0,0.0,0.3,11:12,0.0,00:01,0.3,7.1,6.8
1782722205.246,0.0,0.0,0.0,0.3,11:12,0.0,00:01,0.3,7.1,6.8
1782722210.256,0.0,0.0,0.0,0.3,11:12,0.0,00:01,0.3,7.1,6.8
1782722215.27,0.0,0.0,0.0,0.3,11:12,0.0,00:01,0.3,7.1,6.8
1782722220.275,0.0,0.0,0.0,0.3,11:12,0.0,00:01,0.3,7.1,6.8
1782722225.28,0.0,0.0,0.0,0.3,11:12,0.0,00:01,0.3,7.1,6.8
1782722230.298,0.0,0.0,0.0,0.3,11:12,0.0,00:01,0.3,7.1,6.8
1782722235.31,0.0,0.0,0.0,0.3,11:12,0.0,00:01,0.3,7.1,6.8
1782722240.319,0.0,0.0,0.0,0.3,11:12,0.0,00:01,0.3,7.1,6.8
1782722245.333,0.0,0.0,0.0,0.3,11:12,0.0,00:01,0.3,7.1,6.8
1782722250.34,0.0,0.0,0.0,0.3,11:12,0.0,00:01,0.3,7.1,6.8
1782722255.351,0.0,0.0,0.0,0.3,11:12,0.0,00:01,0.3,7.1,6.8
1782722260.363,0.0,0.0,0.0,0.3,11:12,0.0,00:01,0.3,7.1,6.8
1782722265.372,0.0,0.0,0.0,0.3,11:12,0.0,00:01,0.3,7.1,6.8
1782722270.377,0.0,0.0,0.0,0.3,11:12,0.0,00:01,0.3,7.1,6.8
1782722275.388,0.0,0.0,0.0,0.3,11:12,0.0,00:01,0.3,7.1,6.8
1782722280.403,0.0,0.0,0.0,0.3,11:12,0.0,00:01,0.3,7.1,6.8
1782722285.416,0.0,0.0,0.0,0.3,11:12,0.0,00:01,0.3,7.1,6.8
1782722290.427,0.0,0.0,0.0,0.3,11:12,0.0,00:01,0.3,7.1,6.8
1782722295.432,0.0,0.0,0.0,0.3,11:12,0.0,00:01,0.3,7.1,6.8
1782722300.444,0.0,0.0,0.0,0.3,11:12,0.0,00:01,0.3,7.1,6.8
1782722305.455,0.0,0.0,0.0,0.3,11:12,0.0,00:01,0.3,7.1,6.8
1782722310.461,0.0,0.0,0.0,0.3,11:12,0.0,00:01,0.3,7.1,6.8
1782722315.474,0.0,0.0,0.0,0.3,11:12,0.0,00:01,0.3,7.1,6.8
1782722320.48,0.0,0.0,0.0,0.3,11:12,0.0,00:01,0.3,7.1,6.8
1782722325.493,0.0,0.0,0.0,0.3,11:12,0.0,00:01,0.3,7.1,6.8
1782722330.504,0.0,0.0,0.0,0.3,11:12,0.0,00:01,0.3,7.1,6.8
1782722335.514,0.0,0.0,0.0,0.3,11:12,0.0,00:01,0.3,7.1,6.8
1782722340.519,0.0,0.0,0.0,0.3,11:12,0.0,00:01,0.3,7.1,6.8
1782722345.529,0.0,0.0,0.0,0.3,11:12,0.0,00:01,0.3,7.1,6.8
1782722350.545,0.0,0.0,0.0,0.3,11:12,0.0,00:01,0.3,7.1,6.8
1782722355.557,0.0,0.0,0.0,0.3,11:12,0.0,00:01,0.3,7.1,6.8
1782722360.57,0.0,0.0,0.0,0.3,11:12,0.0,00:01,0.3,7.1,6.8
1782722365.572,0.0,0.0,0.0,0.3,11:12,0.0,00:01,0.3,7.1,6.8
1782722370.588,0.0,0.0,0.0,0.3,11:12,0.0,00:01,0.3,7.1,6.8
1782722375.6,0.0,0.0,0.0,0.3,11:12,0.0,00:01,0.3,7.1,6.8
1782722380.609,0.0,0.0,0.0,0.3,11:12,0.0,00:01,0.3,7.1,6.8
1782722385.619,0.0,0.0,0.0,0.3,11:12,0.0,00:01,0.3,7.1,6.8
1782722390.626,0.0,0.0,0.0,0.3,11:12,0.0,00:01,0.3,7.1,6.8
1782722395.641,0.0,0.0,0.0,0.3,11:12,0.0,00:01,0.3,7.1,6.8
1782722400.655,0.0,0.0,0.0,0.3,11:12,0.0,00:01,0.3,7.1,6.8
1782722405.668,0.0,0.0,0.0,0.3,11:12,0.0,00:01,0.3,7.1,6.8
1782722410.678,0.0,0.0,0.0,0.3,11:12,0.0,00:01,0.3,7.1,6.8
1782722415.685,0.0,0.0,0.0,0.3,11:12,0.0,00:01,0.3,7.1,6.8
1782722420.697,0.0,0.0,0.0,0.3,11:12,0.0,00:01,0.3,7.1,6.8
1782722425.708,0.0,0.0,0.0,0.3,11:12,0.0,00:01,0.3,7.1,6.8
1782722430.72,0.0,0.0,0.0,0.3,11:12,0.0,00:01,0.3,7.1,6.8
1782722435.728,0.0,0.0,0.0,0.3,11:12,0.0,00:01,0.3,7.1,6.8
1782722440.744,0.0,0.0,0.0,0.3,11:12,0.0,00:01,0.3,7.1,6.8
1782722445.758,0.0,0.0,0.0,0.3,11:12,0.0,00:01,0.3,7.1,6.8
1782722450.766,0.0,0.0,0.0,0.3,11:12,0.0,00:01,0.3,7.1,6.8
1782722455.778,0.0,0.0,0.0,0.3,11:12,0.0,00:01,0.3,7.1,6.8
1782722460.786,0.0,0.0,0.0,0.3,11:12,0.0,00:01,0.3,7.1,6.8
1782722465.801,0.0,0.0,0.0,0.3,11:12,0.0,00:01,0.3,7.1,6.8
1782722470.814,0.0,0.0,0.0,0.3,11:12,0.0,00:01,0.3,7.1,6.8
1782722475.824,0.0,0.0,0.0,0.3,11:12,0.0,00:01,0.3,7.1,6.8
1782722480.837,0.0,0.0,0.0,0.3,11:12,0.0,00:01,0.3,7.1,6.8
1782722485.844,0.0,0.0,0.0,0.3,11:12,0.0,00:01,0.3,7.1,6.8
1782722490.856,0.0,0.0,0.0,0.3,11:12,0.0,00:01,0.3,7.1,6.8
1782722495.869,0.0,0.0,0.0,0.3,11:12,0.0,00:01,0.3,7.1,6.8
1782722500.879,0.0,0.0,0.0,0.3,11:12,0.0,00:01,0.3,7.1,6.8
1782722505.89,0.0,0.0,0.0,0.3,11:12,0.0,00:01,0.3,7.1,6.8
1782722510.9,0.0,0.0,0.0,0.3,11:12,0.0,00:01,0.3,7.1,6.8
1782722515.915,0.0,0.0,0.0,0.3,11:12,0.0,00:01,0.3,7.1,6.8
1782722520.927,0.0,0.0,0.0,0.3,11:12,0.0,00:01,0.3,7.1,6.8
1782722525.939,0.0,0.0,0.0,0.3,11:12,0.0,00:01,0.3,7.1,6.8
1782722530.947,0.0,0.0,0.0,0.3,11:12,0.0,00:01,0.3,7.1,6.8
1782722535.963,0.0,0.0,0.0,0.3,11:12,0.0,00:01,0.3,7.1,6.8
1782722540.972,0.0,0.0,0.0,0.3,11:12,0.0,00:01,0.3,7.1,6.8
1782722545.986,0.0,0.0,0.0,0.3,11:12,0.0,00:01,0.3,7.1,6.8
1782722550.999,0.0,0.0,0.0,0.3,11:12,0.0,00:01,0.3,7.1,6.8
1782722556.007,0.0,0.0,0.0,0.3,11:12,0.0,00:01,0.3,7.1,6.8
1782722561.018,0.0,0.0,0.0,0.3,11:12,0.0,00:01,0.3,7.1,6.8
1782722566.028,0.0,0.0,0.0,0.3,11:12,0.0,00:01,0.3,7.1,6.8
1782722571.036,0.0,0.0,0.0,0.3,11:12,0.0,00:01,0.3,7.1,6.8
1782722576.044,0.0,0.0,0.0,0.3,11:12,0.0,00:01,0.3,7.1,6.8
1782722581.052,0.0,0.0,0.0,0.3,11:12,0.0,00:01,0.3,7.1,6.8
1782722586.062,0.0,0.0,0.0,0.3,11:12,0.0,00:01,0.3,7.1,6.8
1782722591.073,0.0,0.0,0.0,0.3,11:12,0.0,00:01,0.3,7.1,6.8
1782722596.084,0.0,0.0,0.0,0.3,11:12,0.0,00:01,0.3,7.1,6.8
1782722601.091,0.0,0.0,0.0,0.3,11:12,0.0,00:01,0.3,7.1,6.8
1782722606.107,0.0,0.0,0.0,0.3,11:12,0.0,00:01,0.3,7.1,6.8
1782722611.118,0.0,0.0,0.0,0.3,11:12,0.0,00:01,0.3,7.1,6.8
1782722616.13,0.0,0.0,0.0,0.3,11:12,0.0,00:01,0.3,7.1,6.8
1782722621.142,0.0,0.0,0.0,0.3,11:12,0.0,00:01,0.3,7.1,6.8
1782722626.147,0.0,0.0,0.0,0.3,11:12,0.0,00:01,0.3,7.1,6.8
1782722631.161,0.0,0.0,0.0,0.3,11:12,0.0,00:01,0.3,7.1,6.8
1782722636.17,0.0,0.0,0.0,0.3,11:12,0.0,00:01,0.3,7.1,6.8
1782722641.182,0.0,0.0,0.0,0.3,11:12,0.0,00:01,0.3,7.1,6.8
1782722646.193,0.0,0.0,0.0,0.3,11:12,0.0,00:01,0.3,7.1,6.8
1782722651.199,0.0,0.0,0.0,0.3,11:12,0.0,00:01,0.3,7.1,6.8
1782722656.21,0.0,0.0,0.0,0.3,11:12,0.0,00:01,0.3,7.1,6.8
1782722661.22,0.0,0.0,0.0,0.3,11:12,0.0,00:01,0.3,7.1,6.8
1782722666.228,0.0,0.0,0.0,0.3,11:12,0.0,00:01,0.3,7.1,6.8
1782722671.232,0.0,0.0,0.0,0.3,11:12,0.0,00:01,0.3,7.1,6.8
1782722676.242,0.0,0.0,0.0,0.3,11:12,0.0,00:01,0.3,7.1,6.8
1782722681.253,0.0,0.0,0.0,0.3,11:12,0.0,00:01,0.3,7.1,6.8
1782722686.263,0.0,0.0,0.0,0.3,11:12,0.0,00:01,0.3,7.1,6.8
1782722691.272,0.0,0.0,0.0,0.3,11:12,0.0,00:01,0.3,7.1,6.8
1782722696.276,0.0,0.0,0.0,0.3,11:12,0.0,00:01,0.3,7.1,6.8
1782722701.294,0.0,0.0,0.0,0.3,11:12,0.0,00:01,0.3,7.1,6.8
1782722706.303,0.0,0.0,0.0,0.3,11:12,0.0,00:01,0.3,7.1,6.8
1782722711.311,0.0,0.0,0.0,0.3,11:12,0.0,00:01,0.3,7.1,6.8
1782722716.32,0.0,0.0,0.0,0.3,11:12,0.0,00:01,0.3,7.1,6.8
1782722721.326,0.0,0.0,0.0,0.3,11:12,0.0,00:01,0.3,7.1,6.8
1782722726.336,0.0,0.0,0.0,0.3,11:12,0.0,00:01,0.3,7.1,6.8
1782722731.347,0.0,0.0,0.0,0.3,11:12,0.0,00:01,0.3,7.1,6.8
1782722736.357,0.0,0.0,0.0,0.3,11:12,0.0,00:01,0.3,7.1,6.8
1782722741.364,0.0,0.0,0.0,0.3,11:12,0.0,00:01,0.3,7.1,6.8
1782722746.375,0.0,0.0,0.0,0.3,11:12,0.0,00:01,0.3,7.1,6.8
1782722751.383,0.0,0.0,0.0,0.3,11:12,0.0,00:01,0.3,7.1,6.8
1782722756.394,0.0,0.0,0.0,0.3,11:12,0.0,00:01,0.3,7.1,6.8
1782722761.403,0.0,0.0,0.0,0.3,11:12,0.0,00:01,0.3,7.1,6.8
1782722766.411,0.0,0.0,0.0,0.3,11:12,0.0,00:01,0.3,7.1,6.8
1782722771.425,0.0,0.0,0.0,0.3,11:12,0.0,00:01,0.3,7.1,6.8
1782722776.435,0.0,0.0,0.0,0.3,11:12,0.0,00:01,0.3,7.1,6.8
1782722781.446,0.0,0.0,0.0,0.3,11:12,0.0,00:01,0.3,7.1,6.8
1782722786.456,0.0,0.0,0.0,0.3,11:12,0.0,00:01,0.3,7.1,6.8
1782722791.467,0.0,0.0,0.0,0.3,11:12,0.0,00:01,0.3,7.1,6.8
1782722796.476,0.0,0.0,0.0,0.3,11:12,0.0,00:01,0.3,7.1,6.8
1782722801.486,0.0,0.0,0.0,0.3,11:12,0.0,00:01,0.3,7.1,6.8
1782722806.494,0.0,0.0,0.0,0.3,11:12,0.0,00:01,0.3,7.1,6.8
1782722811.504,0.0,0.0,0.0,0.3,11:12,0.0,00:01,0.3,7.1,6.8
1782722816.511,0.0,0.0,0.0,0.3,11:12,0.0,00:01,0.3,7.1,6.8
1782722821.523,0.0,0.0,0.0,0.3,11:12,0.0,00:01,0.3,7.1,6.8
1782722826.537,0.0,0.0,0.0,0.3,11:12,0.0,00:01,0.3,7.1,6.8
1782722831.55,0.0,0.0,0.0,0.3,11:12,0.0,00:01,0.3,7.1,6.8
1782722836.56,0.0,0.0,0.0,0.3,11:12,0.0,00:01,0.3,7.1,6.8
1782722841.575,0.0,0.0,0.0,0.3,11:12,0.0,00:01,0.3,7.1,6.8
1782722846.587,0.0,0.0,0.0,0.3,11:12,0.0,00:01,0.3,7.1,6.8
1782722851.599,0.0,0.0,0.0,0.3,11:12,0.0,00:01,0.3,7.1,6.8
1782722856.614,0.0,0.0,0.0,0.3,11:12,0.0,00:01,0.3,7.1,6.8
1782722861.624,0.0,0.0,0.0,0.3,11:12,0.0,00:01,0.3,7.1,6.8
1782722866.634,0.0,0.0,0.0,0.3,11:12,0.0,00:01,0.3,7.1,6.8
1782722871.642,0.0,0.0,0.0,0.3,11:12,0.0,00:01,0.3,7.1,6.8
1782722876.65,0.0,0.0,0.0,0.3,11:12,0.0,00:01,0.3,7.1,6.8
1782722881.662,0.0,0.0,0.0,0.3,11:12,0.0,00:01,0.3,7.1,6.8
1782722886.672,0.0,0.0,0.0,0.3,11:12,0.0,00:01,0.3,7.1,6.8
1782722891.688,0.0,0.0,0.0,0.3,11:12,0.0,00:01,0.3,7.1,6.8
1782722896.696,0.0,0.0,0.0,0.3,11:12,0.0,00:01,0.3,7.1,6.8
1782722901.709,0.0,0.0,0.0,0.3,11:12,0.0,00:01,0.3,7.1,6.8
1782722906.714,0.0,0.0,0.0,0.3,11:12,0.0,00:01,0.3,7.1,6.8
1782722911.723,0.0,0.0,0.0,0.3,11:12,0.0,00:01,0.3,7.1,6.8
1782722916.731,0.0,0.0,0.0,0.3,11:12,0.0,00:01,0.3,7.1,6.8
1782722921.74,0.0,0.0,0.0,0.3,11:12,0.0,00:01,0.3,7.1,6.8
1782722926.753,0.0,0.0,0.0,0.3,11:12,0.0,00:01,0.3,7.1,6.8
1782722931.76,0.0,0.0,0.0,0.3,11:12,0.0,00:01,0.3,7.1,6.8
1782722936.77,0.0,0.0,0.0,0.3,11:12,0.0,00:01,0.3,7.1,6.8
1782722941.779,0.0,0.0,0.0,0.3,11:12,0.0,00:01,0.3,7.1,6.8
1782722946.791,0.0,0.0,0.0,0.3,11:12,0.0,00:01,0.3,7.1,6.8
1782722951.801,0.0,0.0,0.0,0.3,11:12,0.0,00:01,0.3,7.1,6.8
1782722956.808,0.0,0.0,0.0,0.3,11:12,0.0,00:01,0.3,7.1,6.8
1782722961.816,0.0,0.0,0.0,0.3,11:12,0.0,00:01,0.3,7.1,6.8
1782722966.826,0.0,0.0,0.0,0.3,11:12,0.0,00:01,0.3,7.1,6.8
1782722971.835,0.0,0.0,0.0,0.3,11:12,0.0,00:01,0.3,7.1,6.8
1782722976.845,0.0,0.0,0.0,0.3,11:12,0.0,00:01,0.3,7.1,6.8
1782722981.856,0.0,0.0,0.0,0.3,11:12,0.0,00:01,0.3,7.1,6.8
1782722986.87,0.0,0.0,0.0,0.3,11:12,0.0,00:01,0.3,7.1,6.8
1782722991.881,0.0,0.0,0.0,0.3,11:12,0.0,00:01,0.3,7.1,6.8
1782722996.889,0.0,0.0,0.0,0.3,11:12,0.0,00:01,0.3,7.1,6.8
1782723001.896,0.0,0.0,0.0,0.3,11:12,0.0,00:01,0.3,7.1,6.8
1782723006.906,0.0,0.0,0.0,0.3,11:12,0.0,00:01,0.3,7.1,6.8
1782723011.917,0.0,0.0,0.0,0.3,11:12,0.0,00:01,0.3,7.1,6.8
1782723016.927,0.0,0.0,0.0,0.3,11:12,0.0,00:01,0.3,7.1,6.8
1782723021.939,0.0,0.0,0.0,0.3,11:12,0.0,00:01,0.3,7.1,6.8
1782723026.948,0.0,0.0,0.0,0.3,11:12,0.0,00:01,0.3,7.1,6.8
1782723031.959,0.0,0.0,0.0,0.3,11:12,0.0,00:01,0.3,7.1,6.8
1782723036.965,0.0,0.0,0.0,0.3,11:12,0.0,00:01,0.3,7.1,6.8
1782723041.98,0.0,0.0,0.0,0.3,11:12,0.0,00:01,0.3,7.1,6.8
1782723046.991,0.0,0.0,0.0,0.3,11:12,0.0,00:01,0.3,7.1,6.8
1782723051.996,0.0,0.0,0.0,0.3,11:12,0.0,00:01,0.3,7.1,6.8
1782723057.007,0.0,0.0,0.0,0.3,11:12,0.0,00:01,0.3,7.1,6.8
1782723062.013,0.0,0.0,0.0,0.3,11:12,0.0,00:01,0.3,7.1,6.8
1782723067.022,0.0,0.0,0.0,0.3,11:12,0.0,00:01,0.3,7.1,6.8
1782723072.029,0.0,0.0,0.0,0.3,11:12,0.0,00:01,0.3,7.1,6.8
1782723077.039,0.0,0.0,0.0,0.3,11:12,0.0,00:01,0.3,7.1,6.8
1782723082.053,0.0,0.0,0.0,0.3,11:12,0.0,00:01,0.3,7.1,6.8
1782723087.065,0.0,0.0,0.0,0.3,11:12,0.0,00:01,0.3,7.1,6.8
1782723092.075,0.0,0.0,0.0,0.3,11:12,0.0,00:01,0.3,7.1,6.8
1782723097.082,0.0,0.0,0.0,0.3,11:12,0.0,00:01,0.3,7.1,6.8
1782723102.094,0.0,0.0,0.0,0.3,11:12,0.0,00:01,0.3,7.1,6.8
1782723107.102,0.0,0.0,0.0,0.3,11:12,0.0,00:01,0.3,7.1,6.8
1782723112.115,0.0,0.0,0.0,0.3,11:12,0.0,00:01,0.3,7.1,6.8
1782723117.126,0.0,0.0,0.0,0.3,11:12,0.0,00:01,0.3,7.1,6.8
1782723122.132,0.0,0.0,0.0,0.3,11:12,0.0,00:01,0.3,7.1,6.8
1782723127.142,0.0,0.0,0.0,0.3,11:12,0.0,00:01,0.3,7.1,6.8
1782723132.15,0.0,0.0,0.0,0.3,11:12,0.0,00:01,0.3,7.1,6.8
1782723137.16,0.0,0.0,0.0,0.3,11:12,0.0,00:01,0.3,7.1,6.8
1782723142.172,0.0,0.0,0.0,0.3,11:12,0.0,00:01,0.3,7.1,6.8
1782723147.187,0.0,0.0,0.0,0.3,11:12,0.0,00:01,0.3,7.1,6.8
1782723152.198,0.0,0.0,0.0,0.3,11:12,0.0,00:01,0.3,7.1,6.8
1782723157.21,0.0,0.0,0.0,0.3,11:12,0.0,00:01,0.3,7.1,6.8
1782723162.219,0.0,0.0,0.0,0.3,11:12,0.0,00:01,0.3,7.1,6.8
1782723167.226,0.0,0.0,0.0,0.3,11:12,0.0,00:01,0.3,7.1,6.8
1782723172.232,0.0,0.0,0.0,0.3,11:12,0.0,00:01,0.3,7.1,6.8
1782723177.241,0.0,0.0,0.0,0.3,11:12,0.0,00:01,0.3,7.1,6.8
1782723182.254,0.0,0.0,0.0,0.3,11:12,0.0,00:01,0.3,7.1,6.8
1782723187.27,0.0,0.0,0.0,0.3,11:12,0.0,00:01,0.3,7.1,6.8
1782723192.278,0.0,0.0,0.0,0.3,11:12,0.0,00:01,0.3,7.1,6.8
1782723197.29,0.0,0.0,0.0,0.3,11:12,0.0,00:01,0.3,7.1,6.8
1782723202.299,0.0,0.0,0.0,0.3,11:12,0.0,00:01,0.3,7.1,6.8
1782723207.307,0.0,0.0,0.0,0.3,11:12,0.0,00:01,0.3,7.1,6.8
1782723212.315,0.0,0.0,0.0,0.3,11:12,0.0,00:01,0.3,7.1,6.8
1782723217.322,0.0,0.0,0.0,0.3,11:12,0.0,00:01,0.3,7.1,6.8
1782723222.33,0.0,0.0,0.0,0.3,11:12,0.0,00:01,0.3,7.1,6.8
1782723227.343,0.0,0.0,0.0,0.3,11:12,0.0,00:01,0.3,7.1,6.8
1782723232.356,0.0,0.0,0.0,0.3,11:12,0.0,00:01,0.3,7.1,6.8
1782723237.364,0.0,0.0,0.0,0.3,11:12,0.0,00:01,0.3,7.1,6.8
1782723242.378,0.0,0.0,0.0,0.3,11:12,0.0,00:01,0.3,7.1,6.8
1782723247.39,0.0,0.0,0.0,0.3,11:12,0.0,00:01,0.3,7.1,6.8
1782723252.403,0.0,0.0,0.0,0.3,11:12,0.0,00:01,0.3,7.1,6.8
1782723257.416,0.0,0.0,0.0,0.3,11:12,0.0,00:01,0.3,7.1,6.8
1782723262.422,0.0,0.0,0.0,0.3,11:12,0.0,00:01,0.3,7.1,6.8
1782723267.435,0.0,0.0,0.0,0.3,11:12,0.0,00:01,0.3,7.1,6.8
1782723272.446,0.0,0.0,0.0,0.3,11:12,0.0,00:01,0.3,7.1,6.8
1782723277.458,0.0,0.0,0.0,0.3,11:12,0.0,00:01,0.3,7.1,6.8
1782723282.473,0.0,0.0,0.0,0.3,11:12,0.0,00:01,0.3,7.1,6.8
1782723287.476,0.0,0.0,0.0,0.3,11:12,0.0,00:01,0.3,7.1,6.8
1782723292.488,0.0,0.0,0.0,0.3,11:12,0.0,00:01,0.3,7.1,6.8
1782723297.504,0.0,0.0,0.0,0.3,11:12,0.0,00:01,0.3,7.1,6.8
1782723302.516,0.0,0.0,0.0,0.3,11:12,0.0,00:01,0.3,7.1,6.8
1782723307.525,0.0,0.0,0.0,0.3,11:12,0.0,00:01,0.3,7.1,6.8
1782723312.537,0.0,0.0,0.0,0.3,11:12,0.0,00:01,0.3,7.1,6.8
1782723317.548,0.0,0.0,0.0,0.3,11:12,0.0,00:01,0.3,7.1,6.8
1782723322.562,0.0,0.0,0.0,0.3,11:12,0.0,00:01,0.3,7.1,6.8
1782723327.578,0.0,0.0,0.0,0.3,11:12,0.0,00:01,0.3,7.1,6.8
1782723332.584,0.0,0.0,0.0,0.3,11:12,0.0,00:01,0.3,7.1,6.8
1782723337.596,0.0,0.0,0.0,0.3,11:12,0.0,00:01,0.3,7.1,6.8
1782723342.61,0.0,0.0,0.0,0.3,11:12,0.0,00:01,0.3,7.1,6.8
1782723347.618,0.0,0.0,0.0,0.3,11:12,0.0,00:01,0.3,7.1,6.8
1782723352.63,0.0,0.0,0.0,0.3,11:12,0.0,00:01,0.3,7.1,6.8
1782723357.637,0.0,0.0,0.0,0.3,11:12,0.0,00:01,0.3,7.1,6.8
1782723362.648,0.0,0.0,0.0,0.3,11:12,0.0,00:01,0.3,7.1,6.8
1782723367.664,0.0,0.0,0.0,0.3,11:12,0.0,00:01,0.3,7.1,6.8
1782723372.675,0.0,0.0,0.0,0.3,11:12,0.0,00:01,0.3,7.1,6.8
1782723377.688,0.0,0.0,0.0,0.3,11:12,0.0,00:01,0.3,7.1,6.8
1782723382.696,0.0,0.0,0.0,0.3,11:12,0.0,00:01,0.3,7.1,6.8
1782723387.703,0.0,0.0,0.0,0.3,11:12,0.0,00:01,0.3,7.1,6.8
1782723392.712,0.0,0.0,0.0,0.3,11:12,0.0,00:01,0.3,7.1,6.8
1782723397.73,0.0,0.0,0.0,0.3,11:12,0.0,00:01,0.3,7.1,6.8
1782723402.736,0.0,0.0,0.0,0.3,11:12,0.0,00:01,0.3,7.1,6.8
1782723407.744,0.0,0.0,0.0,0.3,11:12,0.0,00:01,0.3,7.1,6.8
1782723412.759,0.0,0.0,0.0,0.3,11:12,0.0,00:01,0.3,7.1,6.8
1782723417.768,0.0,0.0,0.0,0.3,11:12,0.0,00:01,0.3,7.1,6.8
1782723422.781,0.0,0.0,0.0,0.3,11:12,0.0,00:01,0.3,7.1,6.8
1782723427.788,0.0,0.0,0.0,0.3,11:12,0.0,00:01,0.3,7.1,6.8
1782723432.8,0.0,0.0,0.0,0.3,11:12,0.0,00:01,0.3,7.1,6.8
1782723437.814,0.0,0.0,0.0,0.3,11:12,0.0,00:01,0.3,7.1,6.8
1782723442.826,0.0,0.0,0.0,0.3,11:12,0.0,00:01,0.3,7.1,6.8
1782723447.838,0.0,0.0,0.0,0.3,11:12,0.0,00:01,0.3,7.1,6.8
1782723452.846,0.0,0.0,0.0,0.3,11:12,0.0,00:01,0.3,7.1,6.8
1782723457.858,0.0,0.0,0.0,0.3,11:12,0.0,00:01,0.3,7.1,6.8
1782723462.87,0.0,0.0,0.0,0.3,11:12,0.0,00:01,0.3,7.1,6.8
1782723467.885,0.0,0.0,0.0,0.3,11:12,0.0,00:01,0.3,7.1,6.8
1782723472.891,0.0,0.0,0.0,0.3,11:12,0.0,00:01,0.3,7.1,6.8
1782723477.896,0.0,0.0,0.0,0.3,11:12,0.0,00:01,0.3,7.1,6.8
1782723482.905,0.0,0.0,0.0,0.3,11:12,0.0,00:01,0.3,7.1,6.8
1782723487.914,0.0,0.0,0.0,0.3,11:12,0.0,00:01,0.3,7.1,6.8
1782723492.924,0.0,0.0,0.0,0.3,11:12,0.0,00:01,0.3,7.1,6.8
1782723497.932,0.0,0.0,0.0,0.3,11:12,0.0,00:01,0.3,7.1,6.8
1782723502.942,0.0,0.0,0.0,0.3,11:12,0.0,00:01,0.3,7.1,6.8
1782723507.952,0.0,0.0,0.0,0.3,11:12,0.0,00:01,0.3,7.1,6.8
1782723512.963,0.0,0.0,0.0,0.3,11:12,0.0,00:01,0.3,7.1,6.8
1782723517.977,0.0,0.0,0.0,0.3,11:12,0.0,00:01,0.3,7.1,6.8
1782723522.983,0.0,0.0,0.0,0.3,11:12,0.0,00:01,0.3,7.1,6.8
1782723527.993,0.0,0.0,0.0,0.3,11:12,0.0,00:01,0.3,7.1,6.8
1782723533.004,0.0,0.0,0.0,0.3,11:12,0.0,00:01,0.3,7.1,6.8
1782723538.021,0.0,0.0,0.0,0.3,11:12,0.0,00:01,0.3,7.1,6.8
1782723543.034,0.0,0.0,0.0,0.3,11:12,0.0,00:01,0.3,7.1,6.8
1782723548.038,0.0,0.0,0.0,0.3,11:12,0.0,00:01,0.3,7.1,6.8
1782723553.053,0.0,0.0,0.0,0.3,11:12,0.0,00:01,0.3,7.1,6.8
1782723558.065,0.0,0.0,0.0,0.3,11:12,0.0,00:01,0.3,7.1,6.8
1782723563.078,0.0,0.0,0.0,0.3,11:12,0.0,00:01,0.3,7.1,6.8
1782723568.085,0.0,0.0,0.0,0.3,11:12,0.0,00:01,0.3,7.1,6.8
1782723573.093,0.0,0.0,0.0,0.3,11:12,0.0,00:01,0.3,7.1,6.8
1782723578.105,0.0,0.0,0.0,0.3,11:12,0.0,00:01,0.3,7.1,6.8
1782723583.119,0.0,0.0,0.0,0.3,11:12,0.0,00:01,0.3,7.1,6.8
1782723588.135,0.0,0.0,0.0,0.3,11:12,0.0,00:01,0.3,7.1,6.8
1782723593.142,0.0,0.0,0.0,0.3,11:12,0.0,00:01,0.3,7.1,6.8
1782723598.151,0.0,0.0,0.0,0.3,11:12,0.0,00:01,0.3,7.1,6.8
1782723603.162,0.0,0.0,0.0,0.3,11:12,0.0,00:01,0.3,7.1,6.8
1782723608.171,0.0,0.0,0.0,0.3,11:12,0.0,00:01,0.3,7.1,6.8
1782723613.179,0.0,0.0,0.0,0.3,11:12,0.0,00:01,0.3,7.1,6.8
1782723618.186,0.0,0.0,0.0,0.3,11:12,0.0,00:01,0.3,7.1,6.8
1782723623.194,0.0,0.0,0.0,0.3,11:12,0.0,00:01,0.3,7.1,6.8
1782723628.204,0.0,0.0,0.0,0.3,11:12,0.0,00:01,0.3,7.1,6.8
1782723633.214,0.0,0.0,0.0,0.3,11:12,0.0,00:01,0.3,7.1,6.8
1782723638.224,0.0,0.0,0.0,0.3,11:12,0.0,00:01,0.3,7.1,6.8
1782723643.227,0.0,0.0,0.0,0.3,11:12,0.0,00:01,0.3,7.1,6.8
1782723648.232,0.0,0.0,0.0,0.3,11:12,0.0,00:01,0.3,7.1,6.8
1782723653.244,0.0,0.0,0.0,0.3,11:12,0.0,00:01,0.3,7.1,6.8
1782723658.253,0.0,0.0,0.0,0.3,11:12,0.0,00:01,0.3,7.1,6.8
1782723663.26,0.0,0.0,0.0,0.3,11:12,0.0,00:01,0.3,7.1,6.8
1782723668.27,0.0,0.0,0.0,0.3,11:12,0.0,00:01,0.3,7.1,6.8
1782723673.277,0.0,0.0,0.0,0.3,11:12,0.0,00:01,0.3,7.1,6.8
1782723678.288,0.0,0.0,0.0,0.3,11:12,0.0,00:01,0.3,7.1,6.8
1782723683.295,0.0,0.0,0.0,0.3,11:12,0.0,00:01,0.3,7.1,6.8
1782723688.3,0.0,0.0,0.0,0.3,11:12,0.0,00:01,0.3,7.1,6.8
1782723693.311,0.0,0.0,0.0,0.3,11:12,0.0,00:01,0.3,7.1,6.8
1782723698.32,0.0,0.0,0.0,0.3,11:12,0.0,00:01,0.3,7.1,6.8
1782723703.332,0.0,0.0,0.0,0.3,11:12,0.0,00:01,0.3,7.1,6.8
1782723708.338,0.0,0.0,0.0,0.3,11:12,0.0,00:01,0.3,7.1,6.8
1782723713.347,0.0,0.0,0.0,0.3,11:12,0.0,00:01,0.3,7.1,6.8
1782723718.355,0.0,0.0,0.0,0.3,11:12,0.0,00:01,0.3,7.1,6.8
1782723723.367,0.0,0.0,0.0,0.3,11:12,0.0,00:01,0.3,7.1,6.8
1782723728.375,0.0,0.0,0.0,0.3,11:12,0.0,00:01,0.3,7.1,6.8
1782723733.381,0.0,0.0,0.0,0.3,11:12,0.0,00:01,0.3,7.1,6.8
1782723738.39,0.0,0.0,0.0,0.3,11:12,0.0,00:01,0.3,7.1,6.8
1782723743.396,0.0,0.0,0.0,0.3,11:12,0.0,00:01,0.3,7.1,6.8
1782723748.407,0.0,0.0,0.0,0.3,11:12,0.0,00:01,0.3,7.1,6.8
1782723753.417,0.0,0.0,0.0,0.3,11:12,0.0,00:01,0.3,7.1,6.8
1782723758.423,0.0,0.0,0.0,0.3,11:12,0.0,00:01,0.3,7.1,6.8
1782723763.433,0.0,0.0,0.0,0.3,11:12,0.0,00:01,0.3,7.1,6.8
1782723768.442,0.0,0.0,0.0,0.3,11:12,0.0,00:01,0.3,7.1,6.8
1782723773.452,0.0,0.0,0.0,0.3,11:12,0.0,00:01,0.3,7.1,6.8
1782723778.457,0.0,0.0,0.0,0.3,11:12,0.0,00:01,0.3,7.1,6.8
1782723783.467,0.0,0.0,0.0,0.3,11:12,0.0,00:01,0.3,7.1,6.8
1782723788.476,0.0,0.0,0.0,0.3,11:12,0.0,00:01,0.3,7.1,6.8
1782723793.487,0.0,0.0,0.0,0.3,11:12,0.0,00:01,0.3,7.1,6.8
1782723798.492,0.0,0.0,0.0,0.3,11:12,0.0,00:01,0.3,7.1,6.8
1782723803.498,0.0,0.0,0.0,0.3,11:12,0.0,00:01,0.3,7.1,6.8
1782723808.506,0.0,0.0,0.0,0.3,11:12,0.0,00:01,0.3,7.1,6.8
1782723813.515,0.0,0.0,0.0,0.3,11:12,0.0,00:01,0.3,7.1,6.8
1782723818.521,0.0,0.0,0.0,0.3,11:12,0.0,00:01,0.3,7.1,6.8
1782723823.527,0.0,0.0,0.0,0.3,11:12,0.0,00:01,0.3,7.1,6.8
1782723828.532,0.0,0.0,0.0,0.3,11:12,0.0,00:01,0.3,7.1,6.8
1782723833.54,0.0,0.0,0.0,0.3,11:12,0.0,00:01,0.3,7.1,6.8
1782723838.551,0.0,0.0,0.0,0.3,11:12,0.0,00:01,0.3,7.1,6.8
1782723843.559,0.0,0.0,0.0,0.3,11:12,0.0,00:01,0.3,7.1,6.8
1782723848.567,0.0,0.0,0.0,0.3,11:12,0.0,00:01,0.3,7.1,6.8
1782723853.575,0.0,0.0,0.0,0.3,11:12,0.0,00:01,0.3,7.1,6.8
1782723858.584,0.0,0.0,0.0,0.3,11:12,0.0,00:01,0.3,7.1,6.8
1782723863.595,0.0,0.0,0.0,0.3,11:12,0.0,00:01,0.3,7.1,6.8
1782723868.605,0.0,0.0,0.0,0.3,11:12,0.0,00:01,0.3,7.1,6.8
1782723873.608,0.0,0.0,0.0,0.3,11:12,0.0,00:01,0.3,7.1,6.8
1782723878.619,0.0,0.0,0.0,0.3,11:12,0.0,00:01,0.3,7.1,6.8
1782723883.629,0.0,0.0,0.0,0.3,11:12,0.0,00:01,0.3,7.1,6.8
1782723888.638,0.0,0.0,0.0,0.3,11:12,0.0,00:01,0.3,7.1,6.8
1782723893.645,0.0,0.0,0.0,0.3,11:12,0.0,00:01,0.3,7.1,6.8
1782723898.653,0.0,0.0,0.0,0.3,11:12,0.0,00:01,0.3,7.1,6.8
1782723903.661,0.0,0.0,0.0,0.3,11:12,0.0,00:01,0.3,7.1,6.8
1782723908.673,0.0,0.0,0.0,0.3,11:12,0.0,00:01,0.3,7.1,6.8
1782723913.679,0.0,0.0,0.0,0.3,11:12,0.0,00:01,0.3,7.1,6.8
1782723918.682,0.0,0.0,0.0,0.3,11:12,0.0,00:01,0.3,7.1,6.8
1782723923.688,0.0,0.0,0.0,0.3,11:12,0.0,00:01,0.3,7.1,6.8
1782723928.693,0.0,0.0,0.0,0.3,11:12,0.0,00:01,0.3,7.1,6.8
1782723933.703,0.0,0.0,0.0,0.3,11:12,0.0,00:01,0.3,7.1,6.8
1782723938.711,0.0,0.0,0.0,0.3,11:12,0.0,00:01,0.3,7.1,6.8
1782723943.715,0.0,0.0,0.0,0.3,11:12,0.0,00:01,0.3,7.1,6.8
1782723948.726,0.0,0.0,0.0,0.3,11:12,0.0,00:01,0.3,7.1,6.8
1782723953.735,0.0,0.0,0.0,0.3,11:12,0.0,00:01,0.3,7.1,6.8
1782723958.745,0.0,0.0,0.0,0.3,11:12,0.0,00:01,0.3,7.1,6.8
1782723963.757,0.0,0.0,0.0,0.3,11:12,0.0,00:01,0.3,7.1,6.8
1782723968.764,0.0,0.0,0.0,0.3,11:12,0.0,00:01,0.3,7.1,6.8
1782723973.772,0.0,0.0,0.0,0.3,11:12,0.0,00:01,0.3,7.1,6.8
1782723978.784,0.0,0.0,0.0,0.3,11:12,0.0,00:01,0.3,7.1,6.8
1782723983.797,0.0,0.0,0.0,0.3,11:12,0.0,00:01,0.3,7.1,6.8
1782723988.804,0.0,0.0,0.0,0.3,11:12,0.0,00:01,0.3,7.1,6.8
1782723993.815,0.0,0.0,0.0,0.3,11:12,0.0,00:01,0.3,7.1,6.8
1782723998.829,0.0,0.0,0.0,0.3,11:12,0.0,00:01,0.3,7.1,6.8
1782724003.843,0.0,0.0,0.0,0.3,11:12,0.0,00:01,0.3,7.1,6.8
1782724008.855,0.0,0.0,0.0,0.3,11:12,0.0,00:01,0.3,7.1,6.8
1782724013.862,0.0,0.0,0.0,0.3,11:12,0.0,00:01,0.3,7.1,6.8
1782724018.877,0.0,0.0,0.0,0.3,11:12,0.0,00:01,0.3,7.1,6.8
1782724023.888,0.0,0.0,0.0,0.3,11:12,0.0,00:01,0.3,7.1,6.8
1782724028.901,0.0,0.0,0.0,0.3,11:12,0.0,00:01,0.3,7.1,6.8
1782724033.913,0.0,0.0,0.0,0.3,11:12,0.0,00:01,0.3,7.1,6.8
1782724038.92,0.0,0.0,0.0,0.3,11:12,0.0,00:01,0.3,7.1,6.8
1782724043.928,0.0,0.0,0.0,0.3,11:12,0.0,00:01,0.3,7.1,6.8
1782724048.945,0.0,0.0,0.0,0.3,11:12,0.0,00:01,0.3,7.1,6.8
1782724053.954,0.0,0.0,0.0,0.3,11:12,0.0,00:01,0.3,7.1,6.8
1782724058.966,0.0,0.0,0.0,0.3,11:12,0.0,00:01,0.3,7.1,6.8
1782724063.972,0.0,0.0,0.0,0.3,11:12,0.0,00:01,0.3,7.1,6.8
1782724068.983,0.0,0.0,0.0,0.3,11:12,0.0,00:01,0.3,7.1,6.8
1782724073.995,0.0,0.0,0.0,0.3,11:12,0.0,00:01,0.3,7.1,6.8
1782724079.005,0.0,0.0,0.0,0.3,11:12,0.0,00:01,0.3,7.1,6.8
1782724084.008,0.0,0.0,0.0,0.3,11:12,0.0,00:01,0.3,7.1,6.8
1782724089.02,0.0,0.0,0.0,0.3,11:12,0.0,00:01,0.3,7.1,6.8
1782724094.033,0.0,0.0,0.0,0.3,11:12,0.0,00:01,0.3,7.1,6.8
1782724099.045,0.0,0.0,0.0,0.3,11:12,0.0,00:01,0.3,7.1,6.8
1782724104.057,0.0,0.0,0.0,0.3,11:12,0.0,00:01,0.3,7.1,6.8
1782724109.064,0.0,0.0,0.0,0.3,11:12,0.0,00:01,0.3,7.1,6.8
1782724114.078,0.0,0.0,0.0,0.3,11:12,0.0,00:01,0.3,7.1,6.8
1782724119.094,0.0,0.0,0.0,0.3,11:12,0.0,00:01,0.3,7.1,6.8
1782724124.105,0.0,0.0,0.0,0.3,11:12,0.0,00:01,0.3,7.1,6.8
1782724129.113,0.0,0.0,0.0,0.3,11:12,0.0,00:01,0.3,7.1,6.8
1782724134.12,0.0,0.0,0.0,0.3,11:12,0.0,00:01,0.3,7.1,6.8
1782724139.128,0.0,0.0,0.0,0.3,11:12,0.0,00:01,0.3,7.1,6.8
1782724144.139,0.0,0.0,0.0,0.3,11:12,0.0,00:01,0.3,7.1,6.8
1782724149.154,0.0,0.0,0.0,0.3,11:12,0.0,00:01,0.3,7.1,6.8
1782724154.157,0.0,0.0,0.0,0.3,11:12,0.0,00:01,0.3,7.1,6.8
1782724159.17,0.0,0.0,0.0,0.3,11:12,0.0,00:01,0.3,7.1,6.8
1782724164.182,0.0,0.0,0.0,0.3,11:12,0.0,00:01,0.3,7.1,6.8
1782724169.195,0.0,0.0,0.0,0.3,11:12,0.0,00:01,0.3,7.1,6.8
1782724174.207,0.0,0.0,0.0,0.3,11:12,0.0,00:01,0.3,7.1,6.8
1782724179.212,0.0,0.0,0.0,0.3,11:12,0.0,00:01,0.3,7.1,6.8
1782724184.223,0.0,0.0,0.0,0.3,11:12,0.0,00:01,0.3,7.1,6.8
1782724189.235,0.0,0.0,0.0,0.3,11:12,0.0,00:01,0.3,7.1,6.8
1782724194.249,0.0,0.0,0.0,0.3,11:12,0.0,00:01,0.3,7.1,6.8
1782724199.26,0.0,0.0,0.0,0.3,11:12,0.0,00:01,0.3,7.1,6.8
1782724204.272,0.0,0.0,0.0,0.3,11:12,0.0,00:01,0.3,7.1,6.8
1782724209.282,0.0,0.0,0.0,0.3,11:12,0.0,00:01,0.3,7.1,6.8
1782724214.295,0.0,0.0,0.0,0.3,11:12,0.0,00:01,0.3,7.1,6.8
1782724219.302,0.0,0.0,0.0,0.3,11:12,0.0,00:01,0.3,7.1,6.8
1782724224.306,0.0,0.0,0.0,0.3,11:12,0.0,00:01,0.3,7.1,6.8
1782724229.315,0.0,0.0,0.0,0.3,11:12,0.0,00:01,0.3,7.1,6.8
1782724234.322,0.0,0.0,0.0,0.3,11:12,0.0,00:01,0.3,7.1,6.8
1782724239.331,0.0,0.0,0.0,0.3,11:12,0.0,00:01,0.3,7.1,6.8
1782724244.34,0.0,0.0,0.0,0.3,11:12,0.0,00:01,0.3,7.1,6.8
1782724249.346,0.0,0.0,0.0,0.3,11:12,0.0,00:01,0.3,7.1,6.8
1782724254.357,0.0,0.0,0.0,0.3,11:12,0.0,00:01,0.3,7.1,6.8
1782724259.368,0.0,0.0,0.0,0.3,11:12,0.0,00:01,0.3,7.1,6.8
1782724264.378,0.0,0.0,0.0,0.3,11:12,0.0,00:01,0.3,7.1,6.8
1782724269.385,0.0,0.0,0.0,0.3,11:12,0.0,00:01,0.3,7.1,6.8
1782724274.39,0.0,0.0,0.0,0.3,11:12,0.0,00:01,0.3,7.1,6.8
1782724279.403,0.0,0.0,0.0,0.3,11:12,0.0,00:01,0.3,7.1,6.8
1782724284.417,0.0,0.0,0.0,0.3,11:12,0.0,00:01,0.3,7.1,6.8
1782724289.43,0.0,0.0,0.0,0.3,11:12,0.0,00:01,0.3,7.1,6.8
1782724294.437,0.0,0.0,0.0,0.3,11:12,0.0,00:01,0.3,7.1,6.8
1782724299.448,0.0,0.0,0.0,0.3,11:12,0.0,00:01,0.3,7.1,6.8
1782724304.465,0.0,0.0,0.0,0.3,11:12,0.0,00:01,0.3,7.1,6.8
1782724309.476,0.0,0.0,0.0,0.3,11:12,0.0,00:01,0.3,7.1,6.8
1782724314.486,0.0,0.0,0.0,0.3,11:12,0.0,00:01,0.3,7.1,6.8
1782724319.492,0.0,0.0,0.0,0.3,11:12,0.0,00:01,0.3,7.1,6.8
1782724324.5,0.0,0.0,0.0,0.3,11:12,0.0,00:01,0.3,7.1,6.8
1782724329.515,0.0,0.0,0.0,0.3,11:12,0.0,00:01,0.3,7.1,6.8
1782724334.529,0.0,0.0,0.0,0.3,11:12,0.0,00:01,0.3,7.1,6.8
1782724339.541,0.0,0.0,0.0,0.3,11:12,0.0,00:01,0.3,7.1,6.8
1782724344.548,0.0,0.0,0.0,0.3,11:12,0.0,00:01,0.3,7.1,6.8
1782724349.561,0.0,0.0,0.0,0.3,11:12,0.0,00:01,0.3,7.1,6.8
1782724354.57,0.0,0.0,0.0,0.3,11:12,0.0,00:01,0.3,7.1,6.8
1782724359.579,0.0,0.0,0.0,0.3,11:12,0.0,00:01,0.3,7.1,6.8
1782724364.587,0.0,0.0,0.0,0.3,11:12,0.0,00:01,0.3,7.1,6.8
1782724369.592,0.0,0.0,0.0,0.3,11:12,0.0,00:01,0.3,7.1,6.8
1782724374.603,0.0,0.0,0.0,0.3,11:12,0.0,00:01,0.3,7.1,6.8
1782724379.613,0.0,0.0,0.0,0.3,11:12,0.0,00:01,0.3,7.1,6.8
1782724384.62,0.0,0.0,0.0,0.3,11:12,0.0,00:01,0.3,7.1,6.8
1782724389.624,0.0,0.0,0.0,0.3,11:12,0.0,00:01,0.3,7.1,6.8
1782724394.63,0.0,0.0,0.0,0.3,11:12,0.0,00:01,0.3,7.1,6.8
1782724399.641,0.0,0.0,0.0,0.3,11:12,0.0,00:01,0.3,7.1,6.8
1782724404.652,0.0,0.0,0.0,0.3,11:12,0.0,00:01,0.3,7.1,6.8
1782724409.661,0.0,0.0,0.0,0.3,11:12,0.0,00:01,0.3,7.1,6.8
1782724414.665,0.0,0.0,0.0,0.3,11:12,0.0,00:01,0.3,7.1,6.8
1782724419.674,0.0,0.0,0.0,0.3,11:12,0.0,00:01,0.3,7.1,6.8
1782724424.684,0.0,0.0,0.0,0.3,11:12,0.0,00:01,0.3,7.1,6.8
1782724429.693,0.0,0.0,0.0,0.3,11:12,0.0,00:01,0.3,7.1,6.8
1782724434.704,0.0,0.0,0.0,0.3,11:12,0.0,00:01,0.3,7.1,6.8
1782724439.71,0.0,0.0,0.0,0.3,11:12,0.0,00:01,0.3,7.1,6.8
1782724444.719,0.0,0.0,0.0,0.3,11:12,0.0,00:01,0.3,7.1,6.8
1782724449.727,0.0,0.0,0.0,0.3,11:12,0.0,00:01,0.3,7.1,6.8
1782724454.736,0.0,0.0,0.0,0.3,11:12,0.0,00:01,0.3,7.1,6.8
1782724459.742,0.0,0.0,0.0,0.3,11:12,0.0,00:01,0.3,7.1,6.8
1782724464.748,0.0,0.0,0.0,0.3,11:12,0.0,00:01,0.3,7.1,6.8
1782724469.761,0.0,0.0,0.0,0.3,11:12,0.0,00:01,0.3,7.1,6.8
1782724474.77,0.0,0.0,0.0,0.3,11:12,0.0,00:01,0.3,7.1,6.8
1782724479.779,0.0,0.0,0.0,0.3,11:12,0.0,00:01,0.3,7.1,6.8
1782724484.784,0.0,0.0,0.0,0.3,11:12,0.0,00:01,0.3,7.1,6.8
1782724489.793,0.0,0.0,0.0,0.3,11:12,0.0,00:01,0.3,7.1,6.8
1782724494.802,0.0,0.0,0.0,0.3,11:12,0.0,00:01,0.3,7.1,6.8
1782724499.812,0.0,0.0,0.0,0.3,11:12,0.0,00:01,0.3,7.1,6.8
1782724504.82,0.0,0.0,0.0,0.3,11:12,0.0,00:01,0.3,7.1,6.8
1782724509.824,0.0,0.0,0.0,0.3,11:12,0.0,00:01,0.3,7.1,6.8
1782724514.833,0.0,0.0,0.0,0.3,11:12,0.0,00:01,0.3,7.1,6.8
1782724519.842,0.0,0.0,0.0,0.3,11:12,0.0,00:01,0.3,7.1,6.8
1782724524.852,0.0,0.0,0.0,0.3,11:12,0.0,00:01,0.3,7.1,6.8
1782724529.858,0.0,0.0,0.0,0.3,11:12,0.0,00:01,0.3,7.1,6.8
1782724534.864,0.0,0.0,0.0,0.3,11:12,0.0,00:01,0.3,7.1,6.8
1782724539.876,0.0,0.0,0.0,0.3,11:12,0.0,00:01,0.3,7.1,6.8
1782724544.886,0.0,0.0,0.0,0.3,11:12,0.0,00:01,0.3,7.1,6.8
1782724549.896,0.0,0.0,0.0,0.3,11:12,0.0,00:01,0.3,7.1,6.8
1782724554.9,0.0,0.0,0.0,0.3,11:12,0.0,00:01,0.3,7.1,6.8
1782724559.911,0.0,0.0,0.0,0.3,11:12,0.0,00:01,0.3,7.1,6.8
1782724564.92,0.0,0.0,0.0,0.3,11:12,0.0,00:01,0.3,7.1,6.8
1782724569.929,0.0,0.0,0.0,0.3,11:12,0.0,00:01,0.3,7.1,6.8
1782724574.935,0.0,0.0,0.0,0.3,11:12,0.0,00:01,0.3,7.1,6.8
1782724579.94,0.0,0.0,0.0,0.3,11:12,0.0,00:01,0.3,7.1,6.8
1782724584.949,0.0,0.0,0.0,0.3,11:12,0.0,00:01,0.3,7.1,6.8
1782724589.961,0.0,0.0,0.0,0.3,11:12,0.0,00:01,0.3,7.1,6.8
1782724594.971,0.0,0.0,0.0,0.3,11:12,0.0,00:01,0.3,7.1,6.8
1782724599.977,0.0,0.0,0.0,0.3,11:12,0.0,00:01,0.3,7.1,6.8
1782724604.984,0.0,0.0,0.0,0.3,11:12,0.0,00:01,0.3,7.1,6.8
1782724609.991,0.0,0.0,0.0,0.3,11:12,0.0,00:01,0.3,7.1,6.8
1782724615.001,0.0,0.0,0.0,0.3,11:12,0.0,00:01,0.3,7.1,6.8
1782724620.01,0.0,0.0,0.0,0.3,11:12,0.0,00:01,0.3,7.1,6.8
1782724625.012,0.0,0.0,0.0,0.3,11:12,0.0,00:01,0.3,7.1,6.8
1782724630.021,0.0,0.0,0.0,0.3,11:12,0.0,00:01,0.3,7.1,6.8
1782724635.031,0.0,0.0,0.0,0.3,11:12,0.0,00:01,0.3,7.1,6.8
1782724640.039,0.0,0.0,0.0,0.3,11:12,0.0,00:01,0.3,7.1,6.8
1782724645.05,0.0,0.0,0.0,0.3,11:12,0.0,00:01,0.3,7.1,6.8
1782724650.056,0.0,0.0,0.0,0.3,11:12,0.0,00:01,0.3,7.1,6.8
1782724655.062,0.0,0.0,0.0,0.3,11:12,0.0,00:01,0.3,7.1,6.8
1782724660.073,0.0,0.0,0.0,0.3,11:12,0.0,00:01,0.3,7.1,6.8
1782724665.085,0.0,0.0,0.0,0.3,11:12,0.0,00:01,0.3,7.1,6.8
1782724670.093,0.0,0.0,0.0,0.3,11:12,0.0,00:01,0.3,7.1,6.8
1782724675.1,0.0,0.0,0.0,0.3,11:12,0.0,00:01,0.3,7.1,6.8
1782724680.115,0.0,0.0,0.0,0.3,11:12,0.0,00:01,0.3,7.1,6.8
1782724685.127,0.0,0.0,0.0,0.3,11:12,0.0,00:01,0.3,7.1,6.8
1782724690.142,0.0,0.0,0.0,0.3,11:12,0.0,00:01,0.3,7.1,6.8
1782724695.149,0.0,0.0,0.0,0.3,11:12,0.0,00:01,0.3,7.1,6.8
1782724700.164,0.0,0.0,0.0,0.3,11:12,0.0,00:01,0.3,7.1,6.8
1782724705.176,0.0,0.0,0.0,0.3,11:12,0.0,00:01,0.3,7.1,6.8
1782724710.185,0.0,0.0,0.0,0.3,11:12,0.0,00:01,0.3,7.1,6.8
1782724715.195,0.0,0.0,0.0,0.3,11:12,0.0,00:01,0.3,7.1,6.8
1782724720.201,0.0,0.0,0.0,0.3,11:12,0.0,00:01,0.3,7.1,6.8
1782724725.211,0.0,0.0,0.0,0.3,11:12,0.0,00:01,0.3,7.1,6.8
1782724730.224,0.0,0.0,0.0,0.3,11:12,0.0,00:01,0.3,7.1,6.8
1782724735.233,0.0,0.0,0.0,0.3,11:12,0.0,00:01,0.3,7.1,6.8
1782724740.24,0.0,0.0,0.0,0.3,11:12,0.0,00:01,0.3,7.1,6.8
1782724745.246,0.0,0.0,0.0,0.3,11:12,0.0,00:01,0.3,7.1,6.8
1782724750.256,0.0,0.0,0.0,0.3,11:12,0.0,00:01,0.3,7.1,6.8
1782724755.266,0.0,0.0,0.0,0.3,11:12,0.0,00:01,0.3,7.1,6.8
1782724760.275,0.0,0.0,0.0,0.3,11:12,0.0,00:01,0.3,7.1,6.8
1782724765.282,0.0,0.0,0.0,0.3,11:12,0.0,00:01,0.3,7.1,6.8
1782724770.291,0.0,0.0,0.0,0.3,11:12,0.0,00:01,0.3,7.1,6.8
1782724775.303,0.0,0.0,0.0,0.3,11:12,0.0,00:01,0.3,7.1,6.8
1782724780.313,0.0,0.0,0.0,0.3,11:12,0.0,00:01,0.3,7.1,6.8
1782724785.319,0.0,0.0,0.0,0.3,11:12,0.0,00:01,0.3,7.1,6.8
1782724790.324,0.0,0.0,0.0,0.3,11:12,0.0,00:01,0.3,7.1,6.8
1782724795.336,0.0,0.0,0.0,0.3,11:12,0.0,00:01,0.3,7.1,6.8
1782724800.343,0.0,0.0,0.0,0.3,11:12,0.0,00:01,0.3,7.1,6.8
1782724805.352,0.0,0.0,0.0,0.3,11:12,0.0,00:01,0.3,7.1,6.8
1782724810.361,0.0,0.0,0.0,0.3,11:12,0.0,00:01,0.3,7.1,6.8
1782724815.368,0.0,0.0,0.0,0.3,11:12,0.0,00:01,0.3,7.1,6.8
1782724820.378,0.0,0.0,0.0,0.3,11:12,0.0,00:01,0.3,7.1,6.8
1782724825.386,0.0,0.0,0.0,0.3,11:12,0.0,00:01,0.3,7.1,6.8
1782724830.399,0.0,0.0,0.0,0.3,11:12,0.0,00:01,0.3,7.1,6.8
1782724835.404,0.0,0.0,0.0,0.3,11:12,0.0,00:01,0.3,7.1,6.8
1782724840.416,0.0,0.0,0.0,0.3,11:12,0.0,00:01,0.3,7.1,6.8
1782724845.428,0.0,0.0,0.0,0.3,11:12,0.0,00:01,0.3,7.1,6.8
1782724850.442,0.0,0.0,0.0,0.3,11:12,0.0,00:01,0.3,7.1,6.8
1782724855.451,0.0,0.0,0.0,0.3,11:12,0.0,00:01,0.3,7.1,6.8
1782724860.456,0.0,0.0,0.0,0.3,11:12,0.0,00:01,0.3,7.1,6.8
1782724865.471,0.0,0.0,0.0,0.3,11:12,0.0,00:01,0.3,7.1,6.8
1782724870.485,0.0,0.0,0.0,0.3,11:12,0.0,00:01,0.3,7.1,6.8
1782724875.497,0.0,0.0,0.0,0.3,11:12,0.0,00:01,0.3,7.1,6.8
1782724880.505,0.0,0.0,0.0,0.3,11:12,0.0,00:01,0.3,7.1,6.8
1782724885.51,0.0,0.0,0.0,0.3,11:12,0.0,00:01,0.3,7.1,6.8
1782724890.522,0.0,0.0,0.0,0.3,11:12,0.0,00:01,0.3,7.1,6.8
1782724895.534,0.0,0.0,0.0,0.3,11:12,0.0,00:01,0.3,7.1,6.8
1782724900.544,0.0,0.0,0.0,0.3,11:12,0.0,00:01,0.3,7.1,6.8
1782724905.55,0.0,0.0,0.0,0.3,11:12,0.0,00:01,0.3,7.1,6.8
1782724910.559,0.0,0.0,0.0,0.3,11:12,0.0,00:01,0.3,7.1,6.8
1782724915.575,0.0,0.0,0.0,0.3,11:12,0.0,00:01,0.3,7.1,6.8
1782724920.585,0.0,0.0,0.0,0.3,11:12,0.0,00:01,0.3,7.1,6.8
1782724925.59,0.0,0.0,0.0,0.3,11:12,0.0,00:01,0.3,7.1,6.8
1782724930.597,0.0,0.0,0.0,0.3,11:12,0.0,00:01,0.3,7.1,6.8
1782724935.607,0.0,0.0,0.0,0.3,11:12,0.0,00:01,0.3,7.1,6.8
1782724940.613,0.0,0.0,0.0,0.3,11:12,0.0,00:01,0.3,7.1,6.8
1782724945.623,0.0,0.0,0.0,0.3,11:12,0.0,00:01,0.3,7.1,6.8
1782724950.633,0.0,0.0,0.0,0.3,11:12,0.0,00:01,0.3,7.1,6.8
1782724955.641,0.0,0.0,0.0,0.3,11:12,0.0,00:01,0.3,7.1,6.8
1782724960.648,0.0,0.0,0.0,0.3,11:12,0.0,00:01,0.3,7.1,6.8
1782724965.655,0.0,0.0,0.0,0.3,11:12,0.0,00:01,0.3,7.1,6.8
1782724970.663,0.0,0.0,0.0,0.3,11:12,0.0,00:01,0.3,7.1,6.8
1782724975.665,0.0,0.0,0.0,0.3,11:12,0.0,00:01,0.3,7.1,6.8
1782724980.674,0.0,0.0,0.0,0.3,11:12,0.0,00:01,0.3,7.1,6.8
1782724985.688,0.0,0.0,0.0,0.3,11:12,0.0,00:01,0.3,7.1,6.8
1782724990.7,0.0,0.0,0.0,0.3,11:12,0.0,00:01,0.3,7.1,6.8
1782724995.708,0.0,0.0,0.0,0.3,11:12,0.0,00:01,0.3,7.1,6.8
1782725000.718,0.0,0.0,0.0,0.3,11:12,0.0,00:01,0.3,7.1,6.8
1782725005.733,0.0,0.0,0.0,0.3,11:12,0.0,00:01,0.3,7.1,6.8
1782725010.743,0.0,0.0,0.0,0.3,11:12,0.0,00:01,0.3,7.1,6.8
1782725015.756,0.0,0.0,0.0,0.3,11:12,0.0,00:01,0.3,7.1,6.8
1782725020.768,0.0,0.0,0.0,0.3,11:12,0.0,00:01,0.3,7.1,6.8
1782725025.775,0.0,0.0,0.0,0.3,11:12,0.0,00:01,0.3,7.1,6.8
1782725030.791,0.0,0.0,0.0,0.3,11:12,0.0,00:01,0.3,7.1,6.8
1782725035.802,0.0,0.0,0.0,0.3,11:12,0.0,00:01,0.3,7.1,6.8
1782725040.815,0.0,0.0,0.0,0.3,11:12,0.0,00:01,0.3,7.1,6.8
1782725045.828,0.0,0.0,0.0,0.3,11:12,0.0,00:01,0.3,7.1,6.8
1782725050.835,0.0,0.0,0.0,0.3,11:12,0.0,00:01,0.3,7.1,6.8
1782725055.852,0.0,0.0,0.0,0.3,11:12,0.0,00:01,0.3,7.1,6.8
1782725060.864,0.0,0.0,0.0,0.3,11:12,0.0,00:01,0.3,7.1,6.8
1782725065.877,0.0,0.0,0.0,0.3,11:12,0.0,00:01,0.3,7.1,6.8
1782725070.883,0.0,0.0,0.0,0.3,11:12,0.0,00:01,0.3,7.1,6.8
1782725075.898,0.0,0.0,0.0,0.3,11:12,0.0,00:01,0.3,7.1,6.8
1782725080.908,0.0,0.0,0.0,0.3,11:12,0.0,00:01,0.3,7.1,6.8
1782725085.921,0.0,0.0,0.0,0.3,11:12,0.0,00:01,0.3,7.1,6.8
1782725090.933,0.0,0.0,0.0,0.3,11:12,0.0,00:01,0.3,7.1,6.8
1782725095.94,0.0,0.0,0.0,0.3,11:12,0.0,00:01,0.3,7.1,6.8
1782725100.956,0.0,0.0,0.0,0.3,11:12,0.0,00:01,0.3,7.1,6.8
1782725105.968,0.0,0.0,0.0,0.3,11:12,0.0,00:01,0.3,7.1,6.8
1782725110.98,0.0,0.0,0.0,0.3,11:12,0.0,00:01,0.3,7.1,6.8
1782725115.992,0.0,0.0,0.0,0.3,11:12,0.0,00:01,0.3,7.1,6.8
1782725120.999,0.0,0.0,0.0,0.3,11:12,0.0,00:01,0.3,7.1,6.8
1782725126.012,0.0,0.0,0.0,0.3,11:12,0.0,00:01,0.3,7.1,6.8
1782725131.023,0.0,0.0,0.0,0.3,11:12,0.0,00:01,0.3,7.1,6.8
1782725136.033,0.0,0.0,0.0,0.3,11:12,0.0,00:01,0.3,7.1,6.8
1782725141.036,0.0,0.0,0.0,0.3,11:12,0.0,00:01,0.3,7.1,6.8
1782725146.046,0.0,0.0,0.0,0.3,11:12,0.0,00:01,0.3,7.1,6.8
1782725151.054,0.0,0.0,0.0,0.3,11:12,0.0,00:01,0.3,7.1,6.8
1782725156.065,0.0,0.0,0.0,0.3,11:12,0.0,00:01,0.3,7.1,6.8
1782725161.075,0.0,0.0,0.0,0.3,11:12,0.0,00:01,0.3,7.1,6.8
1782725166.081,0.0,0.0,0.0,0.3,11:12,0.0,00:01,0.3,7.1,6.8
1782725171.093,0.0,0.0,0.0,0.3,11:12,0.0,00:01,0.3,7.1,6.8
1782725176.103,0.0,0.0,0.0,0.3,11:12,0.0,00:01,0.3,7.1,6.8
1782725181.11,0.0,0.0,0.0,0.3,11:12,0.0,00:01,0.3,7.1,6.8
1782725186.12,0.0,0.0,0.0,0.3,11:12,0.0,00:01,0.3,7.1,6.8
1782725191.126,0.0,0.0,0.0,0.3,11:12,0.0,00:01,0.3,7.1,6.8
1782725196.137,0.0,0.0,0.0,0.3,11:12,0.0,00:01,0.3,7.1,6.8
1782725201.148,0.0,0.0,0.0,0.3,11:12,0.0,00:01,0.3,7.1,6.8
1782725206.161,0.0,0.0,0.0,0.3,11:12,0.0,00:01,0.3,7.1,6.8
1782725211.168,0.0,0.0,0.0,0.3,11:12,0.0,00:01,0.3,7.1,6.8
1782725216.182,0.0,0.0,0.0,0.3,11:12,0.0,00:01,0.3,7.1,6.8
1782725221.195,0.0,0.0,0.0,0.3,11:12,0.0,00:01,0.3,7.1,6.8
1782725226.206,0.0,0.0,0.0,0.3,11:12,0.0,00:01,0.3,7.1,6.8
1782725231.218,0.0,0.0,0.0,0.3,11:12,0.0,00:01,0.3,7.1,6.8
1782725236.224,0.0,0.0,0.0,0.3,11:12,0.0,00:01,0.3,7.1,6.8
1782725241.237,0.0,0.0,0.0,0.3,11:12,0.0,00:01,0.3,7.1,6.8
1782725246.249,0.0,0.0,0.0,0.3,11:12,0.0,00:01,0.3,7.1,6.8
1782725251.259,0.0,0.0,0.0,0.3,11:12,0.0,00:01,0.3,7.1,6.8
1782725256.273,0.0,0.0,0.0,0.3,11:12,0.0,00:01,0.3,7.1,6.8
1782725261.282,0.0,0.0,0.0,0.3,11:12,0.0,00:01,0.3,7.1,6.8
1782725266.292,0.0,0.0,0.0,0.3,11:12,0.0,00:01,0.3,7.1,6.8
1782725271.305,0.0,0.0,0.0,0.3,11:12,0.0,00:01,0.3,7.1,6.8
1782725276.313,0.0,0.0,0.0,0.3,11:12,0.0,00:01,0.3,7.1,6.8
1782725281.324,0.0,0.0,0.0,0.3,11:12,0.0,00:01,0.3,7.1,6.8
1782725286.334,0.0,0.0,0.0,0.3,11:12,0.0,00:01,0.3,7.1,6.8
1782725291.342,0.0,0.0,0.0,0.3,11:12,0.0,00:01,0.3,7.1,6.8
1782725296.351,0.0,0.0,0.0,0.3,11:12,0.0,00:01,0.3,7.1,6.8
1782725301.364,0.0,0.0,0.0,0.3,11:12,0.0,00:01,0.3,7.1,6.8
1782725306.37,0.0,0.0,0.0,0.3,11:12,0.0,00:01,0.3,7.1,6.8
1782725311.384,0.0,0.0,0.0,0.3,11:12,0.0,00:01,0.3,7.1,6.8
1782725316.398,0.0,0.0,0.0,0.3,11:12,0.0,00:01,0.3,7.1,6.8
1782725321.406,0.0,0.0,0.0,0.3,11:12,0.0,00:01,0.3,7.1,6.8
1782725326.417,0.0,0.0,0.0,0.3,11:12,0.0,00:01,0.3,7.1,6.8
1782725331.423,0.0,0.0,0.0,0.3,11:12,0.0,00:01,0.3,7.1,6.8
1782725336.432,0.0,0.0,0.0,0.3,11:12,0.0,00:01,0.3,7.1,6.8
1782725341.444,0.0,0.0,0.0,0.3,11:12,0.0,00:01,0.3,7.1,6.8
1782725346.457,0.0,0.0,0.0,0.3,11:12,0.0,00:01,0.3,7.1,6.8
1782725351.47,0.0,0.0,0.0,0.3,11:12,0.0,00:01,0.3,7.1,6.8
1782725356.48,0.0,0.0,0.0,0.3,11:12,0.0,00:01,0.3,7.1,6.8
1782725361.49,0.0,0.0,0.0,0.3,11:12,0.0,00:01,0.3,7.1,6.8
1782725366.503,0.0,0.0,0.0,0.3,11:12,0.0,00:01,0.3,7.1,6.8
1782725371.513,0.0,0.0,0.0,0.3,11:12,0.0,00:01,0.3,7.1,6.8
1782725376.52,0.0,0.0,0.0,0.3,11:12,0.0,00:01,0.3,7.1,6.8
1782725381.531,0.0,0.0,0.0,0.3,11:12,0.0,00:01,0.3,7.1,6.8
1782725386.54,0.0,0.0,0.0,0.3,11:12,0.0,00:01,0.3,7.1,6.8
1782725391.551,0.0,0.0,0.0,0.3,11:12,0.0,00:01,0.3,7.1,6.8
1782725396.564,0.0,0.0,0.0,0.3,11:12,0.0,00:01,0.3,7.1,6.8
1782725401.574,0.0,0.0,0.0,0.3,11:12,0.0,00:01,0.3,7.1,6.8
1782725406.586,0.0,0.0,0.0,0.3,11:12,0.0,00:01,0.3,7.1,6.8
1782725411.601,0.0,0.0,0.0,0.3,11:12,0.0,00:01,0.3,7.1,6.8
1782725416.608,0.0,0.0,0.0,0.3,11:12,0.0,00:01,0.3,7.1,6.8
1782725421.617,0.0,0.0,0.0,0.3,11:12,0.0,00:01,0.3,7.1,6.8
1782725426.626,0.0,0.0,0.0,0.3,11:12,0.0,00:01,0.3,7.1,6.8
1782725431.635,0.0,0.0,0.0,0.3,11:12,0.0,00:01,0.3,7.1,6.8
1782725436.649,0.0,0.0,0.0,0.3,11:12,0.0,00:01,0.3,7.1,6.8
1782725441.662,0.0,0.0,0.0,0.3,11:12,0.0,00:01,0.3,7.1,6.8
1782725446.668,0.0,0.0,0.0,0.3,11:12,0.0,00:01,0.3,7.1,6.8
1782725451.679,0.0,0.0,0.0,0.3,11:12,0.0,00:01,0.3,7.1,6.8
1782725456.689,0.0,0.0,0.0,0.3,11:12,0.0,00:01,0.3,7.1,6.8
1782725461.702,0.0,0.0,0.0,0.3,11:12,0.0,00:01,0.3,7.1,6.8
1782725466.713,0.0,0.0,0.0,0.3,11:12,0.0,00:01,0.3,7.1,6.8
1782725471.722,0.0,0.0,0.0,0.3,11:12,0.0,00:01,0.3,7.1,6.8
1782725476.73,0.0,0.0,0.0,0.3,11:12,0.0,00:01,0.3,7.1,6.8
1782725481.739,0.0,0.0,0.0,0.3,11:12,0.0,00:01,0.3,7.1,6.8
1782725486.746,0.0,0.0,0.0,0.3,11:12,0.0,00:01,0.3,7.1,6.8
1782725491.755,0.0,0.0,0.0,0.3,11:12,0.0,00:01,0.3,7.1,6.8
1782725496.763,0.0,0.0,0.0,0.3,11:12,0.0,00:01,0.3,7.1,6.8
1782725501.771,0.0,0.0,0.0,0.3,11:12,0.0,00:01,0.3,7.1,6.8
1782725506.778,0.0,0.0,0.0,0.3,11:12,0.0,00:01,0.3,7.1,6.8
1782725511.789,0.0,0.0,0.0,0.3,11:12,0.0,00:01,0.3,7.1,6.8
1782725516.792,0.0,0.0,0.0,0.3,11:12,0.0,00:01,0.3,7.1,6.8
1782725521.802,0.0,0.0,0.0,0.3,11:12,0.0,00:01,0.3,7.1,6.8
1782725526.812,0.0,0.0,0.0,0.3,11:12,0.0,00:01,0.3,7.1,6.8
1782725531.819,0.0,0.0,0.0,0.3,11:12,0.0,00:01,0.3,7.1,6.8
1782725536.827,0.0,0.0,0.0,0.3,11:12,0.0,00:01,0.3,7.1,6.8
1782725541.834,0.0,0.0,0.0,0.3,11:12,0.0,00:01,0.3,7.1,6.8
1782725546.844,0.0,0.0,0.0,0.3,11:12,0.0,00:01,0.3,7.1,6.8
1782725551.848,0.0,0.0,0.0,0.3,11:12,0.0,00:01,0.3,7.1,6.8
1782725556.859,0.0,0.0,0.0,0.3,11:12,0.0,00:01,0.3,7.1,6.8
1782725561.869,0.0,0.0,0.0,0.3,11:12,0.0,00:01,0.3,7.1,6.8
1782725566.878,0.0,0.0,0.0,0.3,11:12,0.0,00:01,0.3,7.1,6.8
1782725571.887,0.0,0.0,0.0,0.3,11:12,0.0,00:01,0.3,7.1,6.8
1782725576.895,0.0,0.0,0.0,0.3,11:12,0.0,00:01,0.3,7.1,6.8
1782725581.907,0.0,0.0,0.0,0.3,11:12,0.0,00:01,0.3,7.1,6.8
1782725586.912,0.0,0.0,0.0,0.3,11:12,0.0,00:01,0.3,7.1,6.8
1782725591.924,0.0,0.0,0.0,0.3,11:12,0.0,00:01,0.3,7.1,6.8
1782725596.934,0.0,0.0,0.0,0.3,11:12,0.0,00:01,0.3,7.1,6.8
1782725601.942,0.0,0.0,0.0,0.3,11:12,0.0,00:01,0.3,7.1,6.8
1782725606.95,0.0,0.0,0.0,0.3,11:12,0.0,00:01,0.3,7.1,6.8
1782725611.956,0.0,0.0,0.0,0.3,11:12,0.0,00:01,0.3,7.1,6.8
1782725616.966,0.0,0.0,0.0,0.3,11:12,0.0,00:01,0.3,7.1,6.8
1782725621.978,0.0,0.0,0.0,0.3,11:12,0.0,00:01,0.3,7.1,6.8
1782725626.991,0.0,0.0,0.0,0.3,11:12,0.0,00:01,0.3,7.1,6.8
1782725632.004,0.0,0.0,0.0,0.3,11:12,0.0,00:01,0.3,7.1,6.8
1782725637.012,0.0,0.0,0.0,0.3,11:12,0.0,00:01,0.3,7.1,6.8
1782725642.026,0.0,0.0,0.0,0.3,11:12,0.0,00:01,0.3,7.1,6.8
1782725647.032,0.0,0.0,0.0,0.3,11:12,0.0,00:01,0.3,7.1,6.8
1782725652.044,0.0,0.0,0.0,0.3,11:12,0.0,00:01,0.3,7.1,6.8
1782725657.058,0.0,0.0,0.0,0.3,11:12,0.0,00:01,0.3,7.1,6.8
1782725662.066,0.0,0.0,0.0,0.3,11:12,0.0,00:01,0.3,7.1,6.8
1782725667.08,0.0,0.0,0.0,0.3,11:12,0.0,00:01,0.3,7.1,6.8
1782725672.092,0.0,0.0,0.0,0.3,11:12,0.0,00:01,0.3,7.1,6.8
1782725677.103,0.0,0.0,0.0,0.3,11:12,0.0,00:01,0.3,7.1,6.8
1782725682.109,0.0,0.0,0.0,0.3,11:12,0.0,00:01,0.3,7.1,6.8
1782725687.12,0.0,0.0,0.0,0.3,11:12,0.0,00:01,0.3,7.1,6.8
1782725692.13,0.0,0.0,0.0,0.3,11:12,0.0,00:01,0.3,7.1,6.8
1782725697.143,0.0,0.0,0.0,0.3,11:12,0.0,00:01,0.3,7.1,6.8
1782725702.155,0.0,0.0,0.0,0.3,11:12,0.0,00:01,0.3,7.1,6.8
1782725707.16,0.0,0.0,0.0,0.3,11:12,0.0,00:01,0.3,7.1,6.8
1782725712.175,0.0,0.0,0.0,0.3,11:12,0.0,00:01,0.3,7.1,6.8
1782725717.182,0.0,0.0,0.0,0.3,11:12,0.0,00:01,0.3,7.1,6.8
1782725722.19,0.0,0.0,0.0,0.3,11:12,0.0,00:01,0.3,7.1,6.8
1782725727.202,0.0,0.0,0.0,0.3,11:12,0.0,00:01,0.3,7.1,6.8
1782725732.208,0.0,0.0,0.0,0.3,11:12,0.0,00:01,0.3,7.1,6.8
1782725737.216,0.0,0.0,0.0,0.3,11:12,0.0,00:01,0.3,7.1,6.8
1782725742.227,0.0,0.0,0.0,0.3,11:12,0.0,00:01,0.3,7.1,6.8
1782725747.236,0.0,0.0,0.0,0.3,11:12,0.0,00:01,0.3,7.1,6.8
1782725752.244,0.0,0.0,0.0,0.3,11:12,0.0,00:01,0.3,7.1,6.8
1782725757.253,0.0,0.0,0.0,0.3,11:12,0.0,00:01,0.3,7.1,6.8
1782725762.264,0.0,0.0,0.0,0.3,11:12,0.0,00:01,0.3,7.1,6.8
1782725767.272,0.0,0.0,0.0,0.3,11:12,0.0,00:01,0.3,7.1,6.8
1782725772.278,0.0,0.0,0.0,0.3,11:12,0.0,00:01,0.3,7.1,6.8
1782725777.284,0.0,0.0,0.0,0.3,11:12,0.0,00:01,0.3,7.1,6.8
1782725782.291,0.0,0.0,0.0,0.3,11:12,0.0,00:01,0.3,7.1,6.8
1782725787.298,0.0,0.0,0.0,0.3,11:12,0.0,00:01,0.3,7.1,6.8
1782725792.304,0.0,0.0,0.0,0.3,11:12,0.0,00:01,0.3,7.1,6.8
1782725797.312,0.0,0.0,0.0,0.3,11:12,0.0,00:01,0.3,7.1,6.8
1782725802.318,0.0,0.0,0.0,0.3,11:12,0.0,00:01,0.3,7.1,6.8
1782725807.327,0.0,0.0,0.0,0.3,11:12,0.0,00:01,0.3,7.1,6.8
1782725812.34,0.0,0.0,0.0,0.3,11:12,0.0,00:01,0.3,7.1,6.8
1782725817.352,0.0,0.0,0.0,0.3,11:12,0.0,00:01,0.3,7.1,6.8
1782725822.363,0.0,0.0,0.0,0.3,11:12,0.0,00:01,0.3,7.1,6.8
1782725827.372,0.0,0.0,0.0,0.3,11:12,0.0,00:01,0.3,7.1,6.8
1782725832.379,0.0,0.0,0.0,0.3,11:12,0.0,00:01,0.3,7.1,6.8
1782725837.386,0.0,0.0,0.0,0.3,11:12,0.0,00:01,0.3,7.1,6.8
1782725842.394,0.0,0.0,0.0,0.3,11:12,0.0,00:01,0.3,7.1,6.8
1782725847.402,0.0,0.0,0.0,0.3,11:12,0.0,00:01,0.3,7.1,6.8
1782725852.415,0.0,0.0,0.0,0.3,11:12,0.0,00:01,0.3,7.1,6.8
1782725857.428,0.0,0.0,0.0,0.3,11:12,0.0,00:01,0.3,7.1,6.8
1782725862.439,0.0,0.0,0.0,0.3,11:12,0.0,00:01,0.3,7.1,6.8
1782725867.447,0.0,0.0,0.0,0.3,11:12,0.0,00:01,0.3,7.1,6.8
1782725872.453,0.0,0.0,0.0,0.3,11:12,0.0,00:01,0.3,7.1,6.8
1782725877.465,0.0,0.0,0.0,0.3,11:12,0.0,00:01,0.3,7.1,6.8
1782725882.475,0.0,0.0,0.0,0.3,11:12,0.0,00:01,0.3,7.1,6.8
1782725887.484,0.0,0.0,0.0,0.3,11:12,0.0,00:01,0.3,7.1,6.8
1782725892.488,0.0,0.0,0.0,0.3,11:12,0.0,00:01,0.3,7.1,6.8
1782725897.496,0.0,0.0,0.0,0.3,11:12,0.0,00:01,0.3,7.1,6.8
1782725902.505,0.0,0.0,0.0,0.3,11:12,0.0,00:01,0.3,7.1,6.8
1782725907.514,0.0,0.0,0.0,0.3,11:12,0.0,00:01,0.3,7.1,6.8
1782725912.519,0.0,0.0,0.0,0.3,11:12,0.0,00:01,0.3,7.1,6.8
1782725917.524,0.0,0.0,0.0,0.3,11:12,0.0,00:01,0.3,7.1,6.8
1782725922.534,0.0,0.0,0.0,0.3,11:12,0.0,00:01,0.3,7.1,6.8
1782725927.542,0.0,0.0,0.0,0.3,11:12,0.0,00:01,0.3,7.1,6.8
1782725932.549,0.0,0.0,0.0,0.3,11:12,0.0,00:01,0.3,7.1,6.8
1782725937.56,0.0,0.0,0.0,0.3,11:12,0.0,00:01,0.3,7.1,6.8
1782725942.566,0.0,0.0,0.0,0.3,11:12,0.0,00:01,0.3,7.1,6.8
1782725947.573,0.0,0.0,0.0,0.3,11:12,0.0,00:01,0.3,7.1,6.8
1782725952.582,0.0,0.0,0.0,0.3,11:12,0.0,00:01,0.3,7.1,6.8
1782725957.59,0.0,0.0,0.0,0.3,11:12,0.0,00:01,0.3,7.1,6.8
1782725962.6,0.0,0.0,0.0,0.3,11:12,0.0,00:01,0.3,7.1,6.8
1782725967.61,0.0,0.0,0.0,0.3,11:12,0.0,00:01,0.3,7.1,6.8
1782725972.615,0.0,0.0,0.0,0.3,11:12,0.0,00:01,0.3,7.1,6.8
1782725977.624,0.0,0.0,0.0,0.3,11:12,0.0,00:01,0.3,7.1,6.8
1782725982.634,0.0,0.0,0.0,0.3,11:12,0.0,00:01,0.3,7.1,6.8
1782725987.64,0.0,0.0,0.0,0.3,11:12,0.0,00:01,0.3,7.1,6.8
1782725992.646,0.0,0.0,0.0,0.3,11:12,0.0,00:01,0.3,7.1,6.8
1782725997.652,0.0,0.0,0.0,0.3,11:12,0.0,00:01,0.3,7.1,6.8
1782726002.66,0.0,0.0,0.0,0.3,11:12,0.0,00:01,0.3,7.1,6.8
1782726007.673,0.0,0.0,0.0,0.3,11:12,0.0,00:01,0.3,7.1,6.8
1782726012.677,0.0,0.0,0.0,0.3,11:12,0.0,00:01,0.3,7.1,6.8
1782726017.686,0.0,0.0,0.0,0.3,11:12,0.0,00:01,0.3,7.1,6.8
1782726022.694,0.0,0.0,0.0,0.3,11:12,0.0,00:01,0.3,7.1,6.8
1782726027.703,0.0,0.0,0.0,0.3,11:12,0.0,00:01,0.3,7.1,6.8
1782726032.71,0.0,0.0,0.0,0.3,11:12,0.0,00:01,0.3,7.1,6.8
1782726037.72,0.0,0.0,0.0,0.3,11:12,0.0,00:01,0.3,7.1,6.8
1782726042.728,0.0,0.0,0.0,0.3,11:12,0.0,00:01,0.3,7.1,6.8
1782726047.736,0.0,0.0,0.0,0.3,11:12,0.0,00:01,0.3,7.1,6.8
1782726052.747,0.0,0.0,0.0,0.3,11:12,0.0,00:01,0.3,7.1,6.8
1782726057.755,0.0,0.0,0.0,0.3,11:12,0.0,00:01,0.3,7.1,6.8
1782726062.77,0.0,0.0,0.0,0.3,11:12,0.0,00:01,0.3,7.1,6.8
1782726067.783,0.0,0.0,0.0,0.3,11:12,0.0,00:01,0.3,7.1,6.8
1782726072.794,0.0,0.0,0.0,0.3,11:12,0.0,00:01,0.3,7.1,6.8
1782726077.804,0.0,0.0,0.0,0.3,11:12,0.0,00:01,0.3,7.1,6.8
1782726082.811,0.0,0.0,0.0,0.3,11:12,0.0,00:01,0.3,7.1,6.8
1782726087.823,0.0,0.0,0.0,0.3,11:12,0.0,00:01,0.3,7.1,6.8
1782726092.837,0.0,0.0,0.0,0.3,11:12,0.0,00:01,0.3,7.1,6.8
1782726097.851,0.0,0.0,0.0,0.3,11:12,0.0,00:01,0.3,7.1,6.8
1782726102.858,0.0,0.0,0.0,0.3,11:12,0.0,00:01,0.3,7.1,6.8
1782726107.87,0.0,0.0,0.0,0.3,11:12,0.0,00:01,0.3,7.1,6.8
1782726112.882,0.0,0.0,0.0,0.3,11:12,0.0,00:01,0.3,7.1,6.8
1782726117.892,0.0,0.0,0.0,0.3,11:12,0.0,00:01,0.3,7.1,6.8
1782726122.907,0.0,0.0,0.0,0.3,11:12,0.0,00:01,0.3,7.1,6.8
1782726127.914,0.0,0.0,0.0,0.3,11:12,0.0,00:01,0.3,7.1,6.8
1782726132.926,0.0,0.0,0.0,0.3,11:12,0.0,00:01,0.3,7.1,6.8
1782726137.938,0.0,0.0,0.0,0.3,11:12,0.0,00:01,0.3,7.1,6.8
1782726142.951,0.0,0.0,0.0,0.3,11:12,0.0,00:01,0.3,7.1,6.8
1782726147.965,0.0,0.0,0.0,0.3,11:12,0.0,00:01,0.3,7.1,6.8
1782726152.972,0.0,0.0,0.0,0.3,11:12,0.0,00:01,0.3,7.1,6.8
1782726157.984,0.0,0.0,0.0,0.3,11:12,0.0,00:01,0.3,7.1,6.8
1782726162.999,0.0,0.0,0.0,0.3,11:12,0.0,00:01,0.3,7.1,6.8
1782726168.012,0.0,0.0,0.0,0.3,11:12,0.0,00:01,0.3,7.1,6.8
1782726173.022,0.0,0.0,0.0,0.3,11:12,0.0,00:01,0.3,7.1,6.8
1782726178.031,0.0,0.0,0.0,0.3,11:12,0.0,00:01,0.3,7.1,6.8
1782726183.043,0.0,0.0,0.0,0.3,11:12,0.0,00:01,0.3,7.1,6.8
1782726188.051,0.0,0.0,0.0,0.3,11:12,0.0,00:01,0.3,7.1,6.8
1782726193.062,0.0,0.0,0.0,0.3,11:12,0.0,00:01,0.3,7.1,6.8
1782726198.068,0.0,0.0,0.0,0.3,11:12,0.0,00:01,0.3,7.1,6.8
1782726203.08,0.0,0.0,0.0,0.3,11:12,0.0,00:01,0.3,7.1,6.8
1782726208.095,0.0,0.0,0.0,0.3,11:12,0.0,00:01,0.3,7.1,6.8
1782726213.107,0.0,0.0,0.0,0.3,11:12,0.0,00:01,0.3,7.1,6.8
1782726218.12,0.0,0.0,0.0,0.3,11:12,0.0,00:01,0.3,7.1,6.8
1782726223.126,0.0,0.0,0.0,0.3,11:12,0.0,00:01,0.3,7.1,6.8
1782726228.138,0.0,0.0,0.0,0.3,11:12,0.0,00:01,0.3,7.1,6.8
1782726233.15,0.0,0.0,0.0,0.3,11:12,0.0,00:01,0.3,7.1,6.8
1782726238.159,0.0,0.0,0.0,0.3,11:12,0.0,00:01,0.3,7.1,6.8
1782726243.174,0.0,0.0,0.0,0.3,11:12,0.0,00:01,0.3,7.1,6.8
1782726248.183,0.0,0.0,0.0,0.3,11:12,0.0,00:01,0.3,7.1,6.8
1782726253.194,0.0,0.0,0.0,0.3,11:12,0.0,00:01,0.3,7.1,6.8
1782726258.2,0.0,0.0,0.0,0.3,11:12,0.0,00:01,0.3,7.1,6.8
1782726263.213,0.0,0.0,0.0,0.3,11:12,0.0,00:01,0.3,7.1,6.8
1782726268.216,0.0,0.0,0.0,0.3,11:12,0.0,00:01,0.3,7.1,6.8
1782726273.228,0.0,0.0,0.0,0.3,11:12,0.0,00:01,0.3,7.1,6.8
1782726278.242,0.0,0.0,0.0,0.3,11:12,0.0,00:01,0.3,7.1,6.8
1782726283.252,0.0,0.0,0.0,0.3,11:12,0.0,00:01,0.3,7.1,6.8
1782726288.266,0.0,0.0,0.0,0.3,11:12,0.0,00:01,0.3,7.1,6.8
1782726293.272,0.0,0.0,0.0,0.3,11:12,0.0,00:01,0.3,7.1,6.8
1782726298.285,0.0,0.0,0.0,0.3,11:12,0.0,00:01,0.3,7.1,6.8
1782726303.295,0.0,0.0,0.0,0.3,11:12,0.0,00:01,0.3,7.1,6.8
1782726308.311,0.0,0.0,0.0,0.3,11:12,0.0,00:01,0.3,7.1,6.8
1782726313.323,0.0,0.0,0.0,0.3,11:12,0.0,00:01,0.3,7.1,6.8
1782726318.332,0.0,0.0,0.0,0.3,11:12,0.0,00:01,0.3,7.1,6.8
1782726323.344,0.0,0.0,0.0,0.3,11:12,0.0,00:01,0.3,7.1,6.8
1782726328.353,0.0,0.0,0.0,0.3,11:12,0.0,00:01,0.3,7.1,6.8
1782726333.363,0.0,0.0,0.0,0.3,11:12,0.0,00:01,0.3,7.1,6.8
1782726338.368,0.0,0.0,0.0,0.3,11:12,0.0,00:01,0.3,7.1,6.8
1782726343.374,0.0,0.0,0.0,0.3,11:12,0.0,00:01,0.3,7.1,6.8
1782726348.385,0.0,0.0,0.0,0.3,11:12,0.0,00:01,0.3,7.1,6.8
1782726353.394,0.0,0.0,0.0,0.3,11:12,0.0,00:01,0.3,7.1,6.8
1782726358.405,0.0,0.0,0.0,0.3,11:12,0.0,00:01,0.3,7.1,6.8
1782726363.407,0.0,0.0,0.0,0.3,11:12,0.0,00:01,0.3,7.1,6.8
1782726368.414,0.0,0.0,0.0,0.3,11:12,0.0,00:01,0.3,7.1,6.8
1782726373.421,0.0,0.0,0.0,0.3,11:12,0.0,00:01,0.3,7.1,6.8
1782726378.432,0.0,0.0,0.0,0.3,11:12,0.0,00:01,0.3,7.1,6.8
1782726383.441,0.0,0.0,0.0,0.3,11:12,0.0,00:01,0.3,7.1,6.8
1782726388.447,0.0,0.0,0.0,0.3,11:12,0.0,00:01,0.3,7.1,6.8
1782726393.458,0.0,0.0,0.0,0.3,11:12,0.0,00:01,0.3,7.1,6.8
1782726398.464,0.0,0.0,0.0,0.3,11:12,0.0,00:01,0.3,7.1,6.8
1782726403.474,0.0,0.0,0.0,0.3,11:12,0.0,00:01,0.3,7.1,6.8
1782726408.483,0.0,0.0,0.0,0.3,11:12,0.0,00:01,0.3,7.1,6.8
1782726413.488,0.0,0.0,0.0,0.3,11:12,0.0,00:01,0.3,7.1,6.8
1782726418.495,0.0,0.0,0.0,0.3,11:12,0.0,00:01,0.3,7.1,6.8
1782726423.502,0.0,0.0,0.0,0.3,11:12,0.0,00:01,0.3,7.1,6.8
1782726428.51,0.0,0.0,0.0,0.3,11:12,0.0,00:01,0.3,7.1,6.8
1782726433.514,0.0,0.0,0.0,0.3,11:12,0.0,00:01,0.3,7.1,6.8
1782726438.523,0.0,0.0,0.0,0.3,11:12,0.0,00:01,0.3,7.1,6.8
1782726443.532,0.0,0.0,0.0,0.3,11:12,0.0,00:01,0.3,7.1,6.8
1782726448.546,0.0,0.0,0.0,0.3,11:12,0.0,00:01,0.3,7.1,6.8
1782726453.555,0.0,0.0,0.0,0.3,11:12,0.0,00:01,0.3,7.1,6.8
1782726458.56,0.0,0.0,0.0,0.3,11:12,0.0,00:01,0.3,7.1,6.8
1782726463.57,0.0,0.0,0.0,0.3,11:12,0.0,00:01,0.3,7.1,6.8
1782726468.577,0.0,0.0,0.0,0.3,11:12,0.0,00:01,0.3,7.1,6.8
1782726473.587,0.0,0.0,0.0,0.3,11:12,0.0,00:01,0.3,7.1,6.8
1782726478.594,0.0,0.0,0.0,0.3,11:12,0.0,00:01,0.3,7.1,6.8
1782726483.603,0.0,0.0,0.0,0.3,11:12,0.0,00:01,0.3,7.1,6.8
1782726488.611,0.0,0.0,0.0,0.3,11:12,0.0,00:01,0.3,7.1,6.8
1782726493.622,0.0,0.0,0.0,0.3,11:12,0.0,00:01,0.3,7.1,6.8
1782726498.631,0.0,0.0,0.0,0.3,11:12,0.0,00:01,0.3,7.1,6.8
1782726503.638,0.0,0.0,0.0,0.3,11:12,0.0,00:01,0.3,7.1,6.8
1782726508.645,0.0,0.0,0.0,0.3,11:12,0.0,00:01,0.3,7.1,6.8
1782726513.652,0.0,0.0,0.0,0.3,11:12,0.0,00:01,0.3,7.1,6.8
1782726518.663,0.0,0.0,0.0,0.3,11:12,0.0,00:01,0.3,7.1,6.8
1782726523.671,0.0,0.0,0.0,0.3,11:12,0.0,00:01,0.3,7.1,6.8
1782726528.676,0.0,0.0,0.0,0.3,11:12,0.0,00:01,0.3,7.1,6.8
1782726533.688,0.0,0.0,0.0,0.3,11:12,0.0,00:01,0.3,7.1,6.8
1782726538.694,0.0,0.0,0.0,0.3,11:12,0.0,00:01,0.3,7.1,6.8
1782726543.704,0.0,0.0,0.0,0.3,11:12,0.0,00:01,0.3,7.1,6.8
1782726548.711,0.0,0.0,0.0,0.3,11:12,0.0,00:01,0.3,7.1,6.8
1782726553.721,0.0,0.0,0.0,0.3,11:12,0.0,00:01,0.3,7.1,6.8
1782726558.733,0.0,0.0,0.0,0.3,11:12,0.0,00:01,0.3,7.1,6.8
1782726563.751,0.0,0.0,0.0,0.3,11:12,0.0,00:01,0.3,7.1,6.8
1782726568.762,0.0,0.0,0.0,0.3,11:12,0.0,00:01,0.3,7.1,6.8
1782726573.77,0.0,0.0,0.0,0.3,11:12,0.0,00:01,0.3,7.1,6.8
1782726578.781,0.0,0.0,0.0,0.3,11:12,0.0,00:01,0.3,7.1,6.8
1782726583.794,0.0,0.0,0.0,0.3,11:12,0.0,00:01,0.3,7.1,6.8
1782726588.809,0.0,0.0,0.0,0.3,11:12,0.0,00:01,0.3,7.1,6.8
1782726593.821,0.0,0.0,0.0,0.3,11:12,0.0,00:01,0.3,7.1,6.8
1782726598.826,0.0,0.0,0.0,0.3,11:12,0.0,00:01,0.3,7.1,6.8
1782726603.839,0.0,0.0,0.0,0.3,11:12,0.0,00:01,0.3,7.1,6.8
1782726608.852,0.0,0.0,0.0,0.3,11:12,0.0,00:01,0.3,7.1,6.8
1782726613.866,0.0,0.0,0.0,0.3,11:12,0.0,00:01,0.3,7.1,6.8
1782726618.877,0.0,0.0,0.0,0.3,11:12,0.0,00:01,0.3,7.1,6.8
1782726623.88,0.0,0.0,0.0,0.3,11:12,0.0,00:01,0.3,7.1,6.8
1782726628.895,0.0,0.0,0.0,0.3,11:12,0.0,00:01,0.3,7.1,6.8
1782726633.908,0.0,0.0,0.0,0.3,11:12,0.0,00:01,0.3,7.1,6.8
1782726638.921,0.0,0.0,0.0,0.3,11:12,0.0,00:01,0.3,7.1,6.8
1782726643.927,0.0,0.0,0.0,0.3,11:12,0.0,00:01,0.3,7.1,6.8
1782726648.936,0.0,0.0,0.0,0.3,11:12,0.0,00:01,0.3,7.1,6.8
1782726653.948,0.0,0.0,0.0,0.3,11:12,0.0,00:01,0.3,7.1,6.8
1782726658.962,0.0,0.0,0.0,0.3,11:12,0.0,00:01,0.3,7.1,6.8
1782726663.976,0.0,0.0,0.0,0.3,11:12,0.0,00:01,0.3,7.1,6.8
1782726668.983,0.0,0.0,0.0,0.3,11:12,0.0,00:01,0.3,7.1,6.8
1782726673.993,0.0,0.0,0.0,0.3,11:12,0.0,00:01,0.3,7.1,6.8
1782726679.003,0.0,0.0,0.0,0.3,11:12,0.0,00:01,0.3,7.1,6.8
1782726684.017,0.0,0.0,0.0,0.3,11:12,0.0,00:01,0.3,7.1,6.8
1782726689.03,0.0,0.0,0.0,0.3,11:12,0.0,00:01,0.3,7.1,6.8
1782726694.036,0.0,0.0,0.0,0.3,11:12,0.0,00:01,0.3,7.1,6.8
1782726699.045,0.0,0.0,0.0,0.3,11:12,0.0,00:01,0.3,7.1,6.8
1782726704.06,0.0,0.0,0.0,0.3,11:12,0.0,00:01,0.3,7.1,6.8
1782726709.069,0.0,0.0,0.0,0.3,11:12,0.0,00:01,0.3,7.1,6.8
1782726714.076,0.0,0.0,0.0,0.3,11:12,0.0,00:01,0.3,7.1,6.8
1782726719.088,0.0,0.0,0.0,0.3,11:12,0.0,00:01,0.3,7.1,6.8
1782726724.099,0.0,0.0,0.0,0.3,11:12,0.0,00:01,0.3,7.1,6.8
1782726729.112,0.0,0.0,0.0,0.3,11:12,0.0,00:01,0.3,7.1,6.8
1782726734.125,0.0,0.0,0.0,0.3,11:12,0.0,00:01,0.3,7.1,6.8
1782726739.129,0.0,0.0,0.0,0.3,11:12,0.0,00:01,0.3,7.1,6.8
1782726744.141,0.0,0.0,0.0,0.3,11:12,0.0,00:01,0.3,7.1,6.8
1782726749.151,0.0,0.0,0.0,0.3,11:12,0.0,00:01,0.3,7.1,6.8
1782726754.165,0.0,0.0,0.0,0.3,11:12,0.0,00:01,0.3,7.1,6.8
1782726759.176,0.0,0.0,0.0,0.3,11:12,0.0,00:01,0.3,7.1,6.8
1782726764.184,0.0,0.0,0.0,0.3,11:12,0.0,00:01,0.3,7.1,6.8
1782726769.194,0.0,0.0,0.0,0.3,11:12,0.0,00:01,0.3,7.1,6.8
1782726774.21,0.0,0.0,0.0,0.3,11:12,0.0,00:01,0.3,7.1,6.8
1782726779.217,0.0,0.0,0.0,0.3,11:12,0.0,00:01,0.3,7.1,6.8
1782726784.23,0.0,0.0,0.0,0.3,11:12,0.0,00:01,0.3,7.1,6.8
1782726789.239,0.0,0.0,0.0,0.3,11:12,0.0,00:01,0.3,7.1,6.8
1782726794.248,0.0,0.0,0.0,0.3,11:12,0.0,00:01,0.3,7.1,6.8
1782726799.258,0.0,0.0,0.0,0.3,11:12,0.0,00:01,0.3,7.1,6.8
1782726804.27,0.0,0.0,0.0,0.3,11:12,0.0,00:01,0.3,7.1,6.8
1782726809.277,0.0,0.0,0.0,0.3,11:12,0.0,00:01,0.3,7.1,6.8
1782726814.289,0.0,0.0,0.0,0.3,11:12,0.0,00:01,0.3,7.1,6.8
1782726819.305,0.0,0.0,0.0,0.3,11:12,0.0,00:01,0.3,7.1,6.8
1782726824.318,0.0,0.0,0.0,0.3,11:12,0.0,00:01,0.3,7.1,6.8
1782726829.329,0.0,0.0,0.0,0.3,11:12,0.0,00:01,0.3,7.1,6.8
1782726834.337,0.0,0.0,0.0,0.3,11:12,0.0,00:01,0.3,7.1,6.8
1782726839.35,0.0,0.0,0.0,0.3,11:12,0.0,00:01,0.3,7.1,6.8
1782726844.365,0.0,0.0,0.0,0.3,11:12,0.0,00:01,0.3,7.1,6.8
1782726849.379,0.0,0.0,0.0,0.3,11:12,0.0,00:01,0.3,7.1,6.8
1782726854.388,0.0,0.0,0.0,0.3,11:12,0.0,00:01,0.3,7.1,6.8
1782726859.397,0.0,0.0,0.0,0.3,11:12,0.0,00:01,0.3,7.1,6.8
1782726864.407,0.0,0.0,0.0,0.3,11:12,0.0,00:01,0.3,7.1,6.8
1782726869.422,0.0,0.0,0.0,0.3,11:12,0.0,00:01,0.3,7.1,6.8
1782726874.434,0.0,0.0,0.0,0.3,11:12,0.0,00:01,0.3,7.1,6.8
1782726879.446,0.0,0.0,0.0,0.3,11:12,0.0,00:01,0.3,7.1,6.8
1782726884.448,0.0,0.0,0.0,0.3,11:12,0.0,00:01,0.3,7.1,6.8
1782726889.463,0.0,0.0,0.0,0.3,11:12,0.0,00:01,0.3,7.1,6.8
1782726894.473,0.0,0.0,0.0,0.3,11:12,0.0,00:01,0.3,7.1,6.8
1782726899.484,0.0,0.0,0.0,0.3,11:12,0.0,00:01,0.3,7.1,6.8
1782726904.488,0.0,0.0,0.0,0.3,11:12,0.0,00:01,0.3,7.1,6.8
1782726909.5,0.0,0.0,0.0,0.3,11:12,0.0,00:01,0.3,7.1,6.8
1782726914.515,0.0,0.0,0.0,0.3,11:12,0.0,00:01,0.3,7.1,6.8
1782726919.528,0.0,0.0,0.0,0.3,11:12,0.0,00:01,0.3,7.1,6.8
1782726924.542,0.0,0.0,0.0,0.3,11:12,0.0,00:01,0.3,7.1,6.8
1782726929.548,0.0,0.0,0.0,0.3,11:12,0.0,00:01,0.3,7.1,6.8
1782726934.564,0.0,0.0,0.0,0.3,11:12,0.0,00:01,0.3,7.1,6.8
1782726939.576,0.0,0.0,0.0,0.3,11:12,0.0,00:01,0.3,7.1,6.8
1782726944.586,0.0,0.0,0.0,0.3,11:12,0.0,00:01,0.3,7.1,6.8
1782726949.597,0.0,0.0,0.0,0.3,11:12,0.0,00:01,0.3,7.1,6.8
1782726954.604,0.0,0.0,0.0,0.3,11:12,0.0,00:01,0.3,7.1,6.8
1782726959.618,0.0,0.0,0.0,0.3,11:12,0.0,00:01,0.3,7.1,6.8
1782726964.632,0.0,0.0,0.0,0.3,11:12,0.0,00:01,0.3,7.1,6.8
1782726969.644,0.0,0.0,0.0,0.3,11:12,0.0,00:01,0.3,7.1,6.8
1782726974.651,0.0,0.0,0.0,0.3,11:12,0.0,00:01,0.3,7.1,6.8
1782726979.662,0.0,0.0,0.0,0.3,11:12,0.0,00:01,0.3,7.1,6.8
1782726984.671,0.0,0.0,0.0,0.3,11:12,0.0,00:01,0.3,7.1,6.8
1782726989.681,0.0,0.0,0.0,0.3,11:12,0.0,00:01,0.3,7.1,6.8
1782726994.69,0.0,0.0,0.0,0.3,11:12,0.0,00:01,0.3,7.1,6.8
1782726999.697,0.0,0.0,0.0,0.3,11:12,0.0,00:01,0.3,7.1,6.8
1782727004.711,0.0,0.0,0.0,0.3,11:12,0.0,00:01,0.3,7.1,6.8
1782727009.724,0.0,0.0,0.0,0.3,11:12,0.0,00:01,0.3,7.1,6.8
1782727014.736,0.0,0.0,0.0,0.3,11:12,0.0,00:01,0.3,7.1,6.8
1782727019.749,0.0,0.0,0.0,0.3,11:12,0.0,00:01,0.3,7.1,6.8
1782727024.756,0.0,0.0,0.0,0.3,11:12,0.0,00:01,0.3,7.1,6.8
1782727029.769,0.0,0.0,0.0,0.3,11:12,0.0,00:01,0.3,7.1,6.8
1782727034.784,0.0,0.0,0.0,0.3,11:12,0.0,00:01,0.3,7.1,6.8
1782727039.796,0.0,0.0,0.0,0.3,11:12,0.0,00:01,0.3,7.1,6.8
1782727044.809,0.0,0.0,0.0,0.3,11:12,0.0,00:01,0.3,7.1,6.8
1782727049.812,0.0,0.0,0.0,0.3,11:12,0.0,00:01,0.3,7.1,6.8
1782727054.827,0.0,0.0,0.0,0.3,11:12,0.0,00:01,0.3,7.1,6.8
1782727059.841,0.0,0.0,0.0,0.3,11:12,0.0,00:01,0.3,7.1,6.8
1782727064.854,0.0,0.0,0.0,0.3,11:12,0.0,00:01,0.3,7.1,6.8
1782727069.861,0.0,0.0,0.0,0.3,11:12,0.0,00:01,0.3,7.1,6.8
1782727074.875,0.0,0.0,0.0,0.3,11:12,0.0,00:01,0.3,7.1,6.8
1782727079.888,0.0,0.0,0.0,0.3,11:12,0.0,00:01,0.3,7.1,6.8
1782727084.896,0.0,0.0,0.0,0.3,11:12,0.0,00:01,0.3,7.1,6.8
1782727089.909,0.0,0.0,0.0,0.3,11:12,0.0,00:01,0.3,7.1,6.8
1782727094.912,0.0,0.0,0.0,0.3,11:12,0.0,00:01,0.3,7.1,6.8
1782727099.921,0.0,0.0,0.0,0.3,11:12,0.0,00:01,0.3,7.1,6.8
1782727104.935,0.0,0.0,0.0,0.3,11:12,0.0,00:01,0.3,7.1,6.8
1782727109.948,0.0,0.0,0.0,0.3,11:12,0.0,00:01,0.3,7.1,6.8
1782727114.959,0.0,0.0,0.0,0.3,11:12,0.0,00:01,0.3,7.1,6.8
1782727119.964,0.0,0.0,0.0,0.3,11:12,0.0,00:01,0.3,7.1,6.8
1782727124.98,0.0,0.0,0.0,0.3,11:12,0.0,00:01,0.3,7.1,6.8
1782727129.994,0.0,0.0,0.0,0.3,11:12,0.0,00:01,0.3,7.1,6.8
1782727135.007,0.0,0.0,0.0,0.3,11:12,0.0,00:01,0.3,7.1,6.8
1782727140.017,0.0,0.0,0.0,0.3,11:12,0.0,00:01,0.3,7.1,6.8
1782727145.026,0.0,0.0,0.0,0.3,11:12,0.0,00:01,0.3,7.1,6.8
1782727150.039,0.0,0.0,0.0,0.3,11:12,0.0,00:01,0.3,7.1,6.8
1782727155.049,0.0,0.0,0.0,0.3,11:12,0.0,00:01,0.3,7.1,6.8
1782727160.058,0.0,0.0,0.0,0.3,11:12,0.0,00:01,0.3,7.1,6.8
1782727165.064,0.0,0.0,0.0,0.3,11:12,0.0,00:01,0.3,7.1,6.8
1782727170.072,0.0,0.0,0.0,0.3,11:12,0.0,00:01,0.3,7.1,6.8
1782727175.084,0.0,0.0,0.0,0.3,11:12,0.0,00:01,0.3,7.1,6.8
1782727180.091,0.0,0.0,0.0,0.3,11:12,0.0,00:01,0.3,7.1,6.8
1782727185.1,0.0,0.0,0.0,0.3,11:12,0.0,00:01,0.3,7.1,6.8
1782727190.104,0.0,0.0,0.0,0.3,11:12,0.0,00:01,0.3,7.1,6.8
1782727195.116,0.0,0.0,0.0,0.3,11:12,0.0,00:01,0.3,7.1,6.8
1782727200.121,0.0,0.0,0.0,0.3,11:12,0.0,00:01,0.3,7.1,6.8
1782727205.132,0.0,0.0,0.0,0.3,11:12,0.0,00:01,0.3,7.1,6.8
1782727210.138,0.0,0.0,0.0,0.3,11:12,0.0,00:01,0.3,7.1,6.8
1782727215.145,0.0,0.0,0.0,0.3,11:12,0.0,00:01,0.3,7.1,6.8
1782727220.156,0.0,0.0,0.0,0.3,11:12,0.0,00:01,0.3,7.1,6.8
1782727225.165,0.0,0.0,0.0,0.3,11:12,0.0,00:01,0.3,7.1,6.8
1782727230.172,0.0,0.0,0.0,0.3,11:12,0.0,00:01,0.3,7.1,6.8
1782727235.176,0.0,0.0,0.0,0.3,11:12,0.0,00:01,0.3,7.1,6.8
1782727240.183,0.0,0.0,0.0,0.3,11:12,0.0,00:01,0.3,7.1,6.8
1782727245.194,0.0,0.0,0.0,0.3,11:12,0.0,00:01,0.3,7.1,6.8
1782727250.198,0.0,0.0,0.0,0.3,11:12,0.0,00:01,0.3,7.1,6.8
1782727255.208,0.0,0.0,0.0,0.3,11:12,0.0,00:01,0.3,7.1,6.8
1782727260.214,0.0,0.0,0.0,0.3,11:12,0.0,00:01,0.3,7.1,6.8
1782727265.222,0.0,0.0,0.0,0.3,11:12,0.0,00:01,0.3,7.1,6.8
1782727270.228,0.0,0.0,0.0,0.3,11:12,0.0,00:01,0.3,7.1,6.8
1782727275.238,0.0,0.0,0.0,0.3,11:12,0.0,00:01,0.3,7.1,6.8
1782727280.247,0.0,0.0,0.0,0.3,11:12,0.0,00:01,0.3,7.1,6.8
1782727285.254,0.0,0.0,0.0,0.3,11:12,0.0,00:01,0.3,7.1,6.8
1782727290.265,0.0,0.0,0.0,0.3,11:12,0.0,00:01,0.3,7.1,6.8
1782727295.276,0.0,0.0,0.0,0.3,11:12,0.0,00:01,0.3,7.1,6.8
1782727300.289,0.0,0.0,0.0,0.3,11:12,0.0,00:01,0.3,7.1,6.8
1782727305.296,0.0,0.0,0.0,0.3,11:12,0.0,00:01,0.3,7.1,6.8
1782727310.305,0.0,0.0,0.0,0.3,11:12,0.0,00:01,0.3,7.1,6.8
1782727315.315,0.0,0.0,0.0,0.3,11:12,0.0,00:01,0.3,7.1,6.8
1782727320.324,0.0,0.0,0.0,0.3,11:12,0.0,00:01,0.3,7.1,6.8
1782727325.336,0.0,0.0,0.0,0.3,11:12,0.0,00:01,0.3,7.1,6.8
1782727330.345,0.0,0.0,0.0,0.3,11:12,0.0,00:01,0.3,7.1,6.8
1782727335.359,0.0,0.0,0.0,0.3,11:12,0.0,00:01,0.3,7.1,6.8
1782727340.371,0.0,0.0,0.0,0.3,11:12,0.0,00:01,0.3,7.1,6.8
1782727345.384,0.0,0.0,0.0,0.3,11:12,0.0,00:01,0.3,7.1,6.8
1782727350.395,0.0,0.0,0.0,0.3,11:12,0.0,00:01,0.3,7.1,6.8
1782727355.402,0.0,0.0,0.0,0.3,11:12,0.0,00:01,0.3,7.1,6.8
1782727360.412,0.0,0.0,0.0,0.3,11:12,0.0,00:01,0.3,7.1,6.8
1782727365.418,0.0,0.0,0.0,0.3,11:12,0.0,00:01,0.3,7.1,6.8
1782727370.429,0.0,0.0,0.0,0.3,11:12,0.0,00:01,0.3,7.1,6.8
1782727375.435,0.0,0.0,0.0,0.3,11:12,0.0,00:01,0.3,7.1,6.8
1782727380.449,0.0,0.0,0.0,0.3,11:12,0.0,00:01,0.3,7.1,6.8
1782727385.463,0.0,0.0,0.0,0.3,11:12,0.0,00:01,0.3,7.1,6.8
1782727390.472,0.0,0.0,0.0,0.3,11:12,0.0,00:01,0.3,7.1,6.8
1782727395.479,0.0,0.0,0.0,0.3,11:12,0.0,00:01,0.3,7.1,6.8
1782727400.486,0.0,0.0,0.0,0.3,11:12,0.0,00:01,0.3,7.1,6.8
1782727405.496,0.0,0.0,0.0,0.3,11:12,0.0,00:01,0.3,7.1,6.8
1782727410.505,0.0,0.0,0.0,0.3,11:12,0.0,00:01,0.3,7.1,6.8
1782727415.515,0.0,0.0,0.0,0.3,11:12,0.0,00:01,0.3,7.1,6.8
1782727420.525,0.0,0.0,0.0,0.3,11:12,0.0,00:01,0.3,7.1,6.8
1782727425.531,0.0,0.0,0.0,0.3,11:12,0.0,00:01,0.3,7.1,6.8
1782727430.539,0.0,0.0,0.0,0.3,11:12,0.0,00:01,0.3,7.1,6.8
1782727435.548,0.0,0.0,0.0,0.3,11:12,0.0,00:01,0.3,7.1,6.8
1782727440.556,0.0,0.0,0.0,0.3,11:12,0.0,00:01,0.3,7.1,6.8
1782727445.563,0.0,0.0,0.0,0.3,11:12,0.0,00:01,0.3,7.1,6.8
1782727450.569,0.0,0.0,0.0,0.3,11:12,0.0,00:01,0.3,7.1,6.8
1782727455.578,0.0,0.0,0.0,0.3,11:12,0.0,00:01,0.3,7.1,6.8
1782727460.587,0.0,0.0,0.0,0.3,11:12,0.0,00:01,0.3,7.1,6.8
1782727465.594,0.0,0.0,0.0,0.3,11:12,0.0,00:01,0.3,7.1,6.8
1782727470.6,0.0,0.0,0.0,0.3,11:12,0.0,00:01,0.3,7.1,6.8
1782727475.608,0.0,0.0,0.0,0.3,11:12,0.0,00:01,0.3,7.1,6.8
1782727480.618,0.0,0.0,0.0,0.3,11:12,0.0,00:01,0.3,7.1,6.8
1782727485.628,0.0,0.0,0.0,0.3,11:12,0.0,00:01,0.3,7.1,6.8
1782727490.633,0.0,0.0,0.0,0.3,11:12,0.0,00:01,0.3,7.1,6.8
1782727495.638,0.0,0.0,0.0,0.3,11:12,0.0,00:01,0.3,7.1,6.8
1782727500.647,0.0,0.0,0.0,0.3,11:12,0.0,00:01,0.3,7.1,6.8
1782727505.655,0.0,0.0,0.0,0.3,11:12,0.0,00:01,0.3,7.1,6.8
1782727510.675,0.0,0.0,0.0,0.3,11:12,0.0,00:01,0.3,7.1,6.8
1782727515.696,0.0,0.0,0.0,0.3,11:12,0.0,00:01,0.3,7.1,6.8
1782727520.711,0.0,0.0,0.0,0.3,11:12,0.0,00:01,0.3,7.1,6.8
1782727525.725,0.0,0.0,0.0,0.3,11:12,0.0,00:01,0.3,7.1,6.8
1782727530.735,0.0,0.0,0.0,0.3,11:12,0.0,00:01,0.3,7.1,6.8
1782727535.748,0.0,0.0,0.0,0.3,11:12,0.0,00:01,0.3,7.1,6.8
1782727540.754,0.0,0.0,0.0,0.3,11:12,0.0,00:01,0.3,7.1,6.8
1782727545.765,0.0,0.0,0.0,0.3,11:12,0.0,00:01,0.3,7.1,6.8
1782727550.777,0.0,0.0,0.0,0.3,11:12,0.0,00:01,0.3,7.1,6.8
1782727555.791,0.0,0.0,0.0,0.3,11:12,0.0,00:01,0.3,7.1,6.8
1782727560.803,0.0,0.0,0.0,0.3,11:12,0.0,00:01,0.3,7.1,6.8
1782727565.81,0.0,0.0,0.0,0.3,11:12,0.0,00:01,0.3,7.1,6.8
1782727570.826,0.0,0.0,0.0,0.3,11:12,0.0,00:01,0.3,7.1,6.8
1782727575.839,0.0,0.0,0.0,0.3,11:12,0.0,00:01,0.3,7.1,6.8
1782727580.848,0.0,0.0,0.0,0.3,11:12,0.0,00:01,0.3,7.1,6.8
1782727585.861,0.0,0.0,0.0,0.3,11:12,0.0,00:01,0.3,7.1,6.8
1782727590.871,0.0,0.0,0.0,0.3,11:12,0.0,00:01,0.3,7.1,6.8
1782727595.881,0.0,0.0,0.0,0.3,11:12,0.0,00:01,0.3,7.1,6.8
1782727600.895,0.0,0.0,0.0,0.3,11:12,0.0,00:01,0.3,7.1,6.8
1782727605.907,0.0,0.0,0.0,0.3,11:12,0.0,00:01,0.3,7.1,6.8
1782727610.913,0.0,0.0,0.0,0.3,11:12,0.0,00:01,0.3,7.1,6.8
1782727615.927,0.0,0.0,0.0,0.3,11:12,0.0,00:01,0.3,7.1,6.8
1782727620.937,0.0,0.0,0.0,0.3,11:12,0.0,00:01,0.3,7.1,6.8
1782727625.949,0.0,0.0,0.0,0.3,11:12,0.0,00:01,0.3,7.1,6.8
1782727630.959,0.0,0.0,0.0,0.3,11:12,0.0,00:01,0.3,7.1,6.8
1782727635.965,0.0,0.0,0.0,0.3,11:12,0.0,00:01,0.3,7.1,6.8
1782727640.977,0.0,0.0,0.0,0.3,11:12,0.0,00:01,0.3,7.1,6.8
1782727645.985,0.0,0.0,0.0,0.3,11:12,0.0,00:01,0.3,7.1,6.8
1782727650.99,0.0,0.0,0.0,0.3,11:12,0.0,00:01,0.3,7.1,6.8
1782727656.0,0.0,0.0,0.0,0.3,11:12,0.0,00:01,0.3,7.1,6.8
1782727661.004,0.0,0.0,0.0,0.3,11:12,0.0,00:01,0.3,7.1,6.8
1782727666.011,0.0,0.0,0.0,0.3,11:12,0.0,00:01,0.3,7.1,6.8
1782727671.019,0.0,0.0,0.0,0.3,11:12,0.0,00:01,0.3,7.1,6.8
1782727676.029,0.0,0.0,0.0,0.3,11:12,0.0,00:01,0.3,7.1,6.8
1782727681.036,0.0,0.0,0.0,0.3,11:12,0.0,00:01,0.3,7.1,6.8
1782727686.045,0.0,0.0,0.0,0.3,11:12,0.0,00:01,0.3,7.1,6.8
1782727691.054,0.0,0.0,0.0,0.3,11:12,0.0,00:01,0.3,7.1,6.8
1782727696.064,0.0,0.0,0.0,0.3,11:12,0.0,00:01,0.3,7.1,6.8
1782727701.073,0.0,0.0,0.0,0.3,11:12,0.0,00:01,0.3,7.1,6.8
1782727706.076,0.0,0.0,0.0,0.3,11:12,0.0,00:01,0.3,7.1,6.8
1782727711.086,0.0,0.0,0.0,0.3,11:12,0.0,00:01,0.3,7.1,6.8
1782727716.097,0.0,0.0,0.0,0.3,11:12,0.0,00:01,0.3,7.1,6.8
1782727721.108,0.0,0.0,0.0,0.3,11:12,0.0,00:01,0.3,7.1,6.8
1782727726.121,0.0,0.0,0.0,0.3,11:12,0.0,00:01,0.3,7.1,6.8
1782727731.127,0.0,0.0,0.0,0.3,11:12,0.0,00:01,0.3,7.1,6.8
1782727736.139,0.0,0.0,0.0,0.3,11:12,0.0,00:01,0.3,7.1,6.8
1782727741.147,0.0,0.0,0.0,0.3,11:12,0.0,00:01,0.3,7.1,6.8
1782727746.159,0.0,0.0,0.0,0.3,11:12,0.0,00:01,0.3,7.1,6.8
1782727751.162,0.0,0.0,0.0,0.3,11:12,0.0,00:01,0.3,7.1,6.8
1782727756.175,0.0,0.0,0.0,0.3,11:12,0.0,00:01,0.3,7.1,6.8
1782727761.183,0.0,0.0,0.0,0.3,11:12,0.0,00:01,0.3,7.1,6.8
1782727766.192,0.0,0.0,0.0,0.3,11:12,0.0,00:01,0.3,7.1,6.8
1782727771.199,0.0,0.0,0.0,0.3,11:12,0.0,00:01,0.3,7.1,6.8
1782727776.206,0.0,0.0,0.0,0.3,11:12,0.0,00:01,0.3,7.1,6.8
1782727781.215,0.0,0.0,0.0,0.3,11:12,0.0,00:01,0.3,7.1,6.8
1782727786.225,0.0,0.0,0.0,0.3,11:12,0.0,00:01,0.3,7.1,6.8
1782727791.231,0.0,0.0,0.0,0.3,11:12,0.0,00:01,0.3,7.1,6.8
1782727796.239,0.0,0.0,0.0,0.3,11:12,0.0,00:01,0.3,7.1,6.8
1782727801.246,0.0,0.0,0.0,0.3,11:12,0.0,00:01,0.3,7.1,6.8
1782727806.255,0.0,0.0,0.0,0.3,11:12,0.0,00:01,0.3,7.1,6.8
1782727811.263,0.0,0.0,0.0,0.3,11:12,0.0,00:01,0.3,7.1,6.8
1782727816.273,0.0,0.0,0.0,0.3,11:12,0.0,00:01,0.3,7.1,6.8
1782727821.28,0.0,0.0,0.0,0.3,11:12,0.0,00:01,0.3,7.1,6.8
1782727826.294,0.0,0.0,0.0,0.3,11:12,0.0,00:01,0.3,7.1,6.8
1782727831.303,0.0,0.0,0.0,0.3,11:12,0.0,00:01,0.3,7.1,6.8
1782727836.311,0.0,0.0,0.0,0.3,11:12,0.0,00:01,0.3,7.1,6.8
1782727841.322,0.0,0.0,0.0,0.3,11:12,0.0,00:01,0.3,7.1,6.8
1782727846.324,0.0,0.0,0.0,0.3,11:12,0.0,00:01,0.3,7.1,6.8
1782727851.334,0.0,0.0,0.0,0.3,11:12,0.0,00:01,0.3,7.1,6.8
1782727856.343,0.0,0.0,0.0,0.3,11:12,0.0,00:01,0.3,7.1,6.8
1782727861.379,0.0,0.0,0.0,0.3,11:12,0.0,00:01,0.3,7.1,6.8
1782727866.388,0.0,0.0,0.0,0.3,11:12,0.0,00:01,0.3,7.1,6.8
1782727871.397,0.0,0.0,0.0,0.3,11:12,0.0,00:01,0.3,7.1,6.8
1782727876.41,0.0,0.0,0.0,0.3,11:12,0.0,00:01,0.3,7.1,6.8
1782727881.422,0.0,0.0,0.0,0.3,11:12,0.0,00:01,0.3,7.1,6.8
1782727886.434,0.0,0.0,0.0,0.3,11:12,0.0,00:01,0.3,7.1,6.8
1782727891.442,0.0,0.0,0.0,0.3,11:12,0.0,00:01,0.3,7.1,6.8
1782727896.453,0.0,0.0,0.0,0.3,11:12,0.0,00:01,0.3,7.1,6.8
1782727901.464,0.0,0.0,0.0,0.3,11:12,0.0,00:01,0.3,7.1,6.8
1782727906.476,0.0,0.0,0.0,0.3,11:12,0.0,00:01,0.3,7.1,6.8
1782727911.489,0.0,0.0,0.0,0.3,11:12,0.0,00:01,0.3,7.1,6.8
1782727916.5,0.0,0.0,0.0,0.3,11:12,0.0,00:01,0.3,7.1,6.8
1782727921.512,0.0,0.0,0.0,0.3,11:12,0.0,00:01,0.3,7.1,6.8
1782727926.528,0.0,0.0,0.0,0.3,11:12,0.0,00:01,0.3,7.1,6.8
1782727931.54,0.0,0.0,0.0,0.3,11:12,0.0,00:01,0.3,7.1,6.8
1782727936.552,0.0,0.0,0.0,0.3,11:12,0.0,00:01,0.3,7.1,6.8
1782727941.56,0.0,0.0,0.0,0.3,11:12,0.0,00:01,0.3,7.1,6.8
1782727946.573,0.0,0.0,0.0,0.3,11:12,0.0,00:01,0.3,7.1,6.8
1782727951.583,0.0,0.0,0.0,0.3,11:12,0.0,00:01,0.3,7.1,6.8
1782727956.592,0.0,0.0,0.0,0.3,11:12,0.0,00:01,0.3,7.1,6.8
1782727961.599,0.0,0.0,0.0,0.3,11:12,0.0,00:01,0.3,7.1,6.8
1782727966.607,0.0,0.0,0.0,0.3,11:12,0.0,00:01,0.3,7.1,6.8
1782727971.615,0.0,0.0,0.0,0.3,11:12,0.0,00:01,0.3,7.1,6.8
1782727976.624,0.0,0.0,0.0,0.3,11:12,0.0,00:01,0.3,7.1,6.8
1782727981.631,0.0,0.0,0.0,0.3,11:12,0.0,00:01,0.3,7.1,6.8
1782727986.639,0.0,0.0,0.0,0.3,11:12,0.0,00:01,0.3,7.1,6.8
1782727991.651,0.0,0.0,0.0,0.3,11:12,0.0,00:01,0.3,7.1,6.8
1782727996.663,0.0,0.0,0.0,0.3,11:12,0.0,00:01,0.3,7.1,6.8
1782728001.67,0.0,0.0,0.0,0.3,11:12,0.0,00:01,0.3,7.1,6.8
1782728006.68,0.0,0.0,0.0,0.3,11:12,0.0,00:01,0.3,7.1,6.8
1782728011.688,0.0,0.0,0.0,0.3,11:12,0.0,00:01,0.3,7.1,6.8
1782728016.7,0.0,0.0,0.0,0.3,11:12,0.0,00:01,0.3,7.1,6.8
1782728021.708,0.0,0.0,0.0,0.3,11:12,0.0,00:01,0.3,7.1,6.8
1782728026.718,0.0,0.0,0.0,0.3,11:12,0.0,00:01,0.3,7.1,6.8
1782728031.726,0.0,0.0,0.0,0.3,11:12,0.0,00:01,0.3,7.1,6.8
1782728036.732,0.0,0.0,0.0,0.3,11:12,0.0,00:01,0.3,7.1,6.8
1782728041.743,0.0,0.0,0.0,0.3,11:12,0.0,00:01,0.3,7.1,6.8
1782728046.75,0.0,0.0,0.0,0.3,11:12,0.0,00:01,0.3,7.1,6.8
1782728051.758,0.0,0.0,0.0,0.3,11:12,0.0,00:01,0.3,7.1,6.8
1782728056.766,0.0,0.0,0.0,0.3,11:12,0.0,00:01,0.3,7.1,6.8
1782728061.773,0.0,0.0,0.0,0.3,11:12,0.0,00:01,0.3,7.1,6.8
1782728066.787,0.0,0.0,0.0,0.3,11:12,0.0,00:01,0.3,7.1,6.8
1782728071.799,0.0,0.0,0.0,0.3,11:12,0.0,00:01,0.3,7.1,6.8
1782728076.811,0.0,0.0,0.0,0.3,11:12,0.0,00:01,0.3,7.1,6.8
1782728081.819,0.0,0.0,0.0,0.3,11:12,0.0,00:01,0.3,7.1,6.8
1782728086.832,0.0,0.0,0.0,0.3,11:12,0.0,00:01,0.3,7.1,6.8
1782728091.841,0.0,0.0,0.0,0.3,11:12,0.0,00:01,0.3,7.1,6.8
1782728096.851,0.0,0.0,0.0,0.3,11:12,0.0,00:01,0.3,7.1,6.8
1782728101.861,0.0,0.0,0.0,0.3,11:12,0.0,00:01,0.3,7.1,6.8
1782728106.864,0.0,0.0,0.0,0.3,11:12,0.0,00:01,0.3,7.1,6.8
1782728111.878,0.0,0.0,0.0,0.3,11:12,0.0,00:01,0.3,7.1,6.8
1782728116.886,0.0,0.0,0.0,0.3,11:12,0.0,00:01,0.3,7.1,6.8
1782728121.895,0.0,0.0,0.0,0.3,11:12,0.0,00:01,0.3,7.1,6.8
1782728126.904,0.0,0.0,0.0,0.3,11:12,0.0,00:01,0.3,7.1,6.8
1782728131.909,0.0,0.0,0.0,0.3,11:12,0.0,00:01,0.3,7.1,6.8
1782728136.918,0.0,0.0,0.0,0.3,11:12,0.0,00:01,0.3,7.1,6.8
1782728141.927,0.0,0.0,0.0,0.3,11:12,0.0,00:01,0.3,7.1,6.8
1782728146.938,0.0,0.0,0.0,0.3,11:12,0.0,00:01,0.3,7.1,6.8
1782728151.946,0.0,0.0,0.0,0.3,11:12,0.0,00:01,0.3,7.1,6.8
1782728156.954,0.0,0.0,0.0,0.3,11:12,0.0,00:01,0.3,7.1,6.8
1782728161.964,0.0,0.0,0.0,0.3,11:12,0.0,00:01,0.3,7.1,6.8
1782728166.974,0.0,0.0,0.0,0.3,11:12,0.0,00:01,0.3,7.1,6.8
1782728171.985,0.0,0.0,0.0,0.3,11:12,0.0,00:01,0.3,7.1,6.8
1782728176.994,0.0,0.0,0.0,0.3,11:12,0.0,00:01,0.3,7.1,6.8
1782728182.007,0.0,0.0,0.0,0.3,11:12,0.0,00:01,0.3,7.1,6.8
1782728187.02,0.0,0.0,0.0,0.3,11:12,0.0,00:01,0.3,7.1,6.8
1782728192.03,0.0,0.0,0.0,0.3,11:12,0.0,00:01,0.3,7.1,6.8
1782728197.04,0.0,0.0,0.0,0.3,11:12,0.0,00:01,0.3,7.1,6.8
1782728202.046,0.0,0.0,0.0,0.3,11:12,0.0,00:01,0.3,7.1,6.8
1782728207.052,0.0,0.0,0.0,0.3,11:12,0.0,00:01,0.3,7.1,6.8
1782728212.062,0.0,0.0,0.0,0.3,11:12,0.0,00:01,0.3,7.1,6.8
1782728217.07,0.0,0.0,0.0,0.3,11:12,0.0,00:01,0.3,7.1,6.8
1782728222.076,0.0,0.0,0.0,0.3,11:12,0.0,00:01,0.3,7.1,6.8
1782728227.086,0.0,0.0,0.0,0.3,11:12,0.0,00:01,0.3,7.1,6.8
1782728232.093,0.0,0.0,0.0,0.3,11:12,0.0,00:01,0.3,7.1,6.8
1782728237.102,0.0,0.0,0.0,0.3,11:12,0.0,00:01,0.3,7.1,6.8
1782728242.112,0.0,0.0,0.0,0.3,11:12,0.0,00:01,0.3,7.1,6.8
1782728247.119,0.0,0.0,0.0,0.3,11:12,0.0,00:01,0.3,7.1,6.8
1782728252.133,0.0,0.0,0.0,0.3,11:12,0.0,00:01,0.3,7.1,6.8
1782728257.145,0.0,0.0,0.0,0.3,11:12,0.0,00:01,0.3,7.1,6.8
1782728262.157,0.0,0.0,0.0,0.3,11:12,0.0,00:01,0.3,7.1,6.8
1782728267.173,0.0,0.0,0.0,0.3,11:12,0.0,00:01,0.3,7.1,6.8
1782728272.18,0.0,0.0,0.0,0.3,11:12,0.0,00:01,0.3,7.1,6.8
1782728277.19,0.0,0.0,0.0,0.3,11:12,0.0,00:01,0.3,7.1,6.8
1782728282.198,0.0,0.0,0.0,0.3,11:12,0.0,00:01,0.3,7.1,6.8
1782728287.208,0.0,0.0,0.0,0.3,11:12,0.0,00:01,0.3,7.1,6.8
1782728292.216,0.0,0.0,0.0,0.3,11:12,0.0,00:01,0.3,7.1,6.8
1782728297.228,0.0,0.0,0.0,0.3,11:12,0.0,00:01,0.3,7.1,6.8
1782728302.24,0.0,0.0,0.0,0.3,11:12,0.0,00:01,0.3,7.1,6.8
1782728307.253,0.0,0.0,0.0,0.3,11:12,0.0,00:01,0.3,7.1,6.8
1782728312.266,0.0,0.0,0.0,0.3,11:12,0.0,00:01,0.3,7.1,6.8
1782728317.272,0.0,0.0,0.0,0.3,11:12,0.0,00:01,0.3,7.1,6.8
1782728322.286,0.0,0.0,0.0,0.3,11:12,0.0,00:01,0.3,7.1,6.8
1782728327.298,0.0,0.0,0.0,0.3,11:12,0.0,00:01,0.3,7.1,6.8
1782728332.307,0.0,0.0,0.0,0.3,11:12,0.0,00:01,0.3,7.1,6.8
1782728337.322,0.0,0.0,0.0,0.3,11:12,0.0,00:01,0.3,7.1,6.8
1782728342.328,0.0,0.0,0.0,0.3,11:12,0.0,00:01,0.3,7.1,6.8
1782728347.336,0.0,0.0,0.0,0.3,11:12,0.0,00:01,0.3,7.1,6.8
1782728352.35,0.0,0.0,0.0,0.3,11:12,0.0,00:01,0.3,7.1,6.8
1782728357.358,0.0,0.0,0.0,0.3,11:12,0.0,00:01,0.3,7.1,6.8
1782728362.366,0.0,0.0,0.0,0.3,11:12,0.0,00:01,0.3,7.1,6.8
1782728367.378,0.0,0.0,0.0,0.3,11:12,0.0,00:01,0.3,7.1,6.8
1782728372.388,0.0,0.0,0.0,0.3,11:12,0.0,00:01,0.3,7.1,6.8
1782728377.4,0.0,0.0,0.0,0.3,11:12,0.0,00:01,0.3,7.1,6.8
1782728382.413,0.0,0.0,0.0,0.3,11:12,0.0,00:01,0.3,7.1,6.8
1782728387.416,0.0,0.0,0.0,0.3,11:12,0.0,00:01,0.3,7.1,6.8
1782728392.426,0.0,0.0,0.0,0.3,11:12,0.0,00:01,0.3,7.1,6.8
1782728397.437,0.0,0.0,0.0,0.3,11:12,0.0,00:01,0.3,7.1,6.8
1782728402.448,0.0,0.0,0.0,0.3,11:12,0.0,00:01,0.3,7.1,6.8
1782728407.458,0.0,0.0,0.0,0.3,11:12,0.0,00:01,0.3,7.1,6.8
1782728412.465,0.0,0.0,0.0,0.3,11:12,0.0,00:01,0.3,7.1,6.8
1782728417.475,0.0,0.0,0.0,0.3,11:12,0.0,00:01,0.3,7.1,6.8
1782728422.486,0.0,0.0,0.0,0.3,11:12,0.0,00:01,0.3,7.1,6.8
1782728427.499,0.0,0.0,0.0,0.3,11:12,0.0,00:01,0.3,7.1,6.8
1782728431.357,0.0,0.0,0.0,0.3,11:12,0.0,00:01,0.3,7.1,6.8
1782728748.289,0.0,0.0,0.0,0.3,11:12,0.0,00:01,0.3,7.1,6.8
1782728753.304,0.0,0.0,0.0,0.3,11:12,0.0,00:01,0.3,7.1,6.8
1782728758.316,0.0,0.0,0.0,0.3,11:12,0.0,00:01,0.3,7.1,6.8
1782728763.33,0.0,0.0,0.0,0.3,11:12,0.0,00:01,0.3,7.1,6.8
1782728768.338,0.0,0.0,0.0,0.3,11:12,0.0,00:01,0.3,7.1,6.8
1782728773.344,0.0,0.0,0.0,0.3,11:12,0.0,00:01,0.3,7.1,6.8
1782728778.356,0.0,0.0,0.0,0.3,11:12,0.0,00:01,0.3,7.1,6.8
1782728783.367,0.0,0.0,0.0,0.3,11:12,0.0,00:01,0.3,7.1,6.8
1782728788.379,0.0,0.0,0.0,0.3,11:12,0.0,00:01,0.3,7.1,6.8
1782728793.392,0.0,0.0,0.0,0.3,11:12,0.0,00:01,0.3,7.1,6.8
1782728798.403,0.0,0.0,0.0,0.3,11:12,0.0,00:01,0.3,7.1,6.8
1782728803.415,0.0,0.0,0.0,0.3,11:12,0.0,00:01,0.3,7.1,6.8
1782728808.426,0.0,0.0,0.0,0.3,11:12,0.0,00:01,0.3,7.1,6.8
1782728813.437,0.0,0.0,0.0,0.3,11:12,0.0,00:01,0.3,7.1,6.8
1782728818.445,0.0,0.0,0.0,0.3,11:12,0.0,00:01,0.3,7.1,6.8
1782728823.457,0.0,0.0,0.0,0.3,11:12,0.0,00:01,0.3,7.1,6.8
1782728828.469,0.0,0.0,0.0,0.3,11:12,0.0,00:01,0.3,7.1,6.8
1782728833.482,0.0,0.0,0.0,0.3,11:12,0.0,00:01,0.3,7.1,6.8
1782728838.495,0.0,0.0,0.0,0.3,11:12,0.0,00:01,0.3,7.1,6.8
1782728843.503,0.0,0.0,0.0,0.3,11:12,0.0,00:01,0.3,7.1,6.8
1782728848.513,0.0,0.0,0.0,0.3,11:12,0.0,00:01,0.3,7.1,6.8
1782728853.525,0.0,0.0,0.0,0.3,11:12,0.0,00:01,0.3,7.1,6.8
1782728858.533,0.0,0.0,0.0,0.3,11:12,0.0,00:01,0.3,7.1,6.8
1782728863.546,0.0,0.0,0.0,0.3,11:12,0.0,00:01,0.3,7.1,6.8
1782728868.555,0.0,0.0,0.0,0.3,11:12,0.0,00:01,0.3,7.1,6.8
1782728873.565,0.0,0.0,0.0,0.3,11:12,0.0,00:01,0.3,7.1,6.8
1782728878.578,0.0,0.0,0.0,0.3,11:12,0.0,00:01,0.3,7.1,6.8
1782728883.589,0.0,0.0,0.0,0.3,11:12,0.0,00:01,0.3,7.1,6.8
1782728888.596,0.0,0.0,0.0,0.3,11:12,0.0,00:01,0.3,7.1,6.8
1782728893.609,0.0,0.0,0.0,0.3,11:12,0.0,00:01,0.3,7.1,6.8
1782728898.617,0.0,0.0,0.0,0.3,11:12,0.0,00:01,0.3,7.1,6.8
1782728903.632,0.0,0.0,0.0,0.3,11:12,0.0,00:01,0.3,7.1,6.8
1782728908.643,0.0,0.0,0.0,0.3,11:12,0.0,00:01,0.3,7.1,6.8
1782728913.653,0.0,0.0,0.0,0.3,11:12,0.0,00:01,0.3,7.1,6.8
1782728918.667,0.0,0.0,0.0,0.3,11:12,0.0,00:01,0.3,7.1,6.8
1782728923.677,0.0,0.0,0.0,0.3,11:12,0.0,00:01,0.3,7.1,6.8
1782728926.873,0.0,0.0,0.0,0.3,11:12,0.0,00:01,0.3,7.1,6.8
1782728935.44,0.0,0.0,0.0,0.3,11:12,0.0,00:01,0.3,7.1,6.8
1782728940.449,0.0,0.0,0.0,0.3,11:12,0.0,00:01,0.3,7.1,6.8
1782728945.456,0.0,0.0,0.0,0.3,11:12,0.0,00:01,0.3,7.1,6.8
1782728950.465,0.0,0.0,0.0,0.3,11:12,0.0,00:01,0.3,7.1,6.8
1782728955.475,0.0,0.0,0.0,0.3,11:12,0.0,00:01,0.3,7.1,6.8
1782728960.486,0.0,0.0,0.0,0.3,11:12,0.0,00:01,0.3,7.1,6.8
1782728965.497,0.0,0.0,0.0,0.3,11:12,0.0,00:01,0.3,7.1,6.8
1782728970.508,0.0,0.0,0.0,0.3,11:12,0.0,00:01,0.3,7.1,6.8
1782728975.52,0.0,0.0,0.0,0.3,11:12,0.0,00:01,0.3,7.1,6.8
1782728980.534,0.0,0.0,0.0,0.3,11:12,0.0,00:01,0.3,7.1,6.8
1782728985.545,0.0,0.0,0.0,0.3,11:12,0.0,00:01,0.3,7.1,6.8
1782728990.556,0.0,0.0,0.0,0.3,11:12,0.0,00:01,0.3,7.1,6.8
1782728995.566,0.0,0.0,0.0,0.3,11:12,0.0,00:01,0.3,7.1,6.8
1782729000.666,0.0,0.0,0.0,0.3,11:12,0.0,00:01,0.3,7.1,6.8
1782729005.676,0.0,0.0,0.0,0.3,11:12,0.0,00:01,0.3,7.1,6.8
1782729010.686,0.0,0.0,0.0,0.3,11:12,0.0,00:01,0.3,7.1,6.8
1782729015.696,0.0,0.0,0.0,0.3,11:12,0.0,00:01,0.3,7.1,6.8
1782729020.71,0.0,0.0,0.0,0.3,11:12,0.0,00:01,0.3,7.1,6.8
1782729025.722,0.0,0.0,0.0,0.3,11:12,0.0,00:01,0.3,7.1,6.8
1782729030.732,0.0,0.0,0.0,0.3,11:12,0.0,00:01,0.3,7.1,6.8
1782729035.746,0.0,0.0,0.0,0.3,11:12,0.0,00:01,0.3,7.1,6.8
1782729040.759,0.0,0.0,0.0,0.3,11:12,0.0,00:01,0.3,7.1,6.8
1782729045.769,0.0,0.0,0.0,0.3,11:12,0.0,00:01,0.3,7.1,6.8
1782729050.781,0.0,0.0,0.0,0.3,11:12,0.0,00:01,0.3,7.1,6.8
1782729055.791,0.0,0.0,0.0,0.3,11:12,0.0,00:01,0.3,7.1,6.8
1782729060.797,0.0,0.0,0.0,0.3,11:12,0.0,00:01,0.3,7.1,6.8
1782729065.809,0.0,0.0,0.0,0.3,11:12,0.0,00:01,0.3,7.1,6.8
1782729070.818,0.0,0.0,0.0,0.3,11:12,0.0,00:01,0.3,7.1,6.8
1782729075.828,0.0,0.0,0.0,0.3,11:12,0.0,00:01,0.3,7.1,6.8
1782729080.834,0.0,0.0,0.0,0.3,11:12,0.0,00:01,0.3,7.1,6.8
1782729085.843,0.0,0.0,0.0,0.3,11:12,0.0,00:01,0.3,7.1,6.8
1782729090.854,0.0,0.0,0.0,0.3,11:12,0.0,00:01,0.3,7.1,6.8
1782729095.861,0.0,0.0,0.0,0.3,11:12,0.0,00:01,0.3,7.1,6.8
1782729100.868,0.0,0.0,0.0,0.3,11:12,0.0,00:01,0.3,7.1,6.8
1782729105.876,0.0,0.0,0.0,0.3,11:12,0.0,00:01,0.3,7.1,6.8
1782729110.886,0.0,0.0,0.0,0.3,11:12,0.0,00:01,0.3,7.1,6.8
1782729115.895,0.0,0.0,0.0,0.3,11:12,0.0,00:01,0.3,7.1,6.8
1782729120.902,0.0,0.0,0.0,0.3,11:12,0.0,00:01,0.3,7.1,6.8
1782729125.908,0.0,0.0,0.0,0.3,11:12,0.0,00:01,0.3,7.1,6.8
1782729130.917,0.0,0.0,0.0,0.3,11:12,0.0,00:01,0.3,7.1,6.8
1782729135.925,0.0,0.0,0.0,0.3,11:12,0.0,00:01,0.3,7.1,6.8
1782729140.934,0.0,0.0,0.0,0.3,11:12,0.0,00:01,0.3,7.1,6.8
1782729145.946,0.0,0.0,0.0,0.3,11:12,0.0,00:01,0.3,7.1,6.8
1782729150.952,0.0,0.0,0.0,0.3,11:12,0.0,00:01,0.3,7.1,6.8
1782729155.962,0.0,0.0,0.0,0.3,11:12,0.0,00:01,0.3,7.1,6.8
1782729160.972,0.0,0.0,0.0,0.3,11:12,0.0,00:01,0.3,7.1,6.8
1782729165.982,0.0,0.0,0.0,0.3,11:12,0.0,00:01,0.3,7.1,6.8
1782729170.985,0.0,0.0,0.0,0.3,11:12,0.0,00:01,0.3,7.1,6.8
1782729175.994,0.0,0.0,0.0,0.3,11:12,0.0,00:01,0.3,7.1,6.8
1782729181.005,0.0,0.0,0.0,0.3,11:12,0.0,00:01,0.3,7.1,6.8
1782729186.013,0.0,0.0,0.0,0.3,11:12,0.0,00:01,0.3,7.1,6.8
1782729191.024,0.0,0.0,0.0,0.3,11:12,0.0,00:01,0.3,7.1,6.8
1782729196.033,0.0,0.0,0.0,0.3,11:12,0.0,00:01,0.3,7.1,6.8
1782729201.039,0.0,0.0,0.0,0.3,11:12,0.0,00:01,0.3,7.1,6.8
1782729206.053,0.0,0.0,0.0,0.3,11:12,0.0,00:01,0.3,7.1,6.8
1782729211.06,0.0,0.0,0.0,0.3,11:12,0.0,00:01,0.3,7.1,6.8
1782729216.074,0.0,0.0,0.0,0.3,11:12,0.0,00:01,0.3,7.1,6.8
1782729221.082,0.0,0.0,0.0,0.3,11:12,0.0,00:01,0.3,7.1,6.8
1782729226.092,0.0,0.0,0.0,0.3,11:12,0.0,00:01,0.3,7.1,6.8
1782729231.102,0.0,0.0,0.0,0.3,11:12,0.0,00:01,0.3,7.1,6.8
1782729236.116,0.0,0.0,0.0,0.3,11:12,0.0,00:01,0.3,7.1,6.8
1782729241.129,0.0,0.0,0.0,0.3,11:12,0.0,00:01,0.3,7.1,6.8
1782729246.134,0.0,0.0,0.0,0.3,11:12,0.0,00:01,0.3,7.1,6.8
1782729251.142,0.0,0.0,0.0,0.3,11:12,0.0,00:01,0.3,7.1,6.8
1782729256.151,0.0,0.0,0.0,0.3,11:12,0.0,00:01,0.3,7.1,6.8
1782729261.161,0.0,0.0,0.0,0.3,11:12,0.0,00:01,0.3,7.1,6.8
1782729266.171,0.0,0.0,0.0,0.3,11:12,0.0,00:01,0.3,7.1,6.8
1782729271.183,0.0,0.0,0.0,0.3,11:12,0.0,00:01,0.3,7.1,6.8
1782729276.196,0.0,0.0,0.0,0.3,11:12,0.0,00:01,0.3,7.1,6.8
1782729281.206,0.0,0.0,0.0,0.3,11:12,0.0,00:01,0.3,7.1,6.8
1782729286.217,0.0,0.0,0.0,0.3,11:12,0.0,00:01,0.3,7.1,6.8
1782729291.224,0.0,0.0,0.0,0.3,11:12,0.0,00:01,0.3,7.1,6.8
1782729296.234,0.0,0.0,0.0,0.3,11:12,0.0,00:01,0.3,7.1,6.8
1782729301.244,0.0,0.0,0.0,0.3,11:12,0.0,00:01,0.3,7.1,6.8
1782729306.254,0.0,0.0,0.0,0.3,11:12,0.0,00:01,0.3,7.1,6.8
1782729311.265,0.0,0.0,0.0,0.3,11:12,0.0,00:01,0.3,7.1,6.8
1782729316.271,0.0,0.0,0.0,0.3,11:12,0.0,00:01,0.3,7.1,6.8
1782729321.282,0.0,0.0,0.0,0.3,11:12,0.0,00:01,0.3,7.1,6.8
1782729326.288,0.0,0.0,0.0,0.3,11:12,0.0,00:01,0.3,7.1,6.8
1782729331.296,0.0,0.0,0.0,0.3,11:12,0.0,00:01,0.3,7.1,6.8
1782729336.304,0.0,0.0,0.0,0.3,11:12,0.0,00:01,0.3,7.1,6.8
1782729341.312,0.0,0.0,0.0,0.3,11:12,0.0,00:01,0.3,7.1,6.8
1782729346.321,0.0,0.0,0.0,0.3,11:12,0.0,00:01,0.3,7.1,6.8
1782729351.332,0.0,0.0,0.0,0.3,11:12,0.0,00:01,0.3,7.1,6.8
1782729356.345,0.0,0.0,0.0,0.3,11:12,0.0,00:01,0.3,7.1,6.8
1782729361.352,0.0,0.0,0.0,0.3,11:12,0.0,00:01,0.3,7.1,6.8
1782729366.362,0.0,0.0,0.0,0.3,11:12,0.0,00:01,0.3,7.1,6.8
1782729371.374,0.0,0.0,0.0,0.3,11:12,0.0,00:01,0.3,7.1,6.8
1782729376.389,0.0,0.0,0.0,0.3,11:12,0.0,00:01,0.3,7.1,6.8
1782729381.401,0.0,0.0,0.0,0.3,11:12,0.0,00:01,0.3,7.1,6.8
1782729386.408,0.0,0.0,0.0,0.3,11:12,0.0,00:01,0.3,7.1,6.8
1782729391.418,0.0,0.0,0.0,0.3,11:12,0.0,00:01,0.3,7.1,6.8
1782729396.431,0.0,0.0,0.0,0.3,11:12,0.0,00:01,0.3,7.1,6.8
1782729401.438,0.0,0.0,0.0,0.3,11:12,0.0,00:01,0.3,7.1,6.8
1782729406.448,0.0,0.0,0.0,0.3,11:12,0.0,00:01,0.3,7.1,6.8
1782729411.455,0.0,0.0,0.0,0.3,11:12,0.0,00:01,0.3,7.1,6.8
1782729416.467,0.0,0.0,0.0,0.3,11:12,0.0,00:01,0.3,7.1,6.8
1782729421.483,0.0,0.0,0.0,0.3,11:12,0.0,00:01,0.3,7.1,6.8
1782729426.497,0.0,0.0,0.0,0.3,11:12,0.0,00:01,0.3,7.1,6.8
1782729431.5,0.0,0.0,0.0,0.3,11:12,0.0,00:01,0.3,7.1,6.8
1782729436.508,0.0,0.0,0.0,0.3,11:12,0.0,00:01,0.3,7.1,6.8
1782729441.517,0.0,0.0,0.0,0.3,11:12,0.0,00:01,0.3,7.1,6.8
1782729446.532,0.0,0.0,0.0,0.3,11:12,0.0,00:01,0.3,7.1,6.8
1782729451.545,0.0,0.0,0.0,0.3,11:12,0.0,00:01,0.3,7.1,6.8
1782729456.548,0.0,0.0,0.0,0.3,11:12,0.0,00:01,0.3,7.1,6.8
1782729461.563,0.0,0.0,0.0,0.3,11:12,0.0,00:01,0.3,7.1,6.8
1782729466.574,0.0,0.0,0.0,0.3,11:12,0.0,00:01,0.3,7.1,6.8
1782729471.582,0.0,0.0,0.0,0.3,11:12,0.0,00:01,0.3,7.1,6.8
1782729476.594,0.0,0.0,0.0,0.3,11:12,0.0,00:01,0.3,7.1,6.8
1782729481.601,0.0,0.0,0.0,0.3,11:12,0.0,00:01,0.3,7.1,6.8
1782729486.613,0.0,0.0,0.0,0.3,11:12,0.0,00:01,0.3,7.1,6.8
1782729491.626,0.0,0.0,0.0,0.3,11:12,0.0,00:01,0.3,7.1,6.8
1782729496.641,0.0,0.0,0.0,0.3,11:12,0.0,00:01,0.3,7.1,6.8
1782729501.648,0.0,0.0,0.0,0.3,11:12,0.0,00:01,0.3,7.1,6.8
1782729506.663,0.0,0.0,0.0,0.3,11:12,0.0,00:01,0.3,7.1,6.8
1782729511.672,0.0,0.0,0.0,0.3,11:12,0.0,00:01,0.3,7.1,6.8
1782729516.684,0.0,0.0,0.0,0.3,11:12,0.0,00:01,0.3,7.1,6.8
1782729521.696,0.0,0.0,0.0,0.3,11:12,0.0,00:01,0.3,7.1,6.8
1782729526.703,0.0,0.0,0.0,0.3,11:12,0.0,00:01,0.3,7.1,6.8
1782729531.712,0.0,0.0,0.0,0.3,11:12,0.0,00:01,0.3,7.1,6.8
1782729536.721,0.0,0.0,0.0,0.3,11:12,0.0,00:01,0.3,7.1,6.8
1782729541.732,0.0,0.0,0.0,0.3,11:12,0.0,00:01,0.3,7.1,6.8
1782729546.745,0.0,0.0,0.0,0.3,11:12,0.0,00:01,0.3,7.1,6.8
1782729551.75,0.0,0.0,0.0,0.3,11:12,0.0,00:01,0.3,7.1,6.8
1782729556.762,0.0,0.0,0.0,0.3,11:12,0.0,00:01,0.3,7.1,6.8
1782729561.772,0.0,0.0,0.0,0.3,11:12,0.0,00:01,0.3,7.1,6.8
1782729566.786,0.0,0.0,0.0,0.3,11:12,0.0,00:01,0.3,7.1,6.8
1782729571.793,0.0,0.0,0.0,0.3,11:12,0.0,00:01,0.3,7.1,6.8
1782729576.807,0.0,0.0,0.0,0.3,11:12,0.0,00:01,0.3,7.1,6.8
1782729581.817,0.0,0.0,0.0,0.3,11:12,0.0,00:01,0.3,7.1,6.8
1782729586.829,0.0,0.0,0.0,0.3,11:12,0.0,00:01,0.3,7.1,6.8
1782729591.845,0.0,0.0,0.0,0.3,11:12,0.0,00:01,0.3,7.1,6.8
1782729596.853,0.0,0.0,0.0,0.3,11:12,0.0,00:01,0.3,7.1,6.8
1782729601.867,0.0,0.0,0.0,0.3,11:12,0.0,00:01,0.3,7.1,6.8
1782729606.88,0.0,0.0,0.0,0.3,11:12,0.0,00:01,0.3,7.1,6.8
1782729611.893,0.0,0.0,0.0,0.3,11:12,0.0,00:01,0.3,7.1,6.8
1782729616.904,0.0,0.0,0.0,0.3,11:12,0.0,00:01,0.3,7.1,6.8
1782729621.912,0.0,0.0,0.0,0.3,11:12,0.0,00:01,0.3,7.1,6.8
1782729626.92,0.0,0.0,0.0,0.3,11:12,0.0,00:01,0.3,7.1,6.8
1782729631.933,0.0,0.0,0.0,0.3,11:12,0.0,00:01,0.3,7.1,6.8
1782729636.946,0.0,0.0,0.0,0.3,11:12,0.0,00:01,0.3,7.1,6.8
1782729641.957,0.0,0.0,0.0,0.3,11:12,0.0,00:01,0.3,7.1,6.8
1782729646.962,0.0,0.0,0.0,0.3,11:12,0.0,00:01,0.3,7.1,6.8
1782729651.974,0.0,0.0,0.0,0.3,11:12,0.0,00:01,0.3,7.1,6.8
1782729656.982,0.0,0.0,0.0,0.3,11:12,0.0,00:01,0.3,7.1,6.8
1782729661.996,0.0,0.0,0.0,0.3,11:12,0.0,00:01,0.3,7.1,6.8
1782729667.003,0.0,0.0,0.0,0.3,11:12,0.0,00:01,0.3,7.1,6.8
1782729672.014,0.0,0.0,0.0,0.3,11:12,0.0,00:01,0.3,7.1,6.8
1782729677.023,0.0,0.0,0.0,0.3,11:12,0.0,00:01,0.3,7.1,6.8
1782729682.035,0.0,0.0,0.0,0.3,11:12,0.0,00:01,0.3,7.1,6.8
1782729687.046,0.0,0.0,0.0,0.3,11:12,0.0,00:01,0.3,7.1,6.8
1782729692.053,0.0,0.0,0.0,0.3,11:12,0.0,00:01,0.3,7.1,6.8
1782729697.063,0.0,0.0,0.0,0.3,11:12,0.0,00:01,0.3,7.1,6.8
1782729702.074,0.0,0.0,0.0,0.3,11:12,0.0,00:01,0.3,7.1,6.8
1782729707.085,0.0,0.0,0.0,0.3,11:12,0.0,00:01,0.3,7.1,6.8
1782729712.097,0.0,0.0,0.0,0.3,11:12,0.0,00:01,0.3,7.1,6.8
1782729717.106,0.0,0.0,0.0,0.3,11:12,0.0,00:01,0.3,7.1,6.8
1782729722.112,0.0,0.0,0.0,0.3,11:12,0.0,00:01,0.3,7.1,6.8
1782729727.125,0.0,0.0,0.0,0.3,11:12,0.0,00:01,0.3,7.1,6.8
1782729732.137,0.0,0.0,0.0,0.3,11:12,0.0,00:01,0.3,7.1,6.8
1782729737.144,0.0,0.0,0.0,0.3,11:12,0.0,00:01,0.3,7.1,6.8
1782729742.151,0.0,0.0,0.0,0.3,11:12,0.0,00:01,0.3,7.1,6.8
1782729747.166,0.0,0.0,0.0,0.3,11:12,0.0,00:01,0.3,7.1,6.8
1782729752.179,0.0,0.0,0.0,0.3,11:12,0.0,00:01,0.3,7.1,6.8
1782729757.191,0.0,0.0,0.0,0.3,11:12,0.0,00:01,0.3,7.1,6.8
1782729762.199,0.0,0.0,0.0,0.3,11:12,0.0,00:01,0.3,7.1,6.8
1782729767.208,0.0,0.0,0.0,0.3,11:12,0.0,00:01,0.3,7.1,6.8
1782729772.222,0.0,0.0,0.0,0.3,11:12,0.0,00:01,0.3,7.1,6.8
1782729777.234,0.0,0.0,0.0,0.3,11:12,0.0,00:01,0.3,7.1,6.8
1782729782.245,0.0,0.0,0.0,0.3,11:12,0.0,00:01,0.3,7.1,6.8
1782729787.252,0.0,0.0,0.0,0.3,11:12,0.0,00:01,0.3,7.1,6.8
1782729792.262,0.0,0.0,0.0,0.3,11:12,0.0,00:01,0.3,7.1,6.8
1782729797.275,0.0,0.0,0.0,0.3,11:12,0.0,00:01,0.3,7.1,6.8
1782729802.285,0.0,0.0,0.0,0.3,11:12,0.0,00:01,0.3,7.1,6.8
1782729807.292,0.0,0.0,0.0,0.3,11:12,0.0,00:01,0.3,7.1,6.8
1782729812.304,0.0,0.0,0.0,0.3,11:12,0.0,00:01,0.3,7.1,6.8
1782729817.316,0.0,0.0,0.0,0.3,11:12,0.0,00:01,0.3,7.1,6.8
1782729822.325,0.0,0.0,0.0,0.3,11:12,0.0,00:01,0.3,7.1,6.8
1782729827.337,0.0,0.0,0.0,0.3,11:12,0.0,00:01,0.3,7.1,6.8
1782729832.341,0.0,0.0,0.0,0.3,11:12,0.0,00:01,0.3,7.1,6.8
1782729837.352,0.0,0.0,0.0,0.3,11:12,0.0,00:01,0.3,7.1,6.8
1782729842.365,0.0,0.0,0.0,0.3,11:12,0.0,00:01,0.3,7.1,6.8
1782729847.38,0.0,0.0,0.0,0.3,11:12,0.0,00:01,0.3,7.1,6.8
1782729852.388,0.0,0.0,0.0,0.3,11:12,0.0,00:01,0.3,7.1,6.8
1782729857.392,0.0,0.0,0.0,0.3,11:12,0.0,00:01,0.3,7.1,6.8
1782729862.401,0.0,0.0,0.0,0.3,11:12,0.0,00:01,0.3,7.1,6.8
1782729867.412,0.0,0.0,0.0,0.3,11:12,0.0,00:01,0.3,7.1,6.8
1782729872.419,0.0,0.0,0.0,0.3,11:12,0.0,00:01,0.3,7.1,6.8
1782729877.429,0.0,0.0,0.0,0.3,11:12,0.0,00:01,0.3,7.1,6.8
1782729882.435,0.0,0.0,0.0,0.3,11:12,0.0,00:01,0.3,7.1,6.8
1782729887.445,0.0,0.0,0.0,0.3,11:12,0.0,00:01,0.3,7.1,6.8
1782729892.456,0.0,0.0,0.0,0.3,11:12,0.0,00:01,0.3,7.1,6.8
1782729897.465,0.0,0.0,0.0,0.3,11:12,0.0,00:01,0.3,7.1,6.8
1782729902.475,0.0,0.0,0.0,0.3,11:12,0.0,00:01,0.3,7.1,6.8
1782729907.486,0.0,0.0,0.0,0.3,11:12,0.0,00:01,0.3,7.1,6.8
1782729912.496,0.0,0.0,0.0,0.3,11:12,0.0,00:01,0.3,7.1,6.8
1782729917.507,0.0,0.0,0.0,0.3,11:12,0.0,00:01,0.3,7.1,6.8
1782729922.519,0.0,0.0,0.0,0.3,11:12,0.0,00:01,0.3,7.1,6.8
1782729927.524,0.0,0.0,0.0,0.3,11:12,0.0,00:01,0.3,7.1,6.8
1782729932.539,0.0,0.0,0.0,0.3,11:12,0.0,00:01,0.3,7.1,6.8
1782729937.552,0.0,0.0,0.0,0.3,11:12,0.0,00:01,0.3,7.1,6.8
1782729942.565,0.0,0.0,0.0,0.3,11:12,0.0,00:01,0.3,7.1,6.8
1782729947.579,0.0,0.0,0.0,0.3,11:12,0.0,00:01,0.3,7.1,6.8
1782729952.589,0.0,0.0,0.0,0.3,11:12,0.0,00:01,0.3,7.1,6.8
1782729957.601,0.0,0.0,0.0,0.3,11:12,0.0,00:01,0.3,7.1,6.8
1782729962.617,0.0,0.0,0.0,0.3,11:12,0.0,00:01,0.3,7.1,6.8
1782729967.63,0.0,0.0,0.0,0.3,11:12,0.0,00:01,0.3,7.1,6.8
1782729972.642,0.0,0.0,0.0,0.3,11:12,0.0,00:01,0.3,7.1,6.8
1782729977.649,0.0,0.0,0.0,0.3,11:12,0.0,00:01,0.3,7.1,6.8
1782729982.661,0.0,0.0,0.0,0.3,11:12,0.0,00:01,0.3,7.1,6.8
1782729987.678,0.0,0.0,0.0,0.3,11:12,0.0,00:01,0.3,7.1,6.8
1782729992.686,0.0,0.0,0.0,0.3,11:12,0.0,00:01,0.3,7.1,6.8
1782729997.688,0.0,0.0,0.0,0.3,11:12,0.0,00:01,0.3,7.1,6.8
1782730002.702,0.0,0.0,0.0,0.3,11:12,0.0,00:01,0.3,7.1,6.8
1782730007.714,0.0,0.0,0.0,0.3,11:12,0.0,00:01,0.3,7.1,6.8
1782730012.726,0.0,0.0,0.0,0.3,11:12,0.0,00:01,0.3,7.1,6.8
1782730017.737,0.0,0.0,0.0,0.3,11:12,0.0,00:01,0.3,7.1,6.8
1782730022.74,0.0,0.0,0.0,0.3,11:12,0.0,00:01,0.3,7.1,6.8
1782730027.752,0.0,0.0,0.0,0.3,11:12,0.0,00:01,0.3,7.1,6.8
1782730032.768,0.0,0.0,0.0,0.3,11:12,0.0,00:01,0.3,7.1,6.8
1782730037.781,0.0,0.0,0.0,0.3,11:12,0.0,00:01,0.3,7.1,6.8
1782730042.792,0.0,0.0,0.0,0.3,11:12,0.0,00:01,0.3,7.1,6.8
1782730047.8,0.0,0.0,0.0,0.3,11:12,0.0,00:01,0.3,7.1,6.8
1782730052.812,0.0,0.0,0.0,0.3,11:12,0.0,00:01,0.3,7.1,6.8
1782730057.825,0.0,0.0,0.0,0.3,11:12,0.0,00:01,0.3,7.1,6.8
1782730062.839,0.0,0.0,0.0,0.3,11:12,0.0,00:01,0.3,7.1,6.8
1782730067.845,0.0,0.0,0.0,0.3,11:12,0.0,00:01,0.3,7.1,6.8
1782730072.859,0.0,0.0,0.0,0.3,11:12,0.0,00:01,0.3,7.1,6.8
1782730077.874,0.0,0.0,0.0,0.3,11:12,0.0,00:01,0.3,7.1,6.8
1782730082.887,0.0,0.0,0.0,0.3,11:12,0.0,00:01,0.3,7.1,6.8
1782730087.9,0.0,0.0,0.0,0.3,11:12,0.0,00:01,0.3,7.1,6.8
1782730092.907,0.0,0.0,0.0,0.3,11:12,0.0,00:01,0.3,7.1,6.8
1782730097.919,0.0,0.0,0.0,0.3,11:12,0.0,00:01,0.3,7.1,6.8
1782730102.935,0.0,0.0,0.0,0.3,11:12,0.0,00:01,0.3,7.1,6.8
1782730107.949,0.0,0.0,0.0,0.3,11:12,0.0,00:01,0.3,7.1,6.8
1782730112.961,0.0,0.0,0.0,0.3,11:12,0.0,00:01,0.3,7.1,6.8
1782730117.968,0.0,0.0,0.0,0.3,11:12,0.0,00:01,0.3,7.1,6.8
1782730122.98,0.0,0.0,0.0,0.3,11:12,0.0,00:01,0.3,7.1,6.8
1782730127.996,0.0,0.0,0.0,0.3,11:12,0.0,00:01,0.3,7.1,6.8
1782730133.007,0.0,0.0,0.0,0.3,11:12,0.0,00:01,0.3,7.1,6.8
1782730138.019,0.0,0.0,0.0,0.3,11:12,0.0,00:01,0.3,7.1,6.8
1782730143.026,0.0,0.0,0.0,0.3,11:12,0.0,00:01,0.3,7.1,6.8
1782730148.043,0.0,0.0,0.0,0.3,11:12,0.0,00:01,0.3,7.1,6.8
1782730153.053,0.0,0.0,0.0,0.3,11:12,0.0,00:01,0.3,7.1,6.8
1782730158.063,0.0,0.0,0.0,0.3,11:12,0.0,00:01,0.3,7.1,6.8
1782730163.077,0.0,0.0,0.0,0.3,11:12,0.0,00:01,0.3,7.1,6.8
1782730168.084,0.0,0.0,0.0,0.3,11:12,0.0,00:01,0.3,7.1,6.8
1782730173.101,0.0,0.0,0.0,0.3,11:12,0.0,00:01,0.3,7.1,6.8
1782730178.109,0.0,0.0,0.0,0.3,11:12,0.0,00:01,0.3,7.1,6.8
1782730183.121,0.0,0.0,0.0,0.3,11:12,0.0,00:01,0.3,7.1,6.8
1782730188.128,0.0,0.0,0.0,0.3,11:12,0.0,00:01,0.3,7.1,6.8
1782730193.14,0.0,0.0,0.0,0.3,11:12,0.0,00:01,0.3,7.1,6.8
1782730198.156,0.0,0.0,0.0,0.3,11:12,0.0,00:01,0.3,7.1,6.8
1782730203.17,0.0,0.0,0.0,0.3,11:12,0.0,00:01,0.3,7.1,6.8
1782730208.183,0.0,0.0,0.0,0.3,11:12,0.0,00:01,0.3,7.1,6.8
1782730213.19,0.0,0.0,0.0,0.3,11:12,0.0,00:01,0.3,7.1,6.8
1782730218.205,0.0,0.0,0.0,0.3,11:12,0.0,00:01,0.3,7.1,6.8
1782730223.219,0.0,0.0,0.0,0.3,11:12,0.0,00:01,0.3,7.1,6.8
1782730228.227,0.0,0.0,0.0,0.3,11:12,0.0,00:01,0.3,7.1,6.8
1782730233.24,0.0,0.0,0.0,0.3,11:12,0.0,00:01,0.3,7.1,6.8
1782730238.247,0.0,0.0,0.0,0.3,11:12,0.0,00:01,0.3,7.1,6.8
1782730243.262,0.0,0.0,0.0,0.3,11:12,0.0,00:01,0.3,7.1,6.8
1782730248.275,0.0,0.0,0.0,0.3,11:12,0.0,00:01,0.3,7.1,6.8
1782730253.288,0.0,0.0,0.0,0.3,11:12,0.0,00:01,0.3,7.1,6.8
1782730258.299,0.0,0.0,0.0,0.3,11:12,0.0,00:01,0.3,7.1,6.8
1782730263.31,0.0,0.0,0.0,0.3,11:12,0.0,00:01,0.3,7.1,6.8
1782730268.325,0.0,0.0,0.0,0.3,11:12,0.0,00:01,0.3,7.1,6.8
1782730273.336,0.0,0.0,0.0,0.3,11:12,0.0,00:01,0.3,7.1,6.8
1782730278.349,0.0,0.0,0.0,0.3,11:12,0.0,00:01,0.3,7.1,6.8
1782730283.358,0.0,0.0,0.0,0.3,11:12,0.0,00:01,0.3,7.1,6.8
1782730288.367,0.0,0.0,0.0,0.3,11:12,0.0,00:01,0.3,7.1,6.8
1782730293.381,0.0,0.0,0.0,0.3,11:12,0.0,00:01,0.3,7.1,6.8
1782730298.391,0.0,0.0,0.0,0.3,11:12,0.0,00:01,0.3,7.1,6.8
1782730303.403,0.0,0.0,0.0,0.3,11:12,0.0,00:01,0.3,7.1,6.8
1782730308.408,0.0,0.0,0.0,0.3,11:12,0.0,00:01,0.3,7.1,6.8
1782730313.425,0.0,0.0,0.0,0.3,11:12,0.0,00:01,0.3,7.1,6.8
1782730318.437,0.0,0.0,0.0,0.3,11:12,0.0,00:01,0.3,7.1,6.8
1782730323.449,0.0,0.0,0.0,0.3,11:12,0.0,00:01,0.3,7.1,6.8
1782730328.461,0.0,0.0,0.0,0.3,11:12,0.0,00:01,0.3,7.1,6.8
1782730333.468,0.0,0.0,0.0,0.3,11:12,0.0,00:01,0.3,7.1,6.8
1782730338.483,0.0,0.0,0.0,0.3,11:12,0.0,00:01,0.3,7.1,6.8
1782730343.495,0.0,0.0,0.0,0.3,11:12,0.0,00:01,0.3,7.1,6.8
1782730348.509,0.0,0.0,0.0,0.3,11:12,0.0,00:01,0.3,7.1,6.8
1782730353.521,0.0,0.0,0.0,0.3,11:12,0.0,00:01,0.3,7.1,6.8
1782730358.528,0.0,0.0,0.0,0.3,11:12,0.0,00:01,0.3,7.1,6.8
1782730363.544,0.0,0.0,0.0,0.3,11:12,0.0,00:01,0.3,7.1,6.8
1782730368.554,0.0,0.0,0.0,0.3,11:12,0.0,00:01,0.3,7.1,6.8
1782730373.566,0.0,0.0,0.0,0.3,11:12,0.0,00:01,0.3,7.1,6.8
1782730378.572,0.0,0.0,0.0,0.3,11:12,0.0,00:01,0.3,7.1,6.8
1782730383.585,0.0,0.0,0.0,0.3,11:12,0.0,00:01,0.3,7.1,6.8
1782730388.599,0.0,0.0,0.0,0.3,11:12,0.0,00:01,0.3,7.1,6.8
1782730393.609,0.0,0.0,0.0,0.3,11:12,0.0,00:01,0.3,7.1,6.8
1782730398.617,0.0,0.0,0.0,0.3,11:12,0.0,00:01,0.3,7.1,6.8
1782730403.624,0.0,0.0,0.0,0.3,11:12,0.0,00:01,0.3,7.1,6.8
1782730408.635,0.0,0.0,0.0,0.3,11:12,0.0,00:01,0.3,7.1,6.8
1782730413.648,0.0,0.0,0.0,0.3,11:12,0.0,00:01,0.3,7.1,6.8
1782730418.66,0.0,0.0,0.0,0.3,11:12,0.0,00:01,0.3,7.1,6.8
1782730423.672,0.0,0.0,0.0,0.3,11:12,0.0,00:01,0.3,7.1,6.8
1782730428.675,0.0,0.0,0.0,0.3,11:12,0.0,00:01,0.3,7.1,6.8
1782730433.683,0.0,0.0,0.0,0.3,11:12,0.0,00:01,0.3,7.1,6.8
1782730438.69,0.0,0.0,0.0,0.3,11:12,0.0,00:01,0.3,7.1,6.8
1782730443.699,0.0,0.0,0.0,0.3,11:12,0.0,00:01,0.3,7.1,6.8
1782730448.704,0.0,0.0,0.0,0.3,11:12,0.0,00:01,0.3,7.1,6.8
1782730453.715,0.0,0.0,0.0,0.3,11:12,0.0,00:01,0.3,7.1,6.8
1782730458.726,0.0,0.0,0.0,0.3,11:12,0.0,00:01,0.3,7.1,6.8
1782730463.741,0.0,0.0,0.0,0.3,11:12,0.0,00:01,0.3,7.1,6.8
1782730468.749,0.0,0.0,0.0,0.3,11:12,0.0,00:01,0.3,7.1,6.8
1782730473.754,0.0,0.0,0.0,0.3,11:12,0.0,00:01,0.3,7.1,6.8
1782730478.765,0.0,0.0,0.0,0.3,11:12,0.0,00:01,0.3,7.1,6.8
1782730483.775,0.0,0.0,0.0,0.3,11:12,0.0,00:01,0.3,7.1,6.8
1782730488.788,0.0,0.0,0.0,0.3,11:12,0.0,00:01,0.3,7.1,6.8
1782730493.801,0.0,0.0,0.0,0.3,11:12,0.0,00:01,0.3,7.1,6.8
1782730498.804,0.0,0.0,0.0,0.3,11:12,0.0,00:01,0.3,7.1,6.8
1782730503.816,0.0,0.0,0.0,0.3,11:12,0.0,00:01,0.3,7.1,6.8
1782730508.826,0.0,0.0,0.0,0.3,11:12,0.0,00:01,0.3,7.1,6.8
1782730513.838,0.0,0.0,0.0,0.3,11:12,0.0,00:01,0.3,7.1,6.8
1782730518.851,0.0,0.0,0.0,0.3,11:12,0.0,00:01,0.3,7.1,6.8
1782730523.861,0.0,0.0,0.0,0.3,11:12,0.0,00:01,0.3,7.1,6.8
1782730528.874,0.0,0.0,0.0,0.3,11:12,0.0,00:01,0.3,7.1,6.8
1782730533.887,0.0,0.0,0.0,0.3,11:12,0.0,00:01,0.3,7.1,6.8
1782730538.899,0.0,0.0,0.0,0.3,11:12,0.0,00:01,0.3,7.1,6.8
1782730543.906,0.0,0.0,0.0,0.3,11:12,0.0,00:01,0.3,7.1,6.8
1782730548.92,0.0,0.0,0.0,0.3,11:12,0.0,00:01,0.3,7.1,6.8
1782730553.933,0.0,0.0,0.0,0.3,11:12,0.0,00:01,0.3,7.1,6.8
1782730558.945,0.0,0.0,0.0,0.3,11:12,0.0,00:01,0.3,7.1,6.8
1782730563.959,0.0,0.0,0.0,0.3,11:12,0.0,00:01,0.3,7.1,6.8
1782730568.97,0.0,0.0,0.0,0.3,11:12,0.0,00:01,0.3,7.1,6.8
1782730573.978,0.0,0.0,0.0,0.3,11:12,0.0,00:01,0.3,7.1,6.8
1782730578.989,0.0,0.0,0.0,0.3,11:12,0.0,00:01,0.3,7.1,6.8
1782730583.997,0.0,0.0,0.0,0.3,11:12,0.0,00:01,0.3,7.1,6.8
1782730589.003,0.0,0.0,0.0,0.3,11:12,0.0,00:01,0.3,7.1,6.8
1782730594.01,0.0,0.0,0.0,0.3,11:12,0.0,00:01,0.3,7.1,6.8
1782730599.018,0.0,0.0,0.0,0.3,11:12,0.0,00:01,0.3,7.1,6.8
1782730604.028,0.0,0.0,0.0,0.3,11:12,0.0,00:01,0.3,7.1,6.8
1782730609.033,0.0,0.0,0.0,0.3,11:12,0.0,00:01,0.3,7.1,6.8
1782730614.037,0.0,0.0,0.0,0.3,11:12,0.0,00:01,0.3,7.1,6.8
1782730619.047,0.0,0.0,0.0,0.3,11:12,0.0,00:01,0.3,7.1,6.8
1782730624.057,0.0,0.0,0.0,0.3,11:12,0.0,00:01,0.3,7.1,6.8
1782730629.066,0.0,0.0,0.0,0.3,11:12,0.0,00:01,0.3,7.1,6.8
1782730634.076,0.0,0.0,0.0,0.3,11:12,0.0,00:01,0.3,7.1,6.8
1782730639.084,0.0,0.0,0.0,0.3,11:12,0.0,00:01,0.3,7.1,6.8
1782730644.091,0.0,0.0,0.0,0.3,11:12,0.0,00:01,0.3,7.1,6.8
1782730649.1,0.0,0.0,0.0,0.3,11:12,0.0,00:01,0.3,7.1,6.8
1782730654.106,0.0,0.0,0.0,0.3,11:12,0.0,00:01,0.3,7.1,6.8
1782730659.116,0.0,0.0,0.0,0.3,11:12,0.0,00:01,0.3,7.1,6.8
1782730664.125,0.0,0.0,0.0,0.3,11:12,0.0,00:01,0.3,7.1,6.8
1782730669.131,0.0,0.0,0.0,0.3,11:12,0.0,00:01,0.3,7.1,6.8
1782730674.14,0.0,0.0,0.0,0.3,11:12,0.0,00:01,0.3,7.1,6.8
1782730679.147,0.0,0.0,0.0,0.3,11:12,0.0,00:01,0.3,7.1,6.8
1782730684.152,0.0,0.0,0.0,0.3,11:12,0.0,00:01,0.3,7.1,6.8
1782730689.164,0.0,0.0,0.0,0.3,11:12,0.0,00:01,0.3,7.1,6.8
1782730694.171,0.0,0.0,0.0,0.3,11:12,0.0,00:01,0.3,7.1,6.8
1782730699.178,0.0,0.0,0.0,0.3,11:12,0.0,00:01,0.3,7.1,6.8
1782730704.188,0.0,0.0,0.0,0.3,11:12,0.0,00:01,0.3,7.1,6.8
1782730709.196,0.0,0.0,0.0,0.3,11:12,0.0,00:01,0.3,7.1,6.8
1782730714.207,0.0,0.0,0.0,0.3,11:12,0.0,00:01,0.3,7.1,6.8
1782730719.216,0.0,0.0,0.0,0.3,11:12,0.0,00:01,0.3,7.1,6.8
1782730724.224,0.0,0.0,0.0,0.3,11:12,0.0,00:01,0.3,7.1,6.8
1782730729.234,0.0,0.0,0.0,0.3,11:12,0.0,00:01,0.3,7.1,6.8
1782730734.242,0.0,0.0,0.0,0.3,11:12,0.0,00:01,0.3,7.1,6.8
1782730739.251,0.0,0.0,0.0,0.3,11:12,0.0,00:01,0.3,7.1,6.8
1782730744.261,0.0,0.0,0.0,0.3,11:12,0.0,00:01,0.3,7.1,6.8
1782730749.27,0.0,0.0,0.0,0.3,11:12,0.0,00:01,0.3,7.1,6.8
1782730754.272,0.0,0.0,0.0,0.3,11:12,0.0,00:01,0.3,7.1,6.8
1782730759.284,0.0,0.0,0.0,0.3,11:12,0.0,00:01,0.3,7.1,6.8
1782730764.296,0.0,0.0,0.0,0.3,11:12,0.0,00:01,0.3,7.1,6.8
1782730769.306,0.0,0.0,0.0,0.3,11:12,0.0,00:01,0.3,7.1,6.8
1782730774.316,0.0,0.0,0.0,0.3,11:12,0.0,00:01,0.3,7.1,6.8
1782730779.325,0.0,0.0,0.0,0.3,11:12,0.0,00:01,0.3,7.1,6.8
1782730784.334,0.0,0.0,0.0,0.3,11:12,0.0,00:01,0.3,7.1,6.8
1782730789.345,0.0,0.0,0.0,0.3,11:12,0.0,00:01,0.3,7.1,6.8
1782730794.358,0.0,0.0,0.0,0.3,11:12,0.0,00:01,0.3,7.1,6.8
1782730799.365,0.0,0.0,0.0,0.3,11:12,0.0,00:01,0.3,7.1,6.8
1782730804.374,0.0,0.0,0.0,0.3,11:12,0.0,00:01,0.3,7.1,6.8
1782730809.383,0.0,0.0,0.0,0.3,11:12,0.0,00:01,0.3,7.1,6.8
1782730814.396,0.0,0.0,0.0,0.3,11:12,0.0,00:01,0.3,7.1,6.8
1782730819.407,0.0,0.0,0.0,0.3,11:12,0.0,00:01,0.3,7.1,6.8
1782730824.41,0.0,0.0,0.0,0.3,11:12,0.0,00:01,0.3,7.1,6.8
1782730829.424,0.0,0.0,0.0,0.3,11:12,0.0,00:01,0.3,7.1,6.8
1782730834.435,0.0,0.0,0.0,0.3,11:12,0.0,00:01,0.3,7.1,6.8
1782730839.447,0.0,0.0,0.0,0.3,11:12,0.0,00:01,0.3,7.1,6.8
1782730844.46,0.0,0.0,0.0,0.3,11:12,0.0,00:01,0.3,7.1,6.8
1782730849.467,0.0,0.0,0.0,0.3,11:12,0.0,00:01,0.3,7.1,6.8
1782730854.476,0.0,0.0,0.0,0.3,11:12,0.0,00:01,0.3,7.1,6.8
1782730859.485,0.0,0.0,0.0,0.3,11:12,0.0,00:01,0.3,7.1,6.8
1782730864.498,0.0,0.0,0.0,0.3,11:12,0.0,00:01,0.3,7.1,6.8
1782730869.504,0.0,0.0,0.0,0.3,11:12,0.0,00:01,0.3,7.1,6.8
1782730874.514,0.0,0.0,0.0,0.3,11:12,0.0,00:01,0.3,7.1,6.8
1782730879.524,0.0,0.0,0.0,0.3,11:12,0.0,00:01,0.3,7.1,6.8
1782730884.536,0.0,0.0,0.0,0.3,11:12,0.0,00:01,0.3,7.1,6.8
1782730889.545,0.0,0.0,0.0,0.3,11:12,0.0,00:01,0.3,7.1,6.8
1782730894.557,0.0,0.0,0.0,0.3,11:12,0.0,00:01,0.3,7.1,6.8
1782730899.568,0.0,0.0,0.0,0.3,11:12,0.0,00:01,0.3,7.1,6.8
1782730904.575,0.0,0.0,0.0,0.3,11:12,0.0,00:01,0.3,7.1,6.8
1782730909.58,0.0,0.0,0.0,0.3,11:12,0.0,00:01,0.3,7.1,6.8
1782730914.595,0.0,0.0,0.0,0.3,11:12,0.0,00:01,0.3,7.1,6.8
1782730919.604,0.0,0.0,0.0,0.3,11:12,0.0,00:01,0.3,7.1,6.8
1782730924.614,0.0,0.0,0.0,0.3,11:12,0.0,00:01,0.3,7.1,6.8
1782730929.627,0.0,0.0,0.0,0.3,11:12,0.0,00:01,0.3,7.1,6.8
1782730934.636,0.0,0.0,0.0,0.3,11:12,0.0,00:01,0.3,7.1,6.8
1782730939.643,0.0,0.0,0.0,0.3,11:12,0.0,00:01,0.3,7.1,6.8
1782730944.652,0.0,0.0,0.0,0.3,11:12,0.0,00:01,0.3,7.1,6.8
1782730949.663,0.0,0.0,0.0,0.3,11:12,0.0,00:01,0.3,7.1,6.8
1782730954.673,0.0,0.0,0.0,0.3,11:12,0.0,00:01,0.3,7.1,6.8
1782730959.683,0.0,0.0,0.0,0.3,11:12,0.0,00:01,0.3,7.1,6.8
1782730964.693,0.0,0.0,0.0,0.3,11:12,0.0,00:01,0.3,7.1,6.8
1782730969.703,0.0,0.0,0.0,0.3,11:12,0.0,00:01,0.3,7.1,6.8
1782730974.715,0.0,0.0,0.0,0.3,11:12,0.0,00:01,0.3,7.1,6.8
1782730979.724,0.0,0.0,0.0,0.3,11:12,0.0,00:01,0.3,7.1,6.8
1782730984.737,0.0,0.0,0.0,0.3,11:12,0.0,00:01,0.3,7.1,6.8
1782730989.746,0.0,0.0,0.0,0.3,11:12,0.0,00:01,0.3,7.1,6.8
1782730994.753,0.0,0.0,0.0,0.3,11:12,0.0,00:01,0.3,7.1,6.8
1782730999.767,0.0,0.0,0.0,0.3,11:12,0.0,00:01,0.3,7.1,6.8
1782731004.78,0.0,0.0,0.0,0.3,11:12,0.0,00:01,0.3,7.1,6.8
1782731009.793,0.0,0.0,0.0,0.3,11:12,0.0,00:01,0.3,7.1,6.8
1782731014.801,0.0,0.0,0.0,0.3,11:12,0.0,00:01,0.3,7.1,6.8
1782731019.814,0.0,0.0,0.0,0.3,11:12,0.0,00:01,0.3,7.1,6.8
1782731024.826,0.0,0.0,0.0,0.3,11:12,0.0,00:01,0.3,7.1,6.8
1782731029.839,0.0,0.0,0.0,0.3,11:12,0.0,00:01,0.3,7.1,6.8
1782731034.854,0.0,0.0,0.0,0.3,11:12,0.0,00:01,0.3,7.1,6.8
1782731039.86,0.0,0.0,0.0,0.3,11:12,0.0,00:01,0.3,7.1,6.8
1782731044.871,0.0,0.0,0.0,0.3,11:12,0.0,00:01,0.3,7.1,6.8
1782731049.88,0.0,0.0,0.0,0.3,11:12,0.0,00:01,0.3,7.1,6.8
1782731054.894,0.0,0.0,0.0,0.3,11:12,0.0,00:01,0.3,7.1,6.8
1782731059.904,0.0,0.0,0.0,0.3,11:12,0.0,00:01,0.3,7.1,6.8
1782731064.911,0.0,0.0,0.0,0.3,11:12,0.0,00:01,0.3,7.1,6.8
1782731069.926,0.0,0.0,0.0,0.3,11:12,0.0,00:01,0.3,7.1,6.8
1782731074.938,0.0,0.0,0.0,0.3,11:12,0.0,00:01,0.3,7.1,6.8
1782731079.95,0.0,0.0,0.0,0.3,11:12,0.0,00:01,0.3,7.1,6.8
1782731084.958,0.0,0.0,0.0,0.3,11:12,0.0,00:01,0.3,7.1,6.8
1782731089.97,0.0,0.0,0.0,0.3,11:12,0.0,00:01,0.3,7.1,6.8
1782731094.982,0.0,0.0,0.0,0.3,11:12,0.0,00:01,0.3,7.1,6.8
1782731099.999,0.0,0.0,0.0,0.3,11:12,0.0,00:01,0.3,7.1,6.8
1782731105.01,0.0,0.0,0.0,0.3,11:12,0.0,00:01,0.3,7.1,6.8
1782731110.017,0.0,0.0,0.0,0.3,11:12,0.0,00:01,0.3,7.1,6.8
1782731115.031,0.0,0.0,0.0,0.3,11:12,0.0,00:01,0.3,7.1,6.8
1782731120.042,0.0,0.0,0.0,0.3,11:12,0.0,00:01,0.3,7.1,6.8
1782731125.051,0.0,0.0,0.0,0.3,11:12,0.0,00:01,0.3,7.1,6.8
1782731130.065,0.0,0.0,0.0,0.3,11:12,0.0,00:01,0.3,7.1,6.8
1782731135.072,0.0,0.0,0.0,0.3,11:12,0.0,00:01,0.3,7.1,6.8
1782731140.085,0.0,0.0,0.0,0.3,11:12,0.0,00:01,0.3,7.1,6.8
1782731145.1,0.0,0.0,0.0,0.3,11:12,0.0,00:01,0.3,7.1,6.8
1782731150.112,0.0,0.0,0.0,0.3,11:12,0.0,00:01,0.3,7.1,6.8
1782731155.126,0.0,0.0,0.0,0.3,11:12,0.0,00:01,0.3,7.1,6.8
1782731160.134,0.0,0.0,0.0,0.3,11:12,0.0,00:01,0.3,7.1,6.8
1782731165.146,0.0,0.0,0.0,0.3,11:12,0.0,00:01,0.3,7.1,6.8
1782731170.154,0.0,0.0,0.0,0.3,11:12,0.0,00:01,0.3,7.1,6.8
1782731175.171,0.0,0.0,0.0,0.3,11:12,0.0,00:01,0.3,7.1,6.8
1782731180.174,0.0,0.0,0.0,0.3,11:12,0.0,00:01,0.3,7.1,6.8
1782731185.187,0.0,0.0,0.0,0.3,11:12,0.0,00:01,0.3,7.1,6.8
1782731190.2,0.0,0.0,0.0,0.3,11:12,0.0,00:01,0.3,7.1,6.8
1782731195.211,0.0,0.0,0.0,0.3,11:12,0.0,00:01,0.3,7.1,6.8
1782731200.223,0.0,0.0,0.0,0.3,11:12,0.0,00:01,0.3,7.1,6.8
1782731205.229,0.0,0.0,0.0,0.3,11:12,0.0,00:01,0.3,7.1,6.8
1782731210.241,0.0,0.0,0.0,0.3,11:12,0.0,00:01,0.3,7.1,6.8
1782731215.255,0.0,0.0,0.0,0.3,11:12,0.0,00:01,0.3,7.1,6.8
1782731220.267,0.0,0.0,0.0,0.3,11:12,0.0,00:01,0.3,7.1,6.8
1782731225.282,0.0,0.0,0.0,0.3,11:12,0.0,00:01,0.3,7.1,6.8
1782731230.288,0.0,0.0,0.0,0.3,11:12,0.0,00:01,0.3,7.1,6.8
1782731235.302,0.0,0.0,0.0,0.3,11:12,0.0,00:01,0.3,7.1,6.8
1782731240.31,0.0,0.0,0.0,0.3,11:12,0.0,00:01,0.3,7.1,6.8
1782731245.322,0.0,0.0,0.0,0.3,11:12,0.0,00:01,0.3,7.1,6.8
1782731250.324,0.0,0.0,0.0,0.3,11:12,0.0,00:01,0.3,7.1,6.8
1782731255.336,0.0,0.0,0.0,0.3,11:12,0.0,00:01,0.3,7.1,6.8
1782731260.35,0.0,0.0,0.0,0.3,11:12,0.0,00:01,0.3,7.1,6.8
1782731265.356,0.0,0.0,0.0,0.3,11:12,0.0,00:01,0.3,7.1,6.8
1782731270.368,0.0,0.0,0.0,0.3,11:12,0.0,00:01,0.3,7.1,6.8
1782731275.379,0.0,0.0,0.0,0.3,11:12,0.0,00:01,0.3,7.1,6.8
1782731280.386,0.0,0.0,0.0,0.3,11:12,0.0,00:01,0.3,7.1,6.8
1782731285.398,0.0,0.0,0.0,0.3,11:12,0.0,00:01,0.3,7.1,6.8
1782731290.407,0.0,0.0,0.0,0.3,11:12,0.0,00:01,0.3,7.1,6.8
1782731295.421,0.0,0.0,0.0,0.3,11:12,0.0,00:01,0.3,7.1,6.8
1782731300.428,0.0,0.0,0.0,0.3,11:12,0.0,00:01,0.3,7.1,6.8
1782731305.438,0.0,0.0,0.0,0.3,11:12,0.0,00:01,0.3,7.1,6.8
1782731310.451,0.0,0.0,0.0,0.3,11:12,0.0,00:01,0.3,7.1,6.8
1782731315.467,0.0,0.0,0.0,0.3,11:12,0.0,00:01,0.3,7.1,6.8
1782731320.478,0.0,0.0,0.0,0.3,11:12,0.0,00:01,0.3,7.1,6.8
1782731325.486,0.0,0.0,0.0,0.3,11:12,0.0,00:01,0.3,7.1,6.8
1782731330.499,0.0,0.0,0.0,0.3,11:12,0.0,00:01,0.3,7.1,6.8
1782731335.508,0.0,0.0,0.0,0.3,11:12,0.0,00:01,0.3,7.1,6.8
1782731340.522,0.0,0.0,0.0,0.3,11:12,0.0,00:01,0.3,7.1,6.8
1782731345.528,0.0,0.0,0.0,0.3,11:12,0.0,00:01,0.3,7.1,6.8
1782731350.541,0.0,0.0,0.0,0.3,11:12,0.0,00:01,0.3,7.1,6.8
1782731355.55,0.0,0.0,0.0,0.3,11:12,0.0,00:01,0.3,7.1,6.8
1782731360.558,0.0,0.0,0.0,0.3,11:12,0.0,00:01,0.3,7.1,6.8
1782731365.573,0.0,0.0,0.0,0.3,11:12,0.0,00:01,0.3,7.1,6.8
1782731370.578,0.0,0.0,0.0,0.3,11:12,0.0,00:01,0.3,7.1,6.8
1782731375.59,0.0,0.0,0.0,0.3,11:12,0.0,00:01,0.3,7.1,6.8
1782731380.597,0.0,0.0,0.0,0.3,11:12,0.0,00:01,0.3,7.1,6.8
1782731385.608,0.0,0.0,0.0,0.3,11:12,0.0,00:01,0.3,7.1,6.8
1782731390.62,0.0,0.0,0.0,0.3,11:12,0.0,00:01,0.3,7.1,6.8
1782731395.627,0.0,0.0,0.0,0.3,11:12,0.0,00:01,0.3,7.1,6.8
1782731400.64,0.0,0.0,0.0,0.3,11:12,0.0,00:01,0.3,7.1,6.8
1782731405.65,0.0,0.0,0.0,0.3,11:12,0.0,00:01,0.3,7.1,6.8
1782731410.664,0.0,0.0,0.0,0.3,11:12,0.0,00:01,0.3,7.1,6.8
1782731415.672,0.0,0.0,0.0,0.3,11:12,0.0,00:01,0.3,7.1,6.8
1782731420.684,0.0,0.0,0.0,0.3,11:12,0.0,00:01,0.3,7.1,6.8
1782731425.697,0.0,0.0,0.0,0.3,11:12,0.0,00:01,0.3,7.1,6.8
1782731430.71,0.0,0.0,0.0,0.3,11:12,0.0,00:01,0.3,7.1,6.8
1782731435.724,0.0,0.0,0.0,0.3,11:12,0.0,00:01,0.3,7.1,6.8
1782731440.733,0.0,0.0,0.0,0.3,11:12,0.0,00:01,0.3,7.1,6.8
1782731445.74,0.0,0.0,0.0,0.3,11:12,0.0,00:01,0.3,7.1,6.8
1782731450.75,0.0,0.0,0.0,0.3,11:12,0.0,00:01,0.3,7.1,6.8
1782731455.764,0.0,0.0,0.0,0.3,11:12,0.0,00:01,0.3,7.1,6.8
1782731460.774,0.0,0.0,0.0,0.3,11:12,0.0,00:01,0.3,7.1,6.8
1782731465.776,0.0,0.0,0.0,0.3,11:12,0.0,00:01,0.3,7.1,6.8
1782731470.786,0.0,0.0,0.0,0.3,11:12,0.0,00:01,0.3,7.1,6.8
1782731475.795,0.0,0.0,0.0,0.3,11:12,0.0,00:01,0.3,7.1,6.8
1782731480.803,0.0,0.0,0.0,0.3,11:12,0.0,00:01,0.3,7.1,6.8
1782731485.809,0.0,0.0,0.0,0.3,11:12,0.0,00:01,0.3,7.1,6.8
1782731490.818,0.0,0.0,0.0,0.3,11:12,0.0,00:01,0.3,7.1,6.8
1782731495.829,0.0,0.0,0.0,0.3,11:12,0.0,00:01,0.3,7.1,6.8
1782731500.838,0.0,0.0,0.0,0.3,11:12,0.0,00:01,0.3,7.1,6.8
1782731505.843,0.0,0.0,0.0,0.3,11:12,0.0,00:01,0.3,7.1,6.8
1782731510.848,0.0,0.0,0.0,0.3,11:12,0.0,00:01,0.3,7.1,6.8
1782731515.858,0.0,0.0,0.0,0.3,11:12,0.0,00:01,0.3,7.1,6.8
1782731520.867,0.0,0.0,0.0,0.3,11:12,0.0,00:01,0.3,7.1,6.8
1782731525.88,0.0,0.0,0.0,0.3,11:12,0.0,00:01,0.3,7.1,6.8
1782731530.889,0.0,0.0,0.0,0.3,11:12,0.0,00:01,0.3,7.1,6.8
1782731535.895,0.0,0.0,0.0,0.3,11:12,0.0,00:01,0.3,7.1,6.8
1782731540.907,0.0,0.0,0.0,0.3,11:12,0.0,00:01,0.3,7.1,6.8
1782731545.917,0.0,0.0,0.0,0.3,11:12,0.0,00:01,0.3,7.1,6.8
1782731550.928,0.0,0.0,0.0,0.3,11:12,0.0,00:01,0.3,7.1,6.8
1782731555.936,0.0,0.0,0.0,0.3,11:12,0.0,00:01,0.3,7.1,6.8
1782731560.944,0.0,0.0,0.0,0.3,11:12,0.0,00:01,0.3,7.1,6.8
1782731565.956,0.0,0.0,0.0,0.3,11:12,0.0,00:01,0.3,7.1,6.8
1782731570.968,0.0,0.0,0.0,0.3,11:12,0.0,00:01,0.3,7.1,6.8
1782731575.976,0.0,0.0,0.0,0.3,11:12,0.0,00:01,0.3,7.1,6.8
1782731580.98,0.0,0.0,0.0,0.3,11:12,0.0,00:01,0.3,7.1,6.8
1782731585.991,0.0,0.0,0.0,0.3,11:12,0.0,00:01,0.3,7.1,6.8
1782731591.0,0.0,0.0,0.0,0.3,11:12,0.0,00:01,0.3,7.1,6.8
1782731596.007,0.0,0.0,0.0,0.3,11:12,0.0,00:01,0.3,7.1,6.8
1782731601.017,0.0,0.0,0.0,0.3,11:12,0.0,00:01,0.3,7.1,6.8
1782731606.023,0.0,0.0,0.0,0.3,11:12,0.0,00:01,0.3,7.1,6.8
1782731611.033,0.0,0.0,0.0,0.3,11:12,0.0,00:01,0.3,7.1,6.8
1782731616.042,0.0,0.0,0.0,0.3,11:12,0.0,00:01,0.3,7.1,6.8
1782731621.052,0.0,0.0,0.0,0.3,11:12,0.0,00:01,0.3,7.1,6.8
1782731626.06,0.0,0.0,0.0,0.3,11:12,0.0,00:01,0.3,7.1,6.8
1782731631.07,0.0,0.0,0.0,0.3,11:12,0.0,00:01,0.3,7.1,6.8
1782731636.08,0.0,0.0,0.0,0.3,11:12,0.0,00:01,0.3,7.1,6.8
1782731641.089,0.0,0.0,0.0,0.3,11:12,0.0,00:01,0.3,7.1,6.8
1782731646.099,0.0,0.0,0.0,0.3,11:12,0.0,00:01,0.3,7.1,6.8
1782731651.105,0.0,0.0,0.0,0.3,11:12,0.0,00:01,0.3,7.1,6.8
1782731656.116,0.0,0.0,0.0,0.3,11:12,0.0,00:01,0.3,7.1,6.8
1782731661.121,0.0,0.0,0.0,0.3,11:12,0.0,00:01,0.3,7.1,6.8
1782731666.13,0.0,0.0,0.0,0.3,11:12,0.0,00:01,0.3,7.1,6.8
1782731671.136,0.0,0.0,0.0,0.3,11:12,0.0,00:01,0.3,7.1,6.8
1782731676.142,0.0,0.0,0.0,0.3,11:12,0.0,00:01,0.3,7.1,6.8
1782731681.15,0.0,0.0,0.0,0.3,11:12,0.0,00:01,0.3,7.1,6.8
1782731686.159,0.0,0.0,0.0,0.3,11:12,0.0,00:01,0.3,7.1,6.8
1782731691.17,0.0,0.0,0.0,0.3,11:12,0.0,00:01,0.3,7.1,6.8
1782731696.172,0.0,0.0,0.0,0.3,11:12,0.0,00:01,0.3,7.1,6.8
1782731701.182,0.0,0.0,0.0,0.3,11:12,0.0,00:01,0.3,7.1,6.8
1782731706.192,0.0,0.0,0.0,0.3,11:12,0.0,00:01,0.3,7.1,6.8
1782731711.205,0.0,0.0,0.0,0.3,11:12,0.0,00:01,0.3,7.1,6.8
1782731716.214,0.0,0.0,0.0,0.3,11:12,0.0,00:01,0.3,7.1,6.8
1782731721.221,0.0,0.0,0.0,0.3,11:12,0.0,00:01,0.3,7.1,6.8
1782731726.233,0.0,0.0,0.0,0.3,11:12,0.0,00:01,0.3,7.1,6.8
1782731731.241,0.0,0.0,0.0,0.3,11:12,0.0,00:01,0.3,7.1,6.8
1782731736.252,0.0,0.0,0.0,0.3,11:12,0.0,00:01,0.3,7.1,6.8
1782731741.261,0.0,0.0,0.0,0.3,11:12,0.0,00:01,0.3,7.1,6.8
1782731746.268,0.0,0.0,0.0,0.3,11:12,0.0,00:01,0.3,7.1,6.8
1782731751.277,0.0,0.0,0.0,0.3,11:12,0.0,00:01,0.3,7.1,6.8
1782731756.287,0.0,0.0,0.0,0.3,11:12,0.0,00:01,0.3,7.1,6.8
1782731761.295,0.0,0.0,0.0,0.3,11:12,0.0,00:01,0.3,7.1,6.8
1782731766.301,0.0,0.0,0.0,0.3,11:12,0.0,00:01,0.3,7.1,6.8
1782731771.308,0.0,0.0,0.0,0.3,11:12,0.0,00:01,0.3,7.1,6.8
1782731776.317,0.0,0.0,0.0,0.3,11:12,0.0,00:01,0.3,7.1,6.8
1782731781.327,0.0,0.0,0.0,0.3,11:12,0.0,00:01,0.3,7.1,6.8
1782731786.337,0.0,0.0,0.0,0.3,11:12,0.0,00:01,0.3,7.1,6.8
1782731791.341,0.0,0.0,0.0,0.3,11:12,0.0,00:01,0.3,7.1,6.8
1782731796.35,0.0,0.0,0.0,0.3,11:12,0.0,00:01,0.3,7.1,6.8
1782731801.358,0.0,0.0,0.0,0.3,11:12,0.0,00:01,0.3,7.1,6.8
1782731806.367,0.0,0.0,0.0,0.3,11:12,0.0,00:01,0.3,7.1,6.8
1782731811.375,0.0,0.0,0.0,0.3,11:12,0.0,00:01,0.3,7.1,6.8
1782731816.381,0.0,0.0,0.0,0.3,11:12,0.0,00:01,0.3,7.1,6.8
1782731821.39,0.0,0.0,0.0,0.3,11:12,0.0,00:01,0.3,7.1,6.8
1782731826.4,0.0,0.0,0.0,0.3,11:12,0.0,00:01,0.3,7.1,6.8
1782731831.408,0.0,0.0,0.0,0.3,11:12,0.0,00:01,0.3,7.1,6.8
1782731836.413,0.0,0.0,0.0,0.3,11:12,0.0,00:01,0.3,7.1,6.8
1782731841.42,0.0,0.0,0.0,0.3,11:12,0.0,00:01,0.3,7.1,6.8
1782731846.429,0.0,0.0,0.0,0.3,11:12,0.0,00:01,0.3,7.1,6.8
1782731851.439,0.0,0.0,0.0,0.3,11:12,0.0,00:01,0.3,7.1,6.8
1782731856.447,0.0,0.0,0.0,0.3,11:12,0.0,00:01,0.3,7.1,6.8
1782731861.452,0.0,0.0,0.0,0.3,11:12,0.0,00:01,0.3,7.1,6.8
1782731866.46,0.0,0.0,0.0,0.3,11:12,0.0,00:01,0.3,7.1,6.8
1782731871.465,0.0,0.0,0.0,0.3,11:12,0.0,00:01,0.3,7.1,6.8
1782731876.475,0.0,0.0,0.0,0.3,11:12,0.0,00:01,0.3,7.1,6.8
1782731881.484,0.0,0.0,0.0,0.3,11:12,0.0,00:01,0.3,7.1,6.8
1782731886.49,0.0,0.0,0.0,0.3,11:12,0.0,00:01,0.3,7.1,6.8
1782731891.5,0.0,0.0,0.0,0.3,11:12,0.0,00:01,0.3,7.1,6.8
1782731896.508,0.0,0.0,0.0,0.3,11:12,0.0,00:01,0.3,7.1,6.8
1782731901.515,0.0,0.0,0.0,0.3,11:12,0.0,00:01,0.3,7.1,6.8
1782731906.52,0.0,0.0,0.0,0.3,11:12,0.0,00:01,0.3,7.1,6.8
1782731911.53,0.0,0.0,0.0,0.3,11:12,0.0,00:01,0.3,7.1,6.8
1782731916.538,0.0,0.0,0.0,0.3,11:12,0.0,00:01,0.3,7.1,6.8
1782731921.55,0.0,0.0,0.0,0.3,11:12,0.0,00:01,0.3,7.1,6.8
1782731926.561,0.0,0.0,0.0,0.3,11:12,0.0,00:01,0.3,7.1,6.8
1782731931.564,0.0,0.0,0.0,0.3,11:12,0.0,00:01,0.3,7.1,6.8
1782731936.58,0.0,0.0,0.0,0.3,11:12,0.0,00:01,0.3,7.1,6.8
1782731941.587,0.0,0.0,0.0,0.3,11:12,0.0,00:01,0.3,7.1,6.8
1782731946.6,0.0,0.0,0.0,0.3,11:12,0.0,00:01,0.3,7.1,6.8
1782731951.609,0.0,0.0,0.0,0.3,11:12,0.0,00:01,0.3,7.1,6.8
1782731956.616,0.0,0.0,0.0,0.3,11:12,0.0,00:01,0.3,7.1,6.8
1782731961.628,0.0,0.0,0.0,0.3,11:12,0.0,00:01,0.3,7.1,6.8
1782731966.642,0.0,0.0,0.0,0.3,11:12,0.0,00:01,0.3,7.1,6.8
1782731971.652,0.0,0.0,0.0,0.3,11:12,0.0,00:01,0.3,7.1,6.8
1782731976.656,0.0,0.0,0.0,0.3,11:12,0.0,00:01,0.3,7.1,6.8
1782731981.67,0.0,0.0,0.0,0.3,11:12,0.0,00:01,0.3,7.1,6.8
1782731986.681,0.0,0.0,0.0,0.3,11:12,0.0,00:01,0.3,7.1,6.8
1782731991.692,0.0,0.0,0.0,0.3,11:12,0.0,00:01,0.3,7.1,6.8
1782731996.705,0.0,0.0,0.0,0.3,11:12,0.0,00:01,0.3,7.1,6.8
1782732001.711,0.0,0.0,0.0,0.3,11:12,0.0,00:01,0.3,7.1,6.8
1782732006.722,0.0,0.0,0.0,0.3,11:12,0.0,00:01,0.3,7.1,6.8
1782732011.734,0.0,0.0,0.0,0.3,11:12,0.0,00:01,0.3,7.1,6.8
1782732016.744,0.0,0.0,0.0,0.3,11:12,0.0,00:01,0.3,7.1,6.8
1782732021.757,0.0,0.0,0.0,0.3,11:12,0.0,00:01,0.3,7.1,6.8
1782732026.762,0.0,0.0,0.0,0.3,11:12,0.0,00:01,0.3,7.1,6.8
1782732031.771,0.0,0.0,0.0,0.3,11:12,0.0,00:01,0.3,7.1,6.8
1782732036.786,0.0,0.0,0.0,0.3,11:12,0.0,00:01,0.3,7.1,6.8
1782732041.798,0.0,0.0,0.0,0.3,11:12,0.0,00:01,0.3,7.1,6.8
1782732046.81,0.0,0.0,0.0,0.3,11:12,0.0,00:01,0.3,7.1,6.8
1782732051.819,0.0,0.0,0.0,0.3,11:12,0.0,00:01,0.3,7.1,6.8
1782732056.828,0.0,0.0,0.0,0.3,11:12,0.0,00:01,0.3,7.1,6.8
1782732061.842,0.0,0.0,0.0,0.3,11:12,0.0,00:01,0.3,7.1,6.8
1782732066.852,0.0,0.0,0.0,0.3,11:12,0.0,00:01,0.3,7.1,6.8
1782732071.857,0.0,0.0,0.0,0.3,11:12,0.0,00:01,0.3,7.1,6.8
1782732076.867,0.0,0.0,0.0,0.3,11:12,0.0,00:01,0.3,7.1,6.8
1782732081.874,0.0,0.0,0.0,0.3,11:12,0.0,00:01,0.3,7.1,6.8
1782732086.884,0.0,0.0,0.0,0.3,11:12,0.0,00:01,0.3,7.1,6.8
1782732091.891,0.0,0.0,0.0,0.3,11:12,0.0,00:01,0.3,7.1,6.8
1782732096.896,0.0,0.0,0.0,0.3,11:12,0.0,00:01,0.3,7.1,6.8
1782732101.904,0.0,0.0,0.0,0.3,11:12,0.0,00:01,0.3,7.1,6.8
1782732106.913,0.0,0.0,0.0,0.3,11:12,0.0,00:01,0.3,7.1,6.8
1782732111.922,0.0,0.0,0.0,0.3,11:12,0.0,00:01,0.3,7.1,6.8
1782732116.932,0.0,0.0,0.0,0.3,11:12,0.0,00:01,0.3,7.1,6.8
1782732121.934,0.0,0.0,0.0,0.3,11:12,0.0,00:01,0.3,7.1,6.8
1782732126.94,0.0,0.0,0.0,0.3,11:12,0.0,00:01,0.3,7.1,6.8
1782732131.95,0.0,0.0,0.0,0.3,11:12,0.0,00:01,0.3,7.1,6.8
1782732136.957,0.0,0.0,0.0,0.3,11:12,0.0,00:01,0.3,7.1,6.8
1782732141.959,0.0,0.0,0.0,0.3,11:12,0.0,00:01,0.3,7.1,6.8
1782732146.968,0.0,0.0,0.0,0.3,11:12,0.0,00:01,0.3,7.1,6.8
1782732151.979,0.0,0.0,0.0,0.3,11:12,0.0,00:01,0.3,7.1,6.8
1782732156.99,0.0,0.0,0.0,0.3,11:12,0.0,00:01,0.3,7.1,6.8
1782732161.998,0.0,0.0,0.0,0.3,11:12,0.0,00:01,0.3,7.1,6.8
1782732167.005,0.0,0.0,0.0,0.3,11:12,0.0,00:01,0.3,7.1,6.8
1782732172.014,0.0,0.0,0.0,0.3,11:12,0.0,00:01,0.3,7.1,6.8
1782732177.026,0.0,0.0,0.0,0.3,11:12,0.0,00:01,0.3,7.1,6.8
1782732182.035,0.0,0.0,0.0,0.3,11:12,0.0,00:01,0.3,7.1,6.8
1782732187.045,0.0,0.0,0.0,0.3,11:12,0.0,00:01,0.3,7.1,6.8
1782732192.052,0.0,0.0,0.0,0.3,11:12,0.0,00:01,0.3,7.1,6.8
1782732197.06,0.0,0.0,0.0,0.3,11:12,0.0,00:01,0.3,7.1,6.8
1782732202.072,0.0,0.0,0.0,0.3,11:12,0.0,00:01,0.3,7.1,6.8
1782732207.082,0.0,0.0,0.0,0.3,11:12,0.0,00:01,0.3,7.1,6.8
1782732212.088,0.0,0.0,0.0,0.3,11:12,0.0,00:01,0.3,7.1,6.8
1782732217.097,0.0,0.0,0.0,0.3,11:12,0.0,00:01,0.3,7.1,6.8
1782732222.108,0.0,0.0,0.0,0.3,11:12,0.0,00:01,0.3,7.1,6.8
1782732227.115,0.0,0.0,0.0,0.3,11:12,0.0,00:01,0.3,7.1,6.8
1782732232.122,0.0,0.0,0.0,0.3,11:12,0.0,00:01,0.3,7.1,6.8
1782732237.124,0.0,0.0,0.0,0.3,11:12,0.0,00:01,0.3,7.1,6.8
1782732242.134,0.0,0.0,0.0,0.3,11:12,0.0,00:01,0.3,7.1,6.8
1782732247.146,0.0,0.0,0.0,0.3,11:12,0.0,00:01,0.3,7.1,6.8
1782732252.156,0.0,0.0,0.0,0.3,11:12,0.0,00:01,0.3,7.1,6.8
1782732257.165,0.0,0.0,0.0,0.3,11:12,0.0,00:01,0.3,7.1,6.8
1782732262.17,0.0,0.0,0.0,0.3,11:12,0.0,00:01,0.3,7.1,6.8
1782732267.173,0.0,0.0,0.0,0.3,11:12,0.0,00:01,0.3,7.1,6.8
1782732272.182,0.0,0.0,0.0,0.3,11:12,0.0,00:01,0.3,7.1,6.8
1782732277.193,0.0,0.0,0.0,0.3,11:12,0.0,00:01,0.3,7.1,6.8
1782732282.196,0.0,0.0,0.0,0.3,11:12,0.0,00:01,0.3,7.1,6.8
1782732287.206,0.0,0.0,0.0,0.3,11:12,0.0,00:01,0.3,7.1,6.8
1782732292.217,0.0,0.0,0.0,0.3,11:12,0.0,00:01,0.3,7.1,6.8
1782732297.224,0.0,0.0,0.0,0.3,11:12,0.0,00:01,0.3,7.1,6.8
1782732302.231,0.0,0.0,0.0,0.3,11:12,0.0,00:01,0.3,7.1,6.8
1782732307.237,0.0,0.0,0.0,0.3,11:12,0.0,00:01,0.3,7.1,6.8
1782732312.246,0.0,0.0,0.0,0.3,11:12,0.0,00:01,0.3,7.1,6.8
1782732317.257,0.0,0.0,0.0,0.3,11:12,0.0,00:01,0.3,7.1,6.8
1782732322.267,0.0,0.0,0.0,0.3,11:12,0.0,00:01,0.3,7.1,6.8
1782732327.277,0.0,0.0,0.0,0.3,11:12,0.0,00:01,0.3,7.1,6.8
1782732332.285,0.0,0.0,0.0,0.3,11:12,0.0,00:01,0.3,7.1,6.8
1782732337.29,0.0,0.0,0.0,0.3,11:12,0.0,00:01,0.3,7.1,6.8
1782732342.3,0.0,0.0,0.0,0.3,11:12,0.0,00:01,0.3,7.1,6.8
1782732347.31,0.0,0.0,0.0,0.3,11:12,0.0,00:01,0.3,7.1,6.8
1782732352.316,0.0,0.0,0.0,0.3,11:12,0.0,00:01,0.3,7.1,6.8
1782732357.325,0.0,0.0,0.0,0.3,11:12,0.0,00:01,0.3,7.1,6.8
1782732362.337,0.0,0.0,0.0,0.3,11:12,0.0,00:01,0.3,7.1,6.8
1782732367.342,0.0,0.0,0.0,0.3,11:12,0.0,00:01,0.3,7.1,6.8
1782732372.35,0.0,0.0,0.0,0.3,11:12,0.0,00:01,0.3,7.1,6.8
1782732377.357,0.0,0.0,0.0,0.3,11:12,0.0,00:01,0.3,7.1,6.8
1782732382.366,0.0,0.0,0.0,0.3,11:12,0.0,00:01,0.3,7.1,6.8
1782732387.375,0.0,0.0,0.0,0.3,11:12,0.0,00:01,0.3,7.1,6.8
1782732392.382,0.0,0.0,0.0,0.3,11:12,0.0,00:01,0.3,7.1,6.8
1782732397.386,0.0,0.0,0.0,0.3,11:12,0.0,00:01,0.3,7.1,6.8
1782732402.394,0.0,0.0,0.0,0.3,11:12,0.0,00:01,0.3,7.1,6.8
1782732407.401,0.0,0.0,0.0,0.3,11:12,0.0,00:01,0.3,7.1,6.8
1782732412.407,0.0,0.0,0.0,0.3,11:12,0.0,00:01,0.3,7.1,6.8
1782732417.414,0.0,0.0,0.0,0.3,11:12,0.0,00:01,0.3,7.1,6.8
1782732422.42,0.0,0.0,0.0,0.3,11:12,0.0,00:01,0.3,7.1,6.8
1782732427.432,0.0,0.0,0.0,0.3,11:12,0.0,00:01,0.3,7.1,6.8
1782732432.443,0.0,0.0,0.0,0.3,11:12,0.0,00:01,0.3,7.1,6.8
1782732437.451,0.0,0.0,0.0,0.3,11:12,0.0,00:01,0.3,7.1,6.8
1782732442.459,0.0,0.0,0.0,0.3,11:12,0.0,00:01,0.3,7.1,6.8
1782732447.461,0.0,0.0,0.0,0.3,11:12,0.0,00:01,0.3,7.1,6.8
1782732452.466,0.0,0.0,0.0,0.3,11:12,0.0,00:01,0.3,7.1,6.8
1782732457.473,0.0,0.0,0.0,0.3,11:12,0.0,00:01,0.3,7.1,6.8
1782732462.483,0.0,0.0,0.0,0.3,11:12,0.0,00:01,0.3,7.1,6.8
1782732467.493,0.0,0.0,0.0,0.3,11:12,0.0,00:01,0.3,7.1,6.8
1782732472.5,0.0,0.0,0.0,0.3,11:12,0.0,00:01,0.3,7.1,6.8
1782732477.511,0.0,0.0,0.0,0.3,11:12,0.0,00:01,0.3,7.1,6.8
1782732482.519,0.0,0.0,0.0,0.3,11:12,0.0,00:01,0.3,7.1,6.8
1782732487.529,0.0,0.0,0.0,0.3,11:12,0.0,00:01,0.3,7.1,6.8
1782732492.535,0.0,0.0,0.0,0.3,11:12,0.0,00:01,0.3,7.1,6.8
1782732497.545,0.0,0.0,0.0,0.3,11:12,0.0,00:01,0.3,7.1,6.8
1782732502.555,0.0,0.0,0.0,0.3,11:12,0.0,00:01,0.3,7.1,6.8
1782732507.563,0.0,0.0,0.0,0.3,11:12,0.0,00:01,0.3,7.1,6.8
1782732512.571,0.0,0.0,0.0,0.3,11:12,0.0,00:01,0.3,7.1,6.8
1782732517.576,0.0,0.0,0.0,0.3,11:12,0.0,00:01,0.3,7.1,6.8
1782732522.586,0.0,0.0,0.0,0.3,11:12,0.0,00:01,0.3,7.1,6.8
1782732527.596,0.0,0.0,0.0,0.3,11:12,0.0,00:01,0.3,7.1,6.8
1782732532.606,0.0,0.0,0.0,0.3,11:12,0.0,00:01,0.3,7.1,6.8
1782732537.612,0.0,0.0,0.0,0.3,11:12,0.0,00:01,0.3,7.1,6.8
1782732542.616,0.0,0.0,0.0,0.3,11:12,0.0,00:01,0.3,7.1,6.8
1782732547.627,0.0,0.0,0.0,0.3,11:12,0.0,00:01,0.3,7.1,6.8
1782732552.637,0.0,0.0,0.0,0.3,11:12,0.0,00:01,0.3,7.1,6.8
1782732557.643,0.0,0.0,0.0,0.3,11:12,0.0,00:01,0.3,7.1,6.8
1782732562.647,0.0,0.0,0.0,0.3,11:12,0.0,00:01,0.3,7.1,6.8
1782732567.653,0.0,0.0,0.0,0.3,11:12,0.0,00:01,0.3,7.1,6.8
1782732572.662,0.0,0.0,0.0,0.3,11:12,0.0,00:01,0.3,7.1,6.8
1782732577.67,0.0,0.0,0.0,0.3,11:12,0.0,00:01,0.3,7.1,6.8
1782732582.679,0.0,0.0,0.0,0.3,11:12,0.0,00:01,0.3,7.1,6.8
1782732587.685,0.0,0.0,0.0,0.3,11:12,0.0,00:01,0.3,7.1,6.8
1782732592.694,0.0,0.0,0.0,0.3,11:12,0.0,00:01,0.3,7.1,6.8
1782732597.706,0.0,0.0,0.0,0.3,11:12,0.0,00:01,0.3,7.1,6.8
1782732602.716,0.0,0.0,0.0,0.3,11:12,0.0,00:01,0.3,7.1,6.8
1782732607.722,0.0,0.0,0.0,0.3,11:12,0.0,00:01,0.3,7.1,6.8
1782732612.724,0.0,0.0,0.0,0.3,11:12,0.0,00:01,0.3,7.1,6.8
1782732617.734,0.0,0.0,0.0,0.3,11:12,0.0,00:01,0.3,7.1,6.8
1782732622.744,0.0,0.0,0.0,0.3,11:12,0.0,00:01,0.3,7.1,6.8
1782732627.75,0.0,0.0,0.0,0.3,11:12,0.0,00:01,0.3,7.1,6.8
1782732632.751,0.0,0.0,0.0,0.3,11:12,0.0,00:01,0.3,7.1,6.8
1782732637.761,0.0,0.0,0.0,0.3,11:12,0.0,00:01,0.3,7.1,6.8
1782732642.775,0.0,0.0,0.0,0.3,11:12,0.0,00:01,0.3,7.1,6.8
1782732647.787,0.0,0.0,0.0,0.3,11:12,0.0,00:01,0.3,7.1,6.8
1782732652.798,0.0,0.0,0.0,0.3,11:12,0.0,00:01,0.3,7.1,6.8
1782732657.808,0.0,0.0,0.0,0.3,11:12,0.0,00:01,0.3,7.1,6.8
1782732662.815,0.0,0.0,0.0,0.3,11:12,0.0,00:01,0.3,7.1,6.8
1782732667.829,0.0,0.0,0.0,0.3,11:12,0.0,00:01,0.3,7.1,6.8
1782732672.842,0.0,0.0,0.0,0.3,11:12,0.0,00:01,0.3,7.1,6.8
1782732677.851,0.0,0.0,0.0,0.3,11:12,0.0,00:01,0.3,7.1,6.8
1782732682.857,0.0,0.0,0.0,0.3,11:12,0.0,00:01,0.3,7.1,6.8
1782732687.869,0.0,0.0,0.0,0.3,11:12,0.0,00:01,0.3,7.1,6.8
1782732692.88,0.0,0.0,0.0,0.3,11:12,0.0,00:01,0.3,7.1,6.8
1782732697.888,0.0,0.0,0.0,0.3,11:12,0.0,00:01,0.3,7.1,6.8
1782732702.892,0.0,0.0,0.0,0.3,11:12,0.0,00:01,0.3,7.1,6.8
1782732707.902,0.0,0.0,0.0,0.3,11:12,0.0,00:01,0.3,7.1,6.8
1782732712.913,0.0,0.0,0.0,0.3,11:12,0.0,00:01,0.3,7.1,6.8
1782732717.925,0.0,0.0,0.0,0.3,11:12,0.0,00:01,0.3,7.1,6.8
1782732722.937,0.0,0.0,0.0,0.3,11:12,0.0,00:01,0.3,7.1,6.8
1782732727.944,0.0,0.0,0.0,0.3,11:12,0.0,00:01,0.3,7.1,6.8
1782732732.954,0.0,0.0,0.0,0.3,11:12,0.0,00:01,0.3,7.1,6.8
1782732737.967,0.0,0.0,0.0,0.3,11:12,0.0,00:01,0.3,7.1,6.8
1782732742.978,0.0,0.0,0.0,0.3,11:12,0.0,00:01,0.3,7.1,6.8
1782732747.991,0.0,0.0,0.0,0.3,11:12,0.0,00:01,0.3,7.1,6.8
1782732752.998,0.0,0.0,0.0,0.3,11:12,0.0,00:01,0.3,7.1,6.8
1782732758.012,0.0,0.0,0.0,0.3,11:12,0.0,00:01,0.3,7.1,6.8
1782732763.021,0.0,0.0,0.0,0.3,11:12,0.0,00:01,0.3,7.1,6.8
1782732768.031,0.0,0.0,0.0,0.3,11:12,0.0,00:01,0.3,7.1,6.8
1782732773.042,0.0,0.0,0.0,0.3,11:12,0.0,00:01,0.3,7.1,6.8
1782732778.051,0.0,0.0,0.0,0.3,11:12,0.0,00:01,0.3,7.1,6.8
1782732783.064,0.0,0.0,0.0,0.3,11:12,0.0,00:01,0.3,7.1,6.8
1782732788.075,0.0,0.0,0.0,0.3,11:12,0.0,00:01,0.3,7.1,6.8
1782732793.087,0.0,0.0,0.0,0.3,11:12,0.0,00:01,0.3,7.1,6.8
1782732798.093,0.0,0.0,0.0,0.3,11:12,0.0,00:01,0.3,7.1,6.8
1782732803.105,0.0,0.0,0.0,0.3,11:12,0.0,00:01,0.3,7.1,6.8
1782732808.121,0.0,0.0,0.0,0.3,11:12,0.0,00:01,0.3,7.1,6.8
1782732813.132,0.0,0.0,0.0,0.3,11:12,0.0,00:01,0.3,7.1,6.8
1782732818.146,0.0,0.0,0.0,0.3,11:12,0.0,00:01,0.3,7.1,6.8
1782732823.153,0.0,0.0,0.0,0.3,11:12,0.0,00:01,0.3,7.1,6.8
1782732828.168,0.0,0.0,0.0,0.3,11:12,0.0,00:01,0.3,7.1,6.8
1782732833.183,0.0,0.0,0.0,0.3,11:12,0.0,00:01,0.3,7.1,6.8
1782732838.193,0.0,0.0,0.0,0.3,11:12,0.0,00:01,0.3,7.1,6.8
1782732843.206,0.0,0.0,0.0,0.3,11:12,0.0,00:01,0.3,7.1,6.8
1782732848.213,0.0,0.0,0.0,0.3,11:12,0.0,00:01,0.3,7.1,6.8
1782732853.225,0.0,0.0,0.0,0.3,11:12,0.0,00:01,0.3,7.1,6.8
1782732858.239,0.0,0.0,0.0,0.3,11:12,0.0,00:01,0.3,7.1,6.8
1782732863.253,0.0,0.0,0.0,0.3,11:12,0.0,00:01,0.3,7.1,6.8
1782732868.261,0.0,0.0,0.0,0.3,11:12,0.0,00:01,0.3,7.1,6.8
1782732873.268,0.0,0.0,0.0,0.3,11:12,0.0,00:01,0.3,7.1,6.8
1782732878.279,0.0,0.0,0.0,0.3,11:12,0.0,00:01,0.3,7.1,6.8
1782732883.29,0.0,0.0,0.0,0.3,11:12,0.0,00:01,0.3,7.1,6.8
1782732888.303,0.0,0.0,0.0,0.3,11:12,0.0,00:01,0.3,7.1,6.8
1782732893.31,0.0,0.0,0.0,0.3,11:12,0.0,00:01,0.3,7.1,6.8
1782732898.32,0.0,0.0,0.0,0.3,11:12,0.0,00:01,0.3,7.1,6.8
1782732903.331,0.0,0.0,0.0,0.3,11:12,0.0,00:01,0.3,7.1,6.8
1782732908.34,0.0,0.0,0.0,0.3,11:12,0.0,00:01,0.3,7.1,6.8
1782732913.35,0.0,0.0,0.0,0.3,11:12,0.0,00:01,0.3,7.1,6.8
1782732918.354,0.0,0.0,0.0,0.3,11:12,0.0,00:01,0.3,7.1,6.8
1782732923.363,0.0,0.0,0.0,0.3,11:12,0.0,00:01,0.3,7.1,6.8
1782732928.376,0.0,0.0,0.0,0.3,11:12,0.0,00:01,0.3,7.1,6.8
1782732933.385,0.0,0.0,0.0,0.3,11:12,0.0,00:01,0.3,7.1,6.8
1782732938.394,0.0,0.0,0.0,0.3,11:12,0.0,00:01,0.3,7.1,6.8
1782732943.4,0.0,0.0,0.0,0.3,11:12,0.0,00:01,0.3,7.1,6.8
1782732948.408,0.0,0.0,0.0,0.3,11:12,0.0,00:01,0.3,7.1,6.8
1782732953.418,0.0,0.0,0.0,0.3,11:12,0.0,00:01,0.3,7.1,6.8
1782732958.427,0.0,0.0,0.0,0.3,11:12,0.0,00:01,0.3,7.1,6.8
1782732963.434,0.0,0.0,0.0,0.3,11:12,0.0,00:01,0.3,7.1,6.8
1782732968.443,0.0,0.0,0.0,0.3,11:12,0.0,00:01,0.3,7.1,6.8
1782732973.454,0.0,0.0,0.0,0.3,11:12,0.0,00:01,0.3,7.1,6.8
1782732978.465,0.0,0.0,0.0,0.3,11:12,0.0,00:01,0.3,7.1,6.8
1782732983.479,0.0,0.0,0.0,0.3,11:12,0.0,00:01,0.3,7.1,6.8
1782732988.486,0.0,0.0,0.0,0.3,11:12,0.0,00:01,0.3,7.1,6.8
1782732993.5,0.0,0.0,0.0,0.3,11:12,0.0,00:01,0.3,7.1,6.8
1782732998.512,0.0,0.0,0.0,0.3,11:12,0.0,00:01,0.3,7.1,6.8
1782733003.523,0.0,0.0,0.0,0.3,11:12,0.0,00:01,0.3,7.1,6.8
1782733008.535,0.0,0.0,0.0,0.3,11:12,0.0,00:01,0.3,7.1,6.8
1782733013.545,0.0,0.0,0.0,0.3,11:12,0.0,00:01,0.3,7.1,6.8
1782733018.558,0.0,0.0,0.0,0.3,11:12,0.0,00:01,0.3,7.1,6.8
1782733023.567,0.0,0.0,0.0,0.3,11:12,0.0,00:01,0.3,7.1,6.8
1782733028.581,0.0,0.0,0.0,0.3,11:12,0.0,00:01,0.3,7.1,6.8
1782733033.588,0.0,0.0,0.0,0.3,11:12,0.0,00:01,0.3,7.1,6.8
1782733038.601,0.0,0.0,0.0,0.3,11:12,0.0,00:01,0.3,7.1,6.8
1782733043.613,0.0,0.0,0.0,0.3,11:12,0.0,00:01,0.3,7.1,6.8
1782733048.625,0.0,0.0,0.0,0.3,11:12,0.0,00:01,0.3,7.1,6.8
1782733053.636,0.0,0.0,0.0,0.3,11:12,0.0,00:01,0.3,7.1,6.8
1782733058.644,0.0,0.0,0.0,0.3,11:12,0.0,00:01,0.3,7.1,6.8
1782733063.659,0.0,0.0,0.0,0.3,11:12,0.0,00:01,0.3,7.1,6.8
1782733068.671,0.0,0.0,0.0,0.3,11:12,0.0,00:01,0.3,7.1,6.8
1782733073.685,0.0,0.0,0.0,0.3,11:12,0.0,00:01,0.3,7.1,6.8
1782733078.696,0.0,0.0,0.0,0.3,11:12,0.0,00:01,0.3,7.1,6.8
1782733083.705,0.0,0.0,0.0,0.3,11:12,0.0,00:01,0.3,7.1,6.8
1782733088.718,0.0,0.0,0.0,0.3,11:12,0.0,00:01,0.3,7.1,6.8
1782733093.73,0.0,0.0,0.0,0.3,11:12,0.0,00:01,0.3,7.1,6.8
1782733098.743,0.0,0.0,0.0,0.3,11:12,0.0,00:01,0.3,7.1,6.8
1782733103.755,0.0,0.0,0.0,0.3,11:12,0.0,00:01,0.3,7.1,6.8
1782733108.762,0.0,0.0,0.0,0.3,11:12,0.0,00:01,0.3,7.1,6.8
1782733113.777,0.0,0.0,0.0,0.3,11:12,0.0,00:01,0.3,7.1,6.8
1782733118.79,0.0,0.0,0.0,0.3,11:12,0.0,00:01,0.3,7.1,6.8
1782733123.796,0.0,0.0,0.0,0.3,11:12,0.0,00:01,0.3,7.1,6.8
1782733128.804,0.0,0.0,0.0,0.3,11:12,0.0,00:01,0.3,7.1,6.8
1782733133.821,0.0,0.0,0.0,0.3,11:12,0.0,00:01,0.3,7.1,6.8
1782733138.832,0.0,0.0,0.0,0.3,11:12,0.0,00:01,0.3,7.1,6.8
1782733143.846,0.0,0.0,0.0,0.3,11:12,0.0,00:01,0.3,7.1,6.8
1782733148.856,0.0,0.0,0.0,0.3,11:12,0.0,00:01,0.3,7.1,6.8
1782733153.863,0.0,0.0,0.0,0.3,11:12,0.0,00:01,0.3,7.1,6.8
1782733158.874,0.0,0.0,0.0,0.3,11:12,0.0,00:01,0.3,7.1,6.8
1782733163.885,0.0,0.0,0.0,0.3,11:12,0.0,00:01,0.3,7.1,6.8
1782733168.894,0.0,0.0,0.0,0.3,11:12,0.0,00:01,0.3,7.1,6.8
1782733173.909,0.0,0.0,0.0,0.3,11:12,0.0,00:01,0.3,7.1,6.8
1782733178.914,0.0,0.0,0.0,0.3,11:12,0.0,00:01,0.3,7.1,6.8
1782733183.931,0.0,0.0,0.0,0.3,11:12,0.0,00:01,0.3,7.1,6.8
1782733188.942,0.0,0.0,0.0,0.3,11:12,0.0,00:01,0.3,7.1,6.8
1782733193.954,0.0,0.0,0.0,0.3,11:12,0.0,00:01,0.3,7.1,6.8
1782733198.964,0.0,0.0,0.0,0.3,11:12,0.0,00:01,0.3,7.1,6.8
1782733203.971,0.0,0.0,0.0,0.3,11:12,0.0,00:01,0.3,7.1,6.8
1782733208.978,0.0,0.0,0.0,0.3,11:12,0.0,00:01,0.3,7.1,6.8
1782733213.987,0.0,0.0,0.0,0.3,11:12,0.0,00:01,0.3,7.1,6.8
1782733218.994,0.0,0.0,0.0,0.3,11:12,0.0,00:01,0.3,7.1,6.8
1782733224.0,0.0,0.0,0.0,0.3,11:12,0.0,00:01,0.3,7.1,6.8
1782733229.009,0.0,0.0,0.0,0.3,11:12,0.0,00:01,0.3,7.1,6.8
1782733234.014,0.0,0.0,0.0,0.3,11:12,0.0,00:01,0.3,7.1,6.8
1782733239.02,0.0,0.0,0.0,0.3,11:12,0.0,00:01,0.3,7.1,6.8
1782733244.027,0.0,0.0,0.0,0.3,11:12,0.0,00:01,0.3,7.1,6.8
1782733249.033,0.0,0.0,0.0,0.3,11:12,0.0,00:01,0.3,7.1,6.8
1782733254.043,0.0,0.0,0.0,0.3,11:12,0.0,00:01,0.3,7.1,6.8
1782733259.05,0.0,0.0,0.0,0.3,11:12,0.0,00:01,0.3,7.1,6.8
1782733264.055,0.0,0.0,0.0,0.3,11:12,0.0,00:01,0.3,7.1,6.8
1782733269.062,0.0,0.0,0.0,0.3,11:12,0.0,00:01,0.3,7.1,6.8
1782733274.072,0.0,0.0,0.0,0.3,11:12,0.0,00:01,0.3,7.1,6.8
1782733279.078,0.0,0.0,0.0,0.3,11:12,0.0,00:01,0.3,7.1,6.8
1782733284.084,0.0,0.0,0.0,0.3,11:12,0.0,00:01,0.3,7.1,6.8
1782733289.091,0.0,0.0,0.0,0.3,11:12,0.0,00:01,0.3,7.1,6.8
1782733294.093,0.0,0.0,0.0,0.3,11:12,0.0,00:01,0.3,7.1,6.8
1782733299.107,0.0,0.0,0.0,0.3,11:12,0.0,00:01,0.3,7.1,6.8
1782733304.114,0.0,0.0,0.0,0.3,11:12,0.0,00:01,0.3,7.1,6.8
1782733309.124,0.0,0.0,0.0,0.3,11:12,0.0,00:01,0.3,7.1,6.8
1782733314.131,0.0,0.0,0.0,0.3,11:12,0.0,00:01,0.3,7.1,6.8
1782733319.135,0.0,0.0,0.0,0.3,11:12,0.0,00:01,0.3,7.1,6.8
1782733324.147,0.0,0.0,0.0,0.3,11:12,0.0,00:01,0.3,7.1,6.8
1782733329.157,0.0,0.0,0.0,0.3,11:12,0.0,00:01,0.3,7.1,6.8
1782733334.167,0.0,0.0,0.0,0.3,11:12,0.0,00:01,0.3,7.1,6.8
1782733339.172,0.0,0.0,0.0,0.3,11:12,0.0,00:01,0.3,7.1,6.8
1782733344.182,0.0,0.0,0.0,0.3,11:12,0.0,00:01,0.3,7.1,6.8
1782733349.19,0.0,0.0,0.0,0.3,11:12,0.0,00:01,0.3,7.1,6.8
1782733354.2,0.0,0.0,0.0,0.3,11:12,0.0,00:01,0.3,7.1,6.8
1782733359.209,0.0,0.0,0.0,0.3,11:12,0.0,00:01,0.3,7.1,6.8
1782733364.212,0.0,0.0,0.0,0.3,11:12,0.0,00:01,0.3,7.1,6.8
1782733369.223,0.0,0.0,0.0,0.3,11:12,0.0,00:01,0.3,7.1,6.8
1782733374.232,0.0,0.0,0.0,0.3,11:12,0.0,00:01,0.3,7.1,6.8
1782733379.242,0.0,0.0,0.0,0.3,11:12,0.0,00:01,0.3,7.1,6.8
1782733384.252,0.0,0.0,0.0,0.3,11:12,0.0,00:01,0.3,7.1,6.8
1782733389.258,0.0,0.0,0.0,0.3,11:12,0.0,00:01,0.3,7.1,6.8
1782733394.266,0.0,0.0,0.0,0.3,11:12,0.0,00:01,0.3,7.1,6.8
1782733399.276,0.0,0.0,0.0,0.3,11:12,0.0,00:01,0.3,7.1,6.8
1782733404.284,0.0,0.0,0.0,0.3,11:12,0.0,00:01,0.3,7.1,6.8
1782733409.291,0.0,0.0,0.0,0.3,11:12,0.0,00:01,0.3,7.1,6.8
1782733414.3,0.0,0.0,0.0,0.3,11:12,0.0,00:01,0.3,7.1,6.8
1782733419.306,0.0,0.0,0.0,0.3,11:12,0.0,00:01,0.3,7.1,6.8
1782733424.315,0.0,0.0,0.0,0.3,11:12,0.0,00:01,0.3,7.1,6.8
1782733429.326,0.0,0.0,0.0,0.3,11:12,0.0,00:01,0.3,7.1,6.8
1782733434.333,0.0,0.0,0.0,0.3,11:12,0.0,00:01,0.3,7.1,6.8
1782733439.347,0.0,0.0,0.0,0.3,11:12,0.0,00:01,0.3,7.1,6.8
1782733444.358,0.0,0.0,0.0,0.3,11:12,0.0,00:01,0.3,7.1,6.8
1782733449.367,0.0,0.0,0.0,0.3,11:12,0.0,00:01,0.3,7.1,6.8
1782733454.375,0.0,0.0,0.0,0.3,11:12,0.0,00:01,0.3,7.1,6.8
1782733459.381,0.0,0.0,0.0,0.3,11:12,0.0,00:01,0.3,7.1,6.8
1782733464.396,0.0,0.0,0.0,0.3,11:12,0.0,00:01,0.3,7.1,6.8
1782733469.408,0.0,0.0,0.0,0.3,11:12,0.0,00:01,0.3,7.1,6.8
1782733474.42,0.0,0.0,0.0,0.3,11:12,0.0,00:01,0.3,7.1,6.8
1782733479.431,0.0,0.0,0.0,0.3,11:12,0.0,00:01,0.3,7.1,6.8
1782733484.442,0.0,0.0,0.0,0.3,11:12,0.0,00:01,0.3,7.1,6.8
1782733489.454,0.0,0.0,0.0,0.3,11:12,0.0,00:01,0.3,7.1,6.8
1782733494.468,0.0,0.0,0.0,0.3,11:12,0.0,00:01,0.3,7.1,6.8
1782733499.48,0.0,0.0,0.0,0.3,11:12,0.0,00:01,0.3,7.1,6.8
1782733504.484,0.0,0.0,0.0,0.3,11:12,0.0,00:01,0.3,7.1,6.8
1782733509.496,0.0,0.0,0.0,0.3,11:12,0.0,00:01,0.3,7.1,6.8
1782733514.507,0.0,0.0,0.0,0.3,11:12,0.0,00:01,0.3,7.1,6.8
1782733519.518,0.0,0.0,0.0,0.3,11:12,0.0,00:01,0.3,7.1,6.8
1782733524.533,0.0,0.0,0.0,0.3,11:12,0.0,00:01,0.3,7.1,6.8
1782733529.536,0.0,0.0,0.0,0.3,11:12,0.0,00:01,0.3,7.1,6.8
1782733534.549,0.0,0.0,0.0,0.3,11:12,0.0,00:01,0.3,7.1,6.8
1782733539.561,0.0,0.0,0.0,0.3,11:12,0.0,00:01,0.3,7.1,6.8
1782733544.573,0.0,0.0,0.0,0.3,11:12,0.0,00:01,0.3,7.1,6.8
1782733549.579,0.0,0.0,0.0,0.3,11:12,0.0,00:01,0.3,7.1,6.8
1782733554.59,0.0,0.0,0.0,0.3,11:12,0.0,00:01,0.3,7.1,6.8
1782733559.599,0.0,0.0,0.0,0.3,11:12,0.0,00:01,0.3,7.1,6.8
1782733564.611,0.0,0.0,0.0,0.3,11:12,0.0,00:01,0.3,7.1,6.8
1782733569.624,0.0,0.0,0.0,0.3,11:12,0.0,00:01,0.3,7.1,6.8
1782733574.633,0.0,0.0,0.0,0.3,11:12,0.0,00:01,0.3,7.1,6.8
1782733579.642,0.0,0.0,0.0,0.3,11:12,0.0,00:01,0.3,7.1,6.8
1782733584.655,0.0,0.0,0.0,0.3,11:12,0.0,00:01,0.3,7.1,6.8
1782733589.664,0.0,0.0,0.0,0.3,11:12,0.0,00:01,0.3,7.1,6.8
1782733594.677,0.0,0.0,0.0,0.3,11:12,0.0,00:01,0.3,7.1,6.8
1782733599.68,0.0,0.0,0.0,0.3,11:12,0.0,00:01,0.3,7.1,6.8
1782733604.691,0.0,0.0,0.0,0.3,11:12,0.0,00:01,0.3,7.1,6.8
1782733609.7,0.0,0.0,0.0,0.3,11:12,0.0,00:01,0.3,7.1,6.8
1782733614.71,0.0,0.0,0.0,0.3,11:12,0.0,00:01,0.3,7.1,6.8
1782733619.721,0.0,0.0,0.0,0.3,11:12,0.0,00:01,0.3,7.1,6.8
1782733624.731,0.0,0.0,0.0,0.3,11:12,0.0,00:01,0.3,7.1,6.8
1782733629.743,0.0,0.0,0.0,0.3,11:12,0.0,00:01,0.3,7.1,6.8
1782733634.752,0.0,0.0,0.0,0.3,11:12,0.0,00:01,0.3,7.1,6.8
1782733639.761,0.0,0.0,0.0,0.3,11:12,0.0,00:01,0.3,7.1,6.8
1782733644.77,0.0,0.0,0.0,0.3,11:12,0.0,00:01,0.3,7.1,6.8
1782733649.779,0.0,0.0,0.0,0.3,11:12,0.0,00:01,0.3,7.1,6.8
1782733654.789,0.0,0.0,0.0,0.3,11:12,0.0,00:01,0.3,7.1,6.8
1782733659.801,0.0,0.0,0.0,0.3,11:12,0.0,00:01,0.3,7.1,6.8
1782733664.813,0.0,0.0,0.0,0.3,11:12,0.0,00:01,0.3,7.1,6.8
1782733669.82,0.0,0.0,0.0,0.3,11:12,0.0,00:01,0.3,7.1,6.8
1782733674.834,0.0,0.0,0.0,0.3,11:12,0.0,00:01,0.3,7.1,6.8
1782733679.846,0.0,0.0,0.0,0.3,11:12,0.0,00:01,0.3,7.1,6.8
1782733684.859,0.0,0.0,0.0,0.3,11:12,0.0,00:01,0.3,7.1,6.8
1782733689.871,0.0,0.0,0.0,0.3,11:12,0.0,00:01,0.3,7.1,6.8
1782733694.878,0.0,0.0,0.0,0.3,11:12,0.0,00:01,0.3,7.1,6.8
1782733699.887,0.0,0.0,0.0,0.3,11:12,0.0,00:01,0.3,7.1,6.8
1782733704.897,0.0,0.0,0.0,0.3,11:12,0.0,00:01,0.3,7.1,6.8
1782733709.905,0.0,0.0,0.0,0.3,11:12,0.0,00:01,0.3,7.1,6.8
1782733714.917,0.0,0.0,0.0,0.3,11:12,0.0,00:01,0.3,7.1,6.8
1782733719.926,0.0,0.0,0.0,0.3,11:12,0.0,00:01,0.3,7.1,6.8
1782733724.935,0.0,0.0,0.0,0.3,11:12,0.0,00:01,0.3,7.1,6.8
1782733729.942,0.0,0.0,0.0,0.3,11:12,0.0,00:01,0.3,7.1,6.8
1782733734.952,0.0,0.0,0.0,0.3,11:12,0.0,00:01,0.3,7.1,6.8
1782733739.962,0.0,0.0,0.0,0.3,11:12,0.0,00:01,0.3,7.1,6.8
1782733744.97,0.0,0.0,0.0,0.3,11:12,0.0,00:01,0.3,7.1,6.8
1782733749.981,0.0,0.0,0.0,0.3,11:12,0.0,00:01,0.3,7.1,6.8
1782733754.989,0.0,0.0,0.0,0.3,11:12,0.0,00:01,0.3,7.1,6.8
1782733759.996,0.0,0.0,0.0,0.3,11:12,0.0,00:01,0.3,7.1,6.8
1782733765.0,0.0,0.0,0.0,0.3,11:12,0.0,00:01,0.3,7.1,6.8
1782733770.009,0.0,0.0,0.0,0.3,11:12,0.0,00:01,0.3,7.1,6.8
1782733775.014,0.0,0.0,0.0,0.3,11:12,0.0,00:01,0.3,7.1,6.8
1782733780.023,0.0,0.0,0.0,0.3,11:12,0.0,00:01,0.3,7.1,6.8
1782733785.03,0.0,0.0,0.0,0.3,11:12,0.0,00:01,0.3,7.1,6.8
1782733790.036,0.0,0.0,0.0,0.3,11:12,0.0,00:01,0.3,7.1,6.8
1782733795.048,0.0,0.0,0.0,0.3,11:12,0.0,00:01,0.3,7.1,6.8
1782733800.053,0.0,0.0,0.0,0.3,11:12,0.0,00:01,0.3,7.1,6.8
1782733805.063,0.0,0.0,0.0,0.3,11:12,0.0,00:01,0.3,7.1,6.8
1782733810.073,0.0,0.0,0.0,0.3,11:12,0.0,00:01,0.3,7.1,6.8
1782733815.081,0.0,0.0,0.0,0.3,11:12,0.0,00:01,0.3,7.1,6.8
1782733820.09,0.0,0.0,0.0,0.3,11:12,0.0,00:01,0.3,7.1,6.8
1782733825.099,0.0,0.0,0.0,0.3,11:12,0.0,00:01,0.3,7.1,6.8
1782733830.105,0.0,0.0,0.0,0.3,11:12,0.0,00:01,0.3,7.1,6.8
1782733835.114,0.0,0.0,0.0,0.3,11:12,0.0,00:01,0.3,7.1,6.8
1782733840.123,0.0,0.0,0.0,0.3,11:12,0.0,00:01,0.3,7.1,6.8
1782733845.132,0.0,0.0,0.0,0.3,11:12,0.0,00:01,0.3,7.1,6.8
1782733850.139,0.0,0.0,0.0,0.3,11:12,0.0,00:01,0.3,7.1,6.8
1782733855.144,0.0,0.0,0.0,0.3,11:12,0.0,00:01,0.3,7.1,6.8
1782733860.15,0.0,0.0,0.0,0.3,11:12,0.0,00:01,0.3,7.1,6.8
1782733865.157,0.0,0.0,0.0,0.3,11:12,0.0,00:01,0.3,7.1,6.8
1782733870.166,0.0,0.0,0.0,0.3,11:12,0.0,00:01,0.3,7.1,6.8
1782733875.174,0.0,0.0,0.0,0.3,11:12,0.0,00:01,0.3,7.1,6.8
1782733880.185,0.0,0.0,0.0,0.3,11:12,0.0,00:01,0.3,7.1,6.8
1782733885.194,0.0,0.0,0.0,0.3,11:12,0.0,00:01,0.3,7.1,6.8
1782733890.203,0.0,0.0,0.0,0.3,11:12,0.0,00:01,0.3,7.1,6.8
1782733895.213,0.0,0.0,0.0,0.3,11:12,0.0,00:01,0.3,7.1,6.8
1782733900.222,0.0,0.0,0.0,0.3,11:12,0.0,00:01,0.3,7.1,6.8
1782733905.23,0.0,0.0,0.0,0.3,11:12,0.0,00:01,0.3,7.1,6.8
1782733910.238,0.0,0.0,0.0,0.3,11:12,0.0,00:01,0.3,7.1,6.8
1782733915.248,0.0,0.0,0.0,0.3,11:12,0.0,00:01,0.3,7.1,6.8
1782733920.258,0.0,0.0,0.0,0.3,11:12,0.0,00:01,0.3,7.1,6.8
1782733925.268,0.0,0.0,0.0,0.3,11:12,0.0,00:01,0.3,7.1,6.8
1782733930.275,0.0,0.0,0.0,0.3,11:12,0.0,00:01,0.3,7.1,6.8
1782733935.283,0.0,0.0,0.0,0.3,11:12,0.0,00:01,0.3,7.1,6.8
1782733940.287,0.0,0.0,0.0,0.3,11:12,0.0,00:01,0.3,7.1,6.8
1782733945.296,0.0,0.0,0.0,0.3,11:12,0.0,00:01,0.3,7.1,6.8
1782733950.303,0.0,0.0,0.0,0.3,11:12,0.0,00:01,0.3,7.1,6.8
1782733955.311,0.0,0.0,0.0,0.3,11:12,0.0,00:01,0.3,7.1,6.8
1782733960.321,0.0,0.0,0.0,0.3,11:12,0.0,00:01,0.3,7.1,6.8
1782733965.331,0.0,0.0,0.0,0.3,11:12,0.0,00:01,0.3,7.1,6.8
1782733970.339,0.0,0.0,0.0,0.3,11:12,0.0,00:01,0.3,7.1,6.8
1782733975.347,0.0,0.0,0.0,0.3,11:12,0.0,00:01,0.3,7.1,6.8
1782733980.355,0.0,0.0,0.0,0.3,11:12,0.0,00:01,0.3,7.1,6.8
1782733985.364,0.0,0.0,0.0,0.3,11:12,0.0,00:01,0.3,7.1,6.8
1782733990.377,0.0,0.0,0.0,0.3,11:12,0.0,00:01,0.3,7.1,6.8
1782733995.388,0.0,0.0,0.0,0.3,11:12,0.0,00:01,0.3,7.1,6.8
1782734000.398,0.0,0.0,0.0,0.3,11:12,0.0,00:01,0.3,7.1,6.8
1782734005.411,0.0,0.0,0.0,0.3,11:12,0.0,00:01,0.3,7.1,6.8
1782734010.423,0.0,0.0,0.0,0.3,11:12,0.0,00:01,0.3,7.1,6.8
1782734015.435,0.0,0.0,0.0,0.3,11:12,0.0,00:01,0.3,7.1,6.8
1782734020.445,0.0,0.0,0.0,0.3,11:12,0.0,00:01,0.3,7.1,6.8
1782734025.455,0.0,0.0,0.0,0.3,11:12,0.0,00:01,0.3,7.1,6.8
1782734030.464,0.0,0.0,0.0,0.3,11:12,0.0,00:01,0.3,7.1,6.8
1782734035.479,0.0,0.0,0.0,0.3,11:12,0.0,00:01,0.3,7.1,6.8
1782734040.491,0.0,0.0,0.0,0.3,11:12,0.0,00:01,0.3,7.1,6.8
1782734045.496,0.0,0.0,0.0,0.3,11:12,0.0,00:01,0.3,7.1,6.8
1782734050.509,0.0,0.0,0.0,0.3,11:12,0.0,00:01,0.3,7.1,6.8
1782734055.521,0.0,0.0,0.0,0.3,11:12,0.0,00:01,0.3,7.1,6.8
1782734060.534,0.0,0.0,0.0,0.3,11:12,0.0,00:01,0.3,7.1,6.8
1782734065.547,0.0,0.0,0.0,0.3,11:12,0.0,00:01,0.3,7.1,6.8
1782734070.556,0.0,0.0,0.0,0.3,11:12,0.0,00:01,0.3,7.1,6.8
1782734075.57,0.0,0.0,0.0,0.3,11:12,0.0,00:01,0.3,7.1,6.8
1782734080.582,0.0,0.0,0.0,0.3,11:12,0.0,00:01,0.3,7.1,6.8
1782734085.594,0.0,0.0,0.0,0.3,11:12,0.0,00:01,0.3,7.1,6.8
1782734090.609,0.0,0.0,0.0,0.3,11:12,0.0,00:01,0.3,7.1,6.8
1782734095.615,0.0,0.0,0.0,0.3,11:12,0.0,00:01,0.3,7.1,6.8
1782734100.626,0.0,0.0,0.0,0.3,11:12,0.0,00:01,0.3,7.1,6.8
1782734105.639,0.0,0.0,0.0,0.3,11:12,0.0,00:01,0.3,7.1,6.8
1782734110.651,0.0,0.0,0.0,0.3,11:12,0.0,00:01,0.3,7.1,6.8
1782734115.664,0.0,0.0,0.0,0.3,11:12,0.0,00:01,0.3,7.1,6.8
1782734120.673,0.0,0.0,0.0,0.3,11:12,0.0,00:01,0.3,7.1,6.8
1782734125.683,0.0,0.0,0.0,0.3,11:12,0.0,00:01,0.3,7.1,6.8
1782734130.695,0.0,0.0,0.0,0.3,11:12,0.0,00:01,0.3,7.1,6.8
1782734135.708,0.0,0.0,0.0,0.3,11:12,0.0,00:01,0.3,7.1,6.8
1782734140.716,0.0,0.0,0.0,0.3,11:12,0.0,00:01,0.3,7.1,6.8
1782734145.726,0.0,0.0,0.0,0.3,11:12,0.0,00:01,0.3,7.1,6.8
1782734150.735,0.0,0.0,0.0,0.3,11:12,0.0,00:01,0.3,7.1,6.8
1782734155.744,0.0,0.0,0.0,0.3,11:12,0.0,00:01,0.3,7.1,6.8
1782734160.758,0.0,0.0,0.0,0.3,11:12,0.0,00:01,0.3,7.1,6.8
1782734165.764,0.0,0.0,0.0,0.3,11:12,0.0,00:01,0.3,7.1,6.8
1782734170.776,0.0,0.0,0.0,0.3,11:12,0.0,00:01,0.3,7.1,6.8
1782734175.788,0.0,0.0,0.0,0.3,11:12,0.0,00:01,0.3,7.1,6.8
1782734180.798,0.0,0.0,0.0,0.3,11:12,0.0,00:01,0.3,7.1,6.8
1782734185.814,0.0,0.0,0.0,0.3,11:12,0.0,00:01,0.3,7.1,6.8
1782734190.823,0.0,0.0,0.0,0.3,11:12,0.0,00:01,0.3,7.1,6.8
1782734195.834,0.0,0.0,0.0,0.3,11:12,0.0,00:01,0.3,7.1,6.8
1782734200.845,0.0,0.0,0.0,0.3,11:12,0.0,00:01,0.3,7.1,6.8
1782734205.859,0.0,0.0,0.0,0.3,11:12,0.0,00:01,0.3,7.1,6.8
1782734210.865,0.0,0.0,0.0,0.3,11:12,0.0,00:01,0.3,7.1,6.8
1782734215.877,0.0,0.0,0.0,0.3,11:12,0.0,00:01,0.3,7.1,6.8
1782734220.889,0.0,0.0,0.0,0.3,11:12,0.0,00:01,0.3,7.1,6.8
1782734225.901,0.0,0.0,0.0,0.3,11:12,0.0,00:01,0.3,7.1,6.8
1782734230.914,0.0,0.0,0.0,0.3,11:12,0.0,00:01,0.3,7.1,6.8
1782734235.924,0.0,0.0,0.0,0.3,11:12,0.0,00:01,0.3,7.1,6.8
1782734240.936,0.0,0.0,0.0,0.3,11:12,0.0,00:01,0.3,7.1,6.8
1782734245.948,0.0,0.0,0.0,0.3,11:12,0.0,00:01,0.3,7.1,6.8
1782734250.961,0.0,0.0,0.0,0.3,11:12,0.0,00:01,0.3,7.1,6.8
1782734255.975,0.0,0.0,0.0,0.3,11:12,0.0,00:01,0.3,7.1,6.8
1782734260.983,0.0,0.0,0.0,0.3,11:12,0.0,00:01,0.3,7.1,6.8
1782734265.993,0.0,0.0,0.0,0.3,11:12,0.0,00:01,0.3,7.1,6.8
1782734271.003,0.0,0.0,0.0,0.3,11:12,0.0,00:01,0.3,7.1,6.8
1782734276.019,0.0,0.0,0.0,0.3,11:12,0.0,00:01,0.3,7.1,6.8
1782734281.029,0.0,0.0,0.0,0.3,11:12,0.0,00:01,0.3,7.1,6.8
1782734286.034,0.0,0.0,0.0,0.3,11:12,0.0,00:01,0.3,7.1,6.8
1782734291.049,0.0,0.0,0.0,0.3,11:12,0.0,00:01,0.3,7.1,6.8
1782734296.058,0.0,0.0,0.0,0.3,11:12,0.0,00:01,0.3,7.1,6.8
1782734301.071,0.0,0.0,0.0,0.3,11:12,0.0,00:01,0.3,7.1,6.8
1782734306.077,0.0,0.0,0.0,0.3,11:12,0.0,00:01,0.3,7.1,6.8
1782734311.085,0.0,0.0,0.0,0.3,11:12,0.0,00:01,0.3,7.1,6.8
1782734316.097,0.0,0.0,0.0,0.3,11:12,0.0,00:01,0.3,7.1,6.8
1782734321.109,0.0,0.0,0.0,0.3,11:12,0.0,00:01,0.3,7.1,6.8
1782734326.123,0.0,0.0,0.0,0.3,11:12,0.0,00:01,0.3,7.1,6.8
1782734331.129,0.0,0.0,0.0,0.3,11:12,0.0,00:01,0.3,7.1,6.8
1782734336.14,0.0,0.0,0.0,0.3,11:12,0.0,00:01,0.3,7.1,6.8
1782734341.155,0.0,0.0,0.0,0.3,11:12,0.0,00:01,0.3,7.1,6.8
1782734346.17,0.0,0.0,0.0,0.3,11:12,0.0,00:01,0.3,7.1,6.8
1782734351.181,0.0,0.0,0.0,0.3,11:12,0.0,00:01,0.3,7.1,6.8
1782734356.185,0.0,0.0,0.0,0.3,11:12,0.0,00:01,0.3,7.1,6.8
1782734361.198,0.0,0.0,0.0,0.3,11:12,0.0,00:01,0.3,7.1,6.8
1782734366.209,0.0,0.0,0.0,0.3,11:12,0.0,00:01,0.3,7.1,6.8
1782734371.222,0.0,0.0,0.0,0.3,11:12,0.0,00:01,0.3,7.1,6.8
1782734376.229,0.0,0.0,0.0,0.3,11:12,0.0,00:01,0.3,7.1,6.8
1782734381.241,0.0,0.0,0.0,0.3,11:12,0.0,00:01,0.3,7.1,6.8
1782734386.252,0.0,0.0,0.0,0.3,11:12,0.0,00:01,0.3,7.1,6.8
1782734391.268,0.0,0.0,0.0,0.3,11:12,0.0,00:01,0.3,7.1,6.8
1782734396.278,0.0,0.0,0.0,0.3,11:12,0.0,00:01,0.3,7.1,6.8
1782734401.285,0.0,0.0,0.0,0.3,11:12,0.0,00:01,0.3,7.1,6.8
1782734406.296,0.0,0.0,0.0,0.3,11:12,0.0,00:01,0.3,7.1,6.8
1782734411.308,0.0,0.0,0.0,0.3,11:12,0.0,00:01,0.3,7.1,6.8
1782734416.321,0.0,0.0,0.0,0.3,11:12,0.0,00:01,0.3,7.1,6.8
1782734421.333,0.0,0.0,0.0,0.3,11:12,0.0,00:01,0.3,7.1,6.8
1782734426.34,0.0,0.0,0.0,0.3,11:12,0.0,00:01,0.3,7.1,6.8
1782734431.352,0.0,0.0,0.0,0.3,11:12,0.0,00:01,0.3,7.1,6.8
1782734436.364,0.0,0.0,0.0,0.3,11:12,0.0,00:01,0.3,7.1,6.8
1782734441.378,0.0,0.0,0.0,0.3,11:12,0.0,00:01,0.3,7.1,6.8
1782734446.384,0.0,0.0,0.0,0.3,11:12,0.0,00:01,0.3,7.1,6.8
1782734451.39,0.0,0.0,0.0,0.3,11:12,0.0,00:01,0.3,7.1,6.8
1782734456.396,0.0,0.0,0.0,0.3,11:12,0.0,00:01,0.3,7.1,6.8
1782734461.408,0.0,0.0,0.0,0.3,11:12,0.0,00:01,0.3,7.1,6.8
1782734466.419,0.0,0.0,0.0,0.3,11:12,0.0,00:01,0.3,7.1,6.8
1782734471.426,0.0,0.0,0.0,0.3,11:12,0.0,00:01,0.3,7.1,6.8
1782734476.438,0.0,0.0,0.0,0.3,11:12,0.0,00:01,0.3,7.1,6.8
1782734481.443,0.0,0.0,0.0,0.3,11:12,0.0,00:01,0.3,7.1,6.8
1782734486.458,0.0,0.0,0.0,0.3,11:12,0.0,00:01,0.3,7.1,6.8
1782734491.469,0.0,0.0,0.0,0.3,11:12,0.0,00:01,0.3,7.1,6.8
1782734496.474,0.0,0.0,0.0,0.3,11:12,0.0,00:01,0.3,7.1,6.8
1782734501.481,0.0,0.0,0.0,0.3,11:12,0.0,00:01,0.3,7.1,6.8
1782734506.494,0.0,0.0,0.0,0.3,11:12,0.0,00:01,0.3,7.1,6.8
1782734511.507,0.0,0.0,0.0,0.3,11:12,0.0,00:01,0.3,7.1,6.8
1782734516.519,0.0,0.0,0.0,0.3,11:12,0.0,00:01,0.3,7.1,6.8
1782734521.524,0.0,0.0,0.0,0.3,11:12,0.0,00:01,0.3,7.1,6.8
1782734526.534,0.0,0.0,0.0,0.3,11:12,0.0,00:01,0.3,7.1,6.8
1782734531.55,0.0,0.0,0.0,0.3,11:12,0.0,00:01,0.3,7.1,6.8
1782734536.562,0.0,0.0,0.0,0.3,11:12,0.0,00:01,0.3,7.1,6.8
1782734541.572,0.0,0.0,0.0,0.3,11:12,0.0,00:01,0.3,7.1,6.8
1782734546.587,0.0,0.0,0.0,0.3,11:12,0.0,00:01,0.3,7.1,6.8
1782734551.598,0.0,0.0,0.0,0.3,11:12,0.0,00:01,0.3,7.1,6.8
1782734556.613,0.0,0.0,0.0,0.3,11:12,0.0,00:01,0.3,7.1,6.8
1782734561.626,0.0,0.0,0.0,0.3,11:12,0.0,00:01,0.3,7.1,6.8
1782734566.629,0.0,0.0,0.0,0.3,11:12,0.0,00:01,0.3,7.1,6.8
1782734571.639,0.0,0.0,0.0,0.3,11:12,0.0,00:01,0.3,7.1,6.8
1782734576.655,0.0,0.0,0.0,0.3,11:12,0.0,00:01,0.3,7.1,6.8
1782734581.669,0.0,0.0,0.0,0.3,11:12,0.0,00:01,0.3,7.1,6.8
1782734586.681,0.0,0.0,0.0,0.3,11:12,0.0,00:01,0.3,7.1,6.8
1782734591.688,0.0,0.0,0.0,0.3,11:12,0.0,00:01,0.3,7.1,6.8
1782734596.698,0.0,0.0,0.0,0.3,11:12,0.0,00:01,0.3,7.1,6.8
1782734601.714,0.0,0.0,0.0,0.3,11:12,0.0,00:01,0.3,7.1,6.8
1782734606.726,0.0,0.0,0.0,0.3,11:12,0.0,00:01,0.3,7.1,6.8
1782734611.732,0.0,0.0,0.0,0.3,11:12,0.0,00:01,0.3,7.1,6.8
1782734616.745,0.0,0.0,0.0,0.3,11:12,0.0,00:01,0.3,7.1,6.8
1782734621.751,0.0,0.0,0.0,0.3,11:12,0.0,00:01,0.3,7.1,6.8
1782734626.765,0.0,0.0,0.0,0.3,11:12,0.0,00:01,0.3,7.1,6.8
1782734631.778,0.0,0.0,0.0,0.3,11:12,0.0,00:01,0.3,7.1,6.8
1782734636.784,0.0,0.0,0.0,0.3,11:12,0.0,00:01,0.3,7.1,6.8
1782734641.797,0.0,0.0,0.0,0.3,11:12,0.0,00:01,0.3,7.1,6.8
1782734646.812,0.0,0.0,0.0,0.3,11:12,0.0,00:01,0.3,7.1,6.8
1782734651.826,0.0,0.0,0.0,0.3,11:12,0.0,00:01,0.3,7.1,6.8
1782734656.838,0.0,0.0,0.0,0.3,11:12,0.0,00:01,0.3,7.1,6.8
1782734661.844,0.0,0.0,0.0,0.3,11:12,0.0,00:01,0.3,7.1,6.8
1782734666.856,0.0,0.0,0.0,0.3,11:12,0.0,00:01,0.3,7.1,6.8
1782734671.872,0.0,0.0,0.0,0.3,11:12,0.0,00:01,0.3,7.1,6.8
1782734676.886,0.0,0.0,0.0,0.3,11:12,0.0,00:01,0.3,7.1,6.8
1782734681.897,0.0,0.0,0.0,0.3,11:12,0.0,00:01,0.3,7.1,6.8
1782734686.903,0.0,0.0,0.0,0.3,11:12,0.0,00:01,0.3,7.1,6.8
1782734691.917,0.0,0.0,0.0,0.3,11:12,0.0,00:01,0.3,7.1,6.8
1782734696.927,0.0,0.0,0.0,0.3,11:12,0.0,00:01,0.3,7.1,6.8
1782734701.938,0.0,0.0,0.0,0.3,11:12,0.0,00:01,0.3,7.1,6.8
1782734706.942,0.0,0.0,0.0,0.3,11:12,0.0,00:01,0.3,7.1,6.8
1782734711.952,0.0,0.0,0.0,0.3,11:12,0.0,00:01,0.3,7.1,6.8
1782734716.969,0.0,0.0,0.0,0.3,11:12,0.0,00:01,0.3,7.1,6.8
1782734721.978,0.0,0.0,0.0,0.3,11:12,0.0,00:01,0.3,7.1,6.8
1782734726.99,0.0,0.0,0.0,0.3,11:12,0.0,00:01,0.3,7.1,6.8
1782734731.997,0.0,0.0,0.0,0.3,11:12,0.0,00:01,0.3,7.1,6.8
1782734737.009,0.0,0.0,0.0,0.3,11:12,0.0,00:01,0.3,7.1,6.8
1782734742.022,0.0,0.0,0.0,0.3,11:12,0.0,00:01,0.3,7.1,6.8
1782734747.03,0.0,0.0,0.0,0.3,11:12,0.0,00:01,0.3,7.1,6.8
1782734752.042,0.0,0.0,0.0,0.3,11:12,0.0,00:01,0.3,7.1,6.8
1782734757.049,0.0,0.0,0.0,0.3,11:12,0.0,00:01,0.3,7.1,6.8
1782734762.065,0.0,0.0,0.0,0.3,11:12,0.0,00:01,0.3,7.1,6.8
1782734767.078,0.0,0.0,0.0,0.3,11:12,0.0,00:01,0.3,7.1,6.8
1782734772.09,0.0,0.0,0.0,0.3,11:12,0.0,00:01,0.3,7.1,6.8
1782734777.103,0.0,0.0,0.0,0.3,11:12,0.0,00:01,0.3,7.1,6.8
1782734782.11,0.0,0.0,0.0,0.3,11:12,0.0,00:01,0.3,7.1,6.8
1782734787.126,0.0,0.0,0.0,0.3,11:12,0.0,00:01,0.3,7.1,6.8
1782734792.138,0.0,0.0,0.0,0.3,11:12,0.0,00:01,0.3,7.1,6.8
1782734797.15,0.0,0.0,0.0,0.3,11:12,0.0,00:01,0.3,7.1,6.8
1782734802.158,0.0,0.0,0.0,0.3,11:12,0.0,00:01,0.3,7.1,6.8
1782734807.172,0.0,0.0,0.0,0.3,11:12,0.0,00:01,0.3,7.1,6.8
1782734812.183,0.0,0.0,0.0,0.3,11:12,0.0,00:01,0.3,7.1,6.8
1782734817.194,0.0,0.0,0.0,0.3,11:12,0.0,00:01,0.3,7.1,6.8
1782734822.203,0.0,0.0,0.0,0.3,11:12,0.0,00:01,0.3,7.1,6.8
1782734827.21,0.0,0.0,0.0,0.3,11:12,0.0,00:01,0.3,7.1,6.8
1782734832.221,0.0,0.0,0.0,0.3,11:12,0.0,00:01,0.3,7.1,6.8
1782734837.232,0.0,0.0,0.0,0.3,11:12,0.0,00:01,0.3,7.1,6.8
1782734842.244,0.0,0.0,0.0,0.3,11:12,0.0,00:01,0.3,7.1,6.8
1782734847.255,0.0,0.0,0.0,0.3,11:12,0.0,00:01,0.3,7.1,6.8
1782734852.262,0.0,0.0,0.0,0.3,11:12,0.0,00:01,0.3,7.1,6.8
1782734857.277,0.0,0.0,0.0,0.3,11:12,0.0,00:01,0.3,7.1,6.8
1782734862.286,0.0,0.0,0.0,0.3,11:12,0.0,00:01,0.3,7.1,6.8
1782734867.296,0.0,0.0,0.0,0.3,11:12,0.0,00:01,0.3,7.1,6.8
1782734872.308,0.0,0.0,0.0,0.3,11:12,0.0,00:01,0.3,7.1,6.8
1782734877.315,0.0,0.0,0.0,0.3,11:12,0.0,00:01,0.3,7.1,6.8
1782734882.328,0.0,0.0,0.0,0.3,11:12,0.0,00:01,0.3,7.1,6.8
1782734887.339,0.0,0.0,0.0,0.3,11:12,0.0,00:01,0.3,7.1,6.8
1782734892.352,0.0,0.0,0.0,0.3,11:12,0.0,00:01,0.3,7.1,6.8
1782734897.359,0.0,0.0,0.0,0.3,11:12,0.0,00:01,0.3,7.1,6.8
1782734902.373,0.0,0.0,0.0,0.3,11:12,0.0,00:01,0.3,7.1,6.8
1782734907.385,0.0,0.0,0.0,0.3,11:12,0.0,00:01,0.3,7.1,6.8
1782734912.396,0.0,0.0,0.0,0.3,11:12,0.0,00:01,0.3,7.1,6.8
1782734917.409,0.0,0.0,0.0,0.3,11:12,0.0,00:01,0.3,7.1,6.8
1782734922.415,0.0,0.0,0.0,0.3,11:12,0.0,00:01,0.3,7.1,6.8
1782734927.43,0.0,0.0,0.0,0.3,11:12,0.0,00:01,0.3,7.1,6.8
1782734932.444,0.0,0.0,0.0,0.3,11:12,0.0,00:01,0.3,7.1,6.8
1782734937.457,0.0,0.0,0.0,0.3,11:12,0.0,00:01,0.3,7.1,6.8
1782734942.463,0.0,0.0,0.0,0.3,11:12,0.0,00:01,0.3,7.1,6.8
1782734947.47,0.0,0.0,0.0,0.3,11:12,0.0,00:01,0.3,7.1,6.8
1782734952.485,0.0,0.0,0.0,0.3,11:12,0.0,00:01,0.3,7.1,6.8
1782734957.498,0.0,0.0,0.0,0.3,11:12,0.0,00:01,0.3,7.1,6.8
1782734962.51,0.0,0.0,0.0,0.3,11:12,0.0,00:01,0.3,7.1,6.8
1782734967.517,0.0,0.0,0.0,0.3,11:12,0.0,00:01,0.3,7.1,6.8
1782734972.531,0.0,0.0,0.0,0.3,11:12,0.0,00:01,0.3,7.1,6.8
1782734977.542,0.0,0.0,0.0,0.3,11:12,0.0,00:01,0.3,7.1,6.8
1782734982.552,0.0,0.0,0.0,0.3,11:12,0.0,00:01,0.3,7.1,6.8
1782734987.565,0.0,0.0,0.0,0.3,11:12,0.0,00:01,0.3,7.1,6.8
1782734992.572,0.0,0.0,0.0,0.3,11:12,0.0,00:01,0.3,7.1,6.8
1782734997.585,0.0,0.0,0.0,0.3,11:12,0.0,00:01,0.3,7.1,6.8
1782735002.596,0.0,0.0,0.0,0.3,11:12,0.0,00:01,0.3,7.1,6.8
1782735007.609,0.0,0.0,0.0,0.3,11:12,0.0,00:01,0.3,7.1,6.8
1782735012.621,0.0,0.0,0.0,0.3,11:12,0.0,00:01,0.3,7.1,6.8
1782735017.628,0.0,0.0,0.0,0.3,11:12,0.0,00:01,0.3,7.1,6.8
1782735022.644,0.0,0.0,0.0,0.3,11:12,0.0,00:01,0.3,7.1,6.8
1782735027.656,0.0,0.0,0.0,0.3,11:12,0.0,00:01,0.3,7.1,6.8
1782735032.669,0.0,0.0,0.0,0.3,11:12,0.0,00:01,0.3,7.1,6.8
1782735037.681,0.0,0.0,0.0,0.3,11:12,0.0,00:01,0.3,7.1,6.8
1782735042.692,0.0,0.0,0.0,0.3,11:12,0.0,00:01,0.3,7.1,6.8
1782735047.699,0.0,0.0,0.0,0.3,11:12,0.0,00:01,0.3,7.1,6.8
1782735052.71,0.0,0.0,0.0,0.3,11:12,0.0,00:01,0.3,7.1,6.8
1782735057.722,0.0,0.0,0.0,0.3,11:12,0.0,00:01,0.3,7.1,6.8
1782735062.73,0.0,0.0,0.0,0.3,11:12,0.0,00:01,0.3,7.1,6.8
1782735067.744,0.0,0.0,0.0,0.3,11:12,0.0,00:01,0.3,7.1,6.8
1782735072.757,0.0,0.0,0.0,0.3,11:12,0.0,00:01,0.3,7.1,6.8
1782735077.769,0.0,0.0,0.0,0.3,11:12,0.0,00:01,0.3,7.1,6.8
1782735082.781,0.0,0.0,0.0,0.3,11:12,0.0,00:01,0.3,7.1,6.8
1782735087.787,0.0,0.0,0.0,0.3,11:12,0.0,00:01,0.3,7.1,6.8
1782735092.803,0.0,0.0,0.0,0.3,11:12,0.0,00:01,0.3,7.1,6.8
1782735097.815,0.0,0.0,0.0,0.3,11:12,0.0,00:01,0.3,7.1,6.8
1782735102.828,0.0,0.0,0.0,0.3,11:12,0.0,00:01,0.3,7.1,6.8
1782735107.837,0.0,0.0,0.0,0.3,11:12,0.0,00:01,0.3,7.1,6.8
1782735112.843,0.0,0.0,0.0,0.3,11:12,0.0,00:01,0.3,7.1,6.8
1782735117.858,0.0,0.0,0.0,0.3,11:12,0.0,00:01,0.3,7.1,6.8
1782735122.867,0.0,0.0,0.0,0.3,11:12,0.0,00:01,0.3,7.1,6.8
1782735127.879,0.0,0.0,0.0,0.3,11:12,0.0,00:01,0.3,7.1,6.8
1782735132.887,0.0,0.0,0.0,0.3,11:12,0.0,00:01,0.3,7.1,6.8
1782735137.902,0.0,0.0,0.0,0.3,11:12,0.0,00:01,0.3,7.1,6.8
1782735142.915,0.0,0.0,0.0,0.3,11:12,0.0,00:01,0.3,7.1,6.8
1782735147.929,0.0,0.0,0.0,0.3,11:12,0.0,00:01,0.3,7.1,6.8
1782735152.941,0.0,0.0,0.0,0.3,11:12,0.0,00:01,0.3,7.1,6.8
1782735157.947,0.0,0.0,0.0,0.3,11:12,0.0,00:01,0.3,7.1,6.8
1782735162.959,0.0,0.0,0.0,0.3,11:12,0.0,00:01,0.3,7.1,6.8
1782735167.972,0.0,0.0,0.0,0.3,11:12,0.0,00:01,0.3,7.1,6.8
1782735172.985,0.0,0.0,0.0,0.3,11:12,0.0,00:01,0.3,7.1,6.8
1782735177.998,0.0,0.0,0.0,0.3,11:12,0.0,00:01,0.3,7.1,6.8
1782735183.008,0.0,0.0,0.0,0.3,11:12,0.0,00:01,0.3,7.1,6.8
1782735188.019,0.0,0.0,0.0,0.3,11:12,0.0,00:01,0.3,7.1,6.8
1782735193.029,0.0,0.0,0.0,0.3,11:12,0.0,00:01,0.3,7.1,6.8
1782735198.035,0.0,0.0,0.0,0.3,11:12,0.0,00:01,0.3,7.1,6.8
1782735203.045,0.0,0.0,0.0,0.3,11:12,0.0,00:01,0.3,7.1,6.8
1782735208.049,0.0,0.0,0.0,0.3,11:12,0.0,00:01,0.3,7.1,6.8
1782735213.056,0.0,0.0,0.0,0.3,11:12,0.0,00:01,0.3,7.1,6.8
1782735218.064,0.0,0.0,0.0,0.3,11:12,0.0,00:01,0.3,7.1,6.8
1782735223.07,0.0,0.0,0.0,0.3,11:12,0.0,00:01,0.3,7.1,6.8
1782735228.075,0.0,0.0,0.0,0.3,11:12,0.0,00:01,0.3,7.1,6.8
1782735233.084,0.0,0.0,0.0,0.3,11:12,0.0,00:01,0.3,7.1,6.8
1782735238.094,0.0,0.0,0.0,0.3,11:12,0.0,00:01,0.3,7.1,6.8
1782735243.104,0.0,0.0,0.0,0.3,11:12,0.0,00:01,0.3,7.1,6.8
1782735248.111,0.0,0.0,0.0,0.3,11:12,0.0,00:01,0.3,7.1,6.8
1782735253.115,0.0,0.0,0.0,0.3,11:12,0.0,00:01,0.3,7.1,6.8
1782735258.125,0.0,0.0,0.0,0.3,11:12,0.0,00:01,0.3,7.1,6.8
1782735263.134,0.0,0.0,0.0,0.3,11:12,0.0,00:01,0.3,7.1,6.8
1782735268.143,0.0,0.0,0.0,0.3,11:12,0.0,00:01,0.3,7.1,6.8
1782735273.153,0.0,0.0,0.0,0.3,11:12,0.0,00:01,0.3,7.1,6.8
1782735278.163,0.0,0.0,0.0,0.3,11:12,0.0,00:01,0.3,7.1,6.8
1782735283.176,0.0,0.0,0.0,0.3,11:12,0.0,00:01,0.3,7.1,6.8
1782735288.184,0.0,0.0,0.0,0.3,11:12,0.0,00:01,0.3,7.1,6.8
1782735293.197,0.0,0.0,0.0,0.3,11:12,0.0,00:01,0.3,7.1,6.8
1782735298.207,0.0,0.0,0.0,0.3,11:12,0.0,00:01,0.3,7.1,6.8
1782735303.219,0.0,0.0,0.0,0.3,11:12,0.0,00:01,0.3,7.1,6.8
1782735308.231,0.0,0.0,0.0,0.3,11:12,0.0,00:01,0.3,7.1,6.8
1782735313.245,0.0,0.0,0.0,0.3,11:12,0.0,00:01,0.3,7.1,6.8
1782735318.258,0.0,0.0,0.0,0.3,11:12,0.0,00:01,0.3,7.1,6.8
1782735323.266,0.0,0.0,0.0,0.3,11:12,0.0,00:01,0.3,7.1,6.8
1782735328.282,0.0,0.0,0.0,0.3,11:12,0.0,00:01,0.3,7.1,6.8
1782735333.294,0.0,0.0,0.0,0.3,11:12,0.0,00:01,0.3,7.1,6.8
1782735338.302,0.0,0.0,0.0,0.3,11:12,0.0,00:01,0.3,7.1,6.8
1782735343.314,0.0,0.0,0.0,0.3,11:12,0.0,00:01,0.3,7.1,6.8
1782735348.322,0.0,0.0,0.0,0.3,11:12,0.0,00:01,0.3,7.1,6.8
1782735353.334,0.0,0.0,0.0,0.3,11:12,0.0,00:01,0.3,7.1,6.8
1782735358.348,0.0,0.0,0.0,0.3,11:12,0.0,00:01,0.3,7.1,6.8
1782735363.36,0.0,0.0,0.0,0.3,11:12,0.0,00:01,0.3,7.1,6.8
1782735368.376,0.0,0.0,0.0,0.3,11:12,0.0,00:01,0.3,7.1,6.8
1782735373.384,0.0,0.0,0.0,0.3,11:12,0.0,00:01,0.3,7.1,6.8
1782735378.394,0.0,0.0,0.0,0.3,11:12,0.0,00:01,0.3,7.1,6.8
1782735383.404,0.0,0.0,0.0,0.3,11:12,0.0,00:01,0.3,7.1,6.8
1782735388.417,0.0,0.0,0.0,0.3,11:12,0.0,00:01,0.3,7.1,6.8
1782735393.423,0.0,0.0,0.0,0.3,11:12,0.0,00:01,0.3,7.1,6.8
1782735398.435,0.0,0.0,0.0,0.3,11:12,0.0,00:01,0.3,7.1,6.8
1782735403.449,0.0,0.0,0.0,0.3,11:12,0.0,00:01,0.3,7.1,6.8
1782735408.456,0.0,0.0,0.0,0.3,11:12,0.0,00:01,0.3,7.1,6.8
1782735413.471,0.0,0.0,0.0,0.3,11:12,0.0,00:01,0.3,7.1,6.8
1782735418.48,0.0,0.0,0.0,0.3,11:12,0.0,00:01,0.3,7.1,6.8
1782735423.49,0.0,0.0,0.0,0.3,11:12,0.0,00:01,0.3,7.1,6.8
1782735428.503,0.0,0.0,0.0,0.3,11:12,0.0,00:01,0.3,7.1,6.8
1782735433.511,0.0,0.0,0.0,0.3,11:12,0.0,00:01,0.3,7.1,6.8
1782735438.525,0.0,0.0,0.0,0.3,11:12,0.0,00:01,0.3,7.1,6.8
1782735443.532,0.0,0.0,0.0,0.3,11:12,0.0,00:01,0.3,7.1,6.8
1782735448.54,0.0,0.0,0.0,0.3,11:12,0.0,00:01,0.3,7.1,6.8
1782735453.552,0.0,0.0,0.0,0.3,11:12,0.0,00:01,0.3,7.1,6.8
1782735458.567,0.0,0.0,0.0,0.3,11:12,0.0,00:01,0.3,7.1,6.8
1782735463.576,0.0,0.0,0.0,0.3,11:12,0.0,00:01,0.3,7.1,6.8
1782735468.577,0.0,0.0,0.0,0.3,11:12,0.0,00:01,0.3,7.1,6.8
1782735473.594,0.0,0.0,0.0,0.3,11:12,0.0,00:01,0.3,7.1,6.8
1782735478.604,0.0,0.0,0.0,0.3,11:12,0.0,00:01,0.3,7.1,6.8
1782735483.616,0.0,0.0,0.0,0.3,11:12,0.0,00:01,0.3,7.1,6.8
1782735488.627,0.0,0.0,0.0,0.3,11:12,0.0,00:01,0.3,7.1,6.8
1782735493.635,0.0,0.0,0.0,0.3,11:12,0.0,00:01,0.3,7.1,6.8
1782735498.649,0.0,0.0,0.0,0.3,11:12,0.0,00:01,0.3,7.1,6.8
1782735503.661,0.0,0.0,0.0,0.3,11:12,0.0,00:01,0.3,7.1,6.8
1782735508.675,0.0,0.0,0.0,0.3,11:12,0.0,00:01,0.3,7.1,6.8
1782735513.682,0.0,0.0,0.0,0.3,11:12,0.0,00:01,0.3,7.1,6.8
1782735518.692,0.0,0.0,0.0,0.3,11:12,0.0,00:01,0.3,7.1,6.8
1782735523.703,0.0,0.0,0.0,0.3,11:12,0.0,00:01,0.3,7.1,6.8
1782735528.714,0.0,0.0,0.0,0.3,11:12,0.0,00:01,0.3,7.1,6.8
1782735533.73,0.0,0.0,0.0,0.3,11:12,0.0,00:01,0.3,7.1,6.8
1782735538.736,0.0,0.0,0.0,0.3,11:12,0.0,00:01,0.3,7.1,6.8
1782735543.75,0.0,0.0,0.0,0.3,11:12,0.0,00:01,0.3,7.1,6.8
1782735548.761,0.0,0.0,0.0,0.3,11:12,0.0,00:01,0.3,7.1,6.8
1782735553.774,0.0,0.0,0.0,0.3,11:12,0.0,00:01,0.3,7.1,6.8
1782735558.78,0.0,0.0,0.0,0.3,11:12,0.0,00:01,0.3,7.1,6.8
1782735563.792,0.0,0.0,0.0,0.3,11:12,0.0,00:01,0.3,7.1,6.8
1782735568.805,0.0,0.0,0.0,0.3,11:12,0.0,00:01,0.3,7.1,6.8
1782735573.818,0.0,0.0,0.0,0.3,11:12,0.0,00:01,0.3,7.1,6.8
1782735578.834,0.0,0.0,0.0,0.3,11:12,0.0,00:01,0.3,7.1,6.8
1782735583.843,0.0,0.0,0.0,0.3,11:12,0.0,00:01,0.3,7.1,6.8
1782735588.854,0.0,0.0,0.0,0.3,11:12,0.0,00:01,0.3,7.1,6.8
1782735593.867,0.0,0.0,0.0,0.3,11:12,0.0,00:01,0.3,7.1,6.8
1782735598.88,0.0,0.0,0.0,0.3,11:12,0.0,00:01,0.3,7.1,6.8
1782735603.894,0.0,0.0,0.0,0.3,11:12,0.0,00:01,0.3,7.1,6.8
1782735608.901,0.0,0.0,0.0,0.3,11:12,0.0,00:01,0.3,7.1,6.8
1782735613.915,0.0,0.0,0.0,0.3,11:12,0.0,00:01,0.3,7.1,6.8
1782735618.927,0.0,0.0,0.0,0.3,11:12,0.0,00:01,0.3,7.1,6.8
1782735623.937,0.0,0.0,0.0,0.3,11:12,0.0,00:01,0.3,7.1,6.8
1782735628.947,0.0,0.0,0.0,0.3,11:12,0.0,00:01,0.3,7.1,6.8
1782735633.955,0.0,0.0,0.0,0.3,11:12,0.0,00:01,0.3,7.1,6.8
1782735638.964,0.0,0.0,0.0,0.3,11:12,0.0,00:01,0.3,7.1,6.8
1782735643.97,0.0,0.0,0.0,0.3,11:12,0.0,00:01,0.3,7.1,6.8
1782735648.982,0.0,0.0,0.0,0.3,11:12,0.0,00:01,0.3,7.1,6.8
1782735653.989,0.0,0.0,0.0,0.3,11:12,0.0,00:01,0.3,7.1,6.8
1782735659.002,0.0,0.0,0.0,0.3,11:12,0.0,00:01,0.3,7.1,6.8
1782735664.014,0.0,0.0,0.0,0.3,11:12,0.0,00:01,0.3,7.1,6.8
1782735669.029,0.0,0.0,0.0,0.3,11:12,0.0,00:01,0.3,7.1,6.8
1782735674.043,0.0,0.0,0.0,0.3,11:12,0.0,00:01,0.3,7.1,6.8
1782735679.053,0.0,0.0,0.0,0.3,11:12,0.0,00:01,0.3,7.1,6.8
1782735684.063,0.0,0.0,0.0,0.3,11:12,0.0,00:01,0.3,7.1,6.8
1782735689.072,0.0,0.0,0.0,0.3,11:12,0.0,00:01,0.3,7.1,6.8
1782735694.085,0.0,0.0,0.0,0.3,11:12,0.0,00:01,0.3,7.1,6.8
1782735699.098,0.0,0.0,0.0,0.3,11:12,0.0,00:01,0.3,7.1,6.8
1782735704.1,0.0,0.0,0.0,0.3,11:12,0.0,00:01,0.3,7.1,6.8
1782735709.107,0.0,0.0,0.0,0.3,11:12,0.0,00:01,0.3,7.1,6.8
1782735714.119,0.0,0.0,0.0,0.3,11:12,0.0,00:01,0.3,7.1,6.8
1782735719.133,0.0,0.0,0.0,0.3,11:12,0.0,00:01,0.3,7.1,6.8
1782735724.145,0.0,0.0,0.0,0.3,11:12,0.0,00:01,0.3,7.1,6.8
1782735729.148,0.0,0.0,0.0,0.3,11:12,0.0,00:01,0.3,7.1,6.8
1782735734.161,0.0,0.0,0.0,0.3,11:12,0.0,00:01,0.3,7.1,6.8
1782735739.173,0.0,0.0,0.0,0.3,11:12,0.0,00:01,0.3,7.1,6.8
1782735744.189,0.0,0.0,0.0,0.3,11:12,0.0,00:01,0.3,7.1,6.8
1782735749.196,0.0,0.0,0.0,0.3,11:12,0.0,00:01,0.3,7.1,6.8
1782735754.21,0.0,0.0,0.0,0.3,11:12,0.0,00:01,0.3,7.1,6.8
1782735759.222,0.0,0.0,0.0,0.3,11:12,0.0,00:01,0.3,7.1,6.8
1782735764.235,0.0,0.0,0.0,0.3,11:12,0.0,00:01,0.3,7.1,6.8
1782735769.248,0.0,0.0,0.0,0.3,11:12,0.0,00:01,0.3,7.1,6.8
1782735774.254,0.0,0.0,0.0,0.3,11:12,0.0,00:01,0.3,7.1,6.8
1782735779.267,0.0,0.0,0.0,0.3,11:12,0.0,00:01,0.3,7.1,6.8
1782735784.282,0.0,0.0,0.0,0.3,11:12,0.0,00:01,0.3,7.1,6.8
1782735789.295,0.0,0.0,0.0,0.3,11:12,0.0,00:01,0.3,7.1,6.8
1782735794.307,0.0,0.0,0.0,0.3,11:12,0.0,00:01,0.3,7.1,6.8
1782735799.314,0.0,0.0,0.0,0.3,11:12,0.0,00:01,0.3,7.1,6.8
1782735804.324,0.0,0.0,0.0,0.3,11:12,0.0,00:01,0.3,7.1,6.8
1782735809.337,0.0,0.0,0.0,0.3,11:12,0.0,00:01,0.3,7.1,6.8
1782735814.35,0.0,0.0,0.0,0.3,11:12,0.0,00:01,0.3,7.1,6.8
1782735819.361,0.0,0.0,0.0,0.3,11:12,0.0,00:01,0.3,7.1,6.8
1782735824.368,0.0,0.0,0.0,0.3,11:12,0.0,00:01,0.3,7.1,6.8
1782735829.382,0.0,0.0,0.0,0.3,11:12,0.0,00:01,0.3,7.1,6.8
1782735834.396,0.0,0.0,0.0,0.3,11:12,0.0,00:01,0.3,7.1,6.8
1782735839.407,0.0,0.0,0.0,0.3,11:12,0.0,00:01,0.3,7.1,6.8
1782735844.415,0.0,0.0,0.0,0.3,11:12,0.0,00:01,0.3,7.1,6.8
1782735849.427,0.0,0.0,0.0,0.3,11:12,0.0,00:01,0.3,7.1,6.8
1782735854.442,0.0,0.0,0.0,0.3,11:12,0.0,00:01,0.3,7.1,6.8
1782735859.455,0.0,0.0,0.0,0.3,11:12,0.0,00:01,0.3,7.1,6.8
1782735864.468,0.0,0.0,0.0,0.3,11:12,0.0,00:01,0.3,7.1,6.8
1782735869.474,0.0,0.0,0.0,0.3,11:12,0.0,00:01,0.3,7.1,6.8
1782735874.485,0.0,0.0,0.0,0.3,11:12,0.0,00:01,0.3,7.1,6.8
1782735879.497,0.0,0.0,0.0,0.3,11:12,0.0,00:01,0.3,7.1,6.8
1782735884.511,0.0,0.0,0.0,0.3,11:12,0.0,00:01,0.3,7.1,6.8
1782735889.52,0.0,0.0,0.0,0.3,11:12,0.0,00:01,0.3,7.1,6.8
1782735894.526,0.0,0.0,0.0,0.3,11:12,0.0,00:01,0.3,7.1,6.8
1782735899.539,0.0,0.0,0.0,0.3,11:12,0.0,00:01,0.3,7.1,6.8
1782735904.549,0.0,0.0,0.0,0.3,11:12,0.0,00:01,0.3,7.1,6.8
1782735909.561,0.0,0.0,0.0,0.3,11:12,0.0,00:01,0.3,7.1,6.8
1782735914.568,0.0,0.0,0.0,0.3,11:12,0.0,00:01,0.3,7.1,6.8
1782735919.575,0.0,0.0,0.0,0.3,11:12,0.0,00:01,0.3,7.1,6.8
1782735924.583,0.0,0.0,0.0,0.3,11:12,0.0,00:01,0.3,7.1,6.8
1782735929.6,0.0,0.0,0.0,0.3,11:12,0.0,00:01,0.3,7.1,6.8
1782735934.607,0.0,0.0,0.0,0.3,11:12,0.0,00:01,0.3,7.1,6.8
1782735939.616,0.0,0.0,0.0,0.3,11:12,0.0,00:01,0.3,7.1,6.8
1782735944.628,0.0,0.0,0.0,0.3,11:12,0.0,00:01,0.3,7.1,6.8
1782735949.64,0.0,0.0,0.0,0.3,11:12,0.0,00:01,0.3,7.1,6.8
1782735954.654,0.0,0.0,0.0,0.3,11:12,0.0,00:01,0.3,7.1,6.8
1782735959.661,0.0,0.0,0.0,0.3,11:12,0.0,00:01,0.3,7.1,6.8
1782735964.668,0.0,0.0,0.0,0.3,11:12,0.0,00:01,0.3,7.1,6.8
1782735969.682,0.0,0.0,0.0,0.3,11:12,0.0,00:01,0.3,7.1,6.8
1782735974.696,0.0,0.0,0.0,0.3,11:12,0.0,00:01,0.3,7.1,6.8
1782735979.706,0.0,0.0,0.0,0.3,11:12,0.0,00:01,0.3,7.1,6.8
1782735984.718,0.0,0.0,0.0,0.3,11:12,0.0,00:01,0.3,7.1,6.8
1782735989.727,0.0,0.0,0.0,0.3,11:12,0.0,00:01,0.3,7.1,6.8
1782735994.739,0.0,0.0,0.0,0.3,11:12,0.0,00:01,0.3,7.1,6.8
1782735999.754,0.0,0.0,0.0,0.3,11:12,0.0,00:01,0.3,7.1,6.8
1782736004.766,0.0,0.0,0.0,0.3,11:12,0.0,00:01,0.3,7.1,6.8
1782736009.772,0.0,0.0,0.0,0.3,11:12,0.0,00:01,0.3,7.1,6.8
1782736014.784,0.0,0.0,0.0,0.3,11:12,0.0,00:01,0.3,7.1,6.8
1782736019.799,0.0,0.0,0.0,0.3,11:12,0.0,00:01,0.3,7.1,6.8
1782736024.812,0.0,0.0,0.0,0.3,11:12,0.0,00:01,0.3,7.1,6.8
1782736029.825,0.0,0.0,0.0,0.3,11:12,0.0,00:01,0.3,7.1,6.8
1782736034.832,0.0,0.0,0.0,0.3,11:12,0.0,00:01,0.3,7.1,6.8
1782736039.846,0.0,0.0,0.0,0.3,11:12,0.0,00:01,0.3,7.1,6.8
1782736044.861,0.0,0.0,0.0,0.3,11:12,0.0,00:01,0.3,7.1,6.8
1782736049.872,0.0,0.0,0.0,0.3,11:12,0.0,00:01,0.3,7.1,6.8
1782736054.885,0.0,0.0,0.0,0.3,11:12,0.0,00:01,0.3,7.1,6.8
1782736059.892,0.0,0.0,0.0,0.3,11:12,0.0,00:01,0.3,7.1,6.8
1782736064.904,0.0,0.0,0.0,0.3,11:12,0.0,00:01,0.3,7.1,6.8
1782736069.92,0.0,0.0,0.0,0.3,11:12,0.0,00:01,0.3,7.1,6.8
1782736074.934,0.0,0.0,0.0,0.3,11:12,0.0,00:01,0.3,7.1,6.8
1782736079.946,0.0,0.0,0.0,0.3,11:12,0.0,00:01,0.3,7.1,6.8
1782736084.953,0.0,0.0,0.0,0.3,11:12,0.0,00:01,0.3,7.1,6.8
1782736089.967,0.0,0.0,0.0,0.3,11:12,0.0,00:01,0.3,7.1,6.8
1782736094.98,0.0,0.0,0.0,0.3,11:12,0.0,00:01,0.3,7.1,6.8
1782736099.993,0.0,0.0,0.0,0.3,11:12,0.0,00:01,0.3,7.1,6.8
1782736104.999,0.0,0.0,0.0,0.3,11:12,0.0,00:01,0.3,7.1,6.8
1782736110.01,0.0,0.0,0.0,0.3,11:12,0.0,00:01,0.3,7.1,6.8
1782736115.027,0.0,0.0,0.0,0.3,11:12,0.0,00:01,0.3,7.1,6.8
1782736120.038,0.0,0.0,0.0,0.3,11:12,0.0,00:01,0.3,7.1,6.8
1782736125.05,0.0,0.0,0.0,0.3,11:12,0.0,00:01,0.3,7.1,6.8
1782736130.056,0.0,0.0,0.0,0.3,11:12,0.0,00:01,0.3,7.1,6.8
1782736135.068,0.0,0.0,0.0,0.3,11:12,0.0,00:01,0.3,7.1,6.8
1782736140.084,0.0,0.0,0.0,0.3,11:12,0.0,00:01,0.3,7.1,6.8
1782736145.097,0.0,0.0,0.0,0.3,11:12,0.0,00:01,0.3,7.1,6.8
1782736150.109,0.0,0.0,0.0,0.3,11:12,0.0,00:01,0.3,7.1,6.8
1782736155.112,0.0,0.0,0.0,0.3,11:12,0.0,00:01,0.3,7.1,6.8
1782736160.124,0.0,0.0,0.0,0.3,11:12,0.0,00:01,0.3,7.1,6.8
1782736165.133,0.0,0.0,0.0,0.3,11:12,0.0,00:01,0.3,7.1,6.8
1782736170.145,0.0,0.0,0.0,0.3,11:12,0.0,00:01,0.3,7.1,6.8
1782736175.157,0.0,0.0,0.0,0.3,11:12,0.0,00:01,0.3,7.1,6.8
1782736180.164,0.0,0.0,0.0,0.3,11:12,0.0,00:01,0.3,7.1,6.8
1782736185.176,0.0,0.0,0.0,0.3,11:12,0.0,00:01,0.3,7.1,6.8
1782736190.187,0.0,0.0,0.0,0.3,11:12,0.0,00:01,0.3,7.1,6.8
1782736195.2,0.0,0.0,0.0,0.3,11:12,0.0,00:01,0.3,7.1,6.8
1782736200.208,0.0,0.0,0.0,0.3,11:12,0.0,00:01,0.3,7.1,6.8
1782736205.222,0.0,0.0,0.0,0.3,11:12,0.0,00:01,0.3,7.1,6.8
1782736210.233,0.0,0.0,0.0,0.3,11:12,0.0,00:01,0.3,7.1,6.8
1782736215.241,0.0,0.0,0.0,0.3,11:12,0.0,00:01,0.3,7.1,6.8
1782736220.253,0.0,0.0,0.0,0.3,11:12,0.0,00:01,0.3,7.1,6.8
1782736225.262,0.0,0.0,0.0,0.3,11:12,0.0,00:01,0.3,7.1,6.8
1782736230.275,0.0,0.0,0.0,0.3,11:12,0.0,00:01,0.3,7.1,6.8
1782736235.288,0.0,0.0,0.0,0.3,11:12,0.0,00:01,0.3,7.1,6.8
1782736240.296,0.0,0.0,0.0,0.3,11:12,0.0,00:01,0.3,7.1,6.8
1782736245.309,0.0,0.0,0.0,0.3,11:12,0.0,00:01,0.3,7.1,6.8
1782736250.314,0.0,0.0,0.0,0.3,11:12,0.0,00:01,0.3,7.1,6.8
1782736255.325,0.0,0.0,0.0,0.3,11:12,0.0,00:01,0.3,7.1,6.8
1782736260.337,0.0,0.0,0.0,0.3,11:12,0.0,00:01,0.3,7.1,6.8
1782736265.348,0.0,0.0,0.0,0.3,11:12,0.0,00:01,0.3,7.1,6.8
1782736270.354,0.0,0.0,0.0,0.3,11:12,0.0,00:01,0.3,7.1,6.8
1782736275.363,0.0,0.0,0.0,0.3,11:12,0.0,00:01,0.3,7.1,6.8
1782736280.377,0.0,0.0,0.0,0.3,11:12,0.0,00:01,0.3,7.1,6.8
1782736285.39,0.0,0.0,0.0,0.3,11:12,0.0,00:01,0.3,7.1,6.8
1782736290.401,0.0,0.0,0.0,0.3,11:12,0.0,00:01,0.3,7.1,6.8
1782736295.413,0.0,0.0,0.0,0.3,11:12,0.0,00:01,0.3,7.1,6.8
1782736300.425,0.0,0.0,0.0,0.3,11:12,0.0,00:01,0.3,7.1,6.8
1782736305.437,0.0,0.0,0.0,0.3,11:12,0.0,00:01,0.3,7.1,6.8
1782736310.445,0.0,0.0,0.0,0.3,11:12,0.0,00:01,0.3,7.1,6.8
1782736315.458,0.0,0.0,0.0,0.3,11:12,0.0,00:01,0.3,7.1,6.8
1782736320.46,0.0,0.0,0.0,0.3,11:12,0.0,00:01,0.3,7.1,6.8
1782736325.477,0.0,0.0,0.0,0.3,11:12,0.0,00:01,0.3,7.1,6.8
1782736330.488,0.0,0.0,0.0,0.3,11:12,0.0,00:01,0.3,7.1,6.8
1782736335.496,0.0,0.0,0.0,0.3,11:12,0.0,00:01,0.3,7.1,6.8
1782736340.505,0.0,0.0,0.0,0.3,11:12,0.0,00:01,0.3,7.1,6.8
1782736345.521,0.0,0.0,0.0,0.3,11:12,0.0,00:01,0.3,7.1,6.8
1782736350.533,0.0,0.0,0.0,0.3,11:12,0.0,00:01,0.3,7.1,6.8
1782736355.546,0.0,0.0,0.0,0.3,11:12,0.0,00:01,0.3,7.1,6.8
1782736360.558,0.0,0.0,0.0,0.3,11:12,0.0,00:01,0.3,7.1,6.8
1782736365.564,0.0,0.0,0.0,0.3,11:12,0.0,00:01,0.3,7.1,6.8
1782736370.579,0.0,0.0,0.0,0.3,11:12,0.0,00:01,0.3,7.1,6.8
1782736375.591,0.0,0.0,0.0,0.3,11:12,0.0,00:01,0.3,7.1,6.8
1782736380.604,0.0,0.0,0.0,0.3,11:12,0.0,00:01,0.3,7.1,6.8
1782736385.616,0.0,0.0,0.0,0.3,11:12,0.0,00:01,0.3,7.1,6.8
1782736390.623,0.0,0.0,0.0,0.3,11:12,0.0,00:01,0.3,7.1,6.8
1782736395.639,0.0,0.0,0.0,0.3,11:12,0.0,00:01,0.3,7.1,6.8
1782736400.649,0.0,0.0,0.0,0.3,11:12,0.0,00:01,0.3,7.1,6.8
1782736405.66,0.0,0.0,0.0,0.3,11:12,0.0,00:01,0.3,7.1,6.8
1782736410.673,0.0,0.0,0.0,0.3,11:12,0.0,00:01,0.3,7.1,6.8
1782736415.683,0.0,0.0,0.0,0.3,11:12,0.0,00:01,0.3,7.1,6.8
1782736420.695,0.0,0.0,0.0,0.3,11:12,0.0,00:01,0.3,7.1,6.8
1782736425.709,0.0,0.0,0.0,0.3,11:12,0.0,00:01,0.3,7.1,6.8
1782736430.721,0.0,0.0,0.0,0.3,11:12,0.0,00:01,0.3,7.1,6.8
1782736435.728,0.0,0.0,0.0,0.3,11:12,0.0,00:01,0.3,7.1,6.8
1782736440.742,0.0,0.0,0.0,0.3,11:12,0.0,00:01,0.3,7.1,6.8
1782736445.754,0.0,0.0,0.0,0.3,11:12,0.0,00:01,0.3,7.1,6.8
1782736450.767,0.0,0.0,0.0,0.3,11:12,0.0,00:01,0.3,7.1,6.8
1782736455.779,0.0,0.0,0.0,0.3,11:12,0.0,00:01,0.3,7.1,6.8
1782736460.786,0.0,0.0,0.0,0.3,11:12,0.0,00:01,0.3,7.1,6.8
1782736465.802,0.0,0.0,0.0,0.3,11:12,0.0,00:01,0.3,7.1,6.8
1782736470.816,0.0,0.0,0.0,0.3,11:12,0.0,00:01,0.3,7.1,6.8
1782736475.828,0.0,0.0,0.0,0.3,11:12,0.0,00:01,0.3,7.1,6.8
1782736480.84,0.0,0.0,0.0,0.3,11:12,0.0,00:01,0.3,7.1,6.8
1782736485.85,0.0,0.0,0.0,0.3,11:12,0.0,00:01,0.3,7.1,6.8
1782736490.861,0.0,0.0,0.0,0.3,11:12,0.0,00:01,0.3,7.1,6.8
1782736495.873,0.0,0.0,0.0,0.3,11:12,0.0,00:01,0.3,7.1,6.8
1782736500.885,0.0,0.0,0.0,0.3,11:12,0.0,00:01,0.3,7.1,6.8
1782736505.897,0.0,0.0,0.0,0.3,11:12,0.0,00:01,0.3,7.1,6.8
1782736510.907,0.0,0.0,0.0,0.3,11:12,0.0,00:01,0.3,7.1,6.8
1782736515.919,0.0,0.0,0.0,0.3,11:12,0.0,00:01,0.3,7.1,6.8
1782736520.931,0.0,0.0,0.0,0.3,11:12,0.0,00:01,0.3,7.1,6.8
1782736525.945,0.0,0.0,0.0,0.3,11:12,0.0,00:01,0.3,7.1,6.8
1782736530.948,0.0,0.0,0.0,0.3,11:12,0.0,00:01,0.3,7.1,6.8
1782736535.963,0.0,0.0,0.0,0.3,11:12,0.0,00:01,0.3,7.1,6.8
1782736540.977,0.0,0.0,0.0,0.3,11:12,0.0,00:01,0.3,7.1,6.8
1782736545.984,0.0,0.0,0.0,0.3,11:12,0.0,00:01,0.3,7.1,6.8
1782736550.996,0.0,0.0,0.0,0.3,11:12,0.0,00:01,0.3,7.1,6.8
1782736556.008,0.0,0.0,0.0,0.3,11:12,0.0,00:01,0.3,7.1,6.8
1782736561.021,0.0,0.0,0.0,0.3,11:12,0.0,00:01,0.3,7.1,6.8
1782736566.035,0.0,0.0,0.0,0.3,11:12,0.0,00:01,0.3,7.1,6.8
1782736571.045,0.0,0.0,0.0,0.3,11:12,0.0,00:01,0.3,7.1,6.8
1782736576.053,0.0,0.0,0.0,0.3,11:12,0.0,00:01,0.3,7.1,6.8
1782736581.062,0.0,0.0,0.0,0.3,11:12,0.0,00:01,0.3,7.1,6.8
1782736586.071,0.0,0.0,0.0,0.3,11:12,0.0,00:01,0.3,7.1,6.8
1782736591.079,0.0,0.0,0.0,0.3,11:12,0.0,00:01,0.3,7.1,6.8
1782736596.089,0.0,0.0,0.0,0.3,11:12,0.0,00:01,0.3,7.1,6.8
1782736601.096,0.0,0.0,0.0,0.3,11:12,0.0,00:01,0.3,7.1,6.8
1782736606.108,0.0,0.0,0.0,0.3,11:12,0.0,00:01,0.3,7.1,6.8
1782736611.119,0.0,0.0,0.0,0.3,11:12,0.0,00:01,0.3,7.1,6.8
1782736616.128,0.0,0.0,0.0,0.3,11:12,0.0,00:01,0.3,7.1,6.8
1782736621.134,0.0,0.0,0.0,0.3,11:12,0.0,00:01,0.3,7.1,6.8
1782736626.142,0.0,0.0,0.0,0.3,11:12,0.0,00:01,0.3,7.1,6.8
1782736631.15,0.0,0.0,0.0,0.3,11:12,0.0,00:01,0.3,7.1,6.8
1782736636.158,0.0,0.0,0.0,0.3,11:12,0.0,00:01,0.3,7.1,6.8
1782736641.167,0.0,0.0,0.0,0.3,11:12,0.0,00:01,0.3,7.1,6.8
1782736646.176,0.0,0.0,0.0,0.3,11:12,0.0,00:01,0.3,7.1,6.8
1782736651.183,0.0,0.0,0.0,0.3,11:12,0.0,00:01,0.3,7.1,6.8
1782736656.191,0.0,0.0,0.0,0.3,11:12,0.0,00:01,0.3,7.1,6.8
1782736661.198,0.0,0.0,0.0,0.3,11:12,0.0,00:01,0.3,7.1,6.8
1782736666.207,0.0,0.0,0.0,0.3,11:12,0.0,00:01,0.3,7.1,6.8
1782736671.215,0.0,0.0,0.0,0.3,11:12,0.0,00:01,0.3,7.1,6.8
1782736676.222,0.0,0.0,0.0,0.3,11:12,0.0,00:01,0.3,7.1,6.8
1782736681.232,0.0,0.0,0.0,0.3,11:12,0.0,00:01,0.3,7.1,6.8
1782736686.239,0.0,0.0,0.0,0.3,11:12,0.0,00:01,0.3,7.1,6.8
1782736691.248,0.0,0.0,0.0,0.3,11:12,0.0,00:01,0.3,7.1,6.8
1782736696.253,0.0,0.0,0.0,0.3,11:12,0.0,00:01,0.3,7.1,6.8
1782736701.261,0.0,0.0,0.0,0.3,11:12,0.0,00:01,0.3,7.1,6.8
1782736706.267,0.0,0.0,0.0,0.3,11:12,0.0,00:01,0.3,7.1,6.8
1782736711.274,0.0,0.0,0.0,0.3,11:12,0.0,00:01,0.3,7.1,6.8
1782736716.281,0.0,0.0,0.0,0.3,11:12,0.0,00:01,0.3,7.1,6.8
1782736721.289,0.0,0.0,0.0,0.3,11:12,0.0,00:01,0.3,7.1,6.8
1782736726.296,0.0,0.0,0.0,0.3,11:12,0.0,00:01,0.3,7.1,6.8
1782736731.304,0.0,0.0,0.0,0.3,11:12,0.0,00:01,0.3,7.1,6.8
1782736736.315,0.0,0.0,0.0,0.3,11:12,0.0,00:01,0.3,7.1,6.8
1782736741.323,0.0,0.0,0.0,0.3,11:12,0.0,00:01,0.3,7.1,6.8
1782736746.328,0.0,0.0,0.0,0.3,11:12,0.0,00:01,0.3,7.1,6.8
1782736751.335,0.0,0.0,0.0,0.3,11:12,0.0,00:01,0.3,7.1,6.8
1782736756.342,0.0,0.0,0.0,0.3,11:12,0.0,00:01,0.3,7.1,6.8
1782736761.35,0.0,0.0,0.0,0.3,11:12,0.0,00:01,0.3,7.1,6.8
1782736766.357,0.0,0.0,0.0,0.3,11:12,0.0,00:01,0.3,7.1,6.8
1782736771.364,0.0,0.0,0.0,0.3,11:12,0.0,00:01,0.3,7.1,6.8
1782736776.371,0.0,0.0,0.0,0.3,11:12,0.0,00:01,0.3,7.1,6.8
1782736781.381,0.0,0.0,0.0,0.3,11:12,0.0,00:01,0.3,7.1,6.8
1782736786.386,0.0,0.0,0.0,0.3,11:12,0.0,00:01,0.3,7.1,6.8
1782736791.393,0.0,0.0,0.0,0.3,11:12,0.0,00:01,0.3,7.1,6.8
1782736796.403,0.0,0.0,0.0,0.3,11:12,0.0,00:01,0.3,7.1,6.8
1782736801.416,0.0,0.0,0.0,0.3,11:12,0.0,00:01,0.3,7.1,6.8
1782736806.429,0.0,0.0,0.0,0.3,11:12,0.0,00:01,0.3,7.1,6.8
1782736811.442,0.0,0.0,0.0,0.3,11:12,0.0,00:01,0.3,7.1,6.8
1782736816.448,0.0,0.0,0.0,0.3,11:12,0.0,00:01,0.3,7.1,6.8
1782736821.461,0.0,0.0,0.0,0.3,11:12,0.0,00:01,0.3,7.1,6.8
1782736826.474,0.0,0.0,0.0,0.3,11:12,0.0,00:01,0.3,7.1,6.8
1782736831.48,0.0,0.0,0.0,0.3,11:12,0.0,00:01,0.3,7.1,6.8
1782736836.49,0.0,0.0,0.0,0.3,11:12,0.0,00:01,0.3,7.1,6.8
1782736841.502,0.0,0.0,0.0,0.3,11:12,0.0,00:01,0.3,7.1,6.8
1782736846.513,0.0,0.0,0.0,0.3,11:12,0.0,00:01,0.3,7.1,6.8
1782736851.526,0.0,0.0,0.0,0.3,11:12,0.0,00:01,0.3,7.1,6.8
1782736856.539,0.0,0.0,0.0,0.3,11:12,0.0,00:01,0.3,7.1,6.8
1782736861.547,0.0,0.0,0.0,0.3,11:12,0.0,00:01,0.3,7.1,6.8
1782736866.56,0.0,0.0,0.0,0.3,11:12,0.0,00:01,0.3,7.1,6.8
1782736871.572,0.0,0.0,0.0,0.3,11:12,0.0,00:01,0.3,7.1,6.8
1782736876.583,0.0,0.0,0.0,0.3,11:12,0.0,00:01,0.3,7.1,6.8
1782736881.597,0.0,0.0,0.0,0.3,11:12,0.0,00:01,0.3,7.1,6.8
1782736886.602,0.0,0.0,0.0,0.3,11:12,0.0,00:01,0.3,7.1,6.8
1782736891.616,0.0,0.0,0.0,0.3,11:12,0.0,00:01,0.3,7.1,6.8
1782736896.626,0.0,0.0,0.0,0.3,11:12,0.0,00:01,0.3,7.1,6.8
1782736901.639,0.0,0.0,0.0,0.3,11:12,0.0,00:01,0.3,7.1,6.8
1782736906.652,0.0,0.0,0.0,0.3,11:12,0.0,00:01,0.3,7.1,6.8
1782736911.658,0.0,0.0,0.0,0.3,11:12,0.0,00:01,0.3,7.1,6.8
1782736916.671,0.0,0.0,0.0,0.3,11:12,0.0,00:01,0.3,7.1,6.8
1782736921.681,0.0,0.0,0.0,0.3,11:12,0.0,00:01,0.3,7.1,6.8
1782736926.689,0.0,0.0,0.0,0.3,11:12,0.0,00:01,0.3,7.1,6.8
1782736931.698,0.0,0.0,0.0,0.3,11:12,0.0,00:01,0.3,7.1,6.8
1782736936.711,0.0,0.0,0.0,0.3,11:12,0.0,00:01,0.3,7.1,6.8
1782736941.72,0.0,0.0,0.0,0.3,11:12,0.0,00:01,0.3,7.1,6.8
1782736946.732,0.0,0.0,0.0,0.3,11:12,0.0,00:01,0.3,7.1,6.8
1782736951.749,0.0,0.0,0.0,0.3,11:12,0.0,00:01,0.3,7.1,6.8
1782736956.756,0.0,0.0,0.0,0.3,11:12,0.0,00:01,0.3,7.1,6.8
1782736961.769,0.0,0.0,0.0,0.3,11:12,0.0,00:01,0.3,7.1,6.8
1782736966.783,0.0,0.0,0.0,0.3,11:12,0.0,00:01,0.3,7.1,6.8
1782736971.794,0.0,0.0,0.0,0.3,11:12,0.0,00:01,0.3,7.1,6.8
1782736976.804,0.0,0.0,0.0,0.3,11:12,0.0,00:01,0.3,7.1,6.8
1782736981.808,0.0,0.0,0.0,0.3,11:12,0.0,00:01,0.3,7.1,6.8
1782736986.816,0.0,0.0,0.0,0.3,11:12,0.0,00:01,0.3,7.1,6.8
1782736991.83,0.0,0.0,0.0,0.3,11:12,0.0,00:01,0.3,7.1,6.8
1782736996.838,0.0,0.0,0.0,0.3,11:12,0.0,00:01,0.3,7.1,6.8
1782737001.844,0.0,0.0,0.0,0.3,11:12,0.0,00:01,0.3,7.1,6.8
1782737006.856,0.0,0.0,0.0,0.3,11:12,0.0,00:01,0.3,7.1,6.8
1782737011.862,0.0,0.0,0.0,0.3,11:12,0.0,00:01,0.3,7.1,6.8
1782737016.872,0.0,0.0,0.0,0.3,11:12,0.0,00:01,0.3,7.1,6.8
1782737021.885,0.0,0.0,0.0,0.3,11:12,0.0,00:01,0.3,7.1,6.8
1782737026.887,0.0,0.0,0.0,0.3,11:12,0.0,00:01,0.3,7.1,6.8
1782737031.898,0.0,0.0,0.0,0.3,11:12,0.0,00:01,0.3,7.1,6.8
1782737036.912,0.0,0.0,0.0,0.3,11:12,0.0,00:01,0.3,7.1,6.8
1782737041.922,0.0,0.0,0.0,0.3,11:12,0.0,00:01,0.3,7.1,6.8
1782737046.936,0.0,0.0,0.0,0.3,11:12,0.0,00:01,0.3,7.1,6.8
1782737051.944,0.0,0.0,0.0,0.3,11:12,0.0,00:01,0.3,7.1,6.8
1782737056.957,0.0,0.0,0.0,0.3,11:12,0.0,00:01,0.3,7.1,6.8
1782737061.969,0.0,0.0,0.0,0.3,11:12,0.0,00:01,0.3,7.1,6.8
1782737066.979,0.0,0.0,0.0,0.3,11:12,0.0,00:01,0.3,7.1,6.8
1782737071.992,0.0,0.0,0.0,0.3,11:12,0.0,00:01,0.3,7.1,6.8
1782737077.0,0.0,0.0,0.0,0.3,11:12,0.0,00:01,0.3,7.1,6.8
1782737082.01,0.0,0.0,0.0,0.3,11:12,0.0,00:01,0.3,7.1,6.8
1782737087.018,0.0,0.0,0.0,0.3,11:12,0.0,00:01,0.3,7.1,6.8
1782737092.034,0.0,0.0,0.0,0.3,11:12,0.0,00:01,0.3,7.1,6.8
1782737097.04,0.0,0.0,0.0,0.3,11:12,0.0,00:01,0.3,7.1,6.8
1782737102.053,0.0,0.0,0.0,0.3,11:12,0.0,00:01,0.3,7.1,6.8
1782737107.065,0.0,0.0,0.0,0.3,11:12,0.0,00:01,0.3,7.1,6.8
1782737112.076,0.0,0.0,0.0,0.3,11:12,0.0,00:01,0.3,7.1,6.8
1782737117.085,0.0,0.0,0.0,0.3,11:12,0.0,00:01,0.3,7.1,6.8
1782737122.088,0.0,0.0,0.0,0.3,11:12,0.0,00:01,0.3,7.1,6.8
1782737127.099,0.0,0.0,0.0,0.3,11:12,0.0,00:01,0.3,7.1,6.8
1782737132.105,0.0,0.0,0.0,0.3,11:12,0.0,00:01,0.3,7.1,6.8
1782737137.119,0.0,0.0,0.0,0.3,11:12,0.0,00:01,0.3,7.1,6.8
1782737142.133,0.0,0.0,0.0,0.3,11:12,0.0,00:01,0.3,7.1,6.8
1782737147.136,0.0,0.0,0.0,0.3,11:12,0.0,00:01,0.3,7.1,6.8
1782737152.146,0.0,0.0,0.0,0.3,11:12,0.0,00:01,0.3,7.1,6.8
1782737157.156,0.0,0.0,0.0,0.3,11:12,0.0,00:01,0.3,7.1,6.8
1782737162.169,0.0,0.0,0.0,0.3,11:12,0.0,00:01,0.3,7.1,6.8
1782737167.178,0.0,0.0,0.0,0.3,11:12,0.0,00:01,0.3,7.1,6.8
1782737172.184,0.0,0.0,0.0,0.3,11:12,0.0,00:01,0.3,7.1,6.8
1782737177.194,0.0,0.0,0.0,0.3,11:12,0.0,00:01,0.3,7.1,6.8
1782737182.203,0.0,0.0,0.0,0.3,11:12,0.0,00:01,0.3,7.1,6.8
1782737187.214,0.0,0.0,0.0,0.3,11:12,0.0,00:01,0.3,7.1,6.8
1782737192.22,0.0,0.0,0.0,0.3,11:12,0.0,00:01,0.3,7.1,6.8
1782737197.232,0.0,0.0,0.0,0.3,11:12,0.0,00:01,0.3,7.1,6.8
1782737202.244,0.0,0.0,0.0,0.3,11:12,0.0,00:01,0.3,7.1,6.8
1782737207.255,0.0,0.0,0.0,0.3,11:12,0.0,00:01,0.3,7.1,6.8
1782737212.265,0.0,0.0,0.0,0.3,11:12,0.0,00:01,0.3,7.1,6.8
1782737217.268,0.0,0.0,0.0,0.3,11:12,0.0,00:01,0.3,7.1,6.8
1782737222.281,0.0,0.0,0.0,0.3,11:12,0.0,00:01,0.3,7.1,6.8
1782737227.29,0.0,0.0,0.0,0.3,11:12,0.0,00:01,0.3,7.1,6.8
1782737232.298,0.0,0.0,0.0,0.3,11:12,0.0,00:01,0.3,7.1,6.8
1782737237.309,0.0,0.0,0.0,0.3,11:12,0.0,00:01,0.3,7.1,6.8
1782737242.313,0.0,0.0,0.0,0.3,11:12,0.0,00:01,0.3,7.1,6.8
1782737247.325,0.0,0.0,0.0,0.3,11:12,0.0,00:01,0.3,7.1,6.8
1782737252.339,0.0,0.0,0.0,0.3,11:12,0.0,00:01,0.3,7.1,6.8
1782737257.351,0.0,0.0,0.0,0.3,11:12,0.0,00:01,0.3,7.1,6.8
1782737262.356,0.0,0.0,0.0,0.3,11:12,0.0,00:01,0.3,7.1,6.8
1782737267.366,0.0,0.0,0.0,0.3,11:12,0.0,00:01,0.3,7.1,6.8
1782737272.375,0.0,0.0,0.0,0.3,11:12,0.0,00:01,0.3,7.1,6.8
1782737277.388,0.0,0.0,0.0,0.3,11:12,0.0,00:01,0.3,7.1,6.8
1782737282.401,0.0,0.0,0.0,0.3,11:12,0.0,00:01,0.3,7.1,6.8
1782737287.404,0.0,0.0,0.0,0.3,11:12,0.0,00:01,0.3,7.1,6.8
1782737292.414,0.0,0.0,0.0,0.3,11:12,0.0,00:01,0.3,7.1,6.8
1782737297.422,0.0,0.0,0.0,0.3,11:12,0.0,00:01,0.3,7.1,6.8
1782737302.431,0.0,0.0,0.0,0.3,11:12,0.0,00:01,0.3,7.1,6.8
1782737307.442,0.0,0.0,0.0,0.3,11:12,0.0,00:01,0.3,7.1,6.8
1782737312.45,0.0,0.0,0.0,0.3,11:12,0.0,00:01,0.3,7.1,6.8
1782737317.462,0.0,0.0,0.0,0.3,11:12,0.0,00:01,0.3,7.1,6.8
1782737322.471,0.0,0.0,0.0,0.3,11:12,0.0,00:01,0.3,7.1,6.8
1782737327.481,0.0,0.0,0.0,0.3,11:12,0.0,00:01,0.3,7.1,6.8
1782737332.488,0.0,0.0,0.0,0.3,11:12,0.0,00:01,0.3,7.1,6.8
1782737337.496,0.0,0.0,0.0,0.3,11:12,0.0,00:01,0.3,7.1,6.8
1782737342.508,0.0,0.0,0.0,0.3,11:12,0.0,00:01,0.3,7.1,6.8
1782737347.518,0.0,0.0,0.0,0.3,11:12,0.0,00:01,0.3,7.1,6.8
1782737352.532,0.0,0.0,0.0,0.3,11:12,0.0,00:01,0.3,7.1,6.8
1782737357.542,0.0,0.0,0.0,0.3,11:12,0.0,00:01,0.3,7.1,6.8
1782737362.55,0.0,0.0,0.0,0.3,11:12,0.0,00:01,0.3,7.1,6.8
1782737367.561,0.0,0.0,0.0,0.3,11:12,0.0,00:01,0.3,7.1,6.8
1782737372.572,0.0,0.0,0.0,0.3,11:12,0.0,00:01,0.3,7.1,6.8
1782737377.585,0.0,0.0,0.0,0.3,11:12,0.0,00:01,0.3,7.1,6.8
1782737382.592,0.0,0.0,0.0,0.3,11:12,0.0,00:01,0.3,7.1,6.8
1782737387.603,0.0,0.0,0.0,0.3,11:12,0.0,00:01,0.3,7.1,6.8
1782737392.613,0.0,0.0,0.0,0.3,11:12,0.0,00:01,0.3,7.1,6.8
1782737397.627,0.0,0.0,0.0,0.3,11:12,0.0,00:01,0.3,7.1,6.8
1782737402.64,0.0,0.0,0.0,0.3,11:12,0.0,00:01,0.3,7.1,6.8
1782737407.649,0.0,0.0,0.0,0.3,11:12,0.0,00:01,0.3,7.1,6.8
1782737412.659,0.0,0.0,0.0,0.3,11:12,0.0,00:01,0.3,7.1,6.8
1782737417.669,0.0,0.0,0.0,0.3,11:12,0.0,00:01,0.3,7.1,6.8
1782737422.683,0.0,0.0,0.0,0.3,11:12,0.0,00:01,0.3,7.1,6.8
1782737427.69,0.0,0.0,0.0,0.3,11:12,0.0,00:01,0.3,7.1,6.8
1782737432.702,0.0,0.0,0.0,0.3,11:12,0.0,00:01,0.3,7.1,6.8
1782737437.713,0.0,0.0,0.0,0.3,11:12,0.0,00:01,0.3,7.1,6.8
1782737442.723,0.0,0.0,0.0,0.3,11:12,0.0,00:01,0.3,7.1,6.8
1782737447.733,0.0,0.0,0.0,0.3,11:12,0.0,00:01,0.3,7.1,6.8
1782737452.74,0.0,0.0,0.0,0.3,11:12,0.0,00:01,0.3,7.1,6.8
1782737457.752,0.0,0.0,0.0,0.3,11:12,0.0,00:01,0.3,7.1,6.8
1782737462.767,0.0,0.0,0.0,0.3,11:12,0.0,00:01,0.3,7.1,6.8
1782737467.778,0.0,0.0,0.0,0.3,11:12,0.0,00:01,0.3,7.1,6.8
1782737472.789,0.0,0.0,0.0,0.3,11:12,0.0,00:01,0.3,7.1,6.8
1782737477.798,0.0,0.0,0.0,0.3,11:12,0.0,00:01,0.3,7.1,6.8
1782737482.806,0.0,0.0,0.0,0.3,11:12,0.0,00:01,0.3,7.1,6.8
1782737487.816,0.0,0.0,0.0,0.3,11:12,0.0,00:01,0.3,7.1,6.8
1782737492.831,0.0,0.0,0.0,0.3,11:12,0.0,00:01,0.3,7.1,6.8
1782737497.844,0.0,0.0,0.0,0.3,11:12,0.0,00:01,0.3,7.1,6.8
1782737502.848,0.0,0.0,0.0,0.3,11:12,0.0,00:01,0.3,7.1,6.8
1782737507.859,0.0,0.0,0.0,0.3,11:12,0.0,00:01,0.3,7.1,6.8
1782737512.873,0.0,0.0,0.0,0.3,11:12,0.0,00:01,0.3,7.1,6.8
1782737517.881,0.0,0.0,0.0,0.3,11:12,0.0,00:01,0.3,7.1,6.8
1782737522.888,0.0,0.0,0.0,0.3,11:12,0.0,00:01,0.3,7.1,6.8
1782737527.896,0.0,0.0,0.0,0.3,11:12,0.0,00:01,0.3,7.1,6.8
1782737532.906,0.0,0.0,0.0,0.3,11:12,0.0,00:01,0.3,7.1,6.8
1782737537.917,0.0,0.0,0.0,0.3,11:12,0.0,00:01,0.3,7.1,6.8
1782737542.926,0.0,0.0,0.0,0.3,11:12,0.0,00:01,0.3,7.1,6.8
1782737547.935,0.0,0.0,0.0,0.3,11:12,0.0,00:01,0.3,7.1,6.8
1782737552.944,0.0,0.0,0.0,0.3,11:12,0.0,00:01,0.3,7.1,6.8
1782737557.952,0.0,0.0,0.0,0.3,11:12,0.0,00:01,0.3,7.1,6.8
1782737562.969,0.0,0.0,0.0,0.3,11:12,0.0,00:01,0.3,7.1,6.8
1782737567.977,0.0,0.0,0.0,0.3,11:12,0.0,00:01,0.3,7.1,6.8
1782737572.982,0.0,0.0,0.0,0.3,11:12,0.0,00:01,0.3,7.1,6.8
1782737577.997,0.0,0.0,0.0,0.3,11:12,0.0,00:01,0.3,7.1,6.8
1782737583.009,0.0,0.0,0.0,0.3,11:12,0.0,00:01,0.3,7.1,6.8
1782737588.019,0.0,0.0,0.0,0.3,11:12,0.0,00:01,0.3,7.1,6.8
1782737593.025,0.0,0.0,0.0,0.3,11:12,0.0,00:01,0.3,7.1,6.8
1782737598.032,0.0,0.0,0.0,0.3,11:12,0.0,00:01,0.3,7.1,6.8
1782737603.045,0.0,0.0,0.0,0.3,11:12,0.0,00:01,0.3,7.1,6.8
1782737608.06,0.0,0.0,0.0,0.3,11:12,0.0,00:01,0.3,7.1,6.8
1782737613.073,0.0,0.0,0.0,0.3,11:12,0.0,00:01,0.3,7.1,6.8
1782737618.075,0.0,0.0,0.0,0.3,11:12,0.0,00:01,0.3,7.1,6.8
1782737623.09,0.0,0.0,0.0,0.3,11:12,0.0,00:01,0.3,7.1,6.8
1782737628.1,0.0,0.0,0.0,0.3,11:12,0.0,00:01,0.3,7.1,6.8
1782737633.113,0.0,0.0,0.0,0.3,11:12,0.0,00:01,0.3,7.1,6.8
1782737638.124,0.0,0.0,0.0,0.3,11:12,0.0,00:01,0.3,7.1,6.8
1782737643.127,0.0,0.0,0.0,0.3,11:12,0.0,00:01,0.3,7.1,6.8
1782737648.138,0.0,0.0,0.0,0.3,11:12,0.0,00:01,0.3,7.1,6.8
1782737653.152,0.0,0.0,0.0,0.3,11:12,0.0,00:01,0.3,7.1,6.8
1782737658.16,0.0,0.0,0.0,0.3,11:12,0.0,00:01,0.3,7.1,6.8
1782737663.169,0.0,0.0,0.0,0.3,11:12,0.0,00:01,0.3,7.1,6.8
1782737668.184,0.0,0.0,0.0,0.3,11:12,0.0,00:01,0.3,7.1,6.8
1782737673.196,0.0,0.0,0.0,0.3,11:12,0.0,00:01,0.3,7.1,6.8
1782737678.211,0.0,0.0,0.0,0.3,11:12,0.0,00:01,0.3,7.1,6.8
1782737683.22,0.0,0.0,0.0,0.3,11:12,0.0,00:01,0.3,7.1,6.8
1782737688.224,0.0,0.0,0.0,0.3,11:12,0.0,00:01,0.3,7.1,6.8
1782737693.235,0.0,0.0,0.0,0.3,11:12,0.0,00:01,0.3,7.1,6.8
1782737698.245,0.0,0.0,0.0,0.3,11:12,0.0,00:01,0.3,7.1,6.8
1782737703.259,0.0,0.0,0.0,0.3,11:12,0.0,00:01,0.3,7.1,6.8
1782737708.273,0.0,0.0,0.0,0.3,11:12,0.0,00:01,0.3,7.1,6.8
1782737713.28,0.0,0.0,0.0,0.3,11:12,0.0,00:01,0.3,7.1,6.8
1782737718.294,0.0,0.0,0.0,0.3,11:12,0.0,00:01,0.3,7.1,6.8
1782737723.305,0.0,0.0,0.0,0.3,11:12,0.0,00:01,0.3,7.1,6.8
1782737728.317,0.0,0.0,0.0,0.3,11:12,0.0,00:01,0.3,7.1,6.8
1782737733.328,0.0,0.0,0.0,0.3,11:12,0.0,00:01,0.3,7.1,6.8
1782737738.333,0.0,0.0,0.0,0.3,11:12,0.0,00:01,0.3,7.1,6.8
1782737743.343,0.0,0.0,0.0,0.3,11:12,0.0,00:01,0.3,7.1,6.8
1782737748.357,0.0,0.0,0.0,0.3,11:12,0.0,00:01,0.3,7.1,6.8
1782737753.37,0.0,0.0,0.0,0.3,11:12,0.0,00:01,0.3,7.1,6.8
1782737758.377,0.0,0.0,0.0,0.3,11:12,0.0,00:01,0.3,7.1,6.8
1782737763.39,0.0,0.0,0.0,0.3,11:12,0.0,00:01,0.3,7.1,6.8
1782737768.402,0.0,0.0,0.0,0.3,11:12,0.0,00:01,0.3,7.1,6.8
1782737773.413,0.0,0.0,0.0,0.3,11:12,0.0,00:01,0.3,7.1,6.8
1782737778.425,0.0,0.0,0.0,0.3,11:12,0.0,00:01,0.3,7.1,6.8
1782737783.428,0.0,0.0,0.0,0.3,11:12,0.0,00:01,0.3,7.1,6.8
1782737788.44,0.0,0.0,0.0,0.3,11:12,0.0,00:01,0.3,7.1,6.8
1782737793.453,0.0,0.0,0.0,0.3,11:12,0.0,00:01,0.3,7.1,6.8
1782737798.464,0.0,0.0,0.0,0.3,11:12,0.0,00:01,0.3,7.1,6.8
1782737803.475,0.0,0.0,0.0,0.3,11:12,0.0,00:01,0.3,7.1,6.8
1782737808.483,0.0,0.0,0.0,0.3,11:12,0.0,00:01,0.3,7.1,6.8
1782737813.494,0.0,0.0,0.0,0.3,11:12,0.0,00:01,0.3,7.1,6.8
1782737818.51,0.0,0.0,0.0,0.3,11:12,0.0,00:01,0.3,7.1,6.8
1782737823.522,0.0,0.0,0.0,0.3,11:12,0.0,00:01,0.3,7.1,6.8
1782737828.534,0.0,0.0,0.0,0.3,11:12,0.0,00:01,0.3,7.1,6.8
1782737833.543,0.0,0.0,0.0,0.3,11:12,0.0,00:01,0.3,7.1,6.8
1782737838.551,0.0,0.0,0.0,0.3,11:12,0.0,00:01,0.3,7.1,6.8
1782737843.565,0.0,0.0,0.0,0.3,11:12,0.0,00:01,0.3,7.1,6.8
1782737848.577,0.0,0.0,0.0,0.3,11:12,0.0,00:01,0.3,7.1,6.8
1782737853.581,0.0,0.0,0.0,0.3,11:12,0.0,00:01,0.3,7.1,6.8
1782737858.592,0.0,0.0,0.0,0.3,11:12,0.0,00:01,0.3,7.1,6.8
1782737863.602,0.0,0.0,0.0,0.3,11:12,0.0,00:01,0.3,7.1,6.8
1782737868.612,0.0,0.0,0.0,0.3,11:12,0.0,00:01,0.3,7.1,6.8
1782737873.621,0.0,0.0,0.0,0.3,11:12,0.0,00:01,0.3,7.1,6.8
1782737878.628,0.0,0.0,0.0,0.3,11:12,0.0,00:01,0.3,7.1,6.8
1782737883.638,0.0,0.0,0.0,0.3,11:12,0.0,00:01,0.3,7.1,6.8
1782737888.648,0.0,0.0,0.0,0.3,11:12,0.0,00:01,0.3,7.1,6.8
1782737893.658,0.0,0.0,0.0,0.3,11:12,0.0,00:01,0.3,7.1,6.8
1782737898.67,0.0,0.0,0.0,0.3,11:12,0.0,00:01,0.3,7.1,6.8
1782737903.676,0.0,0.0,0.0,0.3,11:12,0.0,00:01,0.3,7.1,6.8
1782737908.691,0.0,0.0,0.0,0.3,11:12,0.0,00:01,0.3,7.1,6.8
1782737913.703,0.0,0.0,0.0,0.3,11:12,0.0,00:01,0.3,7.1,6.8
1782737918.715,0.0,0.0,0.0,0.3,11:12,0.0,00:01,0.3,7.1,6.8
1782737923.726,0.0,0.0,0.0,0.3,11:12,0.0,00:01,0.3,7.1,6.8
1782737928.735,0.0,0.0,0.0,0.3,11:12,0.0,00:01,0.3,7.1,6.8
1782737933.748,0.0,0.0,0.0,0.3,11:12,0.0,00:01,0.3,7.1,6.8
1782737938.76,0.0,0.0,0.0,0.3,11:12,0.0,00:01,0.3,7.1,6.8
1782737943.771,0.0,0.0,0.0,0.3,11:12,0.0,00:01,0.3,7.1,6.8
1782737948.779,0.0,0.0,0.0,0.3,11:12,0.0,00:01,0.3,7.1,6.8
1782737953.786,0.0,0.0,0.0,0.3,11:12,0.0,00:01,0.3,7.1,6.8
1782737958.799,0.0,0.0,0.0,0.3,11:12,0.0,00:01,0.3,7.1,6.8
1782737963.812,0.0,0.0,0.0,0.3,11:12,0.0,00:01,0.3,7.1,6.8
1782737968.825,0.0,0.0,0.0,0.3,11:12,0.0,00:01,0.3,7.1,6.8
1782737973.833,0.0,0.0,0.0,0.3,11:12,0.0,00:01,0.3,7.1,6.8
1782737978.846,0.0,0.0,0.0,0.3,11:12,0.0,00:01,0.3,7.1,6.8
1782737983.858,0.0,0.0,0.0,0.3,11:12,0.0,00:01,0.3,7.1,6.8
1782737988.868,0.0,0.0,0.0,0.3,11:12,0.0,00:01,0.3,7.1,6.8
1782737993.881,0.0,0.0,0.0,0.3,11:12,0.0,00:01,0.3,7.1,6.8
1782737998.887,0.0,0.0,0.0,0.3,11:12,0.0,00:01,0.3,7.1,6.8
1782738003.901,0.0,0.0,0.0,0.3,11:12,0.0,00:01,0.3,7.1,6.8
1782738008.915,0.0,0.0,0.0,0.3,11:12,0.0,00:01,0.3,7.1,6.8
1782738013.928,0.0,0.0,0.0,0.3,11:12,0.0,00:01,0.3,7.1,6.8
1782738018.935,0.0,0.0,0.0,0.3,11:12,0.0,00:01,0.3,7.1,6.8
1782738023.947,0.0,0.0,0.0,0.3,11:12,0.0,00:01,0.3,7.1,6.8
1782738028.964,0.0,0.0,0.0,0.3,11:12,0.0,00:01,0.3,7.1,6.8
1782738033.977,0.0,0.0,0.0,0.3,11:12,0.0,00:01,0.3,7.1,6.8
1782738038.988,0.0,0.0,0.0,0.3,11:12,0.0,00:01,0.3,7.1,6.8
1782738043.995,0.0,0.0,0.0,0.3,11:12,0.0,00:01,0.3,7.1,6.8
1782738049.009,0.0,0.0,0.0,0.3,11:12,0.0,00:01,0.3,7.1,6.8
1782738054.021,0.0,0.0,0.0,0.3,11:12,0.0,00:01,0.3,7.1,6.8
1782738059.032,0.0,0.0,0.0,0.3,11:12,0.0,00:01,0.3,7.1,6.8
1782738064.042,0.0,0.0,0.0,0.3,11:12,0.0,00:01,0.3,7.1,6.8
1782738069.048,0.0,0.0,0.0,0.3,11:12,0.0,00:01,0.3,7.1,6.8
1782738074.056,0.0,0.0,0.0,0.3,11:12,0.0,00:01,0.3,7.1,6.8
1782738079.073,0.0,0.0,0.0,0.3,11:12,0.0,00:01,0.3,7.1,6.8
1782738084.086,0.0,0.0,0.0,0.3,11:12,0.0,00:01,0.3,7.1,6.8
1782738089.096,0.0,0.0,0.0,0.3,11:12,0.0,00:01,0.3,7.1,6.8
1782738094.104,0.0,0.0,0.0,0.3,11:12,0.0,00:01,0.3,7.1,6.8
1782738099.119,0.0,0.0,0.0,0.3,11:12,0.0,00:01,0.3,7.1,6.8
1782738104.133,0.0,0.0,0.0,0.3,11:12,0.0,00:01,0.3,7.1,6.8
1782738109.141,0.0,0.0,0.0,0.3,11:12,0.0,00:01,0.3,7.1,6.8
1782738114.148,0.0,0.0,0.0,0.3,11:12,0.0,00:01,0.3,7.1,6.8
1782738119.162,0.0,0.0,0.0,0.3,11:12,0.0,00:01,0.3,7.1,6.8
1782738124.174,0.0,0.0,0.0,0.3,11:12,0.0,00:01,0.3,7.1,6.8
1782738129.187,0.0,0.0,0.0,0.3,11:12,0.0,00:01,0.3,7.1,6.8
1782738134.195,0.0,0.0,0.0,0.3,11:12,0.0,00:01,0.3,7.1,6.8
1782738139.2,0.0,0.0,0.0,0.3,11:12,0.0,00:01,0.3,7.1,6.8
1782738144.211,0.0,0.0,0.0,0.3,11:12,0.0,00:01,0.3,7.1,6.8
1782738149.225,0.0,0.0,0.0,0.3,11:12,0.0,00:01,0.3,7.1,6.8
1782738154.234,0.0,0.0,0.0,0.3,11:12,0.0,00:01,0.3,7.1,6.8
1782738159.244,0.0,0.0,0.0,0.3,11:12,0.0,00:01,0.3,7.1,6.8
1782738164.25,0.0,0.0,0.0,0.3,11:12,0.0,00:01,0.3,7.1,6.8
1782738169.265,0.0,0.0,0.0,0.3,11:12,0.0,00:01,0.3,7.1,6.8
1782738174.277,0.0,0.0,0.0,0.3,11:12,0.0,00:01,0.3,7.1,6.8
1782738179.289,0.0,0.0,0.0,0.3,11:12,0.0,00:01,0.3,7.1,6.8
1782738184.298,0.0,0.0,0.0,0.3,11:12,0.0,00:01,0.3,7.1,6.8
1782738189.304,0.0,0.0,0.0,0.3,11:12,0.0,00:01,0.3,7.1,6.8
1782738194.316,0.0,0.0,0.0,0.3,11:12,0.0,00:01,0.3,7.1,6.8
1782738199.326,0.0,0.0,0.0,0.3,11:12,0.0,00:01,0.3,7.1,6.8
1782738204.34,0.0,0.0,0.0,0.3,11:12,0.0,00:01,0.3,7.1,6.8
1782738209.344,0.0,0.0,0.0,0.3,11:12,0.0,00:01,0.3,7.1,6.8
1782738214.354,0.0,0.0,0.0,0.3,11:12,0.0,00:01,0.3,7.1,6.8
1782738219.368,0.0,0.0,0.0,0.3,11:12,0.0,00:01,0.3,7.1,6.8
1782738224.376,0.0,0.0,0.0,0.3,11:12,0.0,00:01,0.3,7.1,6.8
1782738229.385,0.0,0.0,0.0,0.3,11:12,0.0,00:01,0.3,7.1,6.8
1782738234.389,0.0,0.0,0.0,0.3,11:12,0.0,00:01,0.3,7.1,6.8
1782738239.406,0.0,0.0,0.0,0.3,11:12,0.0,00:01,0.3,7.1,6.8
1782738244.418,0.0,0.0,0.0,0.3,11:12,0.0,00:01,0.3,7.1,6.8
1782738249.429,0.0,0.0,0.0,0.3,11:12,0.0,00:01,0.3,7.1,6.8
1782738254.44,0.0,0.0,0.0,0.3,11:12,0.0,00:01,0.3,7.1,6.8
1782738259.447,0.0,0.0,0.0,0.3,11:12,0.0,00:01,0.3,7.1,6.8
1782738264.463,0.0,0.0,0.0,0.3,11:12,0.0,00:01,0.3,7.1,6.8
1782738269.472,0.0,0.0,0.0,0.3,11:12,0.0,00:01,0.3,7.1,6.8
1782738274.483,0.0,0.0,0.0,0.3,11:12,0.0,00:01,0.3,7.1,6.8
1782738279.496,0.0,0.0,0.0,0.3,11:12,0.0,00:01,0.3,7.1,6.8
1782738284.506,0.0,0.0,0.0,0.3,11:12,0.0,00:01,0.3,7.1,6.8
1782738289.516,0.0,0.0,0.0,0.3,11:12,0.0,00:01,0.3,7.1,6.8
1782738294.526,0.0,0.0,0.0,0.3,11:12,0.0,00:01,0.3,7.1,6.8
1782738299.537,0.0,0.0,0.0,0.3,11:12,0.0,00:01,0.3,7.1,6.8
1782738304.541,0.0,0.0,0.0,0.3,11:12,0.0,00:01,0.3,7.1,6.8
1782738309.555,0.0,0.0,0.0,0.3,11:12,0.0,00:01,0.3,7.1,6.8
1782738314.563,0.0,0.0,0.0,0.3,11:12,0.0,00:01,0.3,7.1,6.8
1782738319.576,0.0,0.0,0.0,0.3,11:12,0.0,00:01,0.3,7.1,6.8
1782738324.586,0.0,0.0,0.0,0.3,11:12,0.0,00:01,0.3,7.1,6.8
1782738329.592,0.0,0.0,0.0,0.3,11:12,0.0,00:01,0.3,7.1,6.8
1782738334.606,0.0,0.0,0.0,0.3,11:12,0.0,00:01,0.3,7.1,6.8
1782738339.616,0.0,0.0,0.0,0.3,11:12,0.0,00:01,0.3,7.1,6.8
1782738344.627,0.0,0.0,0.0,0.3,11:12,0.0,00:01,0.3,7.1,6.8
1782738349.637,0.0,0.0,0.0,0.3,11:12,0.0,00:01,0.3,7.1,6.8
1782738354.639,0.0,0.0,0.0,0.3,11:12,0.0,00:01,0.3,7.1,6.8
1782738359.652,0.0,0.0,0.0,0.3,11:12,0.0,00:01,0.3,7.1,6.8
1782738364.665,0.0,0.0,0.0,0.3,11:12,0.0,00:01,0.3,7.1,6.8
1782738369.677,0.0,0.0,0.0,0.3,11:12,0.0,00:01,0.3,7.1,6.8
1782738374.687,0.0,0.0,0.0,0.3,11:12,0.0,00:01,0.3,7.1,6.8
1782738379.693,0.0,0.0,0.0,0.3,11:12,0.0,00:01,0.3,7.1,6.8
1782738384.709,0.0,0.0,0.0,0.3,11:12,0.0,00:01,0.3,7.1,6.8
1782738389.719,0.0,0.0,0.0,0.3,11:12,0.0,00:01,0.3,7.1,6.8
1782738394.73,0.0,0.0,0.0,0.3,11:12,0.0,00:01,0.3,7.1,6.8
1782738399.736,0.0,0.0,0.0,0.3,11:12,0.0,00:01,0.3,7.1,6.8
1782738404.751,0.0,0.0,0.0,0.3,11:12,0.0,00:01,0.3,7.1,6.8
1782738409.761,0.0,0.0,0.0,0.3,11:12,0.0,00:01,0.3,7.1,6.8
1782738414.774,0.0,0.0,0.0,0.3,11:12,0.0,00:01,0.3,7.1,6.8
1782738419.787,0.0,0.0,0.0,0.3,11:12,0.0,00:01,0.3,7.1,6.8
1782738424.794,0.0,0.0,0.0,0.3,11:12,0.0,00:01,0.3,7.1,6.8
1782738429.807,0.0,0.0,0.0,0.3,11:12,0.0,00:01,0.3,7.1,6.8
1782738434.817,0.0,0.0,0.0,0.3,11:12,0.0,00:01,0.3,7.1,6.8
1782738439.825,0.0,0.0,0.0,0.3,11:12,0.0,00:01,0.3,7.1,6.8
1782738444.835,0.0,0.0,0.0,0.3,11:12,0.0,00:01,0.3,7.1,6.8
1782738449.845,0.0,0.0,0.0,0.3,11:12,0.0,00:01,0.3,7.1,6.8
1782738454.857,0.0,0.0,0.0,0.3,11:12,0.0,00:01,0.3,7.1,6.8
1782738459.869,0.0,0.0,0.0,0.3,11:12,0.0,00:01,0.3,7.1,6.8
1782738464.881,0.0,0.0,0.0,0.3,11:12,0.0,00:01,0.3,7.1,6.8
1782738469.884,0.0,0.0,0.0,0.3,11:12,0.0,00:01,0.3,7.1,6.8
1782738474.897,0.0,0.0,0.0,0.3,11:12,0.0,00:01,0.3,7.1,6.8
1782738479.908,0.0,0.0,0.0,0.3,11:12,0.0,00:01,0.3,7.1,6.8
1782738484.921,0.0,0.0,0.0,0.3,11:12,0.0,00:01,0.3,7.1,6.8
1782738489.933,0.0,0.0,0.0,0.3,11:12,0.0,00:01,0.3,7.1,6.8
1782738494.938,0.0,0.0,0.0,0.3,11:12,0.0,00:01,0.3,7.1,6.8
1782738499.953,0.0,0.0,0.0,0.3,11:12,0.0,00:01,0.3,7.1,6.8
1782738504.966,0.0,0.0,0.0,0.3,11:12,0.0,00:01,0.3,7.1,6.8
1782738509.976,0.0,0.0,0.0,0.3,11:12,0.0,00:01,0.3,7.1,6.8
1782738514.985,0.0,0.0,0.0,0.3,11:12,0.0,00:01,0.3,7.1,6.8
1782738519.995,0.0,0.0,0.0,0.3,11:12,0.0,00:01,0.3,7.1,6.8
1782738525.007,0.0,0.0,0.0,0.3,11:12,0.0,00:01,0.3,7.1,6.8
1782738530.014,0.0,0.0,0.0,0.3,11:12,0.0,00:01,0.3,7.1,6.8
1782738535.025,0.0,0.0,0.0,0.3,11:12,0.0,00:01,0.3,7.1,6.8
1782738540.038,0.0,0.0,0.0,0.3,11:12,0.0,00:01,0.3,7.1,6.8
1782738545.049,0.0,0.0,0.0,0.3,11:12,0.0,00:01,0.3,7.1,6.8
1782738550.062,0.0,0.0,0.0,0.3,11:12,0.0,00:01,0.3,7.1,6.8
1782738555.069,0.0,0.0,0.0,0.3,11:12,0.0,00:01,0.3,7.1,6.8
1782738560.082,0.0,0.0,0.0,0.3,11:12,0.0,00:01,0.3,7.1,6.8
1782738565.089,0.0,0.0,0.0,0.3,11:12,0.0,00:01,0.3,7.1,6.8
1782738570.102,0.0,0.0,0.0,0.3,11:12,0.0,00:01,0.3,7.1,6.8
1782738575.113,0.0,0.0,0.0,0.3,11:12,0.0,00:01,0.3,7.1,6.8
1782738580.124,0.0,0.0,0.0,0.3,11:12,0.0,00:01,0.3,7.1,6.8
1782738585.132,0.0,0.0,0.0,0.3,11:12,0.0,00:01,0.3,7.1,6.8
1782738590.14,0.0,0.0,0.0,0.3,11:12,0.0,00:01,0.3,7.1,6.8
1782738595.153,0.0,0.0,0.0,0.3,11:12,0.0,00:01,0.3,7.1,6.8
1782738600.165,0.0,0.0,0.0,0.3,11:12,0.0,00:01,0.3,7.1,6.8
1782738605.175,0.0,0.0,0.0,0.3,11:12,0.0,00:01,0.3,7.1,6.8
1782738610.183,0.0,0.0,0.0,0.3,11:12,0.0,00:01,0.3,7.1,6.8
1782738615.188,0.0,0.0,0.0,0.3,11:12,0.0,00:01,0.3,7.1,6.8
1782738620.198,0.0,0.0,0.0,0.3,11:12,0.0,00:01,0.3,7.1,6.8
1782738625.207,0.0,0.0,0.0,0.3,11:12,0.0,00:01,0.3,7.1,6.8
1782738630.216,0.0,0.0,0.0,0.3,11:12,0.0,00:01,0.3,7.1,6.8
1782738635.226,0.0,0.0,0.0,0.3,11:12,0.0,00:01,0.3,7.1,6.8
1782738640.236,0.0,0.0,0.0,0.3,11:12,0.0,00:01,0.3,7.1,6.8
1782738645.247,0.0,0.0,0.0,0.3,11:12,0.0,00:01,0.3,7.1,6.8
1782738650.256,0.0,0.0,0.0,0.3,11:12,0.0,00:01,0.3,7.1,6.8
1782738655.268,0.0,0.0,0.0,0.3,11:12,0.0,00:01,0.3,7.1,6.8
1782738660.279,0.0,0.0,0.0,0.3,11:12,0.0,00:01,0.3,7.1,6.8
1782738665.287,0.0,0.0,0.0,0.3,11:12,0.0,00:01,0.3,7.1,6.8
1782738670.3,0.0,0.0,0.0,0.3,11:12,0.0,00:01,0.3,7.1,6.8
1782738675.314,0.0,0.0,0.0,0.3,11:12,0.0,00:01,0.3,7.1,6.8
1782738680.326,0.0,0.0,0.0,0.3,11:12,0.0,00:01,0.3,7.1,6.8
1782738685.328,0.0,0.0,0.0,0.3,11:12,0.0,00:01,0.3,7.1,6.8
1782738690.344,0.0,0.0,0.0,0.3,11:12,0.0,00:01,0.3,7.1,6.8
1782738695.356,0.0,0.0,0.0,0.3,11:12,0.0,00:01,0.3,7.1,6.8
1782738700.363,0.0,0.0,0.0,0.3,11:12,0.0,00:01,0.3,7.1,6.8
1782738705.373,0.0,0.0,0.0,0.3,11:12,0.0,00:01,0.3,7.1,6.8
1782738710.381,0.0,0.0,0.0,0.3,11:12,0.0,00:01,0.3,7.1,6.8
1782738715.392,0.0,0.0,0.0,0.3,11:12,0.0,00:01,0.3,7.1,6.8
1782738720.407,0.0,0.0,0.0,0.3,11:12,0.0,00:01,0.3,7.1,6.8
1782738725.42,0.0,0.0,0.0,0.3,11:12,0.0,00:01,0.3,7.1,6.8
1782738730.43,0.0,0.0,0.0,0.3,11:12,0.0,00:01,0.3,7.1,6.8
1782738735.44,0.0,0.0,0.0,0.3,11:12,0.0,00:01,0.3,7.1,6.8
1782738740.451,0.0,0.0,0.0,0.3,11:12,0.0,00:01,0.3,7.1,6.8
1782738745.463,0.0,0.0,0.0,0.3,11:12,0.0,00:01,0.3,7.1,6.8
1782738750.476,0.0,0.0,0.0,0.3,11:12,0.0,00:01,0.3,7.1,6.8
1782738755.483,0.0,0.0,0.0,0.3,11:12,0.0,00:01,0.3,7.1,6.8
1782738760.497,0.0,0.0,0.0,0.3,11:12,0.0,00:01,0.3,7.1,6.8
1782738765.51,0.0,0.0,0.0,0.3,11:12,0.0,00:01,0.3,7.1,6.8
1782738770.52,0.0,0.0,0.0,0.3,11:12,0.0,00:01,0.3,7.1,6.8
1782738775.534,0.0,0.0,0.0,0.3,11:12,0.0,00:01,0.3,7.1,6.8
1782738780.54,0.0,0.0,0.0,0.3,11:12,0.0,00:01,0.3,7.1,6.8
1782738785.551,0.0,0.0,0.0,0.3,11:12,0.0,00:01,0.3,7.1,6.8
1782738790.561,0.0,0.0,0.0,0.3,11:12,0.0,00:01,0.3,7.1,6.8
1782738795.572,0.0,0.0,0.0,0.3,11:12,0.0,00:01,0.3,7.1,6.8
1782738800.581,0.0,0.0,0.0,0.3,11:12,0.0,00:01,0.3,7.1,6.8
1782738805.596,0.0,0.0,0.0,0.3,11:12,0.0,00:01,0.3,7.1,6.8
1782738810.607,0.0,0.0,0.0,0.3,11:12,0.0,00:01,0.3,7.1,6.8
1782738815.619,0.0,0.0,0.0,0.3,11:12,0.0,00:01,0.3,7.1,6.8
1782738820.635,0.0,0.0,0.0,0.3,11:12,0.0,00:01,0.3,7.1,6.8
1782738825.641,0.0,0.0,0.0,0.3,11:12,0.0,00:01,0.3,7.1,6.8
1782738830.655,0.0,0.0,0.0,0.3,11:12,0.0,00:01,0.3,7.1,6.8
1782738835.668,0.0,0.0,0.0,0.3,11:12,0.0,00:01,0.3,7.1,6.8
1782738840.677,0.0,0.0,0.0,0.3,11:12,0.0,00:01,0.3,7.1,6.8
1782738845.695,0.0,0.0,0.0,0.3,11:12,0.0,00:01,0.3,7.1,6.8
1782738850.703,0.0,0.0,0.0,0.3,11:12,0.0,00:01,0.3,7.1,6.8
1782738855.715,0.0,0.0,0.0,0.3,11:12,0.0,00:01,0.3,7.1,6.8
1782738860.728,0.0,0.0,0.0,0.3,11:12,0.0,00:01,0.3,7.1,6.8
1782738865.742,0.0,0.0,0.0,0.3,11:12,0.0,00:01,0.3,7.1,6.8
1782738870.749,0.0,0.0,0.0,0.3,11:12,0.0,00:01,0.3,7.1,6.8
1782738875.763,0.0,0.0,0.0,0.3,11:12,0.0,00:01,0.3,7.1,6.8
1782738880.773,0.0,0.0,0.0,0.3,11:12,0.0,00:01,0.3,7.1,6.8
1782738885.782,0.0,0.0,0.0,0.3,11:12,0.0,00:01,0.3,7.1,6.8
1782738890.798,0.0,0.0,0.0,0.3,11:12,0.0,00:01,0.3,7.1,6.8
1782738895.808,0.0,0.0,0.0,0.3,11:12,0.0,00:01,0.3,7.1,6.8
1782738900.82,0.0,0.0,0.0,0.3,11:12,0.0,00:01,0.3,7.1,6.8
1782738905.833,0.0,0.0,0.0,0.3,11:12,0.0,00:01,0.3,7.1,6.8
1782738910.845,0.0,0.0,0.0,0.3,11:12,0.0,00:01,0.3,7.1,6.8
1782738915.858,0.0,0.0,0.0,0.3,11:12,0.0,00:01,0.3,7.1,6.8
1782738920.865,0.0,0.0,0.0,0.3,11:12,0.0,00:01,0.3,7.1,6.8
1782738925.876,0.0,0.0,0.0,0.3,11:12,0.0,00:01,0.3,7.1,6.8
1782738930.89,0.0,0.0,0.0,0.3,11:12,0.0,00:01,0.3,7.1,6.8
1782738935.905,0.0,0.0,0.0,0.3,11:12,0.0,00:01,0.3,7.1,6.8
1782738940.918,0.0,0.0,0.0,0.3,11:12,0.0,00:01,0.3,7.1,6.8
1782738945.926,0.0,0.0,0.0,0.3,11:12,0.0,00:01,0.3,7.1,6.8
1782738950.935,0.0,0.0,0.0,0.3,11:12,0.0,00:01,0.3,7.1,6.8
1782738955.948,0.0,0.0,0.0,0.3,11:12,0.0,00:01,0.3,7.1,6.8
1782738960.962,0.0,0.0,0.0,0.3,11:12,0.0,00:01,0.3,7.1,6.8
1782738965.969,0.0,0.0,0.0,0.3,11:12,0.0,00:01,0.3,7.1,6.8
1782738970.982,0.0,0.0,0.0,0.3,11:12,0.0,00:01,0.3,7.1,6.8
1782738975.995,0.0,0.0,0.0,0.3,11:12,0.0,00:01,0.3,7.1,6.8
1782738981.01,0.0,0.0,0.0,0.3,11:12,0.0,00:01,0.3,7.1,6.8
1782738986.018,0.0,0.0,0.0,0.3,11:12,0.0,00:01,0.3,7.1,6.8
1782738991.026,0.0,0.0,0.0,0.3,11:12,0.0,00:01,0.3,7.1,6.8
1782738996.037,0.0,0.0,0.0,0.3,11:12,0.0,00:01,0.3,7.1,6.8
1782739001.05,0.0,0.0,0.0,0.3,11:12,0.0,00:01,0.3,7.1,6.8
1782739006.064,0.0,0.0,0.0,0.3,11:12,0.0,00:01,0.3,7.1,6.8
1782739011.071,0.0,0.0,0.0,0.3,11:12,0.0,00:01,0.3,7.1,6.8
1782739016.08,0.0,0.0,0.0,0.3,11:12,0.0,00:01,0.3,7.1,6.8
1782739021.09,0.0,0.0,0.0,0.3,11:12,0.0,00:01,0.3,7.1,6.8
1782739026.104,0.0,0.0,0.0,0.3,11:12,0.0,00:01,0.3,7.1,6.8
1782739031.116,0.0,0.0,0.0,0.3,11:12,0.0,00:01,0.3,7.1,6.8
1782739036.123,0.0,0.0,0.0,0.3,11:12,0.0,00:01,0.3,7.1,6.8
1782739041.135,0.0,0.0,0.0,0.3,11:12,0.0,00:01,0.3,7.1,6.8
1782739046.15,0.0,0.0,0.0,0.3,11:12,0.0,00:01,0.3,7.1,6.8
1782739051.16,0.0,0.0,0.0,0.3,11:12,0.0,00:01,0.3,7.1,6.8
1782739056.172,0.0,0.0,0.0,0.3,11:12,0.0,00:01,0.3,7.1,6.8
1782739061.176,0.0,0.0,0.0,0.3,11:12,0.0,00:01,0.3,7.1,6.8
1782739066.187,0.0,0.0,0.0,0.3,11:12,0.0,00:01,0.3,7.1,6.8
1782739071.201,0.0,0.0,0.0,0.3,11:12,0.0,00:01,0.3,7.1,6.8
1782739076.216,0.0,0.0,0.0,0.3,11:12,0.0,00:01,0.3,7.1,6.8
1782739081.224,0.0,0.0,0.0,0.3,11:12,0.0,00:01,0.3,7.1,6.8
1782739086.231,0.0,0.0,0.0,0.3,11:12,0.0,00:01,0.3,7.1,6.8
1782739091.243,0.0,0.0,0.0,0.3,11:12,0.0,00:01,0.3,7.1,6.8
1782739096.254,0.0,0.0,0.0,0.3,11:12,0.0,00:01,0.3,7.1,6.8
1782739101.271,0.0,0.0,0.0,0.3,11:12,0.0,00:01,0.3,7.1,6.8
1782739106.283,0.0,0.0,0.0,0.3,11:12,0.0,00:01,0.3,7.1,6.8
1782739111.288,0.0,0.0,0.0,0.3,11:12,0.0,00:01,0.3,7.1,6.8
1782739116.303,0.0,0.0,0.0,0.3,11:12,0.0,00:01,0.3,7.1,6.8
1782739121.312,0.0,0.0,0.0,0.3,11:12,0.0,00:01,0.3,7.1,6.8
1782739126.323,0.0,0.0,0.0,0.3,11:12,0.0,00:01,0.3,7.1,6.8
1782739131.331,0.0,0.0,0.0,0.3,11:12,0.0,00:01,0.3,7.1,6.8
1782739136.338,0.0,0.0,0.0,0.3,11:12,0.0,00:01,0.3,7.1,6.8
1782739141.35,0.0,0.0,0.0,0.3,11:12,0.0,00:01,0.3,7.1,6.8
1782739146.362,0.0,0.0,0.0,0.3,11:12,0.0,00:01,0.3,7.1,6.8
1782739151.374,0.0,0.0,0.0,0.3,11:12,0.0,00:01,0.3,7.1,6.8
1782739156.381,0.0,0.0,0.0,0.3,11:12,0.0,00:01,0.3,7.1,6.8
1782739161.394,0.0,0.0,0.0,0.3,11:12,0.0,00:01,0.3,7.1,6.8
1782739166.405,0.0,0.0,0.0,0.3,11:12,0.0,00:01,0.3,7.1,6.8
1782739171.419,0.0,0.0,0.0,0.3,11:12,0.0,00:01,0.3,7.1,6.8
1782739176.432,0.0,0.0,0.0,0.3,11:12,0.0,00:01,0.3,7.1,6.8
1782739181.438,0.0,0.0,0.0,0.3,11:12,0.0,00:01,0.3,7.1,6.8
1782739186.447,0.0,0.0,0.0,0.3,11:12,0.0,00:01,0.3,7.1,6.8
1782739191.461,0.0,0.0,0.0,0.3,11:12,0.0,00:01,0.3,7.1,6.8
1782739196.473,0.0,0.0,0.0,0.3,11:12,0.0,00:01,0.3,7.1,6.8
1782739201.486,0.0,0.0,0.0,0.3,11:12,0.0,00:01,0.3,7.1,6.8
1782739206.494,0.0,0.0,0.0,0.3,11:12,0.0,00:01,0.3,7.1,6.8
1782739211.506,0.0,0.0,0.0,0.3,11:12,0.0,00:01,0.3,7.1,6.8
1782739216.518,0.0,0.0,0.0,0.3,11:12,0.0,00:01,0.3,7.1,6.8
1782739221.53,0.0,0.0,0.0,0.3,11:12,0.0,00:01,0.3,7.1,6.8
1782739226.533,0.0,0.0,0.0,0.3,11:12,0.0,00:01,0.3,7.1,6.8
1782739231.547,0.0,0.0,0.0,0.3,11:12,0.0,00:01,0.3,7.1,6.8
1782739236.557,0.0,0.0,0.0,0.3,11:12,0.0,00:01,0.3,7.1,6.8
1782739241.571,0.0,0.0,0.0,0.3,11:12,0.0,00:01,0.3,7.1,6.8
1782739246.585,0.0,0.0,0.0,0.3,11:12,0.0,00:01,0.3,7.1,6.8
1782739251.591,0.0,0.0,0.0,0.3,11:12,0.0,00:01,0.3,7.1,6.8
1782739256.605,0.0,0.0,0.0,0.3,11:12,0.0,00:01,0.3,7.1,6.8
1782739261.619,0.0,0.0,0.0,0.3,11:12,0.0,00:01,0.3,7.1,6.8
1782739266.628,0.0,0.0,0.0,0.3,11:12,0.0,00:01,0.3,7.1,6.8
1782739271.638,0.0,0.0,0.0,0.3,11:12,0.0,00:01,0.3,7.1,6.8
1782739276.643,0.0,0.0,0.0,0.3,11:12,0.0,00:01,0.3,7.1,6.8
1782739281.653,0.0,0.0,0.0,0.3,11:12,0.0,00:01,0.3,7.1,6.8
1782739286.669,0.0,0.0,0.0,0.3,11:12,0.0,00:01,0.3,7.1,6.8
1782739291.681,0.0,0.0,0.0,0.3,11:12,0.0,00:01,0.3,7.1,6.8
1782739296.69,0.0,0.0,0.0,0.3,11:12,0.0,00:01,0.3,7.1,6.8
1782739301.698,0.0,0.0,0.0,0.3,11:12,0.0,00:01,0.3,7.1,6.8
1782739306.71,0.0,0.0,0.0,0.3,11:12,0.0,00:01,0.3,7.1,6.8
1782739311.723,0.0,0.0,0.0,0.3,11:12,0.0,00:01,0.3,7.1,6.8
1782739316.733,0.0,0.0,0.0,0.3,11:12,0.0,00:01,0.3,7.1,6.8
1782739321.74,0.0,0.0,0.0,0.3,11:12,0.0,00:01,0.3,7.1,6.8
1782739326.752,0.0,0.0,0.0,0.3,11:12,0.0,00:01,0.3,7.1,6.8
1782739331.768,0.0,0.0,0.0,0.3,11:12,0.0,00:01,0.3,7.1,6.8
1782739336.78,0.0,0.0,0.0,0.3,11:12,0.0,00:01,0.3,7.1,6.8
1782739341.791,0.0,0.0,0.0,0.3,11:12,0.0,00:01,0.3,7.1,6.8
1782739346.799,0.0,0.0,0.0,0.3,11:12,0.0,00:01,0.3,7.1,6.8
1782739351.812,0.0,0.0,0.0,0.3,11:12,0.0,00:01,0.3,7.1,6.8
1782739356.828,0.0,0.0,0.0,0.3,11:12,0.0,00:01,0.3,7.1,6.8
1782739361.837,0.0,0.0,0.0,0.3,11:12,0.0,00:01,0.3,7.1,6.8
1782739366.845,0.0,0.0,0.0,0.3,11:12,0.0,00:01,0.3,7.1,6.8
1782739371.852,0.0,0.0,0.0,0.3,11:12,0.0,00:01,0.3,7.1,6.8
1782739376.864,0.0,0.0,0.0,0.3,11:12,0.0,00:01,0.3,7.1,6.8
1782739381.88,0.0,0.0,0.0,0.3,11:12,0.0,00:01,0.3,7.1,6.8
1782739386.891,0.0,0.0,0.0,0.3,11:12,0.0,00:01,0.3,7.1,6.8
1782739391.902,0.0,0.0,0.0,0.3,11:12,0.0,00:01,0.3,7.1,6.8
1782739396.908,0.0,0.0,0.0,0.3,11:12,0.0,00:01,0.3,7.1,6.8
1782739401.922,0.0,0.0,0.0,0.3,11:12,0.0,00:01,0.3,7.1,6.8
1782739406.936,0.0,0.0,0.0,0.3,11:12,0.0,00:01,0.3,7.1,6.8
1782739411.948,0.0,0.0,0.0,0.3,11:12,0.0,00:01,0.3,7.1,6.8
1782739416.955,0.0,0.0,0.0,0.3,11:12,0.0,00:01,0.3,7.1,6.8
1782739421.968,0.0,0.0,0.0,0.3,11:12,0.0,00:01,0.3,7.1,6.8
1782739426.981,0.0,0.0,0.0,0.3,11:12,0.0,00:01,0.3,7.1,6.8
1782739431.993,0.0,0.0,0.0,0.3,11:12,0.0,00:01,0.3,7.1,6.8
1782739437.003,0.0,0.0,0.0,0.3,11:12,0.0,00:01,0.3,7.1,6.8
1782739442.01,0.0,0.0,0.0,0.3,11:12,0.0,00:01,0.3,7.1,6.8
1782739447.022,0.0,0.0,0.0,0.3,11:12,0.0,00:01,0.3,7.1,6.8
1782739452.035,0.0,0.0,0.0,0.3,11:12,0.0,00:01,0.3,7.1,6.8
1782739457.043,0.0,0.0,0.0,0.3,11:12,0.0,00:01,0.3,7.1,6.8
1782739462.054,0.0,0.0,0.0,0.3,11:12,0.0,00:01,0.3,7.1,6.8
1782739467.06,0.0,0.0,0.0,0.3,11:12,0.0,00:01,0.3,7.1,6.8
1782739472.074,0.0,0.0,0.0,0.3,11:12,0.0,00:01,0.3,7.1,6.8
1782739477.086,0.0,0.0,0.0,0.3,11:12,0.0,00:01,0.3,7.1,6.8
1782739482.097,0.0,0.0,0.0,0.3,11:12,0.0,00:01,0.3,7.1,6.8
1782739487.105,0.0,0.0,0.0,0.3,11:12,0.0,00:01,0.3,7.1,6.8
1782739492.107,0.0,0.0,0.0,0.3,11:12,0.0,00:01,0.3,7.1,6.8
1782739497.12,0.0,0.0,0.0,0.3,11:12,0.0,00:01,0.3,7.1,6.8
1782739502.132,0.0,0.0,0.0,0.3,11:12,0.0,00:01,0.3,7.1,6.8
1782739507.141,0.0,0.0,0.0,0.3,11:12,0.0,00:01,0.3,7.1,6.8
1782739512.149,0.0,0.0,0.0,0.3,11:12,0.0,00:01,0.3,7.1,6.8
1782739517.163,0.0,0.0,0.0,0.3,11:12,0.0,00:01,0.3,7.1,6.8
1782739522.177,0.0,0.0,0.0,0.3,11:12,0.0,00:01,0.3,7.1,6.8
1782739527.19,0.0,0.0,0.0,0.3,11:12,0.0,00:01,0.3,7.1,6.8
1782739532.202,0.0,0.0,0.0,0.3,11:12,0.0,00:01,0.3,7.1,6.8
1782739537.207,0.0,0.0,0.0,0.3,11:12,0.0,00:01,0.3,7.1,6.8
1782739542.216,0.0,0.0,0.0,0.3,11:12,0.0,00:01,0.3,7.1,6.8
1782739547.228,0.0,0.0,0.0,0.3,11:12,0.0,00:01,0.3,7.1,6.8
1782739552.236,0.0,0.0,0.0,0.3,11:12,0.0,00:01,0.3,7.1,6.8
1782739557.246,0.0,0.0,0.0,0.3,11:12,0.0,00:01,0.3,7.1,6.8
1782739562.256,0.0,0.0,0.0,0.3,11:12,0.0,00:01,0.3,7.1,6.8
1782739567.268,0.0,0.0,0.0,0.3,11:12,0.0,00:01,0.3,7.1,6.8
1782739572.277,0.0,0.0,0.0,0.3,11:12,0.0,00:01,0.3,7.1,6.8
1782739577.285,0.0,0.0,0.0,0.3,11:12,0.0,00:01,0.3,7.1,6.8
1782739582.288,0.0,0.0,0.0,0.3,11:12,0.0,00:01,0.3,7.1,6.8
1782739587.299,0.0,0.0,0.0,0.3,11:12,0.0,00:01,0.3,7.1,6.8
1782739592.311,0.0,0.0,0.0,0.3,11:12,0.0,00:01,0.3,7.1,6.8
1782739597.319,0.0,0.0,0.0,0.3,11:12,0.0,00:01,0.3,7.1,6.8
1782739602.329,0.0,0.0,0.0,0.3,11:12,0.0,00:01,0.3,7.1,6.8
1782739607.332,0.0,0.0,0.0,0.3,11:12,0.0,00:01,0.3,7.1,6.8
1782739612.346,0.0,0.0,0.0,0.3,11:12,0.0,00:01,0.3,7.1,6.8
1782739617.356,0.0,0.0,0.0,0.3,11:12,0.0,00:01,0.3,7.1,6.8
1782739622.366,0.0,0.0,0.0,0.3,11:12,0.0,00:01,0.3,7.1,6.8
1782739627.373,0.0,0.0,0.0,0.3,11:12,0.0,00:01,0.3,7.1,6.8
1782739632.381,0.0,0.0,0.0,0.3,11:12,0.0,00:01,0.3,7.1,6.8
1782739637.396,0.0,0.0,0.0,0.3,11:12,0.0,00:01,0.3,7.1,6.8
1782739642.408,0.0,0.0,0.0,0.3,11:12,0.0,00:01,0.3,7.1,6.8
1782739647.422,0.0,0.0,0.0,0.3,11:12,0.0,00:01,0.3,7.1,6.8
1782739652.434,0.0,0.0,0.0,0.3,11:12,0.0,00:01,0.3,7.1,6.8
1782739657.443,0.0,0.0,0.0,0.3,11:12,0.0,00:01,0.3,7.1,6.8
1782739662.455,0.0,0.0,0.0,0.3,11:12,0.0,00:01,0.3,7.1,6.8
1782739667.465,0.0,0.0,0.0,0.3,11:12,0.0,00:01,0.3,7.1,6.8
1782739672.478,0.0,0.0,0.0,0.3,11:12,0.0,00:01,0.3,7.1,6.8
1782739677.484,0.0,0.0,0.0,0.3,11:12,0.0,00:01,0.3,7.1,6.8
1782739682.499,0.0,0.0,0.0,0.3,11:12,0.0,00:01,0.3,7.1,6.8
1782739687.512,0.0,0.0,0.0,0.3,11:12,0.0,00:01,0.3,7.1,6.8
1782739692.524,0.0,0.0,0.0,0.3,11:12,0.0,00:01,0.3,7.1,6.8
1782739697.533,0.0,0.0,0.0,0.3,11:12,0.0,00:01,0.3,7.1,6.8
1782739702.539,0.0,0.0,0.0,0.3,11:12,0.0,00:01,0.3,7.1,6.8
1782739707.555,0.0,0.0,0.0,0.3,11:12,0.0,00:01,0.3,7.1,6.8
1782739712.568,0.0,0.0,0.0,0.3,11:12,0.0,00:01,0.3,7.1,6.8
1782739717.581,0.0,0.0,0.0,0.3,11:12,0.0,00:01,0.3,7.1,6.8
1782739722.592,0.0,0.0,0.0,0.3,11:12,0.0,00:01,0.3,7.1,6.8
1782739727.599,0.0,0.0,0.0,0.3,11:12,0.0,00:01,0.3,7.1,6.8
1782739732.611,0.0,0.0,0.0,0.3,11:12,0.0,00:01,0.3,7.1,6.8
1782739737.623,0.0,0.0,0.0,0.3,11:12,0.0,00:01,0.3,7.1,6.8
1782739742.634,0.0,0.0,0.0,0.3,11:12,0.0,00:01,0.3,7.1,6.8
1782739747.648,0.0,0.0,0.0,0.3,11:12,0.0,00:01,0.3,7.1,6.8
1782739752.655,0.0,0.0,0.0,0.3,11:12,0.0,00:01,0.3,7.1,6.8
1782739757.668,0.0,0.0,0.0,0.3,11:12,0.0,00:01,0.3,7.1,6.8
1782739762.677,0.0,0.0,0.0,0.3,11:12,0.0,00:01,0.3,7.1,6.8
1782739767.687,0.0,0.0,0.0,0.3,11:12,0.0,00:01,0.3,7.1,6.8
1782739772.692,0.0,0.0,0.0,0.3,11:12,0.0,00:01,0.3,7.1,6.8
1782739777.703,0.0,0.0,0.0,0.3,11:12,0.0,00:01,0.3,7.1,6.8
1782739782.713,0.0,0.0,0.0,0.3,11:12,0.0,00:01,0.3,7.1,6.8
1782739787.723,0.0,0.0,0.0,0.3,11:12,0.0,00:01,0.3,7.1,6.8
1782739792.73,0.0,0.0,0.0,0.3,11:12,0.0,00:01,0.3,7.1,6.8
1782739797.735,0.0,0.0,0.0,0.3,11:12,0.0,00:01,0.3,7.1,6.8
1782739802.752,0.0,0.0,0.0,0.3,11:12,0.0,00:01,0.3,7.1,6.8
1782739807.762,0.0,0.0,0.0,0.3,11:12,0.0,00:01,0.3,7.1,6.8
1782739812.774,0.0,0.0,0.0,0.3,11:12,0.0,00:01,0.3,7.1,6.8
1782739817.788,0.0,0.0,0.0,0.3,11:12,0.0,00:01,0.3,7.1,6.8
1782739822.799,0.0,0.0,0.0,0.3,11:12,0.0,00:01,0.3,7.1,6.8
1782739827.811,0.0,0.0,0.0,0.3,11:12,0.0,00:01,0.3,7.1,6.8
1782739832.823,0.0,0.0,0.0,0.3,11:12,0.0,00:01,0.3,7.1,6.8
1782739837.835,0.0,0.0,0.0,0.3,11:12,0.0,00:01,0.3,7.1,6.8
1782739842.84,0.0,0.0,0.0,0.3,11:12,0.0,00:01,0.3,7.1,6.8
1782739847.855,0.0,0.0,0.0,0.3,11:12,0.0,00:01,0.3,7.1,6.8
1782739852.863,0.0,0.0,0.0,0.3,11:12,0.0,00:01,0.3,7.1,6.8
1782739857.875,0.0,0.0,0.0,0.3,11:12,0.0,00:01,0.3,7.1,6.8
1782739862.884,0.0,0.0,0.0,0.3,11:12,0.0,00:01,0.3,7.1,6.8
1782739867.892,0.0,0.0,0.0,0.3,11:12,0.0,00:01,0.3,7.1,6.8
1782739872.907,0.0,0.0,0.0,0.3,11:12,0.0,00:01,0.3,7.1,6.8
1782739877.916,0.0,0.0,0.0,0.3,11:12,0.0,00:01,0.3,7.1,6.8
1782739882.926,0.0,0.0,0.0,0.3,11:12,0.0,00:01,0.3,7.1,6.8
1782739887.939,0.0,0.0,0.0,0.3,11:12,0.0,00:01,0.3,7.1,6.8
1782739892.949,0.0,0.0,0.0,0.3,11:12,0.0,00:01,0.3,7.1,6.8
1782739897.961,0.0,0.0,0.0,0.3,11:12,0.0,00:01,0.3,7.1,6.8
1782739902.972,0.0,0.0,0.0,0.3,11:12,0.0,00:01,0.3,7.1,6.8
1782739907.983,0.0,0.0,0.0,0.3,11:12,0.0,00:01,0.3,7.1,6.8
1782739912.996,0.0,0.0,0.0,0.3,11:12,0.0,00:01,0.3,7.1,6.8
1782739918.005,0.0,0.0,0.0,0.3,11:12,0.0,00:01,0.3,7.1,6.8
1782739923.017,0.0,0.0,0.0,0.3,11:12,0.0,00:01,0.3,7.1,6.8
1782739928.028,0.0,0.0,0.0,0.3,11:12,0.0,00:01,0.3,7.1,6.8
1782739933.041,0.0,0.0,0.0,0.3,11:12,0.0,00:01,0.3,7.1,6.8
1782739938.048,0.0,0.0,0.0,0.3,11:12,0.0,00:01,0.3,7.1,6.8
1782739943.06,0.0,0.0,0.0,0.3,11:12,0.0,00:01,0.3,7.1,6.8
1782739948.07,0.0,0.0,0.0,0.3,11:12,0.0,00:01,0.3,7.1,6.8
1782739953.079,0.0,0.0,0.0,0.3,11:12,0.0,00:01,0.3,7.1,6.8
1782739958.093,0.0,0.0,0.0,0.3,11:12,0.0,00:01,0.3,7.1,6.8
1782739963.103,0.0,0.0,0.0,0.3,11:12,0.0,00:01,0.3,7.1,6.8
1782739968.115,0.0,0.0,0.0,0.3,11:12,0.0,00:01,0.3,7.1,6.8
1782739973.127,0.0,0.0,0.0,0.3,11:12,0.0,00:01,0.3,7.1,6.8
1782739978.139,0.0,0.0,0.0,0.3,11:12,0.0,00:01,0.3,7.1,6.8
1782739983.149,0.0,0.0,0.0,0.3,11:12,0.0,00:01,0.3,7.1,6.8
1782739988.157,0.0,0.0,0.0,0.3,11:12,0.0,00:01,0.3,7.1,6.8
1782739993.169,0.0,0.0,0.0,0.3,11:12,0.0,00:01,0.3,7.1,6.8
1782739998.18,0.0,0.0,0.0,0.3,11:12,0.0,00:01,0.3,7.1,6.8
1782740003.195,0.0,0.0,0.0,0.3,11:12,0.0,00:01,0.3,7.1,6.8
1782740008.204,0.0,0.0,0.0,0.3,11:12,0.0,00:01,0.3,7.1,6.8
1782740013.216,0.0,0.0,0.0,0.3,11:12,0.0,00:01,0.3,7.1,6.8
1782740018.224,0.0,0.0,0.0,0.3,11:12,0.0,00:01,0.3,7.1,6.8
1782740023.234,0.0,0.0,0.0,0.3,11:12,0.0,00:01,0.3,7.1,6.8
1782740028.24,0.0,0.0,0.0,0.3,11:12,0.0,00:01,0.3,7.1,6.8
1782740033.25,0.0,0.0,0.0,0.3,11:12,0.0,00:01,0.3,7.1,6.8
1782740038.261,0.0,0.0,0.0,0.3,11:12,0.0,00:01,0.3,7.1,6.8
1782740043.273,0.0,0.0,0.0,0.3,11:12,0.0,00:01,0.3,7.1,6.8
1782740048.285,0.0,0.0,0.0,0.3,11:12,0.0,00:01,0.3,7.1,6.8
1782740053.292,0.0,0.0,0.0,0.3,11:12,0.0,00:01,0.3,7.1,6.8
1782740058.302,0.0,0.0,0.0,0.3,11:12,0.0,00:01,0.3,7.1,6.8
1782740063.308,0.0,0.0,0.0,0.3,11:12,0.0,00:01,0.3,7.1,6.8
1782740068.32,0.0,0.0,0.0,0.3,11:12,0.0,00:01,0.3,7.1,6.8
1782740073.334,0.0,0.0,0.0,0.3,11:12,0.0,00:01,0.3,7.1,6.8
1782740078.348,0.0,0.0,0.0,0.3,11:12,0.0,00:01,0.3,7.1,6.8
1782740083.355,0.0,0.0,0.0,0.3,11:12,0.0,00:01,0.3,7.1,6.8
1782740088.37,0.0,0.0,0.0,0.3,11:12,0.0,00:01,0.3,7.1,6.8
1782740093.379,0.0,0.0,0.0,0.3,11:12,0.0,00:01,0.3,7.1,6.8
1782740098.39,0.0,0.0,0.0,0.3,11:12,0.0,00:01,0.3,7.1,6.8
1782740103.4,0.0,0.0,0.0,0.3,11:12,0.0,00:01,0.3,7.1,6.8
1782740108.412,0.0,0.0,0.0,0.3,11:12,0.0,00:01,0.3,7.1,6.8
1782740113.426,0.0,0.0,0.0,0.3,11:12,0.0,00:01,0.3,7.1,6.8
1782740118.434,0.0,0.0,0.0,0.3,11:12,0.0,00:01,0.3,7.1,6.8
1782740123.447,0.0,0.0,0.0,0.3,11:12,0.0,00:01,0.3,7.1,6.8
1782740128.458,0.0,0.0,0.0,0.3,11:12,0.0,00:01,0.3,7.1,6.8
1782740133.469,0.0,0.0,0.0,0.3,11:12,0.0,00:01,0.3,7.1,6.8
1782740138.478,0.0,0.0,0.0,0.3,11:12,0.0,00:01,0.3,7.1,6.8
1782740143.491,0.0,0.0,0.0,0.3,11:12,0.0,00:01,0.3,7.1,6.8
1782740148.505,0.0,0.0,0.0,0.3,11:12,0.0,00:01,0.3,7.1,6.8
1782740153.507,0.0,0.0,0.0,0.3,11:12,0.0,00:01,0.3,7.1,6.8
1782740158.521,0.0,0.0,0.0,0.3,11:12,0.0,00:01,0.3,7.1,6.8
1782740163.529,0.0,0.0,0.0,0.3,11:12,0.0,00:01,0.3,7.1,6.8
1782740168.54,0.0,0.0,0.0,0.3,11:12,0.0,00:01,0.3,7.1,6.8
1782740173.554,0.0,0.0,0.0,0.3,11:12,0.0,00:01,0.3,7.1,6.8
1782740178.563,0.0,0.0,0.0,0.3,11:12,0.0,00:01,0.3,7.1,6.8
1782740183.573,0.0,0.0,0.0,0.3,11:12,0.0,00:01,0.3,7.1,6.8
1782740188.586,0.0,0.0,0.0,0.3,11:12,0.0,00:01,0.3,7.1,6.8
1782740193.595,0.0,0.0,0.0,0.3,11:12,0.0,00:01,0.3,7.1,6.8
1782740198.604,0.0,0.0,0.0,0.3,11:12,0.0,00:01,0.3,7.1,6.8
1782740203.615,0.0,0.0,0.0,0.3,11:12,0.0,00:01,0.3,7.1,6.8
1782740208.628,0.0,0.0,0.0,0.3,11:12,0.0,00:01,0.3,7.1,6.8
1782740213.638,0.0,0.0,0.0,0.3,11:12,0.0,00:01,0.3,7.1,6.8
1782740218.653,0.0,0.0,0.0,0.3,11:12,0.0,00:01,0.3,7.1,6.8
1782740223.66,0.0,0.0,0.0,0.3,11:12,0.0,00:01,0.3,7.1,6.8
1782740228.675,0.0,0.0,0.0,0.3,11:12,0.0,00:01,0.3,7.1,6.8
1782740233.685,0.0,0.0,0.0,0.3,11:12,0.0,00:01,0.3,7.1,6.8
1782740238.696,0.0,0.0,0.0,0.3,11:12,0.0,00:01,0.3,7.1,6.8
1782740243.711,0.0,0.0,0.0,0.3,11:12,0.0,00:01,0.3,7.1,6.8
1782740248.718,0.0,0.0,0.0,0.3,11:12,0.0,00:01,0.3,7.1,6.8
1782740253.729,0.0,0.0,0.0,0.3,11:12,0.0,00:01,0.3,7.1,6.8
1782740258.74,0.0,0.0,0.0,0.3,11:12,0.0,00:01,0.3,7.1,6.8
1782740263.752,0.0,0.0,0.0,0.3,11:12,0.0,00:01,0.3,7.1,6.8
1782740268.766,0.0,0.0,0.0,0.3,11:12,0.0,00:01,0.3,7.1,6.8
1782740273.773,0.0,0.0,0.0,0.3,11:12,0.0,00:01,0.3,7.1,6.8
1782740278.787,0.0,0.0,0.0,0.3,11:12,0.0,00:01,0.3,7.1,6.8
1782740283.798,0.0,0.0,0.0,0.3,11:12,0.0,00:01,0.3,7.1,6.8
1782740288.811,0.0,0.0,0.0,0.3,11:12,0.0,00:01,0.3,7.1,6.8
1782740293.816,0.0,0.0,0.0,0.3,11:12,0.0,00:01,0.3,7.1,6.8
1782740298.826,0.0,0.0,0.0,0.3,11:12,0.0,00:01,0.3,7.1,6.8
1782740303.836,0.0,0.0,0.0,0.3,11:12,0.0,00:01,0.3,7.1,6.8
1782740308.841,0.0,0.0,0.0,0.3,11:12,0.0,00:01,0.3,7.1,6.8
1782740313.852,0.0,0.0,0.0,0.3,11:12,0.0,00:01,0.3,7.1,6.8
1782740318.859,0.0,0.0,0.0,0.3,11:12,0.0,00:01,0.3,7.1,6.8
1782740323.868,0.0,0.0,0.0,0.3,11:12,0.0,00:01,0.3,7.1,6.8
1782740328.878,0.0,0.0,0.0,0.3,11:12,0.0,00:01,0.3,7.1,6.8
1782740333.884,0.0,0.0,0.0,0.3,11:12,0.0,00:01,0.3,7.1,6.8
1782740338.894,0.0,0.0,0.0,0.3,11:12,0.0,00:01,0.3,7.1,6.8
1782740343.901,0.0,0.0,0.0,0.3,11:12,0.0,00:01,0.3,7.1,6.8
1782740348.912,0.0,0.0,0.0,0.3,11:12,0.0,00:01,0.3,7.1,6.8
1782740353.926,0.0,0.0,0.0,0.3,11:12,0.0,00:01,0.3,7.1,6.8
1782740358.94,0.0,0.0,0.0,0.3,11:12,0.0,00:01,0.3,7.1,6.8
1782740363.947,0.0,0.0,0.0,0.3,11:12,0.0,00:01,0.3,7.1,6.8
1782740368.96,0.0,0.0,0.0,0.3,11:12,0.0,00:01,0.3,7.1,6.8
1782740373.973,0.0,0.0,0.0,0.3,11:12,0.0,00:01,0.3,7.1,6.8
1782740378.981,0.0,0.0,0.0,0.3,11:12,0.0,00:01,0.3,7.1,6.8
1782740383.995,0.0,0.0,0.0,0.3,11:12,0.0,00:01,0.3,7.1,6.8
1782740388.999,0.0,0.0,0.0,0.3,11:12,0.0,00:01,0.3,7.1,6.8
1782740394.01,0.0,0.0,0.0,0.3,11:12,0.0,00:01,0.3,7.1,6.8
1782740399.022,0.0,0.0,0.0,0.3,11:12,0.0,00:01,0.3,7.1,6.8
1782740404.031,0.0,0.0,0.0,0.3,11:12,0.0,00:01,0.3,7.1,6.8
1782740409.041,0.0,0.0,0.0,0.3,11:12,0.0,00:01,0.3,7.1,6.8
1782740414.047,0.0,0.0,0.0,0.3,11:12,0.0,00:01,0.3,7.1,6.8
1782740419.054,0.0,0.0,0.0,0.3,11:12,0.0,00:01,0.3,7.1,6.8
1782740424.061,0.0,0.0,0.0,0.3,11:12,0.0,00:01,0.3,7.1,6.8
1782740429.071,0.0,0.0,0.0,0.3,11:12,0.0,00:01,0.3,7.1,6.8
1782740434.076,0.0,0.0,0.0,0.3,11:12,0.0,00:01,0.3,7.1,6.8
1782740439.082,0.0,0.0,0.0,0.3,11:12,0.0,00:01,0.3,7.1,6.8
1782740444.09,0.0,0.0,0.0,0.3,11:12,0.0,00:01,0.3,7.1,6.8
1782740449.098,0.0,0.0,0.0,0.3,11:12,0.0,00:01,0.3,7.1,6.8
1782740454.107,0.0,0.0,0.0,0.3,11:12,0.0,00:01,0.3,7.1,6.8
1782740459.115,0.0,0.0,0.0,0.3,11:12,0.0,00:01,0.3,7.1,6.8
1782740464.126,0.0,0.0,0.0,0.3,11:12,0.0,00:01,0.3,7.1,6.8
1782740469.141,0.0,0.0,0.0,0.3,11:12,0.0,00:01,0.3,7.1,6.8
1782740474.153,0.0,0.0,0.0,0.3,11:12,0.0,00:01,0.3,7.1,6.8
1782740479.166,0.0,0.0,0.0,0.3,11:12,0.0,00:01,0.3,7.1,6.8
1782740484.177,0.0,0.0,0.0,0.3,11:12,0.0,00:01,0.3,7.1,6.8
1782740489.188,0.0,0.0,0.0,0.3,11:12,0.0,00:01,0.3,7.1,6.8
1782740494.199,0.0,0.0,0.0,0.3,11:12,0.0,00:01,0.3,7.1,6.8
1782740499.215,0.0,0.0,0.0,0.3,11:12,0.0,00:01,0.3,7.1,6.8
1782740504.228,0.0,0.0,0.0,0.3,11:12,0.0,00:01,0.3,7.1,6.8
1782740509.232,0.0,0.0,0.0,0.3,11:12,0.0,00:01,0.3,7.1,6.8
1782740514.244,0.0,0.0,0.0,0.3,11:12,0.0,00:01,0.3,7.1,6.8
1782740519.254,0.0,0.0,0.0,0.3,11:12,0.0,00:01,0.3,7.1,6.8
1782740524.263,0.0,0.0,0.0,0.3,11:12,0.0,00:01,0.3,7.1,6.8
1782740529.274,0.0,0.0,0.0,0.3,11:12,0.0,00:01,0.3,7.1,6.8
1782740534.286,0.0,0.0,0.0,0.3,11:12,0.0,00:01,0.3,7.1,6.8
1782740539.295,0.0,0.0,0.0,0.3,11:12,0.0,00:01,0.3,7.1,6.8
1782740544.308,0.0,0.0,0.0,0.3,11:12,0.0,00:01,0.3,7.1,6.8
1782740549.319,0.0,0.0,0.0,0.3,11:12,0.0,00:01,0.3,7.1,6.8
1782740554.326,0.0,0.0,0.0,0.3,11:12,0.0,00:01,0.3,7.1,6.8
1782740559.335,0.0,0.0,0.0,0.3,11:12,0.0,00:01,0.3,7.1,6.8
1782740564.34,0.0,0.0,0.0,0.3,11:12,0.0,00:01,0.3,7.1,6.8
1782740569.351,0.0,0.0,0.0,0.3,11:12,0.0,00:01,0.3,7.1,6.8
1782740574.357,0.0,0.0,0.0,0.3,11:12,0.0,00:01,0.3,7.1,6.8
1782740579.363,0.0,0.0,0.0,0.3,11:12,0.0,00:01,0.3,7.1,6.8
1782740584.375,0.0,0.0,0.0,0.3,11:12,0.0,00:01,0.3,7.1,6.8
1782740589.382,0.0,0.0,0.0,0.3,11:12,0.0,00:01,0.3,7.1,6.8
1782740594.392,0.0,0.0,0.0,0.3,11:12,0.0,00:01,0.3,7.1,6.8
1782740599.394,0.0,0.0,0.0,0.3,11:12,0.0,00:01,0.3,7.1,6.8
1782740604.402,0.0,0.0,0.0,0.3,11:12,0.0,00:01,0.3,7.1,6.8
1782740609.409,0.0,0.0,0.0,0.3,11:12,0.0,00:01,0.3,7.1,6.8
1782740614.416,0.0,0.0,0.0,0.3,11:12,0.0,00:01,0.3,7.1,6.8
1782740619.426,0.0,0.0,0.0,0.3,11:12,0.0,00:01,0.3,7.1,6.8
1782740624.43,0.0,0.0,0.0,0.3,11:12,0.0,00:01,0.3,7.1,6.8
1782740629.441,0.0,0.0,0.0,0.3,11:12,0.0,00:01,0.3,7.1,6.8
1782740634.45,0.0,0.0,0.0,0.3,11:12,0.0,00:01,0.3,7.1,6.8
1782740639.465,0.0,0.0,0.0,0.3,11:12,0.0,00:01,0.3,7.1,6.8
1782740644.477,0.0,0.0,0.0,0.3,11:12,0.0,00:01,0.3,7.1,6.8
1782740649.484,0.0,0.0,0.0,0.3,11:12,0.0,00:01,0.3,7.1,6.8
1782740654.498,0.0,0.0,0.0,0.3,11:12,0.0,00:01,0.3,7.1,6.8
1782740659.507,0.0,0.0,0.0,0.3,11:12,0.0,00:01,0.3,7.1,6.8
1782740664.518,0.0,0.0,0.0,0.3,11:12,0.0,00:01,0.3,7.1,6.8
1782740669.524,0.0,0.0,0.0,0.3,11:12,0.0,00:01,0.3,7.1,6.8
1782740674.532,0.0,0.0,0.0,0.3,11:12,0.0,00:01,0.3,7.1,6.8
1782740679.543,0.0,0.0,0.0,0.3,11:12,0.0,00:01,0.3,7.1,6.8
1782740684.55,0.0,0.0,0.0,0.3,11:12,0.0,00:01,0.3,7.1,6.8
1782740689.559,0.0,0.0,0.0,0.3,11:12,0.0,00:01,0.3,7.1,6.8
1782740694.565,0.0,0.0,0.0,0.3,11:12,0.0,00:01,0.3,7.1,6.8
1782740699.573,0.0,0.0,0.0,0.3,11:12,0.0,00:01,0.3,7.1,6.8
1782740704.582,0.0,0.0,0.0,0.3,11:12,0.0,00:01,0.3,7.1,6.8
1782740709.592,0.0,0.0,0.0,0.3,11:12,0.0,00:01,0.3,7.1,6.8
1782740714.598,0.0,0.0,0.0,0.3,11:12,0.0,00:01,0.3,7.1,6.8
1782740719.604,0.0,0.0,0.0,0.3,11:12,0.0,00:01,0.3,7.1,6.8
1782740724.614,0.0,0.0,0.0,0.3,11:12,0.0,00:01,0.3,7.1,6.8
1782740729.622,0.0,0.0,0.0,0.3,11:12,0.0,00:01,0.3,7.1,6.8
1782740734.632,0.0,0.0,0.0,0.3,11:12,0.0,00:01,0.3,7.1,6.8
1782740739.636,0.0,0.0,0.0,0.3,11:12,0.0,00:01,0.3,7.1,6.8
1782740744.644,0.0,0.0,0.0,0.3,11:12,0.0,00:01,0.3,7.1,6.8
1782740749.654,0.0,0.0,0.0,0.3,11:12,0.0,00:01,0.3,7.1,6.8
1782740754.665,0.0,0.0,0.0,0.3,11:12,0.0,00:01,0.3,7.1,6.8
1782740759.671,0.0,0.0,0.0,0.3,11:12,0.0,00:01,0.3,7.1,6.8
1782740764.678,0.0,0.0,0.0,0.3,11:12,0.0,00:01,0.3,7.1,6.8
1782740769.689,0.0,0.0,0.0,0.3,11:12,0.0,00:01,0.3,7.1,6.8
1782740774.696,0.0,0.0,0.0,0.3,11:12,0.0,00:01,0.3,7.1,6.8
1782740779.706,0.0,0.0,0.0,0.3,11:12,0.0,00:01,0.3,7.1,6.8
1782740784.716,0.0,0.0,0.0,0.3,11:12,0.0,00:01,0.3,7.1,6.8
1782740789.72,0.0,0.0,0.0,0.3,11:12,0.0,00:01,0.3,7.1,6.8
1782740794.73,0.0,0.0,0.0,0.3,11:12,0.0,00:01,0.3,7.1,6.8
1782740799.739,0.0,0.0,0.0,0.3,11:12,0.0,00:01,0.3,7.1,6.8
1782740804.746,0.0,0.0,0.0,0.3,11:12,0.0,00:01,0.3,7.1,6.8
1782740809.752,0.0,0.0,0.0,0.3,11:12,0.0,00:01,0.3,7.1,6.8
1782740814.758,0.0,0.0,0.0,0.3,11:12,0.0,00:01,0.3,7.1,6.8
1782740819.767,0.0,0.0,0.0,0.3,11:12,0.0,00:01,0.3,7.1,6.8
1782740824.779,0.0,0.0,0.0,0.3,11:12,0.0,00:01,0.3,7.1,6.8
1782740829.788,0.0,0.0,0.0,0.3,11:12,0.0,00:01,0.3,7.1,6.8
1782740834.793,0.0,0.0,0.0,0.3,11:12,0.0,00:01,0.3,7.1,6.8
1782740839.805,0.0,0.0,0.0,0.3,11:12,0.0,00:01,0.3,7.1,6.8
1782740844.811,0.0,0.0,0.0,0.3,11:12,0.0,00:01,0.3,7.1,6.8
1782740849.821,0.0,0.0,0.0,0.3,11:12,0.0,00:01,0.3,7.1,6.8
1782740854.828,0.0,0.0,0.0,0.3,11:12,0.0,00:01,0.3,7.1,6.8
1782740859.832,0.0,0.0,0.0,0.3,11:12,0.0,00:01,0.3,7.1,6.8
1782740864.84,0.0,0.0,0.0,0.3,11:12,0.0,00:01,0.3,7.1,6.8
1782740869.854,0.0,0.0,0.0,0.3,11:12,0.0,00:01,0.3,7.1,6.8
1782740874.869,0.0,0.0,0.0,0.3,11:12,0.0,00:01,0.3,7.1,6.8
1782740879.879,0.0,0.0,0.0,0.3,11:12,0.0,00:01,0.3,7.1,6.8
1782740884.889,0.0,0.0,0.0,0.3,11:12,0.0,00:01,0.3,7.1,6.8
1782740889.898,0.0,0.0,0.0,0.3,11:12,0.0,00:01,0.3,7.1,6.8
1782740894.909,0.0,0.0,0.0,0.3,11:12,0.0,00:01,0.3,7.1,6.8
1782740899.917,0.0,0.0,0.0,0.3,11:12,0.0,00:01,0.3,7.1,6.8
1782740904.92,0.0,0.0,0.0,0.3,11:12,0.0,00:01,0.3,7.1,6.8
1782740909.934,0.0,0.0,0.0,0.3,11:12,0.0,00:01,0.3,7.1,6.8
1782740914.947,0.0,0.0,0.0,0.3,11:12,0.0,00:01,0.3,7.1,6.8
1782740919.959,0.0,0.0,0.0,0.3,11:12,0.0,00:01,0.3,7.1,6.8
1782740924.969,0.0,0.0,0.0,0.3,11:12,0.0,00:01,0.3,7.1,6.8
1782740929.975,0.0,0.0,0.0,0.3,11:12,0.0,00:01,0.3,7.1,6.8
1782740934.99,0.0,0.0,0.0,0.3,11:12,0.0,00:01,0.3,7.1,6.8
1782740940.002,0.0,0.0,0.0,0.3,11:12,0.0,00:01,0.3,7.1,6.8
1782740945.014,0.0,0.0,0.0,0.3,11:12,0.0,00:01,0.3,7.1,6.8
1782740950.026,0.0,0.0,0.0,0.3,11:12,0.0,00:01,0.3,7.1,6.8
1782740955.032,0.0,0.0,0.0,0.3,11:12,0.0,00:01,0.3,7.1,6.8
1782740960.04,0.0,0.0,0.0,0.3,11:12,0.0,00:01,0.3,7.1,6.8
1782740965.052,0.0,0.0,0.0,0.3,11:12,0.0,00:01,0.3,7.1,6.8
1782740970.065,0.0,0.0,0.0,0.3,11:12,0.0,00:01,0.3,7.1,6.8
1782740975.068,0.0,0.0,0.0,0.3,11:12,0.0,00:01,0.3,7.1,6.8
1782740980.077,0.0,0.0,0.0,0.3,11:12,0.0,00:01,0.3,7.1,6.8
1782740985.09,0.0,0.0,0.0,0.3,11:12,0.0,00:01,0.3,7.1,6.8
1782740990.103,0.0,0.0,0.0,0.3,11:12,0.0,00:01,0.3,7.1,6.8
1782740995.117,0.0,0.0,0.0,0.3,11:12,0.0,00:01,0.3,7.1,6.8
1782741000.12,0.0,0.0,0.0,0.3,11:12,0.0,00:01,0.3,7.1,6.8
1782741005.132,0.0,0.0,0.0,0.3,11:12,0.0,00:01,0.3,7.1,6.8
1782741010.146,0.0,0.0,0.0,0.3,11:12,0.0,00:01,0.3,7.1,6.8
1782741015.16,0.0,0.0,0.0,0.3,11:12,0.0,00:01,0.3,7.1,6.8
1782741020.17,0.0,0.0,0.0,0.3,11:12,0.0,00:01,0.3,7.1,6.8
1782741025.177,0.0,0.0,0.0,0.3,11:12,0.0,00:01,0.3,7.1,6.8
1782741030.189,0.0,0.0,0.0,0.3,11:12,0.0,00:01,0.3,7.1,6.8
1782741035.206,0.0,0.0,0.0,0.3,11:12,0.0,00:01,0.3,7.1,6.8
1782741040.219,0.0,0.0,0.0,0.3,11:12,0.0,00:01,0.3,7.1,6.8
1782741045.231,0.0,0.0,0.0,0.3,11:12,0.0,00:01,0.3,7.1,6.8
1782741050.238,0.0,0.0,0.0,0.3,11:12,0.0,00:01,0.3,7.1,6.8
1782741055.248,0.0,0.0,0.0,0.3,11:12,0.0,00:01,0.3,7.1,6.8
1782741060.254,0.0,0.0,0.0,0.3,11:12,0.0,00:01,0.3,7.1,6.8
1782741065.264,0.0,0.0,0.0,0.3,11:12,0.0,00:01,0.3,7.1,6.8
1782741070.27,0.0,0.0,0.0,0.3,11:12,0.0,00:01,0.3,7.1,6.8
1782741075.28,0.0,0.0,0.0,0.3,11:12,0.0,00:01,0.3,7.1,6.8
1782741080.286,0.0,0.0,0.0,0.3,11:12,0.0,00:01,0.3,7.1,6.8
1782741085.295,0.0,0.0,0.0,0.3,11:12,0.0,00:01,0.3,7.1,6.8
1782741090.305,0.0,0.0,0.0,0.3,11:12,0.0,00:01,0.3,7.1,6.8
1782741095.313,0.0,0.0,0.0,0.3,11:12,0.0,00:01,0.3,7.1,6.8
1782741100.318,0.0,0.0,0.0,0.3,11:12,0.0,00:01,0.3,7.1,6.8
1782741105.325,0.0,0.0,0.0,0.3,11:12,0.0,00:01,0.3,7.1,6.8
1782741110.333,0.0,0.0,0.0,0.3,11:12,0.0,00:01,0.3,7.1,6.8
1782741115.337,0.0,0.0,0.0,0.3,11:12,0.0,00:01,0.3,7.1,6.8
1782741120.343,0.0,0.0,0.0,0.3,11:12,0.0,00:01,0.3,7.1,6.8
1782741125.354,0.0,0.0,0.0,0.3,11:12,0.0,00:01,0.3,7.1,6.8
1782741130.36,0.0,0.0,0.0,0.3,11:12,0.0,00:01,0.3,7.1,6.8
1782741135.367,0.0,0.0,0.0,0.3,11:12,0.0,00:01,0.3,7.1,6.8
1782741140.374,0.0,0.0,0.0,0.3,11:12,0.0,00:01,0.3,7.1,6.8
1782741145.388,0.0,0.0,0.0,0.3,11:12,0.0,00:01,0.3,7.1,6.8
1782741150.398,0.0,0.0,0.0,0.3,11:12,0.0,00:01,0.3,7.1,6.8
1782741155.41,0.0,0.0,0.0,0.3,11:12,0.0,00:01,0.3,7.1,6.8
1782741160.422,0.0,0.0,0.0,0.3,11:12,0.0,00:01,0.3,7.1,6.8
1782741165.43,0.0,0.0,0.0,0.3,11:12,0.0,00:01,0.3,7.1,6.8
1782741170.436,0.0,0.0,0.0,0.3,11:12,0.0,00:01,0.3,7.1,6.8
1782741175.444,0.0,0.0,0.0,0.3,11:12,0.0,00:01,0.3,7.1,6.8
1782741180.46,0.0,0.0,0.0,0.3,11:12,0.0,00:01,0.3,7.1,6.8
1782741185.47,0.0,0.0,0.0,0.3,11:12,0.0,00:01,0.3,7.1,6.8
1782741190.478,0.0,0.0,0.0,0.3,11:12,0.0,00:01,0.3,7.1,6.8
1782741195.49,0.0,0.0,0.0,0.3,11:12,0.0,00:01,0.3,7.1,6.8
1782741200.5,0.0,0.0,0.0,0.3,11:12,0.0,00:01,0.3,7.1,6.8
1782741205.509,0.0,0.0,0.0,0.3,11:12,0.0,00:01,0.3,7.1,6.8
1782741210.521,0.0,0.0,0.0,0.3,11:12,0.0,00:01,0.3,7.1,6.8
1782741215.524,0.0,0.0,0.0,0.3,11:12,0.0,00:01,0.3,7.1,6.8
1782741220.536,0.0,0.0,0.0,0.3,11:12,0.0,00:01,0.3,7.1,6.8
1782741225.548,0.0,0.0,0.0,0.3,11:12,0.0,00:01,0.3,7.1,6.8
1782741230.556,0.0,0.0,0.0,0.3,11:12,0.0,00:01,0.3,7.1,6.8
1782741235.563,0.0,0.0,0.0,0.3,11:12,0.0,00:01,0.3,7.1,6.8
1782741240.573,0.0,0.0,0.0,0.3,11:12,0.0,00:01,0.3,7.1,6.8
1782741245.583,0.0,0.0,0.0,0.3,11:12,0.0,00:01,0.3,7.1,6.8
1782741250.594,0.0,0.0,0.0,0.3,11:12,0.0,00:01,0.3,7.1,6.8
1782741255.603,0.0,0.0,0.0,0.3,11:12,0.0,00:01,0.3,7.1,6.8
1782741260.61,0.0,0.0,0.0,0.3,11:12,0.0,00:01,0.3,7.1,6.8
1782741265.618,0.0,0.0,0.0,0.3,11:12,0.0,00:01,0.3,7.1,6.8
1782741270.628,0.0,0.0,0.0,0.3,11:12,0.0,00:01,0.3,7.1,6.8
1782741275.637,0.0,0.0,0.0,0.3,11:12,0.0,00:01,0.3,7.1,6.8
1782741280.645,0.0,0.0,0.0,0.3,11:12,0.0,00:01,0.3,7.1,6.8
1782741285.648,0.0,0.0,0.0,0.3,11:12,0.0,00:01,0.3,7.1,6.8
1782741290.656,0.0,0.0,0.0,0.3,11:12,0.0,00:01,0.3,7.1,6.8
1782741295.666,0.0,0.0,0.0,0.3,11:12,0.0,00:01,0.3,7.1,6.8
1782741300.675,0.0,0.0,0.0,0.3,11:12,0.0,00:01,0.3,7.1,6.8
1782741305.68,0.0,0.0,0.0,0.3,11:12,0.0,00:01,0.3,7.1,6.8
1782741310.688,0.0,0.0,0.0,0.3,11:12,0.0,00:01,0.3,7.1,6.8
1782741315.699,0.0,0.0,0.0,0.3,11:12,0.0,00:01,0.3,7.1,6.8
1782741320.706,0.0,0.0,0.0,0.3,11:12,0.0,00:01,0.3,7.1,6.8
1782741325.716,0.0,0.0,0.0,0.3,11:12,0.0,00:01,0.3,7.1,6.8
1782741330.72,0.0,0.0,0.0,0.3,11:12,0.0,00:01,0.3,7.1,6.8
1782741335.73,0.0,0.0,0.0,0.3,11:12,0.0,00:01,0.3,7.1,6.8
1782741340.739,0.0,0.0,0.0,0.3,11:12,0.0,00:01,0.3,7.1,6.8
1782741345.747,0.0,0.0,0.0,0.3,11:12,0.0,00:01,0.3,7.1,6.8
1782741350.755,0.0,0.0,0.0,0.3,11:12,0.0,00:01,0.3,7.1,6.8
1782741355.76,0.0,0.0,0.0,0.3,11:12,0.0,00:01,0.3,7.1,6.8
1782741360.769,0.0,0.0,0.0,0.3,11:12,0.0,00:01,0.3,7.1,6.8
1782741365.781,0.0,0.0,0.0,0.3,11:12,0.0,00:01,0.3,7.1,6.8
1782741370.79,0.0,0.0,0.0,0.3,11:12,0.0,00:01,0.3,7.1,6.8
1782741375.796,0.0,0.0,0.0,0.3,11:12,0.0,00:01,0.3,7.1,6.8
1782741380.806,0.0,0.0,0.0,0.3,11:12,0.0,00:01,0.3,7.1,6.8
1782741385.815,0.0,0.0,0.0,0.3,11:12,0.0,00:01,0.3,7.1,6.8
1782741390.823,0.0,0.0,0.0,0.3,11:12,0.0,00:01,0.3,7.1,6.8
1782741395.828,0.0,0.0,0.0,0.3,11:12,0.0,00:01,0.3,7.1,6.8
1782741400.834,0.0,0.0,0.0,0.3,11:12,0.0,00:01,0.3,7.1,6.8
1782741405.843,0.0,0.0,0.0,0.3,11:12,0.0,00:01,0.3,7.1,6.8
1782741410.851,0.0,0.0,0.0,0.3,11:12,0.0,00:01,0.3,7.1,6.8
1782741415.861,0.0,0.0,0.0,0.3,11:12,0.0,00:01,0.3,7.1,6.8
1782741420.87,0.0,0.0,0.0,0.3,11:12,0.0,00:01,0.3,7.1,6.8
1782741425.874,0.0,0.0,0.0,0.3,11:12,0.0,00:01,0.3,7.1,6.8
1782741430.88,0.0,0.0,0.0,0.3,11:12,0.0,00:01,0.3,7.1,6.8
1782741435.892,0.0,0.0,0.0,0.3,11:12,0.0,00:01,0.3,7.1,6.8
1782741440.901,0.0,0.0,0.0,0.3,11:12,0.0,00:01,0.3,7.1,6.8
1782741445.902,0.0,0.0,0.0,0.3,11:12,0.0,00:01,0.3,7.1,6.8
1782741450.909,0.0,0.0,0.0,0.3,11:12,0.0,00:01,0.3,7.1,6.8
1782741455.919,0.0,0.0,0.0,0.3,11:12,0.0,00:01,0.3,7.1,6.8
1782741460.928,0.0,0.0,0.0,0.3,11:12,0.0,00:01,0.3,7.1,6.8
1782741465.938,0.0,0.0,0.0,0.3,11:12,0.0,00:01,0.3,7.1,6.8
1782741470.944,0.0,0.0,0.0,0.3,11:12,0.0,00:01,0.3,7.1,6.8
1782741475.953,0.0,0.0,0.0,0.3,11:12,0.0,00:01,0.3,7.1,6.8
1782741480.965,0.0,0.0,0.0,0.3,11:12,0.0,00:01,0.3,7.1,6.8
1782741485.974,0.0,0.0,0.0,0.3,11:12,0.0,00:01,0.3,7.1,6.8
1782741490.983,0.0,0.0,0.0,0.3,11:12,0.0,00:01,0.3,7.1,6.8
1782741495.986,0.0,0.0,0.0,0.3,11:12,0.0,00:01,0.3,7.1,6.8
1782741500.996,0.0,0.0,0.0,0.3,11:12,0.0,00:01,0.3,7.1,6.8
1782741506.007,0.0,0.0,0.0,0.3,11:12,0.0,00:01,0.3,7.1,6.8
1782741511.015,0.0,0.0,0.0,0.3,11:12,0.0,00:01,0.3,7.1,6.8
1782741516.02,0.0,0.0,0.0,0.3,11:12,0.0,00:01,0.3,7.1,6.8
1782741521.031,0.0,0.0,0.0,0.3,11:12,0.0,00:01,0.3,7.1,6.8
1782741526.04,0.0,0.0,0.0,0.3,11:12,0.0,00:01,0.3,7.1,6.8
1782741531.049,0.0,0.0,0.0,0.3,11:12,0.0,00:01,0.3,7.1,6.8
1782741536.06,0.0,0.0,0.0,0.3,11:12,0.0,00:01,0.3,7.1,6.8
1782741541.066,0.0,0.0,0.0,0.3,11:12,0.0,00:01,0.3,7.1,6.8
1782741546.077,0.0,0.0,0.0,0.3,11:12,0.0,00:01,0.3,7.1,6.8
1782741551.087,0.0,0.0,0.0,0.3,11:12,0.0,00:01,0.3,7.1,6.8
1782741556.096,0.0,0.0,0.0,0.3,11:12,0.0,00:01,0.3,7.1,6.8
1782741561.102,0.0,0.0,0.0,0.3,11:12,0.0,00:01,0.3,7.1,6.8
1782741566.108,0.0,0.0,0.0,0.3,11:12,0.0,00:01,0.3,7.1,6.8
1782741571.116,0.0,0.0,0.0,0.3,11:12,0.0,00:01,0.3,7.1,6.8
1782741576.128,0.0,0.0,0.0,0.3,11:12,0.0,00:01,0.3,7.1,6.8
1782741581.137,0.0,0.0,0.0,0.3,11:12,0.0,00:01,0.3,7.1,6.8
1782741586.143,0.0,0.0,0.0,0.3,11:12,0.0,00:01,0.3,7.1,6.8
1782741591.154,0.0,0.0,0.0,0.3,11:12,0.0,00:01,0.3,7.1,6.8
1782741596.162,0.0,0.0,0.0,0.3,11:12,0.0,00:01,0.3,7.1,6.8
1782741601.172,0.0,0.0,0.0,0.3,11:12,0.0,00:01,0.3,7.1,6.8
1782741606.182,0.0,0.0,0.0,0.3,11:12,0.0,00:01,0.3,7.1,6.8
1782741611.188,0.0,0.0,0.0,0.3,11:12,0.0,00:01,0.3,7.1,6.8
1782741616.198,0.0,0.0,0.0,0.3,11:12,0.0,00:01,0.3,7.1,6.8
1782741621.205,0.0,0.0,0.0,0.3,11:12,0.0,00:01,0.3,7.1,6.8
1782741626.214,0.0,0.0,0.0,0.3,11:12,0.0,00:01,0.3,7.1,6.8
1782741631.222,0.0,0.0,0.0,0.3,11:12,0.0,00:01,0.3,7.1,6.8
1782741636.228,0.0,0.0,0.0,0.3,11:12,0.0,00:01,0.3,7.1,6.8
1782741641.234,0.0,0.0,0.0,0.3,11:12,0.0,00:01,0.3,7.1,6.8
1782741646.244,0.0,0.0,0.0,0.3,11:12,0.0,00:01,0.3,7.1,6.8
1782741651.251,0.0,0.0,0.0,0.3,11:12,0.0,00:01,0.3,7.1,6.8
1782741656.257,0.0,0.0,0.0,0.3,11:12,0.0,00:01,0.3,7.1,6.8
1782741661.268,0.0,0.0,0.0,0.3,11:12,0.0,00:01,0.3,7.1,6.8
1782741666.276,0.0,0.0,0.0,0.3,11:12,0.0,00:01,0.3,7.1,6.8
1782741671.287,0.0,0.0,0.0,0.3,11:12,0.0,00:01,0.3,7.1,6.8
1782741676.298,0.0,0.0,0.0,0.3,11:12,0.0,00:01,0.3,7.1,6.8
1782741681.3,0.0,0.0,0.0,0.3,11:12,0.0,00:01,0.3,7.1,6.8
1782741686.31,0.0,0.0,0.0,0.3,11:12,0.0,00:01,0.3,7.1,6.8
1782741691.319,0.0,0.0,0.0,0.3,11:12,0.0,00:01,0.3,7.1,6.8
1782741696.328,0.0,0.0,0.0,0.3,11:12,0.0,00:01,0.3,7.1,6.8
1782741701.336,0.0,0.0,0.0,0.3,11:12,0.0,00:01,0.3,7.1,6.8
1782741706.34,0.0,0.0,0.0,0.3,11:12,0.0,00:01,0.3,7.1,6.8
1782741711.348,0.0,0.0,0.0,0.3,11:12,0.0,00:01,0.3,7.1,6.8
1782741716.362,0.0,0.0,0.0,0.3,11:12,0.0,00:01,0.3,7.1,6.8
1782741721.368,0.0,0.0,0.0,0.3,11:12,0.0,00:01,0.3,7.1,6.8
1782741726.371,0.0,0.0,0.0,0.3,11:12,0.0,00:01,0.3,7.1,6.8
1782741731.379,0.0,0.0,0.0,0.3,11:12,0.0,00:01,0.3,7.1,6.8
1782741736.39,0.0,0.0,0.0,0.3,11:12,0.0,00:01,0.3,7.1,6.8
1782741741.398,0.0,0.0,0.0,0.3,11:12,0.0,00:01,0.3,7.1,6.8
1782741746.408,0.0,0.0,0.0,0.3,11:12,0.0,00:01,0.3,7.1,6.8
1782741751.414,0.0,0.0,0.0,0.3,11:12,0.0,00:01,0.3,7.1,6.8
1782741756.419,0.0,0.0,0.0,0.3,11:12,0.0,00:01,0.3,7.1,6.8
1782741761.433,0.0,0.0,0.0,0.3,11:12,0.0,00:01,0.3,7.1,6.8
1782741766.442,0.0,0.0,0.0,0.3,11:12,0.0,00:01,0.3,7.1,6.8
1782741771.451,0.0,0.0,0.0,0.3,11:12,0.0,00:01,0.3,7.1,6.8
1782741776.457,0.0,0.0,0.0,0.3,11:12,0.0,00:01,0.3,7.1,6.8
1782741781.469,0.0,0.0,0.0,0.3,11:12,0.0,00:01,0.3,7.1,6.8
1782741786.486,0.0,0.0,0.0,0.3,11:12,0.0,00:01,0.3,7.1,6.8
1782741791.496,0.0,0.0,0.0,0.3,11:12,0.0,00:01,0.3,7.1,6.8
1782741796.503,0.0,0.0,0.0,0.3,11:12,0.0,00:01,0.3,7.1,6.8
1782741801.516,0.0,0.0,0.0,0.3,11:12,0.0,00:01,0.3,7.1,6.8
1782741806.531,0.0,0.0,0.0,0.3,11:12,0.0,00:01,0.3,7.1,6.8
1782741811.539,0.0,0.0,0.0,0.3,11:12,0.0,00:01,0.3,7.1,6.8
1782741816.552,0.0,0.0,0.0,0.3,11:12,0.0,00:01,0.3,7.1,6.8
1782741821.557,0.0,0.0,0.0,0.3,11:12,0.0,00:01,0.3,7.1,6.8
1782741826.568,0.0,0.0,0.0,0.3,11:12,0.0,00:01,0.3,7.1,6.8
1782741831.583,0.0,0.0,0.0,0.3,11:12,0.0,00:01,0.3,7.1,6.8
1782741836.592,0.0,0.0,0.0,0.3,11:12,0.0,00:01,0.3,7.1,6.8
1782741841.604,0.0,0.0,0.0,0.3,11:12,0.0,00:01,0.3,7.1,6.8
1782741846.611,0.0,0.0,0.0,0.3,11:12,0.0,00:01,0.3,7.1,6.8
1782741851.625,0.0,0.0,0.0,0.3,11:12,0.0,00:01,0.3,7.1,6.8
1782741856.639,0.0,0.0,0.0,0.3,11:12,0.0,00:01,0.3,7.1,6.8
1782741861.653,0.0,0.0,0.0,0.3,11:12,0.0,00:01,0.3,7.1,6.8
1782741866.656,0.0,0.0,0.0,0.3,11:12,0.0,00:01,0.3,7.1,6.8
1782741871.664,0.0,0.0,0.0,0.3,11:12,0.0,00:01,0.3,7.1,6.8
1782741876.68,0.0,0.0,0.0,0.3,11:12,0.0,00:01,0.3,7.1,6.8
1782741881.69,0.0,0.0,0.0,0.3,11:12,0.0,00:01,0.3,7.1,6.8
1782741886.703,0.0,0.0,0.0,0.3,11:12,0.0,00:01,0.3,7.1,6.8
1782741891.708,0.0,0.0,0.0,0.3,11:12,0.0,00:01,0.3,7.1,6.8
1782741896.722,0.0,0.0,0.0,0.3,11:12,0.0,00:01,0.3,7.1,6.8
1782741901.738,0.0,0.0,0.0,0.3,11:12,0.0,00:01,0.3,7.1,6.8
1782741906.75,0.0,0.0,0.0,0.3,11:12,0.0,00:01,0.3,7.1,6.8
1782741911.762,0.0,0.0,0.0,0.3,11:12,0.0,00:01,0.3,7.1,6.8
1782741916.766,0.0,0.0,0.0,0.3,11:12,0.0,00:01,0.3,7.1,6.8
1782741921.774,0.0,0.0,0.0,0.3,11:12,0.0,00:01,0.3,7.1,6.8
1782741926.789,0.0,0.0,0.0,0.3,11:12,0.0,00:01,0.3,7.1,6.8
1782741931.802,0.0,0.0,0.0,0.3,11:12,0.0,00:01,0.3,7.1,6.8
1782741936.815,0.0,0.0,0.0,0.3,11:12,0.0,00:01,0.3,7.1,6.8
1782741941.82,0.0,0.0,0.0,0.3,11:12,0.0,00:01,0.3,7.1,6.8
1782741946.836,0.0,0.0,0.0,0.3,11:12,0.0,00:01,0.3,7.1,6.8
1782741951.847,0.0,0.0,0.0,0.3,11:12,0.0,00:01,0.3,7.1,6.8
1782741956.857,0.0,0.0,0.0,0.3,11:12,0.0,00:01,0.3,7.1,6.8
1782741961.864,0.0,0.0,0.0,0.3,11:12,0.0,00:01,0.3,7.1,6.8
1782741966.876,0.0,0.0,0.0,0.3,11:12,0.0,00:01,0.3,7.1,6.8
1782741971.887,0.0,0.0,0.0,0.3,11:12,0.0,00:01,0.3,7.1,6.8
1782741976.895,0.0,0.0,0.0,0.3,11:12,0.0,00:01,0.3,7.1,6.8
1782741981.903,0.0,0.0,0.0,0.3,11:12,0.0,00:01,0.3,7.1,6.8
1782741986.912,0.0,0.0,0.0,0.3,11:12,0.0,00:01,0.3,7.1,6.8
1782741991.917,0.0,0.0,0.0,0.3,11:12,0.0,00:01,0.3,7.1,6.8
1782741996.928,0.0,0.0,0.0,0.3,11:12,0.0,00:01,0.3,7.1,6.8
1782742001.937,0.0,0.0,0.0,0.3,11:12,0.0,00:01,0.3,7.1,6.8
1782742006.949,0.0,0.0,0.0,0.3,11:12,0.0,00:01,0.3,7.1,6.8
1782742011.955,0.0,0.0,0.0,0.3,11:12,0.0,00:01,0.3,7.1,6.8
1782742016.971,0.0,0.0,0.0,0.3,11:12,0.0,00:01,0.3,7.1,6.8
1782742021.979,0.0,0.0,0.0,0.3,11:12,0.0,00:01,0.3,7.1,6.8
1782742026.988,0.0,0.0,0.0,0.3,11:12,0.0,00:01,0.3,7.1,6.8
1782742031.992,0.0,0.0,0.0,0.3,11:12,0.0,00:01,0.3,7.1,6.8
1782742037.002,0.0,0.0,0.0,0.3,11:12,0.0,00:01,0.3,7.1,6.8
1782742042.012,0.0,0.0,0.0,0.3,11:12,0.0,00:01,0.3,7.1,6.8
1782742047.025,0.0,0.0,0.0,0.3,11:12,0.0,00:01,0.3,7.1,6.8
1782742052.037,0.0,0.0,0.0,0.3,11:12,0.0,00:01,0.3,7.1,6.8
1782742057.044,0.0,0.0,0.0,0.3,11:12,0.0,00:01,0.3,7.1,6.8
1782742062.053,0.0,0.0,0.0,0.3,11:12,0.0,00:01,0.3,7.1,6.8
1782742067.067,0.0,0.0,0.0,0.3,11:12,0.0,00:01,0.3,7.1,6.8
1782742072.081,0.0,0.0,0.0,0.3,11:12,0.0,00:01,0.3,7.1,6.8
1782742077.09,0.0,0.0,0.0,0.3,11:12,0.0,00:01,0.3,7.1,6.8
1782742082.097,0.0,0.0,0.0,0.3,11:12,0.0,00:01,0.3,7.1,6.8
1782742087.113,0.0,0.0,0.0,0.3,11:12,0.0,00:01,0.3,7.1,6.8
1782742092.126,0.0,0.0,0.0,0.3,11:12,0.0,00:01,0.3,7.1,6.8
1782742097.134,0.0,0.0,0.0,0.3,11:12,0.0,00:01,0.3,7.1,6.8
1782742102.145,0.0,0.0,0.0,0.3,11:12,0.0,00:01,0.3,7.1,6.8
1782742107.152,0.0,0.0,0.0,0.3,11:12,0.0,00:01,0.3,7.1,6.8
1782742112.164,0.0,0.0,0.0,0.3,11:12,0.0,00:01,0.3,7.1,6.8
1782742117.174,0.0,0.0,0.0,0.3,11:12,0.0,00:01,0.3,7.1,6.8
1782742122.185,0.0,0.0,0.0,0.3,11:12,0.0,00:01,0.3,7.1,6.8
1782742127.191,0.0,0.0,0.0,0.3,11:12,0.0,00:01,0.3,7.1,6.8
1782742132.201,0.0,0.0,0.0,0.3,11:12,0.0,00:01,0.3,7.1,6.8
1782742137.214,0.0,0.0,0.0,0.3,11:12,0.0,00:01,0.3,7.1,6.8
1782742142.227,0.0,0.0,0.0,0.3,11:12,0.0,00:01,0.3,7.1,6.8
1782742147.237,0.0,0.0,0.0,0.3,11:12,0.0,00:01,0.3,7.1,6.8
1782742152.244,0.0,0.0,0.0,0.3,11:12,0.0,00:01,0.3,7.1,6.8
1782742157.254,0.0,0.0,0.0,0.3,11:12,0.0,00:01,0.3,7.1,6.8
1782742162.266,0.0,0.0,0.0,0.3,11:12,0.0,00:01,0.3,7.1,6.8
1782742167.277,0.0,0.0,0.0,0.3,11:12,0.0,00:01,0.3,7.1,6.8
1782742172.288,0.0,0.0,0.0,0.3,11:12,0.0,00:01,0.3,7.1,6.8
1782742177.295,0.0,0.0,0.0,0.3,11:12,0.0,00:01,0.3,7.1,6.8
1782742182.309,0.0,0.0,0.0,0.3,11:12,0.0,00:01,0.3,7.1,6.8
1782742187.322,0.0,0.0,0.0,0.3,11:12,0.0,00:01,0.3,7.1,6.8
1782742192.333,0.0,0.0,0.0,0.3,11:12,0.0,00:01,0.3,7.1,6.8
1782742197.34,0.0,0.0,0.0,0.3,11:12,0.0,00:01,0.3,7.1,6.8
1782742202.354,0.0,0.0,0.0,0.3,11:12,0.0,00:01,0.3,7.1,6.8
1782742207.369,0.0,0.0,0.0,0.3,11:12,0.0,00:01,0.3,7.1,6.8
1782742212.38,0.0,0.0,0.0,0.3,11:12,0.0,00:01,0.3,7.1,6.8
1782742217.392,0.0,0.0,0.0,0.3,11:12,0.0,00:01,0.3,7.1,6.8
1782742222.396,0.0,0.0,0.0,0.3,11:12,0.0,00:01,0.3,7.1,6.8
1782742227.411,0.0,0.0,0.0,0.3,11:12,0.0,00:01,0.3,7.1,6.8
1782742232.425,0.0,0.0,0.0,0.3,11:12,0.0,00:01,0.3,7.1,6.8
1782742237.436,0.0,0.0,0.0,0.3,11:12,0.0,00:01,0.3,7.1,6.8
1782742242.448,0.0,0.0,0.0,0.3,11:12,0.0,00:01,0.3,7.1,6.8
1782742247.457,0.0,0.0,0.0,0.3,11:12,0.0,00:01,0.3,7.1,6.8
1782742252.471,0.0,0.0,0.0,0.3,11:12,0.0,00:01,0.3,7.1,6.8
1782742257.483,0.0,0.0,0.0,0.3,11:12,0.0,00:01,0.3,7.1,6.8
1782742262.496,0.0,0.0,0.0,0.3,11:12,0.0,00:01,0.3,7.1,6.8
1782742267.507,0.0,0.0,0.0,0.3,11:12,0.0,00:01,0.3,7.1,6.8
1782742272.515,0.0,0.0,0.0,0.3,11:12,0.0,00:01,0.3,7.1,6.8
1782742277.529,0.0,0.0,0.0,0.3,11:12,0.0,00:01,0.3,7.1,6.8
1782742282.537,0.0,0.0,0.0,0.3,11:12,0.0,00:01,0.3,7.1,6.8
1782742287.551,0.0,0.0,0.0,0.3,11:12,0.0,00:01,0.3,7.1,6.8
1782742292.56,0.0,0.0,0.0,0.3,11:12,0.0,00:01,0.3,7.1,6.8
1782742297.572,0.0,0.0,0.0,0.3,11:12,0.0,00:01,0.3,7.1,6.8
1782742302.584,0.0,0.0,0.0,0.3,11:12,0.0,00:01,0.3,7.1,6.8
1782742307.596,0.0,0.0,0.0,0.3,11:12,0.0,00:01,0.3,7.1,6.8
1782742312.608,0.0,0.0,0.0,0.3,11:12,0.0,00:01,0.3,7.1,6.8
1782742317.614,0.0,0.0,0.0,0.3,11:12,0.0,00:01,0.3,7.1,6.8
1782742322.627,0.0,0.0,0.0,0.3,11:12,0.0,00:01,0.3,7.1,6.8
1782742327.638,0.0,0.0,0.0,0.3,11:12,0.0,00:01,0.3,7.1,6.8
1782742332.651,0.0,0.0,0.0,0.3,11:12,0.0,00:01,0.3,7.1,6.8
1782742337.663,0.0,0.0,0.0,0.3,11:12,0.0,00:01,0.3,7.1,6.8
1782742342.669,0.0,0.0,0.0,0.3,11:12,0.0,00:01,0.3,7.1,6.8
1782742347.685,0.0,0.0,0.0,0.3,11:12,0.0,00:01,0.3,7.1,6.8
1782742352.691,0.0,0.0,0.0,0.3,11:12,0.0,00:01,0.3,7.1,6.8
1782742357.7,0.0,0.0,0.0,0.3,11:12,0.0,00:01,0.3,7.1,6.8
1782742362.71,0.0,0.0,0.0,0.3,11:12,0.0,00:01,0.3,7.1,6.8
1782742367.717,0.0,0.0,0.0,0.3,11:12,0.0,00:01,0.3,7.1,6.8
1782742372.726,0.0,0.0,0.0,0.3,11:12,0.0,00:01,0.3,7.1,6.8
1782742377.734,0.0,0.0,0.0,0.3,11:12,0.0,00:01,0.3,7.1,6.8
1782742382.742,0.0,0.0,0.0,0.3,11:12,0.0,00:01,0.3,7.1,6.8
1782742387.748,0.0,0.0,0.0,0.3,11:12,0.0,00:01,0.3,7.1,6.8
1782742392.759,0.0,0.0,0.0,0.3,11:12,0.0,00:01,0.3,7.1,6.8
1782742397.768,0.0,0.0,0.0,0.3,11:12,0.0,00:01,0.3,7.1,6.8
1782742402.778,0.0,0.0,0.0,0.3,11:12,0.0,00:01,0.3,7.1,6.8
1782742407.787,0.0,0.0,0.0,0.3,11:12,0.0,00:01,0.3,7.1,6.8
1782742412.793,0.0,0.0,0.0,0.3,11:12,0.0,00:01,0.3,7.1,6.8
1782742417.803,0.0,0.0,0.0,0.3,11:12,0.0,00:01,0.3,7.1,6.8
1782742422.811,0.0,0.0,0.0,0.3,11:12,0.0,00:01,0.3,7.1,6.8
1782742427.82,0.0,0.0,0.0,0.3,11:12,0.0,00:01,0.3,7.1,6.8
1782742432.827,0.0,0.0,0.0,0.3,11:12,0.0,00:01,0.3,7.1,6.8
1782742437.837,0.0,0.0,0.0,0.3,11:12,0.0,00:01,0.3,7.1,6.8
1782742442.845,0.0,0.0,0.0,0.3,11:12,0.0,00:01,0.3,7.1,6.8
1782742447.859,0.0,0.0,0.0,0.3,11:12,0.0,00:01,0.3,7.1,6.8
1782742452.867,0.0,0.0,0.0,0.3,11:12,0.0,00:01,0.3,7.1,6.8
1782742457.875,0.0,0.0,0.0,0.3,11:12,0.0,00:01,0.3,7.1,6.8
1782742462.886,0.0,0.0,0.0,0.3,11:12,0.0,00:01,0.3,7.1,6.8
1782742467.899,0.0,0.0,0.0,0.3,11:12,0.0,00:01,0.3,7.1,6.8
1782742472.91,0.0,0.0,0.0,0.3,11:12,0.0,00:01,0.3,7.1,6.8
1782742477.922,0.0,0.0,0.0,0.3,11:12,0.0,00:01,0.3,7.1,6.8
1782742482.932,0.0,0.0,0.0,0.3,11:12,0.0,00:01,0.3,7.1,6.8
1782742487.944,0.0,0.0,0.0,0.3,11:12,0.0,00:01,0.3,7.1,6.8
1782742492.956,0.0,0.0,0.0,0.3,11:12,0.0,00:01,0.3,7.1,6.8
1782742497.968,0.0,0.0,0.0,0.3,11:12,0.0,00:01,0.3,7.1,6.8
1782742502.981,0.0,0.0,0.0,0.3,11:12,0.0,00:01,0.3,7.1,6.8
1782742507.991,0.0,0.0,0.0,0.3,11:12,0.0,00:01,0.3,7.1,6.8
1782742513.004,0.0,0.0,0.0,0.3,11:12,0.0,00:01,0.3,7.1,6.8
1782742518.017,0.0,0.0,0.0,0.3,11:12,0.0,00:01,0.3,7.1,6.8
1782742523.028,0.0,0.0,0.0,0.3,11:12,0.0,00:01,0.3,7.1,6.8
1782742528.035,0.0,0.0,0.0,0.3,11:12,0.0,00:01,0.3,7.1,6.8
1782742533.051,0.0,0.0,0.0,0.3,11:12,0.0,00:01,0.3,7.1,6.8
1782742538.059,0.0,0.0,0.0,0.3,11:12,0.0,00:01,0.3,7.1,6.8
1782742543.071,0.0,0.0,0.0,0.3,11:12,0.0,00:01,0.3,7.1,6.8
1782742548.079,0.0,0.0,0.0,0.3,11:12,0.0,00:01,0.3,7.1,6.8
1782742553.087,0.0,0.0,0.0,0.3,11:12,0.0,00:01,0.3,7.1,6.8
1782742558.097,0.0,0.0,0.0,0.3,11:12,0.0,00:01,0.3,7.1,6.8
1782742563.107,0.0,0.0,0.0,0.3,11:12,0.0,00:01,0.3,7.1,6.8
1782742568.115,0.0,0.0,0.0,0.3,11:12,0.0,00:01,0.3,7.1,6.8
1782742573.123,0.0,0.0,0.0,0.3,11:12,0.0,00:01,0.3,7.1,6.8
1782742578.131,0.0,0.0,0.0,0.3,11:12,0.0,00:01,0.3,7.1,6.8
1782742583.138,0.0,0.0,0.0,0.3,11:12,0.0,00:01,0.3,7.1,6.8
1782742588.148,0.0,0.0,0.0,0.3,11:12,0.0,00:01,0.3,7.1,6.8
1782742593.154,0.0,0.0,0.0,0.3,11:12,0.0,00:01,0.3,7.1,6.8
1782742598.16,0.0,0.0,0.0,0.3,11:12,0.0,00:01,0.3,7.1,6.8
1782742603.168,0.0,0.0,0.0,0.3,11:12,0.0,00:01,0.3,7.1,6.8
1782742608.175,0.0,0.0,0.0,0.3,11:12,0.0,00:01,0.3,7.1,6.8
1782742613.183,0.0,0.0,0.0,0.3,11:12,0.0,00:01,0.3,7.1,6.8
1782742618.193,0.0,0.0,0.0,0.3,11:12,0.0,00:01,0.3,7.1,6.8
1782742623.201,0.0,0.0,0.0,0.3,11:12,0.0,00:01,0.3,7.1,6.8
1782742628.205,0.0,0.0,0.0,0.3,11:12,0.0,00:01,0.3,7.1,6.8
1782742633.216,0.0,0.0,0.0,0.3,11:12,0.0,00:01,0.3,7.1,6.8
1782742638.224,0.0,0.0,0.0,0.3,11:12,0.0,00:01,0.3,7.1,6.8
1782742643.235,0.0,0.0,0.0,0.3,11:12,0.0,00:01,0.3,7.1,6.8
1782742648.245,0.0,0.0,0.0,0.3,11:12,0.0,00:01,0.3,7.1,6.8
1782742653.257,0.0,0.0,0.0,0.3,11:12,0.0,00:01,0.3,7.1,6.8
1782742658.27,0.0,0.0,0.0,0.3,11:12,0.0,00:01,0.3,7.1,6.8
1782742663.282,0.0,0.0,0.0,0.3,11:12,0.0,00:01,0.3,7.1,6.8
1782742668.289,0.0,0.0,0.0,0.3,11:12,0.0,00:01,0.3,7.1,6.8
1782742673.301,0.0,0.0,0.0,0.3,11:12,0.0,00:01,0.3,7.1,6.8
1782742678.311,0.0,0.0,0.0,0.3,11:12,0.0,00:01,0.3,7.1,6.8
1782742683.319,0.0,0.0,0.0,0.3,11:12,0.0,00:01,0.3,7.1,6.8
1782742688.334,0.0,0.0,0.0,0.3,11:12,0.0,00:01,0.3,7.1,6.8
1782742693.344,0.0,0.0,0.0,0.3,11:12,0.0,00:01,0.3,7.1,6.8
1782742698.356,0.0,0.0,0.0,0.3,11:12,0.0,00:01,0.3,7.1,6.8
1782742703.366,0.0,0.0,0.0,0.3,11:12,0.0,00:01,0.3,7.1,6.8
1782742708.378,0.0,0.0,0.0,0.3,11:12,0.0,00:01,0.3,7.1,6.8
1782742713.389,0.0,0.0,0.0,0.3,11:12,0.0,00:01,0.3,7.1,6.8
1782742718.396,0.0,0.0,0.0,0.3,11:12,0.0,00:01,0.3,7.1,6.8
1782742723.403,0.0,0.0,0.0,0.3,11:12,0.0,00:01,0.3,7.1,6.8
1782742728.413,0.0,0.0,0.0,0.3,11:12,0.0,00:01,0.3,7.1,6.8
1782742733.424,0.0,0.0,0.0,0.3,11:12,0.0,00:01,0.3,7.1,6.8
1782742738.431,0.0,0.0,0.0,0.3,11:12,0.0,00:01,0.3,7.1,6.8
1782742743.439,0.0,0.0,0.0,0.3,11:12,0.0,00:01,0.3,7.1,6.8
1782742748.445,0.0,0.0,0.0,0.3,11:12,0.0,00:01,0.3,7.1,6.8
1782742753.454,0.0,0.0,0.0,0.3,11:12,0.0,00:01,0.3,7.1,6.8
1782742758.467,0.0,0.0,0.0,0.3,11:12,0.0,00:01,0.3,7.1,6.8
1782742763.475,0.0,0.0,0.0,0.3,11:12,0.0,00:01,0.3,7.1,6.8
1782742768.486,0.0,0.0,0.0,0.3,11:12,0.0,00:01,0.3,7.1,6.8
1782742773.5,0.0,0.0,0.0,0.3,11:12,0.0,00:01,0.3,7.1,6.8
1782742778.514,0.0,0.0,0.0,0.3,11:12,0.0,00:01,0.3,7.1,6.8
1782742783.524,0.0,0.0,0.0,0.3,11:12,0.0,00:01,0.3,7.1,6.8
1782742788.533,0.0,0.0,0.0,0.3,11:12,0.0,00:01,0.3,7.1,6.8
1782742793.544,0.0,0.0,0.0,0.3,11:12,0.0,00:01,0.3,7.1,6.8
1782742798.556,0.0,0.0,0.0,0.3,11:12,0.0,00:01,0.3,7.1,6.8
1782742803.567,0.0,0.0,0.0,0.3,11:12,0.0,00:01,0.3,7.1,6.8
1782742808.578,0.0,0.0,0.0,0.3,11:12,0.0,00:01,0.3,7.1,6.8
1782742813.586,0.0,0.0,0.0,0.3,11:12,0.0,00:01,0.3,7.1,6.8
1782742818.595,0.0,0.0,0.0,0.3,11:12,0.0,00:01,0.3,7.1,6.8
1782742823.607,0.0,0.0,0.0,0.3,11:12,0.0,00:01,0.3,7.1,6.8
1782742828.619,0.0,0.0,0.0,0.3,11:12,0.0,00:01,0.3,7.1,6.8
1782742833.627,0.0,0.0,0.0,0.3,11:12,0.0,00:01,0.3,7.1,6.8
1782742838.634,0.0,0.0,0.0,0.3,11:12,0.0,00:01,0.3,7.1,6.8
1782742843.643,0.0,0.0,0.0,0.3,11:12,0.0,00:01,0.3,7.1,6.8
1782742848.653,0.0,0.0,0.0,0.3,11:12,0.0,00:01,0.3,7.1,6.8
1782742853.663,0.0,0.0,0.0,0.3,11:12,0.0,00:01,0.3,7.1,6.8
1782742858.668,0.0,0.0,0.0,0.3,11:12,0.0,00:01,0.3,7.1,6.8
1782742863.677,0.0,0.0,0.0,0.3,11:12,0.0,00:01,0.3,7.1,6.8
1782742868.683,0.0,0.0,0.0,0.3,11:12,0.0,00:01,0.3,7.1,6.8
1782742873.694,0.0,0.0,0.0,0.3,11:12,0.0,00:01,0.3,7.1,6.8
1782742878.707,0.0,0.0,0.0,0.3,11:12,0.0,00:01,0.3,7.1,6.8
1782742883.71,0.0,0.0,0.0,0.3,11:12,0.0,00:01,0.3,7.1,6.8
1782742888.722,0.0,0.0,0.0,0.3,11:12,0.0,00:01,0.3,7.1,6.8
1782742893.732,0.0,0.0,0.0,0.3,11:12,0.0,00:01,0.3,7.1,6.8
1782742898.745,0.0,0.0,0.0,0.3,11:12,0.0,00:01,0.3,7.1,6.8
1782742903.76,0.0,0.0,0.0,0.3,11:12,0.0,00:01,0.3,7.1,6.8
1782742908.769,0.0,0.0,0.0,0.3,11:12,0.0,00:01,0.3,7.1,6.8
1782742913.783,0.0,0.0,0.0,0.3,11:12,0.0,00:01,0.3,7.1,6.8
1782742918.791,0.0,0.0,0.0,0.3,11:12,0.0,00:01,0.3,7.1,6.8
1782742923.802,0.0,0.0,0.0,0.3,11:12,0.0,00:01,0.3,7.1,6.8
1782742928.807,0.0,0.0,0.0,0.3,11:12,0.0,00:01,0.3,7.1,6.8
1782742933.816,0.0,0.0,0.0,0.3,11:12,0.0,00:01,0.3,7.1,6.8
1782742938.829,0.0,0.0,0.0,0.3,11:12,0.0,00:01,0.3,7.1,6.8
1782742943.843,0.0,0.0,0.0,0.3,11:12,0.0,00:01,0.3,7.1,6.8
1782742948.858,0.0,0.0,0.0,0.3,11:12,0.0,00:01,0.3,7.1,6.8
1782742953.862,0.0,0.0,0.0,0.3,11:12,0.0,00:01,0.3,7.1,6.8
1782742958.875,0.0,0.0,0.0,0.3,11:12,0.0,00:01,0.3,7.1,6.8
1782742963.885,0.0,0.0,0.0,0.3,11:12,0.0,00:01,0.3,7.1,6.8
1782742968.896,0.0,0.0,0.0,0.3,11:12,0.0,00:01,0.3,7.1,6.8
1782742973.91,0.0,0.0,0.0,0.3,11:12,0.0,00:01,0.3,7.1,6.8
1782742978.916,0.0,0.0,0.0,0.3,11:12,0.0,00:01,0.3,7.1,6.8
1782742983.924,0.0,0.0,0.0,0.3,11:12,0.0,00:01,0.3,7.1,6.8
1782742988.939,0.0,0.0,0.0,0.3,11:12,0.0,00:01,0.3,7.1,6.8
1782742993.952,0.0,0.0,0.0,0.3,11:12,0.0,00:01,0.3,7.1,6.8
1782742998.959,0.0,0.0,0.0,0.3,11:12,0.0,00:01,0.3,7.1,6.8
1782743003.968,0.0,0.0,0.0,0.3,11:12,0.0,00:01,0.3,7.1,6.8
1782743008.982,0.0,0.0,0.0,0.3,11:12,0.0,00:01,0.3,7.1,6.8
1782743013.995,0.0,0.0,0.0,0.3,11:12,0.0,00:01,0.3,7.1,6.8
1782743019.005,0.0,0.0,0.0,0.3,11:12,0.0,00:01,0.3,7.1,6.8
1782743024.012,0.0,0.0,0.0,0.3,11:12,0.0,00:01,0.3,7.1,6.8
1782743029.023,0.0,0.0,0.0,0.3,11:12,0.0,00:01,0.3,7.1,6.8
1782743034.035,0.0,0.0,0.0,0.3,11:12,0.0,00:01,0.3,7.1,6.8
1782743039.046,0.0,0.0,0.0,0.3,11:12,0.0,00:01,0.3,7.1,6.8
1782743044.057,0.0,0.0,0.0,0.3,11:12,0.0,00:01,0.3,7.1,6.8
1782743049.064,0.0,0.0,0.0,0.3,11:12,0.0,00:01,0.3,7.1,6.8
1782743054.076,0.0,0.0,0.0,0.3,11:12,0.0,00:01,0.3,7.1,6.8
1782743059.087,0.0,0.0,0.0,0.3,11:12,0.0,00:01,0.3,7.1,6.8
1782743064.098,0.0,0.0,0.0,0.3,11:12,0.0,00:01,0.3,7.1,6.8
1782743069.104,0.0,0.0,0.0,0.3,11:12,0.0,00:01,0.3,7.1,6.8
1782743074.117,0.0,0.0,0.0,0.3,11:12,0.0,00:01,0.3,7.1,6.8
1782743079.128,0.0,0.0,0.0,0.3,11:12,0.0,00:01,0.3,7.1,6.8
1782743084.141,0.0,0.0,0.0,0.3,11:12,0.0,00:01,0.3,7.1,6.8
1782743089.155,0.0,0.0,0.0,0.3,11:12,0.0,00:01,0.3,7.1,6.8
1782743094.162,0.0,0.0,0.0,0.3,11:12,0.0,00:01,0.3,7.1,6.8
1782743099.176,0.0,0.0,0.0,0.3,11:12,0.0,00:01,0.3,7.1,6.8
1782743104.188,0.0,0.0,0.0,0.3,11:12,0.0,00:01,0.3,7.1,6.8
1782743109.198,0.0,0.0,0.0,0.3,11:12,0.0,00:01,0.3,7.1,6.8
1782743114.213,0.0,0.0,0.0,0.3,11:12,0.0,00:01,0.3,7.1,6.8
1782743119.216,0.0,0.0,0.0,0.3,11:12,0.0,00:01,0.3,7.1,6.8
1782743124.228,0.0,0.0,0.0,0.3,11:12,0.0,00:01,0.3,7.1,6.8
1782743129.242,0.0,0.0,0.0,0.3,11:12,0.0,00:01,0.3,7.1,6.8
1782743134.257,0.0,0.0,0.0,0.3,11:12,0.0,00:01,0.3,7.1,6.8
1782743139.265,0.0,0.0,0.0,0.3,11:12,0.0,00:01,0.3,7.1,6.8
1782743144.271,0.0,0.0,0.0,0.3,11:12,0.0,00:01,0.3,7.1,6.8
1782743149.28,0.0,0.0,0.0,0.3,11:12,0.0,00:01,0.3,7.1,6.8
1782743154.288,0.0,0.0,0.0,0.3,11:12,0.0,00:01,0.3,7.1,6.8
1782743159.302,0.0,0.0,0.0,0.3,11:12,0.0,00:01,0.3,7.1,6.8
1782743164.308,0.0,0.0,0.0,0.3,11:12,0.0,00:01,0.3,7.1,6.8
1782743169.321,0.0,0.0,0.0,0.3,11:12,0.0,00:01,0.3,7.1,6.8
1782743174.332,0.0,0.0,0.0,0.3,11:12,0.0,00:01,0.3,7.1,6.8
1782743179.342,0.0,0.0,0.0,0.3,11:12,0.0,00:01,0.3,7.1,6.8
1782743184.357,0.0,0.0,0.0,0.3,11:12,0.0,00:01,0.3,7.1,6.8
1782743189.364,0.0,0.0,0.0,0.3,11:12,0.0,00:01,0.3,7.1,6.8
1782743194.375,0.0,0.0,0.0,0.3,11:12,0.0,00:01,0.3,7.1,6.8
1782743199.389,0.0,0.0,0.0,0.3,11:12,0.0,00:01,0.3,7.1,6.8
1782743204.403,0.0,0.0,0.0,0.3,11:12,0.0,00:01,0.3,7.1,6.8
1782743209.412,0.0,0.0,0.0,0.3,11:12,0.0,00:01,0.3,7.1,6.8
1782743214.422,0.0,0.0,0.0,0.3,11:12,0.0,00:01,0.3,7.1,6.8
1782743219.431,0.0,0.0,0.0,0.3,11:12,0.0,00:01,0.3,7.1,6.8
1782743224.443,0.0,0.0,0.0,0.3,11:12,0.0,00:01,0.3,7.1,6.8
1782743229.458,0.0,0.0,0.0,0.3,11:12,0.0,00:01,0.3,7.1,6.8
1782743234.463,0.0,0.0,0.0,0.3,11:12,0.0,00:01,0.3,7.1,6.8
1782743239.475,0.0,0.0,0.0,0.3,11:12,0.0,00:01,0.3,7.1,6.8
1782743244.485,0.0,0.0,0.0,0.3,11:12,0.0,00:01,0.3,7.1,6.8
1782743249.495,0.0,0.0,0.0,0.3,11:12,0.0,00:01,0.3,7.1,6.8
1782743254.508,0.0,0.0,0.0,0.3,11:12,0.0,00:01,0.3,7.1,6.8
1782743259.514,0.0,0.0,0.0,0.3,11:12,0.0,00:01,0.3,7.1,6.8
1782743264.523,0.0,0.0,0.0,0.3,11:12,0.0,00:01,0.3,7.1,6.8
1782743269.536,0.0,0.0,0.0,0.3,11:12,0.0,00:01,0.3,7.1,6.8
1782743274.545,0.0,0.0,0.0,0.3,11:12,0.0,00:01,0.3,7.1,6.8
1782743279.552,0.0,0.0,0.0,0.3,11:12,0.0,00:01,0.3,7.1,6.8
1782743284.559,0.0,0.0,0.0,0.3,11:12,0.0,00:01,0.3,7.1,6.8
1782743289.564,0.0,0.0,0.0,0.3,11:12,0.0,00:01,0.3,7.1,6.8
1782743294.574,0.0,0.0,0.0,0.3,11:12,0.0,00:01,0.3,7.1,6.8
1782743299.589,0.0,0.0,0.0,0.3,11:12,0.0,00:01,0.3,7.1,6.8
1782743304.594,0.0,0.0,0.0,0.3,11:12,0.0,00:01,0.3,7.1,6.8
1782743309.606,0.0,0.0,0.0,0.3,11:12,0.0,00:01,0.3,7.1,6.8
1782743314.617,0.0,0.0,0.0,0.3,11:12,0.0,00:01,0.3,7.1,6.8
1782743319.627,0.0,0.0,0.0,0.3,11:12,0.0,00:01,0.3,7.1,6.8
1782743324.637,0.0,0.0,0.0,0.3,11:12,0.0,00:01,0.3,7.1,6.8
1782743329.644,0.0,0.0,0.0,0.3,11:12,0.0,00:01,0.3,7.1,6.8
1782743334.656,0.0,0.0,0.0,0.3,11:12,0.0,00:01,0.3,7.1,6.8
1782743339.668,0.0,0.0,0.0,0.3,11:12,0.0,00:01,0.3,7.1,6.8
1782743344.685,0.0,0.0,0.0,0.3,11:12,0.0,00:01,0.3,7.1,6.8
1782743349.693,0.0,0.0,0.0,0.3,11:12,0.0,00:01,0.3,7.1,6.8
1782743354.701,0.0,0.0,0.0,0.3,11:12,0.0,00:01,0.3,7.1,6.8
1782743359.708,0.0,0.0,0.0,0.3,11:12,0.0,00:01,0.3,7.1,6.8
1782743364.718,0.0,0.0,0.0,0.3,11:12,0.0,00:01,0.3,7.1,6.8
1782743369.732,0.0,0.0,0.0,0.3,11:12,0.0,00:01,0.3,7.1,6.8
1782743374.744,0.0,0.0,0.0,0.3,11:12,0.0,00:01,0.3,7.1,6.8
1782743379.751,0.0,0.0,0.0,0.3,11:12,0.0,00:01,0.3,7.1,6.8
1782743384.764,0.0,0.0,0.0,0.3,11:12,0.0,00:01,0.3,7.1,6.8
1782743389.773,0.0,0.0,0.0,0.3,11:12,0.0,00:01,0.3,7.1,6.8
1782743394.786,0.0,0.0,0.0,0.3,11:12,0.0,00:01,0.3,7.1,6.8
1782743399.792,0.0,0.0,0.0,0.3,11:12,0.0,00:01,0.3,7.1,6.8
1782743404.801,0.0,0.0,0.0,0.3,11:12,0.0,00:01,0.3,7.1,6.8
1782743409.813,0.0,0.0,0.0,0.3,11:12,0.0,00:01,0.3,7.1,6.8
1782743414.829,0.0,0.0,0.0,0.3,11:12,0.0,00:01,0.3,7.1,6.8
1782743419.841,0.0,0.0,0.0,0.3,11:12,0.0,00:01,0.3,7.1,6.8
1782743424.848,0.0,0.0,0.0,0.3,11:12,0.0,00:01,0.3,7.1,6.8
1782743429.861,0.0,0.0,0.0,0.3,11:12,0.0,00:01,0.3,7.1,6.8
1782743434.875,0.0,0.0,0.0,0.3,11:12,0.0,00:01,0.3,7.1,6.8
1782743439.89,0.0,0.0,0.0,0.3,11:12,0.0,00:01,0.3,7.1,6.8
1782743444.898,0.0,0.0,0.0,0.3,11:12,0.0,00:01,0.3,7.1,6.8
1782743449.903,0.0,0.0,0.0,0.3,11:12,0.0,00:01,0.3,7.1,6.8
1782743454.917,0.0,0.0,0.0,0.3,11:12,0.0,00:01,0.3,7.1,6.8
1782743459.928,0.0,0.0,0.0,0.3,11:12,0.0,00:01,0.3,7.1,6.8
1782743464.937,0.0,0.0,0.0,0.3,11:12,0.0,00:01,0.3,7.1,6.8
1782743469.949,0.0,0.0,0.0,0.3,11:12,0.0,00:01,0.3,7.1,6.8
1782743474.956,0.0,0.0,0.0,0.3,11:12,0.0,00:01,0.3,7.1,6.8
1782743479.97,0.0,0.0,0.0,0.3,11:12,0.0,00:01,0.3,7.1,6.8
1782743484.986,0.0,0.0,0.0,0.3,11:12,0.0,00:01,0.3,7.1,6.8
1782743489.993,0.0,0.0,0.0,0.3,11:12,0.0,00:01,0.3,7.1,6.8
1782743494.997,0.0,0.0,0.0,0.3,11:12,0.0,00:01,0.3,7.1,6.8
1782743500.009,0.0,0.0,0.0,0.3,11:12,0.0,00:01,0.3,7.1,6.8
1782743505.021,0.0,0.0,0.0,0.3,11:12,0.0,00:01,0.3,7.1,6.8
1782743510.035,0.0,0.0,0.0,0.3,11:12,0.0,00:01,0.3,7.1,6.8
1782743515.044,0.0,0.0,0.0,0.3,11:12,0.0,00:01,0.3,7.1,6.8
1782743520.051,0.0,0.0,0.0,0.3,11:12,0.0,00:01,0.3,7.1,6.8
1782743525.064,0.0,0.0,0.0,0.3,11:12,0.0,00:01,0.3,7.1,6.8
1782743530.075,0.0,0.0,0.0,0.3,11:12,0.0,00:01,0.3,7.1,6.8
1782743535.086,0.0,0.0,0.0,0.3,11:12,0.0,00:01,0.3,7.1,6.8
1782743540.098,0.0,0.0,0.0,0.3,11:12,0.0,00:01,0.3,7.1,6.8
1782743545.101,0.0,0.0,0.0,0.3,11:12,0.0,00:01,0.3,7.1,6.8
1782743550.112,0.0,0.0,0.0,0.3,11:12,0.0,00:01,0.3,7.1,6.8
1782743555.126,0.0,0.0,0.0,0.3,11:12,0.0,00:01,0.3,7.1,6.8
1782743560.137,0.0,0.0,0.0,0.3,11:12,0.0,00:01,0.3,7.1,6.8
1782743565.148,0.0,0.0,0.0,0.3,11:12,0.0,00:01,0.3,7.1,6.8
1782743570.155,0.0,0.0,0.0,0.3,11:12,0.0,00:01,0.3,7.1,6.8
1782743575.166,0.0,0.0,0.0,0.3,11:12,0.0,00:01,0.3,7.1,6.8
1782743580.18,0.0,0.0,0.0,0.3,11:12,0.0,00:01,0.3,7.1,6.8
1782743585.19,0.0,0.0,0.0,0.3,11:12,0.0,00:01,0.3,7.1,6.8
1782743590.196,0.0,0.0,0.0,0.3,11:12,0.0,00:01,0.3,7.1,6.8
1782743595.208,0.0,0.0,0.0,0.3,11:12,0.0,00:01,0.3,7.1,6.8
1782743600.218,0.0,0.0,0.0,0.3,11:12,0.0,00:01,0.3,7.1,6.8
1782743605.229,0.0,0.0,0.0,0.3,11:12,0.0,00:01,0.3,7.1,6.8
1782743610.239,0.0,0.0,0.0,0.3,11:12,0.0,00:01,0.3,7.1,6.8
1782743615.247,0.0,0.0,0.0,0.3,11:12,0.0,00:01,0.3,7.1,6.8
1782743620.261,0.0,0.0,0.0,0.3,11:12,0.0,00:01,0.3,7.1,6.8
1782743625.271,0.0,0.0,0.0,0.3,11:12,0.0,00:01,0.3,7.1,6.8
1782743630.28,0.0,0.0,0.0,0.3,11:12,0.0,00:01,0.3,7.1,6.8
1782743635.29,0.0,0.0,0.0,0.3,11:12,0.0,00:01,0.3,7.1,6.8
1782743640.297,0.0,0.0,0.0,0.3,11:12,0.0,00:01,0.3,7.1,6.8
1782743645.305,0.0,0.0,0.0,0.3,11:12,0.0,00:01,0.3,7.1,6.8
1782743650.321,0.0,0.0,0.0,0.3,11:12,0.0,00:01,0.3,7.1,6.8
1782743655.334,0.0,0.0,0.0,0.3,11:12,0.0,00:01,0.3,7.1,6.8
1782743660.341,0.0,0.0,0.0,0.3,11:12,0.0,00:01,0.3,7.1,6.8
1782743665.353,0.0,0.0,0.0,0.3,11:12,0.0,00:01,0.3,7.1,6.8
1782743670.369,0.0,0.0,0.0,0.3,11:12,0.0,00:01,0.3,7.1,6.8
1782743675.383,0.0,0.0,0.0,0.3,11:12,0.0,00:01,0.3,7.1,6.8
1782743680.394,0.0,0.0,0.0,0.3,11:12,0.0,00:01,0.3,7.1,6.8
1782743685.402,0.0,0.0,0.0,0.3,11:12,0.0,00:01,0.3,7.1,6.8
1782743690.413,0.0,0.0,0.0,0.3,11:12,0.0,00:01,0.3,7.1,6.8
1782743695.428,0.0,0.0,0.0,0.3,11:12,0.0,00:01,0.3,7.1,6.8
1782743700.442,0.0,0.0,0.0,0.3,11:12,0.0,00:01,0.3,7.1,6.8
1782743705.45,0.0,0.0,0.0,0.3,11:12,0.0,00:01,0.3,7.1,6.8
1782743710.453,0.0,0.0,0.0,0.3,11:12,0.0,00:01,0.3,7.1,6.8
1782743715.46,0.0,0.0,0.0,0.3,11:12,0.0,00:01,0.3,7.1,6.8
1782743720.471,0.0,0.0,0.0,0.3,11:12,0.0,00:01,0.3,7.1,6.8
1782743725.482,0.0,0.0,0.0,0.3,11:12,0.0,00:01,0.3,7.1,6.8
1782743730.489,0.0,0.0,0.0,0.3,11:12,0.0,00:01,0.3,7.1,6.8
1782743735.495,0.0,0.0,0.0,0.3,11:12,0.0,00:01,0.3,7.1,6.8
1782743740.506,0.0,0.0,0.0,0.3,11:12,0.0,00:01,0.3,7.1,6.8
1782743745.516,0.0,0.0,0.0,0.3,11:12,0.0,00:01,0.3,7.1,6.8
1782743750.521,0.0,0.0,0.0,0.3,11:12,0.0,00:01,0.3,7.1,6.8
1782743755.528,0.0,0.0,0.0,0.3,11:12,0.0,00:01,0.3,7.1,6.8
1782743760.537,0.0,0.0,0.0,0.3,11:12,0.0,00:01,0.3,7.1,6.8
1782743765.546,0.0,0.0,0.0,0.3,11:12,0.0,00:01,0.3,7.1,6.8
1782743770.555,0.0,0.0,0.0,0.3,11:12,0.0,00:01,0.3,7.1,6.8
1782743775.565,0.0,0.0,0.0,0.3,11:12,0.0,00:01,0.3,7.1,6.8
1782743780.571,0.0,0.0,0.0,0.3,11:12,0.0,00:01,0.3,7.1,6.8
1782743785.582,0.0,0.0,0.0,0.3,11:12,0.0,00:01,0.3,7.1,6.8
1782743790.59,0.0,0.0,0.0,0.3,11:12,0.0,00:01,0.3,7.1,6.8
1782743795.603,0.0,0.0,0.0,0.3,11:12,0.0,00:01,0.3,7.1,6.8
1782743800.612,0.0,0.0,0.0,0.3,11:12,0.0,00:01,0.3,7.1,6.8
1782743805.614,0.0,0.0,0.0,0.3,11:12,0.0,00:01,0.3,7.1,6.8
1782743810.625,0.0,0.0,0.0,0.3,11:12,0.0,00:01,0.3,7.1,6.8
1782743815.636,0.0,0.0,0.0,0.3,11:12,0.0,00:01,0.3,7.1,6.8
1782743820.645,0.0,0.0,0.0,0.3,11:12,0.0,00:01,0.3,7.1,6.8
1782743825.652,0.0,0.0,0.0,0.3,11:12,0.0,00:01,0.3,7.1,6.8
1782743830.664,0.0,0.0,0.0,0.3,11:12,0.0,00:01,0.3,7.1,6.8
1782743835.678,0.0,0.0,0.0,0.3,11:12,0.0,00:01,0.3,7.1,6.8
1782743840.687,0.0,0.0,0.0,0.3,11:12,0.0,00:01,0.3,7.1,6.8
1782743845.699,0.0,0.0,0.0,0.3,11:12,0.0,00:01,0.3,7.1,6.8
1782743850.706,0.0,0.0,0.0,0.3,11:12,0.0,00:01,0.3,7.1,6.8
1782743855.719,0.0,0.0,0.0,0.3,11:12,0.0,00:01,0.3,7.1,6.8
1782743860.732,0.0,0.0,0.0,0.3,11:12,0.0,00:01,0.3,7.1,6.8
1782743865.743,0.0,0.0,0.0,0.3,11:12,0.0,00:01,0.3,7.1,6.8
1782743870.757,0.0,0.0,0.0,0.3,11:12,0.0,00:01,0.3,7.1,6.8
1782743875.762,0.0,0.0,0.0,0.3,11:12,0.0,00:01,0.3,7.1,6.8
1782743880.775,0.0,0.0,0.0,0.3,11:12,0.0,00:01,0.3,7.1,6.8
1782743885.788,0.0,0.0,0.0,0.3,11:12,0.0,00:01,0.3,7.1,6.8
1782743890.799,0.0,0.0,0.0,0.3,11:12,0.0,00:01,0.3,7.1,6.8
1782743895.802,0.0,0.0,0.0,0.3,11:12,0.0,00:01,0.3,7.1,6.8
1782743900.814,0.0,0.0,0.0,0.3,11:12,0.0,00:01,0.3,7.1,6.8
1782743905.827,0.0,0.0,0.0,0.3,11:12,0.0,00:01,0.3,7.1,6.8
1782743910.838,0.0,0.0,0.0,0.3,11:12,0.0,00:01,0.3,7.1,6.8
1782743915.847,0.0,0.0,0.0,0.3,11:12,0.0,00:01,0.3,7.1,6.8
1782743920.852,0.0,0.0,0.0,0.3,11:12,0.0,00:01,0.3,7.1,6.8
1782743925.862,0.0,0.0,0.0,0.3,11:12,0.0,00:01,0.3,7.1,6.8
1782743930.873,0.0,0.0,0.0,0.3,11:12,0.0,00:01,0.3,7.1,6.8
1782743935.881,0.0,0.0,0.0,0.3,11:12,0.0,00:01,0.3,7.1,6.8
1782743940.894,0.0,0.0,0.0,0.3,11:12,0.0,00:01,0.3,7.1,6.8
1782743945.901,0.0,0.0,0.0,0.3,11:12,0.0,00:01,0.3,7.1,6.8
1782743950.912,0.0,0.0,0.0,0.3,11:12,0.0,00:01,0.3,7.1,6.8
1782743955.921,0.0,0.0,0.0,0.3,11:12,0.0,00:01,0.3,7.1,6.8
1782743960.931,0.0,0.0,0.0,0.3,11:12,0.0,00:01,0.3,7.1,6.8
1782743965.94,0.0,0.0,0.0,0.3,11:12,0.0,00:01,0.3,7.1,6.8
1782743970.942,0.0,0.0,0.0,0.3,11:12,0.0,00:01,0.3,7.1,6.8
1782743975.954,0.0,0.0,0.0,0.3,11:12,0.0,00:01,0.3,7.1,6.8
1782743980.96,0.0,0.0,0.0,0.3,11:12,0.0,00:01,0.3,7.1,6.8
1782743985.97,0.0,0.0,0.0,0.3,11:12,0.0,00:01,0.3,7.1,6.8
1782743990.976,0.0,0.0,0.0,0.3,11:12,0.0,00:01,0.3,7.1,6.8
1782743995.991,0.0,0.0,0.0,0.3,11:12,0.0,00:01,0.3,7.1,6.8
1782744001.002,0.0,0.0,0.0,0.3,11:12,0.0,00:01,0.3,7.1,6.8
1782744006.014,0.0,0.0,0.0,0.3,11:12,0.0,00:01,0.3,7.1,6.8
1782744011.025,0.0,0.0,0.0,0.3,11:12,0.0,00:01,0.3,7.1,6.8
1782744016.032,0.0,0.0,0.0,0.3,11:12,0.0,00:01,0.3,7.1,6.8
1782744021.044,0.0,0.0,0.0,0.3,11:12,0.0,00:01,0.3,7.1,6.8
1782744026.059,0.0,0.0,0.0,0.3,11:12,0.0,00:01,0.3,7.1,6.8
1782744031.071,0.0,0.0,0.0,0.3,11:12,0.0,00:01,0.3,7.1,6.8
1782744036.082,0.0,0.0,0.0,0.3,11:12,0.0,00:01,0.3,7.1,6.8
1782744041.088,0.0,0.0,0.0,0.3,11:12,0.0,00:01,0.3,7.1,6.8
1782744046.103,0.0,0.0,0.0,0.3,11:12,0.0,00:01,0.3,7.1,6.8
1782744051.115,0.0,0.0,0.0,0.3,11:12,0.0,00:01,0.3,7.1,6.8
1782744056.129,0.0,0.0,0.0,0.3,11:12,0.0,00:01,0.3,7.1,6.8
1782744061.135,0.0,0.0,0.0,0.3,11:12,0.0,00:01,0.3,7.1,6.8
1782744066.149,0.0,0.0,0.0,0.3,11:12,0.0,00:01,0.3,7.1,6.8
1782744071.164,0.0,0.0,0.0,0.3,11:12,0.0,00:01,0.3,7.1,6.8
1782744076.175,0.0,0.0,0.0,0.3,11:12,0.0,00:01,0.3,7.1,6.8
1782744081.188,0.0,0.0,0.0,0.3,11:12,0.0,00:01,0.3,7.1,6.8
1782744086.195,0.0,0.0,0.0,0.3,11:12,0.0,00:01,0.3,7.1,6.8
1782744091.21,0.0,0.0,0.0,0.3,11:12,0.0,00:01,0.3,7.1,6.8
1782744096.222,0.0,0.0,0.0,0.3,11:12,0.0,00:01,0.3,7.1,6.8
1782744101.233,0.0,0.0,0.0,0.3,11:12,0.0,00:01,0.3,7.1,6.8
1782744106.244,0.0,0.0,0.0,0.3,11:12,0.0,00:01,0.3,7.1,6.8
1782744111.251,0.0,0.0,0.0,0.3,11:12,0.0,00:01,0.3,7.1,6.8
1782744116.267,0.0,0.0,0.0,0.3,11:12,0.0,00:01,0.3,7.1,6.8
1782744121.275,0.0,0.0,0.0,0.3,11:12,0.0,00:01,0.3,7.1,6.8
1782744126.284,0.0,0.0,0.0,0.3,11:12,0.0,00:01,0.3,7.1,6.8
1782744131.295,0.0,0.0,0.0,0.3,11:12,0.0,00:01,0.3,7.1,6.8
1782744136.302,0.0,0.0,0.0,0.3,11:12,0.0,00:01,0.3,7.1,6.8
1782744141.318,0.0,0.0,0.0,0.3,11:12,0.0,00:01,0.3,7.1,6.8
1782744146.327,0.0,0.0,0.0,0.3,11:12,0.0,00:01,0.3,7.1,6.8
1782744151.34,0.0,0.0,0.0,0.3,11:12,0.0,00:01,0.3,7.1,6.8
1782744156.344,0.0,0.0,0.0,0.3,11:12,0.0,00:01,0.3,7.1,6.8
1782744161.359,0.0,0.0,0.0,0.3,11:12,0.0,00:01,0.3,7.1,6.8
1782744166.372,0.0,0.0,0.0,0.3,11:12,0.0,00:01,0.3,7.1,6.8
1782744171.384,0.0,0.0,0.0,0.3,11:12,0.0,00:01,0.3,7.1,6.8
1782744176.396,0.0,0.0,0.0,0.3,11:12,0.0,00:01,0.3,7.1,6.8
1782744181.399,0.0,0.0,0.0,0.3,11:12,0.0,00:01,0.3,7.1,6.8
1782744186.415,0.0,0.0,0.0,0.3,11:12,0.0,00:01,0.3,7.1,6.8
1782744191.425,0.0,0.0,0.0,0.3,11:12,0.0,00:01,0.3,7.1,6.8
1782744196.438,0.0,0.0,0.0,0.3,11:12,0.0,00:01,0.3,7.1,6.8
1782744201.449,0.0,0.0,0.0,0.3,11:12,0.0,00:01,0.3,7.1,6.8
1782744206.456,0.0,0.0,0.0,0.3,11:12,0.0,00:01,0.3,7.1,6.8
1782744211.472,0.0,0.0,0.0,0.3,11:12,0.0,00:01,0.3,7.1,6.8
1782744216.478,0.0,0.0,0.0,0.3,11:12,0.0,00:01,0.3,7.1,6.8
1782744221.486,0.0,0.0,0.0,0.3,11:12,0.0,00:01,0.3,7.1,6.8
1782744226.5,0.0,0.0,0.0,0.3,11:12,0.0,00:01,0.3,7.1,6.8
1782744231.508,0.0,0.0,0.0,0.3,11:12,0.0,00:01,0.3,7.1,6.8
1782744236.525,0.0,0.0,0.0,0.3,11:12,0.0,00:01,0.3,7.1,6.8
1782744241.534,0.0,0.0,0.0,0.3,11:12,0.0,00:01,0.3,7.1,6.8
1782744246.547,0.0,0.0,0.0,0.3,11:12,0.0,00:01,0.3,7.1,6.8
1782744251.553,0.0,0.0,0.0,0.3,11:12,0.0,00:01,0.3,7.1,6.8
1782744256.568,0.0,0.0,0.0,0.3,11:12,0.0,00:01,0.3,7.1,6.8
1782744261.579,0.0,0.0,0.0,0.3,11:12,0.0,00:01,0.3,7.1,6.8
1782744266.593,0.0,0.0,0.0,0.3,11:12,0.0,00:01,0.3,7.1,6.8
1782744271.601,0.0,0.0,0.0,0.3,11:12,0.0,00:01,0.3,7.1,6.8
1782744276.605,0.0,0.0,0.0,0.3,11:12,0.0,00:01,0.3,7.1,6.8
1782744281.622,0.0,0.0,0.0,0.3,11:12,0.0,00:01,0.3,7.1,6.8
1782744286.632,0.0,0.0,0.0,0.3,11:12,0.0,00:01,0.3,7.1,6.8
1782744291.644,0.0,0.0,0.0,0.3,11:12,0.0,00:01,0.3,7.1,6.8
1782744296.654,0.0,0.0,0.0,0.3,11:12,0.0,00:01,0.3,7.1,6.8
1782744301.656,0.0,0.0,0.0,0.3,11:12,0.0,00:01,0.3,7.1,6.8
1782744306.666,0.0,0.0,0.0,0.3,11:12,0.0,00:01,0.3,7.1,6.8
1782744311.676,0.0,0.0,0.0,0.3,11:12,0.0,00:01,0.3,7.1,6.8
1782744316.681,0.0,0.0,0.0,0.3,11:12,0.0,00:01,0.3,7.1,6.8
1782744321.689,0.0,0.0,0.0,0.3,11:12,0.0,00:01,0.3,7.1,6.8
1782744326.696,0.0,0.0,0.0,0.3,11:12,0.0,00:01,0.3,7.1,6.8
1782744331.705,0.0,0.0,0.0,0.3,11:12,0.0,00:01,0.3,7.1,6.8
1782744336.715,0.0,0.0,0.0,0.3,11:12,0.0,00:01,0.3,7.1,6.8
1782744341.726,0.0,0.0,0.0,0.3,11:12,0.0,00:01,0.3,7.1,6.8
1782744346.732,0.0,0.0,0.0,0.3,11:12,0.0,00:01,0.3,7.1,6.8
1782744351.747,0.0,0.0,0.0,0.3,11:12,0.0,00:01,0.3,7.1,6.8
1782744356.754,0.0,0.0,0.0,0.3,11:12,0.0,00:01,0.3,7.1,6.8
1782744361.764,0.0,0.0,0.0,0.3,11:12,0.0,00:01,0.3,7.1,6.8
1782744366.771,0.0,0.0,0.0,0.3,11:12,0.0,00:01,0.3,7.1,6.8
1782744371.777,0.0,0.0,0.0,0.3,11:12,0.0,00:01,0.3,7.1,6.8
1782744376.786,0.0,0.0,0.0,0.3,11:12,0.0,00:01,0.3,7.1,6.8
1782744381.795,0.0,0.0,0.0,0.3,11:12,0.0,00:01,0.3,7.1,6.8
1782744386.805,0.0,0.0,0.0,0.3,11:12,0.0,00:01,0.3,7.1,6.8
1782744391.81,0.0,0.0,0.0,0.3,11:12,0.0,00:01,0.3,7.1,6.8
1782744396.818,0.0,0.0,0.0,0.3,11:12,0.0,00:01,0.3,7.1,6.8
1782744401.826,0.0,0.0,0.0,0.3,11:12,0.0,00:01,0.3,7.1,6.8
1782744406.835,0.0,0.0,0.0,0.3,11:12,0.0,00:01,0.3,7.1,6.8
1782744411.843,0.0,0.0,0.0,0.3,11:12,0.0,00:01,0.3,7.1,6.8
1782744416.849,0.0,0.0,0.0,0.3,11:12,0.0,00:01,0.3,7.1,6.8
1782744421.859,0.0,0.0,0.0,0.3,11:12,0.0,00:01,0.3,7.1,6.8
1782744426.867,0.0,0.0,0.0,0.3,11:12,0.0,00:01,0.3,7.1,6.8
1782744431.874,0.0,0.0,0.0,0.3,11:12,0.0,00:01,0.3,7.1,6.8
1782744436.88,0.0,0.0,0.0,0.3,11:12,0.0,00:01,0.3,7.1,6.8
1782744441.884,0.0,0.0,0.0,0.3,11:12,0.0,00:01,0.3,7.1,6.8
1782744446.894,0.0,0.0,0.0,0.3,11:12,0.0,00:01,0.3,7.1,6.8
1782744451.904,0.0,0.0,0.0,0.3,11:12,0.0,00:01,0.3,7.1,6.8
1782744456.914,0.0,0.0,0.0,0.3,11:12,0.0,00:01,0.3,7.1,6.8
1782744461.921,0.0,0.0,0.0,0.3,11:12,0.0,00:01,0.3,7.1,6.8
1782744466.926,0.0,0.0,0.0,0.3,11:12,0.0,00:01,0.3,7.1,6.8
1782744471.934,0.0,0.0,0.0,0.3,11:12,0.0,00:01,0.3,7.1,6.8
1782744476.945,0.0,0.0,0.0,0.3,11:12,0.0,00:01,0.3,7.1,6.8
1782744481.951,0.0,0.0,0.0,0.3,11:12,0.0,00:01,0.3,7.1,6.8
1782744486.956,0.0,0.0,0.0,0.3,11:12,0.0,00:01,0.3,7.1,6.8
1782744491.969,0.0,0.0,0.0,0.3,11:12,0.0,00:01,0.3,7.1,6.8
1782744496.978,0.0,0.0,0.0,0.3,11:12,0.0,00:01,0.3,7.1,6.8
1782744501.982,0.0,0.0,0.0,0.3,11:12,0.0,00:01,0.3,7.1,6.8
1782744506.992,0.0,0.0,0.0,0.3,11:12,0.0,00:01,0.3,7.1,6.8
1782744511.996,0.0,0.0,0.0,0.3,11:12,0.0,00:01,0.3,7.1,6.8
1782744517.006,0.0,0.0,0.0,0.3,11:12,0.0,00:01,0.3,7.1,6.8
1782744522.013,0.0,0.0,0.0,0.3,11:12,0.0,00:01,0.3,7.1,6.8
1782744527.021,0.0,0.0,0.0,0.3,11:12,0.0,00:01,0.3,7.1,6.8
1782744532.027,0.0,0.0,0.0,0.3,11:12,0.0,00:01,0.3,7.1,6.8
1782744537.035,0.0,0.0,0.0,0.3,11:12,0.0,00:01,0.3,7.1,6.8
1782744542.044,0.0,0.0,0.0,0.3,11:12,0.0,00:01,0.3,7.1,6.8
1782744547.054,0.0,0.0,0.0,0.3,11:12,0.0,00:01,0.3,7.1,6.8
1782744552.066,0.0,0.0,0.0,0.3,11:12,0.0,00:01,0.3,7.1,6.8
1782744557.073,0.0,0.0,0.0,0.3,11:12,0.0,00:01,0.3,7.1,6.8
1782744562.088,0.0,0.0,0.0,0.3,11:12,0.0,00:01,0.3,7.1,6.8
1782744567.1,0.0,0.0,0.0,0.3,11:12,0.0,00:01,0.3,7.1,6.8
1782744572.107,0.0,0.0,0.0,0.3,11:12,0.0,00:01,0.3,7.1,6.8
1782744577.12,0.0,0.0,0.0,0.3,11:12,0.0,00:01,0.3,7.1,6.8
1782744582.128,0.0,0.0,0.0,0.3,11:12,0.0,00:01,0.3,7.1,6.8
1782744587.139,0.0,0.0,0.0,0.3,11:12,0.0,00:01,0.3,7.1,6.8
1782744592.153,0.0,0.0,0.0,0.3,11:12,0.0,00:01,0.3,7.1,6.8
1782744597.162,0.0,0.0,0.0,0.3,11:12,0.0,00:01,0.3,7.1,6.8
1782744602.173,0.0,0.0,0.0,0.3,11:12,0.0,00:01,0.3,7.1,6.8
1782744607.182,0.0,0.0,0.0,0.3,11:12,0.0,00:01,0.3,7.1,6.8
1782744612.192,0.0,0.0,0.0,0.3,11:12,0.0,00:01,0.3,7.1,6.8
1782744617.204,0.0,0.0,0.0,0.3,11:12,0.0,00:01,0.3,7.1,6.8
1782744622.217,0.0,0.0,0.0,0.3,11:12,0.0,00:01,0.3,7.1,6.8
1782744627.225,0.0,0.0,0.0,0.3,11:12,0.0,00:01,0.3,7.1,6.8
1782744632.241,0.0,0.0,0.0,0.3,11:12,0.0,00:01,0.3,7.1,6.8
1782744637.254,0.0,0.0,0.0,0.3,11:12,0.0,00:01,0.3,7.1,6.8
1782744642.263,0.0,0.0,0.0,0.3,11:12,0.0,00:01,0.3,7.1,6.8
1782744647.275,0.0,0.0,0.0,0.3,11:12,0.0,00:01,0.3,7.1,6.8
1782744652.285,0.0,0.0,0.0,0.3,11:12,0.0,00:01,0.3,7.1,6.8
1782744657.297,0.0,0.0,0.0,0.3,11:12,0.0,00:01,0.3,7.1,6.8
1782744662.311,0.0,0.0,0.0,0.3,11:12,0.0,00:01,0.3,7.1,6.8
1782744667.321,0.0,0.0,0.0,0.3,11:12,0.0,00:01,0.3,7.1,6.8
1782744672.331,0.0,0.0,0.0,0.3,11:12,0.0,00:01,0.3,7.1,6.8
1782744677.342,0.0,0.0,0.0,0.3,11:12,0.0,00:01,0.3,7.1,6.8
1782744682.353,0.0,0.0,0.0,0.3,11:12,0.0,00:01,0.3,7.1,6.8
1782744687.365,0.0,0.0,0.0,0.3,11:12,0.0,00:01,0.3,7.1,6.8
1782744692.376,0.0,0.0,0.0,0.3,11:12,0.0,00:01,0.3,7.1,6.8
1782744697.382,0.0,0.0,0.0,0.3,11:12,0.0,00:01,0.3,7.1,6.8
1782744702.397,0.0,0.0,0.0,0.3,11:12,0.0,00:01,0.3,7.1,6.8
1782744707.41,0.0,0.0,0.0,0.3,11:12,0.0,00:01,0.3,7.1,6.8
1782744712.422,0.0,0.0,0.0,0.3,11:12,0.0,00:01,0.3,7.1,6.8
1782744717.429,0.0,0.0,0.0,0.3,11:12,0.0,00:01,0.3,7.1,6.8
1782744722.438,0.0,0.0,0.0,0.3,11:12,0.0,00:01,0.3,7.1,6.8
1782744727.449,0.0,0.0,0.0,0.3,11:12,0.0,00:01,0.3,7.1,6.8
1782744732.463,0.0,0.0,0.0,0.3,11:12,0.0,00:01,0.3,7.1,6.8
1782744737.475,0.0,0.0,0.0,0.3,11:12,0.0,00:01,0.3,7.1,6.8
1782744742.484,0.0,0.0,0.0,0.3,11:12,0.0,00:01,0.3,7.1,6.8
1782744747.496,0.0,0.0,0.0,0.3,11:12,0.0,00:01,0.3,7.1,6.8
1782744752.506,0.0,0.0,0.0,0.3,11:12,0.0,00:01,0.3,7.1,6.8
1782744757.519,0.0,0.0,0.0,0.3,11:12,0.0,00:01,0.3,7.1,6.8
1782744762.531,0.0,0.0,0.0,0.3,11:12,0.0,00:01,0.3,7.1,6.8
1782744767.543,0.0,0.0,0.0,0.3,11:12,0.0,00:01,0.3,7.1,6.8
1782744772.552,0.0,0.0,0.0,0.3,11:12,0.0,00:01,0.3,7.1,6.8
1782744777.561,0.0,0.0,0.0,0.3,11:12,0.0,00:01,0.3,7.1,6.8
1782744782.572,0.0,0.0,0.0,0.3,11:12,0.0,00:01,0.3,7.1,6.8
1782744787.58,0.0,0.0,0.0,0.3,11:12,0.0,00:01,0.3,7.1,6.8
1782744792.591,0.0,0.0,0.0,0.3,11:12,0.0,00:01,0.3,7.1,6.8
1782744797.602,0.0,0.0,0.0,0.3,11:12,0.0,00:01,0.3,7.1,6.8
1782744802.613,0.0,0.0,0.0,0.3,11:12,0.0,00:01,0.3,7.1,6.8
1782744807.622,0.0,0.0,0.0,0.3,11:12,0.0,00:01,0.3,7.1,6.8
1782744812.633,0.0,0.0,0.0,0.3,11:12,0.0,00:01,0.3,7.1,6.8
1782744817.642,0.0,0.0,0.0,0.3,11:12,0.0,00:01,0.3,7.1,6.8
1782744822.651,0.0,0.0,0.0,0.3,11:12,0.0,00:01,0.3,7.1,6.8
1782744827.659,0.0,0.0,0.0,0.3,11:12,0.0,00:01,0.3,7.1,6.8
1782744832.669,0.0,0.0,0.0,0.3,11:12,0.0,00:01,0.3,7.1,6.8
1782744837.679,0.0,0.0,0.0,0.3,11:12,0.0,00:01,0.3,7.1,6.8
1782744842.687,0.0,0.0,0.0,0.3,11:12,0.0,00:01,0.3,7.1,6.8
1782744847.7,0.0,0.0,0.0,0.3,11:12,0.0,00:01,0.3,7.1,6.8
1782744852.712,0.0,0.0,0.0,0.3,11:12,0.0,00:01,0.3,7.1,6.8
1782744857.718,0.0,0.0,0.0,0.3,11:12,0.0,00:01,0.3,7.1,6.8
1782744862.728,0.0,0.0,0.0,0.3,11:12,0.0,00:01,0.3,7.1,6.8
1782744867.736,0.0,0.0,0.0,0.3,11:12,0.0,00:01,0.3,7.1,6.8
1782744872.746,0.0,0.0,0.0,0.3,11:12,0.0,00:01,0.3,7.1,6.8
1782744877.759,0.0,0.0,0.0,0.3,11:12,0.0,00:01,0.3,7.1,6.8
1782744882.771,0.0,0.0,0.0,0.3,11:12,0.0,00:01,0.3,7.1,6.8
1782744887.776,0.0,0.0,0.0,0.3,11:12,0.0,00:01,0.3,7.1,6.8
1782744892.787,0.0,0.0,0.0,0.3,11:12,0.0,00:01,0.3,7.1,6.8
1782744897.795,0.0,0.0,0.0,0.3,11:12,0.0,00:01,0.3,7.1,6.8
1782744902.806,0.0,0.0,0.0,0.3,11:12,0.0,00:01,0.3,7.1,6.8
1782744907.821,0.0,0.0,0.0,0.3,11:12,0.0,00:01,0.3,7.1,6.8
1782744912.828,0.0,0.0,0.0,0.3,11:12,0.0,00:01,0.3,7.1,6.8
1782744917.842,0.0,0.0,0.0,0.3,11:12,0.0,00:01,0.3,7.1,6.8
1782744922.853,0.0,0.0,0.0,0.3,11:12,0.0,00:01,0.3,7.1,6.8
1782744927.864,0.0,0.0,0.0,0.3,11:12,0.0,00:01,0.3,7.1,6.8
1782744932.875,0.0,0.0,0.0,0.3,11:12,0.0,00:01,0.3,7.1,6.8
1782744937.886,0.0,0.0,0.0,0.3,11:12,0.0,00:01,0.3,7.1,6.8
1782744942.894,0.0,0.0,0.0,0.3,11:12,0.0,00:01,0.3,7.1,6.8
1782744947.906,0.0,0.0,0.0,0.3,11:12,0.0,00:01,0.3,7.1,6.8
1782744952.917,0.0,0.0,0.0,0.3,11:12,0.0,00:01,0.3,7.1,6.8
1782744957.925,0.0,0.0,0.0,0.3,11:12,0.0,00:01,0.3,7.1,6.8
1782744962.939,0.0,0.0,0.0,0.3,11:12,0.0,00:01,0.3,7.1,6.8
1782744967.95,0.0,0.0,0.0,0.3,11:12,0.0,00:01,0.3,7.1,6.8
1782744972.962,0.0,0.0,0.0,0.3,11:12,0.0,00:01,0.3,7.1,6.8
1782744977.977,0.0,0.0,0.0,0.3,11:12,0.0,00:01,0.3,7.1,6.8
1782744982.983,0.0,0.0,0.0,0.3,11:12,0.0,00:01,0.3,7.1,6.8
1782744987.997,0.0,0.0,0.0,0.3,11:12,0.0,00:01,0.3,7.1,6.8
1782744993.009,0.0,0.0,0.0,0.3,11:12,0.0,00:01,0.3,7.1,6.8
1782744998.022,0.0,0.0,0.0,0.3,11:12,0.0,00:01,0.3,7.1,6.8
1782745003.035,0.0,0.0,0.0,0.3,11:12,0.0,00:01,0.3,7.1,6.8
1782745008.042,0.0,0.0,0.0,0.3,11:12,0.0,00:01,0.3,7.1,6.8
1782745013.053,0.0,0.0,0.0,0.3,11:12,0.0,00:01,0.3,7.1,6.8
1782745018.067,0.0,0.0,0.0,0.3,11:12,0.0,00:01,0.3,7.1,6.8
1782745023.08,0.0,0.0,0.0,0.3,11:12,0.0,00:01,0.3,7.1,6.8
1782745028.085,0.0,0.0,0.0,0.3,11:12,0.0,00:01,0.3,7.1,6.8
1782745033.099,0.0,0.0,0.0,0.3,11:12,0.0,00:01,0.3,7.1,6.8
1782745038.111,0.0,0.0,0.0,0.3,11:12,0.0,00:01,0.3,7.1,6.8
1782745043.12,0.0,0.0,0.0,0.3,11:12,0.0,00:01,0.3,7.1,6.8
1782745048.135,0.0,0.0,0.0,0.3,11:12,0.0,00:01,0.3,7.1,6.8
1782745053.14,0.0,0.0,0.0,0.3,11:12,0.0,00:01,0.3,7.1,6.8
1782745058.152,0.0,0.0,0.0,0.3,11:12,0.0,00:01,0.3,7.1,6.8
1782745063.165,0.0,0.0,0.0,0.3,11:12,0.0,00:01,0.3,7.1,6.8
1782745068.175,0.0,0.0,0.0,0.3,11:12,0.0,00:01,0.3,7.1,6.8
1782745073.188,0.0,0.0,0.0,0.3,11:12,0.0,00:01,0.3,7.1,6.8
1782745078.196,0.0,0.0,0.0,0.3,11:12,0.0,00:01,0.3,7.1,6.8
1782745083.203,0.0,0.0,0.0,0.3,11:12,0.0,00:01,0.3,7.1,6.8
1782745088.217,0.0,0.0,0.0,0.3,11:12,0.0,00:01,0.3,7.1,6.8
1782745093.229,0.0,0.0,0.0,0.3,11:12,0.0,00:01,0.3,7.1,6.8
1782745098.238,0.0,0.0,0.0,0.3,11:12,0.0,00:01,0.3,7.1,6.8
1782745103.252,0.0,0.0,0.0,0.3,11:12,0.0,00:01,0.3,7.1,6.8
1782745108.265,0.0,0.0,0.0,0.3,11:12,0.0,00:01,0.3,7.1,6.8
1782745113.276,0.0,0.0,0.0,0.3,11:12,0.0,00:01,0.3,7.1,6.8
1782745118.292,0.0,0.0,0.0,0.3,11:12,0.0,00:01,0.3,7.1,6.8
1782745123.294,0.0,0.0,0.0,0.3,11:12,0.0,00:01,0.3,7.1,6.8
1782745128.305,0.0,0.0,0.0,0.3,11:12,0.0,00:01,0.3,7.1,6.8
1782745133.319,0.0,0.0,0.0,0.3,11:12,0.0,00:01,0.3,7.1,6.8
1782745138.332,0.0,0.0,0.0,0.3,11:12,0.0,00:01,0.3,7.1,6.8
1782745143.346,0.0,0.0,0.0,0.3,11:12,0.0,00:01,0.3,7.1,6.8
1782745148.349,0.0,0.0,0.0,0.3,11:12,0.0,00:01,0.3,7.1,6.8
1782745153.362,0.0,0.0,0.0,0.3,11:12,0.0,00:01,0.3,7.1,6.8
1782745158.373,0.0,0.0,0.0,0.3,11:12,0.0,00:01,0.3,7.1,6.8
1782745163.384,0.0,0.0,0.0,0.3,11:12,0.0,00:01,0.3,7.1,6.8
1782745168.397,0.0,0.0,0.0,0.3,11:12,0.0,00:01,0.3,7.1,6.8
1782745173.403,0.0,0.0,0.0,0.3,11:12,0.0,00:01,0.3,7.1,6.8
1782745178.415,0.0,0.0,0.0,0.3,11:12,0.0,00:01,0.3,7.1,6.8
1782745183.424,0.0,0.0,0.0,0.3,11:12,0.0,00:01,0.3,7.1,6.8
1782745188.44,0.0,0.0,0.0,0.3,11:12,0.0,00:01,0.3,7.1,6.8
1782745193.446,0.0,0.0,0.0,0.3,11:12,0.0,00:01,0.3,7.1,6.8
1782745198.461,0.0,0.0,0.0,0.3,11:12,0.0,00:01,0.3,7.1,6.8
1782745203.474,0.0,0.0,0.0,0.3,11:12,0.0,00:01,0.3,7.1,6.8
1782745208.486,0.0,0.0,0.0,0.3,11:12,0.0,00:01,0.3,7.1,6.8
1782745213.499,0.0,0.0,0.0,0.3,11:12,0.0,00:01,0.3,7.1,6.8
1782745218.506,0.0,0.0,0.0,0.3,11:12,0.0,00:01,0.3,7.1,6.8
1782745223.516,0.0,0.0,0.0,0.3,11:12,0.0,00:01,0.3,7.1,6.8
1782745228.529,0.0,0.0,0.0,0.3,11:12,0.0,00:01,0.3,7.1,6.8
1782745233.538,0.0,0.0,0.0,0.3,11:12,0.0,00:01,0.3,7.1,6.8
1782745238.551,0.0,0.0,0.0,0.3,11:12,0.0,00:01,0.3,7.1,6.8
1782745243.56,0.0,0.0,0.0,0.3,11:12,0.0,00:01,0.3,7.1,6.8
1782745248.573,0.0,0.0,0.0,0.3,11:12,0.0,00:01,0.3,7.1,6.8
1782745253.58,0.0,0.0,0.0,0.3,11:12,0.0,00:01,0.3,7.1,6.8
1782745258.593,0.0,0.0,0.0,0.3,11:12,0.0,00:01,0.3,7.1,6.8
1782745263.601,0.0,0.0,0.0,0.3,11:12,0.0,00:01,0.3,7.1,6.8
1782745268.613,0.0,0.0,0.0,0.3,11:12,0.0,00:01,0.3,7.1,6.8
1782745273.626,0.0,0.0,0.0,0.3,11:12,0.0,00:01,0.3,7.1,6.8
1782745278.637,0.0,0.0,0.0,0.3,11:12,0.0,00:01,0.3,7.1,6.8
1782745283.648,0.0,0.0,0.0,0.3,11:12,0.0,00:01,0.3,7.1,6.8
1782745288.655,0.0,0.0,0.0,0.3,11:12,0.0,00:01,0.3,7.1,6.8
1782745293.666,0.0,0.0,0.0,0.3,11:12,0.0,00:01,0.3,7.1,6.8
1782745298.678,0.0,0.0,0.0,0.3,11:12,0.0,00:01,0.3,7.1,6.8
1782745303.692,0.0,0.0,0.0,0.3,11:12,0.0,00:01,0.3,7.1,6.8
1782745308.703,0.0,0.0,0.0,0.3,11:12,0.0,00:01,0.3,7.1,6.8
1782745313.71,0.0,0.0,0.0,0.3,11:12,0.0,00:01,0.3,7.1,6.8
1782745318.724,0.0,0.0,0.0,0.3,11:12,0.0,00:01,0.3,7.1,6.8
1782745323.733,0.0,0.0,0.0,0.3,11:12,0.0,00:01,0.3,7.1,6.8
1782745328.749,0.0,0.0,0.0,0.3,11:12,0.0,00:01,0.3,7.1,6.8
1782745333.761,0.0,0.0,0.0,0.3,11:12,0.0,00:01,0.3,7.1,6.8
1782745338.768,0.0,0.0,0.0,0.3,11:12,0.0,00:01,0.3,7.1,6.8
1782745343.782,0.0,0.0,0.0,0.3,11:12,0.0,00:01,0.3,7.1,6.8
1782745348.789,0.0,0.0,0.0,0.3,11:12,0.0,00:01,0.3,7.1,6.8
1782745353.801,0.0,0.0,0.0,0.3,11:12,0.0,00:01,0.3,7.1,6.8
1782745358.806,0.0,0.0,0.0,0.3,11:12,0.0,00:01,0.3,7.1,6.8
1782745363.814,0.0,0.0,0.0,0.3,11:12,0.0,00:01,0.3,7.1,6.8
1782745368.823,0.0,0.0,0.0,0.3,11:12,0.0,00:01,0.3,7.1,6.8
1782745373.834,0.0,0.0,0.0,0.3,11:12,0.0,00:01,0.3,7.1,6.8
1782745378.842,0.0,0.0,0.0,0.3,11:12,0.0,00:01,0.3,7.1,6.8
1782745383.846,0.0,0.0,0.0,0.3,11:12,0.0,00:01,0.3,7.1,6.8
1782745388.853,0.0,0.0,0.0,0.3,11:12,0.0,00:01,0.3,7.1,6.8
1782745393.862,0.0,0.0,0.0,0.3,11:12,0.0,00:01,0.3,7.1,6.8
1782745398.872,0.0,0.0,0.0,0.3,11:12,0.0,00:01,0.3,7.1,6.8
1782745403.881,0.0,0.0,0.0,0.3,11:12,0.0,00:01,0.3,7.1,6.8
1782745408.885,0.0,0.0,0.0,0.3,11:12,0.0,00:01,0.3,7.1,6.8
1782745413.894,0.0,0.0,0.0,0.3,11:12,0.0,00:01,0.3,7.1,6.8
1782745418.902,0.0,0.0,0.0,0.3,11:12,0.0,00:01,0.3,7.1,6.8
1782745423.912,0.0,0.0,0.0,0.3,11:12,0.0,00:01,0.3,7.1,6.8
1782745428.914,0.0,0.0,0.0,0.3,11:12,0.0,00:01,0.3,7.1,6.8
1782745433.923,0.0,0.0,0.0,0.3,11:12,0.0,00:01,0.3,7.1,6.8
1782745438.933,0.0,0.0,0.0,0.3,11:12,0.0,00:01,0.3,7.1,6.8
1782745443.944,0.0,0.0,0.0,0.3,11:12,0.0,00:01,0.3,7.1,6.8
1782745448.956,0.0,0.0,0.0,0.3,11:12,0.0,00:01,0.3,7.1,6.8
1782745453.961,0.0,0.0,0.0,0.3,11:12,0.0,00:01,0.3,7.1,6.8
1782745458.974,0.0,0.0,0.0,0.3,11:12,0.0,00:01,0.3,7.1,6.8
1782745463.987,0.0,0.0,0.0,0.3,11:12,0.0,00:01,0.3,7.1,6.8
1782745468.995,0.0,0.0,0.0,0.3,11:12,0.0,00:01,0.3,7.1,6.8
1782745474.009,0.0,0.0,0.0,0.3,11:12,0.0,00:01,0.3,7.1,6.8
1782745479.013,0.0,0.0,0.0,0.3,11:12,0.0,00:01,0.3,7.1,6.8
1782745484.02,0.0,0.0,0.0,0.3,11:12,0.0,00:01,0.3,7.1,6.8
1782745489.032,0.0,0.0,0.0,0.3,11:12,0.0,00:01,0.3,7.1,6.8
1782745494.047,0.0,0.0,0.0,0.3,11:12,0.0,00:01,0.3,7.1,6.8
1782745499.054,0.0,0.0,0.0,0.3,11:12,0.0,00:01,0.3,7.1,6.8
1782745504.065,0.0,0.0,0.0,0.3,11:12,0.0,00:01,0.3,7.1,6.8
1782745509.077,0.0,0.0,0.0,0.3,11:12,0.0,00:01,0.3,7.1,6.8
1782745514.09,0.0,0.0,0.0,0.3,11:12,0.0,00:01,0.3,7.1,6.8
1782745519.098,0.0,0.0,0.0,0.3,11:12,0.0,00:01,0.3,7.1,6.8
1782745524.104,0.0,0.0,0.0,0.3,11:12,0.0,00:01,0.3,7.1,6.8
1782745529.112,0.0,0.0,0.0,0.3,11:12,0.0,00:01,0.3,7.1,6.8
1782745534.121,0.0,0.0,0.0,0.3,11:12,0.0,00:01,0.3,7.1,6.8
1782745539.129,0.0,0.0,0.0,0.3,11:12,0.0,00:01,0.3,7.1,6.8
1782745544.141,0.0,0.0,0.0,0.3,11:12,0.0,00:01,0.3,7.1,6.8
1782745549.15,0.0,0.0,0.0,0.3,11:12,0.0,00:01,0.3,7.1,6.8
1782745554.162,0.0,0.0,0.0,0.3,11:12,0.0,00:01,0.3,7.1,6.8
1782745559.173,0.0,0.0,0.0,0.3,11:12,0.0,00:01,0.3,7.1,6.8
1782745564.183,0.0,0.0,0.0,0.3,11:12,0.0,00:01,0.3,7.1,6.8
1782745569.19,0.0,0.0,0.0,0.3,11:12,0.0,00:01,0.3,7.1,6.8
1782745574.2,0.0,0.0,0.0,0.3,11:12,0.0,00:01,0.3,7.1,6.8
1782745579.21,0.0,0.0,0.0,0.3,11:12,0.0,00:01,0.3,7.1,6.8
1782745584.226,0.0,0.0,0.0,0.3,11:12,0.0,00:01,0.3,7.1,6.8
1782745589.235,0.0,0.0,0.0,0.3,11:12,0.0,00:01,0.3,7.1,6.8
1782745594.245,0.0,0.0,0.0,0.3,11:12,0.0,00:01,0.3,7.1,6.8
1782745599.257,0.0,0.0,0.0,0.3,11:12,0.0,00:01,0.3,7.1,6.8
1782745604.265,0.0,0.0,0.0,0.3,11:12,0.0,00:01,0.3,7.1,6.8
1782745609.278,0.0,0.0,0.0,0.3,11:12,0.0,00:01,0.3,7.1,6.8
1782745614.29,0.0,0.0,0.0,0.3,11:12,0.0,00:01,0.3,7.1,6.8
1782745619.295,0.0,0.0,0.0,0.3,11:12,0.0,00:01,0.3,7.1,6.8
1782745624.306,0.0,0.0,0.0,0.3,11:12,0.0,00:01,0.3,7.1,6.8
1782745629.321,0.0,0.0,0.0,0.3,11:12,0.0,00:01,0.3,7.1,6.8
1782745634.332,0.0,0.0,0.0,0.3,11:12,0.0,00:01,0.3,7.1,6.8
1782745639.343,0.0,0.0,0.0,0.3,11:12,0.0,00:01,0.3,7.1,6.8
1782745644.351,0.0,0.0,0.0,0.3,11:12,0.0,00:01,0.3,7.1,6.8
1782745649.362,0.0,0.0,0.0,0.3,11:12,0.0,00:01,0.3,7.1,6.8
1782745654.372,0.0,0.0,0.0,0.3,11:12,0.0,00:01,0.3,7.1,6.8
1782745659.385,0.0,0.0,0.0,0.3,11:12,0.0,00:01,0.3,7.1,6.8
1782745664.388,0.0,0.0,0.0,0.3,11:12,0.0,00:01,0.3,7.1,6.8
1782745669.398,0.0,0.0,0.0,0.3,11:12,0.0,00:01,0.3,7.1,6.8
1782745674.406,0.0,0.0,0.0,0.3,11:12,0.0,00:01,0.3,7.1,6.8
1782745679.416,0.0,0.0,0.0,0.3,11:12,0.0,00:01,0.3,7.1,6.8
1782745684.426,0.0,0.0,0.0,0.3,11:12,0.0,00:01,0.3,7.1,6.8
1782745689.432,0.0,0.0,0.0,0.3,11:12,0.0,00:01,0.3,7.1,6.8
1782745694.441,0.0,0.0,0.0,0.3,11:12,0.0,00:01,0.3,7.1,6.8
1782745699.45,0.0,0.0,0.0,0.3,11:12,0.0,00:01,0.3,7.1,6.8
1782745704.463,0.0,0.0,0.0,0.3,11:12,0.0,00:01,0.3,7.1,6.8
1782745709.474,0.0,0.0,0.0,0.3,11:12,0.0,00:01,0.3,7.1,6.8
1782745714.484,0.0,0.0,0.0,0.3,11:12,0.0,00:01,0.3,7.1,6.8
1782745719.495,0.0,0.0,0.0,0.3,11:12,0.0,00:01,0.3,7.1,6.8
1782745724.509,0.0,0.0,0.0,0.3,11:12,0.0,00:01,0.3,7.1,6.8
1782745729.522,0.0,0.0,0.0,0.3,11:12,0.0,00:01,0.3,7.1,6.8
1782745734.528,0.0,0.0,0.0,0.3,11:12,0.0,00:01,0.3,7.1,6.8
1782745739.54,0.0,0.0,0.0,0.3,11:12,0.0,00:01,0.3,7.1,6.8
1782745744.555,0.0,0.0,0.0,0.3,11:12,0.0,00:01,0.3,7.1,6.8
1782745749.57,0.0,0.0,0.0,0.3,11:12,0.0,00:01,0.3,7.1,6.8
1782745754.582,0.0,0.0,0.0,0.3,11:12,0.0,00:01,0.3,7.1,6.8
1782745759.589,0.0,0.0,0.0,0.3,11:12,0.0,00:01,0.3,7.1,6.8
1782745764.6,0.0,0.0,0.0,0.3,11:12,0.0,00:01,0.3,7.1,6.8
1782745769.616,0.0,0.0,0.0,0.3,11:12,0.0,00:01,0.3,7.1,6.8
1782745774.631,0.0,0.0,0.0,0.3,11:12,0.0,00:01,0.3,7.1,6.8
1782745779.643,0.0,0.0,0.0,0.3,11:12,0.0,00:01,0.3,7.1,6.8
1782745784.65,0.0,0.0,0.0,0.3,11:12,0.0,00:01,0.3,7.1,6.8
1782745789.66,0.0,0.0,0.0,0.3,11:12,0.0,00:01,0.3,7.1,6.8
1782745794.674,0.0,0.0,0.0,0.3,11:12,0.0,00:01,0.3,7.1,6.8
1782745799.689,0.0,0.0,0.0,0.3,11:12,0.0,00:01,0.3,7.1,6.8
1782745804.696,0.0,0.0,0.0,0.3,11:12,0.0,00:01,0.3,7.1,6.8
1782745809.708,0.0,0.0,0.0,0.3,11:12,0.0,00:01,0.3,7.1,6.8
1782745814.723,0.0,0.0,0.0,0.3,11:12,0.0,00:01,0.3,7.1,6.8
1782745819.739,0.0,0.0,0.0,0.3,11:12,0.0,00:01,0.3,7.1,6.8
1782745824.752,0.0,0.0,0.0,0.3,11:12,0.0,00:01,0.3,7.1,6.8
1782745829.759,0.0,0.0,0.0,0.3,11:12,0.0,00:01,0.3,7.1,6.8
1782745834.77,0.0,0.0,0.0,0.3,11:12,0.0,00:01,0.3,7.1,6.8
1782745839.785,0.0,0.0,0.0,0.3,11:12,0.0,00:01,0.3,7.1,6.8
1782745844.798,0.0,0.0,0.0,0.3,11:12,0.0,00:01,0.3,7.1,6.8
1782745849.81,0.0,0.0,0.0,0.3,11:12,0.0,00:01,0.3,7.1,6.8
1782745854.817,0.0,0.0,0.0,0.3,11:12,0.0,00:01,0.3,7.1,6.8
1782745859.833,0.0,0.0,0.0,0.3,11:12,0.0,00:01,0.3,7.1,6.8
1782745864.847,0.0,0.0,0.0,0.3,11:12,0.0,00:01,0.3,7.1,6.8
1782745869.859,0.0,0.0,0.0,0.3,11:12,0.0,00:01,0.3,7.1,6.8
1782745874.871,0.0,0.0,0.0,0.3,11:12,0.0,00:01,0.3,7.1,6.8
1782745879.878,0.0,0.0,0.0,0.3,11:12,0.0,00:01,0.3,7.1,6.8
1782745884.888,0.0,0.0,0.0,0.3,11:12,0.0,00:01,0.3,7.1,6.8
1782745889.903,0.0,0.0,0.0,0.3,11:12,0.0,00:01,0.3,7.1,6.8
1782745894.915,0.0,0.0,0.0,0.3,11:12,0.0,00:01,0.3,7.1,6.8
1782745899.922,0.0,0.0,0.0,0.3,11:12,0.0,00:01,0.3,7.1,6.8
1782745904.934,0.0,0.0,0.0,0.3,11:12,0.0,00:01,0.3,7.1,6.8
1782745909.947,0.0,0.0,0.0,0.3,11:12,0.0,00:01,0.3,7.1,6.8
1782745914.961,0.0,0.0,0.0,0.3,11:12,0.0,00:01,0.3,7.1,6.8
1782745919.972,0.0,0.0,0.0,0.3,11:12,0.0,00:01,0.3,7.1,6.8
1782745924.979,0.0,0.0,0.0,0.3,11:12,0.0,00:01,0.3,7.1,6.8
1782745929.99,0.0,0.0,0.0,0.3,11:12,0.0,00:01,0.3,7.1,6.8
1782745935.002,0.0,0.0,0.0,0.3,11:12,0.0,00:01,0.3,7.1,6.8
1782745940.014,0.0,0.0,0.0,0.3,11:12,0.0,00:01,0.3,7.1,6.8
1782745945.029,0.0,0.0,0.0,0.3,11:12,0.0,00:01,0.3,7.1,6.8
1782745950.037,0.0,0.0,0.0,0.3,11:12,0.0,00:01,0.3,7.1,6.8
1782745955.049,0.0,0.0,0.0,0.3,11:12,0.0,00:01,0.3,7.1,6.8
1782745960.063,0.0,0.0,0.0,0.3,11:12,0.0,00:01,0.3,7.1,6.8
1782745965.075,0.0,0.0,0.0,0.3,11:12,0.0,00:01,0.3,7.1,6.8
1782745970.081,0.0,0.0,0.0,0.3,11:12,0.0,00:01,0.3,7.1,6.8
1782745975.092,0.0,0.0,0.0,0.3,11:12,0.0,00:01,0.3,7.1,6.8
1782745980.107,0.0,0.0,0.0,0.3,11:12,0.0,00:01,0.3,7.1,6.8
1782745985.12,0.0,0.0,0.0,0.3,11:12,0.0,00:01,0.3,7.1,6.8
1782745990.132,0.0,0.0,0.0,0.3,11:12,0.0,00:01,0.3,7.1,6.8
1782745995.139,0.0,0.0,0.0,0.3,11:12,0.0,00:01,0.3,7.1,6.8
1782746000.151,0.0,0.0,0.0,0.3,11:12,0.0,00:01,0.3,7.1,6.8
1782746005.166,0.0,0.0,0.0,0.3,11:12,0.0,00:01,0.3,7.1,6.8
1782746010.175,0.0,0.0,0.0,0.3,11:12,0.0,00:01,0.3,7.1,6.8
1782746015.188,0.0,0.0,0.0,0.3,11:12,0.0,00:01,0.3,7.1,6.8
1782746020.195,0.0,0.0,0.0,0.3,11:12,0.0,00:01,0.3,7.1,6.8
1782746025.206,0.0,0.0,0.0,0.3,11:12,0.0,00:01,0.3,7.1,6.8
1782746030.218,0.0,0.0,0.0,0.3,11:12,0.0,00:01,0.3,7.1,6.8
1782746035.228,0.0,0.0,0.0,0.3,11:12,0.0,00:01,0.3,7.1,6.8
1782746040.237,0.0,0.0,0.0,0.3,11:12,0.0,00:01,0.3,7.1,6.8
1782746045.241,0.0,0.0,0.0,0.3,11:12,0.0,00:01,0.3,7.1,6.8
1782746050.253,0.0,0.0,0.0,0.3,11:12,0.0,00:01,0.3,7.1,6.8
1782746055.262,0.0,0.0,0.0,0.3,11:12,0.0,00:01,0.3,7.1,6.8
1782746060.272,0.0,0.0,0.0,0.3,11:12,0.0,00:01,0.3,7.1,6.8
1782746065.276,0.0,0.0,0.0,0.3,11:12,0.0,00:01,0.3,7.1,6.8
1782746070.285,0.0,0.0,0.0,0.3,11:12,0.0,00:01,0.3,7.1,6.8
1782746075.295,0.0,0.0,0.0,0.3,11:12,0.0,00:01,0.3,7.1,6.8
1782746080.304,0.0,0.0,0.0,0.3,11:12,0.0,00:01,0.3,7.1,6.8
1782746085.314,0.0,0.0,0.0,0.3,11:12,0.0,00:01,0.3,7.1,6.8
1782746090.32,0.0,0.0,0.0,0.3,11:12,0.0,00:01,0.3,7.1,6.8
1782746095.328,0.0,0.0,0.0,0.3,11:12,0.0,00:01,0.3,7.1,6.8
1782746100.34,0.0,0.0,0.0,0.3,11:12,0.0,00:01,0.3,7.1,6.8
1782746105.35,0.0,0.0,0.0,0.3,11:12,0.0,00:01,0.3,7.1,6.8
1782746110.359,0.0,0.0,0.0,0.3,11:12,0.0,00:01,0.3,7.1,6.8
1782746115.365,0.0,0.0,0.0,0.3,11:12,0.0,00:01,0.3,7.1,6.8
1782746120.376,0.0,0.0,0.0,0.3,11:12,0.0,00:01,0.3,7.1,6.8
1782746125.382,0.0,0.0,0.0,0.3,11:12,0.0,00:01,0.3,7.1,6.8
1782746130.392,0.0,0.0,0.0,0.3,11:12,0.0,00:01,0.3,7.1,6.8
1782746135.398,0.0,0.0,0.0,0.3,11:12,0.0,00:01,0.3,7.1,6.8
1782746140.407,0.0,0.0,0.0,0.3,11:12,0.0,00:01,0.3,7.1,6.8
1782746145.418,0.0,0.0,0.0,0.3,11:12,0.0,00:01,0.3,7.1,6.8
1782746150.424,0.0,0.0,0.0,0.3,11:12,0.0,00:01,0.3,7.1,6.8
1782746155.434,0.0,0.0,0.0,0.3,11:12,0.0,00:01,0.3,7.1,6.8
1782746160.44,0.0,0.0,0.0,0.3,11:12,0.0,00:01,0.3,7.1,6.8
1782746165.451,0.0,0.0,0.0,0.3,11:12,0.0,00:01,0.3,7.1,6.8
1782746170.459,0.0,0.0,0.0,0.3,11:12,0.0,00:01,0.3,7.1,6.8
1782746175.468,0.0,0.0,0.0,0.3,11:12,0.0,00:01,0.3,7.1,6.8
1782746180.477,0.0,0.0,0.0,0.3,11:12,0.0,00:01,0.3,7.1,6.8
1782746185.484,0.0,0.0,0.0,0.3,11:12,0.0,00:01,0.3,7.1,6.8
1782746190.494,0.0,0.0,0.0,0.3,11:12,0.0,00:01,0.3,7.1,6.8
1782746195.502,0.0,0.0,0.0,0.3,11:12,0.0,00:01,0.3,7.1,6.8
1782746200.511,0.0,0.0,0.0,0.3,11:12,0.0,00:01,0.3,7.1,6.8
1782746205.517,0.0,0.0,0.0,0.3,11:12,0.0,00:01,0.3,7.1,6.8
1782746210.526,0.0,0.0,0.0,0.3,11:12,0.0,00:01,0.3,7.1,6.8
1782746215.537,0.0,0.0,0.0,0.3,11:12,0.0,00:01,0.3,7.1,6.8
1782746220.544,0.0,0.0,0.0,0.3,11:12,0.0,00:01,0.3,7.1,6.8
1782746225.556,0.0,0.0,0.0,0.3,11:12,0.0,00:01,0.3,7.1,6.8
1782746230.562,0.0,0.0,0.0,0.3,11:12,0.0,00:01,0.3,7.1,6.8
1782746235.576,0.0,0.0,0.0,0.3,11:12,0.0,00:01,0.3,7.1,6.8
1782746240.589,0.0,0.0,0.0,0.3,11:12,0.0,00:01,0.3,7.1,6.8
1782746245.601,0.0,0.0,0.0,0.3,11:12,0.0,00:01,0.3,7.1,6.8
1782746250.614,0.0,0.0,0.0,0.3,11:12,0.0,00:01,0.3,7.1,6.8
1782746255.623,0.0,0.0,0.0,0.3,11:12,0.0,00:01,0.3,7.1,6.8
1782746260.636,0.0,0.0,0.0,0.3,11:12,0.0,00:01,0.3,7.1,6.8
1782746265.648,0.0,0.0,0.0,0.3,11:12,0.0,00:01,0.3,7.1,6.8
1782746270.66,0.0,0.0,0.0,0.3,11:12,0.0,00:01,0.3,7.1,6.8
1782746275.667,0.0,0.0,0.0,0.3,11:12,0.0,00:01,0.3,7.1,6.8
1782746280.679,0.0,0.0,0.0,0.3,11:12,0.0,00:01,0.3,7.1,6.8
1782746285.695,0.0,0.0,0.0,0.3,11:12,0.0,00:01,0.3,7.1,6.8
1782746290.706,0.0,0.0,0.0,0.3,11:12,0.0,00:01,0.3,7.1,6.8
1782746295.718,0.0,0.0,0.0,0.3,11:12,0.0,00:01,0.3,7.1,6.8
1782746300.726,0.0,0.0,0.0,0.3,11:12,0.0,00:01,0.3,7.1,6.8
1782746305.743,0.0,0.0,0.0,0.3,11:12,0.0,00:01,0.3,7.1,6.8
1782746310.755,0.0,0.0,0.0,0.3,11:12,0.0,00:01,0.3,7.1,6.8
1782746315.768,0.0,0.0,0.0,0.3,11:12,0.0,00:01,0.3,7.1,6.8
1782746320.78,0.0,0.0,0.0,0.3,11:12,0.0,00:01,0.3,7.1,6.8
1782746325.788,0.0,0.0,0.0,0.3,11:12,0.0,00:01,0.3,7.1,6.8
1782746330.801,0.0,0.0,0.0,0.3,11:12,0.0,00:01,0.3,7.1,6.8
1782746335.812,0.0,0.0,0.0,0.3,11:12,0.0,00:01,0.3,7.1,6.8
1782746340.825,0.0,0.0,0.0,0.3,11:12,0.0,00:01,0.3,7.1,6.8
1782746345.837,0.0,0.0,0.0,0.3,11:12,0.0,00:01,0.3,7.1,6.8
1782746350.84,0.0,0.0,0.0,0.3,11:12,0.0,00:01,0.3,7.1,6.8
1782746355.856,0.0,0.0,0.0,0.3,11:12,0.0,00:01,0.3,7.1,6.8
1782746360.866,0.0,0.0,0.0,0.3,11:12,0.0,00:01,0.3,7.1,6.8
1782746365.878,0.0,0.0,0.0,0.3,11:12,0.0,00:01,0.3,7.1,6.8
1782746370.886,0.0,0.0,0.0,0.3,11:12,0.0,00:01,0.3,7.1,6.8
1782746375.9,0.0,0.0,0.0,0.3,11:12,0.0,00:01,0.3,7.1,6.8
1782746380.912,0.0,0.0,0.0,0.3,11:12,0.0,00:01,0.3,7.1,6.8
1782746385.926,0.0,0.0,0.0,0.3,11:12,0.0,00:01,0.3,7.1,6.8
1782746390.938,0.0,0.0,0.0,0.3,11:12,0.0,00:01,0.3,7.1,6.8
1782746395.941,0.0,0.0,0.0,0.3,11:12,0.0,00:01,0.3,7.1,6.8
1782746400.956,0.0,0.0,0.0,0.3,11:12,0.0,00:01,0.3,7.1,6.8
1782746405.969,0.0,0.0,0.0,0.3,11:12,0.0,00:01,0.3,7.1,6.8
1782746410.981,0.0,0.0,0.0,0.3,11:12,0.0,00:01,0.3,7.1,6.8
1782746415.993,0.0,0.0,0.0,0.3,11:12,0.0,00:01,0.3,7.1,6.8
1782746420.999,0.0,0.0,0.0,0.3,11:12,0.0,00:01,0.3,7.1,6.8
1782746426.016,0.0,0.0,0.0,0.3,11:12,0.0,00:01,0.3,7.1,6.8
1782746431.028,0.0,0.0,0.0,0.3,11:12,0.0,00:01,0.3,7.1,6.8
1782746436.036,0.0,0.0,0.0,0.3,11:12,0.0,00:01,0.3,7.1,6.8
1782746441.044,0.0,0.0,0.0,0.3,11:12,0.0,00:01,0.3,7.1,6.8
1782746446.057,0.0,0.0,0.0,0.3,11:12,0.0,00:01,0.3,7.1,6.8
1782746451.069,0.0,0.0,0.0,0.3,11:12,0.0,00:01,0.3,7.1,6.8
1782746456.083,0.0,0.0,0.0,0.3,11:12,0.0,00:01,0.3,7.1,6.8
1782746461.092,0.0,0.0,0.0,0.3,11:12,0.0,00:01,0.3,7.1,6.8
1782746466.098,0.0,0.0,0.0,0.3,11:12,0.0,00:01,0.3,7.1,6.8
1782746471.113,0.0,0.0,0.0,0.3,11:12,0.0,00:01,0.3,7.1,6.8
1782746476.124,0.0,0.0,0.0,0.3,11:12,0.0,00:01,0.3,7.1,6.8
1782746481.134,0.0,0.0,0.0,0.3,11:12,0.0,00:01,0.3,7.1,6.8
1782746486.147,0.0,0.0,0.0,0.3,11:12,0.0,00:01,0.3,7.1,6.8
1782746491.154,0.0,0.0,0.0,0.3,11:12,0.0,00:01,0.3,7.1,6.8
1782746496.17,0.0,0.0,0.0,0.3,11:12,0.0,00:01,0.3,7.1,6.8
1782746501.181,0.0,0.0,0.0,0.3,11:12,0.0,00:01,0.3,7.1,6.8
1782746506.192,0.0,0.0,0.0,0.3,11:12,0.0,00:01,0.3,7.1,6.8
1782746511.201,0.0,0.0,0.0,0.3,11:12,0.0,00:01,0.3,7.1,6.8
1782746516.211,0.0,0.0,0.0,0.3,11:12,0.0,00:01,0.3,7.1,6.8
1782746521.223,0.0,0.0,0.0,0.3,11:12,0.0,00:01,0.3,7.1,6.8
1782746526.236,0.0,0.0,0.0,0.3,11:12,0.0,00:01,0.3,7.1,6.8
1782746531.247,0.0,0.0,0.0,0.3,11:12,0.0,00:01,0.3,7.1,6.8
1782746536.254,0.0,0.0,0.0,0.3,11:12,0.0,00:01,0.3,7.1,6.8
1782746541.265,0.0,0.0,0.0,0.3,11:12,0.0,00:01,0.3,7.1,6.8
1782746546.276,0.0,0.0,0.0,0.3,11:12,0.0,00:01,0.3,7.1,6.8
1782746551.287,0.0,0.0,0.0,0.3,11:12,0.0,00:01,0.3,7.1,6.8
1782746556.301,0.0,0.0,0.0,0.3,11:12,0.0,00:01,0.3,7.1,6.8
1782746561.31,0.0,0.0,0.0,0.3,11:12,0.0,00:01,0.3,7.1,6.8
1782746566.32,0.0,0.0,0.0,0.3,11:12,0.0,00:01,0.3,7.1,6.8
1782746571.333,0.0,0.0,0.0,0.3,11:12,0.0,00:01,0.3,7.1,6.8
1782746576.342,0.0,0.0,0.0,0.3,11:12,0.0,00:01,0.3,7.1,6.8
1782746581.352,0.0,0.0,0.0,0.3,11:12,0.0,00:01,0.3,7.1,6.8
1782746586.363,0.0,0.0,0.0,0.3,11:12,0.0,00:01,0.3,7.1,6.8
1782746591.376,0.0,0.0,0.0,0.3,11:12,0.0,00:01,0.3,7.1,6.8
1782746596.388,0.0,0.0,0.0,0.3,11:12,0.0,00:01,0.3,7.1,6.8
1782746601.399,0.0,0.0,0.0,0.3,11:12,0.0,00:01,0.3,7.1,6.8
1782746606.409,0.0,0.0,0.0,0.3,11:12,0.0,00:01,0.3,7.1,6.8
1782746611.421,0.0,0.0,0.0,0.3,11:12,0.0,00:01,0.3,7.1,6.8
1782746616.432,0.0,0.0,0.0,0.3,11:12,0.0,00:01,0.3,7.1,6.8
1782746621.444,0.0,0.0,0.0,0.3,11:12,0.0,00:01,0.3,7.1,6.8
1782746626.456,0.0,0.0,0.0,0.3,11:12,0.0,00:01,0.3,7.1,6.8
1782746631.463,0.0,0.0,0.0,0.3,11:12,0.0,00:01,0.3,7.1,6.8
1782746636.479,0.0,0.0,0.0,0.3,11:12,0.0,00:01,0.3,7.1,6.8
1782746641.492,0.0,0.0,0.0,0.3,11:12,0.0,00:01,0.3,7.1,6.8
1782746646.505,0.0,0.0,0.0,0.3,11:12,0.0,00:01,0.3,7.1,6.8
1782746651.515,0.0,0.0,0.0,0.3,11:12,0.0,00:01,0.3,7.1,6.8
1782746656.526,0.0,0.0,0.0,0.3,11:12,0.0,00:01,0.3,7.1,6.8
1782746661.537,0.0,0.0,0.0,0.3,11:12,0.0,00:01,0.3,7.1,6.8
1782746666.551,0.0,0.0,0.0,0.3,11:12,0.0,00:01,0.3,7.1,6.8
1782746671.563,0.0,0.0,0.0,0.3,11:12,0.0,00:01,0.3,7.1,6.8
1782746676.575,0.0,0.0,0.0,0.3,11:12,0.0,00:01,0.3,7.1,6.8
1782746681.585,0.0,0.0,0.0,0.3,11:12,0.0,00:01,0.3,7.1,6.8
1782746686.598,0.0,0.0,0.0,0.3,11:12,0.0,00:01,0.3,7.1,6.8
1782746691.61,0.0,0.0,0.0,0.3,11:12,0.0,00:01,0.3,7.1,6.8
1782746696.623,0.0,0.0,0.0,0.3,11:12,0.0,00:01,0.3,7.1,6.8
1782746701.63,0.0,0.0,0.0,0.3,11:12,0.0,00:01,0.3,7.1,6.8
1782746706.642,0.0,0.0,0.0,0.3,11:12,0.0,00:01,0.3,7.1,6.8
1782746711.656,0.0,0.0,0.0,0.3,11:12,0.0,00:01,0.3,7.1,6.8
1782746716.668,0.0,0.0,0.0,0.3,11:12,0.0,00:01,0.3,7.1,6.8
1782746721.68,0.0,0.0,0.0,0.3,11:12,0.0,00:01,0.3,7.1,6.8
1782746726.689,0.0,0.0,0.0,0.3,11:12,0.0,00:01,0.3,7.1,6.8
1782746731.7,0.0,0.0,0.0,0.3,11:12,0.0,00:01,0.3,7.1,6.8
1782746736.71,0.0,0.0,0.0,0.3,11:12,0.0,00:01,0.3,7.1,6.8
1782746741.723,0.0,0.0,0.0,0.3,11:12,0.0,00:01,0.3,7.1,6.8
1782746746.737,0.0,0.0,0.0,0.3,11:12,0.0,00:01,0.3,7.1,6.8
1782746751.744,0.0,0.0,0.0,0.3,11:12,0.0,00:01,0.3,7.1,6.8
1782746756.758,0.0,0.0,0.0,0.3,11:12,0.0,00:01,0.3,7.1,6.8
1782746761.768,0.0,0.0,0.0,0.3,11:12,0.0,00:01,0.3,7.1,6.8
1782746766.782,0.0,0.0,0.0,0.3,11:12,0.0,00:01,0.3,7.1,6.8
1782746771.797,0.0,0.0,0.0,0.3,11:12,0.0,00:01,0.3,7.1,6.8
1782746776.804,0.0,0.0,0.0,0.3,11:12,0.0,00:01,0.3,7.1,6.8
1782746781.817,0.0,0.0,0.0,0.3,11:12,0.0,00:01,0.3,7.1,6.8
1782746786.828,0.0,0.0,0.0,0.3,11:12,0.0,00:01,0.3,7.1,6.8
1782746791.839,0.0,0.0,0.0,0.3,11:12,0.0,00:01,0.3,7.1,6.8
1782746796.85,0.0,0.0,0.0,0.3,11:12,0.0,00:01,0.3,7.1,6.8
1782746801.86,0.0,0.0,0.0,0.3,11:12,0.0,00:01,0.3,7.1,6.8
1782746806.872,0.0,0.0,0.0,0.3,11:12,0.0,00:01,0.3,7.1,6.8
1782746811.884,0.0,0.0,0.0,0.3,11:12,0.0,00:01,0.3,7.1,6.8
1782746816.896,0.0,0.0,0.0,0.3,11:12,0.0,00:01,0.3,7.1,6.8
1782746821.9,0.0,0.0,0.0,0.3,11:12,0.0,00:01,0.3,7.1,6.8
1782746826.916,0.0,0.0,0.0,0.3,11:12,0.0,00:01,0.3,7.1,6.8
1782746831.927,0.0,0.0,0.0,0.3,11:12,0.0,00:01,0.3,7.1,6.8
1782746836.934,0.0,0.0,0.0,0.3,11:12,0.0,00:01,0.3,7.1,6.8
1782746841.949,0.0,0.0,0.0,0.3,11:12,0.0,00:01,0.3,7.1,6.8
1782746846.952,0.0,0.0,0.0,0.3,11:12,0.0,00:01,0.3,7.1,6.8
1782746851.964,0.0,0.0,0.0,0.3,11:12,0.0,00:01,0.3,7.1,6.8
1782746856.979,0.0,0.0,0.0,0.3,11:12,0.0,00:01,0.3,7.1,6.8
1782746861.99,0.0,0.0,0.0,0.3,11:12,0.0,00:01,0.3,7.1,6.8
1782746867.0,0.0,0.0,0.0,0.3,11:12,0.0,00:01,0.3,7.1,6.8
1782746872.01,0.0,0.0,0.0,0.3,11:12,0.0,00:01,0.3,7.1,6.8
1782746877.019,0.0,0.0,0.0,0.3,11:12,0.0,00:01,0.3,7.1,6.8
1782746882.03,0.0,0.0,0.0,0.3,11:12,0.0,00:01,0.3,7.1,6.8
1782746887.042,0.0,0.0,0.0,0.3,11:12,0.0,00:01,0.3,7.1,6.8
1782746892.048,0.0,0.0,0.0,0.3,11:12,0.0,00:01,0.3,7.1,6.8
1782746897.058,0.0,0.0,0.0,0.3,11:12,0.0,00:01,0.3,7.1,6.8
1782746902.07,0.0,0.0,0.0,0.3,11:12,0.0,00:01,0.3,7.1,6.8
1782746907.076,0.0,0.0,0.0,0.3,11:12,0.0,00:01,0.3,7.1,6.8
1782746912.093,0.0,0.0,0.0,0.3,11:12,0.0,00:01,0.3,7.1,6.8
1782746917.096,0.0,0.0,0.0,0.3,11:12,0.0,00:01,0.3,7.1,6.8
1782746922.11,0.0,0.0,0.0,0.3,11:12,0.0,00:01,0.3,7.1,6.8
1782746927.122,0.0,0.0,0.0,0.3,11:12,0.0,00:01,0.3,7.1,6.8
1782746932.134,0.0,0.0,0.0,0.3,11:12,0.0,00:01,0.3,7.1,6.8
1782746937.148,0.0,0.0,0.0,0.3,11:12,0.0,00:01,0.3,7.1,6.8
1782746942.152,0.0,0.0,0.0,0.3,11:12,0.0,00:01,0.3,7.1,6.8
1782746947.163,0.0,0.0,0.0,0.3,11:12,0.0,00:01,0.3,7.1,6.8
1782746952.172,0.0,0.0,0.0,0.3,11:12,0.0,00:01,0.3,7.1,6.8
1782746957.188,0.0,0.0,0.0,0.3,11:12,0.0,00:01,0.3,7.1,6.8
1782746962.195,0.0,0.0,0.0,0.3,11:12,0.0,00:01,0.3,7.1,6.8
1782746967.203,0.0,0.0,0.0,0.3,11:12,0.0,00:01,0.3,7.1,6.8
1782746972.217,0.0,0.0,0.0,0.3,11:12,0.0,00:01,0.3,7.1,6.8
1782746977.224,0.0,0.0,0.0,0.3,11:12,0.0,00:01,0.3,7.1,6.8
1782746982.237,0.0,0.0,0.0,0.3,11:12,0.0,00:01,0.3,7.1,6.8
1782746987.244,0.0,0.0,0.0,0.3,11:12,0.0,00:01,0.3,7.1,6.8
1782746992.256,0.0,0.0,0.0,0.3,11:12,0.0,00:01,0.3,7.1,6.8
1782746997.271,0.0,0.0,0.0,0.3,11:12,0.0,00:01,0.3,7.1,6.8
1782747002.283,0.0,0.0,0.0,0.3,11:12,0.0,00:01,0.3,7.1,6.8
1782747007.294,0.0,0.0,0.0,0.3,11:12,0.0,00:01,0.3,7.1,6.8
1782747012.302,0.0,0.0,0.0,0.3,11:12,0.0,00:01,0.3,7.1,6.8
1782747017.312,0.0,0.0,0.0,0.3,11:12,0.0,00:01,0.3,7.1,6.8
1782747022.324,0.0,0.0,0.0,0.3,11:12,0.0,00:01,0.3,7.1,6.8
1782747027.338,0.0,0.0,0.0,0.3,11:12,0.0,00:01,0.3,7.1,6.8
1782747032.344,0.0,0.0,0.0,0.3,11:12,0.0,00:01,0.3,7.1,6.8
1782747037.356,0.0,0.0,0.0,0.3,11:12,0.0,00:01,0.3,7.1,6.8
1782747042.371,0.0,0.0,0.0,0.3,11:12,0.0,00:01,0.3,7.1,6.8
1782747047.381,0.0,0.0,0.0,0.3,11:12,0.0,00:01,0.3,7.1,6.8
1782747052.394,0.0,0.0,0.0,0.3,11:12,0.0,00:01,0.3,7.1,6.8
1782747057.398,0.0,0.0,0.0,0.3,11:12,0.0,00:01,0.3,7.1,6.8
1782747062.408,0.0,0.0,0.0,0.3,11:12,0.0,00:01,0.3,7.1,6.8
1782747067.418,0.0,0.0,0.0,0.3,11:12,0.0,00:01,0.3,7.1,6.8
1782747072.431,0.0,0.0,0.0,0.3,11:12,0.0,00:01,0.3,7.1,6.8
1782747077.44,0.0,0.0,0.0,0.3,11:12,0.0,00:01,0.3,7.1,6.8
1782747082.449,0.0,0.0,0.0,0.3,11:12,0.0,00:01,0.3,7.1,6.8
1782747087.459,0.0,0.0,0.0,0.3,11:12,0.0,00:01,0.3,7.1,6.8
1782747092.47,0.0,0.0,0.0,0.3,11:12,0.0,00:01,0.3,7.1,6.8
1782747097.481,0.0,0.0,0.0,0.3,11:12,0.0,00:01,0.3,7.1,6.8
1782747102.488,0.0,0.0,0.0,0.3,11:12,0.0,00:01,0.3,7.1,6.8
1782747107.496,0.0,0.0,0.0,0.3,11:12,0.0,00:01,0.3,7.1,6.8
1782747112.51,0.0,0.0,0.0,0.3,11:12,0.0,00:01,0.3,7.1,6.8
1782747117.523,0.0,0.0,0.0,0.3,11:12,0.0,00:01,0.3,7.1,6.8
1782747122.537,0.0,0.0,0.0,0.3,11:12,0.0,00:01,0.3,7.1,6.8
1782747127.544,0.0,0.0,0.0,0.3,11:12,0.0,00:01,0.3,7.1,6.8
1782747132.558,0.0,0.0,0.0,0.3,11:12,0.0,00:01,0.3,7.1,6.8
1782747137.57,0.0,0.0,0.0,0.3,11:12,0.0,00:01,0.3,7.1,6.8
1782747142.581,0.0,0.0,0.0,0.3,11:12,0.0,00:01,0.3,7.1,6.8
1782747147.596,0.0,0.0,0.0,0.3,11:12,0.0,00:01,0.3,7.1,6.8
1782747152.602,0.0,0.0,0.0,0.3,11:12,0.0,00:01,0.3,7.1,6.8
1782747157.612,0.0,0.0,0.0,0.3,11:12,0.0,00:01,0.3,7.1,6.8
1782747162.62,0.0,0.0,0.0,0.3,11:12,0.0,00:01,0.3,7.1,6.8
1782747167.632,0.0,0.0,0.0,0.3,11:12,0.0,00:01,0.3,7.1,6.8
1782747172.641,0.0,0.0,0.0,0.3,11:12,0.0,00:01,0.3,7.1,6.8
1782747177.647,0.0,0.0,0.0,0.3,11:12,0.0,00:01,0.3,7.1,6.8
1782747182.659,0.0,0.0,0.0,0.3,11:12,0.0,00:01,0.3,7.1,6.8
1782747187.672,0.0,0.0,0.0,0.3,11:12,0.0,00:01,0.3,7.1,6.8
1782747192.684,0.0,0.0,0.0,0.3,11:12,0.0,00:01,0.3,7.1,6.8
1782747197.692,0.0,0.0,0.0,0.3,11:12,0.0,00:01,0.3,7.1,6.8
1782747202.704,0.0,0.0,0.0,0.3,11:12,0.0,00:01,0.3,7.1,6.8
1782747207.712,0.0,0.0,0.0,0.3,11:12,0.0,00:01,0.3,7.1,6.8
1782747212.726,0.0,0.0,0.0,0.3,11:12,0.0,00:01,0.3,7.1,6.8
1782747217.737,0.0,0.0,0.0,0.3,11:12,0.0,00:01,0.3,7.1,6.8
1782747222.74,0.0,0.0,0.0,0.3,11:12,0.0,00:01,0.3,7.1,6.8
1782747227.753,0.0,0.0,0.0,0.3,11:12,0.0,00:01,0.3,7.1,6.8
1782747232.762,0.0,0.0,0.0,0.3,11:12,0.0,00:01,0.3,7.1,6.8
1782747237.773,0.0,0.0,0.0,0.3,11:12,0.0,00:01,0.3,7.1,6.8
1782747242.786,0.0,0.0,0.0,0.3,11:12,0.0,00:01,0.3,7.1,6.8
1782747247.793,0.0,0.0,0.0,0.3,11:12,0.0,00:01,0.3,7.1,6.8
1782747252.808,0.0,0.0,0.0,0.3,11:12,0.0,00:01,0.3,7.1,6.8
1782747257.819,0.0,0.0,0.0,0.3,11:12,0.0,00:01,0.3,7.1,6.8
1782747262.834,0.0,0.0,0.0,0.3,11:12,0.0,00:01,0.3,7.1,6.8
1782747267.846,0.0,0.0,0.0,0.3,11:12,0.0,00:01,0.3,7.1,6.8
1782747272.853,0.0,0.0,0.0,0.3,11:12,0.0,00:01,0.3,7.1,6.8
1782747277.867,0.0,0.0,0.0,0.3,11:12,0.0,00:01,0.3,7.1,6.8
1782747282.879,0.0,0.0,0.0,0.3,11:12,0.0,00:01,0.3,7.1,6.8
1782747287.889,0.0,0.0,0.0,0.3,11:12,0.0,00:01,0.3,7.1,6.8
1782747292.892,0.0,0.0,0.0,0.3,11:12,0.0,00:01,0.3,7.1,6.8
1782747297.903,0.0,0.0,0.0,0.3,11:12,0.0,00:01,0.3,7.1,6.8
1782747302.912,0.0,0.0,0.0,0.3,11:12,0.0,00:01,0.3,7.1,6.8
1782747307.924,0.0,0.0,0.0,0.3,11:12,0.0,00:01,0.3,7.1,6.8
1782747312.937,0.0,0.0,0.0,0.3,11:12,0.0,00:01,0.3,7.1,6.8
1782747317.941,0.0,0.0,0.0,0.3,11:12,0.0,00:01,0.3,7.1,6.8
1782747322.953,0.0,0.0,0.0,0.3,11:12,0.0,00:01,0.3,7.1,6.8
1782747327.968,0.0,0.0,0.0,0.3,11:12,0.0,00:01,0.3,7.1,6.8
1782747332.98,0.0,0.0,0.0,0.3,11:12,0.0,00:01,0.3,7.1,6.8
1782747337.989,0.0,0.0,0.0,0.3,11:12,0.0,00:01,0.3,7.1,6.8
1782747342.996,0.0,0.0,0.0,0.3,11:12,0.0,00:01,0.3,7.1,6.8
1782747348.005,0.0,0.0,0.0,0.3,11:12,0.0,00:01,0.3,7.1,6.8
1782747353.017,0.0,0.0,0.0,0.3,11:12,0.0,00:01,0.3,7.1,6.8
1782747358.027,0.0,0.0,0.0,0.3,11:12,0.0,00:01,0.3,7.1,6.8
1782747363.032,0.0,0.0,0.0,0.3,11:12,0.0,00:01,0.3,7.1,6.8
1782747368.042,0.0,0.0,0.0,0.3,11:12,0.0,00:01,0.3,7.1,6.8
1782747373.048,0.0,0.0,0.0,0.3,11:12,0.0,00:01,0.3,7.1,6.8
1782747378.06,0.0,0.0,0.0,0.3,11:12,0.0,00:01,0.3,7.1,6.8
1782747383.071,0.0,0.0,0.0,0.3,11:12,0.0,00:01,0.3,7.1,6.8
1782747388.077,0.0,0.0,0.0,0.3,11:12,0.0,00:01,0.3,7.1,6.8
1782747393.086,0.0,0.0,0.0,0.3,11:12,0.0,00:01,0.3,7.1,6.8
1782747398.098,0.0,0.0,0.0,0.3,11:12,0.0,00:01,0.3,7.1,6.8
1782747403.107,0.0,0.0,0.0,0.3,11:12,0.0,00:01,0.3,7.1,6.8
1782747408.115,0.0,0.0,0.0,0.3,11:12,0.0,00:01,0.3,7.1,6.8
1782747413.121,0.0,0.0,0.0,0.3,11:12,0.0,00:01,0.3,7.1,6.8
1782747418.131,0.0,0.0,0.0,0.3,11:12,0.0,00:01,0.3,7.1,6.8
1782747423.14,0.0,0.0,0.0,0.3,11:12,0.0,00:01,0.3,7.1,6.8
1782747428.151,0.0,0.0,0.0,0.3,11:12,0.0,00:01,0.3,7.1,6.8
1782747433.159,0.0,0.0,0.0,0.3,11:12,0.0,00:01,0.3,7.1,6.8
1782747438.165,0.0,0.0,0.0,0.3,11:12,0.0,00:01,0.3,7.1,6.8
1782747443.174,0.0,0.0,0.0,0.3,11:12,0.0,00:01,0.3,7.1,6.8
1782747448.182,0.0,0.0,0.0,0.3,11:12,0.0,00:01,0.3,7.1,6.8
1782747453.188,0.0,0.0,0.0,0.3,11:12,0.0,00:01,0.3,7.1,6.8
1782747458.194,0.0,0.0,0.0,0.3,11:12,0.0,00:01,0.3,7.1,6.8
1782747463.204,0.0,0.0,0.0,0.3,11:12,0.0,00:01,0.3,7.1,6.8
1782747468.216,0.0,0.0,0.0,0.3,11:12,0.0,00:01,0.3,7.1,6.8
1782747473.23,0.0,0.0,0.0,0.3,11:12,0.0,00:01,0.3,7.1,6.8
1782747478.242,0.0,0.0,0.0,0.3,11:12,0.0,00:01,0.3,7.1,6.8
1782747483.25,0.0,0.0,0.0,0.3,11:12,0.0,00:01,0.3,7.1,6.8
1782747488.263,0.0,0.0,0.0,0.3,11:12,0.0,00:01,0.3,7.1,6.8
1782747493.275,0.0,0.0,0.0,0.3,11:12,0.0,00:01,0.3,7.1,6.8
1782747498.29,0.0,0.0,0.0,0.3,11:12,0.0,00:01,0.3,7.1,6.8
1782747503.302,0.0,0.0,0.0,0.3,11:12,0.0,00:01,0.3,7.1,6.8
1782747508.307,0.0,0.0,0.0,0.3,11:12,0.0,00:01,0.3,7.1,6.8
1782747513.32,0.0,0.0,0.0,0.3,11:12,0.0,00:01,0.3,7.1,6.8
1782747518.333,0.0,0.0,0.0,0.3,11:12,0.0,00:01,0.3,7.1,6.8
1782747523.346,0.0,0.0,0.0,0.3,11:12,0.0,00:01,0.3,7.1,6.8
1782747528.352,0.0,0.0,0.0,0.3,11:12,0.0,00:01,0.3,7.1,6.8
1782747533.362,0.0,0.0,0.0,0.3,11:12,0.0,00:01,0.3,7.1,6.8
1782747538.373,0.0,0.0,0.0,0.3,11:12,0.0,00:01,0.3,7.1,6.8
1782747543.387,0.0,0.0,0.0,0.3,11:12,0.0,00:01,0.3,7.1,6.8
1782747548.395,0.0,0.0,0.0,0.3,11:12,0.0,00:01,0.3,7.1,6.8
1782747553.402,0.0,0.0,0.0,0.3,11:12,0.0,00:01,0.3,7.1,6.8
1782747558.407,0.0,0.0,0.0,0.3,11:12,0.0,00:01,0.3,7.1,6.8
1782747563.413,0.0,0.0,0.0,0.3,11:12,0.0,00:01,0.3,7.1,6.8
1782747568.421,0.0,0.0,0.0,0.3,11:12,0.0,00:01,0.3,7.1,6.8
1782747573.427,0.0,0.0,0.0,0.3,11:12,0.0,00:01,0.3,7.1,6.8
1782747578.432,0.0,0.0,0.0,0.3,11:12,0.0,00:01,0.3,7.1,6.8
1782747583.442,0.0,0.0,0.0,0.3,11:12,0.0,00:01,0.3,7.1,6.8
1782747588.451,0.0,0.0,0.0,0.3,11:12,0.0,00:01,0.3,7.1,6.8
1782747593.458,0.0,0.0,0.0,0.3,11:12,0.0,00:01,0.3,7.1,6.8
1782747598.464,0.0,0.0,0.0,0.3,11:12,0.0,00:01,0.3,7.1,6.8
1782747603.473,0.0,0.0,0.0,0.3,11:12,0.0,00:01,0.3,7.1,6.8
1782747608.483,0.0,0.0,0.0,0.3,11:12,0.0,00:01,0.3,7.1,6.8
1782747613.491,0.0,0.0,0.0,0.3,11:12,0.0,00:01,0.3,7.1,6.8
1782747618.501,0.0,0.0,0.0,0.3,11:12,0.0,00:01,0.3,7.1,6.8
1782747623.504,0.0,0.0,0.0,0.3,11:12,0.0,00:01,0.3,7.1,6.8
1782747628.515,0.0,0.0,0.0,0.3,11:12,0.0,00:01,0.3,7.1,6.8
1782747633.524,0.0,0.0,0.0,0.3,11:12,0.0,00:01,0.3,7.1,6.8
1782747638.536,0.0,0.0,0.0,0.3,11:12,0.0,00:01,0.3,7.1,6.8
1782747643.541,0.0,0.0,0.0,0.3,11:12,0.0,00:01,0.3,7.1,6.8
1782747648.546,0.0,0.0,0.0,0.3,11:12,0.0,00:01,0.3,7.1,6.8
1782747653.555,0.0,0.0,0.0,0.3,11:12,0.0,00:01,0.3,7.1,6.8
1782747658.561,0.0,0.0,0.0,0.3,11:12,0.0,00:01,0.3,7.1,6.8
1782747663.566,0.0,0.0,0.0,0.3,11:12,0.0,00:01,0.3,7.1,6.8
1782747668.573,0.0,0.0,0.0,0.3,11:12,0.0,00:01,0.3,7.1,6.8
1782747673.58,0.0,0.0,0.0,0.3,11:12,0.0,00:01,0.3,7.1,6.8
1782747678.59,0.0,0.0,0.0,0.3,11:12,0.0,00:01,0.3,7.1,6.8
1782747683.6,0.0,0.0,0.0,0.3,11:12,0.0,00:01,0.3,7.1,6.8
1782747688.607,0.0,0.0,0.0,0.3,11:12,0.0,00:01,0.3,7.1,6.8
1782747693.613,0.0,0.0,0.0,0.3,11:12,0.0,00:01,0.3,7.1,6.8
1782747698.62,0.0,0.0,0.0,0.3,11:12,0.0,00:01,0.3,7.1,6.8
1782747703.631,0.0,0.0,0.0,0.3,11:12,0.0,00:01,0.3,7.1,6.8
1782747708.639,0.0,0.0,0.0,0.3,11:12,0.0,00:01,0.3,7.1,6.8
1782747713.648,0.0,0.0,0.0,0.3,11:12,0.0,00:01,0.3,7.1,6.8
1782747718.65,0.0,0.0,0.0,0.3,11:12,0.0,00:01,0.3,7.1,6.8
1782747723.659,0.0,0.0,0.0,0.3,11:12,0.0,00:01,0.3,7.1,6.8
1782747728.67,0.0,0.0,0.0,0.3,11:12,0.0,00:01,0.3,7.1,6.8
1782747733.678,0.0,0.0,0.0,0.3,11:12,0.0,00:01,0.3,7.1,6.8
1782747738.684,0.0,0.0,0.0,0.3,11:12,0.0,00:01,0.3,7.1,6.8
1782747743.693,0.0,0.0,0.0,0.3,11:12,0.0,00:01,0.3,7.1,6.8
1782747748.703,0.0,0.0,0.0,0.3,11:12,0.0,00:01,0.3,7.1,6.8
1782747753.714,0.0,0.0,0.0,0.3,11:12,0.0,00:01,0.3,7.1,6.8
1782747758.719,0.0,0.0,0.0,0.3,11:12,0.0,00:01,0.3,7.1,6.8
1782747763.727,0.0,0.0,0.0,0.3,11:12,0.0,00:01,0.3,7.1,6.8
1782747768.734,0.0,0.0,0.0,0.3,11:12,0.0,00:01,0.3,7.1,6.8
1782747773.747,0.0,0.0,0.0,0.3,11:12,0.0,00:01,0.3,7.1,6.8
1782747778.758,0.0,0.0,0.0,0.3,11:12,0.0,00:01,0.3,7.1,6.8
1782747783.77,0.0,0.0,0.0,0.3,11:12,0.0,00:01,0.3,7.1,6.8
1782747788.775,0.0,0.0,0.0,0.3,11:12,0.0,00:01,0.3,7.1,6.8
1782747793.791,0.0,0.0,0.0,0.3,11:12,0.0,00:01,0.3,7.1,6.8
1782747798.8,0.0,0.0,0.0,0.3,11:12,0.0,00:01,0.3,7.1,6.8
1782747803.807,0.0,0.0,0.0,0.3,11:12,0.0,00:01,0.3,7.1,6.8
1782747808.814,0.0,0.0,0.0,0.3,11:12,0.0,00:01,0.3,7.1,6.8
1782747813.823,0.0,0.0,0.0,0.3,11:12,0.0,00:01,0.3,7.1,6.8
1782747818.835,0.0,0.0,0.0,0.3,11:12,0.0,00:01,0.3,7.1,6.8
1782747823.849,0.0,0.0,0.0,0.3,11:12,0.0,00:01,0.3,7.1,6.8
1782747828.86,0.0,0.0,0.0,0.3,11:12,0.0,00:01,0.3,7.1,6.8
1782747833.864,0.0,0.0,0.0,0.3,11:12,0.0,00:01,0.3,7.1,6.8
1782747838.875,0.0,0.0,0.0,0.3,11:12,0.0,00:01,0.3,7.1,6.8
1782747843.888,0.0,0.0,0.0,0.3,11:12,0.0,00:01,0.3,7.1,6.8
1782747848.902,0.0,0.0,0.0,0.3,11:12,0.0,00:01,0.3,7.1,6.8
1782747853.913,0.0,0.0,0.0,0.3,11:12,0.0,00:01,0.3,7.1,6.8
1782747858.918,0.0,0.0,0.0,0.3,11:12,0.0,00:01,0.3,7.1,6.8
1782747863.931,0.0,0.0,0.0,0.3,11:12,0.0,00:01,0.3,7.1,6.8
1782747868.94,0.0,0.0,0.0,0.3,11:12,0.0,00:01,0.3,7.1,6.8
1782747873.95,0.0,0.0,0.0,0.3,11:12,0.0,00:01,0.3,7.1,6.8
1782747878.957,0.0,0.0,0.0,0.3,11:12,0.0,00:01,0.3,7.1,6.8
1782747883.97,0.0,0.0,0.0,0.3,11:12,0.0,00:01,0.3,7.1,6.8
1782747888.982,0.0,0.0,0.0,0.3,11:12,0.0,00:01,0.3,7.1,6.8
1782747893.992,0.0,0.0,0.0,0.3,11:12,0.0,00:01,0.3,7.1,6.8
1782747899.001,0.0,0.0,0.0,0.3,11:12,0.0,00:01,0.3,7.1,6.8
1782747904.008,0.0,0.0,0.0,0.3,11:12,0.0,00:01,0.3,7.1,6.8
1782747909.02,0.0,0.0,0.0,0.3,11:12,0.0,00:01,0.3,7.1,6.8
1782747914.034,0.0,0.0,0.0,0.3,11:12,0.0,00:01,0.3,7.1,6.8
1782747919.043,0.0,0.0,0.0,0.3,11:12,0.0,00:01,0.3,7.1,6.8
1782747924.057,0.0,0.0,0.0,0.3,11:12,0.0,00:01,0.3,7.1,6.8
1782747929.066,0.0,0.0,0.0,0.3,11:12,0.0,00:01,0.3,7.1,6.8
1782747934.079,0.0,0.0,0.0,0.3,11:12,0.0,00:01,0.3,7.1,6.8
1782747939.089,0.0,0.0,0.0,0.3,11:12,0.0,00:01,0.3,7.1,6.8
1782747944.096,0.0,0.0,0.0,0.3,11:12,0.0,00:01,0.3,7.1,6.8
1782747949.106,0.0,0.0,0.0,0.3,11:12,0.0,00:01,0.3,7.1,6.8
1782747954.112,0.0,0.0,0.0,0.3,11:12,0.0,00:01,0.3,7.1,6.8
1782747959.125,0.0,0.0,0.0,0.3,11:12,0.0,00:01,0.3,7.1,6.8
1782747964.137,0.0,0.0,0.0,0.3,11:12,0.0,00:01,0.3,7.1,6.8
1782747969.149,0.0,0.0,0.0,0.3,11:12,0.0,00:01,0.3,7.1,6.8
1782747974.152,0.0,0.0,0.0,0.3,11:12,0.0,00:01,0.3,7.1,6.8
1782747979.167,0.0,0.0,0.0,0.3,11:12,0.0,00:01,0.3,7.1,6.8
1782747984.177,0.0,0.0,0.0,0.3,11:12,0.0,00:01,0.3,7.1,6.8
1782747989.189,0.0,0.0,0.0,0.3,11:12,0.0,00:01,0.3,7.1,6.8
1782747994.202,0.0,0.0,0.0,0.3,11:12,0.0,00:01,0.3,7.1,6.8
1782747999.207,0.0,0.0,0.0,0.3,11:12,0.0,00:01,0.3,7.1,6.8
1782748004.215,0.0,0.0,0.0,0.3,11:12,0.0,00:01,0.3,7.1,6.8
1782748009.228,0.0,0.0,0.0,0.3,11:12,0.0,00:01,0.3,7.1,6.8
1782748014.238,0.0,0.0,0.0,0.3,11:12,0.0,00:01,0.3,7.1,6.8
1782748019.248,0.0,0.0,0.0,0.3,11:12,0.0,00:01,0.3,7.1,6.8
1782748024.253,0.0,0.0,0.0,0.3,11:12,0.0,00:01,0.3,7.1,6.8
1782748029.263,0.0,0.0,0.0,0.3,11:12,0.0,00:01,0.3,7.1,6.8
1782748034.28,0.0,0.0,0.0,0.3,11:12,0.0,00:01,0.3,7.1,6.8
1782748039.292,0.0,0.0,0.0,0.3,11:12,0.0,00:01,0.3,7.1,6.8
1782748044.299,0.0,0.0,0.0,0.3,11:12,0.0,00:01,0.3,7.1,6.8
1782748049.313,0.0,0.0,0.0,0.3,11:12,0.0,00:01,0.3,7.1,6.8
1782748054.326,0.0,0.0,0.0,0.3,11:12,0.0,00:01,0.3,7.1,6.8
1782748059.336,0.0,0.0,0.0,0.3,11:12,0.0,00:01,0.3,7.1,6.8
1782748064.345,0.0,0.0,0.0,0.3,11:12,0.0,00:01,0.3,7.1,6.8
1782748069.351,0.0,0.0,0.0,0.3,11:12,0.0,00:01,0.3,7.1,6.8
1782748074.36,0.0,0.0,0.0,0.3,11:12,0.0,00:01,0.3,7.1,6.8
1782748079.376,0.0,0.0,0.0,0.3,11:12,0.0,00:01,0.3,7.1,6.8
1782748084.388,0.0,0.0,0.0,0.3,11:12,0.0,00:01,0.3,7.1,6.8
1782748089.395,0.0,0.0,0.0,0.3,11:12,0.0,00:01,0.3,7.1,6.8
1782748094.402,0.0,0.0,0.0,0.3,11:12,0.0,00:01,0.3,7.1,6.8
1782748099.414,0.0,0.0,0.0,0.3,11:12,0.0,00:01,0.3,7.1,6.8
1782748104.431,0.0,0.0,0.0,0.3,11:12,0.0,00:01,0.3,7.1,6.8
1782748109.443,0.0,0.0,0.0,0.3,11:12,0.0,00:01,0.3,7.1,6.8
1782748114.455,0.0,0.0,0.0,0.3,11:12,0.0,00:01,0.3,7.1,6.8
1782748119.462,0.0,0.0,0.0,0.3,11:12,0.0,00:01,0.3,7.1,6.8
1782748124.474,0.0,0.0,0.0,0.3,11:12,0.0,00:01,0.3,7.1,6.8
1782748129.486,0.0,0.0,0.0,0.3,11:12,0.0,00:01,0.3,7.1,6.8
1782748134.501,0.0,0.0,0.0,0.3,11:12,0.0,00:01,0.3,7.1,6.8
1782748139.508,0.0,0.0,0.0,0.3,11:12,0.0,00:01,0.3,7.1,6.8
1782748144.518,0.0,0.0,0.0,0.3,11:12,0.0,00:01,0.3,7.1,6.8
1782748149.53,0.0,0.0,0.0,0.3,11:12,0.0,00:01,0.3,7.1,6.8
1782748154.539,0.0,0.0,0.0,0.3,11:12,0.0,00:01,0.3,7.1,6.8
1782748159.547,0.0,0.0,0.0,0.3,11:12,0.0,00:01,0.3,7.1,6.8
1782748164.554,0.0,0.0,0.0,0.3,11:12,0.0,00:01,0.3,7.1,6.8
1782748169.563,0.0,0.0,0.0,0.3,11:12,0.0,00:01,0.3,7.1,6.8
1782748174.575,0.0,0.0,0.0,0.3,11:12,0.0,00:01,0.3,7.1,6.8
1782748179.583,0.0,0.0,0.0,0.3,11:12,0.0,00:01,0.3,7.1,6.8
1782748184.592,0.0,0.0,0.0,0.3,11:12,0.0,00:01,0.3,7.1,6.8
1782748189.599,0.0,0.0,0.0,0.3,11:12,0.0,00:01,0.3,7.1,6.8
1782748194.612,0.0,0.0,0.0,0.3,11:12,0.0,00:01,0.3,7.1,6.8
1782748199.623,0.0,0.0,0.0,0.3,11:12,0.0,00:01,0.3,7.1,6.8
1782748204.637,0.0,0.0,0.0,0.3,11:12,0.0,00:01,0.3,7.1,6.8
1782748209.643,0.0,0.0,0.0,0.3,11:12,0.0,00:01,0.3,7.1,6.8
1782748214.655,0.0,0.0,0.0,0.3,11:12,0.0,00:01,0.3,7.1,6.8
1782748219.668,0.0,0.0,0.0,0.3,11:12,0.0,00:01,0.3,7.1,6.8
1782748224.681,0.0,0.0,0.0,0.3,11:12,0.0,00:01,0.3,7.1,6.8
1782748229.688,0.0,0.0,0.0,0.3,11:12,0.0,00:01,0.3,7.1,6.8
1782748234.698,0.0,0.0,0.0,0.3,11:12,0.0,00:01,0.3,7.1,6.8
1782748239.71,0.0,0.0,0.0,0.3,11:12,0.0,00:01,0.3,7.1,6.8
1782748244.719,0.0,0.0,0.0,0.3,11:12,0.0,00:01,0.3,7.1,6.8
1782748249.726,0.0,0.0,0.0,0.3,11:12,0.0,00:01,0.3,7.1,6.8
1782748254.731,0.0,0.0,0.0,0.3,11:12,0.0,00:01,0.3,7.1,6.8
1782748259.736,0.0,0.0,0.0,0.3,11:12,0.0,00:01,0.3,7.1,6.8
1782748264.747,0.0,0.0,0.0,0.3,11:12,0.0,00:01,0.3,7.1,6.8
1782748269.754,0.0,0.0,0.0,0.3,11:12,0.0,00:01,0.3,7.1,6.8
1782748274.764,0.0,0.0,0.0,0.3,11:12,0.0,00:01,0.3,7.1,6.8
1782748279.77,0.0,0.0,0.0,0.3,11:12,0.0,00:01,0.3,7.1,6.8
1782748284.778,0.0,0.0,0.0,0.3,11:12,0.0,00:01,0.3,7.1,6.8
1782748289.786,0.0,0.0,0.0,0.3,11:12,0.0,00:01,0.3,7.1,6.8
1782748294.795,0.0,0.0,0.0,0.3,11:12,0.0,00:01,0.3,7.1,6.8
1782748299.804,0.0,0.0,0.0,0.3,11:12,0.0,00:01,0.3,7.1,6.8
1782748304.81,0.0,0.0,0.0,0.3,11:12,0.0,00:01,0.3,7.1,6.8
1782748309.82,0.0,0.0,0.0,0.3,11:12,0.0,00:01,0.3,7.1,6.8
1782748314.831,0.0,0.0,0.0,0.3,11:12,0.0,00:01,0.3,7.1,6.8
1782748319.839,0.0,0.0,0.0,0.3,11:12,0.0,00:01,0.3,7.1,6.8
1782748324.849,0.0,0.0,0.0,0.3,11:12,0.0,00:01,0.3,7.1,6.8
1782748329.852,0.0,0.0,0.0,0.3,11:12,0.0,00:01,0.3,7.1,6.8
1782748334.863,0.0,0.0,0.0,0.3,11:12,0.0,00:01,0.3,7.1,6.8
1782748339.872,0.0,0.0,0.0,0.3,11:12,0.0,00:01,0.3,7.1,6.8
1782748344.878,0.0,0.0,0.0,0.3,11:12,0.0,00:01,0.3,7.1,6.8
1782748349.883,0.0,0.0,0.0,0.3,11:12,0.0,00:01,0.3,7.1,6.8
1782748354.894,0.0,0.0,0.0,0.3,11:12,0.0,00:01,0.3,7.1,6.8
1782748359.91,0.0,0.0,0.0,0.3,11:12,0.0,00:01,0.3,7.1,6.8
1782748364.918,0.0,0.0,0.0,0.3,11:12,0.0,00:01,0.3,7.1,6.8
1782748369.926,0.0,0.0,0.0,0.3,11:12,0.0,00:01,0.3,7.1,6.8
1782748374.936,0.0,0.0,0.0,0.3,11:12,0.0,00:01,0.3,7.1,6.8
1782748379.944,0.0,0.0,0.0,0.3,11:12,0.0,00:01,0.3,7.1,6.8
1782748384.955,0.0,0.0,0.0,0.3,11:12,0.0,00:01,0.3,7.1,6.8
1782748389.967,0.0,0.0,0.0,0.3,11:12,0.0,00:01,0.3,7.1,6.8
1782748394.979,0.0,0.0,0.0,0.3,11:12,0.0,00:01,0.3,7.1,6.8
1782748399.982,0.0,0.0,0.0,0.3,11:12,0.0,00:01,0.3,7.1,6.8
1782748404.998,0.0,0.0,0.0,0.3,11:12,0.0,00:01,0.3,7.1,6.8
1782748410.01,0.0,0.0,0.0,0.3,11:12,0.0,00:01,0.3,7.1,6.8
1782748415.022,0.0,0.0,0.0,0.3,11:12,0.0,00:01,0.3,7.1,6.8
1782748420.026,0.0,0.0,0.0,0.3,11:12,0.0,00:01,0.3,7.1,6.8
1782748425.036,0.0,0.0,0.0,0.3,11:12,0.0,00:01,0.3,7.1,6.8
1782748430.05,0.0,0.0,0.0,0.3,11:12,0.0,00:01,0.3,7.1,6.8
1782748435.065,0.0,0.0,0.0,0.3,11:12,0.0,00:01,0.3,7.1,6.8
1782748440.074,0.0,0.0,0.0,0.3,11:12,0.0,00:01,0.3,7.1,6.8
1782748445.081,0.0,0.0,0.0,0.3,11:12,0.0,00:01,0.3,7.1,6.8
1782748450.091,0.0,0.0,0.0,0.3,11:12,0.0,00:01,0.3,7.1,6.8
1782748455.104,0.0,0.0,0.0,0.3,11:12,0.0,00:01,0.3,7.1,6.8
1782748460.116,0.0,0.0,0.0,0.3,11:12,0.0,00:01,0.3,7.1,6.8
1782748465.128,0.0,0.0,0.0,0.3,11:12,0.0,00:01,0.3,7.1,6.8
1782748470.135,0.0,0.0,0.0,0.3,11:12,0.0,00:01,0.3,7.1,6.8
1782748475.148,0.0,0.0,0.0,0.3,11:12,0.0,00:01,0.3,7.1,6.8
1782748480.16,0.0,0.0,0.0,0.3,11:12,0.0,00:01,0.3,7.1,6.8
1782748485.168,0.0,0.0,0.0,0.3,11:12,0.0,00:01,0.3,7.1,6.8
1782748490.179,0.0,0.0,0.0,0.3,11:12,0.0,00:01,0.3,7.1,6.8
1782748495.184,0.0,0.0,0.0,0.3,11:12,0.0,00:01,0.3,7.1,6.8
1782748500.201,0.0,0.0,0.0,0.3,11:12,0.0,00:01,0.3,7.1,6.8
1782748505.215,0.0,0.0,0.0,0.3,11:12,0.0,00:01,0.3,7.1,6.8
1782748510.223,0.0,0.0,0.0,0.3,11:12,0.0,00:01,0.3,7.1,6.8
1782748515.228,0.0,0.0,0.0,0.3,11:12,0.0,00:01,0.3,7.1,6.8
1782748520.238,0.0,0.0,0.0,0.3,11:12,0.0,00:01,0.3,7.1,6.8
1782748525.251,0.0,0.0,0.0,0.3,11:12,0.0,00:01,0.3,7.1,6.8
1782748530.261,0.0,0.0,0.0,0.3,11:12,0.0,00:01,0.3,7.1,6.8
1782748535.274,0.0,0.0,0.0,0.3,11:12,0.0,00:01,0.3,7.1,6.8
1782748540.283,0.0,0.0,0.0,0.3,11:12,0.0,00:01,0.3,7.1,6.8
1782748545.297,0.0,0.0,0.0,0.3,11:12,0.0,00:01,0.3,7.1,6.8
1782748550.309,0.0,0.0,0.0,0.3,11:12,0.0,00:01,0.3,7.1,6.8
1782748555.32,0.0,0.0,0.0,0.3,11:12,0.0,00:01,0.3,7.1,6.8
1782748560.329,0.0,0.0,0.0,0.3,11:12,0.0,00:01,0.3,7.1,6.8
1782748565.336,0.0,0.0,0.0,0.3,11:12,0.0,00:01,0.3,7.1,6.8
1782748570.35,0.0,0.0,0.0,0.3,11:12,0.0,00:01,0.3,7.1,6.8
1782748575.36,0.0,0.0,0.0,0.3,11:12,0.0,00:01,0.3,7.1,6.8
1782748580.371,0.0,0.0,0.0,0.3,11:12,0.0,00:01,0.3,7.1,6.8
1782748585.379,0.0,0.0,0.0,0.3,11:12,0.0,00:01,0.3,7.1,6.8
1782748590.392,0.0,0.0,0.0,0.3,11:12,0.0,00:01,0.3,7.1,6.8
1782748595.4,0.0,0.0,0.0,0.3,11:12,0.0,00:01,0.3,7.1,6.8
1782748600.408,0.0,0.0,0.0,0.3,11:12,0.0,00:01,0.3,7.1,6.8
1782748605.421,0.0,0.0,0.0,0.3,11:12,0.0,00:01,0.3,7.1,6.8
1782748610.426,0.0,0.0,0.0,0.3,11:12,0.0,00:01,0.3,7.1,6.8
1782748615.439,0.0,0.0,0.0,0.3,11:12,0.0,00:01,0.3,7.1,6.8
1782748620.45,0.0,0.0,0.0,0.3,11:12,0.0,00:01,0.3,7.1,6.8
1782748625.461,0.0,0.0,0.0,0.3,11:12,0.0,00:01,0.3,7.1,6.8
1782748630.476,0.0,0.0,0.0,0.3,11:12,0.0,00:01,0.3,7.1,6.8
1782748635.483,0.0,0.0,0.0,0.3,11:12,0.0,00:01,0.3,7.1,6.8
1782748640.494,0.0,0.0,0.0,0.3,11:12,0.0,00:01,0.3,7.1,6.8
1782748645.508,0.0,0.0,0.0,0.3,11:12,0.0,00:01,0.3,7.1,6.8
1782748650.518,0.0,0.0,0.0,0.3,11:12,0.0,00:01,0.3,7.1,6.8
1782748655.531,0.0,0.0,0.0,0.3,11:12,0.0,00:01,0.3,7.1,6.8
1782748660.537,0.0,0.0,0.0,0.3,11:12,0.0,00:01,0.3,7.1,6.8
1782748665.547,0.0,0.0,0.0,0.3,11:12,0.0,00:01,0.3,7.1,6.8
1782748670.554,0.0,0.0,0.0,0.3,11:12,0.0,00:01,0.3,7.1,6.8
1782748675.566,0.0,0.0,0.0,0.3,11:12,0.0,00:01,0.3,7.1,6.8
1782748680.569,0.0,0.0,0.0,0.3,11:12,0.0,00:01,0.3,7.1,6.8
1782748685.583,0.0,0.0,0.0,0.3,11:12,0.0,00:01,0.3,7.1,6.8
1782748690.597,0.0,0.0,0.0,0.3,11:12,0.0,00:01,0.3,7.1,6.8
1782748695.608,0.0,0.0,0.0,0.3,11:12,0.0,00:01,0.3,7.1,6.8
1782748700.619,0.0,0.0,0.0,0.3,11:12,0.0,00:01,0.3,7.1,6.8
1782748705.623,0.0,0.0,0.0,0.3,11:12,0.0,00:01,0.3,7.1,6.8
1782748710.637,0.0,0.0,0.0,0.3,11:12,0.0,00:01,0.3,7.1,6.8
1782748715.646,0.0,0.0,0.0,0.3,11:12,0.0,00:01,0.3,7.1,6.8
1782748720.657,0.0,0.0,0.0,0.3,11:12,0.0,00:01,0.3,7.1,6.8
1782748725.668,0.0,0.0,0.0,0.3,11:12,0.0,00:01,0.3,7.1,6.8
1782748730.673,0.0,0.0,0.0,0.3,11:12,0.0,00:01,0.3,7.1,6.8
1782748735.686,0.0,0.0,0.0,0.3,11:12,0.0,00:01,0.3,7.1,6.8
1782748740.695,0.0,0.0,0.0,0.3,11:12,0.0,00:01,0.3,7.1,6.8
1782748745.706,0.0,0.0,0.0,0.3,11:12,0.0,00:01,0.3,7.1,6.8
1782748750.717,0.0,0.0,0.0,0.3,11:12,0.0,00:01,0.3,7.1,6.8
1782748755.723,0.0,0.0,0.0,0.3,11:12,0.0,00:01,0.3,7.1,6.8
1782748760.733,0.0,0.0,0.0,0.3,11:12,0.0,00:01,0.3,7.1,6.8
1782748765.746,0.0,0.0,0.0,0.3,11:12,0.0,00:01,0.3,7.1,6.8
1782748770.756,0.0,0.0,0.0,0.3,11:12,0.0,00:01,0.3,7.1,6.8
1782748775.764,0.0,0.0,0.0,0.3,11:12,0.0,00:01,0.3,7.1,6.8
1782748780.775,0.0,0.0,0.0,0.3,11:12,0.0,00:01,0.3,7.1,6.8
1782748785.787,0.0,0.0,0.0,0.3,11:12,0.0,00:01,0.3,7.1,6.8
1782748790.8,0.0,0.0,0.0,0.3,11:12,0.0,00:01,0.3,7.1,6.8
1782748795.812,0.0,0.0,0.0,0.3,11:12,0.0,00:01,0.3,7.1,6.8
