timestamp,humidity,temperature
1782712854.242,51.4,22.9
1782712859.248,51.3,22.9
1782712864.259,51.2,22.9
1782712869.272,51.2,22.9
1782712874.279,51.2,22.9
1782712879.292,51.1,22.9
1782712884.298,51.0,22.9
1782712889.308,51.0,22.9
1782712894.318,50.8,22.9
1782712899.327,50.5,22.9
1782712904.334,50.6,22.9
1782712909.336,50.6,22.9
1782712914.345,50.7,22.9
1782712919.354,50.5,22.9
1782712924.362,50.3,22.9
1782712929.37,50.3,22.9
1782712934.38,50.2,22.9
1782712939.386,50.2,22.9
1782712944.393,50.1,22.9
1782712949.402,50.0,22.9
1782712954.408,49.9,22.9
1782712959.414,50.0,22.9
1782712964.423,50.2,22.9
1782712969.43,50.4,22.9
1782712974.438,50.9,22.8
1782712979.447,51.2,22.9
1782712984.456,51.6,22.9
1782712989.463,52.0,22.9
1782712994.471,52.8,22.9
1782712999.48,53.6,22.9
1782713004.487,54.2,22.9
1782713009.492,54.5,22.9
1782713014.507,54.8,22.9
1782713019.52,55.6,22.9
1782713024.529,56.0,22.9
1782713029.542,56.4,22.9
1782713034.552,57.0,22.9
1782713039.557,57.6,22.9
1782713044.563,57.9,22.9
1782713049.572,58.2,22.9
1782713054.582,58.7,22.9
1782713059.587,58.9,22.9
1782713064.599,59.7,22.9
1782713069.608,60.3,22.9
1782713074.619,60.6,22.9
1782713079.627,60.6,22.9
1782713084.633,60.7,22.9
1782713089.643,60.9,22.9
1782713094.652,61.0,22.9
1782713099.659,61.1,22.9
1782713104.669,61.2,22.9
1782713109.676,61.4,22.9
1782713114.684,61.8,22.9
1782713119.696,62.2,22.9
1782713124.709,62.3,23.0
1782713129.719,62.3,23.0
1782713134.728,62.4,23.0
1782713139.736,62.7,23.0
1782713144.745,62.7,22.9
1782713149.756,62.6,23.0
1782713154.764,62.5,23.0
1782713159.771,62.3,22.9
1782713164.778,62.0,23.0
1782713169.787,61.7,23.0
1782713174.795,61.3,22.9
1782713179.803,61.0,23.0
1782713184.81,60.7,23.0
1782713189.819,60.4,23.0
1782713194.829,60.1,23.0
1782713199.838,59.9,23.0
1782713204.848,59.9,23.0
1782713209.854,59.9,23.0
1782713214.862,59.8,23.0
1782713219.871,59.3,23.0
1782713224.875,59.1,23.0
1782713229.88,58.9,23.0
1782713234.887,58.5,23.0
1782713239.896,58.4,23.0
1782713244.907,58.3,23.0
1782713249.915,58.1,23.0
1782713254.917,57.6,23.0
1782713259.926,57.3,23.0
1782713264.936,57.0,23.0
1782713269.945,56.8,23.0
1782713274.955,56.5,23.0
1782713279.963,56.3,23.0
1782713284.972,56.1,23.0
1782713289.985,56.0,23.0
1782713294.993,56.0,23.0
1782713300.004,55.8,23.0
1782713305.016,55.8,23.0
1782713310.027,55.7,23.0
1782713315.038,55.5,23.0
1782713320.048,55.4,23.0
1782713325.058,55.3,23.0
1782713330.072,55.2,23.0
1782713335.084,54.9,23.0
1782713340.093,54.8,23.0
1782713345.107,54.7,23.0
1782713350.119,54.5,23.0
1782713355.132,54.4,23.0
1782713360.136,54.1,23.0
1782713365.148,53.8,23.0
1782713370.161,53.6,23.0
1782713375.17,53.4,23.0
1782713380.178,53.3,23.0
1782713385.189,53.1,23.0
1782713390.2,52.9,23.0
1782713395.207,52.8,23.0
1782713400.217,52.6,23.0
1782713405.227,52.5,23.0
1782713410.234,52.5,23.0
1782713415.243,52.4,23.0
1782713420.252,52.2,23.0
1782713425.264,51.9,23.0
1782713430.28,51.9,23.0
1782713435.293,52.0,23.0
1782713440.302,52.2,23.0
1782713445.313,52.3,23.0
1782713450.319,52.2,23.0
1782713455.334,52.1,23.0
1782713460.342,51.9,23.0
1782713465.353,51.6,23.0
1782713470.365,51.3,23.0
1782713475.379,50.9,23.0
1782713480.387,50.8,23.0
1782713485.398,50.9,23.0
1782713490.408,50.7,23.0
1782713495.418,50.7,23.0
1782713500.433,50.8,23.0
1782713505.447,50.9,23.0
1782713510.459,51.0,23.0
1782713515.466,51.4,23.0
1782713520.478,51.7,23.0
1782713525.492,52.4,23.0
1782713530.503,52.9,23.0
1782713535.511,53.0,23.0
1782713540.522,53.1,23.0
1782713545.537,53.3,23.0
1782713550.55,53.7,23.0
1782713555.563,54.2,23.0
1782713560.576,54.8,23.0
1782713565.583,55.4,23.0
1782713570.597,55.7,23.0
1782713575.606,56.0,23.0
1782713580.616,56.4,23.0
1782713585.628,56.8,23.0
1782713590.64,56.9,23.0
1782713595.65,57.0,23.0
1782713600.663,57.1,23.0
1782713605.676,57.5,23.0
1782713610.686,58.3,23.1
1782713615.693,58.8,23.0
1782713620.703,59.1,23.0
1782713625.712,59.6,23.0
1782713630.722,60.0,23.1
1782713635.73,60.2,23.1
1782713640.737,60.4,23.1
1782713645.747,60.7,23.1
1782713650.754,60.7,23.1
1782713655.767,60.8,23.1
1782713660.78,61.0,23.1
1782713665.784,61.4,23.1
1782713670.797,61.8,23.1
1782713675.806,61.9,23.1
1782713680.818,62.0,23.1
1782713685.834,62.0,23.1
1782714241.944,62.3,23.2
1782714246.967,62.2,23.2
1782714251.989,62.0,23.2
1782714257.003,61.7,23.2
1782714262.016,61.4,23.2
1782714267.029,61.1,23.2
1782714272.041,60.8,23.2
1782714277.05,60.5,23.2
1782714282.06,60.4,23.2
1782714287.069,60.2,23.2
1782714292.077,60.0,23.2
1782714297.092,59.6,23.2
1782714302.099,59.3,23.2
1782714307.111,59.0,23.2
1782714312.123,58.7,23.2
1782714317.136,58.2,23.2
1782714322.145,57.9,23.2
1782714327.194,57.5,23.2
1782714332.216,57.2,23.2
1782714337.226,56.6,23.2
1782714342.236,56.3,23.2
1782714347.245,56.0,23.2
1782714352.258,56.0,23.2
1782714357.271,55.6,23.2
1782714362.282,55.5,23.2
1782714367.294,55.4,23.2
1782714372.303,55.5,23.2
1782714377.315,55.5,23.2
1782714382.323,55.4,23.2
1782714387.337,55.2,23.2
1782714392.349,55.0,23.2
1782714397.356,54.8,23.2
1782714402.366,54.7,23.2
1782714407.381,54.6,23.2
1782714412.395,54.2,23.2
1782714417.407,53.9,23.2
1782714422.417,53.8,23.2
1782714427.43,53.8,23.2
1782714432.444,53.6,23.2
1782714437.456,53.6,23.2
1782714442.469,53.6,23.2
1782714447.478,53.4,23.2
1782714452.49,53.2,23.2
1782714457.505,53.1,23.2
1782714462.514,53.0,23.2
1782714467.526,52.8,23.2
1782714472.54,52.6,23.2
1782714477.55,52.6,23.2
1782714482.562,52.4,23.2
1782714487.574,52.3,23.2
1782714492.585,52.2,23.2
1782714497.594,52.1,23.2
1782714502.602,52.0,23.2
1782714507.609,52.1,23.2
1782714512.617,52.1,23.2
1782714517.626,51.9,23.2
1782714522.099,51.9,23.2
1782714529.996,51.5,23.2
1782714535.008,51.4,23.2
1782714540.016,51.4,23.2
1782714545.029,51.5,23.2
1782714550.039,51.3,23.2
1782714555.05,51.3,23.2
1782714560.06,51.1,23.2
1782714565.07,50.9,23.2
1782714570.078,50.6,23.2
1782714575.085,50.5,23.2
1782714580.092,50.6,23.2
1782714585.1,50.7,23.2
1782714590.109,50.7,23.2
1782714595.118,50.7,23.2
1782714600.129,50.8,23.2
1782714605.139,51.1,23.2
1782714610.149,51.3,23.2
1782714615.16,51.7,23.2
1782714620.168,52.8,23.2
1782714625.182,53.3,23.2
1782714630.189,53.4,23.2
1782714635.203,53.7,23.2
1782714640.211,54.6,23.2
1782714645.219,55.0,23.2
1782714650.23,55.1,23.2
1782714655.24,55.5,23.2
1782714660.245,56.1,23.2
1782714665.255,56.2,23.2
1782714670.264,56.4,23.2
1782714675.274,56.7,23.2
1782714680.277,57.3,23.2
1782714685.29,57.6,23.2
1782714690.298,57.8,23.2
1782714695.308,58.1,23.2
1782714700.319,58.4,23.2
1782714705.325,58.8,23.2
1782714710.333,58.9,23.2
1782714715.344,59.1,23.2
1782714720.352,59.3,23.2
1782714725.359,59.5,23.2
1782714730.361,59.8,23.2
1782714735.376,60.0,23.2
1782714740.389,60.3,23.2
1782714745.403,60.5,23.3
1782714750.41,60.7,23.3
1782714755.424,60.7,23.3
1782714760.432,60.7,23.3
1782714765.443,60.9,23.3
1782714770.456,61.0,23.3
1782714775.469,60.9,23.3
1782714780.476,60.8,23.3
1782714785.49,60.8,23.3
1782714790.5,60.6,23.3
1782714795.507,60.5,23.3
1782714800.52,60.3,23.3
1782714805.532,60.2,23.3
1782714810.545,60.1,23.3
1782714815.559,59.8,23.3
1782714820.569,59.5,23.3
1782714825.58,59.2,23.3
1782714830.593,59.0,23.3
1782714835.598,58.8,23.3
1782714840.611,58.5,23.3
1782714845.62,58.3,23.3
1782714850.63,58.2,23.3
1782714855.643,58.0,23.3
1782714860.651,57.8,23.3
1782714865.659,57.6,23.3
1782714870.671,57.4,23.3
1782714875.68,57.0,23.3
1782714880.69,56.8,23.3
1782714885.697,56.7,23.3
1782714890.705,56.5,23.3
1782714895.716,56.1,23.3
1782714900.73,55.8,23.3
1782714905.743,55.6,23.3
1782714910.755,55.5,23.3
1782714915.765,55.4,23.3
1782714920.776,55.3,23.3
1782714925.784,55.1,23.3
1782714930.802,55.0,23.3
1782714935.809,54.9,23.3
1782714940.823,54.8,23.3
1782714945.833,54.6,23.3
1782714950.847,54.6,23.3
1782714955.861,54.6,23.3
1782714960.873,54.5,23.3
1782714965.882,54.4,23.3
1782714970.896,54.5,23.3
1782714975.909,54.5,23.3
1782714980.922,54.5,23.3
1782714985.928,54.4,23.3
1782714990.941,54.3,23.3
1782714995.953,54.2,23.3
1782715000.969,54.1,23.3
1782715005.979,54.2,23.3
1782715010.987,54.0,23.3
1782715016.002,53.8,23.3
1782715021.014,53.9,23.3
1782715026.026,53.8,23.3
1782715031.041,53.7,23.3
1782715036.053,53.7,23.3
1782715041.061,53.8,23.3
1782715046.074,53.7,23.3
1782715051.085,53.6,23.3
1782715056.094,53.6,23.3
1782715061.101,53.6,23.3
1782715066.111,53.5,23.3
1782715071.126,53.5,23.3
1782715076.139,53.6,23.3
1782715081.152,53.5,23.3
1782715086.162,53.6,23.3
1782715091.164,53.6,23.3
1782715096.178,53.7,23.3
1782715101.19,53.7,23.3
1782715106.2,53.8,23.3
1782715111.208,53.8,23.3
1782715116.217,53.9,23.3
1782715121.228,53.9,23.3
1782715126.24,54.1,23.3
1782715131.253,54.5,23.3
1782715136.262,54.7,23.3
1782715141.271,54.8,23.3
1782715146.279,54.9,23.3
1782715151.288,55.3,23.3
1782715156.302,55.7,23.3
1782715161.312,55.9,23.3
1782715166.327,57.1,23.3
1782715171.34,58.0,23.3
1782715176.354,58.4,23.3
1782715181.365,58.8,23.3
1782715186.376,59.3,23.3
1782715191.383,59.5,23.3
1782715196.396,59.6,23.3
1782715201.408,60.7,23.3
1782715206.42,61.1,23.3
1782715211.432,61.4,23.3
1782715216.446,61.9,23.4
1782715221.455,62.3,23.3
1782715226.472,62.4,23.4
1782715231.479,62.5,23.4
1782715236.485,62.6,23.4
1782715241.491,62.6,23.4
1782715246.503,62.7,23.4
1782715251.511,63.8,23.4
1782715256.526,64.4,23.4
1782715261.538,64.4,23.4
1782715266.551,64.4,23.4
1782715271.562,64.4,23.4
1782715276.574,64.3,23.4
1782715281.585,64.6,23.4
1782715286.601,65.2,23.4
1782715291.607,65.7,23.4
1782715296.619,65.7,23.4
1782715301.63,66.0,23.4
1782715306.642,66.3,23.4
1782715311.654,66.4,23.4
1782715316.668,66.2,23.4
1782715321.677,66.2,23.5
1782715326.692,66.1,23.4
1782715331.704,66.1,23.4
1782715336.716,66.0,23.4
1782715341.726,65.9,23.4
1782715346.733,65.8,23.5
1782715351.744,65.6,23.5
1782715356.76,65.5,23.5
1782715361.77,65.4,23.5
1782715366.78,65.2,23.5
1782715371.794,65.0,23.4
1782715376.809,64.8,23.4
1782715381.82,64.6,23.4
1782715386.834,64.4,23.4
1782715391.846,64.1,23.5
1782715396.853,63.8,23.5
1782715401.864,63.6,23.5
1782715406.872,63.3,23.5
1782715411.88,63.0,23.5
1782715416.889,62.7,23.5
1782715421.896,62.5,23.5
1782715426.908,62.2,23.4
1782715431.916,62.0,23.5
1782715436.924,61.8,23.5
1782715441.932,61.6,23.4
1782715446.938,61.5,23.5
1782715451.944,61.4,23.5
1782715456.954,61.2,23.5
1782715461.961,61.0,23.4
1782715466.973,60.8,23.5
1782715471.988,60.6,23.4
1782715476.998,60.4,23.5
1782715482.009,60.4,23.5
1782715487.022,60.4,23.5
1782715492.034,60.2,23.5
1782715497.043,60.1,23.5
1782715502.052,60.0,23.5
1782715507.064,59.8,23.5
1782715512.076,59.5,23.5
1782715517.085,59.4,23.5
1782715522.098,59.4,23.5
1782715527.11,59.2,23.5
1782715532.121,59.1,23.5
1782715537.129,59.1,23.5
1782715542.141,58.9,23.5
1782715547.147,58.6,23.5
1782715552.156,58.5,23.5
1782715557.164,58.5,23.5
1782715562.177,58.3,23.5
1782715567.19,58.2,23.5
1782715572.205,58.1,23.5
1782715577.214,57.9,23.5
1782715582.226,57.7,23.5
1782715587.238,57.7,23.5
1782715592.251,57.7,23.5
1782715597.254,57.5,23.5
1782715602.267,57.4,23.5
1782715607.278,57.4,23.5
1782715612.288,57.2,23.5
1782715617.298,57.1,23.5
1782715622.307,57.0,23.5
1782715627.316,56.8,23.5
1782715632.325,56.7,23.5
1782715637.332,56.6,23.5
1782715642.341,56.5,23.5
1782715647.344,56.2,23.5
1782715652.352,56.1,23.5
1782715657.358,56.1,23.5
1782715662.366,55.8,23.5
1782715667.394,55.6,23.5
1782715672.445,55.6,23.5
1782715677.455,55.5,23.5
1782715682.468,55.4,23.5
1782715687.478,55.3,23.5
1782715692.49,55.1,23.5
1782715697.496,54.8,23.5
1782715702.508,54.7,23.5
1782715707.523,54.7,23.5
1782715712.533,54.6,23.5
1782715717.541,54.6,23.5
1782715722.556,54.6,23.5
1782715727.566,54.7,23.5
1782715732.579,55.0,23.5
1782715737.589,55.2,23.5
1782715742.602,55.2,23.5
1782715747.608,55.5,23.5
1782715752.623,56.0,23.5
1782715757.634,56.4,23.5
1782715762.64,57.0,23.5
1782715767.657,57.7,23.5
1782715772.667,57.9,23.5
1782715777.678,57.9,23.5
1782715782.692,58.4,23.5
1782715787.704,58.9,23.5
1782715792.716,59.1,23.5
1782715797.729,59.3,23.5
1782715802.738,59.5,23.5
1782715807.748,60.3,23.5
1782715812.76,61.0,23.5
1782715817.773,61.2,23.5
1782715822.784,61.4,23.5
1782715827.799,61.6,23.5
1782715832.807,61.9,23.5
1782715837.816,62.2,23.6
1782715842.824,62.5,23.5
1782715847.832,62.9,23.5
1782715852.838,63.2,23.5
1782715857.846,63.3,23.6
1782715862.856,63.5,23.6
1782715867.867,63.9,23.6
1782715872.877,64.0,23.5
1782715877.884,64.0,23.6
1782715882.894,63.9,23.6
1782715887.903,63.9,23.5
1782715892.913,63.9,23.6
1782715897.924,64.0,23.6
1782715902.928,64.3,23.6
1782715907.94,64.5,23.6
1782715912.954,64.5,23.6
1782715917.968,64.5,23.6
1782715922.981,64.3,23.6
1782715927.994,64.2,23.6
1782715933.004,64.0,23.6
1782715938.013,63.8,23.6
1782715943.024,63.6,23.6
1782715948.038,63.5,23.6
1782715953.045,63.3,23.6
1782715958.054,63.1,23.6
1782715963.064,62.9,23.6
1782715968.083,62.6,23.6
1782715973.093,62.3,23.6
1782715978.102,62.1,23.6
1782715983.113,61.9,23.6
1782715988.125,61.7,23.6
1782715993.135,61.5,23.6
1782715998.142,61.1,23.6
1782716003.15,60.8,23.6
1782716008.155,60.4,23.6
1782716013.172,60.1,23.6
1782716018.182,59.8,23.6
1782716023.191,58.9,23.6
1782716028.199,58.8,23.6
1782716033.206,58.7,23.6
1782716038.218,58.4,23.6
1782716043.229,58.2,23.6
1782716048.236,58.2,23.6
1782716053.241,58.0,23.6
1782716058.25,57.6,23.6
1782716063.267,57.5,23.6
1782716068.275,57.4,23.6
1782716073.282,57.0,23.6
1782716078.292,56.8,23.6
1782716083.304,56.9,23.6
1782716088.319,56.7,23.6
1782716093.327,56.6,23.6
1782716098.332,56.4,23.6
1782716103.338,56.2,23.6
1782716108.347,55.7,23.6
1782716113.353,55.7,23.6
1782716118.358,55.7,23.6
1782716123.371,55.4,23.6
1782716128.379,55.2,23.6
1782716133.391,55.2,23.6
1782716138.405,55.2,23.6
1782716143.417,55.2,23.6
1782716148.423,55.1,23.6
1782716153.435,55.2,23.6
1782716158.446,55.0,23.6
1782716163.456,54.7,23.6
1782716168.469,54.4,23.6
1782716173.479,54.2,23.6
1782716178.493,54.1,23.6
1782716183.506,54.3,23.6
1782716188.518,54.1,23.6
1782716193.53,53.9,23.6
1782716198.542,53.9,23.5
1782716203.545,53.9,23.6
1782716208.556,53.6,23.5
1782716213.567,53.6,23.5
1782716218.573,53.7,23.5
1782716223.579,53.7,23.5
1782716228.59,53.5,23.5
1782716233.599,53.2,23.5
1782716238.605,53.1,23.5
1782716243.615,52.9,23.5
1782716248.621,52.9,23.5
1782716253.628,53.0,23.5
1782716258.644,53.1,23.5
1782716263.656,53.1,23.5
1782716268.67,53.2,23.5
1782716273.683,53.5,23.5
1782716278.695,53.7,23.5
1782716283.705,53.9,23.5
1782716288.717,54.2,23.5
1782716293.726,54.6,23.5
1782716298.74,55.0,23.5
1782716303.742,55.3,23.5
1782716308.756,56.0,23.5
1782716313.767,56.8,23.5
1782716318.779,57.2,23.6
1782716323.793,57.3,23.5
1782716328.801,57.4,23.6
1782716333.814,57.9,23.5
1782716338.826,58.7,23.5
1782716343.838,58.9,23.5
1782716348.848,59.6,23.6
1782716353.854,59.9,23.6
1782716358.862,60.0,23.5
1782716363.872,60.2,23.5
1782716368.882,60.7,23.6
1782716373.893,61.1,23.5
1782716378.906,61.5,23.6
1782716383.913,61.5,23.6
1782716388.923,61.7,23.6
1782716393.938,61.9,23.6
1782716398.95,62.2,23.6
1782716403.954,62.6,23.6
1782716408.969,62.8,23.6
1782716413.981,63.3,23.6
1782716418.993,63.7,23.6
1782716424.006,63.8,23.6
1782716429.013,63.9,23.6
1782716434.025,63.9,23.6
1782716439.039,63.8,23.6
1782716444.051,63.8,23.6
1782716449.058,63.8,23.6
1782716454.066,63.6,23.6
1782716459.077,63.4,23.6
1782716464.087,63.2,23.6
1782716469.096,63.0,23.6
1782716474.108,62.9,23.6
1782716479.121,62.7,23.6
1782716484.134,62.5,23.6
1782716489.145,62.2,23.6
1782716494.159,61.9,23.6
1782716499.171,61.8,23.6
1782716504.173,61.6,23.6
1782716509.19,61.4,23.6
1782716514.2,61.3,23.6
1782716519.212,60.9,23.6
1782716524.226,60.6,23.6
1782716529.237,60.4,23.6
1782716534.25,60.1,23.6
1782716539.262,59.8,23.6
1782716544.274,59.5,23.6
1782716549.286,59.1,23.6
1782716554.299,58.9,23.6
1782716559.307,58.7,23.6
1782716564.314,58.4,23.6
1782716569.324,58.0,23.6
1782716574.334,57.6,23.6
1782716579.347,57.3,23.6
1782716584.36,56.9,23.6
1782716589.37,56.6,23.6
1782716594.38,56.6,23.6
1782716599.391,56.4,23.6
1782716604.406,55.9,23.6
1782716609.408,55.7,23.6
1782716614.42,55.6,23.6
1782716619.431,55.5,23.6
1782716624.442,55.4,23.6
1782716629.45,55.3,23.6
1782716634.461,55.0,23.6
1782716639.473,54.9,23.6
1782716644.486,54.9,23.6
1782716649.494,54.8,23.6
1782716654.505,54.5,23.6
1782716659.508,54.3,23.6
1782716664.52,54.2,23.6
1782716669.53,54.1,23.6
1782716674.544,54.1,23.6
1782716679.555,54.2,23.6
1782716684.563,54.0,23.6
1782716689.572,53.7,23.6
1782716694.587,53.7,23.6
1782716699.6,53.8,23.6
1782716704.61,53.6,23.6
1782716709.617,53.4,23.6
1782716714.629,53.3,23.6
1782716719.639,53.2,23.6
1782716724.652,53.1,23.6
1782716729.662,53.0,23.6
1782716734.67,53.1,23.6
1782716739.681,53.0,23.6
1782716744.691,53.1,23.6
1782716749.706,52.9,23.6
1782716754.718,52.7,23.6
1782716759.725,52.6,23.6
1782716764.739,52.8,23.6
1782716769.752,52.7,23.6
1782716774.759,52.5,23.6
1782716779.771,52.3,23.6
1782716784.781,52.3,23.6
1782716789.791,52.2,23.6
1782716794.805,52.0,23.6
1782716799.818,51.9,23.6
1782716804.828,52.0,23.6
1782716809.836,52.0,23.6
1782716814.844,52.1,23.6
1782716819.854,52.3,23.6
1782716824.864,52.9,23.6
1782716829.876,53.5,23.6
1782716834.886,53.7,23.6
1782716839.896,53.9,23.6
1782716844.905,54.3,23.6
1782716849.916,55.0,23.6
1782716854.924,55.4,23.6
1782716859.928,55.9,23.6
1782716864.938,56.3,23.6
1782716869.944,56.5,23.6
1782716874.952,56.9,23.6
1782716879.962,57.3,23.6
1782716884.968,57.4,23.6
1782716889.977,57.8,23.6
1782716894.986,58.0,23.6
1782716899.995,58.1,23.6
1782716905.005,58.3,23.6
1782716910.011,59.2,23.6
1782716915.018,59.6,23.6
1782716920.028,59.6,23.6
1782716925.037,60.0,23.6
1782716930.047,60.4,23.6
1782716935.059,60.6,23.6
1782716940.067,60.5,23.6
1782716945.074,60.8,23.6
1782716950.089,61.0,23.7
1782716955.099,61.1,23.6
1782716960.105,61.3,23.7
1782716965.113,61.5,23.7
1782716970.125,61.7,23.7
1782716975.137,61.8,23.7
1782716980.146,61.9,23.7
1782716985.155,62.0,23.7
1782716990.168,62.0,23.7
1782716995.18,61.8,23.7
1782717000.188,61.6,23.7
1782717005.202,61.5,23.6
1782717010.204,61.4,23.7
1782717015.219,61.3,23.6
1782717020.232,61.0,23.7
1782717025.243,60.8,23.7
1782717030.254,60.6,23.7
1782717035.265,60.3,23.7
1782717040.274,60.0,23.7
1782717045.282,59.7,23.7
1782717050.297,59.4,23.7
1782717055.309,59.2,23.7
1782717060.316,58.9,23.7
1782717065.326,58.5,23.7
1782717070.341,58.2,23.7
1782717075.358,58.0,23.7
1782717080.368,57.7,23.7
1782717085.378,57.4,23.7
1782717090.39,57.3,23.6
1782717095.402,56.9,23.6
1782717100.413,56.4,23.7
1782717105.425,56.3,23.7
1782717110.428,56.4,23.7
1782717115.441,56.0,23.6
1782717120.456,55.4,23.6
1782717125.468,55.3,23.6
1782717130.48,55.2,23.7
1782717135.493,55.1,23.7
1782717140.534,55.0,23.7
1782717145.549,54.9,23.7
1782717150.562,54.6,23.7
1782717155.573,54.4,23.7
1782717160.579,54.2,23.7
1782717165.591,53.9,23.6
1782717170.605,53.6,23.7
1782717175.614,53.6,23.6
1782717180.626,53.6,23.7
1782717185.636,53.4,23.6
1782717190.651,53.2,23.6
1782717195.666,53.1,23.6
1782717200.678,52.8,23.6
1782717205.691,52.8,23.6
1782717210.697,52.8,23.7
1782717215.709,52.7,23.6
1782717220.724,52.5,23.6
1782717225.73,52.5,23.6
1782717230.739,52.6,23.6
1782717235.754,52.5,23.6
1782717240.768,52.2,23.6
1782717245.776,52.1,23.6
1782717250.789,52.0,23.6
1782717255.8,52.0,23.7
1782717260.807,52.0,23.6
1782717265.818,51.9,23.6
1782717270.823,51.8,23.6
1782717275.837,51.9,23.6
1782717280.846,52.0,23.6
1782717285.855,51.9,23.6
1782717290.869,51.8,23.6
1782717295.883,51.9,23.6
1782717300.893,51.7,23.6
1782717305.903,51.6,23.6
1782717310.914,51.6,23.6
1782717315.922,51.5,23.6
1782717320.935,51.3,23.6
1782717325.948,51.3,23.6
1782717330.958,51.4,23.6
1782717335.972,51.4,23.6
1782717340.986,51.4,23.6
1782717345.998,51.5,23.6
1782717351.011,51.7,23.6
1782717356.023,52.1,23.6
1782717361.037,52.2,23.6
1782717366.044,52.5,23.6
1782717371.054,53.3,23.6
1782717376.065,53.8,23.6
1782717381.074,54.0,23.6
1782717386.089,54.5,23.6
1782717391.104,55.0,23.6
1782717396.117,55.4,23.6
1782717401.124,56.1,23.6
1782717406.136,56.7,23.6
1782717411.146,56.8,23.6
1782717416.152,57.0,23.6
1782717421.162,57.2,23.6
1782717426.168,58.0,23.6
1782717431.178,58.8,23.6
1782717436.186,59.2,23.6
1782717441.197,59.3,23.6
1782717446.207,59.5,23.6
1782717451.218,59.5,23.6
1782717456.229,59.8,23.6
1782717461.238,60.3,23.6
1782717466.244,60.5,23.6
1782717471.249,60.9,23.6
1782717476.26,61.3,23.6
1782717481.266,61.3,23.6
1782717486.273,61.6,23.6
1782717491.283,61.8,23.6
1782717496.291,62.1,23.6
1782717501.3,62.1,23.6
1782717506.314,62.0,23.6
1782717511.325,62.1,23.7
1782717516.328,62.1,23.6
1782717521.34,62.2,23.6
1782717526.35,62.2,23.6
1782717531.362,62.1,23.6
1782717536.375,62.0,23.7
1782717541.387,61.9,23.7
1782717546.401,61.8,23.7
1782717551.411,61.6,23.7
1782717556.422,61.4,23.6
1782717561.435,61.2,23.7
1782717566.448,61.1,23.7
1782717571.456,60.9,23.7
1782717576.464,60.5,23.7
1782717581.476,60.3,23.6
1782717586.483,60.1,23.7
1782717591.498,59.8,23.6
1782717596.507,59.5,23.7
1782717601.515,59.3,23.7
1782717606.524,59.2,23.7
1782717611.534,58.8,23.7
1782717616.543,58.5,23.7
1782717621.55,58.3,23.7
1782717626.56,58.1,23.7
1782717631.575,57.9,23.7
1782717636.581,57.5,23.7
1782717641.591,57.0,23.7
1782717646.6,56.5,23.7
1782717651.607,56.3,23.7
1782717656.617,56.2,23.7
1782717661.626,55.9,23.7
1782717666.637,55.7,23.7
1782717671.644,55.7,23.7
1782717676.652,55.5,23.7
1782717681.662,55.0,23.7
1782717686.672,54.8,23.7
1782717691.68,54.8,23.7
1782717696.691,54.6,23.7
1782717701.699,54.4,23.7
1782717706.709,54.3,23.7
1782717711.722,54.0,23.7
1782717716.729,53.9,23.7
1782717721.733,53.7,23.7
1782717726.737,53.6,23.7
1782717731.745,53.5,23.7
1782717736.755,53.4,23.7
1782717741.766,53.4,23.7
1782717746.78,53.3,23.7
1782717751.791,53.2,23.7
1782717756.801,53.1,23.7
1782717761.816,52.9,23.7
1782717766.828,52.8,23.7
1782717771.837,52.7,23.7
1782717776.844,52.7,23.7
1782717781.854,52.4,23.7
1782717786.869,52.3,23.7
1782717791.879,52.4,23.7
1782717796.887,52.3,23.7
1782717801.901,52.0,23.7
1782717806.912,52.0,23.7
1782717811.924,52.1,23.7
1782717816.933,51.9,23.7
1782717821.94,51.8,23.7
1782717826.952,51.8,23.7
1782717831.968,51.7,23.7
1782717836.979,51.5,23.7
1782717841.988,51.5,23.7
1782717847.0,51.6,23.7
1782717852.013,51.6,23.7
1782717857.022,51.3,23.6
1782717862.032,51.1,23.7
1782717867.045,51.0,23.7
1782717872.05,50.9,23.6
1782717877.065,51.0,23.6
1782717882.077,51.0,23.6
1782717887.088,50.9,23.6
1782717892.094,51.0,23.6
1782717897.106,51.4,23.6
1782717902.12,51.9,23.7
1782717907.13,52.1,23.7
1782717912.139,52.3,23.6
1782717917.151,52.8,23.6
1782717922.158,53.4,23.7
1782717927.168,53.6,23.7
1782717932.178,53.7,23.7
1782717937.188,54.3,23.6
1782717942.196,54.7,23.7
1782717947.206,55.0,23.7
1782717952.215,55.6,23.6
1782717957.223,56.1,23.6
1782717962.235,56.6,23.7
1782717967.248,57.1,23.7
1782717972.256,57.6,23.7
1782717977.262,57.8,23.7
1782717982.274,57.9,23.7
1782717987.289,58.3,23.7
1782717992.299,58.6,23.7
1782717997.309,59.0,23.7
1782718002.323,59.3,23.7
1782718007.336,59.5,23.7
1782718012.347,59.6,23.7
1782718017.356,59.8,23.7
1782718022.364,60.0,23.7
1782718027.368,60.2,23.7
1782718032.377,60.4,23.7
1782718037.388,60.6,23.7
1782718042.394,60.8,23.7
1782718047.408,60.8,23.7
1782718052.417,60.9,23.7
1782718057.426,61.1,23.7
1782718062.432,61.2,23.7
1782718067.44,61.2,23.7
1782718072.447,61.1,23.7
1782718077.452,61.0,23.7
1782718082.464,60.9,23.7
1782718087.479,60.7,23.7
1782718092.491,60.5,23.7
1782718097.503,60.3,23.7
1782718102.515,60.1,23.7
1782718107.528,59.8,23.7
1782718112.54,59.6,23.7
1782718117.553,59.5,23.7
1782718122.563,59.3,23.7
1782718127.57,59.0,23.7
1782718132.582,58.8,23.7
1782718137.599,58.6,23.7
1782718142.609,58.2,23.7
1782718147.617,57.9,23.7
1782718152.627,57.6,23.7
1782718157.636,57.3,23.7
1782718162.648,56.8,23.7
1782718167.659,56.8,23.7
1782718172.668,56.6,23.7
1782718177.672,56.2,23.7
1782718182.681,55.9,23.7
1782718187.694,55.8,23.7
1782718192.701,55.5,23.7
1782718197.713,55.1,23.7
1782718202.724,54.9,23.7
1782718207.733,54.6,23.7
1782718212.743,54.3,23.7
1782718217.753,54.2,23.7
1782718222.764,54.1,23.7
1782718227.768,53.8,23.7
1782718232.78,53.7,23.7
1782718237.79,53.7,23.7
1782718242.804,53.4,23.7
1782718247.816,53.4,23.7
1782718252.822,53.3,23.7
1782718257.838,53.2,23.7
1782718262.85,53.2,23.7
1782718267.86,53.1,23.7
1782718272.874,53.0,23.7
1782718277.877,53.0,23.7
1782718282.892,52.8,23.7
1782718287.904,52.6,23.6
1782718292.915,52.6,23.7
1782718297.925,52.5,23.7
1782718302.937,52.3,23.7
1782718307.948,52.1,23.6
1782718312.958,52.0,23.6
1782718317.969,52.1,23.7
1782718322.98,52.1,23.7
1782718327.994,52.0,23.7
1782718333.003,52.0,23.6
1782718338.015,52.0,23.6
1782718343.023,51.9,23.6
1782718348.035,51.8,23.6
1782718353.047,51.7,23.6
1782718358.057,51.8,23.6
1782718363.065,51.6,23.6
1782718368.07,51.5,23.6
1782718373.081,51.5,23.6
1782718378.09,51.3,23.6
1782718383.099,51.2,23.6
1782718388.112,51.2,23.6
1782718393.124,51.1,23.6
1782718398.136,51.1,23.6
1782718403.15,50.9,23.6
1782718408.161,50.7,23.6
1782718413.171,50.7,23.6
1782718418.185,50.6,23.6
1782718423.198,50.6,23.6
1782718428.206,50.7,23.6
1782718433.217,50.9,23.6
1782718438.228,51.1,23.6
1782718443.241,51.3,23.6
1782718448.251,52.0,23.6
1782718453.261,52.4,23.6
1782718458.273,52.7,23.6
1782718463.285,53.2,23.6
1782718468.297,53.8,23.6
1782718473.31,54.1,23.6
1782718478.319,54.2,23.6
1782718483.325,54.5,23.6
1782718488.334,55.0,23.6
1782718493.346,55.6,23.6
1782718498.354,56.3,23.6
1782718503.36,56.8,23.6
1782718508.364,56.9,23.6
1782718513.377,57.0,23.6
1782718518.387,57.4,23.6
1782718523.4,57.7,23.6
1782718528.41,57.8,23.6
1782718533.417,58.3,23.6
1782718538.431,58.7,23.6
1782718543.444,59.1,23.7
1782718548.452,59.4,23.6
1782718553.464,59.5,23.7
1782718558.476,59.5,23.6
1782718563.484,59.5,23.6
1782718568.493,59.7,23.7
1782718573.503,60.0,23.7
1782718578.509,60.1,23.7
1782718583.516,60.3,23.7
1782718588.524,60.6,23.7
1782718593.528,60.8,23.7
1782718598.54,60.8,23.7
1782718603.548,60.8,23.7
1782718608.562,60.9,23.7
1782718613.573,60.8,23.7
1782718618.585,60.6,23.7
1782718623.596,60.4,23.7
1782718628.606,60.4,23.7
1782718633.615,60.2,23.7
1782718638.627,59.9,23.7
1782718643.639,59.7,23.7
1782718648.648,59.5,23.7
1782718653.659,59.3,23.7
1782718658.672,58.9,23.7
1782718663.677,58.7,23.7
1782718668.689,58.4,23.6
1782718673.698,58.1,23.7
1782718678.709,57.9,23.6
1782718683.723,57.7,23.7
1782718688.728,57.5,23.7
1782718693.739,57.1,23.7
1782718698.75,56.7,23.7
1782718703.76,56.4,23.6
1782718708.772,56.1,23.6
1782718713.781,55.8,23.6
1782718718.79,55.4,23.6
1782718723.797,55.2,23.7
1782718728.809,55.0,23.6
1782718733.823,54.9,23.6
1782718738.83,54.6,23.6
1782718743.841,54.6,23.6
1782718748.852,54.4,23.6
1782718753.866,54.2,23.7
1782718758.879,53.8,23.6
1782718763.884,53.6,23.6
1782718768.898,53.4,23.6
1782718773.911,53.1,23.6
1782718778.923,53.0,23.6
1782718783.934,53.1,23.6
1782718788.937,52.8,23.6
1782718793.945,52.6,23.6
1782718798.959,52.6,23.6
1782718803.97,52.6,23.6
1782718808.979,52.5,23.6
1782718813.99,52.3,23.6
1782718819.0,52.4,23.6
1782718824.011,52.2,23.6
1782718829.019,52.0,23.6
1782718834.029,51.9,23.6
1782718839.032,51.7,23.6
1782718844.045,51.6,23.6
1782718849.055,51.6,23.6
1782718854.067,51.7,23.6
1782718859.079,51.4,23.6
1782718864.088,51.4,23.6
1782718869.099,51.4,23.6
1782718874.111,51.3,23.6
1782718879.125,51.2,23.6
1782718884.137,51.1,23.6
1782718889.142,51.0,23.6
1782718894.154,50.9,23.6
1782718899.166,50.8,23.6
1782718904.173,50.8,23.6
1782718909.185,50.7,23.6
1782718914.2,50.5,23.6
1782718919.208,50.3,23.6
1782718924.217,50.2,23.6
1782718929.227,50.0,23.6
1782718934.236,50.0,23.6
1782718939.24,50.0,23.6
1782718944.247,49.8,23.6
1782718949.256,49.7,23.6
1782718954.266,49.9,23.6
1782718959.275,49.9,23.6
1782718964.286,49.9,23.5
1782718969.292,50.1,23.5
1782718974.299,50.4,23.5
1782718979.307,51.0,23.6
1782718984.321,51.1,23.5
1782718989.328,51.4,23.6
1782718994.34,52.0,23.6
1782718999.353,52.6,23.5
1782719004.363,52.8,23.6
1782719009.374,53.0,23.6
1782719014.385,53.3,23.6
1782719019.392,53.9,23.6
1782719024.4,54.4,23.6
1782719029.411,54.9,23.6
1782719034.421,55.6,23.6
1782719039.428,56.2,23.6
1782719044.432,56.6,23.6
1782719049.44,56.8,23.6
1782719054.452,57.0,23.6
1782719059.457,57.3,23.6
1782719064.471,57.8,23.6
1782719069.499,58.0,23.6
1782719074.51,58.1,23.6
1782719079.519,58.2,23.6
1782719084.526,58.4,23.6
1782719089.536,58.6,23.6
1782719094.545,58.8,23.6
1782719099.554,59.2,23.6
1782719104.559,59.6,23.6
1782719109.569,59.8,23.6
1782719114.578,59.9,23.6
1782719119.589,59.8,23.6
1782719124.604,59.8,23.6
1782719129.606,59.9,23.6
1782719134.616,60.1,23.6
1782719139.624,60.1,23.6
1782719144.634,60.1,23.6
1782719149.646,60.1,23.6
1782719154.677,60.0,23.6
1782719159.704,59.8,23.6
1782719164.714,59.6,23.6
1782719169.729,59.4,23.6
1782719174.739,59.2,23.6
1782719179.744,59.1,23.6
1782719184.754,58.9,23.6
1782719189.767,58.6,23.6
1782719194.781,58.4,23.6
1782719199.785,58.1,23.6
1782719204.793,57.9,23.6
1782719206.489,57.9,23.6
1782719214.569,57.5,23.6
1782719219.584,57.0,23.6
1782719224.594,56.7,23.6
1782719229.603,56.4,23.6
1782719234.611,55.9,23.6
1782719239.624,55.8,23.6
1782719244.639,55.7,23.6
1782719249.651,55.3,23.6
1782719254.657,54.8,23.6
1782719259.668,54.6,23.6
1782719264.676,54.6,23.6
1782719269.715,54.2,23.6
1782719274.728,54.0,23.6
1782719279.738,54.0,23.6
1782719284.747,53.7,23.6
1782719289.758,53.4,23.6
1782719294.767,53.2,23.6
1782719299.776,53.1,23.6
1782719304.785,52.8,23.6
1782719309.796,52.8,23.6
1782719314.799,52.8,23.6
1782719319.81,52.3,23.6
1782719320.57,52.2,23.6
1782719328.607,52.0,23.6
1782719333.621,52.1,23.6
1782719338.633,51.9,23.6
1782719343.666,51.7,23.6
1782719348.724,51.7,23.6
1782719353.815,51.4,23.6
1782719358.844,51.2,23.5
1782719363.855,51.2,23.6
1782719368.866,50.9,23.5
1782719373.88,50.8,23.6
1782719378.889,51.0,23.6
1782719383.897,51.0,23.5
1782719388.906,50.8,23.5
1782719393.915,50.8,23.5
1782719398.924,50.8,23.5
1782719403.937,50.6,23.5
1782719408.947,50.5,23.5
1782719413.956,50.5,23.5
1782719418.966,50.5,23.6
1782719423.978,50.4,23.5
1782719428.984,50.1,23.5
1782719433.992,50.1,23.5
1782719439.005,50.0,23.5
1782719444.02,49.9,23.5
1782719449.032,49.9,23.5
1782719454.042,49.9,23.5
1782719459.052,49.8,23.5
1782719464.06,49.7,23.5
1782719469.069,49.7,23.5
1782719474.087,49.5,23.5
1782719479.094,49.5,23.5
1782719484.106,49.6,23.5
1782719489.116,49.5,23.5
1782719494.126,49.4,23.5
1782719499.142,49.5,23.5
1782719504.154,49.7,23.5
1782719509.163,50.1,23.5
1782719514.178,50.3,23.5
1782719519.19,50.4,23.5
1782719524.203,50.7,23.5
1782719529.21,51.5,23.5
1782719534.22,52.0,23.5
1782719539.23,52.2,23.5
1782719544.242,52.8,23.5
1782719549.249,53.0,23.5
1782719554.257,53.1,23.5
1782719559.269,53.7,23.5
1782719564.28,54.3,23.5
1782719569.292,54.7,23.5
1782719574.306,55.1,23.5
1782719579.309,55.4,23.5
1782719584.32,55.8,23.5
1782719589.333,56.1,23.5
1782719594.345,56.7,23.5
1782719599.357,56.8,23.5
1782719604.37,56.9,23.5
1782719609.376,57.1,23.5
1782719614.389,57.3,23.5
1782719619.401,57.7,23.5
1782719624.415,58.3,23.5
1782719629.423,58.7,23.5
1782719634.432,58.7,23.5
1782719639.447,58.7,23.5
1782719644.453,58.9,23.5
1782719649.464,59.3,23.5
1782719654.474,59.5,23.6
1782719659.484,59.8,23.6
1782719664.495,59.9,23.6
1782719669.51,59.9,23.6
1782719674.523,59.8,23.5
1782719679.529,59.8,23.6
1782719684.543,59.8,23.6
1782719689.552,59.8,23.6
1782719694.562,59.6,23.6
1782719699.592,59.5,23.6
1782719704.652,59.3,23.6
1782719709.666,59.2,23.6
1782719714.68,59.1,23.6
1782719719.692,59.0,23.6
1782719724.7,58.7,23.6
1782719729.708,58.5,23.6
1782719734.714,58.2,23.6
1782719739.725,57.9,23.6
1782719744.735,57.7,23.6
1782719749.746,57.4,23.6
1782719754.761,57.0,23.6
1782719759.768,56.7,23.6
1782719764.78,56.3,23.6
1782719769.793,56.2,23.5
1782719774.802,56.0,23.6
1782719779.808,55.6,23.5
1782719784.82,55.2,23.6
1782719789.833,55.1,23.5
1782719794.842,55.0,23.5
1782719799.853,54.6,23.5
1782719804.864,54.3,23.5
1782719809.875,54.1,23.5
1782719814.89,53.8,23.5
1782719819.9,53.6,23.5
1782719824.904,53.4,23.5
1782719829.916,53.1,23.5
1782719834.928,52.8,23.5
1782719839.942,52.8,23.5
1782719844.951,52.6,23.5
1782719849.958,52.2,23.5
1782719854.971,52.1,23.5
1782719859.98,52.1,23.5
1782719864.989,52.0,23.5
1782719870.001,51.8,23.5
1782719875.008,51.6,23.5
1782719880.021,51.6,23.5
1782719885.032,51.5,23.5
1782719890.043,51.5,23.5
1782719895.05,51.5,23.5
1782719900.055,51.3,23.5
1782719905.065,51.1,23.5
1782719910.074,51.1,23.5
1782719915.088,51.0,23.5
1782719920.092,50.8,23.5
1782719925.104,50.7,23.5
1782719930.117,50.7,23.5
1782719935.129,50.7,23.5
1782719940.145,50.6,23.5
1782719945.156,50.6,23.5
1782719950.169,50.6,23.5
1782719955.182,50.5,23.5
1782719960.196,50.4,23.5
1782719965.208,50.4,23.5
1782719970.219,50.3,23.5
1782719975.226,50.1,23.5
1782719980.24,50.1,23.5
1782720371.328,52.9,23.5
1782720376.344,52.8,23.5
1782720381.356,52.5,23.5
1782720386.367,52.3,23.5
1782720391.375,52.3,23.5
1782720396.388,52.1,23.5
1782720401.401,51.9,23.5
1782720406.409,51.9,23.5
1782720411.421,51.8,23.5
1782720416.433,51.7,23.5
1782720421.442,51.5,23.5
1782720426.453,51.4,23.5
1782720431.462,51.2,23.5
1782720436.47,50.8,23.5
1782720441.479,50.8,23.5
1782720446.488,50.5,23.5
1782720451.497,50.4,23.5
1782720456.504,50.4,23.5
1782720461.51,50.5,23.5
1782720466.52,50.2,23.5
1782720471.526,50.3,23.5
1782720476.538,50.3,23.4
1782720481.546,50.0,23.5
1782720486.556,49.9,23.4
1782720491.563,49.9,23.5
1782720496.572,49.9,23.4
1782720501.579,49.7,23.5
1782720506.587,49.7,23.4
1782720511.597,49.7,23.5
1782720516.603,49.6,23.4
1782720521.61,49.5,23.5
1782720526.625,49.5,23.5
1782720531.635,49.4,23.5
1782720536.65,49.3,23.5
1782720541.658,49.4,23.5
1782720546.67,49.4,23.4
1782720551.679,49.1,23.4
1782720556.692,48.9,23.4
1782720561.701,49.0,23.4
1782720566.713,48.8,23.5
1782720571.72,48.7,23.4
1782720576.731,48.8,23.4
1782720581.744,49.0,23.4
1782720586.753,49.3,23.4
1782720591.759,49.5,23.4
1782720596.773,49.8,23.4
1782720601.784,50.2,23.4
1782720606.794,50.5,23.4
1782720611.804,50.7,23.4
1782720616.811,51.2,23.4
1782720621.816,51.8,23.4
1782720626.834,52.1,23.4
1782720631.846,52.3,23.4
1782720636.855,52.9,23.4
1782720641.868,53.6,23.4
1782720646.879,54.0,23.4
1782720651.893,54.6,23.4
1782720656.908,55.1,23.4
1782720661.92,55.5,23.4
1782720666.931,55.7,23.4
1782720671.939,56.0,23.4
1782720676.954,56.3,23.4
1782720681.962,56.4,23.5
1782720686.972,56.7,23.4
1782720691.983,57.0,23.5
1782720696.997,57.2,23.5
1782720702.011,57.2,23.4
1782720707.022,57.9,23.5
1782720712.035,58.1,23.5
1782720717.049,58.1,23.5
1782720722.061,58.2,23.5
1782720727.071,58.6,23.5
1782720732.082,58.8,23.5
1782720737.093,59.0,23.5
1782720742.105,59.1,23.5
1782720747.117,59.2,23.5
1782720752.129,59.2,23.5
1782720757.142,59.4,23.5
1782720762.155,59.4,23.5
1782720767.161,59.2,23.5
1782720772.175,59.1,23.5
1782720777.18,59.0,23.5
1782720782.189,58.8,23.5
1782720787.196,58.6,23.5
1782720792.204,58.4,23.5
1782720797.217,58.2,23.5
1782720802.229,58.0,23.5
1782720807.237,57.7,23.5
1782720812.246,57.4,23.5
1782720817.256,57.2,23.5
1782720822.267,57.1,23.5
1782720827.276,56.8,23.5
1782720832.284,56.7,23.5
1782720837.294,56.4,23.5
1782720842.31,55.9,23.5
1782720847.321,55.5,23.5
1782720852.332,55.4,23.5
1782720857.342,55.0,23.5
1782720862.356,54.6,23.5
1782720867.368,54.4,23.5
1782720872.374,54.1,23.5
1782720877.38,53.7,23.5
1782720882.389,53.5,23.4
1782720887.396,53.3,23.5
1782720892.406,53.0,23.5
1782720897.418,52.8,23.5
1782720902.424,52.6,23.4
1782720907.432,52.4,23.4
1782720912.442,52.2,23.5
1782720917.45,52.1,23.4
1782720922.457,52.2,23.5
1782720927.467,51.9,23.4
1782720932.479,51.9,23.5
1782720937.49,51.8,23.4
1782720942.497,51.4,23.5
1782720947.508,51.2,23.4
1782720952.523,51.2,23.5
1782720957.543,51.2,23.4
1782720962.549,50.9,23.4
1782720967.561,50.7,23.4
1782720972.573,50.7,23.4
1782720977.582,50.5,23.4
1782720982.596,50.4,23.4
1782720987.606,50.5,23.4
1782720992.619,50.4,23.4
1782720997.634,50.3,23.4
1782721002.644,50.2,23.4
1782721007.655,50.2,23.4
1782721012.668,49.9,23.4
1782721017.681,49.9,23.4
1782721022.694,50.0,23.4
1782721027.7,49.8,23.4
1782721032.709,49.8,23.4
1782721037.723,49.8,23.4
1782721042.733,49.8,23.4
1782721047.745,49.6,23.4
1782721052.762,49.4,23.4
1782721057.773,49.4,23.4
1782721062.782,49.3,23.4
1782721067.796,49.3,23.4
1782721072.808,49.3,23.4
1782721077.822,49.3,23.4
1782721082.828,49.1,23.4
1782721087.834,48.9,23.4
1782721092.844,48.8,23.4
1782721097.855,48.4,23.4
1782721102.863,48.4,23.4
1782721107.871,48.6,23.4
1782721112.886,48.7,23.4
1782721117.895,48.7,23.4
1782721122.908,48.9,23.4
1782721127.917,49.1,23.4
1782721132.923,49.9,23.4
1782721137.934,50.2,23.4
1782721142.942,50.3,23.4
1782721147.95,50.6,23.4
1782721152.96,51.1,23.4
1782721157.97,51.7,23.4
1782721162.976,52.1,23.4
1782721167.986,52.7,23.4
1782721172.998,53.0,23.4
1782721178.007,53.2,23.4
1782721183.012,53.9,23.4
1782721188.02,54.4,23.4
1782721193.029,54.6,23.4
1782721198.039,54.8,23.4
1782721203.044,55.1,23.4
1782721208.055,55.4,23.4
1782721213.067,56.1,23.4
1782721218.08,56.5,23.4
1782721223.088,56.7,23.4
1782721228.097,56.8,23.4
1782721233.103,57.0,23.4
1782721238.114,57.3,23.4
1782721243.122,57.5,23.4
1782721248.128,57.8,23.5
1782721253.14,58.0,23.4
1782721258.148,58.2,23.4
1782721263.16,58.3,23.5
1782721268.176,58.6,23.4
1782721273.184,58.7,23.4
1782721278.192,58.8,23.4
1782721283.2,59.0,23.4
1782721288.214,59.0,23.5
1782721293.225,59.0,23.5
1782721298.235,58.9,23.5
1782721303.244,58.9,23.5
1782721308.257,58.8,23.5
1782721313.268,58.6,23.5
1782721318.28,58.5,23.5
1782721323.289,58.3,23.5
1782721328.302,58.1,23.4
1782721333.31,57.9,23.4
1782721338.316,57.7,23.4
1782721343.328,57.5,23.5
1782721348.341,57.3,23.5
1782721353.352,57.0,23.4
1782721358.362,56.7,23.4
1782721363.367,56.5,23.4
1782721368.378,56.2,23.5
1782721373.388,55.9,23.4
1782721378.395,55.6,23.4
1782721383.401,55.1,23.5
1782721388.408,54.9,23.5
1782721393.421,54.7,23.4
1782721398.428,54.5,23.4
1782721403.438,54.1,23.4
1782721408.45,53.9,23.5
1782721413.458,53.6,23.4
1782721418.468,53.3,23.4
1782721423.479,52.8,23.5
1782721428.487,52.6,23.4
1782721433.494,52.6,23.4
1782721438.503,52.4,23.4
1782721443.515,52.2,23.4
1782721448.528,52.1,23.4
1782721453.544,52.0,23.4
1782721458.555,51.7,23.4
1782721463.568,51.5,23.4
1782721468.581,51.3,23.4
1782721473.594,51.2,23.4
1782721478.607,51.1,23.4
1782721483.613,51.0,23.4
1782721488.622,51.0,23.4
1782721493.634,50.8,23.4
1782721498.641,50.8,23.4
1782721503.647,50.7,23.4
1782721508.654,50.4,23.4
1782721513.663,50.3,23.4
1782721518.673,50.3,23.4
1782721523.686,50.1,23.4
1782721528.694,50.0,23.4
1782721533.7,49.9,23.4
1782721538.712,49.9,23.4
1782721543.724,49.8,23.4
1782721548.735,49.8,23.4
1782721553.743,49.8,23.4
1782721558.75,49.6,23.4
1782721563.764,49.6,23.4
1782721568.777,49.5,23.4
1782721573.788,49.3,23.4
1782721578.798,49.2,23.4
1782721583.805,49.3,23.4
1782721588.816,49.1,23.4
1782721593.827,49.1,23.4
1782721598.834,49.0,23.4
1782721603.844,48.9,23.4
1782721608.858,48.7,23.4
1782721613.869,48.6,23.4
1782721618.88,48.6,23.4
1782721623.894,48.5,23.4
1782721628.907,48.3,23.4
1782721633.909,48.3,23.4
1782721638.92,48.5,23.4
1782721643.933,48.5,23.4
1782721648.947,48.5,23.4
1782721653.96,48.5,23.4
1782721658.97,48.6,23.4
1782721663.985,48.8,23.4
1782721668.997,49.0,23.4
1782721674.009,49.2,23.4
1782721679.022,49.9,23.4
1782721684.034,50.2,23.4
1782721689.042,50.5,23.4
1782721694.052,51.1,23.4
1782721699.058,51.7,23.4
1782721704.068,51.9,23.4
1782721709.083,52.1,23.4
1782721714.097,52.6,23.4
1782721719.11,53.2,23.4
1782721724.123,53.4,23.4
1782721729.135,53.9,23.4
1782721734.146,54.2,23.4
1782721739.155,54.5,23.4
1782721744.164,54.7,23.4
1782721749.175,54.8,23.4
1782721754.183,55.2,23.4
1782721759.19,55.6,23.4
1782721764.202,56.3,23.4
1782721769.212,56.7,23.4
1782721774.22,57.0,23.4
1782721779.229,57.1,23.4
1782721784.235,57.2,23.4
1782721789.241,57.4,23.4
1782721794.248,57.6,23.4
1782721799.256,57.8,23.4
1782721804.272,58.0,23.4
1782721809.284,58.1,23.4
1782721814.297,58.4,23.4
1782721819.31,58.7,23.4
1782721824.322,58.9,23.4
1782721829.334,58.8,23.4
1782721834.34,58.8,23.4
1782721839.352,58.6,23.4
1782721844.36,58.6,23.4
1782721849.371,58.6,23.4
1782721854.383,58.4,23.4
1782721859.396,58.3,23.4
1782721864.405,58.1,23.4
1782721869.415,58.0,23.4
1782721874.425,57.7,23.4
1782721879.435,57.5,23.4
1782721884.441,57.3,23.4
1782721889.452,57.1,23.4
1782721894.46,56.9,23.4
1782721899.472,56.7,23.4
1782721904.482,56.6,23.4
1782721909.488,56.4,23.4
1782721914.498,56.0,23.4
1782721919.552,55.6,23.4
1782721924.57,55.2,23.4
1782721929.577,54.8,23.4
1782721934.583,54.4,23.4
1782721939.592,54.1,23.4
1782721944.603,54.0,23.4
1782721949.626,54.0,23.4
1782721954.643,53.9,23.4
1782721959.651,53.9,23.4
1782721964.679,53.8,23.4
1782721969.691,53.3,23.4
1782721974.704,52.9,23.4
1782721979.711,52.7,23.4
1782721984.72,52.5,23.4
1782721989.732,52.3,23.4
1782721994.74,52.0,23.4
1782721999.754,51.9,23.4
1782722004.768,51.6,23.4
1782722009.808,51.5,23.4
1782722014.842,51.4,23.4
1782722019.854,51.2,23.4
1782722024.861,51.3,23.4
1782722029.864,51.2,23.4
1782722034.875,50.7,23.4
1782722039.884,50.6,23.4
1782722044.898,50.6,23.4
1782722049.911,50.5,23.4
1782722054.923,50.2,23.4
1782722059.937,50.1,23.4
1782722064.95,50.1,23.4
1782722069.961,50.2,23.4
1782722074.973,50.1,23.4
1782722079.98,50.0,23.4
1782722084.988,49.9,23.4
1782722090.0,49.8,23.4
1782722095.011,49.6,23.4
1782722100.027,49.6,23.4
1782722105.042,49.2,23.4
1782722110.053,49.1,23.4
1782722115.065,49.2,23.4
1782722120.077,49.2,23.4
1782722125.086,49.1,23.4
1782722130.093,48.9,23.4
1782722135.105,48.9,23.4
1782722140.114,48.8,23.4
1782722145.126,48.8,23.4
1782722150.135,48.9,23.4
1782722155.145,48.7,23.4
1782722160.156,48.6,23.4
1782722165.165,48.7,23.4
1782722170.174,48.8,23.4
1782722175.186,48.6,23.4
1782722180.198,48.5,23.4
1782722185.205,48.6,23.4
1782722190.218,48.5,23.4
1782722195.228,48.6,23.4
1782722200.242,48.7,23.4
1782722205.251,49.1,23.4
1782722210.258,49.4,23.4
1782722215.269,49.6,23.4
1782722220.275,49.8,23.4
1782722225.286,50.6,23.4
1782722230.293,51.3,23.4
1782722235.305,51.5,23.4
1782722240.315,52.2,23.4
1782722245.33,52.9,23.4
1782722250.343,53.4,23.4
1782722255.352,53.4,23.4
1782722260.362,53.5,23.4
1782722265.371,54.2,23.4
1782722270.381,54.7,23.4
1782722275.394,55.1,23.4
1782722280.405,55.6,23.4
1782722285.412,56.0,23.4
1782722290.422,56.2,23.4
1782722295.434,56.4,23.4
1782722300.445,56.4,23.4
1782722305.453,56.4,23.4
1782722310.46,56.5,23.4
1782722315.473,57.0,23.4
1782722320.485,57.4,23.4
1782722325.496,57.6,23.4
1782722330.505,57.8,23.4
1782722335.508,58.0,23.4
1782722340.52,58.1,23.4
1782722345.533,58.1,23.4
1782722350.544,58.2,23.4
1782722355.556,58.3,23.4
1782722360.569,58.5,23.4
1782722365.577,58.6,23.4
1782722370.589,58.7,23.4
1782722375.601,58.6,23.4
1782722380.61,58.6,23.4
1782722385.617,58.5,23.4
1782722390.628,58.4,23.4
1782722395.64,58.3,23.4
1782722400.654,58.1,23.4
1782722405.665,58.0,23.4
1782722410.676,57.8,23.4
1782722415.688,57.6,23.4
1782722420.7,57.4,23.4
1782722425.709,57.2,23.4
1782722430.722,56.9,23.4
1782722435.731,56.6,23.4
1782722440.74,56.4,23.4
1782722445.755,56.1,23.4
1782722450.764,55.7,23.4
1782722455.776,55.4,23.4
1782722460.791,55.2,23.4
1782722465.802,54.8,23.4
1782722470.815,54.5,23.4
1782722475.825,54.1,23.4
1782722480.836,53.8,23.4
1782722485.84,53.5,23.4
1782722490.852,53.3,23.4
1782722495.867,53.3,23.4
1782722500.878,52.9,23.4
1782722505.888,52.4,23.4
1782722510.901,52.3,23.4
1782722515.916,52.0,23.4
1782722520.928,51.9,23.4
1782722525.938,51.9,23.4
1782722530.952,51.6,23.4
1782722535.959,51.3,23.4
1782722540.968,51.3,23.4
1782722545.984,51.2,23.4
1782722550.996,51.1,23.4
1782722556.009,51.1,23.4
1782722561.02,51.0,23.4
1782722566.028,50.6,23.4
1782722571.035,50.5,23.4
1782722576.043,50.6,23.4
1782722581.053,50.5,23.4
1782722586.058,50.3,23.4
1782722591.068,50.2,23.4
1782722596.083,50.2,23.4
1782722601.096,50.0,23.4
1782722606.108,49.9,23.4
1782722611.119,49.9,23.4
1782722616.129,49.8,23.4
1782722621.141,49.7,23.4
1782722626.149,49.6,23.4
1782722631.162,49.5,23.4
1782722636.173,49.4,23.4
1782722641.178,49.4,23.4
1782722646.191,49.4,23.4
1782722651.2,49.4,23.4
1782722656.208,49.4,23.4
1782722661.219,49.3,23.4
1782722666.226,49.2,23.4
1782722671.237,49.0,23.4
1782722676.245,49.0,23.4
1782722681.255,48.9,23.4
1782722686.264,48.7,23.4
1782722691.268,48.5,23.4
1782722696.281,48.5,23.4
1782722701.293,48.5,23.3
1782722706.302,48.4,23.4
1782722711.31,48.4,23.4
1782722716.319,48.4,23.4
1782722721.328,48.2,23.3
1782722726.337,48.1,23.4
1782722731.347,48.2,23.3
1782722736.358,48.4,23.4
1782722741.367,48.7,23.3
1782722746.374,48.8,23.3
1782722751.382,49.1,23.3
1782722756.393,49.5,23.3
1782722761.401,49.9,23.3
1782722766.413,50.1,23.3
1782722771.426,50.5,23.4
1782722776.437,51.0,23.3
1782722781.448,51.3,23.4
1782722786.457,51.7,23.3
1782722791.466,52.4,23.4
1782722796.474,52.9,23.3
1782722801.483,53.1,23.3
1782722806.491,53.7,23.4
1782722811.503,54.4,23.3
1782722816.514,55.0,23.4
1782722821.524,55.4,23.3
1782722826.539,55.5,23.4
1782722831.551,55.7,23.4
1782722836.563,55.9,23.4
1782722841.573,56.3,23.4
1782722846.585,56.5,23.4
1782722851.598,56.6,23.4
1782722856.612,56.8,23.4
1782722861.626,57.1,23.4
1782722866.635,57.2,23.4
1782722871.643,57.4,23.4
1782722876.651,57.7,23.4
1782722881.66,58.0,23.4
1782722886.676,58.1,23.4
1782722891.687,58.2,23.4
1782722896.695,58.2,23.4
1782722901.707,58.3,23.4
1782722906.715,58.4,23.4
1782722911.724,58.5,23.4
1782722916.732,58.6,23.4
1782722921.74,58.5,23.4
1782722926.751,58.3,23.4
1782722931.761,58.1,23.4
1782722936.773,58.0,23.4
1782722941.776,57.8,23.4
1782722946.788,57.6,23.4
1782722951.799,57.5,23.4
1782722956.81,57.3,23.4
1782722961.817,57.0,23.4
1782722966.824,56.8,23.4
1782722971.834,56.7,23.4
1782722976.848,56.3,23.4
1782722981.858,55.8,23.4
1782722986.871,55.6,23.4
1782722991.879,55.5,23.4
1782722996.888,55.1,23.4
1782723001.898,54.7,23.4
1782723006.908,54.5,23.4
1782723011.916,54.2,23.4
1782723016.926,53.8,23.4
1782723021.936,53.7,23.4
1782723026.951,53.5,23.4
1782723031.961,53.2,23.4
1782723036.969,53.1,23.3
1782723041.977,52.9,23.4
1782723046.988,52.7,23.4
1782723051.998,52.5,23.4
1782723057.006,52.4,23.4
1782723062.012,51.9,23.4
1782723067.02,51.6,23.4
1782723072.031,51.6,23.4
1782723077.042,51.6,23.4
1782723082.054,51.4,23.4
1782723087.068,51.2,23.4
1782723092.072,51.2,23.3
1782723097.084,51.1,23.4
1782723102.092,50.9,23.4
1782723107.1,50.8,23.3
1782723112.114,50.6,23.3
1782723117.123,50.3,23.3
1782723122.134,50.3,23.3
1782723127.143,50.3,23.4
1782723132.151,50.0,23.4
1782723137.164,50.1,23.3
1782723142.174,50.0,23.3
1782723147.184,49.7,23.4
1782723152.196,49.5,23.3
1782723157.206,49.5,23.3
1782723162.216,49.4,23.3
1782723167.227,49.4,23.3
1782723172.235,49.3,23.3
1782723177.244,49.2,23.3
1782723182.256,49.2,23.3
1782723187.269,49.0,23.3
1782723192.277,48.8,23.3
1782723197.288,48.9,23.3
1782723202.297,48.8,23.3
1782723207.305,48.8,23.3
1782723212.313,48.8,23.3
1782723217.323,48.4,23.3
1782723222.331,48.3,23.3
1782723227.345,48.3,23.3
1782723232.355,48.1,23.3
1782723237.37,48.0,23.3
1782723242.376,47.9,23.3
1782723247.388,47.9,23.3
1782723252.402,47.7,23.3
1782723257.411,47.7,23.3
1782723262.425,47.8,23.3
1782723267.436,47.8,23.3
1782723272.448,47.9,23.3
1782723277.456,48.1,23.3
1782723282.47,48.4,23.3
1782723287.482,48.6,23.3
1782723292.493,48.7,23.3
1782723297.5,49.0,23.3
1782723302.513,49.8,23.3
1782723307.527,50.3,23.3
1782723312.54,50.6,23.3
1782723317.55,51.0,23.3
1782723322.56,51.7,23.3
1782723327.575,52.1,23.3
1782723332.588,52.3,23.3
1782723337.6,52.9,23.3
1782723342.613,53.4,23.3
1782723347.616,53.6,23.3
1782723352.627,53.8,23.3
1782723357.64,54.3,23.3
1782723362.65,54.6,23.3
1782723367.662,55.0,23.3
1782723372.674,55.3,23.3
1782723377.684,55.5,23.3
1782723382.697,55.7,23.3
1782723387.709,56.1,23.3
1782723392.718,56.3,23.3
1782723397.724,56.5,23.3
1782723402.738,56.6,23.3
1782723407.746,56.7,23.3
1782723412.758,56.8,23.3
1782723417.764,57.0,23.3
1782723422.776,57.1,23.3
1782723427.792,57.3,23.3
1782723432.804,57.6,23.3
1782723437.818,57.8,23.3
1782723442.829,57.9,23.3
1782723447.832,58.0,23.3
1782723452.848,58.3,23.3
1782723457.856,58.4,23.3
1782723462.868,58.4,23.3
1782723467.882,58.4,23.3
1782723472.889,58.5,23.3
1782723477.898,58.3,23.3
1782723482.906,58.2,23.3
1782723487.916,58.1,23.3
1782723492.925,58.0,23.3
1782723497.931,57.8,23.3
1782723502.94,57.6,23.4
1782723507.95,57.4,23.3
1782723512.96,57.1,23.3
1782723517.972,56.9,23.3
1782723522.984,56.6,23.3
1782723527.996,56.3,23.3
1782723533.008,55.8,23.3
1782723538.022,55.7,23.3
1782723543.033,55.4,23.3
1782723548.043,55.2,23.3
1782723553.05,54.9,23.3
1782723558.062,54.6,23.4
1782723563.074,54.4,23.3
1782723568.088,54.3,23.3
1782723573.095,54.2,23.3
1782723578.107,54.0,23.3
1782723583.123,53.6,23.3
1782723588.134,53.2,23.3
1782723593.146,53.0,23.3
1782723598.154,52.8,23.3
1782723603.16,52.5,23.3
1782723608.168,52.3,23.3
1782723613.176,51.9,23.3
1782723618.187,51.7,23.3
1782723623.195,51.6,23.3
1782723628.204,51.2,23.3
1782723633.214,50.9,23.3
1782723638.224,50.9,23.3
1782723643.23,50.9,23.3
1782723648.236,50.6,23.3
1782723653.24,50.3,23.3
1782723658.248,50.3,23.3
1782723663.262,50.1,23.3
1782723668.271,49.8,23.3
1782723673.276,49.9,23.3
1782723678.285,49.5,23.3
1782723683.295,49.3,23.3
1782723688.303,49.3,23.3
1782723693.313,49.2,23.3
1782723698.322,49.0,23.3
1782723703.329,49.0,23.3
1782723708.341,49.0,23.3
1782723713.349,48.7,23.3
1782723718.353,48.7,23.3
1782723723.364,48.7,23.3
1782723728.374,48.5,23.3
1782723733.384,48.5,23.3
1782723738.392,48.5,23.3
1782723743.4,48.4,23.2
1782723748.404,48.2,23.3
1782723753.413,48.2,23.3
1782723758.424,48.2,23.3
1782723763.432,48.1,23.2
1782723768.442,48.2,23.3
1782723773.448,48.1,23.2
1782723778.461,47.8,23.3
1782723783.47,47.7,23.2
1782723788.48,47.7,23.2
1782723793.487,47.7,23.3
1782723798.489,47.4,23.2
1782723803.5,47.4,23.2
1782723808.505,47.4,23.2
1782723813.514,47.3,23.2
1782723818.519,47.2,23.2
1782723823.525,47.2,23.2
1782723828.535,47.3,23.2
1782723833.543,47.4,23.2
1782723838.551,47.6,23.2
1782723843.56,47.7,23.2
1782723848.568,48.2,23.2
1782723853.574,48.6,23.2
1782723858.583,48.7,23.2
1782723863.593,49.1,23.2
1782723868.601,49.9,23.2
1782723873.61,50.4,23.2
1782723878.621,50.8,23.2
1782723883.631,51.4,23.2
1782723888.639,51.8,23.2
1782723893.645,51.9,23.2
1782723898.651,52.1,23.2
1782723903.66,52.5,23.2
1782723908.669,53.0,23.2
1782723913.676,53.2,23.2
1782723918.684,53.8,23.2
1782723923.691,54.4,23.2
1782723928.696,55.0,23.2
1782723933.703,55.3,23.2
1782723938.711,55.4,23.2
1782723943.718,55.7,23.2
1782723948.724,56.0,23.2
1782723953.732,56.2,23.2
1782723958.741,56.5,23.2
1782723963.754,56.6,23.2
1782723968.766,56.7,23.2
1782723973.774,56.7,23.2
1782723978.785,56.7,23.2
1782723983.796,56.8,23.2
1782723988.807,56.9,23.2
1782723993.82,57.2,23.2
1782723998.827,57.3,23.2
1782724003.839,57.5,23.2
1782724008.85,57.6,23.2
1782724013.865,57.6,23.2
1782724018.878,57.9,23.3
1782724023.89,58.2,23.3
1782724028.899,58.3,23.3
1782724033.912,58.4,23.2
1782724038.925,58.4,23.3
1782724043.934,58.5,23.2
1782724048.94,58.6,23.2
1782724053.949,58.8,23.3
1782724058.961,58.9,23.3
1782724063.974,58.9,23.2
1782724068.982,59.0,23.2
1782724073.991,59.1,23.3
1782724079.004,59.0,23.3
1782724084.014,58.9,23.2
1782724089.024,59.0,23.3
1782724094.036,58.9,23.3
1782724099.04,58.8,23.3
1782724104.052,58.7,23.2
1782724109.066,58.5,23.3
1782724114.076,58.3,23.3
1782724119.09,58.2,23.2
1782724124.102,58.1,23.3
1782724129.111,57.9,23.3
1782724134.123,57.6,23.3
1782724139.133,57.3,23.3
1782724144.142,56.9,23.3
1782724149.149,56.7,23.3
1782724154.159,56.6,23.3
1782724159.168,56.3,23.3
1782724164.18,56.1,23.3
1782724169.19,55.7,23.3
1782724174.205,55.5,23.3
1782724179.217,55.2,23.2
1782724184.229,54.7,23.2
1782724189.236,54.5,23.3
1782724194.25,54.1,23.3
1782724199.261,53.7,23.3
1782724204.27,53.5,23.2
1782724209.281,53.0,23.2
1782724214.292,52.7,23.2
1782724219.3,52.6,23.2
1782724224.309,52.2,23.2
1782724229.318,52.1,23.2
1782724234.324,51.9,23.2
1782724239.331,51.7,23.2
1782724244.34,51.3,23.2
1782724249.349,51.2,23.2
1782724254.355,51.1,23.2
1782724259.364,50.7,23.2
1782724264.375,50.6,23.2
1782724269.38,50.6,23.2
1782724274.394,50.5,23.2
1782724279.406,50.4,23.3
1782724284.418,50.4,23.2
1782724289.43,50.2,23.2
1782724294.442,49.9,23.2
1782724299.453,49.7,23.2
1782724304.462,49.7,23.2
1782724309.471,49.7,23.2
1782724314.48,49.5,23.2
1782724319.494,49.6,23.2
1782724324.504,49.6,23.2
1782724329.517,49.5,23.2
1782724334.528,49.4,23.2
1782724339.54,49.2,23.2
1782724344.553,49.2,23.2
1782724349.563,50.7,23.2
1782724354.567,53.6,23.2
1782724359.577,55.1,23.2
1782724364.584,57.1,23.2
1782724369.593,57.7,23.2
1782724374.604,57.7,23.2
1782724379.613,57.2,23.3
1782724384.618,56.8,23.3
1782724389.627,57.0,23.3
1782724394.633,57.0,23.3
1782724399.642,56.9,23.3
1782724404.648,56.6,23.3
1782724409.658,56.0,23.3
1782724414.666,55.9,23.3
1782724419.676,55.8,23.3
1782724424.683,55.8,23.3
1782724429.693,55.8,23.3
1782724434.703,55.9,23.3
1782724439.713,55.9,23.3
1782724444.72,55.9,23.3
1782724449.724,55.5,23.4
1782724454.733,55.1,23.4
1782724459.744,55.1,23.4
1782724464.75,55.3,23.4
1782724469.76,55.2,23.4
1782724474.769,55.0,23.4
1782724479.778,54.7,23.4
1782724484.787,54.2,23.4
1782724489.795,54.0,23.4
1782724494.804,54.1,23.4
1782724499.81,54.1,23.4
1782724504.816,54.0,23.4
1782724509.825,53.9,23.4
1782724514.832,53.9,23.4
1782724519.841,53.8,23.4
1782724524.85,53.7,23.4
1782724529.86,53.6,23.4
1782724534.868,53.4,23.4
1782724539.878,53.4,23.4
1782724544.887,53.4,23.4
1782724549.893,53.3,23.5
1782724554.902,53.2,23.4
1782724559.91,53.1,23.5
1782724564.916,52.9,23.5
1782724569.928,53.0,23.5
1782724574.935,53.0,23.5
1782724579.943,52.9,23.5
1782724584.952,52.8,23.5
1782724589.962,52.7,23.5
1782724594.972,52.4,23.5
1782724599.978,52.1,23.5
1782724604.982,52.1,23.5
1782724609.989,52.1,23.5
1782724614.999,52.1,23.5
1782724620.01,52.1,23.5
1782724625.015,52.2,23.5
1782724630.023,52.0,23.5
1782724635.032,51.7,23.5
1782724640.04,51.4,23.6
1782724645.049,51.3,23.6
1782724650.054,51.6,23.6
1782724655.06,51.7,23.6
1782724660.07,51.6,23.6
1782724665.079,51.3,23.6
1782724670.097,51.0,23.6
1782724675.106,50.9,23.6
1782724680.118,51.0,23.6
1782724685.128,51.0,23.6
1782724690.141,50.7,23.6
1782724695.154,50.5,23.6
1782724700.163,50.5,23.6
1782724705.173,50.6,23.6
1782724710.182,50.6,23.6
1782724715.193,50.3,23.6
1782724720.204,50.1,23.6
1782724725.214,50.4,23.6
1782724730.224,50.5,23.7
1782724735.233,50.6,23.6
1782724740.238,50.1,23.6
1782724745.248,50.2,23.7
1782724750.254,50.3,23.7
1782724755.263,50.0,23.7
1782724760.272,49.9,23.7
1782724765.283,49.8,23.7
1782724770.294,49.8,23.7
1782724775.304,49.7,23.7
1782724780.311,49.8,23.7
1782724785.319,49.9,23.7
1782724790.327,50.0,23.7
1782724795.337,49.8,23.7
1782724800.34,49.6,23.7
1782724805.348,49.5,23.7
1782724810.358,49.2,23.7
1782724815.37,49.1,23.7
1782724820.379,49.3,23.7
1782724825.385,49.4,23.7
1782724830.398,49.4,23.7
1782724835.41,49.3,23.7
1782724840.419,48.8,23.7
1782724845.43,48.8,23.7
1782724850.437,48.8,23.7
1782724855.446,48.8,23.7
1782724860.458,48.9,23.7
1782724865.472,48.9,23.7
1782724870.484,48.9,23.7
1782724875.496,48.7,23.8
1782724880.503,48.5,23.8
1782724885.513,48.4,23.8
1782724890.524,48.4,23.8
1782724895.536,48.4,23.8
1782724900.539,48.3,23.8
1782724905.552,48.3,23.8
1782724910.558,48.3,23.8
1782724915.574,48.4,23.8
1782724920.584,48.4,23.8
1782724925.589,48.2,23.8
1782724930.6,48.0,23.8
1782724935.608,48.0,23.8
1782724940.613,48.2,23.8
1782724945.623,48.2,23.8
1782724950.629,48.1,23.8
1782724955.64,48.1,23.8
1782724960.645,48.1,23.8
1782724965.654,48.2,23.8
1782724970.663,48.0,23.8
1782724975.668,47.8,23.8
1782724980.678,47.7,23.8
1782724985.689,47.7,23.8
1782724990.702,47.6,23.8
1782724995.709,47.4,23.8
1782725000.716,47.5,23.8
1782725005.728,47.1,23.8
1782725010.74,46.9,23.8
1782725015.755,47.0,23.8
1782725020.766,47.0,23.8
1782725025.779,47.2,23.8
1782725030.792,47.2,23.8
1782725035.805,47.4,23.8
1782725040.814,47.4,23.8
1782725045.827,47.2,23.8
1782725050.84,47.1,23.8
1782725055.849,47.1,23.8
1782725060.858,46.8,23.8
1782725065.874,46.7,23.8
1782725070.888,46.8,23.8
1782725075.899,46.9,23.8
1782725080.909,47.0,23.8
1782725085.92,47.1,23.8
1782725090.932,47.0,23.8
1782725095.945,47.0,23.8
1782725100.957,47.0,23.8
1782725105.964,46.8,23.8
1782725110.976,46.7,23.8
1782725115.99,46.7,23.9
1782725121.003,46.6,23.8
1782725126.013,46.6,23.8
1782725131.023,46.3,23.9
1782725136.031,46.3,23.8
1782725141.039,46.6,23.8
1782725146.047,46.7,23.9
1782725151.055,46.6,23.8
1782725156.062,46.3,23.9
1782725161.071,46.4,23.8
1782725166.083,46.5,23.8
1782725171.094,46.6,23.9
1782725176.102,46.6,23.9
1782725181.109,46.0,23.9
1782725186.119,45.8,23.9
1782725191.13,45.8,23.8
1782725196.138,45.7,23.8
1782725201.149,45.8,23.9
1782725206.156,46.0,23.9
1782725211.17,46.0,23.9
1782725216.183,46.0,23.9
1782725221.194,45.9,23.9
1782725226.205,45.8,23.9
1782725231.217,45.6,23.9
1782725236.228,45.6,23.9
1782725241.238,45.7,23.9
1782725246.25,45.7,23.9
1782725251.261,45.8,23.9
1782725256.268,45.8,23.9
1782725261.28,45.9,23.9
1782725266.291,45.9,23.9
1782725271.304,45.8,23.9
1782725276.311,45.8,23.9
1782725281.322,45.9,23.9
1782725286.337,46.0,23.9
1782725291.344,45.9,23.9
1782725296.352,45.7,23.9
1782725301.365,45.8,23.9
1782725306.367,45.7,23.9
1782725311.38,45.7,23.9
1782725316.395,45.7,23.9
1782725321.405,45.9,23.9
1782725326.416,45.7,23.9
1782725331.425,45.8,23.9
1782725336.433,45.9,23.9
1782725341.445,46.2,23.9
1782725346.458,46.4,23.9
1782725351.468,46.5,23.9
1782725356.477,46.8,23.9
1782725361.489,47.0,23.9
1782725366.502,47.1,23.9
1782725371.512,47.1,23.9
1782725376.524,47.3,23.9
1782725381.532,47.3,23.9
1782725386.541,47.4,23.9
1782725391.553,47.7,23.9
1782725396.563,47.9,23.9
1782725401.577,48.0,23.9
1782725406.589,48.2,23.9
1782725411.6,48.2,23.9
1782725416.606,48.3,23.9
1782725421.615,48.4,23.9
1782725426.627,48.6,23.9
1782725431.637,48.8,23.9
1782725436.647,48.9,23.9
1782725441.66,49.1,23.9
1782725446.673,49.4,23.9
1782725451.68,49.5,23.9
1782725456.69,49.6,23.9
1782725461.7,49.9,23.9
1782725466.711,50.1,23.9
1782725471.724,50.4,23.9
1782725476.731,50.8,23.9
1782725481.738,51.1,23.9
1782725486.746,51.2,24.0
1782725491.754,51.2,23.9
1782725496.764,51.1,23.9
1782725501.773,51.3,23.9
1782725506.78,51.4,23.9
1782725511.788,51.6,23.9
1782725516.795,51.7,23.9
1782725521.802,51.7,23.9
1782725526.811,51.5,23.9
1782725531.818,51.4,23.9
1782725536.827,51.4,23.9
1782725541.836,51.3,23.9
1782725546.846,51.4,23.9
1782725551.849,51.3,23.9
1782725556.86,51.3,24.0
1782725561.867,51.3,24.0
1782725566.88,51.3,24.0
1782725571.884,51.3,24.0
1782725576.892,51.1,24.0
1782725581.906,51.1,24.0
1782725586.916,51.0,24.0
1782725591.926,51.0,24.0
1782725596.935,51.0,24.0
1782725601.943,50.8,24.0
1782725606.952,50.8,24.0
1782725611.958,50.8,24.0
1782725616.964,50.8,24.0
1782725621.976,50.7,24.0
1782725626.99,50.5,24.0
1782725632.001,50.5,24.0
1782725637.015,50.4,24.0
1782725642.027,50.3,24.0
1782725647.036,50.2,24.0
1782725652.046,50.1,24.0
1782725657.057,49.9,24.0
1782725662.064,49.8,24.0
1782725667.079,49.7,24.0
1782725672.089,49.7,24.0
1782725677.099,49.2,24.0
1782725682.112,49.2,24.0
1782725687.123,49.1,24.0
1782725692.132,49.1,24.0
1782725697.144,49.2,24.0
1782725702.154,49.2,24.0
1782725707.166,49.0,24.0
1782725712.172,49.0,24.0
1782725717.18,48.9,24.0
1782725722.188,48.9,24.0
1782725727.199,48.8,24.0
1782725732.21,48.6,24.0
1782725737.218,48.6,24.0
1782725742.228,48.7,24.0
1782725747.235,48.6,24.0
1782725752.246,48.4,24.0
1782725757.257,48.4,24.1
1782725762.263,48.4,24.1
1782725767.271,48.1,24.1
1782725772.276,48.1,24.0
1782725777.286,47.6,24.0
1782725782.291,47.7,24.0
1782725787.295,47.9,24.0
1782725792.303,47.8,24.0
1782725797.31,47.8,24.0
1782725802.32,47.7,24.0
1782725807.33,47.7,24.0
1782725812.337,47.8,24.0
1782725817.349,47.8,24.0
1782725822.365,47.8,24.0
1782725827.373,47.8,24.1
1782725832.378,47.6,24.0
1782725837.386,47.2,24.0
1782725842.393,47.3,24.1
1782725847.404,47.3,24.0
1782725852.417,47.2,24.1
1782725857.431,47.3,24.1
1782725862.438,47.3,24.1
1782725867.444,47.3,24.1
1782725872.455,47.2,24.1
1782725877.463,47.1,24.1
1782725882.474,47.1,24.1
1782725887.482,47.1,24.1
1782725892.49,46.8,24.1
1782725897.498,46.9,24.0
1782725902.507,46.8,24.1
1782725907.516,46.6,24.1
1782725912.518,46.6,24.1
1782725917.525,46.7,24.0
1782725922.533,46.4,24.1
1782725927.54,46.1,24.1
1782725932.548,46.3,24.1
1782725937.558,46.6,24.1
1782725942.568,46.5,24.1
1782725947.574,46.4,24.1
1782725952.582,46.3,24.0
1782725957.593,46.2,24.1
1782725962.602,46.1,24.1
1782725967.608,45.7,24.1
1782725972.613,45.4,24.1
1782725977.623,45.5,24.1
1782725982.633,45.8,24.1
1782725987.641,45.9,24.1
1782725992.647,46.0,24.1
1782725997.653,45.9,24.1
1782726002.662,45.8,24.0
1782726007.673,45.8,24.1
1782726012.676,46.0,24.1
1782726017.684,45.8,24.1
1782726022.693,45.7,24.1
1782726027.701,45.6,24.1
1782726032.712,45.6,24.0
1782726037.72,45.7,24.0
1782726042.731,45.8,24.1
1782726047.738,45.9,24.1
1782726052.746,45.7,24.0
1782726057.761,45.7,24.1
1782726062.768,45.7,24.1
1782726067.779,45.6,24.1
1782726072.791,45.4,24.1
1782726077.802,45.4,24.1
1782726082.814,45.1,24.1
1782726087.825,45.1,24.0
1782726092.839,45.0,24.0
1782726097.849,45.1,24.0
1782726102.86,45.3,24.0
1782726107.873,45.3,24.0
1782726112.88,45.2,24.0
1782726117.889,44.9,24.1
1782726122.904,44.8,24.0
1782726127.916,44.7,24.0
1782726132.927,44.7,24.0
1782726137.939,44.8,24.0
1782726142.948,44.7,24.0
1782726147.96,44.8,24.0
1782726152.976,44.9,24.0
1782726157.99,45.0,24.0
1782726162.996,45.0,24.0
1782726168.008,44.9,24.1
1782726173.017,44.8,24.0
1782726178.032,45.0,24.0
1782726183.041,45.3,24.0
1782726188.049,45.5,24.0
1782726193.059,45.7,24.0
1782726198.071,45.8,24.0
1782726203.085,45.9,24.0
1782726208.098,46.0,24.0
1782726213.103,46.2,24.0
1782726218.115,46.4,24.0
1782726223.128,46.6,24.0
1782726228.136,46.8,24.0
1782726233.147,46.9,24.0
1782726238.158,46.9,24.0
1782726243.168,47.2,24.0
1782726248.184,47.4,24.0
1782726253.197,47.5,24.0
1782726258.205,47.7,24.0
1782726263.214,47.8,24.0
1782726268.218,48.1,24.0
1782726273.226,48.3,24.0
1782726278.241,48.4,24.0
1782726283.249,48.6,24.0
1782726288.26,48.7,24.0
1782726293.276,48.8,24.0
1782726298.287,48.9,24.0
1782726303.299,49.1,24.0
1782726308.312,49.3,24.0
1782726313.324,49.3,24.0
1782726318.331,49.3,24.0
1782726323.34,49.7,24.0
1782726328.352,50.2,24.0
1782726333.36,50.6,24.0
1782726338.366,50.6,24.0
1782726343.376,50.5,24.0
1782726348.386,50.6,24.0
1782726353.396,50.9,24.0
1782726358.405,51.0,24.0
1782726363.41,51.1,24.0
1782726368.412,51.1,24.0
1782726373.42,50.9,24.0
1782726378.43,50.9,24.0
1782726383.438,50.9,24.0
1782726388.449,51.0,24.0
1782726393.459,51.0,24.1
1782726398.467,51.0,24.0
1782726403.474,50.9,24.0
1782726408.483,50.9,24.1
1782726413.492,50.9,24.0
1782726418.495,50.8,24.1
1782726423.5,50.7,24.0
1782726428.507,50.7,24.0
1782726433.516,50.8,24.1
1782726438.525,50.8,24.0
1782726443.534,50.8,24.1
1782726448.545,50.8,24.1
1782726453.555,50.8,24.1
1782726458.564,50.7,24.1
1782726463.568,50.7,24.1
1782726468.576,50.7,24.1
1782726473.584,50.5,24.1
1782726478.596,50.3,24.1
1782726483.605,50.2,24.1
1782726488.613,50.2,24.1
1782726493.621,50.1,24.1
1782726498.63,50.1,24.1
1782726503.64,50.1,24.1
1782726508.649,50.1,24.1
1782726513.651,50.1,24.1
1782726518.66,49.8,24.1
1782726523.668,49.6,24.1
1782726528.678,49.5,24.1
1782726533.688,49.5,24.1
1782726538.692,49.5,24.1
1782726543.701,49.5,24.1
1782726548.715,49.3,24.1
1782726553.726,49.3,24.1
1782726558.737,49.4,24.1
1782726563.745,49.3,24.1
1782726568.758,49.3,24.1
1782726573.772,49.1,24.1
1782726578.783,48.8,24.1
1782726583.792,48.5,24.1
1782726588.805,48.3,24.1
1782726593.818,48.0,24.1
1782726598.83,47.7,24.1
1782726603.843,47.8,24.1
1782726608.855,47.9,24.1
1782726613.862,48.0,24.1
1782726618.872,47.9,24.1
1782726623.883,48.0,24.1
1782726628.893,48.0,24.1
1782726633.905,47.9,24.1
1782726638.915,47.7,24.1
1782726643.931,47.7,24.1
1782726648.941,47.4,24.1
1782726653.954,47.4,24.1
1782726658.963,47.5,24.1
1782726663.977,47.6,24.1
1782726668.981,47.6,24.1
1782726673.991,47.5,24.1
1782726679.0,47.1,24.1
1782726684.012,47.1,24.1
1782726689.027,47.2,24.1
1782726694.042,47.0,24.1
1782726699.049,46.9,24.1
1782726704.061,47.0,24.1
1782726709.07,47.1,24.1
1782726714.082,47.2,24.1
1782726719.085,47.1,24.1
1782726724.096,46.9,24.1
1782726729.108,46.7,24.1
1782726734.122,46.7,24.1
1782726739.131,46.8,24.1
1782726744.145,46.8,24.1
1782726749.154,46.7,24.1
1782726754.166,46.5,24.1
1782726759.175,46.3,24.1
1782726764.189,46.1,24.1
1782726769.192,46.1,24.1
1782726774.207,46.0,24.1
1782726779.212,46.1,24.1
1782726784.224,46.1,24.1
1782726789.24,46.2,24.1
1782726794.253,46.1,24.1
1782726799.259,46.1,24.1
1782726804.269,45.8,24.1
1782726809.282,45.3,24.1
1782726814.295,45.4,24.1
1782726819.302,45.5,24.1
1782726824.313,45.5,24.1
1782726829.325,45.6,24.1
1782726834.341,45.6,24.1
1782726839.352,45.8,24.1
1782726844.364,45.6,24.1
1782726849.378,45.5,24.1
1782726854.385,45.5,24.1
1782726859.4,45.5,24.1
1782726864.413,45.3,24.1
1782726869.425,45.0,24.1
1782726874.431,45.0,24.1
1782726879.441,45.0,24.1
1782726884.45,45.0,24.1
1782726889.462,45.2,24.1
1782726894.471,45.3,24.1
1782726899.483,45.4,24.1
1782726904.494,45.4,24.1
1782726909.506,45.4,24.1
1782726914.516,45.4,24.1
1782726919.53,45.5,24.1
1782726924.536,45.6,24.1
1782726929.55,45.7,24.1
1782726934.56,45.4,24.1
1782726939.572,45.2,24.1
1782726944.585,45.1,24.1
1782726949.596,45.1,24.1
1782726954.609,45.0,24.1
1782726959.621,44.8,24.1
1782726964.633,44.7,24.1
1782726969.645,44.7,24.1
1782726974.653,44.7,24.1
1782726979.66,44.8,24.1
1782726984.668,44.9,24.1
1782726989.679,45.1,24.1
1782726994.687,45.4,24.1
1782726999.701,45.5,24.1
1782727004.714,45.8,24.0
1782727009.726,46.0,24.1
1782727014.737,46.2,24.1
1782727019.748,46.3,24.1
1782727024.754,46.6,24.1
1782727029.767,46.8,24.1
1782727034.779,46.9,24.1
1782727039.791,46.9,24.1
1782727044.808,47.1,24.1
1782727049.818,47.5,24.1
1782727054.829,47.8,24.1
1782727059.842,48.1,24.1
1782727064.853,48.3,24.1
1782727069.866,48.6,24.1
1782727074.878,49.4,24.1
1782727079.884,49.8,24.1
1782727084.892,49.6,24.1
1782727089.906,49.4,24.1
1782727094.916,49.5,24.1
1782727099.925,49.6,24.1
1782727104.936,49.9,24.1
1782727109.947,49.9,24.1
1782727114.958,50.1,24.1
1782727119.97,50.2,24.1
1782727124.982,50.2,24.1
1782727129.991,50.4,24.1
1782727135.001,50.6,24.1
1782727140.012,50.6,24.1
1782727145.028,50.7,24.1
1782727150.04,51.0,24.1
1782727155.049,51.0,24.1
1782727160.058,51.2,24.1
1782727165.068,51.3,24.1
1782727170.075,51.2,24.1
1782727175.085,51.3,24.1
1782727180.088,51.4,24.1
1782727185.097,51.4,24.1
1782727190.105,51.3,24.1
1782727195.116,51.3,24.1
1782727200.121,51.3,24.1
1782727205.131,51.3,24.1
1782727210.136,51.3,24.1
1782727215.147,51.4,24.1
1782727220.156,51.5,24.1
1782727225.166,51.5,24.1
1782727230.169,51.5,24.1
1782727235.177,51.4,24.1
1782727240.181,51.4,24.1
1782727245.193,51.4,24.1
1782727250.197,51.4,24.1
1782727255.207,51.4,24.1
1782727260.217,51.3,24.1
1782727265.224,51.3,24.1
1782727270.229,51.2,24.1
1782727275.239,51.2,24.1
1782727280.244,51.0,24.1
1782727285.252,50.9,24.1
1782727290.26,50.8,24.1
1782727295.275,50.7,24.1
1782727300.288,50.5,24.1
1782727305.299,50.3,24.1
1782727310.308,50.3,24.1
1782727315.316,50.5,24.1
1782727320.325,50.4,24.1
1782727325.337,50.4,24.1
1782727330.343,50.1,24.1
1782727335.355,50.0,24.1
1782727340.367,49.9,24.1
1782727345.383,49.6,24.1
1782727350.393,49.6,24.1
1782727355.405,49.6,24.1
1782727360.413,49.5,24.1
1782727365.42,49.1,24.1
1782727370.43,48.9,24.1
1782727375.441,48.9,24.1
1782727380.448,49.1,24.1
1782727385.46,48.9,24.1
1782727390.467,48.9,24.1
1782727395.477,48.9,24.1
1782727400.487,48.8,24.1
1782727405.497,48.7,24.1
1782727410.506,48.6,24.1
1782727415.515,48.6,24.1
1782727420.524,48.5,24.1
1782727425.534,48.5,24.1
1782727430.536,48.4,24.1
1782727435.544,48.5,24.1
1782727440.554,48.6,24.1
1782727445.567,48.7,24.1
1782727450.571,48.6,24.1
1782727455.579,48.2,24.1
1782727460.586,47.9,24.1
1782727465.593,47.7,24.1
1782727470.602,47.7,24.1
1782727475.61,47.7,24.1
1782727480.616,47.9,24.1
1782727485.626,48.0,24.1
1782727490.632,48.1,24.1
1782727495.641,48.3,24.1
1782727500.647,48.7,24.1
1782727505.655,48.4,24.1
1782727510.67,48.3,24.1
1782727515.701,48.4,24.1
1782727520.713,48.5,24.1
1782727525.72,48.6,24.1
1782727530.73,48.5,24.1
1782727535.745,48.5,24.1
1782727540.758,48.3,24.1
1782727545.767,48.4,24.1
1782727550.778,48.3,24.1
1782727555.79,48.2,24.1
1782727560.802,48.0,24.1
1782727565.815,48.0,24.1
1782727570.827,48.0,24.1
1782727575.834,48.1,24.1
1782727580.844,48.1,24.1
1782727585.86,47.7,24.1
1782727590.872,47.5,24.1
1782727595.882,47.6,24.1
1782727600.894,47.5,24.1
1782727605.906,47.6,24.1
1782727610.917,47.5,24.1
1782727615.929,47.5,24.1
1782727620.939,47.3,24.1
1782727625.944,47.5,24.1
1782727630.956,47.6,24.1
1782727635.968,47.6,24.1
1782727640.978,47.4,24.1
1782727645.985,47.2,24.1
1782727650.99,47.2,24.1
1782727655.999,47.3,24.1
1782727661.005,47.4,24.1
1782727666.012,47.4,24.1
1782727671.019,47.3,24.1
1782727676.025,47.2,24.1
1782727681.037,47.2,24.1
1782727686.044,46.9,24.1
1782727691.053,46.9,24.1
1782727696.063,46.9,24.1
1782727701.073,47.0,24.1
1782727706.08,46.9,24.1
1782727711.087,46.7,24.1
1782727716.098,46.7,24.1
1782727721.109,46.6,24.1
1782727726.115,46.6,24.1
1782727731.124,46.7,24.1
1782727736.138,46.6,24.1
1782727741.147,46.3,24.2
1782727746.156,45.9,24.1
1782727751.166,45.9,24.1
1782727756.176,45.9,24.1
1782727761.185,45.9,24.1
1782727766.192,45.9,24.1
1782727771.2,46.1,24.1
1782727776.205,46.3,24.1
1782727781.214,46.3,24.1
1782727786.223,46.0,24.1
1782727791.23,45.9,24.1
1782727796.238,45.8,24.1
1782727801.248,45.9,24.1
1782727806.256,45.8,24.1
1782727811.265,45.7,24.1
1782727816.274,45.7,24.1
1782727821.284,45.7,24.1
1782727826.29,45.7,24.1
1782727831.302,45.7,24.1
1782727836.31,45.7,24.1
1782727841.321,45.5,24.1
1782727846.327,45.5,24.1
1782727851.335,45.5,24.1
1782727856.344,45.5,24.1
1782727861.38,45.6,24.1
1782727866.387,45.5,24.1
1782727871.399,45.5,24.1
1782727876.406,45.5,24.1
1782727881.421,45.5,24.1
1782727886.432,45.6,24.1
1782727891.44,45.4,24.1
1782727896.454,45.3,24.1
1782727901.465,45.3,24.1
1782727906.475,45.4,24.1
1782727911.488,45.4,24.1
1782727916.502,45.3,24.1
1782727921.515,45.2,24.1
1782727926.522,45.4,24.1
1782727931.538,45.2,24.1
1782727936.55,45.2,24.1
1782727941.563,45.1,24.1
1782727946.574,44.9,24.1
1782727951.582,44.9,24.1
1782727956.591,44.9,24.1
1782727961.599,44.8,24.1
1782727966.608,44.9,24.1
1782727971.616,44.8,24.1
1782727976.622,44.6,24.1
1782727981.63,44.7,24.1
1782727986.641,44.8,24.1
1782727991.652,45.0,24.1
1782727996.662,45.1,24.1
1782728001.669,45.2,24.1
1782728006.676,45.4,24.1
1782728011.692,45.5,24.1
1782728016.703,45.8,24.1
1782728021.71,46.0,24.1
1782728026.716,46.2,24.1
1782728031.724,46.3,24.1
1782728036.733,46.6,24.1
1782728041.743,46.7,24.1
1782728046.748,46.8,24.1
1782728051.756,47.0,24.1
1782728056.768,47.5,24.1
1782728061.776,47.8,24.1
1782728066.789,47.9,24.1
1782728071.8,47.9,24.1
1782728076.807,47.9,24.1
1782728081.822,48.0,24.1
1782728086.831,48.2,24.1
1782728091.84,48.3,24.1
1782728096.85,48.6,24.1
1782728101.856,48.8,24.1
1782728106.866,49.1,24.1
1782728111.879,49.1,24.1
1782728116.888,49.1,24.1
1782728121.896,49.1,24.1
1782728126.9,49.3,24.1
1782728131.908,49.9,24.1
1782728136.916,50.4,24.1
1782728141.924,50.5,24.1
1782728146.936,50.4,24.1
1782728151.946,50.3,24.1
1782728156.957,50.4,24.1
1782728161.965,51.0,24.1
1782728166.975,51.2,24.1
1782728171.984,51.2,24.1
1782728176.992,51.0,24.1
1782728182.004,50.8,24.1
1782728187.016,50.8,24.1
1782728192.028,50.9,24.1
1782728197.038,50.8,24.1
1782728202.047,50.8,24.1
1782728207.053,50.7,24.1
1782728212.062,50.6,24.1
1782728217.07,50.6,24.1
1782728222.079,50.7,24.1
1782728227.084,50.8,24.1
1782728232.092,50.9,24.1
1782728237.101,51.0,24.1
1782728242.107,50.9,24.1
1782728247.121,50.9,24.1
1782728252.134,50.8,24.1
1782728257.146,50.6,24.1
1782728262.155,50.5,24.1
1782728267.169,50.5,24.1
1782728272.185,50.5,24.1
1782728277.188,50.4,24.1
1782728282.196,50.3,24.1
1782728287.204,50.3,24.1
1782728292.218,50.0,24.1
1782728297.232,50.0,24.1
1782728302.242,50.0,24.1
1782728307.251,50.1,24.1
1782728312.263,50.1,24.1
1782728317.276,49.8,24.1
1782728322.29,49.6,24.2
1782728327.295,49.7,24.1
1782728332.305,49.7,24.1
1782728337.319,49.6,24.1
1782728342.33,49.6,24.1
1782728347.338,49.5,24.1
1782728352.35,49.5,24.1
1782728357.357,49.6,24.1
1782728362.368,49.5,24.1
1782728367.382,49.4,24.1
1782728372.394,49.4,24.1
1782728377.404,49.3,24.1
1782728382.409,49.2,24.1
1782728387.418,49.1,24.1
1782728392.427,49.2,24.2
1782728397.436,49.1,24.1
1782728402.446,49.0,24.2
1782728407.455,48.9,24.2
1782728412.469,48.9,24.1
1782728417.479,48.9,24.2
1782728422.49,48.9,24.1
1782728427.503,48.8,24.1
1782728431.353,48.7,24.2
1782728748.286,45.9,24.2
1782728753.302,45.9,24.2
1782728758.314,45.9,24.2
1782728763.329,45.9,24.2
1782728768.335,45.9,24.2
1782728773.345,46.0,24.2
1782728778.357,46.0,24.2
1782728783.369,45.7,24.2
1782728788.38,45.7,24.2
1782728793.39,45.6,24.2
1782728798.399,45.7,24.2
1782728803.414,45.6,24.2
1782728808.424,45.6,24.1
1782728813.434,45.7,24.1
1782728818.447,45.7,24.2
1782728823.459,45.5,24.1
1782728828.47,45.4,24.2
1782728833.484,45.4,24.2
1782728838.494,45.6,24.2
1782728843.505,45.1,24.2
1782728848.508,45.1,24.1
1782728853.523,45.1,24.1
1782728858.531,45.2,24.2
1782728863.544,45.3,24.1
1782728868.557,45.3,24.1
1782728873.566,44.9,24.1
1782728878.579,45.0,24.1
1782728883.588,45.1,24.1
1782728888.599,45.0,24.2
1782728893.611,44.8,24.1
1782728898.62,44.7,24.1
1782728903.631,44.4,24.2
1782728908.641,44.4,24.1
1782728913.654,44.6,24.1
1782728918.668,44.8,24.1
1782728923.676,44.8,24.1
1782728926.872,44.6,24.1
1782728935.438,44.5,24.1
1782728940.449,44.5,24.1
1782728945.455,44.8,24.1
1782728950.464,45.1,24.1
1782728955.473,45.1,24.1
1782728960.487,45.1,24.1
1782728965.498,45.1,24.1
1782728970.51,44.7,24.1
1782728975.521,44.5,24.1
1782728980.533,44.5,24.1
1782728985.541,44.7,24.1
1782728990.555,44.7,24.1
1782728995.565,44.8,24.1
1782729000.611,44.9,24.1
1782729005.679,44.8,24.1
1782729010.687,44.4,24.1
1782729015.697,44.4,24.1
1782729020.709,44.5,24.1
1782729025.721,44.6,24.1
1782729030.734,44.7,24.1
1782729035.747,44.7,24.1
1782729040.757,44.7,24.1
1782729045.768,44.3,24.1
1782729050.78,44.3,24.1
1782729055.793,44.1,24.1
1782729060.799,44.3,24.1
1782729065.808,44.4,24.1
1782729070.818,44.2,24.1
1782729075.825,44.3,24.1
1782729080.836,44.6,24.1
1782729085.846,44.7,24.1
1782729090.853,44.4,24.1
1782729095.858,44.1,24.1
1782729100.869,44.1,24.1
1782729105.877,44.0,24.1
1782729110.885,44.4,24.1
1782729115.893,44.6,24.1
1782729120.902,44.4,24.1
1782729125.91,44.3,24.1
1782729130.919,44.2,24.1
1782729135.926,44.2,24.1
1782729140.936,44.2,24.1
1782729145.942,44.4,24.1
1782729150.954,44.4,24.1
1782729155.961,44.2,24.1
1782729160.971,44.1,24.1
1782729165.981,44.1,24.1
1782729170.986,44.0,24.1
1782729175.996,44.1,24.1
1782729181.006,44.0,24.1
1782729186.016,44.0,24.1
1782729191.026,43.9,24.1
1782729196.032,44.0,24.1
1782729201.037,44.1,24.1
1782729206.052,44.2,24.1
1782729211.057,44.2,24.1
1782729216.069,44.1,24.1
1782729221.084,44.0,24.1
1782729226.095,43.9,24.1
1782729231.104,43.9,24.1
1782729236.117,43.9,24.1
1782729241.128,43.9,24.1
1782729246.132,43.8,24.1
1782729251.14,43.6,24.1
1782729256.149,43.6,24.1
1782729261.159,43.7,24.1
1782729266.175,43.8,24.1
1782729271.185,43.8,24.1
1782729276.197,43.6,24.1
1782729281.206,43.5,24.1
1782729286.215,43.3,24.1
1782729291.226,43.3,24.1
1782729296.232,43.2,24.1
1782729301.242,43.2,24.1
1782729306.253,43.3,24.1
1782729311.26,43.3,24.1
1782729316.273,43.3,24.0
1782729321.282,43.2,24.0
1782729326.289,43.1,24.1
1782729331.295,43.1,24.0
1782729336.306,43.2,24.0
1782729341.315,43.1,24.0
1782729346.32,43.2,24.0
1782729351.329,43.3,24.0
1782729356.339,43.3,24.0
1782729361.353,43.2,24.0
1782729366.366,42.9,24.0
1782729371.376,43.0,24.0
1782729376.388,43.0,24.0
1782729381.398,43.0,24.0
1782729386.412,43.0,24.0
1782729391.421,42.9,24.0
1782729396.428,42.9,24.0
1782729401.436,43.2,24.0
1782729406.445,43.6,24.0
1782729411.457,43.8,24.0
1782729416.47,43.9,24.0
1782729421.482,44.0,24.0
1782729426.494,43.8,24.0
1782729431.502,43.9,24.0
1782729436.512,44.0,24.0
1782729441.522,44.2,24.0
1782729446.531,44.6,24.0
1782729451.54,44.7,24.0
1782729456.55,44.8,24.0
1782729461.562,44.9,24.0
1782729466.571,45.1,24.0
1782729471.58,45.5,24.0
1782729476.591,45.8,24.0
1782729481.604,46.1,24.0
1782729486.617,46.5,24.0
1782729491.629,46.6,24.0
1782729496.636,46.7,24.0
1782729501.65,46.9,24.0
1782729506.659,47.3,24.0
1782729511.67,47.4,24.0
1782729516.682,47.5,24.0
1782729521.693,47.7,24.0
1782729526.705,47.8,24.0
1782729531.714,48.1,24.0
1782729536.724,48.4,24.0
1782729541.733,49.5,24.0
1782729546.74,50.0,24.0
1782729551.748,50.2,24.0
1782729556.76,50.3,24.0
1782729561.77,50.3,24.1
1782729566.78,50.1,24.1
1782729571.795,50.0,24.1
1782729576.809,50.0,24.1
1782729581.82,50.0,24.0
1782729586.833,50.3,24.0
1782729591.846,50.5,24.1
1782729596.858,50.6,24.1
1782729601.865,50.9,24.1
1782729606.877,51.1,24.1
1782729611.888,51.2,24.1
1782729616.9,51.4,24.1
1782729621.915,51.4,24.1
1782729626.922,51.1,24.1
1782729631.936,51.0,24.0
1782729636.945,51.0,24.0
1782729641.956,50.9,24.1
1782729646.965,50.8,24.1
1782729651.972,50.7,24.1
1782729656.98,50.6,24.1
1782729661.993,50.7,24.1
1782729667.005,50.7,24.1
1782729672.016,50.6,24.1
1782729677.024,50.6,24.1
1782729682.034,50.7,24.1
1782729687.045,50.7,24.1
1782729692.057,50.6,24.1
1782729697.068,50.6,24.0
1782729702.072,50.5,24.1
1782729707.08,50.5,24.1
1782729712.092,50.4,24.1
1782729717.108,50.1,24.1
1782729722.115,50.0,24.1
1782729727.12,50.0,24.0
1782729732.136,49.9,24.0
1782729737.149,50.0,24.1
1782729742.156,49.7,24.1
1782729747.169,49.6,24.1
1782729752.174,49.6,24.1
1782729757.186,49.7,24.1
1782729762.202,49.5,24.1
1782729767.21,49.5,24.1
1782729772.22,49.3,24.1
1782729777.231,49.2,24.1
1782729782.243,49.1,24.1
1782729787.256,49.0,24.1
1782729792.265,48.9,24.1
1782729797.277,48.8,24.1
1782729802.282,48.7,24.1
1782729807.295,48.6,24.1
1782729812.306,48.6,24.1
1782729817.315,48.7,24.1
1782729822.32,48.7,24.1
1782729827.334,48.6,24.1
1782729832.346,48.3,24.1
1782729837.358,48.2,24.1
1782729842.369,48.2,24.1
1782729847.381,48.3,24.1
1782729852.384,48.2,24.1
1782729857.394,48.1,24.1
1782729862.398,48.0,24.1
1782729867.409,47.9,24.1
1782729872.416,47.7,24.1
1782729877.428,47.7,24.1
1782729882.437,47.7,24.1
1782729887.447,47.7,24.1
1782729892.457,47.7,24.1
1782729897.466,47.8,24.1
1782729902.473,47.8,24.1
1782729907.484,47.7,24.1
1782729912.494,47.7,24.1
1782729917.503,47.5,24.1
1782729922.513,47.4,24.1
1782729927.529,47.3,24.1
1782729932.543,47.4,24.1
1782729937.555,47.0,24.1
1782729942.566,46.8,24.1
1782729947.578,46.8,24.1
1782729952.586,46.8,24.1
1782729957.598,46.9,24.1
1782729962.612,46.7,24.1
1782729967.624,46.7,24.1
1782729972.639,46.6,24.1
1782729977.654,46.6,24.1
1782729982.665,46.4,24.1
1782729987.679,46.5,24.1
1782729992.685,46.6,24.1
1782729997.694,46.6,24.1
1782730002.7,46.6,24.1
1782730007.71,46.5,24.1
1782730012.722,46.5,24.1
1782730017.734,46.4,24.1
1782730022.743,46.5,24.1
1782730027.756,46.4,24.1
1782730032.77,46.2,24.1
1782730037.78,46.0,24.1
1782730042.791,45.9,24.1
1782730047.806,45.9,24.1
1782730052.818,45.9,24.1
1782730057.821,45.8,24.1
1782730062.833,45.6,24.1
1782730067.847,45.7,24.1
1782730072.86,45.7,24.1
1782730077.876,45.8,24.1
1782730082.886,45.8,24.1
1782730087.899,45.8,24.1
1782730092.912,45.7,24.1
1782730097.924,45.7,24.1
1782730102.937,45.5,24.1
1782730107.943,45.4,24.1
1782730112.956,45.5,24.1
1782730117.972,45.2,24.1
1782730122.983,45.1,24.1
1782730127.994,45.2,24.1
1782730133.006,45.1,24.1
1782730138.018,44.9,24.1
1782730143.03,45.0,24.1
1782730148.044,45.2,24.1
1782730153.056,45.2,24.1
1782730158.059,45.2,24.1
1782730163.071,45.2,24.1
1782730168.086,45.1,24.1
1782730173.1,44.9,24.1
1782730178.108,44.8,24.1
1782730183.119,44.8,24.1
1782730188.133,44.9,24.1
1782730193.146,44.8,24.1
1782730198.159,44.4,24.1
1782730203.171,44.4,24.1
1782730208.178,44.4,24.1
1782730213.192,44.4,24.1
1782730218.204,44.4,24.1
1782730223.218,44.4,24.1
1782730228.226,44.3,24.1
1782730233.239,44.3,24.1
1782730238.252,44.4,24.1
1782730243.263,44.5,24.1
1782730248.276,44.5,24.1
1782730253.289,44.4,24.1
1782730258.301,44.2,24.1
1782730263.308,44.2,24.1
1782730268.32,44.4,24.1
1782730273.335,44.5,24.1
1782730278.348,44.4,24.1
1782730283.356,44.3,24.1
1782730288.37,44.4,24.1
1782730293.382,44.3,24.1
1782730298.394,44.1,24.1
1782730303.404,44.1,24.1
1782730308.414,44.1,24.1
1782730313.42,43.7,24.1
1782730318.434,43.8,24.1
1782730323.447,44.0,24.1
1782730328.458,44.1,24.1
1782730333.473,44.2,24.1
1782730338.485,44.3,24.1
1782730343.496,44.6,24.1
1782730348.508,44.7,24.1
1782730353.52,44.8,24.1
1782730358.532,44.9,24.1
1782730363.539,45.0,24.1
1782730368.55,45.1,24.1
1782730373.565,45.2,24.1
1782730378.576,45.3,24.1
1782730383.587,45.5,24.1
1782730388.6,45.6,24.1
1782730393.608,45.9,24.1
1782730398.615,46.1,24.1
1782730403.629,46.4,24.1
1782730408.637,47.1,24.1
1782730413.644,47.6,24.1
1782730418.655,48.0,24.1
1782730423.67,48.3,24.1
1782730428.678,48.6,24.1
1782730433.684,48.9,24.1
1782730438.69,49.1,24.1
1782730443.698,49.0,24.1
1782730448.707,48.9,24.1
1782730453.717,48.9,24.1
1782730458.727,48.9,24.1
1782730463.735,48.8,24.1
1782730468.744,48.9,24.1
1782730473.757,49.1,24.1
1782730478.767,49.1,24.1
1782730483.774,49.0,24.1
1782730488.787,49.0,24.1
1782730493.8,49.1,24.1
1782730498.808,49.5,24.1
1782730503.817,49.8,24.1
1782730508.827,49.8,24.1
1782730513.834,49.8,24.1
1782730518.846,49.9,24.1
1782730523.862,49.9,24.1
1782730528.873,50.0,24.1
1782730533.886,50.1,24.1
1782730538.896,50.1,24.1
1782730543.91,50.2,24.1
1782730548.922,50.1,24.1
1782730553.935,50.0,24.1
1782730558.947,49.9,24.1
1782730563.953,49.8,24.1
1782730568.969,49.9,24.1
1782730573.977,49.9,24.1
1782730578.987,49.9,24.1
1782730583.996,49.9,24.1
1782730589.003,49.9,24.1
1782730594.012,49.9,24.1
1782730599.019,49.9,24.1
1782730604.029,49.9,24.1
1782730609.034,49.9,24.1
1782730614.035,49.9,24.1
1782730619.046,49.9,24.1
1782730624.056,49.9,24.1
1782730629.065,49.8,24.1
1782730634.076,49.7,24.1
1782730639.085,49.5,24.1
1782730644.092,49.5,24.1
1782730649.101,49.5,24.1
1782730654.108,49.5,24.1
1782730659.116,49.5,24.1
1782730664.122,49.3,24.1
1782730669.13,49.2,24.1
1782730674.139,49.2,24.1
1782730679.146,49.2,24.1
1782730684.155,49.2,24.1
1782730689.165,49.0,24.1
1782730694.173,48.9,24.1
1782730699.179,48.8,24.1
1782730704.187,48.7,24.1
1782730709.197,48.6,24.1
1782730714.205,48.5,24.1
1782730719.214,48.6,24.1
1782730724.223,48.4,24.1
1782730729.233,48.3,24.1
1782730734.243,48.1,24.1
1782730739.252,48.0,24.1
1782730744.261,48.1,24.1
1782730749.27,47.9,24.1
1782730754.275,48.0,24.1
1782730759.285,48.0,24.1
1782730764.291,48.2,24.1
1782730769.305,48.2,24.1
1782730774.314,48.0,24.1
1782730779.326,47.9,24.1
1782730784.336,47.9,24.1
1782730789.344,47.8,24.1
1782730794.355,47.7,24.1
1782730799.364,47.7,24.1
1782730804.377,47.7,24.1
1782730809.385,47.6,24.1
1782730814.391,47.6,24.1
1782730819.405,47.3,24.1
1782730824.415,47.1,24.1
1782730829.426,47.1,24.1
1782730834.434,47.1,24.1
1782730839.446,47.3,24.1
1782730844.459,47.3,24.1
1782730849.469,47.3,24.1
1782730854.477,47.3,24.1
1782730859.486,47.0,24.1
1782730864.495,47.0,24.1
1782730869.503,47.0,24.1
1782730874.515,46.6,24.1
1782730879.523,46.5,24.1
1782730884.535,46.4,24.1
1782730889.544,46.6,24.1
1782730894.555,46.6,24.1
1782730899.569,46.5,24.1
1782730904.577,46.5,24.1
1782730909.583,46.3,24.1
1782730914.591,46.2,24.1
1782730919.606,46.3,24.1
1782730924.612,46.5,24.1
1782730929.626,46.5,24.1
1782730934.633,46.3,24.1
1782730939.641,46.2,24.1
1782730944.656,46.1,24.1
1782730949.666,46.0,24.1
1782730954.675,46.2,24.1
1782730959.684,46.2,24.1
1782730964.694,46.1,24.1
1782730969.701,46.0,24.1
1782730974.712,46.1,24.1
1782730979.722,46.0,24.1
1782730984.736,45.8,24.1
1782730989.749,45.6,24.1
1782730994.755,45.5,24.1
1782730999.768,45.7,24.1
1782731004.781,45.9,24.1
1782731009.791,45.9,24.1
1782731014.807,45.8,24.1
1782731019.812,45.8,24.1
1782731024.824,45.7,24.1
1782731029.838,45.2,24.1
1782731034.848,45.0,24.1
1782731039.862,44.9,24.1
1782731044.872,44.9,24.1
1782731049.883,45.1,24.1
1782731054.892,45.3,24.1
1782731059.901,45.3,24.1
1782731064.917,45.2,24.1
1782731069.925,45.3,24.1
1782731074.933,45.3,24.1
1782731079.947,45.3,24.1
1782731084.962,45.1,24.1
1782731089.973,45.2,24.1
1782731094.985,45.1,24.1
1782731099.997,45.2,24.1
1782731105.007,45.3,24.1
1782731110.019,45.2,24.1
1782731115.034,45.2,24.1
1782731120.04,45.0,24.1
1782731125.048,45.0,24.1
1782731130.06,45.1,24.1
1782731135.074,44.9,24.1
1782731140.087,44.8,24.1
1782731145.099,44.8,24.1
1782731150.109,45.0,24.1
1782731155.121,45.0,24.1
1782731160.137,44.9,24.1
1782731165.151,44.8,24.1
1782731170.158,44.8,24.1
1782731175.166,44.7,24.1
1782731180.176,44.5,24.1
1782731185.188,44.4,24.1
1782731190.197,44.4,24.1
1782731195.209,44.6,24.1
1782731200.221,44.7,24.1
1782731205.232,44.6,24.1
1782731210.243,44.7,24.1
1782731215.259,44.6,24.1
1782731220.271,44.6,24.1
1782731225.276,44.6,24.1
1782731230.29,44.4,24.1
1782731235.3,44.4,24.1
1782731240.308,44.4,24.1
1782731245.319,44.3,24.1
1782731250.326,44.3,24.1
1782731255.338,44.3,24.1
1782731260.351,44.3,24.1
1782731265.361,44.3,24.0
1782731270.369,44.3,24.1
1782731275.376,44.2,24.1
1782731280.384,44.1,24.1
1782731285.397,43.9,24.1
1782731290.404,43.9,24.0
1782731295.416,44.0,24.1
1782731300.431,43.8,24.0
1782731305.442,43.6,24.1
1782731310.453,43.4,24.1
1782731315.468,43.5,24.1
1782731320.477,43.6,24.1
1782731325.484,43.7,24.0
1782731330.496,43.9,24.0
1782731335.505,44.1,24.1
1782731340.518,44.2,24.0
1782731345.532,44.5,24.0
1782731350.543,44.6,24.1
1782731355.551,44.8,24.0
1782731360.562,45.2,24.0
1782731365.572,45.3,24.0
1782731370.581,45.5,24.0
1782731375.588,45.7,24.0
1782731380.596,45.7,24.0
1782731385.605,45.9,24.0
1782731390.615,46.1,24.0
1782731395.63,46.5,24.0
1782731400.641,46.9,24.0
1782731405.652,47.2,24.0
1782731410.663,47.6,24.0
1782731415.677,47.8,24.0
1782731420.689,47.8,24.0
1782731425.694,47.8,24.0
1782731430.707,48.2,24.0
1782731435.718,48.6,24.0
1782731440.734,48.5,24.0
1782731445.743,48.4,24.0
1782731450.748,48.4,24.0
1782731455.761,48.5,24.1
1782731460.773,48.6,24.0
1782731465.779,48.7,24.0
1782731470.787,48.7,24.0
1782731475.793,48.6,24.0
1782731480.8,48.9,24.0
1782731485.811,49.3,24.0
1782731490.819,49.3,24.0
1782731495.827,49.4,24.0
1782731500.837,49.7,24.1
1782731505.84,49.6,24.0
1782731510.851,49.6,24.0
1782731515.861,50.1,24.0
1782731520.871,50.2,24.0
1782731525.876,50.0,24.0
1782731530.886,50.0,24.0
1782731535.897,50.1,24.1
1782731540.906,50.0,24.0
1782731545.913,50.0,24.0
1782731550.926,50.1,24.0
1782731555.938,50.1,24.0
1782731560.949,49.9,24.0
1782731565.958,49.8,24.1
1782731570.969,49.7,24.1
1782731575.972,49.7,24.0
1782731580.981,49.8,24.1
1782731585.989,49.7,24.0
1782731590.999,49.7,24.0
1782731596.004,49.8,24.1
1782731601.015,49.8,24.1
1782731606.025,49.7,24.0
1782731611.035,49.7,24.0
1782731616.044,49.7,24.0
1782731621.054,49.6,24.1
1782731626.061,49.5,24.1
1782731631.069,49.4,24.0
1782731636.078,49.4,24.1
1782731641.088,49.4,24.1
1782731646.096,49.3,24.1
1782731651.106,49.2,24.1
1782731656.118,49.0,24.1
1782731661.124,49.0,24.0
1782731666.131,49.1,24.1
1782731671.136,48.8,24.1
1782731676.141,48.7,24.1
1782731681.15,48.7,24.1
1782731686.157,48.7,24.1
1782731691.167,48.5,24.0
1782731696.175,48.4,24.1
1782731701.185,48.4,24.1
1782731706.195,48.4,24.1
1782731711.205,48.4,24.1
1782731716.214,48.1,24.1
1782731721.224,47.9,24.1
1782731726.23,47.8,24.1
1782731731.239,47.6,24.1
1782731736.249,47.4,24.1
1782731741.259,47.3,24.1
1782731746.269,47.4,24.1
1782731751.279,47.3,24.1
1782731756.288,47.1,24.1
1782731761.295,47.1,24.1
1782731766.305,47.2,24.1
1782731771.311,47.4,24.1
1782731776.316,47.3,24.1
1782731781.325,47.2,24.1
1782731786.333,47.2,24.1
1782731791.343,47.1,24.1
1782731796.351,47.1,24.1
1782731801.36,47.1,24.1
1782731806.366,46.8,24.1
1782731811.375,46.6,24.1
1782731816.385,46.6,24.1
1782731821.392,46.7,24.1
1782731826.396,46.7,24.1
1782731831.405,46.6,24.1
1782731836.414,46.5,24.1
1782731841.422,46.5,24.1
1782731846.431,46.4,24.1
1782731851.437,46.3,24.1
1782731856.447,46.1,24.1
1782731861.454,46.2,24.1
1782731866.461,46.1,24.1
1782731871.467,46.1,24.1
1782731876.472,46.1,24.1
1782731881.481,46.2,24.1
1782731886.491,46.2,24.1
1782731891.499,46.0,24.1
1782731896.506,45.9,24.1
1782731901.512,45.9,24.1
1782731906.523,45.9,24.1
1782731911.533,45.5,24.1
1782731916.542,45.4,24.1
1782731921.55,45.5,24.1
1782731926.557,45.3,24.1
1782731931.566,45.3,24.1
1782731936.579,45.2,24.1
1782731941.584,45.0,24.1
1782731946.595,45.1,24.1
1782731951.608,45.1,24.1
1782731956.621,45.1,24.1
1782731961.632,45.0,24.1
1782731966.643,45.0,24.1
1782731971.653,45.0,24.1
1782731976.658,45.0,24.1
1782731981.668,45.1,24.1
1782731986.68,45.2,24.1
1782731991.688,45.0,24.1
1782731996.702,44.6,24.1
1782732001.714,44.4,24.1
1782732006.726,44.4,24.1
1782732011.736,44.5,24.1
1782732016.747,44.6,24.1
1782732021.755,44.6,24.1
1782732026.759,44.4,24.1
1782732031.769,44.5,24.1
1782732036.783,44.5,24.1
1782732041.793,44.3,24.1
1782732046.805,44.4,24.1
1782732051.822,44.5,24.1
1782732056.834,44.6,24.1
1782732061.843,44.6,24.1
1782732066.851,44.5,24.1
1782732071.86,44.3,24.1
1782732076.866,44.2,24.1
1782732081.872,44.2,24.1
1782732086.88,44.0,24.1
1782732091.889,44.0,24.1
1782732096.899,44.0,24.1
1782732101.907,43.9,24.1
1782732106.913,43.8,24.1
1782732111.922,43.9,24.1
1782732116.931,44.0,24.1
1782732121.936,44.1,24.1
1782732126.938,44.2,24.1
1782732131.948,44.3,24.1
1782732136.955,44.2,24.1
1782732141.96,44.3,24.1
1782732146.97,44.2,24.1
1782732151.981,44.1,24.1
1782732156.988,44.1,24.1
1782732161.998,44.2,24.1
1782732167.008,44.3,24.1
1782732172.017,44.3,24.1
1782732177.023,44.2,24.1
1782732182.032,43.9,24.1
1782732187.041,43.9,24.1
1782732192.053,43.9,24.1
1782732197.062,44.0,24.1
1782732202.071,44.1,24.1
1782732207.082,44.3,24.1
1782732212.091,44.5,24.1
1782732217.1,44.7,24.1
1782732222.11,45.0,24.1
1782732227.112,45.1,24.1
1782732232.119,45.1,24.1
1782732237.126,45.1,24.1
1782732242.135,45.3,24.1
1782732247.144,45.8,24.1
1782732252.155,46.1,24.1
1782732257.163,46.2,24.1
1782732262.172,46.3,24.1
1782732267.177,46.5,24.1
1782732272.183,46.8,24.1
1782732277.189,47.1,24.1
1782732282.197,47.4,24.1
1782732287.205,47.7,24.1
1782732292.215,48.0,24.1
1782732297.221,48.2,24.1
1782732302.23,48.4,24.1
1782732307.24,48.6,24.1
1782732312.249,48.6,24.1
1782732317.258,48.6,24.1
1782732322.268,48.6,24.1
1782732327.274,48.5,24.1
1782732332.284,48.4,24.1
1782732337.288,48.5,24.1
1782732342.297,48.8,24.1
1782732347.308,48.8,24.1
1782732352.319,48.8,24.1
1782732357.328,48.9,24.1
1782732362.337,49.0,24.1
1782732367.343,49.3,24.1
1782732372.351,49.4,24.1
1782732377.356,49.5,24.1
1782732382.364,49.6,24.1
1782732387.372,49.7,24.1
1782732392.38,50.3,24.1
1782732397.385,50.4,24.1
1782732402.396,50.3,24.1
1782732407.403,50.3,24.1
1782732412.409,50.2,24.1
1782732417.414,50.0,24.1
1782732422.424,49.9,24.1
1782732427.43,49.7,24.1
1782732432.441,49.6,24.1
1782732437.448,49.6,24.1
1782732442.456,49.7,24.1
1782732447.465,49.8,24.1
1782732452.47,49.7,24.1
1782732457.474,49.7,24.1
1782732462.484,49.8,24.1
1782732467.492,49.8,24.1
1782732472.499,49.9,24.1
1782732477.508,50.1,24.1
1782732482.516,50.0,24.1
1782732487.527,49.8,24.1
1782732492.537,49.8,24.1
1782732497.547,49.5,24.1
1782732502.556,49.5,24.1
1782732507.564,49.5,24.1
1782732512.57,49.4,24.1
1782732517.579,49.3,24.1
1782732522.585,49.5,24.1
1782732527.594,49.6,24.1
1782732532.603,49.5,24.1
1782732537.608,49.4,24.1
1782732542.618,48.9,24.1
1782732547.629,48.7,24.1
1782732552.636,48.7,24.1
1782732557.643,48.8,24.1
1782732562.651,49.0,24.1
1782732567.657,49.0,24.1
1782732572.659,48.7,24.1
1782732577.667,48.7,24.1
1782732582.676,48.6,24.1
1782732587.687,48.6,24.1
1782732592.696,48.7,24.1
1782732597.706,48.7,24.1
1782732602.715,48.6,24.1
1782732607.722,48.2,24.1
1782732612.726,48.1,24.1
1782732617.736,47.9,24.1
1782732622.741,47.9,24.1
1782732627.747,47.8,24.1
1782732632.753,47.5,24.1
1782732637.762,47.3,24.1
1782732642.772,47.3,24.1
1782732647.786,47.6,24.1
1782732652.796,47.7,24.1
1782732657.811,47.7,24.1
1782732662.821,47.6,24.1
1782732667.831,47.5,24.1
1782732672.837,47.5,24.1
1782732677.848,47.5,24.1
1782732682.859,47.5,24.1
1782732687.868,47.4,24.1
1782732692.876,47.2,24.1
1782732697.887,47.1,24.1
1782732702.895,46.8,24.1
1782732707.905,46.7,24.1
1782732712.914,46.7,24.1
1782732717.926,46.7,24.1
1782732722.932,46.8,24.1
1782732727.945,46.8,24.1
1782732732.953,46.9,24.1
1782732737.963,46.6,24.1
1782732742.975,46.4,24.1
1782732747.99,46.4,24.1
1782732753.002,46.3,24.1
1782732758.015,46.3,24.1
1782732763.022,46.2,24.1
1782732768.033,46.2,24.1
1782732773.036,46.1,24.1
1782732778.048,46.0,24.1
1782732783.06,45.8,24.1
1782732788.072,45.9,24.1
1782732793.085,45.7,24.1
1782732798.097,45.7,24.1
1782732803.111,45.7,24.1
1782732808.123,45.8,24.1
1782732813.133,45.7,24.1
1782732818.145,45.7,24.1
1782732823.158,45.8,24.1
1782732828.167,45.6,24.1
1782732833.177,45.2,24.1
1782732838.189,45.2,24.1
1782732843.205,45.3,24.1
1782732848.217,45.1,24.1
1782732853.229,45.0,24.1
1782732858.24,45.0,24.1
1782732863.251,44.9,24.1
1782732868.258,45.0,24.1
1782732873.273,45.1,24.1
1782732878.275,44.9,24.1
1782732883.286,44.8,24.1
1782732888.298,44.9,24.1
1782732893.313,45.0,24.1
1782732898.322,45.0,24.0
1782732903.332,44.9,24.1
1782732908.339,44.8,24.1
1782732913.349,44.9,24.1
1782732918.357,45.0,24.1
1782732923.367,45.0,24.1
1782732928.373,44.9,24.1
1782732933.382,44.9,24.1
1782732938.391,44.8,24.1
1782732943.404,44.8,24.1
1782732948.409,44.8,24.1
1782732953.417,44.7,24.1
1782732958.427,44.9,24.1
1782732963.437,45.0,24.1
1782732968.445,44.8,24.1
1782732973.455,44.6,24.1
1782732978.461,44.5,24.1
1782732983.476,44.5,24.0
1782732988.487,44.3,24.0
1782732993.501,44.0,24.0
1782732998.511,44.0,24.0
1782733003.522,44.2,24.0
1782733008.533,44.1,24.0
1782733013.548,44.0,24.0
1782733018.56,44.1,24.0
1782733023.569,44.2,24.0
1782733028.576,44.2,24.0
1782733033.59,44.0,24.0
1782733038.599,43.8,24.0
1782733043.612,43.8,24.0
1782733048.622,43.9,24.0
1782733053.635,44.1,24.0
1782733058.65,44.1,24.0
1782733063.661,44.2,24.0
1782733068.672,44.3,24.0
1782733073.686,44.3,24.0
1782733078.692,43.9,24.0
1782733083.704,43.6,24.0
1782733088.714,43.5,24.0
1782733093.728,43.8,24.0
1782733098.742,43.9,24.0
1782733103.754,44.1,24.0
1782733108.766,44.6,24.0
1782733113.779,44.9,24.0
1782733118.791,45.1,24.0
1782733123.799,45.2,24.0
1782733128.809,45.3,24.0
1782733133.816,45.3,24.0
1782733138.828,45.3,24.0
1782733143.845,45.4,24.0
1782733148.854,45.5,24.0
1782733153.867,45.8,24.0
1782733158.877,46.7,24.0
1782733163.886,47.0,24.0
1782733168.896,47.2,24.0
1782733173.908,47.5,24.0
1782733178.92,47.6,24.0
1782733183.928,47.6,24.0
1782733188.937,47.4,24.0
1782733193.952,47.5,24.0
1782733198.963,47.8,24.0
1782733203.972,48.0,24.0
1782733208.979,48.0,24.0
1782733213.988,47.9,24.0
1782733218.993,48.3,24.0
1782733224.003,48.7,24.0
1782733229.01,48.7,24.0
1782733234.012,48.7,23.9
1782733239.019,48.9,24.0
1782733244.026,49.0,24.0
1782733249.036,49.0,24.0
1782733254.044,49.0,24.0
1782733259.049,49.2,24.0
1782733264.054,49.6,23.9
1782733269.065,49.7,24.0
1782733274.074,49.8,24.0
1782733279.079,49.9,24.0
1782733284.08,49.9,24.0
1782733289.09,50.0,24.0
1782733294.097,50.8,24.0
1782733299.107,50.9,24.0
1782733304.114,50.9,24.0
1782733309.123,51.0,24.0
1782733314.131,50.9,24.0
1782733319.139,50.7,24.0
1782733324.148,50.6,24.0
1782733329.158,50.6,24.0
1782733334.164,50.5,24.0
1782733339.175,50.4,24.0
1782733344.183,50.2,24.0
1782733349.189,50.2,24.0
1782733354.199,50.2,24.0
1782733359.208,50.2,24.0
1782733364.215,50.1,24.0
1782733369.223,50.1,24.0
1782733374.233,50.2,24.0
1782733379.239,50.3,24.0
1782733384.248,50.2,24.0
1782733389.26,50.2,24.0
1782733394.266,50.1,24.0
1782733399.276,50.0,24.0
1782733404.283,50.0,24.0
1782733409.294,49.7,24.0
1782733414.302,49.5,24.0
1782733419.307,49.5,24.0
1782733424.316,49.3,24.0
1782733429.32,49.4,24.0
1782733434.335,49.4,24.0
1782733439.346,49.3,24.0
1782733444.357,49.2,24.0
1782733449.366,49.2,24.0
1782733454.374,49.2,24.0
1782733459.386,49.2,24.0
1782733464.397,49.1,24.0
1782733469.409,49.2,24.0
1782733474.421,49.2,24.0
1782733479.427,48.9,24.0
1782733484.438,48.8,24.0
1782733489.453,48.7,24.0
1782733494.467,48.6,24.0
1782733499.478,48.4,24.0
1782733504.488,48.2,24.0
1782733509.497,48.4,24.0
1782733514.509,48.6,24.0
1782733519.52,48.6,24.0
1782733524.532,48.5,24.0
1782733529.541,48.4,24.0
1782733534.544,48.3,24.0
1782733539.559,48.1,24.0
1782733544.571,48.0,24.0
1782733549.578,47.9,24.0
1782733554.593,47.8,24.0
1782733559.6,48.0,24.0
1782733564.612,47.8,24.0
1782733569.623,47.7,24.0
1782733574.632,47.6,24.0
1782733579.643,47.5,24.0
1782733584.649,47.6,24.0
1782733589.663,47.7,24.0
1782733594.676,47.6,24.1
1782733599.684,47.4,24.1
1782733604.692,47.5,24.0
1782733609.701,47.5,24.0
1782733614.709,47.1,24.0
1782733619.719,46.8,24.1
1782733624.733,46.6,24.1
1782733629.745,46.6,24.1
1782733634.748,46.7,24.1
1782733639.759,46.8,24.1
1782733644.767,47.0,24.0
1782733649.78,46.9,24.1
1782733654.79,46.9,24.1
1782733659.799,47.0,24.1
1782733664.812,46.9,24.1
1782733669.825,46.8,24.1
1782733674.836,46.6,24.0
1782733679.847,46.5,24.1
1782733684.857,46.7,24.1
1782733689.869,46.6,24.1
1782733694.88,46.4,24.1
1782733699.889,46.3,24.1
1782733704.896,46.2,24.1
1782733709.904,46.1,24.0
1782733714.916,46.1,24.1
1782733719.928,46.0,24.1
1782733724.935,46.1,24.0
1782733729.943,46.2,24.1
1782733734.952,46.2,24.1
1782733739.961,46.0,24.0
1782733744.971,45.9,24.1
1782733749.98,45.8,24.1
1782733754.988,45.8,24.1
1782733759.995,45.8,24.0
1782733765.001,46.0,24.0
1782733770.01,46.0,24.1
1782733775.015,45.8,24.0
1782733780.024,45.6,24.0
1782733785.029,45.5,24.1
1782733790.037,45.5,24.1
1782733795.047,45.6,24.0
1782733800.052,45.4,24.0
1782733805.062,45.3,24.0
1782733810.072,45.4,24.1
1782733815.082,45.4,24.0
1782733820.09,45.4,24.0
1782733825.099,45.3,24.1
1782733830.106,45.3,24.0
1782733835.114,45.2,24.1
1782733840.122,45.1,24.1
1782733845.131,45.1,24.0
1782733850.139,44.9,24.0
1782733855.143,44.6,24.0
1782733860.151,44.5,24.0
1782733865.157,44.6,24.0
1782733870.166,44.5,24.0
1782733875.175,44.7,24.0
1782733880.184,44.8,24.0
1782733885.193,44.9,24.0
1782733890.202,44.8,24.0
1782733895.211,44.6,24.0
1782733900.22,44.5,24.0
1782733905.231,44.5,24.0
1782733910.239,44.6,24.0
1782733915.248,44.6,24.0
1782733920.258,44.6,24.0
1782733925.267,44.8,24.0
1782733930.277,44.9,24.0
1782733935.282,44.5,24.0
1782733940.286,44.2,24.0
1782733945.296,44.4,24.0
1782733950.303,44.5,24.0
1782733955.312,44.5,24.0
1782733960.322,44.4,24.0
1782733965.331,44.2,24.0
1782733970.339,44.4,24.0
1782733975.348,44.6,24.0
1782733980.352,44.6,24.0
1782733985.363,44.1,24.0
1782733990.376,44.1,24.0
1782733995.386,43.9,24.0
1782734000.399,43.8,24.0
1782734005.412,43.9,24.0
1782734010.424,43.9,24.0
1782734015.433,44.0,24.0
1782734020.444,44.0,24.0
1782734025.457,44.0,24.0
1782734030.469,44.0,24.0
1782734035.475,44.0,24.0
1782734040.488,44.0,24.0
1782734045.499,44.0,24.0
1782734050.512,44.0,24.0
1782734055.523,44.2,24.0
1782734060.532,44.3,24.0
1782734065.546,44.5,24.0
1782734070.559,44.8,24.0
1782734075.572,45.2,24.0
1782734080.585,45.4,24.0
1782734085.592,45.7,24.0
1782734090.606,46.1,24.0
1782734095.618,46.2,24.0
1782734100.624,46.1,24.0
1782734105.638,46.2,24.0
1782734110.65,46.4,24.0
1782734115.659,46.8,24.0
1782734120.674,46.8,24.0
1782734125.687,46.9,24.0
1782734130.7,46.9,24.0
1782734135.705,47.6,24.0
1782734140.718,48.0,24.0
1782734145.724,47.9,24.0
1782734150.734,47.9,24.0
1782734155.74,48.3,24.0
1782734160.755,48.4,24.0
1782734165.768,48.5,24.0
1782734170.778,48.5,24.0
1782734175.79,48.7,24.0
1782734180.802,48.8,24.0
1782734185.808,48.8,24.0
1782734190.822,49.4,24.0
1782734195.831,49.6,24.0
1782734200.844,49.7,24.0
1782734205.855,49.7,24.0
1782734210.867,49.6,24.0
1782734215.88,49.6,24.0
1782734220.89,49.6,24.0
1782734225.904,49.8,24.0
1782734230.915,49.8,24.0
1782734235.922,50.0,24.0
1782734240.934,50.0,24.0
1782734245.945,50.4,24.0
1782734250.958,50.7,24.0
1782734255.969,50.7,24.0
1782734260.984,50.7,24.0
1782734265.996,50.7,24.0
1782734271.005,50.6,24.0
1782734276.018,50.7,24.0
1782734281.028,50.7,24.0
1782734286.04,50.7,24.0
1782734291.047,50.6,24.0
1782734296.054,50.5,24.0
1782734301.067,50.3,24.0
1782734306.081,50.4,24.0
1782734311.087,50.5,24.0
1782734316.1,50.5,24.0
1782734321.108,50.5,24.0
1782734326.122,50.5,24.0
1782734331.133,50.6,24.0
1782734336.146,50.5,24.0
1782734341.153,50.5,24.0
1782734346.167,50.7,24.0
1782734351.177,50.8,24.0
1782734356.187,50.7,24.0
1782734361.199,50.4,24.0
1782734366.208,50.4,24.0
1782734371.218,50.3,24.0
1782734376.234,50.3,24.0
1782734381.246,50.2,24.0
1782734386.257,50.1,24.0
1782734391.264,49.9,24.0
1782734396.274,49.8,24.0
1782734401.287,49.9,24.0
1782734406.298,49.9,24.0
1782734411.306,49.7,24.0
1782734416.318,49.7,24.0
1782734421.332,49.6,24.0
1782734426.346,49.5,24.0
1782734431.355,49.4,24.0
1782734436.367,49.3,24.1
1782734441.373,49.1,24.1
1782734446.386,49.1,24.1
1782734451.391,48.9,24.0
1782734456.395,48.5,24.1
1782734461.406,48.4,24.0
1782734466.416,48.4,24.0
1782734471.43,48.4,24.0
1782734476.441,48.4,24.1
1782734481.448,48.5,24.1
1782734486.459,48.6,24.1
1782734491.464,48.4,24.0
1782734496.472,48.2,24.0
1782734501.479,48.0,24.0
1782734506.491,48.0,24.1
1782734511.502,48.1,24.0
1782734516.516,48.3,24.1
1782734521.528,48.0,24.1
1782734526.538,47.8,24.1
1782734531.551,47.6,24.1
1782734536.563,47.6,24.0
1782734541.57,47.5,24.1
1782734546.582,47.6,24.1
1782734551.596,47.6,24.1
1782734556.608,47.5,24.1
1782734561.623,47.4,24.0
1782734566.631,47.4,24.1
1782734571.643,47.4,24.1
1782734576.658,47.4,24.1
1782734581.67,47.3,24.1
1782734586.679,47.1,24.1
1782734591.693,47.1,24.0
1782734596.697,47.2,24.1
1782734601.711,47.1,24.1
1782734606.72,47.1,24.1
1782734611.734,46.9,24.0
1782734616.746,46.9,24.0
1782734621.756,46.7,24.1
1782734626.764,46.6,24.1
1782734631.777,46.4,24.1
1782734636.79,46.4,24.1
1782734641.802,46.6,24.1
1782734646.808,46.5,24.1
1782734651.821,46.3,24.1
1782734656.833,46.3,24.1
1782734661.848,46.3,24.1
1782734666.859,45.9,24.1
1782734671.871,46.0,24.1
1782734676.885,46.0,24.1
1782734681.896,45.7,24.1
1782734686.907,45.8,24.1
1782734691.92,45.6,24.1
1782734696.922,45.4,24.1
1782734701.935,45.5,24.1
1782734706.944,45.5,24.1
1782734711.954,45.6,24.1
1782734716.966,45.6,24.1
1782734721.977,45.6,24.1
1782734726.988,45.7,24.1
1782734732.002,45.7,24.1
1782734737.015,45.6,24.1
1782734742.023,45.6,24.1
1782734747.031,45.7,24.1
1782734752.037,45.6,24.1
1782734757.052,45.1,24.1
1782734762.062,44.9,24.1
1782734767.074,44.7,24.1
1782734772.089,44.9,24.1
1782734777.102,44.9,24.1
1782734782.114,44.9,24.1
1782734787.127,45.0,24.1
1782734792.139,44.9,24.1
1782734797.152,44.7,24.1
1782734802.16,44.6,24.1
1782734807.17,44.6,24.1
1782734812.179,44.4,24.1
1782734817.191,44.3,24.1
1782734822.201,44.4,24.1
1782734827.214,44.6,24.1
1782734832.224,44.7,24.1
1782734837.234,44.5,24.1
1782734842.245,44.5,24.1
1782734847.254,44.6,24.1
1782734852.261,44.7,24.1
1782734857.273,44.5,24.1
1782734862.281,44.2,24.1
1782734867.292,43.9,24.1
1782734872.307,44.0,24.1
1782734877.321,44.0,24.1
1782734882.329,44.1,24.1
1782734887.34,44.0,24.1
1782734892.351,43.9,24.1
1782734897.364,43.9,24.1
1782734902.376,43.9,24.2
1782734907.38,43.9,24.1
1782734912.392,43.9,24.2
1782734917.405,44.0,24.2
1782734922.419,44.2,24.2
1782734927.431,44.6,24.2
1782734932.443,44.9,24.2
1782734937.455,45.1,24.2
1782734942.462,45.1,24.2
1782734947.475,45.3,24.2
1782734952.487,45.3,24.2
1782734957.495,45.5,24.2
1782734962.505,45.8,24.2
1782734967.52,45.9,24.2
1782734972.533,46.0,24.2
1782734977.539,46.2,24.2
1782734982.551,46.4,24.2
1782734987.564,46.5,24.2
1782734992.576,46.7,24.2
1782734997.586,46.8,24.2
1782735002.598,47.3,24.2
1782735007.61,47.9,24.2
1782735012.616,48.2,24.2
1782735017.63,48.4,24.2
1782735022.643,48.5,24.2
1782735027.655,48.4,24.2
1782735032.668,48.4,24.2
1782735037.678,48.5,24.2
1782735042.693,48.8,24.2
1782735047.7,48.9,24.2
1782735052.712,49.0,24.2
1782735057.724,49.1,24.2
1782735062.728,49.0,24.2
1782735067.74,49.3,24.2
1782735072.756,49.4,24.2
1782735077.766,49.3,24.2
1782735082.778,49.2,24.2
1782735087.793,49.2,24.2
1782735092.806,49.4,24.2
1782735097.816,49.6,24.2
1782735102.829,49.7,24.2
1782735107.836,49.8,24.2
1782735112.846,49.9,24.2
1782735117.856,49.9,24.3
1782735122.866,49.9,24.2
1782735127.878,49.9,24.2
1782735132.892,50.1,24.2
1782735137.903,50.1,24.3
1782735142.916,50.1,24.2
1782735147.928,50.2,24.3
1782735152.938,50.1,24.3
1782735157.95,49.9,24.2
1782735162.961,49.9,24.3
1782735167.971,49.7,24.3
1782735172.983,49.6,24.3
1782735177.995,49.6,24.3
1782735183.009,49.7,24.3
1782735188.02,49.7,24.3
1782735193.028,49.8,24.3
1782735198.034,49.9,24.3
1782735203.044,50.0,24.3
1782735208.05,50.2,24.3
1782735213.057,50.0,24.3
1782735218.062,49.8,24.3
1782735223.068,49.8,24.3
1782735228.075,49.9,24.3
1782735233.084,49.9,24.3
1782735238.093,49.7,24.3
1782735243.103,49.6,24.3
1782735248.111,49.6,24.3
1782735253.115,49.2,24.3
1782735258.125,49.1,24.3
1782735263.135,49.1,24.3
1782735268.142,49.2,24.3
1782735273.152,49.0,24.3
1782735278.164,48.3,24.3
1782735283.175,48.3,24.3
1782735288.183,48.3,24.3
1782735293.194,48.3,24.4
1782735298.209,48.1,24.4
1782735303.222,48.0,24.4
1782735308.234,48.1,24.4
1782735313.246,47.9,24.4
1782735318.256,47.6,24.4
1782735323.269,47.4,24.4
1782735328.281,47.5,24.4
1782735333.291,47.6,24.4
1782735338.3,47.4,24.4
1782735343.313,47.3,24.4
1782735348.325,47.4,24.4
1782735353.336,47.5,24.4
1782735358.349,47.4,24.4
1782735363.362,47.3,24.4
1782735368.374,46.9,24.4
1782735373.382,46.7,24.4
1782735378.392,46.8,24.4
1782735383.402,46.8,24.4
1782735388.416,46.9,24.4
1782735393.425,46.8,24.4
1782735398.437,46.7,24.4
1782735403.45,46.7,24.4
1782735408.459,46.6,24.4
1782735413.47,46.5,24.4
1782735418.485,46.6,24.4
1782735423.488,46.4,24.4
1782735428.502,46.3,24.4
1782735433.508,46.5,24.4
1782735438.52,46.5,24.4
1782735443.536,46.3,24.4
1782735448.542,45.8,24.4
1782735453.554,45.3,24.4
1782735458.566,45.3,24.4
1782735463.574,45.5,24.4
1782735468.582,45.8,24.4
1782735473.59,46.0,24.4
1782735478.602,45.8,24.4
1782735483.614,45.8,24.4
1782735488.629,45.9,24.4
1782735493.637,45.8,24.4
1782735498.65,45.4,24.4
1782735503.66,45.5,24.4
1782735508.67,45.6,24.4
1782735513.685,45.9,24.4
1782735518.695,45.9,24.4
1782735523.701,46.0,24.4
1782735528.711,45.8,24.4
1782735533.723,45.5,24.4
1782735538.738,45.6,24.4
1782735543.752,45.6,24.4
1782735548.757,45.7,24.4
1782735553.77,45.5,24.3
1782735558.783,45.4,24.4
1782735563.796,45.3,24.4
1782735568.809,45.2,24.3
1782735573.822,45.1,24.3
1782735578.829,44.9,24.3
1782735583.844,45.0,24.3
1782735588.852,45.1,24.3
1782735593.864,45.2,24.3
1782735598.879,45.1,24.3
1782735603.891,45.1,24.3
1782735608.903,45.1,24.3
1782735613.918,45.1,24.3
1782735618.928,45.0,24.3
1782735623.938,44.9,24.3
1782735628.944,44.6,24.3
1782735633.953,44.4,24.3
1782735638.963,44.3,24.3
1782735643.969,44.4,24.3
1782735648.977,44.4,24.3
1782735653.992,44.6,24.3
1782735659.005,44.7,24.3
1782735664.021,44.6,24.3
1782735669.033,44.4,24.3
1782735674.044,44.4,24.3
1782735679.051,44.4,24.3
1782735684.062,44.4,24.3
1782735689.069,44.1,24.3
1782735694.081,43.9,24.3
1782735699.095,43.9,24.3
1782735704.103,44.2,24.3
1782735709.109,44.3,24.3
1782735714.122,44.3,24.3
1782735719.132,44.2,24.3
1782735724.142,44.2,24.3
1782735729.153,44.2,24.3
1782735734.159,44.1,24.3
1782735739.171,44.2,24.3
1782735744.183,44.4,24.3
1782735749.198,44.0,24.3
1782735754.211,44.0,24.3
1782735759.223,44.3,24.3
1782735764.234,44.0,24.3
1782735769.247,43.7,24.3
1782735774.26,43.8,24.3
1782735779.272,43.8,24.3
1782735784.279,43.8,24.3
1782735789.291,43.9,24.3
1782735794.302,44.1,24.3
1782735799.317,44.4,24.2
1782735804.327,44.5,24.2
1782735809.336,44.0,24.3
1782735814.349,43.9,24.3
1782735819.36,43.8,24.2
1782735824.372,43.8,24.3
1782735829.385,43.6,24.2
1782735834.391,43.5,24.2
1782735839.404,43.5,24.3
1782735844.417,43.6,24.3
1782735849.429,43.6,24.3
1782735854.44,43.7,24.2
1782735859.452,43.6,24.2
1782735864.465,43.5,24.2
1782735869.479,43.6,24.2
1782735874.49,43.8,24.2
1782735879.502,44.0,24.2
1782735884.512,44.2,24.2
1782735889.514,44.3,24.2
1782735894.529,44.5,24.2
1782735899.538,44.8,24.2
1782735904.545,44.9,24.2
1782735909.557,45.1,24.2
1782735914.567,45.0,24.2
1782735919.581,44.9,24.2
1782735924.588,44.9,24.2
1782735929.601,45.0,24.2
1782735934.608,45.1,24.2
1782735939.618,45.4,24.2
1782735944.626,45.8,24.2
1782735949.638,46.2,24.2
1782735954.651,46.4,24.2
1782735959.656,46.7,24.2
1782735964.673,47.2,24.2
1782735969.685,48.2,24.2
1782735974.697,48.3,24.2
1782735979.707,48.2,24.2
1782735984.717,48.2,24.2
1782735989.725,48.4,24.2
1782735994.737,48.4,24.2
1782735999.749,48.4,24.2
1782736004.761,48.5,24.2
1782736009.774,48.6,24.2
1782736014.79,48.7,24.2
1782736019.8,49.0,24.2
1782736024.813,49.3,24.2
1782736029.824,49.3,24.2
1782736034.836,49.3,24.2
1782736039.843,49.3,24.2
1782736044.855,49.1,24.2
1782736049.868,49.1,24.2
1782736054.882,49.2,24.2
1782736059.894,49.4,24.2
1782736064.908,49.5,24.2
1782736069.921,49.6,24.2
1782736074.933,49.7,24.2
1782736079.944,50.0,24.3
1782736084.958,50.1,24.3
1782736089.969,50.1,24.2
1782736094.976,50.0,24.2
1782736099.988,49.9,24.3
1782736105.003,49.8,24.3
1782736110.014,49.7,24.2
1782736115.028,49.7,24.2
1782736120.037,49.6,24.2
1782736125.049,49.7,24.3
1782736130.061,49.7,24.2
1782736135.074,49.6,24.3
1782736140.085,49.6,24.2
1782736145.092,49.6,24.3
1782736150.104,49.7,24.3
1782736155.115,49.7,24.3
1782736160.123,49.7,24.3
1782736165.132,49.6,24.3
1782736170.144,49.5,24.3
1782736175.156,49.5,24.3
1782736180.168,49.4,24.3
1782736185.177,49.2,24.3
1782736190.189,49.2,24.3
1782736195.195,49.2,24.3
1782736200.21,49.3,24.3
1782736205.219,49.2,24.3
1782736210.232,49.0,24.3
1782736215.24,48.7,24.3
1782736220.251,48.7,24.3
1782736225.265,48.6,24.3
1782736230.278,48.5,24.3
1782736235.289,48.5,24.3
1782736240.297,48.6,24.3
1782736245.304,48.6,24.3
1782736250.312,48.6,24.3
1782736255.322,48.6,24.3
1782736260.334,48.4,24.3
1782736265.347,48.1,24.3
1782736270.359,48.0,24.3
1782736275.367,48.0,24.3
1782736280.378,47.7,24.3
1782736285.391,47.5,24.3
1782736290.403,47.4,24.3
1782736295.409,47.3,24.3
1782736300.422,47.3,24.3
1782736305.433,47.4,24.3
1782736310.444,47.5,24.4
1782736315.456,47.3,24.4
1782736320.464,47.2,24.4
1782736325.478,47.2,24.4
1782736330.489,47.1,24.4
1782736335.497,47.3,24.4
1782736340.51,47.2,24.4
1782736345.516,47.1,24.4
1782736350.529,47.1,24.4
1782736355.543,46.9,24.4
1782736360.555,46.8,24.4
1782736365.568,46.7,24.4
1782736370.581,46.5,24.4
1782736375.593,46.5,24.4
1782736380.603,46.3,24.4
1782736385.615,46.3,24.4
1782736390.628,46.3,24.4
1782736395.64,46.3,24.4
1782736400.644,46.3,24.4
1782736405.659,46.2,24.4
1782736410.672,46.2,24.4
1782736415.684,46.2,24.4
1782736420.696,45.9,24.4
1782736425.708,45.9,24.4
1782736430.72,45.9,24.4
1782736435.733,45.6,24.4
1782736440.744,45.6,24.4
1782736445.757,45.7,24.4
1782736450.763,45.8,24.4
1782736455.777,45.6,24.4
1782736460.79,45.6,24.4
1782736465.803,45.6,24.4
1782736470.815,45.4,24.4
1782736475.826,45.2,24.4
1782736480.839,45.2,24.4
1782736485.852,45.1,24.4
1782736490.864,45.2,24.4
1782736495.874,45.2,24.4
1782736500.88,45.1,24.4
1782736505.894,45.2,24.5
1782736510.908,45.2,24.4
1782736515.917,45.2,24.4
1782736520.93,45.3,24.4
1782736525.943,45.2,24.4
1782736530.954,45.1,24.4
1782736535.964,45.0,24.4
1782736540.978,44.3,24.5
1782736545.985,44.1,24.5
1782736550.992,44.1,24.4
1782736556.009,44.4,24.4
1782736561.02,44.6,24.4
1782736566.034,44.6,24.4
1782736571.044,44.2,24.5
1782736576.051,44.3,24.4
1782736581.063,44.1,24.4
1782736586.073,44.1,24.4
1782736591.08,44.3,24.4
1782736596.09,44.4,24.4
1782736601.095,44.5,24.4
1782736606.107,44.7,24.4
1782736611.118,44.7,24.4
1782736616.126,44.6,24.4
1782736621.134,44.2,24.4
1782736626.144,44.0,24.4
1782736631.151,44.2,24.4
1782736636.159,44.5,24.4
1782736641.168,44.5,24.4
1782736646.175,44.3,24.4
1782736651.182,43.9,24.4
1782736656.19,43.5,24.4
1782736661.197,43.7,24.4
1782736666.207,44.1,24.4
1782736671.214,44.4,24.4
1782736676.223,43.7,24.4
1782736681.232,43.6,24.4
1782736686.239,43.9,24.4
1782736691.246,44.0,24.4
1782736696.255,44.0,24.4
1782736701.26,44.1,24.4
1782736706.266,43.9,24.4
1782736711.272,43.5,24.4
1782736716.279,43.6,24.4
1782736721.29,43.9,24.4
1782736726.298,44.0,24.4
1782736731.306,43.7,24.4
1782736736.314,43.8,24.4
1782736741.321,44.1,24.4
1782736746.331,44.1,24.4
1782736751.333,43.9,24.4
1782736756.34,44.0,24.4
1782736761.349,44.1,24.4
1782736766.36,44.0,24.4
1782736771.365,43.2,24.4
1782736776.373,43.2,24.4
1782736781.381,43.4,24.4
1782736786.385,43.8,24.4
1782736791.395,44.0,24.4
1782736796.408,44.1,24.4
1782736801.414,44.3,24.4
1782736806.428,44.3,24.4
1782736811.437,44.5,24.4
1782736816.45,44.7,24.4
1782736821.462,44.9,24.4
1782736826.473,45.0,24.4
1782736831.479,45.3,24.4
1782736836.493,45.5,24.4
1782736841.505,45.8,24.4
1782736846.518,46.0,24.4
1782736851.523,46.6,24.4
1782736856.535,47.0,24.3
1782736861.549,47.2,24.4
1782736866.562,47.2,24.3
1782736871.57,47.1,24.3
1782736876.581,47.6,24.4
1782736881.594,48.1,24.4
1782736886.606,48.2,24.4
1782736891.617,48.4,24.4
1782736896.63,48.5,24.3
1782736901.636,48.5,24.4
1782736906.649,48.5,24.4
1782736911.66,48.6,24.4
1782736916.668,48.9,24.4
1782736921.68,49.3,24.4
1782736926.686,49.6,24.4
1782736931.7,49.6,24.4
1782736936.712,49.6,24.4
1782736941.724,49.6,24.4
1782736946.736,49.7,24.4
1782736951.744,49.8,24.4
1782736956.758,50.0,24.4
1782736961.768,50.0,24.4
1782736966.779,50.1,24.4
1782736971.791,50.1,24.4
1782736976.8,50.1,24.4
1782736981.811,50.2,24.4
1782736986.818,50.5,24.4
1782736991.831,50.9,24.4
1782736996.841,51.0,24.4
1782737001.847,51.0,24.4
1782737006.852,51.0,24.4
1782737011.86,50.8,24.4
1782737016.87,50.7,24.4
1782737021.882,50.5,24.4
1782737026.889,50.4,24.4
1782737031.9,50.3,24.4
1782737036.913,50.2,24.4
1782737041.924,50.4,24.4
1782737046.935,50.5,24.4
1782737051.949,50.5,24.4
1782737056.956,50.5,24.4
1782737061.967,50.3,24.4
1782737066.976,50.4,24.4
1782737071.988,50.6,24.4
1782737077.001,50.6,24.4
1782737082.011,50.5,24.4
1782737087.02,50.3,24.4
1782737092.031,50.2,24.4
1782737097.046,50.1,24.4
1782737102.058,50.1,24.4
1782737107.061,50.1,24.4
1782737112.073,49.9,24.4
1782737117.08,49.7,24.4
1782737122.091,49.8,24.4
1782737127.101,49.8,24.4
1782737132.107,50.0,24.4
1782737137.118,50.0,24.4
1782737142.13,49.9,24.4
1782737147.14,49.4,24.4
1782737152.149,49.2,24.4
1782737157.154,48.9,24.4
1782737162.165,48.9,24.4
1782737167.172,48.9,24.4
1782737172.186,48.8,24.4
1782737177.195,48.9,24.4
1782737182.202,49.1,24.4
1782737187.208,49.0,24.4
1782737192.223,48.5,24.4
1782737197.238,48.5,24.4
1782737202.249,48.6,24.4
1782737207.252,48.6,24.4
1782737212.26,48.7,24.4
1782737217.271,48.5,24.4
1782737222.282,48.3,24.4
1782737227.288,48.1,24.4
1782737232.296,48.0,24.4
1782737237.306,48.0,24.4
1782737242.316,48.1,24.4
1782737247.329,47.9,24.4
1782737252.342,47.7,24.4
1782737257.346,47.7,24.4
1782737262.359,47.7,24.4
1782737267.364,47.9,24.4
1782737272.373,47.9,24.4
1782737277.387,47.8,24.5
1782737282.398,47.6,24.4
1782737287.406,47.5,24.4
1782737292.415,47.5,24.4
1782737297.425,47.7,24.4
1782737302.433,47.6,24.4
1782737307.436,47.6,24.4
1782737312.448,47.5,24.4
1782737317.46,47.5,24.4
1782737322.47,47.3,24.4
1782737327.476,47.4,24.5
1782737332.49,47.5,24.5
1782737337.5,47.6,24.4
1782737342.513,47.5,24.5
1782737347.521,47.1,24.4
1782737352.533,47.0,24.4
1782737357.54,47.0,24.5
1782737362.549,46.9,24.4
1782737367.557,46.6,24.4
1782737372.568,46.6,24.5
1782737377.582,47.0,24.5
1782737382.595,47.0,24.4
1782737387.605,46.8,24.4
1782737392.616,46.8,24.5
1782737397.629,46.8,24.5
1782737402.639,46.8,24.4
1782737407.647,46.7,24.5
1782737412.657,46.6,24.4
1782737417.667,46.3,24.5
1782737422.68,46.1,24.5
1782737427.692,46.2,24.5
1782737432.704,46.3,24.4
1782737437.715,46.5,24.4
1782737442.725,46.4,24.5
1782737447.732,46.2,24.4
1782737452.745,46.3,24.4
1782737457.757,46.3,24.4
1782737462.766,46.1,24.4
1782737467.772,46.1,24.4
1782737472.784,46.3,24.4
1782737477.799,46.1,24.4
1782737482.808,46.0,24.4
1782737487.813,45.6,24.4
1782737492.83,45.0,24.4
1782737497.843,44.9,24.4
1782737502.852,45.2,24.4
1782737507.862,45.3,24.4
1782737512.868,45.5,24.4
1782737517.876,45.7,24.4
1782737522.89,45.8,24.4
1782737527.898,45.7,24.4
1782737532.904,45.9,24.4
1782737537.914,45.7,24.4
1782737542.923,45.7,24.4
1782737547.938,45.6,24.4
1782737552.949,45.4,24.4
1782737557.958,45.6,24.4
1782737562.964,45.9,24.4
1782737567.972,45.7,24.4
1782737572.984,45.6,24.4
1782737577.996,45.5,24.4
1782737583.004,45.6,24.4
1782737588.015,45.5,24.4
1782737593.03,45.6,24.4
1782737598.038,45.6,24.4
1782737603.05,45.4,24.4
1782737608.061,45.3,24.4
1782737613.068,44.9,24.4
1782737618.077,44.8,24.4
1782737623.088,44.9,24.4
1782737628.098,44.9,24.4
1782737633.11,44.9,24.4
1782737638.121,44.9,24.4
1782737643.131,44.9,24.4
1782737648.142,45.1,24.4
1782737653.153,45.3,24.4
1782737658.163,45.4,24.4
1782737663.175,45.4,24.4
1782737668.182,45.3,24.4
1782737673.194,45.6,24.4
1782737678.208,45.8,24.4
1782737683.216,45.8,24.4
1782737688.226,46.1,24.4
1782737693.241,46.3,24.4
1782737698.248,46.6,24.4
1782737703.26,46.5,24.3
1782737708.272,46.5,24.4
1782737713.285,46.5,24.3
1782737718.291,46.5,24.4
1782737723.3,46.6,24.3
1782737728.312,46.8,24.4
1782737733.325,47.0,24.4
1782737738.335,47.7,24.4
1782737743.347,48.1,24.3
1782737748.356,48.1,24.4
1782737753.369,48.3,24.4
1782737758.38,48.8,24.4
1782737763.393,48.9,24.3
1782737768.4,49.2,24.3
1782737773.409,49.5,24.3
1782737778.42,49.8,24.3
1782737783.431,49.9,24.3
1782737788.442,49.9,24.4
1782737793.45,49.9,24.4
1782737798.461,50.0,24.3
1782737803.474,50.0,24.3
1782737808.488,49.9,24.3
1782737813.501,50.3,24.3
1782737818.511,50.6,24.4
1782737823.517,50.7,24.3
1782737828.529,50.9,24.3
1782737833.544,51.1,24.3
1782737838.549,51.1,24.4
1782737843.56,51.0,24.3
1782737848.576,50.9,24.3
1782737853.586,50.8,24.3
1782737858.596,50.8,24.4
1782737863.605,50.9,24.3
1782737868.613,51.2,24.4
1782737873.616,51.5,24.4
1782737878.63,51.7,24.4
1782737883.636,51.7,24.4
1782737888.644,51.6,24.4
1782737893.655,51.5,24.4
1782737898.667,51.3,24.4
1782737903.681,51.2,24.4
1782737908.694,51.1,24.4
1782737913.705,51.1,24.4
1782737918.717,51.0,24.4
1782737923.721,51.0,24.4
1782737928.733,51.0,24.4
1782737933.747,51.0,24.4
1782737938.755,51.0,24.4
1782737943.766,51.1,24.4
1782737948.784,51.1,24.4
1782737953.791,51.2,24.4
1782737958.8,51.1,24.4
1782737963.813,50.8,24.4
1782737968.824,50.9,24.4
1782737973.831,50.8,24.4
1782737978.843,50.7,24.4
1782737983.854,50.4,24.4
1782737988.864,50.4,24.4
1782737993.877,50.6,24.4
1782737998.891,50.6,24.4
1782738003.904,50.5,24.4
1782738008.917,50.3,24.4
1782738013.927,50.2,24.4
1782738018.94,50.2,24.4
1782738023.953,50.3,24.4
1782738028.96,50.2,24.4
1782738033.974,50.0,24.4
1782738038.983,50.0,24.4
1782738043.999,50.0,24.4
1782738049.012,49.9,24.4
1782738054.024,50.0,24.4
1782738059.031,50.1,24.4
1782738064.041,49.6,24.4
1782738069.053,49.1,24.4
1782738074.06,49.1,24.4
1782738079.068,49.1,24.4
1782738084.08,49.0,24.4
1782738089.092,48.9,24.4
1782738094.11,48.8,24.4
1782738099.12,48.8,24.4
1782738104.132,48.9,24.4
1782738109.14,48.8,24.4
1782738114.153,48.4,24.4
1782738119.165,48.2,24.4
1782738124.177,48.2,24.4
1782738129.184,48.3,24.4
1782738134.192,48.4,24.4
1782738139.202,48.5,24.4
1782738144.216,48.4,24.4
1782738149.224,48.3,24.4
1782738154.231,48.2,24.4
1782738159.243,48.3,24.4
1782738164.255,47.8,24.4
1782738169.267,47.6,24.4
1782738174.278,47.7,24.4
1782738179.284,47.6,24.4
1782738184.292,47.7,24.4
1782738189.306,47.6,24.4
1782738194.314,47.4,24.4
1782738199.325,47.2,24.4
1782738204.339,47.3,24.4
1782738209.349,46.9,24.4
1782738214.358,46.9,24.4
1782738219.369,47.0,24.4
1782738224.377,47.3,24.4
1782738229.38,47.2,24.4
1782738234.392,47.3,24.4
1782738239.402,47.4,24.4
1782738244.416,47.2,24.4
1782738249.428,47.1,24.4
1782738254.437,47.0,24.4
1782738259.451,47.0,24.4
1782738264.465,47.0,24.4
1782738269.475,46.9,24.4
1782738274.484,46.9,24.4
1782738279.497,46.9,24.4
1782738284.504,47.1,24.4
1782738289.514,47.0,24.4
1782738294.524,46.6,24.4
1782738299.535,46.6,24.4
1782738304.547,46.6,24.4
1782738309.557,46.6,24.4
1782738314.564,46.2,24.4
1782738319.577,46.1,24.4
1782738324.587,46.5,24.4
1782738329.597,46.8,24.4
1782738334.6,47.0,24.4
1782738339.612,47.0,24.4
1782738344.626,46.8,24.4
1782738349.636,46.6,24.4
1782738354.644,46.2,24.4
1782738359.653,46.2,24.4
1782738364.666,46.2,24.4
1782738369.678,46.2,24.4
1782738374.686,46.3,24.4
1782738379.699,46.2,24.4
1782738384.704,46.1,24.4
1782738389.716,46.2,24.4
1782738394.727,46.1,24.4
1782738399.74,46.0,24.4
1782738404.752,45.8,24.4
1782738409.762,45.4,24.4
1782738414.772,45.3,24.4
1782738419.786,45.5,24.4
1782738424.8,45.6,24.4
1782738429.809,45.7,24.4
1782738434.812,45.5,24.4
1782738439.823,45.6,24.4
1782738444.833,45.6,24.4
1782738449.847,45.7,24.4
1782738454.858,45.7,24.4
1782738459.868,46.0,24.4
1782738464.88,45.8,24.4
1782738469.889,45.9,24.4
1782738474.898,45.9,24.4
1782738479.91,45.7,24.4
1782738484.916,45.7,24.4
1782738489.932,45.7,24.4
1782738494.942,45.6,24.4
1782738499.954,45.6,24.4
1782738504.965,46.0,24.4
1782738509.975,46.3,24.4
1782738514.983,46.4,24.4
1782738519.997,46.5,24.4
1782738525.009,46.6,24.4
1782738530.015,46.7,24.3
1782738535.026,46.8,24.4
1782738540.035,46.9,24.3
1782738545.048,47.1,24.4
1782738550.06,47.3,24.4
1782738555.068,47.3,24.4
1782738560.081,47.6,24.4
1782738565.095,47.8,24.4
1782738570.104,48.0,24.4
1782738575.114,48.1,24.4
1782738580.125,48.5,24.4
1782738585.133,49.0,24.4
1782738590.139,49.5,24.4
1782738595.152,49.9,24.4
1782738600.164,50.0,24.4
1782738605.174,50.0,24.4
1782738610.182,50.0,24.4
1782738615.189,50.1,24.4
1782738620.199,50.1,24.4
1782738625.209,50.1,24.4
1782738630.217,50.5,24.4
1782738635.228,50.7,24.4
1782738640.235,50.7,24.4
1782738645.245,50.6,24.4
1782738650.255,50.6,24.4
1782738655.266,50.6,24.4
1782738660.281,50.7,24.4
1782738665.29,50.7,24.4
1782738670.301,50.8,24.4
1782738675.313,50.9,24.4
1782738680.323,51.2,24.4
1782738685.332,51.5,24.4
1782738690.341,51.7,24.4
1782738695.352,51.9,24.4
1782738700.361,51.8,24.4
1782738705.376,51.8,24.4
1782738710.383,51.7,24.4
1782738715.395,51.8,24.4
1782738720.406,51.7,24.4
1782738725.418,51.7,24.4
1782738730.431,51.8,24.4
1782738735.443,51.9,24.4
1782738740.457,51.9,24.4
1782738745.461,51.8,24.4
1782738750.471,51.7,24.4
1782738755.485,51.6,24.4
1782738760.498,51.6,24.4
1782738765.507,51.6,24.4
1782738770.518,51.5,24.4
1782738775.531,51.5,24.4
1782738780.543,51.5,24.4
1782738785.553,51.5,24.4
1782738790.563,51.6,24.4
1782738795.569,51.5,24.4
1782738800.583,51.6,24.4
1782738805.593,51.6,24.4
1782738810.605,51.6,24.4
1782738815.617,51.4,24.4
1782738820.631,51.3,24.4
1782738825.643,51.2,24.4
1782738830.656,51.3,24.4
1782738835.671,51.2,24.4
1782738840.682,51.0,24.4
1782738845.689,50.9,24.4
1782738850.701,50.8,24.4
1782738855.713,50.7,24.4
1782738860.727,50.5,24.4
1782738865.736,50.5,24.4
1782738870.751,50.4,24.4
1782738875.764,50.1,24.4
1782738880.776,49.8,24.4
1782738885.786,49.8,24.4
1782738890.799,50.0,24.4
1782738895.806,50.0,24.4
1782738900.818,50.0,24.4
1782738905.829,49.9,24.4
1782738910.842,50.1,24.4
1782738915.855,50.0,24.4
1782738920.868,49.4,24.4
1782738925.879,49.3,24.4
1782738930.891,49.4,24.4
1782738935.906,49.4,24.4
1782738940.917,49.3,24.4
1782738945.929,49.2,24.4
1782738950.933,48.8,24.4
1782738955.945,48.6,24.4
1782738960.959,48.8,24.4
1782738965.971,49.0,24.4
1782738970.983,49.0,24.4
1782738975.996,49.1,24.4
1782738981.007,49.0,24.4
1782738986.017,48.8,24.4
1782738991.03,48.8,24.4
1782738996.043,48.7,24.4
1782739001.049,48.5,24.4
1782739006.059,48.4,24.4
1782739011.068,48.5,24.4
1782739016.081,48.6,24.4
1782739021.093,48.5,24.4
1782739026.101,48.5,24.4
1782739031.115,48.4,24.4
1782739036.128,48.3,24.4
1782739041.139,48.3,24.4
1782739046.153,48.3,24.4
1782739051.156,48.3,24.4
1782739056.167,48.3,24.4
1782739061.178,48.0,24.4
1782739066.189,47.5,24.4
1782739071.199,47.5,24.4
1782739076.213,47.6,24.4
1782739081.222,47.7,24.4
1782739086.235,47.6,24.4
1782739091.248,47.7,24.4
1782739096.259,47.7,24.4
1782739101.266,47.6,24.4
1782739106.277,47.6,24.4
1782739111.29,47.6,24.4
1782739116.302,47.7,24.4
1782739121.307,47.7,24.4
1782739126.319,47.6,24.4
1782739131.336,47.6,24.4
1782739136.343,47.5,24.4
1782739141.354,47.6,24.4
1782739146.363,47.5,24.4
1782739151.37,47.3,24.4
1782739156.383,47.3,24.4
1782739161.391,47.3,24.4
1782739166.403,47.1,24.4
1782739171.415,46.8,24.4
1782739176.428,46.7,24.4
1782739181.442,46.8,24.4
1782739186.45,46.8,24.4
1782739191.462,46.8,24.4
1782739196.474,46.7,24.4
1782739201.485,46.5,24.4
1782739206.492,46.3,24.4
1782739211.504,46.2,24.4
1782739216.515,46.1,24.4
1782739221.525,46.3,24.4
1782739226.536,46.4,24.4
1782739231.55,46.2,24.4
1782739236.563,46.4,24.4
1782739241.572,46.6,24.4
1782739246.584,46.6,24.4
1782739251.596,46.5,24.4
1782739256.603,46.4,24.4
1782739261.614,46.3,24.4
1782739266.622,46.5,24.4
1782739271.634,46.3,24.4
1782739276.646,46.3,24.4
1782739281.657,46.2,24.4
1782739286.67,46.1,24.4
1782739291.68,46.0,24.4
1782739296.689,46.2,24.4
1782739301.701,46.3,24.4
1782739306.708,46.2,24.4
1782739311.719,46.1,24.4
1782739316.73,45.9,24.4
1782739321.742,46.1,24.4
1782739326.754,46.2,24.4
1782739331.769,46.1,24.4
1782739336.779,46.0,24.4
1782739341.79,45.9,24.4
1782739346.805,45.8,24.4
1782739351.817,45.7,24.4
1782739356.823,45.3,24.4
1782739361.832,45.4,24.4
1782739366.84,45.6,24.4
1782739371.855,45.8,24.4
1782739376.868,45.7,24.4
1782739381.879,45.6,24.4
1782739386.89,45.4,24.4
1782739391.901,45.4,24.3
1782739396.913,45.5,24.4
1782739401.925,45.6,24.4
1782739406.937,45.7,24.4
1782739411.944,45.9,24.3
1782739416.959,46.0,24.4
1782739421.97,46.1,24.3
1782739426.977,46.1,24.3
1782739431.992,46.3,24.4
1782739437.002,46.4,24.3
1782739442.014,46.5,24.3
1782739447.026,46.6,24.4
1782739452.037,46.7,24.3
1782739457.045,46.9,24.3
1782739462.049,47.1,24.3
1782739467.063,47.3,24.4
1782739472.072,47.3,24.4
1782739477.085,47.4,24.3
1782739482.095,47.5,24.3
1782739487.104,47.8,24.4
1782739492.112,48.3,24.3
1782739497.121,48.9,24.3
1782739502.133,49.2,24.3
1782739507.142,49.3,24.3
1782739512.151,50.1,24.4
1782739517.162,50.4,24.3
1782739522.172,50.6,24.3
1782739527.189,50.7,24.3
1782739532.202,50.6,24.3
1782739537.212,51.0,24.3
1782739542.22,51.3,24.3
1782739547.229,51.2,24.4
1782739552.237,51.1,24.3
1782739557.247,51.1,24.3
1782739562.254,51.3,24.3
1782739567.264,51.2,24.3
1782739572.274,51.3,24.3
1782739577.283,51.4,24.3
1782739582.292,51.7,24.3
1782739587.302,51.7,24.3
1782739592.313,51.6,24.3
1782739597.32,51.7,24.3
1782739602.328,51.9,24.3
1782739607.336,52.0,24.3
1782739612.342,52.3,24.3
1782739617.35,52.4,24.4
1782739622.361,52.5,24.3
1782739627.372,52.5,24.3
1782739632.386,52.4,24.3
1782739637.397,52.3,24.3
1782739642.409,52.3,24.4
1782739647.421,52.2,24.4
1782739652.433,52.1,24.3
1782739657.446,52.0,24.4
1782739662.45,52.0,24.4
1782739667.461,52.2,24.3
1782739672.475,52.3,24.4
1782739677.489,52.3,24.4
1782739682.501,52.3,24.4
1782739687.513,52.3,24.4
1782739692.523,52.3,24.3
1782739697.531,52.4,24.4
1782739702.544,52.4,24.4
1782739707.557,52.3,24.4
1782739712.564,51.9,24.4
1782739717.575,51.5,24.4
1782739722.588,51.4,24.4
1782739727.603,51.5,24.3
1782739732.612,51.6,24.4
1782739737.622,51.5,24.4
1782739742.633,51.4,24.4
1782739747.647,51.4,24.4
1782739752.66,51.2,24.4
1782739757.669,51.0,24.4
1782739762.678,50.8,24.4
1782739767.684,50.7,24.4
1782739772.694,50.7,24.4
1782739777.704,50.2,24.4
1782739782.713,50.1,24.4
1782739787.722,50.2,24.4
1782739792.729,50.0,24.4
1782739797.739,50.0,24.4
1782739802.753,50.2,24.4
1782739807.765,50.1,24.4
1782739812.777,50.0,24.4
1782739817.783,49.7,24.4
1782739822.798,49.5,24.4
1782739827.81,49.7,24.4
1782739832.822,49.8,24.4
1782739837.832,49.8,24.4
1782739842.844,49.6,24.4
1782739847.857,49.6,24.4
1782739852.865,49.7,24.4
1782739857.876,49.8,24.4
1782739862.886,49.8,24.4
1782739867.89,49.4,24.4
1782739872.905,49.4,24.4
1782739877.913,49.4,24.4
1782739882.925,49.4,24.4
1782739887.938,49.3,24.4
1782739892.951,49.2,24.4
1782739897.962,49.2,24.4
1782739902.973,49.4,24.4
1782739907.984,49.4,24.4
1782739912.993,49.2,24.4
1782739918.0,49.1,24.4
1782739923.016,49.1,24.4
1782739928.027,49.1,24.4
1782739933.039,49.0,24.4
1782739938.052,48.8,24.4
1782739943.061,48.7,24.4
1782739948.071,48.7,24.4
1782739953.08,48.8,24.4
1782739958.092,48.8,24.4
1782739963.105,48.6,24.4
1782739968.111,48.3,24.4
1782739973.125,48.2,24.4
1782739978.137,48.2,24.4
1782739983.147,48.3,24.4
1782739988.16,48.4,24.4
1782739993.17,47.9,24.4
1782739998.181,47.8,24.4
1782740003.194,47.8,24.4
1782740008.206,47.9,24.4
1782740013.217,47.8,24.4
1782740018.221,47.8,24.4
1782740023.233,47.9,24.4
1782740028.239,47.8,24.4
1782740033.251,47.8,24.4
1782740038.263,47.9,24.4
1782740043.272,47.8,24.4
1782740048.284,47.8,24.4
1782740053.289,47.7,24.4
1782740058.304,47.8,24.4
1782740063.311,47.7,24.4
1782740068.324,47.5,24.4
1782740073.331,47.4,24.4
1782740078.343,47.2,24.4
1782740083.357,47.0,24.4
1782740088.369,47.1,24.4
1782740093.376,47.4,24.4
1782740098.389,47.5,24.4
1782740103.404,47.6,24.4
1782740108.416,47.6,24.4
1782740113.427,47.6,24.4
1782740118.437,47.3,24.4
1782740123.443,47.2,24.4
1782740128.459,47.0,24.4
1782740133.467,46.9,24.4
1782740138.476,47.0,24.4
1782740143.49,47.2,24.4
1782740148.502,46.5,24.4
1782740153.51,46.3,24.4
1782740158.523,46.7,24.4
1782740163.531,46.7,24.4
1782740168.543,46.6,24.4
1782740173.55,46.7,24.4
1782740178.561,46.9,24.4
1782740183.57,47.0,24.4
1782740188.583,46.9,24.3
1782740193.592,46.7,24.4
1782740198.606,46.5,24.4
1782740203.618,46.4,24.4
1782740208.63,46.9,24.4
1782740213.639,46.8,24.4
1782740218.652,46.8,24.4
1782740223.665,46.7,24.3
1782740228.671,46.3,24.3
1782740233.683,46.5,24.3
1782740238.694,46.4,24.3
1782740243.708,46.1,24.3
1782740248.72,46.0,24.3
1782740253.731,46.0,24.3
1782740258.741,46.1,24.3
1782740263.751,46.1,24.3
1782740268.764,46.0,24.3
1782740273.778,45.8,24.3
1782740278.785,46.0,24.3
1782740283.796,46.1,24.3
1782740288.808,45.9,24.3
1782740293.817,45.7,24.3
1782740298.827,45.7,24.3
1782740303.837,45.9,24.3
1782740308.84,45.9,24.4
1782740313.851,46.1,24.3
1782740318.862,45.9,24.3
1782740323.871,46.1,24.3
1782740328.876,46.1,24.3
1782740333.882,46.2,24.4
1782740338.891,46.4,24.3
1782740343.904,46.6,24.3
1782740348.914,46.8,24.3
1782740353.924,46.8,24.3
1782740358.937,47.0,24.3
1782740363.951,47.1,24.3
1782740368.963,47.2,24.3
1782740373.977,47.3,24.3
1782740378.979,47.2,24.3
1782740383.992,47.2,24.3
1782740389.001,47.8,24.3
1782740394.013,48.7,24.3
1782740399.021,48.9,24.3
1782740404.03,49.1,24.3
1782740409.038,49.5,24.3
1782740414.047,49.8,24.3
1782740419.057,50.1,24.3
1782740424.065,50.2,24.3
1782740429.068,50.3,24.3
1782740434.077,50.2,24.3
1782740439.083,50.2,24.3
1782740444.089,50.1,24.3
1782740449.096,50.2,24.3
1782740454.104,50.6,24.3
1782740459.118,50.7,24.3
1782740464.13,50.7,24.3
1782740469.144,50.7,24.3
1782740474.156,50.8,24.3
1782740479.16,51.0,24.3
1782740484.175,51.0,24.3
1782740489.186,51.1,24.3
1782740494.197,51.5,24.3
1782740499.211,52.1,24.3
1782740504.222,52.4,24.3
1782740509.234,52.5,24.3
1782740514.245,52.5,24.3
1782740519.257,52.6,24.3
1782740524.264,52.5,24.3
1782740529.272,52.4,24.3
1782740534.284,52.3,24.3
1782740539.293,52.5,24.3
1782740544.307,52.4,24.3
1782740549.316,52.5,24.3
1782740554.327,52.6,24.3
1782740559.337,52.4,24.4
1782740564.341,52.3,24.4
1782740569.352,52.2,24.3
1782740574.357,52.2,24.4
1782740579.367,52.1,24.4
1782740584.373,52.3,24.4
1782740589.38,52.2,24.4
1782740594.389,52.2,24.4
1782740599.397,52.0,24.4
1782740604.404,51.9,24.4
1782740609.411,51.9,24.4
1782740614.415,52.0,24.3
1782740619.425,52.0,24.3
1782740624.433,51.9,24.4
1782740629.442,51.8,24.4
1782740634.448,51.6,24.4
1782740639.461,51.6,24.4
1782740644.471,51.8,24.4
1782740649.486,51.8,24.4
1782740654.499,51.6,24.4
1782740659.506,51.4,24.4
1782740664.512,51.3,24.4
1782740669.529,51.1,24.4
1782740674.536,51.1,24.4
1782740679.546,51.0,24.4
1782740684.548,50.9,24.4
1782740689.556,51.1,24.4
1782740694.567,51.1,24.4
1782740699.574,51.1,24.4
1782740704.58,50.9,24.4
1782740709.59,50.8,24.4
1782740714.598,50.7,24.4
1782740719.607,50.3,24.4
1782740724.616,50.1,24.4
1782740729.624,50.0,24.4
1782740734.628,50.1,24.4
1782740739.638,50.1,24.4
1782740744.646,50.0,24.4
1782740749.652,49.8,24.4
1782740754.663,49.7,24.4
1782740759.67,49.4,24.4
1782740764.68,49.3,24.4
1782740769.69,49.4,24.4
1782740774.699,49.0,24.4
1782740779.707,49.0,24.4
1782740784.712,49.2,24.4
1782740789.721,49.4,24.4
1782740794.728,49.3,24.4
1782740799.738,49.1,24.4
1782740804.743,49.1,24.4
1782740809.754,49.2,24.4
1782740814.761,49.1,24.4
1782740819.77,48.9,24.4
1782740824.78,48.9,24.4
1782740829.785,48.8,24.4
1782740834.794,48.9,24.4
1782740839.804,48.8,24.4
1782740844.808,48.7,24.4
1782740849.819,48.6,24.4
1782740854.826,48.7,24.4
1782740859.833,48.6,24.4
1782740864.845,48.5,24.4
1782740869.857,48.6,24.4
1782740874.87,48.6,24.4
1782740879.877,48.5,24.4
1782740884.887,48.3,24.4
1782740889.896,48.3,24.4
1782740894.906,48.7,24.4
1782740899.912,48.9,24.4
1782740904.923,48.4,24.4
1782740909.936,48.1,24.4
1782740914.95,48.1,24.4
1782740919.961,48.1,24.4
1782740924.968,48.2,24.4
1782740929.98,48.4,24.4
1782740934.987,48.4,24.4
1782740939.999,48.2,24.4
1782740945.008,48.1,24.4
1782740950.02,47.6,24.4
1782740955.035,47.6,24.4
1782740960.042,47.7,24.4
1782740965.053,47.8,24.4
1782740970.064,47.9,24.4
1782740975.074,47.8,24.4
1782740980.081,47.9,24.4
1782740985.087,47.9,24.4
1782740990.099,47.7,24.4
1782740995.114,47.8,24.4
1782741000.122,47.7,24.4
1782741005.134,47.4,24.4
1782741010.147,47.5,24.4
1782741015.159,47.5,24.4
1782741020.169,47.4,24.4
1782741025.182,47.3,24.4
1782741030.195,47.2,24.4
1782741035.201,47.2,24.4
1782741040.214,47.0,24.4
1782741045.226,47.0,24.4
1782741050.239,47.2,24.4
1782741055.249,47.5,24.4
1782741060.252,47.6,24.4
1782741065.263,47.8,24.4
1782741070.274,47.8,24.4
1782741075.283,47.6,24.4
1782741080.288,47.1,24.4
1782741085.296,47.0,24.4
1782741090.302,46.8,24.4
1782741095.313,46.9,24.4
1782741100.316,47.2,24.4
1782741105.323,47.2,24.4
1782741110.331,46.9,24.4
1782741115.337,46.8,24.4
1782741120.346,46.6,24.4
1782741125.356,46.7,24.4
1782741130.361,47.0,24.4
1782741135.364,47.0,24.4
1782741140.376,46.8,24.4
1782741145.386,46.7,24.4
1782741150.396,46.7,24.4
1782741155.406,46.8,24.4
1782741160.416,46.8,24.4
1782741165.433,46.8,24.4
1782741170.441,46.9,24.4
1782741175.45,46.7,24.4
1782741180.461,46.2,24.4
1782741185.464,46.4,24.4
1782741190.476,46.7,24.4
1782741195.489,46.8,24.4
1782741200.495,46.6,24.3
1782741205.504,46.4,24.3
1782741210.52,46.5,24.3
1782741215.53,46.6,24.3
1782741220.54,46.6,24.3
1782741225.549,46.5,24.3
1782741230.557,46.7,24.4
1782741235.56,47.0,24.4
1782741240.572,47.0,24.3
1782741245.581,46.9,24.3
1782741250.593,46.7,24.3
1782741255.6,46.7,24.4
1782741260.612,46.8,24.3
1782741265.62,47.0,24.3
1782741270.629,47.4,24.3
1782741275.638,47.7,24.3
1782741280.645,47.8,24.4
1782741285.647,47.9,24.3
1782741290.655,48.4,24.4
1782741295.663,48.9,24.4
1782741300.672,48.9,24.4
1782741305.681,48.9,24.4
1782741310.691,48.9,24.3
1782741315.7,48.8,24.3
1782741320.707,49.1,24.3
1782741325.715,49.5,24.3
1782741330.723,49.6,24.3
1782741335.728,49.7,24.4
1782741340.736,49.9,24.3
1782741345.744,50.0,24.3
1782741350.754,50.6,24.3
1782741355.762,51.1,24.3
1782741360.772,51.2,24.3
1782741365.781,51.4,24.3
1782741370.789,51.5,24.3
1782741375.798,51.6,24.3
1782741380.808,51.5,24.3
1782741385.812,51.6,24.3
1782741390.82,51.6,24.3
1782741395.825,51.7,24.3
1782741400.835,51.9,24.3
1782741405.844,52.1,24.3
1782741410.851,52.5,24.3
1782741415.859,52.7,24.4
1782741420.869,52.7,24.3
1782741425.878,52.8,24.3
1782741430.883,53.0,24.3
1782741435.889,53.2,24.4
1782741440.897,53.0,24.4
1782741445.904,52.8,24.3
1782741450.91,52.8,24.4
1782741455.916,52.9,24.3
1782741460.927,53.0,24.3
1782741465.937,53.0,24.3
1782741470.947,53.0,24.3
1782741475.956,53.0,24.3
1782741480.965,52.8,24.3
1782741485.971,52.8,24.3
1782741490.982,52.8,24.3
1782741495.987,52.9,24.3
1782741500.994,52.9,24.3
1782741506.006,52.9,24.3
1782741511.014,52.9,24.4
1782741516.023,52.9,24.3
1782741521.032,52.9,24.3
1782741526.042,52.8,24.3
1782741531.051,52.8,24.4
1782741536.057,52.8,24.3
1782741541.068,52.6,24.3
1782741546.075,52.1,24.3
1782741551.085,52.1,24.3
1782741556.094,52.0,24.3
1782741561.102,52.0,24.3
1782741566.112,51.9,24.3
1782741571.119,51.8,24.3
1782741576.128,51.7,24.4
1782741581.137,51.6,24.3
1782741586.145,51.3,24.4
1782741591.154,51.0,24.4
1782741596.16,51.1,24.3
1782741601.17,51.4,24.4
1782741606.18,51.1,24.3
1782741611.191,50.9,24.4
1782741616.2,51.1,24.4
1782741621.206,51.2,24.4
1782741626.214,50.8,24.3
1782741631.222,50.5,24.4
1782741636.226,50.2,24.4
1782741641.233,50.0,24.4
1782741646.242,50.2,24.4
1782741651.248,50.4,24.4
1782741656.26,50.4,24.4
1782741661.27,50.2,24.3
1782741666.279,50.0,24.3
1782741671.288,49.8,24.4
1782741676.297,49.5,24.4
1782741681.304,49.5,24.4
1782741686.308,49.5,24.4
1782741691.316,49.5,24.4
1782741696.324,49.7,24.4
1782741701.334,49.9,24.4
1782741706.345,50.0,24.4
1782741711.352,49.9,24.4
1782741716.363,49.1,24.4
1782741721.368,48.9,24.4
1782741726.374,49.1,24.4
1782741731.381,49.2,24.4
1782741736.387,49.2,24.4
1782741741.396,49.0,24.4
1782741746.407,49.2,24.4
1782741751.416,49.4,24.4
1782741756.422,49.2,24.4
1782741761.433,49.0,24.4
1782741766.441,49.1,24.4
1782741771.45,48.9,24.4
1782741776.463,48.9,24.4
1782741781.475,48.9,24.4
1782741786.481,48.8,24.4
1782741791.492,48.6,24.4
1782741796.505,48.3,24.4
1782741801.518,48.5,24.4
1782741806.532,48.8,24.4
1782741811.538,48.8,24.4
1782741816.551,48.2,24.4
1782741821.561,47.9,24.4
1782741826.573,47.8,24.4
1782741831.585,47.8,24.4
1782741836.586,47.6,24.4
1782741841.599,47.6,24.4
1782741846.615,47.7,24.4
1782741851.624,48.0,24.4
1782741856.638,48.3,24.4
1782741861.652,48.3,24.3
1782741866.66,47.8,24.4
1782741871.667,47.5,24.3
1782741876.681,47.6,24.3
1782741881.692,47.6,24.4
1782741886.7,47.6,24.4
1782741891.71,47.7,24.4
1782741896.72,47.6,24.4
1782741901.735,47.4,24.4
1782741906.748,47.4,24.4
1782741911.76,47.9,24.4
1782741916.769,48.2,24.3
1782741921.779,47.9,24.3
1782741926.791,47.8,24.3
1782741931.803,47.8,24.3
1782741936.809,47.6,24.3
1782741941.818,47.7,24.3
1782741946.831,47.8,24.4
1782741951.843,47.7,24.3
1782741956.856,47.6,24.3
1782741961.869,47.5,24.3
1782741966.879,47.6,24.3
1782741971.888,47.3,24.3
1782741976.895,46.9,24.3
1782741981.904,47.0,24.3
1782741986.91,47.0,24.3
1782741991.916,46.7,24.3
1782741996.924,46.8,24.3
1782742001.934,46.9,24.3
1782742006.946,46.6,24.4
1782742011.959,46.5,24.3
1782742016.972,46.5,24.3
1782742021.98,46.4,24.3
1782742026.986,46.6,24.3
1782742031.997,46.8,24.3
1782742037.0,46.8,24.4
1782742042.008,46.6,24.3
1782742047.02,46.7,24.3
1782742052.032,47.0,24.3
1782742057.048,46.6,24.3
1782742062.058,46.3,24.3
1782742067.068,46.2,24.3
1782742072.08,46.2,24.3
1782742077.089,46.2,24.3
1782742082.101,46.4,24.3
1782742087.114,46.5,24.3
1782742092.12,46.6,24.3
1782742097.129,46.4,24.3
1782742102.142,46.4,24.3
1782742107.157,46.6,24.3
1782742112.165,46.7,24.3
1782742117.173,46.7,24.3
1782742122.184,46.8,24.3
1782742127.194,46.8,24.3
1782742132.205,46.7,24.3
1782742137.216,46.6,24.3
1782742142.223,46.4,24.3
1782742147.232,46.4,24.3
1782742152.245,46.3,24.3
1782742157.255,46.2,24.3
1782742162.265,46.2,24.3
1782742167.275,46.4,24.3
1782742172.287,46.4,24.3
1782742177.3,46.2,24.3
1782742182.311,46.1,24.3
1782742187.323,46.1,24.3
1782742192.328,46.6,24.3
1782742197.343,46.9,24.3
1782742202.356,46.9,24.3
1782742207.367,47.1,24.3
1782742212.379,47.2,24.3
1782742217.391,47.2,24.3
1782742222.401,47.2,24.3
1782742227.413,47.2,24.3
1782742232.426,47.6,24.3
1782742237.438,48.0,24.3
1782742242.444,48.5,24.3
1782742247.456,48.4,24.3
1782742252.467,48.1,24.3
1782742257.482,48.1,24.3
1782742262.495,48.6,24.3
1782742267.505,49.3,24.3
1782742272.519,50.1,24.3
1782742277.53,50.4,24.3
1782742282.539,50.2,24.3
1782742287.552,50.2,24.3
1782742292.558,50.2,24.3
1782742297.568,50.4,24.3
1782742302.583,51.1,24.3
1782742307.594,51.3,24.3
1782742312.606,51.4,24.3
1782742317.62,51.6,24.3
1782742322.629,51.4,24.3
1782742327.639,51.3,24.3
1782742332.653,51.3,24.3
1782742337.662,51.6,24.3
1782742342.673,51.7,24.3
1782742347.681,51.7,24.3
1782742352.69,51.8,24.3
1782742357.699,52.0,24.3
1782742362.709,52.4,24.3
1782742367.718,52.5,24.3
1782742372.727,52.4,24.3
1782742377.735,52.4,24.3
1782742382.74,52.4,24.3
1782742387.751,52.5,24.3
1782742392.76,52.9,24.3
1782742397.766,53.3,24.3
1782742402.777,53.3,24.3
1782742407.786,53.1,24.3
1782742412.796,52.9,24.3
1782742417.803,52.8,24.3
1782742422.812,52.8,24.3
1782742427.819,52.8,24.3
1782742432.826,52.8,24.3
1782742437.839,52.9,24.3
1782742442.846,53.0,24.3
1782742447.854,52.9,24.3
1782742452.864,52.9,24.3
1782742457.878,52.9,24.3
1782742462.887,52.7,24.3
1782742467.898,52.5,24.3
1782742472.909,52.5,24.3
1782742477.921,52.5,24.3
1782742482.933,52.6,24.3
1782742487.945,52.5,24.3
1782742492.957,52.4,24.3
1782742497.963,52.3,24.3
1782742502.979,52.1,24.3
1782742507.992,52.0,24.3
1782742513.003,52.1,24.3
1782742518.016,52.2,24.3
1782742523.026,52.2,24.3
1782742528.04,52.2,24.3
1782742533.053,51.8,24.3
1782742538.061,51.5,24.3
1782742543.072,51.3,24.3
1782742548.076,51.4,24.3
1782742553.088,51.2,24.3
1782742558.097,51.1,24.3
1782742563.105,51.4,24.3
1782742568.114,51.4,24.3
1782742573.122,51.2,24.3
1782742578.132,50.8,24.3
1782742583.139,50.8,24.3
1782742588.149,50.8,24.3
1782742593.154,50.8,24.3
1782742598.162,50.7,24.3
1782742603.167,50.5,24.3
1782742608.174,50.3,24.4
1782742613.182,50.2,24.4
1782742618.192,50.1,24.4
1782742623.202,50.3,24.3
1782742628.206,50.4,24.4
1782742633.216,50.2,24.4
1782742638.226,50.1,24.4
1782742643.234,50.0,24.3
1782742648.241,50.0,24.3
1782742653.256,50.0,24.4
1782742658.269,49.8,24.4
1782742663.28,49.7,24.4
1782742668.287,49.7,24.3
1782742673.302,49.7,24.4
1782742678.313,49.9,24.4
1782742683.321,50.0,24.4
1782742688.333,49.9,24.4
1782742693.346,49.6,24.4
1782742698.352,49.3,24.4
1782742703.364,49.2,24.4
1782742708.375,49.2,24.4
1782742713.387,49.1,24.4
1782742718.398,49.0,24.4
1782742723.405,49.1,24.4
1782742728.414,49.2,24.3
1782742733.423,49.3,24.3
1782742738.43,48.8,24.4
1782742743.44,48.3,24.4
1782742748.448,48.3,24.4
1782742753.452,48.3,24.4
1782742758.466,48.6,24.4
1782742763.478,48.7,24.3
1782742768.488,48.3,24.4
1782742773.502,48.4,24.4
1782742778.51,48.5,24.4
1782742783.522,48.4,24.4
1782742788.536,48.4,24.4
1782742793.548,48.4,24.4
1782742798.56,48.4,24.4
1782742803.564,48.1,24.4
1782742808.572,48.0,24.4
1782742813.587,47.9,24.4
1782742818.593,48.0,24.4
1782742823.605,48.0,24.3
1782742828.618,48.0,24.3
1782742833.624,48.1,24.3
1782742838.636,48.0,24.4
1782742843.645,47.9,24.4
1782742848.655,47.8,24.4
1782742853.661,47.8,24.3
1782742858.669,47.9,24.3
1782742863.676,48.1,24.3
1782742868.682,48.0,24.4
1782742873.692,47.3,24.3
1782742878.703,47.3,24.3
1782742883.713,47.7,24.3
1782742888.723,47.9,24.3
1782742893.735,47.6,24.3
1782742898.748,47.5,24.3
1782742903.755,47.6,24.3
1782742908.767,47.4,24.3
1782742913.782,47.3,24.3
1782742918.788,47.3,24.3
1782742923.8,47.2,24.3
1782742928.811,47.0,24.3
1782742933.819,46.9,24.3
1782742938.83,46.9,24.3
1782742943.844,47.0,24.3
1782742948.857,47.2,24.3
1782742953.86,47.0,24.3
1782742958.872,46.9,24.3
1782742963.883,46.9,24.3
1782742968.895,46.8,24.3
1782742973.907,46.9,24.3
1782742978.918,47.0,24.3
1782742983.927,47.2,24.3
1782742988.94,47.0,24.3
1782742993.951,47.1,24.3
1782742998.962,47.2,24.3
1782743003.974,47.0,24.3
1782743008.98,47.1,24.3
1782743013.993,47.2,24.3
1782743019.0,47.1,24.3
1782743024.014,46.8,24.3
1782743029.024,46.6,24.3
1782743034.036,46.6,24.3
1782743039.044,46.2,24.3
1782743044.054,46.1,24.3
1782743049.069,46.1,24.3
1782743054.081,46.3,24.3
1782743059.084,46.4,24.3
1782743064.092,46.7,24.3
1782743069.106,46.9,24.3
1782743074.12,47.2,24.3
1782743079.13,47.7,24.3
1782743084.14,47.8,24.3
1782743089.152,47.9,24.3
1782743094.168,47.7,24.3
1782743099.179,47.8,24.3
1782743104.191,48.0,24.3
1782743109.196,48.5,24.3
1782743114.21,48.5,24.3
1782743119.218,48.4,24.3
1782743124.23,48.3,24.3
1782743129.241,48.6,24.3
1782743134.251,48.9,24.3
1782743139.26,49.2,24.3
1782743144.276,49.4,24.3
1782743149.285,49.8,24.3
1782743154.292,50.1,24.3
1782743159.298,50.8,24.3
1782743164.31,51.3,24.3
1782743169.319,51.3,24.2
1782743174.329,51.2,24.3
1782743179.341,51.1,24.3
1782743184.355,51.2,24.3
1782743189.367,51.4,24.2
1782743194.379,51.7,24.3
1782743199.392,51.7,24.3
1782743204.404,51.9,24.3
1782743209.407,52.0,24.3
1782743214.419,52.0,24.2
1782743219.429,52.2,24.3
1782743224.441,52.3,24.3
1782743229.455,52.3,24.3
1782743234.465,52.2,24.3
1782743239.477,52.1,24.2
1782743244.488,52.2,24.3
1782743249.498,52.6,24.3
1782743254.509,52.6,24.3
1782743259.512,52.6,24.3
1782743264.522,53.1,24.3
1782743269.534,53.3,24.3
1782743274.539,53.5,24.3
1782743279.548,53.4,24.3
1782743284.561,53.3,24.3
1782743289.567,53.3,24.3
1782743294.578,53.3,24.3
1782743299.59,53.1,24.3
1782743304.6,53.0,24.3
1782743309.604,52.8,24.3
1782743314.613,52.7,24.3
1782743319.624,52.8,24.3
1782743324.633,52.9,24.3
1782743329.647,52.9,24.3
1782743334.658,52.9,24.3
1782743339.67,53.0,24.3
1782743344.684,52.9,24.3
1782743349.692,52.7,24.3
1782743354.704,52.6,24.3
1782743359.713,52.5,24.3
1782743364.715,52.6,24.3
1782743369.729,52.6,24.3
1782743374.738,52.6,24.3
1782743379.752,52.6,24.3
1782743384.765,52.5,24.3
1782743389.772,52.5,24.3
1782743394.785,52.6,24.3
1782743399.797,52.3,24.3
1782743404.807,52.2,24.3
1782743409.817,52.3,24.3
1782743414.825,52.1,24.3
1782743419.836,51.8,24.3
1782743424.851,51.6,24.3
1782743429.863,51.4,24.3
1782743434.872,51.5,24.3
1782743439.887,51.3,24.3
1782743444.897,51.3,24.3
1782743449.907,51.3,24.3
1782743454.92,50.7,24.3
1782743459.931,50.5,24.3
1782743464.933,50.5,24.3
1782743469.944,50.5,24.3
1782743474.958,50.5,24.3
1782743479.968,50.2,24.3
1782743484.983,50.1,24.3
1782743489.988,50.2,24.3
1782743495.001,50.3,24.3
1782743500.014,50.5,24.3
1782743505.025,50.3,24.3
1782743510.036,50.2,24.3
1782743515.039,50.2,24.3
1782743520.053,50.3,24.3
1782743525.062,50.1,24.3
1782743530.072,50.0,24.3
1782743535.082,49.8,24.3
1782743540.095,49.6,24.3
1782743545.107,49.7,24.3
1782743550.116,49.6,24.3
1782743555.127,49.6,24.3
1782743560.139,49.4,24.3
1782743565.147,49.3,24.3
1782743570.152,49.3,24.3
1782743575.164,49.2,24.3
1782743580.176,49.2,24.3
1782743585.186,49.2,24.3
1782743590.198,49.3,24.4
1782743595.212,49.3,24.3
1782743600.221,49.3,24.3
1782743605.23,49.1,24.3
1782743610.237,49.2,24.3
1782743615.252,49.0,24.4
1782743620.259,48.8,24.3
1782743625.269,48.7,24.3
1782743630.277,48.9,24.3
1782743635.286,49.0,24.3
1782743640.298,48.9,24.3
1782743645.311,49.1,24.3
1782743650.322,49.2,24.3
1782743655.333,49.0,24.3
1782743660.346,48.9,24.3
1782743665.359,48.8,24.3
1782743670.366,48.4,24.3
1782743675.378,48.2,24.3
1782743680.39,48.2,24.3
1782743685.405,48.4,24.3
1782743690.415,48.4,24.3
1782743695.43,48.2,24.3
1782743700.441,48.1,24.3
1782743705.449,48.2,24.3
1782743710.456,48.2,24.3
1782743715.463,47.9,24.3
1782743720.469,47.3,24.3
1782743725.48,47.3,24.3
1782743730.486,47.5,24.3
1782743735.497,47.8,24.3
1782743740.507,48.0,24.3
1782743745.515,47.8,24.3
1782743750.52,47.7,24.3
1782743755.532,47.5,24.3
1782743760.541,47.4,24.3
1782743765.547,47.4,24.3
1782743770.552,47.3,24.3
1782743775.562,47.5,24.3
1782743780.572,47.9,24.3
1782743785.58,48.1,24.3
1782743790.588,47.7,24.3
1782743795.601,47.4,24.3
1782743800.611,47.4,24.3
1782743805.617,47.5,24.3
1782743810.627,47.2,24.3
1782743815.636,47.2,24.3
1782743820.642,47.2,24.3
1782743825.654,47.3,24.3
1782743830.662,47.5,24.3
1782743835.674,47.3,24.3
1782743840.686,47.1,24.3
1782743845.697,46.7,24.3
1782743850.71,46.6,24.3
1782743855.723,46.9,24.3
1782743860.734,46.8,24.3
1782743865.744,46.6,24.3
1782743870.752,46.7,24.3
1782743875.76,46.9,24.3
1782743880.772,46.8,24.3
1782743885.782,46.9,24.3
1782743890.797,46.9,24.3
1782743895.807,47.0,24.3
1782743900.819,47.1,24.3
1782743905.828,47.2,24.3
1782743910.839,47.3,24.3
1782743915.847,47.4,24.3
1782743920.855,47.6,24.3
1782743925.86,47.8,24.3
1782743930.869,48.2,24.3
1782743935.876,48.3,24.3
1782743940.893,48.2,24.3
1782743945.905,48.1,24.3
1782743950.912,48.2,24.3
1782743955.922,48.4,24.3
1782743960.931,48.9,24.3
1782743965.939,49.7,24.3
1782743970.945,50.0,24.3
1782743975.951,50.2,24.3
1782743980.957,51.0,24.3
1782743985.965,51.0,24.3
1782743990.98,50.9,24.3
1782743995.994,51.0,24.3
1782744001.003,51.7,24.3
1782744006.013,51.9,24.3
1782744011.024,51.8,24.3
1782744016.037,51.6,24.3
1782744021.046,51.5,24.3
1782744026.053,51.7,24.3
1782744031.066,52.1,24.3
1782744036.076,52.3,24.3
1782744041.093,52.5,24.3
1782744046.104,52.6,24.3
1782744051.114,52.6,24.3
1782744056.127,52.6,24.3
1782744061.14,52.8,24.3
1782744066.153,52.8,24.3
1782744071.165,52.8,24.3
1782744076.172,53.0,24.3
1782744081.185,53.3,24.3
1782744086.198,53.3,24.3
1782744091.211,53.2,24.3
1782744096.221,53.3,24.3
1782744101.231,53.4,24.3
1782744106.242,53.4,24.3
1782744111.257,53.5,24.3
1782744116.269,53.4,24.3
1782744121.276,53.3,24.3
1782744126.28,53.3,24.3
1782744131.291,53.2,24.3
1782744136.304,53.0,24.3
1782744141.316,53.0,24.3
1782744146.325,52.9,24.3
1782744151.338,52.8,24.3
1782744156.35,52.8,24.3
1782744161.361,52.9,24.3
1782744166.373,52.9,24.3
1782744171.385,53.1,24.3
1782744176.39,53.3,24.3
1782744181.401,53.3,24.3
1782744186.411,53.1,24.3
1782744191.424,52.7,24.3
1782744196.437,52.7,24.3
1782744201.447,52.8,24.3
1782744206.461,52.7,24.3
1782744211.473,52.5,24.3
1782744216.481,52.5,24.3
1782744221.487,52.5,24.3
1782744226.499,52.5,24.3
1782744231.506,52.5,24.3
1782744236.524,52.4,24.3
1782744241.532,52.2,24.3
1782744246.544,52.0,24.3
1782744251.558,51.9,24.3
1782744256.57,51.7,24.3
1782744261.58,51.4,24.3
1782744266.594,51.2,24.3
1782744271.599,51.3,24.3
1782744276.61,51.3,24.3
1782744281.617,51.3,24.3
1782744286.631,51.3,24.3
1782744291.643,50.8,24.3
1782744296.653,50.2,24.3
1782744301.658,50.6,24.3
1782744306.667,50.9,24.4
1782744311.676,50.8,24.4
1782744316.68,50.6,24.3
1782744321.688,50.6,24.4
1782744326.698,50.8,24.4
1782744331.702,50.7,24.3
1782744336.714,50.4,24.3
1782744341.723,50.0,24.4
1782744346.735,49.9,24.3
1782744351.748,49.8,24.4
1782744356.756,49.8,24.4
1782744361.763,49.8,24.4
1782744366.771,49.7,24.4
1782744371.781,49.7,24.4
1782744376.787,49.8,24.4
1782744381.792,49.9,24.4
1782744386.803,49.9,24.4
1782744391.81,49.6,24.4
1782744396.819,49.3,24.4
1782744401.827,49.5,24.4
1782744406.835,49.8,24.4
1782744411.843,49.8,24.4
1782744416.852,49.6,24.4
1782744421.859,49.3,24.4
1782744426.868,49.3,24.4
1782744431.872,49.0,24.4
1782744436.879,48.9,24.4
1782744441.887,49.1,24.4
1782744446.895,49.3,24.4
1782744451.903,49.2,24.4
1782744456.912,49.3,24.4
1782744461.919,49.3,24.4
1782744466.927,49.1,24.4
1782744471.936,49.0,24.4
1782744476.943,49.0,24.4
1782744481.948,49.0,24.4
1782744486.959,49.1,24.4
1782744491.969,49.2,24.4
1782744496.977,48.8,24.4
1782744501.981,48.8,24.4
1782744506.991,48.7,24.4
1782744511.999,48.4,24.4
1782744517.007,48.5,24.4
1782744522.013,48.4,24.4
1782744527.018,48.4,24.4
1782744532.028,48.5,24.4
1782744537.035,48.2,24.4
1782744542.044,48.2,24.4
1782744547.053,48.3,24.4
1782744552.065,48.2,24.4
1782744557.077,48.4,24.4
1782744562.089,48.2,24.4
1782744567.101,48.2,24.4
1782744572.109,48.1,24.4
1782744577.121,48.1,24.4
1782744582.124,48.0,24.4
1782744587.138,47.7,24.4
1782744592.152,47.8,24.4
1782744597.159,47.9,24.4
1782744602.171,47.9,24.4
1782744607.183,47.9,24.4
1782744612.195,47.6,24.4
1782744617.205,47.6,24.4
1782744622.218,47.5,24.4
1782744627.23,47.4,24.4
1782744632.237,47.4,24.4
1782744637.251,47.4,24.4
1782744642.261,47.2,24.4
1782744647.274,46.9,24.4
1782744652.287,46.9,24.4
1782744657.299,47.0,24.4
1782744662.312,46.8,24.4
1782744667.322,46.9,24.4
1782744672.33,46.9,24.3
1782744677.343,47.0,24.3
1782744682.349,47.1,24.3
1782744687.364,47.3,24.3
1782744692.375,47.1,24.3
1782744697.386,47.2,24.3
1782744702.398,47.1,24.3
1782744707.411,47.1,24.3
1782744712.421,47.1,24.3
1782744717.428,47.0,24.3
1782744722.44,47.1,24.3
1782744727.452,47.2,24.3
1782744732.458,47.2,24.3
1782744737.473,47.2,24.3
1782744742.482,46.7,24.3
1782744747.497,46.9,24.3
1782744752.508,46.4,24.3
1782744757.517,46.0,24.3
1782744762.53,46.2,24.3
1782744767.541,46.4,24.3
1782744772.553,46.5,24.3
1782744777.562,46.5,24.3
1782744782.57,46.4,24.3
1782744787.579,46.1,24.3
1782744792.592,46.1,24.3
1782744797.603,46.3,24.3
1782744802.612,46.6,24.3
1782744807.621,46.8,24.3
1782744812.631,47.0,24.3
1782744817.643,47.2,24.3
1782744822.653,47.3,24.3
1782744827.661,47.4,24.3
1782744832.667,47.5,24.3
1782744837.677,47.6,24.3
1782744842.688,47.7,24.3
1782744847.699,47.7,24.3
1782744852.71,47.8,24.3
1782744857.717,47.9,24.3
1782744862.731,48.0,24.3
1782744867.74,48.3,24.3
1782744872.748,48.7,24.3
1782744877.76,49.0,24.3
1782744882.768,49.4,24.3
1782744887.778,49.7,24.3
1782744892.784,49.9,24.2
1782744897.792,50.0,24.3
1782744902.804,50.5,24.3
1782744907.818,50.8,24.3
1782744912.83,51.0,24.3
1782744917.843,51.1,24.3
1782744922.854,51.5,24.3
1782744927.865,51.5,24.3
1782744932.873,51.4,24.3
1782744937.884,51.6,24.3
1782744942.892,51.7,24.3
1782744947.905,51.6,24.3
1782744952.914,51.5,24.3
1782744957.928,51.2,24.3
1782744962.941,51.0,24.3
1782744967.953,50.7,24.3
1782744972.963,50.6,24.3
1782744977.974,50.5,24.3
1782744982.987,50.5,24.3
1782744987.994,50.4,24.3
1782744993.006,50.4,24.3
1782744998.018,50.4,24.3
1782745003.032,50.4,24.3
1782745008.045,50.3,24.3
1782745013.056,50.4,24.3
1782745018.068,50.4,24.3
1782745023.079,50.2,24.2
1782745028.088,50.2,24.3
1782745033.102,50.2,24.3
1782745038.109,50.2,24.3
1782745043.118,50.2,24.3
1782745048.132,50.2,24.3
1782745053.143,50.2,24.3
1782745058.154,50.2,24.3
1782745063.166,50.2,24.3
1782745068.174,50.2,24.3
1782745073.183,50.2,24.3
1782745078.199,50.2,24.3
1782745083.208,50.2,24.3
1782745088.216,50.2,24.3
1782745093.226,50.1,24.2
1782745098.24,50.0,24.2
1782745103.253,50.0,24.3
1782745108.264,50.0,24.3
1782745113.274,50.0,24.3
1782745118.288,50.1,24.3
1782745123.297,50.1,24.3
1782745128.309,50.1,24.3
1782745133.322,50.2,24.3
1782745138.329,50.2,24.3
1782745143.341,50.2,24.3
1782745148.35,50.2,24.3
1782745153.36,50.2,24.3
1782745158.371,50.3,24.3
1782745163.383,50.3,24.3
1782745168.392,50.3,24.3
1782745173.405,50.3,24.3
1782745178.418,50.3,24.3
1782745183.429,50.3,24.3
1782745188.435,50.3,24.3
1782745193.449,50.3,24.3
1782745198.459,50.4,24.3
1782745203.473,50.3,24.3
1782745208.483,50.4,24.3
1782745213.495,50.4,24.3
1782745218.509,50.4,24.3
1782745223.52,50.4,24.3
1782745228.532,50.4,24.3
1782745233.541,50.4,24.3
1782745238.546,50.3,24.3
1782745243.558,50.3,24.3
1782745248.57,50.3,24.3
1782745253.577,50.4,24.3
1782745258.589,50.4,24.3
1782745263.604,50.4,24.3
1782745268.614,50.5,24.3
1782745273.627,50.5,24.3
1782745278.64,50.6,24.3
1782745283.647,50.6,24.3
1782745288.659,50.6,24.3
1782745293.664,50.6,24.3
1782745298.676,50.6,24.3
1782745303.689,50.6,24.3
1782745308.698,50.7,24.3
1782745313.713,50.7,24.3
1782745318.725,50.7,24.3
1782745323.737,50.7,24.3
1782745328.747,50.7,24.3
1782745333.76,50.8,24.3
1782745338.773,50.7,24.3
1782745343.779,50.8,24.3
1782745348.786,50.8,24.3
1782745353.798,50.8,24.3
1782745358.807,50.8,24.3
1782745363.816,50.8,24.3
1782745368.824,50.8,24.3
1782745373.832,50.8,24.3
1782745378.842,50.9,24.3
1782745383.849,50.9,24.3
1782745388.855,50.9,24.3
1782745393.86,50.8,24.3
1782745398.869,50.8,24.3
1782745403.879,50.9,24.3
1782745408.886,50.9,24.3
1782745413.895,50.9,24.3
1782745418.901,51.0,24.3
1782745423.91,51.0,24.3
1782745428.917,51.0,24.3
1782745433.928,51.0,24.3
1782745438.935,51.0,24.3
1782745443.942,51.0,24.3
1782745448.95,51.0,24.3
1782745453.963,51.1,24.3
1782745458.975,51.1,24.3
1782745463.983,51.1,24.3
1782745468.992,51.1,24.3
1782745474.005,51.1,24.3
1782745479.017,51.1,24.3
1782745484.024,51.1,24.3
1782745489.035,51.1,24.3
1782745494.041,51.2,24.3
1782745499.055,51.2,24.3
1782745504.067,51.3,24.3
1782745509.075,51.3,24.3
1782745514.087,51.4,24.3
1782745519.096,51.4,24.3
1782745524.107,51.4,24.4
1782745529.114,51.4,24.4
1782745534.124,51.4,24.4
1782745539.13,51.4,24.3
1782745544.136,51.3,24.4
1782745549.148,51.4,24.4
1782745554.159,51.4,24.4
1782745559.172,51.5,24.3
1782745564.178,51.5,24.4
1782745569.192,51.5,24.4
1782745574.203,51.5,24.4
1782745579.215,51.5,24.3
1782745584.227,51.5,24.3
1782745589.236,51.5,24.4
1782745594.243,51.5,24.4
1782745599.255,51.4,24.4
1782745604.262,51.5,24.4
1782745609.273,51.5,24.4
1782745614.285,51.6,24.4
1782745619.298,51.6,24.4
1782745624.31,51.6,24.4
1782745629.324,51.6,24.4
1782745634.333,51.6,24.4
1782745639.342,51.6,24.4
1782745644.347,51.6,24.4
1782745649.36,51.7,24.4
1782745654.368,51.9,24.4
1782745659.382,51.9,24.4
1782745664.389,51.9,24.4
1782745669.399,51.9,24.4
1782745674.408,52.0,24.4
1782745679.417,52.0,24.4
1782745684.425,52.0,24.4
1782745689.435,52.1,24.4
1782745694.44,52.1,24.4
1782745699.448,52.1,24.4
1782745704.457,52.1,24.4
1782745709.47,52.0,24.4
1782745714.485,51.9,24.4
1782745719.496,51.9,24.4
1782745724.507,51.9,24.4
1782745729.52,52.0,24.4
1782745734.534,52.0,24.4
1782745739.545,52.0,24.4
1782745744.552,52.0,24.5
1782745749.564,52.1,24.4
1782745754.576,52.2,24.4
1782745759.591,52.2,24.4
1782745764.603,52.2,24.5
1782745769.612,52.2,24.4
1782745774.63,52.2,24.5
1782745779.642,52.2,24.5
1782745784.654,52.2,24.5
1782745789.664,52.3,24.5
1782745794.677,52.4,24.5
1782745799.686,52.3,24.5
1782745804.698,52.4,24.5
1782745809.71,52.4,24.5
1782745814.722,52.4,24.5
1782745819.735,52.4,24.5
1782745824.749,52.4,24.5
1782745829.763,52.5,24.5
1782745834.776,52.5,24.5
1782745839.786,52.5,24.5
1782745844.799,52.4,24.5
1782745849.805,52.4,24.5
1782745854.82,52.5,24.5
1782745859.832,52.6,24.5
1782745864.842,52.5,24.5
1782745869.855,52.5,24.5
1782745874.87,52.6,24.5
1782745879.881,52.6,24.5
1782745884.892,52.5,24.5
1782745889.904,52.4,24.5
1782745894.916,52.4,24.5
1782745899.921,52.4,24.5
1782745904.932,52.4,24.5
1782745909.943,52.5,24.5
1782745914.958,52.5,24.5
1782745919.967,52.5,24.5
1782745924.983,52.5,24.5
1782745929.993,52.5,24.5
1782745935.005,52.4,24.5
1782745940.015,52.4,24.5
1782745945.027,52.5,24.5
1782745950.035,52.6,24.5
1782745955.046,52.7,24.5
1782745960.058,52.6,24.5
1782745965.07,52.6,24.6
1782745970.086,52.5,24.5
1782745975.098,52.6,24.6
1782745980.108,52.6,24.5
1782745985.121,52.6,24.5
1782745990.131,52.6,24.6
1782745995.143,52.6,24.5
1782746000.148,52.6,24.6
1782746005.16,52.5,24.5
1782746010.171,52.5,24.6
1782746015.185,52.6,24.6
1782746020.199,52.7,24.6
1782746025.209,52.7,24.6
1782746030.219,52.6,24.6
1782746035.227,52.7,24.6
1782746040.236,52.6,24.6
1782746045.245,52.5,24.6
1782746050.255,52.4,24.6
1782746055.26,52.4,24.6
1782746060.269,52.5,24.6
1782746065.278,52.6,24.6
1782746070.287,52.6,24.6
1782746075.296,52.7,24.6
1782746080.304,52.8,24.6
1782746085.313,52.7,24.6
1782746090.323,52.6,24.6
1782746095.332,52.6,24.6
1782746100.337,52.6,24.6
1782746105.346,52.5,24.6
1782746110.356,52.5,24.6
1782746115.367,52.5,24.6
1782746120.376,52.5,24.6
1782746125.381,52.5,24.6
1782746130.391,52.5,24.6
1782746135.401,52.6,24.6
1782746140.41,52.6,24.6
1782746145.419,52.7,24.6
1782746150.421,52.7,24.6
1782746155.432,52.7,24.6
1782746160.441,52.8,24.6
1782746165.448,52.9,24.6
1782746170.459,52.9,24.6
1782746175.468,53.0,24.6
1782746180.476,53.0,24.6
1782746185.486,53.0,24.7
1782746190.495,52.8,24.6
1782746195.503,52.8,24.7
1782746200.508,52.9,24.7
1782746205.519,53.0,24.7
1782746210.524,52.9,24.7
1782746215.536,52.9,24.7
1782746220.543,52.8,24.7
1782746225.555,52.8,24.7
1782746230.566,52.7,24.7
1782746235.577,52.8,24.7
1782746240.59,52.7,24.7
1782746245.602,52.7,24.7
1782746250.609,52.7,24.7
1782746255.62,52.8,24.7
1782746260.632,52.9,24.7
1782746265.647,53.0,24.7
1782746270.659,53.1,24.7
1782746275.672,53.1,24.7
1782746280.683,53.1,24.7
1782746285.696,53.0,24.7
1782746290.708,53.0,24.7
1782746295.717,53.0,24.7
1782746300.731,53.0,24.7
1782746305.738,53.0,24.7
1782746310.751,53.1,24.7
1782746315.766,53.2,24.7
1782746320.778,53.2,24.7
1782746325.791,53.2,24.7
1782746330.803,53.4,24.7
1782746335.813,53.5,24.7
1782746340.824,53.6,24.7
1782746345.836,53.5,24.7
1782746350.845,53.4,24.7
1782746355.852,53.5,24.7
1782746360.861,53.4,24.7
1782746365.877,53.2,24.7
1782746370.892,53.2,24.7
1782746375.901,53.2,24.7
1782746380.913,53.3,24.7
1782746385.925,53.4,24.7
1782746390.937,53.3,24.7
1782746395.946,53.3,24.7
1782746400.958,53.4,24.8
1782746405.965,53.5,24.7
1782746410.978,53.5,24.7
1782746415.991,53.4,24.7
1782746421.003,53.1,24.8
1782746426.017,53.0,24.7
1782746431.027,52.9,24.8
1782746436.035,52.9,24.8
1782746441.049,53.1,24.8
1782746446.059,53.3,24.8
1782746451.071,53.3,24.8
1782746456.077,53.3,24.8
1782746461.087,53.2,24.8
1782746466.102,53.3,24.8
1782746471.114,53.4,24.8
1782746476.123,53.3,24.8
1782746481.133,53.2,24.8
1782746486.146,53.2,24.8
1782746491.159,53.1,24.8
1782746496.171,53.2,24.8
1782746501.182,53.3,24.8
1782746506.193,53.4,24.8
1782746511.198,53.4,24.8
1782746516.212,53.4,24.8
1782746521.222,53.4,24.8
1782746526.235,53.3,24.8
1782746531.245,53.5,24.8
1782746536.258,53.5,24.8
1782746541.266,53.3,24.8
1782746546.278,53.1,24.8
1782746551.288,53.0,24.8
1782746556.302,53.1,24.8
1782746561.308,53.4,24.8
1782746566.319,53.5,24.8
1782746571.331,53.3,24.8
1782746576.34,53.1,24.8
1782746581.351,53.1,24.8
1782746586.366,53.4,24.8
1782746591.377,53.4,24.8
1782746596.389,53.3,24.8
1782746601.4,53.2,24.8
1782746606.408,53.3,24.8
1782746611.416,53.2,24.9
1782746616.431,53.4,24.8
1782746621.443,53.4,24.8
1782746626.455,53.2,24.8
1782746631.467,53.2,24.8
1782746636.48,53.2,24.8
1782746641.493,53.3,24.8
1782746646.504,53.2,24.8
1782746651.514,53.2,24.9
1782746656.528,53.3,24.9
1782746661.539,53.5,24.8
1782746666.549,53.5,24.9
1782746671.561,53.5,24.9
1782746676.573,53.5,24.9
1782746681.586,53.5,24.8
1782746686.6,53.5,24.9
1782746691.609,53.5,24.9
1782746696.622,53.5,24.9
1782746701.633,53.4,24.9
1782746706.645,53.4,24.9
1782746711.657,53.4,24.9
1782746716.665,53.3,24.9
1782746721.677,53.2,24.9
1782746726.693,53.2,24.9
1782746731.701,53.2,24.9
1782746736.708,53.2,24.9
1782746741.722,53.3,24.9
1782746746.734,53.1,24.9
1782746751.746,53.1,24.9
1782746756.759,53.1,24.9
1782746761.773,53.3,24.9
1782746766.779,53.3,24.9
1782746771.792,53.4,24.9
1782746776.805,53.5,24.9
1782746781.815,53.6,24.9
1782746786.827,53.5,24.9
1782746791.836,53.4,24.9
1782746796.851,53.3,24.9
1782746801.864,53.3,24.9
1782746806.875,53.3,24.9
1782746811.887,53.4,24.9
1782746816.89,53.6,24.9
1782746821.903,53.7,24.9
1782746826.915,53.6,24.9
1782746831.924,53.6,24.9
1782746836.932,53.6,24.9
1782746841.946,53.6,24.9
1782746846.957,53.6,24.9
1782746851.966,53.5,24.9
1782746856.981,53.6,24.9
1782746861.994,53.6,24.9
1782746867.005,53.5,25.0
1782746872.008,53.4,24.9
1782746877.016,53.3,24.9
1782746882.028,53.3,24.9
1782746887.038,53.4,24.9
1782746892.05,53.5,25.0
1782746897.06,53.7,24.9
1782746902.071,53.8,24.9
1782746907.08,53.7,24.9
1782746912.092,53.6,25.0
1782746917.102,53.5,24.9
1782746922.108,53.5,25.0
1782746927.121,53.6,24.9
1782746932.131,53.5,25.0
1782746937.142,53.4,24.9
1782746942.155,53.6,25.0
1782746947.165,53.6,25.0
1782746952.174,53.7,25.0
1782746957.185,53.6,24.9
1782746962.199,53.4,25.0
1782746967.207,53.4,25.0
1782746972.215,53.4,25.0
1782746977.222,53.6,25.0
1782746982.234,53.8,25.0
1782746987.246,53.8,25.0
1782746992.258,53.6,25.0
1782746997.272,53.6,25.0
1782747002.282,53.6,25.0
1782747007.288,53.8,25.0
1782747012.305,53.9,25.0
1782747017.317,53.8,25.0
1782747022.322,53.8,25.0
1782747027.332,53.8,25.0
1782747032.346,53.8,25.0
1782747037.358,53.9,25.0
1782747042.37,53.8,25.0
1782747047.378,53.8,25.0
1782747052.39,53.8,25.0
1782747057.402,53.9,25.0
1782747062.413,53.9,25.0
1782747067.422,54.0,25.0
1782747072.428,54.0,25.0
1782747077.437,53.9,25.0
1782747082.45,53.8,25.0
1782747087.456,53.9,25.0
1782747092.468,54.0,25.0
1782747097.478,54.2,25.0
1782747102.491,54.1,25.0
1782747107.498,53.9,25.0
1782747112.514,53.7,25.0
1782747117.526,53.7,25.0
1782747122.533,53.6,25.0
1782747127.546,53.5,25.0
1782747132.556,53.5,25.0
1782747137.568,53.5,25.0
1782747142.58,53.6,25.0
1782747147.589,53.6,25.0
1782747152.604,53.6,25.0
1782747157.617,53.6,25.0
1782747162.625,53.6,25.0
1782747167.633,53.6,25.0
1782747172.636,53.5,25.0
1782747177.644,53.5,25.0
1782747182.658,53.4,25.0
1782747187.668,53.4,25.0
1782747192.68,53.4,25.0
1782747197.696,53.5,25.0
1782747202.706,53.6,25.0
1782747207.717,53.8,25.1
1782747212.729,53.8,25.0
1782747217.736,54.0,25.0
1782747222.745,54.1,25.0
1782747227.75,54.2,25.0
1782747232.761,54.2,25.1
1782747237.768,54.1,25.1
1782747242.783,54.3,25.0
1782747247.795,54.2,25.1
1782747252.809,54.0,25.1
1782747257.822,54.0,25.1
1782747262.832,54.1,25.1
1782747267.845,54.2,25.1
1782747272.858,54.1,25.1
1782747277.865,54.0,25.1
1782747282.878,53.8,25.1
1782747287.884,53.7,25.1
1782747292.894,53.7,25.1
1782747297.904,53.7,25.1
1782747302.914,53.7,25.1
1782747307.923,53.7,25.1
1782747312.936,53.8,25.1
1782747317.946,53.9,25.1
1782747322.957,54.0,25.1
1782747327.964,54.0,25.1
1782747332.977,54.0,25.1
1782747337.986,54.1,25.1
1782747342.997,54.1,25.1
1782747348.007,54.0,25.1
1782747353.016,54.0,25.1
1782747358.026,54.0,25.1
1782747363.035,54.1,25.1
1782747368.044,54.1,25.1
1782747373.051,54.1,25.1
1782747378.057,54.1,25.1
1782747383.067,54.0,25.1
1782747388.079,54.0,25.1
1782747393.088,54.0,25.1
1782747398.097,54.1,25.1
1782747403.104,54.1,25.1
1782747408.114,54.1,25.1
1782747413.125,54.2,25.1
1782747418.134,54.0,25.1
1782747423.144,54.0,25.1
1782747428.148,54.0,25.1
1782747433.156,53.9,25.1
1782747438.166,54.0,25.1
1782747443.172,54.1,25.2
1782747448.18,54.1,25.1
1782747453.186,54.1,25.1
1782747458.197,54.3,25.1
1782747463.209,54.4,25.1
1782747468.219,54.3,25.1
1782747473.231,54.3,25.1
1782747478.237,54.2,25.1
1782747483.252,54.1,25.1
1782747488.261,54.0,25.1
1782747493.273,54.0,25.1
1782747498.287,54.1,25.2
1782747503.296,54.1,25.2
1782747508.311,54.0,25.2
1782747513.324,53.9,25.2
1782747518.336,53.9,25.1
1782747523.347,53.8,25.2
1782747528.357,53.8,25.1
1782747533.36,53.8,25.2
1782747538.372,53.7,25.2
1782747543.382,53.7,25.2
1782747548.392,53.7,25.2
1782747553.404,53.7,25.2
1782747558.41,53.7,25.2
1782747563.416,53.8,25.2
1782747568.421,53.9,25.2
1782747573.427,53.9,25.2
1782747578.435,53.9,25.2
1782747583.44,53.9,25.2
1782747588.448,53.9,25.2
1782747593.454,54.0,25.2
1782747598.466,54.1,25.2
1782747603.475,54.0,25.2
1782747608.484,54.0,25.2
1782747613.492,54.0,25.2
1782747618.501,54.1,25.2
1782747623.508,54.1,25.2
1782747628.514,54.1,25.2
1782747633.523,54.1,25.2
1782747638.534,54.0,25.2
1782747643.538,54.0,25.2
1782747648.547,54.0,25.2
1782747653.556,54.0,25.2
1782747658.562,54.0,25.2
1782747663.566,54.0,25.2
1782747668.576,54.1,25.2
1782747673.583,54.2,25.2
1782747678.589,54.2,25.2
1782747683.596,54.2,25.2
1782747688.604,54.3,25.2
1782747693.614,54.4,25.2
1782747698.621,54.4,25.2
1782747703.628,54.3,25.2
1782747708.639,54.2,25.2
1782747713.647,54.2,25.2
1782747718.653,54.2,25.2
1782747723.661,54.3,25.2
1782747728.667,54.4,25.2
1782747733.676,54.4,25.2
1782747738.685,54.3,25.2
1782747743.695,54.2,25.2
1782747748.702,54.2,25.2
1782747753.713,54.3,25.2
1782747758.718,54.4,25.2
1782747763.728,54.5,25.2
1782747768.739,54.6,25.2
1782747773.749,54.7,25.2
1782747778.753,54.7,25.2
1782747783.765,54.6,25.2
1782747788.778,54.5,25.2
1782747793.79,54.4,25.2
1782747798.796,54.5,25.2
1782747803.806,54.6,25.2
1782747808.819,54.7,25.2
1782747813.828,54.6,25.3
1782747818.839,54.5,25.2
1782747823.85,54.5,25.2
1782747828.856,54.4,25.3
1782747833.866,54.4,25.2
1782747838.873,54.3,25.3
1782747843.884,54.3,25.2
1782747848.899,54.3,25.3
1782747853.912,54.4,25.3
1782747858.923,54.4,25.3
1782747863.933,54.4,25.2
1782747868.941,54.3,25.3
1782747873.953,54.4,25.3
1782747878.959,54.4,25.3
1782747883.968,54.3,25.3
1782747888.98,54.3,25.3
1782747893.99,54.3,25.3
1782747898.996,54.4,25.3
1782747904.012,54.5,25.3
1782747909.025,54.6,25.3
1782747914.036,54.6,25.3
1782747919.044,54.5,25.3
1782747924.056,54.5,25.3
1782747929.064,54.6,25.3
1782747934.078,54.7,25.3
1782747939.084,54.7,25.3
1782747944.092,54.6,25.3
1782747949.103,54.5,25.3
1782747954.118,54.4,25.3
1782747959.128,54.5,25.3
1782747964.138,54.6,25.3
1782747969.148,54.7,25.3
1782747974.156,54.7,25.3
1782747979.164,54.7,25.3
1782747984.172,54.7,25.3
1782747989.185,54.6,25.3
1782747994.198,54.5,25.3
1782747999.209,54.5,25.3
1782748004.219,54.5,25.3
1782748009.229,54.6,25.3
1782748014.236,54.6,25.3
1782748019.247,54.6,25.3
1782748024.259,54.6,25.3
1782748029.269,54.6,25.3
1782748034.275,54.7,25.3
1782748039.287,54.8,25.3
1782748044.301,54.8,25.3
1782748049.314,54.7,25.3
1782748054.327,54.7,25.3
1782748059.335,54.7,25.3
1782748064.344,54.7,25.3
1782748069.357,54.7,25.3
1782748074.365,54.7,25.3
1782748079.377,54.8,25.3
1782748084.382,54.9,25.3
1782748089.392,55.0,25.3
1782748094.404,55.1,25.3
1782748099.416,55.1,25.4
1782748104.43,55.2,25.3
1782748109.442,55.0,25.4
1782748114.453,54.8,25.3
1782748119.465,54.7,25.3
1782748124.477,54.6,25.4
1782748129.488,54.6,25.4
1782748134.495,54.5,25.4
1782748139.509,54.4,25.3
1782748144.516,54.3,25.3
1782748149.528,54.4,25.4
1782748154.538,54.3,25.3
1782748159.547,54.3,25.4
1782748164.557,54.4,25.3
1782748169.566,54.6,25.4
1782748174.576,54.7,25.4
1782748179.584,54.6,25.4
1782748184.587,54.5,25.4
1782748189.598,54.5,25.3
1782748194.607,54.5,25.4
1782748199.62,54.6,25.4
1782748204.636,54.6,25.4
1782748209.648,54.6,25.4
1782748214.658,54.6,25.4
1782748219.669,54.6,25.4
1782748224.682,54.7,25.4
1782748229.69,54.8,25.4
1782748234.696,54.9,25.4
1782748239.708,54.9,25.4
1782748244.717,54.9,25.4
1782748249.724,55.0,25.4
1782748254.73,55.1,25.4
1782748259.739,55.1,25.4
1782748264.748,55.0,25.4
1782748269.755,55.0,25.4
1782748274.764,55.0,25.4
1782748279.774,55.0,25.4
1782748284.776,55.0,25.4
1782748289.784,54.9,25.4
1782748294.792,54.9,25.4
1782748299.803,55.0,25.4
1782748304.814,55.0,25.4
1782748309.823,54.9,25.4
1782748314.832,54.9,25.4
1782748319.838,54.8,25.4
1782748324.848,54.8,25.4
1782748329.855,54.8,25.4
1782748334.86,54.7,25.4
1782748339.869,54.8,25.4
1782748344.875,54.7,25.4
1782748349.888,54.6,25.4
1782748354.898,54.5,25.4
1782748359.911,54.5,25.4
1782748364.918,54.4,25.4
1782748369.924,54.4,25.4
1782748374.939,54.4,25.4
1782748379.946,54.4,25.4
1782748384.95,54.6,25.4
1782748389.964,54.7,25.4
1782748394.974,54.6,25.4
1782748399.985,54.6,25.4
1782748404.999,54.5,25.4
1782748410.008,54.5,25.4
1782748415.02,54.6,25.4
1782748420.031,54.7,25.4
1782748425.041,54.9,25.4
1782748430.051,54.9,25.4
1782748435.059,55.1,25.4
1782748440.07,55.1,25.4
1782748445.083,55.0,25.4
1782748450.092,54.9,25.4
1782748455.103,54.8,25.4
1782748460.115,54.8,25.4
1782748465.128,54.9,25.4
1782748470.139,55.1,25.4
1782748475.15,55.1,25.4
1782748480.161,55.0,25.4
1782748485.164,54.9,25.4
1782748490.176,54.7,25.5
1782748495.187,54.7,25.4
1782748500.2,54.7,25.4
1782748505.214,54.7,25.4
1782748510.221,54.7,25.4
1782748515.232,54.6,25.5
1782748520.241,54.5,25.4
1782748525.253,54.4,25.5
1782748530.262,54.4,25.5
1782748535.269,54.4,25.5
1782748540.281,54.3,25.4
1782748545.294,54.4,25.5
1782748550.307,54.5,25.5
1782748555.319,54.6,25.5
1782748560.328,54.8,25.5
1782748565.341,55.0,25.5
1782748570.351,55.0,25.5
1782748575.361,55.0,25.5
1782748580.373,55.0,25.5
1782748585.386,55.1,25.5
1782748590.388,55.2,25.5
1782748595.396,55.1,25.5
1782748600.407,55.0,25.5
1782748605.42,55.0,25.5
1782748610.43,55.2,25.5
1782748615.44,55.4,25.5
1782748620.451,55.5,25.5
1782748625.464,55.7,25.5
1782748630.475,55.8,25.5
1782748635.487,55.7,25.5
1782748640.49,55.4,25.5
1782748645.505,55.1,25.5
1782748650.516,55.0,25.5
1782748655.528,54.9,25.5
1782748660.539,54.9,25.5
1782748665.549,54.9,25.5
1782748670.555,54.9,25.5
1782748675.565,54.9,25.5
1782748680.574,54.9,25.5
1782748685.586,54.9,25.5
1782748690.592,54.9,25.5
1782748695.604,54.9,25.5
1782748700.618,55.0,25.5
1782748705.629,55.2,25.5
1782748710.638,55.2,25.5
1782748715.647,55.2,25.5
1782748720.656,55.2,25.5
1782748725.667,55.2,25.5
1782748730.676,55.2,25.5
1782748735.688,55.2,25.5
1782748740.692,55.2,25.5
1782748745.705,55.2,25.5
1782748750.715,55.4,25.5
1782748755.724,55.4,25.5
1782748760.734,55.4,25.5
1782748765.745,55.5,25.5
1782748770.755,55.4,25.5
1782748775.77,55.2,25.5
1782748780.778,55.2,25.5
1782748785.788,55.2,25.5
1782748790.796,55.0,25.5
1782748795.809,55.0,25.5
