timestamp,位移X,位移Y,位移Z,加速度X,加速度Y,加速度Z,加速度幅值X,加速度幅值Y,加速度幅值Z,温度,速度X,速度Y,速度Z,频率X,频率Y,频率Z
1782712854.236,0.0,0.0,0.0,0.6011,0.7954,0.0298,0.0137,0.0146,0.0151,25.39,0.11,0.11,0.09,34.9,32.7,83.6
1782712859.25,0.0,0.0,0.0,0.6011,0.7954,0.0298,0.0137,0.0142,0.0151,25.39,0.03,0.03,0.02,0.0,0.0,0.0
1782712864.256,0.0,0.0,0.0,0.6011,0.7954,0.0298,0.0137,0.0146,0.0151,25.39,0.14,0.16,0.13,0.0,0.0,0.0
1782712869.268,0.0,0.0,0.0,0.6011,0.7954,0.0298,0.0142,0.0142,0.0166,25.38,0.13,0.14,0.12,15.6,32.7,34.4
1782712874.276,0.0,0.0,0.0,0.6011,0.7954,0.0298,0.0142,0.0142,0.0151,25.38,0.05,0.05,0.05,118.6,32.7,63.2
1782712879.289,0.0,0.0,0.0,0.6006,0.7954,0.0298,0.0142,0.0137,0.0146,25.38,0.0,0.0,0.0,0.0,0.0,0.0
1782712884.296,0.0,0.0,0.0,0.6006,0.7954,0.0298,0.0132,0.0137,0.0146,25.38,0.0,0.0,0.0,0.0,0.0,0.0
1782712889.307,0.004,0.004,0.004,0.6006,0.7954,0.0298,0.0132,0.0142,0.0156,25.38,0.51,0.54,0.46,83.8,32.7,17.8
1782712894.315,0.0,0.0,0.0,0.6006,0.7954,0.0298,0.0142,0.0151,0.0151,25.37,0.0,0.0,0.0,0.0,0.0,0.0
1782712899.324,0.0,0.0,0.0,0.6006,0.7954,0.0298,0.0137,0.0146,0.0142,25.37,0.02,0.02,0.02,0.0,0.0,0.0
1782712904.332,0.0,0.0,0.0,0.6006,0.7954,0.0298,0.0132,0.0146,0.0146,25.37,0.0,0.0,0.0,0.0,0.0,0.0
1782712909.337,0.0,0.0,0.0,0.6006,0.7954,0.0298,0.0137,0.0146,0.0151,25.37,0.12,0.13,0.11,17.3,32.5,102.7
1782712914.342,0.0,0.0,0.0,0.6006,0.7954,0.0298,0.0142,0.0142,0.0146,25.36,0.04,0.04,0.04,0.0,0.0,0.0
1782712919.353,0.0,0.0,0.0,0.6006,0.7954,0.0298,0.0137,0.0146,0.0151,25.36,0.03,0.04,0.03,0.0,0.0,0.0
1782712924.361,0.0,0.0,0.0,0.6006,0.7954,0.0298,0.0137,0.0137,0.0146,25.36,0.0,0.0,0.0,0.0,0.0,0.0
1782712929.368,0.0,0.0,0.0,0.6006,0.7954,0.0298,0.0146,0.0146,0.0146,25.36,0.04,0.04,0.04,0.0,0.0,0.0
1782712934.377,0.0,0.0,0.0,0.6006,0.7954,0.0298,0.0137,0.0137,0.0142,25.36,0.04,0.04,0.03,0.0,0.0,0.0
1782712939.383,0.0,0.0,0.0,0.6006,0.7954,0.0298,0.0137,0.0137,0.0146,25.35,0.01,0.01,0.0,0.0,0.0,0.0
1782712944.39,0.0,0.0,0.0,0.6006,0.7954,0.0298,0.0132,0.0137,0.0146,25.35,0.07,0.08,0.07,0.0,0.0,0.0
1782712949.4,0.0,0.0,0.0,0.6006,0.7954,0.0298,0.0137,0.0132,0.0146,25.35,0.0,0.0,0.0,0.0,0.0,0.0
1782712954.404,0.001,0.001,0.001,0.6006,0.7954,0.0298,0.0142,0.0142,0.0151,25.35,0.25,0.27,0.22,78.1,33.0,27.2
1782712959.414,0.0,0.0,0.0,0.6006,0.7954,0.0298,0.0137,0.0137,0.0166,25.35,0.03,0.03,0.03,118.1,32.7,88.8
1782712964.422,0.0,0.0,0.0,0.6006,0.7954,0.0298,0.0137,0.0142,0.0146,25.34,0.04,0.04,0.03,24.0,32.7,99.9
1782712969.428,0.0,0.0,0.0,0.6006,0.7954,0.0298,0.0142,0.0142,0.0142,25.34,0.0,0.0,0.0,0.0,0.0,0.0
1782712974.436,0.0,0.0,0.0,0.6006,0.7954,0.0298,0.0142,0.0137,0.0146,25.34,0.0,0.0,0.0,0.0,0.0,0.0
1782712979.444,0.0,0.0,0.0,0.6006,0.7954,0.0298,0.0137,0.0146,0.0146,25.34,0.0,0.0,0.0,0.0,0.0,0.0
1782712984.453,0.0,0.0,0.0,0.6006,0.7954,0.0298,0.0132,0.0142,0.0146,25.33,0.0,0.0,0.0,0.0,0.0,0.0
1782712989.461,0.0,0.0,0.0,0.6006,0.7954,0.0298,0.0137,0.0146,0.0146,25.33,0.0,0.0,0.0,0.0,0.0,0.0
1782712994.468,0.0,0.0,0.0,0.6006,0.7954,0.0298,0.0146,0.0146,0.0151,25.33,0.0,0.0,0.0,0.0,0.0,0.0
1782712999.477,0.0,0.0,0.0,0.6006,0.7954,0.0298,0.0137,0.0146,0.0146,25.33,0.0,0.0,0.0,0.0,0.0,0.0
1782713004.482,0.0,0.0,0.0,0.6006,0.7954,0.0298,0.0142,0.0137,0.0151,25.33,0.0,0.0,0.0,0.0,0.0,0.0
1782713009.494,0.0,0.0,0.0,0.6006,0.7954,0.0298,0.0142,0.0142,0.0151,25.33,0.0,0.0,0.0,0.0,0.0,0.0
1782713014.504,0.001,0.001,0.001,0.6006,0.7954,0.0298,0.0137,0.0151,0.0146,25.33,0.28,0.3,0.24,105.4,32.7,21.3
1782713019.516,0.0,0.0,0.0,0.6006,0.7954,0.0298,0.0137,0.0146,0.0146,25.33,0.0,0.0,0.0,0.0,0.0,0.0
1782713024.527,0.0,0.0,0.0,0.6006,0.7954,0.0298,0.0142,0.0142,0.0142,25.33,0.0,0.0,0.0,0.0,0.0,0.0
1782713029.54,0.001,0.001,0.001,0.6006,0.7954,0.0298,0.0137,0.0142,0.0151,25.33,0.07,0.07,0.06,0.0,0.0,0.0
1782713034.548,0.0,0.0,0.0,0.6006,0.7954,0.0298,0.0142,0.0146,0.0156,25.33,0.17,0.18,0.16,0.0,0.0,46.1
1782713039.554,0.0,0.0,0.0,0.6006,0.7954,0.0298,0.0146,0.0142,0.0137,25.34,0.11,0.12,0.1,0.0,0.0,0.0
1782713044.56,0.0,0.0,0.0,0.6006,0.7954,0.0298,0.0142,0.0146,0.0161,25.34,0.13,0.15,0.12,100.9,31.2,51.6
1782713049.569,0.0,0.001,0.0,0.6006,0.7954,0.0298,0.0142,0.0156,0.0142,25.34,0.19,0.22,0.18,17.6,32.7,85.1
1782713054.579,0.012,0.013,0.011,0.6006,0.7954,0.0298,0.0137,0.0156,0.0156,25.34,0.39,0.42,0.37,30.0,32.5,4.9
1782713059.589,0.0,0.0,0.0,0.6006,0.7954,0.0298,0.0137,0.0142,0.0151,25.34,0.0,0.0,0.0,0.0,0.0,0.0
1782713064.597,0.0,0.0,0.0,0.6006,0.7954,0.0298,0.0146,0.0146,0.0142,25.34,0.0,0.0,0.0,0.0,0.0,0.0
1782713069.607,0.0,0.0,0.0,0.6006,0.7954,0.0298,0.0146,0.0142,0.0156,25.34,0.0,0.0,0.0,0.0,0.0,0.0
1782713074.617,0.0,0.0,0.0,0.6006,0.7959,0.0298,0.0132,0.0137,0.0142,25.34,0.0,0.0,0.0,0.0,0.0,0.0
1782713079.624,0.0,0.0,0.0,0.6006,0.7959,0.0298,0.0142,0.0146,0.0137,25.35,0.0,0.0,0.0,0.0,0.0,0.0
1782713084.631,0.0,0.0,0.0,0.6006,0.7959,0.0298,0.0156,0.0146,0.0151,25.35,0.0,0.0,0.0,0.0,0.0,0.0
1782713089.64,0.0,0.0,0.0,0.6006,0.7959,0.0298,0.0137,0.0146,0.0151,25.35,0.0,0.0,0.0,0.0,0.0,0.0
1782713094.649,0.0,0.0,0.0,0.6006,0.7954,0.0298,0.0132,0.0146,0.0137,25.35,0.0,0.0,0.0,0.0,0.0,0.0
1782713099.658,0.013,0.015,0.012,0.6006,0.7959,0.0298,0.0142,0.0146,0.0146,25.36,0.19,0.21,0.17,0.0,0.0,0.0
1782713104.666,0.0,0.0,0.0,0.6006,0.7959,0.0298,0.0127,0.0137,0.0151,25.36,0.06,0.06,0.05,0.0,0.0,0.0
1782713109.675,0.0,0.0,0.0,0.6006,0.7959,0.0298,0.0132,0.0146,0.0137,25.37,0.09,0.1,0.08,0.0,0.0,0.0
1782713114.682,0.0,0.0,0.0,0.6006,0.7954,0.0298,0.0132,0.0156,0.0146,25.37,0.0,0.0,0.0,0.0,0.0,0.0
1782713119.692,0.0,0.0,0.0,0.6006,0.7959,0.0298,0.0137,0.0146,0.0156,25.37,0.08,0.08,0.07,17.1,32.7,106.4
1782713124.704,0.001,0.001,0.001,0.6006,0.7959,0.0298,0.0137,0.0142,0.0156,25.37,0.25,0.27,0.23,61.5,32.7,32.5
1782713129.716,0.0,0.0,0.0,0.6006,0.7959,0.0298,0.0132,0.0151,0.0142,25.37,0.01,0.01,0.01,0.0,0.0,0.0
1782713134.724,0.0,0.0,0.0,0.6006,0.7954,0.0298,0.0142,0.0142,0.0132,25.38,0.04,0.04,0.03,0.0,0.0,0.0
1782713139.734,0.0,0.0,0.0,0.6006,0.7959,0.0298,0.0137,0.0156,0.0151,25.38,0.08,0.09,0.07,28.5,32.7,101.9
1782713144.744,0.0,0.0,0.0,0.6006,0.7959,0.0298,0.0156,0.0156,0.0151,25.38,0.08,0.09,0.08,126.2,32.5,48.6
1782713149.753,0.001,0.001,0.001,0.6006,0.7959,0.0298,0.0151,0.0161,0.0161,25.38,0.24,0.27,0.23,54.3,32.7,70.9
1782713154.76,0.0,0.0,0.0,0.6006,0.7959,0.0298,0.0142,0.0151,0.0151,25.38,0.0,0.0,0.0,0.0,0.0,0.0
1782713159.768,0.0,0.0,0.0,0.6006,0.7959,0.0298,0.0137,0.0146,0.0156,25.39,0.0,0.0,0.0,0.0,0.0,0.0
1782713164.776,0.0,0.0,0.0,0.6006,0.7959,0.0293,0.0142,0.0146,0.0146,25.39,0.02,0.02,0.02,0.0,0.0,0.0
1782713169.785,0.0,0.0,0.0,0.6006,0.7959,0.0293,0.0142,0.0137,0.0151,25.39,0.0,0.0,0.0,0.0,0.0,0.0
1782713174.792,0.0,0.0,0.0,0.6006,0.7959,0.0293,0.0142,0.0156,0.0151,25.39,0.03,0.03,0.02,0.0,0.0,0.0
1782713179.8,0.0,0.0,0.0,0.6006,0.7959,0.0293,0.0146,0.0146,0.0142,25.39,0.07,0.08,0.06,0.0,0.0,0.0
1782713184.808,0.0,0.0,0.0,0.6006,0.7959,0.0293,0.0142,0.0146,0.0137,25.4,0.02,0.02,0.01,0.0,0.0,0.0
1782713189.816,0.001,0.001,0.001,0.6001,0.7959,0.0293,0.0156,0.0161,0.0166,25.4,0.27,0.28,0.26,6.9,33.0,67.7
1782713194.825,0.004,0.004,0.003,0.5996,0.7964,0.0288,0.0166,0.0161,0.0156,25.4,0.52,0.55,0.45,16.1,32.7,95.7
1782713199.835,0.001,0.001,0.001,0.5996,0.7964,0.0288,0.0146,0.0156,0.0142,25.4,0.29,0.33,0.26,22.5,32.7,116.3
1782713204.845,0.0,0.0,0.0,0.5996,0.7964,0.0283,0.0137,0.0146,0.0156,25.4,0.13,0.15,0.12,5.2,33.0,64.7
1782713209.852,0.0,0.0,0.0,0.5996,0.7964,0.0283,0.0161,0.0166,0.0161,25.4,0.16,0.17,0.15,0.0,0.0,0.0
1782713214.859,0.0,0.0,0.0,0.6001,0.7959,0.0293,0.0142,0.0146,0.0142,25.41,0.09,0.09,0.08,0.0,0.0,0.0
1782713219.868,5.825,6.818,2.675,0.5991,0.7969,0.0283,0.0391,0.0415,0.021,25.41,18.36,21.48,8.48,114.6,50.8,108.6
1782713224.873,0.001,0.001,0.0,0.5957,0.7993,0.0254,0.0234,0.0264,0.0181,25.41,0.2,0.23,0.13,33.0,65.7,7.4
1782713229.878,0.01,0.01,0.008,0.5942,0.8003,0.0244,0.0386,0.0396,0.0298,25.41,0.64,0.65,0.5,64.0,56.0,53.3
1782713234.884,0.0,0.0,0.0,0.5933,0.8013,0.0234,0.0142,0.0146,0.0146,25.41,0.01,0.01,0.01,0.0,0.0,0.0
1782713239.893,0.0,0.0,0.0,0.5928,0.8018,0.0229,0.0151,0.0151,0.0146,25.42,0.02,0.02,0.02,17.3,100.4,124.0
1782713244.903,0.0,0.0,0.0,0.5928,0.8018,0.0225,0.0151,0.0151,0.0142,25.42,0.01,0.01,0.01,70.4,52.3,109.6
1782713249.911,0.0,0.0,0.0,0.5923,0.8018,0.0225,0.0137,0.0142,0.0142,25.42,0.0,0.0,0.0,0.0,0.0,0.0
1782713254.918,0.0,0.0,0.0,0.5923,0.8018,0.0225,0.0137,0.0132,0.0137,25.42,0.0,0.0,0.0,0.0,0.0,0.0
1782713259.924,0.0,0.0,0.0,0.5923,0.8018,0.0225,0.0156,0.0146,0.0156,25.43,0.0,0.0,0.0,0.0,0.0,0.0
1782713264.933,0.0,0.0,0.0,0.5923,0.8018,0.0225,0.0137,0.0151,0.0132,25.43,0.0,0.0,0.0,0.0,0.0,0.0
1782713269.943,0.0,0.0,0.0,0.5923,0.8022,0.0225,0.0142,0.0137,0.0146,25.43,0.0,0.0,0.0,0.0,0.0,0.0
1782713274.952,0.0,0.0,0.0,0.5923,0.8022,0.0225,0.0137,0.0142,0.0142,25.43,0.0,0.0,0.0,0.0,0.0,0.0
1782713279.961,0.0,0.0,0.0,0.5923,0.8022,0.0225,0.0132,0.0127,0.0151,25.43,0.0,0.0,0.0,0.0,0.0,0.0
1782713284.97,0.0,0.0,0.0,0.5923,0.8022,0.0225,0.0137,0.0137,0.0142,25.43,0.0,0.0,0.0,0.0,0.0,0.0
1782713289.98,0.0,0.0,0.0,0.5923,0.8022,0.0225,0.0146,0.0137,0.0146,25.43,0.0,0.0,0.0,0.0,0.0,0.0
1782713294.988,0.0,0.0,0.0,0.5923,0.8022,0.0225,0.0146,0.0137,0.0142,25.43,0.01,0.01,0.01,0.0,0.0,0.0
1782713300.0,0.0,0.0,0.0,0.5923,0.8022,0.0225,0.0146,0.0142,0.0146,25.43,0.0,0.0,0.0,0.0,0.0,0.0
1782713305.012,0.0,0.0,0.0,0.5923,0.8022,0.0225,0.0171,0.0171,0.0161,25.43,0.13,0.13,0.11,116.1,67.9,15.6
1782713310.023,0.001,0.001,0.001,0.5923,0.8022,0.0225,0.0151,0.0137,0.0137,25.43,0.25,0.25,0.23,0.0,0.0,0.0
1782713315.041,0.0,0.0,0.0,0.5923,0.8022,0.0225,0.0146,0.0151,0.0142,25.43,0.0,0.0,0.0,0.0,0.0,0.0
1782713320.051,0.0,0.0,0.0,0.5923,0.8022,0.0225,0.0137,0.0137,0.0146,25.43,0.01,0.01,0.01,0.0,0.0,0.0
1782713325.063,0.0,0.0,0.0,0.5923,0.8022,0.0225,0.0137,0.0142,0.0146,25.43,0.0,0.0,0.0,0.0,0.0,0.0
1782713330.074,0.0,0.0,0.0,0.5923,0.8022,0.0225,0.0132,0.0137,0.0156,25.44,0.02,0.02,0.02,23.3,13.6,91.8
1782713335.086,0.0,0.0,0.0,0.5923,0.8022,0.0225,0.0146,0.0151,0.0132,25.43,0.02,0.03,0.02,0.0,0.0,0.0
1782713340.096,0.0,0.0,0.0,0.5923,0.8022,0.0225,0.0142,0.0137,0.0137,25.43,0.0,0.0,0.0,0.0,0.0,0.0
1782713345.108,0.0,0.0,0.0,0.5923,0.8022,0.0225,0.0137,0.0137,0.0151,25.43,0.0,0.0,0.0,0.0,0.0,0.0
1782713350.12,0.0,0.0,0.0,0.5923,0.8022,0.0225,0.0137,0.0137,0.0132,25.43,0.0,0.0,0.0,0.0,0.0,0.0
1782713355.131,0.002,0.002,0.002,0.5923,0.8022,0.022,0.0142,0.0132,0.0146,25.44,0.23,0.24,0.22,0.0,0.0,0.0
1782713360.141,0.0,0.0,0.0,0.5923,0.8022,0.022,0.0142,0.0142,0.0146,25.43,0.0,0.0,0.0,0.0,0.0,0.0
1782713365.153,0.0,0.0,0.0,0.5923,0.8022,0.022,0.0146,0.0132,0.0132,25.43,0.0,0.0,0.0,0.0,0.0,0.0
1782713370.163,0.0,0.0,0.0,0.5923,0.8022,0.022,0.0137,0.0132,0.0156,25.43,0.0,0.0,0.0,0.0,0.0,0.0
1782713375.172,0.0,0.0,0.0,0.5923,0.8022,0.022,0.0142,0.0142,0.0151,25.43,0.0,0.0,0.0,0.0,0.0,0.0
1782713380.18,0.0,0.0,0.0,0.5923,0.8022,0.0225,0.0132,0.0132,0.0142,25.43,0.01,0.01,0.0,0.0,0.0,0.0
1782713385.19,0.0,0.0,0.0,0.5923,0.8022,0.0225,0.0137,0.0137,0.0146,25.43,0.0,0.0,0.0,0.0,0.0,0.0
1782713390.2,0.0,0.0,0.0,0.5923,0.8022,0.0225,0.0132,0.0122,0.0142,25.43,0.0,0.0,0.0,0.0,0.0,0.0
1782713395.207,0.0,0.0,0.0,0.5923,0.8022,0.0225,0.0137,0.0142,0.0146,25.43,0.0,0.0,0.0,0.0,0.0,0.0
1782713400.217,0.0,0.0,0.0,0.5923,0.8022,0.0225,0.0137,0.0146,0.0142,25.43,0.0,0.0,0.0,0.0,0.0,0.0
1782713405.226,0.0,0.0,0.0,0.5923,0.8022,0.0225,0.0142,0.0137,0.0137,25.43,0.0,0.0,0.0,0.0,0.0,0.0
1782713410.238,0.0,0.0,0.0,0.5923,0.8022,0.0225,0.0137,0.0142,0.0137,25.43,0.0,0.0,0.0,0.0,0.0,0.0
1782713415.245,0.0,0.0,0.0,0.5923,0.8022,0.0225,0.0142,0.0137,0.0142,25.42,0.0,0.0,0.0,0.0,0.0,0.0
1782713420.257,0.019,0.02,0.016,0.5923,0.8022,0.0229,0.1372,0.144,0.1133,25.42,1.92,2.11,1.52,90.8,90.8,10.6
1782713425.27,0.004,0.004,0.003,0.5923,0.8018,0.0234,0.062,0.0762,0.0371,25.42,0.66,0.8,0.45,10.4,10.4,27.7
1782713430.281,0.0,0.0,0.0,0.5923,0.8018,0.0229,0.0142,0.0137,0.0137,25.42,0.0,0.0,0.0,0.0,0.0,0.0
1782713435.294,0.0,0.0,0.0,0.5923,0.8018,0.0225,0.0142,0.0132,0.0137,25.41,0.0,0.0,0.0,0.0,0.0,0.0
1782713440.304,0.0,0.0,0.0,0.5923,0.8018,0.0225,0.0127,0.0132,0.0146,25.42,0.0,0.0,0.0,0.0,0.0,0.0
1782713445.315,0.0,0.0,0.0,0.5923,0.8018,0.0225,0.0132,0.0142,0.0146,25.42,0.0,0.0,0.0,0.0,0.0,0.0
1782713450.32,0.0,0.0,0.0,0.5923,0.8018,0.0225,0.0137,0.0132,0.0142,25.42,0.0,0.0,0.0,0.0,0.0,0.0
1782713455.332,0.0,0.0,0.0,0.5923,0.8018,0.0225,0.0137,0.0132,0.0146,25.41,0.0,0.0,0.0,0.0,0.0,0.0
1782713460.347,0.0,0.0,0.0,0.5923,0.8018,0.0225,0.0137,0.0137,0.0146,25.41,0.0,0.0,0.0,0.0,0.0,0.0
1782713465.358,0.0,0.0,0.0,0.5923,0.8018,0.0225,0.0142,0.0137,0.0137,25.41,0.0,0.0,0.0,0.0,0.0,0.0
1782713470.368,0.0,0.0,0.0,0.5923,0.8018,0.0225,0.0146,0.0132,0.0146,25.41,0.0,0.0,0.0,0.0,0.0,0.0
1782713475.38,0.0,0.0,0.0,0.5923,0.8018,0.0225,0.0142,0.0132,0.0151,25.41,0.01,0.01,0.01,0.0,0.0,0.0
1782713480.389,0.0,0.0,0.0,0.5923,0.8018,0.0225,0.0137,0.0132,0.0137,25.41,0.0,0.0,0.0,0.0,0.0,0.0
1782713485.399,0.0,0.0,0.0,0.5923,0.8018,0.0225,0.0137,0.0142,0.0137,25.4,0.0,0.0,0.0,0.0,0.0,0.0
1782713490.411,0.0,0.0,0.0,0.5923,0.8018,0.0225,0.0132,0.0137,0.0146,25.4,0.0,0.0,0.0,0.0,0.0,0.0
1782713495.423,0.0,0.0,0.0,0.5923,0.8018,0.0225,0.0137,0.0137,0.0142,25.4,0.0,0.0,0.0,0.0,0.0,0.0
1782713500.434,0.0,0.0,0.0,0.5923,0.8018,0.0225,0.0132,0.0127,0.0127,25.4,0.02,0.02,0.02,0.0,0.0,0.0
1782713505.445,0.0,0.0,0.0,0.5923,0.8018,0.0225,0.0137,0.0142,0.0137,25.4,0.0,0.0,0.0,0.0,0.0,0.0
1782713510.457,0.0,0.0,0.0,0.5923,0.8018,0.0225,0.0137,0.0132,0.0142,25.39,0.0,0.0,0.0,0.0,0.0,0.0
1782713515.471,0.0,0.0,0.0,0.5923,0.8018,0.0225,0.0142,0.0132,0.0137,25.39,0.0,0.0,0.0,0.0,0.0,0.0
1782713520.481,0.0,0.0,0.0,0.5923,0.8018,0.0225,0.0137,0.0146,0.0151,25.39,0.02,0.02,0.02,43.4,81.8,31.7
1782713525.495,0.0,0.0,0.0,0.5923,0.8018,0.0225,0.0142,0.0151,0.0142,25.39,0.0,0.0,0.0,0.0,0.0,0.0
1782713530.504,0.0,0.0,0.0,0.5928,0.8018,0.0225,0.0142,0.0151,0.0146,25.39,0.0,0.0,0.0,0.0,0.0,0.0
1782713535.515,0.0,0.0,0.0,0.5923,0.8018,0.0225,0.0132,0.0137,0.0146,25.39,0.0,0.0,0.0,0.0,0.0,0.0
1782713540.526,0.0,0.0,0.0,0.5923,0.8018,0.0225,0.0132,0.0142,0.0151,25.39,0.0,0.0,0.0,0.0,0.0,0.0
1782713545.538,0.0,0.0,0.0,0.5923,0.8018,0.0225,0.0137,0.0137,0.0132,25.39,0.0,0.0,0.0,0.0,0.0,0.0
1782713550.551,0.0,0.0,0.0,0.5923,0.8018,0.0225,0.0142,0.0127,0.0146,25.39,0.0,0.0,0.0,0.0,0.0,0.0
1782713555.561,0.007,0.007,0.005,0.5923,0.8018,0.0225,0.0151,0.0146,0.0146,25.4,0.38,0.4,0.31,0.0,0.0,0.0
1782713560.574,0.0,0.0,0.0,0.5923,0.8018,0.0225,0.0137,0.0142,0.0142,25.4,0.0,0.0,0.0,0.0,0.0,0.0
1782713565.587,0.0,0.0,0.0,0.5923,0.8018,0.0225,0.0142,0.0137,0.0142,25.4,0.08,0.08,0.07,0.0,0.0,0.0
1782713570.598,0.0,0.0,0.0,0.5923,0.8018,0.0225,0.0142,0.0142,0.0137,25.4,0.0,0.0,0.0,0.0,0.0,0.0
1782713575.609,0.0,0.0,0.0,0.5923,0.8018,0.0225,0.0142,0.0132,0.0142,25.4,0.0,0.0,0.0,0.0,0.0,0.0
1782713580.62,0.0,0.0,0.0,0.5923,0.8018,0.0225,0.0137,0.0137,0.0137,25.4,0.0,0.0,0.0,0.0,0.0,0.0
1782713585.63,0.0,0.0,0.0,0.5923,0.8018,0.0225,0.0142,0.0137,0.0151,25.4,0.01,0.01,0.0,0.0,0.0,0.0
1782713590.641,0.0,0.0,0.0,0.5928,0.8018,0.0225,0.0137,0.0137,0.0156,25.41,0.09,0.09,0.09,7.4,6.9,80.8
1782713595.652,0.0,0.0,0.0,0.5928,0.8018,0.0225,0.0137,0.0142,0.0127,25.41,0.01,0.01,0.01,0.0,0.0,0.0
1782713600.664,0.012,0.012,0.011,0.5928,0.8018,0.0225,0.0142,0.0137,0.0146,25.41,0.64,0.63,0.61,120.0,95.0,8.1
1782713605.675,0.0,0.0,0.0,0.5928,0.8018,0.0225,0.0142,0.0137,0.0146,25.41,0.01,0.01,0.01,0.0,0.0,0.0
1782713610.685,0.0,0.0,0.0,0.5928,0.8018,0.0225,0.0132,0.0137,0.0146,25.42,0.0,0.0,0.0,0.0,0.0,0.0
1782713615.695,0.0,0.0,0.0,0.5928,0.8018,0.0225,0.0146,0.0137,0.0146,25.42,0.0,0.0,0.0,0.0,0.0,0.0
1782713620.706,0.0,0.0,0.0,0.5928,0.8018,0.022,0.0132,0.0132,0.0146,25.43,0.01,0.01,0.01,0.0,0.0,0.0
1782713625.715,0.0,0.0,0.0,0.5928,0.8018,0.022,0.0132,0.0137,0.0146,25.43,0.0,0.0,0.0,0.0,0.0,0.0
1782713630.723,0.0,0.0,0.0,0.5928,0.8018,0.022,0.0142,0.0142,0.0142,25.43,0.0,0.0,0.0,0.0,0.0,0.0
1782713635.733,0.0,0.0,0.0,0.5928,0.8018,0.022,0.0142,0.0127,0.0132,25.43,0.0,0.0,0.0,0.0,0.0,0.0
1782713640.739,0.0,0.0,0.0,0.5928,0.8018,0.022,0.0137,0.0146,0.0142,25.44,0.0,0.0,0.0,0.0,0.0,0.0
1782713645.747,0.0,0.0,0.0,0.5928,0.8018,0.022,0.0142,0.0137,0.0142,25.44,0.0,0.0,0.0,0.0,0.0,0.0
1782713650.755,0.0,0.0,0.0,0.5928,0.8018,0.022,0.0132,0.0142,0.0132,25.44,0.0,0.0,0.0,0.0,0.0,0.0
1782713655.765,0.0,0.0,0.0,0.5928,0.8018,0.022,0.0137,0.0142,0.0142,25.45,0.0,0.0,0.0,0.0,0.0,0.0
1782713660.776,0.0,0.0,0.0,0.5928,0.8018,0.022,0.0166,0.0156,0.0161,25.45,0.15,0.15,0.14,91.5,14.8,34.9
1782713665.788,0.0,0.0,0.0,0.5928,0.8018,0.022,0.0132,0.0137,0.0146,25.46,0.01,0.01,0.01,0.0,0.0,0.0
1782713670.799,0.001,0.001,0.001,0.5928,0.8018,0.022,0.02,0.0181,0.0156,25.46,0.02,0.02,0.02,0.0,0.0,0.0
1782713675.811,0.0,0.0,0.0,0.5928,0.8018,0.022,0.0142,0.0137,0.0127,25.46,0.09,0.09,0.08,0.0,0.0,0.0
1782713680.823,0.007,0.007,0.006,0.5928,0.8018,0.022,0.0156,0.0171,0.0161,25.47,0.63,0.68,0.55,18.8,14.6,14.1
1782713685.863,0.0,0.0,0.0,0.5928,0.8018,0.022,0.0137,0.0132,0.0137,25.47,0.0,0.0,0.0,0.0,0.0,0.0
1782714241.955,0.0,0.0,0.0,0.5996,0.7964,0.0195,0.0142,0.0142,0.0142,25.53,0.0,0.0,0.0,0.0,0.0,0.0
1782714246.963,0.0,0.0,0.0,0.5996,0.7964,0.0195,0.0146,0.0146,0.0146,25.53,0.0,0.0,0.0,0.0,0.0,0.0
1782714251.984,0.001,0.001,0.001,0.5996,0.7964,0.0195,0.0132,0.0146,0.0146,25.54,0.06,0.06,0.05,0.0,0.0,0.0
1782714256.998,0.0,0.0,0.0,0.5996,0.7964,0.0195,0.0137,0.0146,0.0137,25.54,0.03,0.04,0.03,0.0,0.0,0.0
1782714262.013,0.009,0.01,0.009,0.5996,0.7964,0.0195,0.0137,0.0151,0.0137,25.54,0.22,0.24,0.2,0.0,0.0,0.0
1782714267.024,0.038,0.04,0.033,0.5996,0.7964,0.0195,0.0151,0.0161,0.0151,25.55,1.55,1.65,1.37,95.5,6.4,73.1
1782714272.036,0.028,0.031,0.026,0.5996,0.7964,0.0195,0.0142,0.0151,0.0142,25.55,1.27,1.39,1.14,67.2,6.9,63.0
1782714277.045,0.0,0.0,0.0,0.5996,0.7964,0.0195,0.0142,0.0156,0.0137,25.55,0.02,0.03,0.02,0.0,0.0,0.0
1782714282.056,0.006,0.007,0.005,0.5996,0.7964,0.0195,0.0142,0.0151,0.0137,25.56,0.27,0.31,0.26,0.0,0.0,0.0
1782714287.065,0.004,0.005,0.004,0.5996,0.7964,0.0195,0.0142,0.0146,0.0142,25.56,0.21,0.23,0.2,0.0,0.0,0.0
1782714292.079,0.016,0.018,0.015,0.5996,0.7964,0.0195,0.0142,0.0156,0.0146,25.56,0.8,0.88,0.76,80.1,7.1,48.3
1782714297.09,0.0,0.0,0.0,0.5996,0.7964,0.0195,0.0132,0.0146,0.0142,25.56,0.0,0.0,0.0,0.0,0.0,0.0
1782714302.096,0.001,0.001,0.001,0.5996,0.7964,0.0195,0.0142,0.0142,0.0151,25.57,0.13,0.13,0.12,51.1,7.9,86.3
1782714307.108,0.024,0.026,0.023,0.5996,0.7964,0.0195,0.0142,0.0146,0.0146,25.57,0.71,0.75,0.67,96.2,3.2,20.5
1782714312.12,0.221,0.228,0.208,0.5996,0.7964,0.0195,0.0142,0.0137,0.0146,25.57,2.43,2.5,2.28,0.0,0.0,0.0
1782714317.131,0.0,0.0,0.0,0.5996,0.7964,0.0195,0.0146,0.0137,0.0146,25.58,0.0,0.0,0.0,0.0,0.0,0.0
1782714322.14,0.01,0.011,0.009,0.5996,0.7964,0.0195,0.0142,0.0151,0.0142,25.58,0.45,0.51,0.42,50.1,6.9,4.7
1782714327.157,0.0,0.0,0.0,0.5996,0.7964,0.0195,0.0142,0.0151,0.0146,25.58,0.02,0.02,0.02,0.0,0.0,0.0
1782714332.212,0.029,0.033,0.027,0.5996,0.7964,0.0195,0.0142,0.0156,0.0146,25.59,1.27,1.42,1.18,52.3,6.6,75.6
1782714337.22,0.0,0.0,0.0,0.5996,0.7964,0.0195,0.0137,0.0156,0.0132,25.59,0.0,0.0,0.0,0.0,0.0,0.0
1782714342.231,0.0,0.0,0.0,0.5996,0.7964,0.0195,0.0137,0.0151,0.0142,25.59,0.0,0.0,0.0,0.0,0.0,0.0
1782714347.243,0.013,0.014,0.011,0.5996,0.7964,0.0195,0.0176,0.0166,0.0146,25.59,0.74,0.78,0.62,36.2,6.9,100.9
1782714352.255,0.015,0.017,0.014,0.5996,0.7964,0.0195,0.0137,0.0151,0.0151,25.59,0.82,0.92,0.77,58.5,6.6,22.5
1782714357.267,0.032,0.037,0.03,0.5996,0.7964,0.0195,0.0142,0.0156,0.0142,25.6,1.29,1.47,1.2,106.9,6.2,111.9
1782714362.278,0.019,0.022,0.018,0.5996,0.7964,0.0195,0.0137,0.0151,0.0146,25.6,0.82,0.94,0.78,21.0,6.4,109.1
1782714367.29,0.003,0.004,0.003,0.5996,0.7964,0.0195,0.0132,0.0151,0.0142,25.6,0.16,0.18,0.15,0.0,0.0,0.0
1782714372.299,0.0,0.0,0.0,0.5996,0.7964,0.0195,0.0137,0.0151,0.0142,25.6,0.04,0.05,0.04,0.0,0.0,0.0
1782714377.311,0.0,0.0,0.0,0.5996,0.7964,0.0195,0.0142,0.0146,0.0142,25.6,0.0,0.0,0.0,0.0,0.0,0.0
1782714382.32,0.001,0.002,0.001,0.5996,0.7964,0.0195,0.0137,0.0146,0.0142,25.6,0.08,0.1,0.08,0.0,0.0,0.0
1782714387.338,0.049,0.057,0.047,0.5996,0.7964,0.0195,0.0142,0.0156,0.0146,25.61,1.72,1.99,1.62,57.8,5.4,102.4
1782714392.35,0.001,0.001,0.001,0.5996,0.7964,0.0195,0.0142,0.0151,0.0146,25.61,0.04,0.05,0.04,0.0,0.0,0.0
1782714397.36,0.028,0.031,0.025,0.5996,0.7964,0.0195,0.0156,0.0161,0.0142,25.61,1.13,1.24,1.0,121.8,6.2,4.4
1782714402.371,0.027,0.032,0.026,0.5996,0.7964,0.0195,0.0142,0.0151,0.0137,25.61,1.13,1.31,1.08,51.8,6.4,2.2
1782714407.383,0.041,0.046,0.037,0.5996,0.7964,0.0195,0.0146,0.0156,0.0151,25.61,1.5,1.67,1.37,67.4,5.7,124.8
1782714412.396,0.004,0.005,0.004,0.5996,0.7964,0.0195,0.0151,0.0151,0.0156,25.61,0.2,0.21,0.18,80.8,5.7,65.5
1782714417.409,0.038,0.044,0.035,0.5996,0.7964,0.0195,0.0137,0.0156,0.0137,25.61,1.41,1.63,1.33,109.6,6.4,29.2
1782714422.421,0.0,0.0,0.0,0.5996,0.7964,0.0195,0.0137,0.0151,0.0142,25.61,0.0,0.0,0.0,0.0,0.0,0.0
1782714427.433,0.0,0.0,0.0,0.5996,0.7964,0.0195,0.0137,0.0146,0.0142,25.61,0.0,0.0,0.0,0.0,0.0,0.0
1782714432.446,0.0,0.0,0.0,0.5996,0.7964,0.0195,0.0132,0.0146,0.0146,25.61,0.01,0.01,0.01,0.0,0.0,0.0
1782714437.458,0.0,0.0,0.0,0.5996,0.7964,0.0195,0.0142,0.0151,0.0142,25.61,0.0,0.0,0.0,0.0,0.0,0.0
1782714442.471,0.0,0.0,0.0,0.5996,0.7964,0.0195,0.0142,0.0146,0.0156,25.61,0.0,0.0,0.0,0.0,0.0,0.0
1782714447.484,0.0,0.0,0.0,0.5996,0.7964,0.0195,0.0146,0.0151,0.0142,25.61,0.01,0.01,0.01,0.0,0.0,0.0
1782714452.494,0.003,0.003,0.002,0.5996,0.7964,0.0195,0.0195,0.0171,0.0151,25.61,0.36,0.35,0.28,44.1,6.2,114.1
1782714457.506,0.038,0.044,0.036,0.5996,0.7964,0.0195,0.0137,0.0156,0.0132,25.61,1.5,1.73,1.42,86.0,6.2,72.2
1782714462.518,0.044,0.051,0.042,0.5996,0.7964,0.0195,0.0132,0.0156,0.0142,25.61,1.59,1.85,1.51,110.9,5.7,86.8
1782714467.529,0.001,0.001,0.001,0.5996,0.7964,0.0195,0.0156,0.0156,0.0142,25.61,0.04,0.05,0.04,0.0,0.0,0.0
1782714472.542,0.036,0.042,0.035,0.5996,0.7964,0.0195,0.0137,0.0161,0.0146,25.61,1.44,1.66,1.36,66.0,6.2,6.2
1782714477.554,0.05,0.056,0.047,0.5996,0.7964,0.0195,0.0142,0.0156,0.0146,25.61,1.72,1.95,1.62,48.6,5.4,87.8
1782714482.563,0.0,0.0,0.0,0.5996,0.7964,0.0195,0.0137,0.0142,0.0137,25.61,0.0,0.0,0.0,0.0,0.0,0.0
1782714487.575,0.036,0.043,0.035,0.5996,0.7964,0.0195,0.0142,0.0161,0.0146,25.62,1.32,1.55,1.26,93.2,5.7,20.5
1782714492.586,0.007,0.009,0.007,0.5996,0.7964,0.0195,0.0137,0.0146,0.0142,25.61,0.29,0.33,0.28,0.0,0.0,0.0
1782714497.591,0.031,0.035,0.03,0.5996,0.7964,0.0195,0.0146,0.0156,0.0151,25.62,1.12,1.27,1.06,125.5,5.4,0.4
1782714502.603,0.042,0.049,0.039,0.5996,0.7964,0.0195,0.0137,0.0161,0.0146,25.62,1.48,1.71,1.39,69.2,5.4,17.3
1782714507.612,0.024,0.028,0.023,0.5996,0.7964,0.0195,0.0132,0.0156,0.0132,25.62,0.88,1.02,0.83,111.4,5.7,15.1
1782714512.619,0.02,0.023,0.019,0.5996,0.7964,0.0195,0.0137,0.0146,0.0142,25.62,0.71,0.82,0.68,14.1,5.4,5.4
1782714517.629,0.006,0.007,0.006,0.5996,0.7964,0.0195,0.0137,0.0156,0.0146,25.62,0.23,0.26,0.22,26.7,5.7,12.9
1782714522.102,0.05,0.057,0.048,0.5996,0.7964,0.0195,0.0137,0.0151,0.0142,25.62,1.74,1.95,1.64,118.3,5.4,4.9
1782714529.999,0.0,0.0,0.0,0.5996,0.7964,0.0195,0.0132,0.0146,0.0146,25.62,0.0,0.0,0.0,0.0,0.0,0.0
1782714535.006,0.0,0.0,0.0,0.5996,0.7964,0.0195,0.0142,0.0151,0.0142,25.62,0.0,0.0,0.0,0.0,0.0,0.0
1782714540.014,0.034,0.04,0.033,0.5996,0.7964,0.0195,0.0137,0.0166,0.0142,25.62,1.36,1.56,1.28,73.4,6.2,34.2
1782714545.024,0.007,0.009,0.007,0.5996,0.7964,0.0195,0.0132,0.0156,0.0151,25.62,0.44,0.51,0.42,36.9,28.5,111.6
1782714550.036,0.049,0.055,0.045,0.5996,0.7964,0.0195,0.0142,0.0156,0.0142,25.62,1.73,1.95,1.61,111.1,5.4,25.3
1782714555.048,0.017,0.02,0.016,0.5996,0.7964,0.0195,0.0132,0.0151,0.0151,25.62,0.8,0.92,0.76,109.1,5.4,20.5
1782714560.056,0.053,0.057,0.046,0.5996,0.7964,0.0195,0.0151,0.0156,0.0132,25.62,1.86,2.01,1.62,43.6,5.4,40.4
1782714565.066,0.098,0.106,0.085,0.5996,0.7964,0.0195,0.0156,0.0156,0.0142,25.62,1.74,1.89,1.52,2.4,5.7,46.6
1782714570.076,0.005,0.006,0.005,0.5996,0.7964,0.0195,0.0132,0.0146,0.0142,25.61,0.19,0.21,0.18,73.6,5.7,1.4
1782714575.082,0.0,0.0,0.0,0.5996,0.7964,0.0195,0.0142,0.0151,0.0142,25.61,0.01,0.01,0.01,0.0,0.0,0.0
1782714580.093,0.027,0.028,0.023,0.5996,0.7964,0.0195,0.0171,0.0161,0.0146,25.61,0.98,1.04,0.86,103.2,5.4,102.7
1782714585.098,0.015,0.017,0.014,0.5996,0.7964,0.0195,0.0151,0.0151,0.0146,25.61,0.63,0.67,0.57,78.4,5.4,77.1
1782714590.107,0.0,0.0,0.0,0.5996,0.7964,0.0195,0.0146,0.0151,0.0142,25.61,0.01,0.01,0.01,0.0,0.0,0.0
1782714595.116,0.045,0.051,0.042,0.5996,0.7964,0.0195,0.0146,0.0156,0.0142,25.61,1.63,1.84,1.52,48.3,5.7,42.6
1782714600.128,0.0,0.0,0.0,0.5996,0.7964,0.0195,0.0137,0.0146,0.0156,25.61,0.17,0.2,0.17,21.5,5.7,52.1
1782714605.136,0.003,0.003,0.002,0.5996,0.7964,0.0195,0.0137,0.0151,0.0146,25.61,0.1,0.12,0.1,0.0,0.0,0.0
1782714610.145,0.045,0.052,0.044,0.5996,0.7964,0.0195,0.0142,0.0161,0.0146,25.62,1.63,1.89,1.57,7.4,5.7,19.3
1782714615.158,0.0,0.0,0.0,0.5996,0.7964,0.0195,0.0137,0.0151,0.0137,25.61,0.02,0.03,0.02,0.0,0.0,0.0
1782714620.164,0.037,0.042,0.034,0.5996,0.7964,0.0195,0.0142,0.0156,0.0132,25.62,1.33,1.52,1.24,0.0,5.7,120.5
1782714625.176,0.031,0.036,0.03,0.5996,0.7964,0.0195,0.0142,0.0146,0.0146,25.62,1.12,1.31,1.08,59.3,5.4,55.3
1782714630.191,0.011,0.012,0.01,0.5996,0.7964,0.0195,0.0142,0.0146,0.0137,25.62,0.39,0.44,0.36,0.0,0.0,0.0
1782714635.201,0.002,0.002,0.002,0.5996,0.7964,0.0195,0.0137,0.0146,0.0137,25.62,0.09,0.1,0.08,0.0,0.0,0.0
1782714640.208,0.008,0.009,0.008,0.5996,0.7964,0.0195,0.0142,0.0146,0.0137,25.62,0.32,0.38,0.3,0.0,0.0,0.0
1782714645.216,0.0,0.0,0.0,0.5996,0.7964,0.0195,0.0132,0.0146,0.0137,25.62,0.0,0.0,0.0,0.0,0.0,0.0
1782714650.227,0.024,0.028,0.023,0.5996,0.7964,0.0195,0.0137,0.0151,0.0137,25.62,0.87,1.02,0.83,0.0,0.0,0.0
1782714655.237,0.014,0.017,0.013,0.5996,0.7964,0.0195,0.0137,0.0161,0.0142,25.63,0.52,0.61,0.49,32.7,5.7,81.3
1782714660.243,0.004,0.005,0.004,0.5996,0.7964,0.0195,0.0137,0.0161,0.0146,25.63,0.18,0.21,0.17,95.0,6.6,51.8
1782714665.252,0.004,0.004,0.004,0.5996,0.7964,0.0195,0.0132,0.0146,0.0137,25.63,0.16,0.19,0.15,0.0,0.0,0.0
1782714670.262,0.015,0.017,0.014,0.5996,0.7964,0.0195,0.0137,0.0151,0.0132,25.63,0.62,0.71,0.59,0.0,0.0,0.0
1782714675.27,0.004,0.005,0.004,0.5996,0.7964,0.0195,0.0137,0.0151,0.0142,25.64,0.19,0.23,0.18,0.0,0.0,0.0
1782714680.278,0.0,0.0,0.0,0.5996,0.7964,0.0195,0.0137,0.0156,0.0146,25.64,0.0,0.0,0.0,0.0,0.0,0.0
1782714685.288,0.0,0.0,0.0,0.5996,0.7964,0.0195,0.0142,0.0146,0.0146,25.64,0.0,0.0,0.0,0.0,0.0,0.0
1782714690.296,0.032,0.037,0.03,0.5996,0.7964,0.0195,0.0142,0.0156,0.0137,25.65,1.37,1.57,1.28,24.0,6.6,120.0
1782714695.306,0.019,0.021,0.018,0.5996,0.7964,0.0195,0.0132,0.0151,0.0156,25.65,1.03,1.19,0.99,13.6,6.9,10.1
1782714700.315,0.005,0.005,0.004,0.5996,0.7964,0.0195,0.0132,0.0146,0.0146,25.65,0.22,0.25,0.2,0.0,0.0,0.0
1782714705.323,0.031,0.036,0.03,0.5996,0.7964,0.0195,0.0137,0.0151,0.0146,25.65,1.33,1.54,1.29,46.1,6.6,6.9
1782714710.331,0.001,0.002,0.001,0.5996,0.7964,0.0195,0.0171,0.0166,0.0151,25.66,0.2,0.21,0.17,83.3,7.1,107.4
1782714715.342,0.031,0.035,0.029,0.5996,0.7964,0.0195,0.0142,0.0151,0.0142,25.66,1.32,1.5,1.24,6.6,6.6,29.7
1782714720.349,0.004,0.005,0.003,0.5996,0.7964,0.0195,0.0166,0.0166,0.0146,25.66,0.29,0.3,0.24,95.0,6.4,16.1
1782714725.356,0.002,0.003,0.002,0.5996,0.7964,0.0195,0.0137,0.0151,0.0146,25.67,0.12,0.13,0.11,0.0,0.0,0.0
1782714730.363,0.0,0.0,0.0,0.5996,0.7964,0.0195,0.0146,0.0142,0.0137,25.67,0.0,0.0,0.0,0.0,0.0,0.0
1782714735.373,0.008,0.009,0.007,0.5996,0.7964,0.0195,0.0146,0.0151,0.0137,25.67,0.43,0.49,0.41,0.0,0.0,0.0
1782714740.385,0.003,0.004,0.003,0.5996,0.7964,0.0195,0.0142,0.0146,0.0146,25.67,0.17,0.19,0.15,0.0,0.0,0.0
1782714745.396,0.02,0.021,0.018,0.5996,0.7964,0.0195,0.0146,0.0156,0.0156,25.68,0.99,1.05,0.88,77.9,6.9,7.6
1782714750.407,0.029,0.032,0.027,0.5996,0.7964,0.0195,0.0146,0.0156,0.0142,25.68,1.33,1.46,1.21,53.0,7.1,120.3
1782714755.422,0.02,0.023,0.019,0.5996,0.7964,0.0195,0.0156,0.0156,0.0142,25.68,0.94,1.05,0.87,99.9,6.9,122.8
1782714760.428,0.0,0.0,0.0,0.5996,0.7964,0.0195,0.0137,0.0151,0.0146,25.69,0.0,0.0,0.0,0.0,0.0,0.0
1782714765.439,0.0,0.0,0.0,0.5996,0.7964,0.0195,0.0137,0.0146,0.0146,25.69,0.0,0.0,0.0,0.0,0.0,0.0
1782714770.451,0.009,0.01,0.008,0.5996,0.7964,0.0195,0.0132,0.0146,0.0142,25.69,0.41,0.47,0.39,0.0,0.0,0.0
1782714775.463,0.056,0.063,0.053,0.5996,0.7964,0.0195,0.0142,0.0146,0.0151,25.7,1.82,2.02,1.71,74.6,6.9,4.9
1782714780.478,0.112,0.126,0.104,0.5996,0.7964,0.0195,0.0137,0.0156,0.0142,25.7,2.19,2.48,2.06,5.7,6.9,2.2
1782714785.488,0.008,0.009,0.007,0.5996,0.7964,0.0195,0.0151,0.0151,0.0146,25.7,0.42,0.48,0.4,73.4,6.9,126.0
1782714790.497,0.0,0.0,0.0,0.5996,0.7964,0.019,0.0142,0.0156,0.0146,25.7,0.0,0.0,0.0,0.0,0.0,0.0
1782714795.504,0.0,0.001,0.0,0.5996,0.7964,0.019,0.0146,0.0151,0.0142,25.71,0.04,0.04,0.03,0.0,0.0,0.0
1782714800.516,0.001,0.001,0.001,0.5996,0.7964,0.019,0.0137,0.0156,0.0146,25.71,0.06,0.07,0.06,0.0,0.0,0.0
1782714805.528,0.026,0.029,0.025,0.5996,0.7964,0.019,0.0146,0.0156,0.0142,25.71,1.19,1.35,1.13,124.8,7.1,66.0
1782714810.541,0.023,0.027,0.022,0.5996,0.7964,0.019,0.0137,0.0156,0.0142,25.72,1.07,1.26,1.05,65.2,7.1,41.1
1782714815.553,0.001,0.001,0.001,0.5996,0.7964,0.019,0.0137,0.0151,0.0142,25.72,0.06,0.07,0.06,0.0,0.0,0.0
1782714820.564,0.001,0.001,0.001,0.5996,0.7964,0.019,0.0142,0.0151,0.0161,25.72,0.26,0.29,0.25,59.7,6.9,30.0
1782714825.576,0.024,0.028,0.023,0.5996,0.7964,0.019,0.0137,0.0156,0.0142,25.73,1.08,1.24,1.04,49.1,6.9,8.1
1782714830.591,0.024,0.029,0.023,0.5996,0.7964,0.019,0.0137,0.0151,0.0142,25.73,1.04,1.22,0.99,33.0,6.6,11.1
1782714835.603,0.024,0.028,0.023,0.5996,0.7964,0.019,0.0137,0.0151,0.0137,25.73,1.04,1.19,0.98,79.6,6.6,122.3
1782714840.614,0.0,0.0,0.0,0.5996,0.7964,0.019,0.0137,0.0146,0.0151,25.73,0.0,0.0,0.0,0.0,0.0,0.0
1782714845.625,0.001,0.002,0.001,0.5996,0.7964,0.019,0.0137,0.0146,0.0142,25.73,0.08,0.09,0.08,0.0,0.0,0.0
1782714850.635,0.0,0.0,0.0,0.5996,0.7964,0.019,0.0132,0.0142,0.0142,25.74,0.0,0.0,0.0,0.0,0.0,0.0
1782714855.644,0.0,0.0,0.0,0.5996,0.7964,0.019,0.0142,0.0146,0.0142,25.74,0.0,0.0,0.0,0.0,0.0,0.0
1782714860.652,0.0,0.0,0.0,0.5996,0.7964,0.019,0.0142,0.0151,0.0142,25.74,0.0,0.0,0.0,0.0,0.0,0.0
1782714865.662,0.0,0.0,0.0,0.5996,0.7964,0.019,0.0146,0.0146,0.0146,25.75,0.0,0.0,0.0,0.0,0.0,0.0
1782714870.672,0.0,0.0,0.0,0.5996,0.7964,0.019,0.0137,0.0146,0.0142,25.74,0.0,0.0,0.0,0.0,0.0,0.0
1782714875.681,0.0,0.0,0.0,0.5996,0.7964,0.019,0.0137,0.0151,0.0137,25.75,0.0,0.0,0.0,0.0,0.0,0.0
1782714880.687,0.004,0.005,0.004,0.5996,0.7964,0.019,0.0142,0.0151,0.0142,25.75,0.19,0.22,0.18,0.0,0.0,0.0
1782714885.701,0.001,0.002,0.001,0.5996,0.7964,0.019,0.0132,0.0151,0.0151,25.75,0.07,0.08,0.06,0.0,0.0,0.0
1782714890.709,0.0,0.0,0.0,0.5996,0.7964,0.019,0.0146,0.0142,0.0146,25.76,0.0,0.0,0.0,0.0,0.0,0.0
1782714895.721,0.02,0.023,0.019,0.5996,0.7964,0.019,0.0137,0.0156,0.0151,25.76,0.97,1.11,0.92,16.3,7.1,39.4
1782714900.733,0.027,0.031,0.025,0.5996,0.7964,0.019,0.0132,0.0156,0.0142,25.76,1.19,1.36,1.11,0.0,0.0,0.0
1782714905.745,0.021,0.024,0.02,0.5996,0.7964,0.019,0.0137,0.0151,0.0146,25.76,0.96,1.11,0.92,123.8,6.6,33.4
1782714910.756,0.027,0.031,0.026,0.5996,0.7964,0.019,0.0137,0.0156,0.0146,25.76,1.16,1.34,1.11,39.4,6.6,120.0
1782714915.766,0.005,0.006,0.005,0.5996,0.7964,0.019,0.0137,0.0146,0.0156,25.76,0.31,0.36,0.3,77.4,7.1,96.7
1782714920.778,0.024,0.028,0.023,0.5996,0.7964,0.019,0.0137,0.0161,0.0142,25.77,1.06,1.23,1.01,89.8,6.9,29.2
1782714925.787,0.001,0.001,0.001,0.5996,0.7964,0.019,0.0137,0.0151,0.0146,25.77,0.06,0.07,0.06,0.0,0.0,0.0
1782714930.8,0.006,0.007,0.006,0.5996,0.7964,0.019,0.0142,0.0146,0.0151,25.77,0.5,0.56,0.47,16.8,6.6,11.9
1782714935.814,0.025,0.028,0.023,0.5996,0.7964,0.019,0.0146,0.0151,0.0142,25.77,1.12,1.26,1.06,118.8,6.9,51.3
1782714940.826,0.028,0.032,0.027,0.5996,0.7964,0.019,0.0137,0.0151,0.0142,25.77,1.25,1.44,1.21,77.4,6.6,94.2
1782714945.838,0.03,0.035,0.029,0.5996,0.7964,0.019,0.0142,0.0156,0.0142,25.77,1.34,1.54,1.26,60.7,6.9,21.8
1782714950.85,0.073,0.084,0.071,0.5996,0.7964,0.019,0.0146,0.0146,0.0146,25.77,1.44,1.66,1.39,0.0,0.0,0.0
1782714955.862,0.003,0.003,0.002,0.5996,0.7964,0.019,0.0137,0.0146,0.0142,25.77,0.13,0.15,0.13,0.0,0.0,0.0
1782714960.874,0.016,0.019,0.015,0.5996,0.7964,0.019,0.0132,0.0156,0.0146,25.78,0.82,0.97,0.78,122.5,6.9,34.4
1782714965.887,0.007,0.008,0.007,0.5996,0.7964,0.019,0.0132,0.0151,0.0142,25.77,0.34,0.39,0.32,0.0,0.0,0.0
1782714970.898,0.009,0.011,0.009,0.5996,0.7964,0.019,0.0146,0.0151,0.0137,25.77,0.52,0.59,0.5,58.3,6.6,42.6
1782714975.91,0.015,0.017,0.014,0.5996,0.7964,0.019,0.0132,0.0156,0.0151,25.77,0.79,0.94,0.77,8.6,6.6,23.0
1782714980.92,0.032,0.037,0.031,0.5996,0.7964,0.019,0.0142,0.0156,0.0151,25.77,1.37,1.57,1.3,59.0,6.6,6.6
1782714985.933,0.0,0.0,0.0,0.5996,0.7964,0.019,0.0142,0.0151,0.0142,25.77,0.0,0.0,0.0,0.0,0.0,0.0
1782714990.945,0.021,0.025,0.02,0.5996,0.7964,0.019,0.0132,0.0151,0.0151,25.78,0.94,1.07,0.88,0.0,0.0,0.0
1782714995.955,0.031,0.035,0.028,0.5996,0.7964,0.019,0.0142,0.0156,0.0142,25.78,1.36,1.54,1.25,1.7,6.9,102.4
1782715000.97,0.0,0.0,0.0,0.5996,0.7964,0.019,0.0137,0.0146,0.0146,25.77,0.03,0.04,0.03,0.0,0.0,0.0
1782715005.981,0.03,0.034,0.028,0.5996,0.7964,0.019,0.0142,0.0156,0.0146,25.78,1.27,1.47,1.19,11.1,6.6,25.3
1782715010.99,0.011,0.013,0.011,0.5996,0.7964,0.019,0.0142,0.0146,0.0142,25.78,0.48,0.55,0.46,0.0,0.0,0.0
1782715016.004,0.008,0.009,0.007,0.5996,0.7964,0.019,0.0137,0.0146,0.0142,25.78,0.32,0.36,0.3,0.0,0.0,0.0
1782715021.015,0.0,0.0,0.0,0.5996,0.7964,0.019,0.0137,0.0146,0.0137,25.78,0.0,0.0,0.0,0.0,0.0,0.0
1782715026.027,0.022,0.025,0.021,0.5996,0.7964,0.019,0.0142,0.0151,0.0137,25.78,0.94,1.09,0.91,120.3,6.6,70.2
1782715031.039,0.013,0.015,0.013,0.5996,0.7964,0.019,0.0137,0.0156,0.0151,25.78,0.52,0.61,0.51,102.2,6.2,11.4
1782715036.051,0.001,0.001,0.001,0.5996,0.7964,0.019,0.0132,0.0146,0.0146,25.78,0.11,0.13,0.11,57.8,6.6,12.4
1782715041.062,0.0,0.0,0.0,0.5996,0.7964,0.019,0.0137,0.0146,0.0142,25.78,0.0,0.0,0.0,0.0,0.0,0.0
1782715046.076,0.0,0.0,0.0,0.5996,0.7964,0.019,0.0132,0.0156,0.0146,25.78,0.0,0.0,0.0,0.0,0.0,0.0
1782715051.086,0.001,0.001,0.001,0.5996,0.7964,0.019,0.0142,0.0156,0.0146,25.78,0.05,0.06,0.04,0.0,0.0,0.0
1782715056.095,0.0,0.0,0.0,0.5996,0.7964,0.019,0.0127,0.0151,0.0142,25.78,0.0,0.0,0.0,0.0,0.0,0.0
1782715061.104,0.0,0.0,0.0,0.5996,0.7964,0.019,0.0132,0.0161,0.0161,25.78,0.0,0.0,0.0,0.0,0.0,0.0
1782715066.113,0.03,0.034,0.029,0.5996,0.7964,0.019,0.0137,0.0156,0.0137,25.78,1.32,1.5,1.28,32.7,6.9,6.9
1782715071.127,0.007,0.009,0.007,0.5996,0.7964,0.019,0.0132,0.0146,0.0146,25.78,0.35,0.42,0.34,0.0,0.0,0.0
1782715076.14,0.001,0.002,0.001,0.5996,0.7964,0.019,0.0137,0.0146,0.0137,25.78,0.07,0.08,0.06,0.0,0.0,0.0
1782715081.148,0.0,0.0,0.0,0.5996,0.7964,0.019,0.0132,0.0156,0.0137,25.78,0.0,0.0,0.0,0.0,0.0,0.0
1782715086.16,0.032,0.038,0.031,0.5996,0.7964,0.019,0.0142,0.0156,0.0142,25.78,1.38,1.61,1.32,85.6,6.6,1.7
1782715091.168,0.0,0.0,0.0,0.5996,0.7964,0.019,0.0137,0.0156,0.0146,25.78,0.01,0.01,0.01,0.0,0.0,0.0
1782715096.179,0.012,0.014,0.011,0.5996,0.7964,0.019,0.0137,0.0146,0.0137,25.78,0.52,0.59,0.48,0.0,0.0,0.0
1782715101.193,0.006,0.007,0.005,0.5996,0.7964,0.019,0.0151,0.0151,0.0146,25.78,0.37,0.43,0.35,55.8,6.9,28.5
1782715106.203,0.011,0.013,0.011,0.5996,0.7964,0.019,0.0142,0.0151,0.0146,25.78,0.55,0.64,0.53,35.2,6.9,76.1
1782715111.209,0.038,0.043,0.036,0.5996,0.7964,0.019,0.0137,0.0156,0.0156,25.78,1.45,1.66,1.38,46.1,5.9,5.7
1782715116.218,0.026,0.031,0.025,0.5996,0.7964,0.019,0.0137,0.0156,0.0146,25.78,1.19,1.39,1.14,31.5,6.9,28.5
1782715121.231,0.032,0.036,0.03,0.5996,0.7964,0.019,0.0142,0.0151,0.0142,25.78,1.37,1.57,1.3,7.4,6.6,6.9
1782715126.238,0.008,0.009,0.007,0.5996,0.7964,0.019,0.0142,0.0146,0.0142,25.78,0.38,0.43,0.35,7.6,7.1,116.3
1782715131.251,0.0,0.0,0.0,0.5996,0.7964,0.0195,0.0132,0.0146,0.0151,25.78,0.01,0.01,0.01,5.2,6.6,39.6
1782715136.259,0.0,0.0,0.0,0.5996,0.7964,0.019,0.0137,0.0146,0.0142,25.78,0.0,0.0,0.0,0.0,0.0,0.0
1782715141.272,0.0,0.0,0.0,0.5996,0.7964,0.0195,0.0132,0.0146,0.0137,25.78,0.0,0.0,0.0,0.0,0.0,0.0
1782715146.282,0.001,0.001,0.001,0.5996,0.7964,0.0195,0.0137,0.0151,0.0146,25.78,0.07,0.08,0.07,0.0,0.0,0.0
1782715151.291,0.0,0.0,0.0,0.5996,0.7964,0.0195,0.0137,0.0146,0.0151,25.78,0.0,0.0,0.0,0.0,0.0,0.0
1782715156.304,0.026,0.03,0.025,0.5996,0.7964,0.0195,0.0137,0.0156,0.0142,25.79,1.24,1.41,1.18,44.9,7.4,84.6
1782715161.315,0.0,0.0,0.0,0.5996,0.7964,0.0195,0.0132,0.0151,0.0146,25.79,0.0,0.0,0.0,0.0,0.0,0.0
1782715166.328,0.0,0.0,0.0,0.5996,0.7964,0.0195,0.0137,0.0146,0.0142,25.79,0.0,0.0,0.0,0.0,0.0,0.0
1782715171.341,0.0,0.0,0.0,0.5996,0.7964,0.019,0.0137,0.0151,0.0137,25.79,0.0,0.0,0.0,0.0,0.0,0.0
1782715176.352,0.003,0.003,0.002,0.5996,0.7964,0.0195,0.0132,0.0146,0.0142,25.79,0.17,0.19,0.16,0.0,0.0,0.0
1782715181.361,0.0,0.0,0.0,0.5996,0.7964,0.019,0.0146,0.0146,0.0137,25.79,0.0,0.0,0.0,0.0,0.0,0.0
1782715186.374,0.007,0.008,0.006,0.5996,0.7964,0.019,0.0132,0.0151,0.0146,25.8,0.32,0.36,0.3,0.0,0.0,0.0
1782715191.388,0.001,0.001,0.001,0.5996,0.7964,0.019,0.0142,0.0151,0.0146,25.8,0.1,0.12,0.1,0.0,0.0,0.0
1782715196.4,0.026,0.03,0.025,0.5996,0.7964,0.019,0.0137,0.0156,0.0142,25.8,1.1,1.29,1.06,97.2,6.6,93.7
1782715201.412,0.005,0.006,0.005,0.5996,0.7964,0.019,0.0137,0.0151,0.0146,25.81,0.25,0.29,0.24,0.0,0.0,0.0
1782715206.422,0.021,0.024,0.02,0.5996,0.7964,0.019,0.0137,0.0151,0.0142,25.81,0.94,1.07,0.9,1.9,6.9,52.8
1782715211.433,0.007,0.008,0.007,0.5996,0.7964,0.019,0.0132,0.0151,0.0142,25.81,0.32,0.38,0.32,0.0,0.0,0.0
1782715216.447,0.0,0.0,0.0,0.5996,0.7964,0.019,0.0142,0.0151,0.0137,25.81,0.01,0.01,0.01,0.0,0.0,0.0
1782715221.457,0.024,0.028,0.024,0.5996,0.7964,0.019,0.0142,0.0151,0.0146,25.82,0.8,0.92,0.78,94.2,7.1,64.0
1782715226.47,0.0,0.0,0.0,0.5996,0.7964,0.019,0.0137,0.0151,0.0146,25.82,0.0,0.0,0.0,6.6,6.9,110.6
1782715231.477,0.002,0.002,0.002,0.5996,0.7964,0.019,0.0137,0.0146,0.0146,25.82,0.11,0.12,0.1,0.0,0.0,0.0
1782715236.483,0.001,0.001,0.001,0.5996,0.7964,0.019,0.0137,0.0151,0.0146,25.83,0.06,0.07,0.06,0.0,0.0,0.0
1782715241.495,0.0,0.0,0.0,0.5996,0.7964,0.019,0.0132,0.0142,0.0156,25.83,0.0,0.0,0.0,0.0,0.0,0.0
1782715246.507,0.0,0.0,0.0,0.5996,0.7964,0.019,0.0132,0.0146,0.0142,25.83,0.01,0.01,0.01,0.0,0.0,0.0
1782715251.513,0.0,0.0,0.0,0.5996,0.7964,0.019,0.0142,0.0146,0.0137,25.84,0.01,0.02,0.01,0.0,0.0,0.0
1782715256.527,0.0,0.0,0.0,0.5996,0.7964,0.019,0.0137,0.0146,0.0142,25.84,0.01,0.01,0.01,0.0,0.0,0.0
1782715261.541,0.002,0.002,0.002,0.5996,0.7964,0.019,0.0137,0.0151,0.0142,25.85,0.12,0.13,0.11,0.0,0.0,0.0
1782715266.552,0.029,0.034,0.028,0.5996,0.7964,0.019,0.0137,0.0156,0.0151,25.85,1.29,1.48,1.22,82.3,7.1,6.2
1782715271.563,0.0,0.0,0.0,0.5996,0.7964,0.019,0.0137,0.0151,0.0137,25.86,0.02,0.02,0.02,0.0,0.0,0.0
1782715276.572,0.001,0.002,0.001,0.5996,0.7964,0.019,0.0137,0.0146,0.0146,25.86,0.07,0.09,0.07,0.0,0.0,0.0
1782715281.582,0.0,0.0,0.0,0.5996,0.7964,0.019,0.0137,0.0142,0.0146,25.86,0.0,0.0,0.0,0.0,0.0,0.0
1782715286.599,0.024,0.028,0.023,0.5996,0.7964,0.019,0.0132,0.0146,0.0146,25.87,1.14,1.3,1.06,22.5,7.1,118.3
1782715291.612,0.019,0.022,0.017,0.5996,0.7964,0.019,0.0146,0.0166,0.0156,25.87,0.97,1.1,0.89,35.9,7.9,99.4
1782715296.623,0.0,0.0,0.0,0.5996,0.7964,0.019,0.0137,0.0142,0.0142,25.87,0.0,0.0,0.0,0.0,0.0,0.0
1782715301.634,0.005,0.006,0.005,0.5996,0.7964,0.019,0.0132,0.0156,0.0151,25.88,0.27,0.31,0.26,12.1,7.1,103.7
1782715306.643,0.009,0.011,0.008,0.5996,0.7964,0.019,0.0142,0.0151,0.0137,25.88,0.48,0.56,0.46,1.4,8.1,108.1
1782715311.655,0.0,0.0,0.0,0.5996,0.7964,0.019,0.0142,0.0146,0.0142,25.88,0.0,0.0,0.0,0.0,0.0,0.0
1782715316.67,0.0,0.0,0.0,0.5996,0.7964,0.019,0.0132,0.0142,0.0137,25.89,0.0,0.0,0.0,0.0,0.0,0.0
1782715321.679,0.0,0.0,0.0,0.5996,0.7964,0.019,0.0132,0.0142,0.0156,25.89,0.02,0.02,0.02,0.0,0.0,0.0
1782715326.69,0.0,0.0,0.0,0.5996,0.7964,0.019,0.0142,0.0146,0.0146,25.9,0.0,0.0,0.0,0.0,0.0,0.0
1782715331.703,0.0,0.0,0.0,0.5996,0.7964,0.019,0.0142,0.0146,0.0146,25.9,0.0,0.0,0.0,0.0,0.0,0.0
1782715336.713,0.0,0.0,0.0,0.5996,0.7964,0.019,0.0132,0.0161,0.0137,25.9,0.0,0.0,0.0,0.0,0.0,0.0
1782715341.724,0.0,0.0,0.0,0.5996,0.7964,0.019,0.0142,0.0151,0.0146,25.91,0.0,0.0,0.0,0.0,0.0,0.0
1782715346.738,0.001,0.002,0.001,0.5996,0.7964,0.019,0.0142,0.0142,0.0137,25.91,0.1,0.11,0.09,0.0,0.0,0.0
1782715351.746,0.001,0.001,0.001,0.5996,0.7964,0.019,0.0137,0.0151,0.0146,25.91,0.05,0.06,0.05,0.0,0.0,0.0
1782715356.761,0.005,0.006,0.005,0.5996,0.7964,0.019,0.0137,0.0146,0.0146,25.92,0.36,0.4,0.34,0.0,0.0,0.0
1782715361.773,0.023,0.027,0.022,0.5996,0.7964,0.019,0.0142,0.0156,0.0146,25.92,1.12,1.29,1.05,19.1,7.4,69.7
1782715366.783,0.0,0.0,0.0,0.5996,0.7964,0.019,0.0142,0.0146,0.0146,25.92,0.0,0.0,0.0,0.0,0.0,0.0
1782715371.795,0.0,0.0,0.0,0.5996,0.7964,0.019,0.0137,0.0146,0.0146,25.93,0.0,0.0,0.0,0.0,0.0,0.0
1782715376.807,0.001,0.001,0.0,0.5996,0.7964,0.019,0.0137,0.0151,0.0132,25.93,0.04,0.05,0.04,0.0,0.0,0.0
1782715381.818,0.005,0.006,0.005,0.5996,0.7964,0.019,0.0137,0.0142,0.0151,25.93,0.47,0.54,0.45,22.0,2.2,17.1
1782715386.832,0.147,0.173,0.139,0.5996,0.7964,0.019,0.0137,0.0151,0.0142,25.94,2.06,2.43,1.95,0.0,0.0,0.0
1782715391.841,0.235,0.272,0.223,0.5996,0.7964,0.019,0.0137,0.0156,0.0146,25.94,3.3,3.81,3.13,2.2,2.2,1.9
1782715396.854,0.196,0.225,0.19,0.5996,0.7964,0.019,0.0137,0.0146,0.0151,25.94,2.75,3.16,2.66,24.5,2.2,2.2
1782715401.865,0.327,0.385,0.312,0.5996,0.7964,0.019,0.0146,0.0161,0.0142,25.94,4.36,5.13,4.16,100.4,2.2,68.7
1782715406.874,0.302,0.353,0.288,0.5996,0.7964,0.019,0.0142,0.0156,0.0137,25.95,4.25,4.95,4.04,44.6,2.2,18.6
1782715411.881,0.018,0.021,0.017,0.5996,0.7964,0.019,0.0137,0.0146,0.0146,25.95,0.25,0.3,0.24,0.0,0.0,0.0
1782715416.89,0.0,0.001,0.0,0.5996,0.7964,0.019,0.0137,0.0156,0.0146,25.95,0.01,0.01,0.01,0.0,0.0,0.0
1782715421.897,0.013,0.015,0.012,0.5996,0.7964,0.019,0.0146,0.0156,0.0151,25.95,0.2,0.22,0.18,0.0,0.0,0.0
1782715426.907,0.004,0.005,0.004,0.5996,0.7964,0.019,0.0146,0.0151,0.0142,25.96,0.06,0.07,0.06,0.0,0.0,0.0
1782715431.915,0.374,0.443,0.356,0.5996,0.7964,0.019,0.0137,0.0161,0.0151,25.96,4.67,5.53,4.44,65.7,1.9,1.9
1782715436.922,0.297,0.349,0.289,0.5996,0.7964,0.019,0.0132,0.0156,0.0137,25.96,4.17,4.89,4.06,1.9,2.2,2.2
1782715441.93,0.0,0.0,0.0,0.5996,0.7964,0.019,0.0142,0.0151,0.0151,25.96,0.0,0.0,0.0,0.0,0.0,0.0
1782715446.94,0.003,0.004,0.003,0.5996,0.7964,0.019,0.0151,0.0171,0.0146,25.96,0.05,0.06,0.05,0.0,0.0,0.0
1782715451.947,0.07,0.081,0.065,0.5996,0.7964,0.019,0.0137,0.0146,0.0137,25.96,0.87,1.01,0.82,0.0,0.0,0.0
1782715456.956,0.048,0.057,0.047,0.5996,0.7964,0.019,0.0137,0.0151,0.0142,25.97,0.6,0.71,0.58,0.0,0.0,0.0
1782715461.963,0.0,0.0,0.0,0.5996,0.7964,0.019,0.0137,0.0151,0.0137,25.97,0.0,0.0,0.0,0.0,0.0,0.0
1782715466.975,0.301,0.353,0.29,0.5996,0.7964,0.019,0.0142,0.0161,0.0146,25.97,4.16,4.87,4.0,2.2,2.2,1.9
1782715471.989,0.219,0.256,0.209,0.5996,0.7964,0.019,0.0137,0.0156,0.0146,25.97,2.75,3.23,2.64,32.7,1.9,104.4
1782715476.996,0.312,0.364,0.299,0.5996,0.7964,0.019,0.0137,0.0151,0.0142,25.97,4.29,5.0,4.11,107.9,2.2,99.0
1782715482.007,0.18,0.206,0.168,0.5996,0.7964,0.019,0.0137,0.0151,0.0146,25.97,2.64,3.01,2.47,38.9,2.2,16.1
1782715487.019,0.0,0.0,0.0,0.5996,0.7964,0.019,0.0142,0.0156,0.0142,25.97,0.0,0.0,0.0,0.0,0.0,0.0
1782715492.029,0.199,0.234,0.191,0.5996,0.7964,0.019,0.0132,0.0156,0.0142,25.98,2.8,3.29,2.68,6.2,2.2,116.6
1782715497.045,0.036,0.042,0.034,0.5996,0.7964,0.019,0.0132,0.0146,0.0142,25.98,0.5,0.59,0.48,0.0,0.0,0.0
1782715502.056,0.001,0.001,0.001,0.5996,0.7964,0.019,0.0132,0.0151,0.0146,25.98,0.01,0.02,0.01,79.1,0.0,0.0
1782715507.068,0.391,0.45,0.364,0.5996,0.7964,0.019,0.0142,0.0161,0.0146,25.98,4.88,5.62,4.54,103.2,1.9,1.9
1782715512.077,0.319,0.366,0.301,0.5996,0.7964,0.019,0.0142,0.0151,0.0146,25.98,4.25,4.88,4.01,1.9,2.2,60.2
1782715517.089,0.032,0.038,0.031,0.5996,0.7964,0.019,0.0137,0.0151,0.0142,25.98,0.45,0.53,0.44,0.0,0.0,0.0
1782715522.099,0.234,0.274,0.221,0.5996,0.7964,0.019,0.0146,0.0161,0.0137,25.98,3.35,3.92,3.15,31.5,2.2,36.9
1782715527.108,0.006,0.007,0.006,0.5996,0.7964,0.019,0.0146,0.0161,0.0142,25.98,0.09,0.11,0.09,0.0,0.0,0.0
1782715532.118,0.372,0.443,0.36,0.5996,0.7964,0.019,0.0137,0.0161,0.0137,25.98,4.65,5.54,4.5,92.0,1.9,2.2
1782715537.124,0.441,0.505,0.424,0.5996,0.7964,0.019,0.0142,0.0156,0.0156,25.98,5.08,5.82,4.88,1.9,1.9,1.7
1782715542.139,0.266,0.317,0.256,0.5996,0.7964,0.019,0.0137,0.0151,0.0151,25.98,3.34,3.98,3.21,15.6,1.9,122.3
1782715547.151,0.0,0.0,0.0,0.5996,0.7964,0.019,0.0137,0.0151,0.0142,25.98,0.01,0.01,0.0,0.0,0.0,0.0
1782715552.159,0.385,0.45,0.352,0.5996,0.7964,0.019,0.0137,0.0161,0.0137,25.98,4.8,5.61,4.39,75.9,1.9,8.9
1782715557.168,0.258,0.281,0.231,0.5996,0.7964,0.019,0.0146,0.0156,0.0156,25.98,3.02,3.3,2.71,1.7,1.9,114.3
1782715562.179,0.273,0.321,0.267,0.5996,0.7964,0.019,0.0132,0.0156,0.0146,25.98,3.43,4.03,3.35,94.0,1.9,110.9
1782715567.192,0.373,0.435,0.347,0.5996,0.7964,0.019,0.0142,0.0161,0.0146,25.99,4.71,5.49,4.37,117.8,1.9,49.1
1782715572.206,0.367,0.433,0.352,0.5996,0.7964,0.019,0.0142,0.0156,0.0132,25.99,4.65,5.48,4.46,30.7,1.9,69.2
1782715577.211,0.191,0.222,0.18,0.5996,0.7964,0.019,0.0137,0.0156,0.0151,25.99,3.06,3.57,2.9,41.4,2.2,6.6
1782715582.224,0.38,0.451,0.364,0.5996,0.7964,0.019,0.0142,0.0166,0.0146,25.99,4.74,5.63,4.54,79.1,1.9,82.1
1782715587.236,0.168,0.199,0.162,0.5996,0.7964,0.019,0.0137,0.0151,0.0151,25.99,2.15,2.54,2.07,73.6,1.9,107.9
1782715592.248,0.402,0.473,0.387,0.5996,0.7964,0.019,0.0137,0.0156,0.0142,25.99,4.84,5.7,4.66,116.3,1.7,13.6
1782715597.259,0.494,0.572,0.48,0.5996,0.7964,0.019,0.0137,0.0156,0.0142,25.99,5.39,6.24,5.23,103.2,1.7,1.9
1782715602.27,0.04,0.047,0.038,0.5996,0.7964,0.019,0.0137,0.0146,0.0146,25.99,0.38,0.44,0.36,0.0,0.0,0.0
1782715607.279,0.086,0.097,0.079,0.5996,0.7964,0.019,0.0146,0.0156,0.0142,25.99,0.57,0.64,0.52,0.0,0.0,0.0
1782715612.289,0.12,0.142,0.114,0.5996,0.7964,0.019,0.0137,0.0156,0.0146,25.99,0.74,0.88,0.7,0.0,0.0,0.0
1782715617.299,2.324,2.71,2.176,0.5996,0.7964,0.019,0.0146,0.0156,0.0146,25.99,11.09,12.94,10.39,36.7,0.7,5.9
1782715622.306,0.151,0.178,0.147,0.5996,0.7964,0.019,0.0132,0.0161,0.0146,25.99,0.74,0.87,0.72,0.0,0.0,0.0
1782715627.314,0.718,0.841,0.679,0.5996,0.7964,0.019,0.0142,0.0156,0.0151,25.99,4.56,5.34,4.32,14.6,0.9,37.7
1782715632.322,0.26,0.299,0.256,0.5996,0.7964,0.019,0.0142,0.0151,0.0146,25.99,1.71,1.96,1.68,0.0,0.0,0.0
1782715637.331,0.025,0.029,0.024,0.5996,0.7964,0.019,0.0146,0.0171,0.0151,25.99,0.16,0.18,0.15,0.0,0.0,0.0
1782715642.34,1.189,1.382,1.138,0.5996,0.7964,0.019,0.0146,0.0156,0.0146,25.99,7.5,8.71,7.17,90.0,0.9,20.5
1782715647.347,2.576,3.04,2.466,0.5996,0.7964,0.019,0.0137,0.0161,0.0137,25.99,12.05,14.22,11.54,52.8,0.7,85.8
1782715652.353,2.688,3.161,2.601,0.5996,0.7964,0.019,0.0142,0.0161,0.0146,25.99,12.57,14.78,12.16,11.4,0.7,0.7
1782715657.361,2.466,2.844,2.315,0.5996,0.7964,0.019,0.0137,0.0156,0.0137,25.99,11.53,13.3,10.82,0.0,0.7,0.4
1782715662.367,0.0,0.0,0.0,0.5996,0.7964,0.019,0.0146,0.0151,0.0137,25.98,0.0,0.0,0.0,0.0,0.0,0.0
1782715667.41,1.166,1.374,1.118,0.5996,0.7964,0.019,0.0151,0.0156,0.0142,25.99,7.27,8.57,6.97,24.5,0.9,0.9
1782715672.443,0.284,0.332,0.272,0.5996,0.7964,0.019,0.0137,0.0146,0.0142,25.98,1.77,2.07,1.69,0.0,0.0,0.0
1782715677.452,0.495,0.573,0.464,0.5996,0.7964,0.019,0.0142,0.0156,0.0142,25.99,3.09,3.58,2.9,67.2,0.9,60.2
1782715682.465,0.006,0.008,0.006,0.5996,0.7964,0.019,0.0137,0.0146,0.0156,25.98,0.07,0.08,0.06,21.5,0.7,119.8
1782715687.474,3.903,4.684,3.741,0.5996,0.7964,0.019,0.0137,0.0156,0.0146,25.98,14.75,17.7,14.16,62.2,0.4,56.0
1782715692.486,2.692,3.147,2.598,0.5996,0.7964,0.019,0.0137,0.0161,0.0151,25.98,12.59,14.72,12.15,0.7,0.7,3.4
1782715697.499,1.525,1.819,1.468,0.5996,0.7964,0.019,0.0132,0.0161,0.0151,25.98,9.5,11.33,9.14,68.2,0.9,5.9
1782715702.51,2.651,3.191,2.572,0.5996,0.7964,0.019,0.0132,0.0161,0.0137,25.98,12.39,14.92,12.03,76.9,0.7,0.7
1782715707.524,2.62,3.114,2.544,0.5996,0.7964,0.019,0.0132,0.0151,0.0146,25.98,12.34,14.66,11.98,60.5,0.7,0.9
1782715712.534,0.0,0.0,0.0,0.5996,0.7964,0.019,0.0146,0.0156,0.0142,25.98,0.0,0.0,0.0,0.0,0.0,0.0
1782715717.543,1.693,2.017,1.626,0.5996,0.7964,0.019,0.0137,0.0151,0.0142,25.98,7.92,9.43,7.6,0.0,0.0,0.0
1782715722.554,5.905,7.064,5.818,0.5996,0.7964,0.019,0.0137,0.0161,0.0151,25.98,18.41,22.02,18.14,27.0,0.4,0.4
1782715727.564,2.672,3.191,2.558,0.5996,0.7964,0.019,0.0132,0.0151,0.0137,25.98,8.33,9.95,7.97,0.0,0.0,0.0
1782715732.576,0.101,0.122,0.099,0.5996,0.7964,0.019,0.0151,0.0156,0.0137,25.98,0.52,0.64,0.51,0.0,0.0,0.0
1782715737.587,2.598,3.085,2.507,0.5996,0.7964,0.019,0.0132,0.0161,0.0137,25.98,12.15,14.42,11.72,45.1,0.7,0.9
1782715742.599,1.435,1.672,1.331,0.5996,0.7964,0.019,0.0156,0.0166,0.0146,25.98,9.01,10.5,8.36,14.3,0.9,0.9
1782715747.61,2.63,3.072,2.501,0.5996,0.7964,0.019,0.0142,0.0156,0.0146,25.98,12.32,14.38,11.71,7.1,0.7,18.3
1782715752.624,1.801,1.994,1.641,0.5996,0.7964,0.019,0.0146,0.0161,0.0142,25.98,10.69,11.83,9.75,101.2,0.9,1.2
1782715757.637,1.505,1.809,1.453,0.5996,0.7964,0.019,0.0137,0.0156,0.0137,25.98,9.39,11.28,9.06,34.7,0.9,0.9
1782715762.644,1.215,1.482,1.174,0.5996,0.7964,0.019,0.0137,0.0156,0.0137,25.98,7.57,9.24,7.32,15.6,0.9,0.4
1782715767.655,1.842,2.187,1.758,0.5996,0.7964,0.019,0.0142,0.0156,0.0151,25.98,10.39,12.35,9.93,77.6,0.9,60.7
1782715772.664,1.506,1.769,1.47,0.5996,0.7964,0.019,0.0137,0.0156,0.0146,25.98,9.39,11.03,9.16,25.8,0.9,0.7
1782715777.675,0.806,1.005,0.733,0.5996,0.7964,0.019,0.0156,0.0166,0.0151,25.98,5.17,6.44,4.7,41.6,0.9,36.9
1782715782.69,0.677,0.801,0.653,0.5996,0.7964,0.019,0.0146,0.0151,0.0137,25.99,4.23,5.0,4.08,126.5,0.9,0.9
1782715787.699,2.147,2.52,2.036,0.5996,0.7964,0.019,0.0137,0.0161,0.0146,25.99,10.8,12.67,10.24,31.0,0.9,59.5
1782715792.711,1.518,1.769,1.489,0.5996,0.7964,0.019,0.0142,0.0156,0.0146,25.99,9.47,11.03,9.28,6.4,0.9,125.5
1782715797.726,0.966,1.138,0.945,0.5996,0.7964,0.019,0.0142,0.0156,0.0146,25.99,7.52,8.86,7.35,38.4,1.2,0.9
1782715802.739,0.728,0.86,0.69,0.5996,0.7964,0.019,0.0142,0.0151,0.0146,26.0,5.72,6.76,5.42,122.3,1.2,37.7
1782715807.752,0.015,0.017,0.014,0.5996,0.7964,0.019,0.0146,0.0151,0.0142,26.0,0.19,0.22,0.18,0.0,0.0,0.0
1782715812.761,0.388,0.452,0.362,0.5996,0.7964,0.019,0.0142,0.0161,0.0146,26.0,4.84,5.64,4.51,90.8,1.9,2.2
1782715817.77,0.29,0.337,0.275,0.5996,0.7964,0.019,0.0142,0.0156,0.0142,26.0,3.67,4.26,3.48,37.9,1.9,1.7
1782715822.781,0.388,0.463,0.374,0.5996,0.7964,0.019,0.0142,0.0166,0.0151,26.0,4.75,5.67,4.57,97.5,1.9,1.7
1782715827.797,0.32,0.368,0.306,0.5996,0.7964,0.019,0.0142,0.0151,0.0146,26.01,3.99,4.59,3.81,111.9,1.9,68.9
1782715832.804,0.312,0.36,0.288,0.5996,0.7964,0.019,0.0142,0.0161,0.0146,26.01,4.38,5.06,4.05,57.8,2.2,73.9
1782715837.812,0.376,0.424,0.355,0.5996,0.7964,0.019,0.0146,0.0151,0.0146,26.01,4.77,5.39,4.5,34.4,1.9,2.2
1782715842.82,0.387,0.456,0.366,0.5996,0.7964,0.019,0.0146,0.0161,0.0142,26.02,4.82,5.68,4.57,17.1,1.9,126.5
1782715847.828,0.353,0.42,0.332,0.5996,0.7964,0.019,0.0137,0.0156,0.0142,26.02,4.41,5.24,4.14,11.9,1.9,109.6
1782715852.84,0.297,0.357,0.286,0.5996,0.7964,0.019,0.0137,0.0156,0.0142,26.02,4.16,5.01,4.01,95.0,2.2,15.3
1782715857.848,0.028,0.034,0.028,0.5996,0.7964,0.019,0.0142,0.0151,0.0132,26.02,0.4,0.48,0.39,0.0,0.0,0.0
1782715862.858,0.241,0.292,0.233,0.5996,0.7964,0.019,0.0146,0.0161,0.0146,26.03,3.16,3.82,3.05,37.7,1.9,13.3
1782715867.866,0.236,0.284,0.233,0.5996,0.7964,0.019,0.0132,0.0146,0.0146,26.03,3.69,4.42,3.63,60.7,2.4,47.1
1782715872.874,0.115,0.139,0.112,0.5996,0.7964,0.019,0.0132,0.0161,0.0142,26.03,1.62,1.96,1.57,1.7,2.2,93.0
1782715877.882,0.262,0.304,0.248,0.5996,0.7964,0.019,0.0142,0.0156,0.0137,26.03,3.98,4.61,3.77,41.9,2.2,13.6
1782715882.891,0.296,0.355,0.288,0.5996,0.7964,0.019,0.0137,0.0151,0.0137,26.04,4.14,4.96,4.02,44.4,2.2,1.2
1782715887.897,0.242,0.286,0.229,0.5996,0.7964,0.019,0.0132,0.0166,0.0142,26.04,3.77,4.47,3.58,77.6,2.4,85.8
1782715892.91,0.165,0.199,0.157,0.5996,0.7964,0.019,0.0137,0.0156,0.0151,26.04,2.36,2.84,2.25,43.9,2.2,106.1
1782715897.923,0.299,0.348,0.29,0.5996,0.7964,0.019,0.0132,0.0161,0.0142,26.04,4.19,4.88,4.07,20.0,2.2,17.6
1782715902.931,0.299,0.349,0.282,0.5996,0.7964,0.019,0.0132,0.0151,0.0156,26.04,4.2,4.89,3.95,114.6,2.2,2.2
1782715907.942,0.0,0.0,0.0,0.5996,0.7964,0.019,0.0142,0.0151,0.0142,26.05,0.0,0.0,0.0,0.0,0.0,0.0
1782715912.955,0.167,0.196,0.161,0.5996,0.7964,0.019,0.0142,0.0151,0.0146,26.05,2.39,2.8,2.3,26.7,2.2,82.3
1782715917.964,0.242,0.284,0.228,0.5996,0.7964,0.019,0.0142,0.0161,0.0137,26.05,3.78,4.44,3.57,47.3,2.4,2.2
1782715922.979,0.287,0.344,0.279,0.5996,0.7964,0.019,0.0137,0.0161,0.0151,26.06,4.06,4.86,3.94,73.9,2.2,2.4
1782715927.988,0.295,0.353,0.285,0.5996,0.7964,0.019,0.0146,0.0156,0.0132,26.06,4.15,4.96,4.01,36.9,2.2,94.2
1782715933.0,0.379,0.451,0.36,0.5996,0.7964,0.019,0.0142,0.0161,0.0137,26.06,4.75,5.66,4.51,3.7,1.9,97.0
1782715938.011,0.3,0.355,0.289,0.5996,0.7964,0.019,0.0142,0.0156,0.0142,26.06,4.21,4.99,4.06,109.1,2.2,64.7
1782715943.02,0.355,0.44,0.351,0.5996,0.7964,0.019,0.0137,0.0156,0.0142,26.07,4.49,5.56,4.44,14.8,1.9,118.3
1782715948.035,0.252,0.296,0.237,0.5996,0.7964,0.019,0.0142,0.0161,0.0142,26.07,3.54,4.16,3.32,70.2,2.2,36.2
1782715953.048,0.247,0.291,0.239,0.5996,0.7964,0.019,0.0142,0.0161,0.0156,26.07,3.13,3.69,3.04,48.6,1.9,56.5
1782715958.056,0.019,0.023,0.019,0.5996,0.7964,0.019,0.0132,0.0146,0.0146,26.07,0.27,0.33,0.26,0.0,0.0,0.0
1782715963.066,0.281,0.332,0.262,0.5996,0.7964,0.019,0.0142,0.0156,0.0137,26.08,3.97,4.69,3.7,30.2,2.2,2.2
1782715968.081,0.23,0.27,0.218,0.5996,0.7964,0.019,0.0146,0.0156,0.0142,26.08,3.25,3.82,3.09,125.5,2.2,76.6
1782715973.09,0.07,0.082,0.068,0.5996,0.7964,0.019,0.0137,0.0156,0.0151,26.08,0.98,1.15,0.95,65.2,2.2,47.3
1782715978.098,0.057,0.068,0.054,0.5996,0.7964,0.019,0.0142,0.0146,0.0146,26.08,0.71,0.85,0.68,0.0,0.0,0.0
1782715983.11,0.379,0.412,0.331,0.5996,0.7964,0.019,0.0171,0.019,0.0156,26.08,5.32,5.78,4.65,13.8,2.2,16.8
1782715988.121,0.296,0.353,0.285,0.5996,0.7964,0.019,0.0137,0.0161,0.0142,26.08,4.15,4.96,4.01,59.3,2.2,126.5
1782715993.134,0.004,0.005,0.004,0.5996,0.7964,0.019,0.0142,0.0156,0.0137,26.09,0.06,0.07,0.06,0.0,0.0,0.0
1782715998.144,0.152,0.178,0.146,0.5996,0.7964,0.019,0.0137,0.0151,0.0142,26.09,2.13,2.49,2.05,0.0,0.0,0.0
1782716003.152,0.3,0.353,0.287,0.5996,0.7964,0.019,0.0142,0.0156,0.0146,26.09,4.21,4.95,4.03,8.1,2.2,2.4
1782716008.157,0.296,0.35,0.283,0.5996,0.7964,0.019,0.0137,0.0161,0.0142,26.09,4.16,4.92,3.98,120.8,2.2,16.8
1782716013.17,0.296,0.355,0.287,0.5996,0.7964,0.019,0.0137,0.0161,0.0146,26.09,4.16,4.99,4.04,25.5,2.2,2.2
1782716018.181,0.38,0.438,0.345,0.5996,0.7964,0.019,0.0142,0.0161,0.0151,26.09,4.79,5.52,4.34,68.2,1.9,16.6
1782716023.19,0.371,0.455,0.359,0.5996,0.7964,0.019,0.0132,0.0161,0.0142,26.09,4.63,5.68,4.48,100.7,1.9,1.9
1782716028.196,0.298,0.356,0.292,0.5996,0.7964,0.019,0.0142,0.0156,0.0146,26.09,4.16,4.98,4.09,14.1,2.2,2.4
1782716033.204,0.301,0.347,0.287,0.5996,0.7964,0.019,0.0142,0.0156,0.0137,26.09,4.23,4.87,4.03,61.5,2.2,12.9
1782716038.217,0.107,0.13,0.104,0.5996,0.7964,0.019,0.0137,0.0151,0.0142,26.09,1.51,1.83,1.46,0.0,0.0,0.0
1782716043.224,0.353,0.416,0.34,0.5996,0.7964,0.019,0.0137,0.0156,0.0146,26.09,4.44,5.23,4.28,58.3,1.9,1.9
1782716048.237,0.373,0.448,0.363,0.5996,0.7964,0.019,0.0127,0.0156,0.0151,26.1,4.65,5.59,4.53,52.1,1.9,35.9
1782716053.243,0.379,0.45,0.368,0.5996,0.7964,0.019,0.0137,0.0156,0.0142,26.09,4.73,5.61,4.59,53.5,1.9,1.9
1782716058.252,0.206,0.249,0.201,0.5996,0.7964,0.019,0.0137,0.0156,0.0142,26.1,2.57,3.11,2.5,55.8,1.9,2.2
1782716063.265,0.172,0.203,0.166,0.5996,0.7964,0.019,0.0132,0.0151,0.0142,26.1,2.15,2.53,2.07,77.4,1.9,41.9
1782716068.273,0.41,0.451,0.353,0.5996,0.7964,0.019,0.0166,0.0171,0.0151,26.09,4.54,4.98,3.91,106.9,1.7,1.4
1782716073.28,0.144,0.172,0.139,0.5996,0.7964,0.019,0.0137,0.0156,0.0137,26.1,0.98,1.16,0.94,31.5,0.9,0.9
1782716078.289,1.483,1.804,1.45,0.5996,0.7964,0.019,0.0137,0.0166,0.0142,26.1,9.25,11.25,9.04,46.6,0.9,0.9
1782716083.3,1.43,1.719,1.395,0.5996,0.7964,0.019,0.0146,0.0156,0.0142,26.1,8.93,10.74,8.71,65.5,0.9,15.1
1782716088.316,0.973,1.146,0.944,0.5996,0.7964,0.019,0.0137,0.0156,0.0151,26.09,7.58,8.93,7.36,25.0,1.2,1.2
1782716093.322,0.011,0.013,0.01,0.5996,0.7964,0.019,0.0137,0.0151,0.0146,26.09,0.09,0.11,0.09,0.0,0.0,0.0
1782716098.333,0.379,0.453,0.364,0.5996,0.7964,0.019,0.0146,0.0161,0.0142,26.09,4.73,5.65,4.54,92.0,1.9,1.9
1782716103.339,0.38,0.449,0.358,0.5996,0.7964,0.019,0.0132,0.0156,0.0142,26.09,4.74,5.6,4.47,1.9,1.9,1.9
1782716108.348,0.0,0.001,0.0,0.5996,0.7964,0.019,0.0137,0.0161,0.0137,26.09,0.01,0.01,0.01,0.0,0.0,0.0
1782716113.351,0.493,0.583,0.466,0.5996,0.7964,0.019,0.0142,0.0161,0.0151,26.09,5.39,6.38,5.1,58.3,1.7,25.8
1782716118.356,0.491,0.584,0.468,0.5996,0.7964,0.019,0.0137,0.0151,0.0137,26.09,5.38,6.4,5.12,95.5,1.7,91.5
1782716123.369,0.48,0.657,0.454,0.5996,0.7964,0.019,0.0186,0.0249,0.0186,26.09,5.99,8.19,5.66,29.0,1.9,33.9
1782716128.375,0.003,0.003,0.002,0.5996,0.7964,0.019,0.0176,0.0195,0.0166,26.09,0.35,0.37,0.29,15.6,98.0,98.0
1782716133.389,0.0,0.0,0.0,0.5996,0.7964,0.019,0.0137,0.0146,0.0137,26.09,0.07,0.07,0.06,0.0,0.0,0.0
1782716138.402,0.0,0.0,0.0,0.5981,0.7974,0.0195,0.0137,0.0127,0.0146,26.09,0.0,0.0,0.0,0.0,0.0,0.0
1782716143.412,0.0,0.0,0.0,0.5972,0.7979,0.02,0.0146,0.0146,0.0137,26.09,0.03,0.03,0.03,0.0,0.0,0.0
1782716148.425,0.0,0.0,0.0,0.5967,0.7983,0.02,0.0137,0.0132,0.0137,26.09,0.03,0.03,0.03,0.0,0.0,0.0
1782716153.438,0.0,0.0,0.0,0.5967,0.7988,0.02,0.0142,0.0146,0.0146,26.09,0.0,0.0,0.0,0.0,0.0,0.0
1782716158.446,0.0,0.0,0.0,0.5962,0.7988,0.0205,0.0137,0.0132,0.0146,26.09,0.0,0.0,0.0,0.0,0.0,0.0
1782716163.453,0.0,0.0,0.0,0.5962,0.7988,0.0205,0.0146,0.0142,0.0142,26.09,0.0,0.0,0.0,0.0,0.0,0.0
1782716168.464,0.0,0.0,0.0,0.5962,0.7988,0.0205,0.0137,0.0137,0.0142,26.09,0.0,0.0,0.0,0.0,0.0,0.0
1782716173.477,0.0,0.0,0.0,0.5962,0.7988,0.0205,0.0137,0.0132,0.0137,26.09,0.0,0.0,0.0,0.0,0.0,0.0
1782716178.491,0.0,0.0,0.0,0.5962,0.7988,0.0205,0.0146,0.0142,0.0142,26.09,0.02,0.03,0.02,0.0,0.0,0.0
1782716183.5,0.0,0.0,0.0,0.5962,0.7988,0.0205,0.0146,0.0142,0.0137,26.09,0.0,0.0,0.0,0.0,0.0,0.0
1782716188.513,0.0,0.0,0.0,0.5962,0.7988,0.0205,0.0142,0.0151,0.0137,26.09,0.0,0.0,0.0,0.0,0.0,0.0
1782716193.527,0.0,0.0,0.0,0.5962,0.7988,0.0205,0.0142,0.0142,0.0146,26.09,0.0,0.0,0.0,0.0,0.0,0.0
1782716198.537,0.0,0.0,0.0,0.5962,0.7988,0.0205,0.0142,0.0137,0.0146,26.09,0.0,0.0,0.0,0.0,0.0,0.0
1782716203.549,0.0,0.0,0.0,0.5962,0.7988,0.0205,0.0132,0.0142,0.0142,26.08,0.0,0.0,0.0,0.0,0.0,0.0
1782716208.557,0.0,0.0,0.0,0.5962,0.7988,0.0205,0.0137,0.0137,0.0137,26.08,0.0,0.0,0.0,0.0,0.0,0.0
1782716213.564,0.0,0.0,0.0,0.5962,0.7988,0.0205,0.0142,0.0137,0.0142,26.08,0.0,0.0,0.0,0.0,0.0,0.0
1782716218.571,0.0,0.0,0.0,0.5962,0.7988,0.0205,0.0151,0.0142,0.0151,26.08,0.0,0.0,0.0,0.0,0.0,0.0
1782716223.578,0.0,0.0,0.0,0.5962,0.7988,0.0205,0.0137,0.0142,0.0142,26.08,0.0,0.0,0.0,0.0,0.0,0.0
1782716228.588,0.0,0.0,0.0,0.5962,0.7988,0.0205,0.0142,0.0132,0.0146,26.08,0.0,0.0,0.0,0.0,0.0,0.0
1782716233.596,0.0,0.0,0.0,0.5962,0.7988,0.0205,0.0142,0.0142,0.0142,26.08,0.0,0.0,0.0,0.0,0.0,0.0
1782716238.601,0.0,0.0,0.0,0.5962,0.7988,0.0205,0.0142,0.0132,0.0132,26.08,0.01,0.01,0.01,0.0,0.0,0.0
1782716243.611,0.0,0.0,0.0,0.5962,0.7988,0.0205,0.0137,0.0137,0.0142,26.08,0.0,0.0,0.0,0.0,0.0,0.0
1782716248.624,0.0,0.0,0.0,0.5962,0.7988,0.0205,0.0132,0.0146,0.0137,26.08,0.0,0.0,0.0,0.0,0.0,0.0
1782716253.63,0.001,0.001,0.001,0.5962,0.7988,0.0205,0.0142,0.0137,0.0142,26.08,0.11,0.11,0.1,16.8,64.2,9.6
1782716258.641,0.0,0.0,0.0,0.5962,0.7988,0.0205,0.0146,0.0132,0.0146,26.08,0.0,0.0,0.0,0.0,0.0,0.0
1782716263.654,0.0,0.0,0.0,0.5962,0.7988,0.0205,0.0132,0.0137,0.0142,26.08,0.0,0.0,0.0,0.0,0.0,0.0
1782716268.666,0.0,0.0,0.0,0.5962,0.7988,0.0205,0.0132,0.0137,0.0142,26.08,0.0,0.0,0.0,0.0,0.0,0.0
1782716273.681,0.0,0.0,0.0,0.5962,0.7988,0.0205,0.0142,0.0132,0.0137,26.08,0.0,0.0,0.0,0.0,0.0,0.0
1782716278.692,0.0,0.0,0.0,0.5962,0.7988,0.0205,0.0137,0.0137,0.0151,26.08,0.0,0.0,0.0,0.0,0.0,0.0
1782716283.7,0.0,0.0,0.0,0.5962,0.7988,0.0205,0.0132,0.0142,0.0137,26.07,0.0,0.0,0.0,0.0,0.0,0.0
1782716288.712,0.0,0.0,0.0,0.5962,0.7988,0.0205,0.0137,0.0137,0.0137,26.07,0.0,0.0,0.0,0.0,0.0,0.0
1782716293.724,0.0,0.0,0.0,0.5962,0.7988,0.0205,0.0137,0.0137,0.0142,26.07,0.0,0.0,0.0,0.0,0.0,0.0
1782716298.736,0.0,0.0,0.0,0.5962,0.7988,0.0205,0.0137,0.0142,0.0146,26.08,0.0,0.0,0.0,0.0,0.0,0.0
1782716303.745,0.0,0.0,0.0,0.5962,0.7988,0.0205,0.0132,0.0142,0.0142,26.08,0.0,0.0,0.0,0.0,0.0,0.0
1782716308.754,0.0,0.0,0.0,0.5962,0.7988,0.0205,0.0132,0.0132,0.0142,26.08,0.0,0.0,0.0,0.0,0.0,0.0
1782716313.764,0.002,0.003,0.002,0.5962,0.7988,0.0205,0.0142,0.0137,0.0137,26.08,0.17,0.18,0.17,0.0,0.0,0.0
1782716318.776,0.0,0.0,0.0,0.5962,0.7988,0.0205,0.0137,0.0132,0.0146,26.08,0.0,0.0,0.0,0.0,0.0,0.0
1782716323.788,0.0,0.0,0.0,0.5962,0.7988,0.0205,0.0132,0.0142,0.0137,26.08,0.0,0.0,0.0,0.0,0.0,0.0
1782716328.797,0.0,0.0,0.0,0.5962,0.7988,0.0205,0.0137,0.0142,0.0151,26.08,0.0,0.0,0.0,0.0,0.0,0.0
1782716333.809,0.0,0.0,0.0,0.5967,0.7988,0.0205,0.0137,0.0142,0.0137,26.08,0.0,0.0,0.0,0.0,0.0,0.0
1782716338.821,0.0,0.0,0.0,0.5962,0.7988,0.0205,0.0142,0.0142,0.0142,26.08,0.0,0.0,0.0,0.0,0.0,0.0
1782716343.834,0.003,0.003,0.002,0.5962,0.7988,0.0205,0.0132,0.0142,0.0151,26.08,0.24,0.26,0.23,10.9,81.1,12.9
1782716348.844,0.0,0.0,0.0,0.5962,0.7988,0.0205,0.0132,0.0132,0.0137,26.09,0.0,0.0,0.0,0.0,0.0,0.0
1782716353.855,0.0,0.0,0.0,0.5962,0.7988,0.0205,0.0142,0.0137,0.0132,26.08,0.0,0.0,0.0,0.0,0.0,0.0
1782716358.86,0.0,0.0,0.0,0.5967,0.7988,0.0205,0.0142,0.0137,0.0137,26.09,0.0,0.0,0.0,0.0,0.0,0.0
1782716363.871,0.0,0.0,0.0,0.5967,0.7988,0.0205,0.0137,0.0137,0.0142,26.09,0.0,0.0,0.0,0.0,0.0,0.0
1782716368.881,0.0,0.0,0.0,0.5967,0.7988,0.0205,0.0142,0.0151,0.0142,26.09,0.0,0.0,0.0,0.0,0.0,0.0
1782716373.888,0.0,0.0,0.0,0.5967,0.7988,0.0205,0.0142,0.0142,0.0142,26.09,0.0,0.0,0.0,0.0,0.0,0.0
1782716378.903,0.0,0.0,0.0,0.5962,0.7988,0.021,0.0146,0.0151,0.0137,26.1,0.0,0.0,0.0,0.0,0.0,0.0
1782716383.909,0.015,0.025,0.012,0.5991,0.7964,0.0239,0.0229,0.0288,0.0205,26.1,1.22,1.95,0.92,0.4,12.1,0.4
1782716388.921,0.0,0.0,0.0,0.603,0.7935,0.0337,0.0132,0.0137,0.0146,26.1,0.0,0.0,0.0,0.0,0.0,0.0
1782716393.932,0.224,0.419,0.195,0.606,0.791,0.0371,0.0391,0.0552,0.0312,26.1,3.8,7.83,3.03,19.3,6.9,0.4
1782716398.945,0.5,0.547,0.472,0.6099,0.7876,0.041,0.0156,0.0151,0.0151,26.1,2.63,2.89,2.45,0.0,0.0,0.0
1782716403.956,0.017,0.03,0.016,0.6133,0.7847,0.0449,0.0146,0.0215,0.0151,26.11,1.06,1.81,0.96,0.4,9.6,0.4
1782716408.967,0.001,0.001,0.0,0.6089,0.7881,0.041,0.0132,0.0132,0.0142,26.11,0.0,0.0,0.0,0.0,0.0,0.0
1782716413.979,0.0,0.0,0.0,0.6035,0.793,0.0332,0.0132,0.0132,0.0142,26.11,0.0,0.0,0.0,0.0,0.0,0.0
1782716418.989,0.0,0.0,0.0,0.6001,0.7959,0.0283,0.0151,0.019,0.0142,26.12,0.08,0.09,0.07,38.9,107.4,36.7
1782716424.0,0.0,0.0,0.0,0.5977,0.7974,0.0254,0.0137,0.0137,0.0142,26.12,0.0,0.0,0.0,0.0,0.0,0.0
1782716429.01,0.0,0.0,0.0,0.5967,0.7983,0.0234,0.0132,0.0137,0.0142,26.12,0.0,0.0,0.0,0.0,0.0,0.0
1782716434.022,0.0,0.0,0.0,0.5957,0.7988,0.0225,0.0137,0.0137,0.0146,26.13,0.0,0.0,0.0,0.0,0.0,0.0
1782716439.036,0.0,0.0,0.0,0.5952,0.7993,0.022,0.0127,0.0132,0.0146,26.13,0.0,0.0,0.0,0.0,0.0,0.0
1782716444.046,0.0,0.0,0.0,0.5952,0.7998,0.0215,0.0142,0.0137,0.0137,26.13,0.0,0.0,0.0,0.0,0.0,0.0
1782716449.054,0.0,0.0,0.0,0.5952,0.7998,0.0215,0.0137,0.0137,0.0142,26.13,0.0,0.0,0.0,0.0,0.0,0.0
1782716454.069,0.0,0.0,0.0,0.5947,0.7998,0.021,0.0142,0.0127,0.0146,26.14,0.0,0.0,0.0,0.0,0.0,0.0
1782716459.074,0.0,0.0,0.0,0.5947,0.7998,0.021,0.0132,0.0137,0.0146,26.14,0.0,0.0,0.0,0.0,0.0,0.0
1782716464.084,0.0,0.0,0.0,0.5947,0.7998,0.021,0.0142,0.0142,0.0156,26.14,0.0,0.0,0.0,0.0,0.0,0.0
1782716469.093,0.0,0.0,0.0,0.5947,0.7998,0.021,0.0142,0.0137,0.0132,26.14,0.0,0.0,0.0,0.0,0.0,0.0
1782716474.105,0.0,0.0,0.0,0.5947,0.7998,0.021,0.0132,0.0132,0.0142,26.15,0.0,0.0,0.0,0.0,0.0,0.0
1782716479.117,0.0,0.0,0.0,0.5947,0.7998,0.021,0.0132,0.0137,0.0132,26.15,0.0,0.0,0.0,0.0,0.0,0.0
1782716484.129,0.0,0.0,0.0,0.5947,0.7998,0.021,0.0142,0.0137,0.0132,26.15,0.0,0.0,0.0,0.0,0.0,0.0
1782716489.142,0.0,0.0,0.0,0.5947,0.7998,0.021,0.0146,0.0156,0.0146,26.16,0.0,0.0,0.0,0.0,0.0,0.0
1782716494.153,0.0,0.0,0.0,0.5947,0.7998,0.021,0.0132,0.0142,0.0142,26.16,0.0,0.0,0.0,0.0,0.0,0.0
1782716499.166,0.0,0.0,0.0,0.5947,0.7998,0.021,0.0137,0.0137,0.0142,26.16,0.0,0.0,0.0,0.0,0.0,0.0
1782716504.175,0.0,0.0,0.0,0.5947,0.7998,0.021,0.0137,0.0132,0.0146,26.16,0.0,0.0,0.0,0.0,0.0,0.0
1782716509.187,0.0,0.0,0.0,0.5947,0.7998,0.021,0.0137,0.0137,0.0137,26.16,0.0,0.0,0.0,0.0,0.0,0.0
1782716514.197,0.0,0.0,0.0,0.5947,0.7998,0.021,0.0137,0.0132,0.0151,26.16,0.07,0.07,0.06,0.0,0.0,0.0
1782716519.21,0.0,0.0,0.0,0.5947,0.7998,0.021,0.0137,0.0132,0.0142,26.17,0.0,0.0,0.0,0.0,0.0,0.0
1782716524.222,0.001,0.001,0.001,0.5947,0.7998,0.021,0.0151,0.0146,0.0142,26.17,0.16,0.15,0.13,0.0,0.0,0.0
1782716529.234,0.0,0.0,0.0,0.5947,0.7998,0.021,0.0142,0.0132,0.0137,26.17,0.03,0.03,0.03,0.0,0.0,0.0
1782716534.246,0.0,0.0,0.0,0.5947,0.7998,0.021,0.0137,0.0142,0.0137,26.17,0.0,0.0,0.0,0.0,0.0,0.0
1782716539.256,0.0,0.0,0.0,0.5952,0.7998,0.021,0.1523,0.1523,0.0605,26.18,0.0,0.0,0.0,0.0,0.0,0.0
1782716544.268,0.0,0.0,0.0,0.5952,0.7998,0.021,0.0215,0.0278,0.022,26.17,0.0,0.0,0.0,0.0,0.0,0.0
1782716549.281,0.003,0.003,0.002,0.5952,0.7998,0.0215,0.0146,0.0137,0.0151,26.17,0.32,0.33,0.29,16.6,16.6,106.4
1782716554.292,0.02,0.035,0.018,0.5981,0.7969,0.0244,0.0171,0.0249,0.0161,26.18,1.2,2.1,1.06,117.3,9.4,65.5
1782716559.304,0.0,0.0,0.0,0.6055,0.7915,0.0298,0.0151,0.019,0.0142,26.18,0.0,0.0,0.0,0.0,0.0,0.0
1782716564.316,0.031,0.056,0.027,0.6074,0.7896,0.0317,0.0171,0.0244,0.0146,26.18,1.52,2.69,1.3,0.7,7.6,6.4
1782716569.329,0.016,0.025,0.009,0.6079,0.7891,0.0376,0.0293,0.0381,0.0215,26.18,0.81,1.14,0.52,13.8,36.2,0.4
1782716574.339,0.0,0.0,0.0,0.6025,0.7935,0.0308,0.0132,0.0137,0.0142,26.18,0.02,0.02,0.02,0.0,0.0,0.0
1782716579.348,0.27,0.408,0.233,0.6025,0.7935,0.0298,0.0151,0.019,0.0146,26.18,1.99,2.81,1.67,0.4,8.6,0.4
1782716584.361,12.265,12.072,8.684,0.604,0.792,0.0391,0.0342,0.0278,0.0278,26.18,38.28,37.69,27.1,0.4,0.4,0.4
1782716589.371,3.354,3.31,1.708,0.6074,0.7896,0.0415,0.1162,0.0928,0.0576,26.18,31.44,31.06,16.03,1.4,1.4,0.4
1782716594.381,0.123,0.138,0.113,0.6035,0.7925,0.0347,0.0156,0.0171,0.0151,26.18,1.89,2.25,1.72,6.6,6.6,0.9
1782716599.392,0.005,0.009,0.005,0.6055,0.7915,0.0337,0.0151,0.0215,0.0171,26.19,0.54,0.96,0.54,0.4,16.8,0.7
1782716604.404,5.479,5.752,4.455,0.6079,0.7896,0.0347,0.0366,0.0327,0.019,26.19,17.43,18.3,14.06,0.4,0.4,0.4
1782716609.412,0.0,0.0,0.0,0.6025,0.7939,0.0293,0.0137,0.0142,0.0146,26.19,0.0,0.0,0.0,0.0,0.0,0.0
1782716614.424,0.0,0.0,0.0,0.5991,0.7964,0.0259,0.0142,0.0146,0.0151,26.19,0.0,0.0,0.0,0.0,0.0,0.0
1782716619.434,0.0,0.0,0.0,0.5972,0.7979,0.0239,0.0137,0.0132,0.0127,26.19,0.0,0.0,0.0,0.0,0.0,0.0
1782716624.444,0.0,0.0,0.0,0.5962,0.7988,0.0225,0.0137,0.0142,0.0156,26.19,0.11,0.12,0.11,60.0,33.4,20.5
1782716629.452,0.005,0.005,0.004,0.5957,0.7993,0.022,0.0142,0.0137,0.0142,26.19,0.16,0.17,0.15,4.9,82.6,89.8
1782716634.462,0.0,0.0,0.0,0.5952,0.7998,0.0215,0.0137,0.0142,0.0142,26.19,0.0,0.0,0.0,0.0,0.0,0.0
1782716639.474,0.0,0.0,0.0,0.5947,0.7998,0.0215,0.0137,0.0137,0.0137,26.19,0.0,0.0,0.0,0.0,0.0,0.0
1782716644.487,0.0,0.0,0.0,0.5947,0.7998,0.021,0.0151,0.0137,0.0146,26.19,0.0,0.0,0.0,0.0,0.0,0.0
1782716649.495,0.0,0.0,0.0,0.5952,0.7998,0.0215,0.1411,0.1367,0.0693,26.19,0.0,0.0,0.0,0.0,0.0,0.0
1782716654.503,0.0,0.0,0.0,0.5947,0.7998,0.0215,0.0146,0.0142,0.0156,26.19,0.0,0.0,0.0,0.0,0.0,0.0
1782716659.513,0.0,0.0,0.0,0.5947,0.7998,0.021,0.0137,0.0137,0.0142,26.19,0.0,0.0,0.0,0.0,0.0,0.0
1782716664.522,0.0,0.0,0.0,0.5947,0.7998,0.021,0.0137,0.0137,0.0142,26.19,0.0,0.0,0.0,0.0,0.0,0.0
1782716669.534,0.0,0.0,0.0,0.5947,0.7998,0.021,0.0137,0.0132,0.0137,26.19,0.0,0.0,0.0,0.0,0.0,0.0
1782716674.547,0.0,0.0,0.0,0.5947,0.8003,0.021,0.0132,0.0142,0.0132,26.19,0.0,0.0,0.0,0.0,0.0,0.0
1782716679.556,0.0,0.0,0.0,0.5947,0.8003,0.021,0.0132,0.0142,0.0146,26.19,0.0,0.0,0.0,0.0,0.0,0.0
1782716684.564,0.0,0.0,0.0,0.5942,0.8003,0.021,0.0137,0.0137,0.0146,26.19,0.0,0.0,0.0,0.0,0.0,0.0
1782716689.575,0.0,0.0,0.0,0.5947,0.8003,0.021,0.0142,0.0146,0.0146,26.19,0.0,0.0,0.0,0.0,0.0,0.0
1782716694.588,0.0,0.0,0.0,0.5947,0.8003,0.021,0.0142,0.0137,0.0146,26.19,0.0,0.0,0.0,0.0,0.0,0.0
1782716699.601,0.0,0.0,0.0,0.5942,0.8003,0.021,0.0132,0.0142,0.0137,26.19,0.0,0.0,0.0,0.0,0.0,0.0
1782716704.607,0.0,0.0,0.0,0.5947,0.8003,0.021,0.0142,0.0137,0.0137,26.19,0.0,0.0,0.0,0.0,0.0,0.0
1782716709.621,0.0,0.0,0.0,0.5947,0.8003,0.021,0.0132,0.0137,0.0142,26.19,0.0,0.0,0.0,0.0,0.0,0.0
1782716714.634,0.0,0.0,0.0,0.5947,0.8003,0.021,0.0146,0.0132,0.0137,26.19,0.0,0.0,0.0,99.4,122.3,4.7
1782716719.641,0.0,0.0,0.0,0.5947,0.8003,0.021,0.0137,0.0137,0.0137,26.19,0.0,0.0,0.0,0.0,0.0,0.0
1782716724.654,0.0,0.0,0.0,0.5942,0.8003,0.021,0.0132,0.0137,0.0142,26.19,0.0,0.0,0.0,0.0,0.0,0.0
1782716729.664,0.0,0.0,0.0,0.5947,0.8003,0.021,0.0142,0.0146,0.0142,26.19,0.0,0.0,0.0,0.0,0.0,0.0
1782716734.673,0.0,0.0,0.0,0.5947,0.8003,0.021,0.0137,0.0132,0.0137,26.19,0.0,0.0,0.0,0.0,0.0,0.0
1782716739.684,0.0,0.0,0.0,0.5942,0.8003,0.021,0.0137,0.0142,0.0142,26.18,0.0,0.0,0.0,0.0,0.0,0.0
1782716744.694,0.0,0.0,0.0,0.5942,0.8003,0.021,0.0142,0.0142,0.0142,26.18,0.0,0.0,0.0,0.0,0.0,0.0
1782716749.707,0.0,0.0,0.0,0.5942,0.8003,0.021,0.0137,0.0137,0.0146,26.18,0.0,0.0,0.0,0.0,0.0,0.0
1782716754.717,1.474,1.504,1.393,0.5942,0.8003,0.021,0.0146,0.0132,0.0161,26.18,9.19,9.37,8.69,78.9,102.4,0.9
1782716759.73,0.0,0.0,0.0,0.5942,0.8003,0.021,0.0137,0.0132,0.0137,26.18,0.0,0.0,0.0,0.0,0.0,0.0
1782716764.741,0.0,0.0,0.0,0.5942,0.8003,0.021,0.0142,0.0132,0.0132,26.18,0.0,0.0,0.0,0.0,0.0,0.0
1782716769.755,0.0,0.0,0.0,0.5942,0.8003,0.021,0.0142,0.0132,0.0146,26.18,0.0,0.0,0.0,0.0,0.0,0.0
1782716774.761,0.0,0.0,0.0,0.5947,0.8003,0.021,0.0137,0.0137,0.0142,26.17,0.0,0.0,0.0,0.0,0.0,0.0
1782716779.774,0.0,0.0,0.0,0.5942,0.8003,0.021,0.0132,0.0132,0.0137,26.18,0.0,0.0,0.0,0.0,0.0,0.0
1782716784.787,0.0,0.0,0.0,0.5947,0.8003,0.021,0.0132,0.0132,0.0146,26.17,0.0,0.0,0.0,0.0,0.0,0.0
1782716789.792,0.0,0.0,0.0,0.5942,0.8003,0.021,0.0137,0.0132,0.0142,26.17,0.0,0.0,0.0,0.0,0.0,0.0
1782716794.806,0.0,0.0,0.0,0.5942,0.8003,0.021,0.0137,0.0127,0.0132,26.17,0.0,0.0,0.0,0.0,0.0,0.0
1782716799.816,0.0,0.0,0.0,0.5942,0.8003,0.021,0.0137,0.0127,0.0142,26.17,0.01,0.01,0.01,0.0,0.0,0.0
1782716804.826,0.0,0.0,0.0,0.5942,0.8003,0.021,0.0132,0.0137,0.0142,26.17,0.0,0.0,0.0,0.0,0.0,0.0
1782716809.84,0.0,0.0,0.0,0.5947,0.8003,0.021,0.0146,0.0137,0.0142,26.17,0.0,0.0,0.0,0.0,0.0,0.0
1782716814.847,0.0,0.0,0.0,0.5947,0.8003,0.021,0.0146,0.0137,0.0142,26.17,0.0,0.0,0.0,0.0,0.0,0.0
1782716819.855,0.0,0.0,0.0,0.5947,0.8003,0.021,0.0127,0.0151,0.0146,26.17,0.0,0.0,0.0,0.0,0.0,0.0
1782716824.869,0.0,0.0,0.0,0.5947,0.8003,0.021,0.0132,0.0137,0.0151,26.17,0.0,0.0,0.0,0.0,0.0,0.0
1782716829.88,0.0,0.0,0.0,0.5947,0.8003,0.021,0.0132,0.0142,0.0146,26.17,0.0,0.0,0.0,0.0,0.0,0.0
1782716834.887,0.0,0.0,0.0,0.5947,0.8003,0.021,0.0137,0.0132,0.0142,26.16,0.0,0.0,0.0,0.0,0.0,0.0
1782716839.897,0.0,0.0,0.0,0.5947,0.8003,0.021,0.0142,0.0142,0.0137,26.17,0.0,0.0,0.0,0.0,0.0,0.0
1782716844.906,0.0,0.0,0.0,0.5947,0.8003,0.021,0.0132,0.0137,0.0137,26.16,0.0,0.0,0.0,0.0,0.0,0.0
1782716849.915,0.0,0.0,0.0,0.5947,0.8003,0.021,0.0137,0.0137,0.0137,26.17,0.0,0.0,0.0,0.0,0.0,0.0
1782716854.923,0.0,0.0,0.0,0.5947,0.8003,0.021,0.0142,0.0137,0.0137,26.17,0.0,0.0,0.0,0.0,0.0,0.0
1782716859.929,0.0,0.0,0.0,0.5947,0.8003,0.021,0.0137,0.0137,0.0142,26.17,0.0,0.0,0.0,0.0,0.0,0.0
1782716864.939,0.0,0.0,0.0,0.5947,0.8003,0.021,0.0146,0.0146,0.0137,26.17,0.0,0.0,0.0,0.0,0.0,0.0
1782716869.947,0.0,0.0,0.0,0.5947,0.8003,0.021,0.0137,0.0137,0.0146,26.17,0.0,0.0,0.0,0.0,0.0,0.0
1782716874.955,0.003,0.003,0.002,0.5947,0.8003,0.021,0.0151,0.0132,0.0156,26.17,0.32,0.33,0.3,12.1,103.9,45.4
1782716879.963,0.0,0.0,0.0,0.5947,0.8003,0.021,0.0127,0.0137,0.0142,26.17,0.0,0.0,0.0,0.0,0.0,0.0
1782716884.97,0.0,0.0,0.0,0.5947,0.8003,0.021,0.0132,0.0132,0.0137,26.17,0.0,0.0,0.0,0.0,0.0,0.0
1782716889.978,0.0,0.0,0.0,0.5947,0.8003,0.021,0.0127,0.0132,0.0137,26.17,0.02,0.02,0.02,0.0,0.0,0.0
1782716894.987,0.0,0.0,0.0,0.5947,0.8003,0.021,0.0142,0.0137,0.0151,26.18,0.02,0.02,0.02,0.0,0.0,0.0
1782716899.994,0.0,0.0,0.0,0.5947,0.8003,0.021,0.0142,0.0132,0.0142,26.18,0.0,0.0,0.0,0.0,0.0,0.0
1782716905.003,0.0,0.0,0.0,0.5947,0.8003,0.021,0.0137,0.0137,0.0137,26.18,0.0,0.0,0.0,0.0,0.0,0.0
1782716910.013,0.0,0.0,0.0,0.5947,0.8003,0.021,0.0142,0.0142,0.0142,26.18,0.0,0.0,0.0,0.0,0.0,0.0
1782716915.021,0.0,0.0,0.0,0.5947,0.8003,0.021,0.0132,0.0142,0.0132,26.18,0.0,0.0,0.0,0.0,0.0,0.0
1782716920.03,0.0,0.0,0.0,0.5947,0.8003,0.021,0.0137,0.0132,0.0146,26.19,0.0,0.0,0.0,0.0,0.0,0.0
1782716925.041,0.0,0.0,0.0,0.5947,0.8003,0.021,0.0146,0.0127,0.0146,26.19,0.0,0.0,0.0,0.0,0.0,0.0
1782716930.049,0.0,0.0,0.0,0.5947,0.8003,0.021,0.0137,0.0132,0.0142,26.19,0.0,0.0,0.0,0.0,0.0,0.0
1782716935.06,0.0,0.0,0.0,0.5947,0.8003,0.021,0.0132,0.0137,0.0142,26.19,0.0,0.0,0.0,0.0,0.0,0.0
1782716940.068,0.0,0.0,0.0,0.5947,0.8003,0.021,0.0137,0.0132,0.0142,26.19,0.0,0.0,0.0,0.0,0.0,0.0
1782716945.076,0.0,0.0,0.0,0.5947,0.8003,0.021,0.0137,0.0142,0.0146,26.2,0.0,0.0,0.0,0.0,0.0,0.0
1782716950.087,0.0,0.0,0.0,0.5947,0.8003,0.021,0.0137,0.0132,0.0137,26.2,0.0,0.0,0.0,0.0,0.0,0.0
1782716955.097,0.0,0.0,0.0,0.5947,0.8003,0.021,0.0142,0.0142,0.0142,26.2,0.0,0.0,0.0,0.0,0.0,0.0
1782716960.109,0.0,0.0,0.0,0.5947,0.8003,0.021,0.0132,0.0127,0.0137,26.2,0.0,0.0,0.0,0.0,0.0,0.0
1782716965.118,0.0,0.0,0.0,0.5947,0.8003,0.021,0.0146,0.0137,0.0137,26.2,0.0,0.0,0.0,0.0,0.0,0.0
1782716970.129,0.0,0.0,0.0,0.5947,0.8003,0.021,0.0142,0.0137,0.0151,26.21,0.07,0.07,0.06,0.0,0.0,0.0
1782716975.138,0.0,0.0,0.0,0.5947,0.8003,0.021,0.0127,0.0127,0.0137,26.21,0.0,0.0,0.0,0.0,0.0,0.0
1782716980.148,0.0,0.0,0.0,0.5947,0.8003,0.021,0.0132,0.0137,0.0137,26.21,0.0,0.0,0.0,0.0,0.0,0.0
1782716985.157,0.0,0.0,0.0,0.5947,0.8003,0.021,0.0137,0.0132,0.0132,26.21,0.02,0.02,0.01,0.0,0.0,0.0
1782716990.169,0.0,0.0,0.0,0.5947,0.8003,0.021,0.0142,0.0137,0.0146,26.21,0.03,0.03,0.03,0.0,0.0,0.0
1782716995.181,0.0,0.0,0.0,0.5947,0.8003,0.021,0.0137,0.0146,0.0142,26.21,0.09,0.09,0.09,73.1,32.5,85.6
1782717000.186,0.0,0.0,0.0,0.5947,0.8003,0.021,0.0132,0.0137,0.0146,26.21,0.01,0.01,0.01,0.0,0.0,0.0
1782717005.2,0.0,0.0,0.0,0.5947,0.8003,0.021,0.0137,0.0142,0.0132,26.21,0.0,0.0,0.0,0.0,0.0,0.0
1782717010.211,0.0,0.0,0.0,0.5947,0.8003,0.021,0.0137,0.0137,0.0151,26.22,0.0,0.0,0.0,0.0,0.0,0.0
1782717015.222,0.0,0.0,0.0,0.5947,0.8003,0.021,0.0137,0.0127,0.0137,26.22,0.0,0.0,0.0,0.0,0.0,0.0
1782717020.235,0.0,0.0,0.0,0.5947,0.8003,0.021,0.0137,0.0137,0.0132,26.22,0.0,0.0,0.0,0.0,0.0,0.0
1782717025.247,0.0,0.0,0.0,0.5942,0.8003,0.021,0.0132,0.0132,0.0142,26.22,0.0,0.0,0.0,0.0,0.0,0.0
1782717030.256,0.0,0.0,0.0,0.5942,0.8003,0.021,0.0137,0.0137,0.0146,26.22,0.0,0.0,0.0,0.0,0.0,0.0
1782717035.266,0.0,0.0,0.0,0.5942,0.8003,0.021,0.0137,0.0137,0.0137,26.22,0.0,0.0,0.0,0.0,0.0,0.0
1782717040.275,0.0,0.0,0.0,0.5942,0.8003,0.021,0.0132,0.0127,0.0132,26.22,0.0,0.0,0.0,0.0,0.0,0.0
1782717045.285,0.0,0.0,0.0,0.5942,0.8003,0.021,0.0137,0.0132,0.0137,26.23,0.0,0.0,0.0,0.0,0.0,0.0
1782717050.295,0.0,0.0,0.0,0.5947,0.8003,0.021,0.0137,0.0142,0.0156,26.23,0.0,0.0,0.0,0.0,0.0,0.0
1782717055.307,0.0,0.0,0.0,0.5947,0.8003,0.021,0.0137,0.0132,0.0142,26.23,0.0,0.0,0.0,0.0,0.0,0.0
1782717060.319,0.0,0.0,0.0,0.5942,0.7998,0.021,0.0142,0.0137,0.0142,26.23,0.0,0.0,0.0,0.0,0.0,0.0
1782717065.333,0.0,0.0,0.0,0.5942,0.8003,0.021,0.0137,0.0132,0.0146,26.23,0.0,0.0,0.0,0.0,0.0,0.0
1782717070.344,0.0,0.0,0.0,0.5942,0.8003,0.021,0.0146,0.0137,0.0146,26.23,0.0,0.0,0.0,0.0,0.0,0.0
1782717075.359,0.0,0.0,0.0,0.5942,0.7998,0.021,0.0137,0.0132,0.0137,26.23,0.0,0.0,0.0,0.0,0.0,0.0
1782717080.369,0.0,0.0,0.0,0.5942,0.7998,0.021,0.0137,0.0137,0.0142,26.23,0.0,0.0,0.0,0.0,0.0,0.0
1782717085.379,0.0,0.0,0.0,0.5942,0.7998,0.021,0.0132,0.0137,0.0142,26.23,0.0,0.0,0.0,0.0,0.0,0.0
1782717090.391,0.0,0.0,0.0,0.5942,0.7998,0.021,0.0132,0.0137,0.0137,26.23,0.0,0.0,0.0,0.0,0.0,0.0
1782717095.4,0.0,0.0,0.0,0.5942,0.8003,0.021,0.0142,0.0142,0.0142,26.23,0.0,0.0,0.0,0.0,0.0,0.0
1782717100.41,0.0,0.0,0.0,0.5942,0.7998,0.021,0.0132,0.0137,0.0146,26.23,0.0,0.0,0.0,0.0,0.0,0.0
1782717105.423,0.0,0.0,0.0,0.5942,0.8003,0.021,0.0137,0.0137,0.0156,26.23,0.0,0.0,0.0,0.0,0.0,0.0
1782717110.433,0.0,0.0,0.0,0.5942,0.8003,0.021,0.0127,0.0142,0.0137,26.23,0.0,0.0,0.0,0.0,0.0,0.0
1782717115.444,0.0,0.0,0.0,0.5942,0.8003,0.021,0.0132,0.0137,0.0132,26.23,0.0,0.0,0.0,0.0,0.0,0.0
1782717120.457,0.0,0.0,0.0,0.5942,0.8003,0.021,0.0132,0.0132,0.0137,26.23,0.0,0.0,0.0,0.0,0.0,0.0
1782717125.471,0.0,0.0,0.0,0.5942,0.8003,0.021,0.0127,0.0132,0.0146,26.23,0.0,0.0,0.0,0.0,0.0,0.0
1782717130.481,0.0,0.0,0.0,0.5942,0.8003,0.021,0.0132,0.0132,0.0142,26.23,0.0,0.0,0.0,0.0,0.0,0.0
1782717135.52,0.0,0.0,0.0,0.5942,0.8003,0.021,0.0146,0.0132,0.0142,26.23,0.0,0.0,0.0,0.0,0.0,0.0
1782717140.535,0.0,0.0,0.0,0.5947,0.8003,0.021,0.0132,0.0137,0.0137,26.23,0.0,0.0,0.0,0.0,0.0,0.0
1782717145.547,0.0,0.0,0.0,0.5947,0.8003,0.021,0.0132,0.0132,0.0142,26.23,0.04,0.04,0.04,0.0,0.0,0.0
1782717150.56,0.0,0.0,0.0,0.5942,0.8003,0.021,0.0137,0.0137,0.0137,26.23,0.0,0.0,0.0,0.0,0.0,0.0
1782717155.572,0.0,0.0,0.0,0.5942,0.8003,0.021,0.0132,0.0137,0.0137,26.23,0.0,0.0,0.0,0.0,0.0,0.0
1782717160.581,0.001,0.001,0.001,0.5942,0.8003,0.021,0.0151,0.0137,0.0132,26.23,0.22,0.22,0.2,0.0,0.0,0.0
1782717165.594,0.0,0.0,0.0,0.5942,0.8003,0.021,0.0137,0.0127,0.0142,26.22,0.0,0.0,0.0,0.0,0.0,0.0
1782717170.606,0.0,0.0,0.0,0.5947,0.8003,0.021,0.0137,0.0137,0.0132,26.22,0.0,0.0,0.0,0.0,0.0,0.0
1782717175.615,0.0,0.0,0.0,0.5947,0.8003,0.021,0.0137,0.0137,0.0142,26.22,0.02,0.02,0.02,0.0,0.0,0.0
1782717180.628,0.0,0.0,0.0,0.5947,0.8003,0.021,0.0142,0.0137,0.0151,26.22,0.0,0.0,0.0,0.0,0.0,0.0
1782717185.638,0.0,0.0,0.0,0.5947,0.8003,0.021,0.0132,0.0142,0.0142,26.22,0.0,0.0,0.0,0.0,0.0,0.0
1782717190.652,0.0,0.0,0.0,0.5947,0.8003,0.021,0.0137,0.0132,0.0142,26.21,0.0,0.0,0.0,0.0,0.0,0.0
1782717195.664,0.0,0.0,0.0,0.5947,0.8003,0.021,0.0142,0.0132,0.0146,26.21,0.0,0.0,0.0,0.0,0.0,0.0
1782717200.675,0.0,0.0,0.0,0.5947,0.8003,0.021,0.0137,0.0132,0.0151,26.21,0.0,0.0,0.0,0.0,0.0,0.0
1782717205.689,0.0,0.0,0.0,0.5947,0.8003,0.021,0.0137,0.0132,0.0146,26.21,0.0,0.0,0.0,0.0,0.0,0.0
1782717210.7,0.0,0.0,0.0,0.5947,0.8003,0.021,0.0137,0.0137,0.0137,26.21,0.0,0.0,0.0,0.0,0.0,0.0
1782717215.711,0.0,0.0,0.0,0.5942,0.8003,0.021,0.0137,0.0137,0.0142,26.21,0.0,0.0,0.0,0.0,0.0,0.0
1782717220.725,0.0,0.0,0.0,0.5947,0.8003,0.021,0.0132,0.0137,0.0142,26.21,0.0,0.0,0.0,0.0,0.0,0.0
1782717225.735,0.0,0.0,0.0,0.5947,0.8003,0.021,0.0137,0.0137,0.0142,26.21,0.0,0.0,0.0,0.0,0.0,0.0
1782717230.741,0.0,0.0,0.0,0.5947,0.8003,0.021,0.0137,0.0137,0.0142,26.2,0.0,0.0,0.0,0.0,0.0,0.0
1782717235.755,0.0,0.0,0.0,0.5947,0.8003,0.021,0.0137,0.0132,0.0146,26.2,0.02,0.02,0.02,0.0,0.0,0.0
1782717240.766,0.0,0.0,0.0,0.5947,0.8003,0.021,0.0137,0.0142,0.0161,26.2,0.0,0.0,0.0,0.0,0.0,0.0
1782717245.774,0.0,0.0,0.0,0.5947,0.8003,0.021,0.0142,0.0132,0.0146,26.2,0.0,0.0,0.0,0.0,0.0,0.0
1782717250.787,0.0,0.0,0.0,0.5947,0.8003,0.021,0.0137,0.0137,0.0142,26.2,0.0,0.0,0.0,0.0,0.0,0.0
1782717255.796,0.0,0.0,0.0,0.5942,0.8003,0.021,0.0142,0.0137,0.0146,26.2,0.0,0.0,0.0,0.0,0.0,0.0
1782717260.803,0.0,0.0,0.0,0.5942,0.8003,0.021,0.0137,0.0137,0.0137,26.19,0.0,0.0,0.0,0.0,0.0,0.0
1782717265.82,0.002,0.002,0.002,0.5942,0.8003,0.021,0.0137,0.0137,0.0151,26.19,0.28,0.28,0.27,0.0,0.0,0.0
1782717270.826,0.0,0.0,0.0,0.5942,0.8003,0.021,0.0142,0.0142,0.0146,26.19,0.01,0.01,0.01,0.0,111.9,96.0
1782717275.84,0.0,0.0,0.0,0.5947,0.8003,0.021,0.0137,0.0137,0.0142,26.19,0.0,0.0,0.0,0.0,0.0,0.0
1782717280.848,0.0,0.0,0.0,0.5947,0.8003,0.021,0.0142,0.0137,0.0142,26.19,0.0,0.0,0.0,0.0,0.0,0.0
1782717285.857,0.0,0.0,0.0,0.5942,0.8003,0.021,0.0132,0.0137,0.0142,26.19,0.0,0.0,0.0,0.0,0.0,0.0
1782717290.868,0.0,0.0,0.0,0.5942,0.8003,0.021,0.0132,0.0132,0.0137,26.18,0.0,0.0,0.0,0.0,0.0,0.0
1782717295.881,0.0,0.0,0.0,0.5947,0.8003,0.021,0.0137,0.0142,0.0137,26.18,0.0,0.0,0.0,0.0,0.0,0.0
1782717300.889,0.0,0.0,0.0,0.5947,0.8003,0.021,0.0137,0.0142,0.0142,26.18,0.0,0.0,0.0,0.0,0.0,0.0
1782717305.899,0.0,0.0,0.0,0.5942,0.8003,0.0215,0.0137,0.0142,0.0142,26.18,0.0,0.0,0.0,0.0,0.0,0.0
1782717310.911,0.0,0.0,0.0,0.5942,0.8003,0.021,0.0146,0.0137,0.0142,26.17,0.0,0.0,0.0,0.0,0.0,0.0
1782717315.926,0.0,0.0,0.0,0.5942,0.8003,0.0215,0.0142,0.0142,0.0137,26.17,0.0,0.0,0.0,0.0,0.0,0.0
1782717320.94,0.0,0.0,0.0,0.5942,0.8003,0.0215,0.0142,0.0132,0.0142,26.17,0.0,0.0,0.0,0.0,0.0,0.0
1782717325.951,0.0,0.0,0.0,0.5942,0.8003,0.0215,0.0137,0.0127,0.0142,26.16,0.0,0.0,0.0,0.0,0.0,0.0
1782717330.96,0.0,0.0,0.0,0.5942,0.8003,0.0215,0.0137,0.0132,0.0142,26.16,0.0,0.0,0.0,0.0,0.0,0.0
1782717335.974,0.0,0.0,0.0,0.5947,0.8003,0.0215,0.0137,0.0132,0.0137,26.16,0.0,0.0,0.0,0.0,0.0,0.0
1782717340.983,0.0,0.0,0.0,0.5942,0.8003,0.0215,0.0137,0.0137,0.0137,26.16,0.0,0.0,0.0,0.0,0.0,0.0
1782717345.996,0.0,0.0,0.0,0.5942,0.8003,0.0215,0.0137,0.0132,0.0142,26.16,0.0,0.0,0.0,0.0,0.0,0.0
1782717351.008,0.0,0.0,0.0,0.5942,0.8003,0.0215,0.0137,0.0137,0.0151,26.16,0.0,0.0,0.0,0.0,0.0,0.0
1782717356.018,0.0,0.0,0.0,0.5942,0.8003,0.0215,0.0137,0.0132,0.0146,26.16,0.01,0.01,0.01,0.0,0.0,0.0
1782717361.035,0.0,0.0,0.0,0.5942,0.8003,0.0215,0.0132,0.0132,0.0142,26.16,0.0,0.0,0.0,0.0,0.0,0.0
1782717366.048,0.0,0.0,0.0,0.5942,0.8003,0.0215,0.0137,0.0137,0.0142,26.15,0.0,0.0,0.0,0.0,0.0,0.0
1782717371.056,0.0,0.0,0.0,0.5942,0.8003,0.0215,0.0142,0.0142,0.0146,26.16,0.0,0.0,0.0,0.0,0.0,0.0
1782717376.066,0.0,0.0,0.0,0.5942,0.8003,0.0215,0.0137,0.0142,0.0137,26.15,0.0,0.0,0.0,0.0,0.0,0.0
1782717381.078,0.0,0.0,0.0,0.5947,0.8003,0.0215,0.0142,0.0137,0.0142,26.15,0.0,0.0,0.0,0.0,0.0,0.0
1782717386.09,0.0,0.0,0.0,0.5942,0.8003,0.0215,0.0137,0.0132,0.0142,26.15,0.0,0.0,0.0,0.0,0.0,0.0
1782717391.103,0.0,0.0,0.0,0.5947,0.8003,0.0215,0.0132,0.0137,0.0146,26.15,0.0,0.0,0.0,0.0,0.0,0.0
1782717396.111,0.0,0.0,0.0,0.5947,0.8003,0.0215,0.0142,0.0142,0.0132,26.15,0.0,0.0,0.0,0.0,0.0,0.0
1782717401.122,0.0,0.0,0.0,0.5947,0.8003,0.0215,0.0142,0.0137,0.0151,26.16,0.0,0.0,0.0,0.0,0.0,0.0
1782717406.135,0.0,0.0,0.0,0.5942,0.8003,0.0215,0.0132,0.0137,0.0137,26.15,0.0,0.0,0.0,0.0,0.0,0.0
1782717411.142,0.0,0.0,0.0,0.5942,0.8003,0.0215,0.0137,0.0137,0.0142,26.16,0.0,0.0,0.0,0.0,0.0,0.0
1782717416.155,0.0,0.0,0.0,0.5942,0.8003,0.0215,0.0137,0.0142,0.0156,26.16,0.07,0.07,0.06,16.8,46.3,123.3
1782717421.165,0.0,0.0,0.0,0.5947,0.8003,0.0215,0.0142,0.0142,0.0132,26.16,0.0,0.0,0.0,0.0,0.0,0.0
1782717426.17,0.0,0.0,0.0,0.5942,0.8003,0.0215,0.0142,0.0132,0.0137,26.16,0.0,0.0,0.0,0.0,0.0,0.0
1782717431.178,0.0,0.0,0.0,0.5942,0.8003,0.0215,0.0137,0.0142,0.0146,26.16,0.0,0.0,0.0,0.0,0.0,0.0
1782717436.187,0.0,0.0,0.0,0.5947,0.8003,0.0215,0.0137,0.0132,0.0142,26.16,0.0,0.0,0.0,0.0,0.0,0.0
1782717441.194,0.0,0.0,0.0,0.5947,0.8003,0.0215,0.0132,0.0132,0.0146,26.16,0.0,0.0,0.0,0.0,0.0,0.0
1782717446.206,0.0,0.0,0.0,0.5947,0.8003,0.0215,0.0142,0.0137,0.0151,26.16,0.0,0.0,0.0,0.0,0.0,0.0
1782717451.215,0.0,0.0,0.0,0.5947,0.8003,0.0215,0.0142,0.0137,0.0137,26.17,0.0,0.0,0.0,0.0,0.0,0.0
1782717456.226,0.0,0.0,0.0,0.5947,0.8003,0.0215,0.0137,0.0137,0.0142,26.17,0.0,0.0,0.0,0.0,0.0,0.0
1782717461.237,0.0,0.0,0.0,0.5947,0.8003,0.0215,0.0166,0.0151,0.0146,26.17,0.06,0.06,0.05,42.4,18.8,80.8
1782717466.246,0.0,0.0,0.0,0.5947,0.8003,0.0215,0.0171,0.0181,0.0146,26.17,0.01,0.01,0.0,101.9,36.2,0.0
1782717471.25,0.0,0.0,0.0,0.5947,0.8003,0.0215,0.0137,0.0137,0.0142,26.17,0.0,0.0,0.0,0.0,0.0,0.0
1782717476.261,0.0,0.0,0.0,0.5947,0.8003,0.0215,0.0142,0.0142,0.0146,26.17,0.0,0.0,0.0,0.0,0.0,0.0
1782717481.267,0.0,0.0,0.0,0.5947,0.8003,0.0215,0.0137,0.0132,0.0137,26.17,0.0,0.0,0.0,0.0,0.0,0.0
1782717486.274,0.0,0.0,0.0,0.5947,0.8003,0.021,0.0137,0.0142,0.0137,26.17,0.0,0.0,0.0,0.0,0.0,0.0
1782717491.281,0.0,0.0,0.0,0.5947,0.8003,0.021,0.0137,0.0132,0.0142,26.17,0.0,0.0,0.0,0.0,0.0,0.0
1782717496.289,0.0,0.0,0.0,0.5947,0.8003,0.021,0.0137,0.0137,0.0142,26.17,0.0,0.0,0.0,0.0,0.0,0.0
1782717501.298,0.0,0.0,0.0,0.5947,0.8003,0.021,0.0137,0.0132,0.0142,26.18,0.0,0.0,0.0,0.0,0.0,0.0
1782717506.313,0.0,0.0,0.0,0.5947,0.8003,0.021,0.0142,0.0127,0.0156,26.18,0.0,0.0,0.0,0.0,0.0,0.0
1782717511.32,0.0,0.0,0.0,0.5947,0.8003,0.021,0.0137,0.0132,0.0151,26.18,0.0,0.0,0.0,0.0,0.0,0.0
1782717516.33,0.0,0.0,0.0,0.5947,0.8003,0.021,0.0142,0.0146,0.0142,26.18,0.0,0.0,0.0,0.0,0.0,0.0
1782717521.344,0.0,0.0,0.0,0.5947,0.8003,0.021,0.0137,0.0127,0.0146,26.18,0.0,0.0,0.0,0.0,0.0,0.0
1782717526.351,0.0,0.0,0.0,0.5947,0.8003,0.021,0.0142,0.0137,0.0146,26.19,0.0,0.0,0.0,0.0,0.0,0.0
1782717531.365,0.0,0.0,0.0,0.5947,0.8003,0.021,0.0146,0.0127,0.0142,26.19,0.0,0.0,0.0,0.0,0.0,0.0
1782717536.376,0.0,0.0,0.0,0.5947,0.8003,0.021,0.0142,0.0132,0.0142,26.19,0.0,0.0,0.0,0.0,0.0,0.0
1782717541.385,0.0,0.0,0.0,0.5947,0.8003,0.021,0.0142,0.0127,0.0132,26.19,0.0,0.0,0.0,0.0,0.0,0.0
1782717546.398,0.0,0.0,0.0,0.5947,0.8003,0.021,0.0137,0.0142,0.0142,26.19,0.0,0.0,0.0,0.0,0.0,0.0
1782717551.408,0.0,0.0,0.0,0.5947,0.8003,0.021,0.0142,0.0137,0.0142,26.19,0.0,0.0,0.0,0.0,0.0,0.0
1782717556.42,0.0,0.0,0.0,0.5947,0.8003,0.021,0.0137,0.0146,0.0151,26.2,0.0,0.0,0.0,0.0,0.0,0.0
1782717561.432,0.0,0.0,0.0,0.5947,0.8003,0.021,0.0146,0.0137,0.0142,26.2,0.0,0.0,0.0,0.0,0.0,0.0
1782717566.442,0.0,0.0,0.0,0.5947,0.8003,0.021,0.0146,0.0146,0.0132,26.2,0.0,0.0,0.0,0.0,0.0,0.0
1782717571.457,0.0,0.0,0.0,0.5947,0.8003,0.021,0.0132,0.0132,0.0142,26.2,0.0,0.0,0.0,0.0,0.0,0.0
1782717576.469,0.0,0.0,0.0,0.5947,0.8003,0.021,0.0137,0.0137,0.0132,26.2,0.0,0.0,0.0,0.0,0.0,0.0
1782717581.478,0.0,0.0,0.0,0.5947,0.8003,0.021,0.0142,0.0137,0.0142,26.2,0.0,0.0,0.0,0.0,0.0,0.0
1782717586.485,0.0,0.0,0.0,0.5947,0.8003,0.021,0.0137,0.0127,0.0132,26.2,0.0,0.0,0.0,0.0,0.0,0.0
1782717591.496,0.0,0.0,0.0,0.5947,0.8003,0.021,0.0137,0.0132,0.0146,26.21,0.0,0.0,0.0,0.0,0.0,0.0
1782717596.506,0.0,0.0,0.0,0.5947,0.8003,0.021,0.0132,0.0137,0.0142,26.21,0.0,0.0,0.0,0.0,0.0,0.0
1782717601.513,0.0,0.0,0.0,0.5947,0.8003,0.021,0.0137,0.0137,0.0137,26.21,0.0,0.0,0.0,0.0,0.0,0.0
1782717606.522,0.0,0.0,0.0,0.5947,0.8003,0.021,0.0137,0.0132,0.0151,26.21,0.0,0.0,0.0,0.0,0.0,0.0
1782717611.528,0.0,0.0,0.0,0.5947,0.8003,0.021,0.0137,0.0127,0.0137,26.21,0.0,0.0,0.0,0.0,0.0,0.0
1782717616.538,0.0,0.0,0.0,0.5947,0.8003,0.021,0.0137,0.0132,0.0137,26.21,0.0,0.0,0.0,0.0,0.0,0.0
1782717621.554,0.0,0.0,0.0,0.5947,0.8003,0.021,0.0137,0.0142,0.0146,26.21,0.0,0.0,0.0,0.0,0.0,0.0
1782717626.564,0.0,0.0,0.0,0.5947,0.8003,0.021,0.0137,0.0132,0.0137,26.21,0.01,0.01,0.01,0.0,0.0,0.0
1782717631.576,0.0,0.0,0.0,0.5942,0.8003,0.021,0.0146,0.0137,0.0146,26.22,0.0,0.0,0.0,0.0,0.0,0.0
1782717636.583,0.124,0.123,0.116,0.5942,0.8003,0.021,0.0146,0.0132,0.0142,26.22,1.36,1.35,1.26,0.0,0.0,0.0
1782717641.59,0.0,0.0,0.0,0.5942,0.8003,0.021,0.0137,0.0132,0.0142,26.21,0.0,0.0,0.0,0.0,0.0,0.0
1782717646.599,0.0,0.0,0.0,0.5942,0.8003,0.021,0.0132,0.0137,0.0146,26.22,0.0,0.0,0.0,47.8,122.3,0.0
1782717651.604,0.0,0.0,0.0,0.5942,0.8003,0.021,0.0137,0.0137,0.0132,26.21,0.0,0.0,0.0,0.0,0.0,0.0
1782717656.614,0.0,0.0,0.0,0.5942,0.8003,0.021,0.0137,0.0137,0.0156,26.21,0.0,0.0,0.0,0.0,0.0,0.0
1782717661.624,0.0,0.0,0.0,0.5942,0.8003,0.021,0.0132,0.0132,0.0142,26.21,0.0,0.0,0.0,0.0,0.0,0.0
1782717666.635,0.0,0.0,0.0,0.5942,0.8003,0.021,0.0132,0.0137,0.0142,26.21,0.0,0.0,0.0,0.0,0.0,0.0
1782717671.646,0.0,0.0,0.0,0.5942,0.8003,0.021,0.0137,0.0137,0.0146,26.21,0.0,0.0,0.0,0.0,0.0,0.0
1782717676.655,0.0,0.0,0.0,0.5942,0.8003,0.021,0.0137,0.0137,0.0137,26.21,0.0,0.0,0.0,0.0,0.0,0.0
1782717681.664,0.0,0.0,0.0,0.5942,0.8003,0.021,0.0137,0.0137,0.0146,26.21,0.0,0.0,0.0,0.0,0.0,0.0
1782717686.67,0.0,0.0,0.0,0.5942,0.8003,0.021,0.0137,0.0132,0.0142,26.21,0.0,0.0,0.0,0.0,0.0,0.0
1782717691.679,0.0,0.0,0.0,0.5942,0.8003,0.021,0.0142,0.0137,0.0137,26.21,0.0,0.0,0.0,0.0,0.0,0.0
1782717696.687,0.0,0.0,0.0,0.5942,0.8003,0.021,0.0142,0.0132,0.0146,26.21,0.0,0.0,0.0,0.0,0.0,0.0
1782717701.696,0.0,0.0,0.0,0.5942,0.8003,0.021,0.0142,0.0137,0.0142,26.21,0.0,0.0,0.0,0.0,0.0,0.0
1782717706.708,0.0,0.0,0.0,0.5942,0.8003,0.021,0.0132,0.0137,0.0146,26.21,0.0,0.0,0.0,0.0,0.0,0.0
1782717711.718,0.0,0.0,0.0,0.5942,0.8003,0.021,0.0137,0.0142,0.0166,26.21,0.0,0.0,0.0,0.0,0.0,0.0
1782717716.728,0.0,0.0,0.0,0.5942,0.8003,0.021,0.0137,0.0132,0.0146,26.2,0.0,0.0,0.0,0.0,0.0,0.0
1782717721.734,0.0,0.0,0.0,0.5942,0.8003,0.021,0.0142,0.0137,0.0142,26.2,0.0,0.0,0.0,0.0,0.0,0.0
1782717726.739,0.0,0.0,0.0,0.5942,0.8003,0.021,0.0142,0.0142,0.0137,26.2,0.0,0.0,0.0,0.0,0.0,0.0
1782717731.746,0.0,0.0,0.0,0.5942,0.8003,0.021,0.0142,0.0137,0.0142,26.2,0.05,0.05,0.04,55.0,112.3,57.8
1782717736.753,0.0,0.0,0.0,0.5942,0.8003,0.021,0.0137,0.0132,0.0142,26.2,0.0,0.0,0.0,0.0,0.0,0.0
1782717741.764,0.0,0.0,0.0,0.5942,0.8003,0.021,0.0137,0.0137,0.0142,26.2,0.0,0.0,0.0,0.0,0.0,0.0
1782717746.777,0.0,0.0,0.0,0.5942,0.8003,0.021,0.0137,0.0137,0.0142,26.2,0.0,0.0,0.0,0.0,0.0,0.0
1782717751.787,0.0,0.0,0.0,0.5942,0.8003,0.021,0.0132,0.0137,0.0142,26.2,0.0,0.0,0.0,0.0,0.0,0.0
1782717756.799,0.0,0.0,0.0,0.5942,0.8003,0.021,0.0142,0.0137,0.0132,26.19,0.0,0.0,0.0,0.0,0.0,0.0
1782717761.814,0.0,0.0,0.0,0.5942,0.8003,0.021,0.0137,0.0137,0.0137,26.19,0.0,0.0,0.0,0.0,0.0,0.0
1782717766.823,0.0,0.0,0.0,0.5942,0.8003,0.021,0.0132,0.0137,0.0137,26.19,0.0,0.0,0.0,0.0,0.0,0.0
1782717771.839,0.0,0.0,0.0,0.5942,0.8003,0.021,0.0137,0.0132,0.0142,26.19,0.0,0.0,0.0,0.0,0.0,0.0
1782717776.848,0.0,0.0,0.0,0.5942,0.8003,0.021,0.0132,0.0132,0.0142,26.19,0.0,0.0,0.0,0.0,0.0,0.0
1782717781.856,0.0,0.0,0.0,0.5942,0.8003,0.021,0.0137,0.0132,0.0142,26.19,0.0,0.0,0.0,0.0,0.0,0.0
1782717786.867,0.0,0.0,0.0,0.5942,0.8003,0.021,0.0142,0.0132,0.0137,26.19,0.0,0.0,0.0,0.0,0.0,0.0
1782717791.876,0.0,0.0,0.0,0.5942,0.8003,0.021,0.0137,0.0137,0.0137,26.19,0.0,0.0,0.0,0.0,0.0,0.0
1782717796.885,0.0,0.0,0.0,0.5942,0.8003,0.021,0.0137,0.0132,0.0142,26.19,0.0,0.0,0.0,0.0,0.0,0.0
1782717801.899,0.102,0.104,0.098,0.5942,0.8003,0.021,0.0127,0.0132,0.0142,26.18,0.64,0.65,0.61,0.0,0.0,0.0
1782717806.909,0.0,0.0,0.0,0.5942,0.8003,0.021,0.0137,0.0132,0.0142,26.18,0.0,0.0,0.0,0.0,0.0,0.0
1782717811.921,0.0,0.0,0.0,0.5942,0.8003,0.021,0.0132,0.0137,0.0132,26.18,0.0,0.0,0.0,0.0,0.0,0.0
1782717816.93,0.0,0.0,0.0,0.5942,0.8003,0.021,0.0142,0.0142,0.0146,26.18,0.09,0.09,0.08,17.1,116.6,44.6
1782717821.942,0.0,0.0,0.0,0.5942,0.8003,0.021,0.0137,0.0137,0.0142,26.18,0.0,0.0,0.0,0.0,0.0,0.0
1782717826.954,0.0,0.0,0.0,0.5942,0.8003,0.021,0.0137,0.0137,0.0137,26.18,0.0,0.0,0.0,0.0,0.0,0.0
1782717831.969,0.0,0.0,0.0,0.5942,0.8003,0.0215,0.0137,0.0132,0.0137,26.18,0.0,0.0,0.0,0.0,0.0,0.0
1782717836.976,0.0,0.0,0.0,0.5942,0.8003,0.0215,0.0137,0.0137,0.0146,26.17,0.0,0.0,0.0,0.0,0.0,0.0
1782717841.986,0.0,0.0,0.0,0.5942,0.8003,0.0215,0.0132,0.0137,0.0146,26.18,0.0,0.0,0.0,0.0,0.0,0.0
1782717846.998,0.0,0.0,0.0,0.5942,0.8003,0.0215,0.0137,0.0132,0.0137,26.17,0.0,0.0,0.0,0.0,0.0,0.0
1782717852.009,0.0,0.0,0.0,0.5942,0.8003,0.0215,0.0132,0.0132,0.0142,26.17,0.0,0.0,0.0,0.0,0.0,0.0
1782717857.02,0.0,0.0,0.0,0.5942,0.8003,0.0215,0.0137,0.0127,0.0142,26.17,0.0,0.0,0.0,0.0,0.0,0.0
1782717862.029,0.0,0.0,0.0,0.5942,0.8003,0.0215,0.0137,0.0132,0.0146,26.17,0.0,0.0,0.0,0.0,0.0,0.0
1782717867.039,0.0,0.0,0.0,0.5942,0.8003,0.0215,0.0142,0.0132,0.0137,26.17,0.0,0.0,0.0,0.0,0.0,0.0
1782717872.053,0.0,0.0,0.0,0.5942,0.8003,0.0215,0.0137,0.0137,0.0142,26.17,0.0,0.0,0.0,0.0,0.0,0.0
1782717877.067,0.0,0.0,0.0,0.5942,0.8003,0.0215,0.0137,0.0132,0.0142,26.17,0.0,0.0,0.0,0.0,0.0,0.0
1782717882.078,0.0,0.0,0.0,0.5942,0.8003,0.0215,0.0142,0.0137,0.0137,26.16,0.0,0.0,0.0,0.0,0.0,0.0
1782717887.086,0.0,0.0,0.0,0.5942,0.8003,0.0215,0.0142,0.0137,0.0146,26.16,0.0,0.0,0.0,0.0,0.0,0.0
1782717892.09,0.0,0.0,0.0,0.5942,0.8003,0.0215,0.0142,0.0127,0.0137,26.16,0.0,0.0,0.0,0.0,0.0,0.0
1782717897.102,0.0,0.0,0.0,0.5942,0.8003,0.0215,0.0137,0.0132,0.0132,26.16,0.0,0.0,0.0,0.0,0.0,0.0
1782717902.118,0.0,0.0,0.0,0.5942,0.8003,0.0215,0.0137,0.0142,0.0146,26.16,0.0,0.0,0.0,0.0,0.0,0.0
1782717907.124,0.0,0.0,0.0,0.5942,0.8003,0.0215,0.0137,0.0132,0.0137,26.16,0.0,0.0,0.0,0.0,0.0,0.0
1782717912.135,0.0,0.0,0.0,0.5942,0.8003,0.0215,0.0132,0.0137,0.0156,26.16,0.04,0.05,0.04,126.5,25.5,106.4
1782717917.147,0.0,0.0,0.0,0.5942,0.8003,0.0215,0.0137,0.0132,0.0142,26.16,0.0,0.0,0.0,0.0,0.0,0.0
1782717922.16,0.0,0.0,0.0,0.5942,0.8003,0.0215,0.0137,0.0137,0.0142,26.16,0.0,0.0,0.0,0.0,0.0,0.0
1782717927.171,0.0,0.0,0.0,0.5942,0.8003,0.0215,0.0137,0.0132,0.0142,26.16,0.0,0.0,0.0,0.0,0.0,0.0
1782717932.178,0.0,0.0,0.0,0.5942,0.8003,0.0215,0.0137,0.0142,0.0132,26.16,0.0,0.0,0.0,0.0,0.0,0.0
1782717937.186,0.0,0.0,0.0,0.5942,0.8003,0.0215,0.0142,0.0132,0.0137,26.16,0.0,0.0,0.0,0.0,0.0,0.0
1782717942.195,0.0,0.0,0.0,0.5942,0.8003,0.0215,0.0132,0.0132,0.0137,26.16,0.0,0.0,0.0,0.0,0.0,0.0
1782717947.204,0.0,0.0,0.0,0.5942,0.8003,0.0215,0.0132,0.0132,0.0151,26.16,0.0,0.0,0.0,0.0,0.0,0.0
1782717952.214,0.0,0.0,0.0,0.5942,0.8003,0.0215,0.0137,0.0137,0.0142,26.16,0.0,0.0,0.0,0.0,0.0,0.0
1782717957.22,0.0,0.0,0.0,0.5942,0.8003,0.0215,0.0142,0.0137,0.0132,26.16,0.0,0.0,0.0,0.0,0.0,0.0
1782717962.23,0.0,0.0,0.0,0.5942,0.8003,0.0215,0.0137,0.0127,0.0156,26.17,0.0,0.0,0.0,0.0,0.0,0.0
1782717967.242,0.0,0.0,0.0,0.5942,0.8003,0.0215,0.0137,0.0122,0.0146,26.17,0.0,0.0,0.0,0.0,0.0,0.0
1782717972.259,0.0,0.0,0.0,0.5942,0.8003,0.0215,0.0132,0.0132,0.0142,26.16,0.0,0.0,0.0,0.0,0.0,0.0
1782717977.264,0.0,0.0,0.0,0.5942,0.8003,0.0215,0.0137,0.0137,0.0132,26.17,0.0,0.0,0.0,0.0,0.0,0.0
1782717982.276,0.0,0.0,0.0,0.5942,0.8003,0.0215,0.0137,0.0137,0.0142,26.17,0.01,0.02,0.01,0.0,0.0,0.0
1782717987.287,0.0,0.0,0.0,0.5942,0.8003,0.0215,0.0142,0.0137,0.0142,26.17,0.0,0.0,0.0,0.0,0.0,0.0
1782717992.296,0.0,0.0,0.0,0.5942,0.8003,0.0215,0.0132,0.0146,0.0137,26.17,0.0,0.0,0.0,0.0,0.0,0.0
1782717997.307,0.0,0.0,0.0,0.5947,0.8003,0.0215,0.0127,0.0132,0.0151,26.17,0.0,0.0,0.0,0.0,0.0,0.0
1782718002.319,0.0,0.0,0.0,0.5947,0.8003,0.0215,0.0142,0.0137,0.0142,26.18,0.0,0.0,0.0,0.0,0.0,0.0
1782718007.33,0.0,0.0,0.0,0.5942,0.8003,0.0215,0.0132,0.0132,0.0142,26.17,0.0,0.0,0.0,0.0,0.0,0.0
1782718012.343,0.0,0.0,0.0,0.5942,0.8003,0.0215,0.0137,0.0132,0.0142,26.18,0.0,0.0,0.0,0.0,0.0,0.0
1782718017.354,0.0,0.0,0.0,0.5942,0.8003,0.0215,0.0137,0.0137,0.0146,26.18,0.0,0.0,0.0,0.0,0.0,0.0
1782718022.362,0.0,0.0,0.0,0.5942,0.8003,0.0215,0.0132,0.0137,0.0142,26.18,0.0,0.0,0.0,0.0,0.0,0.0
1782718027.369,0.0,0.0,0.0,0.5942,0.8003,0.0215,0.0146,0.0137,0.0146,26.18,0.0,0.0,0.0,0.0,0.0,0.0
1782718032.378,0.0,0.0,0.0,0.5947,0.8003,0.0215,0.0137,0.0132,0.0146,26.19,0.0,0.0,0.0,0.0,0.0,0.0
1782718037.386,0.0,0.0,0.0,0.5942,0.8003,0.0215,0.0137,0.0132,0.0137,26.18,0.0,0.0,0.0,0.0,0.0,0.0
1782718042.393,0.0,0.0,0.0,0.5942,0.8003,0.021,0.0132,0.0132,0.0137,26.19,0.0,0.0,0.0,0.0,0.0,0.0
1782718047.401,0.0,0.0,0.0,0.5947,0.8003,0.021,0.0151,0.0137,0.0146,26.19,0.0,0.0,0.0,0.0,0.0,0.0
1782718052.413,0.0,0.0,0.0,0.5947,0.8003,0.021,0.0146,0.0132,0.0146,26.19,0.0,0.0,0.0,0.0,0.0,0.0
1782718057.424,0.0,0.0,0.0,0.5947,0.8003,0.021,0.0132,0.0137,0.0142,26.19,0.0,0.0,0.0,0.0,0.0,0.0
1782718062.43,0.0,0.0,0.0,0.5942,0.8003,0.021,0.0142,0.0132,0.0137,26.19,0.0,0.0,0.0,0.0,0.0,0.0
1782718067.438,0.0,0.0,0.0,0.5942,0.8003,0.021,0.0146,0.0142,0.0142,26.2,0.0,0.0,0.0,0.0,0.0,0.0
1782718072.445,0.0,0.0,0.0,0.5942,0.8003,0.021,0.0142,0.0137,0.0137,26.19,0.0,0.0,0.0,0.0,0.0,0.0
1782718077.454,0.0,0.0,0.0,0.5942,0.8003,0.021,0.0137,0.0137,0.0127,26.2,0.0,0.0,0.0,0.0,0.0,0.0
1782718082.466,0.0,0.0,0.0,0.5942,0.8003,0.021,0.0142,0.0137,0.0137,26.2,0.02,0.02,0.02,0.0,0.0,0.0
1782718087.477,0.0,0.0,0.0,0.5942,0.8003,0.021,0.0137,0.0132,0.0137,26.2,0.0,0.0,0.0,0.0,0.0,0.0
1782718092.489,0.0,0.0,0.0,0.5942,0.8003,0.021,0.0137,0.0132,0.0142,26.2,0.0,0.0,0.0,0.0,0.0,0.0
1782718097.499,0.0,0.0,0.0,0.5942,0.8003,0.021,0.0137,0.0132,0.0161,26.2,0.05,0.05,0.05,32.2,118.6,103.4
1782718102.513,0.0,0.0,0.0,0.5942,0.8003,0.021,0.0137,0.0142,0.0146,26.2,0.0,0.0,0.0,0.0,0.0,0.0
1782718107.523,0.0,0.0,0.0,0.5942,0.8003,0.021,0.0137,0.0137,0.0137,26.2,0.0,0.0,0.0,0.0,0.0,0.0
1782718112.538,0.0,0.0,0.0,0.5942,0.8003,0.021,0.0132,0.0137,0.0151,26.2,0.0,0.0,0.0,0.0,0.0,0.0
1782718117.548,0.0,0.0,0.0,0.5942,0.8003,0.021,0.0137,0.0137,0.0146,26.21,0.0,0.0,0.0,0.0,0.0,0.0
1782718122.558,0.0,0.0,0.0,0.5942,0.8003,0.021,0.0132,0.0137,0.0142,26.21,0.0,0.0,0.0,0.0,0.0,0.0
1782718127.572,0.0,0.0,0.0,0.5942,0.8003,0.021,0.0137,0.0137,0.0142,26.21,0.0,0.0,0.0,0.0,0.0,0.0
1782718132.584,0.0,0.0,0.0,0.5947,0.8003,0.021,0.0132,0.0132,0.0146,26.21,0.0,0.0,0.0,0.0,0.0,0.0
1782718137.597,0.0,0.0,0.0,0.5942,0.8003,0.021,0.0142,0.0137,0.0146,26.21,0.0,0.0,0.0,0.0,0.0,0.0
1782718142.604,0.0,0.0,0.0,0.5942,0.8003,0.021,0.0137,0.0132,0.0137,26.21,0.0,0.0,0.0,0.0,0.0,0.0
1782718147.612,0.0,0.0,0.0,0.5942,0.8003,0.021,0.0137,0.0142,0.0142,26.21,0.0,0.0,0.0,0.0,0.0,0.0
1782718152.624,0.0,0.0,0.0,0.5942,0.8003,0.021,0.0137,0.0132,0.0137,26.21,0.0,0.0,0.0,0.0,0.0,0.0
1782718157.635,0.0,0.0,0.0,0.5942,0.8003,0.021,0.0146,0.0137,0.0137,26.21,0.0,0.0,0.0,0.0,0.0,0.0
1782718162.645,0.0,0.0,0.0,0.5942,0.8003,0.021,0.0142,0.0146,0.0142,26.21,0.0,0.0,0.0,0.0,0.0,0.0
1782718167.655,0.0,0.0,0.0,0.5942,0.8003,0.021,0.0137,0.0132,0.0137,26.21,0.03,0.03,0.02,0.0,0.0,0.0
1782718172.666,0.0,0.0,0.0,0.5942,0.8003,0.021,0.0137,0.0137,0.0142,26.21,0.0,0.0,0.0,0.0,0.0,0.0
1782718177.674,0.0,0.0,0.0,0.5942,0.8003,0.021,0.0137,0.0142,0.0132,26.21,0.0,0.0,0.0,0.0,0.0,0.0
1782718182.683,0.0,0.0,0.0,0.5942,0.8003,0.021,0.0132,0.0142,0.0146,26.21,0.0,0.0,0.0,0.0,0.0,0.0
1782718187.691,0.0,0.0,0.0,0.5942,0.8003,0.021,0.0132,0.0137,0.0137,26.21,0.03,0.03,0.02,0.0,0.0,0.0
1782718192.698,0.0,0.0,0.0,0.5942,0.8003,0.021,0.0142,0.0132,0.0142,26.21,0.0,0.0,0.0,0.0,0.0,0.0
1782718197.71,0.0,0.0,0.0,0.5942,0.8003,0.021,0.0137,0.0137,0.0142,26.21,0.0,0.0,0.0,0.0,0.0,0.0
1782718202.721,0.0,0.0,0.0,0.5947,0.8003,0.021,0.0137,0.0132,0.0146,26.21,0.0,0.0,0.0,0.0,0.0,0.0
1782718207.73,0.0,0.0,0.0,0.5947,0.8003,0.021,0.0142,0.0127,0.0146,26.21,0.0,0.0,0.0,0.0,0.0,0.0
1782718212.739,0.0,0.0,0.0,0.5947,0.8003,0.021,0.0137,0.0137,0.0142,26.21,0.0,0.0,0.0,0.0,0.0,0.0
1782718217.748,0.0,0.0,0.0,0.5947,0.8003,0.021,0.0146,0.0146,0.0142,26.21,0.0,0.0,0.0,0.0,0.0,0.0
1782718222.76,0.0,0.0,0.0,0.5947,0.8003,0.021,0.0142,0.0137,0.0142,26.21,0.0,0.0,0.0,0.0,0.0,0.0
1782718227.77,0.0,0.0,0.0,0.5947,0.8003,0.021,0.0137,0.0137,0.0137,26.21,0.0,0.0,0.0,0.0,0.0,0.0
1782718232.781,0.0,0.0,0.0,0.5947,0.8003,0.021,0.0137,0.0137,0.0142,26.21,0.0,0.0,0.0,0.0,0.0,0.0
1782718237.788,0.0,0.0,0.0,0.5947,0.8003,0.021,0.0137,0.0132,0.0132,26.21,0.0,0.0,0.0,0.0,0.0,0.0
1782718242.802,0.0,0.0,0.0,0.5947,0.8003,0.021,0.0142,0.0142,0.0132,26.2,0.0,0.0,0.0,0.0,0.0,0.0
1782718247.812,0.0,0.0,0.0,0.5947,0.8003,0.021,0.0137,0.0146,0.0146,26.21,0.0,0.0,0.0,0.0,0.0,0.0
1782718252.82,0.0,0.0,0.0,0.5947,0.8003,0.021,0.0137,0.0142,0.0151,26.2,0.0,0.0,0.0,0.0,0.0,0.0
1782718257.834,0.0,0.0,0.0,0.5947,0.8003,0.021,0.0146,0.0137,0.0151,26.2,0.0,0.0,0.0,0.0,0.0,0.0
1782718262.844,0.0,0.0,0.0,0.5947,0.8003,0.021,0.0146,0.0137,0.0132,26.2,0.0,0.0,0.0,0.0,0.0,0.0
1782718267.856,0.0,0.0,0.0,0.5942,0.8003,0.021,0.0132,0.0137,0.0142,26.2,0.0,0.0,0.0,0.0,0.0,0.0
1782718272.869,0.0,0.0,0.0,0.5942,0.8003,0.021,0.0137,0.0137,0.0137,26.2,0.0,0.0,0.0,0.0,0.0,0.0
1782718277.88,0.0,0.0,0.0,0.5947,0.8003,0.021,0.0137,0.0137,0.0137,26.2,0.0,0.0,0.0,0.0,0.0,0.0
1782718282.889,0.0,0.0,0.0,0.5947,0.8003,0.021,0.0127,0.0137,0.0132,26.2,0.0,0.0,0.0,0.0,0.0,0.0
1782718287.901,0.0,0.0,0.0,0.5942,0.8003,0.021,0.0137,0.0137,0.0132,26.2,0.0,0.0,0.0,0.0,0.0,0.0
1782718292.912,0.0,0.0,0.0,0.5942,0.8003,0.021,0.0132,0.0137,0.0142,26.2,0.0,0.0,0.0,0.0,0.0,0.0
1782718297.923,0.0,0.0,0.0,0.5942,0.8003,0.021,0.0137,0.0132,0.0137,26.2,0.0,0.0,0.0,0.0,0.0,0.0
1782718302.934,0.0,0.0,0.0,0.5942,0.8003,0.021,0.0142,0.0137,0.0137,26.2,0.02,0.02,0.02,0.0,0.0,0.0
1782718307.944,0.0,0.0,0.0,0.5942,0.8003,0.021,0.0146,0.0132,0.0137,26.2,0.0,0.0,0.0,0.0,0.0,0.0
1782718312.954,0.0,0.0,0.0,0.5942,0.8003,0.021,0.0137,0.0137,0.0137,26.19,0.0,0.0,0.0,0.0,0.0,0.0
1782718317.964,0.0,0.0,0.0,0.5942,0.8003,0.021,0.0146,0.0137,0.0151,26.19,0.09,0.09,0.08,0.0,0.0,0.0
1782718322.976,0.0,0.0,0.0,0.5942,0.8003,0.0215,0.0142,0.0137,0.0142,26.19,0.0,0.0,0.0,0.0,0.0,0.0
1782718327.99,0.0,0.0,0.0,0.5942,0.8003,0.0215,0.0137,0.0142,0.0142,26.19,0.0,0.0,0.0,0.0,0.0,0.0
1782718333.001,0.0,0.0,0.0,0.5942,0.8003,0.0215,0.0151,0.0142,0.0132,26.19,0.0,0.0,0.0,0.0,0.0,0.0
1782718338.012,0.0,0.0,0.0,0.5942,0.8003,0.0215,0.0137,0.0137,0.0137,26.19,0.0,0.0,0.0,0.0,0.0,0.0
1782718343.019,0.0,0.0,0.0,0.5942,0.8003,0.0215,0.0142,0.0137,0.0137,26.18,0.01,0.02,0.01,0.0,0.0,0.0
1782718348.031,0.0,0.0,0.0,0.5942,0.8003,0.0215,0.0142,0.0137,0.0142,26.18,0.0,0.0,0.0,0.0,0.0,0.0
1782718353.044,0.0,0.0,0.0,0.5942,0.8003,0.0215,0.0137,0.0132,0.0146,26.18,0.0,0.0,0.0,0.0,0.0,0.0
1782718358.054,0.0,0.0,0.0,0.5942,0.8003,0.0215,0.0137,0.0127,0.0142,26.18,0.0,0.0,0.0,0.0,0.0,0.0
1782718363.062,0.0,0.0,0.0,0.5942,0.8003,0.0215,0.0137,0.0137,0.0137,26.18,0.0,0.0,0.0,0.0,0.0,0.0
1782718368.068,0.0,0.0,0.0,0.5942,0.8003,0.0215,0.0146,0.0151,0.0142,26.18,0.0,0.0,0.0,0.0,0.0,0.0
1782718373.079,0.0,0.0,0.0,0.5942,0.8003,0.0215,0.0132,0.0137,0.0142,26.17,0.0,0.0,0.0,0.0,0.0,0.0
1782718378.084,0.0,0.0,0.0,0.5942,0.8003,0.0215,0.0137,0.0142,0.0142,26.17,0.0,0.0,0.0,0.0,0.0,0.0
1782718383.096,0.0,0.0,0.0,0.5942,0.8003,0.0215,0.0137,0.0132,0.0146,26.17,0.0,0.0,0.0,0.0,0.0,0.0
1782718388.109,0.0,0.0,0.0,0.5942,0.8003,0.0215,0.0137,0.0132,0.0142,26.17,0.0,0.0,0.0,0.0,0.0,0.0
1782718393.121,0.0,0.0,0.0,0.5942,0.8003,0.0215,0.0132,0.0142,0.0127,26.17,0.0,0.0,0.0,0.0,0.0,0.0
1782718398.131,0.0,0.0,0.0,0.5942,0.8003,0.0215,0.0132,0.0132,0.0137,26.17,0.0,0.0,0.0,0.0,0.0,0.0
1782718403.144,0.0,0.0,0.0,0.5942,0.8003,0.0215,0.0137,0.0132,0.0146,26.17,0.0,0.0,0.0,0.0,0.0,0.0
1782718408.157,0.0,0.0,0.0,0.5942,0.8003,0.0215,0.0137,0.0132,0.0137,26.16,0.0,0.0,0.0,0.0,0.0,0.0
1782718413.168,0.0,0.0,0.0,0.5942,0.8003,0.0215,0.0137,0.0132,0.0142,26.16,0.0,0.0,0.0,0.0,0.0,0.0
1782718418.18,0.0,0.0,0.0,0.5942,0.8003,0.0215,0.0137,0.0137,0.0142,26.16,0.0,0.0,0.0,0.0,0.0,0.0
1782718423.193,0.007,0.008,0.007,0.5947,0.8003,0.0215,0.0142,0.0137,0.0142,26.16,0.1,0.11,0.1,0.0,0.0,0.0
1782718428.201,0.0,0.0,0.0,0.5947,0.8003,0.0215,0.0137,0.0142,0.0137,26.16,0.0,0.0,0.0,0.0,0.0,0.0
1782718433.213,0.0,0.0,0.0,0.5947,0.8003,0.0215,0.0142,0.0132,0.0137,26.16,0.0,0.0,0.0,0.0,0.0,0.0
1782718438.226,0.0,0.0,0.0,0.5947,0.8003,0.0215,0.0142,0.0137,0.0137,26.16,0.0,0.0,0.0,0.0,0.0,0.0
1782718443.239,0.0,0.0,0.0,0.5942,0.8003,0.0215,0.0137,0.0132,0.0137,26.15,0.0,0.0,0.0,0.0,0.0,0.0
1782718448.248,0.0,0.0,0.0,0.5947,0.8003,0.0215,0.0142,0.0132,0.0142,26.15,0.0,0.0,0.0,0.0,0.0,0.0
1782718453.26,0.0,0.0,0.0,0.5947,0.8003,0.0215,0.0132,0.0142,0.0142,26.15,0.0,0.0,0.0,0.0,0.0,0.0
1782718458.269,0.003,0.003,0.003,0.5942,0.8003,0.0215,0.0137,0.0137,0.0151,26.15,0.34,0.35,0.33,0.0,0.0,0.0
1782718463.28,0.0,0.0,0.0,0.5942,0.8003,0.0215,0.0142,0.0132,0.0137,26.15,0.0,0.0,0.0,0.0,0.0,0.0
1782718468.293,0.0,0.0,0.0,0.5942,0.8003,0.0215,0.0146,0.0137,0.0142,26.15,0.0,0.0,0.0,0.0,0.0,0.0
1782718473.305,0.0,0.0,0.0,0.5942,0.8003,0.0215,0.0137,0.0142,0.0142,26.15,0.01,0.01,0.01,0.0,0.0,0.0
1782718478.316,0.0,0.0,0.0,0.5942,0.8003,0.0215,0.0137,0.0137,0.0137,26.15,0.0,0.0,0.0,0.0,0.0,0.0
1782718483.328,0.0,0.0,0.0,0.5942,0.8003,0.0215,0.0132,0.0132,0.0146,26.15,0.0,0.0,0.0,0.0,0.0,0.0
1782718488.337,0.0,0.0,0.0,0.5942,0.8003,0.0215,0.0137,0.0132,0.0137,26.15,0.0,0.0,0.0,0.0,0.0,0.0
1782718493.347,0.0,0.0,0.0,0.5942,0.8003,0.0215,0.0142,0.0137,0.0137,26.15,0.0,0.0,0.0,0.0,0.0,0.0
1782718498.356,0.0,0.0,0.0,0.5942,0.8003,0.0215,0.0142,0.0137,0.0132,26.15,0.0,0.0,0.0,0.0,0.0,0.0
1782718503.361,0.0,0.0,0.0,0.5942,0.8003,0.0215,0.0132,0.0137,0.0137,26.16,0.0,0.0,0.0,0.0,0.0,0.0
1782718508.367,0.0,0.0,0.0,0.5942,0.8003,0.0215,0.0132,0.0137,0.0142,26.15,0.0,0.0,0.0,0.0,0.0,0.0
1782718513.373,0.0,0.0,0.0,0.5942,0.8003,0.0215,0.0137,0.0142,0.0137,26.16,0.0,0.0,0.0,0.0,0.0,0.0
1782718518.382,0.0,0.0,0.0,0.5942,0.8003,0.0215,0.0137,0.0132,0.0132,26.16,0.0,0.0,0.0,0.0,0.0,0.0
1782718523.394,0.0,0.0,0.0,0.5942,0.8003,0.0215,0.0132,0.0132,0.0151,26.16,0.0,0.0,0.0,0.0,0.0,0.0
1782718528.411,0.0,0.0,0.0,0.5942,0.8003,0.0215,0.0137,0.0146,0.0146,26.16,0.0,0.01,0.0,0.0,0.0,0.0
1782718533.422,0.0,0.0,0.0,0.5942,0.8003,0.0215,0.0142,0.0142,0.0142,26.16,0.0,0.0,0.0,0.0,0.0,0.0
1782718538.434,0.0,0.0,0.0,0.5942,0.8003,0.0215,0.0132,0.0137,0.0142,26.16,0.0,0.0,0.0,0.0,0.0,0.0
1782718543.447,0.0,0.0,0.0,0.5942,0.8003,0.0215,0.0146,0.0132,0.0137,26.17,0.0,0.0,0.0,0.0,0.0,0.0
1782718548.457,0.0,0.0,0.0,0.5942,0.8003,0.0215,0.0137,0.0127,0.0137,26.17,0.01,0.01,0.01,0.0,0.0,0.0
1782718553.468,0.0,0.0,0.0,0.5942,0.8003,0.0215,0.0142,0.0137,0.0142,26.17,0.0,0.0,0.0,0.0,0.0,0.0
1782718558.477,0.0,0.0,0.0,0.5942,0.8003,0.0215,0.0137,0.0137,0.0156,26.17,0.0,0.0,0.0,0.0,0.0,0.0
1782718563.485,0.0,0.0,0.0,0.5942,0.8003,0.0215,0.0146,0.0137,0.0132,26.17,0.0,0.0,0.0,0.0,0.0,0.0
1782718568.494,0.0,0.001,0.0,0.5942,0.8003,0.0215,0.0137,0.0146,0.0137,26.17,0.11,0.11,0.1,0.0,0.0,0.0
1782718573.504,0.0,0.0,0.0,0.5942,0.8003,0.0215,0.0132,0.0137,0.0146,26.17,0.0,0.0,0.0,0.0,0.0,0.0
1782718578.51,0.0,0.0,0.0,0.5942,0.8003,0.0215,0.0137,0.0142,0.0146,26.17,0.0,0.0,0.0,0.0,0.0,0.0
1782718583.518,0.0,0.0,0.0,0.5942,0.8003,0.0215,0.0137,0.0137,0.0137,26.18,0.0,0.0,0.0,0.0,0.0,0.0
1782718588.526,0.0,0.0,0.0,0.5942,0.8003,0.0215,0.0132,0.0132,0.0137,26.18,0.0,0.0,0.0,0.0,0.0,0.0
1782718593.531,0.0,0.0,0.0,0.5942,0.8003,0.0215,0.0137,0.0132,0.0132,26.18,0.0,0.0,0.0,0.0,0.0,0.0
1782718598.543,0.0,0.0,0.0,0.5942,0.8003,0.0215,0.0137,0.0137,0.0146,26.18,0.0,0.0,0.0,0.0,0.0,0.0
1782718603.552,0.0,0.0,0.0,0.5942,0.8003,0.021,0.0137,0.0137,0.0146,26.18,0.0,0.0,0.0,0.0,0.0,0.0
1782718608.564,0.0,0.0,0.0,0.5942,0.8003,0.021,0.0146,0.0146,0.0137,26.18,0.0,0.0,0.0,0.0,0.0,0.0
1782718613.574,0.0,0.0,0.0,0.5942,0.8003,0.021,0.0137,0.0137,0.0142,26.18,0.0,0.0,0.0,0.0,0.0,0.0
1782718618.586,0.0,0.0,0.0,0.5942,0.8003,0.021,0.0137,0.0132,0.0161,26.19,0.0,0.0,0.0,0.0,0.0,0.0
1782718623.598,0.0,0.0,0.0,0.5942,0.8003,0.021,0.0132,0.0132,0.0137,26.19,0.0,0.0,0.0,0.0,0.0,0.0
1782718628.608,0.0,0.0,0.0,0.5942,0.8003,0.021,0.0142,0.0137,0.0146,26.19,0.0,0.0,0.0,0.0,0.0,0.0
1782718633.619,0.0,0.0,0.0,0.5942,0.8003,0.021,0.0137,0.0137,0.0137,26.19,0.0,0.0,0.0,0.0,0.0,0.0
1782718638.631,0.0,0.0,0.0,0.5942,0.8003,0.021,0.0137,0.0137,0.0137,26.19,0.0,0.0,0.0,0.0,0.0,0.0
1782718643.644,0.0,0.0,0.0,0.5942,0.8003,0.021,0.0142,0.0142,0.0146,26.19,0.0,0.0,0.0,0.0,0.0,0.0
1782718648.653,0.0,0.0,0.0,0.5942,0.8003,0.021,0.0137,0.0142,0.0142,26.19,0.0,0.0,0.0,0.0,0.0,0.0
1782718653.661,0.0,0.0,0.0,0.5942,0.8003,0.021,0.0142,0.0137,0.0146,26.19,0.0,0.0,0.0,0.0,0.0,0.0
1782718658.673,0.0,0.0,0.0,0.5942,0.8003,0.021,0.0137,0.0142,0.0132,26.19,0.0,0.0,0.0,0.0,0.0,0.0
1782718663.68,0.0,0.0,0.0,0.5942,0.8003,0.021,0.0132,0.0132,0.0146,26.2,0.0,0.0,0.0,0.0,0.0,0.0
1782718668.69,0.0,0.0,0.0,0.5942,0.8003,0.021,0.0137,0.0142,0.0142,26.2,0.0,0.0,0.0,0.0,0.0,0.0
1782718673.7,0.0,0.0,0.0,0.5942,0.8003,0.021,0.0127,0.0137,0.0132,26.2,0.0,0.0,0.0,0.0,0.0,0.0
1782718678.71,0.0,0.0,0.0,0.5942,0.8003,0.021,0.0137,0.0137,0.0137,26.2,0.0,0.0,0.0,0.0,0.0,0.0
1782718683.721,0.0,0.0,0.0,0.5942,0.8003,0.021,0.0127,0.0142,0.0127,26.2,0.0,0.0,0.0,0.0,0.0,0.0
1782718688.732,0.0,0.0,0.0,0.5942,0.8003,0.021,0.0142,0.0142,0.0137,26.2,0.0,0.0,0.0,0.0,0.0,0.0
1782718693.742,0.0,0.0,0.0,0.5942,0.8003,0.021,0.0137,0.0142,0.0151,26.2,0.0,0.0,0.0,0.0,0.0,0.0
1782718698.751,0.0,0.0,0.0,0.5942,0.8003,0.021,0.0132,0.0132,0.0137,26.2,0.0,0.0,0.0,0.0,0.0,0.0
1782718703.763,0.0,0.0,0.0,0.5942,0.8003,0.021,0.0137,0.0127,0.0137,26.2,0.0,0.0,0.0,0.0,0.0,0.0
1782718708.773,0.0,0.0,0.0,0.5942,0.8003,0.021,0.0127,0.0132,0.0142,26.2,0.0,0.0,0.0,0.0,0.0,0.0
1782718713.782,0.0,0.0,0.0,0.5942,0.8003,0.021,0.0142,0.0132,0.0146,26.19,0.0,0.0,0.0,0.0,0.0,0.0
1782718718.791,0.0,0.0,0.0,0.5942,0.8003,0.021,0.0132,0.0132,0.0146,26.2,0.0,0.0,0.0,0.0,0.0,0.0
1782718723.799,0.0,0.0,0.0,0.5942,0.8003,0.021,0.0137,0.0127,0.0146,26.19,0.0,0.0,0.0,0.0,0.0,0.0
1782718728.81,0.0,0.0,0.0,0.5942,0.8003,0.021,0.0142,0.0132,0.0146,26.19,0.0,0.0,0.0,0.0,0.0,0.0
1782718733.821,0.0,0.0,0.0,0.5942,0.8003,0.021,0.0142,0.0137,0.0142,26.19,0.0,0.0,0.0,0.0,0.0,0.0
1782718738.833,0.0,0.0,0.0,0.5942,0.8003,0.021,0.0142,0.0146,0.0142,26.19,0.0,0.0,0.0,0.0,0.0,0.0
1782718743.845,0.0,0.0,0.0,0.5942,0.8003,0.021,0.0132,0.0132,0.0146,26.19,0.0,0.0,0.0,0.0,0.0,0.0
1782718748.856,0.0,0.0,0.0,0.5942,0.8003,0.021,0.0132,0.0137,0.0142,26.19,0.0,0.0,0.0,0.0,0.0,0.0
1782718753.867,0.0,0.0,0.0,0.5942,0.8003,0.021,0.0137,0.0127,0.0151,26.19,0.02,0.02,0.02,0.0,0.0,0.0
1782718758.881,0.0,0.0,0.0,0.5942,0.8003,0.021,0.0132,0.0137,0.0146,26.19,0.0,0.0,0.0,0.0,0.0,0.0
1782718763.889,0.0,0.0,0.0,0.5942,0.8003,0.021,0.0137,0.0142,0.0137,26.19,0.0,0.0,0.0,0.0,0.0,0.0
1782718768.9,0.0,0.0,0.0,0.5942,0.8003,0.0215,0.0142,0.0142,0.0146,26.19,0.0,0.0,0.0,0.0,0.0,0.0
1782718773.912,0.0,0.0,0.0,0.5942,0.8003,0.0215,0.0137,0.0142,0.0142,26.18,0.0,0.0,0.0,0.0,0.0,0.0
1782718778.924,0.0,0.0,0.0,0.5942,0.8003,0.0215,0.0146,0.0137,0.0137,26.18,0.0,0.0,0.0,0.0,0.0,0.0
1782718783.932,0.0,0.0,0.0,0.5942,0.8003,0.0215,0.0142,0.0132,0.0137,26.18,0.0,0.0,0.0,0.0,0.0,0.0
1782718788.941,0.0,0.0,0.0,0.5942,0.8003,0.0215,0.0132,0.0132,0.0137,26.18,0.0,0.0,0.0,0.0,0.0,0.0
1782718793.949,0.0,0.0,0.0,0.5942,0.8003,0.0215,0.0137,0.0142,0.0142,26.18,0.0,0.0,0.0,0.0,0.0,0.0
1782718798.961,0.0,0.0,0.0,0.5942,0.8003,0.0215,0.0146,0.0137,0.0142,26.17,0.0,0.0,0.0,0.0,0.0,0.0
1782718803.972,0.009,0.009,0.009,0.5942,0.8003,0.0215,0.0142,0.0137,0.0146,26.18,0.53,0.54,0.51,0.0,0.0,0.0
1782718808.981,0.0,0.0,0.0,0.5942,0.8003,0.0215,0.0142,0.0142,0.0137,26.17,0.0,0.0,0.0,0.0,0.0,0.0
1782718813.992,0.0,0.0,0.0,0.5942,0.8003,0.0215,0.0146,0.0137,0.0151,26.17,0.0,0.0,0.0,0.0,0.0,0.0
1782718819.001,0.0,0.0,0.0,0.5942,0.8003,0.0215,0.0142,0.0132,0.0137,26.17,0.0,0.0,0.0,0.0,0.0,0.0
1782718824.011,0.0,0.0,0.0,0.5942,0.8003,0.0215,0.0132,0.0137,0.0142,26.17,0.0,0.0,0.0,0.0,0.0,0.0
1782718829.018,0.0,0.0,0.0,0.5942,0.8003,0.0215,0.0142,0.0137,0.0146,26.17,0.0,0.0,0.0,0.0,0.0,0.0
1782718834.027,0.0,0.0,0.0,0.5942,0.8003,0.0215,0.0132,0.0132,0.0142,26.17,0.0,0.0,0.0,0.0,0.0,0.0
1782718839.035,0.0,0.0,0.0,0.5942,0.8003,0.0215,0.0132,0.0146,0.0137,26.17,0.0,0.0,0.0,0.0,0.0,0.0
1782718844.047,0.0,0.0,0.0,0.5942,0.8003,0.0215,0.0127,0.0132,0.0146,26.16,0.02,0.02,0.02,0.0,0.0,0.0
1782718849.06,0.0,0.0,0.0,0.5942,0.8003,0.0215,0.0137,0.0137,0.0142,26.16,0.0,0.0,0.0,0.0,0.0,0.0
1782718854.071,0.0,0.0,0.0,0.5942,0.8003,0.0215,0.0137,0.0142,0.0142,26.16,0.0,0.0,0.0,0.0,0.0,0.0
1782718859.082,0.0,0.0,0.0,0.5942,0.8003,0.0215,0.0142,0.0137,0.0137,26.16,0.0,0.0,0.0,95.7,82.8,0.0
1782718864.091,0.0,0.0,0.0,0.5942,0.8003,0.0215,0.0132,0.0137,0.0142,26.16,0.0,0.0,0.0,0.0,0.0,0.0
1782718869.1,0.0,0.0,0.0,0.5942,0.8003,0.0215,0.0132,0.0142,0.0146,26.15,0.0,0.0,0.0,0.0,0.0,0.0
1782718874.112,0.0,0.0,0.0,0.5942,0.8003,0.0215,0.0132,0.0132,0.0142,26.15,0.0,0.0,0.0,0.0,0.0,0.0
1782718879.122,0.0,0.0,0.0,0.5942,0.8003,0.0215,0.0132,0.0142,0.0146,26.15,0.0,0.0,0.0,0.0,0.0,0.0
1782718884.136,0.0,0.0,0.0,0.5942,0.8003,0.0215,0.0137,0.0132,0.0137,26.15,0.0,0.0,0.0,0.0,0.0,0.0
1782718889.145,0.0,0.0,0.0,0.5942,0.8003,0.0215,0.0146,0.0137,0.0142,26.15,0.0,0.0,0.0,0.0,0.0,0.0
1782718894.158,0.0,0.0,0.0,0.5942,0.8003,0.0215,0.0142,0.0137,0.0142,26.15,0.0,0.0,0.0,0.0,0.0,0.0
1782718899.168,0.0,0.0,0.0,0.5942,0.8003,0.0215,0.0132,0.0137,0.0127,26.15,0.0,0.0,0.0,0.0,0.0,0.0
1782718904.178,0.0,0.0,0.0,0.5942,0.8003,0.0215,0.0137,0.0137,0.0137,26.14,0.0,0.0,0.0,0.0,0.0,0.0
1782718909.187,0.0,0.0,0.0,0.5942,0.8003,0.0215,0.0142,0.0142,0.0137,26.14,0.0,0.0,0.0,0.0,0.0,0.0
1782718914.201,0.0,0.0,0.0,0.5942,0.8003,0.0215,0.0137,0.0132,0.0132,26.14,0.0,0.0,0.0,0.0,0.0,0.0
1782718919.21,0.0,0.0,0.0,0.5942,0.8003,0.0215,0.0137,0.0142,0.0146,26.14,0.0,0.0,0.0,0.0,0.0,0.0
1782718924.218,0.0,0.0,0.0,0.5942,0.8003,0.0215,0.0146,0.0132,0.0137,26.13,0.0,0.0,0.0,0.0,0.0,0.0
1782718929.226,0.0,0.0,0.0,0.5942,0.8003,0.0215,0.0132,0.0137,0.0142,26.13,0.0,0.0,0.0,0.0,0.0,0.0
1782718934.233,0.0,0.0,0.0,0.5942,0.8003,0.0215,0.0137,0.0142,0.0137,26.13,0.01,0.01,0.01,0.0,0.0,0.0
1782718939.242,0.0,0.0,0.0,0.5942,0.8003,0.0215,0.0137,0.0137,0.0146,26.13,0.0,0.0,0.0,0.0,0.0,0.0
1782718944.25,0.0,0.0,0.0,0.5942,0.8003,0.0215,0.0142,0.0137,0.0142,26.12,0.03,0.03,0.03,0.0,0.0,0.0
1782718949.259,0.0,0.0,0.0,0.5942,0.8003,0.0215,0.0127,0.0137,0.0146,26.12,0.0,0.0,0.0,0.0,0.0,0.0
1782718954.268,0.0,0.0,0.0,0.5942,0.8003,0.0215,0.0142,0.0142,0.0142,26.12,0.0,0.0,0.0,0.0,0.0,0.0
1782718959.277,0.0,0.0,0.0,0.5942,0.8003,0.0215,0.0142,0.0132,0.0146,26.12,0.0,0.0,0.0,0.0,0.0,0.0
1782718964.286,0.0,0.0,0.0,0.5942,0.8003,0.0215,0.0127,0.0137,0.0142,26.11,0.0,0.0,0.0,0.0,0.0,0.0
1782718969.293,0.0,0.0,0.0,0.5942,0.8003,0.0215,0.0142,0.0142,0.0146,26.11,0.0,0.0,0.0,0.0,0.0,0.0
1782718974.3,0.0,0.0,0.0,0.5942,0.8003,0.0215,0.0142,0.0137,0.0142,26.11,0.0,0.0,0.0,0.0,0.0,0.0
1782718979.304,0.0,0.0,0.0,0.5942,0.8003,0.0215,0.0142,0.0137,0.0142,26.11,0.0,0.0,0.0,0.0,0.0,0.0
1782718984.32,0.0,0.0,0.0,0.5942,0.8003,0.0215,0.0132,0.0132,0.0137,26.11,0.0,0.0,0.0,0.0,0.0,0.0
1782718989.332,0.0,0.0,0.0,0.5942,0.8003,0.0215,0.0137,0.0137,0.0161,26.11,0.0,0.0,0.0,0.0,0.0,0.0
1782718994.343,0.0,0.0,0.0,0.5942,0.8003,0.0215,0.0137,0.0132,0.0161,26.11,0.0,0.0,0.0,0.0,0.0,0.0
1782718999.356,0.0,0.0,0.0,0.5942,0.8003,0.0215,0.0127,0.0132,0.0146,26.11,0.0,0.0,0.0,0.0,0.0,0.0
1782719004.367,0.0,0.0,0.0,0.5942,0.8003,0.0215,0.0132,0.0146,0.0151,26.11,0.0,0.0,0.0,0.0,0.0,0.0
1782719009.375,0.0,0.0,0.0,0.5942,0.8003,0.0215,0.0137,0.0137,0.0137,26.11,0.0,0.0,0.0,0.0,0.0,0.0
1782719014.385,0.0,0.0,0.0,0.5942,0.8003,0.0215,0.0137,0.0137,0.0142,26.11,0.0,0.0,0.0,0.0,0.0,0.0
1782719019.393,0.0,0.0,0.0,0.5942,0.8003,0.0215,0.0137,0.0132,0.0137,26.11,0.0,0.0,0.0,0.0,0.0,0.0
1782719024.396,0.0,0.0,0.0,0.5942,0.8003,0.0215,0.0142,0.0142,0.0142,26.11,0.0,0.0,0.0,0.0,0.0,0.0
1782719029.409,0.0,0.0,0.0,0.5942,0.8003,0.0215,0.0137,0.0137,0.0137,26.11,0.0,0.0,0.0,0.0,0.0,0.0
1782719034.42,0.0,0.0,0.0,0.5942,0.8003,0.0215,0.0132,0.0142,0.0151,26.11,0.0,0.0,0.0,0.0,0.0,0.0
1782719039.43,0.0,0.0,0.0,0.5942,0.8003,0.0215,0.0132,0.0132,0.0146,26.11,0.0,0.0,0.0,0.0,0.0,0.0
1782719044.435,0.0,0.0,0.0,0.5942,0.8003,0.0215,0.0132,0.0137,0.0137,26.11,0.0,0.0,0.0,0.0,0.0,0.0
1782719049.441,0.0,0.0,0.0,0.5942,0.8003,0.0215,0.0142,0.0137,0.0156,26.12,0.0,0.0,0.0,0.0,0.0,0.0
1782719054.452,0.0,0.0,0.0,0.5942,0.8003,0.0215,0.0142,0.0137,0.0142,26.12,0.0,0.0,0.0,0.0,0.0,0.0
1782719059.459,0.0,0.0,0.0,0.5942,0.8003,0.0215,0.0127,0.0132,0.0142,26.12,0.0,0.0,0.0,0.0,0.0,0.0
1782719064.476,0.0,0.0,0.0,0.5942,0.8003,0.0215,0.0142,0.0142,0.0146,26.12,0.0,0.0,0.0,0.0,0.0,0.0
1782719069.497,0.0,0.0,0.0,0.5942,0.8003,0.0215,0.0137,0.0137,0.0146,26.12,0.0,0.0,0.0,0.0,0.0,0.0
1782719074.507,0.0,0.0,0.0,0.5942,0.8003,0.0215,0.0142,0.0142,0.0142,26.12,0.0,0.0,0.0,0.0,0.0,0.0
1782719079.518,0.0,0.0,0.0,0.5942,0.8003,0.0215,0.0137,0.0137,0.0146,26.13,0.0,0.0,0.0,0.0,0.0,0.0
1782719084.529,0.0,0.0,0.0,0.5942,0.8003,0.0215,0.0132,0.0142,0.0146,26.13,0.0,0.0,0.0,0.0,0.0,0.0
1782719089.539,0.0,0.0,0.0,0.5942,0.8003,0.0215,0.0127,0.0132,0.0146,26.13,0.0,0.0,0.0,0.0,0.0,0.0
1782719094.547,0.0,0.0,0.0,0.5942,0.8003,0.0215,0.0132,0.0127,0.0156,26.13,0.0,0.0,0.0,0.0,0.0,0.0
1782719099.555,0.0,0.0,0.0,0.5942,0.8003,0.0215,0.0137,0.0142,0.0142,26.13,0.0,0.0,0.0,0.0,0.0,0.0
1782719104.56,0.0,0.0,0.0,0.5942,0.8003,0.0215,0.0132,0.0127,0.0142,26.13,0.0,0.0,0.0,0.0,0.0,0.0
1782719109.57,0.0,0.0,0.0,0.5942,0.8003,0.0215,0.0137,0.0137,0.0142,26.13,0.0,0.0,0.0,0.0,0.0,0.0
1782719114.579,0.0,0.0,0.0,0.5942,0.8003,0.0215,0.0142,0.0132,0.0137,26.13,0.0,0.0,0.0,0.0,0.0,0.0
1782719119.586,0.0,0.0,0.0,0.5942,0.8003,0.0215,0.0137,0.0127,0.0137,26.14,0.0,0.0,0.0,0.0,0.0,0.0
1782719124.602,0.0,0.0,0.0,0.5942,0.8003,0.0215,0.0137,0.0137,0.0146,26.14,0.0,0.0,0.0,0.0,0.0,0.0
1782719129.61,0.0,0.0,0.0,0.5942,0.8003,0.0215,0.0137,0.0137,0.0142,26.14,0.0,0.0,0.0,0.0,0.0,0.0
1782719134.619,0.0,0.0,0.0,0.5942,0.8003,0.0215,0.0132,0.0137,0.0137,26.14,0.0,0.0,0.0,0.0,0.0,0.0
1782719139.627,0.0,0.0,0.0,0.5942,0.8003,0.0215,0.0151,0.0137,0.0142,26.14,0.03,0.03,0.03,76.9,115.3,99.4
1782719144.637,0.0,0.0,0.0,0.5942,0.8003,0.0215,0.0137,0.0137,0.0142,26.14,0.0,0.0,0.0,0.0,0.0,0.0
1782719149.646,0.0,0.0,0.0,0.5942,0.8003,0.0215,0.0137,0.0142,0.0142,26.15,0.0,0.0,0.0,0.0,0.0,0.0
1782719154.688,0.0,0.0,0.0,0.5942,0.8003,0.0215,0.0137,0.0137,0.0142,26.15,0.0,0.0,0.0,0.0,0.0,0.0
1782719159.707,0.0,0.0,0.0,0.5942,0.8003,0.0215,0.0142,0.0142,0.0151,26.15,0.0,0.0,0.0,0.0,0.0,0.0
1782719164.715,0.0,0.0,0.0,0.5942,0.8003,0.0215,0.0142,0.0132,0.0142,26.15,0.0,0.0,0.0,0.0,0.0,0.0
1782719169.727,0.0,0.0,0.0,0.5942,0.8003,0.0215,0.0142,0.0132,0.0146,26.15,0.0,0.0,0.0,0.0,0.0,0.0
1782719174.736,0.0,0.0,0.0,0.5942,0.8003,0.0215,0.0137,0.0146,0.0137,26.15,0.0,0.0,0.0,0.0,0.0,0.0
1782719179.747,0.0,0.0,0.0,0.5942,0.8003,0.0215,0.0137,0.0137,0.0156,26.15,0.0,0.0,0.0,0.0,0.0,0.0
1782719184.759,0.0,0.0,0.0,0.5942,0.8003,0.0215,0.0142,0.0132,0.0146,26.15,0.0,0.0,0.0,0.0,0.0,0.0
1782719189.769,0.0,0.0,0.0,0.5942,0.8003,0.0215,0.0142,0.0132,0.0146,26.15,0.0,0.0,0.0,0.0,0.0,0.0
1782719194.781,0.0,0.0,0.0,0.5942,0.8003,0.0215,0.0137,0.0142,0.0142,26.16,0.0,0.0,0.0,0.0,0.0,0.0
1782719199.787,0.0,0.0,0.0,0.5942,0.8003,0.0215,0.0137,0.0127,0.0142,26.15,0.0,0.0,0.0,0.0,0.0,0.0
1782719204.796,0.0,0.0,0.0,0.5942,0.8003,0.0215,0.0137,0.0137,0.0132,26.15,0.0,0.0,0.0,0.0,0.0,0.0
1782719206.489,0.0,0.0,0.0,0.5942,0.8003,0.0215,0.0142,0.0137,0.0142,26.15,0.0,0.0,0.0,0.0,0.0,0.0
1782719214.573,0.0,0.0,0.0,0.5942,0.8003,0.0215,0.0137,0.0132,0.0146,26.15,0.0,0.0,0.0,0.0,0.0,0.0
1782719219.581,0.0,0.0,0.0,0.5942,0.8003,0.0215,0.0146,0.0137,0.0137,26.15,0.0,0.0,0.0,0.0,0.0,0.0
1782719224.592,0.0,0.0,0.0,0.5942,0.8003,0.0215,0.0137,0.0132,0.0137,26.15,0.0,0.0,0.0,0.0,0.0,0.0
1782719229.6,0.0,0.0,0.0,0.5942,0.8003,0.0215,0.0146,0.0132,0.0142,26.15,0.05,0.05,0.05,0.0,0.0,0.0
1782719234.608,0.0,0.0,0.0,0.5947,0.8003,0.0215,0.0137,0.0127,0.0137,26.15,0.0,0.0,0.0,0.0,0.0,0.0
1782719239.62,0.0,0.0,0.0,0.5947,0.8003,0.0215,0.0132,0.0132,0.0137,26.16,0.0,0.0,0.0,0.0,0.0,0.0
1782719244.632,0.0,0.0,0.0,0.5942,0.8003,0.0215,0.0146,0.0137,0.0132,26.16,0.0,0.0,0.0,0.0,0.0,0.0
1782719249.645,0.0,0.0,0.0,0.5947,0.8003,0.0215,0.0127,0.0127,0.0137,26.15,0.0,0.0,0.0,0.0,0.0,0.0
1782719254.653,0.0,0.0,0.0,0.5947,0.8003,0.0215,0.0142,0.0137,0.0146,26.15,0.0,0.0,0.0,0.0,0.0,0.0
1782719259.664,0.0,0.0,0.0,0.5947,0.8003,0.0215,0.0132,0.0137,0.0142,26.15,0.0,0.0,0.0,0.0,0.0,0.0
1782719264.678,0.0,0.0,0.0,0.5942,0.8003,0.0215,0.0127,0.0137,0.0137,26.15,0.0,0.0,0.0,0.0,0.0,0.0
1782719269.685,0.0,0.0,0.0,0.5947,0.8003,0.0215,0.0132,0.0137,0.0142,26.15,0.0,0.0,0.0,0.0,0.0,0.0
1782719274.724,0.0,0.0,0.0,0.5942,0.8003,0.0215,0.0137,0.0132,0.0146,26.15,0.0,0.0,0.0,0.0,0.0,0.0
1782719279.735,0.0,0.0,0.0,0.5942,0.8003,0.0215,0.0142,0.0132,0.0151,26.15,0.0,0.0,0.0,0.0,0.0,0.0
1782719284.746,0.0,0.0,0.0,0.5942,0.8003,0.0215,0.0142,0.0137,0.0146,26.15,0.0,0.0,0.0,0.0,0.0,0.0
1782719289.754,0.0,0.0,0.0,0.5942,0.8003,0.0215,0.0137,0.0127,0.0142,26.15,0.0,0.0,0.0,0.0,0.0,0.0
1782719294.764,0.0,0.0,0.0,0.5942,0.8003,0.0215,0.0142,0.0127,0.0142,26.15,0.0,0.0,0.0,0.0,0.0,0.0
1782719299.774,0.0,0.0,0.0,0.5942,0.8003,0.0215,0.0146,0.0132,0.0146,26.15,0.0,0.0,0.0,0.0,0.0,0.0
1782719304.782,0.0,0.0,0.0,0.5942,0.8003,0.0215,0.0127,0.0137,0.0142,26.15,0.0,0.0,0.0,0.0,0.0,0.0
1782719309.792,0.0,0.0,0.0,0.5942,0.8003,0.0215,0.0142,0.0137,0.0146,26.14,0.0,0.0,0.0,0.0,0.0,0.0
1782719314.8,0.0,0.0,0.0,0.5942,0.8003,0.0215,0.0137,0.0132,0.0137,26.14,0.0,0.0,0.0,0.0,0.0,0.0
1782719319.808,0.0,0.0,0.0,0.5947,0.8003,0.0215,0.0142,0.0127,0.0132,26.14,0.04,0.04,0.03,0.0,0.0,0.0
1782719320.568,0.0,0.0,0.0,0.5947,0.8003,0.0215,0.0132,0.0137,0.0137,26.14,0.0,0.0,0.0,0.0,0.0,0.0
1782719328.61,0.0,0.0,0.0,0.5942,0.8003,0.0215,0.0137,0.0146,0.0142,26.14,0.0,0.0,0.0,0.0,0.0,0.0
1782719333.617,0.0,0.0,0.0,0.5942,0.8003,0.0215,0.0132,0.0137,0.0146,26.14,0.0,0.0,0.0,0.0,0.0,0.0
1782719338.63,0.0,0.0,0.0,0.5942,0.8003,0.0215,0.0132,0.0142,0.0142,26.13,0.0,0.0,0.0,0.0,0.0,0.0
1782719343.643,0.0,0.0,0.0,0.5942,0.8003,0.0215,0.0142,0.0137,0.0137,26.13,0.0,0.0,0.0,0.0,0.0,0.0
1782719348.714,0.0,0.0,0.0,0.5942,0.8003,0.0215,0.0146,0.0142,0.0142,26.13,0.0,0.0,0.0,0.0,0.0,0.0
1782719353.786,0.0,0.0,0.0,0.5942,0.8003,0.0215,0.0137,0.0132,0.0142,26.13,0.0,0.0,0.0,0.0,0.0,0.0
1782719358.839,0.0,0.0,0.0,0.5942,0.8003,0.0215,0.0137,0.0137,0.0142,26.13,0.0,0.0,0.0,0.0,0.0,0.0
1782719363.848,0.0,0.0,0.0,0.5942,0.8003,0.0215,0.0142,0.0137,0.0137,26.13,0.0,0.0,0.0,0.0,0.0,0.0
1782719368.861,0.0,0.0,0.0,0.5942,0.8003,0.0215,0.0132,0.0132,0.0137,26.12,0.0,0.0,0.0,0.0,0.0,0.0
1782719373.874,0.0,0.0,0.0,0.5947,0.8003,0.0215,0.0137,0.0137,0.0142,26.12,0.0,0.0,0.0,0.0,0.0,0.0
1782719378.887,0.0,0.0,0.0,0.5942,0.8003,0.0215,0.0132,0.0137,0.0142,26.12,0.0,0.0,0.0,0.0,0.0,0.0
1782719383.901,0.0,0.0,0.0,0.5942,0.8003,0.0215,0.0132,0.0132,0.0146,26.12,0.0,0.0,0.0,0.0,0.0,0.0
1782719388.909,0.0,0.0,0.0,0.5942,0.8003,0.0215,0.0132,0.0132,0.0142,26.12,0.0,0.0,0.0,0.0,0.0,0.0
1782719393.919,0.0,0.0,0.0,0.5942,0.8003,0.0215,0.0146,0.0137,0.0132,26.12,0.0,0.0,0.0,0.0,0.0,0.0
1782719398.926,0.0,0.0,0.0,0.5942,0.8003,0.0215,0.0132,0.0137,0.0137,26.11,0.0,0.0,0.0,0.0,0.0,0.0
1782719403.938,0.0,0.0,0.0,0.5942,0.8003,0.0215,0.0142,0.0132,0.0142,26.11,0.01,0.01,0.01,0.0,0.0,0.0
1782719408.95,0.0,0.0,0.0,0.5942,0.8003,0.0215,0.0142,0.0137,0.0132,26.11,0.0,0.0,0.0,0.0,0.0,0.0
1782719413.957,0.0,0.0,0.0,0.5942,0.8003,0.0215,0.0132,0.0142,0.0127,26.11,0.06,0.07,0.06,0.0,0.0,0.0
1782719418.969,0.0,0.0,0.0,0.5942,0.8003,0.0215,0.0142,0.0142,0.0137,26.11,0.0,0.0,0.0,0.0,0.0,0.0
1782719423.979,0.0,0.0,0.0,0.5942,0.8003,0.0215,0.0132,0.0127,0.0146,26.1,0.04,0.04,0.04,14.6,120.0,28.2
1782719428.987,0.0,0.0,0.0,0.5942,0.8003,0.0215,0.0142,0.0142,0.0142,26.1,0.0,0.0,0.0,0.0,0.0,0.0
1782719433.998,0.0,0.0,0.0,0.5942,0.8003,0.0215,0.0142,0.0137,0.0142,26.1,0.0,0.0,0.0,0.0,0.0,0.0
1782719439.01,0.0,0.0,0.0,0.5942,0.8003,0.0215,0.0132,0.0132,0.0137,26.09,0.0,0.0,0.0,0.0,0.0,0.0
1782719444.022,0.0,0.0,0.0,0.5942,0.8003,0.0215,0.0142,0.0132,0.0132,26.09,0.0,0.0,0.0,0.0,0.0,0.0
1782719449.035,0.0,0.0,0.0,0.5942,0.8003,0.0215,0.0137,0.0142,0.0132,26.09,0.0,0.0,0.0,0.0,0.0,0.0
1782719454.043,0.0,0.0,0.0,0.5942,0.8003,0.0215,0.0142,0.0137,0.0142,26.09,0.0,0.0,0.0,0.0,0.0,0.0
1782719459.053,0.0,0.0,0.0,0.5942,0.8003,0.0215,0.0137,0.0137,0.0146,26.09,0.0,0.0,0.0,0.0,0.0,0.0
1782719464.061,0.0,0.0,0.0,0.5942,0.8003,0.0215,0.0176,0.0176,0.0156,26.09,0.0,0.0,0.0,0.0,0.0,0.0
1782719469.071,0.0,0.0,0.0,0.5942,0.8003,0.0215,0.0132,0.0132,0.0142,26.09,0.0,0.0,0.0,0.0,0.0,0.0
1782719474.085,0.0,0.0,0.0,0.5942,0.8003,0.0215,0.0137,0.0137,0.0146,26.08,0.0,0.0,0.0,0.0,0.0,0.0
1782719479.099,0.0,0.0,0.0,0.5942,0.8003,0.0215,0.0127,0.0127,0.0151,26.08,0.03,0.03,0.03,0.0,0.0,0.0
1782719484.111,0.0,0.0,0.0,0.5942,0.8003,0.0215,0.0132,0.0137,0.0146,26.08,0.03,0.03,0.03,0.0,0.0,0.0
1782719489.121,0.0,0.0,0.0,0.5942,0.8003,0.0215,0.0137,0.0142,0.0142,26.07,0.0,0.0,0.0,0.0,0.0,0.0
1782719494.129,0.0,0.0,0.0,0.5942,0.8003,0.0215,0.0137,0.0142,0.0137,26.07,0.0,0.0,0.0,0.0,0.0,0.0
1782719499.143,0.0,0.0,0.0,0.5942,0.8003,0.0215,0.0137,0.0137,0.0151,26.07,0.03,0.03,0.03,0.0,0.0,0.0
1782719504.155,0.0,0.0,0.0,0.5942,0.8003,0.0215,0.0142,0.0132,0.0137,26.07,0.0,0.0,0.0,0.0,0.0,0.0
1782719509.167,0.0,0.0,0.0,0.5942,0.8003,0.0215,0.0137,0.0142,0.0142,26.07,0.0,0.0,0.0,0.0,0.0,0.0
1782719514.18,0.0,0.0,0.0,0.5942,0.8003,0.0215,0.0137,0.0132,0.0142,26.07,0.0,0.0,0.0,88.5,86.0,110.4
1782719519.191,0.0,0.0,0.0,0.5942,0.8003,0.0215,0.0132,0.0137,0.0142,26.07,0.0,0.0,0.0,0.0,0.0,0.0
1782719524.201,0.0,0.0,0.0,0.5942,0.8003,0.0215,0.0137,0.0137,0.0137,26.07,0.0,0.0,0.0,0.0,0.0,0.0
1782719529.214,0.0,0.0,0.0,0.5942,0.8003,0.0215,0.0137,0.0142,0.0137,26.07,0.0,0.0,0.0,0.0,0.0,0.0
1782719534.223,0.0,0.0,0.0,0.5942,0.8003,0.0215,0.0142,0.0132,0.0142,26.07,0.0,0.0,0.0,0.0,0.0,0.0
1782719539.232,0.0,0.0,0.0,0.5942,0.8003,0.0215,0.0137,0.0137,0.0146,26.07,0.0,0.0,0.0,0.0,0.0,0.0
1782719544.243,0.0,0.0,0.0,0.5942,0.8003,0.0215,0.0146,0.0137,0.0151,26.07,0.0,0.0,0.0,0.0,0.0,0.0
1782719549.25,0.0,0.0,0.0,0.5942,0.8003,0.0215,0.0142,0.0132,0.0132,26.07,0.0,0.0,0.0,0.0,0.0,0.0
1782719554.26,0.0,0.0,0.0,0.5942,0.8003,0.0215,0.0146,0.0151,0.0142,26.07,0.0,0.0,0.0,0.0,0.0,0.0
1782719559.271,0.0,0.0,0.0,0.5942,0.8003,0.0215,0.0137,0.0137,0.0137,26.07,0.0,0.0,0.0,0.0,0.0,0.0
1782719564.281,0.0,0.0,0.0,0.5947,0.8003,0.0215,0.0142,0.0137,0.0142,26.07,0.0,0.0,0.0,0.0,0.0,0.0
1782719569.293,0.0,0.0,0.0,0.5942,0.8003,0.0215,0.0132,0.0137,0.0142,26.07,0.0,0.0,0.0,0.0,0.0,0.0
1782719574.304,0.0,0.0,0.0,0.5942,0.8003,0.0215,0.0137,0.0142,0.0151,26.07,0.0,0.0,0.0,0.0,0.0,0.0
1782719579.313,0.0,0.0,0.0,0.5942,0.8003,0.0215,0.0132,0.0137,0.0137,26.07,0.0,0.0,0.0,0.0,0.0,0.0
1782719584.323,0.001,0.001,0.001,0.5942,0.8003,0.0215,0.0132,0.0137,0.0151,26.08,0.22,0.23,0.21,0.0,0.0,0.0
1782719589.335,0.0,0.0,0.0,0.5942,0.8003,0.0215,0.0132,0.0132,0.0137,26.07,0.0,0.0,0.0,0.0,0.0,0.0
1782719594.347,0.0,0.0,0.0,0.5942,0.8003,0.0215,0.0137,0.0137,0.0142,26.08,0.0,0.0,0.0,0.0,0.0,0.0
1782719599.359,0.0,0.0,0.0,0.5942,0.8003,0.0215,0.0137,0.0137,0.0142,26.08,0.0,0.0,0.0,0.0,0.0,0.0
1782719604.372,0.0,0.0,0.0,0.5942,0.8003,0.0215,0.0137,0.0132,0.0146,26.08,0.0,0.0,0.0,0.0,0.0,0.0
1782719609.379,0.0,0.0,0.0,0.5942,0.8003,0.0215,0.0142,0.0132,0.0137,26.08,0.0,0.0,0.0,0.0,0.0,0.0
1782719614.39,0.0,0.0,0.0,0.5942,0.8003,0.0215,0.0137,0.0132,0.0142,26.08,0.0,0.0,0.0,0.0,0.0,0.0
1782719619.403,0.0,0.0,0.0,0.5942,0.8003,0.0215,0.0132,0.0137,0.0142,26.08,0.0,0.0,0.0,0.0,0.0,0.0
1782719624.413,0.0,0.0,0.0,0.5942,0.8003,0.0215,0.0137,0.0132,0.0156,26.09,0.0,0.0,0.0,0.0,0.0,0.0
1782719629.427,0.0,0.0,0.0,0.5942,0.8003,0.0215,0.0137,0.0137,0.0142,26.09,0.0,0.0,0.0,0.0,0.0,0.0
1782719634.436,0.0,0.0,0.0,0.5942,0.8003,0.0215,0.0142,0.0132,0.0137,26.09,0.0,0.0,0.0,0.0,0.0,0.0
1782719639.448,0.0,0.0,0.0,0.5942,0.8003,0.0215,0.0142,0.0132,0.0142,26.09,0.0,0.0,0.0,0.0,0.0,0.0
1782719644.457,0.0,0.0,0.0,0.5942,0.8003,0.0215,0.0137,0.0137,0.0132,26.09,0.0,0.0,0.0,0.0,0.0,0.0
1782719649.467,0.0,0.0,0.0,0.5942,0.8003,0.0215,0.0137,0.0132,0.0137,26.09,0.0,0.0,0.0,0.0,0.0,0.0
1782719654.475,0.0,0.0,0.0,0.5942,0.8003,0.0215,0.0132,0.0132,0.0132,26.1,0.0,0.0,0.0,0.0,0.0,0.0
1782719659.485,0.0,0.0,0.0,0.5942,0.8003,0.0215,0.0132,0.0127,0.0137,26.1,0.0,0.0,0.0,0.0,0.0,0.0
1782719664.497,0.0,0.0,0.0,0.5942,0.8003,0.0215,0.0142,0.0146,0.0142,26.1,0.0,0.0,0.0,0.0,0.0,0.0
1782719669.508,0.0,0.0,0.0,0.5942,0.8003,0.0215,0.0132,0.0132,0.0137,26.1,0.0,0.0,0.0,0.0,0.0,0.0
1782719674.521,0.0,0.0,0.0,0.5942,0.8003,0.0215,0.0142,0.0142,0.0146,26.1,0.0,0.0,0.0,0.0,0.0,0.0
1782719679.531,0.0,0.0,0.0,0.5942,0.8003,0.0215,0.0137,0.0127,0.0137,26.1,0.0,0.0,0.0,0.0,0.0,0.0
1782719684.545,0.0,0.0,0.0,0.5942,0.8003,0.0215,0.0132,0.0137,0.0137,26.11,0.0,0.0,0.0,0.0,0.0,0.0
1782719689.555,0.0,0.0,0.0,0.5942,0.8003,0.0215,0.0132,0.0132,0.0146,26.11,0.04,0.04,0.04,0.0,0.0,0.0
1782719694.565,0.0,0.0,0.0,0.5942,0.8003,0.0215,0.0142,0.0137,0.0151,26.11,0.1,0.1,0.09,30.5,114.1,102.4
1782719699.63,0.0,0.0,0.0,0.5942,0.8003,0.0215,0.0127,0.0137,0.0137,26.11,0.0,0.0,0.0,0.0,0.0,0.0
1782719704.655,0.0,0.0,0.0,0.5942,0.8003,0.0215,0.0137,0.0137,0.0137,26.11,0.0,0.0,0.0,0.0,0.0,0.0
1782719709.667,0.0,0.0,0.0,0.5942,0.8003,0.0215,0.0132,0.0142,0.0146,26.12,0.0,0.0,0.0,53.8,30.5,93.7
1782719714.678,0.0,0.0,0.0,0.5942,0.8003,0.0215,0.0142,0.0142,0.0137,26.11,0.0,0.0,0.0,0.0,0.0,0.0
1782719719.69,0.0,0.0,0.0,0.5942,0.8003,0.0215,0.0137,0.0137,0.0137,26.12,0.0,0.0,0.0,0.0,0.0,0.0
1782719724.701,0.0,0.0,0.0,0.5942,0.8003,0.0215,0.0137,0.0137,0.0137,26.12,0.0,0.0,0.0,0.0,0.0,0.0
1782719729.71,0.0,0.0,0.0,0.5942,0.8003,0.0215,0.0142,0.0137,0.0151,26.12,0.0,0.0,0.0,0.0,0.0,0.0
1782719734.718,0.0,0.0,0.0,0.5942,0.8003,0.0215,0.0132,0.0142,0.0137,26.12,0.0,0.0,0.0,0.0,0.0,0.0
1782719739.727,0.0,0.0,0.0,0.5942,0.8003,0.0215,0.0137,0.0137,0.0146,26.12,0.02,0.02,0.02,0.0,0.0,0.0
1782719744.739,0.0,0.0,0.0,0.5942,0.8003,0.0215,0.0137,0.0132,0.0142,26.12,0.0,0.0,0.0,0.0,0.0,0.0
1782719749.748,0.0,0.0,0.0,0.5942,0.8003,0.0215,0.0132,0.0137,0.0142,26.12,0.0,0.0,0.0,0.0,0.0,0.0
1782719754.762,0.0,0.0,0.0,0.5942,0.8003,0.0215,0.0137,0.0137,0.0146,26.12,0.0,0.0,0.0,0.0,0.0,0.0
1782719759.769,0.0,0.0,0.0,0.5942,0.8003,0.0215,0.0137,0.0127,0.0127,26.12,0.0,0.0,0.0,0.0,0.0,0.0
1782719764.778,0.0,0.0,0.0,0.5942,0.8003,0.0215,0.0132,0.0132,0.0142,26.12,0.0,0.0,0.0,0.0,0.0,0.0
1782719769.79,0.0,0.0,0.0,0.5942,0.8003,0.0215,0.0142,0.0137,0.0137,26.12,0.0,0.0,0.0,0.0,0.0,0.0
1782719774.804,0.0,0.0,0.0,0.5942,0.8003,0.0215,0.0127,0.0137,0.0142,26.12,0.0,0.0,0.0,0.0,0.0,0.0
1782719779.811,0.0,0.0,0.0,0.5942,0.8003,0.0215,0.0132,0.0132,0.0142,26.12,0.0,0.0,0.0,0.0,0.0,0.0
1782719784.825,0.0,0.0,0.0,0.5942,0.8003,0.0215,0.0137,0.0142,0.0142,26.12,0.0,0.0,0.0,0.0,0.0,0.0
1782719789.837,0.0,0.0,0.0,0.5942,0.8003,0.0215,0.0137,0.0132,0.0142,26.12,0.0,0.0,0.0,0.0,0.0,0.0
1782719794.844,0.0,0.0,0.0,0.5942,0.8003,0.0215,0.0142,0.0142,0.0146,26.12,0.1,0.1,0.09,0.0,126.5,40.9
1782719799.854,0.0,0.0,0.0,0.5942,0.8003,0.0215,0.0137,0.0132,0.0137,26.12,0.0,0.0,0.0,0.0,0.0,0.0
1782719804.866,0.0,0.0,0.0,0.5942,0.8003,0.021,0.0146,0.0142,0.0137,26.12,0.0,0.0,0.0,98.2,123.0,12.4
1782719809.876,0.0,0.0,0.0,0.5942,0.8003,0.021,0.0142,0.0137,0.0137,26.12,0.0,0.0,0.0,0.0,0.0,0.0
1782719814.888,0.0,0.0,0.0,0.5942,0.8003,0.0215,0.0146,0.0137,0.0137,26.12,0.0,0.0,0.0,0.0,0.0,0.0
1782719819.896,0.0,0.0,0.0,0.5942,0.8003,0.0215,0.0142,0.0142,0.0137,26.12,0.0,0.0,0.0,0.0,0.0,0.0
1782719824.909,0.0,0.0,0.0,0.5942,0.8003,0.0215,0.0142,0.0132,0.0132,26.12,0.0,0.0,0.0,0.0,0.0,0.0
1782719829.921,0.0,0.0,0.0,0.5942,0.8003,0.0215,0.0142,0.0132,0.0142,26.11,0.0,0.0,0.0,0.0,0.0,0.0
1782719834.931,0.0,0.0,0.0,0.5942,0.8003,0.0215,0.0146,0.0132,0.0146,26.11,0.0,0.0,0.0,0.0,0.0,0.0
1782719839.943,0.0,0.0,0.0,0.5942,0.8003,0.0215,0.0137,0.0137,0.0137,26.11,0.0,0.0,0.0,0.0,0.0,0.0
1782719844.953,0.0,0.0,0.0,0.5942,0.8003,0.0215,0.0142,0.0132,0.0142,26.11,0.0,0.0,0.0,0.0,0.0,0.0
1782719849.959,0.0,0.0,0.0,0.5942,0.8003,0.0215,0.0132,0.0137,0.0142,26.11,0.01,0.01,0.0,0.0,0.0,0.0
1782719854.972,0.0,0.0,0.0,0.5947,0.8003,0.0215,0.0146,0.0146,0.0132,26.11,0.0,0.0,0.0,0.0,0.0,0.0
1782719859.979,0.0,0.0,0.0,0.5942,0.8003,0.0215,0.0142,0.0137,0.0146,26.11,0.0,0.0,0.0,0.0,0.0,0.0
1782719864.986,0.0,0.0,0.0,0.5942,0.8003,0.0215,0.0137,0.0137,0.0142,26.1,0.0,0.0,0.0,0.0,0.0,0.0
1782719869.999,0.0,0.0,0.0,0.5942,0.8003,0.0215,0.0127,0.0132,0.0146,26.1,0.02,0.02,0.02,0.0,0.0,0.0
1782719875.013,0.001,0.001,0.001,0.5942,0.8003,0.0215,0.0137,0.0137,0.0156,26.1,0.23,0.23,0.22,0.0,0.0,0.0
1782719880.024,0.0,0.0,0.0,0.5942,0.8003,0.0215,0.0137,0.0137,0.0142,26.09,0.0,0.0,0.0,0.0,0.0,0.0
1782719885.035,0.0,0.0,0.0,0.5942,0.8003,0.0215,0.0142,0.0137,0.0137,26.1,0.0,0.0,0.0,0.0,0.0,0.0
1782719890.045,0.0,0.0,0.0,0.5942,0.8003,0.0215,0.0142,0.0137,0.0142,26.09,0.0,0.0,0.0,0.0,0.0,0.0
1782719895.051,0.0,0.0,0.0,0.5942,0.8003,0.0215,0.0142,0.0137,0.0142,26.09,0.02,0.02,0.02,29.2,123.8,61.2
1782719900.056,0.0,0.0,0.0,0.5942,0.8003,0.0215,0.0137,0.0142,0.0146,26.09,0.0,0.0,0.0,0.0,0.0,0.0
1782719905.066,0.0,0.0,0.0,0.5942,0.8003,0.0215,0.0137,0.0137,0.0137,26.09,0.0,0.0,0.0,0.0,0.0,0.0
1782719910.072,0.0,0.0,0.0,0.5942,0.8003,0.0215,0.0137,0.0132,0.0146,26.09,0.0,0.0,0.0,0.0,0.0,0.0
1782719915.086,0.0,0.0,0.0,0.5942,0.8003,0.0215,0.0137,0.0132,0.0137,26.09,0.0,0.0,0.0,0.0,0.0,0.0
1782719920.096,0.0,0.0,0.0,0.5942,0.8003,0.0215,0.0137,0.0146,0.0146,26.09,0.0,0.0,0.0,0.0,0.0,0.0
1782719925.109,0.0,0.0,0.0,0.5942,0.8003,0.0215,0.0137,0.0137,0.0146,26.09,0.0,0.0,0.0,0.0,0.0,0.0
1782719930.121,0.0,0.0,0.0,0.5942,0.8003,0.0215,0.0146,0.0137,0.0142,26.09,0.0,0.0,0.0,0.0,0.0,0.0
1782719935.132,0.0,0.0,0.0,0.5942,0.8003,0.0215,0.0132,0.0127,0.0146,26.08,0.0,0.0,0.0,0.0,0.0,0.0
1782719940.146,0.0,0.0,0.0,0.5942,0.8003,0.0215,0.0146,0.0142,0.0137,26.08,0.0,0.0,0.0,0.0,0.0,0.0
1782719945.16,0.0,0.0,0.0,0.5942,0.8003,0.0215,0.0137,0.0137,0.0142,26.08,0.0,0.0,0.0,0.0,0.0,0.0
1782719950.171,0.0,0.0,0.0,0.5942,0.8003,0.0215,0.0137,0.0137,0.0137,26.08,0.0,0.0,0.0,0.0,0.0,0.0
1782719955.183,0.0,0.0,0.0,0.5942,0.8003,0.0215,0.0142,0.0137,0.0142,26.08,0.0,0.0,0.0,0.0,0.0,0.0
1782719960.194,0.0,0.0,0.0,0.5942,0.8003,0.0215,0.0142,0.0137,0.0146,26.08,0.0,0.0,0.0,0.0,0.0,0.0
1782719965.207,0.0,0.0,0.0,0.5942,0.8003,0.0215,0.0137,0.0146,0.0151,26.08,0.0,0.0,0.0,0.0,0.0,0.0
1782719970.217,0.0,0.0,0.0,0.5942,0.8003,0.0215,0.0132,0.0137,0.0146,26.07,0.03,0.03,0.03,0.0,0.0,0.0
1782719975.231,0.0,0.0,0.0,0.5942,0.8003,0.0215,0.0137,0.0132,0.0142,26.07,0.0,0.0,0.0,0.0,0.0,0.0
1782719980.242,0.0,0.0,0.0,0.5942,0.8003,0.0215,0.0132,0.0142,0.0146,26.07,0.0,0.0,0.0,0.0,0.0,0.0
1782720371.335,0.0,0.0,0.0,0.5942,0.8003,0.0215,0.0142,0.0132,0.0151,26.07,0.0,0.0,0.0,0.0,0.0,0.0
1782720376.341,0.0,0.0,0.0,0.5942,0.8003,0.0215,0.0142,0.0142,0.0137,26.07,0.0,0.0,0.0,0.0,0.0,0.0
1782720381.354,0.0,0.0,0.0,0.5942,0.8003,0.0215,0.0132,0.0127,0.0146,26.07,0.0,0.0,0.0,0.0,0.0,0.0
1782720386.362,0.0,0.0,0.0,0.5942,0.8003,0.0215,0.0137,0.0132,0.0132,26.07,0.0,0.0,0.0,0.0,0.0,0.0
1782720391.372,0.0,0.0,0.0,0.5942,0.8003,0.0215,0.0142,0.0132,0.0146,26.06,0.0,0.0,0.0,0.0,0.0,0.0
1782720396.384,0.0,0.0,0.0,0.5942,0.8003,0.0215,0.0132,0.0137,0.0142,26.06,0.0,0.0,0.0,0.0,0.0,0.0
1782720401.395,0.0,0.0,0.0,0.5942,0.8003,0.0215,0.0142,0.0137,0.0132,26.06,0.01,0.01,0.01,0.0,0.0,0.0
1782720406.404,0.0,0.0,0.0,0.5947,0.8003,0.0215,0.0137,0.0137,0.0132,26.06,0.0,0.0,0.0,0.0,0.0,0.0
1782720411.416,0.0,0.0,0.0,0.5947,0.8003,0.0215,0.0142,0.0132,0.0132,26.06,0.0,0.0,0.0,0.0,0.0,0.0
1782720416.428,0.0,0.0,0.0,0.5942,0.8003,0.0215,0.0132,0.0137,0.0127,26.06,0.0,0.0,0.0,0.0,0.0,0.0
1782720421.443,0.0,0.0,0.0,0.5942,0.8003,0.0215,0.0132,0.0132,0.0137,26.06,0.0,0.0,0.0,0.0,0.0,0.0
1782720426.451,0.0,0.0,0.0,0.5942,0.8003,0.0215,0.0142,0.0132,0.0142,26.05,0.0,0.0,0.0,0.0,0.0,0.0
1782720431.46,0.0,0.0,0.0,0.5942,0.8003,0.0215,0.0142,0.0137,0.0151,26.05,0.0,0.0,0.0,0.0,0.0,0.0
1782720436.468,0.0,0.0,0.0,0.5942,0.8003,0.0215,0.0132,0.0142,0.0132,26.05,0.0,0.0,0.0,0.0,0.0,0.0
1782720441.477,0.0,0.0,0.0,0.5942,0.8003,0.0215,0.0137,0.0142,0.0142,26.05,0.0,0.0,0.0,0.0,0.0,0.0
1782720446.484,0.0,0.0,0.0,0.5942,0.8003,0.0215,0.0132,0.0142,0.0151,26.05,0.0,0.0,0.0,0.0,0.0,0.0
1782720451.494,0.0,0.0,0.0,0.5942,0.8003,0.0215,0.0142,0.0142,0.0137,26.04,0.0,0.0,0.0,0.0,0.0,0.0
1782720456.5,0.0,0.0,0.0,0.5942,0.8003,0.0215,0.0132,0.0132,0.0146,26.04,0.0,0.0,0.0,0.0,0.0,0.0
1782720461.508,0.0,0.0,0.0,0.5942,0.8003,0.0215,0.0132,0.0132,0.0137,26.04,0.0,0.0,0.0,0.0,0.0,0.0
1782720466.517,0.0,0.0,0.0,0.5942,0.8003,0.0215,0.0132,0.0132,0.0142,26.04,0.0,0.0,0.0,0.0,0.0,0.0
1782720471.528,0.0,0.0,0.0,0.5942,0.8003,0.0215,0.0142,0.0137,0.0161,26.04,0.0,0.0,0.0,0.0,0.0,0.0
1782720476.536,0.0,0.0,0.0,0.5942,0.8003,0.0215,0.0127,0.0132,0.0146,26.04,0.0,0.0,0.0,0.0,0.0,0.0
1782720481.544,0.0,0.0,0.0,0.5942,0.8003,0.0215,0.0142,0.0137,0.0137,26.03,0.0,0.0,0.0,0.0,0.0,0.0
1782720486.553,0.0,0.0,0.0,0.5942,0.8003,0.0215,0.0137,0.0132,0.0146,26.03,0.0,0.0,0.0,0.0,0.0,0.0
1782720491.56,0.0,0.0,0.0,0.5942,0.8003,0.0215,0.0132,0.0132,0.0132,26.03,0.0,0.0,0.0,0.0,0.0,0.0
1782720496.57,0.0,0.0,0.0,0.5942,0.8003,0.0215,0.0137,0.0132,0.0137,26.03,0.0,0.0,0.0,0.0,0.0,0.0
1782720501.576,0.0,0.0,0.0,0.5942,0.8003,0.0215,0.0142,0.0137,0.0146,26.03,0.0,0.0,0.0,0.0,0.0,0.0
1782720506.584,0.0,0.0,0.0,0.5942,0.8003,0.0215,0.0142,0.0132,0.0142,26.02,0.0,0.0,0.0,0.0,0.0,0.0
1782720511.596,0.0,0.0,0.0,0.5942,0.8003,0.0215,0.0132,0.0127,0.0151,26.02,0.0,0.0,0.0,0.0,0.0,0.0
1782720516.599,0.0,0.0,0.0,0.5942,0.8003,0.0215,0.0137,0.0137,0.0142,26.02,0.0,0.0,0.0,0.0,0.0,0.0
1782720521.611,0.0,0.0,0.0,0.5942,0.8003,0.0215,0.0137,0.0132,0.0142,26.02,0.0,0.0,0.0,0.0,0.0,0.0
1782720526.623,0.0,0.0,0.0,0.5942,0.8003,0.0215,0.0142,0.0137,0.0137,26.02,0.0,0.0,0.0,0.0,0.0,0.0
1782720531.632,0.0,0.0,0.0,0.5942,0.8003,0.0215,0.0142,0.0127,0.0142,26.02,0.0,0.0,0.0,0.0,0.0,0.0
1782720536.645,0.0,0.0,0.0,0.5942,0.8003,0.0215,0.0137,0.0132,0.0142,26.01,0.0,0.0,0.0,0.0,0.0,0.0
1782720541.653,0.0,0.0,0.0,0.5942,0.8003,0.0215,0.0137,0.0132,0.0142,26.01,0.0,0.0,0.0,0.0,0.0,0.0
1782720546.664,0.0,0.0,0.0,0.5942,0.8003,0.0215,0.0142,0.0146,0.0137,26.01,0.0,0.0,0.0,0.0,0.0,0.0
1782720551.676,0.0,0.0,0.0,0.5942,0.8003,0.0215,0.0137,0.0132,0.0132,26.01,0.0,0.0,0.0,0.0,0.0,0.0
1782720556.688,0.0,0.0,0.0,0.5942,0.8003,0.0215,0.0132,0.0137,0.0137,26.0,0.0,0.0,0.0,0.0,0.0,0.0
1782720561.696,0.0,0.0,0.0,0.5942,0.8003,0.0215,0.0146,0.0142,0.0142,26.0,0.0,0.0,0.0,0.0,0.0,0.0
1782720566.708,0.0,0.0,0.0,0.5942,0.8003,0.0215,0.0137,0.0132,0.0151,26.0,0.0,0.0,0.0,0.0,0.0,0.0
1782720571.722,0.0,0.0,0.0,0.5942,0.8003,0.0215,0.0137,0.0142,0.0142,26.0,0.0,0.0,0.0,0.0,0.0,0.0
1782720576.728,0.0,0.0,0.0,0.5942,0.8003,0.0215,0.0137,0.0137,0.0142,25.99,0.0,0.0,0.0,0.0,0.0,0.0
1782720581.742,0.0,0.0,0.0,0.5942,0.8003,0.0215,0.0132,0.0132,0.0142,25.99,0.0,0.0,0.0,0.0,0.0,0.0
1782720586.748,0.0,0.0,0.0,0.5942,0.8003,0.0215,0.0137,0.0137,0.0132,25.99,0.0,0.0,0.0,0.0,0.0,0.0
1782720591.756,0.0,0.0,0.0,0.5942,0.8003,0.0215,0.0137,0.0132,0.0142,25.99,0.0,0.0,0.0,0.0,0.0,0.0
1782720596.771,0.0,0.0,0.0,0.5942,0.8003,0.0215,0.0142,0.0132,0.0146,25.99,0.02,0.02,0.02,0.0,0.0,0.0
1782720601.78,0.0,0.0,0.0,0.5942,0.8003,0.0215,0.0132,0.0137,0.0142,25.99,0.0,0.0,0.0,0.0,0.0,0.0
1782720606.79,0.0,0.0,0.0,0.5942,0.8003,0.0215,0.0146,0.0132,0.0142,25.99,0.0,0.0,0.0,0.0,0.0,0.0
1782720611.8,0.0,0.0,0.0,0.5942,0.8003,0.0215,0.0132,0.0137,0.0142,25.99,0.0,0.0,0.0,0.0,0.0,0.0
1782720616.808,0.0,0.0,0.0,0.5942,0.8003,0.0215,0.0132,0.0132,0.0132,25.99,0.01,0.01,0.01,0.0,0.0,0.0
1782720621.818,0.0,0.0,0.0,0.5942,0.8003,0.0215,0.0142,0.0151,0.0142,25.99,0.13,0.14,0.12,17.6,38.4,51.6
1782720626.832,0.0,0.0,0.0,0.5942,0.8003,0.0215,0.0137,0.0127,0.0142,25.99,0.0,0.0,0.0,0.0,0.0,0.0
1782720631.842,0.0,0.0,0.0,0.5942,0.8003,0.0215,0.0132,0.0146,0.0137,25.99,0.01,0.02,0.01,26.3,126.0,121.0
1782720636.852,0.0,0.0,0.0,0.5942,0.8003,0.0215,0.0142,0.0137,0.0142,25.99,0.0,0.0,0.0,0.0,0.0,0.0
1782720641.864,0.0,0.0,0.0,0.5942,0.8003,0.0215,0.0132,0.0132,0.0151,25.99,0.0,0.0,0.0,0.0,0.0,0.0
1782720646.876,0.0,0.0,0.0,0.5942,0.8003,0.0215,0.0137,0.0132,0.0137,25.99,0.0,0.0,0.0,0.0,0.0,0.0
1782720651.89,0.004,0.004,0.004,0.5942,0.8003,0.0215,0.0142,0.0132,0.0146,25.99,0.11,0.12,0.11,0.0,0.0,0.0
1782720656.901,0.0,0.0,0.0,0.5942,0.8003,0.0215,0.0132,0.0132,0.0146,25.99,0.0,0.0,0.0,0.0,0.0,0.0
1782720661.915,0.0,0.0,0.0,0.5942,0.8003,0.0215,0.0137,0.0137,0.0137,25.99,0.0,0.0,0.0,0.0,0.0,0.0
1782720666.927,0.0,0.0,0.0,0.5942,0.8003,0.0215,0.0137,0.0137,0.0151,25.99,0.0,0.0,0.0,0.0,0.0,0.0
1782720671.941,0.0,0.0,0.0,0.5942,0.8003,0.0215,0.0137,0.0127,0.0142,25.99,0.0,0.0,0.0,0.0,0.0,0.0
1782720676.951,0.0,0.0,0.0,0.5942,0.8003,0.0215,0.0146,0.0137,0.0142,25.99,0.0,0.0,0.0,0.0,0.0,0.0
1782720681.96,0.0,0.0,0.0,0.5942,0.8003,0.0215,0.0132,0.0132,0.0137,25.99,0.0,0.0,0.0,0.0,0.0,0.0
1782720686.968,0.0,0.0,0.0,0.5942,0.8003,0.0215,0.0142,0.0132,0.0137,25.99,0.0,0.0,0.0,0.0,0.0,0.0
1782720691.98,0.0,0.0,0.0,0.5942,0.8003,0.0215,0.0142,0.0137,0.0132,26.0,0.0,0.0,0.0,0.0,0.0,0.0
1782720696.992,0.0,0.0,0.0,0.5942,0.8003,0.0215,0.0137,0.0137,0.0137,26.0,0.0,0.0,0.0,0.0,0.0,0.0
1782720702.006,0.0,0.0,0.0,0.5942,0.8003,0.0215,0.0142,0.0137,0.0137,26.0,0.0,0.0,0.0,0.0,0.0,0.0
1782720707.018,0.0,0.0,0.0,0.5942,0.8003,0.0215,0.0137,0.0137,0.0142,26.0,0.0,0.0,0.0,0.0,0.0,0.0
1782720712.03,0.0,0.0,0.0,0.5942,0.8003,0.0215,0.0132,0.0137,0.0142,26.0,0.0,0.0,0.0,0.0,0.0,0.0
1782720717.042,0.0,0.0,0.0,0.5942,0.8003,0.0215,0.0137,0.0142,0.0156,26.01,0.06,0.06,0.06,31.7,10.9,83.6
1782720722.058,0.0,0.0,0.0,0.5942,0.8003,0.0215,0.0137,0.0137,0.0142,26.0,0.0,0.0,0.0,0.0,0.0,0.0
1782720727.068,0.0,0.0,0.0,0.5942,0.8003,0.0215,0.0137,0.0137,0.0137,26.01,0.0,0.0,0.0,0.0,0.0,0.0
1782720732.08,0.0,0.0,0.0,0.5942,0.8003,0.0215,0.0142,0.0137,0.0137,26.01,0.0,0.0,0.0,0.0,0.0,0.0
1782720737.09,0.0,0.0,0.0,0.5942,0.8003,0.0215,0.0132,0.0137,0.0156,26.01,0.0,0.0,0.0,0.0,0.0,0.0
1782720742.1,0.0,0.0,0.0,0.5942,0.8003,0.0215,0.0132,0.0142,0.0146,26.02,0.0,0.0,0.0,0.0,0.0,0.0
1782720747.112,0.0,0.0,0.0,0.5942,0.8003,0.0215,0.0142,0.0137,0.0137,26.02,0.0,0.0,0.0,0.0,0.0,0.0
1782720752.124,0.0,0.0,0.0,0.5942,0.8003,0.0215,0.0137,0.0122,0.0132,26.02,0.0,0.0,0.0,0.0,0.0,0.0
1782720757.136,0.0,0.0,0.0,0.5942,0.8003,0.0215,0.0137,0.0132,0.0151,26.02,0.0,0.0,0.0,0.0,0.0,0.0
1782720762.15,0.0,0.0,0.0,0.5942,0.8003,0.0215,0.0137,0.0137,0.0151,26.02,0.0,0.0,0.0,0.0,0.0,0.0
1782720767.164,0.0,0.0,0.0,0.5942,0.8003,0.0215,0.0142,0.0137,0.0137,26.02,0.0,0.0,0.0,0.0,0.0,0.0
1782720772.176,0.0,0.0,0.0,0.5942,0.8003,0.0215,0.0137,0.0132,0.0137,26.02,0.0,0.0,0.0,0.0,0.0,0.0
1782720777.183,0.0,0.0,0.0,0.5942,0.8003,0.0215,0.0132,0.0137,0.0142,26.02,0.0,0.0,0.0,0.0,0.0,0.0
1782720782.191,0.0,0.0,0.0,0.5942,0.8003,0.0215,0.0142,0.0142,0.0146,26.03,0.0,0.0,0.0,0.0,0.0,0.0
1782720787.199,0.0,0.0,0.0,0.5942,0.8003,0.0215,0.0132,0.0137,0.0137,26.03,0.0,0.0,0.0,0.0,0.0,0.0
1782720792.207,0.0,0.0,0.0,0.5942,0.8003,0.0215,0.0132,0.0127,0.0137,26.03,0.01,0.01,0.01,0.0,0.0,0.0
1782720797.218,0.0,0.0,0.0,0.5942,0.8003,0.0215,0.0137,0.0132,0.0137,26.03,0.0,0.0,0.0,0.0,0.0,0.0
1782720802.23,0.0,0.0,0.0,0.5942,0.8003,0.0215,0.0132,0.0132,0.0142,26.03,0.0,0.0,0.0,0.0,0.0,0.0
1782720807.24,0.14,0.146,0.134,0.5942,0.8003,0.0215,0.0142,0.0142,0.0146,26.03,2.0,2.08,1.91,2.2,125.5,64.0
1782720812.249,0.0,0.0,0.0,0.5942,0.8003,0.0215,0.0137,0.0132,0.0137,26.03,0.0,0.0,0.0,0.0,0.0,0.0
1782720817.257,0.0,0.0,0.0,0.5942,0.8003,0.0215,0.0132,0.0142,0.0151,26.03,0.08,0.09,0.08,0.0,0.0,0.0
1782720822.268,0.0,0.0,0.0,0.5942,0.8003,0.0215,0.0137,0.0132,0.0142,26.03,0.0,0.0,0.0,0.0,0.0,0.0
1782720827.279,0.0,0.0,0.0,0.5942,0.8003,0.0215,0.0146,0.0137,0.0137,26.03,0.0,0.0,0.0,0.0,0.0,0.0
1782720832.287,0.0,0.0,0.0,0.5942,0.8003,0.0215,0.0132,0.0137,0.0142,26.03,0.0,0.0,0.0,0.0,0.0,0.0
1782720837.298,0.0,0.0,0.0,0.5942,0.8003,0.0215,0.0137,0.0142,0.0156,26.03,0.0,0.0,0.0,0.0,0.0,0.0
1782720842.311,0.0,0.0,0.0,0.5942,0.8003,0.0215,0.0137,0.0132,0.0142,26.03,0.0,0.0,0.0,0.0,0.0,0.0
1782720847.324,0.0,0.0,0.0,0.5942,0.8003,0.0215,0.0132,0.0132,0.0151,26.03,0.0,0.0,0.0,0.0,0.0,0.0
1782720852.333,0.0,0.0,0.0,0.5942,0.8003,0.0215,0.0137,0.0137,0.0142,26.03,0.0,0.0,0.0,0.0,0.0,0.0
1782720857.346,0.0,0.0,0.0,0.5942,0.8003,0.0215,0.0137,0.0146,0.0146,26.03,0.0,0.0,0.0,0.0,0.0,0.0
1782720862.357,0.0,0.0,0.0,0.5942,0.8003,0.0215,0.0132,0.0137,0.0142,26.03,0.0,0.0,0.0,0.0,0.0,0.0
1782720867.369,0.0,0.0,0.0,0.5942,0.8003,0.0215,0.0132,0.0137,0.0137,26.03,0.0,0.0,0.0,0.0,0.0,0.0
1782720872.375,0.0,0.0,0.0,0.5942,0.8003,0.0215,0.0146,0.0132,0.0142,26.03,0.01,0.01,0.01,0.0,0.0,0.0
1782720877.383,0.0,0.0,0.0,0.5942,0.8003,0.0215,0.0137,0.0137,0.0142,26.03,0.01,0.01,0.01,0.0,0.0,0.0
1782720882.39,0.0,0.0,0.0,0.5942,0.8003,0.0215,0.0132,0.0132,0.0137,26.03,0.0,0.0,0.0,0.0,0.0,0.0
1782720887.398,0.0,0.0,0.0,0.5942,0.8003,0.0215,0.0137,0.0132,0.0137,26.03,0.0,0.0,0.0,0.0,0.0,0.0
1782720892.409,0.0,0.0,0.0,0.5942,0.8003,0.0215,0.0137,0.0137,0.0132,26.02,0.0,0.0,0.0,0.0,0.0,0.0
1782720897.42,0.001,0.001,0.001,0.5942,0.8003,0.0215,0.0142,0.0132,0.0146,26.02,0.15,0.15,0.14,0.0,0.0,0.0
1782720902.427,0.0,0.0,0.0,0.5942,0.8003,0.0215,0.0137,0.0132,0.0151,26.02,0.0,0.0,0.0,0.0,0.0,0.0
1782720907.435,0.0,0.0,0.0,0.5942,0.8003,0.0215,0.0137,0.0132,0.0137,26.02,0.0,0.0,0.0,0.0,0.0,0.0
1782720912.443,0.016,0.016,0.016,0.5942,0.8003,0.0215,0.0142,0.0137,0.0151,26.02,0.55,0.55,0.54,23.5,37.2,5.4
1782720917.451,0.0,0.0,0.0,0.5942,0.8003,0.0215,0.0137,0.0127,0.0132,26.02,0.0,0.0,0.0,0.0,0.0,0.0
1782720922.458,0.0,0.0,0.0,0.5942,0.8003,0.0215,0.0132,0.0137,0.0146,26.02,0.0,0.0,0.0,0.0,0.0,0.0
1782720927.472,0.0,0.0,0.0,0.5942,0.8003,0.0215,0.0132,0.0142,0.0142,26.02,0.0,0.0,0.0,0.0,0.0,0.0
1782720932.482,0.0,0.0,0.0,0.5942,0.8003,0.0215,0.0137,0.0137,0.0137,26.01,0.0,0.0,0.0,0.0,0.0,0.0
1782720937.492,0.0,0.0,0.0,0.5942,0.8003,0.0215,0.0142,0.0142,0.0142,26.01,0.0,0.0,0.0,0.0,0.0,0.0
1782720942.501,0.0,0.0,0.0,0.5942,0.8003,0.0215,0.0132,0.0132,0.0142,26.01,0.0,0.0,0.0,0.0,0.0,0.0
1782720947.512,0.0,0.0,0.0,0.5942,0.8003,0.0215,0.0137,0.0132,0.0137,26.01,0.0,0.0,0.0,0.0,0.0,0.0
1782720952.533,0.0,0.0,0.0,0.5942,0.8003,0.0215,0.0132,0.0132,0.0146,26.01,0.0,0.0,0.0,0.0,0.0,0.0
1782720957.544,0.0,0.0,0.0,0.5942,0.8003,0.0215,0.0137,0.0137,0.0142,26.0,0.0,0.0,0.0,0.0,0.0,0.0
1782720962.551,0.0,0.0,0.0,0.5942,0.8003,0.0215,0.0142,0.0137,0.0142,26.0,0.0,0.0,0.0,0.0,0.0,0.0
1782720967.562,0.0,0.0,0.0,0.5942,0.8003,0.0215,0.0142,0.0142,0.0132,26.0,0.02,0.02,0.01,0.0,0.0,0.0
1782720972.574,0.0,0.0,0.0,0.5942,0.8003,0.0215,0.0137,0.0137,0.0137,26.0,0.01,0.01,0.01,0.0,0.0,0.0
1782720977.586,0.0,0.0,0.0,0.5942,0.8003,0.0215,0.0132,0.0142,0.0142,26.0,0.0,0.0,0.0,0.0,0.0,0.0
1782720982.599,0.0,0.0,0.0,0.5942,0.8003,0.0215,0.0132,0.0132,0.0142,26.0,0.0,0.0,0.0,0.0,0.0,0.0
1782720987.612,0.0,0.0,0.0,0.5942,0.8003,0.0215,0.0137,0.0127,0.0146,26.0,0.0,0.0,0.0,0.0,0.0,0.0
1782720992.623,0.0,0.0,0.0,0.5942,0.8003,0.0215,0.0137,0.0137,0.0137,25.99,0.0,0.0,0.0,0.0,0.0,0.0
1782720997.636,0.0,0.0,0.0,0.5942,0.8003,0.0215,0.0137,0.0132,0.0156,25.99,0.02,0.02,0.02,0.0,0.0,0.0
1782721002.647,0.0,0.0,0.0,0.5942,0.8003,0.0215,0.0142,0.0137,0.0137,25.99,0.0,0.0,0.0,0.0,0.0,0.0
1782721007.656,0.0,0.0,0.0,0.5942,0.8003,0.0215,0.0146,0.0137,0.0142,25.99,0.0,0.0,0.0,0.0,0.0,0.0
1782721012.669,0.0,0.0,0.0,0.5942,0.8003,0.0215,0.0132,0.0137,0.0156,25.99,0.0,0.0,0.0,0.0,0.0,0.0
1782721017.682,0.0,0.0,0.0,0.5942,0.8003,0.0215,0.0137,0.0127,0.0156,25.99,0.0,0.0,0.0,0.0,0.0,0.0
1782721022.692,0.0,0.0,0.0,0.5942,0.8003,0.0215,0.0137,0.0137,0.0137,25.99,0.0,0.0,0.0,0.0,0.0,0.0
1782721027.704,0.0,0.0,0.0,0.5942,0.8003,0.0215,0.0132,0.0132,0.0137,25.99,0.0,0.0,0.0,0.0,0.0,0.0
1782721032.713,0.0,0.0,0.0,0.5942,0.8003,0.0215,0.0137,0.0137,0.0146,25.98,0.0,0.0,0.0,0.0,0.0,0.0
1782721037.725,0.0,0.0,0.0,0.5942,0.8003,0.0215,0.0132,0.0127,0.0142,25.98,0.01,0.01,0.01,0.0,0.0,0.0
1782721042.738,0.0,0.0,0.0,0.5942,0.8003,0.0215,0.0132,0.0137,0.0137,25.98,0.0,0.0,0.0,0.0,0.0,0.0
1782721047.751,0.001,0.001,0.001,0.5942,0.8003,0.0215,0.0132,0.0142,0.0151,25.98,0.08,0.08,0.07,0.0,0.0,0.0
1782721052.763,0.0,0.0,0.0,0.5942,0.8003,0.0215,0.0132,0.0137,0.0146,25.98,0.0,0.0,0.0,0.0,0.0,0.0
1782721057.774,0.0,0.0,0.0,0.5942,0.8003,0.0215,0.0137,0.0137,0.0146,25.97,0.0,0.0,0.0,0.0,0.0,0.0
1782721062.785,0.032,0.033,0.031,0.5942,0.8003,0.0215,0.0142,0.0132,0.0142,25.97,0.15,0.15,0.14,0.0,0.0,0.0
1782721067.797,0.0,0.0,0.0,0.5942,0.8003,0.0215,0.0137,0.0137,0.0137,25.97,0.0,0.0,0.0,0.0,0.0,0.0
1782721072.806,0.0,0.0,0.0,0.5942,0.8003,0.0215,0.0137,0.0137,0.0151,25.97,0.01,0.01,0.01,0.0,0.0,0.0
1782721077.819,0.0,0.0,0.0,0.5942,0.8003,0.0215,0.0146,0.0132,0.0137,25.97,0.0,0.0,0.0,0.0,0.0,0.0
1782721082.832,0.0,0.0,0.0,0.5942,0.8003,0.0215,0.0146,0.0137,0.0137,25.97,0.0,0.0,0.0,0.0,0.0,0.0
1782721087.839,0.0,0.0,0.0,0.5942,0.8003,0.0215,0.0137,0.0137,0.0137,25.96,0.0,0.0,0.0,0.0,0.0,0.0
1782721092.846,0.0,0.0,0.0,0.5942,0.8003,0.0215,0.0132,0.0142,0.0146,25.96,0.0,0.0,0.0,0.0,0.0,0.0
1782721097.856,0.026,0.027,0.025,0.5942,0.8003,0.0215,0.0146,0.0137,0.0151,25.96,0.79,0.8,0.76,117.1,77.6,4.7
1782721102.865,0.0,0.0,0.0,0.5942,0.8003,0.0215,0.0127,0.0142,0.0137,25.96,0.0,0.0,0.0,0.0,0.0,0.0
1782721107.873,0.0,0.0,0.0,0.5942,0.8003,0.0215,0.0137,0.0132,0.0146,25.95,0.0,0.0,0.0,0.0,0.0,0.0
1782721112.887,0.0,0.0,0.0,0.5942,0.8003,0.0215,0.0137,0.0137,0.0151,25.95,0.0,0.0,0.0,0.0,0.0,0.0
1782721117.896,0.0,0.0,0.0,0.5942,0.8003,0.0215,0.0137,0.0137,0.0137,25.95,0.0,0.0,0.0,0.0,0.0,0.0
1782721122.907,0.0,0.0,0.0,0.5942,0.8003,0.0215,0.0146,0.0137,0.0142,25.95,0.0,0.0,0.0,0.0,0.0,0.0
1782721127.916,0.0,0.0,0.0,0.5942,0.8003,0.0215,0.0142,0.0137,0.0151,25.95,0.0,0.0,0.0,0.0,0.0,0.0
1782721132.926,0.0,0.0,0.0,0.5942,0.8003,0.0215,0.0132,0.0142,0.0142,25.95,0.0,0.0,0.0,0.0,0.0,0.0
1782721137.935,0.0,0.0,0.0,0.5942,0.8003,0.0215,0.0142,0.0132,0.0146,25.95,0.0,0.0,0.0,0.0,0.0,0.0
1782721142.944,0.0,0.0,0.0,0.5942,0.8003,0.0215,0.0137,0.0132,0.0142,25.94,0.0,0.0,0.0,0.0,0.0,0.0
1782721147.951,0.0,0.0,0.0,0.5942,0.8003,0.0215,0.0137,0.0132,0.0142,25.94,0.0,0.0,0.0,0.0,0.0,0.0
1782721152.961,0.0,0.0,0.0,0.5942,0.8003,0.0215,0.0132,0.0142,0.0132,25.94,0.0,0.0,0.0,0.0,0.0,0.0
1782721157.971,0.0,0.0,0.0,0.5942,0.8003,0.0215,0.0142,0.0137,0.0137,25.94,0.0,0.0,0.0,0.0,0.0,0.0
1782721162.979,0.0,0.0,0.0,0.5942,0.8003,0.0215,0.0132,0.0132,0.0137,25.94,0.0,0.0,0.0,0.0,0.0,0.0
1782721167.987,0.0,0.0,0.0,0.5942,0.8003,0.0215,0.0137,0.0127,0.0142,25.94,0.0,0.0,0.0,0.0,0.0,0.0
1782721172.996,0.0,0.0,0.0,0.5942,0.8003,0.0215,0.0142,0.0142,0.0132,25.94,0.0,0.0,0.0,0.0,0.0,0.0
1782721178.005,0.0,0.0,0.0,0.5942,0.8003,0.0215,0.0137,0.0132,0.0146,25.94,0.0,0.0,0.0,0.0,0.0,0.0
1782721183.015,0.0,0.0,0.0,0.5942,0.8003,0.0215,0.0137,0.0142,0.0156,25.94,0.05,0.05,0.05,52.8,6.9,100.2
1782721188.022,0.0,0.0,0.0,0.5942,0.8003,0.0215,0.0142,0.0127,0.0142,25.94,0.0,0.0,0.0,0.0,0.0,0.0
1782721193.03,0.0,0.0,0.0,0.5942,0.8003,0.0215,0.0137,0.0137,0.0146,25.94,0.0,0.0,0.0,0.0,0.0,0.0
1782721198.04,0.0,0.0,0.0,0.5942,0.8003,0.0215,0.0132,0.0142,0.0142,25.95,0.0,0.0,0.0,0.0,0.0,0.0
1782721203.047,0.0,0.0,0.0,0.5942,0.8003,0.0215,0.0137,0.0127,0.0137,25.95,0.0,0.0,0.0,0.0,0.0,0.0
1782721208.057,0.0,0.0,0.0,0.5942,0.8003,0.0215,0.0146,0.0137,0.0142,25.94,0.0,0.0,0.0,0.0,0.0,0.0
1782721213.068,0.0,0.0,0.0,0.5942,0.8003,0.0215,0.0132,0.0142,0.0146,25.95,0.0,0.0,0.0,0.0,0.0,0.0
1782721218.078,0.0,0.0,0.0,0.5942,0.8003,0.0215,0.0137,0.0142,0.0146,25.95,0.0,0.0,0.0,0.0,0.0,0.0
1782721223.087,0.0,0.0,0.0,0.5942,0.8003,0.0215,0.0142,0.0137,0.0137,25.95,0.0,0.0,0.0,0.0,0.0,0.0
1782721228.096,0.0,0.0,0.0,0.5942,0.8003,0.0215,0.0142,0.0137,0.0137,25.95,0.0,0.0,0.0,0.0,0.0,0.0
1782721233.105,0.0,0.0,0.0,0.5942,0.8003,0.0215,0.0132,0.0132,0.0156,25.95,0.0,0.0,0.0,0.0,0.0,0.0
1782721238.115,0.0,0.0,0.0,0.5942,0.8003,0.0215,0.0132,0.0127,0.0127,25.95,0.0,0.0,0.0,0.0,0.0,0.0
1782721243.124,0.0,0.0,0.0,0.5942,0.8003,0.0215,0.0142,0.0132,0.0156,25.96,0.0,0.0,0.0,0.0,0.0,0.0
1782721248.131,0.0,0.0,0.0,0.5942,0.8003,0.0215,0.0127,0.0137,0.0142,25.96,0.0,0.0,0.0,0.0,0.0,0.0
1782721253.142,0.0,0.0,0.0,0.5942,0.8003,0.0215,0.0137,0.0142,0.0146,25.96,0.0,0.0,0.0,0.0,0.0,0.0
1782721258.15,0.0,0.0,0.0,0.5942,0.8003,0.0215,0.0137,0.0137,0.0137,25.96,0.0,0.0,0.0,0.0,0.0,0.0
1782721263.161,0.0,0.0,0.0,0.5942,0.8003,0.0215,0.0146,0.0132,0.0137,25.96,0.01,0.01,0.01,0.0,0.0,0.0
1782721268.174,0.0,0.0,0.0,0.5942,0.8003,0.0215,0.0137,0.0137,0.0146,25.96,0.0,0.0,0.0,0.0,0.0,0.0
1782721273.182,0.0,0.0,0.0,0.5942,0.8003,0.0215,0.0137,0.0132,0.0142,25.96,0.0,0.0,0.0,0.0,0.0,0.0
1782721278.19,0.0,0.0,0.0,0.5942,0.8003,0.0215,0.0142,0.0137,0.0142,25.97,0.0,0.0,0.0,0.0,0.0,0.0
1782721283.204,0.0,0.0,0.0,0.5942,0.8003,0.0215,0.0137,0.0132,0.0146,25.97,0.0,0.0,0.0,0.0,0.0,0.0
1782721288.216,0.0,0.0,0.0,0.5942,0.8003,0.0215,0.0142,0.0137,0.0142,25.97,0.0,0.0,0.0,0.0,0.0,0.0
1782721293.228,0.0,0.0,0.0,0.5942,0.8003,0.0215,0.0142,0.0137,0.0142,25.97,0.0,0.0,0.0,0.0,0.0,0.0
1782721298.24,0.0,0.0,0.0,0.5942,0.8003,0.0215,0.0137,0.0142,0.0142,25.97,0.0,0.0,0.0,0.0,0.0,0.0
1782721303.246,0.0,0.0,0.0,0.5942,0.8003,0.0215,0.0142,0.0137,0.0137,25.98,0.0,0.0,0.0,0.0,0.0,0.0
1782721308.258,0.0,0.0,0.0,0.5942,0.8003,0.0215,0.0137,0.0142,0.0142,25.98,0.0,0.0,0.0,0.0,0.0,0.0
1782721313.269,0.0,0.0,0.0,0.5942,0.8003,0.0215,0.0137,0.0137,0.0146,25.98,0.0,0.0,0.0,0.0,0.0,0.0
1782721318.278,0.0,0.0,0.0,0.5942,0.8003,0.0215,0.0137,0.0137,0.0132,25.98,0.0,0.0,0.0,0.0,0.0,0.0
1782721323.288,0.0,0.0,0.0,0.5942,0.8003,0.0215,0.0142,0.0137,0.0142,25.98,0.0,0.0,0.0,0.0,0.0,0.0
1782721328.298,0.0,0.0,0.0,0.5942,0.8003,0.0215,0.0137,0.0132,0.0137,25.98,0.0,0.0,0.0,0.0,0.0,0.0
1782721333.312,0.0,0.0,0.0,0.5942,0.8003,0.0215,0.0132,0.0132,0.0137,25.98,0.0,0.0,0.0,0.0,0.0,0.0
1782721338.321,0.0,0.0,0.0,0.5942,0.8003,0.0215,0.0142,0.0132,0.0142,25.99,0.0,0.0,0.0,0.0,0.0,0.0
1782721343.333,0.0,0.0,0.0,0.5942,0.8003,0.0215,0.0132,0.0132,0.0142,25.99,0.0,0.0,0.0,0.0,0.0,0.0
1782721348.344,0.0,0.0,0.0,0.5942,0.8003,0.0215,0.0142,0.0137,0.0142,25.99,0.0,0.0,0.0,0.0,0.0,0.0
1782721353.353,0.0,0.0,0.0,0.5942,0.8003,0.0215,0.0142,0.0137,0.0137,25.99,0.0,0.0,0.0,0.0,0.0,0.0
1782721358.364,0.0,0.0,0.0,0.5942,0.8003,0.0215,0.0137,0.0137,0.0142,25.99,0.02,0.02,0.02,0.0,0.0,0.0
1782721363.368,0.0,0.0,0.0,0.5942,0.8003,0.0215,0.0142,0.0137,0.0156,25.99,0.11,0.11,0.1,0.0,0.0,0.0
1782721368.377,0.0,0.0,0.0,0.5942,0.8003,0.0215,0.0132,0.0137,0.0142,25.99,0.0,0.0,0.0,0.0,0.0,0.0
1782721373.384,0.0,0.0,0.0,0.5942,0.8003,0.0215,0.0137,0.0137,0.0137,25.99,0.0,0.0,0.0,0.0,0.0,0.0
1782721378.393,0.0,0.0,0.0,0.5942,0.8003,0.0215,0.0137,0.0137,0.0137,25.99,0.0,0.0,0.0,0.0,0.0,0.0
1782721383.404,0.0,0.0,0.0,0.5942,0.8003,0.0215,0.0137,0.0132,0.0142,25.99,0.0,0.0,0.0,0.0,0.0,0.0
1782721388.411,0.0,0.0,0.0,0.5942,0.8003,0.0215,0.0132,0.0132,0.0151,25.99,0.0,0.0,0.0,0.0,0.0,0.0
1782721393.423,0.0,0.0,0.0,0.5942,0.8003,0.0215,0.0156,0.0132,0.0142,25.99,0.0,0.0,0.0,0.0,0.0,0.0
1782721398.431,0.0,0.0,0.0,0.5942,0.8003,0.0215,0.0142,0.0132,0.0137,25.99,0.0,0.0,0.0,0.0,0.0,0.0
1782721403.44,0.0,0.0,0.0,0.5942,0.8003,0.0215,0.0132,0.0132,0.0146,25.99,0.0,0.0,0.0,0.0,0.0,0.0
1782721408.451,0.0,0.0,0.0,0.5942,0.8003,0.0215,0.0137,0.0132,0.0132,25.99,0.0,0.0,0.0,0.0,0.0,0.0
1782721413.459,0.0,0.0,0.0,0.5942,0.8003,0.0215,0.0132,0.0142,0.0142,25.99,0.0,0.0,0.0,0.0,0.0,0.0
1782721418.466,0.0,0.0,0.0,0.5942,0.8003,0.0215,0.0137,0.0137,0.0142,25.99,0.0,0.0,0.0,0.0,0.0,0.0
1782721423.476,0.0,0.0,0.0,0.5942,0.8003,0.0215,0.0132,0.0146,0.0142,25.99,0.0,0.0,0.0,0.0,0.0,0.0
1782721428.486,0.0,0.0,0.0,0.5942,0.8003,0.0215,0.0137,0.0132,0.0142,25.99,0.0,0.0,0.0,0.0,0.0,0.0
1782721433.498,0.0,0.0,0.0,0.5942,0.8003,0.0215,0.0132,0.0137,0.0142,25.98,0.0,0.0,0.0,0.0,0.0,0.0
1782721438.508,0.0,0.0,0.0,0.5942,0.8003,0.0215,0.0142,0.0137,0.0146,25.99,0.0,0.0,0.0,0.0,0.0,0.0
1782721443.518,0.0,0.0,0.0,0.5942,0.8003,0.0215,0.0142,0.0132,0.0132,25.98,0.01,0.01,0.0,0.0,0.0,0.0
1782721448.53,0.0,0.0,0.0,0.5942,0.8003,0.0215,0.0137,0.0132,0.0146,25.98,0.0,0.0,0.0,0.0,0.0,0.0
1782721453.545,0.0,0.0,0.0,0.5942,0.8003,0.0215,0.0137,0.0132,0.0142,25.98,0.0,0.0,0.0,0.0,0.0,0.0
1782721458.556,0.0,0.0,0.0,0.5942,0.8003,0.0215,0.0132,0.0142,0.0132,25.98,0.0,0.0,0.0,0.0,0.0,0.0
1782721463.569,0.0,0.0,0.0,0.5942,0.8003,0.0215,0.0132,0.0142,0.0146,25.98,0.0,0.0,0.0,0.0,0.0,0.0
1782721468.579,0.0,0.0,0.0,0.5942,0.8003,0.0215,0.0137,0.0137,0.0146,25.98,0.01,0.01,0.01,106.9,63.2,101.4
1782721473.589,0.0,0.0,0.0,0.5942,0.8003,0.0215,0.0137,0.0132,0.0142,25.98,0.0,0.0,0.0,0.0,0.0,0.0
1782721478.605,0.0,0.0,0.0,0.5942,0.8003,0.0215,0.0142,0.0137,0.0137,25.98,0.0,0.0,0.0,0.0,0.0,0.0
1782721483.617,0.0,0.0,0.0,0.5942,0.8003,0.0215,0.0142,0.0137,0.0151,25.98,0.0,0.0,0.0,0.0,0.0,0.0
1782721488.625,0.0,0.0,0.0,0.5942,0.8003,0.0215,0.0132,0.0142,0.0137,25.97,0.0,0.0,0.0,0.0,0.0,0.0
1782721493.635,0.0,0.0,0.0,0.5942,0.8003,0.0215,0.0137,0.0132,0.0137,25.97,0.0,0.0,0.0,0.0,0.0,0.0
1782721498.643,0.0,0.0,0.0,0.5942,0.8003,0.0215,0.0132,0.0137,0.0151,25.97,0.0,0.0,0.0,0.0,0.0,0.0
1782721503.647,0.0,0.0,0.0,0.5942,0.8003,0.0215,0.0142,0.0137,0.0146,25.97,0.0,0.0,0.0,0.0,0.0,0.0
1782721508.655,0.0,0.0,0.0,0.5942,0.8003,0.0215,0.0142,0.0132,0.0142,25.97,0.0,0.0,0.0,0.0,0.0,0.0
1782721513.664,0.0,0.0,0.0,0.5942,0.8003,0.0215,0.0137,0.0132,0.0137,25.96,0.0,0.0,0.0,0.0,0.0,0.0
1782721518.671,0.0,0.0,0.0,0.5942,0.8003,0.0215,0.0137,0.0137,0.0127,25.96,0.0,0.0,0.0,0.0,0.0,0.0
1782721523.684,0.0,0.0,0.0,0.5942,0.8003,0.0215,0.0146,0.0132,0.0142,25.96,0.0,0.0,0.0,0.0,0.0,0.0
1782721528.692,0.0,0.0,0.0,0.5942,0.8003,0.0215,0.0137,0.0132,0.0142,25.96,0.0,0.0,0.0,0.0,0.0,0.0
1782721533.704,0.0,0.0,0.0,0.5942,0.8003,0.0215,0.0142,0.0137,0.0137,25.96,0.0,0.0,0.0,0.0,0.0,0.0
1782721538.715,0.0,0.0,0.0,0.5942,0.8003,0.0215,0.0142,0.0142,0.0142,25.96,0.0,0.0,0.0,0.0,0.0,0.0
1782721543.725,0.0,0.0,0.0,0.5942,0.8003,0.0215,0.0137,0.0137,0.0142,25.95,0.05,0.05,0.05,0.0,0.0,0.0
1782721548.736,0.0,0.0,0.0,0.5942,0.8003,0.0215,0.0137,0.0137,0.0132,25.95,0.0,0.0,0.0,0.0,0.0,0.0
1782721553.743,0.0,0.0,0.0,0.5942,0.8003,0.0215,0.0137,0.0137,0.0146,25.95,0.0,0.0,0.0,0.0,0.0,0.0
1782721558.752,0.0,0.0,0.0,0.5942,0.8003,0.0215,0.0142,0.0132,0.0142,25.95,0.0,0.0,0.0,0.0,0.0,0.0
1782721563.762,0.0,0.0,0.0,0.5942,0.8003,0.0215,0.0142,0.0132,0.0146,25.95,0.0,0.0,0.0,0.0,0.0,0.0
1782721568.774,0.0,0.0,0.0,0.5942,0.8003,0.0215,0.0142,0.0137,0.0146,25.94,0.0,0.0,0.0,0.0,0.0,0.0
1782721573.784,0.0,0.0,0.0,0.5942,0.8003,0.0215,0.0137,0.0142,0.0137,25.94,0.0,0.0,0.0,0.0,0.0,0.0
1782721578.796,0.0,0.0,0.0,0.5942,0.8003,0.0215,0.0142,0.0132,0.0132,25.94,0.0,0.0,0.0,0.0,0.0,0.0
1782721583.809,0.0,0.0,0.0,0.5942,0.8003,0.0215,0.0137,0.0137,0.0142,25.94,0.01,0.01,0.01,0.0,0.0,0.0
1782721588.817,0.0,0.0,0.0,0.5942,0.8003,0.0215,0.0146,0.0132,0.0142,25.93,0.0,0.0,0.0,0.0,0.0,0.0
1782721593.828,0.0,0.0,0.0,0.5942,0.8003,0.0215,0.0132,0.0132,0.0142,25.93,0.0,0.0,0.0,0.0,0.0,0.0
1782721598.837,0.0,0.0,0.0,0.5942,0.8003,0.0215,0.0132,0.0142,0.0142,25.93,0.0,0.0,0.0,0.0,0.0,0.0
1782721603.847,0.0,0.0,0.0,0.5942,0.8003,0.0215,0.0142,0.0137,0.0137,25.93,0.0,0.0,0.0,0.0,0.0,0.0
1782721608.859,0.0,0.0,0.0,0.5942,0.8003,0.0215,0.0127,0.0132,0.0137,25.92,0.0,0.0,0.0,0.0,0.0,0.0
1782721613.864,0.0,0.0,0.0,0.5942,0.8003,0.0215,0.0142,0.0137,0.0137,25.92,0.0,0.0,0.0,0.0,0.0,0.0
1782721618.878,0.0,0.0,0.0,0.5942,0.8003,0.0215,0.0137,0.0142,0.0142,25.92,0.0,0.0,0.0,0.0,0.0,0.0
1782721623.892,0.0,0.0,0.0,0.5942,0.8003,0.0215,0.0142,0.0132,0.0137,25.92,0.0,0.0,0.0,0.0,0.0,0.0
1782721628.903,0.0,0.0,0.0,0.5942,0.8003,0.0215,0.0132,0.0137,0.0137,25.91,0.0,0.0,0.0,0.0,0.0,0.0
1782721633.911,0.0,0.0,0.0,0.5942,0.8003,0.0215,0.0142,0.0137,0.0146,25.91,0.0,0.0,0.0,0.0,0.0,0.0
1782721638.923,0.0,0.0,0.0,0.5942,0.8003,0.0215,0.0142,0.0142,0.0142,25.91,0.0,0.0,0.0,0.0,0.0,0.0
1782721643.935,0.0,0.0,0.0,0.5942,0.8003,0.0215,0.0137,0.0137,0.0142,25.91,0.0,0.0,0.0,0.0,0.0,0.0
1782721648.95,0.0,0.0,0.0,0.5942,0.8003,0.0215,0.0142,0.0127,0.0146,25.9,0.0,0.0,0.0,0.0,0.0,0.0
1782721653.961,0.002,0.002,0.002,0.5942,0.8003,0.0215,0.0127,0.0132,0.0146,25.9,0.38,0.39,0.36,18.6,77.9,23.8
1782721658.972,0.0,0.0,0.0,0.5942,0.8003,0.0215,0.0137,0.0142,0.0142,25.9,0.0,0.0,0.0,0.0,0.0,0.0
1782721663.983,0.0,0.0,0.0,0.5942,0.8003,0.022,0.0137,0.0132,0.0151,25.9,0.0,0.0,0.0,0.0,0.0,0.0
1782721668.995,0.0,0.0,0.0,0.5942,0.8003,0.022,0.0146,0.0142,0.0132,25.9,0.0,0.0,0.0,0.0,0.0,0.0
1782721674.007,0.0,0.0,0.0,0.5942,0.8003,0.022,0.0142,0.0137,0.0146,25.9,0.0,0.0,0.0,0.0,0.0,0.0
1782721679.019,0.0,0.0,0.0,0.5942,0.8003,0.022,0.0137,0.0137,0.0151,25.9,0.0,0.0,0.0,0.0,0.0,0.0
1782721684.031,0.0,0.0,0.0,0.5942,0.8003,0.022,0.0137,0.0132,0.0142,25.89,0.0,0.0,0.0,0.0,0.0,0.0
1782721689.043,0.0,0.0,0.0,0.5942,0.8003,0.022,0.0127,0.0132,0.0137,25.89,0.0,0.0,0.0,0.0,0.0,0.0
1782721694.055,0.0,0.0,0.0,0.5942,0.8003,0.022,0.0137,0.0132,0.0146,25.89,0.0,0.0,0.0,0.0,0.0,0.0
1782721699.062,0.0,0.0,0.0,0.5942,0.8003,0.022,0.0132,0.0142,0.0137,25.89,0.0,0.0,0.0,0.0,0.0,0.0
1782721704.071,0.0,0.0,0.0,0.5942,0.8003,0.022,0.0132,0.0137,0.0146,25.89,0.0,0.0,0.0,0.0,0.0,0.0
1782721709.084,0.0,0.0,0.0,0.5942,0.8003,0.022,0.0142,0.0142,0.0142,25.89,0.0,0.0,0.0,0.0,0.0,0.0
1782721714.095,0.0,0.0,0.0,0.5942,0.8003,0.022,0.0127,0.0132,0.0142,25.89,0.0,0.0,0.0,0.0,0.0,0.0
1782721719.107,0.0,0.0,0.0,0.5942,0.8003,0.022,0.0132,0.0142,0.0132,25.89,0.0,0.0,0.0,0.0,0.0,0.0
1782721724.12,0.0,0.0,0.0,0.5942,0.8003,0.0215,0.0137,0.0137,0.0137,25.89,0.03,0.03,0.02,0.0,0.0,0.0
1782721729.13,0.0,0.0,0.0,0.5942,0.8003,0.0215,0.0142,0.0146,0.0132,25.9,0.0,0.0,0.0,0.0,0.0,0.0
1782721734.142,0.0,0.0,0.0,0.5942,0.8003,0.0215,0.0137,0.0127,0.0142,25.9,0.0,0.0,0.0,0.0,0.0,0.0
1782721739.158,0.0,0.0,0.0,0.5942,0.8003,0.0215,0.0127,0.0132,0.0137,25.9,0.0,0.0,0.0,0.0,0.0,0.0
1782721744.167,0.0,0.0,0.0,0.5942,0.8003,0.0215,0.0142,0.0137,0.0142,25.9,0.0,0.0,0.0,0.0,0.0,0.0
1782721749.176,0.0,0.0,0.0,0.5942,0.8003,0.0215,0.0132,0.0137,0.0142,25.9,0.0,0.0,0.0,0.0,0.0,0.0
1782721754.185,0.0,0.0,0.0,0.5942,0.8003,0.0215,0.0142,0.0146,0.0142,25.9,0.03,0.03,0.03,29.5,32.5,77.1
1782721759.191,0.0,0.0,0.0,0.5942,0.8003,0.0215,0.0142,0.0132,0.0132,25.9,0.0,0.0,0.0,0.0,0.0,0.0
1782721764.201,0.0,0.0,0.0,0.5942,0.8003,0.0215,0.0137,0.0132,0.0142,25.91,0.0,0.0,0.0,0.0,0.0,0.0
1782721769.211,0.0,0.0,0.0,0.5942,0.8003,0.0215,0.0137,0.0142,0.0142,25.91,0.0,0.0,0.0,0.0,0.0,0.0
1782721774.217,0.0,0.0,0.0,0.5942,0.8003,0.0215,0.0132,0.0132,0.0132,25.91,0.0,0.0,0.0,0.0,0.0,0.0
1782721779.228,0.0,0.0,0.0,0.5942,0.8003,0.0215,0.0132,0.0142,0.0146,25.91,0.01,0.01,0.01,0.0,0.0,0.0
1782721784.233,0.0,0.0,0.0,0.5942,0.8003,0.0215,0.0137,0.0127,0.0146,25.91,0.0,0.0,0.0,0.0,0.0,0.0
1782721789.244,0.0,0.0,0.0,0.5942,0.8003,0.0215,0.0146,0.0137,0.0137,25.91,0.0,0.0,0.0,0.0,0.0,0.0
1782721794.251,0.0,0.0,0.0,0.5942,0.8003,0.0215,0.0142,0.0132,0.0142,25.91,0.0,0.0,0.0,0.0,0.0,0.0
1782721799.258,0.0,0.0,0.0,0.5942,0.8003,0.0215,0.0137,0.0142,0.0142,25.92,0.0,0.0,0.0,0.0,0.0,0.0
1782721804.273,0.0,0.0,0.0,0.5942,0.8003,0.0215,0.0127,0.0127,0.0146,25.92,0.0,0.0,0.0,0.0,0.0,0.0
1782721809.285,0.0,0.0,0.0,0.5942,0.8003,0.0215,0.0132,0.0132,0.0142,25.92,0.0,0.0,0.0,0.0,0.0,0.0
1782721814.295,0.0,0.0,0.0,0.5942,0.8003,0.0215,0.0137,0.0142,0.0146,25.92,0.0,0.0,0.0,0.0,0.0,0.0
1782721819.307,0.0,0.0,0.0,0.5942,0.8003,0.0215,0.0142,0.0137,0.0137,25.92,0.0,0.0,0.0,0.0,0.0,0.0
1782721824.32,0.0,0.0,0.0,0.5942,0.8003,0.0215,0.0137,0.0137,0.0142,25.93,0.0,0.0,0.0,0.0,0.0,0.0
1782721829.33,0.0,0.0,0.0,0.5942,0.8003,0.0215,0.0137,0.0137,0.0142,25.93,0.0,0.0,0.0,0.0,0.0,0.0
1782721834.345,0.0,0.0,0.0,0.5942,0.8003,0.0215,0.0137,0.0122,0.0142,25.93,0.0,0.0,0.0,0.0,0.0,0.0
1782721839.353,0.0,0.0,0.0,0.5942,0.8003,0.0215,0.0142,0.0132,0.0137,25.93,0.0,0.0,0.0,0.0,0.0,0.0
1782721844.361,0.0,0.0,0.0,0.5942,0.8003,0.0215,0.0137,0.0137,0.0137,25.93,0.0,0.0,0.0,0.0,0.0,0.0
1782721849.373,0.0,0.0,0.0,0.5942,0.8003,0.0215,0.0137,0.0137,0.0142,25.94,0.0,0.0,0.0,0.0,0.0,0.0
1782721854.384,0.0,0.0,0.0,0.5942,0.8003,0.0215,0.0132,0.0142,0.0146,25.94,0.0,0.0,0.0,2.7,45.1,67.2
1782721859.394,0.0,0.0,0.0,0.5942,0.8003,0.0215,0.0137,0.0137,0.0137,25.94,0.0,0.0,0.0,0.0,0.0,0.0
1782721864.403,0.0,0.0,0.0,0.5942,0.8003,0.0215,0.0137,0.0142,0.0151,25.94,0.0,0.0,0.0,0.0,0.0,0.0
1782721869.412,0.0,0.0,0.0,0.5942,0.8003,0.0215,0.0142,0.0142,0.0146,25.94,0.0,0.0,0.0,0.0,0.0,0.0
1782721874.424,0.0,0.0,0.0,0.5942,0.8003,0.0215,0.0142,0.0142,0.0156,25.94,0.0,0.0,0.0,0.0,0.0,0.0
1782721879.434,0.0,0.0,0.0,0.5942,0.8003,0.0215,0.0186,0.0288,0.021,25.94,0.0,0.0,0.0,0.0,0.0,0.0
1782721884.443,0.0,0.0,0.0,0.5942,0.8003,0.0215,0.0137,0.0132,0.0151,25.94,0.0,0.0,0.0,0.0,0.0,0.0
1782721889.453,0.0,0.0,0.0,0.5942,0.8003,0.0215,0.0137,0.0137,0.0142,25.94,0.0,0.0,0.0,0.0,0.0,0.0
1782721894.462,0.0,0.0,0.0,0.5942,0.8003,0.0215,0.0137,0.0132,0.0146,25.94,0.0,0.0,0.0,0.0,0.0,0.0
1782721899.473,0.0,0.0,0.0,0.5942,0.8003,0.0215,0.0132,0.0132,0.0137,25.95,0.0,0.0,0.0,0.0,0.0,0.0
1782721904.483,0.0,0.0,0.0,0.5942,0.8003,0.0215,0.0142,0.0132,0.0132,25.95,0.0,0.0,0.0,0.0,0.0,0.0
1782721909.485,0.0,0.0,0.0,0.5942,0.8003,0.0215,0.0142,0.0137,0.0142,25.95,0.0,0.0,0.0,0.0,0.0,0.0
1782721914.495,0.0,0.0,0.0,0.5942,0.8003,0.0215,0.0132,0.0137,0.0142,25.95,0.0,0.0,0.0,0.0,0.0,0.0
1782721919.539,0.0,0.0,0.0,0.5942,0.8003,0.0215,0.0142,0.0137,0.0137,25.95,0.0,0.0,0.0,0.0,0.0,0.0
1782721924.567,0.0,0.0,0.0,0.5942,0.8003,0.0215,0.0142,0.0132,0.0137,25.95,0.01,0.01,0.01,0.0,0.0,0.0
1782721929.575,0.0,0.0,0.0,0.5942,0.8003,0.0215,0.0132,0.0142,0.0142,25.95,0.0,0.0,0.0,0.0,0.0,0.0
1782721934.585,0.0,0.0,0.0,0.5942,0.8003,0.0215,0.0132,0.0146,0.0137,25.95,0.01,0.01,0.01,0.0,0.0,0.0
1782721939.594,0.0,0.0,0.0,0.5942,0.8003,0.0215,0.0132,0.0142,0.0146,25.95,0.0,0.0,0.0,0.0,0.0,0.0
1782721944.604,0.0,0.0,0.0,0.5942,0.8003,0.0215,0.0137,0.0132,0.0137,25.95,0.0,0.0,0.0,0.0,0.0,0.0
1782721949.634,0.0,0.0,0.0,0.5942,0.8003,0.0215,0.0137,0.0142,0.0137,25.95,0.0,0.0,0.0,0.0,0.0,0.0
1782721954.64,0.0,0.0,0.0,0.5942,0.8003,0.0215,0.0132,0.0132,0.0142,25.95,0.0,0.0,0.0,0.0,0.0,0.0
1782721959.65,0.0,0.0,0.0,0.5942,0.8003,0.0215,0.0142,0.0132,0.0142,25.95,0.0,0.0,0.0,0.0,0.0,0.0
1782721964.677,0.0,0.0,0.0,0.5942,0.8003,0.0215,0.0132,0.0127,0.0142,25.95,0.0,0.0,0.0,0.0,0.0,0.0
1782721969.688,0.0,0.0,0.0,0.5942,0.8003,0.0215,0.0137,0.0142,0.0142,25.95,0.0,0.0,0.0,0.0,0.0,0.0
1782721974.701,0.0,0.0,0.0,0.5942,0.8003,0.0215,0.0146,0.0137,0.0137,25.95,0.0,0.0,0.0,0.0,0.0,0.0
1782721979.713,0.0,0.0,0.0,0.5942,0.8003,0.0215,0.0142,0.0137,0.0137,25.95,0.0,0.0,0.0,0.0,0.0,0.0
1782721984.722,0.0,0.0,0.0,0.5942,0.8003,0.0215,0.0137,0.0137,0.0137,25.95,0.0,0.0,0.0,0.0,0.0,0.0
1782721989.735,0.0,0.0,0.0,0.5942,0.8003,0.0215,0.0137,0.0137,0.0132,25.95,0.0,0.0,0.0,0.0,0.0,0.0
1782721994.743,0.0,0.0,0.0,0.5942,0.8003,0.0215,0.0137,0.0132,0.0142,25.95,0.0,0.0,0.0,0.0,0.0,0.0
1782721999.751,0.0,0.0,0.0,0.5942,0.8003,0.0215,0.0137,0.0137,0.0146,25.94,0.0,0.0,0.0,0.0,0.0,0.0
1782722004.766,0.0,0.0,0.0,0.5942,0.8003,0.0215,0.0137,0.0132,0.0132,25.94,0.0,0.0,0.0,0.0,0.0,0.0
1782722009.802,0.0,0.0,0.0,0.5942,0.8003,0.0215,0.0137,0.0127,0.0137,25.94,0.0,0.0,0.0,0.0,0.0,0.0
1782722014.84,0.0,0.0,0.0,0.5942,0.8003,0.0215,0.0137,0.0132,0.0142,25.94,0.0,0.0,0.0,0.0,0.0,0.0
1782722019.851,0.0,0.0,0.0,0.5942,0.8003,0.0215,0.0132,0.0137,0.0151,25.94,0.0,0.0,0.0,0.0,0.0,0.0
1782722024.856,0.0,0.0,0.0,0.5942,0.8003,0.0215,0.0137,0.0132,0.0142,25.93,0.0,0.0,0.0,0.0,0.0,0.0
1782722029.867,0.0,0.0,0.0,0.5942,0.8003,0.0215,0.0146,0.0132,0.0142,25.93,0.0,0.0,0.0,0.0,0.0,0.0
1782722034.876,0.0,0.0,0.0,0.5942,0.8003,0.0215,0.0137,0.0137,0.0137,25.93,0.0,0.0,0.0,0.0,0.0,0.0
1782722039.887,0.0,0.0,0.0,0.5942,0.8003,0.0215,0.0137,0.0132,0.0142,25.93,0.0,0.0,0.0,0.0,0.0,0.0
1782722044.9,0.0,0.0,0.0,0.5942,0.8003,0.0215,0.0142,0.0137,0.0151,25.93,0.06,0.06,0.05,120.3,17.3,71.4
1782722049.908,0.0,0.0,0.0,0.5942,0.8003,0.0215,0.0142,0.0142,0.0137,25.93,0.0,0.0,0.0,0.0,0.0,0.0
1782722054.92,0.0,0.0,0.0,0.5942,0.8003,0.0215,0.0132,0.0137,0.0146,25.93,0.0,0.0,0.0,0.0,0.0,0.0
1782722059.936,0.0,0.0,0.0,0.5942,0.8003,0.0215,0.0142,0.0132,0.0132,25.93,0.0,0.0,0.0,0.0,0.0,0.0
1782722064.947,0.0,0.0,0.0,0.5942,0.8003,0.0215,0.0142,0.0132,0.0151,25.93,0.0,0.0,0.0,0.0,0.0,0.0
1782722069.957,0.0,0.0,0.0,0.5942,0.8003,0.0215,0.0146,0.0132,0.0137,25.93,0.0,0.0,0.0,0.0,0.0,0.0
1782722074.969,0.0,0.0,0.0,0.5942,0.8003,0.0215,0.0142,0.0137,0.0137,25.93,0.0,0.0,0.0,0.0,0.0,0.0
1782722079.982,0.0,0.0,0.0,0.5942,0.8003,0.0215,0.0142,0.0132,0.0132,25.92,0.0,0.0,0.0,0.0,0.0,0.0
1782722084.991,0.0,0.0,0.0,0.5942,0.8003,0.0215,0.0137,0.0137,0.0132,25.92,0.0,0.0,0.0,0.0,0.0,0.0
1782722090.003,0.0,0.0,0.0,0.5942,0.8003,0.0215,0.0146,0.0142,0.0142,25.92,0.0,0.0,0.0,0.0,0.0,0.0
1782722095.014,0.0,0.0,0.0,0.5942,0.8003,0.0215,0.0142,0.0137,0.0142,25.92,0.0,0.0,0.0,0.0,0.0,0.0
1782722100.024,0.0,0.0,0.0,0.5942,0.8003,0.0215,0.0137,0.0132,0.0146,25.92,0.0,0.0,0.0,0.0,0.0,0.0
1782722105.04,0.0,0.0,0.0,0.5942,0.8003,0.0215,0.0137,0.0132,0.0146,25.92,0.0,0.0,0.0,0.0,0.0,0.0
1782722110.05,0.0,0.0,0.0,0.5942,0.8003,0.0215,0.0137,0.0142,0.0146,25.92,0.01,0.01,0.01,0.0,0.0,0.0
1782722115.062,0.0,0.0,0.0,0.5942,0.8003,0.0215,0.0137,0.0137,0.0142,25.91,0.0,0.0,0.0,0.0,0.0,0.0
1782722120.072,0.0,0.0,0.0,0.5942,0.8003,0.0215,0.0137,0.0132,0.0142,25.91,0.0,0.0,0.0,0.0,0.0,0.0
1782722125.08,0.0,0.0,0.0,0.5942,0.8003,0.0215,0.0142,0.0142,0.0146,25.91,0.0,0.0,0.0,0.0,0.0,0.0
1782722130.098,0.0,0.0,0.0,0.5942,0.8003,0.0215,0.0137,0.0132,0.0142,25.91,0.0,0.0,0.0,0.0,0.0,0.0
1782722135.109,0.0,0.0,0.0,0.5942,0.8003,0.0215,0.0137,0.0127,0.0137,25.91,0.0,0.0,0.0,0.0,0.0,0.0
1782722140.116,0.0,0.0,0.0,0.5942,0.8003,0.0215,0.0137,0.0137,0.0142,25.91,0.0,0.0,0.0,0.0,0.0,0.0
1782722145.127,0.008,0.008,0.007,0.5942,0.8003,0.0215,0.0137,0.0137,0.0151,25.91,0.43,0.44,0.41,124.5,43.4,8.1
1782722150.133,0.0,0.0,0.0,0.5942,0.8003,0.0215,0.0137,0.0132,0.0142,25.91,0.0,0.0,0.0,0.0,0.0,0.0
1782722155.143,0.0,0.0,0.0,0.5942,0.8003,0.0215,0.0137,0.0142,0.0142,25.9,0.0,0.0,0.0,0.0,0.0,0.0
1782722160.153,0.0,0.0,0.0,0.5942,0.8003,0.0215,0.0132,0.0132,0.0132,25.9,0.0,0.0,0.0,0.0,0.0,0.0
1782722165.16,0.0,0.0,0.0,0.5942,0.8003,0.0215,0.0137,0.0127,0.0151,25.9,0.0,0.0,0.0,0.0,0.0,0.0
1782722170.172,0.0,0.0,0.0,0.5942,0.8003,0.0215,0.0132,0.0137,0.0142,25.9,0.0,0.0,0.0,0.0,0.0,0.0
1782722175.184,0.0,0.0,0.0,0.5942,0.8003,0.0215,0.0137,0.0142,0.0137,25.9,0.0,0.0,0.0,0.0,0.0,0.0
1782722180.195,0.0,0.0,0.0,0.5942,0.8003,0.0215,0.0137,0.0137,0.0132,25.89,0.0,0.0,0.0,0.0,0.0,0.0
1782722185.207,0.0,0.0,0.0,0.5942,0.8003,0.0215,0.0132,0.0132,0.0146,25.89,0.0,0.0,0.0,0.0,0.0,0.0
1782722190.221,0.0,0.0,0.0,0.5942,0.8003,0.0215,0.0142,0.0132,0.0142,25.89,0.0,0.0,0.0,0.0,0.0,0.0
1782722195.23,0.0,0.0,0.0,0.5942,0.8003,0.0215,0.0142,0.0132,0.0142,25.89,0.0,0.0,0.0,0.0,0.0,0.0
1782722200.24,0.0,0.0,0.0,0.5942,0.8003,0.0215,0.0142,0.0142,0.0137,25.89,0.0,0.0,0.0,0.0,0.0,0.0
1782722205.248,0.0,0.0,0.0,0.5942,0.8003,0.0215,0.0137,0.0142,0.0132,25.89,0.0,0.0,0.0,0.0,0.0,0.0
1782722210.253,0.0,0.0,0.0,0.5942,0.8003,0.0215,0.0132,0.0137,0.0137,25.89,0.0,0.0,0.0,0.0,0.0,0.0
1782722215.267,0.0,0.0,0.0,0.5942,0.8003,0.0215,0.0137,0.0137,0.0137,25.89,0.0,0.0,0.0,0.0,0.0,0.0
1782722220.272,0.0,0.0,0.0,0.5942,0.8003,0.0215,0.0137,0.0132,0.0137,25.89,0.0,0.0,0.0,0.0,0.0,0.0
1782722225.282,0.0,0.0,0.0,0.5942,0.8003,0.0215,0.0146,0.0137,0.0137,25.89,0.0,0.0,0.0,0.0,0.0,0.0
1782722230.296,0.0,0.0,0.0,0.5942,0.8003,0.0215,0.0142,0.0132,0.0142,25.89,0.05,0.05,0.04,0.0,0.0,0.0
1782722235.307,0.0,0.0,0.0,0.5942,0.8003,0.0215,0.0146,0.0137,0.0142,25.89,0.01,0.01,0.01,0.0,0.0,0.0
1782722240.317,0.0,0.0,0.0,0.5942,0.8003,0.0215,0.0142,0.0132,0.0142,25.89,0.0,0.0,0.0,0.0,0.0,0.0
1782722245.331,0.0,0.0,0.0,0.5942,0.8003,0.0215,0.0142,0.0137,0.0151,25.89,0.0,0.0,0.0,0.0,0.0,0.0
1782722250.341,0.0,0.0,0.0,0.5942,0.8003,0.0215,0.0142,0.0137,0.0132,25.89,0.0,0.0,0.0,0.0,0.0,0.0
1782722255.349,0.0,0.0,0.0,0.5942,0.8003,0.0215,0.0137,0.0132,0.0142,25.88,0.0,0.0,0.0,0.0,0.0,0.0
1782722260.361,0.0,0.0,0.0,0.5942,0.8003,0.0215,0.0137,0.0142,0.0142,25.89,0.0,0.0,0.0,0.0,0.0,0.0
1782722265.368,0.0,0.0,0.0,0.5942,0.8003,0.0215,0.0142,0.0137,0.0142,25.89,0.0,0.0,0.0,0.0,0.0,0.0
1782722270.379,0.0,0.0,0.0,0.5942,0.8003,0.0215,0.0137,0.0142,0.0142,25.89,0.0,0.0,0.0,0.0,0.0,0.0
1782722275.392,0.0,0.0,0.0,0.5942,0.8003,0.0215,0.0137,0.0132,0.0137,25.89,0.0,0.0,0.0,0.0,0.0,0.0
1782722280.401,0.0,0.0,0.0,0.5942,0.8003,0.0215,0.0142,0.0127,0.0146,25.89,0.0,0.0,0.0,0.0,0.0,0.0
1782722285.414,0.0,0.0,0.0,0.5942,0.8003,0.0215,0.0151,0.0137,0.0142,25.89,0.0,0.0,0.0,0.0,0.0,0.0
1782722290.424,0.0,0.0,0.0,0.5942,0.8003,0.0215,0.0142,0.0132,0.0151,25.89,0.0,0.0,0.0,0.0,0.0,0.0
1782722295.435,0.0,0.0,0.0,0.5942,0.8003,0.0215,0.0127,0.0132,0.0142,25.9,0.0,0.0,0.0,0.0,0.0,0.0
1782722300.442,0.0,0.0,0.0,0.5942,0.8003,0.0215,0.0137,0.0137,0.0132,25.9,0.0,0.0,0.0,0.0,0.0,0.0
1782722305.448,0.0,0.0,0.0,0.5942,0.8003,0.0215,0.0142,0.0132,0.0142,25.9,0.0,0.0,0.0,0.0,0.0,0.0
1782722310.457,0.0,0.0,0.0,0.5942,0.8003,0.0215,0.0137,0.0137,0.0142,25.9,0.0,0.0,0.0,0.0,0.0,0.0
1782722315.471,0.0,0.0,0.0,0.5942,0.8003,0.0215,0.0132,0.0137,0.0142,25.9,0.0,0.0,0.0,0.0,0.0,0.0
1782722320.482,0.0,0.0,0.0,0.5942,0.8003,0.0215,0.0137,0.0137,0.0142,25.9,0.0,0.0,0.0,0.0,0.0,0.0
1782722325.49,0.0,0.0,0.0,0.5942,0.8003,0.0215,0.0142,0.0132,0.0132,25.9,0.0,0.0,0.0,0.0,0.0,0.0
1782722330.502,0.0,0.0,0.0,0.5942,0.8003,0.0215,0.0132,0.0142,0.0137,25.91,0.0,0.0,0.0,0.0,0.0,0.0
1782722335.511,0.0,0.0,0.0,0.5942,0.8003,0.0215,0.0132,0.0137,0.0137,25.91,0.0,0.0,0.0,0.0,0.0,0.0
1782722340.521,0.0,0.0,0.0,0.5942,0.8003,0.0215,0.0137,0.0137,0.0142,25.91,0.0,0.0,0.0,0.0,0.0,0.0
1782722345.534,0.0,0.0,0.0,0.5942,0.8003,0.0215,0.0132,0.0132,0.0137,25.91,0.0,0.0,0.0,0.0,0.0,0.0
1782722350.542,0.0,0.0,0.0,0.5942,0.8003,0.0215,0.0132,0.0132,0.0151,25.91,0.0,0.0,0.0,0.0,0.0,0.0
1782722355.554,0.0,0.0,0.0,0.5942,0.8003,0.0215,0.0142,0.0137,0.0142,25.91,0.0,0.0,0.0,0.0,0.0,0.0
1782722360.565,0.0,0.0,0.0,0.5942,0.8003,0.0215,0.0142,0.0137,0.0137,25.91,0.0,0.0,0.0,0.0,0.0,0.0
1782722365.575,0.0,0.0,0.0,0.5942,0.8003,0.0215,0.0137,0.0132,0.0142,25.92,0.0,0.0,0.0,0.0,0.0,0.0
1782722370.585,0.0,0.0,0.0,0.5942,0.8003,0.0215,0.0132,0.0137,0.0142,25.92,0.0,0.0,0.0,0.0,0.0,0.0
1782722375.597,0.0,0.0,0.0,0.5942,0.8003,0.0215,0.0137,0.0127,0.0132,25.92,0.0,0.0,0.0,0.0,0.0,0.0
1782722380.607,0.0,0.0,0.0,0.5942,0.8003,0.0215,0.0132,0.0142,0.0142,25.92,0.0,0.0,0.0,0.0,0.0,0.0
1782722385.618,0.0,0.0,0.0,0.5942,0.8003,0.0215,0.0137,0.0132,0.0151,25.92,0.0,0.0,0.0,0.0,0.0,0.0
1782722390.629,0.0,0.0,0.0,0.5942,0.8003,0.0215,0.0137,0.0127,0.0137,25.92,0.0,0.0,0.0,0.0,0.0,0.0
1782722395.636,0.0,0.0,0.0,0.5942,0.8003,0.0215,0.0137,0.0137,0.0132,25.93,0.0,0.0,0.0,0.0,0.0,0.0
1782722400.652,0.0,0.0,0.0,0.5942,0.8003,0.0215,0.0132,0.0137,0.0142,25.93,0.0,0.0,0.0,0.0,0.0,0.0
1782722405.662,0.0,0.0,0.0,0.5942,0.8003,0.0215,0.0146,0.0137,0.0142,25.93,0.0,0.0,0.0,0.0,0.0,0.0
1782722410.673,0.0,0.0,0.0,0.5942,0.8003,0.0215,0.0137,0.0132,0.0142,25.93,0.0,0.0,0.0,0.0,0.0,0.0
1782722415.686,0.0,0.0,0.0,0.5942,0.8003,0.0215,0.0137,0.0137,0.0146,25.93,0.0,0.0,0.0,0.0,0.0,0.0
1782722420.695,0.0,0.0,0.0,0.5942,0.8003,0.0215,0.0132,0.0137,0.0137,25.93,0.0,0.0,0.0,0.0,0.0,0.0
1782722425.704,0.0,0.0,0.0,0.5942,0.8003,0.0215,0.0132,0.0137,0.0142,25.93,0.0,0.0,0.0,0.0,0.0,0.0
1782722430.718,0.0,0.0,0.0,0.5942,0.8003,0.0215,0.0132,0.0132,0.0137,25.93,0.0,0.0,0.0,0.0,0.0,0.0
1782722435.732,0.0,0.0,0.0,0.5942,0.8003,0.0215,0.0137,0.0132,0.0151,25.93,0.0,0.0,0.0,0.0,0.0,0.0
1782722440.742,0.0,0.0,0.0,0.5942,0.8003,0.0215,0.0137,0.0132,0.0132,25.93,0.0,0.0,0.0,0.0,0.0,0.0
1782722445.753,0.0,0.0,0.0,0.5942,0.8003,0.0215,0.0132,0.0127,0.0142,25.93,0.0,0.0,0.0,0.0,0.0,0.0
1782722450.761,0.0,0.0,0.0,0.5942,0.8003,0.0215,0.0142,0.0146,0.0132,25.93,0.0,0.0,0.0,0.0,0.0,0.0
1782722455.773,0.0,0.0,0.0,0.5942,0.8003,0.0215,0.0137,0.0132,0.0137,25.93,0.0,0.0,0.0,0.0,0.0,0.0
1782722460.788,0.0,0.0,0.0,0.5942,0.8003,0.0215,0.0142,0.0132,0.0151,25.93,0.0,0.0,0.0,0.0,0.0,0.0
1782722465.798,0.0,0.0,0.0,0.5942,0.8003,0.0215,0.0132,0.0132,0.0142,25.93,0.0,0.0,0.0,0.0,0.0,0.0
1782722470.812,0.0,0.0,0.0,0.5942,0.8003,0.0215,0.0137,0.0137,0.0151,25.93,0.0,0.0,0.0,0.0,0.0,0.0
1782722475.82,0.0,0.0,0.0,0.5942,0.8003,0.0215,0.0137,0.0137,0.0132,25.93,0.0,0.0,0.0,0.0,0.0,0.0
1782722480.832,0.0,0.0,0.0,0.5942,0.8003,0.0215,0.0146,0.0137,0.0142,25.93,0.0,0.0,0.0,0.0,0.0,0.0
1782722485.845,0.0,0.0,0.0,0.5942,0.8003,0.0215,0.0137,0.0137,0.0151,25.93,0.0,0.0,0.0,0.0,0.0,0.0
1782722490.854,0.0,0.0,0.0,0.5942,0.8003,0.0215,0.0137,0.0137,0.0142,25.93,0.0,0.0,0.0,0.0,0.0,0.0
1782722495.864,0.0,0.0,0.0,0.5942,0.8003,0.0215,0.0132,0.0132,0.0156,25.93,0.0,0.0,0.0,0.0,0.0,0.0
1782722500.876,0.0,0.0,0.0,0.5942,0.8003,0.0215,0.0142,0.0132,0.0137,25.93,0.0,0.0,0.0,0.0,0.0,0.0
1782722505.885,0.029,0.03,0.028,0.5942,0.8003,0.0215,0.0146,0.0137,0.0151,25.93,1.05,1.07,1.02,0.0,0.0,5.7
1782722510.897,0.0,0.0,0.0,0.5942,0.8003,0.0215,0.0146,0.0142,0.0146,25.93,0.0,0.0,0.0,0.0,0.0,0.0
1782722515.909,0.0,0.0,0.0,0.5942,0.8003,0.0215,0.0146,0.0132,0.0151,25.93,0.04,0.04,0.04,93.5,16.3,28.0
1782722520.923,0.0,0.0,0.0,0.5942,0.8003,0.0215,0.0142,0.0127,0.0151,25.92,0.02,0.02,0.02,68.2,121.3,68.7
1782722525.935,0.0,0.0,0.0,0.5942,0.8003,0.0215,0.0142,0.0137,0.0137,25.92,0.0,0.0,0.0,0.0,0.0,0.0
1782722530.949,0.0,0.0,0.0,0.5942,0.8003,0.0215,0.0142,0.0132,0.0151,25.92,0.0,0.0,0.0,0.0,0.0,0.0
1782722535.961,0.0,0.0,0.0,0.5942,0.8003,0.0215,0.0142,0.0137,0.0142,25.92,0.0,0.0,0.0,0.0,0.0,0.0
1782722540.97,0.0,0.0,0.0,0.5942,0.8003,0.0215,0.0142,0.0142,0.0137,25.92,0.0,0.0,0.0,0.0,0.0,0.0
1782722545.98,0.0,0.0,0.0,0.5942,0.8003,0.0215,0.0132,0.0137,0.0137,25.92,0.0,0.0,0.0,0.0,0.0,0.0
1782722550.993,0.0,0.0,0.0,0.5942,0.8003,0.0215,0.0146,0.0142,0.0142,25.92,0.0,0.0,0.0,0.0,0.0,0.0
1782722556.008,0.0,0.0,0.0,0.5942,0.8003,0.0215,0.0142,0.0142,0.0137,25.91,0.0,0.0,0.0,0.0,0.0,0.0
1782722561.016,0.0,0.0,0.0,0.5942,0.8003,0.0215,0.0142,0.0137,0.0142,25.91,0.0,0.0,0.0,0.0,0.0,0.0
1782722566.026,0.0,0.0,0.0,0.5942,0.8003,0.0215,0.0137,0.0142,0.0142,25.91,0.0,0.0,0.0,0.0,0.0,0.0
1782722571.033,0.0,0.0,0.0,0.5942,0.8003,0.0215,0.0137,0.0142,0.0142,25.91,0.0,0.0,0.0,0.0,0.0,0.0
1782722576.04,0.0,0.0,0.0,0.5942,0.8003,0.0215,0.0137,0.0137,0.0132,25.91,0.0,0.0,0.0,0.0,0.0,0.0
1782722581.05,0.0,0.0,0.0,0.5942,0.8003,0.0215,0.0137,0.0132,0.0137,25.91,0.0,0.0,0.0,0.0,0.0,0.0
1782722586.06,0.0,0.0,0.0,0.5942,0.8003,0.0215,0.0146,0.0142,0.0151,25.91,0.0,0.0,0.0,0.0,0.0,0.0
1782722591.07,0.0,0.0,0.0,0.5942,0.8003,0.0215,0.0142,0.0142,0.0137,25.91,0.0,0.0,0.0,0.0,0.0,0.0
1782722596.08,0.0,0.0,0.0,0.5942,0.8003,0.0215,0.0137,0.0137,0.0146,25.91,0.0,0.0,0.0,0.0,0.0,0.0
1782722601.093,0.0,0.0,0.0,0.5942,0.8003,0.0215,0.0137,0.0137,0.0146,25.9,0.0,0.0,0.0,0.0,0.0,0.0
1782722606.103,0.0,0.0,0.0,0.5942,0.8003,0.0215,0.0132,0.0132,0.0146,25.9,0.0,0.0,0.0,0.0,0.0,0.0
1782722611.115,0.0,0.0,0.0,0.5942,0.8003,0.0215,0.0142,0.0132,0.0137,25.9,0.0,0.0,0.0,0.0,0.0,0.0
1782722616.124,0.0,0.0,0.0,0.5942,0.8003,0.0215,0.0137,0.0137,0.0132,25.9,0.0,0.0,0.0,0.0,0.0,0.0
1782722621.137,0.0,0.0,0.0,0.5942,0.8003,0.0215,0.0137,0.0132,0.0137,25.9,0.0,0.0,0.0,0.0,0.0,0.0
1782722626.145,0.0,0.0,0.0,0.5942,0.8003,0.0215,0.0146,0.0127,0.0142,25.9,0.0,0.0,0.0,0.0,0.0,0.0
1782722631.157,0.0,0.0,0.0,0.5942,0.8003,0.0215,0.0146,0.0142,0.0142,25.89,0.0,0.0,0.0,0.0,0.0,0.0
1782722636.166,0.0,0.0,0.0,0.5942,0.8003,0.0215,0.0137,0.0132,0.0151,25.89,0.0,0.0,0.0,0.0,0.0,0.0
1782722641.18,0.0,0.0,0.0,0.5942,0.8003,0.0215,0.0142,0.0132,0.0137,25.89,0.0,0.0,0.0,0.0,0.0,0.0
1782722646.189,0.0,0.0,0.0,0.5942,0.8003,0.0215,0.0132,0.0142,0.0132,25.89,0.0,0.0,0.0,0.0,0.0,0.0
1782722651.197,0.0,0.0,0.0,0.5942,0.8003,0.0215,0.0127,0.0137,0.0132,25.88,0.0,0.0,0.0,0.0,0.0,0.0
1782722656.206,0.0,0.0,0.0,0.5942,0.8003,0.0215,0.0142,0.0137,0.0151,25.88,0.0,0.0,0.0,0.0,0.0,0.0
1782722661.216,0.0,0.0,0.0,0.5942,0.8003,0.0215,0.0132,0.0132,0.0142,25.88,0.0,0.0,0.0,0.0,0.0,0.0
1782722666.224,0.0,0.0,0.0,0.5942,0.8003,0.0215,0.0132,0.0137,0.0132,25.87,0.0,0.0,0.0,0.0,0.0,0.0
1782722671.234,0.004,0.004,0.003,0.5942,0.8003,0.0215,0.0146,0.0137,0.0137,25.87,0.01,0.01,0.01,0.0,0.0,0.0
1782722676.24,0.0,0.0,0.0,0.5942,0.8003,0.0215,0.0142,0.0137,0.0137,25.87,0.0,0.0,0.0,0.0,0.0,0.0
1782722681.251,0.0,0.0,0.0,0.5942,0.8003,0.0215,0.0137,0.0132,0.0146,25.87,0.01,0.01,0.01,0.0,0.0,0.0
1782722686.26,0.0,0.0,0.0,0.5942,0.8003,0.0215,0.0137,0.0132,0.0137,25.86,0.0,0.0,0.0,0.0,0.0,0.0
1782722691.27,0.0,0.0,0.0,0.5942,0.8003,0.0215,0.0142,0.0132,0.0137,25.86,0.0,0.0,0.0,0.0,0.0,0.0
1782722696.279,0.0,0.0,0.0,0.5942,0.8003,0.022,0.0142,0.0142,0.0137,25.86,0.0,0.0,0.0,0.0,0.0,0.0
1782722701.288,0.0,0.0,0.0,0.5942,0.8003,0.022,0.0142,0.0137,0.0142,25.86,0.0,0.0,0.0,0.0,0.0,0.0
1782722706.3,0.0,0.0,0.0,0.5942,0.8003,0.022,0.0137,0.0137,0.0142,25.86,0.04,0.04,0.04,0.0,29.0,56.3
1782722711.308,0.0,0.0,0.0,0.5942,0.8003,0.022,0.0137,0.0132,0.0137,25.85,0.0,0.0,0.0,0.0,0.0,0.0
1782722716.316,0.0,0.0,0.0,0.5942,0.8003,0.022,0.0137,0.0132,0.0137,25.85,0.0,0.0,0.0,0.0,0.0,0.0
1782722721.324,0.0,0.0,0.0,0.5942,0.8003,0.022,0.0132,0.0142,0.0142,25.85,0.0,0.0,0.0,0.0,0.0,0.0
1782722726.334,0.0,0.0,0.0,0.5942,0.8003,0.022,0.0142,0.0137,0.0142,25.85,0.0,0.0,0.0,0.0,0.0,0.0
1782722731.344,0.0,0.0,0.0,0.5942,0.8003,0.022,0.0137,0.0137,0.0142,25.85,0.0,0.0,0.0,0.0,0.0,0.0
1782722736.354,0.0,0.0,0.0,0.5942,0.8003,0.022,0.0137,0.0146,0.0137,25.85,0.0,0.0,0.0,0.0,0.0,0.0
1782722741.366,0.0,0.0,0.0,0.5942,0.8003,0.022,0.0132,0.0142,0.0151,25.84,0.0,0.0,0.0,0.0,0.0,0.0
1782722746.372,0.0,0.0,0.0,0.5942,0.8003,0.022,0.0142,0.0142,0.0142,25.84,0.0,0.0,0.0,0.0,0.0,0.0
1782722751.38,0.0,0.0,0.0,0.5942,0.8003,0.022,0.0142,0.0142,0.0146,25.84,0.0,0.0,0.0,0.0,0.0,0.0
1782722756.39,0.0,0.0,0.0,0.5942,0.8003,0.022,0.0146,0.0132,0.0132,25.84,0.0,0.0,0.0,0.0,0.0,0.0
1782722761.398,0.0,0.0,0.0,0.5942,0.8003,0.022,0.0132,0.0137,0.0137,25.84,0.0,0.0,0.0,0.0,0.0,0.0
1782722766.408,0.0,0.0,0.0,0.5942,0.8003,0.022,0.0142,0.0137,0.0137,25.84,0.0,0.0,0.0,0.0,0.0,0.0
1782722771.42,0.0,0.0,0.0,0.5942,0.8003,0.022,0.0132,0.0132,0.0146,25.84,0.0,0.0,0.0,0.0,0.0,0.0
1782722776.434,0.0,0.0,0.0,0.5942,0.8003,0.022,0.0132,0.0132,0.0137,25.84,0.01,0.01,0.01,0.0,0.0,0.0
1782722781.443,0.0,0.0,0.0,0.5942,0.8003,0.022,0.0137,0.0132,0.0137,25.84,0.0,0.0,0.0,0.0,0.0,0.0
1782722786.452,0.0,0.0,0.0,0.5942,0.8003,0.022,0.0142,0.0142,0.0146,25.84,0.0,0.0,0.0,0.0,0.0,0.0
1782722791.464,0.0,0.0,0.0,0.5942,0.8003,0.022,0.0142,0.0132,0.0146,25.84,0.0,0.0,0.0,0.0,0.0,0.0
1782722796.472,0.007,0.007,0.006,0.5942,0.8003,0.022,0.0146,0.0137,0.0142,25.84,0.16,0.16,0.15,77.9,28.7,2.4
1782722801.48,0.0,0.0,0.0,0.5942,0.8003,0.022,0.0137,0.0142,0.0137,25.84,0.0,0.0,0.0,0.0,0.0,0.0
1782722806.489,0.0,0.0,0.0,0.5942,0.8003,0.022,0.0132,0.0132,0.0137,25.84,0.0,0.0,0.0,0.0,0.0,0.0
1782722811.501,0.0,0.0,0.0,0.5942,0.8003,0.022,0.0142,0.0132,0.0151,25.84,0.0,0.0,0.0,0.0,0.0,0.0
1782722816.509,0.0,0.0,0.0,0.5942,0.8003,0.022,0.0137,0.0132,0.0142,25.85,0.0,0.0,0.0,0.0,0.0,0.0
1782722821.52,0.0,0.0,0.0,0.5942,0.8003,0.022,0.0142,0.0142,0.0137,25.85,0.0,0.0,0.0,0.0,0.0,0.0
1782722826.532,0.0,0.0,0.0,0.5942,0.8003,0.022,0.0137,0.0137,0.0137,25.85,0.0,0.0,0.0,0.0,0.0,0.0
1782722831.545,0.0,0.0,0.0,0.5942,0.8003,0.022,0.0137,0.0137,0.0142,25.85,0.0,0.0,0.0,0.0,0.0,0.0
1782722836.558,0.0,0.0,0.0,0.5942,0.8003,0.0215,0.0127,0.0132,0.0151,25.85,0.0,0.0,0.0,0.0,0.0,0.0
1782722841.57,0.0,0.0,0.0,0.5942,0.8003,0.0215,0.0142,0.0137,0.0142,25.85,0.0,0.0,0.0,0.0,0.0,0.0
1782722846.582,0.0,0.0,0.0,0.5942,0.8003,0.0215,0.0137,0.0137,0.0132,25.85,0.0,0.0,0.0,0.0,0.0,0.0
1782722851.595,0.0,0.0,0.0,0.5942,0.8003,0.0215,0.0142,0.0137,0.0137,25.85,0.0,0.0,0.0,0.0,0.0,0.0
1782722856.607,0.0,0.0,0.0,0.5942,0.8003,0.0215,0.0142,0.0142,0.0137,25.86,0.0,0.0,0.0,0.0,0.0,0.0
1782722861.621,0.0,0.0,0.0,0.5942,0.8003,0.0215,0.0142,0.0137,0.0146,25.86,0.0,0.0,0.0,0.0,0.0,0.0
1782722866.631,0.0,0.0,0.0,0.5942,0.8003,0.0215,0.0132,0.0132,0.0137,25.85,0.0,0.0,0.0,0.0,0.0,0.0
1782722871.644,0.0,0.0,0.0,0.5942,0.8003,0.0215,0.0137,0.0132,0.0142,25.86,0.0,0.0,0.0,0.0,0.0,0.0
1782722876.652,0.0,0.0,0.0,0.5942,0.8003,0.0215,0.0137,0.0132,0.0137,25.86,0.0,0.0,0.0,0.0,0.0,0.0
1782722881.664,0.0,0.0,0.0,0.5942,0.8003,0.0215,0.0142,0.0142,0.0142,25.86,0.0,0.0,0.0,0.0,0.0,0.0
1782722886.677,0.0,0.0,0.0,0.5942,0.8003,0.0215,0.0132,0.0137,0.0132,25.86,0.0,0.0,0.0,0.0,0.0,0.0
1782722891.684,0.0,0.0,0.0,0.5942,0.8003,0.0215,0.0137,0.0137,0.0137,25.86,0.0,0.0,0.0,0.0,0.0,0.0
1782722896.692,0.0,0.0,0.0,0.5942,0.8003,0.0215,0.0132,0.0132,0.0137,25.86,0.0,0.0,0.0,0.0,0.0,0.0
1782722901.704,0.0,0.0,0.0,0.5942,0.8003,0.0215,0.0137,0.0137,0.0146,25.87,0.0,0.0,0.0,0.0,0.0,0.0
1782722906.712,0.0,0.0,0.0,0.5942,0.8003,0.0215,0.0137,0.0137,0.0146,25.87,0.0,0.0,0.0,0.0,0.0,0.0
1782722911.72,0.0,0.0,0.0,0.5942,0.8003,0.0215,0.0142,0.0142,0.0132,25.87,0.0,0.0,0.0,0.0,0.0,0.0
1782722916.728,0.0,0.0,0.0,0.5942,0.8003,0.0215,0.0142,0.0142,0.0146,25.87,0.0,0.0,0.0,0.0,0.0,0.0
1782722921.738,0.0,0.0,0.0,0.5942,0.8003,0.0215,0.0132,0.0137,0.0146,25.87,0.0,0.0,0.0,0.0,0.0,0.0
1782722926.748,0.0,0.0,0.0,0.5942,0.8003,0.0215,0.0137,0.0137,0.0146,25.87,0.0,0.0,0.0,0.0,0.0,0.0
1782722931.758,0.0,0.0,0.0,0.5942,0.8003,0.0215,0.0137,0.0137,0.0137,25.87,0.0,0.0,0.0,0.0,0.0,0.0
1782722936.767,0.0,0.0,0.0,0.5942,0.8003,0.0215,0.0137,0.0137,0.0142,25.87,0.0,0.0,0.0,0.0,0.0,0.0
1782722941.781,0.0,0.0,0.0,0.5942,0.8003,0.0215,0.0137,0.0142,0.0132,25.88,0.0,0.0,0.0,0.0,0.0,0.0
1782722946.792,0.0,0.0,0.0,0.5942,0.8003,0.0215,0.0142,0.0137,0.0142,25.87,0.0,0.0,0.0,0.0,0.0,0.0
1782722951.802,0.0,0.0,0.0,0.5942,0.8003,0.0215,0.0142,0.0142,0.0132,25.87,0.0,0.0,0.0,0.0,0.0,0.0
1782722956.811,0.0,0.0,0.0,0.5942,0.8003,0.0215,0.0142,0.0142,0.0146,25.88,0.0,0.0,0.0,0.0,0.0,0.0
1782722961.819,0.0,0.0,0.0,0.5942,0.8003,0.0215,0.0137,0.0132,0.0137,25.88,0.0,0.0,0.0,0.0,0.0,0.0
1782722966.827,0.0,0.0,0.0,0.5942,0.8003,0.0215,0.0137,0.0137,0.0142,25.88,0.06,0.06,0.06,0.0,0.0,0.0
1782722971.837,0.0,0.0,0.0,0.5942,0.8003,0.0215,0.0132,0.0142,0.0142,25.88,0.0,0.0,0.0,0.0,0.0,0.0
1782722976.849,0.0,0.0,0.0,0.5942,0.8003,0.0215,0.0132,0.0137,0.0142,25.88,0.0,0.0,0.0,0.0,0.0,0.0
1782722981.86,0.0,0.0,0.0,0.5942,0.8003,0.0215,0.0137,0.0137,0.0142,25.88,0.0,0.0,0.0,0.0,0.0,0.0
1782722986.872,0.0,0.0,0.0,0.5942,0.8003,0.0215,0.0137,0.0132,0.0132,25.88,0.0,0.0,0.0,0.0,0.0,0.0
1782722991.882,0.0,0.0,0.0,0.5942,0.8003,0.0215,0.0137,0.0132,0.0142,25.88,0.0,0.0,0.0,0.0,0.0,0.0
1782722996.89,0.0,0.0,0.0,0.5942,0.8003,0.0215,0.0137,0.0142,0.0137,25.88,0.0,0.0,0.0,0.0,0.0,0.0
1782723001.899,0.0,0.0,0.0,0.5942,0.8003,0.0215,0.0146,0.0137,0.0142,25.88,0.0,0.0,0.0,0.0,0.0,0.0
1782723006.911,0.0,0.0,0.0,0.5942,0.8003,0.0215,0.0137,0.0142,0.0142,25.88,0.0,0.0,0.0,0.0,0.0,0.0
1782723011.918,0.0,0.0,0.0,0.5942,0.8003,0.0215,0.0137,0.0127,0.0137,25.88,0.0,0.0,0.0,0.0,0.0,0.0
1782723016.928,0.0,0.0,0.0,0.5942,0.8003,0.0215,0.0132,0.0137,0.0137,25.88,0.0,0.0,0.0,0.0,0.0,0.0
1782723021.94,0.0,0.0,0.0,0.5942,0.8003,0.0215,0.0132,0.0137,0.0142,25.88,0.0,0.0,0.0,0.0,0.0,0.0
1782723026.952,0.0,0.0,0.0,0.5942,0.8003,0.0215,0.0137,0.0146,0.0151,25.88,0.0,0.0,0.0,0.0,0.0,0.0
1782723031.962,0.0,0.0,0.0,0.5942,0.8003,0.0215,0.0137,0.0132,0.0142,25.88,0.0,0.0,0.0,0.0,0.0,0.0
1782723036.97,0.0,0.0,0.0,0.5942,0.8003,0.0215,0.0132,0.0137,0.0146,25.88,0.0,0.0,0.0,0.0,0.0,0.0
1782723041.981,0.0,0.0,0.0,0.5942,0.8003,0.0215,0.0137,0.0127,0.0142,25.88,0.0,0.0,0.0,0.0,0.0,0.0
1782723046.99,0.0,0.0,0.0,0.5942,0.8003,0.0215,0.0137,0.0122,0.0146,25.88,0.0,0.0,0.0,0.0,0.0,0.0
1782723051.998,0.0,0.0,0.0,0.5942,0.8003,0.0215,0.0137,0.0142,0.0132,25.87,0.0,0.0,0.0,0.0,0.0,0.0
1782723057.008,0.0,0.0,0.0,0.5942,0.8003,0.0215,0.0137,0.0132,0.0146,25.87,0.0,0.0,0.0,0.0,0.0,0.0
1782723062.015,0.0,0.0,0.0,0.5942,0.8003,0.0215,0.0132,0.0132,0.0137,25.87,0.0,0.0,0.0,0.0,0.0,0.0
1782723067.023,0.0,0.0,0.0,0.5942,0.8003,0.0215,0.0132,0.0127,0.0142,25.87,0.0,0.0,0.0,0.0,0.0,0.0
1782723072.032,0.0,0.0,0.0,0.5942,0.8003,0.0215,0.0137,0.0137,0.0151,25.87,0.0,0.0,0.0,0.0,0.0,0.0
1782723077.043,0.0,0.0,0.0,0.5942,0.8003,0.0215,0.0137,0.0132,0.0142,25.87,0.0,0.0,0.0,0.0,0.0,0.0
1782723082.055,0.0,0.0,0.0,0.5942,0.8003,0.0215,0.0146,0.0132,0.0142,25.87,0.02,0.02,0.01,63.0,124.8,29.2
1782723087.066,0.0,0.0,0.0,0.5942,0.8003,0.0215,0.0132,0.0137,0.0142,25.87,0.0,0.0,0.0,0.0,0.0,0.0
1782723092.076,0.0,0.0,0.0,0.5942,0.8003,0.0215,0.0137,0.0132,0.0156,25.87,0.0,0.0,0.0,0.0,0.0,0.0
1782723097.085,0.0,0.0,0.0,0.5942,0.8003,0.0215,0.0132,0.0132,0.0142,25.86,0.0,0.0,0.0,0.0,0.0,0.0
1782723102.097,0.0,0.0,0.0,0.5942,0.8003,0.0215,0.0137,0.0137,0.0137,25.87,0.0,0.0,0.0,0.0,0.0,0.0
1782723107.105,0.0,0.0,0.0,0.5942,0.8003,0.0215,0.0137,0.0132,0.0132,25.86,0.0,0.0,0.0,0.0,0.0,0.0
1782723112.117,0.0,0.0,0.0,0.5942,0.8003,0.0215,0.0142,0.0142,0.0137,25.86,0.0,0.0,0.0,0.0,0.0,0.0
1782723117.125,0.0,0.0,0.0,0.5942,0.8003,0.0215,0.0142,0.0132,0.0142,25.86,0.0,0.0,0.0,0.0,0.0,0.0
1782723122.136,0.0,0.0,0.0,0.5942,0.8003,0.0215,0.0137,0.0132,0.0137,25.86,0.0,0.0,0.0,0.0,0.0,0.0
1782723127.144,0.0,0.0,0.0,0.5942,0.8003,0.0215,0.0137,0.0127,0.0142,25.86,0.0,0.0,0.0,0.0,0.0,0.0
1782723132.153,0.0,0.0,0.0,0.5942,0.8003,0.0215,0.0137,0.0132,0.0142,25.86,0.0,0.0,0.0,0.0,0.0,0.0
1782723137.162,0.0,0.0,0.0,0.5942,0.8003,0.0215,0.0137,0.0127,0.0137,25.86,0.0,0.0,0.0,0.0,0.0,0.0
1782723142.177,0.0,0.0,0.0,0.5942,0.8003,0.0215,0.0142,0.0132,0.0151,25.86,0.03,0.03,0.03,0.0,0.0,0.0
1782723147.189,0.0,0.0,0.0,0.5942,0.8003,0.0215,0.0146,0.0137,0.0127,25.86,0.0,0.0,0.0,0.0,0.0,0.0
1782723152.199,0.0,0.0,0.0,0.5942,0.8003,0.0215,0.0137,0.0142,0.0151,25.85,0.0,0.0,0.0,0.0,0.0,0.0
1782723157.212,0.0,0.0,0.0,0.5942,0.8003,0.0215,0.0146,0.0137,0.0146,25.85,0.0,0.0,0.0,0.0,0.0,0.0
1782723162.221,0.0,0.0,0.0,0.5942,0.8003,0.0215,0.0132,0.0137,0.0146,25.85,0.03,0.03,0.02,0.0,0.0,0.0
1782723167.228,0.0,0.0,0.0,0.5942,0.8003,0.0215,0.0127,0.0137,0.0132,25.85,0.0,0.0,0.0,0.0,0.0,0.0
1782723172.237,0.0,0.0,0.0,0.5942,0.8003,0.0215,0.0142,0.0137,0.0142,25.85,0.0,0.0,0.0,0.0,0.0,0.0
1782723177.247,0.001,0.001,0.001,0.5942,0.8003,0.0215,0.0137,0.0137,0.0146,25.84,0.2,0.2,0.19,86.8,0.2,16.8
1782723182.257,0.0,0.0,0.0,0.5942,0.8003,0.0215,0.0142,0.0137,0.0142,25.84,0.0,0.0,0.0,0.0,0.0,0.0
1782723187.266,0.0,0.0,0.0,0.5942,0.8003,0.0215,0.0137,0.0132,0.0137,25.84,0.0,0.0,0.0,0.0,0.0,0.0
1782723192.281,0.0,0.0,0.0,0.5942,0.8003,0.0215,0.0137,0.0142,0.0151,25.84,0.0,0.0,0.0,0.0,0.0,0.0
1782723197.291,0.0,0.0,0.0,0.5942,0.8003,0.0215,0.0137,0.0142,0.0151,25.83,0.0,0.0,0.0,0.0,0.0,0.0
1782723202.3,0.0,0.0,0.0,0.5942,0.8003,0.0215,0.0142,0.0137,0.0142,25.83,0.01,0.01,0.01,0.0,0.0,0.0
1782723207.309,0.0,0.0,0.0,0.5942,0.8003,0.0215,0.0146,0.0132,0.0142,25.83,0.0,0.0,0.0,0.0,0.0,0.0
1782723212.314,0.0,0.0,0.0,0.5942,0.8003,0.0215,0.0137,0.0127,0.0132,25.83,0.0,0.0,0.0,0.0,0.0,0.0
1782723217.325,0.0,0.0,0.0,0.5942,0.8003,0.0215,0.0132,0.0132,0.0146,25.83,0.0,0.0,0.0,0.0,0.0,0.0
1782723222.333,0.0,0.0,0.0,0.5942,0.8003,0.0215,0.0142,0.0132,0.0146,25.82,0.0,0.0,0.0,0.0,0.0,0.0
1782723227.346,0.001,0.001,0.001,0.5942,0.8003,0.0215,0.0132,0.0137,0.0137,25.82,0.01,0.01,0.01,0.0,0.0,0.0
1782723232.357,0.0,0.0,0.0,0.5942,0.8003,0.0215,0.0137,0.0127,0.0142,25.82,0.06,0.06,0.06,0.0,0.0,0.0
1782723237.367,0.0,0.0,0.0,0.5942,0.8003,0.022,0.0151,0.0132,0.0127,25.82,0.0,0.0,0.0,0.0,0.0,0.0
1782723242.381,0.0,0.0,0.0,0.5942,0.8003,0.022,0.0142,0.0137,0.0146,25.81,0.02,0.02,0.02,0.0,0.0,0.0
1782723247.393,0.0,0.0,0.0,0.5942,0.8003,0.022,0.0142,0.0137,0.0142,25.81,0.0,0.0,0.0,0.0,0.0,0.0
1782723252.404,0.0,0.0,0.0,0.5942,0.8003,0.022,0.0137,0.0142,0.0146,25.81,0.0,0.0,0.0,0.0,0.0,0.0
1782723257.414,0.0,0.0,0.0,0.5942,0.8003,0.022,0.0137,0.0137,0.0142,25.81,0.0,0.0,0.0,0.0,0.0,0.0
1782723262.427,0.0,0.0,0.0,0.5942,0.8003,0.022,0.0132,0.0127,0.0146,25.8,0.01,0.01,0.01,0.0,0.0,0.0
1782723267.438,0.0,0.0,0.0,0.5942,0.8003,0.022,0.0132,0.0137,0.0151,25.8,0.06,0.06,0.06,18.6,72.2,59.5
1782723272.449,0.0,0.0,0.0,0.5942,0.8003,0.022,0.0132,0.0132,0.0137,25.8,0.0,0.0,0.0,0.0,0.0,0.0
1782723277.461,0.0,0.0,0.0,0.5942,0.8003,0.022,0.0132,0.0137,0.0146,25.8,0.0,0.0,0.0,0.0,0.0,0.0
1782723282.471,0.0,0.0,0.0,0.5942,0.8003,0.022,0.0142,0.0127,0.0137,25.8,0.0,0.0,0.0,0.0,0.0,0.0
1782723287.48,0.0,0.0,0.0,0.5942,0.8003,0.022,0.0132,0.0142,0.0137,25.8,0.0,0.0,0.0,0.0,0.0,0.0
1782723292.49,0.0,0.0,0.0,0.5942,0.8003,0.022,0.0146,0.0132,0.0137,25.8,0.0,0.0,0.0,0.0,0.0,0.0
1782723297.505,0.0,0.0,0.0,0.5942,0.8003,0.022,0.0137,0.0137,0.0146,25.79,0.0,0.0,0.0,0.0,0.0,0.0
1782723302.517,0.0,0.0,0.0,0.5942,0.8003,0.022,0.0127,0.0132,0.0142,25.79,0.0,0.0,0.0,0.0,0.0,0.0
1782723307.528,0.0,0.0,0.0,0.5942,0.8003,0.022,0.0132,0.0132,0.0127,25.79,0.0,0.0,0.0,0.0,0.0,0.0
1782723312.541,0.0,0.0,0.0,0.5942,0.8003,0.022,0.0137,0.0137,0.0137,25.79,0.0,0.0,0.0,0.0,0.0,0.0
1782723317.553,0.0,0.0,0.0,0.5942,0.8003,0.022,0.0137,0.0137,0.0142,25.79,0.0,0.0,0.0,0.0,0.0,0.0
1782723322.563,0.0,0.0,0.0,0.5942,0.8003,0.022,0.0137,0.0137,0.0137,25.79,0.0,0.0,0.0,0.0,0.0,0.0
1782723327.576,0.0,0.0,0.0,0.5942,0.8003,0.022,0.0137,0.0132,0.0142,25.79,0.0,0.0,0.0,0.0,0.0,0.0
1782723332.589,0.0,0.0,0.0,0.5942,0.8003,0.022,0.0137,0.0137,0.0146,25.79,0.0,0.0,0.0,0.0,0.0,0.0
1782723337.598,0.0,0.0,0.0,0.5942,0.8003,0.022,0.0142,0.0132,0.0132,25.79,0.0,0.0,0.0,0.0,0.0,0.0
1782723342.611,0.0,0.0,0.0,0.5942,0.8003,0.022,0.0137,0.0132,0.0132,25.79,0.0,0.0,0.0,0.0,0.0,0.0
1782723347.62,0.0,0.0,0.0,0.5942,0.8003,0.022,0.0132,0.0132,0.0137,25.8,0.0,0.0,0.0,0.0,0.0,0.0
1782723352.628,0.0,0.0,0.0,0.5942,0.8003,0.022,0.0137,0.0127,0.0137,25.79,0.0,0.0,0.0,0.0,0.0,0.0
1782723357.642,0.0,0.0,0.0,0.5942,0.8003,0.022,0.0142,0.0132,0.0146,25.8,0.0,0.0,0.0,0.0,0.0,0.0
1782723362.653,0.0,0.0,0.0,0.5942,0.8003,0.022,0.0142,0.0142,0.0132,25.8,0.0,0.0,0.0,0.0,0.0,0.0
1782723367.665,0.0,0.0,0.0,0.5942,0.8003,0.022,0.0142,0.0137,0.0151,25.8,0.01,0.01,0.01,94.0,78.1,100.7
1782723372.677,0.0,0.0,0.0,0.5942,0.8003,0.022,0.0137,0.0137,0.0146,25.8,0.0,0.0,0.0,0.0,0.0,0.0
1782723377.686,0.0,0.0,0.0,0.5942,0.8003,0.022,0.0132,0.0132,0.0137,25.8,0.0,0.0,0.0,0.0,0.0,0.0
1782723382.698,0.0,0.0,0.0,0.5942,0.8003,0.022,0.0127,0.0137,0.0132,25.8,0.0,0.0,0.0,0.0,0.0,0.0
1782723387.707,0.0,0.0,0.0,0.5942,0.8003,0.022,0.0132,0.0137,0.0137,25.8,0.0,0.0,0.0,0.0,0.0,0.0
1782723392.715,0.0,0.0,0.0,0.5942,0.8003,0.022,0.0132,0.0137,0.0146,25.81,0.0,0.0,0.0,0.0,0.0,0.0
1782723397.728,0.0,0.0,0.0,0.5942,0.8003,0.022,0.0146,0.0137,0.0137,25.81,0.0,0.0,0.0,0.0,0.0,0.0
1782723402.74,0.0,0.0,0.0,0.5942,0.8003,0.022,0.0132,0.0137,0.0137,25.81,0.0,0.0,0.0,0.0,0.0,0.0
1782723407.747,0.0,0.0,0.0,0.5942,0.8003,0.0215,0.0142,0.0137,0.0137,25.81,0.0,0.0,0.0,0.0,0.0,0.0
1782723412.76,0.0,0.0,0.0,0.5942,0.8003,0.0215,0.0142,0.0142,0.0142,25.81,0.0,0.0,0.0,0.0,0.0,0.0
1782723417.769,0.0,0.0,0.0,0.5942,0.8003,0.0215,0.0137,0.0127,0.0146,25.81,0.0,0.0,0.0,0.0,0.0,0.0
1782723422.779,0.0,0.0,0.0,0.5942,0.8003,0.0215,0.0137,0.0137,0.0142,25.81,0.0,0.0,0.0,0.0,0.0,0.0
1782723427.793,0.0,0.0,0.0,0.5942,0.8003,0.0215,0.0137,0.0137,0.0142,25.81,0.0,0.0,0.0,0.0,0.0,0.0
1782723432.805,0.0,0.0,0.0,0.5942,0.8003,0.0215,0.0137,0.0137,0.0146,25.82,0.0,0.0,0.0,0.0,0.0,0.0
1782723437.816,0.0,0.0,0.0,0.5942,0.8003,0.0215,0.0132,0.0127,0.0137,25.82,0.0,0.0,0.0,0.0,0.0,0.0
1782723442.827,0.0,0.0,0.0,0.5942,0.8003,0.0215,0.0132,0.0132,0.0142,25.82,0.0,0.0,0.0,0.0,0.0,0.0
1782723447.835,0.0,0.0,0.0,0.5942,0.8003,0.0215,0.0132,0.0132,0.0146,25.82,0.02,0.03,0.02,0.0,0.0,0.0
1782723452.849,0.0,0.0,0.0,0.5942,0.8003,0.0215,0.0137,0.0132,0.0137,25.82,0.0,0.0,0.0,0.0,0.0,0.0
1782723457.861,0.0,0.0,0.0,0.5942,0.8003,0.0215,0.0137,0.0132,0.0146,25.83,0.0,0.0,0.0,0.0,0.0,0.0
1782723462.871,0.0,0.0,0.0,0.5942,0.8003,0.0215,0.0132,0.0142,0.0132,25.82,0.0,0.0,0.0,0.0,0.0,0.0
1782723467.883,0.0,0.0,0.0,0.5942,0.8003,0.0215,0.0142,0.0132,0.0142,25.83,0.0,0.0,0.0,0.0,0.0,0.0
1782723472.89,0.0,0.0,0.0,0.5942,0.8003,0.0215,0.0137,0.0142,0.0137,25.83,0.0,0.0,0.0,0.0,0.0,0.0
1782723477.899,0.0,0.0,0.0,0.5942,0.8003,0.0215,0.0137,0.0137,0.0132,25.83,0.0,0.0,0.0,0.0,0.0,0.0
1782723482.907,0.0,0.0,0.0,0.5942,0.8003,0.0215,0.0137,0.0137,0.0132,25.83,0.0,0.0,0.0,0.0,0.0,0.0
1782723487.915,0.0,0.0,0.0,0.5942,0.8003,0.0215,0.0146,0.0142,0.0127,25.83,0.0,0.0,0.0,0.0,0.0,0.0
1782723492.922,0.0,0.0,0.0,0.5942,0.8003,0.0215,0.0132,0.0137,0.0132,25.83,0.0,0.0,0.0,0.0,0.0,0.0
1782723497.934,0.0,0.0,0.0,0.5942,0.8003,0.0215,0.0132,0.0142,0.0146,25.84,0.0,0.0,0.0,0.0,0.0,0.0
1782723502.943,0.0,0.0,0.0,0.5942,0.8003,0.0215,0.0132,0.0132,0.0142,25.84,0.0,0.0,0.0,0.0,0.0,0.0
1782723507.954,0.0,0.0,0.0,0.5942,0.8003,0.0215,0.0137,0.0137,0.0132,25.84,0.0,0.0,0.0,0.0,0.0,0.0
1782723512.965,0.0,0.0,0.0,0.5942,0.8003,0.0215,0.0137,0.0142,0.0142,25.84,0.02,0.02,0.02,0.0,0.0,0.0
1782723517.975,0.067,0.066,0.063,0.5942,0.8003,0.0215,0.0146,0.0132,0.0137,25.84,1.38,1.36,1.29,0.0,0.0,0.0
1782723522.985,0.0,0.0,0.0,0.5942,0.8003,0.0215,0.0137,0.0137,0.0137,25.84,0.0,0.0,0.0,0.0,0.0,0.0
1782723527.997,0.0,0.0,0.0,0.5942,0.8003,0.0215,0.0137,0.0132,0.0142,25.84,0.01,0.02,0.01,0.0,0.0,0.0
1782723533.006,0.0,0.0,0.0,0.5942,0.8003,0.0215,0.0137,0.0137,0.0142,25.84,0.0,0.0,0.0,0.0,0.0,0.0
1782723538.019,0.0,0.0,0.0,0.5942,0.8003,0.0215,0.0146,0.0142,0.0137,25.84,0.0,0.0,0.0,0.0,0.0,0.0
1782723543.03,0.001,0.001,0.001,0.5942,0.8003,0.0215,0.0137,0.0137,0.0142,25.84,0.19,0.19,0.18,38.4,126.5,14.6
1782723548.04,0.0,0.0,0.0,0.5942,0.8003,0.0215,0.0137,0.0137,0.0132,25.84,0.0,0.0,0.0,0.0,0.0,0.0
1782723553.054,0.013,0.013,0.012,0.5942,0.8003,0.0215,0.0151,0.0132,0.0142,25.84,0.42,0.42,0.41,5.2,63.0,116.6
1782723558.066,0.0,0.0,0.0,0.5942,0.8003,0.0215,0.0137,0.0137,0.0151,25.84,0.0,0.0,0.0,0.0,0.0,0.0
1782723563.076,0.0,0.0,0.0,0.5942,0.8003,0.0215,0.0142,0.0142,0.0151,25.84,0.0,0.0,0.0,0.0,0.0,0.0
1782723568.089,0.0,0.0,0.0,0.5942,0.8003,0.0215,0.0137,0.0137,0.0151,25.84,0.0,0.0,0.0,0.0,0.0,0.0
1782723573.098,0.0,0.0,0.0,0.5942,0.8003,0.0215,0.0137,0.0132,0.0132,25.84,0.0,0.0,0.0,0.0,0.0,0.0
1782723578.109,0.0,0.0,0.0,0.5942,0.8003,0.0215,0.0137,0.0132,0.0137,25.84,0.0,0.0,0.0,0.0,0.0,0.0
1782723583.121,0.0,0.0,0.0,0.5942,0.8003,0.0215,0.0132,0.0137,0.0146,25.84,0.0,0.0,0.0,0.0,0.0,0.0
1782723588.131,0.0,0.0,0.0,0.5942,0.8003,0.0215,0.0132,0.0137,0.0146,25.84,0.0,0.0,0.0,0.0,0.0,0.0
1782723593.144,0.0,0.0,0.0,0.5942,0.8003,0.0215,0.0137,0.0132,0.0137,25.84,0.0,0.0,0.0,0.0,0.0,0.0
1782723598.153,0.0,0.0,0.0,0.5942,0.8003,0.0215,0.0142,0.0137,0.0137,25.84,0.0,0.0,0.0,0.0,0.0,0.0
1782723603.162,0.0,0.0,0.0,0.5942,0.8003,0.0215,0.0137,0.0127,0.0137,25.83,0.0,0.0,0.0,0.0,0.0,0.0
1782723608.17,0.0,0.0,0.0,0.5942,0.8003,0.0215,0.0137,0.0142,0.0151,25.83,0.0,0.0,0.0,0.0,0.0,0.0
1782723613.178,0.0,0.0,0.0,0.5942,0.8003,0.0215,0.0137,0.0127,0.0137,25.83,0.01,0.01,0.01,0.0,0.0,0.0
1782723618.188,0.0,0.0,0.0,0.5942,0.8003,0.0215,0.0132,0.0132,0.0142,25.83,0.0,0.0,0.0,0.0,0.0,0.0
1782723623.196,0.0,0.0,0.0,0.5942,0.8003,0.0215,0.0132,0.0137,0.0151,25.83,0.02,0.02,0.02,0.0,0.0,0.0
1782723628.205,0.0,0.0,0.0,0.5942,0.8003,0.0215,0.0127,0.0127,0.0137,25.83,0.0,0.0,0.0,0.0,0.0,0.0
1782723633.212,0.0,0.0,0.0,0.5942,0.8003,0.0215,0.0142,0.0132,0.0146,25.83,0.0,0.0,0.0,0.0,0.0,0.0
1782723638.223,0.0,0.0,0.0,0.5942,0.8003,0.0215,0.0142,0.0132,0.0142,25.83,0.0,0.0,0.0,0.0,0.0,0.0
1782723643.229,0.0,0.0,0.0,0.5942,0.8003,0.0215,0.0137,0.0127,0.0151,25.83,0.0,0.0,0.0,0.0,0.0,0.0
1782723648.234,0.0,0.0,0.0,0.5942,0.8003,0.0215,0.0137,0.0132,0.0142,25.83,0.0,0.0,0.0,0.0,0.0,0.0
1782723653.243,0.0,0.0,0.0,0.5942,0.8003,0.0215,0.0132,0.0137,0.0137,25.82,0.0,0.0,0.0,0.0,0.0,0.0
1782723658.251,0.0,0.0,0.0,0.5942,0.8003,0.0215,0.0132,0.0132,0.0142,25.82,0.0,0.0,0.0,0.0,0.0,0.0
1782723663.262,0.0,0.0,0.0,0.5942,0.8003,0.0215,0.0132,0.0137,0.0142,25.82,0.0,0.0,0.0,0.0,0.0,0.0
1782723668.271,0.0,0.0,0.0,0.5942,0.8003,0.0215,0.0137,0.0137,0.0146,25.82,0.0,0.0,0.0,0.0,0.0,0.0
1782723673.279,0.0,0.0,0.0,0.5942,0.8003,0.0215,0.0146,0.0132,0.0132,25.82,0.0,0.0,0.0,0.0,0.0,0.0
1782723678.287,0.0,0.0,0.0,0.5942,0.8003,0.0215,0.0137,0.0137,0.0137,25.82,0.0,0.0,0.0,0.0,0.0,0.0
1782723683.293,0.0,0.0,0.0,0.5942,0.8003,0.0215,0.0142,0.0137,0.0137,25.81,0.0,0.0,0.0,0.0,0.0,0.0
1782723688.301,0.0,0.0,0.0,0.5942,0.8003,0.0215,0.0132,0.0137,0.0142,25.81,0.0,0.0,0.0,0.0,0.0,0.0
1782723693.312,0.0,0.0,0.0,0.5942,0.8003,0.0215,0.0137,0.0137,0.0142,25.81,0.0,0.0,0.0,0.0,0.0,0.0
1782723698.321,0.0,0.0,0.0,0.5942,0.8003,0.0215,0.0132,0.0132,0.0142,25.8,0.0,0.0,0.0,0.0,0.0,0.0
1782723703.33,0.001,0.001,0.001,0.5942,0.8003,0.0215,0.0132,0.0132,0.0146,25.8,0.25,0.26,0.24,0.0,0.0,0.0
1782723708.341,0.0,0.0,0.0,0.5942,0.8003,0.0215,0.0142,0.0146,0.0151,25.8,0.0,0.0,0.0,0.0,0.0,0.0
1782723713.35,0.0,0.0,0.0,0.5942,0.8003,0.0215,0.0137,0.0137,0.0142,25.8,0.0,0.0,0.0,0.0,0.0,0.0
1782723718.356,0.0,0.0,0.0,0.5942,0.8003,0.0215,0.0132,0.0137,0.0137,25.8,0.0,0.0,0.0,0.0,0.0,0.0
1782723723.365,0.0,0.0,0.0,0.5942,0.8003,0.0215,0.0132,0.0127,0.0151,25.8,0.15,0.15,0.14,0.0,0.0,0.0
1782723728.374,0.0,0.0,0.0,0.5942,0.8003,0.0215,0.0137,0.0142,0.0142,25.79,0.0,0.0,0.0,0.0,0.0,0.0
1782723733.383,0.0,0.0,0.0,0.5942,0.8003,0.022,0.0142,0.0142,0.0137,25.79,0.0,0.0,0.0,0.0,0.0,0.0
1782723738.39,0.0,0.0,0.0,0.5942,0.8003,0.022,0.0142,0.0132,0.0142,25.79,0.0,0.0,0.0,0.0,0.0,0.0
1782723743.399,0.0,0.0,0.0,0.5942,0.8003,0.022,0.0142,0.0132,0.0142,25.79,0.0,0.0,0.0,0.0,0.0,0.0
1782723748.405,0.0,0.0,0.0,0.5942,0.8003,0.022,0.0137,0.0132,0.0156,25.78,0.0,0.0,0.0,0.0,0.0,0.0
1782723753.416,0.0,0.0,0.0,0.5942,0.8003,0.0215,0.0142,0.0142,0.0146,25.78,0.0,0.0,0.0,0.0,0.0,0.0
1782723758.425,0.0,0.0,0.0,0.5942,0.8003,0.022,0.0137,0.0137,0.0142,25.78,0.0,0.0,0.0,0.0,0.0,0.0
1782723763.434,0.0,0.0,0.0,0.5942,0.8003,0.022,0.0142,0.0132,0.0137,25.78,0.0,0.0,0.0,0.0,0.0,0.0
1782723768.443,0.0,0.0,0.0,0.5942,0.8003,0.022,0.0132,0.0132,0.0137,25.78,0.0,0.0,0.0,0.0,0.0,0.0
1782723773.45,0.0,0.0,0.0,0.5942,0.8003,0.022,0.0137,0.0137,0.0132,25.77,0.0,0.0,0.0,0.0,0.0,0.0
1782723778.459,0.0,0.0,0.0,0.5942,0.8003,0.022,0.0142,0.0142,0.0146,25.77,0.0,0.0,0.0,0.0,0.0,0.0
1782723783.469,0.0,0.0,0.0,0.5942,0.8003,0.022,0.0137,0.0132,0.0146,25.77,0.0,0.0,0.0,0.0,0.0,0.0
1782723788.478,0.0,0.0,0.0,0.5942,0.8003,0.022,0.0137,0.0132,0.0142,25.77,0.0,0.0,0.0,0.0,0.0,0.0
1782723793.485,0.0,0.0,0.0,0.5942,0.8003,0.022,0.0137,0.0137,0.0142,25.76,0.0,0.0,0.0,0.0,0.0,0.0
1782723798.491,0.0,0.0,0.0,0.5942,0.8003,0.022,0.0137,0.0137,0.0142,25.76,0.0,0.0,0.0,0.0,0.0,0.0
1782723803.501,0.0,0.0,0.0,0.5942,0.8003,0.022,0.0132,0.0137,0.0137,25.76,0.0,0.0,0.0,0.0,0.0,0.0
1782723808.507,0.0,0.0,0.0,0.5942,0.8003,0.022,0.0132,0.0137,0.0142,25.76,0.0,0.0,0.0,0.0,0.0,0.0
1782723813.516,0.0,0.0,0.0,0.5942,0.8003,0.022,0.0137,0.0132,0.0137,25.75,0.0,0.0,0.0,0.0,0.0,0.0
1782723818.52,0.0,0.0,0.0,0.5942,0.8003,0.022,0.0142,0.0137,0.0142,25.75,0.0,0.0,0.0,0.0,0.0,0.0
1782723823.526,0.0,0.0,0.0,0.5942,0.8003,0.022,0.0132,0.0137,0.0137,25.75,0.0,0.0,0.0,0.0,0.0,0.0
1782723828.533,0.0,0.0,0.0,0.5942,0.8003,0.022,0.0132,0.0132,0.0151,25.75,0.01,0.01,0.01,32.0,31.5,94.5
1782723833.542,0.0,0.0,0.0,0.5942,0.8003,0.022,0.0142,0.0142,0.0146,25.74,0.0,0.0,0.0,0.0,0.0,0.0
1782723838.55,0.0,0.0,0.0,0.5942,0.8003,0.022,0.0142,0.0137,0.0146,25.74,0.0,0.0,0.0,0.0,0.0,0.0
1782723843.556,0.0,0.0,0.0,0.5942,0.8003,0.022,0.0146,0.0142,0.0146,25.74,0.0,0.0,0.0,0.0,0.0,0.0
1782723848.569,0.0,0.0,0.0,0.5942,0.8003,0.022,0.0137,0.0137,0.0151,25.74,0.0,0.0,0.0,0.0,0.0,0.0
1782723853.577,0.0,0.0,0.0,0.5942,0.8003,0.022,0.0137,0.0137,0.0137,25.73,0.0,0.0,0.0,0.0,0.0,0.0
1782723858.585,0.0,0.0,0.0,0.5942,0.8003,0.022,0.0137,0.0137,0.0137,25.73,0.0,0.0,0.0,0.0,0.0,0.0
1782723863.594,0.0,0.0,0.0,0.5942,0.8003,0.022,0.0142,0.0132,0.0142,25.73,0.0,0.0,0.0,0.0,0.0,0.0
1782723868.604,0.0,0.0,0.0,0.5942,0.8003,0.022,0.0137,0.0137,0.0142,25.73,0.0,0.0,0.0,0.0,0.0,0.0
1782723873.61,0.0,0.0,0.0,0.5942,0.8003,0.022,0.0137,0.0127,0.0166,25.73,0.0,0.0,0.0,0.0,0.0,0.0
1782723878.62,0.0,0.0,0.0,0.5942,0.8003,0.022,0.0146,0.0132,0.0137,25.73,0.0,0.0,0.0,0.0,0.0,0.0
1782723883.63,0.0,0.0,0.0,0.5942,0.8003,0.022,0.0137,0.0137,0.0137,25.73,0.0,0.0,0.0,0.0,0.0,0.0
1782723888.636,0.0,0.0,0.0,0.5942,0.8003,0.022,0.0137,0.0137,0.0146,25.73,0.0,0.0,0.0,0.0,0.0,0.0
1782723893.643,0.0,0.0,0.0,0.5942,0.8003,0.022,0.0137,0.0132,0.0151,25.73,0.03,0.03,0.02,0.0,0.0,0.0
1782723898.654,0.0,0.0,0.0,0.5942,0.8003,0.022,0.0142,0.0137,0.0132,25.73,0.0,0.0,0.0,0.0,0.0,0.0
1782723903.662,0.0,0.0,0.0,0.5942,0.8003,0.022,0.0132,0.0137,0.0137,25.73,0.0,0.0,0.0,0.0,0.0,0.0
1782723908.672,0.0,0.0,0.0,0.5942,0.8003,0.022,0.0142,0.0142,0.0142,25.73,0.0,0.0,0.0,0.0,0.0,0.0
1782723913.677,0.0,0.0,0.0,0.5942,0.8003,0.022,0.0142,0.0137,0.0142,25.73,0.01,0.01,0.01,0.0,0.0,0.0
1782723918.685,0.0,0.0,0.0,0.5942,0.8003,0.022,0.0132,0.0142,0.0142,25.73,0.0,0.0,0.0,0.0,0.0,0.0
1782723923.691,0.0,0.0,0.0,0.5942,0.8003,0.022,0.0142,0.0132,0.0142,25.74,0.0,0.0,0.0,0.0,0.0,0.0
1782723928.695,0.0,0.0,0.0,0.5942,0.8003,0.022,0.0146,0.0137,0.0137,25.74,0.0,0.0,0.0,0.0,0.0,0.0
1782723933.701,0.0,0.0,0.0,0.5942,0.8003,0.022,0.0137,0.0132,0.0142,25.74,0.0,0.0,0.0,0.0,0.0,0.0
1782723938.71,0.0,0.0,0.0,0.5942,0.8003,0.022,0.0137,0.0132,0.0146,25.74,0.0,0.0,0.0,0.0,0.0,0.0
1782723943.717,0.0,0.0,0.0,0.5942,0.8003,0.022,0.0132,0.0132,0.0146,25.74,0.0,0.0,0.0,0.0,0.0,0.0
1782723948.727,0.0,0.0,0.0,0.5942,0.8003,0.022,0.0137,0.0137,0.0151,25.74,0.0,0.0,0.0,0.0,0.0,0.0
1782723953.736,0.0,0.0,0.0,0.5942,0.8003,0.022,0.0142,0.0137,0.0142,25.74,0.0,0.0,0.0,0.0,0.0,0.0
1782723958.743,0.0,0.0,0.0,0.5942,0.8003,0.022,0.0137,0.0132,0.0137,25.74,0.0,0.0,0.0,0.0,0.0,0.0
1782723963.755,0.0,0.0,0.0,0.5942,0.8003,0.022,0.0137,0.0137,0.0137,25.74,0.0,0.0,0.0,0.0,0.0,0.0
1782723968.769,0.0,0.0,0.0,0.5942,0.8003,0.022,0.0137,0.0142,0.0142,25.74,0.0,0.0,0.0,0.0,0.0,0.0
1782723973.775,0.0,0.0,0.0,0.5942,0.8003,0.022,0.0132,0.0137,0.0146,25.74,0.0,0.0,0.0,0.0,0.0,0.0
1782723978.782,0.0,0.0,0.0,0.5942,0.8003,0.022,0.0137,0.0137,0.0137,25.74,0.0,0.0,0.0,0.0,0.0,0.0
1782723983.791,0.0,0.0,0.0,0.5942,0.8003,0.022,0.0137,0.0132,0.0137,25.75,0.0,0.0,0.0,0.0,0.0,0.0
1782723988.806,0.0,0.0,0.0,0.5942,0.8003,0.022,0.0137,0.0127,0.0142,25.75,0.0,0.0,0.0,0.0,0.0,0.0
1782723993.818,0.0,0.0,0.0,0.5942,0.8003,0.022,0.0137,0.0132,0.0137,25.75,0.03,0.03,0.03,0.0,0.0,0.0
1782723998.83,0.0,0.0,0.0,0.5942,0.8003,0.022,0.0142,0.0132,0.0146,25.75,0.01,0.01,0.01,0.0,0.0,0.0
1782724003.841,0.0,0.0,0.0,0.5942,0.8003,0.022,0.0137,0.0137,0.0137,25.75,0.0,0.0,0.0,0.0,0.0,0.0
1782724008.853,0.0,0.0,0.0,0.5942,0.8003,0.022,0.0137,0.0137,0.0142,25.75,0.0,0.0,0.0,0.0,0.0,0.0
1782724013.866,0.0,0.0,0.0,0.5942,0.8003,0.022,0.0137,0.0137,0.0137,25.75,0.0,0.0,0.0,0.0,0.0,0.0
1782724018.879,0.0,0.0,0.0,0.5942,0.8003,0.022,0.0127,0.0142,0.0142,25.76,0.0,0.0,0.0,0.0,0.0,0.0
1782724023.891,0.0,0.0,0.0,0.5942,0.8003,0.022,0.0137,0.0137,0.0142,25.76,0.0,0.0,0.0,0.0,0.0,0.0
1782724028.896,0.0,0.0,0.0,0.5942,0.8003,0.022,0.0142,0.0132,0.0142,25.76,0.0,0.0,0.0,0.0,0.0,0.0
1782724033.91,0.0,0.0,0.0,0.5942,0.8003,0.022,0.0142,0.0132,0.0137,25.76,0.0,0.0,0.0,0.0,0.0,0.0
1782724038.923,0.0,0.0,0.0,0.5942,0.8003,0.022,0.0132,0.0137,0.0151,25.76,0.0,0.0,0.0,0.0,0.0,0.0
1782724043.931,0.0,0.0,0.0,0.5942,0.8003,0.0215,0.0137,0.0132,0.0137,25.76,0.0,0.0,0.0,0.0,0.0,0.0
1782724048.943,0.0,0.0,0.0,0.5942,0.8003,0.0215,0.0142,0.0137,0.0137,25.76,0.0,0.0,0.0,0.0,0.0,0.0
1782724053.952,0.0,0.0,0.0,0.5942,0.8003,0.0215,0.0132,0.0132,0.0137,25.77,0.0,0.0,0.0,0.0,0.0,0.0
1782724058.963,0.0,0.0,0.0,0.5942,0.8003,0.0215,0.0146,0.0132,0.0137,25.77,0.0,0.0,0.0,0.0,0.0,0.0
1782724063.975,0.0,0.0,0.0,0.5942,0.8003,0.0215,0.0142,0.0137,0.0142,25.77,0.0,0.0,0.0,0.0,0.0,0.0
1782724068.984,0.0,0.0,0.0,0.5942,0.8003,0.0215,0.0132,0.0132,0.0146,25.77,0.0,0.0,0.0,0.0,0.0,0.0
1782724073.993,0.0,0.0,0.0,0.5942,0.8003,0.0215,0.0142,0.0132,0.0146,25.77,0.0,0.0,0.0,0.0,0.0,0.0
1782724079.002,0.0,0.0,0.0,0.5942,0.8003,0.0215,0.0146,0.0132,0.0137,25.78,0.0,0.0,0.0,0.0,0.0,0.0
1782724084.01,0.0,0.0,0.0,0.5942,0.8003,0.0215,0.0137,0.0132,0.0137,25.78,0.0,0.0,0.0,0.0,0.0,0.0
1782724089.022,0.012,0.012,0.012,0.5942,0.8003,0.0215,0.0142,0.0132,0.0146,25.78,0.53,0.54,0.51,0.0,0.0,0.0
1782724094.034,0.0,0.0,0.0,0.5942,0.8003,0.0215,0.0142,0.0137,0.0137,25.78,0.0,0.0,0.0,0.0,0.0,0.0
1782724099.042,0.0,0.0,0.0,0.5942,0.8003,0.0215,0.0142,0.0132,0.0142,25.78,0.0,0.0,0.0,0.0,0.0,0.0
1782724104.055,0.0,0.0,0.0,0.5942,0.8003,0.0215,0.0137,0.0132,0.0146,25.78,0.0,0.0,0.0,0.0,0.0,0.0
1782724109.069,0.0,0.0,0.0,0.5942,0.8003,0.0215,0.0137,0.0137,0.0137,25.78,0.0,0.0,0.0,0.0,0.0,0.0
1782724114.08,0.0,0.0,0.0,0.5942,0.8003,0.0215,0.0132,0.0132,0.0137,25.78,0.0,0.0,0.0,13.3,0.0,0.0
1782724119.092,0.0,0.0,0.0,0.5942,0.8003,0.0215,0.0137,0.0132,0.0137,25.79,0.0,0.0,0.0,0.0,0.0,0.0
1782724124.103,0.0,0.0,0.0,0.5942,0.8003,0.0215,0.0127,0.0132,0.0142,25.79,0.0,0.0,0.0,0.0,0.0,0.0
1782724129.108,0.0,0.0,0.0,0.5942,0.8003,0.0215,0.0137,0.0132,0.0132,25.79,0.0,0.0,0.0,0.0,0.0,0.0
1782724134.121,0.0,0.0,0.0,0.5942,0.8003,0.0215,0.0137,0.0132,0.0142,25.79,0.05,0.05,0.05,0.0,0.0,0.0
1782724139.131,0.0,0.0,0.0,0.5942,0.8003,0.0215,0.0137,0.0142,0.0137,25.79,0.0,0.0,0.0,0.0,0.0,0.0
1782724144.136,0.0,0.0,0.0,0.5942,0.8003,0.0215,0.0137,0.0146,0.0142,25.79,0.0,0.0,0.0,0.0,0.0,0.0
1782724149.152,0.0,0.0,0.0,0.5942,0.8003,0.0215,0.0146,0.0132,0.0132,25.79,0.0,0.0,0.0,0.0,0.0,0.0
1782724154.161,0.0,0.0,0.0,0.5942,0.8003,0.0215,0.0132,0.0122,0.0156,25.79,0.0,0.0,0.0,0.0,0.0,0.0
1782724159.171,0.0,0.0,0.0,0.5942,0.8003,0.0215,0.0132,0.0137,0.0137,25.79,0.0,0.0,0.0,0.0,0.0,0.0
1782724164.183,0.0,0.0,0.0,0.5942,0.8003,0.0215,0.0137,0.0132,0.0132,25.79,0.0,0.0,0.0,0.0,0.0,0.0
1782724169.192,0.0,0.0,0.0,0.5942,0.8003,0.0215,0.0137,0.0132,0.0137,25.79,0.0,0.0,0.0,0.0,0.0,0.0
1782724174.202,0.051,0.053,0.048,0.5942,0.8003,0.0215,0.0142,0.0132,0.0146,25.79,1.29,1.33,1.21,0.0,0.0,0.0
1782724179.215,0.0,0.0,0.0,0.5942,0.8003,0.0215,0.0142,0.0137,0.0137,25.79,0.0,0.0,0.0,0.0,0.0,0.0
1782724184.225,0.0,0.0,0.0,0.5942,0.8003,0.0215,0.0132,0.0137,0.0142,25.79,0.0,0.0,0.0,0.0,0.0,0.0
1782724189.232,0.0,0.0,0.0,0.5942,0.8003,0.0215,0.0142,0.0142,0.0137,25.79,0.07,0.07,0.07,0.0,0.0,0.0
1782724194.247,0.0,0.0,0.0,0.5942,0.8003,0.0215,0.0132,0.0127,0.0146,25.79,0.02,0.02,0.02,0.0,0.0,0.0
1782724199.256,0.002,0.002,0.002,0.5942,0.8003,0.0215,0.0146,0.0142,0.0151,25.79,0.23,0.23,0.22,17.6,126.0,12.9
1782724204.273,0.0,0.0,0.0,0.5942,0.8003,0.0215,0.0137,0.0137,0.0137,25.79,0.0,0.0,0.0,0.0,0.0,0.0
1782724209.285,0.0,0.0,0.0,0.5942,0.8003,0.0215,0.0142,0.0137,0.0151,25.79,0.0,0.0,0.0,91.3,84.8,37.7
1782724214.294,0.0,0.0,0.0,0.5942,0.8003,0.0215,0.0137,0.0132,0.0146,25.79,0.0,0.0,0.0,0.0,0.0,0.0
1782724219.301,0.0,0.0,0.0,0.5942,0.8003,0.0215,0.0132,0.0132,0.0142,25.79,0.0,0.0,0.0,0.0,0.0,0.0
1782724224.308,0.0,0.0,0.0,0.5942,0.8003,0.0215,0.0146,0.0137,0.0142,25.78,0.0,0.0,0.0,0.0,0.0,0.0
1782724229.317,0.0,0.0,0.0,0.5942,0.8003,0.0215,0.0132,0.0137,0.0137,25.78,0.0,0.0,0.0,0.0,0.0,0.0
1782724234.323,0.0,0.0,0.0,0.5942,0.8003,0.0215,0.0132,0.0142,0.0137,25.78,0.0,0.0,0.0,0.0,0.0,0.0
1782724239.328,0.0,0.0,0.0,0.5942,0.8003,0.0215,0.0132,0.0127,0.0142,25.78,0.0,0.0,0.0,0.0,0.0,0.0
1782724244.337,0.0,0.0,0.0,0.5942,0.8003,0.0215,0.0132,0.0132,0.0142,25.78,0.0,0.0,0.0,0.0,0.0,0.0
1782724249.348,0.0,0.0,0.0,0.5942,0.8003,0.0215,0.0142,0.0142,0.0137,25.78,0.0,0.0,0.0,0.0,0.0,0.0
1782724254.358,0.0,0.0,0.0,0.5942,0.8003,0.0215,0.0137,0.0137,0.0137,25.78,0.0,0.0,0.0,0.0,0.0,0.0
1782724259.366,0.0,0.0,0.0,0.5942,0.8003,0.0215,0.0142,0.0142,0.0142,25.77,0.0,0.0,0.0,0.0,0.0,0.0
1782724264.376,0.0,0.0,0.0,0.5942,0.8003,0.0215,0.0137,0.0132,0.0142,25.77,0.0,0.0,0.0,0.0,0.0,0.0
1782724269.382,0.0,0.0,0.0,0.5942,0.8003,0.0215,0.0137,0.0142,0.0142,25.77,0.0,0.0,0.0,0.0,0.0,0.0
1782724274.392,0.0,0.0,0.0,0.5942,0.8003,0.0215,0.0132,0.0132,0.0146,25.77,0.0,0.0,0.0,0.0,0.0,0.0
1782724279.405,0.0,0.0,0.0,0.5942,0.8003,0.0215,0.0127,0.0132,0.0142,25.77,0.0,0.0,0.0,0.0,0.0,0.0
1782724284.413,0.0,0.0,0.0,0.5942,0.8003,0.0215,0.0137,0.0132,0.0137,25.76,0.0,0.0,0.0,0.0,0.0,0.0
1782724289.428,0.0,0.0,0.0,0.5942,0.8003,0.0215,0.0137,0.0137,0.0132,25.77,0.0,0.0,0.0,0.0,0.0,0.0
1782724294.441,0.0,0.0,0.0,0.5942,0.8003,0.0215,0.0132,0.0142,0.0146,25.76,0.0,0.0,0.0,0.0,0.0,0.0
1782724299.45,0.0,0.0,0.0,0.5942,0.8003,0.0215,0.0137,0.0132,0.0142,25.76,0.0,0.0,0.0,0.0,0.0,0.0
1782724304.463,0.0,0.0,0.0,0.5942,0.8003,0.0215,0.0137,0.0142,0.0166,25.76,0.0,0.0,0.0,0.0,0.0,0.0
1782724309.473,0.0,0.0,0.0,0.5942,0.8003,0.0215,0.0127,0.0137,0.0137,25.76,0.0,0.0,0.0,0.0,0.0,0.0
1782724314.483,0.0,0.0,0.0,0.5942,0.8003,0.0215,0.0146,0.0132,0.0146,25.75,0.0,0.0,0.0,0.0,0.0,0.0
1782724319.495,0.0,0.0,0.0,0.5942,0.8003,0.0215,0.0137,0.0142,0.0137,25.75,0.0,0.0,0.0,0.0,0.0,0.0
1782724324.502,0.0,0.0,0.0,0.5942,0.8003,0.0215,0.0146,0.0137,0.0137,25.75,0.0,0.0,0.0,0.0,0.0,0.0
1782724329.513,0.0,0.0,0.0,0.5942,0.8003,0.0215,0.0137,0.0137,0.0146,25.75,0.0,0.0,0.0,0.0,0.0,0.0
1782724334.526,0.0,0.0,0.0,0.5942,0.8003,0.022,0.0137,0.0137,0.0146,25.75,0.0,0.0,0.0,0.0,0.0,0.0
1782724339.536,0.0,0.0,0.0,0.5942,0.8003,0.022,0.0137,0.0137,0.0142,25.74,0.0,0.0,0.0,0.0,0.0,0.0
1782724344.551,0.0,0.0,0.0,0.5942,0.8003,0.022,0.0137,0.0132,0.0146,25.74,0.0,0.0,0.0,0.0,0.0,0.0
1782724349.562,0.0,0.0,0.0,0.5942,0.8003,0.022,0.0151,0.0137,0.0156,25.74,0.0,0.0,0.0,0.0,0.0,0.0
1782724354.569,0.0,0.0,0.0,0.5942,0.8003,0.022,0.0137,0.0132,0.0151,25.74,0.0,0.0,0.0,0.0,0.0,0.0
1782724359.578,0.0,0.0,0.0,0.5942,0.8003,0.022,0.0137,0.0137,0.0151,25.75,0.0,0.0,0.0,0.0,0.0,0.0
1782724364.586,0.0,0.0,0.0,0.5942,0.8003,0.022,0.0137,0.0142,0.0137,25.75,0.0,0.0,0.0,0.0,0.0,0.0
1782724369.594,0.0,0.0,0.0,0.5942,0.8003,0.022,0.0137,0.0127,0.0137,25.75,0.0,0.0,0.0,0.0,0.0,0.0
1782724374.602,0.003,0.003,0.003,0.5942,0.8003,0.022,0.0142,0.0132,0.0156,25.75,0.25,0.25,0.23,77.6,126.5,9.9
1782724379.611,0.004,0.004,0.004,0.5942,0.8003,0.022,0.0137,0.0127,0.0146,25.75,0.33,0.34,0.31,0.0,0.0,0.0
1782724384.616,0.0,0.0,0.0,0.5942,0.8003,0.022,0.0142,0.0132,0.0146,25.75,0.0,0.0,0.0,0.0,0.0,0.0
1782724389.626,0.0,0.0,0.0,0.5942,0.8003,0.022,0.0137,0.0132,0.0151,25.75,0.02,0.03,0.02,38.4,125.7,52.8
1782724394.631,0.0,0.0,0.0,0.5942,0.8003,0.022,0.0137,0.0132,0.0142,25.76,0.0,0.0,0.0,0.0,0.0,0.0
1782724399.639,0.0,0.0,0.0,0.5942,0.8003,0.022,0.0137,0.0132,0.0137,25.76,0.0,0.0,0.0,0.0,0.0,0.0
1782724404.651,0.0,0.0,0.0,0.5942,0.8003,0.022,0.0142,0.0137,0.0151,25.76,0.0,0.0,0.0,0.0,0.0,0.0
1782724409.659,0.0,0.0,0.0,0.5942,0.8003,0.0215,0.0137,0.0146,0.0151,25.76,0.0,0.0,0.0,0.0,0.0,0.0
1782724414.667,0.0,0.0,0.0,0.5942,0.8003,0.0215,0.0137,0.0137,0.0146,25.76,0.0,0.0,0.0,0.0,0.0,0.0
1782724419.674,0.0,0.0,0.0,0.5942,0.8003,0.0215,0.0132,0.0137,0.0137,25.77,0.0,0.0,0.0,0.0,0.0,0.0
1782724424.682,0.0,0.0,0.0,0.5942,0.8003,0.0215,0.0132,0.0132,0.0137,25.77,0.0,0.0,0.0,0.0,0.0,0.0
1782724429.691,0.0,0.0,0.0,0.5942,0.8003,0.0215,0.0142,0.0137,0.0142,25.77,0.0,0.0,0.0,0.0,0.0,0.0
1782724434.702,0.0,0.0,0.0,0.5942,0.8003,0.0215,0.0137,0.0137,0.0132,25.77,0.0,0.0,0.0,0.0,0.0,0.0
1782724439.711,0.0,0.0,0.0,0.5942,0.8003,0.0215,0.0137,0.0142,0.0146,25.78,0.0,0.0,0.0,0.0,0.0,0.0
1782724444.717,0.0,0.0,0.0,0.5942,0.8003,0.0215,0.0142,0.0137,0.0146,25.78,0.0,0.0,0.0,0.0,0.0,0.0
1782724449.726,0.0,0.0,0.0,0.5942,0.8003,0.0215,0.0142,0.0127,0.0142,25.78,0.0,0.0,0.0,0.0,0.0,0.0
1782724454.734,0.0,0.0,0.0,0.5942,0.8003,0.0215,0.0132,0.0132,0.0146,25.79,0.0,0.0,0.0,0.0,0.0,0.0
1782724459.745,0.0,0.0,0.0,0.5942,0.8003,0.0215,0.0137,0.0137,0.0132,25.79,0.0,0.0,0.0,0.0,0.0,0.0
1782724464.751,0.0,0.0,0.0,0.5942,0.8003,0.0215,0.0137,0.0132,0.0137,25.79,0.0,0.0,0.0,0.0,0.0,0.0
1782724469.759,0.0,0.0,0.0,0.5942,0.8003,0.0215,0.0142,0.0142,0.0146,25.79,0.0,0.0,0.0,0.0,0.0,0.0
1782724474.768,0.0,0.0,0.0,0.5942,0.8003,0.0215,0.0132,0.0132,0.0137,25.79,0.0,0.0,0.0,0.0,0.0,0.0
1782724479.776,0.0,0.0,0.0,0.5942,0.8003,0.0215,0.0137,0.0137,0.0146,25.8,0.0,0.0,0.0,0.0,0.0,0.0
1782724484.785,0.0,0.0,0.0,0.5942,0.8003,0.0215,0.0146,0.0132,0.0142,25.8,0.0,0.0,0.0,0.0,0.0,0.0
1782724489.794,0.0,0.0,0.0,0.5942,0.8003,0.0215,0.0137,0.0142,0.0137,25.8,0.0,0.0,0.0,0.0,0.0,0.0
1782724494.8,0.0,0.0,0.0,0.5942,0.8003,0.0215,0.0142,0.0142,0.0146,25.8,0.0,0.0,0.0,0.0,0.0,0.0
1782724499.811,0.0,0.0,0.0,0.5942,0.8003,0.0215,0.0146,0.0137,0.0146,25.8,0.0,0.0,0.0,0.0,0.0,0.0
1782724504.818,0.0,0.0,0.0,0.5942,0.8003,0.0215,0.0142,0.0132,0.0142,25.8,0.0,0.0,0.0,0.0,0.0,0.0
1782724509.826,0.0,0.0,0.0,0.5942,0.8003,0.0215,0.0132,0.0142,0.0137,25.81,0.0,0.0,0.0,0.0,0.0,0.0
1782724514.834,0.0,0.0,0.0,0.5942,0.8003,0.0215,0.0137,0.0142,0.0137,25.81,0.0,0.0,0.0,0.0,0.0,0.0
1782724519.84,0.0,0.0,0.0,0.5942,0.8003,0.0215,0.0137,0.0137,0.0146,25.81,0.0,0.0,0.0,0.0,0.0,0.0
1782724524.848,0.0,0.0,0.0,0.5942,0.8003,0.0215,0.0122,0.0137,0.0146,25.81,0.0,0.0,0.0,0.0,0.0,0.0
1782724529.859,0.0,0.0,0.0,0.5942,0.8003,0.0215,0.0137,0.0137,0.0142,25.81,0.0,0.0,0.0,0.0,0.0,0.0
1782724534.867,0.0,0.0,0.0,0.5942,0.8003,0.0215,0.0137,0.0127,0.0146,25.81,0.0,0.0,0.0,0.0,0.0,0.0
1782724539.874,0.0,0.0,0.0,0.5942,0.8003,0.0215,0.0142,0.0132,0.0132,25.81,0.0,0.0,0.0,0.0,0.0,0.0
1782724544.885,0.0,0.0,0.0,0.5942,0.8003,0.0215,0.0142,0.0137,0.0146,25.82,0.0,0.0,0.0,0.0,0.0,0.0
1782724549.894,0.0,0.0,0.0,0.5942,0.8003,0.0215,0.0137,0.0137,0.0146,25.82,0.0,0.0,0.0,0.0,0.0,0.0
1782724554.902,0.0,0.0,0.0,0.5942,0.8003,0.0215,0.0137,0.0137,0.0142,25.82,0.0,0.0,0.0,0.0,0.0,0.0
1782724559.912,0.0,0.0,0.0,0.5942,0.8003,0.0215,0.0142,0.0132,0.0137,25.82,0.0,0.0,0.0,0.0,0.0,0.0
1782724564.918,0.0,0.0,0.0,0.5942,0.8003,0.0215,0.0146,0.0137,0.0142,25.83,0.0,0.0,0.0,0.0,0.0,0.0
1782724569.926,0.0,0.0,0.0,0.5942,0.8003,0.0215,0.0132,0.0137,0.0146,25.83,0.01,0.01,0.01,0.0,0.0,0.0
1782724574.933,0.0,0.0,0.0,0.5942,0.8003,0.0215,0.0132,0.0137,0.0151,25.84,0.0,0.0,0.0,0.0,0.0,0.0
1782724579.941,0.0,0.0,0.0,0.5942,0.8003,0.0215,0.0137,0.0132,0.0142,25.84,0.0,0.0,0.0,0.0,0.0,0.0
1782724584.951,0.0,0.0,0.0,0.5942,0.8003,0.0215,0.0137,0.0137,0.0146,25.84,0.0,0.0,0.0,0.0,0.0,0.0
1782724589.96,0.0,0.0,0.0,0.5942,0.8003,0.0215,0.0137,0.0132,0.0146,25.84,0.0,0.0,0.0,0.0,0.0,0.0
1782724594.968,0.0,0.0,0.0,0.5942,0.8003,0.0215,0.0137,0.0132,0.0151,25.85,0.0,0.0,0.0,0.0,0.0,0.0
1782724599.979,0.0,0.0,0.0,0.5942,0.8003,0.0215,0.0146,0.0132,0.0146,25.85,0.0,0.0,0.0,0.0,0.0,0.0
1782724604.985,0.0,0.0,0.0,0.5942,0.8003,0.0215,0.0137,0.0132,0.0146,25.85,0.0,0.0,0.0,0.0,0.0,0.0
1782724609.99,0.0,0.0,0.0,0.5942,0.8003,0.0215,0.0132,0.0137,0.0142,25.85,0.0,0.0,0.0,0.0,0.0,0.0
1782724615.0,0.0,0.0,0.0,0.5942,0.8003,0.0215,0.0142,0.0127,0.0142,25.85,0.0,0.0,0.0,0.0,0.0,0.0
1782724620.007,0.0,0.0,0.0,0.5942,0.8003,0.0215,0.0132,0.0132,0.0137,25.85,0.0,0.0,0.0,0.0,0.0,0.0
1782724625.014,0.0,0.0,0.0,0.5942,0.8003,0.0215,0.0142,0.0137,0.0132,25.86,0.0,0.0,0.0,0.0,0.0,0.0
1782724630.022,0.0,0.0,0.0,0.5942,0.8003,0.0215,0.0142,0.0132,0.0142,25.86,0.0,0.0,0.0,0.0,0.0,0.0
1782724635.029,0.0,0.0,0.0,0.5942,0.8003,0.0215,0.0142,0.0142,0.0137,25.86,0.0,0.0,0.0,0.0,0.0,0.0
1782724640.037,0.0,0.0,0.0,0.5942,0.8003,0.0215,0.0137,0.0137,0.0142,25.86,0.0,0.0,0.0,0.0,0.0,0.0
1782724645.048,0.0,0.0,0.0,0.5942,0.8003,0.0215,0.0137,0.0132,0.0127,25.86,0.01,0.01,0.01,0.0,0.0,0.0
1782724650.057,0.0,0.0,0.0,0.5942,0.8003,0.0215,0.0137,0.0132,0.0137,25.87,0.0,0.0,0.0,0.0,0.0,0.0
1782724655.062,0.0,0.0,0.0,0.5942,0.8003,0.021,0.0137,0.0142,0.0151,25.87,0.0,0.0,0.0,0.0,0.0,0.0
1782724660.071,0.0,0.0,0.0,0.5942,0.8003,0.021,0.0137,0.0132,0.0142,25.87,0.0,0.0,0.0,0.0,0.0,0.0
1782724665.081,0.0,0.0,0.0,0.5942,0.8003,0.021,0.0137,0.0137,0.0142,25.87,0.0,0.0,0.0,0.0,0.0,0.0
1782724670.095,0.0,0.0,0.0,0.5942,0.8003,0.021,0.0137,0.0142,0.0151,25.87,0.06,0.07,0.06,0.0,0.0,0.0
1782724675.104,0.0,0.0,0.0,0.5942,0.8003,0.021,0.0137,0.0146,0.0146,25.87,0.0,0.0,0.0,0.0,0.0,0.0
1782724680.113,0.0,0.0,0.0,0.5942,0.8003,0.021,0.0137,0.0127,0.0142,25.88,0.0,0.0,0.0,0.0,0.0,0.0
1782724685.124,0.0,0.0,0.0,0.5942,0.8003,0.021,0.0137,0.0137,0.0137,25.88,0.0,0.0,0.0,0.0,0.0,0.0
1782724690.139,0.0,0.0,0.0,0.5942,0.8003,0.021,0.0146,0.0132,0.0146,25.88,0.0,0.0,0.0,0.0,0.0,0.0
1782724695.15,0.0,0.0,0.0,0.5942,0.8003,0.021,0.0142,0.0132,0.0142,25.88,0.0,0.0,0.0,0.0,0.0,0.0
1782724700.165,0.0,0.0,0.0,0.5942,0.8003,0.021,0.0132,0.0132,0.0146,25.88,0.0,0.0,0.0,0.0,0.0,0.0
1782724705.174,0.0,0.0,0.0,0.5942,0.8003,0.021,0.0132,0.0137,0.0146,25.88,0.0,0.0,0.0,0.0,0.0,0.0
1782724710.184,0.0,0.0,0.0,0.5942,0.8003,0.021,0.0137,0.0132,0.0137,25.89,0.0,0.0,0.0,0.0,0.0,0.0
1782724715.194,0.0,0.0,0.0,0.5942,0.8003,0.021,0.0132,0.0137,0.0142,25.89,0.0,0.0,0.0,0.0,0.0,0.0
1782724720.203,0.0,0.0,0.0,0.5942,0.8003,0.021,0.0137,0.0132,0.0142,25.89,0.0,0.0,0.0,0.0,0.0,0.0
1782724725.213,0.0,0.0,0.0,0.5942,0.8003,0.021,0.0137,0.0132,0.0151,25.89,0.0,0.0,0.0,0.0,0.0,0.0
1782724730.222,0.0,0.0,0.0,0.5942,0.8003,0.021,0.0137,0.0132,0.0146,25.89,0.0,0.0,0.0,0.0,0.0,0.0
1782724735.23,0.0,0.0,0.0,0.5942,0.8003,0.021,0.0137,0.0137,0.0146,25.89,0.0,0.0,0.0,0.0,0.0,0.0
1782724740.236,0.0,0.0,0.0,0.5942,0.8003,0.021,0.0132,0.0132,0.0142,25.9,0.01,0.01,0.01,0.0,0.0,0.0
1782724745.247,0.0,0.0,0.0,0.5942,0.8003,0.021,0.0127,0.0127,0.0146,25.9,0.0,0.0,0.0,0.0,0.0,0.0
1782724750.255,0.0,0.0,0.0,0.5942,0.8003,0.021,0.0137,0.0127,0.0146,25.9,0.0,0.0,0.0,0.0,0.0,0.0
1782724755.264,0.0,0.0,0.0,0.5942,0.8003,0.021,0.0142,0.0137,0.0132,25.9,0.0,0.0,0.0,0.0,0.0,0.0
1782724760.274,0.0,0.0,0.0,0.5942,0.8003,0.021,0.0137,0.0127,0.0151,25.9,0.06,0.06,0.06,97.5,118.3,59.0
1782724765.284,0.001,0.001,0.001,0.5942,0.8003,0.021,0.0146,0.0132,0.0146,25.91,0.13,0.13,0.12,87.3,109.4,9.4
1782724770.293,0.0,0.0,0.0,0.5942,0.8003,0.021,0.0137,0.0137,0.0137,25.9,0.0,0.0,0.0,0.0,0.0,0.0
1782724775.302,0.0,0.0,0.0,0.5942,0.8003,0.021,0.0137,0.0132,0.0137,25.91,0.0,0.0,0.0,0.0,0.0,0.0
1782724780.31,0.0,0.0,0.0,0.5942,0.8003,0.021,0.0142,0.0137,0.0137,25.91,0.0,0.0,0.0,0.0,0.0,0.0
1782724785.317,0.0,0.0,0.0,0.5942,0.8003,0.021,0.0137,0.0132,0.0137,25.91,0.0,0.0,0.0,0.0,0.0,0.0
1782724790.326,0.0,0.0,0.0,0.5942,0.8003,0.021,0.0142,0.0132,0.0151,25.91,0.0,0.0,0.0,0.0,0.0,0.0
1782724795.333,0.0,0.0,0.0,0.5942,0.8003,0.021,0.0137,0.0137,0.0142,25.91,0.0,0.0,0.0,0.0,0.0,0.0
1782724800.342,0.0,0.0,0.0,0.5942,0.8003,0.021,0.0142,0.0132,0.0142,25.91,0.0,0.0,0.0,0.0,0.0,0.0
1782724805.35,0.0,0.0,0.0,0.5942,0.8003,0.021,0.0137,0.0137,0.0142,25.91,0.0,0.0,0.0,0.0,0.0,0.0
1782724810.359,0.0,0.0,0.0,0.5942,0.8003,0.021,0.0142,0.0137,0.0137,25.91,0.0,0.0,0.0,0.0,0.0,0.0
1782724815.369,0.0,0.0,0.0,0.5942,0.8003,0.021,0.0137,0.0132,0.0146,25.92,0.0,0.0,0.0,0.0,0.0,0.0
1782724820.376,0.0,0.0,0.0,0.5942,0.8003,0.021,0.0132,0.0132,0.0142,25.92,0.0,0.0,0.0,0.0,0.0,0.0
1782724825.382,0.0,0.0,0.0,0.5942,0.8003,0.021,0.0137,0.0137,0.0142,25.92,0.0,0.0,0.0,0.0,0.0,0.0
1782724830.396,0.0,0.0,0.0,0.5942,0.8003,0.021,0.0137,0.0137,0.0146,25.92,0.0,0.0,0.0,0.0,0.0,0.0
1782724835.406,0.0,0.0,0.0,0.5942,0.8003,0.021,0.0132,0.0132,0.0127,25.92,0.0,0.0,0.0,0.0,0.0,0.0
1782724840.418,0.0,0.0,0.0,0.5942,0.8003,0.021,0.0137,0.0137,0.0132,25.92,0.0,0.0,0.0,0.0,0.0,0.0
1782724845.427,0.0,0.0,0.0,0.5942,0.8003,0.021,0.0137,0.0132,0.0142,25.92,0.0,0.0,0.0,0.0,0.0,0.0
1782724850.438,0.0,0.0,0.0,0.5942,0.8003,0.021,0.0132,0.0142,0.0132,25.92,0.0,0.0,0.0,0.0,0.0,0.0
1782724855.449,0.003,0.004,0.003,0.5942,0.8003,0.021,0.0137,0.0137,0.0156,25.93,0.31,0.32,0.3,120.5,22.5,12.4
1782724860.46,0.0,0.0,0.0,0.5942,0.8003,0.021,0.0137,0.0137,0.0142,25.92,0.0,0.0,0.0,0.0,0.0,0.0
1782724865.468,0.0,0.0,0.0,0.5942,0.8003,0.021,0.0127,0.0137,0.0132,25.92,0.0,0.0,0.0,0.0,0.0,0.0
1782724870.482,0.0,0.0,0.0,0.5942,0.8003,0.021,0.0137,0.0132,0.0151,25.93,0.0,0.0,0.0,0.0,0.0,0.0
1782724875.492,0.0,0.0,0.0,0.5942,0.8003,0.021,0.0142,0.0132,0.0142,25.93,0.0,0.0,0.0,0.0,0.0,0.0
1782724880.5,0.0,0.0,0.0,0.5942,0.8003,0.021,0.0132,0.0132,0.0142,25.93,0.0,0.0,0.0,0.0,0.0,0.0
1782724885.511,0.0,0.0,0.0,0.5942,0.8003,0.021,0.0142,0.0132,0.0151,25.93,0.0,0.0,0.0,0.0,0.0,0.0
1782724890.519,0.0,0.0,0.0,0.5942,0.8003,0.021,0.0132,0.0137,0.0137,25.93,0.0,0.0,0.0,0.0,0.0,0.0
1782724895.531,0.0,0.0,0.0,0.5942,0.8003,0.021,0.0132,0.0137,0.0137,25.93,0.0,0.0,0.0,0.0,0.0,0.0
1782724900.542,0.0,0.0,0.0,0.5942,0.8003,0.021,0.0137,0.0137,0.0132,25.93,0.0,0.0,0.0,0.0,0.0,0.0
1782724905.553,0.0,0.0,0.0,0.5942,0.8003,0.021,0.0142,0.0132,0.0142,25.93,0.0,0.0,0.0,0.0,0.0,0.0
1782724910.561,0.0,0.0,0.0,0.5942,0.8003,0.021,0.0146,0.0137,0.0146,25.93,0.0,0.0,0.0,0.0,0.0,0.0
1782724915.572,0.0,0.0,0.0,0.5942,0.8003,0.021,0.0137,0.0137,0.0137,25.93,0.0,0.0,0.0,0.0,0.0,0.0
1782724920.582,0.0,0.0,0.0,0.5942,0.8003,0.021,0.0132,0.0137,0.0151,25.94,0.0,0.0,0.0,0.0,0.0,0.0
1782724925.587,0.0,0.0,0.0,0.5942,0.8003,0.021,0.019,0.0181,0.0156,25.94,0.0,0.0,0.0,0.0,0.0,0.0
1782724930.599,0.0,0.0,0.0,0.5942,0.8003,0.021,0.0132,0.0127,0.0142,25.94,0.0,0.0,0.0,0.0,0.0,0.0
1782724935.605,0.0,0.0,0.0,0.5942,0.8003,0.021,0.0137,0.0132,0.0142,25.94,0.03,0.03,0.03,0.0,0.0,0.0
1782724940.611,0.0,0.0,0.0,0.5942,0.8003,0.021,0.0132,0.0132,0.0137,25.94,0.0,0.0,0.0,0.0,0.0,0.0
1782724945.62,0.103,0.106,0.099,0.5942,0.8003,0.021,0.0137,0.0132,0.0156,25.94,2.1,2.16,2.0,28.0,124.5,3.2
1782724950.631,0.0,0.0,0.0,0.5942,0.8003,0.021,0.0137,0.0132,0.0142,25.95,0.0,0.0,0.0,0.0,0.0,0.0
1782724955.642,0.0,0.0,0.0,0.5942,0.8003,0.021,0.0142,0.0132,0.0151,25.95,0.01,0.01,0.0,107.1,91.5,105.9
1782724960.646,0.0,0.0,0.0,0.5942,0.8003,0.021,0.0137,0.0132,0.0137,25.94,0.0,0.0,0.0,0.0,0.0,0.0
1782724965.652,0.0,0.0,0.0,0.5942,0.8003,0.021,0.0137,0.0132,0.0137,25.95,0.0,0.0,0.0,0.0,0.0,0.0
1782724970.662,0.0,0.0,0.0,0.5942,0.8003,0.021,0.0137,0.0132,0.0151,25.95,0.0,0.0,0.0,0.0,0.0,0.0
1782724975.666,0.0,0.0,0.0,0.5942,0.8003,0.021,0.0137,0.0142,0.0146,25.95,0.0,0.0,0.0,0.0,0.0,0.0
1782724980.676,0.0,0.0,0.0,0.5942,0.8003,0.021,0.0137,0.0132,0.0142,25.95,0.0,0.0,0.0,0.0,0.0,0.0
1782724985.686,0.0,0.0,0.0,0.5942,0.8003,0.021,0.0142,0.0137,0.0142,25.95,0.0,0.0,0.0,0.0,0.0,0.0
1782724990.696,0.0,0.0,0.0,0.5942,0.8003,0.021,0.0142,0.0146,0.0146,25.95,0.0,0.0,0.0,0.0,0.0,0.0
1782724995.704,0.0,0.0,0.0,0.5942,0.8003,0.021,0.0146,0.0137,0.0146,25.95,0.0,0.0,0.0,0.0,0.0,0.0
1782725000.721,0.0,0.0,0.0,0.5942,0.8003,0.021,0.0142,0.0132,0.0146,25.95,0.0,0.0,0.0,0.0,0.0,0.0
1782725005.731,0.0,0.0,0.0,0.5942,0.8003,0.021,0.0137,0.0137,0.0142,25.95,0.0,0.0,0.0,0.0,0.0,0.0
1782725010.742,0.0,0.0,0.0,0.5942,0.8003,0.021,0.0137,0.0132,0.0142,25.95,0.0,0.0,0.0,0.0,0.0,0.0
1782725015.753,0.0,0.0,0.0,0.5942,0.8003,0.021,0.0142,0.0137,0.0142,25.95,0.0,0.0,0.0,0.0,0.0,0.0
1782725020.763,0.0,0.0,0.0,0.5942,0.8003,0.021,0.0132,0.0137,0.0142,25.96,0.0,0.0,0.0,0.0,0.0,0.0
1782725025.777,0.0,0.0,0.0,0.5942,0.8003,0.021,0.0142,0.0137,0.0146,25.95,0.01,0.01,0.01,0.0,0.0,0.0
1782725030.787,0.0,0.0,0.0,0.5942,0.8003,0.021,0.0137,0.0137,0.0146,25.95,0.0,0.0,0.0,0.0,0.0,0.0
1782725035.799,0.0,0.0,0.0,0.5942,0.8003,0.021,0.0132,0.0137,0.0146,25.96,0.0,0.0,0.0,0.0,0.0,0.0
1782725040.811,0.0,0.0,0.0,0.5942,0.8003,0.021,0.0137,0.0132,0.0137,25.96,0.0,0.0,0.0,0.0,0.0,0.0
1782725045.823,0.0,0.0,0.0,0.5942,0.8003,0.021,0.0142,0.0137,0.0151,25.96,0.1,0.1,0.1,0.0,0.0,0.0
1782725050.837,0.0,0.0,0.0,0.5942,0.8003,0.021,0.0127,0.0142,0.0142,25.95,0.0,0.0,0.0,0.0,0.0,0.0
1782725055.85,0.0,0.0,0.0,0.5942,0.8003,0.021,0.0132,0.0142,0.0146,25.95,0.0,0.0,0.0,0.0,0.0,0.0
1782725060.86,0.0,0.0,0.0,0.5942,0.8003,0.021,0.0127,0.0132,0.0146,25.96,0.0,0.0,0.0,0.0,0.0,0.0
1782725065.871,0.0,0.0,0.0,0.5942,0.8003,0.021,0.0137,0.0132,0.0146,25.96,0.0,0.0,0.0,0.0,0.0,0.0
1782725070.886,0.0,0.0,0.0,0.5942,0.8003,0.021,0.0137,0.0137,0.0137,25.95,0.0,0.0,0.0,0.0,0.0,0.0
1782725075.895,0.0,0.0,0.0,0.5942,0.8003,0.021,0.0132,0.0137,0.0137,25.96,0.0,0.0,0.0,0.0,0.0,0.0
1782725080.905,0.0,0.0,0.0,0.5942,0.8003,0.021,0.0137,0.0137,0.0151,25.95,0.0,0.0,0.0,0.0,0.0,0.0
1782725085.918,0.0,0.0,0.0,0.5942,0.8003,0.021,0.0142,0.0132,0.0142,25.96,0.0,0.0,0.0,0.0,0.0,0.0
1782725090.928,0.0,0.0,0.0,0.5942,0.8003,0.021,0.0142,0.0137,0.0137,25.96,0.0,0.0,0.0,0.0,0.0,0.0
1782725095.943,0.0,0.0,0.0,0.5942,0.8003,0.021,0.0142,0.0132,0.0142,25.96,0.0,0.0,0.0,0.0,0.0,0.0
1782725100.954,0.0,0.0,0.0,0.5942,0.8003,0.021,0.0137,0.0137,0.0142,25.95,0.0,0.0,0.0,0.0,0.0,0.0
1782725105.966,0.0,0.0,0.0,0.5942,0.8003,0.021,0.0142,0.0146,0.0137,25.95,0.0,0.0,0.0,0.0,0.0,0.0
1782725110.978,0.0,0.0,0.0,0.5942,0.8003,0.021,0.0132,0.0122,0.0146,25.96,0.0,0.0,0.0,0.0,0.0,0.0
1782725115.988,0.0,0.0,0.0,0.5942,0.8003,0.021,0.0127,0.0132,0.0137,25.95,0.0,0.0,0.0,0.0,0.0,0.0
1782725121.001,0.0,0.0,0.0,0.5942,0.8003,0.021,0.0137,0.0146,0.0137,25.96,0.0,0.0,0.0,0.0,0.0,0.0
1782725126.008,0.0,0.0,0.0,0.5942,0.8003,0.021,0.0132,0.0137,0.0146,25.96,0.0,0.0,0.0,0.0,0.0,0.0
1782725131.02,0.002,0.002,0.002,0.5942,0.8003,0.021,0.0137,0.0137,0.0146,25.96,0.27,0.27,0.26,0.0,0.0,0.0
1782725136.029,0.0,0.0,0.0,0.5942,0.8003,0.021,0.0142,0.0132,0.0142,25.96,0.0,0.0,0.0,0.0,0.0,0.0
1782725141.038,0.0,0.0,0.0,0.5942,0.8003,0.021,0.0132,0.0137,0.0146,25.96,0.0,0.0,0.0,0.0,0.0,0.0
1782725146.044,0.0,0.0,0.0,0.5942,0.8003,0.021,0.0137,0.0137,0.0142,25.96,0.0,0.0,0.0,0.0,0.0,0.0
1782725151.052,0.0,0.0,0.0,0.5942,0.8003,0.021,0.0137,0.0137,0.0146,25.96,0.0,0.0,0.0,0.0,0.0,0.0
1782725156.064,0.0,0.0,0.0,0.5942,0.8003,0.021,0.0137,0.0132,0.0142,25.96,0.0,0.0,0.0,0.0,0.0,0.0
1782725161.073,0.0,0.0,0.0,0.5942,0.8003,0.021,0.0137,0.0142,0.0142,25.96,0.0,0.0,0.0,0.0,0.0,0.0
1782725166.082,0.0,0.0,0.0,0.5942,0.8003,0.021,0.0137,0.0137,0.0142,25.96,0.0,0.0,0.0,0.0,0.0,0.0
1782725171.092,0.0,0.0,0.0,0.5942,0.8003,0.021,0.0137,0.0142,0.0146,25.96,0.0,0.0,0.0,0.0,0.0,0.0
1782725176.1,0.0,0.0,0.0,0.5942,0.8003,0.021,0.0137,0.0137,0.0142,25.96,0.0,0.0,0.0,0.0,0.0,0.0
1782725181.107,0.0,0.0,0.0,0.5942,0.8003,0.021,0.0137,0.0132,0.0142,25.96,0.0,0.0,0.0,0.0,0.0,0.0
1782725186.116,0.0,0.0,0.0,0.5942,0.8003,0.021,0.0137,0.0122,0.0146,25.96,0.0,0.0,0.0,0.0,0.0,0.0
1782725191.128,0.0,0.0,0.0,0.5942,0.8003,0.021,0.0137,0.0132,0.0137,25.96,0.0,0.0,0.0,0.0,0.0,0.0
1782725196.134,0.0,0.0,0.0,0.5942,0.8003,0.021,0.0137,0.0127,0.0137,25.96,0.0,0.0,0.0,0.0,0.0,0.0
1782725201.144,0.0,0.0,0.0,0.5942,0.8003,0.021,0.0142,0.0127,0.0137,25.97,0.01,0.01,0.01,0.0,0.0,0.0
1782725206.158,0.0,0.0,0.0,0.5942,0.8003,0.021,0.0146,0.0142,0.0146,25.96,0.09,0.1,0.09,0.0,0.0,0.0
1782725211.171,0.0,0.0,0.0,0.5942,0.8003,0.021,0.0137,0.0132,0.0142,25.96,0.0,0.0,0.0,0.0,0.0,0.0
1782725216.178,0.0,0.0,0.0,0.5942,0.8003,0.021,0.0132,0.0142,0.0151,25.96,0.04,0.04,0.04,0.0,0.0,0.0
1782725221.191,0.0,0.0,0.0,0.5942,0.8003,0.021,0.0132,0.0142,0.0142,25.96,0.0,0.0,0.0,0.0,0.0,0.0
1782725226.202,0.0,0.0,0.0,0.5942,0.8003,0.021,0.0137,0.0132,0.0142,25.96,0.02,0.02,0.02,0.0,0.0,0.0
1782725231.213,0.0,0.0,0.0,0.5942,0.8003,0.021,0.0132,0.0137,0.0146,25.96,0.0,0.0,0.0,0.0,0.0,0.0
1782725236.226,0.0,0.0,0.0,0.5942,0.8003,0.021,0.0132,0.0137,0.0137,25.96,0.0,0.0,0.0,0.0,0.0,0.0
1782725241.235,0.0,0.0,0.0,0.5942,0.8003,0.021,0.0142,0.0142,0.0146,25.96,0.01,0.01,0.01,0.0,0.0,0.0
1782725246.245,0.0,0.0,0.0,0.5942,0.8003,0.021,0.0137,0.0137,0.0146,25.96,0.0,0.0,0.0,0.0,0.0,0.0
1782725251.256,0.0,0.0,0.0,0.5942,0.8003,0.021,0.0132,0.0132,0.0146,25.96,0.0,0.0,0.0,0.0,0.0,0.0
1782725256.271,0.0,0.0,0.0,0.5942,0.8003,0.021,0.0132,0.0132,0.0142,25.96,0.0,0.0,0.0,0.0,0.0,0.0
1782725261.283,0.0,0.0,0.0,0.5942,0.8003,0.021,0.0142,0.0137,0.0137,25.97,0.0,0.0,0.0,0.0,0.0,0.0
1782725266.288,0.0,0.0,0.0,0.5942,0.8003,0.021,0.0137,0.0127,0.0151,25.97,0.0,0.0,0.0,0.0,0.0,0.0
1782725271.3,0.0,0.0,0.0,0.5942,0.8003,0.021,0.0137,0.0132,0.0146,25.97,0.0,0.0,0.0,0.0,0.0,0.0
1782725276.307,0.0,0.0,0.0,0.5942,0.8003,0.021,0.0142,0.0137,0.0142,25.97,0.0,0.0,0.0,0.0,0.0,0.0
1782725281.319,0.0,0.0,0.0,0.5942,0.8003,0.021,0.0132,0.0137,0.0132,25.96,0.0,0.0,0.0,0.0,0.0,0.0
1782725286.331,0.0,0.0,0.0,0.5942,0.8003,0.021,0.0142,0.0142,0.0137,25.96,0.0,0.0,0.0,0.0,0.0,0.0
1782725291.339,0.0,0.0,0.0,0.5942,0.8003,0.021,0.0137,0.0142,0.0137,25.96,0.0,0.0,0.0,0.0,0.0,0.0
1782725296.348,0.0,0.0,0.0,0.5942,0.8003,0.021,0.0142,0.0137,0.0142,25.97,0.0,0.0,0.0,0.0,0.0,0.0
1782725301.36,0.0,0.0,0.0,0.5942,0.8003,0.021,0.0137,0.0137,0.0146,25.97,0.0,0.0,0.0,0.0,0.0,0.0
1782725306.371,0.0,0.0,0.0,0.5942,0.8003,0.021,0.0142,0.0132,0.0137,25.96,0.0,0.0,0.0,0.0,0.0,0.0
1782725311.382,0.0,0.0,0.0,0.5942,0.8003,0.021,0.0137,0.0132,0.0142,25.96,0.05,0.05,0.04,0.0,0.0,0.0
1782725316.392,0.0,0.0,0.0,0.5942,0.8003,0.021,0.0137,0.0137,0.0137,25.96,0.0,0.0,0.0,0.0,0.0,0.0
1782725321.402,0.0,0.0,0.0,0.5942,0.8003,0.021,0.0137,0.0132,0.0151,25.96,0.05,0.05,0.05,0.0,0.0,0.0
1782725326.414,0.0,0.0,0.0,0.5942,0.8003,0.021,0.0142,0.0142,0.0142,25.96,0.05,0.05,0.05,0.0,0.0,0.0
1782725331.42,0.0,0.0,0.0,0.5942,0.8003,0.021,0.0132,0.0132,0.0137,25.96,0.0,0.0,0.0,0.0,0.0,0.0
1782725336.428,0.0,0.0,0.0,0.5942,0.8003,0.021,0.0137,0.0137,0.0146,25.97,0.0,0.0,0.0,0.0,0.0,0.0
1782725341.442,0.0,0.0,0.0,0.5942,0.8003,0.021,0.0137,0.0132,0.0142,25.97,0.0,0.0,0.0,0.0,0.0,0.0
1782725346.452,0.0,0.0,0.0,0.5942,0.8003,0.021,0.0132,0.0137,0.0151,25.97,0.0,0.0,0.0,0.0,0.0,0.0
1782725351.465,0.0,0.0,0.0,0.5942,0.8003,0.021,0.0137,0.0137,0.0137,25.97,0.0,0.0,0.0,0.0,0.0,0.0
1782725356.478,0.0,0.0,0.0,0.5942,0.8003,0.021,0.0137,0.0137,0.0132,25.97,0.0,0.0,0.0,0.0,0.0,0.0
1782725361.486,0.0,0.0,0.0,0.5942,0.8003,0.021,0.0132,0.0122,0.0127,25.97,0.0,0.0,0.0,0.0,0.0,0.0
1782725366.498,0.0,0.0,0.0,0.5942,0.8003,0.021,0.0132,0.0132,0.0137,25.97,0.0,0.0,0.0,0.0,0.0,0.0
1782725371.508,0.0,0.0,0.0,0.5942,0.8003,0.021,0.0132,0.0132,0.0142,25.97,0.0,0.0,0.0,0.0,0.0,0.0
1782725376.522,0.0,0.0,0.0,0.5942,0.8003,0.021,0.0137,0.0132,0.0142,25.97,0.0,0.0,0.0,0.0,0.0,0.0
1782725381.528,0.0,0.0,0.0,0.5942,0.8003,0.021,0.0146,0.0132,0.0146,25.97,0.0,0.0,0.0,0.0,0.0,0.0
1782725386.536,0.0,0.0,0.0,0.5942,0.8003,0.021,0.0137,0.0137,0.0142,25.97,0.01,0.01,0.01,0.0,0.0,0.0
1782725391.548,0.0,0.0,0.0,0.5942,0.8003,0.021,0.0137,0.0132,0.0137,25.97,0.0,0.0,0.0,0.0,0.0,0.0
1782725396.559,0.0,0.0,0.0,0.5942,0.8003,0.021,0.0137,0.0132,0.0146,25.98,0.0,0.0,0.0,0.0,0.0,0.0
1782725401.572,0.0,0.0,0.0,0.5942,0.8003,0.021,0.0132,0.0137,0.0142,25.98,0.0,0.0,0.0,0.0,0.0,0.0
1782725406.583,0.0,0.0,0.0,0.5942,0.8003,0.021,0.0137,0.0137,0.0137,25.98,0.0,0.0,0.0,0.0,0.0,0.0
1782725411.598,0.0,0.0,0.0,0.5942,0.8003,0.021,0.0142,0.0132,0.0146,25.98,0.0,0.0,0.0,0.0,0.0,0.0
1782725416.604,0.0,0.0,0.0,0.5942,0.8003,0.021,0.0137,0.0142,0.0146,25.98,0.0,0.0,0.0,0.0,0.0,0.0
1782725421.612,0.0,0.0,0.0,0.5942,0.8003,0.021,0.0132,0.0132,0.0137,25.98,0.0,0.0,0.0,0.0,0.0,0.0
1782725426.621,0.0,0.0,0.0,0.5942,0.8003,0.021,0.0127,0.0142,0.0137,25.99,0.0,0.0,0.0,0.0,0.0,0.0
1782725431.632,0.0,0.0,0.0,0.5942,0.8003,0.021,0.0142,0.0142,0.0151,25.99,0.0,0.0,0.0,0.0,0.0,0.0
1782725436.644,0.0,0.0,0.0,0.5942,0.8003,0.021,0.0132,0.0132,0.0156,25.99,0.0,0.0,0.0,0.0,0.0,0.0
1782725441.657,0.0,0.0,0.0,0.5942,0.8003,0.021,0.0127,0.0137,0.0146,25.99,0.0,0.0,0.0,0.0,0.0,0.0
1782725446.67,0.0,0.0,0.0,0.5942,0.8003,0.021,0.0137,0.0132,0.0142,26.0,0.0,0.0,0.0,0.0,0.0,0.0
1782725451.676,0.0,0.0,0.0,0.5942,0.8003,0.021,0.0132,0.0132,0.0142,26.0,0.0,0.0,0.0,0.0,0.0,0.0
1782725456.684,0.0,0.0,0.0,0.5942,0.8003,0.021,0.0137,0.0132,0.0132,26.0,0.0,0.0,0.0,0.0,0.0,0.0
1782725461.697,0.0,0.0,0.0,0.5942,0.8003,0.021,0.0137,0.0137,0.0137,26.01,0.0,0.0,0.0,0.0,0.0,0.0
1782725466.708,0.0,0.0,0.0,0.5942,0.8003,0.021,0.0142,0.0137,0.0142,26.01,0.0,0.0,0.0,0.0,0.0,0.0
1782725471.72,0.0,0.0,0.0,0.5942,0.8003,0.021,0.0142,0.0137,0.0137,26.01,0.0,0.0,0.0,0.0,0.0,0.0
1782725476.728,0.0,0.0,0.0,0.5942,0.8003,0.021,0.0132,0.0137,0.0151,26.02,0.0,0.0,0.0,0.0,0.0,0.0
1782725481.736,0.0,0.0,0.0,0.5942,0.8003,0.021,0.0137,0.0137,0.0146,26.02,0.0,0.0,0.0,0.0,0.0,0.0
1782725486.743,0.0,0.0,0.0,0.5942,0.8003,0.021,0.0142,0.0137,0.0132,26.02,0.0,0.0,0.0,0.0,0.0,0.0
1782725491.752,0.0,0.0,0.0,0.5942,0.8003,0.021,0.0137,0.0127,0.0142,26.02,0.0,0.0,0.0,0.0,0.0,0.0
1782725496.76,0.0,0.0,0.0,0.5942,0.8003,0.021,0.0132,0.0137,0.0137,26.03,0.0,0.0,0.0,0.0,0.0,0.0
1782725501.77,0.0,0.0,0.0,0.5942,0.8003,0.021,0.0127,0.0137,0.0142,26.03,0.02,0.02,0.02,0.0,0.0,0.0
1782725506.776,0.0,0.0,0.0,0.5942,0.8003,0.021,0.0132,0.0142,0.0142,26.03,0.0,0.0,0.0,0.0,0.0,0.0
1782725511.786,0.0,0.0,0.0,0.5942,0.8003,0.021,0.0137,0.0127,0.0142,26.04,0.03,0.03,0.03,0.0,0.0,0.0
1782725516.794,0.0,0.0,0.0,0.5942,0.8003,0.021,0.0137,0.0142,0.0146,26.04,0.0,0.0,0.0,0.0,0.0,0.0
1782725521.8,0.0,0.0,0.0,0.5942,0.8003,0.021,0.0142,0.0132,0.0132,26.04,0.0,0.0,0.0,0.0,0.0,0.0
1782725526.809,0.0,0.0,0.0,0.5942,0.8003,0.021,0.0137,0.0137,0.0142,26.05,0.0,0.0,0.0,0.0,0.0,0.0
1782725531.816,0.0,0.0,0.0,0.5942,0.8003,0.021,0.0142,0.0132,0.0137,26.05,0.0,0.0,0.0,0.0,0.0,0.0
1782725536.825,0.0,0.0,0.0,0.5942,0.8003,0.021,0.0142,0.0137,0.0132,26.05,0.0,0.0,0.0,0.0,0.0,0.0
1782725541.832,0.0,0.0,0.0,0.5942,0.8003,0.021,0.0132,0.0142,0.0146,26.05,0.0,0.0,0.0,0.0,0.0,0.0
1782725546.842,0.0,0.0,0.0,0.5942,0.8003,0.021,0.0142,0.0127,0.0146,26.06,0.0,0.0,0.0,0.0,0.0,0.0
1782725551.85,0.0,0.0,0.0,0.5942,0.8003,0.021,0.0146,0.0137,0.0142,26.06,0.0,0.0,0.0,0.0,0.0,0.0
1782725556.856,0.0,0.0,0.0,0.5942,0.8003,0.021,0.0142,0.0137,0.0142,26.06,0.0,0.0,0.0,0.0,0.0,0.0
1782725561.864,0.0,0.0,0.0,0.5942,0.8003,0.021,0.0137,0.0137,0.0142,26.07,0.0,0.0,0.0,0.0,0.0,0.0
1782725566.876,0.0,0.0,0.0,0.5942,0.8003,0.021,0.0137,0.0132,0.0142,26.07,0.0,0.0,0.0,0.0,0.0,0.0
1782725571.888,0.0,0.0,0.0,0.5942,0.8003,0.021,0.0142,0.0142,0.0137,26.08,0.0,0.0,0.0,0.0,0.0,0.0
1782725576.897,0.0,0.0,0.0,0.5942,0.8003,0.021,0.0132,0.0137,0.0132,26.08,0.0,0.0,0.0,0.0,0.0,0.0
1782725581.908,0.0,0.0,0.0,0.5942,0.8003,0.021,0.0142,0.0132,0.0142,26.08,0.0,0.0,0.0,0.0,0.0,0.0
1782725586.917,0.0,0.0,0.0,0.5942,0.8003,0.021,0.0137,0.0132,0.0146,26.09,0.0,0.0,0.0,0.0,0.0,0.0
1782725591.928,0.006,0.006,0.005,0.5942,0.8003,0.021,0.0137,0.0132,0.0146,26.09,0.17,0.17,0.17,0.0,0.0,0.0
1782725596.936,0.0,0.0,0.0,0.5942,0.8003,0.021,0.0132,0.0142,0.0137,26.09,0.0,0.0,0.0,0.0,0.0,0.0
1782725601.944,0.0,0.0,0.0,0.5942,0.8003,0.021,0.0137,0.0132,0.0137,26.09,0.0,0.0,0.0,0.0,0.0,0.0
1782725606.951,0.0,0.0,0.0,0.5942,0.8003,0.021,0.0132,0.0132,0.0137,26.1,0.0,0.0,0.0,0.0,0.0,0.0
1782725611.96,0.0,0.0,0.0,0.5942,0.8003,0.021,0.0137,0.0132,0.0146,26.1,0.0,0.0,0.0,0.0,0.0,0.0
1782725616.969,0.0,0.0,0.0,0.5942,0.8003,0.021,0.0132,0.0132,0.0151,26.11,0.01,0.01,0.01,39.2,124.8,104.2
1782725621.981,0.0,0.0,0.0,0.5942,0.8003,0.021,0.0132,0.0137,0.0132,26.11,0.0,0.0,0.0,0.0,0.0,0.0
1782725626.993,0.0,0.0,0.0,0.5942,0.8003,0.021,0.0137,0.0142,0.0146,26.11,0.0,0.0,0.0,0.0,0.0,0.0
1782725632.005,0.0,0.0,0.0,0.5942,0.8003,0.021,0.0137,0.0127,0.0146,26.12,0.0,0.0,0.0,0.0,0.0,0.0
1782725637.016,0.0,0.0,0.0,0.5942,0.8003,0.021,0.0146,0.0137,0.0137,26.12,0.0,0.0,0.0,0.0,0.0,0.0
1782725642.028,0.0,0.0,0.0,0.5942,0.8003,0.021,0.0142,0.0142,0.0151,26.12,0.0,0.0,0.0,0.0,0.0,0.0
1782725647.037,0.0,0.0,0.0,0.5942,0.8003,0.021,0.0137,0.0137,0.0137,26.13,0.0,0.0,0.0,0.0,0.0,0.0
1782725652.047,0.0,0.0,0.0,0.5942,0.8003,0.021,0.0132,0.0137,0.0137,26.13,0.0,0.0,0.0,0.0,0.0,0.0
1782725657.056,0.0,0.0,0.0,0.5942,0.8003,0.021,0.0142,0.0137,0.0132,26.14,0.0,0.0,0.0,0.0,0.0,0.0
1782725662.069,0.0,0.0,0.0,0.5942,0.8003,0.021,0.0142,0.0142,0.0132,26.14,0.0,0.0,0.0,0.0,0.0,0.0
1782725667.081,0.0,0.0,0.0,0.5942,0.8003,0.021,0.0137,0.0122,0.0137,26.14,0.0,0.0,0.0,0.0,0.0,0.0
1782725672.093,0.0,0.0,0.0,0.5942,0.8003,0.021,0.0132,0.0132,0.0142,26.14,0.0,0.0,0.0,0.0,0.0,0.0
1782725677.104,0.0,0.0,0.0,0.5942,0.8003,0.021,0.0127,0.0137,0.0142,26.14,0.0,0.0,0.0,0.0,0.0,0.0
1782725682.114,0.0,0.0,0.0,0.5942,0.8003,0.0205,0.0137,0.0137,0.0142,26.15,0.0,0.0,0.0,0.0,0.0,0.0
1782725687.123,0.0,0.0,0.0,0.5942,0.8003,0.0205,0.0137,0.0142,0.0142,26.15,0.0,0.0,0.0,0.0,0.0,0.0
1782725692.135,0.0,0.0,0.0,0.5942,0.8003,0.0205,0.0137,0.0137,0.0146,26.15,0.0,0.0,0.0,0.0,0.0,0.0
1782725697.145,0.0,0.0,0.0,0.5942,0.8003,0.0205,0.0142,0.0137,0.0132,26.15,0.0,0.0,0.0,0.0,0.0,0.0
1782725702.156,0.0,0.0,0.0,0.5942,0.8003,0.0205,0.0132,0.0137,0.0142,26.15,0.0,0.0,0.0,0.0,0.0,0.0
1782725707.164,0.0,0.0,0.0,0.5942,0.8003,0.0205,0.0132,0.0132,0.0151,26.16,0.06,0.06,0.06,0.0,0.0,0.0
1782725712.176,0.0,0.0,0.0,0.5942,0.8003,0.0205,0.0137,0.0132,0.0137,26.16,0.0,0.0,0.0,0.0,0.0,0.0
1782725717.184,0.0,0.0,0.0,0.5942,0.8003,0.0205,0.0137,0.0137,0.0146,26.16,0.0,0.0,0.0,0.0,0.0,0.0
1782725722.191,0.0,0.0,0.0,0.5942,0.8003,0.0205,0.0137,0.0142,0.0137,26.16,0.0,0.0,0.0,0.0,0.0,0.0
1782725727.2,0.0,0.0,0.0,0.5942,0.8003,0.0205,0.0132,0.0137,0.0142,26.16,0.0,0.0,0.0,0.0,0.0,0.0
1782725732.212,0.0,0.0,0.0,0.5942,0.8003,0.0205,0.0137,0.0137,0.0151,26.16,0.0,0.0,0.0,0.0,0.0,0.0
1782725737.219,0.0,0.0,0.0,0.5942,0.8003,0.0205,0.0142,0.0142,0.0146,26.16,0.0,0.0,0.0,0.0,0.0,0.0
1782725742.228,0.0,0.0,0.0,0.5942,0.8003,0.0205,0.0137,0.0132,0.0137,26.17,0.0,0.0,0.0,0.0,0.0,0.0
1782725747.237,0.0,0.0,0.0,0.5942,0.8003,0.0205,0.0137,0.0132,0.0146,26.17,0.01,0.01,0.01,0.0,0.0,0.0
1782725752.247,0.0,0.0,0.0,0.5942,0.8003,0.0205,0.0132,0.0137,0.0151,26.17,0.0,0.0,0.0,0.0,0.0,0.0
1782725757.256,0.0,0.0,0.0,0.5942,0.8003,0.0205,0.0146,0.0137,0.0146,26.17,0.0,0.0,0.0,0.0,0.0,0.0
1782725762.265,0.0,0.0,0.0,0.5942,0.8003,0.0205,0.0137,0.0146,0.0137,26.17,0.0,0.0,0.0,0.0,0.0,0.0
1782725767.273,0.0,0.0,0.0,0.5942,0.8003,0.0205,0.0137,0.0127,0.0142,26.17,0.0,0.0,0.0,0.0,0.0,0.0
1782725772.279,0.0,0.0,0.0,0.5942,0.8003,0.0205,0.0132,0.0137,0.0142,26.18,0.0,0.0,0.0,0.0,0.0,0.0
1782725777.287,0.0,0.0,0.0,0.5942,0.8003,0.0205,0.0142,0.0127,0.0132,26.18,0.0,0.0,0.0,0.0,0.0,0.0
1782725782.292,0.0,0.0,0.0,0.5942,0.8003,0.0205,0.0132,0.0127,0.0137,26.18,0.02,0.02,0.01,0.0,0.0,0.0
1782725787.299,0.0,0.0,0.0,0.5942,0.8003,0.0205,0.0146,0.0146,0.0142,26.19,0.02,0.02,0.02,0.0,0.0,0.0
1782725792.305,0.0,0.0,0.0,0.5942,0.8003,0.0205,0.0132,0.0127,0.0137,26.19,0.0,0.0,0.0,0.0,0.0,0.0
1782725797.311,0.0,0.0,0.0,0.5942,0.8003,0.0205,0.0142,0.0137,0.0142,26.19,0.0,0.0,0.0,0.0,0.0,0.0
1782725802.321,0.001,0.001,0.001,0.5942,0.8003,0.0205,0.0142,0.0137,0.0146,26.19,0.16,0.17,0.16,90.3,53.8,25.0
1782725807.329,0.001,0.001,0.001,0.5942,0.8003,0.0205,0.0132,0.0137,0.0151,26.19,0.14,0.14,0.14,25.5,99.4,17.8
1782725812.341,0.0,0.0,0.0,0.5942,0.8003,0.0205,0.0142,0.0137,0.0142,26.19,0.01,0.01,0.01,0.0,0.0,0.0
1782725817.354,0.0,0.0,0.0,0.5942,0.8003,0.0205,0.0137,0.0137,0.0146,26.2,0.0,0.0,0.0,0.0,0.0,0.0
1782725822.366,0.0,0.0,0.0,0.5942,0.8003,0.0205,0.0132,0.0137,0.0142,26.2,0.0,0.0,0.0,0.0,0.0,0.0
1782725827.375,0.0,0.0,0.0,0.5942,0.8003,0.0205,0.0132,0.0132,0.0142,26.2,0.0,0.0,0.0,0.0,0.0,0.0
1782725832.381,0.0,0.0,0.0,0.5942,0.8003,0.0205,0.0146,0.0137,0.0142,26.2,0.0,0.0,0.0,0.0,0.0,0.0
1782725837.387,0.0,0.0,0.0,0.5942,0.8003,0.0205,0.0142,0.0132,0.0142,26.2,0.0,0.0,0.0,0.0,0.0,0.0
1782725842.395,0.0,0.0,0.0,0.5942,0.8003,0.0205,0.0146,0.0137,0.0142,26.2,0.0,0.0,0.0,0.0,0.0,0.0
1782725847.407,0.0,0.0,0.0,0.5942,0.8003,0.0205,0.0132,0.0137,0.0137,26.2,0.0,0.0,0.0,0.0,0.0,0.0
1782725852.418,0.0,0.0,0.0,0.5942,0.8003,0.0205,0.0137,0.0137,0.0137,26.2,0.0,0.0,0.0,0.0,0.0,0.0
1782725857.429,0.0,0.0,0.0,0.5942,0.8003,0.0205,0.0137,0.0137,0.0137,26.2,0.0,0.0,0.0,0.0,0.0,0.0
1782725862.44,0.0,0.0,0.0,0.5942,0.8003,0.0205,0.0137,0.0132,0.0137,26.21,0.0,0.0,0.0,0.0,0.0,0.0
1782725867.446,0.0,0.0,0.0,0.5942,0.8003,0.0205,0.0137,0.0142,0.0137,26.21,0.0,0.0,0.0,0.0,0.0,0.0
1782725872.457,0.0,0.0,0.0,0.5942,0.8003,0.0205,0.0132,0.0142,0.0142,26.21,0.0,0.0,0.0,0.0,0.0,0.0
1782725877.466,0.0,0.0,0.0,0.5942,0.8003,0.0205,0.0146,0.0142,0.0146,26.21,0.0,0.0,0.0,0.0,0.0,0.0
1782725882.476,0.0,0.0,0.0,0.5942,0.8003,0.0205,0.0132,0.0132,0.0146,26.22,0.0,0.0,0.0,0.0,0.0,0.0
1782725887.485,0.0,0.0,0.0,0.5942,0.8003,0.0205,0.0137,0.0132,0.0146,26.22,0.0,0.0,0.0,0.0,0.0,0.0
1782725892.49,0.0,0.0,0.0,0.5942,0.8003,0.0205,0.0137,0.0137,0.0137,26.22,0.0,0.0,0.0,0.0,0.0,0.0
1782725897.499,0.0,0.0,0.0,0.5942,0.8003,0.0205,0.0137,0.0132,0.0137,26.22,0.0,0.0,0.0,0.0,0.0,0.0
1782725902.508,0.0,0.0,0.0,0.5942,0.8003,0.0205,0.0127,0.0137,0.0137,26.22,0.0,0.0,0.0,0.0,0.0,0.0
1782725907.515,0.0,0.0,0.0,0.5942,0.8003,0.0205,0.0132,0.0132,0.0142,26.23,0.0,0.0,0.0,0.0,0.0,0.0
1782725912.52,0.0,0.0,0.0,0.5942,0.8003,0.0205,0.0142,0.0127,0.0146,26.23,0.0,0.0,0.0,0.0,0.0,0.0
1782725917.527,0.0,0.0,0.0,0.5942,0.8003,0.0205,0.0127,0.0137,0.0132,26.23,0.0,0.0,0.0,0.0,0.0,0.0
1782725922.535,0.0,0.0,0.0,0.5942,0.8003,0.0205,0.0137,0.0132,0.0146,26.23,0.0,0.0,0.0,0.0,0.0,0.0
1782725927.543,0.0,0.0,0.0,0.5942,0.8003,0.0205,0.0132,0.0137,0.0142,26.23,0.0,0.0,0.0,0.0,0.0,0.0
1782725932.551,0.0,0.0,0.0,0.5942,0.8003,0.0205,0.0137,0.0137,0.0142,26.23,0.0,0.0,0.0,0.0,0.0,0.0
1782725937.559,0.0,0.0,0.0,0.5942,0.8003,0.0205,0.0137,0.0137,0.0142,26.23,0.0,0.0,0.0,0.0,0.0,0.0
1782725942.569,0.0,0.0,0.0,0.5942,0.8003,0.0205,0.0142,0.0137,0.0146,26.23,0.0,0.0,0.0,0.0,0.0,0.0
1782725947.576,0.0,0.0,0.0,0.5942,0.8003,0.0205,0.0137,0.0132,0.0132,26.23,0.0,0.0,0.0,0.0,0.0,0.0
1782725952.583,0.0,0.0,0.0,0.5942,0.8003,0.0205,0.0132,0.0137,0.0132,26.23,0.0,0.0,0.0,0.0,0.0,0.0
1782725957.591,0.0,0.0,0.0,0.5942,0.8003,0.0205,0.0142,0.0142,0.0132,26.23,0.0,0.0,0.0,0.0,0.0,0.0
1782725962.602,0.0,0.0,0.0,0.5942,0.8003,0.0205,0.0137,0.0132,0.0137,26.23,0.0,0.0,0.0,0.0,0.0,0.0
1782725967.611,0.0,0.0,0.0,0.5942,0.8003,0.0205,0.0132,0.0132,0.0146,26.23,0.0,0.0,0.0,0.0,0.0,0.0
1782725972.616,0.0,0.0,0.0,0.5942,0.8003,0.0205,0.0137,0.0137,0.0142,26.23,0.0,0.0,0.0,0.0,0.0,0.0
1782725977.625,0.0,0.0,0.0,0.5942,0.8003,0.0205,0.0142,0.0132,0.0137,26.23,0.0,0.0,0.0,0.0,0.0,0.0
1782725982.635,0.0,0.0,0.0,0.5942,0.8003,0.0205,0.0137,0.0137,0.0142,26.23,0.0,0.0,0.0,0.0,0.0,0.0
1782725987.643,0.0,0.0,0.0,0.5942,0.8003,0.0205,0.0137,0.0132,0.0142,26.23,0.0,0.0,0.0,0.0,0.0,0.0
1782725992.647,0.0,0.0,0.0,0.5942,0.8003,0.0205,0.0142,0.0137,0.0142,26.23,0.0,0.0,0.0,0.0,0.0,0.0
1782725997.654,0.0,0.0,0.0,0.5942,0.8003,0.0205,0.0142,0.0137,0.0142,26.23,0.0,0.0,0.0,0.0,0.0,0.0
1782726002.663,0.0,0.0,0.0,0.5942,0.8003,0.0205,0.0142,0.0137,0.0146,26.23,0.0,0.0,0.0,15.1,34.7,0.0
1782726007.671,0.0,0.0,0.0,0.5942,0.8003,0.0205,0.0132,0.0127,0.0146,26.23,0.0,0.0,0.0,0.0,0.0,0.0
1782726012.679,0.0,0.0,0.0,0.5942,0.8003,0.0205,0.0142,0.0137,0.0142,26.22,0.0,0.0,0.0,0.0,0.0,0.0
1782726017.687,0.0,0.0,0.0,0.5942,0.8003,0.0205,0.0137,0.0132,0.0132,26.22,0.0,0.0,0.0,0.0,0.0,0.0
1782726022.695,0.0,0.0,0.0,0.5942,0.8003,0.0205,0.0142,0.0132,0.0132,26.22,0.0,0.0,0.0,0.0,0.0,0.0
1782726027.704,0.0,0.0,0.0,0.5942,0.8003,0.0205,0.0142,0.0137,0.0142,26.22,0.0,0.0,0.0,0.0,0.0,0.0
1782726032.713,0.0,0.0,0.0,0.5942,0.8003,0.0205,0.0137,0.0132,0.0151,26.22,0.0,0.0,0.0,0.0,0.0,0.0
1782726037.721,0.0,0.0,0.0,0.5942,0.8003,0.0205,0.0137,0.0132,0.0142,26.22,0.0,0.0,0.0,0.0,0.0,0.0
1782726042.732,0.0,0.0,0.0,0.5942,0.8003,0.0205,0.0132,0.0137,0.0137,26.22,0.0,0.0,0.0,0.0,0.0,0.0
1782726047.739,0.0,0.0,0.0,0.5942,0.8003,0.0205,0.0132,0.0132,0.0142,26.22,0.0,0.0,0.0,0.0,0.0,0.0
1782726052.748,0.0,0.0,0.0,0.5942,0.8003,0.0205,0.0137,0.0142,0.0146,26.22,0.0,0.0,0.0,0.0,0.0,0.0
1782726057.759,0.0,0.0,0.0,0.5942,0.8003,0.0205,0.0137,0.0132,0.0137,26.22,0.0,0.0,0.0,0.0,0.0,0.0
1782726062.771,0.0,0.0,0.0,0.5942,0.8003,0.0205,0.0132,0.0132,0.0146,26.22,0.01,0.01,0.01,0.0,0.0,0.0
1782726067.784,0.0,0.0,0.0,0.5942,0.8003,0.021,0.0132,0.0137,0.0146,26.22,0.0,0.0,0.0,0.0,0.0,0.0
1782726072.795,0.0,0.0,0.0,0.5942,0.8003,0.021,0.0127,0.0137,0.0137,26.22,0.0,0.0,0.0,0.0,0.0,0.0
1782726077.803,0.0,0.0,0.0,0.5942,0.8003,0.021,0.0142,0.0132,0.0137,26.22,0.03,0.03,0.03,0.0,0.0,0.0
1782726082.815,0.0,0.0,0.0,0.5942,0.8003,0.021,0.0137,0.0132,0.0137,26.22,0.0,0.0,0.0,0.0,0.0,0.0
1782726087.828,0.0,0.0,0.0,0.5942,0.8003,0.021,0.0142,0.0142,0.0137,26.22,0.0,0.0,0.0,0.0,0.0,0.0
1782726092.84,0.0,0.0,0.0,0.5942,0.8003,0.021,0.0132,0.0137,0.0137,26.22,0.0,0.0,0.0,0.0,0.0,0.0
1782726097.852,0.0,0.0,0.0,0.5942,0.8003,0.021,0.0137,0.0142,0.0146,26.22,0.0,0.0,0.0,101.4,62.2,0.0
1782726102.862,0.0,0.0,0.0,0.5942,0.8003,0.021,0.0137,0.0132,0.0142,26.22,0.0,0.0,0.0,0.0,0.0,0.0
1782726107.871,0.0,0.0,0.0,0.5942,0.8003,0.021,0.0142,0.0132,0.0142,26.22,0.0,0.0,0.0,0.0,0.0,0.0
1782726112.884,0.0,0.0,0.0,0.5942,0.8003,0.021,0.0132,0.0132,0.0146,26.22,0.0,0.0,0.0,0.0,0.0,0.0
1782726117.893,0.0,0.0,0.0,0.5942,0.8003,0.021,0.0132,0.0137,0.0142,26.22,0.01,0.01,0.01,0.0,0.0,0.0
1782726122.905,0.0,0.0,0.0,0.5942,0.8003,0.021,0.0137,0.0137,0.0137,26.22,0.0,0.0,0.0,0.0,0.0,0.0
1782726127.918,0.0,0.0,0.0,0.5942,0.8003,0.021,0.0137,0.0132,0.0137,26.22,0.0,0.0,0.0,0.0,0.0,0.0
1782726132.929,0.0,0.0,0.0,0.5942,0.8003,0.021,0.0142,0.0137,0.0127,26.21,0.0,0.0,0.0,0.0,0.0,0.0
1782726137.94,0.0,0.0,0.0,0.5942,0.8003,0.021,0.0132,0.0127,0.0142,26.21,0.0,0.0,0.0,0.0,0.0,0.0
1782726142.952,0.0,0.0,0.0,0.5942,0.8003,0.021,0.0146,0.0127,0.0132,26.21,0.01,0.01,0.01,0.0,0.0,0.0
1782726147.963,0.0,0.0,0.0,0.5942,0.8003,0.021,0.0132,0.0122,0.0146,26.21,0.0,0.0,0.0,0.0,0.0,0.0
1782726152.977,0.0,0.0,0.0,0.5942,0.8003,0.021,0.0132,0.0127,0.0142,26.21,0.0,0.0,0.0,0.0,0.0,0.0
1782726157.988,0.0,0.0,0.0,0.5942,0.8003,0.021,0.0142,0.0137,0.0137,26.21,0.0,0.0,0.0,0.0,0.0,0.0
1782726163.001,0.0,0.0,0.0,0.5942,0.8003,0.021,0.0146,0.0142,0.0137,26.21,0.02,0.02,0.02,0.0,0.0,0.0
1782726168.013,0.0,0.0,0.0,0.5942,0.8003,0.021,0.0132,0.0132,0.0137,26.21,0.0,0.0,0.0,0.0,0.0,0.0
1782726173.02,0.0,0.0,0.0,0.5942,0.8003,0.021,0.0137,0.0137,0.0142,26.21,0.0,0.0,0.0,0.0,0.0,0.0
1782726178.033,0.1,0.103,0.096,0.5942,0.8003,0.021,0.0137,0.0132,0.0142,26.21,1.1,1.13,1.05,0.0,0.0,0.0
1782726183.045,0.0,0.0,0.0,0.5942,0.8003,0.021,0.0132,0.0132,0.0137,26.21,0.0,0.0,0.0,0.0,0.0,0.0
1782726188.053,0.0,0.0,0.0,0.5942,0.8003,0.021,0.0142,0.0127,0.0132,26.21,0.0,0.0,0.0,0.0,0.0,0.0
1782726193.06,0.0,0.0,0.0,0.5942,0.8003,0.021,0.0137,0.0132,0.0151,26.21,0.0,0.0,0.0,0.0,0.0,0.0
1782726198.073,0.0,0.0,0.0,0.5942,0.8003,0.021,0.0137,0.0142,0.0142,26.21,0.0,0.0,0.0,0.0,0.0,0.0
1782726203.083,0.0,0.0,0.0,0.5942,0.8003,0.021,0.0142,0.0137,0.0137,26.21,0.0,0.0,0.0,0.0,0.0,0.0
1782726208.096,0.0,0.0,0.0,0.5942,0.8003,0.021,0.0142,0.0132,0.0137,26.21,0.0,0.0,0.0,0.0,0.0,0.0
1782726213.108,0.0,0.0,0.0,0.5942,0.8003,0.021,0.0137,0.0137,0.0142,26.21,0.0,0.0,0.0,0.0,0.0,0.0
1782726218.118,0.0,0.0,0.0,0.5942,0.8003,0.021,0.0132,0.0132,0.0142,26.21,0.0,0.0,0.0,0.0,0.0,0.0
1782726223.129,0.0,0.0,0.0,0.5942,0.8003,0.021,0.0132,0.0137,0.0146,26.21,0.0,0.0,0.0,0.0,0.0,0.0
1782726228.14,0.0,0.0,0.0,0.5942,0.8003,0.021,0.0132,0.0137,0.0151,26.21,0.0,0.0,0.0,0.0,0.0,0.0
1782726233.151,0.0,0.0,0.0,0.5942,0.8003,0.021,0.0132,0.0132,0.0142,26.22,0.0,0.0,0.0,0.0,0.0,0.0
1782726238.16,0.0,0.0,0.0,0.5942,0.8003,0.021,0.0137,0.0132,0.0142,26.22,0.01,0.01,0.01,0.0,0.0,0.0
1782726243.171,0.0,0.0,0.0,0.5942,0.8003,0.021,0.0132,0.0132,0.0137,26.22,0.0,0.0,0.0,0.0,0.0,0.0
1782726248.185,0.0,0.0,0.0,0.5942,0.8003,0.021,0.0132,0.0137,0.0132,26.22,0.0,0.0,0.0,0.0,0.0,0.0
1782726253.195,0.0,0.0,0.0,0.5942,0.8003,0.021,0.0137,0.0122,0.0146,26.22,0.0,0.0,0.0,0.0,0.0,0.0
1782726258.203,0.0,0.0,0.0,0.5942,0.8003,0.021,0.0132,0.0137,0.0142,26.22,0.01,0.01,0.01,0.0,0.0,0.0
1782726263.211,0.0,0.0,0.0,0.5942,0.8003,0.021,0.0137,0.0137,0.0142,26.22,0.0,0.0,0.0,0.0,0.0,0.0
1782726268.22,0.0,0.0,0.0,0.5942,0.8003,0.021,0.0137,0.0137,0.0142,26.23,0.01,0.01,0.01,0.0,0.0,0.0
1782726273.23,0.051,0.052,0.049,0.5942,0.8003,0.021,0.0146,0.0137,0.0146,26.23,0.79,0.82,0.76,2.4,77.9,32.2
1782726278.243,0.0,0.0,0.0,0.5942,0.8003,0.021,0.0137,0.0137,0.0137,26.23,0.0,0.0,0.0,0.0,0.0,0.0
1782726283.253,0.0,0.0,0.0,0.5942,0.8003,0.021,0.0137,0.0132,0.0142,26.23,0.0,0.0,0.0,0.0,0.0,0.0
1782726288.262,0.0,0.0,0.0,0.5942,0.8003,0.021,0.0137,0.0132,0.0146,26.23,0.0,0.0,0.0,0.0,0.0,0.0
1782726293.277,0.0,0.0,0.0,0.5942,0.8003,0.021,0.0137,0.0132,0.0142,26.23,0.0,0.0,0.0,0.0,0.0,0.0
1782726298.288,0.0,0.0,0.0,0.5942,0.8003,0.021,0.0137,0.0132,0.0132,26.24,0.0,0.0,0.0,0.0,0.0,0.0
1782726303.297,0.0,0.0,0.0,0.5942,0.8003,0.021,0.0137,0.0132,0.0137,26.24,0.0,0.0,0.0,0.0,0.0,0.0
1782726308.309,0.0,0.0,0.0,0.5942,0.8003,0.021,0.0142,0.0137,0.0142,26.24,0.0,0.0,0.0,0.0,0.0,0.0
1782726313.321,0.0,0.0,0.0,0.5942,0.8003,0.021,0.0137,0.0137,0.0146,26.24,0.0,0.0,0.0,0.0,0.0,0.0
1782726318.334,0.0,0.0,0.0,0.5942,0.8003,0.021,0.0132,0.0137,0.0146,26.24,0.0,0.0,0.0,0.0,0.0,0.0
1782726323.345,0.0,0.0,0.0,0.5942,0.8003,0.021,0.0142,0.0137,0.0137,26.25,0.0,0.0,0.0,0.0,0.0,0.0
1782726328.355,0.0,0.0,0.0,0.5942,0.8003,0.021,0.0137,0.0137,0.0137,26.25,0.0,0.0,0.0,0.0,0.0,0.0
1782726333.361,0.0,0.0,0.0,0.5942,0.8003,0.021,0.0137,0.0137,0.0142,26.25,0.0,0.0,0.0,0.0,0.0,0.0
1782726338.367,0.0,0.0,0.0,0.5942,0.8003,0.021,0.0137,0.0137,0.0146,26.25,0.0,0.0,0.0,0.0,0.0,0.0
1782726343.376,0.0,0.0,0.0,0.5942,0.8003,0.021,0.0137,0.0127,0.0137,26.25,0.0,0.0,0.0,0.0,0.0,0.0
1782726348.386,0.0,0.0,0.0,0.5942,0.8003,0.021,0.0137,0.0132,0.0137,26.26,0.0,0.0,0.0,0.0,0.0,0.0
1782726353.395,0.0,0.0,0.0,0.5942,0.8003,0.021,0.0132,0.0132,0.0151,26.26,0.04,0.04,0.04,0.0,0.0,0.0
1782726358.402,0.001,0.001,0.001,0.5942,0.8003,0.021,0.0142,0.0146,0.0146,26.26,0.18,0.18,0.17,110.1,5.9,24.3
1782726363.409,0.0,0.0,0.0,0.5942,0.8003,0.021,0.0146,0.0137,0.0137,26.26,0.01,0.01,0.01,0.0,0.0,0.0
1782726368.415,0.001,0.002,0.001,0.5947,0.8003,0.021,0.0146,0.0142,0.0142,26.27,0.14,0.15,0.14,11.9,30.5,52.8
1782726373.422,0.0,0.0,0.0,0.5942,0.8003,0.021,0.0137,0.0137,0.0146,26.27,0.0,0.0,0.0,0.0,0.0,0.0
1782726378.431,0.0,0.0,0.0,0.5942,0.8003,0.021,0.0137,0.0137,0.0137,26.27,0.0,0.0,0.0,0.0,0.0,0.0
1782726383.44,0.0,0.0,0.0,0.5942,0.8003,0.021,0.0132,0.0142,0.0137,26.27,0.0,0.0,0.0,0.0,0.0,0.0
1782726388.45,0.0,0.0,0.0,0.5942,0.8003,0.021,0.0127,0.0137,0.0142,26.28,0.0,0.0,0.0,0.0,0.0,0.0
1782726393.459,0.0,0.0,0.0,0.5947,0.7998,0.0205,0.0132,0.0142,0.0142,26.28,0.0,0.0,0.0,0.0,0.0,0.0
1782726398.466,0.0,0.0,0.0,0.5947,0.7998,0.0205,0.0137,0.0142,0.0137,26.28,0.0,0.0,0.0,0.0,0.0,0.0
1782726403.472,0.0,0.0,0.0,0.5947,0.7998,0.0205,0.0132,0.0137,0.0137,26.28,0.0,0.0,0.0,0.0,0.0,0.0
1782726408.482,0.0,0.0,0.0,0.5947,0.7998,0.0205,0.0132,0.0132,0.0146,26.28,0.0,0.0,0.0,0.0,0.0,0.0
1782726413.49,0.0,0.0,0.0,0.5947,0.8003,0.0205,0.0137,0.0132,0.0137,26.28,0.0,0.0,0.0,0.0,0.0,0.0
1782726418.496,0.0,0.0,0.0,0.5947,0.8003,0.0205,0.0137,0.0132,0.0142,26.29,0.0,0.0,0.0,0.0,0.0,0.0
1782726423.503,0.0,0.0,0.0,0.5942,0.7998,0.0205,0.0137,0.0137,0.0146,26.29,0.0,0.0,0.0,0.0,0.0,0.0
1782726428.508,0.0,0.0,0.0,0.5947,0.8003,0.0205,0.0146,0.0127,0.0142,26.29,0.0,0.0,0.0,0.0,0.0,0.0
1782726433.516,0.0,0.0,0.0,0.5947,0.8003,0.0205,0.0137,0.0142,0.0146,26.29,0.07,0.07,0.07,0.0,0.0,0.0
1782726438.526,0.0,0.0,0.0,0.5947,0.8003,0.0205,0.0142,0.0137,0.0137,26.29,0.0,0.0,0.0,0.0,0.0,0.0
1782726443.535,0.0,0.0,0.0,0.5947,0.7998,0.0205,0.0137,0.0132,0.0142,26.29,0.0,0.0,0.0,0.0,0.0,0.0
1782726448.544,0.0,0.0,0.0,0.5942,0.8003,0.0205,0.0137,0.0137,0.0137,26.29,0.0,0.0,0.0,0.0,0.0,0.0
1782726453.553,0.0,0.0,0.0,0.5942,0.8003,0.0205,0.0132,0.0137,0.0132,26.29,0.0,0.0,0.0,0.0,0.0,0.0
1782726458.561,0.0,0.0,0.0,0.5942,0.8003,0.0205,0.0142,0.0137,0.0142,26.3,0.01,0.01,0.01,0.0,0.0,0.0
1782726463.571,0.0,0.0,0.0,0.5942,0.8003,0.0205,0.0137,0.0137,0.0156,26.3,0.03,0.03,0.03,96.7,19.6,52.8
1782726468.579,0.0,0.0,0.0,0.5942,0.8003,0.0205,0.0142,0.0132,0.0142,26.3,0.0,0.0,0.0,0.0,0.0,0.0
1782726473.585,0.0,0.0,0.0,0.5942,0.8003,0.0205,0.0137,0.0127,0.0132,26.3,0.0,0.0,0.0,0.0,0.0,0.0
1782726478.597,0.0,0.0,0.0,0.5947,0.8003,0.0205,0.0137,0.0137,0.0137,26.31,0.0,0.0,0.0,0.0,0.0,0.0
1782726483.605,0.0,0.0,0.0,0.5947,0.8003,0.0205,0.0146,0.0146,0.0142,26.31,0.0,0.0,0.0,0.0,0.0,0.0
1782726488.614,0.0,0.0,0.0,0.5947,0.8003,0.0205,0.0132,0.0137,0.0146,26.31,0.0,0.0,0.0,0.0,0.0,0.0
1782726493.623,0.0,0.0,0.0,0.5947,0.8003,0.0205,0.0142,0.0132,0.0142,26.31,0.0,0.0,0.0,0.0,0.0,0.0
1782726498.628,0.0,0.0,0.0,0.5947,0.8003,0.0205,0.0146,0.0132,0.0137,26.31,0.0,0.0,0.0,0.0,0.0,0.0
1782726503.639,0.0,0.0,0.0,0.5947,0.8003,0.0205,0.0132,0.0132,0.0151,26.31,0.0,0.0,0.0,0.0,0.0,0.0
1782726508.648,0.0,0.0,0.0,0.5947,0.8003,0.0205,0.0142,0.0127,0.0142,26.31,0.0,0.0,0.0,0.0,0.0,0.0
1782726513.654,0.0,0.0,0.0,0.5942,0.8003,0.0205,0.0137,0.0137,0.0137,26.31,0.0,0.0,0.0,0.0,0.0,0.0
1782726518.662,0.009,0.01,0.01,0.5942,0.8003,0.0205,0.0132,0.0132,0.0146,26.32,0.74,0.79,0.75,15.1,122.5,11.9
1782726523.67,0.0,0.0,0.0,0.5942,0.8003,0.0205,0.0137,0.0132,0.0132,26.32,0.0,0.0,0.0,0.0,0.0,0.0
1782726528.678,0.0,0.0,0.0,0.5942,0.8003,0.0205,0.0132,0.0132,0.0146,26.32,0.0,0.0,0.0,0.0,0.0,0.0
1782726533.689,0.0,0.0,0.0,0.5942,0.8003,0.0205,0.0142,0.0137,0.0146,26.32,0.0,0.0,0.0,0.0,0.0,0.0
1782726538.695,0.0,0.0,0.0,0.5942,0.8003,0.0205,0.0142,0.0127,0.0142,26.33,0.0,0.0,0.0,0.0,0.0,0.0
1782726543.702,0.0,0.0,0.0,0.5942,0.8003,0.0205,0.0132,0.0137,0.0137,26.33,0.0,0.0,0.0,0.0,0.0,0.0
1782726548.713,0.0,0.0,0.0,0.5942,0.8003,0.0205,0.0137,0.0137,0.0137,26.33,0.0,0.0,0.0,0.0,0.0,0.0
1782726553.724,0.0,0.0,0.0,0.5942,0.8003,0.0205,0.0137,0.0127,0.0151,26.34,0.0,0.0,0.0,0.0,0.0,0.0
1782726558.735,0.0,0.0,0.0,0.5942,0.8003,0.0205,0.0137,0.0142,0.0137,26.34,0.0,0.0,0.0,0.0,0.0,0.0
1782726563.749,0.0,0.0,0.0,0.5942,0.8003,0.0205,0.0137,0.0142,0.0146,26.34,0.0,0.0,0.0,0.0,0.0,0.0
1782726568.759,0.0,0.0,0.0,0.5942,0.8003,0.0205,0.0132,0.0137,0.0142,26.34,0.0,0.0,0.0,0.0,0.0,0.0
1782726573.773,0.0,0.0,0.0,0.5942,0.8003,0.0205,0.0127,0.0132,0.0137,26.34,0.0,0.0,0.0,0.0,0.0,0.0
1782726578.785,0.0,0.0,0.0,0.5942,0.8003,0.0205,0.0142,0.0142,0.0151,26.35,0.0,0.0,0.0,0.0,0.0,0.0
1782726583.795,0.0,0.0,0.0,0.5942,0.8003,0.0205,0.0142,0.0137,0.0137,26.35,0.0,0.0,0.0,0.0,0.0,0.0
1782726588.807,0.0,0.0,0.0,0.5942,0.8003,0.0205,0.0132,0.0142,0.0137,26.35,0.0,0.0,0.0,0.0,0.0,0.0
1782726593.819,0.0,0.0,0.0,0.5942,0.8003,0.0205,0.0137,0.0137,0.0146,26.36,0.0,0.0,0.0,0.0,0.0,0.0
1782726598.828,0.0,0.0,0.0,0.5942,0.8003,0.0205,0.0142,0.0132,0.0146,26.36,0.0,0.0,0.0,0.0,0.0,0.0
1782726603.841,0.0,0.0,0.0,0.5942,0.8003,0.0205,0.0137,0.0137,0.0132,26.36,0.0,0.0,0.0,0.0,0.0,0.0
1782726608.854,0.0,0.0,0.0,0.5942,0.8003,0.0205,0.0137,0.0142,0.0142,26.36,0.0,0.0,0.0,0.0,0.0,0.0
1782726613.864,0.0,0.0,0.0,0.5942,0.8003,0.0205,0.0132,0.0127,0.0137,26.36,0.0,0.0,0.0,0.0,0.0,0.0
1782726618.875,0.0,0.0,0.0,0.5942,0.8003,0.0205,0.0142,0.0137,0.0142,26.36,0.03,0.03,0.03,0.0,0.0,0.0
1782726623.885,0.0,0.0,0.0,0.5942,0.8003,0.0205,0.0132,0.0132,0.0146,26.36,0.0,0.0,0.0,0.0,0.0,0.0
1782726628.896,0.0,0.0,0.0,0.5942,0.8003,0.0205,0.0137,0.0137,0.0142,26.36,0.0,0.0,0.0,0.0,0.0,0.0
1782726633.906,0.0,0.0,0.0,0.5942,0.8003,0.0205,0.0132,0.0132,0.0142,26.36,0.0,0.0,0.0,0.0,0.0,0.0
1782726638.919,0.0,0.0,0.0,0.5942,0.8003,0.0205,0.0132,0.0142,0.0142,26.36,0.0,0.0,0.0,0.0,0.0,0.0
1782726643.929,0.0,0.0,0.0,0.5942,0.8003,0.0205,0.0132,0.0142,0.0142,26.36,0.0,0.0,0.0,0.0,0.0,0.0
1782726648.939,0.0,0.0,0.0,0.5942,0.8003,0.0205,0.0137,0.0146,0.0137,26.36,0.02,0.02,0.02,46.6,88.0,96.2
1782726653.951,0.0,0.0,0.0,0.5942,0.8003,0.0205,0.0142,0.0137,0.0137,26.36,0.0,0.0,0.0,0.0,0.0,0.0
1782726658.959,0.0,0.0,0.0,0.5942,0.7998,0.0205,0.0142,0.0132,0.0151,26.37,0.0,0.0,0.0,0.0,0.0,0.0
1782726663.973,0.0,0.0,0.0,0.5942,0.8003,0.0205,0.0132,0.0127,0.0142,26.37,0.0,0.0,0.0,0.0,0.0,0.0
1782726668.984,0.0,0.0,0.0,0.5942,0.8003,0.0205,0.0132,0.0132,0.0137,26.37,0.0,0.0,0.0,0.0,0.0,0.0
1782726673.994,0.0,0.0,0.0,0.5942,0.7998,0.0205,0.0137,0.0137,0.0146,26.37,0.0,0.0,0.0,0.0,0.0,0.0
1782726679.004,0.0,0.0,0.0,0.5942,0.7998,0.0205,0.0127,0.0137,0.0142,26.37,0.0,0.0,0.0,0.0,0.0,0.0
1782726684.015,0.0,0.0,0.0,0.5942,0.7998,0.0205,0.0137,0.0132,0.0146,26.37,0.0,0.0,0.0,0.0,0.0,0.0
1782726689.028,0.0,0.0,0.0,0.5942,0.7998,0.0205,0.0137,0.0132,0.0156,26.37,0.0,0.0,0.0,0.0,0.0,0.0
1782726694.04,0.0,0.0,0.0,0.5942,0.7998,0.0205,0.0142,0.0132,0.0137,26.37,0.0,0.0,0.0,0.0,0.0,0.0
1782726699.047,0.0,0.0,0.0,0.5942,0.7998,0.0205,0.0146,0.0132,0.0137,26.37,0.0,0.0,0.0,0.0,0.0,0.0
1782726704.058,0.0,0.0,0.0,0.5942,0.7998,0.0205,0.0137,0.0137,0.0142,26.37,0.0,0.0,0.0,0.0,0.0,0.0
1782726709.067,0.0,0.0,0.0,0.5942,0.7998,0.0205,0.0132,0.0137,0.0142,26.37,0.0,0.0,0.0,0.0,0.0,0.0
1782726714.079,0.0,0.0,0.0,0.5942,0.7998,0.0205,0.0137,0.0127,0.0142,26.37,0.0,0.0,0.0,0.0,0.0,0.0
1782726719.089,0.0,0.0,0.0,0.5942,0.8003,0.0205,0.0137,0.0137,0.0137,26.37,0.0,0.0,0.0,0.0,0.0,0.0
1782726724.1,0.0,0.0,0.0,0.5942,0.7998,0.0205,0.0132,0.0132,0.0142,26.37,0.0,0.0,0.0,0.0,0.0,0.0
1782726729.11,0.0,0.0,0.0,0.5942,0.7998,0.0205,0.0142,0.0137,0.0132,26.37,0.0,0.0,0.0,0.0,0.0,0.0
1782726734.123,0.0,0.0,0.0,0.5942,0.7998,0.0205,0.0137,0.0132,0.0151,26.37,0.0,0.0,0.0,0.0,0.0,0.0
1782726739.132,0.0,0.0,0.0,0.5942,0.7998,0.0205,0.0142,0.0132,0.0132,26.37,0.0,0.0,0.0,0.0,0.0,0.0
1782726744.143,0.0,0.0,0.0,0.5942,0.8003,0.0205,0.0132,0.0127,0.0137,26.37,0.0,0.0,0.0,0.0,0.0,0.0
1782726749.152,0.0,0.0,0.0,0.5942,0.8003,0.0205,0.0137,0.0137,0.0146,26.37,0.0,0.0,0.0,0.0,0.0,0.0
1782726754.161,0.0,0.0,0.0,0.5942,0.7998,0.0205,0.0137,0.0142,0.0137,26.36,0.0,0.0,0.0,0.0,0.0,0.0
1782726759.172,0.0,0.0,0.0,0.5942,0.8003,0.0205,0.0132,0.0132,0.0137,26.37,0.0,0.0,0.0,0.0,0.0,0.0
1782726764.187,0.0,0.0,0.0,0.5942,0.8003,0.0205,0.0142,0.0137,0.0137,26.37,0.0,0.0,0.0,0.0,0.0,0.0
1782726769.195,0.0,0.0,0.0,0.5942,0.8003,0.0205,0.0137,0.0132,0.0142,26.36,0.0,0.0,0.0,0.0,0.0,0.0
1782726774.208,0.0,0.0,0.0,0.5942,0.8003,0.0205,0.0142,0.0137,0.0142,26.36,0.0,0.0,0.0,0.0,0.0,0.0
1782726779.215,0.0,0.0,0.0,0.5942,0.8003,0.0205,0.0132,0.0137,0.0146,26.36,0.01,0.01,0.0,0.0,0.0,0.0
1782726784.226,0.0,0.0,0.0,0.5942,0.8003,0.0205,0.0127,0.0132,0.0142,26.36,0.01,0.01,0.01,0.0,0.0,0.0
1782726789.241,0.0,0.0,0.0,0.5942,0.7998,0.0205,0.0142,0.0137,0.0132,26.36,0.0,0.0,0.0,0.0,0.0,0.0
1782726794.251,0.0,0.0,0.0,0.5942,0.7998,0.0205,0.0137,0.0127,0.0137,26.36,0.0,0.0,0.0,0.0,0.0,0.0
1782726799.256,0.0,0.0,0.0,0.5942,0.8003,0.0205,0.0127,0.0132,0.0142,26.36,0.0,0.0,0.0,0.0,0.0,0.0
1782726804.267,0.0,0.0,0.0,0.5942,0.8003,0.0205,0.0137,0.0142,0.0142,26.36,0.0,0.0,0.0,0.0,0.0,0.0
1782726809.279,0.0,0.0,0.0,0.5942,0.8003,0.0205,0.0137,0.0142,0.0146,26.36,0.0,0.0,0.0,0.0,0.0,0.0
1782726814.291,0.0,0.0,0.0,0.5942,0.8003,0.0205,0.0151,0.0137,0.0132,26.36,0.0,0.0,0.0,0.0,0.0,0.0
1782726819.306,0.0,0.0,0.0,0.5942,0.8003,0.0205,0.0132,0.0146,0.0146,26.36,0.0,0.0,0.0,0.0,0.0,0.0
1782726824.315,0.0,0.0,0.0,0.5942,0.7998,0.0205,0.0132,0.0132,0.0137,26.36,0.0,0.0,0.0,0.0,0.0,0.0
1782726829.327,0.0,0.0,0.0,0.5942,0.7998,0.0205,0.0146,0.0142,0.0132,26.36,0.16,0.16,0.15,28.7,50.1,103.7
1782726834.342,0.0,0.0,0.0,0.5942,0.7998,0.0205,0.0137,0.0127,0.0146,26.36,0.0,0.0,0.0,0.0,0.0,0.0
1782726839.353,0.0,0.0,0.0,0.5942,0.7998,0.0205,0.0137,0.0132,0.0137,26.36,0.0,0.0,0.0,0.0,0.0,0.0
1782726844.361,0.0,0.0,0.0,0.5942,0.7998,0.0205,0.0142,0.0137,0.0146,26.36,0.0,0.0,0.0,0.0,0.0,0.0
1782726849.376,0.0,0.0,0.0,0.5942,0.7998,0.0205,0.0137,0.0142,0.0146,26.36,0.0,0.0,0.0,0.0,0.0,0.0
1782726854.383,0.0,0.0,0.0,0.5942,0.7998,0.0205,0.0142,0.0132,0.0146,26.35,0.01,0.01,0.01,0.0,0.0,0.0
1782726859.398,0.0,0.0,0.0,0.5942,0.7998,0.0205,0.0137,0.0127,0.0146,26.35,0.0,0.0,0.0,0.0,0.0,0.0
1782726864.411,0.0,0.0,0.0,0.5942,0.7998,0.0205,0.0142,0.0132,0.0151,26.35,0.0,0.0,0.0,0.0,0.0,0.0
1782726869.42,0.0,0.0,0.0,0.5942,0.7998,0.0205,0.0137,0.0137,0.0137,26.35,0.0,0.0,0.0,0.0,0.0,0.0
1782726874.432,0.0,0.0,0.0,0.5942,0.7998,0.0205,0.0137,0.0137,0.0137,26.35,0.0,0.0,0.0,0.0,0.0,0.0
1782726879.444,0.0,0.0,0.0,0.5942,0.7998,0.0205,0.0132,0.0137,0.0146,26.35,0.0,0.0,0.0,0.0,0.0,0.0
1782726884.451,0.0,0.0,0.0,0.5942,0.7998,0.0205,0.0132,0.0132,0.0137,26.35,0.0,0.0,0.0,0.0,0.0,0.0
1782726889.464,0.0,0.0,0.0,0.5942,0.7998,0.0205,0.0132,0.0137,0.0146,26.35,0.0,0.0,0.0,0.0,0.0,0.0
1782726894.468,0.0,0.0,0.0,0.5942,0.7998,0.0205,0.0137,0.0132,0.0142,26.35,0.01,0.01,0.01,0.0,0.0,0.0
1782726899.48,0.0,0.0,0.0,0.5942,0.7998,0.0205,0.0142,0.0142,0.0142,26.35,0.0,0.0,0.0,0.0,0.0,0.0
1782726904.492,0.0,0.0,0.0,0.5942,0.8003,0.0205,0.0142,0.0132,0.0137,26.35,0.0,0.0,0.0,0.0,0.0,0.0
1782726909.502,0.0,0.0,0.0,0.5942,0.8003,0.021,0.0137,0.0132,0.0146,26.35,0.0,0.0,0.0,0.0,0.0,0.0
1782726914.512,0.0,0.0,0.0,0.5942,0.8003,0.021,0.0146,0.0132,0.0142,26.35,0.0,0.0,0.0,0.0,0.0,0.0
1782726919.526,0.0,0.0,0.0,0.5942,0.8003,0.021,0.0137,0.0137,0.0146,26.35,0.0,0.0,0.0,0.0,0.0,0.0
1782726924.539,0.0,0.0,0.0,0.5942,0.8003,0.021,0.0142,0.0137,0.0132,26.35,0.0,0.0,0.0,0.0,0.0,0.0
1782726929.551,0.0,0.0,0.0,0.5942,0.8003,0.021,0.0137,0.0132,0.0146,26.35,0.01,0.01,0.01,32.0,108.1,113.1
1782726934.565,0.0,0.0,0.0,0.5942,0.8003,0.0205,0.0137,0.0151,0.0151,26.35,0.0,0.0,0.0,0.0,0.0,0.0
1782726939.574,0.0,0.0,0.0,0.5942,0.8003,0.021,0.0142,0.0137,0.0137,26.34,0.0,0.0,0.0,0.0,0.0,0.0
1782726944.582,0.0,0.0,0.0,0.5942,0.8003,0.021,0.0142,0.0142,0.0151,26.34,0.0,0.0,0.0,0.0,0.0,0.0
1782726949.594,0.0,0.0,0.0,0.5942,0.8003,0.021,0.0137,0.0132,0.0137,26.34,0.0,0.0,0.0,0.0,0.0,0.0
1782726954.607,0.0,0.0,0.0,0.5942,0.8003,0.021,0.0137,0.0132,0.0137,26.34,0.0,0.0,0.0,0.0,0.0,0.0
1782726959.619,0.0,0.0,0.0,0.5942,0.8003,0.021,0.0137,0.0137,0.0137,26.34,0.0,0.0,0.0,0.0,0.0,0.0
1782726964.629,0.0,0.0,0.0,0.5942,0.8003,0.021,0.0137,0.0127,0.0137,26.34,0.0,0.0,0.0,0.0,0.0,0.0
1782726969.639,0.0,0.0,0.0,0.5942,0.8003,0.021,0.0142,0.0142,0.0137,26.34,0.0,0.0,0.0,0.0,0.0,0.0
1782726974.656,0.0,0.0,0.0,0.5942,0.8003,0.021,0.0127,0.0137,0.0137,26.34,0.0,0.0,0.0,0.0,0.0,0.0
1782726979.663,0.0,0.0,0.0,0.5942,0.8003,0.021,0.0132,0.0137,0.0137,26.33,0.0,0.0,0.0,0.0,0.0,0.0
1782726984.67,0.0,0.0,0.0,0.5942,0.8003,0.021,0.0142,0.0132,0.0142,26.33,0.02,0.02,0.02,0.0,0.0,0.0
1782726989.68,0.0,0.0,0.0,0.5942,0.8003,0.021,0.0137,0.0137,0.0137,26.33,0.0,0.0,0.0,0.0,0.0,0.0
1782726994.684,0.0,0.0,0.0,0.5942,0.8003,0.021,0.0142,0.0142,0.0137,26.33,0.0,0.0,0.0,0.0,0.0,0.0
1782726999.699,0.0,0.0,0.0,0.5942,0.8003,0.021,0.0132,0.0142,0.0146,26.33,0.01,0.01,0.01,0.0,0.0,0.0
1782727004.712,0.0,0.0,0.0,0.5942,0.8003,0.021,0.0146,0.0132,0.0142,26.33,0.0,0.0,0.0,0.0,0.0,0.0
1782727009.721,0.001,0.002,0.001,0.5942,0.8003,0.021,0.0142,0.0132,0.0151,26.33,0.18,0.19,0.18,71.7,93.2,12.1
1782727014.732,0.0,0.0,0.0,0.5942,0.8003,0.021,0.0137,0.0137,0.0132,26.33,0.0,0.0,0.0,0.0,0.0,0.0
1782727019.746,0.0,0.0,0.0,0.5942,0.8003,0.021,0.0137,0.0142,0.0142,26.33,0.0,0.0,0.0,0.0,0.0,0.0
1782727024.758,0.0,0.0,0.0,0.5942,0.8003,0.021,0.0137,0.0137,0.0146,26.33,0.0,0.0,0.0,0.0,0.0,0.0
1782727029.77,0.0,0.0,0.0,0.5942,0.8003,0.021,0.0146,0.0132,0.0142,26.32,0.0,0.0,0.0,0.0,0.0,0.0
1782727034.782,0.0,0.0,0.0,0.5942,0.8003,0.021,0.0137,0.0137,0.0137,26.33,0.0,0.0,0.0,0.0,0.0,0.0
1782727039.793,0.0,0.0,0.0,0.5942,0.8003,0.021,0.0137,0.0132,0.0146,26.32,0.0,0.0,0.0,0.0,0.0,0.0
1782727044.806,0.0,0.0,0.0,0.5942,0.8003,0.021,0.0142,0.0137,0.0142,26.33,0.0,0.0,0.0,0.0,0.0,0.0
1782727049.814,0.001,0.001,0.001,0.5942,0.8003,0.021,0.0132,0.0137,0.0137,26.33,0.04,0.04,0.04,0.0,0.0,0.0
1782727054.824,0.0,0.0,0.0,0.5942,0.8003,0.021,0.0132,0.0132,0.0137,26.33,0.0,0.0,0.0,0.0,0.0,0.0
1782727059.839,0.0,0.0,0.0,0.5942,0.8003,0.021,0.0127,0.0137,0.0146,26.33,0.0,0.0,0.0,0.0,0.0,0.0
1782727064.849,0.0,0.0,0.0,0.5942,0.8003,0.021,0.0132,0.0142,0.0142,26.33,0.0,0.0,0.0,0.0,0.0,0.0
1782727069.863,0.0,0.0,0.0,0.5942,0.8003,0.021,0.0132,0.0127,0.0132,26.33,0.0,0.0,0.0,0.0,0.0,0.0
1782727074.876,0.0,0.0,0.0,0.5942,0.8003,0.021,0.0132,0.0137,0.0151,26.33,0.0,0.0,0.0,0.0,0.0,0.0
1782727079.886,0.0,0.0,0.0,0.5942,0.8003,0.021,0.0142,0.0132,0.0146,26.34,0.0,0.0,0.0,0.0,0.0,0.0
1782727084.894,0.0,0.0,0.0,0.5942,0.8003,0.021,0.0137,0.0127,0.0142,26.33,0.0,0.0,0.0,0.0,0.0,0.0
1782727089.907,0.0,0.0,0.0,0.5942,0.8003,0.021,0.0137,0.0142,0.0137,26.34,0.0,0.0,0.0,0.0,0.0,0.0
1782727094.914,0.0,0.0,0.0,0.5942,0.8003,0.021,0.0142,0.0137,0.0146,26.34,0.0,0.0,0.0,0.0,0.0,0.0
1782727099.923,0.0,0.0,0.0,0.5942,0.8003,0.021,0.0132,0.0132,0.0137,26.34,0.01,0.01,0.01,0.0,0.0,0.0
1782727104.933,0.0,0.0,0.0,0.5942,0.8003,0.021,0.0132,0.0132,0.0146,26.34,0.0,0.0,0.0,0.0,0.0,0.0
1782727109.943,0.0,0.0,0.0,0.5942,0.8003,0.021,0.0132,0.0142,0.0137,26.34,0.0,0.0,0.0,0.0,0.0,0.0
1782727114.955,0.0,0.0,0.0,0.5942,0.8003,0.021,0.0137,0.0137,0.0142,26.34,0.0,0.0,0.0,0.0,0.0,0.0
1782727119.968,0.0,0.0,0.0,0.5942,0.8003,0.021,0.0127,0.0137,0.0146,26.34,0.0,0.0,0.0,0.0,0.0,0.0
1782727124.976,0.0,0.0,0.0,0.5942,0.8003,0.021,0.0132,0.0142,0.0137,26.35,0.0,0.0,0.0,0.0,0.0,0.0
1782727129.992,0.0,0.0,0.0,0.5942,0.8003,0.021,0.0137,0.0142,0.0137,26.35,0.0,0.0,0.0,0.0,0.0,0.0
1782727135.004,0.005,0.005,0.004,0.5942,0.8003,0.021,0.0142,0.0137,0.0137,26.35,0.03,0.03,0.03,0.0,0.0,0.0
1782727140.014,0.0,0.0,0.0,0.5942,0.8003,0.021,0.0137,0.0132,0.0151,26.35,0.0,0.0,0.0,0.0,0.0,0.0
1782727145.029,0.0,0.0,0.0,0.5947,0.8003,0.021,0.0137,0.0132,0.0137,26.35,0.0,0.0,0.0,0.0,0.0,0.0
1782727150.037,0.0,0.0,0.0,0.5942,0.8003,0.021,0.0137,0.0142,0.0132,26.36,0.0,0.0,0.0,0.0,0.0,0.0
1782727155.047,0.0,0.0,0.0,0.5947,0.8003,0.021,0.0142,0.0137,0.0146,26.36,0.0,0.0,0.0,0.0,0.0,0.0
1782727160.057,0.0,0.0,0.0,0.5942,0.8003,0.021,0.0132,0.0132,0.0156,26.36,0.0,0.0,0.0,0.0,0.0,0.0
1782727165.066,0.0,0.0,0.0,0.5947,0.8003,0.021,0.0137,0.0132,0.0142,26.36,0.0,0.0,0.0,0.0,0.0,0.0
1782727170.073,0.0,0.0,0.0,0.5947,0.8003,0.0205,0.0137,0.0132,0.0142,26.36,0.0,0.0,0.0,0.0,0.0,0.0
1782727175.083,0.0,0.0,0.0,0.5947,0.8003,0.021,0.0137,0.0132,0.0137,26.37,0.0,0.0,0.0,0.0,0.0,0.0
1782727180.089,0.0,0.0,0.0,0.5947,0.8003,0.0205,0.0132,0.0137,0.0142,26.37,0.0,0.0,0.0,0.0,0.0,0.0
1782727185.099,0.0,0.0,0.0,0.5942,0.8003,0.0205,0.0137,0.0142,0.0137,26.37,0.0,0.0,0.0,0.0,0.0,0.0
1782727190.107,0.0,0.0,0.0,0.5942,0.8003,0.0205,0.0132,0.0142,0.0137,26.37,0.0,0.0,0.0,0.0,0.0,0.0
1782727195.113,0.0,0.0,0.0,0.5942,0.7998,0.0205,0.0132,0.0142,0.0137,26.38,0.0,0.0,0.0,0.0,0.0,0.0
1782727200.119,0.0,0.0,0.0,0.5942,0.7998,0.0205,0.0142,0.0137,0.0146,26.38,0.0,0.0,0.0,0.0,0.0,0.0
1782727205.13,0.0,0.0,0.0,0.5942,0.8003,0.0205,0.0127,0.0137,0.0132,26.38,0.0,0.0,0.0,0.0,0.0,0.0
1782727210.134,0.0,0.0,0.0,0.5942,0.8003,0.0205,0.0132,0.0142,0.0146,26.38,0.0,0.0,0.0,0.0,0.0,0.0
1782727215.146,0.0,0.0,0.0,0.5942,0.8003,0.0205,0.0132,0.0127,0.0137,26.38,0.0,0.0,0.0,0.0,0.0,0.0
1782727220.153,0.0,0.0,0.0,0.5942,0.8003,0.0205,0.0137,0.0137,0.0137,26.38,0.0,0.0,0.0,0.0,0.0,0.0
1782727225.162,0.0,0.0,0.0,0.5942,0.8003,0.0205,0.0137,0.0122,0.0132,26.38,0.0,0.0,0.0,0.0,0.0,0.0
1782727230.171,0.0,0.0,0.0,0.5942,0.7998,0.0205,0.0137,0.0137,0.0137,26.39,0.0,0.0,0.0,0.0,0.0,0.0
1782727235.178,0.0,0.0,0.0,0.5942,0.7998,0.0205,0.0137,0.0142,0.0146,26.39,0.0,0.0,0.0,0.0,0.0,0.0
1782727240.183,0.0,0.0,0.0,0.5942,0.7998,0.0205,0.0142,0.0132,0.0142,26.39,0.0,0.0,0.0,0.0,0.0,0.0
1782727245.192,0.0,0.0,0.0,0.5942,0.8003,0.0205,0.0137,0.0132,0.0151,26.39,0.0,0.0,0.0,0.0,0.0,0.0
1782727250.195,0.0,0.0,0.0,0.5942,0.8003,0.0205,0.0137,0.0132,0.0146,26.39,0.01,0.01,0.01,0.0,0.0,0.0
1782727255.204,0.002,0.002,0.002,0.5942,0.8003,0.0205,0.0137,0.0137,0.0137,26.39,0.11,0.11,0.11,0.0,0.0,0.0
1782727260.216,0.0,0.0,0.0,0.5942,0.8003,0.0205,0.0132,0.0132,0.0151,26.39,0.0,0.0,0.0,0.0,0.0,0.0
1782727265.22,0.0,0.0,0.0,0.5942,0.8003,0.0205,0.0137,0.0137,0.0137,26.4,0.0,0.0,0.0,0.0,0.0,0.0
1782727270.227,0.01,0.01,0.009,0.5942,0.7998,0.0205,0.0132,0.0127,0.0142,26.4,0.23,0.24,0.22,0.0,0.0,0.0
1782727275.237,0.0,0.0,0.0,0.5942,0.7998,0.0205,0.0137,0.0127,0.0142,26.4,0.01,0.01,0.01,0.0,0.0,0.0
1782727280.245,0.0,0.0,0.0,0.5942,0.7998,0.0205,0.0127,0.0132,0.0127,26.4,0.0,0.0,0.0,0.0,0.0,0.0
1782727285.255,0.0,0.0,0.0,0.5942,0.7998,0.0205,0.0137,0.0132,0.0142,26.4,0.0,0.0,0.0,0.0,0.0,0.0
1782727290.262,0.0,0.0,0.0,0.5942,0.7998,0.0205,0.0137,0.0146,0.0137,26.4,0.0,0.0,0.0,0.0,0.0,0.0
1782727295.272,0.0,0.0,0.0,0.5942,0.7998,0.0205,0.0132,0.0132,0.0142,26.4,0.0,0.0,0.0,0.0,0.0,0.0
1782727300.286,0.0,0.0,0.0,0.5942,0.7998,0.0205,0.0142,0.0132,0.0142,26.41,0.0,0.0,0.0,0.0,0.0,0.0
1782727305.297,0.0,0.0,0.0,0.5942,0.7998,0.0205,0.0137,0.0137,0.0137,26.41,0.0,0.0,0.0,0.0,0.0,0.0
1782727310.307,0.0,0.0,0.0,0.5942,0.7998,0.0205,0.0146,0.0132,0.0151,26.4,0.0,0.0,0.0,0.0,0.0,0.0
1782727315.314,0.0,0.0,0.0,0.5942,0.7998,0.0205,0.0127,0.0132,0.0146,26.41,0.0,0.0,0.0,0.0,0.0,0.0
1782727320.32,0.0,0.0,0.0,0.5942,0.7998,0.0205,0.0132,0.0137,0.0137,26.41,0.0,0.0,0.0,0.0,0.0,0.0
1782727325.331,0.0,0.0,0.0,0.5942,0.7998,0.0205,0.0142,0.0137,0.0142,26.41,0.0,0.0,0.0,0.0,0.0,0.0
1782727330.348,0.0,0.0,0.0,0.5942,0.7998,0.0205,0.0137,0.0137,0.0137,26.41,0.0,0.0,0.0,0.0,0.0,0.0
1782727335.357,0.0,0.0,0.0,0.5942,0.7998,0.0205,0.0132,0.0127,0.0137,26.41,0.0,0.0,0.0,0.0,0.0,0.0
1782727340.369,0.0,0.0,0.0,0.5942,0.7998,0.0205,0.0137,0.0137,0.0142,26.41,0.0,0.0,0.0,0.0,0.0,0.0
1782727345.381,0.0,0.0,0.0,0.5942,0.7998,0.0205,0.0137,0.0132,0.0142,26.42,0.0,0.0,0.0,0.0,0.0,0.0
1782727350.391,0.0,0.0,0.0,0.5942,0.7998,0.0205,0.0137,0.0137,0.0151,26.42,0.0,0.0,0.0,0.0,0.0,0.0
1782727355.404,0.0,0.0,0.0,0.5942,0.7998,0.0205,0.0137,0.0142,0.0142,26.42,0.0,0.0,0.0,0.0,0.0,0.0
1782727360.41,0.0,0.0,0.0,0.5942,0.7998,0.0205,0.0132,0.0132,0.0137,26.42,0.0,0.0,0.0,0.0,0.0,0.0
1782727365.416,0.0,0.0,0.0,0.5942,0.7998,0.0205,0.0142,0.0137,0.0137,26.43,0.0,0.0,0.0,0.0,0.0,0.0
1782727370.426,0.0,0.0,0.0,0.5942,0.7998,0.0205,0.0142,0.0137,0.0137,26.43,0.0,0.0,0.0,0.0,0.0,0.0
1782727375.438,0.0,0.0,0.0,0.5942,0.7998,0.0205,0.0132,0.0132,0.0146,26.43,0.0,0.0,0.0,0.0,0.0,0.0
1782727380.45,0.0,0.0,0.0,0.5942,0.7998,0.0205,0.0137,0.0132,0.0151,26.43,0.0,0.0,0.0,0.0,0.0,0.0
1782727385.461,0.0,0.0,0.0,0.5942,0.7998,0.0205,0.0137,0.0132,0.0146,26.43,0.02,0.02,0.01,0.0,0.0,0.0
1782727390.469,0.0,0.0,0.0,0.5942,0.7998,0.0205,0.0137,0.0132,0.0142,26.43,0.0,0.0,0.0,0.0,0.0,0.0
1782727395.474,0.0,0.0,0.0,0.5942,0.7998,0.0205,0.0137,0.0137,0.0137,26.44,0.0,0.0,0.0,0.0,0.0,0.0
1782727400.486,0.0,0.0,0.0,0.5942,0.7998,0.0205,0.0142,0.0137,0.0142,26.44,0.0,0.0,0.0,0.0,0.0,0.0
1782727405.493,0.0,0.0,0.0,0.5942,0.7998,0.0205,0.0137,0.0132,0.0137,26.44,0.0,0.0,0.0,0.0,0.0,0.0
1782727410.503,0.0,0.0,0.0,0.5942,0.7998,0.0205,0.0137,0.0142,0.0146,26.44,0.0,0.0,0.0,0.0,0.0,0.0
1782727415.513,0.002,0.002,0.002,0.5942,0.7998,0.0205,0.0156,0.0151,0.0142,26.44,0.36,0.39,0.31,0.0,0.0,0.0
1782727420.521,0.0,0.0,0.0,0.5942,0.7998,0.0205,0.0137,0.0137,0.0151,26.44,0.0,0.0,0.0,0.0,0.0,0.0
1782727425.532,0.0,0.0,0.0,0.5942,0.7998,0.0205,0.0142,0.0132,0.0151,26.44,0.0,0.0,0.0,0.0,0.0,0.0
1782727430.538,0.0,0.0,0.0,0.5942,0.7998,0.0205,0.0137,0.0137,0.0151,26.44,0.0,0.0,0.0,0.0,0.0,0.0
1782727435.546,0.0,0.0,0.0,0.5942,0.7998,0.0205,0.0132,0.0137,0.0146,26.44,0.0,0.0,0.0,0.0,0.0,0.0
1782727440.555,0.0,0.0,0.0,0.5942,0.7998,0.0205,0.0146,0.0132,0.0142,26.44,0.0,0.0,0.0,0.0,0.0,0.0
1782727445.565,0.0,0.0,0.0,0.5942,0.7998,0.0205,0.0137,0.0142,0.0137,26.44,0.0,0.0,0.0,0.0,0.0,0.0
1782727450.57,0.0,0.0,0.0,0.5942,0.7998,0.0205,0.0132,0.0137,0.0132,26.44,0.0,0.0,0.0,0.0,0.0,0.0
1782727455.576,0.0,0.0,0.0,0.5942,0.7998,0.0205,0.0137,0.0132,0.0142,26.44,0.0,0.0,0.0,0.0,0.0,0.0
1782727460.583,0.0,0.0,0.0,0.5942,0.7998,0.0205,0.0137,0.0137,0.0142,26.44,0.0,0.0,0.0,0.0,0.0,0.0
1782727465.59,0.0,0.0,0.0,0.5942,0.7998,0.0205,0.0142,0.0137,0.0132,26.44,0.0,0.0,0.0,0.0,0.0,0.0
1782727470.601,0.0,0.0,0.0,0.5942,0.7998,0.0205,0.0137,0.0132,0.0151,26.44,0.05,0.06,0.05,0.0,0.0,0.0
1782727475.606,0.0,0.0,0.0,0.5942,0.7998,0.0205,0.0137,0.0132,0.0146,26.44,0.0,0.0,0.0,0.0,0.0,0.0
1782727480.617,0.0,0.0,0.0,0.5942,0.7998,0.0205,0.0137,0.0142,0.0146,26.44,0.02,0.02,0.02,0.0,0.0,0.0
1782727485.627,0.0,0.0,0.0,0.5942,0.7998,0.0205,0.0142,0.0137,0.0132,26.44,0.0,0.0,0.0,0.0,0.0,0.0
1782727490.63,0.0,0.0,0.0,0.5942,0.7998,0.0205,0.0137,0.0132,0.0137,26.44,0.0,0.0,0.0,0.0,0.0,0.0
1782727495.64,0.0,0.0,0.0,0.5942,0.7998,0.0205,0.0137,0.0132,0.0146,26.44,0.0,0.0,0.0,0.0,0.0,0.0
1782727500.645,0.0,0.0,0.0,0.5942,0.7998,0.0205,0.0137,0.0137,0.0142,26.44,0.0,0.0,0.0,0.0,0.0,0.0
1782727505.652,0.0,0.0,0.0,0.5942,0.7998,0.0205,0.0132,0.0137,0.0137,26.44,0.0,0.0,0.0,0.0,0.0,0.0
1782727510.664,0.0,0.0,0.0,0.5942,0.7998,0.0205,0.0137,0.0137,0.0137,26.45,0.0,0.0,0.0,0.0,0.0,0.0
1782727515.699,0.0,0.0,0.0,0.5942,0.7998,0.0205,0.0137,0.0132,0.0146,26.45,0.0,0.0,0.0,0.0,0.0,0.0
1782727520.708,0.0,0.0,0.0,0.5942,0.7998,0.0205,0.0142,0.0132,0.0142,26.45,0.0,0.0,0.0,0.0,0.0,0.0
1782727525.723,0.0,0.0,0.0,0.5942,0.7998,0.0205,0.0137,0.0137,0.0151,26.45,0.01,0.01,0.01,0.0,0.0,0.0
1782727530.732,0.0,0.0,0.0,0.5942,0.7998,0.0205,0.0137,0.0146,0.0142,26.45,0.0,0.0,0.0,0.0,0.0,0.0
1782727535.742,0.0,0.0,0.0,0.5942,0.7998,0.0205,0.0132,0.0137,0.0142,26.46,0.0,0.0,0.0,0.0,0.0,0.0
1782727540.756,0.0,0.0,0.0,0.5942,0.7998,0.0205,0.0142,0.0137,0.0142,26.46,0.0,0.0,0.0,0.0,0.0,0.0
1782727545.762,0.0,0.0,0.0,0.5942,0.7998,0.0205,0.0132,0.0137,0.0132,26.46,0.01,0.01,0.01,0.0,0.0,0.0
1782727550.774,0.0,0.0,0.0,0.5942,0.7998,0.0205,0.0132,0.0137,0.0137,26.46,0.01,0.01,0.01,0.0,0.0,0.0
1782727555.788,0.0,0.0,0.0,0.5942,0.7998,0.0205,0.0132,0.0127,0.0137,26.46,0.0,0.0,0.0,0.0,0.0,0.0
1782727560.798,0.0,0.0,0.0,0.5942,0.7998,0.0205,0.0142,0.0142,0.0137,26.47,0.03,0.03,0.02,0.0,0.0,0.0
1782727565.812,0.0,0.0,0.0,0.5942,0.7998,0.0205,0.0137,0.0132,0.0137,26.47,0.0,0.0,0.0,0.0,0.0,0.0
1782727570.824,0.0,0.0,0.0,0.5942,0.7998,0.0205,0.0137,0.0137,0.0142,26.47,0.0,0.0,0.0,0.0,0.0,0.0
1782727575.836,0.0,0.0,0.0,0.5942,0.7998,0.0205,0.0137,0.0137,0.0146,26.47,0.0,0.0,0.0,0.0,0.0,0.0
1782727580.846,0.0,0.0,0.0,0.5942,0.7998,0.0205,0.0137,0.0146,0.0146,26.48,0.0,0.0,0.0,0.0,0.0,0.0
1782727585.859,0.0,0.0,0.0,0.5942,0.7998,0.0205,0.0137,0.0132,0.0146,26.48,0.0,0.0,0.0,0.0,0.0,0.0
1782727590.868,0.0,0.0,0.0,0.5942,0.7998,0.0205,0.0137,0.0137,0.0137,26.48,0.0,0.0,0.0,0.0,0.0,0.0
1782727595.878,0.0,0.0,0.0,0.5942,0.7998,0.0205,0.0137,0.0132,0.0142,26.48,0.0,0.0,0.0,0.0,0.0,0.0
1782727600.891,0.0,0.0,0.0,0.5942,0.7998,0.0205,0.0132,0.0137,0.0137,26.48,0.0,0.0,0.0,0.0,0.0,0.0
1782727605.902,0.0,0.0,0.0,0.5942,0.7998,0.0205,0.0137,0.0132,0.0146,26.49,0.0,0.0,0.0,0.0,0.0,0.0
1782727610.915,0.0,0.0,0.0,0.5942,0.7998,0.0205,0.0142,0.0142,0.0127,26.49,0.0,0.0,0.0,0.0,0.0,0.0
1782727615.924,0.0,0.0,0.0,0.5942,0.7998,0.0205,0.0137,0.0137,0.0142,26.49,0.0,0.0,0.0,0.0,0.0,0.0
1782727620.934,0.0,0.0,0.0,0.5942,0.7998,0.0205,0.0142,0.0137,0.0146,26.49,0.0,0.0,0.0,0.0,0.0,0.0
1782727625.946,0.0,0.0,0.0,0.5942,0.7998,0.0205,0.0142,0.0137,0.0146,26.49,0.0,0.0,0.0,0.0,0.0,0.0
1782727630.957,0.0,0.0,0.0,0.5942,0.7998,0.0205,0.0132,0.0132,0.0137,26.49,0.0,0.0,0.0,0.0,0.0,0.0
1782727635.967,0.0,0.0,0.0,0.5942,0.7998,0.0205,0.0142,0.0142,0.0146,26.49,0.0,0.0,0.0,0.0,0.0,0.0
1782727640.976,0.0,0.0,0.0,0.5942,0.7998,0.0205,0.0146,0.0132,0.0137,26.49,0.0,0.0,0.0,0.0,0.0,0.0
1782727645.982,0.0,0.0,0.0,0.5942,0.7998,0.0205,0.0142,0.0142,0.0142,26.49,0.0,0.0,0.0,0.0,0.0,0.0
1782727650.988,0.0,0.0,0.0,0.5942,0.7998,0.0205,0.0137,0.0132,0.0142,26.49,0.0,0.0,0.0,0.0,0.0,0.0
1782727655.998,0.0,0.0,0.0,0.5942,0.7998,0.0205,0.0137,0.0137,0.0142,26.49,0.0,0.0,0.0,0.0,0.0,0.0
1782727661.002,0.0,0.0,0.0,0.5942,0.7998,0.0205,0.0132,0.0137,0.0137,26.49,0.0,0.0,0.0,0.0,0.0,0.0
1782727666.009,0.0,0.0,0.0,0.5942,0.7998,0.0205,0.0137,0.0137,0.0137,26.49,0.0,0.0,0.0,0.0,0.0,0.0
1782727671.016,0.0,0.0,0.0,0.5942,0.7998,0.0205,0.0142,0.0132,0.0137,26.49,0.0,0.0,0.0,0.0,0.0,0.0
1782727676.027,0.0,0.0,0.0,0.5942,0.7998,0.0205,0.0137,0.0142,0.0142,26.49,0.0,0.0,0.0,0.0,0.0,0.0
1782727681.038,0.0,0.0,0.0,0.5942,0.7998,0.0205,0.0132,0.0137,0.0142,26.49,0.0,0.0,0.0,0.0,0.0,0.0
1782727686.041,0.0,0.0,0.0,0.5942,0.7998,0.0205,0.0137,0.0137,0.0142,26.49,0.0,0.0,0.0,0.0,0.0,0.0
1782727691.05,0.0,0.0,0.0,0.5942,0.7998,0.0205,0.0137,0.0132,0.0142,26.49,0.0,0.0,0.0,0.0,0.0,0.0
1782727696.062,0.0,0.0,0.0,0.5942,0.7998,0.0205,0.0132,0.0137,0.0142,26.49,0.0,0.0,0.0,0.0,0.0,0.0
1782727701.07,0.0,0.0,0.0,0.5942,0.7998,0.0205,0.0142,0.0137,0.0137,26.49,0.0,0.0,0.0,0.0,0.0,0.0
1782727706.078,0.0,0.0,0.0,0.5942,0.7998,0.0205,0.0142,0.0137,0.0142,26.5,0.01,0.01,0.01,0.0,0.0,0.0
1782727711.084,0.0,0.0,0.0,0.5942,0.7998,0.0205,0.0137,0.0142,0.0142,26.49,0.0,0.0,0.0,0.0,0.0,0.0
1782727716.094,0.0,0.0,0.0,0.5942,0.8003,0.0205,0.0142,0.0132,0.0142,26.5,0.0,0.0,0.0,0.0,0.0,0.0
1782727721.104,0.0,0.0,0.0,0.5942,0.8003,0.0205,0.0137,0.0142,0.0146,26.49,0.0,0.0,0.0,0.0,0.0,0.0
1782727726.119,0.0,0.0,0.0,0.5942,0.8003,0.0205,0.0137,0.0137,0.0142,26.5,0.0,0.0,0.0,0.0,0.0,0.0
1782727731.125,0.0,0.0,0.0,0.5942,0.7998,0.0205,0.0142,0.0137,0.0146,26.49,0.0,0.0,0.0,0.0,0.0,0.0
1782727736.134,0.0,0.0,0.0,0.5942,0.7998,0.0205,0.0132,0.0137,0.0132,26.49,0.0,0.0,0.0,0.0,0.0,0.0
1782727741.146,0.0,0.0,0.0,0.5942,0.7998,0.0205,0.0132,0.0132,0.0132,26.5,0.0,0.0,0.0,0.0,0.0,0.0
1782727746.153,0.0,0.0,0.0,0.5942,0.7998,0.0205,0.0132,0.0137,0.0151,26.5,0.06,0.06,0.05,0.0,119.5,114.1
1782727751.164,0.0,0.0,0.0,0.5942,0.7998,0.0205,0.0142,0.0142,0.0137,26.5,0.0,0.0,0.0,0.0,0.0,0.0
1782727756.173,0.0,0.0,0.0,0.5942,0.7998,0.0205,0.0137,0.0137,0.0137,26.5,0.0,0.0,0.0,0.0,0.0,0.0
1782727761.182,0.0,0.0,0.0,0.5942,0.7998,0.0205,0.0132,0.0195,0.0137,26.5,0.0,0.0,0.0,70.2,0.0,0.0
1782727766.189,0.0,0.0,0.0,0.5942,0.7998,0.0205,0.0137,0.0132,0.0146,26.5,0.0,0.0,0.0,0.0,0.0,0.0
1782727771.196,0.0,0.0,0.0,0.5942,0.7998,0.0205,0.0137,0.0132,0.0146,26.5,0.0,0.0,0.0,0.0,0.0,0.0
1782727776.207,0.0,0.0,0.0,0.5942,0.7998,0.0205,0.0132,0.0132,0.0142,26.5,0.0,0.0,0.0,0.0,0.0,0.0
1782727781.212,0.0,0.0,0.0,0.5942,0.7998,0.0205,0.0142,0.0137,0.0142,26.5,0.0,0.0,0.0,0.0,0.0,0.0
1782727786.221,0.0,0.0,0.0,0.5942,0.7998,0.0205,0.0137,0.0132,0.0142,26.5,0.0,0.0,0.0,0.0,0.0,0.0
1782727791.228,0.0,0.0,0.0,0.5942,0.7998,0.0205,0.0137,0.0132,0.0137,26.5,0.0,0.0,0.0,0.0,0.0,0.0
1782727796.236,0.0,0.0,0.0,0.5942,0.7998,0.0205,0.0132,0.0132,0.0137,26.5,0.0,0.0,0.0,0.0,0.0,0.0
1782727801.244,0.0,0.0,0.0,0.5942,0.7998,0.0205,0.0137,0.0137,0.0142,26.5,0.0,0.0,0.0,0.0,0.0,0.0
1782727806.253,0.0,0.0,0.0,0.5942,0.7998,0.0205,0.0137,0.0132,0.0137,26.5,0.0,0.0,0.0,0.0,0.0,0.0
1782727811.262,0.0,0.0,0.0,0.5942,0.7998,0.0205,0.0142,0.0137,0.0132,26.5,0.0,0.0,0.0,0.0,0.0,0.0
1782727816.271,0.0,0.0,0.0,0.5942,0.7998,0.0205,0.0132,0.0142,0.0142,26.5,0.0,0.0,0.0,0.0,0.0,0.0
1782727821.282,0.0,0.0,0.0,0.5942,0.7998,0.0205,0.0137,0.0132,0.0142,26.5,0.0,0.0,0.0,0.0,0.0,0.0
1782727826.292,0.0,0.0,0.0,0.5942,0.7998,0.0205,0.0132,0.0132,0.0142,26.5,0.03,0.03,0.03,0.0,0.0,0.0
1782727831.3,0.0,0.0,0.0,0.5942,0.8003,0.0205,0.0137,0.0132,0.0142,26.5,0.0,0.0,0.0,0.0,0.0,0.0
1782727836.308,0.0,0.0,0.0,0.5942,0.8003,0.0205,0.0142,0.0137,0.0137,26.5,0.0,0.0,0.0,0.0,0.0,0.0
1782727841.318,0.0,0.0,0.0,0.5942,0.8003,0.0205,0.0137,0.0132,0.0142,26.5,0.0,0.0,0.0,0.0,0.0,0.0
1782727846.325,0.0,0.0,0.0,0.5942,0.8003,0.0205,0.0142,0.0137,0.0132,26.5,0.0,0.0,0.0,0.0,0.0,0.0
1782727851.332,0.0,0.0,0.0,0.5942,0.8003,0.0205,0.0137,0.0137,0.0137,26.5,0.0,0.0,0.0,0.0,0.0,0.0
1782727856.34,0.0,0.0,0.0,0.5942,0.8003,0.0205,0.0137,0.0137,0.0146,26.5,0.0,0.0,0.0,0.0,0.0,0.0
1782727861.35,0.0,0.0,0.0,0.5942,0.8003,0.0205,0.0137,0.0142,0.0151,26.5,0.0,0.0,0.0,0.0,0.0,0.0
1782727866.385,0.0,0.0,0.0,0.5942,0.8003,0.0205,0.0132,0.0142,0.0137,26.49,0.0,0.0,0.0,0.0,0.0,0.0
1782727871.394,0.0,0.0,0.0,0.5942,0.8003,0.0205,0.0137,0.0137,0.0142,26.49,0.0,0.0,0.0,0.0,0.0,0.0
1782727876.408,0.0,0.0,0.0,0.5942,0.8003,0.0205,0.0137,0.0137,0.0137,26.49,0.0,0.0,0.0,0.0,0.0,0.0
1782727881.418,0.0,0.0,0.0,0.5942,0.7998,0.0205,0.0142,0.0132,0.0142,26.49,0.0,0.0,0.0,0.0,0.0,0.0
1782727886.429,0.0,0.0,0.0,0.5942,0.7998,0.0205,0.0142,0.0142,0.0156,26.49,0.0,0.0,0.0,0.0,0.0,0.0
1782727891.437,0.0,0.0,0.0,0.5942,0.8003,0.0205,0.0137,0.0127,0.0132,26.49,0.0,0.0,0.0,0.0,0.0,0.0
1782727896.45,0.0,0.0,0.0,0.5942,0.8003,0.0205,0.0142,0.0132,0.0151,26.49,0.0,0.0,0.0,0.0,0.0,0.0
1782727901.46,0.0,0.0,0.0,0.5942,0.8003,0.0205,0.0137,0.0132,0.0137,26.49,0.0,0.0,0.0,0.0,0.0,0.0
1782727906.472,0.0,0.0,0.0,0.5942,0.8003,0.0205,0.0132,0.0132,0.0142,26.49,0.0,0.0,0.0,0.0,0.0,0.0
1782727911.484,0.0,0.0,0.0,0.5942,0.8003,0.0205,0.0137,0.0137,0.0137,26.49,0.0,0.0,0.0,0.0,0.0,0.0
1782727916.496,0.0,0.0,0.0,0.5942,0.7998,0.0205,0.0132,0.0137,0.0146,26.49,0.0,0.0,0.0,0.0,0.0,0.0
1782727921.509,0.0,0.0,0.0,0.5942,0.8003,0.0205,0.0132,0.0132,0.0137,26.49,0.0,0.0,0.0,0.0,0.0,0.0
1782727926.524,0.0,0.0,0.0,0.5942,0.8003,0.0205,0.0137,0.0142,0.0146,26.49,0.0,0.0,0.0,0.0,0.0,0.0
1782727931.535,0.0,0.0,0.0,0.5942,0.8003,0.0205,0.0142,0.0132,0.0151,26.49,0.08,0.08,0.07,23.5,97.0,88.0
1782727936.547,0.0,0.0,0.0,0.5942,0.8003,0.0205,0.0132,0.0132,0.0146,26.49,0.06,0.06,0.06,103.9,38.7,66.0
1782727941.557,0.0,0.0,0.0,0.5942,0.8003,0.0205,0.0142,0.0137,0.0151,26.49,0.03,0.03,0.02,116.6,102.4,88.3
1782727946.569,0.0,0.0,0.0,0.5942,0.8003,0.0205,0.0142,0.0132,0.0137,26.49,0.0,0.0,0.0,0.0,0.0,0.0
1782727951.58,0.0,0.0,0.0,0.5942,0.8003,0.0205,0.0132,0.0132,0.0137,26.49,0.0,0.0,0.0,0.0,0.0,0.0
1782727956.588,0.0,0.0,0.0,0.5942,0.8003,0.0205,0.0132,0.0137,0.0146,26.49,0.0,0.0,0.0,0.0,0.0,0.0
1782727961.596,0.0,0.0,0.0,0.5942,0.8003,0.0205,0.0146,0.0132,0.0142,26.49,0.0,0.0,0.0,0.0,0.0,0.0
1782727966.605,0.0,0.0,0.0,0.5942,0.8003,0.0205,0.0137,0.0137,0.0137,26.49,0.0,0.0,0.0,0.0,0.0,0.0
1782727971.612,0.0,0.0,0.0,0.5942,0.8003,0.0205,0.0137,0.0137,0.0137,26.49,0.0,0.0,0.0,0.0,0.0,0.0
1782727976.62,0.0,0.0,0.0,0.5942,0.8003,0.0205,0.0137,0.0132,0.0146,26.49,0.0,0.0,0.0,0.0,0.0,0.0
1782727981.626,0.0,0.0,0.0,0.5942,0.8003,0.0205,0.0137,0.0142,0.0142,26.48,0.0,0.0,0.0,0.0,0.0,0.0
1782727986.636,0.0,0.0,0.0,0.5942,0.8003,0.0205,0.0146,0.0127,0.0146,26.49,0.0,0.0,0.0,0.0,0.0,0.0
1782727991.648,0.0,0.0,0.0,0.5942,0.8003,0.0205,0.0132,0.0132,0.0146,26.48,0.0,0.0,0.0,0.0,0.0,0.0
1782727996.658,0.0,0.0,0.0,0.5942,0.8003,0.0205,0.0137,0.0137,0.0137,26.48,0.0,0.0,0.0,0.0,0.0,0.0
1782728001.671,0.0,0.0,0.0,0.5942,0.8003,0.0205,0.0132,0.0127,0.0146,26.48,0.0,0.0,0.0,0.0,0.0,0.0
1782728006.682,0.0,0.0,0.0,0.5942,0.7998,0.0205,0.0137,0.0132,0.0137,26.48,0.0,0.0,0.0,0.0,0.0,0.0
1782728011.693,0.0,0.0,0.0,0.5942,0.7998,0.0205,0.0137,0.0132,0.0151,26.48,0.0,0.0,0.0,0.0,0.0,0.0
1782728016.703,0.0,0.0,0.0,0.5942,0.7998,0.0205,0.0127,0.0132,0.0146,26.48,0.0,0.0,0.0,0.0,0.0,0.0
1782728021.711,0.0,0.0,0.0,0.5942,0.7998,0.0205,0.0142,0.0132,0.0137,26.48,0.0,0.0,0.0,0.0,0.0,0.0
1782728026.719,0.0,0.0,0.0,0.5942,0.7998,0.0205,0.0137,0.0142,0.0137,26.48,0.0,0.0,0.0,0.0,0.0,0.0
1782728031.727,0.0,0.0,0.0,0.5942,0.7998,0.0205,0.0137,0.0132,0.0142,26.48,0.0,0.0,0.0,0.0,0.0,0.0
1782728036.735,0.0,0.0,0.0,0.5942,0.7998,0.0205,0.0137,0.0137,0.0142,26.48,0.0,0.0,0.0,0.0,0.0,0.0
1782728041.744,0.0,0.0,0.0,0.5942,0.8003,0.0205,0.0132,0.0127,0.0137,26.48,0.0,0.0,0.0,0.0,0.0,0.0
1782728046.751,0.0,0.0,0.0,0.5942,0.8003,0.0205,0.0137,0.0137,0.0137,26.48,0.0,0.0,0.0,0.0,0.0,0.0
1782728051.759,0.0,0.0,0.0,0.5942,0.8003,0.0205,0.0132,0.0142,0.0142,26.48,0.0,0.0,0.0,0.0,0.0,0.0
1782728056.769,0.0,0.0,0.0,0.5942,0.8003,0.0205,0.0132,0.0132,0.0142,26.48,0.07,0.07,0.07,0.0,0.0,0.0
1782728061.777,0.0,0.0,0.0,0.5942,0.8003,0.0205,0.0137,0.0127,0.0137,26.48,0.0,0.0,0.0,0.0,0.0,0.0
1782728066.79,0.0,0.0,0.0,0.5942,0.8003,0.0205,0.0142,0.0137,0.0142,26.48,0.0,0.0,0.0,0.0,0.0,0.0
1782728071.801,0.0,0.0,0.0,0.5942,0.8003,0.0205,0.0132,0.0142,0.0142,26.48,0.02,0.02,0.02,0.0,0.0,0.0
1782728076.812,0.0,0.0,0.0,0.5942,0.8003,0.0205,0.0142,0.0137,0.0137,26.48,0.0,0.0,0.0,0.0,0.0,0.0
1782728081.823,0.0,0.0,0.0,0.5942,0.8003,0.0205,0.0137,0.0132,0.0156,26.48,0.0,0.0,0.0,0.0,0.0,0.0
1782728086.834,0.0,0.0,0.0,0.5942,0.8003,0.0205,0.0146,0.0142,0.0146,26.48,0.0,0.0,0.0,0.0,0.0,0.0
1782728091.843,0.0,0.0,0.0,0.5942,0.8003,0.0205,0.0137,0.0137,0.0137,26.48,0.0,0.0,0.0,0.0,0.0,0.0
1782728096.851,0.0,0.0,0.0,0.5942,0.8003,0.0205,0.0132,0.0137,0.0142,26.48,0.0,0.0,0.0,0.0,0.0,0.0
1782728101.859,0.0,0.0,0.0,0.5942,0.8003,0.0205,0.0142,0.0137,0.0132,26.49,0.0,0.0,0.0,0.0,0.0,0.0
1782728106.869,0.003,0.003,0.003,0.5942,0.8003,0.0205,0.0142,0.0142,0.0151,26.49,0.39,0.39,0.37,31.0,0.7,15.3
1782728111.879,0.0,0.0,0.0,0.5942,0.8003,0.0205,0.0137,0.0132,0.0137,26.49,0.0,0.0,0.0,0.0,0.0,0.0
1782728116.888,0.0,0.0,0.0,0.5942,0.8003,0.0205,0.0137,0.0132,0.0137,26.49,0.0,0.0,0.0,0.0,0.0,0.0
1782728121.897,0.0,0.0,0.0,0.5942,0.8003,0.0205,0.0132,0.0132,0.0142,26.49,0.0,0.0,0.0,0.0,0.0,0.0
1782728126.903,0.0,0.0,0.0,0.5942,0.8003,0.0205,0.0132,0.0137,0.0137,26.49,0.0,0.0,0.0,0.0,0.0,0.0
1782728131.911,0.0,0.0,0.0,0.5942,0.8003,0.0205,0.0146,0.0142,0.0137,26.5,0.0,0.0,0.0,0.0,0.0,0.0
1782728136.919,0.0,0.0,0.0,0.5942,0.8003,0.0205,0.0132,0.0137,0.0142,26.5,0.0,0.0,0.0,0.0,0.0,0.0
1782728141.929,0.0,0.0,0.0,0.5942,0.8003,0.0205,0.0142,0.0132,0.0142,26.5,0.0,0.0,0.0,0.0,0.0,0.0
1782728146.939,0.0,0.0,0.0,0.5942,0.7998,0.0205,0.0142,0.0142,0.0137,26.5,0.0,0.0,0.0,0.0,0.0,0.0
1782728151.947,0.0,0.0,0.0,0.5942,0.7998,0.0205,0.0132,0.0137,0.0137,26.5,0.0,0.0,0.0,0.0,0.0,0.0
1782728156.957,0.0,0.0,0.0,0.5942,0.7998,0.0205,0.0142,0.0132,0.0137,26.5,0.0,0.0,0.0,0.0,0.0,0.0
1782728161.967,0.0,0.0,0.0,0.5942,0.8003,0.0205,0.0132,0.0137,0.0137,26.5,0.0,0.0,0.0,0.0,0.0,0.0
1782728166.976,0.0,0.0,0.0,0.5942,0.8003,0.0205,0.0132,0.0127,0.0146,26.5,0.0,0.0,0.0,0.0,0.0,0.0
1782728171.982,0.0,0.0,0.0,0.5942,0.8003,0.0205,0.0137,0.0142,0.0142,26.5,0.0,0.0,0.0,0.0,0.0,0.0
1782728176.997,0.0,0.0,0.0,0.5942,0.8003,0.0205,0.0132,0.0137,0.0142,26.51,0.0,0.0,0.0,0.0,0.0,0.0
1782728182.009,0.0,0.0,0.0,0.5942,0.8003,0.0205,0.0132,0.0142,0.0132,26.51,0.0,0.0,0.0,0.0,0.0,0.0
1782728187.021,0.0,0.0,0.0,0.5942,0.8003,0.0205,0.0132,0.0132,0.0132,26.51,0.0,0.0,0.0,0.0,0.0,0.0
1782728192.031,0.0,0.0,0.0,0.5942,0.8003,0.0205,0.0127,0.0142,0.0146,26.51,0.07,0.08,0.07,0.0,0.0,0.0
1782728197.038,0.0,0.0,0.0,0.5942,0.8003,0.0205,0.0142,0.0137,0.0137,26.52,0.01,0.01,0.01,0.0,0.0,0.0
1782728202.049,0.0,0.0,0.0,0.5942,0.8003,0.0205,0.0137,0.0132,0.0137,26.52,0.0,0.0,0.0,0.0,0.0,0.0
1782728207.054,0.0,0.0,0.0,0.5942,0.8003,0.0205,0.0142,0.0142,0.0142,26.52,0.0,0.0,0.0,0.0,0.0,0.0
1782728212.063,0.0,0.0,0.0,0.5942,0.8003,0.0205,0.0146,0.0132,0.0146,26.52,0.0,0.0,0.0,0.0,0.0,0.0
1782728217.071,0.0,0.0,0.0,0.5942,0.8003,0.0205,0.0137,0.0132,0.0142,26.52,0.0,0.0,0.0,0.0,0.0,0.0
1782728222.077,0.0,0.0,0.0,0.5942,0.8003,0.0205,0.0132,0.0132,0.0137,26.52,0.0,0.0,0.0,0.0,0.0,0.0
1782728227.087,0.0,0.0,0.0,0.5942,0.8003,0.0205,0.0146,0.0132,0.0137,26.52,0.0,0.0,0.0,0.0,0.0,0.0
1782728232.095,0.0,0.0,0.0,0.5942,0.8003,0.0205,0.0132,0.0142,0.0137,26.52,0.0,0.0,0.0,0.0,0.0,0.0
1782728237.103,0.0,0.0,0.0,0.5942,0.8003,0.0205,0.0137,0.0137,0.0142,26.52,0.0,0.0,0.0,0.0,0.0,0.0
1782728242.11,0.0,0.0,0.0,0.5942,0.8003,0.0205,0.0142,0.0132,0.0132,26.52,0.0,0.0,0.0,0.0,0.0,0.0
1782728247.123,0.0,0.0,0.0,0.5942,0.8003,0.0205,0.0137,0.0137,0.0151,26.52,0.0,0.0,0.0,0.0,0.0,0.0
1782728252.135,0.0,0.0,0.0,0.5942,0.8003,0.0205,0.0137,0.0137,0.0137,26.52,0.0,0.0,0.0,0.0,0.0,0.0
1782728257.147,0.0,0.0,0.0,0.5942,0.8003,0.0205,0.0132,0.0132,0.0137,26.52,0.0,0.0,0.0,0.0,0.0,0.0
1782728262.159,0.0,0.0,0.0,0.5942,0.8003,0.0205,0.0146,0.0137,0.0146,26.53,0.0,0.0,0.0,0.0,0.0,0.0
1782728267.171,0.0,0.0,0.0,0.5942,0.8003,0.0205,0.0137,0.0137,0.0146,26.53,0.03,0.04,0.03,0.0,0.0,0.0
1782728272.183,0.0,0.0,0.0,0.5942,0.8003,0.0205,0.0142,0.0137,0.0142,26.53,0.0,0.0,0.0,0.0,0.0,0.0
1782728277.19,0.0,0.0,0.0,0.5942,0.8003,0.0205,0.0132,0.0137,0.0142,26.53,0.0,0.0,0.0,0.0,0.0,0.0
1782728282.199,0.0,0.0,0.0,0.5947,0.7998,0.0205,0.0142,0.0146,0.0137,26.53,0.01,0.01,0.01,0.0,0.0,0.0
1782728287.209,0.0,0.0,0.0,0.5947,0.8003,0.0205,0.0137,0.0137,0.0137,26.53,0.0,0.0,0.0,0.0,0.0,0.0
1782728292.219,0.0,0.0,0.0,0.5942,0.8003,0.0205,0.0132,0.0132,0.0142,26.53,0.0,0.0,0.0,0.0,0.0,0.0
1782728297.233,0.0,0.0,0.0,0.5947,0.8003,0.0205,0.0142,0.0146,0.0132,26.54,0.0,0.0,0.0,0.0,0.0,0.0
1782728302.245,0.0,0.0,0.0,0.5947,0.8003,0.0205,0.0132,0.0142,0.0137,26.54,0.0,0.0,0.0,0.0,0.0,0.0
1782728307.254,0.0,0.0,0.0,0.5942,0.8003,0.0205,0.0142,0.0132,0.0146,26.54,0.0,0.0,0.0,0.0,0.0,0.0
1782728312.264,0.0,0.0,0.0,0.5947,0.8003,0.0205,0.0146,0.0132,0.0146,26.54,0.0,0.0,0.0,0.0,0.0,0.0
1782728317.277,0.0,0.0,0.0,0.5947,0.8003,0.0205,0.0142,0.0132,0.0156,26.54,0.0,0.0,0.0,0.0,0.0,0.0
1782728322.288,0.0,0.0,0.0,0.5947,0.8003,0.0205,0.0132,0.0132,0.0137,26.54,0.0,0.0,0.0,0.0,0.0,0.0
1782728327.3,0.0,0.0,0.0,0.5947,0.8003,0.0205,0.0142,0.0132,0.0146,26.54,0.0,0.0,0.0,0.0,0.0,0.0
1782728332.31,0.0,0.0,0.0,0.5947,0.8003,0.0205,0.0142,0.0142,0.0146,26.54,0.0,0.0,0.0,0.0,0.0,0.0
1782728337.32,0.0,0.0,0.0,0.5942,0.8003,0.0205,0.0132,0.0142,0.0151,26.55,0.0,0.0,0.0,0.0,0.0,0.0
1782728342.333,0.0,0.0,0.0,0.5942,0.8003,0.0205,0.0132,0.0142,0.0142,26.55,0.0,0.0,0.0,0.0,0.0,0.0
1782728347.34,0.0,0.0,0.0,0.5942,0.8003,0.0205,0.0137,0.0142,0.0142,26.55,0.0,0.0,0.0,0.0,0.0,0.0
1782728352.351,0.0,0.0,0.0,0.5942,0.8003,0.0205,0.0142,0.0146,0.0142,26.55,0.0,0.0,0.0,0.0,0.0,0.0
1782728357.359,0.0,0.0,0.0,0.5942,0.8003,0.0205,0.0137,0.0132,0.0142,26.55,0.0,0.0,0.0,0.0,0.0,0.0
1782728362.369,0.0,0.0,0.0,0.5942,0.8003,0.0205,0.0137,0.0137,0.0142,26.55,0.0,0.0,0.0,0.0,0.0,0.0
1782728367.383,0.0,0.0,0.0,0.5942,0.7998,0.0205,0.0146,0.0132,0.0151,26.56,0.01,0.0,0.0,0.0,0.0,0.0
1782728372.392,0.0,0.0,0.0,0.5942,0.7998,0.0205,0.0137,0.0137,0.0151,26.56,0.0,0.0,0.0,0.0,0.0,0.0
1782728377.402,0.0,0.0,0.0,0.5942,0.7998,0.0205,0.0142,0.0132,0.0142,26.56,0.04,0.04,0.04,0.0,0.0,0.0
1782728382.411,0.0,0.0,0.0,0.5942,0.7998,0.0205,0.0132,0.0142,0.0142,26.56,0.0,0.0,0.0,0.0,0.0,0.0
1782728387.419,0.0,0.0,0.0,0.5942,0.7998,0.0205,0.0137,0.0137,0.0146,26.57,0.0,0.0,0.0,0.0,0.0,0.0
1782728392.428,0.0,0.0,0.0,0.5942,0.7998,0.0205,0.0132,0.0142,0.0142,26.57,0.0,0.0,0.0,0.0,0.0,0.0
1782728397.438,0.0,0.0,0.0,0.5942,0.7998,0.0205,0.0142,0.0137,0.0146,26.57,0.0,0.0,0.0,0.0,0.0,0.0
1782728402.449,0.0,0.0,0.0,0.5942,0.7998,0.0205,0.0142,0.0156,0.0151,26.57,0.04,0.04,0.04,30.0,117.1,70.4
1782728407.456,0.0,0.0,0.0,0.5942,0.7998,0.0205,0.0137,0.0132,0.0146,26.57,0.05,0.05,0.05,106.1,36.7,59.3
1782728412.47,0.0,0.0,0.0,0.5942,0.7998,0.0205,0.0137,0.0137,0.0137,26.58,0.0,0.0,0.0,0.0,0.0,0.0
1782728417.48,0.0,0.0,0.0,0.5942,0.7998,0.0205,0.0142,0.0137,0.0137,26.58,0.0,0.0,0.0,0.0,0.0,0.0
1782728422.488,0.0,0.0,0.0,0.5942,0.7998,0.0205,0.0142,0.0137,0.0142,26.58,0.0,0.0,0.0,0.0,0.0,0.0
1782728427.501,0.0,0.0,0.0,0.5942,0.7998,0.0205,0.0142,0.0132,0.0137,26.58,0.0,0.0,0.0,0.0,0.0,0.0
1782728431.355,0.0,0.0,0.0,0.5942,0.7998,0.0205,0.0146,0.0142,0.0142,26.58,0.0,0.0,0.0,0.0,0.0,0.0
1782728748.293,0.0,0.0,0.0,0.5942,0.7998,0.0205,0.0146,0.0142,0.0132,26.64,0.0,0.0,0.0,0.0,0.0,0.0
1782728753.299,0.0,0.0,0.0,0.5942,0.7998,0.0205,0.0137,0.0127,0.0137,26.64,0.0,0.0,0.0,0.0,0.0,0.0
1782728758.311,0.0,0.0,0.0,0.5942,0.7998,0.0205,0.0132,0.0132,0.0146,26.64,0.0,0.0,0.0,0.0,0.0,0.0
1782728763.324,0.0,0.0,0.0,0.5942,0.7998,0.0205,0.0132,0.0132,0.0137,26.64,0.0,0.0,0.0,0.0,0.0,0.0
1782728768.333,0.0,0.0,0.0,0.5942,0.7998,0.0205,0.0137,0.0137,0.0132,26.64,0.0,0.0,0.0,0.0,0.0,0.0
1782728773.341,0.0,0.0,0.0,0.5942,0.7998,0.0205,0.0137,0.0132,0.0142,26.64,0.0,0.0,0.0,0.0,0.0,0.0
1782728778.352,0.0,0.0,0.0,0.5942,0.7998,0.0205,0.0142,0.0137,0.0142,26.64,0.0,0.0,0.0,0.0,0.0,0.0
1782728783.363,0.001,0.001,0.001,0.5942,0.7998,0.0205,0.0132,0.0151,0.0146,26.64,0.22,0.23,0.21,93.2,78.4,20.3
1782728788.376,0.0,0.0,0.0,0.5942,0.7998,0.0205,0.0137,0.0137,0.0137,26.63,0.0,0.0,0.0,0.0,0.0,0.0
1782728793.386,0.0,0.0,0.0,0.5942,0.7998,0.0205,0.0137,0.0137,0.0137,26.64,0.0,0.0,0.0,0.0,0.0,0.0
1782728798.401,0.0,0.0,0.0,0.5942,0.8003,0.0205,0.0137,0.0142,0.0142,26.64,0.0,0.0,0.0,0.0,0.0,0.0
1782728803.411,0.0,0.0,0.0,0.5942,0.8003,0.0205,0.0151,0.0146,0.0137,26.64,0.0,0.0,0.0,0.0,0.0,0.0
1782728808.421,0.0,0.0,0.0,0.5947,0.8003,0.0205,0.0142,0.0132,0.0146,26.64,0.0,0.0,0.0,0.0,0.0,0.0
1782728813.431,0.0,0.0,0.0,0.5947,0.7998,0.0205,0.0132,0.0142,0.0142,26.64,0.0,0.0,0.0,0.0,0.0,0.0
1782728818.446,0.0,0.0,0.0,0.5947,0.7998,0.0205,0.0132,0.0137,0.0146,26.64,0.03,0.03,0.03,0.0,0.0,0.0
1782728823.454,0.0,0.0,0.0,0.5947,0.7998,0.0205,0.0146,0.0132,0.0137,26.64,0.0,0.0,0.0,0.0,0.0,0.0
1782728828.466,0.0,0.0,0.0,0.5947,0.7998,0.0205,0.0137,0.0137,0.0142,26.64,0.0,0.0,0.0,0.0,0.0,0.0
1782728833.48,0.0,0.0,0.0,0.5942,0.7998,0.0205,0.0137,0.0146,0.0142,26.64,0.11,0.11,0.1,119.3,42.6,31.5
1782728838.49,0.0,0.0,0.0,0.5942,0.7998,0.0205,0.0146,0.0142,0.0146,26.64,0.13,0.14,0.12,27.0,119.0,52.8
1782728843.499,0.0,0.0,0.0,0.5942,0.7998,0.0205,0.0137,0.0137,0.0142,26.64,0.0,0.0,0.0,0.0,0.0,0.0
1782728848.51,0.0,0.0,0.0,0.5942,0.7998,0.0205,0.0132,0.0127,0.0142,26.64,0.0,0.0,0.0,0.0,0.0,0.0
1782728853.52,0.0,0.0,0.0,0.5942,0.7998,0.0205,0.0137,0.0146,0.0137,26.64,0.0,0.0,0.0,0.0,0.0,0.0
1782728858.529,0.0,0.0,0.0,0.5942,0.7998,0.0205,0.0132,0.0137,0.0142,26.64,0.0,0.0,0.0,0.0,0.0,0.0
1782728863.54,0.0,0.0,0.0,0.5942,0.7998,0.0205,0.0132,0.0137,0.0142,26.64,0.0,0.0,0.0,0.0,0.0,0.0
1782728868.553,0.0,0.0,0.0,0.5942,0.7998,0.0205,0.0132,0.0137,0.0137,26.65,0.0,0.0,0.0,0.0,0.0,0.0
1782728873.561,0.0,0.0,0.0,0.5942,0.7998,0.0205,0.0137,0.0137,0.0137,26.65,0.0,0.0,0.0,0.0,0.0,0.0
1782728878.575,0.0,0.0,0.0,0.5942,0.7998,0.0205,0.0142,0.0151,0.0142,26.65,0.12,0.12,0.11,0.0,0.0,0.0
1782728883.584,0.0,0.0,0.0,0.5942,0.7998,0.0205,0.0127,0.0132,0.0137,26.65,0.0,0.0,0.0,0.0,0.0,0.0
1782728888.598,0.0,0.0,0.0,0.5942,0.8003,0.0205,0.0132,0.0127,0.0142,26.65,0.0,0.0,0.0,0.0,0.0,0.0
1782728893.606,0.0,0.0,0.0,0.5942,0.8003,0.0205,0.0137,0.0132,0.0137,26.65,0.04,0.04,0.04,0.0,0.0,0.0
1782728898.614,0.0,0.0,0.0,0.5942,0.8003,0.0205,0.0132,0.0132,0.0142,26.65,0.0,0.0,0.0,0.0,0.0,0.0
1782728903.629,0.0,0.0,0.0,0.5942,0.8003,0.0205,0.0137,0.0151,0.0142,26.65,0.0,0.0,0.0,0.0,0.0,0.0
1782728908.638,0.002,0.002,0.002,0.5947,0.8003,0.0205,0.0146,0.0151,0.0142,26.65,0.14,0.15,0.13,0.0,0.0,0.0
1782728913.65,0.0,0.0,0.0,0.5947,0.7998,0.0205,0.0151,0.0146,0.0146,26.65,0.01,0.01,0.01,0.0,0.0,0.0
1782728918.662,0.0,0.0,0.0,0.5947,0.8003,0.0205,0.0132,0.0127,0.0137,26.65,0.01,0.01,0.01,0.0,0.0,0.0
1782728923.672,0.0,0.0,0.0,0.5947,0.7998,0.0205,0.0132,0.0122,0.0146,26.65,0.06,0.06,0.06,18.8,92.3,92.7
1782728926.871,0.0,0.0,0.0,0.5942,0.7998,0.0205,0.0132,0.0142,0.0142,26.65,0.0,0.0,0.0,0.0,0.0,0.0
1782728935.442,0.0,0.0,0.0,0.5942,0.7998,0.0205,0.0137,0.0137,0.0137,26.65,0.0,0.0,0.0,0.0,0.0,0.0
1782728940.447,0.0,0.0,0.0,0.5942,0.7998,0.0205,0.0137,0.0132,0.0137,26.65,0.0,0.0,0.0,0.0,0.0,0.0
1782728945.454,0.0,0.0,0.0,0.5942,0.7998,0.0205,0.0142,0.0142,0.0146,26.65,0.0,0.0,0.0,0.0,0.0,0.0
1782728950.46,0.0,0.0,0.0,0.5942,0.7998,0.0205,0.0132,0.0137,0.0142,26.65,0.0,0.0,0.0,0.0,0.0,0.0
1782728955.47,0.0,0.0,0.0,0.5947,0.8003,0.0205,0.0142,0.0142,0.0137,26.65,0.0,0.0,0.0,0.0,0.0,0.0
1782728960.483,0.0,0.0,0.0,0.5947,0.8003,0.0205,0.0132,0.0132,0.0142,26.65,0.0,0.0,0.0,0.0,0.0,0.0
1782728965.492,0.0,0.0,0.0,0.5942,0.8003,0.0205,0.0142,0.0132,0.0142,26.65,0.0,0.0,0.0,0.0,0.0,0.0
1782728970.505,0.0,0.0,0.0,0.5942,0.8003,0.0205,0.0142,0.0132,0.0142,26.65,0.0,0.0,0.0,0.0,0.0,0.0
1782728975.517,0.0,0.0,0.0,0.5942,0.8003,0.0205,0.0142,0.0132,0.0142,26.65,0.0,0.0,0.0,0.0,0.0,0.0
1782728980.529,0.0,0.0,0.0,0.5942,0.8003,0.0205,0.0142,0.0137,0.0146,26.65,0.0,0.0,0.0,0.0,0.0,0.0
1782728985.543,0.0,0.0,0.0,0.5947,0.8003,0.0205,0.0132,0.0127,0.0142,26.65,0.01,0.01,0.01,0.0,0.0,0.0
1782728990.553,0.0,0.0,0.0,0.5947,0.8003,0.0205,0.0137,0.0132,0.0137,26.64,0.0,0.0,0.0,0.0,0.0,0.0
1782728995.563,0.0,0.0,0.0,0.5947,0.8003,0.0205,0.0146,0.0137,0.0151,26.64,0.0,0.0,0.0,0.0,0.0,0.0
1782729000.579,0.0,0.0,0.0,0.5947,0.8003,0.0205,0.0142,0.0132,0.0142,26.64,0.01,0.01,0.01,0.0,0.0,0.0
1782729005.677,0.0,0.0,0.0,0.5947,0.8003,0.0205,0.0156,0.0151,0.0142,26.64,0.06,0.06,0.05,59.0,115.3,23.8
1782729010.684,0.0,0.0,0.0,0.5947,0.8003,0.0205,0.0137,0.0137,0.0146,26.64,0.02,0.02,0.02,33.2,108.6,73.1
1782729015.693,0.0,0.0,0.0,0.5947,0.8003,0.0205,0.0137,0.0137,0.0142,26.64,0.0,0.0,0.0,0.0,0.0,0.0
1782729020.706,0.0,0.0,0.0,0.5942,0.8003,0.0205,0.0146,0.0137,0.0142,26.63,0.0,0.0,0.0,0.0,0.0,0.0
1782729025.716,0.0,0.0,0.0,0.5942,0.8003,0.0205,0.0142,0.0137,0.0151,26.63,0.0,0.0,0.0,0.0,0.0,0.0
1782729030.729,0.0,0.0,0.0,0.5942,0.8003,0.0205,0.0137,0.0137,0.0137,26.63,0.0,0.0,0.0,0.0,0.0,0.0
1782729035.741,0.0,0.0,0.0,0.5942,0.8003,0.0205,0.0132,0.0137,0.0146,26.63,0.0,0.0,0.0,0.0,0.0,0.0
1782729040.754,0.0,0.0,0.0,0.5942,0.8003,0.0205,0.0142,0.0137,0.0146,26.63,0.0,0.0,0.0,0.0,0.0,0.0
1782729045.765,0.0,0.0,0.0,0.5947,0.8003,0.0205,0.0137,0.0132,0.0132,26.63,0.0,0.0,0.0,0.0,0.0,0.0
1782729050.775,0.0,0.0,0.0,0.5942,0.8003,0.0205,0.0137,0.0142,0.0137,26.63,0.0,0.0,0.0,0.0,0.0,0.0
1782729055.788,0.0,0.0,0.0,0.5942,0.8003,0.0205,0.0132,0.0137,0.0137,26.63,0.0,0.0,0.0,0.0,0.0,0.0
1782729060.8,0.0,0.0,0.0,0.5942,0.8003,0.0205,0.0137,0.0137,0.0132,26.63,0.0,0.0,0.0,0.0,0.0,0.0
1782729065.81,0.0,0.0,0.0,0.5942,0.8003,0.0205,0.0132,0.0137,0.0142,26.62,0.0,0.0,0.0,0.0,0.0,0.0
1782729070.819,0.0,0.0,0.0,0.5942,0.8003,0.0205,0.0142,0.0137,0.0151,26.62,0.0,0.0,0.0,0.0,0.0,0.0
1782729075.827,0.0,0.0,0.0,0.5942,0.8003,0.0205,0.0146,0.0137,0.0146,26.62,0.0,0.0,0.0,0.0,0.0,0.0
1782729080.837,0.0,0.0,0.0,0.5942,0.8003,0.0205,0.0137,0.0137,0.0137,26.62,0.01,0.01,0.01,0.0,0.0,0.0
1782729085.847,0.0,0.0,0.0,0.5942,0.8003,0.0205,0.0132,0.0132,0.0137,26.62,0.0,0.0,0.0,0.0,0.0,0.0
1782729090.855,0.0,0.0,0.0,0.5942,0.8003,0.0205,0.0137,0.0142,0.0161,26.62,0.09,0.09,0.09,4.9,82.3,95.0
1782729095.861,0.0,0.0,0.0,0.5942,0.8003,0.0205,0.0146,0.0142,0.0137,26.61,0.0,0.0,0.0,0.0,0.0,0.0
1782729100.871,0.0,0.0,0.0,0.5942,0.8003,0.0205,0.0137,0.0132,0.0146,26.61,0.0,0.0,0.0,0.0,0.0,0.0
1782729105.877,0.0,0.0,0.0,0.5942,0.8003,0.0205,0.0132,0.0137,0.0146,26.61,0.0,0.0,0.0,0.0,0.0,0.0
1782729110.887,0.0,0.0,0.0,0.5942,0.8003,0.0205,0.0132,0.0142,0.0146,26.61,0.0,0.0,0.0,0.0,0.0,0.0
1782729115.896,0.0,0.0,0.0,0.5942,0.8003,0.0205,0.0142,0.0146,0.0132,26.61,0.0,0.0,0.0,0.0,0.0,0.0
1782729120.903,0.0,0.0,0.0,0.5942,0.8003,0.0205,0.0137,0.0137,0.0137,26.6,0.0,0.0,0.0,0.0,0.0,0.0
1782729125.911,0.0,0.0,0.0,0.5942,0.8003,0.0205,0.0127,0.0137,0.0151,26.6,0.0,0.0,0.0,0.0,0.0,0.0
1782729130.92,0.0,0.0,0.0,0.5942,0.8003,0.0205,0.0137,0.0132,0.0142,26.6,0.0,0.0,0.0,0.0,0.0,0.0
1782729135.926,0.0,0.0,0.0,0.5942,0.8003,0.0205,0.0132,0.0137,0.0151,26.6,0.0,0.0,0.0,0.0,0.0,0.0
1782729140.935,0.0,0.0,0.0,0.5942,0.8003,0.0205,0.0137,0.0137,0.0151,26.59,0.02,0.02,0.02,0.0,0.0,0.0
1782729145.945,0.0,0.0,0.0,0.5942,0.8003,0.0205,0.0127,0.0132,0.0132,26.59,0.0,0.0,0.0,0.0,0.0,0.0
1782729150.955,0.0,0.0,0.0,0.5942,0.8003,0.0205,0.0142,0.0137,0.0137,26.59,0.0,0.0,0.0,0.0,0.0,0.0
1782729155.964,0.0,0.0,0.0,0.5942,0.8003,0.0205,0.0132,0.0137,0.0151,26.59,0.0,0.0,0.0,0.0,0.0,0.0
1782729160.973,0.0,0.0,0.0,0.5942,0.8003,0.0205,0.0142,0.0132,0.0137,26.58,0.0,0.0,0.0,0.0,0.0,0.0
1782729165.982,0.0,0.0,0.0,0.5942,0.8003,0.0205,0.0137,0.0137,0.0132,26.58,0.0,0.0,0.0,0.0,0.0,0.0
1782729170.988,0.0,0.0,0.0,0.5942,0.8003,0.0205,0.0137,0.0132,0.0142,26.58,0.0,0.0,0.0,0.0,0.0,0.0
1782729175.997,0.0,0.0,0.0,0.5942,0.8003,0.0205,0.0137,0.0146,0.0137,26.58,0.02,0.02,0.02,0.0,0.0,0.0
1782729181.007,0.0,0.0,0.0,0.5942,0.8003,0.0205,0.0137,0.0137,0.0142,26.58,0.0,0.0,0.0,0.0,0.0,0.0
1782729186.017,0.0,0.0,0.0,0.5942,0.8003,0.021,0.0142,0.0137,0.0137,26.57,0.03,0.03,0.03,0.0,0.0,0.0
1782729191.025,0.0,0.0,0.0,0.5942,0.8003,0.021,0.0132,0.0137,0.0137,26.57,0.0,0.0,0.0,0.0,0.0,0.0
1782729196.035,0.0,0.0,0.0,0.5942,0.8003,0.0205,0.0137,0.0137,0.0137,26.57,0.0,0.0,0.0,0.0,0.0,0.0
1782729201.042,0.0,0.0,0.0,0.5942,0.8003,0.021,0.0137,0.0137,0.0146,26.57,0.0,0.0,0.0,0.0,121.3,76.9
1782729206.055,0.0,0.0,0.0,0.5942,0.8003,0.021,0.0137,0.0132,0.0151,26.57,0.0,0.0,0.0,0.0,0.0,0.0
1782729211.061,0.0,0.0,0.0,0.5942,0.8003,0.021,0.0137,0.0137,0.0142,26.57,0.0,0.0,0.0,0.0,0.0,0.0
1782729216.072,0.0,0.0,0.0,0.5942,0.8003,0.021,0.0137,0.0132,0.0142,26.56,0.0,0.0,0.0,0.0,0.0,0.0
1782729221.085,0.0,0.0,0.0,0.5942,0.8003,0.021,0.0137,0.0137,0.0146,26.56,0.0,0.0,0.0,0.0,0.0,0.0
1782729226.096,0.0,0.0,0.0,0.5942,0.8003,0.021,0.0146,0.0137,0.0142,26.56,0.0,0.0,0.0,0.0,0.0,0.0
1782729231.106,0.0,0.0,0.0,0.5942,0.8003,0.021,0.0132,0.0142,0.0142,26.56,0.0,0.0,0.0,0.0,0.0,0.0
1782729236.118,0.0,0.0,0.0,0.5942,0.8003,0.021,0.0137,0.0137,0.0142,26.56,0.0,0.0,0.0,0.0,0.0,0.0
1782729241.126,0.0,0.0,0.0,0.5942,0.8003,0.021,0.0132,0.0137,0.0142,26.56,0.0,0.0,0.0,0.0,0.0,0.0
1782729246.135,0.0,0.0,0.0,0.5942,0.8003,0.021,0.0137,0.0142,0.0142,26.55,0.0,0.0,0.0,0.0,0.0,0.0
1782729251.143,0.0,0.0,0.0,0.5942,0.8003,0.021,0.0142,0.0142,0.0132,26.55,0.0,0.0,0.0,0.0,0.0,0.0
1782729256.152,0.0,0.0,0.0,0.5947,0.8003,0.021,0.0137,0.0132,0.0137,26.55,0.0,0.0,0.0,0.0,0.0,0.0
1782729261.162,0.0,0.0,0.0,0.5947,0.8003,0.021,0.0132,0.0132,0.0156,26.55,0.0,0.0,0.0,0.0,0.0,0.0
1782729266.176,0.001,0.001,0.001,0.5942,0.8003,0.021,0.0142,0.0132,0.0142,26.54,0.09,0.09,0.09,0.0,0.0,0.0
1782729271.187,0.0,0.0,0.0,0.5947,0.8003,0.021,0.0137,0.0132,0.0146,26.54,0.05,0.05,0.04,0.0,0.0,0.0
1782729276.198,0.0,0.0,0.0,0.5942,0.8003,0.021,0.0137,0.0127,0.0146,26.55,0.05,0.05,0.04,0.0,0.0,0.0
1782729281.207,0.0,0.0,0.0,0.5942,0.8003,0.021,0.0132,0.0137,0.0142,26.54,0.0,0.0,0.0,0.0,0.0,0.0
1782729286.216,0.0,0.0,0.0,0.5947,0.8003,0.021,0.0137,0.0132,0.0137,26.54,0.0,0.0,0.0,0.0,0.0,0.0
1782729291.225,0.0,0.0,0.0,0.5942,0.8003,0.021,0.0146,0.0137,0.0142,26.54,0.12,0.12,0.11,28.0,38.9,27.5
1782729296.236,0.0,0.0,0.0,0.5942,0.8003,0.021,0.0127,0.0137,0.0137,26.54,0.0,0.0,0.0,0.0,0.0,0.0
1782729301.247,0.0,0.0,0.0,0.5942,0.8003,0.021,0.0142,0.0137,0.0151,26.54,0.0,0.0,0.0,0.0,0.0,0.0
1782729306.255,0.0,0.0,0.0,0.5942,0.8003,0.021,0.0142,0.0137,0.0142,26.53,0.0,0.0,0.0,0.0,0.0,0.0
1782729311.263,0.0,0.0,0.0,0.5942,0.8003,0.021,0.0137,0.0132,0.0146,26.53,0.0,0.0,0.0,0.0,0.0,0.0
1782729316.275,0.0,0.0,0.0,0.5942,0.8003,0.021,0.0137,0.0142,0.0146,26.53,0.0,0.0,0.0,0.0,0.0,0.0
1782729321.283,0.0,0.0,0.0,0.5942,0.8003,0.021,0.0137,0.0132,0.0142,26.53,0.02,0.02,0.02,0.0,0.0,0.0
1782729326.289,0.0,0.0,0.0,0.5942,0.8003,0.021,0.0142,0.0132,0.0146,26.52,0.0,0.0,0.0,0.0,0.0,0.0
1782729331.297,0.0,0.0,0.0,0.5942,0.8003,0.021,0.0132,0.0137,0.0137,26.52,0.01,0.01,0.01,0.0,0.0,0.0
1782729336.307,0.0,0.0,0.0,0.5942,0.8003,0.021,0.0132,0.0132,0.0156,26.52,0.0,0.0,0.0,0.0,0.0,0.0
1782729341.314,0.0,0.0,0.0,0.5942,0.8003,0.021,0.0132,0.0142,0.0142,26.52,0.0,0.0,0.0,0.0,0.0,0.0
1782729346.322,0.0,0.0,0.0,0.5942,0.8003,0.021,0.0127,0.0132,0.0142,26.52,0.0,0.0,0.0,0.0,0.0,0.0
1782729351.333,0.0,0.0,0.0,0.5942,0.8003,0.021,0.0142,0.0127,0.0137,26.51,0.0,0.0,0.0,0.0,0.0,0.0
1782729356.343,0.0,0.0,0.0,0.5942,0.8003,0.021,0.0132,0.0137,0.0142,26.52,0.0,0.0,0.0,0.0,0.0,0.0
1782729361.354,0.0,0.0,0.0,0.5942,0.8003,0.021,0.0132,0.0132,0.0137,26.52,0.0,0.0,0.0,0.0,0.0,0.0
1782729366.367,0.0,0.0,0.0,0.5942,0.8003,0.021,0.0132,0.0137,0.0142,26.52,0.01,0.01,0.01,0.0,0.0,0.0
1782729371.378,0.0,0.0,0.0,0.5942,0.8003,0.021,0.0142,0.0137,0.0132,26.51,0.01,0.01,0.01,0.0,0.0,0.0
1782729376.39,0.0,0.0,0.0,0.5942,0.8003,0.021,0.0137,0.0132,0.0146,26.51,0.0,0.0,0.0,0.0,0.0,0.0
1782729381.399,0.0,0.0,0.0,0.5942,0.8003,0.021,0.0132,0.0137,0.0137,26.51,0.0,0.0,0.0,0.0,0.0,0.0
1782729386.413,0.0,0.0,0.0,0.5942,0.8003,0.021,0.0137,0.0127,0.0137,26.51,0.0,0.0,0.0,0.0,0.0,0.0
1782729391.419,0.0,0.0,0.0,0.5942,0.8003,0.021,0.0142,0.0137,0.0142,26.51,0.0,0.0,0.0,0.0,0.0,0.0
1782729396.433,0.0,0.0,0.0,0.5942,0.8003,0.021,0.0137,0.0127,0.0132,26.51,0.0,0.0,0.0,0.0,0.0,0.0
1782729401.439,0.0,0.0,0.0,0.5942,0.8003,0.021,0.0142,0.0132,0.0137,26.51,0.0,0.0,0.0,0.0,0.0,0.0
1782729406.446,0.0,0.0,0.0,0.5942,0.8003,0.021,0.0132,0.0137,0.0142,26.51,0.0,0.0,0.0,0.0,0.0,0.0
1782729411.459,0.0,0.0,0.0,0.5942,0.8003,0.021,0.0142,0.0137,0.0146,26.51,0.0,0.0,0.0,0.0,0.0,0.0
1782729416.471,0.0,0.0,0.0,0.5942,0.8003,0.021,0.0146,0.0137,0.0142,26.51,0.0,0.0,0.0,0.0,0.0,0.0
1782729421.484,0.0,0.0,0.0,0.5942,0.8003,0.021,0.0142,0.0142,0.0146,26.51,0.0,0.0,0.0,0.0,0.0,0.0
1782729426.495,0.0,0.0,0.0,0.5942,0.8003,0.021,0.0142,0.0137,0.0137,26.51,0.0,0.0,0.0,0.0,0.0,0.0
1782729431.503,0.0,0.0,0.0,0.5942,0.8003,0.021,0.0132,0.0142,0.0142,26.51,0.0,0.0,0.0,0.0,0.0,0.0
1782729436.51,0.0,0.0,0.0,0.5942,0.8003,0.021,0.0146,0.0132,0.0146,26.51,0.0,0.0,0.0,0.0,0.0,0.0
1782729441.52,0.0,0.0,0.0,0.5942,0.8003,0.021,0.0137,0.0137,0.0146,26.51,0.0,0.0,0.0,0.0,0.0,0.0
1782729446.533,0.0,0.0,0.0,0.5942,0.8003,0.021,0.0132,0.0127,0.0142,26.51,0.0,0.0,0.0,0.0,0.0,0.0
1782729451.543,0.0,0.0,0.0,0.5942,0.8003,0.021,0.0137,0.0137,0.0132,26.51,0.0,0.0,0.0,0.0,0.0,0.0
1782729456.553,0.0,0.0,0.0,0.5942,0.8003,0.021,0.0132,0.0127,0.0142,26.51,0.0,0.0,0.0,0.0,0.0,0.0
1782729461.565,0.0,0.0,0.0,0.5942,0.8003,0.021,0.0137,0.0132,0.0142,26.51,0.0,0.0,0.0,0.0,0.0,0.0
1782729466.576,0.0,0.0,0.0,0.5942,0.8003,0.021,0.0137,0.0137,0.0137,26.51,0.0,0.0,0.0,0.0,0.0,0.0
1782729471.583,0.0,0.0,0.0,0.5942,0.8003,0.021,0.0137,0.0132,0.0142,26.51,0.0,0.0,0.0,0.0,0.0,0.0
1782729476.592,0.0,0.0,0.0,0.5942,0.8003,0.021,0.0132,0.0142,0.0146,26.51,0.0,0.0,0.0,0.0,0.0,0.0
1782729481.605,0.0,0.0,0.0,0.5942,0.8003,0.021,0.0137,0.0142,0.0142,26.51,0.0,0.0,0.0,0.0,0.0,0.0
1782729486.615,0.0,0.0,0.0,0.5942,0.8003,0.021,0.0132,0.0137,0.0142,26.51,0.0,0.0,0.0,0.0,0.0,0.0
1782729491.627,0.0,0.0,0.0,0.5942,0.8003,0.021,0.0142,0.0137,0.0151,26.51,0.0,0.0,0.0,0.0,0.0,0.0
1782729496.639,0.0,0.0,0.0,0.5942,0.8003,0.021,0.0132,0.0142,0.0137,26.51,0.0,0.0,0.0,0.0,0.0,0.0
1782729501.651,0.0,0.0,0.0,0.5942,0.8003,0.021,0.0137,0.0137,0.0146,26.51,0.0,0.0,0.0,0.0,0.0,0.0
1782729506.664,0.0,0.0,0.0,0.5942,0.8003,0.021,0.0137,0.0132,0.0142,26.51,0.0,0.0,0.0,0.0,0.0,0.0
1782729511.674,0.0,0.0,0.0,0.5942,0.8003,0.021,0.0137,0.0137,0.0156,26.51,0.0,0.0,0.0,0.0,0.0,0.0
1782729516.686,0.0,0.0,0.0,0.5942,0.8003,0.021,0.0142,0.0137,0.0137,26.51,0.0,0.0,0.0,0.0,0.0,0.0
1782729521.694,0.0,0.0,0.0,0.5942,0.8003,0.021,0.0132,0.0142,0.0142,26.51,0.0,0.0,0.0,0.0,0.0,0.0
1782729526.707,0.0,0.0,0.0,0.5942,0.8003,0.021,0.0132,0.0132,0.0137,26.51,0.0,0.0,0.0,0.0,0.0,0.0
1782729531.714,0.0,0.0,0.0,0.5942,0.8003,0.021,0.0132,0.0127,0.0142,26.51,0.0,0.0,0.0,0.0,0.0,0.0
1782729536.722,0.0,0.0,0.0,0.5942,0.8003,0.021,0.0137,0.0127,0.0146,26.51,0.0,0.0,0.0,0.0,0.0,0.0
1782729541.73,0.0,0.0,0.0,0.5942,0.8003,0.021,0.0132,0.0137,0.0142,26.51,0.0,0.0,0.0,0.0,0.0,0.0
1782729546.743,0.0,0.0,0.0,0.5942,0.8003,0.021,0.0132,0.0132,0.0142,26.51,0.1,0.1,0.09,0.0,0.0,0.0
1782729551.752,0.0,0.0,0.0,0.5942,0.8003,0.021,0.0132,0.0137,0.0137,26.51,0.0,0.0,0.0,0.0,0.0,0.0
1782729556.763,0.0,0.0,0.0,0.5942,0.8003,0.021,0.0132,0.0127,0.0142,26.51,0.04,0.04,0.04,0.0,0.0,0.0
1782729561.773,0.0,0.0,0.0,0.5942,0.8003,0.021,0.0132,0.0137,0.0132,26.51,0.0,0.0,0.0,0.0,0.0,0.0
1782729566.784,0.0,0.0,0.0,0.5942,0.8003,0.021,0.0142,0.0137,0.0146,26.51,0.06,0.06,0.06,14.3,15.6,71.2
1782729571.796,0.0,0.0,0.0,0.5942,0.8003,0.021,0.0137,0.0132,0.0142,26.51,0.0,0.0,0.0,0.0,0.0,0.0
1782729576.81,0.0,0.0,0.0,0.5942,0.8003,0.021,0.0137,0.0132,0.0142,26.52,0.0,0.0,0.0,0.0,0.0,0.0
1782729581.822,0.0,0.0,0.0,0.5942,0.8003,0.021,0.0132,0.0137,0.0142,26.51,0.0,0.0,0.0,0.0,0.0,0.0
1782729586.831,0.0,0.0,0.0,0.5942,0.8003,0.021,0.0137,0.0137,0.0142,26.52,0.0,0.0,0.0,0.0,0.0,0.0
1782729591.843,0.0,0.0,0.0,0.5942,0.8003,0.021,0.0142,0.0132,0.0142,26.52,0.0,0.0,0.0,0.0,0.0,0.0
1782729596.856,0.0,0.0,0.0,0.5942,0.8003,0.021,0.0142,0.0137,0.0142,26.52,0.0,0.0,0.0,0.0,0.0,0.0
1782729601.868,0.0,0.0,0.0,0.5942,0.8003,0.021,0.0132,0.0127,0.0142,26.52,0.0,0.0,0.0,0.0,0.0,0.0
1782729606.881,0.0,0.0,0.0,0.5942,0.8003,0.021,0.0137,0.0127,0.0146,26.52,0.0,0.0,0.0,0.0,0.0,0.0
1782729611.891,0.0,0.0,0.0,0.5942,0.8003,0.021,0.0142,0.0137,0.0142,26.52,0.0,0.0,0.0,0.0,0.0,0.0
1782729616.902,0.0,0.0,0.0,0.5942,0.8003,0.021,0.0127,0.0132,0.0146,26.53,0.0,0.0,0.0,0.0,0.0,0.0
1782729621.916,0.0,0.0,0.0,0.5947,0.8003,0.021,0.0142,0.0132,0.0142,26.53,0.0,0.0,0.0,0.0,0.0,0.0
1782729626.924,0.0,0.0,0.0,0.5942,0.8003,0.021,0.0137,0.0132,0.0137,26.53,0.0,0.0,0.0,0.0,0.0,0.0
1782729631.935,0.0,0.0,0.0,0.5942,0.8003,0.021,0.0132,0.0137,0.0151,26.53,0.0,0.0,0.0,0.0,0.0,0.0
1782729636.942,0.0,0.0,0.0,0.5942,0.7998,0.021,0.0132,0.0146,0.0146,26.53,0.0,0.0,0.0,0.0,0.0,0.0
1782729641.952,0.0,0.0,0.0,0.5942,0.8003,0.021,0.0137,0.0132,0.0137,26.53,0.0,0.0,0.0,0.0,0.0,0.0
1782729646.963,0.0,0.0,0.0,0.5942,0.8003,0.021,0.0137,0.0137,0.0142,26.53,0.0,0.0,0.0,0.0,0.0,0.0
1782729651.976,0.0,0.0,0.0,0.5947,0.7998,0.021,0.0142,0.0137,0.0137,26.54,0.0,0.0,0.0,0.0,0.0,0.0
1782729656.983,0.0,0.0,0.0,0.5947,0.7998,0.021,0.0142,0.0132,0.0142,26.54,0.0,0.0,0.0,0.0,0.0,0.0
1782729661.994,0.0,0.0,0.0,0.5947,0.7998,0.021,0.0137,0.0132,0.0146,26.54,0.03,0.03,0.03,78.9,31.0,48.1
1782729667.007,0.0,0.0,0.0,0.5947,0.7998,0.021,0.0137,0.0137,0.0137,26.54,0.01,0.01,0.01,52.1,99.0,49.1
1782729672.017,0.0,0.0,0.0,0.5947,0.8003,0.021,0.0137,0.0127,0.0137,26.55,0.0,0.0,0.0,0.0,0.0,0.0
1782729677.026,0.0,0.0,0.0,0.5947,0.8003,0.0205,0.0137,0.0137,0.0132,26.55,0.0,0.0,0.0,0.0,0.0,0.0
1782729682.032,0.0,0.0,0.0,0.5947,0.8003,0.0205,0.0137,0.0132,0.0137,26.55,0.0,0.0,0.0,0.0,0.0,0.0
1782729687.042,0.0,0.0,0.0,0.5947,0.8003,0.0205,0.0132,0.0132,0.0137,26.55,0.0,0.0,0.0,0.0,0.0,0.0
1782729692.056,0.0,0.0,0.0,0.5947,0.8003,0.0205,0.0132,0.0132,0.0142,26.56,0.0,0.0,0.0,0.0,0.0,0.0
1782729697.065,0.0,0.0,0.0,0.5947,0.8003,0.0205,0.0142,0.0132,0.0142,26.56,0.0,0.0,0.0,0.0,0.0,0.0
1782729702.075,0.0,0.0,0.0,0.5947,0.8003,0.0205,0.0142,0.0151,0.0151,26.56,0.0,0.0,0.0,0.0,0.0,0.0
1782729707.083,0.0,0.0,0.0,0.5947,0.8003,0.0205,0.0142,0.0142,0.0137,26.56,0.0,0.0,0.0,0.0,0.0,0.0
1782729712.094,0.0,0.0,0.0,0.5947,0.8003,0.0205,0.0137,0.0137,0.0146,26.56,0.0,0.0,0.0,0.0,0.0,0.0
1782729717.109,0.0,0.0,0.0,0.5947,0.7998,0.0205,0.0142,0.0137,0.0142,26.57,0.04,0.04,0.03,0.0,0.0,0.0
1782729722.116,0.0,0.0,0.0,0.5947,0.8003,0.0205,0.0127,0.0142,0.0142,26.57,0.0,0.0,0.0,0.0,0.0,0.0
1782729727.122,0.0,0.0,0.0,0.5947,0.8003,0.0205,0.0137,0.0122,0.0146,26.57,0.0,0.0,0.0,0.0,0.0,0.0
1782729732.134,0.0,0.0,0.0,0.5947,0.8003,0.0205,0.0137,0.0137,0.0142,26.57,0.01,0.01,0.01,0.0,0.0,0.0
1782729737.147,0.0,0.0,0.0,0.5942,0.8003,0.0205,0.0132,0.0137,0.0137,26.57,0.0,0.0,0.0,0.0,0.0,0.0
1782729742.153,0.0,0.0,0.0,0.5942,0.8003,0.0205,0.0142,0.0137,0.0142,26.57,0.09,0.09,0.09,110.1,47.1,32.5
1782729747.167,0.0,0.0,0.0,0.5947,0.8003,0.0205,0.0137,0.0132,0.0142,26.57,0.0,0.0,0.0,0.0,0.0,0.0
1782729752.177,0.0,0.0,0.0,0.5947,0.7998,0.0205,0.0137,0.0127,0.0146,26.58,0.0,0.0,0.0,0.0,0.0,0.0
1782729757.188,0.0,0.0,0.0,0.5947,0.8003,0.0205,0.0132,0.0132,0.0132,26.58,0.0,0.0,0.0,0.0,0.0,0.0
1782729762.203,0.0,0.0,0.0,0.5947,0.8003,0.0205,0.0146,0.0132,0.0137,26.58,0.0,0.0,0.0,0.0,0.0,0.0
1782729767.211,0.0,0.0,0.0,0.5947,0.7998,0.0205,0.0137,0.0137,0.0142,26.58,0.0,0.0,0.0,0.0,0.0,0.0
1782729772.223,0.0,0.0,0.0,0.5947,0.8003,0.0205,0.0132,0.0137,0.0146,26.59,0.0,0.0,0.0,0.0,0.0,0.0
1782729777.232,0.0,0.0,0.0,0.5947,0.8003,0.0205,0.0132,0.0132,0.0146,26.59,0.0,0.0,0.0,0.0,0.0,0.0
1782729782.24,0.0,0.0,0.0,0.5947,0.8003,0.0205,0.0132,0.0137,0.0151,26.59,0.0,0.0,0.0,0.0,0.0,0.0
1782729787.254,0.0,0.0,0.0,0.5947,0.8003,0.0205,0.0137,0.0132,0.0156,26.59,0.0,0.0,0.0,0.0,0.0,0.0
1782729792.263,0.0,0.0,0.0,0.5947,0.8003,0.0205,0.0132,0.0132,0.0132,26.59,0.0,0.0,0.0,0.0,0.0,0.0
1782729797.272,0.0,0.0,0.0,0.5947,0.8003,0.0205,0.0137,0.0142,0.0137,26.6,0.0,0.0,0.0,0.0,0.0,0.0
1782729802.283,0.0,0.0,0.0,0.5947,0.8003,0.0205,0.0132,0.0132,0.0142,26.6,0.0,0.0,0.0,0.0,0.0,0.0
1782729807.297,0.0,0.0,0.0,0.5947,0.8003,0.0205,0.0137,0.0137,0.0142,26.6,0.0,0.0,0.0,0.0,0.0,0.0
1782729812.308,0.0,0.0,0.0,0.5947,0.8003,0.0205,0.0132,0.0142,0.0137,26.6,0.0,0.0,0.0,0.0,0.0,0.0
1782729817.317,0.0,0.0,0.0,0.5947,0.8003,0.0205,0.0142,0.0142,0.0142,26.6,0.0,0.0,0.0,0.0,0.0,0.0
1782729822.323,0.0,0.0,0.0,0.5947,0.8003,0.0205,0.0132,0.0132,0.0151,26.6,0.0,0.0,0.0,0.0,0.0,0.0
1782729827.332,0.0,0.0,0.0,0.5947,0.8003,0.0205,0.0137,0.0127,0.0146,26.6,0.0,0.0,0.0,0.0,0.0,0.0
1782729832.344,0.0,0.0,0.0,0.5947,0.8003,0.0205,0.0142,0.0132,0.0142,26.6,0.01,0.01,0.01,0.0,0.0,0.0
1782729837.354,0.0,0.0,0.0,0.5947,0.8003,0.0205,0.0137,0.0132,0.0142,26.6,0.0,0.0,0.0,0.0,0.0,0.0
1782729842.367,0.0,0.0,0.0,0.5947,0.8003,0.0205,0.0142,0.0142,0.0137,26.6,0.11,0.11,0.1,0.0,31.0,42.4
1782729847.378,0.0,0.0,0.0,0.5947,0.7998,0.0205,0.0132,0.0132,0.0146,26.6,0.0,0.0,0.0,0.0,0.0,0.0
1782729852.386,0.0,0.0,0.0,0.5947,0.7998,0.0205,0.0132,0.0132,0.0142,26.6,0.0,0.0,0.0,0.0,0.0,0.0
1782729857.394,0.0,0.0,0.0,0.5947,0.8003,0.0205,0.0137,0.0132,0.0137,26.6,0.0,0.0,0.0,0.0,0.0,0.0
1782729862.402,0.0,0.0,0.0,0.5947,0.8003,0.0205,0.0137,0.0132,0.0142,26.6,0.0,0.0,0.0,0.0,0.0,0.0
1782729867.41,0.0,0.0,0.0,0.5947,0.8003,0.0205,0.0132,0.0137,0.0137,26.61,0.0,0.0,0.0,0.0,0.0,0.0
1782729872.417,0.0,0.0,0.0,0.5947,0.8003,0.0205,0.0142,0.0132,0.0137,26.61,0.0,0.0,0.0,0.0,0.0,0.0
1782729877.427,0.0,0.0,0.0,0.5947,0.8003,0.0205,0.0132,0.0137,0.0137,26.61,0.0,0.0,0.0,0.0,0.0,0.0
1782729882.436,0.0,0.0,0.0,0.5947,0.8003,0.0205,0.0142,0.0132,0.0151,26.61,0.0,0.0,0.0,0.0,0.0,0.0
1782729887.446,0.0,0.0,0.0,0.5947,0.8003,0.0205,0.0142,0.0132,0.0151,26.61,0.01,0.01,0.01,0.0,0.0,0.0
1782729892.455,0.0,0.0,0.0,0.5947,0.8003,0.0205,0.0132,0.0132,0.0146,26.61,0.0,0.0,0.0,0.0,0.0,0.0
1782729897.46,0.0,0.0,0.0,0.5947,0.8003,0.0205,0.0142,0.0137,0.0142,26.61,0.01,0.01,0.01,0.0,0.0,0.0
1782729902.477,0.0,0.0,0.0,0.5947,0.8003,0.0205,0.0132,0.0137,0.0132,26.61,0.0,0.0,0.0,0.0,0.0,0.0
1782729907.487,0.0,0.0,0.0,0.5947,0.8003,0.0205,0.0127,0.0127,0.0137,26.61,0.0,0.0,0.0,0.0,0.0,0.0
1782729912.497,0.0,0.0,0.0,0.5947,0.8003,0.0205,0.0142,0.0142,0.0137,26.61,0.0,0.0,0.0,0.0,0.0,0.0
1782729917.505,0.0,0.0,0.0,0.5947,0.8003,0.0205,0.0137,0.0142,0.0151,26.61,0.0,0.0,0.0,0.0,0.0,0.0
1782729922.515,0.0,0.0,0.0,0.5947,0.8003,0.0205,0.0132,0.0132,0.0142,26.61,0.0,0.0,0.0,0.0,0.0,0.0
1782729927.527,0.0,0.0,0.0,0.5947,0.8003,0.0205,0.0132,0.0142,0.0142,26.61,0.0,0.0,0.0,0.0,0.0,0.0
1782729932.541,0.0,0.0,0.0,0.5947,0.8003,0.0205,0.0137,0.0137,0.0137,26.61,0.0,0.0,0.0,0.0,0.0,0.0
1782729937.549,0.0,0.0,0.0,0.5947,0.8003,0.0205,0.0137,0.0137,0.0146,26.61,0.01,0.01,0.01,78.6,39.2,49.1
1782729942.562,0.0,0.0,0.0,0.5947,0.8003,0.0205,0.0137,0.0137,0.0142,26.62,0.0,0.0,0.0,0.0,0.0,0.0
1782729947.576,0.0,0.0,0.0,0.5947,0.8003,0.0205,0.0127,0.0132,0.0137,26.61,0.0,0.0,0.0,0.0,0.0,0.0
1782729952.59,0.0,0.0,0.0,0.5947,0.8003,0.0205,0.0137,0.0132,0.0137,26.61,0.0,0.0,0.0,0.0,0.0,0.0
1782729957.603,0.0,0.0,0.0,0.5947,0.8003,0.0205,0.0132,0.0132,0.0142,26.61,0.0,0.0,0.0,0.0,0.0,0.0
1782729962.615,0.0,0.0,0.0,0.5947,0.8003,0.0205,0.0142,0.0132,0.0137,26.61,0.0,0.0,0.0,0.0,0.0,0.0
1782729967.627,0.0,0.0,0.0,0.5947,0.8003,0.0205,0.0132,0.0142,0.0151,26.61,0.0,0.0,0.0,0.0,0.0,0.0
1782729972.64,0.0,0.0,0.0,0.5947,0.8003,0.0205,0.0132,0.0137,0.0142,26.61,0.0,0.0,0.0,0.0,0.0,0.0
1782729977.652,0.0,0.0,0.0,0.5947,0.8003,0.0205,0.0137,0.0132,0.0137,26.62,0.0,0.0,0.0,0.0,0.0,0.0
1782729982.663,0.0,0.0,0.0,0.5947,0.8003,0.0205,0.0137,0.0146,0.0146,26.62,0.0,0.0,0.0,0.0,0.0,0.0
1782729987.676,0.0,0.0,0.0,0.5947,0.8003,0.0205,0.0132,0.0137,0.0137,26.62,0.0,0.0,0.0,0.0,0.0,0.0
1782729992.683,0.0,0.0,0.0,0.5947,0.8003,0.0205,0.0137,0.0137,0.0146,26.62,0.03,0.03,0.03,0.0,0.0,0.0
1782729997.69,0.0,0.0,0.0,0.5947,0.7998,0.0205,0.0137,0.0137,0.0151,26.62,0.0,0.0,0.0,0.0,0.0,0.0
1782730002.703,0.0,0.0,0.0,0.5947,0.8003,0.0205,0.0127,0.0132,0.0137,26.62,0.0,0.0,0.0,0.0,0.0,0.0
1782730007.712,0.0,0.0,0.0,0.5947,0.8003,0.0205,0.0137,0.0137,0.0142,26.62,0.0,0.0,0.0,0.0,0.0,0.0
1782730012.724,0.0,0.0,0.0,0.5947,0.7998,0.0205,0.0137,0.0132,0.0142,26.62,0.0,0.0,0.0,0.0,0.0,0.0
1782730017.735,0.0,0.0,0.0,0.5947,0.7998,0.0205,0.0127,0.0132,0.0142,26.62,0.0,0.0,0.0,0.0,0.0,0.0
1782730022.744,0.0,0.0,0.0,0.5947,0.7998,0.0205,0.0132,0.0132,0.0142,26.62,0.0,0.0,0.0,0.0,0.0,0.0
1782730027.754,0.009,0.009,0.009,0.5947,0.7998,0.0205,0.0137,0.0137,0.0151,26.62,0.43,0.44,0.42,0.0,0.0,0.0
1782730032.766,0.0,0.0,0.0,0.5947,0.7998,0.0205,0.0132,0.0132,0.0137,26.62,0.0,0.0,0.0,0.0,0.0,0.0
1782730037.776,0.0,0.0,0.0,0.5947,0.7998,0.0205,0.0137,0.0137,0.0132,26.62,0.0,0.0,0.0,0.0,0.0,0.0
1782730042.788,0.0,0.0,0.0,0.5947,0.7998,0.0205,0.0142,0.0137,0.0142,26.62,0.0,0.0,0.0,0.0,0.0,0.0
1782730047.804,0.0,0.0,0.0,0.5947,0.8003,0.0205,0.0142,0.0137,0.0137,26.62,0.0,0.0,0.0,0.0,0.0,0.0
1782730052.814,0.0,0.0,0.0,0.5942,0.7998,0.0205,0.0137,0.0137,0.0151,26.62,0.0,0.0,0.0,0.0,0.0,0.0
1782730057.823,0.0,0.0,0.0,0.5942,0.7998,0.0205,0.0146,0.0127,0.0142,26.62,0.0,0.0,0.0,0.0,0.0,0.0
1782730062.837,0.0,0.0,0.0,0.5947,0.7998,0.0205,0.0146,0.0142,0.0137,26.62,0.0,0.0,0.0,0.0,0.0,0.0
1782730067.848,0.0,0.0,0.0,0.5947,0.7998,0.0205,0.0132,0.0137,0.0137,26.62,0.0,0.0,0.0,0.0,0.0,0.0
1782730072.862,0.0,0.0,0.0,0.5947,0.8003,0.0205,0.0137,0.0132,0.0142,26.62,0.0,0.0,0.0,0.0,0.0,0.0
1782730077.872,0.0,0.0,0.0,0.5947,0.8003,0.0205,0.0137,0.0142,0.0142,26.61,0.0,0.0,0.0,0.0,0.0,0.0
1782730082.882,0.0,0.0,0.0,0.5947,0.8003,0.0205,0.0132,0.0142,0.0151,26.61,0.0,0.0,0.0,0.0,0.0,0.0
1782730087.897,0.0,0.0,0.0,0.5947,0.8003,0.0205,0.0142,0.0137,0.0137,26.61,0.0,0.0,0.0,0.0,0.0,0.0
1782730092.909,0.0,0.0,0.0,0.5947,0.8003,0.0205,0.0137,0.0127,0.0142,26.61,0.0,0.0,0.0,0.0,0.0,0.0
1782730097.921,0.0,0.0,0.0,0.5947,0.8003,0.0205,0.0146,0.0137,0.0142,26.61,0.13,0.14,0.13,126.0,3.2,21.3
1782730102.933,0.0,0.0,0.0,0.5947,0.8003,0.0205,0.0137,0.0142,0.0137,26.61,0.0,0.0,0.0,0.0,0.0,0.0
1782730107.946,0.0,0.0,0.0,0.5947,0.8003,0.0205,0.0142,0.0132,0.0137,26.61,0.0,0.0,0.0,0.0,0.0,0.0
1782730112.958,0.0,0.0,0.0,0.5947,0.8003,0.0205,0.0132,0.0132,0.0142,26.61,0.0,0.0,0.0,0.0,0.0,0.0
1782730117.973,0.0,0.0,0.0,0.5947,0.8003,0.0205,0.0132,0.0132,0.0137,26.61,0.0,0.0,0.0,0.0,0.0,0.0
1782730122.984,0.0,0.0,0.0,0.5947,0.8003,0.0205,0.0137,0.0137,0.0137,26.61,0.0,0.0,0.0,0.0,0.0,0.0
1782730127.992,0.0,0.0,0.0,0.5947,0.8003,0.0205,0.0137,0.0132,0.0142,26.61,0.0,0.0,0.0,0.0,0.0,0.0
1782730133.004,0.0,0.0,0.0,0.5947,0.8003,0.0205,0.0137,0.0132,0.0142,26.61,0.0,0.0,0.0,0.0,0.0,0.0
1782730138.014,0.0,0.0,0.0,0.5947,0.8003,0.0205,0.0137,0.0132,0.0146,26.6,0.0,0.0,0.0,0.0,0.0,0.0
1782730143.028,0.0,0.0,0.0,0.5947,0.8003,0.0205,0.0146,0.0137,0.0146,26.6,0.0,0.0,0.0,0.0,0.0,0.0
1782730148.041,0.0,0.0,0.0,0.5942,0.8003,0.0205,0.0137,0.0137,0.0137,26.6,0.0,0.0,0.0,0.0,0.0,0.0
1782730153.051,0.0,0.0,0.0,0.5942,0.8003,0.0205,0.0146,0.0132,0.0142,26.6,0.0,0.0,0.0,0.0,0.0,0.0
1782730158.061,0.0,0.0,0.0,0.5942,0.8003,0.0205,0.0132,0.0137,0.0142,26.6,0.0,0.0,0.0,0.0,0.0,0.0
1782730163.075,0.0,0.0,0.0,0.5942,0.8003,0.0205,0.0132,0.0137,0.0127,26.6,0.0,0.0,0.0,0.0,0.0,0.0
1782730168.087,0.0,0.0,0.0,0.5942,0.8003,0.0205,0.0137,0.0132,0.0151,26.6,0.0,0.0,0.0,0.0,0.0,0.0
1782730173.098,0.0,0.0,0.0,0.5942,0.8003,0.0205,0.0137,0.0132,0.0132,26.6,0.0,0.0,0.0,0.0,0.0,0.0
1782730178.104,0.0,0.0,0.0,0.5942,0.8003,0.0205,0.0132,0.0132,0.0142,26.6,0.0,0.0,0.0,0.0,0.0,0.0
1782730183.116,0.0,0.0,0.0,0.5942,0.8003,0.0205,0.0132,0.0132,0.0146,26.6,0.0,0.0,0.0,0.0,0.0,0.0
1782730188.131,0.0,0.0,0.0,0.5947,0.8003,0.0205,0.0132,0.0137,0.0137,26.59,0.0,0.0,0.0,0.0,0.0,0.0
1782730193.143,0.0,0.0,0.0,0.5947,0.8003,0.0205,0.0137,0.0132,0.0142,26.59,0.0,0.0,0.0,0.0,0.0,0.0
1782730198.153,0.0,0.0,0.0,0.5947,0.8003,0.0205,0.0142,0.0137,0.0137,26.59,0.0,0.0,0.0,0.0,0.0,0.0
1782730203.167,0.0,0.0,0.0,0.5947,0.8003,0.0205,0.0132,0.0142,0.0142,26.59,0.0,0.0,0.0,0.0,0.0,0.0
1782730208.18,0.0,0.0,0.0,0.5947,0.8003,0.0205,0.0146,0.0142,0.0146,26.59,0.0,0.0,0.0,0.0,0.0,0.0
1782730213.193,0.0,0.0,0.0,0.5947,0.8003,0.0205,0.0137,0.0142,0.0146,26.59,0.0,0.0,0.0,0.0,0.0,0.0
1782730218.207,0.0,0.0,0.0,0.5947,0.8003,0.0205,0.0142,0.0132,0.0137,26.58,0.0,0.0,0.0,0.0,0.0,0.0
1782730223.214,0.0,0.0,0.0,0.5947,0.8003,0.0205,0.0137,0.0132,0.0142,26.58,0.04,0.04,0.04,0.0,4.4,40.4
1782730228.223,0.0,0.0,0.0,0.5947,0.8003,0.0205,0.0132,0.0132,0.0151,26.58,0.0,0.0,0.0,0.0,0.0,0.0
1782730233.237,0.0,0.0,0.0,0.5947,0.8003,0.021,0.0132,0.0132,0.0142,26.58,0.0,0.0,0.0,0.0,0.0,0.0
1782730238.249,0.0,0.0,0.0,0.5947,0.8003,0.021,0.0137,0.0132,0.0137,26.57,0.0,0.0,0.0,0.0,0.0,0.0
1782730243.259,0.0,0.0,0.0,0.5947,0.8003,0.021,0.0132,0.0132,0.0137,26.57,0.0,0.0,0.0,0.0,0.0,0.0
1782730248.273,0.0,0.0,0.0,0.5947,0.8003,0.021,0.0137,0.0132,0.0142,26.57,0.0,0.0,0.0,0.0,0.0,0.0
1782730253.283,0.0,0.0,0.0,0.5947,0.8003,0.021,0.0137,0.0132,0.0146,26.57,0.0,0.0,0.0,0.0,0.0,0.0
1782730258.296,0.0,0.0,0.0,0.5947,0.8003,0.021,0.0137,0.0142,0.0132,26.57,0.0,0.0,0.0,0.0,0.0,0.0
1782730263.311,0.0,0.0,0.0,0.5947,0.8003,0.021,0.0127,0.0127,0.0132,26.56,0.0,0.0,0.0,0.0,0.0,0.0
1782730268.323,0.0,0.0,0.0,0.5947,0.8003,0.021,0.0132,0.0132,0.0137,26.56,0.0,0.0,0.0,0.0,0.0,0.0
1782730273.333,0.0,0.0,0.0,0.5947,0.8003,0.021,0.0127,0.0137,0.0137,26.56,0.0,0.0,0.0,0.0,0.0,0.0
1782730278.344,0.0,0.0,0.0,0.5947,0.8003,0.021,0.0132,0.0142,0.0142,26.56,0.0,0.0,0.0,0.0,0.0,0.0
1782730283.352,0.0,0.0,0.0,0.5947,0.8003,0.021,0.0132,0.0132,0.0142,26.56,0.0,0.0,0.0,0.0,0.0,0.0
1782730288.368,0.0,0.0,0.0,0.5947,0.8003,0.021,0.0142,0.0132,0.0137,26.56,0.11,0.11,0.1,0.0,0.0,0.0
1782730293.376,0.0,0.0,0.0,0.5942,0.8003,0.021,0.0132,0.0132,0.0137,26.55,0.0,0.0,0.0,0.0,0.0,0.0
1782730298.388,0.0,0.0,0.0,0.5947,0.8003,0.021,0.0142,0.0132,0.0132,26.55,0.0,0.0,0.0,0.0,0.0,0.0
1782730303.401,0.0,0.0,0.0,0.5947,0.8003,0.021,0.0142,0.0132,0.0137,26.55,0.0,0.0,0.0,0.0,0.0,0.0
1782730308.41,0.002,0.002,0.002,0.5947,0.8003,0.021,0.0132,0.0142,0.0151,26.55,0.14,0.14,0.13,4.9,123.3,23.0
1782730313.423,0.0,0.0,0.0,0.5947,0.8003,0.021,0.0137,0.0132,0.0146,26.55,0.0,0.0,0.0,0.0,0.0,0.0
1782730318.435,0.0,0.0,0.0,0.5947,0.8003,0.021,0.0132,0.0137,0.0137,26.55,0.0,0.0,0.0,0.0,0.0,0.0
1782730323.444,0.0,0.0,0.0,0.5947,0.8003,0.021,0.0132,0.0132,0.0132,26.55,0.0,0.0,0.0,0.0,0.0,0.0
1782730328.456,0.0,0.0,0.0,0.5947,0.8003,0.021,0.0142,0.0127,0.0146,26.54,0.0,0.0,0.0,0.0,0.0,0.0
1782730333.471,0.0,0.0,0.0,0.5947,0.8003,0.021,0.0127,0.0142,0.0146,26.54,0.0,0.0,0.0,0.0,0.0,0.0
1782730338.48,0.0,0.0,0.0,0.5947,0.8003,0.021,0.0137,0.0137,0.0146,26.54,0.0,0.0,0.0,0.0,0.0,0.0
1782730343.491,0.0,0.0,0.0,0.5947,0.8003,0.021,0.0132,0.0137,0.0137,26.54,0.0,0.0,0.0,0.0,0.0,0.0
1782730348.504,0.0,0.0,0.0,0.5947,0.8003,0.021,0.0132,0.0132,0.0137,26.54,0.0,0.0,0.0,0.0,0.0,0.0
1782730353.516,0.0,0.0,0.0,0.5947,0.8003,0.021,0.0137,0.0137,0.0142,26.53,0.0,0.0,0.0,0.0,0.0,0.0
1782730358.53,0.0,0.0,0.0,0.5947,0.8003,0.021,0.0132,0.0132,0.0142,26.53,0.0,0.0,0.0,0.0,0.0,0.0
1782730363.541,0.0,0.0,0.0,0.5947,0.8003,0.021,0.0137,0.0132,0.0142,26.53,0.0,0.0,0.0,0.0,0.0,0.0
1782730368.552,0.0,0.0,0.0,0.5947,0.8003,0.021,0.0142,0.0132,0.0137,26.53,0.0,0.0,0.0,0.0,0.0,0.0
1782730373.562,0.0,0.0,0.0,0.5947,0.8003,0.021,0.0127,0.0132,0.0142,26.53,0.0,0.0,0.0,0.0,0.0,0.0
1782730378.574,0.0,0.0,0.0,0.5942,0.8003,0.021,0.0142,0.0132,0.0137,26.53,0.0,0.0,0.0,0.0,0.0,0.0
1782730383.583,0.0,0.0,0.0,0.5947,0.8003,0.021,0.0132,0.0142,0.0137,26.53,0.0,0.0,0.0,0.0,0.0,0.0
1782730388.597,0.0,0.0,0.0,0.5947,0.8003,0.021,0.0132,0.0132,0.0137,26.53,0.0,0.0,0.0,0.0,0.0,0.0
1782730393.604,0.0,0.0,0.0,0.5947,0.8003,0.021,0.0142,0.0137,0.0142,26.53,0.0,0.0,0.0,0.0,0.0,0.0
1782730398.612,0.0,0.0,0.0,0.5947,0.8003,0.021,0.0146,0.0142,0.0137,26.53,0.0,0.0,0.0,0.0,0.0,0.0
1782730403.628,0.0,0.0,0.0,0.5947,0.8003,0.021,0.0132,0.0137,0.0137,26.52,0.01,0.01,0.01,111.4,117.6,106.1
1782730408.632,0.0,0.0,0.0,0.5947,0.8003,0.021,0.0132,0.0137,0.0137,26.52,0.0,0.0,0.0,0.0,0.0,0.0
1782730413.645,0.0,0.0,0.0,0.5947,0.8003,0.021,0.0137,0.0137,0.0142,26.52,0.0,0.0,0.0,0.0,0.0,0.0
1782730418.659,0.0,0.0,0.0,0.5947,0.8003,0.021,0.0132,0.0137,0.0137,26.52,0.0,0.0,0.0,0.0,0.0,0.0
1782730423.667,0.0,0.0,0.0,0.5947,0.8003,0.021,0.0137,0.0137,0.0146,26.52,0.0,0.0,0.0,0.0,0.0,0.0
1782730428.676,0.0,0.0,0.0,0.5947,0.8003,0.021,0.0137,0.0142,0.0142,26.52,0.0,0.0,0.0,0.0,0.0,0.0
1782730433.68,0.0,0.0,0.0,0.5947,0.8003,0.021,0.0137,0.0137,0.0132,26.52,0.0,0.0,0.0,0.0,0.0,0.0
1782730438.688,0.0,0.0,0.0,0.5947,0.8003,0.021,0.0142,0.0132,0.0142,26.52,0.0,0.0,0.0,0.0,0.0,0.0
1782730443.696,0.0,0.0,0.0,0.5942,0.8003,0.021,0.0132,0.0137,0.0146,26.52,0.0,0.0,0.0,0.0,0.0,0.0
1782730448.705,0.0,0.0,0.0,0.5942,0.8003,0.021,0.0132,0.0137,0.0142,26.52,0.0,0.0,0.0,0.0,0.0,0.0
1782730453.712,0.0,0.0,0.0,0.5942,0.8003,0.021,0.0132,0.0137,0.0142,26.52,0.0,0.0,0.0,0.0,0.0,0.0
1782730458.723,0.0,0.0,0.0,0.5942,0.8003,0.021,0.0137,0.0132,0.0142,26.52,0.0,0.0,0.0,0.0,0.0,0.0
1782730463.738,0.0,0.0,0.0,0.5942,0.8003,0.021,0.0151,0.0146,0.0146,26.52,0.16,0.17,0.15,0.0,0.0,0.0
1782730468.746,0.0,0.0,0.0,0.5942,0.8003,0.021,0.0132,0.0137,0.0142,26.52,0.0,0.0,0.0,0.0,0.0,0.0
1782730473.755,0.0,0.0,0.0,0.5942,0.8003,0.021,0.0137,0.0137,0.0151,26.52,0.0,0.0,0.0,0.0,0.0,0.0
1782730478.763,0.0,0.0,0.0,0.5942,0.8003,0.021,0.0137,0.0142,0.0142,26.52,0.07,0.08,0.07,0.0,0.0,0.0
1782730483.772,0.0,0.0,0.0,0.5947,0.8003,0.021,0.0132,0.0132,0.0137,26.52,0.0,0.0,0.0,0.0,0.0,0.0
1782730488.785,0.0,0.0,0.0,0.5942,0.8003,0.021,0.0137,0.0146,0.0132,26.53,0.02,0.02,0.02,0.0,0.0,0.0
1782730493.795,0.0,0.0,0.0,0.5942,0.8003,0.021,0.0146,0.0132,0.0146,26.53,0.0,0.0,0.0,0.0,0.0,0.0
1782730498.806,0.0,0.0,0.0,0.5942,0.8003,0.021,0.0142,0.0142,0.0142,26.53,0.0,0.0,0.0,0.0,0.0,0.0
1782730503.812,0.0,0.0,0.0,0.5942,0.8003,0.021,0.0137,0.0137,0.0132,26.53,0.0,0.0,0.0,0.0,0.0,0.0
1782730508.822,0.0,0.0,0.0,0.5942,0.8003,0.021,0.0142,0.0127,0.0137,26.53,0.0,0.0,0.0,0.0,0.0,0.0
1782730513.836,0.0,0.0,0.0,0.5947,0.8003,0.021,0.0142,0.0137,0.0137,26.53,0.0,0.0,0.0,0.0,0.0,0.0
1782730518.848,0.0,0.0,0.0,0.5947,0.8003,0.021,0.0132,0.0142,0.0146,26.53,0.0,0.0,0.0,0.0,0.0,0.0
1782730523.858,0.0,0.0,0.0,0.5947,0.8003,0.021,0.0137,0.0132,0.0146,26.54,0.0,0.0,0.0,0.0,0.0,0.0
1782730528.87,0.0,0.0,0.0,0.5947,0.8003,0.021,0.0137,0.0137,0.0132,26.54,0.0,0.0,0.0,0.0,0.0,0.0
1782730533.882,0.0,0.0,0.0,0.5947,0.8003,0.021,0.0146,0.0137,0.0142,26.54,0.0,0.0,0.0,0.0,0.0,0.0
1782730538.894,0.0,0.0,0.0,0.5947,0.8003,0.021,0.0137,0.0137,0.0132,26.54,0.0,0.0,0.0,0.0,0.0,0.0
1782730543.908,0.0,0.0,0.0,0.5947,0.8003,0.021,0.0137,0.0132,0.0142,26.54,0.01,0.01,0.01,0.0,0.0,0.0
1782730548.917,0.0,0.0,0.0,0.5947,0.8003,0.021,0.0137,0.0137,0.0137,26.54,0.0,0.0,0.0,0.0,0.0,0.0
1782730553.929,0.0,0.0,0.0,0.5947,0.8003,0.021,0.0137,0.0127,0.0146,26.55,0.02,0.02,0.02,0.0,0.0,0.0
1782730558.943,0.0,0.0,0.0,0.5947,0.8003,0.021,0.0127,0.0127,0.0142,26.55,0.0,0.0,0.0,0.0,0.0,0.0
1782730563.955,0.0,0.0,0.0,0.5947,0.8003,0.021,0.0142,0.0137,0.0137,26.55,0.0,0.0,0.0,0.0,0.0,0.0
1782730568.966,0.0,0.0,0.0,0.5947,0.8003,0.021,0.0137,0.0142,0.0151,26.55,0.0,0.0,0.0,0.0,0.0,0.0
1782730573.973,0.0,0.0,0.0,0.5947,0.8003,0.021,0.0132,0.0132,0.0142,26.55,0.0,0.0,0.0,0.0,0.0,0.0
1782730578.984,0.0,0.0,0.0,0.5947,0.8003,0.021,0.0127,0.0132,0.0146,26.55,0.0,0.0,0.0,0.0,0.0,0.0
1782730583.992,0.0,0.0,0.0,0.5947,0.8003,0.021,0.0146,0.0137,0.0132,26.55,0.0,0.0,0.0,0.0,0.0,0.0
1782730589.0,0.0,0.0,0.0,0.5947,0.8003,0.021,0.0142,0.0137,0.0137,26.55,0.0,0.0,0.0,0.0,0.0,0.0
1782730594.008,0.0,0.0,0.0,0.5947,0.7998,0.021,0.0132,0.0137,0.0142,26.55,0.0,0.0,0.0,0.0,0.0,0.0
1782730599.016,0.0,0.0,0.0,0.5947,0.7998,0.0205,0.0127,0.0137,0.0132,26.56,0.0,0.0,0.0,0.0,0.0,0.0
1782730604.026,0.0,0.0,0.0,0.5947,0.7998,0.0205,0.0142,0.0142,0.0146,26.55,0.0,0.0,0.0,0.0,0.0,0.0
1782730609.03,0.0,0.0,0.0,0.5947,0.7998,0.0205,0.0137,0.0137,0.0146,26.56,0.0,0.0,0.0,0.0,0.0,0.0
1782730614.038,0.0,0.0,0.0,0.5947,0.7998,0.0205,0.0132,0.0127,0.0142,26.56,0.0,0.0,0.0,0.0,0.0,0.0
1782730619.045,0.0,0.0,0.0,0.5947,0.7998,0.0205,0.0137,0.0127,0.0156,26.56,0.0,0.0,0.0,0.0,0.0,0.0
1782730624.054,0.0,0.0,0.0,0.5947,0.7998,0.0205,0.0137,0.0137,0.0146,26.56,0.0,0.0,0.0,0.0,0.0,0.0
1782730629.063,0.0,0.0,0.0,0.5947,0.7998,0.0205,0.0142,0.0142,0.0142,26.57,0.01,0.01,0.0,0.0,0.0,0.0
1782730634.073,0.0,0.0,0.0,0.5947,0.7998,0.0205,0.0132,0.0142,0.0132,26.57,0.0,0.0,0.0,0.0,0.0,0.0
1782730639.083,0.0,0.0,0.0,0.5942,0.7998,0.0205,0.0137,0.0132,0.0151,26.57,0.0,0.0,0.0,0.0,0.0,0.0
1782730644.09,0.0,0.0,0.0,0.5942,0.7998,0.0205,0.0142,0.0132,0.0142,26.57,0.0,0.0,0.0,0.0,0.0,0.0
1782730649.097,0.0,0.0,0.0,0.5942,0.7998,0.0205,0.0137,0.0127,0.0142,26.57,0.0,0.0,0.0,0.0,0.0,0.0
1782730654.104,0.0,0.0,0.0,0.5942,0.7998,0.0205,0.0137,0.0137,0.0132,26.57,0.0,0.0,0.0,0.0,0.0,0.0
1782730659.113,0.0,0.0,0.0,0.5942,0.8003,0.0205,0.0132,0.0137,0.0137,26.57,0.0,0.0,0.0,0.0,0.0,0.0
1782730664.124,0.0,0.0,0.0,0.5942,0.7998,0.0205,0.0132,0.0132,0.0146,26.57,0.0,0.0,0.0,0.0,0.0,0.0
1782730669.128,0.0,0.0,0.0,0.5942,0.7998,0.0205,0.0137,0.0137,0.0142,26.57,0.0,0.0,0.0,0.0,0.0,0.0
1782730674.136,0.0,0.0,0.0,0.5942,0.7998,0.0205,0.0132,0.0137,0.0151,26.57,0.1,0.1,0.09,0.0,0.0,0.0
1782730679.144,0.0,0.0,0.0,0.5947,0.7998,0.0205,0.0146,0.0137,0.0137,26.57,0.04,0.04,0.04,0.0,0.0,0.0
1782730684.154,0.0,0.0,0.0,0.5947,0.7998,0.0205,0.0132,0.0132,0.0142,26.58,0.0,0.0,0.0,0.0,0.0,0.0
1782730689.162,0.0,0.0,0.0,0.5942,0.7998,0.0205,0.0142,0.0132,0.0142,26.58,0.0,0.0,0.0,0.0,0.0,0.0
1782730694.17,0.0,0.0,0.0,0.5942,0.8003,0.0205,0.0146,0.0132,0.0146,26.58,0.0,0.0,0.0,0.0,0.0,0.0
1782730699.176,0.0,0.0,0.0,0.5942,0.8003,0.0205,0.0132,0.0132,0.0142,26.58,0.01,0.01,0.01,0.0,0.0,0.0
1782730704.184,0.0,0.0,0.0,0.5942,0.8003,0.0205,0.0137,0.0137,0.0146,26.58,0.0,0.0,0.0,0.0,0.0,0.0
1782730709.194,0.0,0.0,0.0,0.5947,0.8003,0.0205,0.0132,0.0132,0.0137,26.59,0.0,0.0,0.0,0.0,0.0,0.0
1782730714.206,0.0,0.0,0.0,0.5942,0.8003,0.0205,0.0137,0.0132,0.0142,26.59,0.0,0.0,0.0,0.0,0.0,0.0
1782730719.212,0.0,0.0,0.0,0.5942,0.7998,0.0205,0.0132,0.0137,0.0146,26.59,0.0,0.0,0.0,0.0,0.0,0.0
1782730724.221,0.0,0.0,0.0,0.5942,0.7998,0.0205,0.0142,0.0132,0.0142,26.59,0.0,0.0,0.0,0.0,0.0,0.0
1782730729.23,0.0,0.0,0.0,0.5942,0.7998,0.0205,0.0137,0.0132,0.0142,26.59,0.0,0.0,0.0,0.0,0.0,0.0
1782730734.24,0.0,0.0,0.0,0.5942,0.7998,0.0205,0.0132,0.0132,0.0137,26.59,0.0,0.0,0.0,0.0,0.0,0.0
1782730739.249,0.0,0.0,0.0,0.5942,0.7998,0.0205,0.0142,0.0132,0.0146,26.6,0.0,0.0,0.0,0.0,0.0,0.0
1782730744.258,0.0,0.0,0.0,0.5942,0.7998,0.0205,0.0142,0.0132,0.0166,26.6,0.0,0.0,0.0,0.0,0.0,0.0
1782730749.267,0.0,0.0,0.0,0.5942,0.7998,0.0205,0.0137,0.0137,0.0132,26.6,0.0,0.0,0.0,0.0,0.0,0.0
1782730754.273,0.0,0.0,0.0,0.5942,0.7998,0.0205,0.0132,0.0146,0.0146,26.6,0.0,0.0,0.0,0.0,0.0,0.0
1782730759.28,0.0,0.0,0.0,0.5942,0.7998,0.0205,0.0132,0.0132,0.0137,26.6,0.0,0.0,0.0,0.0,0.0,0.0
1782730764.294,0.0,0.0,0.0,0.5947,0.7998,0.0205,0.0132,0.0137,0.0142,26.6,0.0,0.0,0.0,0.0,0.0,0.0
1782730769.302,0.0,0.0,0.0,0.5942,0.7998,0.0205,0.0142,0.0137,0.0137,26.6,0.0,0.0,0.0,0.0,0.0,0.0
1782730774.311,0.0,0.0,0.0,0.5942,0.7998,0.0205,0.0142,0.0137,0.0142,26.6,0.0,0.0,0.0,0.0,0.0,0.0
1782730779.323,0.0,0.0,0.0,0.5942,0.7998,0.0205,0.0132,0.0137,0.0142,26.6,0.0,0.0,0.0,0.0,0.0,0.0
1782730784.332,0.0,0.0,0.0,0.5947,0.7998,0.0205,0.0142,0.0132,0.0137,26.6,0.0,0.0,0.0,0.0,0.0,0.0
1782730789.339,0.0,0.0,0.0,0.5947,0.7998,0.0205,0.0132,0.0132,0.0142,26.6,0.0,0.0,0.0,0.0,0.0,0.0
1782730794.352,0.0,0.0,0.0,0.5947,0.7998,0.0205,0.0132,0.0132,0.0137,26.6,0.0,0.0,0.0,0.0,0.0,0.0
1782730799.362,0.0,0.0,0.0,0.5947,0.7998,0.0205,0.0137,0.0132,0.0142,26.6,0.0,0.0,0.0,0.0,0.0,0.0
1782730804.371,0.0,0.0,0.0,0.5947,0.7998,0.0205,0.0132,0.0142,0.0137,26.6,0.0,0.0,0.0,0.0,0.0,0.0
1782730809.38,0.0,0.0,0.0,0.5947,0.7998,0.0205,0.0132,0.0132,0.0146,26.6,0.0,0.0,0.0,0.0,0.0,0.0
1782730814.393,0.0,0.0,0.0,0.5947,0.7998,0.0205,0.0137,0.0142,0.0142,26.6,0.0,0.0,0.0,0.0,0.0,0.0
1782730819.402,0.0,0.0,0.0,0.5947,0.7998,0.0205,0.0132,0.0137,0.0137,26.6,0.0,0.0,0.0,0.0,0.0,0.0
1782730824.413,0.0,0.0,0.0,0.5947,0.7998,0.0205,0.0137,0.0137,0.0137,26.6,0.0,0.0,0.0,0.0,0.0,0.0
1782730829.421,0.0,0.0,0.0,0.5947,0.8003,0.0205,0.0132,0.0127,0.0142,26.6,0.0,0.0,0.0,0.0,0.0,0.0
1782730834.431,0.0,0.0,0.0,0.5947,0.7998,0.0205,0.0137,0.0137,0.0142,26.6,0.0,0.0,0.0,0.0,0.0,0.0
1782730839.443,0.0,0.0,0.0,0.5947,0.7998,0.0205,0.0137,0.0132,0.0151,26.6,0.0,0.0,0.0,0.0,0.0,0.0
1782730844.455,0.0,0.0,0.0,0.5947,0.8003,0.0205,0.0132,0.0146,0.0142,26.6,0.0,0.0,0.0,0.0,0.0,0.0
1782730849.464,0.0,0.0,0.0,0.5947,0.8003,0.0205,0.0132,0.0132,0.0137,26.6,0.0,0.0,0.0,0.0,0.0,0.0
1782730854.472,0.0,0.0,0.0,0.5947,0.8003,0.0205,0.0127,0.0132,0.0137,26.6,0.0,0.0,0.0,0.0,0.0,0.0
1782730859.481,0.0,0.0,0.0,0.5947,0.8003,0.0205,0.0132,0.0127,0.0132,26.6,0.0,0.0,0.0,0.0,0.0,0.0
1782730864.492,0.0,0.0,0.0,0.5947,0.8003,0.0205,0.0146,0.0142,0.0142,26.6,0.0,0.0,0.0,0.0,0.0,0.0
1782730869.5,0.0,0.0,0.0,0.5947,0.8003,0.0205,0.0137,0.0132,0.0137,26.6,0.0,0.0,0.0,0.0,0.0,0.0
1782730874.512,0.0,0.0,0.0,0.5947,0.8003,0.0205,0.0142,0.0137,0.0142,26.6,0.01,0.02,0.01,113.3,65.7,78.6
1782730879.52,0.0,0.0,0.0,0.5947,0.8003,0.0205,0.0142,0.0132,0.0146,26.6,0.0,0.0,0.0,0.0,0.0,0.0
1782730884.533,0.0,0.0,0.0,0.5947,0.8003,0.0205,0.0137,0.0132,0.0132,26.6,0.0,0.0,0.0,0.0,0.0,0.0
1782730889.54,0.0,0.0,0.0,0.5947,0.8003,0.0205,0.0146,0.0132,0.0137,26.6,0.0,0.0,0.0,0.0,0.0,0.0
1782730894.552,0.0,0.0,0.0,0.5947,0.8003,0.0205,0.0132,0.0127,0.0132,26.6,0.0,0.0,0.0,0.0,0.0,0.0
1782730899.564,0.0,0.0,0.0,0.5947,0.8003,0.0205,0.0142,0.0137,0.0132,26.6,0.0,0.0,0.0,0.0,0.0,0.0
1782730904.572,0.0,0.0,0.0,0.5947,0.8003,0.0205,0.0137,0.0132,0.0137,26.59,0.0,0.0,0.0,0.0,0.0,0.0
1782730909.584,0.0,0.0,0.0,0.5947,0.8003,0.0205,0.0137,0.0132,0.0137,26.6,0.0,0.0,0.0,0.0,0.0,0.0
1782730914.597,0.0,0.0,0.0,0.5947,0.8003,0.0205,0.0137,0.0127,0.0142,26.6,0.0,0.0,0.0,0.0,0.0,0.0
1782730919.608,0.0,0.0,0.0,0.5947,0.8003,0.0205,0.0142,0.0137,0.0146,26.6,0.0,0.0,0.0,0.0,0.0,0.0
1782730924.617,0.0,0.0,0.0,0.5947,0.8003,0.0205,0.0142,0.0137,0.0137,26.6,0.0,0.0,0.0,0.0,0.0,0.0
1782730929.628,0.0,0.0,0.0,0.5947,0.8003,0.0205,0.0137,0.0146,0.0137,26.6,0.0,0.0,0.0,0.0,0.0,0.0
1782730934.637,0.0,0.0,0.0,0.5947,0.8003,0.0205,0.0137,0.0142,0.0146,26.59,0.05,0.05,0.05,0.0,0.0,0.0
1782730939.645,0.0,0.0,0.0,0.5947,0.8003,0.0205,0.0142,0.0132,0.0142,26.59,0.0,0.0,0.0,0.0,0.0,0.0
1782730944.657,0.0,0.0,0.0,0.5947,0.8003,0.0205,0.0132,0.0132,0.0137,26.59,0.0,0.0,0.0,0.0,0.0,0.0
1782730949.667,0.0,0.0,0.0,0.5947,0.8003,0.0205,0.0146,0.0132,0.0137,26.59,0.01,0.01,0.0,0.0,0.0,0.0
1782730954.677,0.0,0.0,0.0,0.5947,0.8003,0.0205,0.0137,0.0137,0.0142,26.59,0.0,0.0,0.0,0.0,0.0,0.0
1782730959.685,0.0,0.0,0.0,0.5942,0.8003,0.0205,0.0132,0.0132,0.0146,26.58,0.09,0.09,0.08,116.8,52.8,34.7
1782730964.691,0.0,0.0,0.0,0.5942,0.8003,0.0205,0.0142,0.0137,0.0142,26.58,0.0,0.0,0.0,0.0,0.0,0.0
1782730969.704,0.0,0.0,0.0,0.5942,0.8003,0.0205,0.0142,0.0137,0.0146,26.58,0.0,0.0,0.0,0.0,0.0,0.0
1782730974.715,0.0,0.0,0.0,0.5942,0.8003,0.0205,0.0142,0.0137,0.0137,26.58,0.0,0.0,0.0,0.0,0.0,0.0
1782730979.726,0.0,0.0,0.0,0.5942,0.8003,0.0205,0.0137,0.0137,0.0142,26.58,0.0,0.0,0.0,0.0,0.0,0.0
1782730984.739,0.0,0.0,0.0,0.5942,0.8003,0.0205,0.0137,0.0137,0.0142,26.58,0.0,0.0,0.0,0.0,0.0,0.0
1782730989.75,0.0,0.0,0.0,0.5942,0.8003,0.0205,0.0137,0.0137,0.0146,26.58,0.0,0.0,0.0,0.0,0.0,0.0
1782730994.758,0.0,0.0,0.0,0.5942,0.8003,0.0205,0.0142,0.0127,0.0146,26.58,0.0,0.0,0.0,0.0,0.0,0.0
1782730999.769,0.0,0.0,0.0,0.5942,0.8003,0.0205,0.0142,0.0132,0.0146,26.58,0.0,0.0,0.0,0.0,0.0,0.0
1782731004.782,0.0,0.0,0.0,0.5942,0.8003,0.0205,0.0137,0.0132,0.0156,26.58,0.0,0.0,0.0,0.0,0.0,0.0
1782731009.794,0.0,0.0,0.0,0.5942,0.8003,0.0205,0.0146,0.0142,0.0142,26.58,0.0,0.0,0.0,0.0,0.0,0.0
1782731014.805,0.0,0.0,0.0,0.5942,0.8003,0.0205,0.0142,0.0132,0.0142,26.58,0.0,0.0,0.0,0.0,0.0,0.0
1782731019.816,0.0,0.0,0.0,0.5942,0.8003,0.0205,0.0142,0.0132,0.0137,26.58,0.0,0.0,0.0,0.0,0.0,0.0
1782731024.828,0.0,0.0,0.0,0.5947,0.8003,0.0205,0.0137,0.0137,0.0142,26.58,0.0,0.0,0.0,0.0,0.0,0.0
1782731029.84,0.0,0.0,0.0,0.5947,0.8003,0.0205,0.0132,0.0142,0.0142,26.58,0.0,0.0,0.0,0.0,0.0,0.0
1782731034.852,0.0,0.0,0.0,0.5942,0.8003,0.0205,0.0137,0.0146,0.0146,26.58,0.0,0.0,0.0,0.0,0.0,0.0
1782731039.862,0.0,0.0,0.0,0.5942,0.8003,0.0205,0.0142,0.0127,0.0146,26.57,0.0,0.0,0.0,0.0,0.0,0.0
1782731044.874,0.0,0.0,0.0,0.5947,0.8003,0.0205,0.0142,0.0142,0.0132,26.57,0.0,0.0,0.0,0.0,0.0,0.0
1782731049.884,0.0,0.0,0.0,0.5947,0.8003,0.0205,0.0132,0.0132,0.0146,26.57,0.0,0.0,0.0,0.0,0.0,0.0
1782731054.895,0.0,0.0,0.0,0.5947,0.8003,0.0205,0.0137,0.0127,0.0146,26.57,0.04,0.04,0.04,0.0,0.0,0.0
1782731059.902,0.0,0.0,0.0,0.5947,0.8003,0.0205,0.0137,0.0142,0.0142,26.57,0.0,0.0,0.0,0.0,0.0,0.0
1782731064.915,0.0,0.0,0.0,0.5947,0.8003,0.0205,0.0132,0.0137,0.0142,26.57,0.0,0.0,0.0,0.0,0.0,0.0
1782731069.927,0.0,0.0,0.0,0.5947,0.8003,0.021,0.0146,0.0137,0.0137,26.57,0.0,0.0,0.0,0.0,0.0,0.0
1782731074.939,0.0,0.0,0.0,0.5947,0.8003,0.021,0.0137,0.0137,0.0142,26.57,0.0,0.0,0.0,0.0,0.0,0.0
1782731079.951,0.0,0.0,0.0,0.5947,0.8003,0.0205,0.0142,0.0132,0.0142,26.57,0.0,0.0,0.0,0.0,0.0,0.0
1782731084.963,0.0,0.0,0.0,0.5947,0.8003,0.021,0.0127,0.0132,0.0142,26.57,0.0,0.0,0.0,0.0,0.0,0.0
1782731089.975,0.0,0.0,0.0,0.5947,0.8003,0.021,0.0137,0.0132,0.0146,26.57,0.0,0.0,0.0,0.0,0.0,0.0
1782731094.988,0.0,0.0,0.0,0.5947,0.8003,0.021,0.0132,0.0132,0.0142,26.56,0.0,0.0,0.0,0.0,0.0,0.0
1782731100.0,0.0,0.0,0.0,0.5947,0.8003,0.021,0.0132,0.0137,0.0137,26.56,0.0,0.0,0.0,0.0,0.0,0.0
1782731105.008,0.0,0.0,0.0,0.5947,0.8003,0.021,0.0137,0.0137,0.0137,26.56,0.0,0.0,0.0,0.0,0.0,0.0
1782731110.021,0.0,0.0,0.0,0.5947,0.8003,0.021,0.0142,0.0132,0.0142,26.56,0.0,0.0,0.0,0.0,0.0,0.0
1782731115.032,0.0,0.0,0.0,0.5947,0.8003,0.021,0.0132,0.0132,0.0151,26.56,0.0,0.0,0.0,0.0,0.0,0.0
1782731120.044,0.0,0.0,0.0,0.5947,0.8003,0.021,0.0137,0.0137,0.0142,26.56,0.0,0.0,0.0,0.0,0.0,0.0
1782731125.052,0.0,0.0,0.0,0.5947,0.8003,0.021,0.0132,0.0142,0.0142,26.56,0.0,0.0,0.0,0.0,0.0,0.0
1782731130.063,0.0,0.0,0.0,0.5942,0.8003,0.021,0.0137,0.0132,0.0137,26.55,0.0,0.0,0.0,0.0,0.0,0.0
1782731135.077,0.0,0.0,0.0,0.5947,0.8003,0.021,0.0142,0.0137,0.0137,26.55,0.0,0.0,0.0,0.0,0.0,0.0
1782731140.088,0.0,0.0,0.0,0.5942,0.8003,0.021,0.0137,0.0132,0.0142,26.55,0.0,0.0,0.0,0.0,0.0,0.0
1782731145.101,0.0,0.0,0.0,0.5947,0.8003,0.021,0.0142,0.0132,0.0142,26.55,0.02,0.02,0.02,0.0,0.0,0.0
1782731150.113,0.0,0.0,0.0,0.5947,0.8003,0.021,0.0151,0.0132,0.0151,26.55,0.14,0.14,0.13,63.7,38.4,22.3
1782731155.124,0.0,0.0,0.0,0.5942,0.8003,0.021,0.0142,0.0127,0.0137,26.55,0.0,0.0,0.0,0.0,0.0,0.0
1782731160.138,0.0,0.0,0.0,0.5947,0.8003,0.021,0.0142,0.0137,0.0137,26.55,0.0,0.0,0.0,0.0,0.0,0.0
1782731165.149,0.0,0.0,0.0,0.5947,0.8003,0.021,0.0127,0.0137,0.0146,26.55,0.0,0.0,0.0,0.0,0.0,0.0
1782731170.156,0.0,0.0,0.0,0.5947,0.8003,0.021,0.0127,0.0132,0.0142,26.55,0.0,0.0,0.0,0.0,0.0,0.0
1782731175.169,0.0,0.0,0.0,0.5947,0.8003,0.021,0.0142,0.0132,0.0151,26.55,0.0,0.0,0.0,0.0,0.0,0.0
1782731180.178,0.0,0.0,0.0,0.5947,0.8003,0.021,0.0137,0.0132,0.0137,26.55,0.0,0.0,0.0,0.0,0.0,0.0
1782731185.19,0.0,0.0,0.0,0.5947,0.8003,0.021,0.0137,0.0132,0.0137,26.54,0.0,0.0,0.0,0.0,0.0,0.0
1782731190.201,0.0,0.0,0.0,0.5947,0.8003,0.021,0.0137,0.0137,0.0146,26.54,0.0,0.0,0.0,0.0,0.0,0.0
1782731195.215,0.0,0.0,0.0,0.5947,0.8003,0.021,0.0132,0.0132,0.0146,26.54,0.0,0.0,0.0,0.0,0.0,0.0
1782731200.222,0.0,0.0,0.0,0.5947,0.8003,0.021,0.0142,0.0137,0.0137,26.54,0.0,0.0,0.0,0.0,0.0,0.0
1782731205.233,0.0,0.0,0.0,0.5947,0.8003,0.021,0.0132,0.0142,0.0151,26.54,0.0,0.0,0.0,0.0,0.0,0.0
1782731210.244,0.0,0.0,0.0,0.5947,0.8003,0.021,0.0137,0.0132,0.0142,26.54,0.0,0.0,0.0,0.0,0.0,0.0
1782731215.257,0.0,0.0,0.0,0.5942,0.8003,0.021,0.0137,0.0137,0.0137,26.54,0.0,0.0,0.0,0.0,0.0,0.0
1782731220.269,0.0,0.0,0.0,0.5942,0.8003,0.021,0.0142,0.0146,0.0156,26.54,0.0,0.0,0.0,0.0,0.0,0.0
1782731225.278,0.0,0.0,0.0,0.5942,0.8003,0.021,0.0132,0.0132,0.0137,26.53,0.0,0.0,0.0,0.0,0.0,0.0
1782731230.292,0.0,0.0,0.0,0.5942,0.8003,0.021,0.0137,0.0132,0.0146,26.53,0.0,0.0,0.0,0.0,0.0,0.0
1782731235.304,0.0,0.0,0.0,0.5947,0.8003,0.021,0.0132,0.0132,0.0132,26.53,0.0,0.0,0.0,0.0,0.0,0.0
1782731240.311,0.0,0.0,0.0,0.5942,0.8003,0.021,0.0132,0.0137,0.0137,26.53,0.0,0.0,0.0,0.0,0.0,0.0
1782731245.32,0.0,0.0,0.0,0.5942,0.8003,0.021,0.0132,0.0127,0.0142,26.53,0.0,0.0,0.0,0.0,0.0,0.0
1782731250.328,0.0,0.0,0.0,0.5942,0.8003,0.021,0.0132,0.0137,0.0156,26.53,0.0,0.0,0.0,0.0,0.0,0.0
1782731255.339,0.0,0.0,0.0,0.5942,0.8003,0.021,0.0146,0.0142,0.0146,26.53,0.0,0.0,0.0,0.0,0.0,0.0
1782731260.352,0.0,0.0,0.0,0.5947,0.8003,0.021,0.0137,0.0142,0.0142,26.52,0.0,0.0,0.0,0.0,0.0,0.0
1782731265.359,0.0,0.0,0.0,0.5947,0.8003,0.021,0.0137,0.0137,0.0151,26.53,0.0,0.0,0.0,0.0,0.0,0.0
1782731270.366,0.0,0.0,0.0,0.5947,0.8003,0.021,0.0137,0.0132,0.0137,26.52,0.0,0.0,0.0,0.0,0.0,0.0
1782731275.381,0.0,0.0,0.0,0.5942,0.8003,0.021,0.0137,0.0132,0.0137,26.52,0.0,0.0,0.0,0.0,0.0,0.0
1782731280.387,0.0,0.0,0.0,0.5942,0.8003,0.021,0.0137,0.0142,0.0156,26.52,0.0,0.0,0.0,0.0,0.0,0.0
1782731285.399,0.0,0.0,0.0,0.5942,0.8003,0.021,0.0132,0.0137,0.0137,26.52,0.0,0.0,0.0,0.0,0.0,0.0
1782731290.409,0.0,0.0,0.0,0.5942,0.8003,0.021,0.0127,0.0137,0.0146,26.52,0.0,0.0,0.0,0.0,0.0,0.0
1782731295.418,0.0,0.0,0.0,0.5942,0.8003,0.021,0.0137,0.0137,0.0137,26.52,0.0,0.0,0.0,0.0,0.0,0.0
1782731300.432,0.0,0.0,0.0,0.5942,0.8003,0.021,0.0132,0.0137,0.0142,26.52,0.0,0.0,0.0,0.0,0.0,0.0
1782731305.443,0.0,0.0,0.0,0.5942,0.8003,0.021,0.0132,0.0142,0.0146,26.52,0.0,0.0,0.0,0.0,0.0,0.0
1782731310.454,0.0,0.0,0.0,0.5942,0.8003,0.021,0.0132,0.0132,0.0151,26.52,0.0,0.0,0.0,0.0,0.0,0.0
1782731315.465,0.0,0.0,0.0,0.5942,0.8003,0.021,0.0137,0.0137,0.0146,26.51,0.0,0.0,0.0,0.0,0.0,0.0
1782731320.475,0.0,0.0,0.0,0.5942,0.8003,0.021,0.0142,0.0132,0.0146,26.51,0.0,0.0,0.0,0.0,0.0,0.0
1782731325.487,0.0,0.0,0.0,0.5942,0.8003,0.021,0.0137,0.0127,0.0142,26.51,0.0,0.0,0.0,0.0,0.0,0.0
1782731330.5,0.0,0.0,0.0,0.5942,0.8003,0.021,0.0142,0.0137,0.0146,26.51,0.0,0.0,0.0,0.0,0.0,0.0
1782731335.51,0.0,0.0,0.0,0.5947,0.8003,0.021,0.0142,0.0137,0.0146,26.51,0.0,0.0,0.0,0.0,0.0,0.0
1782731340.52,0.0,0.0,0.0,0.5947,0.8003,0.021,0.0137,0.0132,0.0137,26.51,0.0,0.0,0.0,0.0,0.0,0.0
1782731345.533,0.0,0.0,0.0,0.5947,0.8003,0.021,0.0132,0.0142,0.0142,26.51,0.0,0.0,0.0,0.0,0.0,0.0
1782731350.545,0.0,0.0,0.0,0.5947,0.8003,0.021,0.0142,0.0132,0.0142,26.51,0.0,0.0,0.0,0.0,0.0,0.0
1782731355.552,0.0,0.0,0.0,0.5947,0.8003,0.021,0.0137,0.0137,0.0156,26.51,0.0,0.0,0.0,0.0,0.0,0.0
1782731360.56,0.0,0.0,0.0,0.5947,0.8003,0.021,0.0132,0.0137,0.0151,26.5,0.0,0.0,0.0,0.0,0.0,0.0
1782731365.568,0.0,0.0,0.0,0.5947,0.8003,0.021,0.0142,0.0137,0.0142,26.5,0.0,0.0,0.0,0.0,0.0,0.0
1782731370.579,0.0,0.0,0.0,0.5947,0.8003,0.021,0.0137,0.0132,0.0151,26.5,0.0,0.0,0.0,0.0,0.0,0.0
1782731375.593,0.0,0.0,0.0,0.5947,0.8003,0.021,0.0137,0.0137,0.0137,26.5,0.0,0.0,0.0,0.0,0.0,0.0
1782731380.598,0.0,0.0,0.0,0.5947,0.8003,0.021,0.0142,0.0142,0.0146,26.5,0.0,0.0,0.0,0.0,0.0,0.0
1782731385.606,0.0,0.0,0.0,0.5942,0.8003,0.021,0.0137,0.0137,0.0151,26.5,0.0,0.0,0.0,0.0,0.0,0.0
1782731390.618,0.0,0.0,0.0,0.5942,0.8003,0.021,0.0137,0.0137,0.0142,26.5,0.0,0.0,0.0,0.0,0.0,0.0
1782731395.631,0.002,0.002,0.002,0.5942,0.8003,0.021,0.0142,0.0132,0.0142,26.5,0.06,0.07,0.06,0.0,0.0,0.0
1782731400.643,0.0,0.0,0.0,0.5942,0.8003,0.021,0.0137,0.0127,0.0142,26.5,0.0,0.0,0.0,0.0,0.0,0.0
1782731405.653,0.0,0.0,0.0,0.5947,0.8003,0.021,0.0132,0.0142,0.0146,26.49,0.0,0.0,0.0,0.0,0.0,0.0
1782731410.661,0.0,0.0,0.0,0.5942,0.8003,0.021,0.0142,0.0137,0.0142,26.49,0.0,0.0,0.0,0.0,0.0,0.0
1782731415.675,0.047,0.049,0.045,0.5942,0.8003,0.021,0.0146,0.0132,0.0146,26.49,0.75,0.78,0.71,0.0,0.0,0.0
1782731420.687,0.0,0.0,0.0,0.5942,0.8003,0.021,0.0137,0.0132,0.0142,26.49,0.0,0.0,0.0,0.0,0.0,0.0
1782731425.698,0.0,0.0,0.0,0.5947,0.8003,0.021,0.0137,0.0142,0.0142,26.49,0.0,0.0,0.0,0.0,0.0,0.0
1782731430.711,0.0,0.0,0.0,0.5942,0.8003,0.021,0.0137,0.0132,0.0151,26.5,0.09,0.1,0.09,47.1,113.1,30.5
1782731435.721,0.0,0.0,0.0,0.5942,0.8003,0.021,0.0137,0.0127,0.0137,26.49,0.0,0.0,0.0,0.0,0.0,0.0
1782731440.735,0.0,0.0,0.0,0.5947,0.8003,0.021,0.0142,0.0132,0.0142,26.5,0.0,0.0,0.0,0.0,0.0,0.0
1782731445.743,0.0,0.0,0.0,0.5947,0.8003,0.021,0.0137,0.0132,0.0142,26.49,0.0,0.0,0.0,0.0,0.0,0.0
1782731450.751,0.0,0.0,0.0,0.5947,0.8003,0.021,0.0146,0.0127,0.0137,26.5,0.0,0.0,0.0,0.0,0.0,0.0
1782731455.762,0.0,0.0,0.0,0.5942,0.8003,0.021,0.0132,0.0137,0.0142,26.5,0.0,0.0,0.0,0.0,0.0,0.0
1782731460.772,0.0,0.0,0.0,0.5942,0.8003,0.021,0.0132,0.0137,0.0137,26.5,0.0,0.0,0.0,0.0,0.0,0.0
1782731465.778,0.0,0.0,0.0,0.5942,0.8003,0.021,0.0127,0.0132,0.0146,26.5,0.0,0.0,0.0,0.0,0.0,0.0
1782731470.786,0.0,0.0,0.0,0.5942,0.8003,0.021,0.0137,0.0132,0.0151,26.5,0.0,0.0,0.0,0.0,0.0,0.0
1782731475.796,0.0,0.0,0.0,0.5942,0.8003,0.021,0.0142,0.0137,0.0142,26.5,0.0,0.0,0.0,0.0,0.0,0.0
1782731480.801,0.0,0.0,0.0,0.5942,0.8003,0.021,0.0137,0.0132,0.0137,26.5,0.0,0.0,0.0,0.0,0.0,0.0
1782731485.813,0.0,0.0,0.0,0.5942,0.8003,0.021,0.0142,0.0137,0.0137,26.5,0.0,0.0,0.0,0.0,0.0,0.0
1782731490.82,0.0,0.0,0.0,0.5942,0.8003,0.021,0.0142,0.0132,0.0142,26.51,0.0,0.0,0.0,0.0,0.0,0.0
1782731495.83,0.0,0.0,0.0,0.5942,0.8003,0.021,0.0137,0.0132,0.0146,26.5,0.0,0.0,0.0,0.0,0.0,0.0
1782731500.838,0.0,0.0,0.0,0.5942,0.8003,0.021,0.0127,0.0132,0.0137,26.51,0.0,0.0,0.0,0.0,0.0,0.0
1782731505.842,0.02,0.02,0.019,0.5942,0.8003,0.021,0.0137,0.0132,0.0151,26.51,0.94,0.96,0.91,0.0,0.0,0.0
1782731510.85,0.0,0.0,0.0,0.5942,0.8003,0.021,0.0132,0.0127,0.0142,26.51,0.01,0.01,0.01,0.0,0.0,0.0
1782731515.86,0.0,0.0,0.0,0.5942,0.8003,0.021,0.0137,0.0137,0.0137,26.51,0.0,0.0,0.0,0.0,0.0,0.0
1782731520.869,0.0,0.0,0.0,0.5942,0.8003,0.021,0.0137,0.0137,0.0142,26.51,0.0,0.0,0.0,0.0,0.0,0.0
1782731525.879,0.0,0.0,0.0,0.5942,0.8003,0.021,0.0142,0.0127,0.0142,26.51,0.06,0.07,0.06,0.0,0.0,0.0
1782731530.888,0.0,0.0,0.0,0.5942,0.8003,0.021,0.0137,0.0132,0.0142,26.51,0.0,0.0,0.0,0.0,0.0,0.0
1782731535.898,0.0,0.0,0.0,0.5942,0.8003,0.021,0.0142,0.0137,0.0142,26.51,0.0,0.0,0.0,0.0,0.0,0.0
1782731540.909,0.0,0.0,0.0,0.5942,0.8003,0.021,0.0142,0.0132,0.0137,26.51,0.0,0.0,0.0,0.0,0.0,0.0
1782731545.918,0.0,0.0,0.0,0.5942,0.8003,0.021,0.0142,0.0132,0.0146,26.52,0.0,0.0,0.0,0.0,0.0,0.0
1782731550.927,0.0,0.0,0.0,0.5942,0.8003,0.021,0.0142,0.0127,0.0146,26.52,0.0,0.0,0.0,0.0,0.0,0.0
1782731555.939,0.0,0.0,0.0,0.5942,0.8003,0.021,0.0132,0.0132,0.0137,26.52,0.0,0.0,0.0,0.0,0.0,0.0
1782731560.947,0.0,0.0,0.0,0.5942,0.8003,0.021,0.0137,0.0132,0.0137,26.52,0.0,0.0,0.0,0.0,0.0,0.0
1782731565.957,0.0,0.0,0.0,0.5942,0.8003,0.021,0.0137,0.0132,0.0146,26.52,0.0,0.0,0.0,0.0,0.0,0.0
1782731570.967,0.0,0.0,0.0,0.5942,0.8003,0.021,0.0132,0.0137,0.0146,26.52,0.0,0.0,0.0,0.0,0.0,0.0
1782731575.975,0.0,0.0,0.0,0.5947,0.8003,0.021,0.0146,0.0137,0.0146,26.52,0.0,0.0,0.0,0.0,0.0,0.0
1782731580.982,0.0,0.0,0.0,0.5947,0.8003,0.021,0.0142,0.0132,0.0142,26.53,0.0,0.0,0.0,0.0,0.0,0.0
1782731585.993,0.0,0.0,0.0,0.5947,0.8003,0.021,0.0132,0.0137,0.0146,26.53,0.0,0.0,0.0,0.0,0.0,0.0
1782731591.001,0.0,0.0,0.0,0.5947,0.8003,0.021,0.0142,0.0137,0.0137,26.53,0.02,0.02,0.01,0.0,0.0,0.0
1782731596.006,0.0,0.0,0.0,0.5947,0.8003,0.0205,0.0137,0.0146,0.0146,26.53,0.0,0.0,0.0,0.0,0.0,0.0
1782731601.016,0.0,0.0,0.0,0.5942,0.8003,0.0205,0.0132,0.0137,0.0137,26.53,0.0,0.0,0.0,0.0,0.0,0.0
1782731606.026,0.0,0.0,0.0,0.5942,0.8003,0.021,0.0132,0.0132,0.0142,26.53,0.0,0.0,0.0,0.0,0.0,0.0
1782731611.034,0.0,0.0,0.0,0.5942,0.8003,0.0205,0.0137,0.0142,0.0142,26.53,0.0,0.0,0.0,0.0,0.0,0.0
1782731616.043,0.0,0.0,0.0,0.5942,0.8003,0.0205,0.0137,0.0137,0.0142,26.53,0.0,0.0,0.0,0.0,0.0,0.0
1782731621.05,0.0,0.0,0.0,0.5942,0.8003,0.0205,0.0137,0.0137,0.0146,26.54,0.0,0.0,0.0,0.0,0.0,0.0
1782731626.062,0.0,0.0,0.0,0.5942,0.8003,0.0205,0.0137,0.0132,0.0137,26.54,0.0,0.0,0.0,0.0,0.0,0.0
1782731631.072,0.0,0.0,0.0,0.5942,0.8003,0.0205,0.0132,0.0142,0.0146,26.54,0.0,0.0,0.0,0.0,0.0,0.0
1782731636.08,0.0,0.0,0.0,0.5942,0.7998,0.0205,0.0132,0.0132,0.0137,26.54,0.0,0.0,0.0,0.0,0.0,0.0
1782731641.088,0.0,0.0,0.0,0.5942,0.7998,0.0205,0.0127,0.0127,0.0142,26.55,0.0,0.0,0.0,0.0,0.0,0.0
1782731646.098,0.0,0.0,0.0,0.5942,0.7998,0.0205,0.0137,0.0132,0.0146,26.55,0.0,0.0,0.0,0.0,0.0,0.0
1782731651.107,0.0,0.0,0.0,0.5942,0.7998,0.0205,0.0137,0.0142,0.0132,26.55,0.0,0.0,0.0,0.0,0.0,0.0
1782731656.116,0.0,0.0,0.0,0.5942,0.7998,0.0205,0.0127,0.0142,0.0142,26.55,0.0,0.0,0.0,0.0,0.0,0.0
1782731661.122,0.0,0.0,0.0,0.5942,0.7998,0.0205,0.0142,0.0137,0.0137,26.56,0.0,0.0,0.0,0.0,0.0,0.0
1782731666.128,0.0,0.0,0.0,0.5942,0.7998,0.0205,0.0137,0.0137,0.0132,26.56,0.0,0.0,0.0,0.0,0.0,0.0
1782731671.134,0.0,0.0,0.0,0.5947,0.7998,0.0205,0.0137,0.0127,0.0142,26.56,0.0,0.0,0.0,0.0,0.0,0.0
1782731676.143,0.0,0.0,0.0,0.5942,0.7998,0.0205,0.0127,0.0127,0.0151,26.56,0.0,0.0,0.0,0.0,0.0,0.0
1782731681.151,0.0,0.0,0.0,0.5947,0.7998,0.0205,0.0137,0.0127,0.0146,26.57,0.0,0.0,0.0,0.0,0.0,0.0
1782731686.16,0.0,0.0,0.0,0.5947,0.7998,0.0205,0.0137,0.0132,0.0142,26.57,0.0,0.0,0.0,0.0,0.0,0.0
1782731691.168,0.0,0.0,0.0,0.5947,0.7998,0.0205,0.0142,0.0137,0.0146,26.57,0.0,0.0,0.0,0.0,0.0,0.0
1782731696.175,0.0,0.0,0.0,0.5947,0.7998,0.0205,0.0142,0.0132,0.0151,26.57,0.05,0.05,0.04,0.0,0.0,0.0
1782731701.185,0.0,0.0,0.0,0.5947,0.7998,0.0205,0.0137,0.0132,0.0142,26.57,0.0,0.0,0.0,0.0,0.0,0.0
1782731706.194,0.0,0.0,0.0,0.5947,0.7998,0.0205,0.0142,0.0142,0.0142,26.58,0.0,0.0,0.0,0.0,0.0,0.0
1782731711.203,0.0,0.0,0.0,0.5947,0.7998,0.0205,0.0142,0.0142,0.0137,26.58,0.0,0.0,0.0,0.0,0.0,0.0
1782731716.213,0.0,0.0,0.0,0.5947,0.7998,0.0205,0.0137,0.0132,0.0142,26.58,0.0,0.0,0.0,0.0,0.0,0.0
1782731721.222,0.0,0.0,0.0,0.5947,0.7998,0.0205,0.0137,0.0137,0.0142,26.58,0.0,0.0,0.0,0.0,0.0,0.0
1782731726.233,0.0,0.0,0.0,0.5947,0.7998,0.0205,0.0132,0.0132,0.0137,26.59,0.0,0.0,0.0,0.0,0.0,0.0
1782731731.242,0.0,0.0,0.0,0.5947,0.7998,0.0205,0.0142,0.0132,0.0137,26.59,0.0,0.0,0.0,0.0,0.0,0.0
1782731736.25,0.0,0.0,0.0,0.5947,0.7998,0.0205,0.0137,0.0132,0.0142,26.59,0.0,0.0,0.0,0.0,0.0,0.0
1782731741.26,0.0,0.0,0.0,0.5947,0.7998,0.0205,0.0132,0.0132,0.0146,26.59,0.0,0.0,0.0,0.0,0.0,0.0
1782731746.27,0.0,0.0,0.0,0.5947,0.7998,0.0205,0.0137,0.0132,0.0137,26.59,0.0,0.0,0.0,0.0,0.0,0.0
1782731751.28,0.0,0.0,0.0,0.5947,0.7998,0.0205,0.0137,0.0137,0.0142,26.59,0.0,0.0,0.0,0.0,0.0,0.0
1782731756.286,0.0,0.0,0.0,0.5947,0.7998,0.0205,0.0127,0.0132,0.0142,26.6,0.0,0.0,0.0,0.0,0.0,0.0
1782731761.292,0.0,0.0,0.0,0.5947,0.7998,0.0205,0.0137,0.0142,0.0137,26.6,0.0,0.0,0.0,0.0,0.0,0.0
1782731766.304,0.0,0.0,0.0,0.5947,0.7998,0.0205,0.0137,0.0137,0.0156,26.6,0.0,0.0,0.0,0.0,0.0,0.0
1782731771.31,0.0,0.0,0.0,0.5947,0.7998,0.0205,0.0132,0.0132,0.0137,26.6,0.02,0.02,0.02,0.0,0.0,0.0
1782731776.318,0.0,0.0,0.0,0.5947,0.7998,0.0205,0.0132,0.0132,0.0142,26.59,0.0,0.0,0.0,0.0,0.0,0.0
1782731781.326,0.0,0.0,0.0,0.5947,0.7998,0.0205,0.0132,0.0137,0.0142,26.6,0.0,0.0,0.0,0.0,0.0,0.0
1782731786.336,0.0,0.0,0.0,0.5947,0.7998,0.0205,0.0127,0.0132,0.0137,26.6,0.01,0.01,0.01,0.0,0.0,0.0
1782731791.343,0.0,0.0,0.0,0.5947,0.7998,0.0205,0.0142,0.0137,0.0142,26.6,0.0,0.0,0.0,0.0,0.0,0.0
1782731796.352,0.0,0.0,0.0,0.5947,0.7998,0.0205,0.0132,0.0137,0.0146,26.6,0.06,0.06,0.06,0.0,0.0,0.0
1782731801.36,0.0,0.0,0.0,0.5947,0.7998,0.0205,0.0137,0.0132,0.0132,26.6,0.0,0.0,0.0,0.0,0.0,0.0
1782731806.364,0.0,0.0,0.0,0.5947,0.7998,0.0205,0.0137,0.0137,0.0151,26.6,0.05,0.05,0.05,77.6,118.1,40.9
1782731811.373,0.0,0.0,0.0,0.5947,0.7998,0.0205,0.0146,0.0127,0.0146,26.6,0.0,0.0,0.0,48.6,95.2,0.0
1782731816.383,0.0,0.0,0.0,0.5947,0.7998,0.0205,0.0132,0.0137,0.0142,26.6,0.0,0.0,0.0,0.0,0.0,0.0
1782731821.391,0.0,0.0,0.0,0.5947,0.8003,0.0205,0.0137,0.0137,0.0146,26.6,0.0,0.0,0.0,0.0,0.0,0.0
1782731826.398,0.0,0.0,0.0,0.5947,0.8003,0.0205,0.0132,0.0132,0.0132,26.6,0.0,0.0,0.0,0.0,0.0,0.0
1782731831.407,0.0,0.0,0.0,0.5947,0.7998,0.0205,0.0137,0.0137,0.0142,26.61,0.0,0.0,0.0,0.0,0.0,0.0
1782731836.415,0.0,0.0,0.0,0.5947,0.7998,0.0205,0.0142,0.0137,0.0142,26.6,0.0,0.0,0.0,0.0,0.0,0.0
1782731841.423,0.0,0.0,0.0,0.5947,0.7998,0.0205,0.0142,0.0137,0.0146,26.61,0.0,0.0,0.0,0.0,0.0,0.0
1782731846.431,0.0,0.0,0.0,0.5947,0.7998,0.0205,0.0132,0.0132,0.0137,26.61,0.0,0.0,0.0,0.0,0.0,0.0
1782731851.438,0.0,0.0,0.0,0.5947,0.7998,0.0205,0.0151,0.0137,0.0142,26.61,0.0,0.0,0.0,0.0,0.0,0.0
1782731856.446,0.0,0.0,0.0,0.5947,0.7998,0.0205,0.0137,0.0132,0.0142,26.61,0.0,0.0,0.0,0.0,0.0,0.0
1782731861.453,0.0,0.0,0.0,0.5947,0.7998,0.0205,0.0137,0.0137,0.0142,26.61,0.0,0.0,0.0,0.0,0.0,0.0
1782731866.46,0.0,0.0,0.0,0.5947,0.7998,0.0205,0.0132,0.0137,0.0132,26.61,0.0,0.0,0.0,0.0,0.0,0.0
1782731871.466,0.0,0.0,0.0,0.5947,0.7998,0.0205,0.0137,0.0127,0.0142,26.61,0.0,0.0,0.0,0.0,0.0,0.0
1782731876.474,0.0,0.0,0.0,0.5947,0.7998,0.0205,0.0137,0.0137,0.0137,26.61,0.0,0.0,0.0,0.0,0.0,0.0
1782731881.482,0.0,0.0,0.0,0.5947,0.7998,0.0205,0.0132,0.0137,0.0146,26.61,0.11,0.11,0.1,0.0,0.0,0.0
1782731886.493,0.0,0.0,0.0,0.5947,0.7998,0.0205,0.0142,0.0137,0.0142,26.61,0.0,0.0,0.0,0.0,0.0,0.0
1782731891.501,0.0,0.0,0.0,0.5947,0.7998,0.0205,0.0137,0.0137,0.0151,26.61,0.02,0.02,0.02,0.0,0.0,0.0
1782731896.507,0.0,0.0,0.0,0.5947,0.7998,0.0205,0.0137,0.0137,0.0146,26.61,0.0,0.0,0.0,0.0,0.0,0.0
1782731901.513,0.0,0.0,0.0,0.5947,0.7998,0.0205,0.0137,0.0137,0.0146,26.61,0.03,0.03,0.03,108.1,111.9,109.4
1782731906.522,0.0,0.0,0.0,0.5947,0.7998,0.0205,0.0137,0.0132,0.0151,26.61,0.0,0.0,0.0,0.0,0.0,0.0
1782731911.532,0.0,0.0,0.0,0.5947,0.7998,0.0205,0.0137,0.0137,0.0132,26.61,0.0,0.0,0.0,0.0,0.0,0.0
1782731916.54,0.0,0.0,0.0,0.5947,0.8003,0.0205,0.0142,0.0137,0.0132,26.61,0.0,0.0,0.0,0.0,0.0,0.0
1782731921.549,0.0,0.0,0.0,0.5947,0.8003,0.0205,0.0142,0.0137,0.0146,26.61,0.0,0.0,0.0,0.0,0.0,0.0
1782731926.559,0.0,0.0,0.0,0.5947,0.7998,0.0205,0.0137,0.0132,0.0146,26.61,0.0,0.0,0.0,0.0,0.0,0.0
1782731931.567,0.0,0.0,0.0,0.5947,0.7998,0.0205,0.0132,0.0137,0.0146,26.61,0.0,0.0,0.0,0.0,0.0,0.0
1782731936.581,0.0,0.0,0.0,0.5947,0.7998,0.0205,0.0132,0.0137,0.0142,26.61,0.0,0.0,0.0,0.0,0.0,0.0
1782731941.589,0.0,0.0,0.0,0.5947,0.7998,0.0205,0.0132,0.0132,0.0137,26.61,0.0,0.0,0.0,0.0,0.0,0.0
1782731946.597,0.0,0.0,0.0,0.5942,0.8003,0.0205,0.0137,0.0137,0.0151,26.61,0.0,0.0,0.0,0.0,0.0,0.0
1782731951.606,0.0,0.0,0.0,0.5947,0.8003,0.0205,0.0137,0.0137,0.0137,26.61,0.0,0.0,0.0,0.0,0.0,0.0
1782731956.619,0.0,0.0,0.0,0.5947,0.7998,0.0205,0.0142,0.0142,0.0146,26.61,0.0,0.0,0.0,0.0,0.0,0.0
1782731961.63,0.0,0.0,0.0,0.5947,0.7998,0.0205,0.0142,0.0142,0.0137,26.61,0.01,0.01,0.01,0.0,0.0,0.0
1782731966.64,0.0,0.0,0.0,0.5947,0.8003,0.0205,0.0137,0.0142,0.0151,26.61,0.0,0.0,0.0,0.0,0.0,0.0
1782731971.648,0.0,0.0,0.0,0.5942,0.8003,0.0205,0.0142,0.0137,0.0142,26.61,0.0,0.0,0.0,0.0,0.0,0.0
1782731976.66,0.0,0.0,0.0,0.5947,0.8003,0.0205,0.0132,0.0142,0.0142,26.61,0.0,0.0,0.0,0.0,0.0,0.0
1782731981.672,0.0,0.0,0.0,0.5942,0.8003,0.0205,0.0137,0.0132,0.0137,26.61,0.0,0.0,0.0,0.0,0.0,0.0
1782731986.682,0.0,0.0,0.0,0.5942,0.7998,0.0205,0.0142,0.0146,0.0142,26.61,0.0,0.0,0.0,0.0,0.0,0.0
1782731991.69,0.0,0.0,0.0,0.5942,0.7998,0.0205,0.0132,0.0132,0.0142,26.61,0.0,0.0,0.0,0.0,0.0,0.0
1782731996.703,0.0,0.0,0.0,0.5942,0.7998,0.0205,0.0137,0.0137,0.0146,26.61,0.0,0.0,0.0,0.0,0.0,0.0
1782732001.712,0.0,0.0,0.0,0.5942,0.7998,0.0205,0.0142,0.0142,0.0132,26.61,0.0,0.0,0.0,0.0,0.0,0.0
1782732006.724,0.0,0.0,0.0,0.5942,0.7998,0.0205,0.0132,0.0137,0.0142,26.61,0.0,0.0,0.0,0.0,0.0,0.0
1782732011.734,0.0,0.0,0.0,0.5942,0.7998,0.0205,0.0137,0.0127,0.0137,26.61,0.0,0.0,0.0,0.0,0.0,0.0
1782732016.742,0.0,0.0,0.0,0.5942,0.7998,0.0205,0.0137,0.0132,0.0156,26.6,0.0,0.0,0.0,0.0,0.0,0.0
1782732021.753,0.0,0.0,0.0,0.5942,0.7998,0.0205,0.0146,0.0137,0.0156,26.6,0.0,0.0,0.0,0.0,0.0,0.0
1782732026.764,0.0,0.0,0.0,0.5942,0.7998,0.0205,0.0132,0.0132,0.0137,26.6,0.0,0.0,0.0,0.0,0.0,0.0
1782732031.772,0.0,0.0,0.0,0.5942,0.7998,0.0205,0.0137,0.0132,0.0142,26.61,0.0,0.0,0.0,0.0,0.0,0.0
1782732036.784,0.0,0.0,0.0,0.5942,0.7998,0.0205,0.0137,0.0132,0.0142,26.61,0.0,0.0,0.0,0.0,0.0,0.0
1782732041.796,0.0,0.0,0.0,0.5942,0.7998,0.0205,0.0137,0.0142,0.0161,26.61,0.0,0.0,0.0,0.0,0.0,0.0
1782732046.806,0.0,0.0,0.0,0.5942,0.7998,0.0205,0.0132,0.0142,0.0137,26.61,0.0,0.0,0.0,0.0,0.0,0.0
1782732051.82,0.0,0.0,0.0,0.5942,0.7998,0.0205,0.0146,0.0127,0.0142,26.61,0.0,0.0,0.0,0.0,0.0,0.0
1782732056.831,0.0,0.0,0.0,0.5942,0.7998,0.0205,0.0137,0.0132,0.0146,26.6,0.0,0.0,0.0,0.0,0.0,0.0
1782732061.84,0.0,0.0,0.0,0.5942,0.7998,0.0205,0.0142,0.0132,0.0137,26.61,0.0,0.0,0.0,0.0,0.0,0.0
1782732066.85,0.003,0.003,0.003,0.5942,0.7998,0.0205,0.0137,0.0137,0.0146,26.61,0.21,0.22,0.21,0.0,0.0,0.0
1782732071.858,0.0,0.0,0.0,0.5942,0.7998,0.0205,0.0137,0.0142,0.0142,26.61,0.0,0.0,0.0,0.0,0.0,0.0
1782732076.868,0.0,0.0,0.0,0.5942,0.7998,0.0205,0.0132,0.0127,0.0146,26.61,0.0,0.0,0.0,0.0,0.0,0.0
1782732081.875,0.0,0.0,0.0,0.5942,0.7998,0.0205,0.0132,0.0132,0.0142,26.61,0.0,0.0,0.0,0.0,0.0,0.0
1782732086.882,0.021,0.021,0.02,0.5942,0.7998,0.0205,0.0137,0.0132,0.0146,26.61,0.59,0.6,0.57,40.1,119.8,4.4
1782732091.89,0.0,0.0,0.0,0.5942,0.7998,0.0205,0.0137,0.0137,0.0137,26.61,0.0,0.0,0.0,0.0,0.0,0.0
1782732096.899,0.0,0.0,0.0,0.5942,0.7998,0.0205,0.0127,0.0127,0.0151,26.61,0.0,0.0,0.0,0.0,0.0,0.0
1782732101.905,0.0,0.0,0.0,0.5942,0.7998,0.0205,0.0137,0.0132,0.0137,26.61,0.0,0.0,0.0,0.0,0.0,0.0
1782732106.911,0.0,0.0,0.0,0.5942,0.7998,0.0205,0.0132,0.0137,0.0146,26.61,0.0,0.0,0.0,0.0,0.0,0.0
1782732111.921,0.0,0.0,0.0,0.5942,0.7998,0.0205,0.0142,0.0142,0.0146,26.61,0.0,0.0,0.0,0.0,0.0,0.0
1782732116.929,0.0,0.0,0.0,0.5942,0.7998,0.0205,0.0132,0.0127,0.0137,26.61,0.0,0.0,0.0,0.0,0.0,0.0
1782732121.935,0.0,0.0,0.0,0.5942,0.7998,0.0205,0.0132,0.0132,0.0146,26.61,0.0,0.0,0.0,0.0,0.0,0.0
1782732126.941,0.0,0.0,0.0,0.5942,0.7998,0.0205,0.0137,0.0137,0.0137,26.61,0.0,0.0,0.0,0.0,0.0,0.0
1782732131.949,0.0,0.0,0.0,0.5942,0.7998,0.0205,0.0137,0.0132,0.0132,26.61,0.0,0.0,0.0,0.0,0.0,0.0
1782732136.956,0.0,0.0,0.0,0.5942,0.7998,0.0205,0.0137,0.0137,0.0146,26.61,0.0,0.0,0.0,0.0,0.0,0.0
1782732141.961,0.0,0.0,0.0,0.5942,0.7998,0.0205,0.0137,0.0132,0.0142,26.61,0.0,0.0,0.0,0.0,0.0,0.0
1782732146.971,0.0,0.0,0.0,0.5942,0.7998,0.0205,0.0137,0.0132,0.0142,26.61,0.0,0.0,0.0,0.0,0.0,0.0
1782732151.98,0.0,0.0,0.0,0.5942,0.7998,0.0205,0.0146,0.0142,0.0137,26.61,0.0,0.0,0.0,0.0,0.0,0.0
1782732156.987,0.0,0.0,0.0,0.5942,0.7998,0.0205,0.0137,0.0132,0.0142,26.61,0.0,0.0,0.0,0.0,0.0,0.0
1782732161.996,0.0,0.0,0.0,0.5942,0.7998,0.0205,0.0137,0.0137,0.0137,26.61,0.0,0.0,0.0,0.0,0.0,0.0
1782732167.007,0.0,0.0,0.0,0.5942,0.7998,0.0205,0.0127,0.0137,0.0146,26.61,0.0,0.0,0.0,0.0,0.0,0.0
1782732172.015,0.0,0.0,0.0,0.5942,0.7998,0.0205,0.0132,0.0132,0.0137,26.61,0.0,0.0,0.0,0.0,0.0,0.0
1782732177.025,0.0,0.0,0.0,0.5942,0.7998,0.0205,0.0137,0.0137,0.0137,26.61,0.0,0.0,0.0,0.0,0.0,0.0
1782732182.034,0.0,0.0,0.0,0.5942,0.8003,0.0205,0.0142,0.0137,0.0137,26.6,0.0,0.0,0.0,0.0,0.0,0.0
1782732187.043,0.0,0.0,0.0,0.5942,0.8003,0.0205,0.0142,0.0137,0.0142,26.6,0.0,0.0,0.0,0.0,0.0,0.0
1782732192.054,0.0,0.0,0.0,0.5942,0.7998,0.0205,0.0132,0.0132,0.0146,26.6,0.0,0.0,0.0,0.0,0.0,0.0
1782732197.062,0.0,0.0,0.0,0.5942,0.8003,0.0205,0.0137,0.0142,0.0142,26.61,0.0,0.0,0.0,0.0,0.0,0.0
1782732202.069,0.0,0.0,0.0,0.5942,0.7998,0.0205,0.0137,0.0132,0.0142,26.6,0.0,0.0,0.0,0.0,0.0,0.0
1782732207.081,0.0,0.0,0.0,0.5942,0.7998,0.0205,0.0132,0.0137,0.0146,26.6,0.0,0.0,0.0,0.0,0.0,0.0
1782732212.09,0.0,0.0,0.0,0.5942,0.7998,0.0205,0.0132,0.0132,0.0146,26.6,0.0,0.0,0.0,0.0,0.0,0.0
1782732217.099,0.0,0.0,0.0,0.5942,0.7998,0.0205,0.0142,0.0132,0.0142,26.6,0.0,0.0,0.0,0.0,0.0,0.0
1782732222.109,0.0,0.0,0.0,0.5942,0.8003,0.0205,0.0142,0.0142,0.0132,26.6,0.0,0.0,0.0,0.0,0.0,0.0
1782732227.113,0.0,0.0,0.0,0.5942,0.8003,0.0205,0.0146,0.0137,0.0142,26.6,0.0,0.0,0.0,0.0,0.0,0.0
1782732232.121,0.0,0.0,0.0,0.5942,0.8003,0.0205,0.0142,0.0137,0.0142,26.6,0.0,0.0,0.0,0.0,0.0,0.0
1782732237.127,0.0,0.0,0.0,0.5942,0.8003,0.0205,0.0137,0.0142,0.0142,26.6,0.0,0.0,0.0,0.0,0.0,0.0
1782732242.136,0.0,0.0,0.0,0.5942,0.7998,0.0205,0.0137,0.0132,0.0142,26.6,0.0,0.0,0.0,0.0,0.0,0.0
1782732247.145,0.0,0.0,0.0,0.5942,0.7998,0.0205,0.0137,0.0142,0.0146,26.6,0.0,0.0,0.0,0.0,0.0,0.0
1782732252.154,0.0,0.0,0.0,0.5942,0.7998,0.0205,0.0142,0.0137,0.0142,26.6,0.0,0.0,0.0,0.0,0.0,0.0
1782732257.162,0.0,0.0,0.0,0.5942,0.7998,0.0205,0.0146,0.0137,0.0151,26.6,0.0,0.0,0.0,0.0,0.0,0.0
1782732262.17,0.0,0.0,0.0,0.5942,0.8003,0.0205,0.0137,0.0137,0.0137,26.6,0.0,0.0,0.0,0.0,0.0,0.0
1782732267.176,0.0,0.0,0.0,0.5942,0.8003,0.021,0.0132,0.0137,0.0142,26.6,0.0,0.0,0.0,0.0,0.0,0.0
1782732272.18,0.0,0.0,0.0,0.5942,0.8003,0.0205,0.0127,0.0132,0.0137,26.59,0.0,0.0,0.0,0.0,0.0,0.0
1782732277.191,0.0,0.0,0.0,0.5942,0.8003,0.0205,0.0137,0.0137,0.0142,26.59,0.0,0.0,0.0,0.0,0.0,0.0
1782732282.198,0.0,0.0,0.0,0.5947,0.8003,0.021,0.0137,0.0142,0.0146,26.59,0.0,0.0,0.0,0.0,0.0,0.0
1782732287.207,0.0,0.0,0.0,0.5947,0.8003,0.0205,0.0137,0.0142,0.0137,26.59,0.0,0.0,0.0,0.0,0.0,0.0
1782732292.216,0.0,0.0,0.0,0.5947,0.8003,0.0205,0.0137,0.0132,0.0142,26.59,0.0,0.0,0.0,0.0,0.0,0.0
1782732297.222,0.0,0.0,0.0,0.5942,0.8003,0.0205,0.0142,0.0137,0.0132,26.59,0.0,0.0,0.0,0.0,0.0,0.0
1782732302.228,0.0,0.0,0.0,0.5942,0.8003,0.0205,0.0132,0.0132,0.0151,26.59,0.0,0.0,0.0,0.0,0.0,0.0
1782732307.239,0.0,0.0,0.0,0.5942,0.8003,0.0205,0.0132,0.0132,0.0146,26.59,0.0,0.0,0.0,0.0,0.0,0.0
1782732312.248,0.0,0.0,0.0,0.5947,0.8003,0.0205,0.0137,0.0132,0.0137,26.59,0.0,0.0,0.0,0.0,0.0,0.0
1782732317.255,0.0,0.0,0.0,0.5947,0.8003,0.0205,0.0132,0.0132,0.0146,26.59,0.0,0.0,0.0,0.0,0.0,0.0
1782732322.266,0.0,0.0,0.0,0.5947,0.8003,0.0205,0.0127,0.0137,0.0137,26.59,0.0,0.0,0.0,0.0,0.0,0.0
1782732327.275,0.0,0.0,0.0,0.5947,0.8003,0.0205,0.0137,0.0132,0.0146,26.59,0.0,0.0,0.0,0.0,0.0,0.0
1782732332.286,0.0,0.0,0.0,0.5947,0.8003,0.021,0.0137,0.0137,0.0137,26.59,0.0,0.0,0.0,0.0,0.0,0.0
1782732337.291,0.0,0.0,0.0,0.5947,0.8003,0.021,0.0137,0.0132,0.0151,26.59,0.0,0.0,0.0,0.0,0.0,0.0
1782732342.298,0.0,0.0,0.0,0.5947,0.8003,0.0205,0.0142,0.0137,0.0137,26.59,0.0,0.0,0.0,0.0,0.0,0.0
1782732347.308,0.0,0.0,0.0,0.5947,0.8003,0.0205,0.0132,0.0132,0.0142,26.59,0.01,0.01,0.01,0.0,0.0,0.0
1782732352.317,0.0,0.0,0.0,0.5947,0.8003,0.0205,0.0137,0.0132,0.0142,26.6,0.0,0.0,0.0,0.0,0.0,0.0
1782732357.327,0.0,0.0,0.0,0.5947,0.8003,0.0205,0.0132,0.0132,0.0146,26.6,0.0,0.0,0.0,0.0,0.0,0.0
1782732362.335,0.0,0.0,0.0,0.5947,0.8003,0.0205,0.0137,0.0137,0.0146,26.6,0.0,0.0,0.0,0.0,0.0,0.0
1782732367.339,0.0,0.0,0.0,0.5947,0.8003,0.0205,0.0127,0.0132,0.0146,26.6,0.02,0.02,0.02,0.0,0.0,0.0
1782732372.348,0.0,0.0,0.0,0.5947,0.8003,0.0205,0.0137,0.0137,0.0142,26.6,0.0,0.0,0.0,0.0,0.0,0.0
1782732377.359,0.0,0.0,0.0,0.5947,0.8003,0.0205,0.0146,0.0137,0.0142,26.6,0.0,0.0,0.0,0.0,0.0,0.0
1782732382.366,0.0,0.0,0.0,0.5942,0.8003,0.0205,0.0137,0.0132,0.0137,26.6,0.0,0.0,0.0,0.0,0.0,0.0
1782732387.374,0.0,0.0,0.0,0.5947,0.8003,0.0205,0.0137,0.0137,0.0142,26.6,0.0,0.0,0.0,0.0,0.0,0.0
1782732392.38,0.0,0.0,0.0,0.5942,0.8003,0.0205,0.0132,0.0132,0.0137,26.6,0.0,0.0,0.0,0.0,0.0,0.0
1782732397.383,0.0,0.0,0.0,0.5942,0.8003,0.0205,0.0137,0.0142,0.0142,26.6,0.0,0.0,0.0,0.0,0.0,0.0
1782732402.395,0.0,0.0,0.0,0.5942,0.8003,0.0205,0.0132,0.0127,0.0146,26.61,0.0,0.0,0.0,0.0,0.0,0.0
1782732407.402,0.0,0.0,0.0,0.5942,0.8003,0.0205,0.0137,0.0132,0.0151,26.6,0.0,0.0,0.0,0.0,0.0,0.0
1782732412.405,0.0,0.0,0.0,0.5942,0.8003,0.0205,0.0142,0.0137,0.0146,26.61,0.0,0.0,0.0,0.0,0.0,0.0
1782732417.413,0.0,0.0,0.0,0.5942,0.8003,0.0205,0.0137,0.0137,0.0146,26.61,0.0,0.0,0.0,0.0,0.0,0.0
1782732422.423,0.0,0.0,0.0,0.5942,0.8003,0.0205,0.0142,0.0142,0.0146,26.61,0.0,0.0,0.0,0.0,0.0,0.0
1782732427.432,0.0,0.0,0.0,0.5942,0.8003,0.0205,0.0142,0.0137,0.0142,26.61,0.0,0.0,0.0,0.0,0.0,0.0
1782732432.442,0.0,0.0,0.0,0.5942,0.7998,0.0205,0.0142,0.0142,0.0142,26.61,0.0,0.0,0.0,0.0,0.0,0.0
1782732437.449,0.0,0.0,0.0,0.5942,0.7998,0.0205,0.0137,0.0132,0.0132,26.61,0.0,0.0,0.0,0.0,0.0,0.0
1782732442.457,0.0,0.0,0.0,0.5942,0.8003,0.0205,0.0132,0.0132,0.0146,26.61,0.0,0.0,0.0,0.0,0.0,0.0
1782732447.464,0.0,0.0,0.0,0.5942,0.7998,0.0205,0.0132,0.0132,0.0142,26.61,0.0,0.0,0.0,0.0,0.0,0.0
1782732452.468,0.0,0.0,0.0,0.5942,0.7998,0.0205,0.0142,0.0132,0.0156,26.61,0.07,0.08,0.07,97.0,18.8,92.5
1782732457.471,0.0,0.0,0.0,0.5942,0.7998,0.0205,0.0137,0.0137,0.0146,26.61,0.0,0.0,0.0,0.0,0.0,0.0
1782732462.482,0.0,0.0,0.0,0.5942,0.7998,0.0205,0.0137,0.0137,0.0146,26.61,0.06,0.06,0.05,0.0,0.0,57.0
1782732467.49,0.001,0.001,0.001,0.5942,0.7998,0.0205,0.0142,0.0137,0.0137,26.62,0.01,0.01,0.01,0.0,0.0,0.0
1782732472.501,0.0,0.0,0.0,0.5942,0.7998,0.0205,0.0142,0.0132,0.0146,26.62,0.0,0.0,0.0,0.0,0.0,0.0
1782732477.511,0.0,0.0,0.0,0.5942,0.7998,0.0205,0.0146,0.0137,0.0151,26.62,0.0,0.0,0.0,0.0,0.0,0.0
1782732482.517,0.0,0.0,0.0,0.5942,0.7998,0.0205,0.0132,0.0137,0.0137,26.62,0.0,0.0,0.0,0.0,0.0,0.0
1782732487.528,0.0,0.0,0.0,0.5942,0.7998,0.0205,0.0137,0.0137,0.0137,26.62,0.0,0.0,0.0,0.0,0.0,0.0
1782732492.538,0.0,0.0,0.0,0.5947,0.7998,0.0205,0.0142,0.0137,0.0156,26.62,0.0,0.0,0.0,0.0,0.0,0.0
1782732497.546,0.0,0.0,0.0,0.5947,0.7998,0.0205,0.0132,0.0127,0.0142,26.62,0.0,0.0,0.0,0.0,0.0,0.0
1782732502.554,0.0,0.0,0.0,0.5947,0.7998,0.0205,0.0151,0.0142,0.0146,26.62,0.0,0.0,0.0,0.0,0.0,0.0
1782732507.562,0.0,0.0,0.0,0.5947,0.7998,0.0205,0.0142,0.0132,0.0146,26.62,0.0,0.0,0.0,0.0,0.0,0.0
1782732512.568,0.0,0.0,0.0,0.5947,0.7998,0.0205,0.0137,0.0132,0.0142,26.62,0.0,0.0,0.0,0.0,0.0,0.0
1782732517.578,0.0,0.0,0.0,0.5947,0.7998,0.0205,0.0132,0.0142,0.0137,26.63,0.0,0.0,0.0,0.0,0.0,0.0
1782732522.587,0.0,0.0,0.0,0.5947,0.7998,0.0205,0.0137,0.0137,0.0137,26.63,0.0,0.0,0.0,0.0,0.0,0.0
1782732527.595,0.0,0.0,0.0,0.5947,0.7998,0.0205,0.0127,0.0132,0.0142,26.63,0.0,0.0,0.0,0.0,0.0,0.0
1782732532.605,0.0,0.0,0.0,0.5947,0.7998,0.0205,0.0146,0.0142,0.0142,26.63,0.0,0.0,0.0,0.0,0.0,0.0
1782732537.61,0.0,0.0,0.0,0.5947,0.7998,0.0205,0.0132,0.0137,0.0137,26.63,0.0,0.0,0.0,0.0,0.0,0.0
1782732542.619,0.0,0.0,0.0,0.5947,0.7998,0.0205,0.0137,0.0132,0.0151,26.63,0.0,0.0,0.0,0.0,0.0,0.0
1782732547.628,0.0,0.0,0.0,0.5947,0.7998,0.0205,0.0137,0.0127,0.0137,26.63,0.01,0.01,0.01,0.0,0.0,0.0
1782732552.635,0.0,0.0,0.0,0.5942,0.7998,0.0205,0.0142,0.0137,0.0137,26.63,0.02,0.02,0.02,0.0,0.0,0.0
1782732557.641,0.0,0.0,0.0,0.5947,0.7998,0.0205,0.0142,0.0132,0.0146,26.63,0.0,0.0,0.0,0.0,0.0,0.0
1782732562.65,0.0,0.0,0.0,0.5947,0.7998,0.0205,0.0142,0.0137,0.0142,26.63,0.0,0.0,0.0,0.0,0.0,0.0
1782732567.655,0.0,0.0,0.0,0.5947,0.7998,0.0205,0.0142,0.0137,0.0137,26.63,0.0,0.0,0.0,0.0,0.0,0.0
1782732572.661,0.0,0.0,0.0,0.5947,0.7998,0.0205,0.0132,0.0132,0.0151,26.63,0.0,0.0,0.0,0.0,0.0,0.0
1782732577.669,0.0,0.0,0.0,0.5942,0.7998,0.0205,0.0137,0.0137,0.0137,26.64,0.01,0.01,0.0,0.0,0.0,0.0
1782732582.677,0.0,0.0,0.0,0.5942,0.8003,0.0205,0.0142,0.0137,0.0142,26.64,0.0,0.0,0.0,0.0,0.0,0.0
1782732587.688,0.0,0.0,0.0,0.5942,0.8003,0.0205,0.0137,0.0137,0.0137,26.64,0.0,0.0,0.0,0.0,0.0,0.0
1782732592.696,0.0,0.0,0.0,0.5942,0.7998,0.0205,0.0142,0.0137,0.0142,26.64,0.0,0.0,0.0,0.0,0.0,0.0
1782732597.703,0.0,0.0,0.0,0.5942,0.7998,0.0205,0.0142,0.0127,0.0156,26.64,0.0,0.0,0.0,0.0,0.0,0.0
1782732602.714,0.0,0.0,0.0,0.5942,0.7998,0.0205,0.0137,0.0132,0.0137,26.64,0.0,0.0,0.0,0.0,0.0,0.0
1782732607.719,0.0,0.0,0.0,0.5942,0.7998,0.0205,0.0137,0.0132,0.0146,26.65,0.0,0.0,0.0,0.0,0.0,0.0
1782732612.725,0.0,0.0,0.0,0.5942,0.7998,0.0205,0.0132,0.0137,0.0151,26.65,0.0,0.0,0.0,0.0,0.0,0.0
1782732617.735,0.0,0.0,0.0,0.5942,0.7998,0.0205,0.0142,0.0132,0.0137,26.65,0.0,0.0,0.0,0.0,0.0,0.0
1782732622.743,0.0,0.0,0.0,0.5942,0.7998,0.0205,0.0142,0.0137,0.0151,26.65,0.0,0.0,0.0,0.0,0.0,0.0
1782732627.748,0.0,0.0,0.0,0.5942,0.7998,0.0205,0.0132,0.0137,0.0146,26.65,0.0,0.0,0.0,0.0,0.0,0.0
1782732632.754,0.0,0.0,0.0,0.5942,0.7998,0.0205,0.0137,0.0137,0.0137,26.65,0.0,0.0,0.0,0.0,0.0,0.0
1782732637.763,0.0,0.0,0.0,0.5942,0.7998,0.0205,0.0137,0.0127,0.0146,26.65,0.0,0.0,0.0,0.0,0.0,0.0
1782732642.773,0.0,0.0,0.0,0.5942,0.7998,0.0205,0.0137,0.0137,0.0137,26.65,0.0,0.0,0.0,0.0,0.0,0.0
1782732647.784,0.0,0.0,0.0,0.5942,0.7998,0.0205,0.0142,0.0132,0.0142,26.65,0.0,0.0,0.0,0.0,0.0,0.0
1782732652.793,0.0,0.0,0.0,0.5942,0.7998,0.0205,0.0132,0.0137,0.0146,26.65,0.0,0.0,0.0,0.0,0.0,0.0
1782732657.809,0.0,0.0,0.0,0.5947,0.7998,0.0205,0.0142,0.0142,0.0142,26.65,0.0,0.0,0.0,0.0,0.0,0.0
1782732662.819,0.0,0.0,0.0,0.5942,0.7998,0.0205,0.0142,0.0132,0.0142,26.65,0.0,0.0,0.0,0.0,0.0,0.0
1782732667.826,0.0,0.0,0.0,0.5942,0.7998,0.0205,0.0142,0.0132,0.0142,26.65,0.0,0.0,0.0,0.0,0.0,0.0
1782732672.84,0.0,0.0,0.0,0.5942,0.7998,0.0205,0.0137,0.0132,0.0142,26.66,0.0,0.0,0.0,0.0,0.0,0.0
1782732677.849,0.0,0.0,0.0,0.5942,0.7998,0.0205,0.0142,0.0137,0.0142,26.66,0.0,0.0,0.0,0.0,0.0,0.0
1782732682.859,0.0,0.0,0.0,0.5947,0.7998,0.0205,0.0132,0.0142,0.0151,26.66,0.0,0.0,0.0,0.0,0.0,0.0
1782732687.87,0.0,0.0,0.0,0.5947,0.7998,0.0205,0.0137,0.0132,0.0151,26.66,0.0,0.0,0.0,0.0,0.0,0.0
1782732692.877,0.0,0.0,0.0,0.5947,0.7998,0.0205,0.0137,0.0132,0.0146,26.66,0.0,0.0,0.0,0.0,0.0,0.0
1782732697.886,0.0,0.0,0.0,0.5942,0.7998,0.0205,0.0137,0.0132,0.0146,26.65,0.0,0.0,0.0,0.0,0.0,0.0
1782732702.894,0.0,0.0,0.0,0.5942,0.7998,0.0205,0.0137,0.0137,0.0146,26.65,0.0,0.0,0.0,0.0,0.0,0.0
1782732707.903,0.0,0.0,0.0,0.5942,0.7998,0.0205,0.0132,0.0142,0.0151,26.65,0.0,0.0,0.0,0.0,0.0,0.0
1782732712.91,0.0,0.0,0.0,0.5942,0.7998,0.0205,0.0137,0.0132,0.0137,26.65,0.0,0.0,0.0,0.0,0.0,0.0
1782732717.923,0.0,0.0,0.0,0.5942,0.7998,0.0205,0.0137,0.0132,0.0137,26.65,0.0,0.0,0.0,0.0,0.0,0.0
1782732722.934,0.0,0.0,0.0,0.5942,0.7998,0.0205,0.0132,0.0132,0.0146,26.65,0.0,0.0,0.0,0.0,0.0,0.0
1782732727.946,0.0,0.0,0.0,0.5942,0.7998,0.0205,0.0137,0.0137,0.0146,26.65,0.0,0.0,0.0,0.0,0.0,0.0
1782732732.957,0.0,0.0,0.0,0.5942,0.7998,0.0205,0.0132,0.0146,0.0142,26.65,0.0,0.0,0.0,0.0,0.0,0.0
1782732737.965,0.0,0.0,0.0,0.5942,0.7998,0.0205,0.0137,0.0132,0.0146,26.65,0.03,0.03,0.03,0.0,0.0,0.0
1782732742.977,0.0,0.0,0.0,0.5942,0.7998,0.0205,0.0137,0.0137,0.0137,26.65,0.0,0.0,0.0,0.0,0.0,0.0
1782732747.985,0.0,0.0,0.0,0.5947,0.7998,0.0205,0.0142,0.0146,0.0146,26.64,0.0,0.0,0.0,0.0,0.0,0.0
1782732753.0,0.0,0.0,0.0,0.5947,0.7998,0.0205,0.0132,0.0146,0.0142,26.64,0.01,0.01,0.01,78.6,118.6,110.4
1782732758.013,0.0,0.0,0.0,0.5942,0.7998,0.0205,0.0142,0.0132,0.0146,26.64,0.0,0.0,0.0,0.0,0.0,0.0
1782732763.017,0.0,0.0,0.0,0.5942,0.7998,0.0205,0.0146,0.0127,0.0146,26.64,0.0,0.0,0.0,0.0,0.0,0.0
1782732768.028,0.0,0.0,0.0,0.5942,0.7998,0.0205,0.0137,0.0127,0.0142,26.64,0.0,0.0,0.0,0.0,0.0,0.0
1782732773.04,0.0,0.0,0.0,0.5947,0.7998,0.0205,0.0137,0.0137,0.0137,26.64,0.0,0.0,0.0,0.0,0.0,0.0
1782732778.052,0.0,0.0,0.0,0.5947,0.7998,0.0205,0.0132,0.0137,0.0137,26.64,0.0,0.0,0.0,0.0,0.0,0.0
1782732783.062,0.0,0.0,0.0,0.5947,0.7998,0.0205,0.0137,0.0137,0.0142,26.64,0.0,0.0,0.0,0.0,0.0,0.0
1782732788.073,0.0,0.0,0.0,0.5947,0.7998,0.0205,0.0137,0.0137,0.0132,26.64,0.0,0.0,0.0,0.0,0.0,0.0
1782732793.082,0.0,0.0,0.0,0.5947,0.7998,0.0205,0.0137,0.0132,0.0132,26.64,0.0,0.0,0.0,0.0,0.0,0.0
1782732798.095,0.0,0.0,0.0,0.5947,0.7998,0.0205,0.0137,0.0137,0.0142,26.63,0.0,0.0,0.0,0.0,0.0,0.0
1782732803.109,0.0,0.0,0.0,0.5947,0.7998,0.0205,0.0142,0.0137,0.0142,26.63,0.0,0.0,0.0,0.0,0.0,0.0
1782732808.118,0.0,0.0,0.0,0.5947,0.7998,0.0205,0.0137,0.0132,0.0137,26.63,0.0,0.0,0.0,0.0,0.0,0.0
1782732813.13,0.0,0.0,0.0,0.5942,0.7998,0.0205,0.0132,0.0132,0.0137,26.63,0.0,0.0,0.0,0.0,0.0,0.0
1782732818.143,0.0,0.0,0.0,0.5942,0.7998,0.0205,0.0142,0.0132,0.0137,26.63,0.0,0.0,0.0,0.0,0.0,0.0
1782732823.155,0.0,0.0,0.0,0.5942,0.7998,0.0205,0.0137,0.0142,0.0146,26.63,0.0,0.0,0.0,0.0,0.0,0.0
1782732828.169,0.0,0.0,0.0,0.5942,0.7998,0.0205,0.0132,0.0137,0.0137,26.63,0.0,0.0,0.0,0.0,0.0,0.0
1782732833.18,0.0,0.0,0.0,0.5942,0.7998,0.0205,0.0132,0.0132,0.0142,26.63,0.0,0.0,0.0,0.0,0.0,0.0
1782732838.191,0.0,0.0,0.0,0.5942,0.7998,0.0205,0.0137,0.0137,0.0137,26.62,0.0,0.0,0.0,0.0,0.0,0.0
1782732843.202,0.0,0.0,0.0,0.5942,0.7998,0.0205,0.0142,0.0137,0.0142,26.63,0.0,0.0,0.0,0.0,0.0,0.0
1782732848.215,0.0,0.0,0.0,0.5947,0.7998,0.0205,0.0132,0.0132,0.0142,26.63,0.0,0.0,0.0,0.0,0.0,0.0
1782732853.227,0.0,0.0,0.0,0.5947,0.7998,0.0205,0.0137,0.0137,0.0137,26.63,0.0,0.0,0.0,0.0,0.0,0.0
1782732858.238,0.0,0.0,0.0,0.5947,0.7998,0.0205,0.0132,0.0137,0.0142,26.63,0.0,0.0,0.0,0.0,0.0,0.0
1782732863.247,0.0,0.0,0.0,0.5947,0.7998,0.0205,0.0137,0.0132,0.0146,26.62,0.0,0.0,0.0,0.0,0.0,0.0
1782732868.256,0.0,0.0,0.0,0.5947,0.7998,0.0205,0.0137,0.0137,0.0142,26.62,0.0,0.0,0.0,0.0,0.0,0.0
1782732873.271,0.0,0.0,0.0,0.5947,0.7998,0.0205,0.0132,0.0142,0.0146,26.62,0.01,0.01,0.01,0.0,0.0,0.0
1782732878.277,0.0,0.0,0.0,0.5947,0.7998,0.0205,0.0132,0.0127,0.0142,26.62,0.0,0.0,0.0,0.0,0.0,0.0
1782732883.288,0.0,0.0,0.0,0.5947,0.7998,0.0205,0.0137,0.0137,0.0146,26.62,0.0,0.0,0.0,0.0,0.0,0.0
1782732888.301,0.0,0.0,0.0,0.5942,0.7998,0.0205,0.0132,0.0142,0.0142,26.62,0.0,0.0,0.0,0.0,0.0,0.0
1782732893.312,0.0,0.0,0.0,0.5942,0.7998,0.0205,0.0132,0.0137,0.0142,26.61,0.0,0.0,0.0,0.0,0.0,0.0
1782732898.321,0.0,0.0,0.0,0.5947,0.7998,0.0205,0.0132,0.0137,0.0137,26.61,0.0,0.0,0.0,0.0,0.0,0.0
1782732903.328,0.0,0.0,0.0,0.5942,0.7998,0.0205,0.0132,0.0132,0.0146,26.61,0.0,0.0,0.0,0.0,0.0,0.0
1782732908.338,0.0,0.0,0.0,0.5942,0.8003,0.0205,0.0137,0.0132,0.0146,26.61,0.0,0.0,0.0,0.0,0.0,0.0
1782732913.348,0.0,0.0,0.0,0.5942,0.8003,0.0205,0.0137,0.0127,0.0132,26.6,0.0,0.0,0.0,0.0,0.0,0.0
1782732918.355,0.0,0.0,0.0,0.5942,0.7998,0.0205,0.0132,0.0137,0.0146,26.6,0.0,0.0,0.0,0.0,0.0,0.0
1782732923.365,0.0,0.0,0.0,0.5942,0.7998,0.0205,0.0137,0.0146,0.0142,26.6,0.01,0.01,0.01,0.0,0.0,0.0
1782732928.375,0.0,0.0,0.0,0.5942,0.7998,0.0205,0.0142,0.0137,0.0137,26.6,0.0,0.0,0.0,0.0,0.0,0.0
1782732933.383,0.0,0.0,0.0,0.5942,0.7998,0.021,0.0142,0.0142,0.0146,26.6,0.0,0.0,0.0,0.0,0.0,0.0
1782732938.392,0.0,0.0,0.0,0.5947,0.7998,0.021,0.0181,0.0186,0.0161,26.59,0.01,0.01,0.01,0.0,0.0,0.0
1782732943.402,0.0,0.0,0.0,0.5942,0.8003,0.021,0.0137,0.0127,0.0137,26.59,0.0,0.0,0.0,0.0,0.0,0.0
1782732948.406,0.0,0.0,0.0,0.5942,0.7998,0.021,0.0142,0.0137,0.0137,26.59,0.0,0.0,0.0,0.0,0.0,0.0
1782732953.415,0.0,0.0,0.0,0.5942,0.8003,0.021,0.0137,0.0132,0.0142,26.59,0.0,0.0,0.0,0.0,0.0,0.0
1782732958.426,0.0,0.0,0.0,0.5942,0.8003,0.021,0.0132,0.0132,0.0142,26.59,0.0,0.0,0.0,0.0,0.0,0.0
1782732963.435,0.0,0.0,0.0,0.5942,0.8003,0.021,0.0137,0.0127,0.0137,26.59,0.0,0.0,0.0,0.0,0.0,0.0
1782732968.444,0.0,0.0,0.0,0.5942,0.8003,0.021,0.0137,0.0132,0.0151,26.58,0.0,0.0,0.0,0.0,0.0,0.0
1782732973.452,0.0,0.0,0.0,0.5947,0.8003,0.021,0.0137,0.0137,0.0137,26.58,0.0,0.0,0.0,0.0,0.0,0.0
1782732978.463,0.0,0.0,0.0,0.5947,0.8003,0.021,0.0137,0.0137,0.0146,26.58,0.0,0.0,0.0,0.0,0.0,0.0
1782732983.477,0.0,0.0,0.0,0.5947,0.8003,0.021,0.0151,0.0127,0.0151,26.58,0.0,0.0,0.0,0.0,0.0,0.0
1782732988.488,0.0,0.0,0.0,0.5942,0.8003,0.021,0.0142,0.0137,0.0137,26.58,0.0,0.0,0.0,0.0,0.0,0.0
1782732993.497,0.0,0.0,0.0,0.5942,0.7998,0.021,0.0142,0.0137,0.0146,26.57,0.0,0.0,0.0,0.0,0.0,0.0
1782732998.509,0.0,0.0,0.0,0.5942,0.7998,0.021,0.0137,0.0132,0.0127,26.57,0.0,0.0,0.0,0.0,0.0,0.0
1782733003.518,0.0,0.0,0.0,0.5942,0.8003,0.021,0.0132,0.0142,0.0146,26.57,0.0,0.0,0.0,0.0,0.0,0.0
1782733008.53,0.0,0.0,0.0,0.5942,0.8003,0.021,0.0132,0.0132,0.0127,26.57,0.0,0.0,0.0,0.0,0.0,0.0
1782733013.546,0.0,0.0,0.0,0.5942,0.7998,0.021,0.0142,0.0127,0.0132,26.57,0.01,0.01,0.01,0.0,0.0,0.0
1782733018.555,0.0,0.0,0.0,0.5942,0.8003,0.021,0.0132,0.0132,0.0132,26.56,0.0,0.0,0.0,0.0,0.0,0.0
1782733023.564,0.0,0.0,0.0,0.5942,0.8003,0.021,0.0137,0.0137,0.0142,26.56,0.0,0.0,0.0,0.0,0.0,0.0
1782733028.579,0.0,0.0,0.0,0.5942,0.8003,0.021,0.0132,0.0137,0.0132,26.56,0.0,0.0,0.0,0.0,0.0,0.0
1782733033.591,0.0,0.0,0.0,0.5942,0.8003,0.021,0.0132,0.0132,0.0142,26.56,0.0,0.0,0.0,0.0,0.0,0.0
1782733038.602,0.0,0.0,0.0,0.5942,0.8003,0.021,0.0132,0.0132,0.0142,26.56,0.0,0.0,0.0,0.0,0.0,0.0
1782733043.61,0.0,0.0,0.0,0.5942,0.8003,0.021,0.0132,0.0132,0.0142,26.55,0.0,0.0,0.0,0.0,0.0,0.0
1782733048.619,0.0,0.0,0.0,0.5942,0.8003,0.021,0.0132,0.0132,0.0132,26.55,0.0,0.0,0.0,0.0,0.0,0.0
1782733053.632,0.0,0.0,0.0,0.5942,0.8003,0.021,0.0137,0.0137,0.0146,26.55,0.0,0.0,0.0,0.0,0.0,0.0
1782733058.646,0.0,0.0,0.0,0.5942,0.8003,0.021,0.0132,0.0127,0.0146,26.54,0.0,0.0,0.0,0.0,0.0,0.0
1782733063.656,0.0,0.0,0.0,0.5942,0.8003,0.021,0.0137,0.0132,0.0146,26.54,0.0,0.0,0.0,0.0,0.0,0.0
1782733068.668,0.0,0.0,0.0,0.5942,0.8003,0.021,0.0137,0.0132,0.0151,26.54,0.0,0.0,0.0,0.0,0.0,0.0
1782733073.68,0.0,0.0,0.0,0.5942,0.8003,0.021,0.0137,0.0137,0.0142,26.54,0.0,0.0,0.0,0.0,0.0,0.0
1782733078.693,0.0,0.0,0.0,0.5942,0.8003,0.021,0.0132,0.0142,0.0146,26.54,0.0,0.0,0.0,0.0,0.0,0.0
1782733083.706,0.0,0.0,0.0,0.5942,0.8003,0.021,0.0142,0.0132,0.0137,26.54,0.0,0.0,0.0,0.0,0.0,0.0
1782733088.716,0.0,0.0,0.0,0.5942,0.8003,0.021,0.0132,0.0132,0.0137,26.53,0.0,0.0,0.0,0.0,0.0,0.0
1782733093.726,0.0,0.0,0.0,0.5942,0.8003,0.021,0.0137,0.0137,0.0142,26.53,0.0,0.0,0.0,0.0,0.0,0.0
1782733098.74,0.0,0.0,0.0,0.5942,0.8003,0.021,0.0137,0.0132,0.0142,26.53,0.0,0.0,0.0,0.0,0.0,0.0
1782733103.75,0.0,0.0,0.0,0.5942,0.8003,0.021,0.0132,0.0132,0.0137,26.53,0.01,0.01,0.01,0.0,0.0,0.0
1782733108.764,0.0,0.0,0.0,0.5942,0.8003,0.021,0.0137,0.0146,0.0132,26.53,0.04,0.04,0.03,0.0,0.0,0.0
1782733113.775,0.0,0.0,0.0,0.5942,0.8003,0.021,0.0132,0.0142,0.0137,26.52,0.0,0.0,0.0,0.0,0.0,0.0
1782733118.786,0.0,0.0,0.0,0.5942,0.8003,0.021,0.0137,0.0132,0.0142,26.52,0.0,0.0,0.0,0.0,0.0,0.0
1782733123.794,0.0,0.0,0.0,0.5942,0.8003,0.021,0.0127,0.0132,0.0137,26.52,0.0,0.0,0.0,0.0,0.0,0.0
1782733128.808,0.0,0.0,0.0,0.5942,0.8003,0.021,0.0137,0.0132,0.0132,26.52,0.0,0.0,0.0,0.0,0.0,0.0
1782733133.819,0.0,0.0,0.0,0.5942,0.8003,0.021,0.0137,0.0137,0.0151,26.52,0.02,0.02,0.02,117.1,6.6,77.4
1782733138.83,0.0,0.0,0.0,0.5942,0.8003,0.021,0.0142,0.0137,0.0137,26.51,0.0,0.0,0.0,0.0,0.0,0.0
1782733143.84,0.0,0.0,0.0,0.5942,0.8003,0.021,0.0132,0.0137,0.0146,26.51,0.0,0.0,0.0,0.0,0.0,0.0
1782733148.851,0.0,0.0,0.0,0.5942,0.8003,0.021,0.0132,0.0132,0.0142,26.51,0.0,0.0,0.0,0.0,0.0,0.0
1782733153.865,0.0,0.0,0.0,0.5942,0.8003,0.021,0.0132,0.0137,0.0142,26.51,0.0,0.0,0.0,0.0,0.0,0.0
1782733158.872,0.0,0.0,0.0,0.5942,0.8003,0.021,0.0142,0.0146,0.0146,26.51,0.0,0.0,0.0,0.0,0.0,0.0
1782733163.881,0.0,0.0,0.0,0.5942,0.8003,0.021,0.0142,0.0132,0.0156,26.51,0.0,0.0,0.0,0.0,0.0,0.0
1782733168.892,0.0,0.0,0.0,0.5942,0.8003,0.021,0.0142,0.0132,0.0156,26.51,0.0,0.0,0.0,0.0,0.0,0.0
1782733173.904,0.0,0.0,0.0,0.5942,0.8003,0.021,0.0132,0.0142,0.0142,26.51,0.0,0.0,0.0,0.0,0.0,0.0
1782733178.916,0.0,0.0,0.0,0.5942,0.8003,0.021,0.0137,0.0146,0.0137,26.51,0.0,0.0,0.0,0.0,0.0,0.0
1782733183.929,0.0,0.0,0.0,0.5942,0.8003,0.021,0.0132,0.0127,0.0142,26.5,0.0,0.0,0.0,0.0,0.0,0.0
1782733188.939,0.0,0.0,0.0,0.5942,0.8003,0.021,0.0132,0.0132,0.0137,26.5,0.0,0.0,0.0,0.0,0.0,0.0
1782733193.948,0.0,0.0,0.0,0.5947,0.8003,0.021,0.0142,0.0137,0.0142,26.5,0.0,0.0,0.0,0.0,0.0,0.0
1782733198.961,0.0,0.0,0.0,0.5947,0.8003,0.021,0.0132,0.0132,0.0142,26.51,0.0,0.0,0.0,0.0,0.0,0.0
1782733203.969,0.0,0.0,0.0,0.5947,0.8003,0.021,0.0146,0.0132,0.0137,26.5,0.0,0.0,0.0,0.0,0.0,0.0
1782733208.975,0.0,0.0,0.0,0.5942,0.8003,0.021,0.0142,0.0137,0.0146,26.51,0.0,0.0,0.0,0.0,0.0,0.0
1782733213.983,0.0,0.0,0.0,0.5942,0.8003,0.021,0.0132,0.0137,0.0137,26.51,0.0,0.0,0.0,0.0,0.0,0.0
1782733218.991,0.0,0.0,0.0,0.5942,0.8003,0.021,0.0127,0.0132,0.0137,26.5,0.0,0.0,0.0,0.0,0.0,0.0
1782733224.002,0.0,0.0,0.0,0.5942,0.8003,0.021,0.0137,0.0132,0.0137,26.51,0.0,0.0,0.0,0.0,0.0,0.0
1782733229.006,0.0,0.0,0.0,0.5942,0.8003,0.021,0.0137,0.0137,0.0142,26.51,0.0,0.0,0.0,0.0,0.0,0.0
1782733234.013,0.0,0.0,0.0,0.5942,0.8003,0.021,0.0142,0.0137,0.0137,26.51,0.0,0.0,0.0,0.0,0.0,0.0
1782733239.017,0.0,0.0,0.0,0.5942,0.8003,0.021,0.0137,0.0132,0.0137,26.51,0.0,0.0,0.0,0.0,0.0,0.0
1782733244.024,0.0,0.0,0.0,0.5942,0.8003,0.021,0.0142,0.0137,0.0137,26.51,0.0,0.0,0.0,0.0,0.0,0.0
1782733249.034,0.0,0.0,0.0,0.5942,0.8003,0.021,0.0146,0.0132,0.0132,26.51,0.0,0.0,0.0,0.0,0.0,0.0
1782733254.042,0.0,0.0,0.0,0.5942,0.8003,0.021,0.0137,0.0132,0.0142,26.51,0.0,0.0,0.0,0.0,0.0,0.0
1782733259.047,0.0,0.0,0.0,0.5942,0.8003,0.021,0.0142,0.0137,0.0137,26.51,0.0,0.0,0.0,0.0,0.0,0.0
1782733264.052,0.0,0.0,0.0,0.5942,0.8003,0.021,0.0142,0.0137,0.0151,26.51,0.0,0.0,0.0,0.0,0.0,0.0
1782733269.064,0.0,0.0,0.0,0.5942,0.8003,0.021,0.0142,0.0137,0.0137,26.51,0.0,0.0,0.0,0.0,0.0,0.0
1782733274.071,0.0,0.0,0.0,0.5942,0.8003,0.021,0.0146,0.0132,0.0137,26.51,0.0,0.0,0.0,0.0,0.0,0.0
1782733279.076,0.0,0.0,0.0,0.5942,0.8003,0.021,0.0151,0.0142,0.0137,26.52,0.0,0.0,0.0,0.0,0.0,0.0
1782733284.083,0.0,0.0,0.0,0.5942,0.8003,0.021,0.0132,0.0137,0.0142,26.51,0.0,0.0,0.0,0.0,0.0,0.0
1782733289.088,0.0,0.0,0.0,0.5942,0.8003,0.021,0.0137,0.0137,0.0151,26.52,0.0,0.0,0.0,0.0,0.0,0.0
1782733294.095,0.0,0.0,0.0,0.5947,0.8003,0.021,0.0137,0.0137,0.0137,26.52,0.0,0.0,0.0,0.0,0.0,0.0
1782733299.104,0.0,0.0,0.0,0.5947,0.8003,0.021,0.0146,0.0137,0.0142,26.52,0.02,0.02,0.02,0.0,0.0,0.0
1782733304.112,0.0,0.0,0.0,0.5942,0.8003,0.021,0.0137,0.0142,0.0137,26.52,0.0,0.0,0.0,0.0,0.0,0.0
1782733309.121,0.0,0.0,0.0,0.5942,0.8003,0.021,0.0142,0.0137,0.0137,26.52,0.0,0.0,0.0,0.0,0.0,0.0
1782733314.128,0.0,0.0,0.0,0.5942,0.8003,0.021,0.0142,0.0132,0.0151,26.52,0.07,0.07,0.07,44.1,120.3,55.0
1782733319.136,0.001,0.001,0.001,0.5942,0.8003,0.021,0.0132,0.0142,0.0146,26.52,0.12,0.13,0.12,70.2,0.9,17.8
1782733324.145,0.0,0.0,0.0,0.5942,0.8003,0.021,0.0137,0.0137,0.0146,26.52,0.0,0.0,0.0,0.0,0.0,0.0
1782733329.155,0.0,0.0,0.0,0.5942,0.8003,0.021,0.0137,0.0127,0.0137,26.52,0.0,0.0,0.0,0.0,0.0,0.0
1782733334.165,0.0,0.0,0.0,0.5942,0.8003,0.021,0.0137,0.0127,0.0142,26.52,0.0,0.0,0.0,0.0,0.0,0.0
1782733339.174,0.0,0.0,0.0,0.5942,0.8003,0.021,0.0137,0.0146,0.0151,26.53,0.0,0.0,0.0,0.0,0.0,0.0
1782733344.18,0.0,0.0,0.0,0.5942,0.8003,0.021,0.0137,0.0137,0.0142,26.53,0.0,0.0,0.0,0.0,0.0,0.0
1782733349.188,0.0,0.0,0.0,0.5947,0.8003,0.021,0.0132,0.0132,0.0132,26.53,0.0,0.0,0.0,0.0,0.0,0.0
1782733354.198,0.0,0.0,0.0,0.5947,0.8003,0.021,0.0146,0.0137,0.0137,26.53,0.0,0.0,0.0,0.0,0.0,0.0
1782733359.205,0.0,0.0,0.0,0.5947,0.8003,0.021,0.0142,0.0127,0.0137,26.53,0.0,0.0,0.0,0.0,0.0,0.0
1782733364.213,0.0,0.0,0.0,0.5947,0.8003,0.021,0.0132,0.0137,0.0146,26.53,0.0,0.0,0.0,0.0,0.0,0.0
1782733369.22,0.0,0.0,0.0,0.5947,0.8003,0.021,0.0137,0.0142,0.0132,26.53,0.0,0.0,0.0,0.0,0.0,0.0
1782733374.229,0.0,0.0,0.0,0.5947,0.8003,0.021,0.0137,0.0122,0.0142,26.53,0.0,0.0,0.0,0.0,0.0,0.0
1782733379.24,0.0,0.0,0.0,0.5947,0.8003,0.021,0.0142,0.0132,0.0146,26.54,0.0,0.0,0.0,0.0,0.0,0.0
1782733384.25,0.0,0.0,0.0,0.5947,0.8003,0.021,0.0137,0.0137,0.0137,26.54,0.0,0.0,0.0,0.0,0.0,0.0
1782733389.259,0.0,0.0,0.0,0.5947,0.8003,0.021,0.0137,0.0137,0.0137,26.54,0.0,0.0,0.0,0.0,0.0,0.0
1782733394.264,0.0,0.0,0.0,0.5947,0.8003,0.021,0.0142,0.0137,0.0132,26.54,0.0,0.0,0.0,0.0,0.0,0.0
1782733399.273,0.0,0.0,0.0,0.5947,0.8003,0.021,0.0142,0.0137,0.0151,26.54,0.0,0.0,0.0,0.0,0.0,0.0
1782733404.281,0.0,0.0,0.0,0.5942,0.8003,0.021,0.0137,0.0132,0.0146,26.54,0.02,0.02,0.01,0.0,0.0,0.0
1782733409.293,0.0,0.0,0.0,0.5942,0.7998,0.021,0.0132,0.0132,0.0137,26.55,0.0,0.0,0.0,0.0,0.0,0.0
1782733414.298,0.0,0.0,0.0,0.5942,0.7998,0.021,0.0132,0.0137,0.0137,26.55,0.0,0.0,0.0,0.0,0.0,0.0
1782733419.304,0.0,0.0,0.0,0.5942,0.7998,0.021,0.0142,0.0137,0.0137,26.55,0.0,0.0,0.0,0.0,0.0,0.0
1782733424.314,0.0,0.0,0.0,0.5942,0.7998,0.021,0.0142,0.0142,0.0137,26.55,0.0,0.0,0.0,0.0,0.0,0.0
1782733429.322,0.0,0.0,0.0,0.5942,0.7998,0.021,0.0137,0.0137,0.0151,26.55,0.0,0.0,0.0,0.0,0.0,0.0
1782733434.336,0.0,0.0,0.0,0.5942,0.7998,0.021,0.0132,0.0142,0.0137,26.55,0.0,0.0,0.0,0.0,0.0,0.0
1782733439.344,0.0,0.0,0.0,0.5942,0.7998,0.0205,0.0137,0.0142,0.0137,26.55,0.0,0.0,0.0,0.0,0.0,0.0
1782733444.354,0.0,0.0,0.0,0.5942,0.8003,0.0205,0.0132,0.0137,0.0142,26.56,0.0,0.0,0.0,0.0,0.0,0.0
1782733449.364,0.0,0.0,0.0,0.5942,0.7998,0.0205,0.0142,0.0132,0.0137,26.56,0.0,0.0,0.0,0.0,0.0,0.0
1782733454.37,0.0,0.0,0.0,0.5942,0.7998,0.0205,0.0137,0.0137,0.0137,26.56,0.0,0.0,0.0,0.0,0.0,0.0
1782733459.383,0.0,0.0,0.0,0.5942,0.7998,0.0205,0.0142,0.0127,0.0142,26.56,0.0,0.0,0.0,0.0,0.0,0.0
1782733464.392,0.0,0.0,0.0,0.5942,0.7998,0.0205,0.0137,0.0132,0.0137,26.56,0.02,0.02,0.02,0.0,0.0,0.0
1782733469.404,0.0,0.0,0.0,0.5942,0.7998,0.0205,0.0137,0.0132,0.0142,26.57,0.02,0.02,0.02,0.0,0.0,0.0
1782733474.415,0.0,0.0,0.0,0.5942,0.7998,0.0205,0.0127,0.0132,0.0142,26.57,0.02,0.02,0.02,0.0,0.0,0.0
1782733479.429,0.0,0.0,0.0,0.5947,0.7998,0.0205,0.0137,0.0132,0.0151,26.57,0.0,0.0,0.0,0.0,0.0,0.0
1782733484.439,0.0,0.0,0.0,0.5942,0.7998,0.0205,0.0156,0.0146,0.0146,26.57,0.0,0.0,0.0,0.0,0.0,0.0
1782733489.45,0.0,0.0,0.0,0.5947,0.7998,0.0205,0.0137,0.0137,0.0142,26.57,0.0,0.0,0.0,0.0,0.0,0.0
1782733494.465,0.0,0.0,0.0,0.5947,0.7998,0.0205,0.0137,0.0137,0.0146,26.58,0.0,0.0,0.0,0.0,0.0,0.0
1782733499.475,0.0,0.0,0.0,0.5947,0.7998,0.0205,0.0137,0.0132,0.0137,26.58,0.0,0.0,0.0,0.0,0.0,0.0
1782733504.486,0.0,0.0,0.0,0.5947,0.7998,0.0205,0.0142,0.0127,0.0146,26.58,0.0,0.0,0.0,0.0,0.0,0.0
1782733509.494,0.0,0.0,0.0,0.5947,0.7998,0.0205,0.0132,0.0137,0.0156,26.58,0.0,0.0,0.0,41.6,17.1,72.6
1782733514.504,0.0,0.0,0.0,0.5947,0.7998,0.0205,0.0137,0.0137,0.0137,26.58,0.0,0.0,0.0,0.0,0.0,0.0
1782733519.516,0.0,0.0,0.0,0.5942,0.7998,0.0205,0.0137,0.0137,0.0142,26.59,0.0,0.0,0.0,0.0,0.0,0.0
1782733524.527,0.0,0.0,0.0,0.5942,0.7998,0.0205,0.0137,0.0137,0.0137,26.59,0.0,0.0,0.0,0.0,0.0,0.0
1782733529.538,0.0,0.0,0.0,0.5942,0.7998,0.0205,0.0137,0.0132,0.0146,26.59,0.0,0.0,0.0,0.0,0.0,0.0
1782733534.546,0.0,0.0,0.0,0.5942,0.7998,0.0205,0.0137,0.0132,0.0142,26.59,0.0,0.0,0.0,0.0,0.0,0.0
1782733539.557,0.0,0.0,0.0,0.5942,0.7998,0.0205,0.0132,0.0137,0.0132,26.6,0.0,0.0,0.0,0.0,0.0,0.0
1782733544.568,0.0,0.0,0.0,0.5942,0.7998,0.0205,0.0142,0.0137,0.0142,26.6,0.0,0.0,0.0,0.0,0.0,0.0
1782733549.576,0.0,0.0,0.0,0.5947,0.7998,0.0205,0.0146,0.0132,0.0146,26.6,0.0,0.0,0.0,0.0,0.0,0.0
1782733554.587,0.0,0.0,0.0,0.5942,0.7998,0.0205,0.0132,0.0137,0.0142,26.6,0.0,0.0,0.0,0.0,0.0,0.0
1782733559.596,0.0,0.0,0.0,0.5947,0.7998,0.0205,0.0146,0.0132,0.0142,26.6,0.0,0.0,0.0,0.0,0.0,0.0
1782733564.608,0.0,0.0,0.0,0.5947,0.7998,0.0205,0.0137,0.0137,0.0142,26.6,0.0,0.0,0.0,0.0,0.0,0.0
1782733569.619,0.0,0.0,0.0,0.5947,0.7998,0.0205,0.0132,0.0132,0.0132,26.6,0.0,0.0,0.0,0.0,0.0,0.0
1782733574.628,0.0,0.0,0.0,0.5947,0.7998,0.0205,0.0132,0.0127,0.0142,26.6,0.01,0.01,0.01,0.0,0.0,0.0
1782733579.64,0.0,0.0,0.0,0.5947,0.7998,0.0205,0.0127,0.0132,0.0137,26.6,0.0,0.0,0.0,0.0,0.0,0.0
1782733584.652,0.0,0.0,0.0,0.5947,0.7998,0.0205,0.0142,0.0137,0.0137,26.6,0.0,0.0,0.0,0.0,0.0,0.0
1782733589.66,0.0,0.0,0.0,0.5942,0.7998,0.0205,0.0137,0.0142,0.0137,26.6,0.0,0.0,0.0,0.0,0.0,0.0
1782733594.674,0.0,0.0,0.0,0.5942,0.7998,0.0205,0.0137,0.0132,0.0132,26.6,0.0,0.0,0.0,0.0,0.0,0.0
1782733599.682,0.0,0.0,0.0,0.5942,0.7998,0.0205,0.0132,0.0137,0.0137,26.61,0.0,0.0,0.0,0.0,0.0,0.0
1782733604.688,0.0,0.0,0.0,0.5947,0.7998,0.0205,0.0137,0.0137,0.0137,26.61,0.0,0.0,0.0,0.0,0.0,0.0
1782733609.696,0.0,0.0,0.0,0.5947,0.7998,0.0205,0.0132,0.0132,0.0151,26.61,0.0,0.0,0.0,0.0,0.0,0.0
1782733614.704,0.0,0.0,0.0,0.5947,0.7998,0.0205,0.0137,0.0137,0.0137,26.61,0.0,0.0,0.0,0.0,0.0,0.0
1782733619.716,0.0,0.0,0.0,0.5947,0.7998,0.0205,0.0142,0.0142,0.0142,26.61,0.05,0.06,0.05,0.0,0.0,0.0
1782733624.728,0.0,0.0,0.0,0.5947,0.7998,0.0205,0.0137,0.0137,0.0161,26.61,0.0,0.0,0.0,0.0,0.0,0.0
1782733629.74,0.0,0.0,0.0,0.5947,0.7998,0.0205,0.0142,0.0137,0.0146,26.61,0.0,0.0,0.0,0.0,0.0,0.0
1782733634.75,0.0,0.0,0.0,0.5947,0.7998,0.0205,0.0142,0.0132,0.0146,26.61,0.0,0.0,0.0,0.0,0.0,0.0
1782733639.756,0.0,0.0,0.0,0.5947,0.7998,0.0205,0.0142,0.0132,0.0142,26.61,0.0,0.0,0.0,0.0,0.0,0.0
1782733644.764,0.0,0.0,0.0,0.5947,0.7998,0.0205,0.0142,0.0137,0.0132,26.61,0.0,0.0,0.0,0.0,0.0,0.0
1782733649.776,0.0,0.0,0.0,0.5947,0.7998,0.0205,0.0137,0.0146,0.0137,26.61,0.0,0.0,0.0,0.0,0.0,0.0
1782733654.785,0.0,0.0,0.0,0.5947,0.8003,0.0205,0.0137,0.0137,0.0137,26.61,0.0,0.0,0.0,0.0,0.0,0.0
1782733659.797,0.0,0.0,0.0,0.5947,0.8003,0.0205,0.0137,0.0137,0.0146,26.61,0.0,0.0,0.0,0.0,0.0,0.0
1782733664.81,0.0,0.0,0.0,0.5947,0.7998,0.0205,0.0142,0.0137,0.0142,26.61,0.13,0.13,0.12,0.0,0.0,0.0
1782733669.822,0.0,0.0,0.0,0.5947,0.8003,0.0205,0.0137,0.0137,0.0137,26.61,0.0,0.0,0.0,0.0,0.0,0.0
1782733674.83,0.0,0.0,0.0,0.5947,0.7998,0.0205,0.0137,0.0132,0.0142,26.6,0.0,0.0,0.0,0.0,0.0,0.0
1782733679.842,0.0,0.0,0.0,0.5947,0.7998,0.0205,0.0142,0.0137,0.0146,26.61,0.0,0.0,0.0,0.0,0.0,0.0
1782733684.854,0.0,0.0,0.0,0.5947,0.7998,0.0205,0.0137,0.0137,0.0146,26.61,0.0,0.0,0.0,0.0,0.0,0.0
1782733689.866,0.0,0.0,0.0,0.5947,0.8003,0.0205,0.0142,0.0132,0.0132,26.6,0.0,0.0,0.0,0.0,0.0,0.0
1782733694.875,0.0,0.0,0.0,0.5947,0.8003,0.0205,0.0137,0.0132,0.0146,26.61,0.0,0.0,0.0,0.0,0.0,0.0
1782733699.885,0.0,0.0,0.0,0.5947,0.8003,0.0205,0.0132,0.0127,0.0142,26.61,0.0,0.0,0.0,0.0,0.0,0.0
1782733704.892,0.0,0.0,0.0,0.5947,0.8003,0.0205,0.0146,0.0137,0.0142,26.61,0.0,0.0,0.0,0.0,0.0,0.0
1782733709.9,0.0,0.0,0.0,0.5947,0.8003,0.0205,0.0142,0.0132,0.0132,26.61,0.0,0.0,0.0,0.0,0.0,0.0
1782733714.911,0.0,0.0,0.0,0.5947,0.7998,0.0205,0.0137,0.0132,0.0142,26.61,0.0,0.0,0.0,0.0,0.0,0.0
1782733719.924,0.0,0.0,0.0,0.5947,0.7998,0.0205,0.0146,0.0142,0.0151,26.61,0.0,0.0,0.0,0.0,0.0,0.0
1782733724.932,0.0,0.0,0.0,0.5947,0.7998,0.0205,0.0132,0.0132,0.0146,26.61,0.0,0.0,0.0,0.0,0.0,0.0
1782733729.94,0.0,0.0,0.0,0.5947,0.8003,0.0205,0.0137,0.0137,0.0151,26.61,0.0,0.0,0.0,0.0,0.0,0.0
1782733734.949,0.0,0.0,0.0,0.5947,0.7998,0.0205,0.0137,0.0142,0.0142,26.61,0.0,0.0,0.0,0.0,0.0,0.0
1782733739.959,0.0,0.0,0.0,0.5947,0.7998,0.0205,0.0137,0.0127,0.0137,26.61,0.0,0.0,0.0,0.0,0.0,0.0
1782733744.968,0.0,0.0,0.0,0.5947,0.7998,0.0205,0.0137,0.0132,0.0142,26.6,0.0,0.0,0.0,0.0,0.0,0.0
1782733749.979,0.0,0.0,0.0,0.5947,0.7998,0.0205,0.0132,0.0132,0.0146,26.6,0.0,0.0,0.0,0.0,0.0,0.0
1782733754.986,0.0,0.0,0.0,0.5947,0.7998,0.0205,0.0137,0.0137,0.0146,26.6,0.0,0.0,0.0,0.0,0.0,0.0
1782733759.993,0.0,0.0,0.0,0.5942,0.7998,0.0205,0.0137,0.0137,0.0137,26.6,0.0,0.0,0.0,0.0,0.0,0.0
1782733764.998,0.0,0.0,0.0,0.5942,0.7998,0.0205,0.0146,0.0137,0.0146,26.6,0.0,0.0,0.0,0.0,0.0,0.0
1782733770.007,0.0,0.0,0.0,0.5942,0.8003,0.0205,0.0137,0.0142,0.0137,26.6,0.0,0.0,0.0,0.0,0.0,0.0
1782733775.012,0.0,0.0,0.0,0.5942,0.8003,0.0205,0.0132,0.0127,0.0146,26.6,0.01,0.01,0.01,0.0,0.0,0.0
1782733780.021,0.0,0.0,0.0,0.5942,0.8003,0.0205,0.0137,0.0132,0.0142,26.6,0.0,0.0,0.0,0.0,0.0,0.0
1782733785.027,0.0,0.0,0.0,0.5942,0.8003,0.0205,0.0142,0.0137,0.0146,26.6,0.0,0.0,0.0,0.0,0.0,0.0
1782733790.034,0.0,0.0,0.0,0.5942,0.8003,0.0205,0.0137,0.0132,0.0137,26.6,0.0,0.0,0.0,0.0,0.0,0.0
1782733795.044,0.0,0.0,0.0,0.5942,0.8003,0.0205,0.0142,0.0137,0.0151,26.6,0.0,0.0,0.0,0.0,0.0,0.0
1782733800.051,0.0,0.0,0.0,0.5947,0.8003,0.0205,0.0137,0.0142,0.0142,26.6,0.0,0.0,0.0,0.0,0.0,0.0
1782733805.06,0.0,0.0,0.0,0.5947,0.7998,0.0205,0.0142,0.0142,0.0151,26.6,0.0,0.0,0.0,0.0,0.0,0.0
1782733810.07,0.0,0.0,0.0,0.5947,0.8003,0.021,0.0137,0.0137,0.0142,26.6,0.0,0.0,0.0,0.0,0.0,0.0
1782733815.079,0.0,0.0,0.0,0.5947,0.8003,0.021,0.0137,0.0137,0.0151,26.6,0.0,0.0,0.0,0.0,0.0,0.0
1782733820.088,0.0,0.0,0.0,0.5947,0.8003,0.0205,0.0137,0.0132,0.0142,26.6,0.0,0.0,0.0,0.0,0.0,0.0
1782733825.096,0.0,0.0,0.0,0.5947,0.8003,0.021,0.0142,0.0142,0.0137,26.6,0.0,0.0,0.0,0.0,0.0,0.0
1782733830.103,0.0,0.0,0.0,0.5947,0.8003,0.021,0.0146,0.0132,0.0132,26.6,0.0,0.0,0.0,0.0,0.0,0.0
1782733835.111,0.005,0.005,0.005,0.5947,0.8003,0.0205,0.0142,0.0142,0.0151,26.6,0.44,0.48,0.41,0.0,0.0,0.0
1782733840.12,0.0,0.0,0.0,0.5947,0.8003,0.0205,0.0205,0.022,0.0186,26.59,0.0,0.0,0.0,0.0,0.0,0.0
1782733845.129,0.0,0.0,0.0,0.5947,0.8003,0.0205,0.0137,0.0142,0.0142,26.59,0.0,0.0,0.0,0.0,0.0,0.0
1782733850.136,0.0,0.0,0.0,0.5947,0.8003,0.0205,0.0137,0.0137,0.0146,26.59,0.0,0.0,0.0,0.0,0.0,0.0
1782733855.141,0.0,0.0,0.0,0.5947,0.8003,0.021,0.0132,0.0137,0.0137,26.59,0.0,0.0,0.0,0.0,0.0,0.0
1782733860.148,0.0,0.0,0.0,0.5947,0.7998,0.021,0.0137,0.0137,0.0146,26.59,0.0,0.0,0.0,0.0,0.0,0.0
1782733865.154,0.0,0.0,0.0,0.5947,0.7998,0.0205,0.0137,0.0137,0.0146,26.58,0.0,0.0,0.0,0.0,0.0,0.0
1782733870.163,0.0,0.0,0.0,0.5942,0.7998,0.021,0.0132,0.0137,0.0146,26.58,0.01,0.01,0.01,0.0,0.0,0.0
1782733875.172,0.0,0.0,0.0,0.5947,0.7998,0.021,0.0137,0.0142,0.0137,26.58,0.0,0.0,0.0,0.0,0.0,0.0
1782733880.182,0.0,0.0,0.0,0.5947,0.7998,0.021,0.0142,0.0142,0.0146,26.58,0.0,0.0,0.0,0.0,0.0,0.0
1782733885.191,0.0,0.0,0.0,0.5947,0.8003,0.021,0.0171,0.0181,0.0176,26.58,0.1,0.1,0.09,18.3,39.2,38.4
1782733890.2,0.0,0.0,0.0,0.5942,0.8003,0.021,0.0132,0.0137,0.0137,26.57,0.0,0.0,0.0,0.0,0.0,0.0
1782733895.209,0.0,0.0,0.0,0.5947,0.7998,0.021,0.0132,0.0132,0.0137,26.57,0.0,0.0,0.0,0.0,0.0,0.0
1782733900.219,0.0,0.0,0.0,0.5947,0.8003,0.021,0.0142,0.0132,0.0132,26.57,0.0,0.0,0.0,0.0,0.0,0.0
1782733905.229,0.0,0.0,0.0,0.5947,0.8003,0.021,0.0132,0.0137,0.0137,26.57,0.0,0.0,0.0,0.0,0.0,0.0
1782733910.236,0.0,0.0,0.0,0.5947,0.8003,0.021,0.0142,0.0142,0.0142,26.57,0.0,0.0,0.0,0.0,0.0,0.0
1782733915.245,0.0,0.0,0.0,0.5942,0.8003,0.021,0.0137,0.0137,0.0146,26.57,0.0,0.0,0.0,0.0,0.0,0.0
1782733920.255,0.0,0.0,0.0,0.5947,0.7998,0.021,0.0127,0.0137,0.0146,26.56,0.0,0.0,0.0,0.0,0.0,0.0
1782733925.264,0.0,0.0,0.0,0.5942,0.8003,0.021,0.0142,0.0132,0.0142,26.56,0.0,0.0,0.0,0.0,0.0,0.0
1782733930.274,0.0,0.0,0.0,0.5942,0.8003,0.021,0.0146,0.0142,0.0146,26.56,0.0,0.0,0.0,0.0,0.0,0.0
1782733935.28,0.0,0.0,0.0,0.5947,0.7998,0.021,0.0137,0.0132,0.0142,26.56,0.0,0.0,0.0,0.0,0.0,0.0
1782733940.284,0.0,0.0,0.0,0.5947,0.8003,0.021,0.0142,0.0142,0.0142,26.56,0.0,0.0,0.0,0.0,0.0,0.0
1782733945.293,0.0,0.0,0.0,0.5942,0.8003,0.021,0.0142,0.0132,0.0146,26.56,0.0,0.0,0.0,0.0,0.0,0.0
1782733950.3,0.0,0.0,0.0,0.5947,0.8003,0.021,0.0137,0.0142,0.0137,26.55,0.0,0.0,0.0,0.0,0.0,0.0
1782733955.309,0.0,0.0,0.0,0.5947,0.8003,0.021,0.0132,0.0132,0.0137,26.55,0.0,0.0,0.0,0.0,0.0,0.0
1782733960.319,0.0,0.0,0.0,0.5947,0.8003,0.021,0.0137,0.0137,0.0146,26.55,0.0,0.0,0.0,0.0,0.0,0.0
1782733965.328,0.0,0.0,0.0,0.5947,0.8003,0.021,0.0132,0.0137,0.0151,26.55,0.01,0.01,0.01,0.0,0.0,0.0
1782733970.336,0.0,0.0,0.0,0.5947,0.8003,0.021,0.0132,0.0132,0.0132,26.55,0.0,0.0,0.0,0.0,0.0,0.0
1782733975.345,0.0,0.0,0.0,0.5947,0.8003,0.021,0.0142,0.0137,0.0146,26.55,0.05,0.05,0.05,28.7,117.1,20.3
1782733980.353,0.0,0.0,0.0,0.5947,0.8003,0.021,0.0142,0.0137,0.0146,26.55,0.0,0.0,0.0,0.0,0.0,0.0
1782733985.361,0.0,0.0,0.0,0.5947,0.8003,0.021,0.0137,0.0137,0.0146,26.55,0.0,0.0,0.0,0.0,0.0,0.0
1782733990.372,0.0,0.0,0.0,0.5942,0.8003,0.021,0.0137,0.0132,0.0142,26.55,0.0,0.0,0.0,0.0,0.0,0.0
1782733995.384,0.0,0.0,0.0,0.5942,0.8003,0.021,0.0146,0.0146,0.0146,26.55,0.0,0.0,0.0,0.0,0.0,0.0
1782734000.395,0.0,0.0,0.0,0.5947,0.8003,0.021,0.0146,0.0146,0.0142,26.55,0.0,0.0,0.0,0.0,0.0,0.0
1782734005.407,0.0,0.0,0.0,0.5947,0.8003,0.021,0.0142,0.0142,0.0146,26.55,0.0,0.0,0.0,0.0,0.0,0.0
1782734010.419,0.0,0.0,0.0,0.5947,0.8003,0.021,0.0137,0.0137,0.0142,26.55,0.0,0.0,0.0,0.0,0.0,0.0
1782734015.43,0.0,0.0,0.0,0.5947,0.8003,0.021,0.0132,0.0137,0.0146,26.55,0.0,0.0,0.0,0.0,0.0,0.0
1782734020.44,0.0,0.0,0.0,0.5947,0.8003,0.021,0.0132,0.0132,0.0142,26.54,0.0,0.0,0.0,0.0,0.0,0.0
1782734025.452,0.0,0.0,0.0,0.5947,0.8003,0.021,0.0137,0.0127,0.0146,26.54,0.0,0.0,0.0,0.0,0.0,0.0
1782734030.467,0.0,0.0,0.0,0.5942,0.8003,0.021,0.0137,0.0137,0.0142,26.54,0.0,0.0,0.0,0.0,0.0,0.0
1782734035.48,0.0,0.0,0.0,0.5947,0.8003,0.021,0.0142,0.0132,0.0137,26.54,0.0,0.0,0.0,0.0,0.0,0.0
1782734040.492,0.0,0.0,0.0,0.5947,0.8003,0.021,0.0142,0.0137,0.0142,26.54,0.0,0.0,0.0,0.0,0.0,0.0
1782734045.502,0.0,0.0,0.0,0.5947,0.8003,0.021,0.0142,0.0142,0.0142,26.54,0.01,0.01,0.01,0.0,0.0,0.0
1782734050.513,0.0,0.0,0.0,0.5947,0.8003,0.021,0.0137,0.0142,0.0142,26.54,0.0,0.0,0.0,0.0,0.0,0.0
1782734055.525,0.0,0.0,0.0,0.5947,0.8003,0.021,0.0137,0.0132,0.0142,26.54,0.0,0.0,0.0,0.0,0.0,0.0
1782734060.535,0.0,0.0,0.0,0.5947,0.8003,0.021,0.0137,0.0132,0.0137,26.54,0.0,0.0,0.0,0.0,0.0,0.0
1782734065.548,0.0,0.0,0.0,0.5947,0.8003,0.021,0.0137,0.0142,0.0142,26.54,0.0,0.0,0.0,0.0,0.0,0.0
1782734070.56,0.0,0.0,0.0,0.5947,0.8003,0.021,0.0146,0.0137,0.0142,26.54,0.0,0.0,0.0,0.0,0.0,0.0
1782734075.573,0.0,0.0,0.0,0.5947,0.8003,0.021,0.0142,0.0127,0.0137,26.54,0.0,0.0,0.0,0.0,0.0,0.0
1782734080.584,0.0,0.0,0.0,0.5947,0.8003,0.021,0.0142,0.0142,0.0151,26.54,0.0,0.0,0.0,0.0,0.0,0.0
1782734085.596,0.0,0.0,0.0,0.5947,0.7998,0.021,0.0137,0.0137,0.0142,26.54,0.0,0.0,0.0,0.0,0.0,0.0
1782734090.607,0.0,0.0,0.0,0.5947,0.7998,0.021,0.0127,0.0142,0.0142,26.54,0.0,0.0,0.0,0.0,0.0,0.0
1782734095.62,0.0,0.0,0.0,0.5947,0.7998,0.021,0.0137,0.0137,0.0142,26.54,0.0,0.0,0.0,0.0,0.0,0.0
1782734100.628,0.0,0.0,0.0,0.5947,0.8003,0.021,0.0132,0.0137,0.0151,26.54,0.0,0.0,0.0,0.0,0.0,0.0
1782734105.64,0.0,0.0,0.0,0.5942,0.8003,0.021,0.0137,0.0137,0.0142,26.54,0.0,0.0,0.0,0.0,0.0,0.0
1782734110.652,0.0,0.0,0.0,0.5947,0.8003,0.021,0.0132,0.0132,0.0142,26.53,0.0,0.0,0.0,0.0,0.0,0.0
1782734115.662,0.0,0.0,0.0,0.5947,0.8003,0.021,0.0132,0.0142,0.0142,26.53,0.0,0.0,0.0,0.0,0.0,0.0
1782734120.675,0.0,0.0,0.0,0.5947,0.8003,0.021,0.0132,0.0137,0.0146,26.54,0.0,0.0,0.0,0.0,0.0,0.0
1782734125.688,0.0,0.0,0.0,0.5947,0.8003,0.021,0.0132,0.0142,0.0142,26.54,0.0,0.0,0.0,0.0,0.0,0.0
1782734130.697,0.0,0.0,0.0,0.5947,0.8003,0.021,0.0132,0.0142,0.0142,26.54,0.0,0.0,0.0,0.0,0.0,0.0
1782734135.71,0.0,0.0,0.0,0.5947,0.8003,0.021,0.0132,0.0137,0.0132,26.54,0.0,0.0,0.0,0.0,0.0,0.0
1782734140.72,0.0,0.0,0.0,0.5942,0.8003,0.021,0.0142,0.0132,0.0137,26.54,0.0,0.0,0.0,0.0,0.0,0.0
1782734145.727,0.0,0.0,0.0,0.5942,0.8003,0.021,0.0137,0.0137,0.0137,26.54,0.0,0.0,0.0,0.0,0.0,0.0
1782734150.736,0.0,0.0,0.0,0.5942,0.8003,0.021,0.0142,0.0137,0.0142,26.54,0.0,0.0,0.0,0.0,0.0,0.0
1782734155.745,0.0,0.0,0.0,0.5942,0.8003,0.021,0.0132,0.0137,0.0137,26.54,0.01,0.01,0.01,0.0,0.0,0.0
1782734160.756,0.0,0.0,0.0,0.5942,0.8003,0.021,0.0137,0.0132,0.0142,26.54,0.0,0.0,0.0,0.0,0.0,0.0
1782734165.769,0.0,0.0,0.0,0.5942,0.8003,0.021,0.0137,0.0132,0.0137,26.54,0.0,0.0,0.0,0.0,0.0,0.0
1782734170.78,0.0,0.0,0.0,0.5942,0.8003,0.021,0.0137,0.0127,0.0146,26.54,0.0,0.0,0.0,0.0,0.0,0.0
1782734175.791,0.0,0.0,0.0,0.5942,0.7998,0.021,0.0132,0.0137,0.0146,26.55,0.0,0.0,0.0,0.0,0.0,0.0
1782734180.8,0.0,0.0,0.0,0.5942,0.7998,0.021,0.0142,0.0146,0.0137,26.55,0.0,0.0,0.0,0.0,0.0,0.0
1782734185.812,0.0,0.0,0.0,0.5947,0.7998,0.021,0.0137,0.0142,0.0142,26.55,0.0,0.0,0.0,0.0,0.0,0.0
1782734190.824,0.0,0.0,0.0,0.5942,0.7998,0.021,0.0132,0.0132,0.0142,26.55,0.0,0.0,0.0,0.0,0.0,0.0
1782734195.836,0.0,0.0,0.0,0.5947,0.7998,0.021,0.0132,0.0132,0.0142,26.55,0.01,0.01,0.0,0.0,0.0,0.0
1782734200.846,0.0,0.0,0.0,0.5942,0.7998,0.021,0.0132,0.0137,0.0137,26.55,0.0,0.0,0.0,0.0,0.0,0.0
1782734205.857,0.0,0.0,0.0,0.5942,0.7998,0.021,0.0137,0.0132,0.0142,26.55,0.0,0.0,0.0,0.0,0.0,0.0
1782734210.87,0.0,0.0,0.0,0.5942,0.7998,0.021,0.0137,0.0132,0.0142,26.55,0.0,0.0,0.0,0.0,0.0,0.0
1782734215.881,0.0,0.0,0.0,0.5942,0.7998,0.021,0.0127,0.0146,0.0146,26.55,0.0,0.0,0.0,0.0,0.0,0.0
1782734220.891,0.0,0.0,0.0,0.5942,0.7998,0.021,0.0137,0.0127,0.0137,26.55,0.0,0.0,0.0,0.0,0.0,0.0
1782734225.902,0.0,0.0,0.0,0.5942,0.7998,0.021,0.0137,0.0137,0.0151,26.55,0.0,0.0,0.0,0.0,0.0,0.0
1782734230.911,0.0,0.0,0.0,0.5942,0.7998,0.021,0.0137,0.0127,0.0137,26.55,0.0,0.0,0.0,0.0,0.0,0.0
1782734235.927,0.0,0.0,0.0,0.5942,0.7998,0.021,0.0137,0.0132,0.0151,26.56,0.0,0.0,0.0,0.0,0.0,0.0
1782734240.939,0.0,0.0,0.0,0.5942,0.7998,0.021,0.0137,0.0137,0.0137,26.56,0.0,0.0,0.0,0.0,0.0,0.0
1782734245.949,0.0,0.0,0.0,0.5942,0.8003,0.021,0.0132,0.0137,0.0142,26.56,0.0,0.0,0.0,0.0,0.0,0.0
1782734250.962,0.0,0.0,0.0,0.5942,0.7998,0.021,0.0137,0.0137,0.0137,26.56,0.0,0.0,0.0,0.0,0.0,0.0
1782734255.972,0.0,0.0,0.0,0.5942,0.7998,0.021,0.0142,0.0137,0.0142,26.56,0.0,0.0,0.0,0.0,0.0,0.0
1782734260.985,0.0,0.0,0.0,0.5942,0.7998,0.021,0.0137,0.0132,0.0151,26.56,0.0,0.0,0.0,0.0,0.0,0.0
1782734265.997,0.0,0.0,0.0,0.5942,0.8003,0.021,0.0142,0.0142,0.0132,26.56,0.0,0.0,0.0,0.0,0.0,0.0
1782734271.006,0.0,0.0,0.0,0.5942,0.8003,0.021,0.0127,0.0132,0.0142,26.56,0.0,0.0,0.0,0.0,0.0,0.0
1782734276.016,0.0,0.0,0.0,0.5942,0.8003,0.021,0.0137,0.0142,0.0146,26.56,0.0,0.0,0.0,0.0,0.0,0.0
1782734281.026,0.0,0.0,0.0,0.5942,0.8003,0.021,0.0137,0.0127,0.0137,26.56,0.0,0.0,0.0,0.0,0.0,0.0
1782734286.036,0.0,0.0,0.0,0.5942,0.8003,0.021,0.0142,0.0137,0.0142,26.56,0.0,0.0,0.0,0.0,0.0,0.0
1782734291.051,0.0,0.0,0.0,0.5942,0.8003,0.021,0.0137,0.0132,0.0142,26.57,0.02,0.02,0.02,0.0,0.0,0.0
1782734296.059,0.0,0.0,0.0,0.5942,0.8003,0.021,0.0137,0.0137,0.0142,26.57,0.0,0.0,0.0,0.0,0.0,0.0
1782734301.069,0.0,0.0,0.0,0.5942,0.8003,0.021,0.0146,0.0137,0.0146,26.57,0.0,0.0,0.0,0.0,0.0,0.0
1782734306.082,0.0,0.0,0.0,0.5942,0.8003,0.021,0.0132,0.0132,0.0156,26.57,0.0,0.0,0.0,0.0,0.0,0.0
1782734311.09,0.0,0.0,0.0,0.5942,0.8003,0.021,0.0142,0.0142,0.0137,26.57,0.0,0.0,0.0,0.0,0.0,0.0
1782734316.101,0.0,0.0,0.0,0.5942,0.8003,0.021,0.0142,0.0132,0.0146,26.57,0.07,0.07,0.06,0.0,0.0,0.0
1782734321.11,0.0,0.0,0.0,0.5947,0.8003,0.0205,0.0132,0.0132,0.0142,26.57,0.06,0.07,0.06,0.0,0.0,0.0
1782734326.12,0.0,0.0,0.0,0.5947,0.8003,0.0205,0.0132,0.0122,0.0137,26.57,0.03,0.03,0.03,0.0,0.0,0.0
1782734331.131,0.0,0.0,0.0,0.5947,0.8003,0.0205,0.0142,0.0132,0.0142,26.58,0.0,0.0,0.0,0.0,0.0,0.0
1782734336.145,0.0,0.0,0.0,0.5947,0.7998,0.0205,0.0142,0.0132,0.0137,26.58,0.0,0.0,0.0,0.0,0.0,0.0
1782734341.156,0.0,0.0,0.0,0.5947,0.7998,0.0205,0.0142,0.0137,0.0151,26.58,0.03,0.03,0.03,29.7,124.0,107.9
1782734346.168,0.0,0.0,0.0,0.5947,0.8003,0.0205,0.0137,0.0137,0.0146,26.59,0.01,0.01,0.01,24.8,79.8,91.5
1782734351.179,0.0,0.0,0.0,0.5947,0.8003,0.0205,0.0132,0.0132,0.0146,26.59,0.0,0.0,0.0,0.0,0.0,0.0
1782734356.188,0.0,0.0,0.0,0.5947,0.8003,0.0205,0.0142,0.0142,0.0142,26.59,0.0,0.0,0.0,0.0,0.0,0.0
1782734361.2,0.0,0.0,0.0,0.5947,0.8003,0.0205,0.0137,0.0142,0.0142,26.59,0.0,0.0,0.0,0.0,0.0,0.0
1782734366.21,0.0,0.0,0.0,0.5942,0.8003,0.0205,0.0137,0.0137,0.0146,26.59,0.0,0.0,0.0,0.0,0.0,0.0
1782734371.22,0.0,0.0,0.0,0.5942,0.8003,0.0205,0.0142,0.0127,0.0151,26.59,0.01,0.01,0.01,0.0,0.0,0.0
1782734376.233,0.0,0.0,0.0,0.5942,0.8003,0.0205,0.0137,0.0132,0.0132,26.6,0.0,0.0,0.0,0.0,0.0,0.0
1782734381.244,0.0,0.0,0.0,0.5942,0.8003,0.0205,0.0142,0.0132,0.0142,26.6,0.0,0.0,0.0,0.0,0.0,0.0
1782734386.254,0.0,0.0,0.0,0.5947,0.8003,0.0205,0.0142,0.0137,0.0142,26.6,0.0,0.0,0.0,0.0,0.0,0.0
1782734391.266,0.0,0.0,0.0,0.5947,0.8003,0.0205,0.0137,0.0142,0.0137,26.6,0.0,0.0,0.0,0.0,0.0,0.0
1782734396.277,0.0,0.0,0.0,0.5947,0.8003,0.0205,0.0142,0.0132,0.0142,26.61,0.0,0.0,0.0,0.0,0.0,0.0
1782734401.288,0.0,0.0,0.0,0.5942,0.7998,0.0205,0.0142,0.0132,0.0142,26.6,0.0,0.0,0.0,0.0,0.0,0.0
1782734406.299,0.0,0.0,0.0,0.5942,0.7998,0.0205,0.0142,0.0132,0.0137,26.61,0.0,0.0,0.0,0.0,0.0,0.0
1782734411.309,0.0,0.0,0.0,0.5947,0.7998,0.0205,0.0137,0.0137,0.0142,26.61,0.03,0.03,0.03,0.0,0.0,0.0
1782734416.32,0.0,0.0,0.0,0.5947,0.7998,0.0205,0.0137,0.0146,0.0132,26.61,0.0,0.0,0.0,0.0,0.0,0.0
1782734421.33,0.0,0.0,0.0,0.5947,0.7998,0.0205,0.0142,0.0132,0.0142,26.61,0.0,0.0,0.0,0.0,0.0,0.0
1782734426.343,0.0,0.0,0.0,0.5947,0.7998,0.0205,0.0142,0.0132,0.0142,26.61,0.0,0.0,0.0,0.0,0.0,0.0
1782734431.353,0.0,0.0,0.0,0.5947,0.7998,0.0205,0.0132,0.0137,0.0142,26.61,0.0,0.0,0.0,0.0,0.0,0.0
1782734436.365,0.0,0.0,0.0,0.5947,0.7998,0.0205,0.0146,0.0137,0.0142,26.61,0.0,0.0,0.0,0.0,0.0,0.0
1782734441.375,0.0,0.0,0.0,0.5942,0.7998,0.0205,0.0137,0.0132,0.0137,26.61,0.0,0.0,0.0,0.0,0.0,0.0
1782734446.387,0.0,0.0,0.0,0.5942,0.7998,0.0205,0.0142,0.0146,0.0137,26.61,0.0,0.0,0.0,0.0,0.0,0.0
1782734451.392,0.0,0.0,0.0,0.5942,0.8003,0.0205,0.0137,0.0127,0.0142,26.62,0.0,0.0,0.0,0.0,0.0,0.0
1782734456.397,0.0,0.0,0.0,0.5942,0.8003,0.0205,0.0137,0.0132,0.0142,26.62,0.0,0.0,0.0,0.0,0.0,0.0
1782734461.406,0.0,0.0,0.0,0.5942,0.8003,0.0205,0.0137,0.0137,0.0146,26.62,0.0,0.0,0.0,0.0,0.0,0.0
1782734466.417,0.0,0.0,0.0,0.5942,0.7998,0.0205,0.0137,0.0137,0.0127,26.62,0.0,0.0,0.0,0.0,0.0,0.0
1782734471.428,0.0,0.0,0.0,0.5947,0.8003,0.0205,0.0137,0.0132,0.0137,26.62,0.0,0.0,0.0,0.0,0.0,0.0
1782734476.439,0.0,0.0,0.0,0.5942,0.8003,0.0205,0.0146,0.0137,0.0142,26.62,0.0,0.0,0.0,0.0,0.0,0.0
1782734481.446,0.0,0.0,0.0,0.5947,0.8003,0.0205,0.0142,0.0132,0.0146,26.62,0.0,0.0,0.0,0.0,0.0,0.0
1782734486.455,0.0,0.0,0.0,0.5947,0.7998,0.0205,0.0142,0.0132,0.0132,26.63,0.0,0.0,0.0,0.0,0.0,0.0
1782734491.467,0.0,0.0,0.0,0.5942,0.7998,0.0205,0.0132,0.0137,0.0137,26.62,0.0,0.0,0.0,0.0,0.0,0.0
1782734496.476,0.0,0.0,0.0,0.5947,0.7998,0.0205,0.0137,0.0142,0.0142,26.63,0.0,0.0,0.0,0.0,0.0,0.0
1782734501.482,0.0,0.0,0.0,0.5947,0.8003,0.0205,0.0142,0.0137,0.0146,26.63,0.09,0.1,0.09,0.0,0.0,0.0
1782734506.495,0.0,0.0,0.0,0.5947,0.8003,0.0205,0.0137,0.0137,0.0142,26.63,0.0,0.0,0.0,0.0,0.0,0.0
1782734511.504,0.0,0.0,0.0,0.5947,0.8003,0.0205,0.0132,0.0132,0.0142,26.63,0.0,0.0,0.0,0.0,0.0,0.0
1782734516.517,0.0,0.0,0.0,0.5947,0.8003,0.0205,0.0137,0.0132,0.0142,26.63,0.0,0.0,0.0,0.0,0.0,0.0
1782734521.526,0.013,0.013,0.012,0.5947,0.8003,0.0205,0.0151,0.0127,0.0137,26.63,0.68,0.69,0.64,7.9,122.5,106.1
1782734526.536,0.0,0.0,0.0,0.5947,0.8003,0.0205,0.0127,0.0132,0.0142,26.63,0.0,0.0,0.0,0.0,0.0,0.0
1782734531.548,0.0,0.0,0.0,0.5947,0.8003,0.0205,0.0142,0.0137,0.0137,26.63,0.0,0.0,0.0,0.0,0.0,0.0
1782734536.559,0.0,0.0,0.0,0.5947,0.8003,0.0205,0.0132,0.0137,0.0151,26.63,0.0,0.0,0.0,0.0,0.0,0.0
1782734541.573,0.0,0.0,0.0,0.5947,0.8003,0.0205,0.0142,0.0142,0.0142,26.63,0.0,0.0,0.0,0.0,0.0,0.0
1782734546.588,0.0,0.0,0.0,0.5947,0.8003,0.0205,0.0137,0.0137,0.0151,26.63,0.0,0.0,0.0,0.0,0.0,0.0
1782734551.601,0.0,0.0,0.0,0.5947,0.8003,0.0205,0.0137,0.0137,0.0146,26.62,0.0,0.0,0.0,0.0,0.0,0.0
1782734556.611,0.0,0.0,0.0,0.5947,0.8003,0.0205,0.0137,0.0142,0.0146,26.62,0.0,0.0,0.0,0.0,0.0,0.0
1782734561.624,0.0,0.0,0.0,0.5947,0.8003,0.0205,0.0137,0.0137,0.0142,26.62,0.0,0.0,0.0,0.0,0.0,0.0
1782734566.631,0.0,0.0,0.0,0.5947,0.8003,0.0205,0.0142,0.0142,0.0142,26.62,0.0,0.0,0.0,0.0,0.0,0.0
1782734571.641,0.001,0.001,0.001,0.5947,0.7998,0.0205,0.0132,0.0137,0.0146,26.63,0.19,0.19,0.18,0.0,0.0,0.0
1782734576.656,0.0,0.0,0.0,0.5947,0.7998,0.0205,0.0137,0.0142,0.0146,26.63,0.0,0.0,0.0,0.0,0.0,0.0
1782734581.665,0.0,0.0,0.0,0.5947,0.7998,0.0205,0.0137,0.0137,0.0142,26.62,0.0,0.0,0.0,0.0,0.0,0.0
1782734586.676,0.0,0.0,0.0,0.5942,0.7998,0.0205,0.0137,0.0137,0.0146,26.63,0.0,0.0,0.0,0.0,0.0,0.0
1782734591.691,0.0,0.0,0.0,0.5942,0.7998,0.0205,0.0146,0.0137,0.0146,26.63,0.06,0.06,0.06,0.0,0.0,0.0
1782734596.7,0.0,0.0,0.0,0.5942,0.7998,0.0205,0.0137,0.0132,0.0142,26.63,0.0,0.0,0.0,0.0,0.0,0.0
1782734601.712,0.0,0.0,0.0,0.5942,0.7998,0.0205,0.0142,0.0132,0.0146,26.63,0.0,0.0,0.0,0.0,0.0,0.0
1782734606.724,0.0,0.0,0.0,0.5942,0.7998,0.0205,0.0132,0.0132,0.0146,26.63,0.0,0.0,0.0,0.0,0.0,0.0
1782734611.735,0.0,0.0,0.0,0.5947,0.7998,0.0205,0.0137,0.0137,0.0142,26.63,0.0,0.0,0.0,0.0,0.0,0.0
1782734616.747,0.0,0.0,0.0,0.5947,0.7998,0.0205,0.0142,0.0146,0.0146,26.63,0.0,0.0,0.0,0.0,0.0,0.0
1782734621.754,0.0,0.0,0.0,0.5947,0.7998,0.0205,0.0137,0.0137,0.0146,26.63,0.02,0.02,0.02,0.0,0.0,0.0
1782734626.761,0.0,0.0,0.0,0.5942,0.7998,0.0225,0.0142,0.0146,0.0137,26.63,0.01,0.01,0.01,0.0,0.0,0.0
1782734631.775,0.0,0.0,0.0,0.5947,0.7998,0.0225,0.0146,0.0142,0.0146,26.63,0.0,0.0,0.0,0.0,0.0,0.0
1782734636.788,0.002,0.002,0.002,0.5947,0.7998,0.0225,0.0142,0.0142,0.0146,26.63,0.07,0.07,0.06,0.0,0.0,0.0
1782734641.799,0.0,0.0,0.0,0.5947,0.7998,0.0225,0.0137,0.0146,0.0132,26.63,0.0,0.0,0.0,0.0,0.0,0.0
1782734646.813,0.0,0.0,0.0,0.5942,0.8003,0.0225,0.0151,0.0142,0.0142,26.63,0.0,0.0,0.0,0.0,0.0,0.0
1782734651.823,0.0,0.0,0.0,0.5938,0.8008,0.022,0.0146,0.0142,0.0137,26.62,0.0,0.0,0.0,0.0,0.0,0.0
1782734656.835,0.0,0.0,0.0,0.5933,0.8013,0.0215,0.0161,0.0181,0.0142,26.63,0.0,0.0,0.0,0.0,0.0,0.0
1782734661.849,0.0,0.0,0.0,0.5928,0.8013,0.021,0.0142,0.0142,0.0142,26.62,0.0,0.0,0.0,0.0,0.0,0.0
1782734666.86,0.0,0.0,0.0,0.5928,0.8013,0.021,0.0137,0.0151,0.0146,26.62,0.0,0.0,0.0,0.0,0.0,0.0
1782734671.868,0.0,0.0,0.0,0.5923,0.8018,0.021,0.0137,0.0137,0.0151,26.62,0.0,0.0,0.0,0.0,0.0,0.0
1782734676.882,0.0,0.0,0.0,0.5923,0.8018,0.0205,0.0132,0.0132,0.0142,26.62,0.0,0.0,0.0,0.0,0.0,0.0
1782734681.892,0.0,0.0,0.0,0.5923,0.8018,0.0205,0.0137,0.0137,0.0142,26.62,0.0,0.0,0.0,0.0,0.0,0.0
1782734686.905,0.0,0.0,0.0,0.5923,0.8018,0.0205,0.0142,0.0127,0.0142,26.61,0.0,0.0,0.0,0.0,0.0,0.0
1782734691.918,0.0,0.0,0.0,0.5923,0.8018,0.0205,0.0142,0.0142,0.0132,26.61,0.0,0.0,0.0,0.0,0.0,0.0
1782734696.925,0.027,0.028,0.024,0.5923,0.8018,0.0205,0.0151,0.0146,0.0151,26.61,0.99,1.03,0.89,30.5,5.2,5.2
1782734701.936,0.023,0.024,0.022,0.5923,0.8018,0.0205,0.0146,0.0146,0.0146,26.61,0.77,0.81,0.74,0.0,0.0,0.0
1782734706.947,0.039,0.04,0.036,0.5923,0.8018,0.0205,0.0142,0.0156,0.0137,26.61,1.23,1.27,1.12,4.9,4.9,5.2
1782734711.955,0.06,0.064,0.058,0.5923,0.8018,0.0205,0.0142,0.0146,0.0156,26.6,1.9,2.04,1.85,5.2,5.2,5.2
1782734716.967,0.056,0.058,0.053,0.5923,0.8018,0.0205,0.0151,0.0146,0.0151,26.6,1.87,1.94,1.75,5.4,5.4,5.2
1782734721.973,0.04,0.042,0.038,0.5923,0.8018,0.0205,0.0146,0.0151,0.0146,26.6,1.35,1.43,1.3,5.2,5.2,84.3
1782734726.984,0.047,0.05,0.044,0.5923,0.8018,0.0205,0.0151,0.0156,0.0142,26.6,1.62,1.73,1.51,0.0,0.0,0.0
1782734732.0,0.001,0.001,0.001,0.5923,0.8018,0.021,0.0142,0.0146,0.0142,26.6,0.04,0.04,0.04,0.0,0.0,0.0
1782734737.011,0.0,0.0,0.0,0.5923,0.8018,0.021,0.0142,0.0146,0.0146,26.6,0.0,0.0,0.0,0.0,0.0,0.0
1782734742.02,0.0,0.0,0.0,0.5923,0.8018,0.021,0.0142,0.0142,0.0146,26.6,0.0,0.0,0.0,0.0,0.0,0.0
1782734747.028,0.0,0.0,0.0,0.5923,0.8018,0.0205,0.0137,0.0146,0.0151,26.6,0.0,0.0,0.0,0.0,0.0,0.0
1782734752.039,0.0,0.0,0.0,0.5923,0.8018,0.0205,0.0137,0.0142,0.0142,26.6,0.0,0.0,0.0,0.0,0.0,0.0
1782734757.053,0.0,0.0,0.0,0.5923,0.8018,0.0205,0.0142,0.0142,0.0151,26.6,0.0,0.0,0.0,0.0,0.0,0.0
1782734762.066,0.0,0.0,0.0,0.5923,0.8018,0.0205,0.0132,0.0142,0.0142,26.6,0.0,0.0,0.0,0.0,0.0,0.0
1782734767.076,0.0,0.0,0.0,0.5923,0.8018,0.0205,0.0151,0.0142,0.0151,26.6,0.0,0.0,0.0,0.0,0.0,0.0
1782734772.086,0.0,0.0,0.0,0.5923,0.8018,0.0205,0.0142,0.0146,0.0142,26.6,0.04,0.05,0.04,0.0,0.0,0.0
1782734777.1,0.0,0.0,0.0,0.5923,0.8018,0.0205,0.0142,0.0146,0.0146,26.6,0.0,0.0,0.0,0.0,0.0,0.0
1782734782.112,0.006,0.006,0.006,0.5923,0.8018,0.0205,0.0146,0.0142,0.0146,26.6,0.38,0.39,0.37,0.0,0.0,0.0
1782734787.124,0.016,0.016,0.015,0.5923,0.8018,0.0205,0.0151,0.0142,0.0142,26.6,0.91,0.91,0.86,8.6,68.9,8.6
1782734792.134,0.006,0.006,0.006,0.5918,0.8018,0.0205,0.0142,0.0151,0.0146,26.6,0.42,0.42,0.4,8.6,8.6,63.5
1782734797.145,0.0,0.0,0.0,0.5918,0.8018,0.0205,0.0142,0.0142,0.0142,26.6,0.0,0.0,0.0,0.0,0.0,0.0
1782734802.163,0.001,0.001,0.001,0.5918,0.8018,0.0205,0.0146,0.0142,0.0151,26.6,0.09,0.09,0.09,8.9,29.5,8.9
1782734807.173,0.0,0.0,0.0,0.5918,0.8018,0.0205,0.0146,0.0146,0.0151,26.6,0.03,0.03,0.03,0.0,0.0,0.0
1782734812.181,0.0,0.0,0.0,0.5918,0.8018,0.0205,0.0146,0.0146,0.0142,26.6,0.0,0.0,0.0,0.0,0.0,0.0
1782734817.192,0.004,0.004,0.004,0.5918,0.8018,0.0205,0.0142,0.0146,0.0146,26.6,0.25,0.26,0.24,0.0,0.0,0.0
1782734822.198,0.006,0.006,0.006,0.5918,0.8018,0.0205,0.0146,0.0151,0.0146,26.6,0.4,0.41,0.37,0.0,0.0,0.0
1782734827.212,0.0,0.0,0.0,0.5918,0.8018,0.0205,0.0137,0.0146,0.0156,26.59,0.0,0.0,0.0,0.0,0.0,0.0
1782734832.222,0.0,0.0,0.0,0.5918,0.8018,0.0205,0.0137,0.0142,0.0146,26.59,0.0,0.0,0.0,0.0,0.0,0.0
1782734837.229,0.0,0.0,0.0,0.5918,0.8018,0.0205,0.0142,0.0146,0.0151,26.59,0.05,0.06,0.05,0.0,0.0,0.0
1782734842.241,0.0,0.0,0.0,0.5918,0.8018,0.0205,0.0146,0.0142,0.0142,26.59,0.01,0.01,0.01,0.0,0.0,0.0
1782734847.251,0.019,0.019,0.018,0.5918,0.8018,0.0205,0.0151,0.0151,0.0146,26.59,1.08,1.07,1.01,8.6,8.6,8.9
1782734852.264,0.011,0.011,0.01,0.5918,0.8018,0.0205,0.0142,0.0146,0.0146,26.58,0.65,0.67,0.6,0.0,0.0,0.0
1782734857.275,0.019,0.019,0.018,0.5918,0.8018,0.0205,0.0146,0.0146,0.0156,26.58,1.05,1.07,1.0,8.6,8.6,8.6
1782734862.282,0.008,0.008,0.007,0.5918,0.8018,0.0205,0.0137,0.0146,0.0146,26.58,0.45,0.47,0.43,0.0,0.0,0.0
1782734867.294,0.019,0.02,0.018,0.5918,0.8018,0.0205,0.0137,0.0156,0.0146,26.58,1.02,1.08,0.96,8.4,8.4,29.5
1782734872.305,0.021,0.022,0.02,0.5918,0.8018,0.0205,0.0142,0.0156,0.0146,26.58,1.14,1.21,1.08,8.4,8.6,8.4
1782734877.318,0.0,0.0,0.0,0.5918,0.8018,0.0205,0.0142,0.0146,0.0146,26.58,0.01,0.01,0.01,0.0,0.0,0.0
1782734882.325,0.0,0.0,0.0,0.5918,0.8018,0.0205,0.0137,0.0132,0.0142,26.58,0.0,0.0,0.0,0.0,0.0,0.0
1782734887.337,0.001,0.001,0.001,0.5918,0.8018,0.0205,0.0161,0.0146,0.0156,26.58,0.22,0.21,0.2,8.1,124.0,18.3
1782734892.347,0.0,0.0,0.0,0.5918,0.8018,0.0205,0.0142,0.0132,0.0146,26.58,0.0,0.0,0.0,0.0,0.0,0.0
1782734897.361,0.0,0.0,0.0,0.5918,0.8018,0.0205,0.0146,0.0151,0.0146,26.59,0.03,0.03,0.03,8.9,0.0,0.0
1782734902.374,0.0,0.0,0.0,0.5918,0.8018,0.0205,0.0142,0.0151,0.0142,26.58,0.0,0.0,0.0,0.0,0.0,0.0
1782734907.383,0.02,0.021,0.019,0.5918,0.8018,0.0205,0.0146,0.0151,0.0156,26.59,1.1,1.18,1.07,8.6,8.6,8.6
1782734912.394,0.0,0.0,0.0,0.5918,0.8018,0.0205,0.0146,0.0161,0.0142,26.58,0.0,0.0,0.0,0.0,0.0,0.0
1782734917.407,0.02,0.021,0.018,0.5918,0.8018,0.0205,0.0142,0.0161,0.0137,26.59,1.12,1.19,1.03,8.6,8.6,8.9
1782734922.417,0.001,0.001,0.001,0.5918,0.8018,0.0205,0.0142,0.0161,0.0146,26.59,0.09,0.09,0.08,0.0,0.0,0.0
1782734927.427,0.0,0.0,0.0,0.5918,0.8018,0.0205,0.0142,0.0146,0.0151,26.58,0.01,0.01,0.01,0.0,0.0,0.0
1782734932.441,0.011,0.012,0.01,0.5918,0.8018,0.0205,0.0151,0.0151,0.0151,26.58,0.67,0.73,0.63,9.1,8.9,95.0
1782734937.451,0.02,0.02,0.018,0.5918,0.8018,0.0205,0.0146,0.0151,0.0146,26.58,1.09,1.14,1.02,8.6,8.6,8.6
1782734942.46,0.005,0.005,0.004,0.5918,0.8018,0.0205,0.0146,0.0151,0.0156,26.58,0.37,0.37,0.33,8.6,8.9,82.3
1782734947.472,0.0,0.0,0.0,0.5918,0.8018,0.0205,0.0146,0.0151,0.0137,26.58,0.0,0.0,0.0,0.0,0.0,0.0
1782734952.482,0.018,0.018,0.017,0.5918,0.8018,0.0205,0.0151,0.0156,0.0166,26.58,1.0,1.03,0.93,8.4,8.4,8.6
1782734957.496,0.018,0.019,0.017,0.5918,0.8018,0.0205,0.0146,0.0151,0.0151,26.58,1.02,1.09,0.97,8.9,8.9,8.6
1782734962.507,0.006,0.006,0.006,0.5918,0.8018,0.0205,0.0146,0.0146,0.0146,26.57,0.42,0.44,0.4,8.9,8.9,63.7
1782734967.521,0.001,0.001,0.0,0.5918,0.8018,0.0205,0.0137,0.0146,0.0142,26.57,0.05,0.06,0.05,0.0,0.0,0.0
1782734972.53,0.011,0.013,0.011,0.5918,0.8018,0.0205,0.0142,0.0156,0.0151,26.57,0.66,0.73,0.62,9.1,8.9,9.1
1782734977.537,0.01,0.01,0.008,0.5918,0.8018,0.0205,0.0161,0.0161,0.0146,26.57,0.63,0.62,0.51,9.9,9.6,9.9
1782734982.549,0.006,0.006,0.005,0.5918,0.8018,0.0205,0.0146,0.0151,0.0142,26.57,0.37,0.39,0.35,9.4,9.6,9.6
1782734987.562,0.003,0.003,0.003,0.5918,0.8018,0.0205,0.0146,0.0151,0.0142,26.57,0.26,0.27,0.24,9.4,9.9,9.9
1782734992.574,0.0,0.0,0.0,0.5918,0.8018,0.0205,0.0146,0.0146,0.0142,26.57,0.0,0.0,0.0,0.0,0.0,0.0
1782734997.582,0.015,0.016,0.014,0.5918,0.8018,0.0205,0.0146,0.0156,0.0146,26.57,0.98,1.05,0.92,9.9,9.9,9.9
1782735002.594,0.016,0.017,0.015,0.5918,0.8018,0.0205,0.0156,0.0161,0.0151,26.57,1.03,1.05,0.96,9.9,9.6,10.1
1782735007.604,0.016,0.017,0.015,0.5918,0.8018,0.0205,0.0151,0.0156,0.0142,26.57,1.0,1.07,0.95,9.9,9.6,9.6
1782735012.618,0.015,0.016,0.014,0.5918,0.8018,0.0205,0.0142,0.0156,0.0146,26.57,0.98,1.05,0.91,10.1,9.9,10.1
1782735017.631,0.052,0.058,0.048,0.5918,0.8018,0.0205,0.0151,0.0161,0.0142,26.57,1.79,2.0,1.67,5.7,5.4,5.4
1782735022.64,0.048,0.054,0.045,0.5918,0.8018,0.0205,0.0146,0.0156,0.0151,26.57,1.72,1.95,1.62,5.7,5.7,5.7
1782735027.652,0.046,0.052,0.044,0.5918,0.8018,0.0205,0.0146,0.0171,0.0151,26.57,1.68,1.86,1.58,5.4,5.7,5.7
1782735032.663,0.053,0.057,0.05,0.5918,0.8018,0.0205,0.0151,0.0151,0.0151,26.57,1.82,1.98,1.71,5.4,5.4,5.4
1782735037.675,0.048,0.053,0.045,0.5918,0.8018,0.021,0.0156,0.0161,0.0151,26.57,1.73,1.93,1.63,5.9,5.7,5.9
1782735042.69,0.053,0.057,0.049,0.5923,0.8018,0.0205,0.0161,0.0156,0.0142,26.57,1.84,1.97,1.69,5.4,5.7,5.7
1782735047.695,0.051,0.056,0.048,0.5923,0.8018,0.0205,0.0142,0.0171,0.0146,26.56,1.78,1.94,1.69,5.7,5.4,5.9
1782735052.707,0.047,0.052,0.045,0.5923,0.8018,0.021,0.0142,0.0161,0.0142,26.56,1.7,1.87,1.62,5.4,5.7,5.7
1782735057.72,0.041,0.042,0.036,0.5923,0.8018,0.021,0.0171,0.0161,0.0156,26.56,1.46,1.5,1.3,5.7,5.4,13.1
1782735062.732,0.049,0.054,0.046,0.5923,0.8018,0.021,0.0156,0.0171,0.0151,26.56,1.76,1.94,1.65,5.7,5.4,5.4
1782735067.742,0.037,0.041,0.036,0.5923,0.8018,0.021,0.0146,0.0156,0.0146,26.56,1.52,1.68,1.45,6.2,6.2,6.4
1782735072.754,0.039,0.042,0.036,0.5923,0.8018,0.021,0.0146,0.0156,0.0156,26.56,1.56,1.7,1.46,6.4,6.4,6.2
1782735077.764,0.042,0.047,0.04,0.5918,0.8018,0.021,0.0146,0.0156,0.0151,26.56,1.63,1.82,1.55,5.9,6.2,5.9
1782735082.776,0.038,0.041,0.035,0.5918,0.8018,0.021,0.0151,0.0161,0.0137,26.56,1.54,1.7,1.42,6.4,6.4,6.4
1782735087.79,0.048,0.055,0.045,0.5918,0.8018,0.021,0.0151,0.0161,0.0151,26.56,1.74,1.97,1.61,5.7,5.7,6.2
1782735092.8,0.035,0.039,0.033,0.5923,0.8018,0.021,0.0146,0.0156,0.0146,26.56,1.49,1.65,1.4,6.4,6.6,9.1
1782735097.812,0.037,0.041,0.035,0.5923,0.8018,0.021,0.0146,0.0161,0.0146,26.57,1.52,1.68,1.43,6.4,6.4,6.4
1782735102.824,0.037,0.041,0.037,0.5923,0.8018,0.021,0.0142,0.0161,0.0161,26.56,1.53,1.66,1.5,6.4,6.4,6.6
1782735107.832,0.035,0.039,0.032,0.5923,0.8018,0.021,0.0151,0.0156,0.0161,26.56,1.48,1.65,1.36,6.6,6.6,6.6
1782735112.84,0.034,0.038,0.032,0.5923,0.8018,0.021,0.0142,0.0156,0.0142,26.57,1.46,1.6,1.37,6.6,6.6,6.9
1782735117.852,0.036,0.039,0.035,0.5923,0.8018,0.021,0.0142,0.0156,0.0142,26.57,1.49,1.58,1.45,6.4,6.4,6.4
1782735122.863,0.03,0.032,0.029,0.5923,0.8018,0.021,0.0151,0.0156,0.0156,26.57,1.34,1.42,1.27,6.9,6.9,6.9
1782735127.875,0.002,0.002,0.002,0.5923,0.8018,0.021,0.0156,0.0151,0.0146,26.57,0.11,0.12,0.1,0.0,0.0,0.0
1782735132.889,0.0,0.0,0.0,0.5923,0.8018,0.0205,0.0151,0.0151,0.0146,26.57,0.03,0.03,0.03,0.0,0.0,0.0
1782735137.899,0.032,0.034,0.03,0.5923,0.8018,0.0205,0.0151,0.0156,0.0142,26.57,1.42,1.51,1.33,6.9,6.9,20.8
1782735142.913,0.025,0.027,0.023,0.5923,0.8018,0.0205,0.0146,0.0151,0.0142,26.57,1.1,1.16,1.0,6.9,6.6,6.6
1782735147.923,0.019,0.021,0.018,0.5923,0.8018,0.0205,0.0142,0.0156,0.0151,26.57,0.83,0.92,0.81,6.9,6.9,7.1
1782735152.935,0.03,0.033,0.028,0.5923,0.8018,0.0205,0.0142,0.0161,0.0146,26.57,1.36,1.49,1.28,7.1,7.1,7.4
1782735157.944,0.013,0.014,0.012,0.5923,0.8018,0.0205,0.0146,0.0151,0.0151,26.57,0.59,0.64,0.56,0.0,0.0,0.0
1782735162.956,0.032,0.035,0.03,0.5923,0.8018,0.0205,0.0146,0.0161,0.0151,26.57,1.43,1.56,1.32,6.6,6.9,6.9
1782735167.968,0.03,0.033,0.028,0.5923,0.8018,0.0205,0.0151,0.0166,0.0151,26.57,1.36,1.49,1.28,7.1,7.1,7.6
1782735172.98,0.0,0.0,0.0,0.5923,0.8018,0.0205,0.0161,0.0161,0.0151,26.57,0.07,0.08,0.07,126.5,7.1,7.1
1782735177.992,0.034,0.037,0.031,0.5923,0.8018,0.0205,0.0142,0.0151,0.0142,26.57,1.47,1.6,1.35,6.9,6.6,6.9
1782735183.004,0.0,0.0,0.0,0.5923,0.8018,0.0205,0.0146,0.0156,0.0142,26.57,0.03,0.03,0.02,0.0,0.0,0.0
1782735188.017,0.028,0.032,0.026,0.5923,0.8018,0.0205,0.0151,0.0166,0.0142,26.57,1.34,1.5,1.26,7.4,7.4,7.1
1782735193.026,0.033,0.035,0.031,0.5923,0.8018,0.0205,0.0146,0.0156,0.0146,26.57,1.45,1.56,1.35,7.1,6.9,32.0
1782735198.032,0.032,0.034,0.029,0.5923,0.8018,0.0205,0.0146,0.0161,0.0142,26.57,1.4,1.5,1.3,6.9,6.9,7.1
1782735203.041,0.034,0.035,0.03,0.5923,0.8018,0.0205,0.0161,0.0161,0.0146,26.57,1.5,1.56,1.34,6.9,6.9,6.9
1782735208.047,0.033,0.036,0.03,0.5923,0.8018,0.0205,0.0151,0.0161,0.0146,26.57,1.46,1.59,1.34,7.1,6.9,126.5
1782735213.054,0.032,0.035,0.03,0.5923,0.8018,0.0205,0.0151,0.0161,0.0146,26.57,1.43,1.56,1.35,7.1,6.9,7.1
1782735218.06,0.028,0.03,0.026,0.5923,0.8018,0.0205,0.0142,0.0151,0.0146,26.57,1.27,1.39,1.2,7.1,7.1,7.1
1782735223.067,0.032,0.035,0.03,0.5923,0.8018,0.0205,0.0151,0.0156,0.0146,26.57,1.42,1.57,1.33,6.9,6.9,10.6
1782735228.072,0.028,0.031,0.027,0.5923,0.8018,0.0205,0.0142,0.0156,0.0161,26.57,1.25,1.39,1.19,7.1,7.1,6.9
1782735233.081,0.017,0.02,0.017,0.5923,0.8018,0.0205,0.0142,0.0156,0.0161,26.57,0.83,0.94,0.81,7.1,7.1,119.0
1782735238.091,0.027,0.03,0.025,0.5923,0.8018,0.0205,0.0146,0.0151,0.0146,26.57,1.24,1.37,1.16,0.0,0.0,0.0
1782735243.1,0.03,0.034,0.028,0.5923,0.8018,0.0205,0.0156,0.0171,0.0146,26.57,1.36,1.53,1.3,7.1,7.1,7.1
1782735248.108,0.029,0.032,0.027,0.5923,0.8018,0.0205,0.0142,0.0156,0.0156,26.57,1.34,1.49,1.27,6.9,6.9,7.1
1782735253.113,0.0,0.0,0.0,0.5923,0.8018,0.0205,0.0151,0.0156,0.0146,26.57,0.0,0.0,0.0,0.0,0.0,0.0
1782735258.122,0.002,0.003,0.002,0.5923,0.8018,0.0205,0.0151,0.0146,0.0142,26.57,0.13,0.14,0.12,0.0,0.0,0.0
1782735263.131,0.029,0.031,0.027,0.5923,0.8018,0.0205,0.0146,0.0156,0.0151,26.57,1.35,1.49,1.27,7.6,7.4,7.4
1782735268.14,0.033,0.035,0.03,0.5923,0.8018,0.0205,0.0156,0.0156,0.0142,26.57,1.44,1.56,1.35,6.9,6.9,6.9
1782735273.15,0.032,0.034,0.029,0.5923,0.8018,0.0205,0.0156,0.0171,0.0156,26.57,1.48,1.55,1.34,7.1,7.1,7.1
1782735278.16,0.03,0.033,0.028,0.5923,0.8018,0.0205,0.0146,0.0166,0.0146,26.57,1.38,1.49,1.3,7.1,7.1,6.9
1782735283.172,0.0,0.0,0.0,0.5923,0.8018,0.0205,0.0142,0.0146,0.0151,26.58,0.0,0.0,0.0,0.0,0.0,0.0
1782735288.179,0.0,0.0,0.0,0.5923,0.8018,0.0205,0.0156,0.0156,0.0146,26.57,0.0,0.0,0.0,0.0,0.0,0.0
1782735293.19,0.001,0.001,0.001,0.5923,0.8018,0.0205,0.0142,0.0142,0.0146,26.58,0.07,0.08,0.07,0.0,0.0,0.0
1782735298.204,0.029,0.031,0.027,0.5923,0.8018,0.0205,0.0146,0.0151,0.0137,26.58,1.32,1.41,1.23,7.1,7.1,6.9
1782735303.216,0.029,0.031,0.028,0.5923,0.8018,0.0205,0.0146,0.0151,0.0142,26.58,1.35,1.44,1.27,7.1,7.1,6.9
1782735308.228,0.031,0.034,0.03,0.5923,0.8018,0.0205,0.0151,0.0161,0.0137,26.58,1.39,1.52,1.31,6.9,6.9,6.9
1782735313.241,0.031,0.035,0.03,0.5923,0.8018,0.0205,0.0137,0.0161,0.0146,26.58,1.38,1.52,1.32,6.9,6.9,6.9
1782735318.253,0.03,0.033,0.028,0.5923,0.8018,0.0205,0.0142,0.0156,0.0146,26.58,1.38,1.49,1.27,6.9,7.1,105.4
1782735323.271,0.026,0.029,0.025,0.5923,0.8018,0.0205,0.0146,0.0156,0.0146,26.58,1.16,1.27,1.1,6.9,6.9,6.9
1782735328.283,0.037,0.036,0.031,0.5923,0.8018,0.0205,0.0176,0.0176,0.0156,26.58,1.66,1.63,1.39,6.9,7.1,6.6
1782735333.295,0.032,0.035,0.03,0.5923,0.8018,0.0205,0.0146,0.0161,0.0151,26.58,1.42,1.53,1.33,6.9,6.9,92.5
1782735338.305,0.028,0.03,0.026,0.5923,0.8018,0.0205,0.0151,0.0151,0.0146,26.58,1.22,1.32,1.15,6.6,6.9,6.9
1782735343.315,0.033,0.035,0.031,0.5923,0.8018,0.0205,0.0146,0.0161,0.0151,26.58,1.44,1.54,1.35,6.9,6.9,6.9
1782735348.326,0.031,0.035,0.03,0.5923,0.8018,0.0205,0.0146,0.0166,0.0137,26.58,1.39,1.53,1.32,6.9,6.9,6.9
1782735353.339,0.003,0.003,0.003,0.5923,0.8018,0.0205,0.0142,0.0151,0.0146,26.58,0.15,0.16,0.14,0.0,0.0,0.0
1782735358.351,0.032,0.035,0.03,0.5923,0.8018,0.0205,0.0142,0.0161,0.0146,26.59,1.41,1.55,1.32,6.9,6.9,6.9
1782735363.363,0.034,0.038,0.032,0.5923,0.8018,0.0205,0.0156,0.0161,0.0142,26.59,1.46,1.61,1.36,6.9,6.6,6.9
1782735368.372,0.034,0.039,0.033,0.5923,0.8018,0.0205,0.0142,0.0151,0.0151,26.59,1.46,1.64,1.4,6.6,6.6,6.6
1782735373.386,0.034,0.039,0.032,0.5923,0.8018,0.0205,0.0142,0.0156,0.0142,26.59,1.45,1.64,1.36,6.9,6.6,6.6
1782735378.396,0.034,0.039,0.033,0.5923,0.8018,0.0205,0.0142,0.0156,0.0142,26.59,1.44,1.64,1.4,6.6,6.6,6.4
1782735383.406,0.034,0.038,0.033,0.5923,0.8018,0.0205,0.0146,0.0166,0.0161,26.59,1.44,1.63,1.39,6.4,6.6,6.6
1782735388.419,0.035,0.038,0.032,0.5923,0.8018,0.0205,0.0142,0.0161,0.0146,26.59,1.48,1.63,1.37,6.6,6.6,101.4
1782735393.428,0.035,0.038,0.033,0.5923,0.8018,0.0205,0.0151,0.0171,0.0151,26.59,1.47,1.6,1.38,6.6,6.6,6.6
1782735398.439,0.04,0.043,0.038,0.5923,0.8018,0.0205,0.0146,0.0156,0.0151,26.59,1.59,1.7,1.49,6.2,6.2,6.2
1782735403.451,0.038,0.042,0.036,0.5923,0.8018,0.0205,0.0151,0.0156,0.0151,26.59,1.53,1.69,1.45,6.4,6.4,6.2
1782735408.46,0.013,0.015,0.014,0.5923,0.8018,0.0205,0.0151,0.0161,0.0161,26.59,0.87,0.96,0.9,6.4,14.6,13.3
1782735413.472,0.013,0.014,0.012,0.5923,0.8018,0.0205,0.0405,0.0444,0.0444,26.59,0.94,1.17,0.96,6.6,27.0,39.4
1782735418.483,0.022,0.023,0.021,0.5918,0.8022,0.0205,0.0146,0.0146,0.0156,26.59,0.94,0.99,0.9,5.9,5.7,11.4
1782735423.493,0.001,0.001,0.001,0.5918,0.8022,0.02,0.0142,0.0156,0.0146,26.59,0.21,0.23,0.2,6.4,27.2,6.4
1782735428.505,0.015,0.017,0.015,0.5913,0.8022,0.02,0.0137,0.0146,0.0151,26.59,0.78,0.85,0.76,0.0,0.0,0.0
1782735433.512,0.038,0.039,0.035,0.5913,0.8022,0.02,0.0171,0.0166,0.0166,26.59,1.63,1.66,1.49,6.6,6.6,62.2
1782735438.523,0.0,0.0,0.0,0.5913,0.8022,0.02,0.0176,0.0176,0.0146,26.59,0.11,0.12,0.1,80.1,16.6,19.1
1782735443.537,0.005,0.005,0.003,0.5918,0.8022,0.02,0.0298,0.0308,0.0225,26.59,0.66,0.7,0.44,17.6,91.0,124.3
1782735448.544,0.0,0.0,0.0,0.5918,0.8022,0.02,0.0142,0.0142,0.0137,26.59,0.0,0.0,0.0,0.0,0.0,0.0
1782735453.555,0.0,0.0,0.0,0.5918,0.8022,0.02,0.0132,0.0137,0.0146,26.59,0.0,0.0,0.0,0.0,0.0,0.0
1782735458.568,0.0,0.0,0.0,0.5918,0.8022,0.02,0.0132,0.0132,0.0142,26.59,0.0,0.0,0.0,0.0,0.0,0.0
1782735463.574,0.0,0.0,0.0,0.5918,0.8022,0.02,0.0137,0.0132,0.0142,26.59,0.0,0.0,0.0,0.0,0.0,0.0
1782735468.58,0.0,0.0,0.0,0.5918,0.8022,0.02,0.0132,0.0137,0.0142,26.59,0.0,0.0,0.0,0.0,0.0,0.0
1782735473.595,0.0,0.0,0.0,0.5918,0.8022,0.02,0.0132,0.0132,0.0146,26.59,0.0,0.0,0.0,0.0,0.0,0.0
1782735478.607,0.0,0.0,0.0,0.5918,0.8022,0.02,0.0137,0.0142,0.0142,26.59,0.0,0.0,0.0,0.0,0.0,0.0
1782735483.618,0.0,0.0,0.0,0.5913,0.8022,0.02,0.0142,0.0142,0.0142,26.58,0.01,0.01,0.01,0.0,0.0,0.0
1782735488.631,0.0,0.0,0.0,0.5918,0.8022,0.02,0.0137,0.0137,0.0142,26.58,0.0,0.0,0.0,0.0,0.0,0.0
1782735493.64,0.0,0.0,0.0,0.5918,0.8022,0.02,0.0137,0.0132,0.0142,26.58,0.0,0.0,0.0,0.0,0.0,0.0
1782735498.652,0.0,0.0,0.0,0.5918,0.8022,0.02,0.0132,0.0137,0.0137,26.58,0.0,0.0,0.0,0.0,0.0,0.0
1782735503.662,0.0,0.0,0.0,0.5913,0.8022,0.02,0.0137,0.0142,0.0142,26.58,0.0,0.0,0.0,0.0,0.0,0.0
1782735508.673,0.0,0.0,0.0,0.5913,0.8022,0.02,0.0142,0.0142,0.0137,26.57,0.05,0.05,0.04,0.0,0.0,0.0
1782735513.686,0.0,0.0,0.0,0.5913,0.8022,0.02,0.0137,0.0146,0.0142,26.57,0.0,0.0,0.0,0.0,0.0,0.0
1782735518.694,0.0,0.0,0.0,0.5913,0.8022,0.02,0.0137,0.0142,0.0142,26.57,0.03,0.03,0.02,0.0,0.0,0.0
1782735523.703,0.005,0.005,0.004,0.5913,0.8022,0.02,0.0137,0.0142,0.0146,26.56,0.33,0.34,0.31,0.0,0.0,0.0
1782735528.716,0.0,0.0,0.0,0.5913,0.8022,0.02,0.0137,0.0137,0.0132,26.56,0.0,0.0,0.0,0.0,0.0,0.0
1782735533.728,0.0,0.0,0.0,0.5913,0.8022,0.02,0.0137,0.0146,0.0146,26.56,0.0,0.0,0.0,0.0,0.0,0.0
1782735538.74,0.0,0.0,0.0,0.5913,0.8022,0.02,0.0137,0.0137,0.0142,26.56,0.0,0.0,0.0,0.0,0.0,0.0
1782735543.753,0.0,0.0,0.0,0.5913,0.8022,0.02,0.0137,0.0132,0.0146,26.56,0.0,0.0,0.0,0.0,0.0,0.0
1782735548.762,0.0,0.0,0.0,0.5913,0.8022,0.02,0.0137,0.0137,0.0142,26.56,0.0,0.0,0.0,0.0,0.0,0.0
1782735553.772,0.012,0.012,0.011,0.5913,0.8022,0.02,0.0132,0.0132,0.0137,26.56,0.09,0.09,0.09,0.0,0.0,0.0
1782735558.785,0.0,0.0,0.0,0.5913,0.8022,0.02,0.0137,0.0137,0.0142,26.56,0.0,0.0,0.0,0.0,0.0,0.0
1782735563.797,0.0,0.0,0.0,0.5913,0.8022,0.02,0.0132,0.0137,0.0132,26.55,0.0,0.0,0.0,0.0,0.0,0.0
1782735568.807,0.0,0.0,0.0,0.5913,0.8022,0.02,0.0137,0.0137,0.0142,26.55,0.0,0.0,0.0,0.0,0.0,0.0
1782735573.82,0.0,0.0,0.0,0.5913,0.8022,0.02,0.0142,0.0132,0.0142,26.55,0.0,0.0,0.0,0.0,0.0,0.0
1782735578.832,0.0,0.0,0.0,0.5913,0.8022,0.02,0.0142,0.0132,0.0146,26.55,0.0,0.0,0.0,0.0,0.0,0.0
1782735583.845,0.0,0.0,0.0,0.5913,0.8022,0.02,0.0137,0.0132,0.0142,26.55,0.0,0.0,0.0,0.0,0.0,0.0
1782735588.857,0.0,0.0,0.0,0.5913,0.8022,0.02,0.0146,0.0137,0.0132,26.54,0.0,0.0,0.0,0.0,0.0,0.0
1782735593.869,0.0,0.0,0.0,0.5913,0.8022,0.02,0.0142,0.0142,0.0137,26.54,0.0,0.0,0.0,0.0,0.0,0.0
1782735598.881,0.0,0.0,0.0,0.5913,0.8022,0.02,0.0137,0.0127,0.0142,26.55,0.0,0.0,0.0,0.0,0.0,0.0
1782735603.892,0.0,0.0,0.0,0.5913,0.8022,0.02,0.0142,0.0137,0.0146,26.55,0.0,0.0,0.0,0.0,0.0,0.0
1782735608.905,0.0,0.0,0.0,0.5913,0.8022,0.02,0.0132,0.0137,0.0142,26.54,0.0,0.0,0.0,0.0,0.0,0.0
1782735613.917,0.0,0.0,0.0,0.5913,0.8022,0.02,0.0137,0.0137,0.0137,26.54,0.0,0.0,0.0,0.0,0.0,0.0
1782735618.927,0.0,0.0,0.0,0.5913,0.8022,0.02,0.0137,0.0132,0.0142,26.54,0.0,0.0,0.0,0.0,0.0,0.0
1782735623.934,0.0,0.0,0.0,0.5913,0.8022,0.02,0.0142,0.0137,0.0142,26.54,0.0,0.0,0.0,0.0,0.0,0.0
1782735628.946,0.0,0.0,0.0,0.5913,0.8022,0.02,0.0146,0.0137,0.0142,26.54,0.0,0.0,0.0,0.0,0.0,0.0
1782735633.956,0.0,0.0,0.0,0.5913,0.8022,0.02,0.0132,0.0132,0.0142,26.53,0.0,0.0,0.0,0.0,0.0,0.0
1782735638.965,0.0,0.0,0.0,0.5913,0.8022,0.02,0.0146,0.0132,0.0137,26.53,0.0,0.0,0.0,0.0,0.0,0.0
1782735643.971,0.0,0.0,0.0,0.5913,0.8022,0.02,0.0142,0.0137,0.0137,26.53,0.0,0.0,0.0,0.0,0.0,0.0
1782735648.98,0.0,0.0,0.0,0.5913,0.8022,0.02,0.0137,0.0132,0.0151,26.53,0.0,0.0,0.0,0.0,0.0,0.0
1782735653.993,0.0,0.0,0.0,0.5913,0.8022,0.02,0.0142,0.0137,0.0146,26.53,0.0,0.0,0.0,0.0,0.0,0.0
1782735659.006,0.0,0.0,0.0,0.5913,0.8022,0.02,0.0142,0.0142,0.0137,26.53,0.0,0.0,0.0,0.0,0.0,0.0
1782735664.019,0.0,0.0,0.0,0.5913,0.8022,0.02,0.0137,0.0137,0.0142,26.53,0.0,0.0,0.0,0.0,0.0,0.0
1782735669.031,0.0,0.0,0.0,0.5913,0.8022,0.02,0.0137,0.0127,0.0137,26.53,0.0,0.0,0.0,0.0,0.0,0.0
1782735674.041,0.0,0.0,0.0,0.5913,0.8022,0.02,0.0137,0.0127,0.0137,26.52,0.0,0.0,0.0,0.0,0.0,0.0
1782735679.054,0.001,0.001,0.001,0.5913,0.8022,0.02,0.0137,0.0132,0.0146,26.52,0.09,0.09,0.08,0.0,0.0,0.0
1782735684.064,0.0,0.0,0.0,0.5913,0.8022,0.02,0.0137,0.0132,0.0142,26.52,0.0,0.0,0.0,0.0,0.0,0.0
1782735689.073,0.0,0.0,0.0,0.5913,0.8022,0.02,0.0142,0.0132,0.0137,26.52,0.0,0.0,0.0,0.0,0.0,0.0
1782735694.083,0.0,0.0,0.0,0.5913,0.8022,0.02,0.0137,0.0132,0.0142,26.51,0.0,0.0,0.0,0.0,0.0,0.0
1782735699.096,0.0,0.0,0.0,0.5913,0.8022,0.02,0.0142,0.0137,0.0137,26.51,0.0,0.0,0.0,0.0,0.0,0.0
1782735704.104,0.0,0.0,0.0,0.5913,0.8022,0.02,0.0142,0.0137,0.0137,26.51,0.0,0.0,0.0,0.0,0.0,0.0
1782735709.11,0.0,0.0,0.0,0.5913,0.8022,0.02,0.0142,0.0142,0.0137,26.51,0.0,0.0,0.0,0.0,0.0,0.0
1782735714.12,0.0,0.0,0.0,0.5913,0.8022,0.02,0.0137,0.0132,0.0142,26.51,0.0,0.0,0.0,0.0,0.0,0.0
1782735719.13,0.0,0.0,0.0,0.5913,0.8022,0.02,0.0142,0.0137,0.0142,26.51,0.0,0.0,0.0,0.0,0.0,0.0
1782735724.139,0.0,0.0,0.0,0.5913,0.8022,0.02,0.0142,0.0137,0.0142,26.51,0.0,0.0,0.0,0.0,0.0,0.0
1782735729.151,0.0,0.0,0.0,0.5913,0.8022,0.02,0.0137,0.0132,0.0137,26.51,0.0,0.0,0.0,0.0,0.0,0.0
1782735734.163,0.0,0.0,0.0,0.5913,0.8022,0.02,0.0142,0.0137,0.0146,26.51,0.0,0.0,0.0,0.0,0.0,0.0
1782735739.174,0.0,0.0,0.0,0.5913,0.8022,0.02,0.0137,0.0132,0.0142,26.51,0.0,0.0,0.0,0.0,0.0,0.0
1782735744.187,0.0,0.0,0.0,0.5913,0.8022,0.02,0.0137,0.0137,0.0137,26.5,0.0,0.0,0.0,0.0,0.0,0.0
1782735749.199,0.0,0.0,0.0,0.5913,0.8022,0.02,0.0137,0.0137,0.0151,26.51,0.0,0.0,0.0,0.0,0.0,0.0
1782735754.212,0.0,0.0,0.0,0.5913,0.8022,0.02,0.0132,0.0137,0.0146,26.5,0.0,0.0,0.0,0.0,0.0,0.0
1782735759.224,0.0,0.0,0.0,0.5913,0.8022,0.02,0.0146,0.0127,0.0132,26.5,0.0,0.0,0.0,0.0,0.0,0.0
1782735764.231,0.0,0.0,0.0,0.5913,0.8022,0.02,0.0137,0.0137,0.0146,26.5,0.0,0.0,0.0,0.0,0.0,0.0
1782735769.245,0.0,0.0,0.0,0.5913,0.8022,0.02,0.0142,0.0132,0.0142,26.5,0.0,0.0,0.0,0.0,0.0,0.0
1782735774.258,0.0,0.0,0.0,0.5913,0.8022,0.02,0.0132,0.0132,0.0146,26.5,0.0,0.0,0.0,0.0,0.0,0.0
1782735779.269,0.0,0.0,0.0,0.5913,0.8022,0.02,0.0137,0.0127,0.0146,26.5,0.0,0.0,0.0,0.0,0.0,0.0
1782735784.283,0.0,0.0,0.0,0.5918,0.8022,0.02,0.0137,0.0137,0.0132,26.5,0.0,0.0,0.0,0.0,0.0,0.0
1782735789.294,0.0,0.0,0.0,0.5913,0.8022,0.02,0.0137,0.0137,0.0137,26.5,0.0,0.0,0.0,0.0,0.0,0.0
1782735794.304,0.0,0.0,0.0,0.5918,0.8022,0.02,0.0142,0.0137,0.0146,26.5,0.0,0.0,0.0,0.0,0.0,0.0
1782735799.318,0.0,0.0,0.0,0.5918,0.8022,0.02,0.0137,0.0142,0.0142,26.49,0.0,0.0,0.0,0.0,0.0,0.0
1782735804.33,0.0,0.0,0.0,0.5913,0.8022,0.02,0.0132,0.0142,0.0151,26.5,0.0,0.0,0.0,0.0,0.0,0.0
1782735809.338,0.0,0.0,0.0,0.5913,0.8022,0.02,0.0132,0.0132,0.0132,26.49,0.0,0.0,0.0,0.0,0.0,0.0
1782735814.346,0.0,0.0,0.0,0.5913,0.8022,0.02,0.0137,0.0137,0.0142,26.5,0.0,0.0,0.0,0.0,0.0,0.0
1782735819.356,0.0,0.0,0.0,0.5913,0.8022,0.02,0.0142,0.0132,0.0146,26.5,0.0,0.0,0.0,0.0,0.0,0.0
1782735824.37,0.0,0.0,0.0,0.5913,0.8022,0.02,0.0132,0.0137,0.0142,26.49,0.0,0.0,0.0,0.0,0.0,0.0
1782735829.383,0.0,0.0,0.0,0.5918,0.8022,0.02,0.0137,0.0137,0.0146,26.49,0.0,0.0,0.0,0.0,0.0,0.0
1782735834.394,0.0,0.0,0.0,0.5918,0.8022,0.02,0.0137,0.0142,0.0151,26.49,0.0,0.0,0.0,0.0,0.0,0.0
1782735839.405,0.0,0.0,0.0,0.5918,0.8022,0.02,0.0137,0.0132,0.0142,26.49,0.0,0.0,0.0,0.0,0.0,0.0
1782735844.42,0.0,0.0,0.0,0.5918,0.8022,0.02,0.0142,0.0137,0.0132,26.49,0.0,0.0,0.0,0.0,0.0,0.0
1782735849.43,0.0,0.0,0.0,0.5918,0.8022,0.02,0.0132,0.0132,0.0142,26.48,0.0,0.0,0.0,0.0,0.0,0.0
1782735854.443,0.0,0.0,0.0,0.5913,0.8022,0.02,0.0142,0.0132,0.0146,26.48,0.0,0.0,0.0,0.0,0.0,0.0
1782735859.453,0.0,0.0,0.0,0.5918,0.8022,0.02,0.0132,0.0137,0.0146,26.48,0.0,0.0,0.0,0.0,0.0,0.0
1782735864.462,0.001,0.001,0.001,0.5918,0.8022,0.02,0.0137,0.0137,0.0146,26.48,0.19,0.19,0.18,0.0,0.0,0.0
1782735869.477,0.0,0.0,0.0,0.5918,0.8022,0.02,0.0142,0.0132,0.0151,26.47,0.0,0.0,0.0,0.0,0.0,0.0
1782735874.488,0.0,0.0,0.0,0.5918,0.8022,0.02,0.0142,0.0137,0.0137,26.47,0.0,0.0,0.0,0.0,0.0,0.0
1782735879.499,0.0,0.0,0.0,0.5918,0.8022,0.02,0.0137,0.0137,0.0137,26.47,0.0,0.0,0.0,0.0,0.0,0.0
1782735884.509,0.0,0.0,0.0,0.5918,0.8022,0.02,0.0142,0.0132,0.0146,26.47,0.05,0.05,0.05,0.0,0.0,0.0
1782735889.517,0.0,0.0,0.0,0.5918,0.8022,0.02,0.0132,0.0127,0.0142,26.47,0.0,0.0,0.0,0.0,0.0,0.0
1782735894.53,0.0,0.0,0.0,0.5913,0.8022,0.02,0.0137,0.0127,0.0137,26.46,0.0,0.0,0.0,0.0,0.0,0.0
1782735899.54,0.0,0.0,0.0,0.5913,0.8022,0.02,0.0132,0.0127,0.0146,26.46,0.0,0.0,0.0,53.0,0.0,0.0
1782735904.547,0.0,0.0,0.0,0.5918,0.8022,0.02,0.0254,0.0171,0.0181,26.46,0.0,0.0,0.0,0.0,0.0,0.0
1782735909.559,0.0,0.0,0.0,0.5918,0.8022,0.02,0.0146,0.0142,0.0142,26.46,0.0,0.0,0.0,0.0,0.0,0.0
1782735914.565,0.0,0.0,0.0,0.5913,0.8022,0.02,0.0137,0.0132,0.0146,26.46,0.0,0.0,0.0,0.0,0.0,0.0
1782735919.577,0.0,0.0,0.0,0.5913,0.8022,0.02,0.0137,0.0137,0.0137,26.45,0.0,0.0,0.0,0.0,0.0,0.0
1782735924.586,0.0,0.0,0.0,0.5913,0.8022,0.02,0.0137,0.0137,0.0146,26.45,0.0,0.0,0.0,0.0,0.0,0.0
1782735929.598,0.0,0.0,0.0,0.5913,0.8022,0.02,0.0137,0.0137,0.0137,26.45,0.0,0.0,0.0,0.0,0.0,0.0
1782735934.604,0.0,0.0,0.0,0.5913,0.8022,0.02,0.0146,0.0127,0.0137,26.45,0.0,0.0,0.0,0.0,0.0,0.0
1782735939.619,0.0,0.0,0.0,0.5913,0.8022,0.02,0.0142,0.0137,0.0142,26.44,0.0,0.0,0.0,0.0,0.0,0.0
1782735944.63,0.0,0.0,0.0,0.5913,0.8022,0.0205,0.0146,0.0132,0.0137,26.44,0.0,0.0,0.0,0.0,0.0,0.0
1782735949.641,0.0,0.0,0.0,0.5913,0.8022,0.0205,0.0132,0.0132,0.0137,26.44,0.0,0.0,0.0,0.0,0.0,0.0
1782735954.652,0.0,0.0,0.0,0.5913,0.8022,0.0205,0.0132,0.0132,0.0137,26.44,0.0,0.0,0.0,0.0,0.0,0.0
1782735959.659,0.0,0.0,0.0,0.5913,0.8022,0.0205,0.0132,0.0142,0.0151,26.44,0.0,0.0,0.0,0.0,0.0,0.0
1782735964.67,0.0,0.0,0.0,0.5913,0.8022,0.0205,0.0142,0.0142,0.0142,26.44,0.0,0.0,0.0,0.0,0.0,0.0
1782735969.684,0.0,0.0,0.0,0.5913,0.8022,0.0205,0.0142,0.0132,0.0146,26.44,0.0,0.0,0.0,0.0,0.0,0.0
1782735974.692,0.0,0.0,0.0,0.5913,0.8022,0.0205,0.0137,0.0137,0.0142,26.44,0.0,0.0,0.0,0.0,0.0,0.0
1782735979.703,0.0,0.0,0.0,0.5913,0.8022,0.0205,0.0137,0.0146,0.0142,26.43,0.0,0.0,0.0,0.0,0.0,0.0
1782735984.715,0.0,0.0,0.0,0.5913,0.8022,0.0205,0.0137,0.0151,0.0142,26.43,0.0,0.0,0.0,1.9,78.1,0.0
1782735989.728,0.0,0.0,0.0,0.5913,0.8022,0.0205,0.0132,0.0137,0.0142,26.43,0.0,0.0,0.0,0.0,0.0,0.0
1782735994.74,0.0,0.0,0.0,0.5913,0.8022,0.0205,0.0137,0.0146,0.0137,26.43,0.0,0.0,0.0,0.0,0.0,0.0
1782735999.752,0.0,0.0,0.0,0.5913,0.8022,0.0205,0.0142,0.0137,0.0146,26.43,0.0,0.0,0.0,0.0,0.0,0.0
1782736004.762,0.0,0.0,0.0,0.5913,0.8022,0.0205,0.0132,0.0132,0.0142,26.43,0.0,0.0,0.0,0.0,0.0,0.0
1782736009.775,0.0,0.0,0.0,0.5913,0.8022,0.0205,0.0132,0.0137,0.0146,26.43,0.0,0.0,0.0,0.0,0.0,0.0
1782736014.788,0.0,0.0,0.0,0.5913,0.8022,0.0205,0.0137,0.0137,0.0137,26.43,0.0,0.0,0.0,0.0,0.0,0.0
1782736019.796,0.0,0.0,0.0,0.5913,0.8022,0.0205,0.0137,0.0142,0.0142,26.43,0.0,0.0,0.0,0.0,0.0,0.0
1782736024.81,0.0,0.0,0.0,0.5913,0.8022,0.0205,0.0137,0.0142,0.0142,26.43,0.0,0.0,0.0,0.0,0.0,0.0
1782736029.822,0.0,0.0,0.0,0.5913,0.8022,0.0205,0.0142,0.0156,0.0151,26.43,0.0,0.0,0.0,0.0,0.0,0.0
1782736034.833,0.0,0.0,0.0,0.5913,0.8022,0.0205,0.0137,0.0146,0.0142,26.43,0.0,0.0,0.0,0.0,0.0,0.0
1782736039.847,0.003,0.003,0.003,0.5913,0.8022,0.0205,0.0146,0.0146,0.0146,26.43,0.27,0.3,0.27,0.0,0.0,0.0
1782736044.858,0.0,0.0,0.0,0.5913,0.8022,0.0205,0.0132,0.0146,0.0142,26.43,0.0,0.0,0.0,0.0,0.0,0.0
1782736049.87,0.0,0.0,0.0,0.5913,0.8022,0.0205,0.0137,0.0146,0.0142,26.43,0.0,0.0,0.0,0.0,0.0,0.0
1782736054.883,0.0,0.0,0.0,0.5913,0.8022,0.0205,0.0142,0.0146,0.0142,26.43,0.0,0.0,0.0,0.0,0.0,0.0
1782736059.895,0.0,0.0,0.0,0.5913,0.8022,0.02,0.0132,0.0146,0.0142,26.43,0.01,0.01,0.01,0.0,0.0,0.0
1782736064.906,0.0,0.0,0.0,0.5913,0.8022,0.02,0.0137,0.0151,0.0142,26.44,0.06,0.07,0.06,0.0,0.0,0.0
1782736069.918,0.0,0.0,0.0,0.5913,0.8022,0.02,0.0142,0.0156,0.0142,26.44,0.11,0.12,0.1,87.0,55.5,17.3
1782736074.928,0.0,0.0,0.0,0.5913,0.8022,0.02,0.0142,0.0146,0.0146,26.44,0.03,0.03,0.03,91.8,55.8,12.9
1782736079.941,0.0,0.0,0.0,0.5913,0.8022,0.02,0.0127,0.0146,0.0142,26.44,0.0,0.0,0.0,52.8,56.0,0.0
1782736084.957,0.0,0.0,0.0,0.5913,0.8022,0.02,0.0142,0.0146,0.0146,26.44,0.0,0.0,0.0,0.0,0.0,0.0
1782736089.964,0.0,0.0,0.0,0.5913,0.8022,0.02,0.0132,0.0142,0.0142,26.44,0.0,0.0,0.0,0.0,0.0,0.0
1782736094.978,0.0,0.0,0.0,0.5913,0.8022,0.02,0.0137,0.0151,0.0137,26.44,0.0,0.0,0.0,0.0,0.0,0.0
1782736099.991,0.0,0.0,0.0,0.5913,0.8022,0.02,0.0132,0.0156,0.0137,26.44,0.0,0.0,0.0,0.0,0.0,0.0
1782736105.004,0.0,0.0,0.0,0.5913,0.8022,0.02,0.0142,0.0146,0.0137,26.44,0.0,0.0,0.0,0.0,0.0,0.0
1782736110.012,0.0,0.0,0.0,0.5913,0.8022,0.02,0.0132,0.0142,0.0156,26.45,0.0,0.0,0.0,0.0,0.0,0.0
1782736115.025,0.0,0.0,0.0,0.5913,0.8022,0.02,0.0132,0.0146,0.0146,26.45,0.0,0.0,0.0,0.0,0.0,0.0
1782736120.035,0.0,0.0,0.0,0.5913,0.8022,0.02,0.0137,0.0142,0.0142,26.44,0.0,0.01,0.0,0.0,0.0,0.0
1782736125.048,0.0,0.0,0.0,0.5913,0.8022,0.02,0.0137,0.0142,0.0142,26.44,0.0,0.0,0.0,0.0,0.0,0.0
1782736130.058,0.0,0.0,0.0,0.5913,0.8022,0.02,0.0132,0.0151,0.0146,26.45,0.0,0.0,0.0,0.0,0.0,0.0
1782736135.071,0.001,0.001,0.001,0.5913,0.8022,0.02,0.0142,0.0151,0.0142,26.45,0.23,0.26,0.23,43.9,55.3,16.3
1782736140.082,0.0,0.0,0.0,0.5913,0.8022,0.02,0.0137,0.0146,0.0142,26.45,0.07,0.08,0.07,0.0,0.0,0.0
1782736145.094,0.0,0.0,0.0,0.5913,0.8022,0.02,0.0132,0.0156,0.0142,26.45,0.02,0.02,0.02,0.0,0.0,0.0
1782736150.106,0.0,0.0,0.0,0.5913,0.8022,0.02,0.0137,0.0142,0.0142,26.45,0.01,0.01,0.01,0.0,0.0,0.0
1782736155.116,0.0,0.0,0.0,0.5918,0.8022,0.02,0.0132,0.0142,0.0132,26.45,0.03,0.04,0.03,0.0,0.0,0.0
1782736160.12,0.0,0.0,0.0,0.5918,0.8022,0.02,0.0137,0.0151,0.0142,26.46,0.08,0.09,0.08,85.3,55.8,33.7
1782736165.128,0.0,0.0,0.0,0.5918,0.8022,0.02,0.0137,0.0151,0.0142,26.46,0.07,0.08,0.07,29.5,55.3,34.4
1782736170.142,0.0,0.0,0.0,0.5918,0.8022,0.02,0.0142,0.0146,0.0142,26.46,0.05,0.05,0.04,79.3,55.5,41.6
1782736175.152,0.0,0.0,0.0,0.5918,0.8022,0.02,0.0132,0.0146,0.0142,26.46,0.0,0.0,0.0,0.0,0.0,0.0
1782736180.166,0.0,0.0,0.0,0.5918,0.8022,0.02,0.0132,0.0146,0.0132,26.46,0.0,0.0,0.0,0.0,0.0,0.0
1782736185.174,0.0,0.0,0.0,0.5918,0.8022,0.02,0.0137,0.0146,0.0142,26.46,0.0,0.0,0.0,0.0,0.0,0.0
1782736190.184,0.0,0.0,0.0,0.5918,0.8022,0.02,0.0142,0.0146,0.0142,26.46,0.0,0.0,0.0,0.0,0.0,0.0
1782736195.198,0.0,0.0,0.0,0.5918,0.8022,0.02,0.0137,0.0146,0.0156,26.46,0.03,0.04,0.03,0.0,0.0,0.0
1782736200.211,0.0,0.0,0.0,0.5918,0.8022,0.02,0.0137,0.0151,0.0146,26.46,0.0,0.0,0.0,0.0,0.0,0.0
1782736205.223,0.0,0.0,0.0,0.5918,0.8022,0.02,0.0137,0.0156,0.0151,26.47,0.0,0.0,0.0,0.0,0.0,0.0
1782736210.23,0.0,0.0,0.0,0.5918,0.8022,0.02,0.0142,0.0142,0.0146,26.47,0.0,0.0,0.0,0.0,0.0,0.0
1782736215.236,0.0,0.0,0.0,0.5918,0.8022,0.02,0.0146,0.0156,0.0151,26.47,0.0,0.0,0.0,0.0,0.0,0.0
1782736220.248,0.0,0.0,0.0,0.5918,0.8022,0.02,0.0146,0.0156,0.0142,26.47,0.0,0.0,0.0,0.0,0.0,0.0
1782736225.263,0.0,0.0,0.0,0.5918,0.8022,0.02,0.0132,0.0142,0.0137,26.47,0.02,0.03,0.02,0.0,0.0,0.0
1782736230.272,0.0,0.0,0.0,0.5913,0.8022,0.02,0.0142,0.0146,0.0142,26.47,0.0,0.0,0.0,0.0,0.0,0.0
1782736235.285,0.0,0.0,0.0,0.5913,0.8022,0.02,0.0137,0.0142,0.0127,26.47,0.0,0.0,0.0,0.0,0.0,0.0
1782736240.294,0.0,0.0,0.0,0.5918,0.8022,0.02,0.0137,0.0142,0.0151,26.48,0.07,0.08,0.07,0.0,0.0,0.0
1782736245.306,0.0,0.0,0.0,0.5918,0.8022,0.02,0.0137,0.0151,0.0137,26.48,0.01,0.01,0.01,0.0,0.0,0.0
1782736250.315,0.0,0.0,0.0,0.5918,0.8022,0.02,0.0146,0.0146,0.0142,26.48,0.0,0.0,0.0,0.0,0.0,0.0
1782736255.323,0.0,0.0,0.0,0.5918,0.8022,0.02,0.0137,0.0146,0.0142,26.48,0.06,0.07,0.06,0.0,0.0,0.0
1782736260.332,0.0,0.0,0.0,0.5918,0.8022,0.02,0.0132,0.0146,0.0132,26.49,0.0,0.0,0.0,0.0,0.0,0.0
1782736265.344,0.0,0.0,0.0,0.5913,0.8022,0.02,0.0137,0.0151,0.0146,26.49,0.01,0.01,0.01,18.8,55.5,91.3
1782736270.356,0.0,0.0,0.0,0.5918,0.8022,0.02,0.0137,0.0151,0.0137,26.49,0.0,0.0,0.0,0.0,0.0,0.0
1782736275.365,0.0,0.0,0.0,0.5913,0.8022,0.02,0.0137,0.0151,0.0142,26.49,0.0,0.0,0.0,0.0,0.0,0.0
1782736280.375,0.0,0.0,0.0,0.5913,0.8022,0.02,0.0137,0.0151,0.0142,26.49,0.0,0.0,0.0,0.0,0.0,0.0
1782736285.385,0.0,0.0,0.0,0.5913,0.8022,0.02,0.0132,0.0146,0.0142,26.5,0.0,0.0,0.0,0.0,0.0,0.0
1782736290.397,0.0,0.0,0.0,0.5913,0.8022,0.02,0.0137,0.0151,0.0137,26.5,0.0,0.0,0.0,0.0,0.0,0.0
1782736295.414,0.0,0.0,0.0,0.5913,0.8022,0.02,0.0132,0.0151,0.0142,26.5,0.0,0.0,0.0,0.0,0.0,0.0
1782736300.423,0.0,0.0,0.0,0.5913,0.8022,0.02,0.0137,0.0142,0.0146,26.5,0.02,0.03,0.02,0.0,0.0,0.0
1782736305.435,0.0,0.0,0.0,0.5913,0.8022,0.02,0.0161,0.0156,0.0146,26.5,0.0,0.0,0.0,0.0,0.0,0.0
1782736310.442,0.0,0.0,0.0,0.5913,0.8022,0.02,0.0132,0.0137,0.0137,26.5,0.0,0.0,0.0,0.0,0.0,0.0
1782736315.452,0.0,0.0,0.0,0.5913,0.8022,0.02,0.0137,0.0142,0.0146,26.5,0.0,0.0,0.0,0.0,0.0,0.0
1782736320.462,0.0,0.0,0.0,0.5913,0.8022,0.02,0.0132,0.0142,0.0142,26.5,0.0,0.0,0.0,0.0,0.0,0.0
1782736325.474,0.031,0.032,0.03,0.5913,0.8022,0.02,0.0142,0.0142,0.0146,26.5,1.11,1.14,1.07,120.3,109.1,5.4
1782736330.484,0.0,0.0,0.0,0.5913,0.8022,0.02,0.0137,0.0142,0.0146,26.5,0.0,0.0,0.0,0.0,0.0,0.0
1782736335.493,0.0,0.0,0.0,0.5913,0.8022,0.02,0.0132,0.0142,0.0137,26.5,0.0,0.0,0.0,0.0,0.0,0.0
1782736340.507,0.0,0.0,0.0,0.5913,0.8022,0.02,0.0142,0.0132,0.0137,26.5,0.0,0.0,0.0,0.0,0.0,0.0
1782736345.519,0.0,0.0,0.0,0.5913,0.8022,0.02,0.0137,0.0137,0.0142,26.51,0.01,0.01,0.01,0.0,0.0,0.0
1782736350.531,0.0,0.0,0.0,0.5913,0.8022,0.02,0.0132,0.0137,0.0137,26.51,0.0,0.0,0.0,0.0,0.0,0.0
1782736355.541,0.0,0.0,0.0,0.5913,0.8022,0.02,0.0137,0.0142,0.0142,26.51,0.0,0.0,0.0,0.0,0.0,0.0
1782736360.553,0.0,0.0,0.0,0.5913,0.8022,0.02,0.0142,0.0146,0.0137,26.51,0.02,0.03,0.02,21.5,97.0,92.3
1782736365.566,0.0,0.0,0.0,0.5913,0.8022,0.02,0.0132,0.0132,0.0137,26.51,0.0,0.0,0.0,0.0,0.0,0.0
1782736370.576,0.0,0.0,0.0,0.5913,0.8022,0.02,0.0132,0.0137,0.0137,26.51,0.0,0.0,0.0,0.0,0.0,0.0
1782736375.588,0.0,0.0,0.0,0.5913,0.8022,0.02,0.0132,0.0142,0.0137,26.51,0.0,0.0,0.0,0.0,0.0,0.0
1782736380.601,0.0,0.0,0.0,0.5913,0.8022,0.02,0.0137,0.0142,0.0137,26.51,0.0,0.0,0.0,0.0,0.0,0.0
1782736385.611,0.0,0.0,0.0,0.5913,0.8022,0.02,0.0142,0.0142,0.0137,26.52,0.0,0.0,0.0,0.0,0.0,0.0
1782736390.625,0.0,0.0,0.0,0.5913,0.8022,0.02,0.0137,0.0132,0.0146,26.52,0.0,0.0,0.0,0.0,0.0,0.0
1782736395.637,0.0,0.0,0.0,0.5913,0.8022,0.02,0.0142,0.0146,0.0142,26.52,0.0,0.0,0.0,0.0,0.0,0.0
1782736400.646,0.0,0.0,0.0,0.5913,0.8022,0.02,0.0137,0.0142,0.0142,26.52,0.0,0.0,0.0,0.0,0.0,0.0
1782736405.656,0.0,0.0,0.0,0.5913,0.8022,0.02,0.0137,0.0137,0.0146,26.52,0.0,0.0,0.0,0.0,0.0,0.0
1782736410.67,0.0,0.0,0.0,0.5913,0.8022,0.02,0.0132,0.0132,0.0142,26.52,0.0,0.0,0.0,0.0,0.0,0.0
1782736415.68,0.0,0.0,0.0,0.5913,0.8022,0.02,0.0137,0.0137,0.0146,26.52,0.0,0.0,0.0,0.0,0.0,0.0
1782736420.692,0.0,0.0,0.0,0.5913,0.8022,0.02,0.0137,0.0137,0.0142,26.52,0.0,0.0,0.0,0.0,0.0,0.0
1782736425.704,0.018,0.019,0.017,0.5913,0.8022,0.02,0.0142,0.0142,0.0146,26.52,0.51,0.52,0.48,0.0,0.0,0.0
1782736430.716,0.0,0.0,0.0,0.5913,0.8022,0.02,0.0146,0.0132,0.0137,26.53,0.0,0.0,0.0,0.0,0.0,0.0
1782736435.731,0.0,0.0,0.0,0.5913,0.8022,0.02,0.0137,0.0137,0.0142,26.53,0.0,0.0,0.0,0.0,0.0,0.0
1782736440.739,0.0,0.0,0.0,0.5913,0.8022,0.02,0.0137,0.0137,0.0142,26.52,0.0,0.0,0.0,0.0,0.0,0.0
1782736445.751,0.0,0.0,0.0,0.5913,0.8022,0.02,0.0142,0.0142,0.0142,26.52,0.0,0.0,0.0,0.0,0.0,0.0
1782736450.765,0.0,0.0,0.0,0.5913,0.8022,0.02,0.0142,0.0137,0.0146,26.52,0.0,0.0,0.0,104.9,102.7,103.7
1782736455.774,0.0,0.0,0.0,0.5913,0.8022,0.02,0.0132,0.0127,0.0142,26.52,0.0,0.0,0.0,0.0,0.0,0.0
1782736460.788,0.0,0.0,0.0,0.5913,0.8022,0.02,0.0132,0.0137,0.0142,26.52,0.0,0.0,0.0,0.0,0.0,0.0
1782736465.798,0.0,0.0,0.0,0.5913,0.8022,0.02,0.0132,0.0137,0.0137,26.52,0.0,0.0,0.0,0.0,0.0,0.0
1782736470.811,0.0,0.0,0.0,0.5913,0.8022,0.02,0.0137,0.0137,0.0156,26.53,0.0,0.0,0.0,0.0,0.0,0.0
1782736475.823,0.0,0.0,0.0,0.5918,0.8022,0.02,0.0146,0.0137,0.0137,26.53,0.0,0.0,0.0,0.0,0.0,0.0
1782736480.837,0.0,0.0,0.0,0.5918,0.8022,0.02,0.0137,0.0137,0.0137,26.53,0.0,0.0,0.0,0.0,0.0,0.0
1782736485.847,0.0,0.0,0.0,0.5918,0.8022,0.02,0.0142,0.0132,0.0137,26.52,0.0,0.0,0.0,0.0,0.0,0.0
1782736490.858,0.0,0.0,0.0,0.5918,0.8022,0.02,0.0137,0.0137,0.0142,26.53,0.0,0.0,0.0,0.0,0.0,0.0
1782736495.869,0.0,0.0,0.0,0.5918,0.8022,0.02,0.0132,0.0132,0.0137,26.53,0.0,0.0,0.0,0.0,0.0,0.0
1782736500.882,0.0,0.0,0.0,0.5913,0.8022,0.02,0.0137,0.0142,0.0151,26.53,0.0,0.0,0.0,0.0,0.0,0.0
1782736505.891,0.0,0.0,0.0,0.5913,0.8022,0.02,0.0132,0.0137,0.0142,26.53,0.0,0.0,0.0,0.0,0.0,0.0
1782736510.903,0.0,0.0,0.0,0.5913,0.8022,0.02,0.0142,0.0142,0.0142,26.52,0.0,0.0,0.0,0.0,0.0,0.0
1782736515.915,0.0,0.0,0.0,0.5913,0.8022,0.02,0.0137,0.0142,0.0137,26.52,0.0,0.0,0.0,0.0,0.0,0.0
1782736520.927,0.005,0.005,0.005,0.5913,0.8022,0.02,0.0142,0.0132,0.0156,26.53,0.51,0.51,0.48,38.7,63.7,14.1
1782736525.939,0.0,0.0,0.0,0.5913,0.8022,0.02,0.0142,0.0137,0.0142,26.52,0.0,0.0,0.0,0.0,0.0,0.0
1782736530.95,0.0,0.0,0.0,0.5913,0.8022,0.02,0.0142,0.0132,0.0137,26.52,0.0,0.0,0.0,0.0,0.0,0.0
1782736535.96,0.0,0.0,0.0,0.5918,0.8022,0.02,0.0137,0.0132,0.0151,26.52,0.01,0.01,0.01,0.0,0.0,0.0
1782736540.973,0.0,0.0,0.0,0.5918,0.8022,0.02,0.0146,0.0137,0.0142,26.52,0.07,0.07,0.07,55.5,4.4,61.7
1782736545.98,0.0,0.0,0.0,0.5913,0.8022,0.02,0.0137,0.0137,0.0137,26.52,0.0,0.0,0.0,0.0,0.0,0.0
1782736550.994,0.0,0.0,0.0,0.5913,0.8022,0.02,0.0137,0.0132,0.0151,26.52,0.01,0.01,0.01,92.7,37.7,90.0
1782736556.004,0.0,0.0,0.0,0.5913,0.8022,0.02,0.0137,0.0137,0.0137,26.52,0.0,0.0,0.0,0.0,0.0,0.0
1782736561.017,0.0,0.0,0.0,0.5918,0.8022,0.02,0.0127,0.0132,0.0146,26.52,0.0,0.0,0.0,0.0,0.0,0.0
1782736566.031,0.0,0.0,0.0,0.5918,0.8022,0.02,0.0137,0.0142,0.0142,26.52,0.0,0.0,0.0,0.0,0.0,0.0
1782736571.04,0.0,0.0,0.0,0.5918,0.8022,0.02,0.0137,0.0137,0.0142,26.52,0.0,0.0,0.0,0.0,0.0,0.0
1782736576.048,0.0,0.0,0.0,0.5918,0.8022,0.02,0.0151,0.0132,0.0151,26.52,0.0,0.0,0.0,0.0,0.0,0.0
1782736581.058,0.0,0.0,0.0,0.5918,0.8022,0.02,0.0137,0.0137,0.0151,26.52,0.0,0.0,0.0,0.0,0.0,0.0
1782736586.068,0.0,0.0,0.0,0.5918,0.8022,0.02,0.0142,0.0132,0.0137,26.52,0.0,0.0,0.0,0.0,0.0,0.0
1782736591.076,0.0,0.0,0.0,0.5918,0.8022,0.02,0.0132,0.0142,0.0142,26.51,0.0,0.0,0.0,0.0,0.0,0.0
1782736596.084,0.0,0.0,0.0,0.5913,0.8022,0.02,0.0142,0.0132,0.0146,26.51,0.0,0.0,0.0,0.0,0.0,0.0
1782736601.097,0.0,0.0,0.0,0.5913,0.8022,0.02,0.0137,0.0137,0.0137,26.51,0.01,0.01,0.01,0.0,0.0,0.0
1782736606.104,0.0,0.0,0.0,0.5913,0.8022,0.02,0.0137,0.0132,0.0146,26.51,0.0,0.0,0.0,0.0,0.0,0.0
1782736611.116,0.0,0.0,0.0,0.5913,0.8022,0.02,0.0146,0.0137,0.0132,26.51,0.0,0.0,0.0,0.0,0.0,0.0
1782736616.124,0.0,0.0,0.0,0.5913,0.8022,0.02,0.0137,0.0127,0.0142,26.51,0.0,0.0,0.0,0.0,0.0,0.0
1782736621.132,0.0,0.0,0.0,0.5913,0.8022,0.02,0.0137,0.0132,0.0137,26.51,0.0,0.0,0.0,0.0,0.0,0.0
1782736626.14,0.0,0.0,0.0,0.5913,0.8022,0.02,0.0142,0.0142,0.0151,26.51,0.09,0.09,0.09,7.1,119.3,72.4
1782736631.148,0.002,0.002,0.001,0.5913,0.8022,0.02,0.0132,0.0137,0.0146,26.5,0.16,0.16,0.15,0.0,0.0,0.0
1782736636.156,0.0,0.0,0.0,0.5913,0.8022,0.02,0.0137,0.0137,0.0137,26.5,0.0,0.0,0.0,0.0,0.0,0.0
1782736641.165,0.0,0.0,0.0,0.5913,0.8022,0.02,0.0137,0.0132,0.0142,26.5,0.0,0.0,0.0,0.0,0.0,0.0
1782736646.172,0.0,0.0,0.0,0.5913,0.8022,0.02,0.0142,0.0137,0.0151,26.5,0.03,0.03,0.03,0.0,0.0,0.0
1782736651.18,0.0,0.0,0.0,0.5913,0.8022,0.02,0.0132,0.0127,0.0142,26.49,0.0,0.0,0.0,0.0,0.0,0.0
1782736656.188,0.0,0.0,0.0,0.5913,0.8022,0.02,0.0142,0.0137,0.0137,26.49,0.0,0.0,0.0,0.0,0.0,0.0
1782736661.196,0.0,0.0,0.0,0.5913,0.8022,0.02,0.0132,0.0132,0.0146,26.49,0.0,0.0,0.0,0.0,0.0,0.0
1782736666.204,0.0,0.0,0.0,0.5913,0.8022,0.02,0.0142,0.0132,0.0142,26.49,0.0,0.0,0.0,0.0,0.0,0.0
1782736671.212,0.001,0.001,0.001,0.5913,0.8022,0.02,0.0142,0.0137,0.0146,26.49,0.03,0.03,0.02,0.0,0.0,0.0
1782736676.219,0.0,0.0,0.0,0.5913,0.8022,0.02,0.0142,0.0137,0.0151,26.49,0.0,0.0,0.0,0.0,0.0,0.0
1782736681.229,0.0,0.0,0.0,0.5913,0.8022,0.02,0.0132,0.0132,0.0137,26.49,0.0,0.0,0.0,0.0,0.0,0.0
1782736686.24,0.0,0.0,0.0,0.5913,0.8022,0.02,0.0132,0.0132,0.0142,26.48,0.0,0.0,0.0,0.0,0.0,0.0
1782736691.249,0.0,0.0,0.0,0.5913,0.8022,0.02,0.0137,0.0132,0.0137,26.48,0.0,0.0,0.0,0.0,0.0,0.0
1782736696.255,0.0,0.0,0.0,0.5913,0.8022,0.02,0.0142,0.0132,0.0137,26.48,0.0,0.0,0.0,0.0,0.0,0.0
1782736701.262,0.0,0.0,0.0,0.5913,0.8022,0.02,0.0142,0.0142,0.0137,26.48,0.0,0.0,0.0,0.0,0.0,0.0
1782736706.268,0.0,0.0,0.0,0.5913,0.8022,0.02,0.0142,0.0132,0.0137,26.48,0.0,0.0,0.0,0.0,0.0,0.0
1782736711.275,0.0,0.0,0.0,0.5913,0.8022,0.02,0.0142,0.0132,0.0151,26.48,0.0,0.0,0.0,0.0,0.0,0.0
1782736716.282,0.0,0.0,0.0,0.5913,0.8022,0.02,0.0132,0.0137,0.0146,26.48,0.0,0.0,0.0,0.0,0.0,0.0
1782736721.291,0.0,0.0,0.0,0.5913,0.8022,0.02,0.0137,0.0142,0.0142,26.47,0.0,0.0,0.0,0.0,0.0,0.0
1782736726.299,0.0,0.0,0.0,0.5913,0.8022,0.02,0.0142,0.0137,0.0142,26.47,0.0,0.0,0.0,0.0,0.0,0.0
1782736731.307,0.0,0.0,0.0,0.5913,0.8022,0.02,0.0137,0.0132,0.0137,26.47,0.0,0.0,0.0,0.0,0.0,0.0
1782736736.315,0.0,0.0,0.0,0.5913,0.8022,0.02,0.0142,0.0137,0.0142,26.47,0.0,0.0,0.0,0.0,0.0,0.0
1782736741.322,0.0,0.0,0.0,0.5913,0.8022,0.02,0.0142,0.0137,0.0142,26.47,0.0,0.0,0.0,0.0,0.0,0.0
1782736746.331,0.0,0.0,0.0,0.5913,0.8022,0.02,0.0137,0.0142,0.0146,26.46,0.0,0.0,0.0,0.0,0.0,0.0
1782736751.335,0.0,0.0,0.0,0.5913,0.8022,0.02,0.0142,0.0137,0.0142,26.46,0.05,0.05,0.04,0.0,0.0,0.0
1782736756.343,0.0,0.0,0.0,0.5913,0.8022,0.02,0.0137,0.0137,0.0156,26.46,0.0,0.0,0.0,0.0,0.0,0.0
1782736761.352,0.0,0.0,0.0,0.5913,0.8022,0.02,0.0146,0.0132,0.0146,26.46,0.0,0.0,0.0,0.0,0.0,0.0
1782736766.36,0.0,0.0,0.0,0.5913,0.8022,0.02,0.0132,0.0137,0.0142,26.46,0.0,0.0,0.0,0.0,0.0,0.0
1782736771.367,0.0,0.0,0.0,0.5913,0.8022,0.02,0.0137,0.0132,0.0146,26.46,0.0,0.0,0.0,0.0,0.0,0.0
1782736776.374,0.0,0.0,0.0,0.5913,0.8022,0.02,0.0142,0.0127,0.0132,26.46,0.0,0.0,0.0,0.0,0.0,0.0
1782736781.382,0.0,0.0,0.0,0.5913,0.8022,0.02,0.0142,0.0137,0.0146,26.45,0.0,0.0,0.0,0.0,0.0,0.0
1782736786.387,0.0,0.0,0.0,0.5913,0.8022,0.02,0.0142,0.0132,0.0142,26.45,0.0,0.0,0.0,0.0,0.0,0.0
1782736791.396,0.0,0.0,0.0,0.5913,0.8022,0.02,0.0142,0.0132,0.0137,26.45,0.0,0.0,0.0,0.0,0.0,0.0
1782736796.407,0.0,0.0,0.0,0.5913,0.8022,0.02,0.0132,0.0137,0.0137,26.45,0.0,0.0,0.0,0.0,0.0,0.0
1782736801.418,0.0,0.0,0.0,0.5913,0.8022,0.02,0.0142,0.0132,0.0142,26.44,0.0,0.0,0.0,0.0,0.0,0.0
1782736806.43,0.0,0.0,0.0,0.5913,0.8022,0.02,0.0132,0.0137,0.0137,26.44,0.0,0.0,0.0,0.0,0.0,0.0
1782736811.44,0.0,0.0,0.0,0.5913,0.8022,0.02,0.0132,0.0137,0.0142,26.44,0.0,0.0,0.0,0.0,0.0,0.0
1782736816.452,0.0,0.0,0.0,0.5913,0.8022,0.02,0.0137,0.0127,0.0137,26.44,0.0,0.0,0.0,0.0,0.0,0.0
1782736821.463,0.0,0.0,0.0,0.5913,0.8022,0.02,0.0142,0.0132,0.0151,26.44,0.03,0.03,0.02,32.0,87.3,99.2
1782736826.476,0.0,0.0,0.0,0.5913,0.8022,0.02,0.0142,0.0132,0.0137,26.44,0.01,0.01,0.01,102.7,19.1,98.7
1782736831.482,0.0,0.0,0.0,0.5913,0.8022,0.02,0.0137,0.0142,0.0142,26.43,0.0,0.0,0.0,0.0,0.0,0.0
1782736836.494,0.0,0.0,0.0,0.5913,0.8022,0.02,0.0137,0.0127,0.0137,26.43,0.0,0.0,0.0,0.0,0.0,0.0
1782736841.505,0.0,0.0,0.0,0.5913,0.8022,0.02,0.0142,0.0137,0.0132,26.43,0.0,0.0,0.0,0.0,0.0,0.0
1782736846.516,0.0,0.0,0.0,0.5913,0.8022,0.02,0.0142,0.0132,0.0142,26.43,0.0,0.0,0.0,0.0,0.0,0.0
1782736851.527,0.0,0.0,0.0,0.5913,0.8022,0.02,0.0142,0.0137,0.0137,26.43,0.0,0.0,0.0,0.0,0.0,0.0
1782736856.54,0.0,0.0,0.0,0.5913,0.8022,0.02,0.0137,0.0127,0.0142,26.42,0.0,0.0,0.0,0.0,0.0,0.0
1782736861.55,0.0,0.0,0.0,0.5913,0.8022,0.02,0.0132,0.0137,0.0137,26.42,0.0,0.0,0.0,0.0,0.0,0.0
1782736866.563,0.0,0.0,0.0,0.5913,0.8022,0.02,0.0132,0.0127,0.0146,26.42,0.0,0.0,0.0,0.0,0.0,0.0
1782736871.574,0.0,0.0,0.0,0.5913,0.8022,0.02,0.0137,0.0132,0.0151,26.42,0.0,0.0,0.0,0.0,0.0,0.0
1782736876.585,0.0,0.0,0.0,0.5913,0.8022,0.02,0.0132,0.0132,0.0137,26.42,0.0,0.0,0.0,0.0,0.0,0.0
1782736881.595,0.0,0.0,0.0,0.5913,0.8022,0.02,0.0137,0.0137,0.0142,26.42,0.0,0.0,0.0,0.0,0.0,0.0
1782736886.607,0.0,0.0,0.0,0.5913,0.8022,0.02,0.0132,0.0137,0.0146,26.42,0.0,0.0,0.0,0.0,0.0,0.0
1782736891.618,0.0,0.0,0.0,0.5913,0.8022,0.02,0.0137,0.0137,0.0146,26.42,0.0,0.0,0.0,0.0,0.0,0.0
1782736896.628,0.0,0.0,0.0,0.5913,0.8022,0.02,0.0137,0.0137,0.0137,26.42,0.0,0.0,0.0,0.0,0.0,0.0
1782736901.64,0.0,0.0,0.0,0.5913,0.8022,0.02,0.0132,0.0142,0.0151,26.42,0.02,0.02,0.02,0.0,0.0,0.0
1782736906.65,0.0,0.0,0.0,0.5913,0.8022,0.02,0.0142,0.0137,0.0146,26.42,0.0,0.0,0.0,0.0,0.0,0.0
1782736911.662,0.0,0.0,0.0,0.5913,0.8022,0.02,0.0142,0.0137,0.0142,26.42,0.0,0.0,0.0,0.0,0.0,0.0
1782736916.673,0.0,0.0,0.0,0.5913,0.8022,0.02,0.0137,0.0137,0.0146,26.42,0.03,0.03,0.03,42.4,56.0,119.8
1782736921.682,0.0,0.0,0.0,0.5913,0.8022,0.02,0.0127,0.0132,0.0142,26.42,0.0,0.0,0.0,0.0,0.0,0.0
1782736926.691,0.0,0.0,0.0,0.5913,0.8022,0.02,0.0137,0.0132,0.0132,26.42,0.0,0.0,0.0,0.0,0.0,0.0
1782736931.701,0.0,0.0,0.0,0.5913,0.8022,0.02,0.0137,0.0137,0.0142,26.42,0.0,0.0,0.0,0.0,0.0,0.0
1782736936.713,0.0,0.0,0.0,0.5913,0.8022,0.02,0.0127,0.0132,0.0142,26.42,0.0,0.0,0.0,0.0,0.0,0.0
1782736941.725,0.0,0.0,0.0,0.5913,0.8022,0.02,0.0161,0.0161,0.0142,26.42,0.0,0.0,0.0,0.0,0.0,0.0
1782736946.735,0.0,0.0,0.0,0.5913,0.8022,0.02,0.0137,0.0137,0.0137,26.42,0.0,0.0,0.0,0.0,0.0,0.0
1782736951.747,0.0,0.0,0.0,0.5913,0.8022,0.02,0.0137,0.0137,0.0142,26.42,0.0,0.0,0.0,0.0,0.0,0.0
1782736956.76,0.0,0.0,0.0,0.5913,0.8022,0.02,0.0142,0.0132,0.0137,26.43,0.0,0.0,0.0,0.0,0.0,0.0
1782736961.771,0.0,0.0,0.0,0.5913,0.8022,0.02,0.0137,0.0132,0.0137,26.43,0.0,0.0,0.0,0.0,0.0,0.0
1782736966.784,0.0,0.0,0.0,0.5913,0.8022,0.02,0.0142,0.0137,0.0137,26.43,0.0,0.0,0.0,0.0,0.0,0.0
1782736971.796,0.0,0.0,0.0,0.5913,0.8022,0.02,0.0137,0.0132,0.0137,26.43,0.0,0.0,0.0,0.0,0.0,0.0
1782736976.802,0.0,0.0,0.0,0.5913,0.8022,0.02,0.0137,0.0137,0.0146,26.43,0.0,0.0,0.0,0.0,0.0,0.0
1782736981.812,0.0,0.0,0.0,0.5913,0.8022,0.02,0.0137,0.0137,0.0142,26.43,0.0,0.0,0.0,0.0,0.0,0.0
1782736986.821,0.0,0.0,0.0,0.5913,0.8022,0.02,0.0137,0.0132,0.0137,26.43,0.0,0.0,0.0,0.0,0.0,0.0
1782736991.832,0.0,0.0,0.0,0.5913,0.8022,0.02,0.0132,0.0132,0.0137,26.43,0.0,0.0,0.0,0.0,0.0,0.0
1782736996.839,0.0,0.0,0.0,0.5913,0.8022,0.02,0.0137,0.0132,0.0137,26.43,0.0,0.0,0.0,0.0,0.0,0.0
1782737001.846,0.0,0.0,0.0,0.5913,0.8022,0.02,0.0132,0.0142,0.0142,26.43,0.0,0.0,0.0,0.0,0.0,0.0
1782737006.857,0.0,0.0,0.0,0.5913,0.8022,0.02,0.0137,0.0137,0.0142,26.43,0.0,0.0,0.0,0.0,0.0,0.0
1782737011.864,0.0,0.0,0.0,0.5913,0.8022,0.02,0.0142,0.0127,0.0137,26.43,0.0,0.0,0.0,0.0,0.0,0.0
1782737016.874,0.0,0.0,0.0,0.5913,0.8022,0.02,0.0132,0.0137,0.0142,26.43,0.06,0.06,0.06,0.0,0.0,0.0
1782737021.883,0.0,0.0,0.0,0.5913,0.8022,0.02,0.0132,0.0132,0.0151,26.43,0.0,0.0,0.0,59.5,0.0,0.0
1782737026.891,0.0,0.0,0.0,0.5913,0.8022,0.02,0.0137,0.0132,0.0132,26.43,0.0,0.0,0.0,0.0,0.0,0.0
1782737031.901,0.0,0.0,0.0,0.5913,0.8022,0.02,0.0137,0.0132,0.0137,26.44,0.0,0.0,0.0,0.0,0.0,0.0
1782737036.914,0.0,0.0,0.0,0.5913,0.8022,0.02,0.0146,0.0146,0.0142,26.44,0.0,0.0,0.0,0.0,0.0,0.0
1782737041.925,0.0,0.0,0.0,0.5913,0.8022,0.02,0.0137,0.0132,0.0137,26.44,0.0,0.0,0.0,0.0,0.0,0.0
1782737046.932,0.0,0.0,0.0,0.5913,0.8022,0.02,0.0142,0.0132,0.0142,26.44,0.0,0.0,0.0,0.0,0.0,0.0
1782737051.947,0.0,0.0,0.0,0.5913,0.8022,0.02,0.0137,0.0146,0.0146,26.44,0.0,0.0,0.0,0.0,0.0,0.0
1782737056.96,0.0,0.0,0.0,0.5913,0.8022,0.02,0.0137,0.0127,0.0137,26.44,0.0,0.0,0.0,0.0,0.0,0.0
1782737061.97,0.0,0.0,0.0,0.5913,0.8022,0.02,0.0137,0.0137,0.0132,26.44,0.0,0.0,0.0,0.0,0.0,0.0
1782737066.98,0.0,0.0,0.0,0.5913,0.8022,0.02,0.0137,0.0137,0.0146,26.44,0.0,0.0,0.0,0.0,0.0,0.0
1782737071.99,0.0,0.0,0.0,0.5913,0.8022,0.02,0.0137,0.0137,0.0142,26.44,0.0,0.0,0.0,0.0,0.0,0.0
1782737077.002,0.0,0.0,0.0,0.5913,0.8022,0.02,0.0137,0.0142,0.0146,26.44,0.0,0.0,0.0,0.0,0.0,0.0
1782737082.012,0.0,0.0,0.0,0.5913,0.8022,0.02,0.0142,0.0146,0.0146,26.45,0.0,0.0,0.0,0.0,0.0,0.0
1782737087.022,0.0,0.0,0.0,0.5913,0.8022,0.02,0.0132,0.0142,0.0142,26.45,0.0,0.0,0.0,0.0,0.0,0.0
1782737092.032,0.0,0.0,0.0,0.5913,0.8022,0.02,0.0142,0.0132,0.0142,26.45,0.0,0.0,0.0,0.0,0.0,0.0
1782737097.044,0.002,0.002,0.002,0.5913,0.8022,0.02,0.0137,0.0137,0.0151,26.45,0.28,0.28,0.27,102.4,77.4,16.6
1782737102.054,0.0,0.0,0.0,0.5913,0.8022,0.02,0.0132,0.0137,0.0146,26.45,0.0,0.0,0.0,0.0,0.0,0.0
1782737107.066,0.0,0.0,0.0,0.5913,0.8022,0.02,0.0137,0.0132,0.0142,26.45,0.0,0.0,0.0,0.0,0.0,0.0
1782737112.078,0.0,0.0,0.0,0.5913,0.8022,0.02,0.0132,0.0132,0.0146,26.45,0.0,0.0,0.0,0.0,0.0,0.0
1782737117.082,0.0,0.0,0.0,0.5913,0.8022,0.02,0.0127,0.0132,0.0142,26.45,0.0,0.0,0.0,0.0,0.0,0.0
1782737122.092,0.0,0.0,0.0,0.5913,0.8022,0.02,0.0132,0.0127,0.0137,26.45,0.0,0.0,0.0,0.0,0.0,0.0
1782737127.102,0.0,0.0,0.0,0.5913,0.8022,0.02,0.0142,0.0137,0.0146,26.45,0.0,0.0,0.0,0.0,0.0,0.0
1782737132.108,0.0,0.0,0.0,0.5913,0.8022,0.02,0.0137,0.0132,0.0137,26.45,0.0,0.0,0.0,0.0,0.0,0.0
1782737137.121,0.0,0.0,0.0,0.5913,0.8022,0.02,0.0137,0.0137,0.0146,26.45,0.0,0.0,0.0,0.0,0.0,0.0
1782737142.131,0.0,0.0,0.0,0.5913,0.8022,0.02,0.0137,0.0137,0.0137,26.45,0.0,0.0,0.0,0.0,0.0,0.0
1782737147.138,0.005,0.005,0.004,0.5913,0.8022,0.02,0.0137,0.0132,0.0142,26.45,0.11,0.11,0.1,0.0,0.0,0.0
1782737152.147,0.0,0.0,0.0,0.5913,0.8022,0.02,0.0146,0.0137,0.0142,26.45,0.0,0.0,0.0,0.0,0.0,0.0
1782737157.159,0.0,0.0,0.0,0.5913,0.8022,0.02,0.0132,0.0137,0.0137,26.45,0.0,0.0,0.0,0.0,0.0,0.0
1782737162.167,0.0,0.0,0.0,0.5913,0.8022,0.02,0.0137,0.0146,0.0132,26.45,0.0,0.0,0.0,0.0,0.0,0.0
1782737167.176,0.0,0.0,0.0,0.5913,0.8022,0.02,0.0137,0.0132,0.0142,26.45,0.0,0.0,0.0,0.0,0.0,0.0
1782737172.188,0.0,0.0,0.0,0.5913,0.8022,0.02,0.0137,0.0132,0.0151,26.45,0.0,0.0,0.0,0.0,0.0,0.0
1782737177.196,0.0,0.0,0.0,0.5913,0.8022,0.02,0.0137,0.0142,0.0137,26.45,0.0,0.0,0.0,0.0,0.0,0.0
1782737182.204,0.0,0.0,0.0,0.5913,0.8022,0.02,0.0142,0.0137,0.0137,26.45,0.0,0.0,0.0,0.0,0.0,0.0
1782737187.211,0.0,0.0,0.0,0.5913,0.8022,0.02,0.0127,0.0132,0.0156,26.45,0.17,0.18,0.17,0.0,0.0,0.0
1782737192.225,0.0,0.0,0.0,0.5913,0.8022,0.02,0.0142,0.0137,0.0142,26.45,0.0,0.0,0.0,0.0,0.0,0.0
1782737197.236,0.0,0.0,0.0,0.5913,0.8022,0.02,0.0137,0.0137,0.0137,26.45,0.0,0.0,0.0,0.0,0.0,0.0
1782737202.246,0.0,0.0,0.0,0.5913,0.8022,0.02,0.0137,0.0142,0.0142,26.45,0.0,0.0,0.0,0.0,0.0,0.0
1782737207.256,0.0,0.0,0.0,0.5913,0.8022,0.02,0.0132,0.0132,0.0146,26.45,0.0,0.0,0.0,0.0,0.0,0.0
1782737212.263,0.0,0.0,0.0,0.5913,0.8022,0.02,0.0137,0.0137,0.0142,26.45,0.0,0.0,0.0,0.0,0.0,0.0
1782737217.272,0.0,0.0,0.0,0.5913,0.8022,0.02,0.0142,0.0142,0.0142,26.46,0.0,0.0,0.0,0.0,0.0,0.0
1782737222.283,0.0,0.0,0.0,0.5913,0.8022,0.02,0.0137,0.0142,0.0142,26.46,0.0,0.0,0.0,0.0,0.0,0.0
1782737227.293,0.0,0.0,0.0,0.5913,0.8022,0.02,0.0137,0.0132,0.0137,26.46,0.0,0.0,0.0,0.0,0.0,0.0
1782737232.299,0.0,0.0,0.0,0.5913,0.8022,0.02,0.0132,0.0137,0.0151,26.46,0.0,0.0,0.0,0.0,0.0,0.0
1782737237.307,0.0,0.0,0.0,0.5913,0.8022,0.02,0.0137,0.0146,0.0142,26.46,0.0,0.0,0.0,0.0,0.0,0.0
1782737242.317,0.0,0.0,0.0,0.5918,0.8022,0.02,0.0142,0.0132,0.0146,26.46,0.0,0.0,0.0,0.0,0.0,0.0
1782737247.327,0.0,0.0,0.0,0.5918,0.8022,0.02,0.0127,0.0137,0.0146,26.46,0.0,0.0,0.0,0.0,0.0,0.0
1782737252.34,0.0,0.0,0.0,0.5918,0.8022,0.02,0.0137,0.0151,0.0142,26.46,0.0,0.0,0.0,0.0,0.0,0.0
1782737257.35,0.002,0.001,0.001,0.5913,0.8022,0.02,0.0151,0.0142,0.0146,26.46,0.2,0.2,0.18,107.6,96.7,10.9
1782737262.36,0.0,0.0,0.0,0.5913,0.8022,0.02,0.0137,0.0137,0.0137,26.46,0.0,0.0,0.0,0.0,0.0,0.0
1782737267.368,0.0,0.0,0.0,0.5913,0.8022,0.02,0.0142,0.0132,0.0142,26.46,0.0,0.0,0.0,0.0,0.0,0.0
1782737272.376,0.0,0.0,0.0,0.5913,0.8022,0.02,0.0137,0.0137,0.0137,26.46,0.0,0.0,0.0,0.0,0.0,0.0
1782737277.389,0.0,0.0,0.0,0.5913,0.8022,0.02,0.0137,0.0142,0.0142,26.46,0.0,0.0,0.0,0.0,0.0,0.0
1782737282.399,0.0,0.0,0.0,0.5913,0.8022,0.02,0.0142,0.0132,0.0142,26.46,0.0,0.0,0.0,0.0,0.0,0.0
1782737287.407,0.0,0.0,0.0,0.5913,0.8022,0.02,0.0142,0.0137,0.0151,26.46,0.05,0.05,0.04,21.5,38.2,69.7
1782737292.416,0.0,0.0,0.0,0.5913,0.8022,0.02,0.0137,0.0142,0.0137,26.46,0.0,0.0,0.0,0.0,0.0,0.0
1782737297.423,0.0,0.0,0.0,0.5913,0.8022,0.02,0.0142,0.0142,0.0146,26.46,0.0,0.0,0.0,0.0,0.0,0.0
1782737302.428,0.0,0.0,0.0,0.5913,0.8022,0.02,0.0132,0.0132,0.0142,26.46,0.0,0.0,0.0,0.0,0.0,0.0
1782737307.44,0.0,0.0,0.0,0.5913,0.8022,0.02,0.0132,0.0137,0.0142,26.46,0.0,0.0,0.0,0.0,0.0,0.0
1782737312.453,0.0,0.0,0.0,0.5913,0.8022,0.02,0.0137,0.0137,0.0137,26.46,0.0,0.0,0.0,0.0,0.0,0.0
1782737317.463,0.0,0.0,0.0,0.5913,0.8022,0.02,0.0132,0.0137,0.0146,26.47,0.0,0.0,0.0,0.0,0.0,0.0
1782737322.472,0.0,0.0,0.0,0.5913,0.8022,0.02,0.0142,0.0132,0.0146,26.47,0.0,0.0,0.0,0.0,0.0,0.0
1782737327.479,0.0,0.0,0.0,0.5913,0.8022,0.02,0.0137,0.0137,0.0142,26.47,0.0,0.0,0.0,0.0,0.0,0.0
1782737332.491,0.0,0.0,0.0,0.5913,0.8022,0.02,0.0142,0.0132,0.0146,26.47,0.0,0.0,0.0,0.0,0.0,0.0
1782737337.501,0.0,0.0,0.0,0.5913,0.8022,0.02,0.0137,0.0127,0.0151,26.47,0.0,0.0,0.0,0.0,0.0,0.0
1782737342.511,0.0,0.0,0.0,0.5913,0.8022,0.02,0.0137,0.0132,0.0142,26.47,0.0,0.0,0.0,0.0,0.0,0.0
1782737347.52,0.0,0.0,0.0,0.5913,0.8022,0.02,0.0132,0.0127,0.0146,26.47,0.0,0.0,0.0,0.0,0.0,0.0
1782737352.53,0.0,0.0,0.0,0.5913,0.8022,0.02,0.0132,0.0137,0.0142,26.47,0.0,0.0,0.0,0.0,0.0,0.0
1782737357.543,0.0,0.0,0.0,0.5913,0.8022,0.02,0.0137,0.0132,0.0146,26.47,0.0,0.0,0.0,0.0,0.0,0.0
1782737362.551,0.0,0.0,0.0,0.5913,0.8022,0.02,0.0137,0.0137,0.0146,26.47,0.0,0.0,0.0,0.0,0.0,0.0
1782737367.562,0.001,0.001,0.001,0.5913,0.8022,0.02,0.0137,0.0137,0.0142,26.47,0.17,0.18,0.17,0.0,0.0,0.0
1782737372.57,0.0,0.0,0.0,0.5913,0.8022,0.02,0.0137,0.0137,0.0142,26.47,0.0,0.0,0.0,0.0,0.0,0.0
1782737377.583,0.0,0.0,0.0,0.5913,0.8022,0.02,0.0132,0.0137,0.0137,26.47,0.0,0.0,0.0,0.0,0.0,0.0
1782737382.596,0.0,0.0,0.0,0.5913,0.8022,0.02,0.0132,0.0137,0.0142,26.47,0.0,0.0,0.0,0.0,0.0,0.0
1782737387.606,0.0,0.0,0.0,0.5913,0.8022,0.02,0.0146,0.0137,0.0137,26.47,0.0,0.0,0.0,0.0,0.0,0.0
1782737392.614,0.0,0.0,0.0,0.5918,0.8022,0.02,0.0132,0.0137,0.0142,26.47,0.0,0.0,0.0,0.0,0.0,0.0
1782737397.626,0.0,0.0,0.0,0.5918,0.8022,0.02,0.0137,0.0137,0.0151,26.47,0.0,0.0,0.0,0.0,0.0,0.0
1782737402.635,0.0,0.0,0.0,0.5913,0.8022,0.02,0.0137,0.0137,0.0137,26.47,0.0,0.0,0.0,0.0,0.0,0.0
1782737407.651,0.0,0.0,0.0,0.5918,0.8022,0.02,0.0132,0.0137,0.0132,26.47,0.0,0.0,0.0,0.0,0.0,0.0
1782737412.661,0.0,0.0,0.0,0.5918,0.8022,0.02,0.0142,0.0137,0.0142,26.46,0.0,0.0,0.0,0.0,0.0,0.0
1782737417.67,0.0,0.0,0.0,0.5913,0.8022,0.02,0.0137,0.0137,0.0156,26.46,0.0,0.0,0.0,0.0,0.0,0.0
1782737422.681,0.0,0.0,0.0,0.5913,0.8022,0.02,0.0137,0.0137,0.0137,26.46,0.0,0.0,0.0,0.0,0.0,0.0
1782737427.695,0.0,0.0,0.0,0.5913,0.8022,0.02,0.0142,0.0137,0.0132,26.46,0.0,0.0,0.0,0.0,0.0,0.0
1782737432.705,0.0,0.0,0.0,0.5913,0.8022,0.02,0.0127,0.0132,0.0142,26.46,0.0,0.0,0.0,0.0,0.0,0.0
1782737437.716,0.057,0.059,0.055,0.5913,0.8022,0.02,0.0137,0.0137,0.0142,26.46,0.62,0.64,0.6,0.0,0.0,0.0
1782737442.72,0.0,0.0,0.0,0.5913,0.8022,0.02,0.0132,0.0137,0.0142,26.45,0.0,0.0,0.0,0.0,0.0,0.0
1782737447.729,0.003,0.003,0.002,0.5913,0.8022,0.02,0.0156,0.0142,0.0151,26.46,0.35,0.35,0.33,126.5,60.0,16.8
1782737452.743,0.0,0.0,0.0,0.5913,0.8022,0.02,0.0132,0.0132,0.0142,26.45,0.0,0.0,0.0,0.0,0.0,0.0
1782737457.754,0.0,0.0,0.0,0.5913,0.8022,0.02,0.0137,0.0132,0.0137,26.45,0.0,0.0,0.0,0.0,0.0,0.0
1782737462.768,0.0,0.0,0.0,0.5913,0.8022,0.02,0.0137,0.0132,0.0142,26.45,0.0,0.0,0.0,0.0,0.0,0.0
1782737467.776,0.0,0.0,0.0,0.5913,0.8022,0.02,0.0137,0.0137,0.0142,26.45,0.0,0.0,0.0,0.0,0.0,0.0
1782737472.786,0.0,0.0,0.0,0.5913,0.8022,0.02,0.0137,0.0137,0.0146,26.45,0.0,0.0,0.0,0.0,0.0,0.0
1782737477.8,0.0,0.0,0.0,0.5913,0.8022,0.02,0.0146,0.0137,0.0142,26.45,0.0,0.0,0.0,0.0,0.0,0.0
1782737482.81,0.0,0.0,0.0,0.5913,0.8022,0.02,0.0146,0.0137,0.0137,26.44,0.0,0.0,0.0,0.0,0.0,0.0
1782737487.818,0.0,0.0,0.0,0.5913,0.8022,0.02,0.0137,0.0146,0.0151,26.44,0.0,0.0,0.0,0.0,0.0,0.0
1782737492.828,0.0,0.0,0.0,0.5913,0.8022,0.02,0.0132,0.0132,0.0146,26.44,0.0,0.0,0.0,0.0,0.0,0.0
1782737497.84,0.0,0.0,0.0,0.5913,0.8022,0.02,0.0137,0.0137,0.0146,26.44,0.0,0.0,0.0,0.0,0.0,0.0
1782737502.85,0.0,0.0,0.0,0.5913,0.8022,0.02,0.0146,0.0137,0.0151,26.43,0.0,0.0,0.0,0.0,0.0,0.0
1782737507.86,0.0,0.0,0.0,0.5918,0.8022,0.02,0.0142,0.0142,0.0137,26.43,0.0,0.0,0.0,0.0,0.0,0.0
1782737512.871,0.0,0.0,0.0,0.5918,0.8022,0.02,0.0137,0.0151,0.0142,26.43,0.0,0.0,0.0,0.0,0.0,0.0
1782737517.879,0.0,0.0,0.0,0.5918,0.8022,0.02,0.0127,0.0132,0.0151,26.43,0.0,0.0,0.0,0.0,0.0,0.0
1782737522.892,0.0,0.0,0.0,0.5918,0.8022,0.02,0.0137,0.0132,0.0142,26.42,0.0,0.0,0.0,0.0,0.0,0.0
1782737527.899,0.0,0.0,0.0,0.5913,0.8022,0.02,0.0137,0.0127,0.0146,26.42,0.0,0.0,0.0,0.0,0.0,0.0
1782737532.907,0.0,0.0,0.0,0.5913,0.8022,0.02,0.0142,0.0146,0.0146,26.42,0.0,0.0,0.0,0.0,0.0,0.0
1782737537.915,0.0,0.0,0.0,0.5913,0.8022,0.02,0.0132,0.0137,0.0142,26.42,0.0,0.0,0.0,0.0,0.0,0.0
1782737542.92,0.0,0.0,0.0,0.5918,0.8022,0.02,0.0142,0.0132,0.0146,26.42,0.0,0.0,0.0,0.0,0.0,0.0
1782737547.936,0.0,0.0,0.0,0.5918,0.8022,0.02,0.0142,0.0146,0.0146,26.42,0.0,0.0,0.0,0.0,0.0,0.0
1782737552.947,0.0,0.0,0.0,0.5913,0.8022,0.02,0.0137,0.0142,0.0137,26.41,0.0,0.0,0.0,0.0,0.0,0.0
1782737557.954,0.0,0.0,0.0,0.5918,0.8022,0.02,0.0132,0.0137,0.0142,26.41,0.0,0.0,0.0,0.0,0.0,0.0
1782737562.967,0.0,0.0,0.0,0.5918,0.8022,0.02,0.0142,0.0137,0.0146,26.41,0.0,0.0,0.0,0.0,0.0,0.0
1782737567.975,0.002,0.002,0.002,0.5913,0.8022,0.02,0.0137,0.0142,0.0146,26.41,0.21,0.21,0.19,0.0,0.0,0.0
1782737572.985,0.0,0.0,0.0,0.5913,0.8022,0.02,0.0127,0.0137,0.0146,26.41,0.08,0.09,0.08,0.0,0.0,0.0
1782737577.999,0.0,0.0,0.0,0.5913,0.8022,0.02,0.0137,0.0137,0.0132,26.41,0.0,0.0,0.0,0.0,0.0,0.0
1782737583.007,0.0,0.0,0.0,0.5913,0.8022,0.02,0.0137,0.0142,0.0151,26.41,0.01,0.01,0.01,16.8,104.9,64.0
1782737588.017,0.0,0.0,0.0,0.5913,0.8022,0.02,0.0132,0.0132,0.0146,26.41,0.0,0.0,0.0,0.0,0.0,0.0
1782737593.028,0.0,0.0,0.0,0.5918,0.8022,0.02,0.0137,0.0146,0.0137,26.41,0.0,0.0,0.0,0.0,0.0,0.0
1782737598.034,0.0,0.0,0.0,0.5913,0.8022,0.02,0.0132,0.0132,0.0146,26.41,0.0,0.0,0.0,0.0,0.0,0.0
1782737603.048,0.0,0.0,0.0,0.5913,0.8022,0.02,0.0142,0.0137,0.0137,26.41,0.0,0.0,0.0,0.0,0.0,0.0
1782737608.058,0.0,0.0,0.0,0.5913,0.8022,0.02,0.0142,0.0137,0.0142,26.41,0.0,0.0,0.0,0.0,0.0,0.0
1782737613.07,0.0,0.0,0.0,0.5913,0.8022,0.02,0.0132,0.0146,0.0151,26.41,0.0,0.0,0.0,0.0,0.0,0.0
1782737618.079,0.0,0.0,0.0,0.5913,0.8022,0.02,0.0137,0.0132,0.0142,26.41,0.0,0.0,0.0,0.0,0.0,0.0
1782737623.092,0.0,0.0,0.0,0.5913,0.8022,0.02,0.0137,0.0142,0.0142,26.4,0.0,0.0,0.0,0.0,0.0,0.0
1782737628.101,0.0,0.0,0.0,0.5918,0.8022,0.02,0.0146,0.0146,0.0142,26.41,0.01,0.01,0.01,0.0,0.0,0.0
1782737633.111,0.0,0.0,0.0,0.5918,0.8022,0.02,0.0142,0.0132,0.0142,26.4,0.0,0.0,0.0,0.0,0.0,0.0
1782737638.122,0.0,0.0,0.0,0.5918,0.8022,0.02,0.0142,0.0137,0.0132,26.4,0.0,0.0,0.0,0.0,0.0,0.0
1782737643.129,0.007,0.006,0.006,0.5918,0.8022,0.02,0.0142,0.0142,0.0146,26.4,0.28,0.28,0.27,0.0,0.0,0.0
1782737648.14,0.0,0.0,0.0,0.5913,0.8022,0.02,0.0137,0.0132,0.0127,26.4,0.0,0.0,0.0,0.0,0.0,0.0
1782737653.15,0.0,0.0,0.0,0.5913,0.8022,0.02,0.0137,0.0137,0.0142,26.4,0.0,0.0,0.0,0.0,0.0,0.0
1782737658.158,0.0,0.0,0.0,0.5913,0.8022,0.02,0.0137,0.0132,0.0142,26.4,0.0,0.01,0.0,0.0,0.0,0.0
1782737663.174,0.0,0.0,0.0,0.5913,0.8022,0.02,0.0127,0.0142,0.0142,26.4,0.0,0.0,0.0,0.0,0.0,0.0
1782737668.186,0.0,0.0,0.0,0.5913,0.8022,0.02,0.0146,0.0137,0.0142,26.4,0.07,0.07,0.06,38.9,63.2,53.0
1782737673.197,0.0,0.0,0.0,0.5913,0.8022,0.02,0.0137,0.0132,0.0146,26.4,0.01,0.01,0.01,100.7,57.8,26.3
1782737678.209,0.0,0.0,0.0,0.5913,0.8022,0.02,0.0142,0.0132,0.0132,26.4,0.0,0.0,0.0,0.0,0.0,0.0
1782737683.217,0.0,0.0,0.0,0.5913,0.8022,0.02,0.0132,0.0132,0.0142,26.4,0.0,0.0,0.0,0.0,0.0,0.0
1782737688.227,0.0,0.0,0.0,0.5913,0.8022,0.02,0.0142,0.0132,0.0151,26.4,0.0,0.0,0.0,0.0,0.0,0.0
1782737693.239,0.0,0.0,0.0,0.5913,0.8022,0.02,0.0132,0.0137,0.0146,26.39,0.0,0.0,0.0,0.0,0.0,0.0
1782737698.246,0.0,0.0,0.0,0.5913,0.8022,0.02,0.0137,0.0146,0.0137,26.39,0.0,0.0,0.0,0.0,0.0,0.0
1782737703.256,0.0,0.0,0.0,0.5913,0.8022,0.02,0.0137,0.0127,0.0142,26.39,0.0,0.0,0.0,0.0,0.0,0.0
1782737708.27,0.0,0.0,0.0,0.5913,0.8022,0.02,0.0142,0.0132,0.0146,26.39,0.0,0.0,0.0,0.0,0.0,0.0
1782737713.282,0.0,0.0,0.0,0.5913,0.8022,0.02,0.0142,0.0132,0.0142,26.39,0.0,0.0,0.0,0.0,0.0,0.0
1782737718.295,0.0,0.0,0.0,0.5913,0.8022,0.02,0.0132,0.0132,0.0137,26.39,0.0,0.0,0.0,0.0,0.0,0.0
1782737723.303,0.0,0.0,0.0,0.5913,0.8022,0.02,0.0137,0.0137,0.0142,26.39,0.0,0.0,0.0,0.0,0.0,0.0
1782737728.313,0.0,0.0,0.0,0.5913,0.8022,0.02,0.0137,0.0142,0.0146,26.39,0.0,0.0,0.0,0.0,0.0,0.0
1782737733.326,0.0,0.0,0.0,0.5913,0.8022,0.02,0.0132,0.0137,0.0142,26.39,0.0,0.0,0.0,0.0,0.0,0.0
1782737738.338,0.0,0.0,0.0,0.5913,0.8022,0.02,0.0132,0.0127,0.0137,26.38,0.01,0.01,0.01,0.0,0.0,0.0
1782737743.345,0.0,0.0,0.0,0.5913,0.8022,0.02,0.0137,0.0142,0.0146,26.38,0.09,0.1,0.09,0.0,0.0,0.0
1782737748.354,0.0,0.0,0.0,0.5913,0.8022,0.02,0.0142,0.0137,0.0137,26.38,0.0,0.0,0.0,0.0,0.0,0.0
1782737753.364,0.0,0.0,0.0,0.5913,0.8022,0.0205,0.0137,0.0132,0.0137,26.38,0.0,0.0,0.0,0.0,0.0,0.0
1782737758.378,0.0,0.0,0.0,0.5913,0.8022,0.02,0.0137,0.0132,0.0137,26.38,0.0,0.0,0.0,0.0,0.0,0.0
1782737763.392,0.0,0.0,0.0,0.5913,0.8022,0.0205,0.0142,0.0137,0.0146,26.38,0.0,0.0,0.0,0.0,0.0,0.0
1782737768.403,0.0,0.0,0.0,0.5913,0.8022,0.0205,0.0132,0.0132,0.0137,26.37,0.0,0.0,0.0,0.0,0.0,0.0
1782737773.411,0.0,0.0,0.0,0.5913,0.8022,0.0205,0.0146,0.0137,0.0142,26.37,0.0,0.0,0.0,0.0,0.0,0.0
1782737778.423,0.0,0.0,0.0,0.5913,0.8022,0.0205,0.0137,0.0132,0.0137,26.37,0.0,0.0,0.0,0.0,0.0,0.0
1782737783.432,0.0,0.0,0.0,0.5913,0.8022,0.0205,0.0137,0.0137,0.0137,26.37,0.0,0.0,0.0,0.0,0.0,0.0
1782737788.443,0.0,0.0,0.0,0.5913,0.8022,0.0205,0.0142,0.0127,0.0137,26.37,0.0,0.0,0.0,0.0,0.0,0.0
1782737793.451,0.0,0.0,0.0,0.5913,0.8022,0.0205,0.0142,0.0137,0.0156,26.37,0.0,0.0,0.0,0.0,0.0,0.0
1782737798.459,0.0,0.0,0.0,0.5913,0.8022,0.0205,0.0146,0.0137,0.0156,26.37,0.0,0.0,0.0,0.0,0.0,0.0
1782737803.471,0.0,0.0,0.0,0.5913,0.8022,0.0205,0.0137,0.0146,0.0137,26.37,0.0,0.0,0.0,0.0,0.0,0.0
1782737808.486,0.0,0.0,0.0,0.5913,0.8022,0.0205,0.0137,0.0137,0.0137,26.37,0.0,0.0,0.0,0.0,0.0,0.0
1782737813.497,0.0,0.0,0.0,0.5913,0.8022,0.0205,0.0142,0.0137,0.0137,26.37,0.0,0.0,0.0,0.0,0.0,0.0
1782737818.509,0.0,0.0,0.0,0.5913,0.8022,0.0205,0.0137,0.0137,0.0137,26.37,0.0,0.0,0.0,0.0,0.0,0.0
1782737823.52,0.0,0.0,0.0,0.5913,0.8022,0.0205,0.0137,0.0132,0.0146,26.37,0.0,0.0,0.0,0.0,0.0,0.0
1782737828.531,0.0,0.0,0.0,0.5913,0.8022,0.0205,0.0132,0.0132,0.0142,26.37,0.02,0.02,0.02,0.0,0.0,0.0
1782737833.545,0.0,0.0,0.0,0.5913,0.8022,0.0205,0.0137,0.0132,0.0142,26.37,0.0,0.0,0.0,0.0,0.0,0.0
1782737838.553,0.0,0.0,0.0,0.5913,0.8022,0.0205,0.0146,0.0132,0.0142,26.36,0.0,0.0,0.0,0.0,0.0,0.0
1782737843.563,0.0,0.0,0.0,0.5913,0.8022,0.02,0.0142,0.0132,0.0142,26.37,0.0,0.0,0.0,0.0,0.0,0.0
1782737848.574,0.0,0.0,0.0,0.5913,0.8022,0.0205,0.0137,0.0132,0.0137,26.37,0.0,0.0,0.0,0.0,0.0,0.0
1782737853.583,0.0,0.0,0.0,0.5913,0.8022,0.02,0.0142,0.0137,0.0146,26.37,0.0,0.0,0.0,0.0,0.0,0.0
1782737858.594,0.0,0.0,0.0,0.5913,0.8022,0.02,0.0142,0.0132,0.0142,26.37,0.0,0.0,0.0,0.0,0.0,0.0
1782737863.603,0.0,0.0,0.0,0.5913,0.8022,0.02,0.0137,0.0132,0.0137,26.37,0.0,0.0,0.0,0.0,0.0,0.0
1782737868.608,0.0,0.0,0.0,0.5913,0.8022,0.02,0.0327,0.0278,0.0225,26.37,0.0,0.0,0.0,0.0,0.0,0.0
1782737873.619,0.0,0.0,0.0,0.5913,0.8022,0.02,0.0156,0.0151,0.0146,26.37,0.0,0.0,0.0,0.0,0.0,0.0
1782737878.632,0.002,0.001,0.001,0.5913,0.8022,0.02,0.0156,0.0151,0.0156,26.37,0.03,0.03,0.03,0.0,0.0,0.0
1782737883.639,0.0,0.0,0.0,0.5913,0.8022,0.02,0.0171,0.0161,0.0156,26.37,0.13,0.12,0.11,91.3,61.5,3.2
1782737888.646,0.0,0.0,0.0,0.5913,0.8022,0.02,0.0142,0.0146,0.0142,26.37,0.0,0.0,0.0,0.0,0.0,0.0
1782737893.656,0.0,0.0,0.0,0.5913,0.8022,0.02,0.0142,0.0142,0.0137,26.37,0.0,0.0,0.0,0.0,0.0,0.0
1782737898.665,0.0,0.0,0.0,0.5918,0.8022,0.02,0.0142,0.0132,0.0142,26.37,0.0,0.0,0.0,0.0,0.0,0.0
1782737903.679,0.0,0.0,0.0,0.5918,0.8022,0.02,0.0137,0.0132,0.0137,26.37,0.0,0.0,0.0,0.0,0.0,0.0
1782737908.692,0.0,0.0,0.0,0.5918,0.8022,0.02,0.0132,0.0132,0.0142,26.37,0.0,0.0,0.0,0.0,0.0,0.0
1782737913.7,0.0,0.0,0.0,0.5918,0.8022,0.02,0.0137,0.0142,0.0142,26.37,0.0,0.0,0.0,0.0,0.0,0.0
1782737918.713,0.0,0.0,0.0,0.5918,0.8022,0.02,0.0137,0.0142,0.0137,26.37,0.0,0.0,0.0,0.0,0.0,0.0
1782737923.724,0.0,0.0,0.0,0.5918,0.8022,0.02,0.0137,0.0137,0.0142,26.37,0.0,0.0,0.0,0.0,0.0,0.0
1782737928.736,0.0,0.0,0.0,0.5918,0.8022,0.02,0.0137,0.0132,0.0146,26.38,0.0,0.0,0.0,0.0,0.0,0.0
1782737933.749,0.0,0.0,0.0,0.5913,0.8022,0.02,0.0132,0.0137,0.0132,26.38,0.0,0.0,0.0,0.0,0.0,0.0
1782737938.757,0.0,0.0,0.0,0.5913,0.8022,0.02,0.0132,0.0142,0.0151,26.38,0.0,0.0,0.0,0.0,0.0,0.0
1782737943.768,0.0,0.0,0.0,0.5913,0.8022,0.02,0.0142,0.0132,0.0142,26.38,0.0,0.0,0.0,0.0,0.0,0.0
1782737948.782,0.001,0.001,0.001,0.5913,0.8022,0.02,0.0132,0.0132,0.0146,26.38,0.16,0.17,0.16,2.2,62.2,21.8
1782737953.788,0.0,0.0,0.0,0.5913,0.8022,0.02,0.0137,0.0137,0.0137,26.38,0.0,0.0,0.0,0.0,0.0,0.0
1782737958.796,0.0,0.0,0.0,0.5913,0.8022,0.02,0.0137,0.0142,0.0137,26.38,0.0,0.0,0.0,0.0,0.0,0.0
1782737963.81,0.0,0.0,0.0,0.5913,0.8022,0.02,0.0142,0.0137,0.0142,26.38,0.0,0.0,0.0,0.0,0.0,0.0
1782737968.82,0.0,0.0,0.0,0.5913,0.8022,0.02,0.0132,0.0137,0.0137,26.38,0.0,0.0,0.0,0.0,0.0,0.0
1782737973.834,0.0,0.0,0.0,0.5913,0.8022,0.02,0.0127,0.0132,0.0142,26.38,0.0,0.0,0.0,0.0,0.0,0.0
1782737978.847,0.0,0.0,0.0,0.5913,0.8022,0.02,0.0142,0.0132,0.0137,26.38,0.0,0.0,0.0,0.0,0.0,0.0
1782737983.856,0.0,0.0,0.0,0.5913,0.8022,0.02,0.0142,0.0137,0.0146,26.38,0.0,0.0,0.0,0.0,0.0,0.0
1782737988.866,0.0,0.0,0.0,0.5913,0.8022,0.02,0.0142,0.0132,0.0146,26.38,0.0,0.0,0.0,0.0,0.0,0.0
1782737993.879,0.0,0.0,0.0,0.5913,0.8022,0.02,0.0142,0.0137,0.0137,26.38,0.0,0.0,0.0,0.0,0.0,0.0
1782737998.889,0.0,0.0,0.0,0.5913,0.8022,0.02,0.0142,0.0137,0.0137,26.38,0.0,0.0,0.0,0.0,0.0,0.0
1782738003.903,0.0,0.0,0.0,0.5913,0.8022,0.02,0.0137,0.0137,0.0137,26.38,0.0,0.0,0.0,0.0,0.0,0.0
1782738008.911,0.0,0.0,0.0,0.5918,0.8022,0.02,0.0137,0.0142,0.0132,26.38,0.0,0.0,0.0,0.0,0.0,0.0
1782738013.923,0.0,0.0,0.0,0.5918,0.8022,0.02,0.0137,0.0132,0.0142,26.39,0.03,0.03,0.03,0.0,0.0,0.0
1782738018.938,0.0,0.0,0.0,0.5918,0.8022,0.02,0.0142,0.0137,0.0142,26.39,0.0,0.0,0.0,0.0,0.0,0.0
1782738023.95,0.0,0.0,0.0,0.5918,0.8022,0.02,0.0137,0.0132,0.0142,26.39,0.0,0.0,0.0,0.0,0.0,0.0
1782738028.962,0.0,0.0,0.0,0.5918,0.8022,0.02,0.0132,0.0137,0.0137,26.39,0.0,0.0,0.0,0.0,0.0,0.0
1782738033.975,0.0,0.0,0.0,0.5913,0.8022,0.02,0.0132,0.0137,0.0142,26.39,0.0,0.0,0.0,0.0,0.0,0.0
1782738038.985,0.0,0.0,0.0,0.5913,0.8022,0.02,0.0142,0.0137,0.0137,26.39,0.0,0.0,0.0,0.0,0.0,0.0
1782738043.997,0.0,0.0,0.0,0.5913,0.8022,0.02,0.0132,0.0137,0.0142,26.39,0.01,0.01,0.01,0.0,0.0,0.0
1782738049.01,0.0,0.0,0.0,0.5913,0.8022,0.02,0.0137,0.0137,0.0142,26.39,0.0,0.0,0.0,0.0,0.0,0.0
1782738054.017,0.0,0.0,0.0,0.5913,0.8022,0.02,0.0132,0.0132,0.0137,26.39,0.0,0.0,0.0,0.0,0.0,0.0
1782738059.028,0.0,0.0,0.0,0.5918,0.8022,0.02,0.0137,0.0142,0.0156,26.39,0.0,0.0,0.0,0.0,0.0,0.0
1782738064.039,0.0,0.0,0.0,0.5918,0.8022,0.02,0.0142,0.0137,0.0137,26.39,0.0,0.0,0.0,0.0,0.0,0.0
1782738069.05,0.0,0.0,0.0,0.5918,0.8022,0.02,0.0142,0.0132,0.0142,26.4,0.0,0.0,0.0,0.0,0.0,0.0
1782738074.058,0.0,0.0,0.0,0.5918,0.8022,0.02,0.0137,0.0132,0.0137,26.4,0.0,0.0,0.0,0.0,0.0,0.0
1782738079.071,0.0,0.0,0.0,0.5918,0.8022,0.02,0.0142,0.0137,0.0151,26.4,0.0,0.0,0.0,0.0,0.0,0.0
1782738084.083,0.0,0.0,0.0,0.5913,0.8022,0.02,0.0137,0.0137,0.0137,26.4,0.0,0.0,0.0,0.0,0.0,0.0
1782738089.094,0.0,0.0,0.0,0.5913,0.8022,0.02,0.0142,0.0132,0.0146,26.4,0.0,0.0,0.0,0.0,0.0,0.0
1782738094.106,0.0,0.0,0.0,0.5913,0.8022,0.02,0.0132,0.0132,0.0142,26.4,0.0,0.0,0.0,0.0,0.0,0.0
1782738099.116,0.0,0.0,0.0,0.5913,0.8022,0.02,0.0137,0.0132,0.0146,26.4,0.0,0.0,0.0,0.0,0.0,0.0
1782738104.13,0.0,0.0,0.0,0.5913,0.8022,0.02,0.0137,0.0137,0.0137,26.4,0.0,0.0,0.0,0.0,0.0,0.0
1782738109.136,0.0,0.0,0.0,0.5918,0.8022,0.02,0.0132,0.0137,0.0146,26.4,0.0,0.0,0.0,0.0,0.0,0.0
1782738114.151,0.0,0.0,0.0,0.5913,0.8022,0.02,0.0137,0.0132,0.0142,26.4,0.0,0.0,0.0,0.0,0.0,0.0
1782738119.163,0.0,0.0,0.0,0.5913,0.8022,0.02,0.0132,0.0137,0.0146,26.4,0.04,0.04,0.04,0.0,0.0,0.0
1782738124.172,0.0,0.0,0.0,0.5918,0.8022,0.02,0.0137,0.0137,0.0142,26.4,0.0,0.0,0.0,0.0,0.0,0.0
1782738129.185,0.0,0.0,0.0,0.5918,0.8022,0.02,0.0137,0.0137,0.0137,26.4,0.0,0.0,0.0,0.0,0.0,0.0
1782738134.193,0.0,0.0,0.0,0.5913,0.8022,0.02,0.0137,0.0132,0.0146,26.4,0.0,0.0,0.0,0.0,0.0,0.0
1782738139.203,0.0,0.0,0.0,0.5913,0.8022,0.02,0.0137,0.0137,0.0142,26.4,0.0,0.0,0.0,0.0,0.0,0.0
1782738144.214,0.0,0.0,0.0,0.5918,0.8022,0.02,0.0151,0.0137,0.0142,26.4,0.0,0.0,0.0,0.0,0.0,0.0
1782738149.222,0.0,0.0,0.0,0.5913,0.8022,0.02,0.0137,0.0132,0.0137,26.4,0.0,0.0,0.0,0.0,0.0,0.0
1782738154.228,0.0,0.0,0.0,0.5918,0.8022,0.02,0.0137,0.0132,0.0137,26.4,0.0,0.0,0.0,0.0,0.0,0.0
1782738159.24,0.0,0.0,0.0,0.5913,0.8022,0.02,0.0127,0.0142,0.0142,26.4,0.0,0.0,0.0,0.0,0.0,0.0
1782738164.253,0.0,0.0,0.0,0.5913,0.8022,0.02,0.0142,0.0137,0.0137,26.4,0.0,0.0,0.0,0.0,0.0,0.0
1782738169.262,0.0,0.0,0.0,0.5913,0.8022,0.02,0.0137,0.0137,0.0137,26.4,0.0,0.0,0.0,0.0,0.0,0.0
1782738174.273,0.0,0.0,0.0,0.5913,0.8022,0.02,0.0137,0.0132,0.0146,26.41,0.0,0.0,0.0,0.0,0.0,0.0
1782738179.286,0.0,0.0,0.0,0.5913,0.8022,0.02,0.0142,0.0132,0.0142,26.41,0.0,0.0,0.0,0.0,0.0,0.0
1782738184.294,0.0,0.0,0.0,0.5913,0.8022,0.02,0.0127,0.0137,0.0146,26.41,0.0,0.0,0.0,0.0,0.0,0.0
1782738189.307,0.0,0.0,0.0,0.5913,0.8022,0.02,0.0137,0.0132,0.0137,26.41,0.0,0.0,0.0,0.0,0.0,0.0
1782738194.312,0.0,0.0,0.0,0.5913,0.8022,0.02,0.0132,0.0132,0.0137,26.4,0.0,0.0,0.0,0.0,0.0,0.0
1782738199.322,0.0,0.0,0.0,0.5913,0.8022,0.02,0.0137,0.0132,0.0142,26.4,0.0,0.0,0.0,0.0,0.0,0.0
1782738204.337,0.0,0.0,0.0,0.5913,0.8022,0.02,0.0127,0.0142,0.0146,26.41,0.0,0.0,0.0,0.0,0.0,0.0
1782738209.346,0.0,0.0,0.0,0.5913,0.8022,0.02,0.0137,0.0137,0.0146,26.4,0.0,0.0,0.0,0.0,0.0,0.0
1782738214.356,0.0,0.0,0.0,0.5913,0.8022,0.02,0.0132,0.0132,0.0137,26.4,0.0,0.0,0.0,0.0,0.0,0.0
1782738219.366,0.0,0.0,0.0,0.5913,0.8022,0.02,0.0142,0.0137,0.0142,26.4,0.0,0.0,0.0,0.0,0.0,0.0
1782738224.372,0.0,0.0,0.0,0.5913,0.8022,0.02,0.0132,0.0132,0.0146,26.4,0.0,0.0,0.0,0.0,0.0,0.0
1782738229.382,0.0,0.0,0.0,0.5918,0.8022,0.02,0.0137,0.0137,0.0132,26.41,0.0,0.0,0.0,0.0,0.0,0.0
1782738234.395,0.0,0.0,0.0,0.5913,0.8022,0.02,0.0137,0.0127,0.0146,26.4,0.0,0.0,0.0,0.0,0.0,0.0
1782738239.404,0.0,0.0,0.0,0.5913,0.8022,0.02,0.0132,0.0132,0.0142,26.4,0.0,0.0,0.0,0.0,0.0,0.0
1782738244.414,0.0,0.0,0.0,0.5913,0.8022,0.02,0.0142,0.0137,0.0142,26.4,0.0,0.0,0.0,0.0,0.0,0.0
1782738249.426,0.0,0.0,0.0,0.5913,0.8022,0.02,0.0137,0.0137,0.0146,26.4,0.0,0.0,0.0,0.0,0.0,0.0
1782738254.435,0.0,0.0,0.0,0.5918,0.8022,0.02,0.0132,0.0146,0.0142,26.41,0.0,0.0,0.0,0.0,0.0,0.0
1782738259.449,0.0,0.0,0.0,0.5918,0.8022,0.02,0.0137,0.0132,0.0137,26.4,0.0,0.0,0.0,0.0,0.0,0.0
1782738264.459,0.0,0.0,0.0,0.5918,0.8022,0.02,0.0137,0.0137,0.0132,26.41,0.0,0.0,0.0,0.0,0.0,0.0
1782738269.469,0.0,0.0,0.0,0.5918,0.8022,0.02,0.0146,0.0142,0.0137,26.41,0.0,0.0,0.0,0.0,0.0,0.0
1782738274.48,0.0,0.0,0.0,0.5918,0.8022,0.02,0.0142,0.0137,0.0137,26.4,0.0,0.0,0.0,0.0,0.0,0.0
1782738279.492,0.0,0.0,0.0,0.5913,0.8022,0.02,0.0132,0.0132,0.0142,26.4,0.0,0.0,0.0,0.0,0.0,0.0
1782738284.507,0.0,0.0,0.0,0.5913,0.8022,0.02,0.0142,0.0132,0.0142,26.4,0.0,0.0,0.0,0.0,0.0,0.0
1782738289.515,0.0,0.0,0.0,0.5913,0.8022,0.02,0.0132,0.0132,0.0142,26.4,0.0,0.0,0.0,0.0,0.0,0.0
1782738294.52,0.0,0.0,0.0,0.5913,0.8022,0.02,0.0137,0.0137,0.0137,26.4,0.0,0.0,0.0,0.0,0.0,0.0
1782738299.532,0.0,0.0,0.0,0.5913,0.8022,0.02,0.0142,0.0137,0.0142,26.4,0.1,0.1,0.09,0.0,0.0,0.0
1782738304.545,0.0,0.0,0.0,0.5913,0.8022,0.02,0.0132,0.0137,0.0146,26.4,0.0,0.0,0.0,0.0,0.0,0.0
1782738309.552,0.0,0.0,0.0,0.5913,0.8022,0.02,0.0142,0.0132,0.0137,26.4,0.0,0.0,0.0,0.0,0.0,0.0
1782738314.56,0.0,0.0,0.0,0.5913,0.8022,0.02,0.0137,0.0132,0.0142,26.4,0.03,0.03,0.03,0.0,0.0,0.0
1782738319.574,0.0,0.0,0.0,0.5913,0.8022,0.02,0.0142,0.0132,0.0137,26.4,0.0,0.0,0.0,0.0,0.0,0.0
1782738324.581,0.0,0.0,0.0,0.5913,0.8022,0.02,0.0132,0.0137,0.0142,26.4,0.0,0.0,0.0,0.0,0.0,0.0
1782738329.594,0.0,0.0,0.0,0.5913,0.8022,0.02,0.0142,0.0132,0.0142,26.4,0.0,0.0,0.0,0.0,0.0,0.0
1782738334.603,0.0,0.0,0.0,0.5913,0.8022,0.02,0.0142,0.0132,0.0161,26.4,0.0,0.0,0.0,0.0,0.0,0.0
1782738339.614,0.0,0.0,0.0,0.5913,0.8022,0.02,0.0127,0.0137,0.0142,26.4,0.0,0.0,0.0,0.0,0.0,0.0
1782738344.624,0.0,0.0,0.0,0.5913,0.8022,0.02,0.0142,0.0142,0.0137,26.4,0.0,0.0,0.0,0.0,0.0,0.0
1782738349.632,0.0,0.0,0.0,0.5913,0.8022,0.02,0.0137,0.0132,0.0142,26.39,0.0,0.0,0.0,0.0,0.0,0.0
1782738354.642,0.0,0.0,0.0,0.5913,0.8022,0.02,0.0142,0.0142,0.0146,26.4,0.0,0.0,0.0,0.0,0.0,0.0
1782738359.649,0.0,0.0,0.0,0.5913,0.8022,0.02,0.0132,0.0132,0.0146,26.39,0.0,0.0,0.0,0.0,0.0,0.0
1782738364.661,0.0,0.0,0.0,0.5913,0.8022,0.02,0.0137,0.0142,0.0142,26.39,0.0,0.0,0.0,0.0,0.0,0.0
1782738369.673,0.0,0.0,0.0,0.5913,0.8022,0.02,0.0146,0.0137,0.0156,26.39,0.0,0.0,0.0,0.0,0.0,0.0
1782738374.683,0.0,0.0,0.0,0.5913,0.8022,0.02,0.0142,0.0137,0.0142,26.39,0.0,0.0,0.0,0.0,0.0,0.0
1782738379.695,0.0,0.0,0.0,0.5913,0.8022,0.02,0.0137,0.0142,0.0132,26.39,0.0,0.0,0.0,0.0,0.0,0.0
1782738384.707,0.0,0.0,0.0,0.5913,0.8022,0.02,0.0127,0.0127,0.0146,26.39,0.0,0.0,0.0,0.0,0.0,0.0
1782738389.717,0.0,0.0,0.0,0.5913,0.8022,0.02,0.0142,0.0132,0.0146,26.39,0.0,0.0,0.0,0.0,0.0,0.0
1782738394.724,0.0,0.0,0.0,0.5913,0.8022,0.02,0.0137,0.0137,0.0146,26.38,0.0,0.0,0.0,0.0,0.0,0.0
1782738399.738,0.0,0.0,0.0,0.5913,0.8022,0.02,0.0132,0.0137,0.0142,26.38,0.0,0.0,0.0,0.0,0.0,0.0
1782738404.749,0.0,0.0,0.0,0.5913,0.8022,0.02,0.0142,0.0132,0.0137,26.38,0.0,0.0,0.0,0.0,0.0,0.0
1782738409.757,0.0,0.0,0.0,0.5913,0.8022,0.02,0.0137,0.0132,0.0137,26.38,0.0,0.0,0.0,0.0,0.0,0.0
1782738414.768,0.0,0.0,0.0,0.5913,0.8022,0.02,0.0146,0.0132,0.0151,26.38,0.01,0.01,0.01,0.0,0.0,0.0
1782738419.784,0.0,0.0,0.0,0.5913,0.8022,0.02,0.0137,0.0137,0.0146,26.37,0.0,0.0,0.0,0.0,0.0,0.0
1782738424.796,0.0,0.0,0.0,0.5913,0.8022,0.02,0.0137,0.0127,0.0146,26.38,0.0,0.0,0.0,0.0,0.0,0.0
1782738429.804,0.0,0.0,0.0,0.5913,0.8022,0.02,0.0142,0.0132,0.0137,26.37,0.0,0.0,0.0,0.0,0.0,0.0
1782738434.814,0.0,0.0,0.0,0.5913,0.8022,0.02,0.0137,0.0137,0.0142,26.37,0.0,0.0,0.0,0.0,0.0,0.0
1782738439.82,0.0,0.0,0.0,0.5913,0.8022,0.02,0.0137,0.0137,0.0142,26.37,0.0,0.0,0.0,0.0,0.0,0.0
1782738444.829,0.0,0.0,0.0,0.5913,0.8022,0.02,0.0132,0.0142,0.0142,26.37,0.01,0.01,0.01,0.0,0.0,0.0
1782738449.842,0.0,0.0,0.0,0.5918,0.8022,0.02,0.0142,0.0171,0.0142,26.37,0.0,0.0,0.0,0.0,0.0,0.0
1782738454.854,0.0,0.0,0.0,0.5913,0.8022,0.02,0.0146,0.0132,0.0142,26.37,0.0,0.0,0.0,0.0,0.0,0.0
1782738459.865,0.0,0.0,0.0,0.5913,0.8022,0.02,0.0132,0.0137,0.0142,26.37,0.0,0.0,0.0,0.0,0.0,0.0
1782738464.876,0.0,0.0,0.0,0.5913,0.8022,0.02,0.0142,0.0142,0.0146,26.37,0.0,0.0,0.0,0.0,0.0,0.0
1782738469.886,0.0,0.0,0.0,0.5918,0.8022,0.02,0.0142,0.0127,0.0137,26.36,0.01,0.01,0.01,0.0,0.0,0.0
1782738474.895,0.0,0.0,0.0,0.5913,0.8022,0.02,0.0132,0.0132,0.0142,26.36,0.0,0.0,0.0,0.0,0.0,0.0
1782738479.904,0.0,0.0,0.0,0.5913,0.8022,0.02,0.0142,0.0137,0.0146,26.36,0.0,0.0,0.0,0.0,0.0,0.0
1782738484.918,0.0,0.0,0.0,0.5913,0.8022,0.02,0.0137,0.0137,0.0132,26.36,0.0,0.0,0.0,0.0,0.0,0.0
1782738489.93,0.0,0.0,0.0,0.5913,0.8022,0.02,0.0137,0.0132,0.0132,26.36,0.0,0.0,0.0,0.0,0.0,0.0
1782738494.94,0.0,0.0,0.0,0.5913,0.8022,0.0205,0.0151,0.0142,0.0146,26.35,0.0,0.0,0.0,0.0,0.0,0.0
1782738499.95,0.0,0.0,0.0,0.5913,0.8022,0.0205,0.0146,0.0132,0.0146,26.35,0.0,0.0,0.0,0.0,0.0,0.0
1782738504.96,0.0,0.0,0.0,0.5913,0.8022,0.0205,0.0137,0.0142,0.0142,26.35,0.0,0.0,0.0,0.0,0.0,0.0
1782738509.971,0.0,0.0,0.0,0.5913,0.8022,0.0205,0.0146,0.0146,0.0142,26.35,0.02,0.02,0.02,122.3,118.1,30.2
1782738514.98,0.0,0.0,0.0,0.5913,0.8022,0.0205,0.0137,0.0132,0.0151,26.35,0.0,0.0,0.0,0.0,0.0,0.0
1782738519.992,0.0,0.0,0.0,0.5913,0.8022,0.0205,0.0137,0.0137,0.0146,26.34,0.0,0.0,0.0,0.0,0.0,0.0
1782738525.004,0.0,0.0,0.0,0.5913,0.8022,0.0205,0.0146,0.0132,0.0142,26.34,0.0,0.0,0.0,0.0,0.0,0.0
1782738530.011,0.0,0.0,0.0,0.5913,0.8022,0.0205,0.0132,0.0132,0.0142,26.34,0.0,0.0,0.0,0.0,0.0,0.0
1782738535.02,0.0,0.0,0.0,0.5913,0.8022,0.0205,0.0132,0.0132,0.0142,26.34,0.0,0.0,0.0,0.0,0.0,0.0
1782738540.032,0.0,0.0,0.0,0.5913,0.8022,0.0205,0.0142,0.0146,0.0142,26.34,0.0,0.0,0.0,0.0,0.0,0.0
1782738545.045,0.0,0.0,0.0,0.5913,0.8022,0.0205,0.0146,0.0132,0.0142,26.34,0.0,0.0,0.0,0.0,0.0,0.0
1782738550.057,0.0,0.0,0.0,0.5913,0.8022,0.0205,0.0137,0.0127,0.0146,26.33,0.0,0.0,0.0,0.0,0.0,0.0
1782738555.065,0.0,0.0,0.0,0.5913,0.8022,0.0205,0.0132,0.0132,0.0142,26.33,0.0,0.0,0.0,0.0,0.0,0.0
1782738560.079,0.0,0.0,0.0,0.5913,0.8022,0.0205,0.0137,0.0137,0.0142,26.33,0.03,0.03,0.03,0.0,0.0,0.0
1782738565.092,0.0,0.0,0.0,0.5913,0.8022,0.0205,0.0137,0.0142,0.0146,26.33,0.0,0.0,0.0,0.0,0.0,0.0
1782738570.099,0.0,0.0,0.0,0.5913,0.8022,0.0205,0.0146,0.0137,0.0146,26.33,0.0,0.0,0.0,0.0,0.0,0.0
1782738575.108,0.0,0.0,0.0,0.5913,0.8022,0.0205,0.0137,0.0132,0.0146,26.33,0.0,0.0,0.0,0.0,0.0,0.0
1782738580.12,0.0,0.0,0.0,0.5913,0.8022,0.0205,0.0137,0.0137,0.0137,26.32,0.0,0.0,0.0,0.0,0.0,0.0
1782738585.128,0.0,0.0,0.0,0.5913,0.8022,0.0205,0.0142,0.0142,0.0142,26.32,0.0,0.0,0.0,0.0,0.0,0.0
1782738590.136,0.0,0.0,0.0,0.5913,0.8022,0.0205,0.0127,0.0132,0.0142,26.32,0.0,0.0,0.0,0.0,0.0,0.0
1782738595.148,0.0,0.0,0.0,0.5913,0.8022,0.0205,0.0137,0.0137,0.0142,26.32,0.0,0.0,0.0,0.0,0.0,0.0
1782738600.161,0.0,0.0,0.0,0.5913,0.8022,0.0205,0.0137,0.0137,0.0137,26.32,0.0,0.0,0.0,0.0,0.0,0.0
1782738605.171,0.0,0.0,0.0,0.5913,0.8022,0.0205,0.0132,0.0127,0.0146,26.32,0.0,0.0,0.0,0.0,0.0,0.0
1782738610.18,0.0,0.0,0.0,0.5913,0.8022,0.0205,0.0142,0.0142,0.0137,26.32,0.0,0.0,0.0,0.0,0.0,0.0
1782738615.187,0.0,0.0,0.0,0.5913,0.8022,0.0205,0.0132,0.0137,0.0137,26.32,0.0,0.0,0.0,0.0,0.0,0.0
1782738620.196,0.0,0.0,0.0,0.5913,0.8022,0.0205,0.0137,0.0142,0.0137,26.32,0.0,0.0,0.0,0.0,0.0,0.0
1782738625.205,0.0,0.0,0.0,0.5913,0.8022,0.0205,0.0146,0.0132,0.0151,26.32,0.0,0.0,0.0,0.0,0.0,0.0
1782738630.215,0.0,0.0,0.0,0.5913,0.8022,0.0205,0.0142,0.0137,0.0137,26.32,0.0,0.0,0.0,0.0,0.0,0.0
1782738635.224,0.0,0.0,0.0,0.5913,0.8022,0.0205,0.0137,0.0132,0.0142,26.32,0.0,0.0,0.0,0.0,0.0,0.0
1782738640.234,0.0,0.0,0.0,0.5913,0.8022,0.0205,0.0156,0.0137,0.0142,26.32,0.0,0.0,0.0,0.0,0.0,0.0
1782738645.244,0.0,0.0,0.0,0.5913,0.8022,0.0205,0.0137,0.0137,0.0142,26.32,0.0,0.0,0.0,0.0,0.0,0.0
1782738650.253,0.0,0.0,0.0,0.5913,0.8022,0.0205,0.0132,0.0137,0.0137,26.32,0.02,0.02,0.02,0.0,0.0,0.0
1782738655.263,0.0,0.0,0.0,0.5913,0.8022,0.0205,0.0137,0.0132,0.0151,26.32,0.0,0.0,0.0,0.0,0.0,0.0
1782738660.275,0.0,0.0,0.0,0.5913,0.8022,0.0205,0.0137,0.0132,0.0142,26.32,0.0,0.0,0.0,0.0,0.0,0.0
1782738665.284,0.0,0.0,0.0,0.5913,0.8022,0.0205,0.0132,0.0132,0.0146,26.32,0.0,0.0,0.0,0.0,0.0,0.0
1782738670.297,0.0,0.0,0.0,0.5913,0.8022,0.0205,0.0137,0.0132,0.0142,26.32,0.0,0.0,0.0,0.0,0.0,0.0
1782738675.309,0.0,0.0,0.0,0.5913,0.8022,0.0205,0.0137,0.0137,0.0137,26.32,0.0,0.0,0.0,0.0,0.0,0.0
1782738680.324,0.0,0.0,0.0,0.5913,0.8022,0.0205,0.0142,0.0132,0.0151,26.33,0.0,0.0,0.0,0.0,0.0,0.0
1782738685.333,0.0,0.0,0.0,0.5913,0.8022,0.0205,0.0132,0.0137,0.0142,26.32,0.0,0.0,0.0,0.0,0.0,0.0
1782738690.345,0.0,0.0,0.0,0.5913,0.8022,0.0205,0.0132,0.0127,0.0137,26.33,0.0,0.0,0.0,0.0,0.0,0.0
1782738695.357,0.0,0.0,0.0,0.5913,0.8022,0.0205,0.0142,0.0127,0.0146,26.33,0.11,0.11,0.1,6.4,64.5,37.7
1782738700.365,0.0,0.0,0.0,0.5913,0.8022,0.0205,0.0142,0.0137,0.0146,26.33,0.0,0.0,0.0,0.0,0.0,0.0
1782738705.377,0.0,0.0,0.0,0.5913,0.8022,0.02,0.0137,0.0137,0.0132,26.33,0.0,0.0,0.0,0.0,0.0,0.0
1782738710.385,0.0,0.0,0.0,0.5913,0.8022,0.02,0.0146,0.0146,0.0142,26.33,0.0,0.0,0.0,0.0,0.0,0.0
1782738715.396,0.0,0.0,0.0,0.5913,0.8022,0.02,0.0137,0.0132,0.0142,26.33,0.0,0.0,0.0,0.0,0.0,0.0
1782738720.409,0.0,0.0,0.0,0.5913,0.8022,0.02,0.0142,0.0132,0.0137,26.33,0.0,0.0,0.0,0.0,0.0,0.0
1782738725.421,0.0,0.0,0.0,0.5913,0.8022,0.02,0.0137,0.0137,0.0146,26.33,0.0,0.0,0.0,0.0,0.0,0.0
1782738730.432,0.0,0.0,0.0,0.5913,0.8022,0.02,0.0137,0.0146,0.0151,26.33,0.0,0.0,0.0,0.0,0.0,0.0
1782738735.444,0.0,0.0,0.0,0.5913,0.8022,0.02,0.0137,0.0137,0.0146,26.33,0.0,0.0,0.0,0.0,0.0,0.0
1782738740.455,0.0,0.0,0.0,0.5913,0.8022,0.02,0.0132,0.0132,0.0142,26.33,0.0,0.0,0.0,0.0,0.0,0.0
1782738745.464,0.0,0.0,0.0,0.5913,0.8022,0.02,0.0137,0.0137,0.0137,26.33,0.0,0.0,0.0,0.0,0.0,0.0
1782738750.474,0.0,0.0,0.0,0.5913,0.8022,0.02,0.0137,0.0132,0.0137,26.33,0.0,0.0,0.0,0.0,0.0,0.0
1782738755.487,0.0,0.0,0.0,0.5913,0.8022,0.02,0.0137,0.0132,0.0137,26.34,0.0,0.0,0.0,0.0,0.0,0.0
1782738760.499,0.0,0.0,0.0,0.5913,0.8022,0.02,0.0142,0.0132,0.0137,26.34,0.0,0.0,0.0,0.0,0.0,0.0
1782738765.511,0.0,0.0,0.0,0.5913,0.8022,0.02,0.0137,0.0132,0.0137,26.34,0.07,0.07,0.06,0.0,0.0,0.0
1782738770.521,0.0,0.0,0.0,0.5913,0.8022,0.02,0.0137,0.0132,0.0151,26.34,0.05,0.05,0.05,0.0,0.0,0.0
1782738775.532,0.02,0.019,0.018,0.5913,0.8022,0.02,0.0142,0.0142,0.0146,26.34,0.85,0.83,0.79,6.6,25.8,39.4
1782738780.544,0.0,0.0,0.0,0.5913,0.8022,0.02,0.0137,0.0132,0.0132,26.34,0.0,0.0,0.0,0.0,0.0,0.0
1782738785.555,0.054,0.053,0.052,0.5913,0.8022,0.02,0.0137,0.0137,0.0142,26.34,0.85,0.84,0.81,0.0,0.0,0.0
1782738790.562,0.01,0.01,0.01,0.5913,0.8022,0.02,0.0137,0.0132,0.0146,26.34,0.23,0.23,0.22,53.3,58.3,3.4
1782738795.573,0.0,0.0,0.0,0.5913,0.8022,0.02,0.0137,0.0132,0.0151,26.34,0.0,0.0,0.0,0.0,0.0,0.0
1782738800.584,0.0,0.0,0.0,0.5913,0.8022,0.02,0.0146,0.0132,0.0142,26.34,0.0,0.0,0.0,0.0,0.0,0.0
1782738805.598,0.0,0.0,0.0,0.5913,0.8022,0.02,0.0142,0.0132,0.0146,26.34,0.0,0.0,0.0,0.0,0.0,0.0
1782738810.609,0.0,0.0,0.0,0.5913,0.8022,0.02,0.0137,0.0127,0.0142,26.35,0.0,0.0,0.0,0.0,0.0,0.0
1782738815.621,0.0,0.0,0.0,0.5913,0.8022,0.02,0.0137,0.0142,0.0137,26.35,0.0,0.0,0.0,0.0,0.0,0.0
1782738820.633,0.0,0.0,0.0,0.5913,0.8022,0.02,0.0127,0.0137,0.0146,26.35,0.0,0.0,0.0,0.0,0.0,0.0
1782738825.646,0.0,0.0,0.0,0.5913,0.8022,0.02,0.0142,0.0137,0.0137,26.35,0.0,0.0,0.0,0.0,0.0,0.0
1782738830.657,0.0,0.0,0.0,0.5913,0.8022,0.02,0.0137,0.0137,0.0146,26.35,0.0,0.0,0.0,0.0,0.0,0.0
1782738835.669,0.0,0.0,0.0,0.5913,0.8022,0.02,0.0137,0.0142,0.0142,26.35,0.0,0.0,0.0,0.0,0.0,0.0
1782738840.68,0.0,0.0,0.0,0.5913,0.8022,0.02,0.0146,0.0137,0.0142,26.35,0.0,0.0,0.0,0.0,0.0,0.0
1782738845.692,0.0,0.0,0.0,0.5913,0.8022,0.02,0.0127,0.0132,0.0132,26.36,0.0,0.0,0.0,0.0,0.0,0.0
1782738850.705,0.0,0.0,0.0,0.5913,0.8022,0.02,0.0137,0.0137,0.0137,26.36,0.0,0.0,0.0,0.0,0.0,0.0
1782738855.716,0.0,0.0,0.0,0.5918,0.8022,0.02,0.0142,0.0132,0.0146,26.36,0.0,0.0,0.0,0.0,0.0,0.0
1782738860.729,0.0,0.0,0.0,0.5918,0.8022,0.02,0.0137,0.0137,0.0132,26.36,0.0,0.0,0.0,0.0,0.0,0.0
1782738865.741,0.0,0.0,0.0,0.5913,0.8022,0.02,0.0142,0.0132,0.0132,26.36,0.0,0.0,0.0,0.0,0.0,0.0
1782738870.752,0.0,0.0,0.0,0.5918,0.8022,0.02,0.0132,0.0132,0.0142,26.36,0.0,0.0,0.0,0.0,0.0,0.0
1782738875.765,0.0,0.0,0.0,0.5913,0.8022,0.02,0.0181,0.0181,0.0166,26.37,0.07,0.06,0.05,126.0,100.2,13.3
1782738880.777,0.0,0.0,0.0,0.5913,0.8022,0.02,0.0142,0.0137,0.0142,26.37,0.0,0.0,0.0,0.0,0.0,0.0
1782738885.783,0.0,0.0,0.0,0.5913,0.8022,0.02,0.0137,0.0132,0.0137,26.37,0.0,0.0,0.0,0.0,0.0,0.0
1782738890.796,0.0,0.0,0.0,0.5913,0.8022,0.02,0.0137,0.0137,0.0151,26.37,0.0,0.0,0.0,0.0,0.0,0.0
1782738895.81,0.0,0.0,0.0,0.5913,0.8022,0.02,0.0137,0.0142,0.0142,26.37,0.0,0.0,0.0,0.0,0.0,0.0
1782738900.821,0.0,0.0,0.0,0.5913,0.8022,0.02,0.0137,0.0142,0.0146,26.38,0.0,0.0,0.0,0.0,0.0,0.0
1782738905.834,0.0,0.0,0.0,0.5913,0.8022,0.02,0.0146,0.0132,0.0142,26.38,0.0,0.0,0.0,0.0,0.0,0.0
1782738910.846,0.0,0.0,0.0,0.5918,0.8022,0.02,0.0137,0.0132,0.0132,26.38,0.0,0.0,0.0,0.0,0.0,0.0
1782738915.856,0.0,0.0,0.0,0.5918,0.8022,0.02,0.0137,0.0137,0.0142,26.38,0.0,0.0,0.0,0.0,0.0,0.0
1782738920.869,0.0,0.0,0.0,0.5918,0.8022,0.02,0.0137,0.0142,0.0137,26.38,0.0,0.0,0.0,0.0,0.0,0.0
1782738925.88,0.0,0.0,0.0,0.5918,0.8022,0.02,0.0146,0.0137,0.0142,26.38,0.0,0.0,0.0,0.0,0.0,0.0
1782738930.893,0.0,0.0,0.0,0.5918,0.8022,0.02,0.0137,0.0137,0.0137,26.38,0.0,0.0,0.0,0.0,0.0,0.0
1782738935.902,0.0,0.0,0.0,0.5918,0.8022,0.02,0.0142,0.0142,0.0142,26.39,0.01,0.01,0.01,0.0,0.0,0.0
1782738940.912,0.0,0.0,0.0,0.5913,0.8022,0.02,0.0127,0.0132,0.0142,26.39,0.0,0.0,0.0,0.0,0.0,0.0
1782738945.928,0.0,0.0,0.0,0.5913,0.8022,0.02,0.0137,0.0132,0.0137,26.38,0.01,0.01,0.01,0.0,0.0,0.0
1782738950.938,0.0,0.0,0.0,0.5913,0.8022,0.02,0.0137,0.0132,0.0132,26.39,0.0,0.0,0.0,0.0,0.0,0.0
1782738955.949,0.0,0.0,0.0,0.5913,0.8022,0.02,0.0137,0.0137,0.0146,26.39,0.05,0.05,0.04,0.0,0.0,0.0
1782738960.961,0.0,0.0,0.0,0.5918,0.8022,0.02,0.0137,0.0137,0.0137,26.38,0.0,0.0,0.0,0.0,0.0,0.0
1782738965.974,0.0,0.0,0.0,0.5918,0.8022,0.02,0.0132,0.0137,0.0142,26.39,0.0,0.0,0.0,0.0,0.0,0.0
1782738970.984,0.0,0.0,0.0,0.5918,0.8022,0.02,0.0127,0.0137,0.0142,26.38,0.0,0.0,0.0,0.0,0.0,0.0
1782738975.997,0.0,0.0,0.0,0.5913,0.8022,0.02,0.0137,0.0132,0.0146,26.38,0.0,0.0,0.0,97.2,70.9,110.6
1782738981.008,0.0,0.0,0.0,0.5913,0.8022,0.02,0.0132,0.0142,0.0142,26.38,0.0,0.0,0.0,0.0,0.0,0.0
1782738986.014,0.0,0.0,0.0,0.5913,0.8022,0.02,0.0137,0.0132,0.0137,26.38,0.0,0.0,0.0,0.0,0.0,0.0
1782738991.029,0.003,0.003,0.003,0.5918,0.8022,0.02,0.0137,0.0132,0.0142,26.39,0.18,0.18,0.17,0.0,0.0,0.0
1782738996.039,0.0,0.0,0.0,0.5918,0.8022,0.02,0.0146,0.0137,0.0142,26.39,0.0,0.0,0.0,0.0,0.0,0.0
1782739001.051,0.0,0.0,0.0,0.5918,0.8022,0.02,0.02,0.02,0.0171,26.39,0.0,0.0,0.0,0.0,0.0,0.0
1782739006.062,0.0,0.0,0.0,0.5918,0.8022,0.02,0.0132,0.0137,0.0142,26.39,0.0,0.0,0.0,0.0,0.0,0.0
1782739011.069,0.0,0.0,0.0,0.5918,0.8022,0.02,0.0137,0.0137,0.0151,26.39,0.0,0.0,0.0,0.0,0.0,0.0
1782739016.082,0.0,0.0,0.0,0.5918,0.8022,0.02,0.0137,0.0132,0.0137,26.39,0.0,0.0,0.0,0.0,0.0,0.0
1782739021.094,0.0,0.0,0.0,0.5918,0.8022,0.02,0.0146,0.0146,0.0146,26.39,0.0,0.0,0.0,0.0,0.0,0.0
1782739026.105,0.0,0.0,0.0,0.5913,0.8022,0.02,0.0142,0.0137,0.0142,26.39,0.0,0.0,0.0,0.0,0.0,0.0
1782739031.113,0.0,0.0,0.0,0.5918,0.8022,0.02,0.0142,0.0127,0.0142,26.39,0.0,0.0,0.0,0.0,0.0,0.0
1782739036.127,0.018,0.017,0.017,0.5913,0.8022,0.02,0.0142,0.0132,0.0146,26.4,0.71,0.7,0.69,0.0,0.0,0.0
1782739041.137,0.0,0.0,0.0,0.5913,0.8022,0.02,0.0142,0.0137,0.0146,26.39,0.0,0.0,0.0,0.0,0.0,0.0
1782739046.151,0.0,0.0,0.0,0.5913,0.8022,0.02,0.0142,0.0142,0.0151,26.4,0.07,0.07,0.07,27.0,51.8,94.7
1782739051.158,0.0,0.0,0.0,0.5913,0.8022,0.02,0.0142,0.0137,0.0146,26.39,0.0,0.0,0.0,0.0,0.0,0.0
1782739056.169,0.0,0.0,0.0,0.5913,0.8022,0.02,0.0151,0.0142,0.0146,26.4,0.05,0.05,0.05,121.0,116.8,7.9
1782739061.18,0.0,0.0,0.0,0.5913,0.8022,0.02,0.0137,0.0137,0.0146,26.4,0.0,0.0,0.0,0.0,0.0,0.0
1782739066.19,0.003,0.003,0.002,0.5913,0.8022,0.02,0.0161,0.0166,0.0151,26.4,0.42,0.42,0.35,14.8,56.8,13.8
1782739071.202,0.0,0.0,0.0,0.5913,0.8022,0.02,0.0142,0.0132,0.0146,26.39,0.0,0.0,0.0,0.0,0.0,0.0
1782739076.214,0.0,0.0,0.0,0.5913,0.8022,0.02,0.0151,0.0146,0.0146,26.39,0.0,0.0,0.0,0.0,0.0,0.0
1782739081.219,0.0,0.0,0.0,0.5913,0.8022,0.02,0.0142,0.0146,0.0156,26.39,0.0,0.0,0.0,0.0,0.0,0.0
1782739086.233,0.0,0.0,0.0,0.5913,0.8022,0.02,0.0142,0.0132,0.0137,26.39,0.0,0.0,0.0,0.0,0.0,0.0
1782739091.246,0.0,0.0,0.0,0.5913,0.8022,0.02,0.0146,0.0127,0.0132,26.39,0.0,0.0,0.0,0.0,0.0,0.0
1782739096.256,0.0,0.0,0.0,0.5913,0.8022,0.02,0.0137,0.0142,0.0137,26.39,0.0,0.0,0.0,0.0,0.0,0.0
1782739101.269,0.0,0.0,0.0,0.5913,0.8022,0.02,0.0142,0.0142,0.0137,26.39,0.01,0.01,0.01,0.0,0.0,0.0
1782739106.281,0.0,0.0,0.0,0.5913,0.8022,0.02,0.0132,0.0127,0.0146,26.39,0.0,0.0,0.0,0.0,0.0,0.0
1782739111.291,0.0,0.0,0.0,0.5913,0.8022,0.02,0.0132,0.0132,0.0137,26.39,0.0,0.0,0.0,0.0,0.0,0.0
1782739116.304,0.0,0.0,0.0,0.5913,0.8022,0.02,0.0142,0.0132,0.0142,26.39,0.0,0.0,0.0,0.0,0.0,0.0
1782739121.31,0.0,0.0,0.0,0.5913,0.8022,0.02,0.0137,0.0132,0.0137,26.39,0.0,0.0,0.0,0.0,0.0,0.0
1782739126.321,0.0,0.0,0.0,0.5913,0.8022,0.02,0.0132,0.0142,0.0142,26.39,0.0,0.0,0.0,0.0,0.0,0.0
1782739131.334,0.0,0.0,0.0,0.5913,0.8022,0.02,0.0137,0.0132,0.0146,26.39,0.0,0.0,0.0,0.0,0.0,0.0
1782739136.342,0.0,0.0,0.0,0.5913,0.8022,0.02,0.0137,0.0142,0.0132,26.4,0.0,0.0,0.0,0.0,0.0,0.0
1782739141.352,0.0,0.0,0.0,0.5913,0.8022,0.02,0.0137,0.0137,0.0137,26.39,0.0,0.0,0.0,0.0,0.0,0.0
1782739146.36,0.0,0.0,0.0,0.5913,0.8022,0.02,0.0137,0.0142,0.0142,26.4,0.0,0.0,0.0,0.0,0.0,0.0
1782739151.371,0.0,0.0,0.0,0.5918,0.8022,0.02,0.0142,0.0142,0.0146,26.4,0.02,0.02,0.02,0.0,0.0,0.0
1782739156.384,0.0,0.0,0.0,0.5918,0.8022,0.02,0.0142,0.0142,0.0137,26.4,0.0,0.0,0.0,0.0,0.0,0.0
1782739161.395,0.0,0.0,0.0,0.5918,0.8022,0.02,0.0137,0.0132,0.0142,26.4,0.01,0.01,0.01,0.0,0.0,0.0
1782739166.407,0.0,0.0,0.0,0.5918,0.8022,0.02,0.0142,0.0132,0.0132,26.39,0.0,0.0,0.0,0.0,0.0,0.0
1782739171.417,0.0,0.0,0.0,0.5918,0.8022,0.02,0.0137,0.0137,0.0151,26.4,0.0,0.0,0.0,0.0,0.0,0.0
1782739176.429,0.0,0.0,0.0,0.5918,0.8022,0.02,0.0132,0.0137,0.0142,26.4,0.0,0.0,0.0,0.0,0.0,0.0
1782739181.44,0.0,0.0,0.0,0.5918,0.8022,0.02,0.0137,0.0137,0.0142,26.4,0.0,0.0,0.0,0.0,0.0,0.0
1782739186.448,0.0,0.0,0.0,0.5918,0.8022,0.02,0.0137,0.0137,0.0142,26.4,0.0,0.0,0.0,0.0,0.0,0.0
1782739191.459,0.0,0.0,0.0,0.5918,0.8022,0.02,0.0132,0.0137,0.0132,26.4,0.0,0.0,0.0,0.0,0.0,0.0
1782739196.468,0.0,0.0,0.0,0.5918,0.8022,0.02,0.0137,0.0137,0.0146,26.4,0.0,0.0,0.0,0.0,0.0,0.0
1782739201.482,0.0,0.0,0.0,0.5913,0.8022,0.02,0.0137,0.0132,0.0142,26.4,0.0,0.0,0.0,0.0,0.0,0.0
1782739206.497,0.0,0.0,0.0,0.5913,0.8022,0.02,0.0142,0.0132,0.0151,26.4,0.0,0.0,0.0,0.0,0.0,0.0
1782739211.507,0.0,0.0,0.0,0.5918,0.8022,0.02,0.0146,0.0146,0.0142,26.4,0.0,0.0,0.0,0.0,0.0,0.0
1782739216.516,0.0,0.0,0.0,0.5913,0.8022,0.02,0.0151,0.0146,0.0142,26.4,0.0,0.0,0.0,0.0,0.0,0.0
1782739221.527,0.0,0.0,0.0,0.5913,0.8022,0.02,0.0142,0.0137,0.0132,26.4,0.0,0.0,0.0,0.0,0.0,0.0
1782739226.537,0.0,0.0,0.0,0.5913,0.8022,0.02,0.0142,0.0132,0.0151,26.4,0.0,0.0,0.0,0.0,0.0,0.0
1782739231.549,0.0,0.0,0.0,0.5918,0.8022,0.02,0.0132,0.0137,0.0146,26.4,0.0,0.0,0.0,0.0,0.0,0.0
1782739236.56,0.0,0.0,0.0,0.5918,0.8022,0.02,0.0142,0.0142,0.0161,26.4,0.06,0.06,0.06,108.4,24.5,98.5
1782739241.568,0.0,0.0,0.0,0.5918,0.8022,0.02,0.0132,0.0137,0.0142,26.41,0.01,0.01,0.01,0.0,0.0,0.0
1782739246.582,0.0,0.0,0.0,0.5918,0.8022,0.02,0.0132,0.0142,0.0137,26.4,0.0,0.0,0.0,0.0,0.0,0.0
1782739251.593,0.044,0.045,0.042,0.5913,0.8022,0.02,0.0142,0.0137,0.0146,26.41,0.98,0.99,0.93,62.5,39.2,3.4
1782739256.607,0.008,0.008,0.008,0.5913,0.8022,0.02,0.0132,0.0132,0.0146,26.41,0.25,0.26,0.25,8.1,78.9,4.9
1782739261.617,0.0,0.0,0.0,0.5913,0.8022,0.02,0.0146,0.0142,0.0151,26.4,0.0,0.0,0.0,0.0,0.0,0.0
1782739266.624,0.0,0.0,0.0,0.5913,0.8022,0.02,0.0156,0.0146,0.0156,26.4,0.0,0.0,0.0,0.0,0.0,0.0
1782739271.636,0.0,0.0,0.0,0.5918,0.8022,0.02,0.0137,0.0142,0.0142,26.4,0.0,0.0,0.0,0.0,0.0,0.0
1782739276.647,0.0,0.0,0.0,0.5918,0.8022,0.02,0.0132,0.0122,0.0146,26.4,0.0,0.0,0.0,0.0,0.0,0.0
1782739281.655,0.0,0.0,0.0,0.5913,0.8022,0.02,0.0142,0.0127,0.0142,26.4,0.0,0.0,0.0,0.0,0.0,0.0
1782739286.667,0.0,0.0,0.0,0.5913,0.8022,0.02,0.0146,0.0137,0.0151,26.4,0.0,0.0,0.0,0.0,0.0,0.0
1782739291.678,0.0,0.0,0.0,0.5913,0.8022,0.02,0.0127,0.0146,0.0137,26.4,0.0,0.0,0.0,0.0,0.0,0.0
1782739296.684,0.0,0.0,0.0,0.5913,0.8022,0.02,0.0142,0.0132,0.0146,26.4,0.0,0.0,0.0,0.0,0.0,0.0
1782739301.7,0.0,0.0,0.0,0.5913,0.8022,0.02,0.0132,0.0132,0.0137,26.4,0.0,0.0,0.0,0.0,0.0,0.0
1782739306.712,0.0,0.0,0.0,0.5913,0.8022,0.02,0.0137,0.0137,0.0137,26.39,0.0,0.0,0.0,0.0,0.0,0.0
1782739311.721,0.0,0.0,0.0,0.5913,0.8022,0.02,0.0137,0.0142,0.0142,26.39,0.0,0.0,0.0,0.0,0.0,0.0
1782739316.731,0.0,0.0,0.0,0.5913,0.8022,0.02,0.0146,0.0137,0.0146,26.39,0.0,0.0,0.0,0.0,0.0,0.0
1782739321.743,0.0,0.0,0.0,0.5913,0.8022,0.02,0.0137,0.0142,0.0156,26.39,0.0,0.0,0.0,0.0,0.0,0.0
1782739326.756,0.0,0.0,0.0,0.5913,0.8022,0.02,0.0137,0.0137,0.0132,26.38,0.01,0.01,0.01,0.0,0.0,0.0
1782739331.766,0.0,0.0,0.0,0.5913,0.8022,0.02,0.0137,0.0137,0.0137,26.38,0.0,0.0,0.0,0.0,0.0,0.0
1782739336.775,0.0,0.0,0.0,0.5913,0.8022,0.02,0.0132,0.0137,0.0142,26.38,0.0,0.0,0.0,0.0,0.0,0.0
1782739341.787,0.001,0.002,0.001,0.5913,0.8022,0.02,0.0132,0.0137,0.0151,26.38,0.25,0.26,0.24,114.3,60.0,20.8
1782739346.803,0.0,0.0,0.0,0.5913,0.8022,0.02,0.019,0.0171,0.0156,26.37,0.07,0.06,0.05,99.7,56.8,47.8
1782739351.813,0.0,0.0,0.0,0.5913,0.8022,0.02,0.0137,0.0137,0.0142,26.37,0.0,0.0,0.0,0.0,0.0,0.0
1782739356.826,0.0,0.0,0.0,0.5913,0.8022,0.02,0.0137,0.0137,0.0146,26.37,0.0,0.0,0.0,0.0,0.0,0.0
1782739361.835,0.0,0.0,0.0,0.5913,0.8022,0.02,0.0137,0.0137,0.0137,26.36,0.0,0.0,0.0,0.0,0.0,0.0
1782739366.842,0.0,0.0,0.0,0.5913,0.8022,0.02,0.0142,0.0132,0.0142,26.36,0.0,0.0,0.0,0.0,0.0,0.0
1782739371.856,0.0,0.0,0.0,0.5913,0.8022,0.02,0.0132,0.0132,0.0146,26.36,0.0,0.0,0.0,0.0,0.0,0.0
1782739376.869,0.0,0.0,0.0,0.5913,0.8022,0.02,0.0137,0.0142,0.0142,26.35,0.0,0.0,0.0,0.0,0.0,0.0
1782739381.876,0.0,0.0,0.0,0.5913,0.8022,0.02,0.0142,0.0132,0.0137,26.35,0.0,0.0,0.0,0.0,0.0,0.0
1782739386.889,0.0,0.0,0.0,0.5913,0.8022,0.02,0.0137,0.0132,0.0142,26.35,0.0,0.0,0.0,0.0,0.0,0.0
1782739391.899,0.0,0.0,0.0,0.5913,0.8022,0.02,0.0127,0.0137,0.0146,26.35,0.0,0.0,0.0,0.0,0.0,0.0
1782739396.91,0.0,0.0,0.0,0.5913,0.8022,0.02,0.0137,0.0137,0.0142,26.35,0.0,0.0,0.0,0.0,0.0,0.0
1782739401.923,0.0,0.0,0.0,0.5913,0.8022,0.02,0.0132,0.0137,0.0142,26.34,0.0,0.0,0.0,0.0,0.0,0.0
1782739406.931,0.0,0.0,0.0,0.5913,0.8022,0.02,0.0132,0.0137,0.0146,26.34,0.0,0.0,0.0,0.0,0.0,0.0
1782739411.946,0.0,0.0,0.0,0.5913,0.8022,0.02,0.0137,0.0137,0.0142,26.34,0.0,0.0,0.0,0.0,0.0,0.0
1782739416.96,0.0,0.0,0.0,0.5913,0.8022,0.0205,0.0137,0.0132,0.0146,26.34,0.0,0.0,0.0,0.0,0.0,0.0
1782739421.971,0.0,0.0,0.0,0.5913,0.8022,0.0205,0.0132,0.0132,0.0137,26.33,0.0,0.0,0.0,0.0,0.0,0.0
1782739426.979,0.0,0.0,0.0,0.5913,0.8022,0.0205,0.0142,0.0132,0.0137,26.34,0.0,0.0,0.0,0.0,0.0,0.0
1782739431.99,0.0,0.0,0.0,0.5913,0.8022,0.0205,0.0137,0.0142,0.0146,26.33,0.0,0.0,0.0,0.0,0.0,0.0
1782739436.996,0.0,0.0,0.0,0.5913,0.8022,0.0205,0.0146,0.0137,0.0146,26.33,0.0,0.0,0.0,0.0,0.0,0.0
1782739442.012,0.0,0.0,0.0,0.5913,0.8022,0.0205,0.0137,0.0142,0.0146,26.33,0.0,0.0,0.0,0.0,0.0,0.0
1782739447.024,0.0,0.0,0.0,0.5913,0.8022,0.0205,0.0142,0.0137,0.0137,26.33,0.0,0.0,0.0,0.0,0.0,0.0
1782739452.032,0.0,0.0,0.0,0.5913,0.8022,0.0205,0.0132,0.0142,0.0151,26.33,0.0,0.0,0.0,0.0,0.0,0.0
1782739457.04,0.0,0.0,0.0,0.5913,0.8022,0.0205,0.0137,0.0132,0.0142,26.33,0.0,0.0,0.0,0.0,0.0,0.0
1782739462.052,0.0,0.0,0.0,0.5913,0.8022,0.0205,0.0132,0.0132,0.0142,26.33,0.0,0.0,0.0,0.0,0.0,0.0
1782739467.064,0.0,0.0,0.0,0.5913,0.8022,0.0205,0.0142,0.0137,0.0137,26.33,0.0,0.0,0.0,0.0,0.0,0.0
1782739472.075,0.0,0.0,0.0,0.5913,0.8022,0.0205,0.0137,0.0132,0.0142,26.33,0.0,0.0,0.0,0.0,0.0,0.0
1782739477.082,0.0,0.0,0.0,0.5913,0.8022,0.0205,0.0137,0.0132,0.0151,26.33,0.0,0.0,0.0,0.0,0.0,0.0
1782739482.092,0.0,0.0,0.0,0.5913,0.8022,0.0205,0.0127,0.0137,0.0146,26.32,0.0,0.0,0.0,0.0,0.0,0.0
1782739487.102,0.0,0.0,0.0,0.5913,0.8022,0.0205,0.0132,0.0137,0.0142,26.33,0.0,0.0,0.0,0.0,0.0,0.0
1782739492.109,0.0,0.0,0.0,0.5913,0.8022,0.0205,0.0127,0.0132,0.0132,26.33,0.0,0.0,0.0,0.0,0.0,0.0
1782739497.116,0.0,0.0,0.0,0.5913,0.8022,0.0205,0.0142,0.0142,0.0146,26.32,0.0,0.0,0.0,0.0,0.0,0.0
1782739502.13,0.0,0.0,0.0,0.5913,0.8022,0.0205,0.0137,0.0142,0.0137,26.33,0.0,0.0,0.0,0.0,0.0,0.0
1782739507.136,0.0,0.0,0.0,0.5913,0.8022,0.0205,0.0137,0.0137,0.0146,26.33,0.0,0.0,0.0,0.0,0.0,0.0
1782739512.152,0.0,0.0,0.0,0.5913,0.8022,0.0205,0.0142,0.0132,0.0142,26.33,0.0,0.0,0.0,0.0,0.0,0.0
1782739517.165,0.0,0.0,0.0,0.5913,0.8022,0.0205,0.0132,0.0132,0.0142,26.32,0.0,0.0,0.0,0.0,0.0,0.0
1782739522.175,0.0,0.0,0.0,0.5913,0.8022,0.0205,0.0142,0.0142,0.0142,26.32,0.07,0.07,0.07,0.0,0.0,0.0
1782739527.185,0.0,0.0,0.0,0.5913,0.8022,0.0205,0.0137,0.0132,0.0132,26.32,0.0,0.0,0.0,0.0,0.0,0.0
1782739532.2,0.0,0.0,0.0,0.5913,0.8022,0.0205,0.0137,0.0127,0.0146,26.32,0.0,0.0,0.0,0.0,0.0,0.0
1782739537.209,0.0,0.0,0.0,0.5913,0.8022,0.0205,0.0127,0.0142,0.0137,26.32,0.0,0.0,0.0,0.0,0.0,0.0
1782739542.218,0.0,0.0,0.0,0.5913,0.8022,0.0205,0.0137,0.0137,0.0142,26.32,0.0,0.0,0.0,0.0,0.0,0.0
1782739547.226,0.0,0.0,0.0,0.5913,0.8022,0.0205,0.0137,0.0137,0.0132,26.32,0.0,0.0,0.0,0.0,0.0,0.0
1782739552.232,0.0,0.0,0.0,0.5913,0.8022,0.0205,0.0151,0.0142,0.0146,26.32,0.0,0.0,0.0,0.0,0.0,0.0
1782739557.242,0.0,0.0,0.0,0.5913,0.8022,0.0205,0.0137,0.0137,0.0142,26.32,0.0,0.0,0.0,0.0,0.0,0.0
1782739562.258,0.0,0.0,0.0,0.5913,0.8022,0.0205,0.0132,0.0137,0.0151,26.32,0.0,0.0,0.0,0.0,0.0,0.0
1782739567.266,0.0,0.0,0.0,0.5913,0.8022,0.0205,0.0137,0.0142,0.0146,26.32,0.0,0.0,0.0,0.0,0.0,0.0
1782739572.275,0.0,0.0,0.0,0.5913,0.8022,0.02,0.0142,0.0137,0.0151,26.32,0.0,0.0,0.0,0.0,0.0,0.0
1782739577.28,0.0,0.0,0.0,0.5913,0.8022,0.0205,0.0127,0.0132,0.0137,26.32,0.0,0.0,0.0,0.0,0.0,0.0
1782739582.291,0.0,0.0,0.0,0.5913,0.8022,0.0205,0.0137,0.0137,0.0137,26.32,0.0,0.0,0.0,0.0,0.0,0.0
1782739587.3,0.0,0.0,0.0,0.5913,0.8022,0.0205,0.0132,0.0137,0.0146,26.32,0.0,0.0,0.0,0.0,0.0,0.0
1782739592.308,0.0,0.0,0.0,0.5913,0.8022,0.0205,0.0142,0.0142,0.0142,26.32,0.0,0.0,0.0,0.0,0.0,0.0
1782739597.316,0.0,0.0,0.0,0.5913,0.8022,0.02,0.0142,0.0146,0.0142,26.32,0.0,0.0,0.0,0.0,0.0,0.0
1782739602.326,0.0,0.0,0.0,0.5913,0.8022,0.02,0.0137,0.0137,0.0142,26.32,0.0,0.0,0.0,0.0,0.0,0.0
1782739607.334,0.0,0.0,0.0,0.5913,0.8022,0.02,0.0137,0.0132,0.0146,26.32,0.0,0.0,0.0,0.0,0.0,0.0
1782739612.344,0.0,0.0,0.0,0.5913,0.8022,0.02,0.0137,0.0132,0.0151,26.33,0.0,0.0,0.0,0.0,0.0,0.0
1782739617.354,0.0,0.0,0.0,0.5913,0.8022,0.02,0.0137,0.0132,0.0146,26.32,0.0,0.0,0.0,0.0,0.0,0.0
1782739622.362,0.001,0.001,0.001,0.5913,0.8022,0.02,0.0132,0.0132,0.0151,26.33,0.15,0.15,0.14,0.0,0.0,0.0
1782739627.369,0.0,0.0,0.0,0.5913,0.8022,0.02,0.0142,0.0137,0.0142,26.33,0.03,0.03,0.03,57.3,88.3,48.1
1782739632.383,0.0,0.0,0.0,0.5913,0.8022,0.02,0.0142,0.0132,0.0142,26.33,0.0,0.0,0.0,0.0,0.0,0.0
1782739637.393,0.0,0.0,0.0,0.5913,0.8022,0.02,0.0137,0.0137,0.0132,26.33,0.0,0.0,0.0,0.0,0.0,0.0
1782739642.405,0.0,0.0,0.0,0.5913,0.8022,0.02,0.0142,0.0146,0.0151,26.33,0.0,0.0,0.0,0.0,0.0,0.0
1782739647.416,0.0,0.0,0.0,0.5913,0.8022,0.02,0.0137,0.0132,0.0142,26.33,0.0,0.0,0.0,0.0,0.0,0.0
1782739652.429,0.0,0.0,0.0,0.5913,0.8022,0.02,0.0127,0.0137,0.0146,26.33,0.0,0.0,0.0,0.0,0.0,0.0
1782739657.444,0.0,0.0,0.0,0.5913,0.8022,0.02,0.0132,0.0132,0.0142,26.33,0.0,0.0,0.0,0.0,0.0,0.0
1782739662.451,0.0,0.0,0.0,0.5913,0.8022,0.02,0.0132,0.0142,0.0137,26.33,0.0,0.0,0.0,0.0,0.0,0.0
1782739667.463,0.0,0.0,0.0,0.5913,0.8022,0.02,0.0137,0.0132,0.0142,26.33,0.0,0.0,0.0,0.0,0.0,0.0
1782739672.476,0.0,0.0,0.0,0.5913,0.8022,0.02,0.0137,0.0142,0.0142,26.33,0.0,0.0,0.0,0.0,0.0,0.0
1782739677.487,0.0,0.0,0.0,0.5913,0.8022,0.02,0.0132,0.0137,0.0137,26.33,0.0,0.0,0.0,0.0,0.0,0.0
1782739682.497,0.0,0.0,0.0,0.5913,0.8022,0.02,0.0137,0.0137,0.0142,26.34,0.0,0.0,0.0,0.0,0.0,0.0
1782739687.51,0.0,0.0,0.0,0.5913,0.8022,0.02,0.0137,0.0132,0.0142,26.34,0.0,0.0,0.0,0.0,0.0,0.0
1782739692.519,0.0,0.0,0.0,0.5913,0.8022,0.02,0.0137,0.0146,0.0146,26.34,0.0,0.0,0.0,0.0,0.0,0.0
1782739697.528,0.001,0.001,0.001,0.5913,0.8022,0.02,0.0146,0.0137,0.0146,26.34,0.19,0.19,0.18,0.0,0.0,0.0
1782739702.542,0.0,0.0,0.0,0.5913,0.8022,0.02,0.0142,0.0137,0.0137,26.34,0.0,0.0,0.0,0.0,0.0,0.0
1782739707.551,0.26,0.263,0.254,0.5913,0.8022,0.02,0.0132,0.0137,0.0161,26.34,3.25,3.28,3.16,117.3,28.0,1.9
1782739712.565,0.0,0.0,0.0,0.5913,0.8022,0.02,0.0146,0.0132,0.0142,26.34,0.03,0.03,0.03,0.0,0.0,0.0
1782739717.578,0.0,0.0,0.0,0.5913,0.8022,0.02,0.0137,0.0146,0.0146,26.34,0.0,0.0,0.0,0.0,0.0,0.0
1782739722.589,0.0,0.0,0.0,0.5913,0.8022,0.02,0.0142,0.0137,0.0146,26.35,0.01,0.01,0.01,0.0,0.0,124.3
1782739727.601,0.0,0.0,0.0,0.5913,0.8022,0.02,0.0137,0.0132,0.0132,26.34,0.0,0.0,0.0,0.0,0.0,0.0
1782739732.608,0.0,0.0,0.0,0.5913,0.8022,0.02,0.0142,0.0137,0.0146,26.35,0.0,0.0,0.0,0.0,0.0,0.0
1782739737.619,0.0,0.0,0.0,0.5913,0.8022,0.02,0.0137,0.0132,0.0142,26.34,0.0,0.0,0.0,0.0,0.0,0.0
1782739742.63,0.0,0.0,0.0,0.5913,0.8022,0.02,0.0137,0.0127,0.0142,26.35,0.0,0.0,0.0,0.0,0.0,0.0
1782739747.642,0.0,0.0,0.0,0.5913,0.8022,0.02,0.0146,0.0142,0.0137,26.35,0.0,0.0,0.0,0.0,0.0,0.0
1782739752.656,0.0,0.0,0.0,0.5913,0.8022,0.02,0.0137,0.0137,0.0132,26.35,0.0,0.0,0.0,0.0,0.0,0.0
1782739757.666,0.0,0.0,0.0,0.5913,0.8022,0.02,0.0137,0.0137,0.0137,26.35,0.0,0.0,0.0,0.0,0.0,0.0
1782739762.673,0.0,0.0,0.0,0.5913,0.8022,0.02,0.0137,0.0132,0.0156,26.35,0.0,0.0,0.0,0.0,0.0,0.0
1782739767.685,0.0,0.0,0.0,0.5913,0.8022,0.02,0.0137,0.0132,0.0151,26.35,0.0,0.0,0.0,0.0,0.0,0.0
1782739772.695,0.0,0.0,0.0,0.5913,0.8022,0.02,0.0142,0.0137,0.0146,26.36,0.0,0.0,0.0,0.0,0.0,0.0
1782739777.702,0.0,0.0,0.0,0.5913,0.8022,0.02,0.0132,0.0137,0.0137,26.36,0.0,0.0,0.0,0.0,0.0,0.0
1782739782.711,0.0,0.0,0.0,0.5913,0.8022,0.02,0.0132,0.0132,0.0151,26.36,0.0,0.0,0.0,0.0,0.0,0.0
1782739787.721,0.0,0.0,0.0,0.5913,0.8022,0.02,0.0137,0.0132,0.0132,26.36,0.0,0.0,0.0,0.0,0.0,0.0
1782739792.727,0.0,0.0,0.0,0.5913,0.8022,0.02,0.0142,0.0127,0.0142,26.36,0.0,0.0,0.0,0.0,0.0,0.0
1782739797.737,0.0,0.0,0.0,0.5913,0.8022,0.02,0.0142,0.0137,0.0137,26.36,0.0,0.0,0.0,0.0,0.0,0.0
1782739802.747,0.0,0.0,0.0,0.5913,0.8022,0.02,0.0132,0.0127,0.0137,26.36,0.01,0.01,0.01,0.0,0.0,0.0
1782739807.76,0.0,0.0,0.0,0.5913,0.8022,0.02,0.0137,0.0132,0.0142,26.36,0.0,0.0,0.0,0.0,0.0,0.0
1782739812.772,0.0,0.0,0.0,0.5913,0.8022,0.02,0.0146,0.0137,0.0151,26.36,0.0,0.0,0.0,0.0,0.0,0.0
1782739817.785,0.0,0.0,0.0,0.5913,0.8022,0.02,0.0142,0.0137,0.0137,26.36,0.0,0.0,0.0,0.0,0.0,0.0
1782739822.795,0.0,0.0,0.0,0.5913,0.8022,0.02,0.0142,0.0132,0.0146,26.36,0.0,0.0,0.0,0.0,0.0,0.0
1782739827.807,0.0,0.0,0.0,0.5913,0.8022,0.02,0.0137,0.0137,0.0146,26.36,0.0,0.0,0.0,0.0,0.0,0.0
1782739832.818,0.0,0.0,0.0,0.5913,0.8022,0.02,0.0127,0.0137,0.0146,26.36,0.0,0.0,0.0,0.0,0.0,0.0
1782739837.83,0.0,0.0,0.0,0.5913,0.8022,0.02,0.0142,0.0137,0.0142,26.36,0.02,0.01,0.01,0.0,0.0,0.0
1782739842.842,0.0,0.0,0.0,0.5913,0.8022,0.02,0.0137,0.0137,0.0137,26.37,0.0,0.0,0.0,0.0,0.0,0.0
1782739847.852,0.002,0.003,0.002,0.5913,0.8022,0.02,0.0137,0.0146,0.0151,26.37,0.2,0.21,0.2,0.0,0.0,0.0
1782739852.86,0.0,0.0,0.0,0.5913,0.8022,0.02,0.0142,0.0127,0.0151,26.36,0.0,0.0,0.0,0.0,0.0,0.0
1782739857.874,0.0,0.0,0.0,0.5913,0.8022,0.02,0.0142,0.0137,0.0146,26.37,0.0,0.0,0.0,0.0,0.0,0.0
1782739862.88,0.0,0.0,0.0,0.5913,0.8022,0.02,0.0142,0.0142,0.0151,26.37,0.0,0.0,0.0,0.0,0.0,0.0
1782739867.893,0.0,0.0,0.0,0.5913,0.8022,0.02,0.0132,0.0137,0.0151,26.37,0.0,0.0,0.0,0.0,0.0,0.0
1782739872.904,0.0,0.0,0.0,0.5913,0.8022,0.02,0.0137,0.0132,0.0132,26.37,0.0,0.0,0.0,0.0,0.0,0.0
1782739877.911,0.0,0.0,0.0,0.5913,0.8022,0.02,0.0142,0.0132,0.0146,26.37,0.0,0.0,0.0,0.0,0.0,0.0
1782739882.922,0.0,0.0,0.0,0.5913,0.8022,0.02,0.0137,0.0132,0.0137,26.37,0.0,0.0,0.0,0.0,0.0,0.0
1782739887.934,0.0,0.0,0.0,0.5913,0.8022,0.02,0.0137,0.0132,0.0137,26.37,0.0,0.0,0.0,0.0,0.0,0.0
1782739892.946,0.0,0.0,0.0,0.5913,0.8022,0.02,0.0137,0.0132,0.0137,26.37,0.0,0.0,0.0,0.0,0.0,0.0
1782739897.958,0.0,0.0,0.0,0.5913,0.8022,0.02,0.0137,0.0132,0.0137,26.37,0.0,0.0,0.0,0.0,0.0,0.0
1782739902.968,0.0,0.0,0.0,0.5913,0.8022,0.02,0.0137,0.0132,0.0137,26.37,0.0,0.0,0.0,0.0,0.0,0.0
1782739907.979,0.0,0.0,0.0,0.5913,0.8022,0.02,0.0137,0.0132,0.0137,26.37,0.0,0.0,0.0,0.0,0.0,0.0
1782739912.991,0.0,0.0,0.0,0.5913,0.8022,0.02,0.0137,0.0132,0.0137,26.37,0.0,0.0,0.0,0.0,0.0,0.0
1782739918.003,0.0,0.0,0.0,0.5913,0.8022,0.02,0.0137,0.0132,0.0137,26.37,0.0,0.0,0.0,0.0,0.0,0.0
1782739923.013,0.0,0.0,0.0,0.5913,0.8022,0.02,0.0137,0.0132,0.0137,26.37,0.0,0.0,0.0,0.0,0.0,0.0
1782739928.025,0.0,0.0,0.0,0.5913,0.8022,0.02,0.0137,0.0132,0.0137,26.37,0.0,0.0,0.0,0.0,0.0,0.0
1782739933.036,0.0,0.0,0.0,0.5913,0.8022,0.02,0.0137,0.0132,0.0137,26.37,0.0,0.0,0.0,0.0,0.0,0.0
1782739938.05,0.0,0.0,0.0,0.5913,0.8022,0.02,0.0137,0.0132,0.0137,26.37,0.0,0.0,0.0,0.0,0.0,0.0
1782739943.058,0.0,0.0,0.0,0.5913,0.8022,0.02,0.0137,0.0132,0.0137,26.37,0.0,0.0,0.0,0.0,0.0,0.0
1782739948.066,0.0,0.0,0.0,0.5913,0.8022,0.02,0.0142,0.0127,0.0151,26.34,0.0,0.0,0.0,0.0,0.0,0.0
1782739953.076,0.0,0.0,0.0,0.5913,0.8022,0.02,0.0142,0.0132,0.0142,26.34,0.0,0.0,0.0,0.0,0.0,0.0
1782739958.088,0.0,0.0,0.0,0.5913,0.8022,0.02,0.0132,0.0137,0.0137,26.35,0.0,0.0,0.0,0.0,0.0,0.0
1782739963.1,0.0,0.0,0.0,0.5913,0.8022,0.02,0.0132,0.0137,0.0146,26.35,0.0,0.0,0.0,0.0,0.0,0.0
1782739968.113,0.0,0.0,0.0,0.5913,0.8022,0.02,0.0132,0.0137,0.0142,26.35,0.0,0.0,0.0,0.0,0.0,0.0
1782739973.121,0.0,0.0,0.0,0.5913,0.8022,0.02,0.0132,0.0137,0.0137,26.35,0.0,0.0,0.0,0.0,0.0,0.0
1782739978.134,0.0,0.0,0.0,0.5913,0.8022,0.02,0.0137,0.0132,0.0142,26.35,0.0,0.0,0.0,0.0,0.0,0.0
1782739983.145,0.0,0.0,0.0,0.5913,0.8022,0.02,0.0137,0.0132,0.0146,26.35,0.0,0.0,0.0,0.0,0.0,0.0
1782739988.155,0.0,0.0,0.0,0.5913,0.8022,0.02,0.0137,0.0137,0.0142,26.35,0.0,0.0,0.0,0.0,0.0,0.0
1782739993.166,0.0,0.0,0.0,0.5913,0.8022,0.02,0.0137,0.0132,0.0142,26.35,0.0,0.0,0.0,0.0,0.0,0.0
1782739998.178,0.0,0.0,0.0,0.5913,0.8022,0.02,0.0137,0.0137,0.0146,26.35,0.0,0.0,0.0,0.0,0.0,0.0
1782740003.189,0.0,0.0,0.0,0.5913,0.8022,0.02,0.0132,0.0142,0.0137,26.35,0.0,0.0,0.0,0.0,0.0,0.0
1782740008.201,0.0,0.0,0.0,0.5913,0.8022,0.02,0.0137,0.0137,0.0137,26.35,0.0,0.0,0.0,0.0,0.0,0.0
1782740013.213,0.0,0.0,0.0,0.5913,0.8022,0.02,0.0137,0.0137,0.0146,26.35,0.0,0.0,0.0,0.0,0.0,0.0
1782740018.225,0.0,0.0,0.0,0.5913,0.8022,0.02,0.0127,0.0132,0.0146,26.35,0.0,0.0,0.0,0.0,0.0,0.0
1782740023.23,0.0,0.0,0.0,0.5913,0.8022,0.02,0.0137,0.0142,0.0146,26.36,0.02,0.02,0.02,115.8,38.4,88.5
1782740028.241,0.0,0.0,0.0,0.5913,0.8022,0.02,0.0137,0.0137,0.0137,26.36,0.0,0.0,0.0,0.0,0.0,0.0
1782740033.246,0.0,0.0,0.0,0.5913,0.8022,0.02,0.0229,0.02,0.0186,26.36,0.0,0.0,0.0,0.0,0.0,0.0
1782740038.259,0.0,0.0,0.0,0.5913,0.8022,0.02,0.0161,0.0146,0.0156,26.36,0.0,0.0,0.0,0.0,0.0,0.0
1782740043.274,0.0,0.0,0.0,0.5913,0.8022,0.02,0.0132,0.0142,0.0137,26.36,0.0,0.0,0.0,0.0,0.0,0.0
1782740048.286,0.0,0.0,0.0,0.5913,0.8022,0.02,0.0142,0.0137,0.0142,26.35,0.0,0.0,0.0,0.0,0.0,0.0
1782740053.293,0.0,0.0,0.0,0.5913,0.8022,0.02,0.0132,0.0137,0.0137,26.35,0.0,0.0,0.0,0.0,0.0,0.0
1782740058.305,0.0,0.0,0.0,0.5913,0.8022,0.02,0.0137,0.0137,0.0142,26.35,0.0,0.0,0.0,0.0,0.0,0.0
1782740063.312,0.0,0.0,0.0,0.5913,0.8022,0.02,0.0142,0.0127,0.0142,26.35,0.0,0.0,0.0,0.0,0.0,0.0
1782740068.322,0.0,0.0,0.0,0.5913,0.8022,0.02,0.0137,0.0127,0.0142,26.35,0.0,0.0,0.0,0.0,0.0,0.0
1782740073.335,0.0,0.0,0.0,0.5918,0.8022,0.02,0.0137,0.0132,0.0132,26.35,0.0,0.0,0.0,0.0,0.0,0.0
1782740078.346,0.0,0.0,0.0,0.5913,0.8022,0.02,0.0132,0.0142,0.0132,26.35,0.0,0.0,0.0,0.0,0.0,0.0
1782740083.359,0.0,0.0,0.0,0.5913,0.8022,0.02,0.0137,0.0132,0.0132,26.35,0.0,0.0,0.0,0.0,0.0,0.0
1782740088.371,0.0,0.0,0.0,0.5918,0.8022,0.02,0.0132,0.0142,0.0132,26.35,0.0,0.0,0.0,0.0,0.0,0.0
1782740093.381,0.0,0.0,0.0,0.5918,0.8022,0.02,0.0146,0.0137,0.0142,26.35,0.0,0.0,0.0,0.0,0.0,0.0
1782740098.392,0.0,0.0,0.0,0.5918,0.8022,0.02,0.0137,0.0132,0.0142,26.35,0.0,0.0,0.0,0.0,0.0,0.0
1782740103.405,0.0,0.0,0.0,0.5918,0.8022,0.02,0.0146,0.0137,0.0142,26.35,0.05,0.05,0.04,0.0,0.0,0.0
1782740108.417,0.0,0.0,0.0,0.5913,0.8022,0.02,0.0142,0.0142,0.0142,26.35,0.02,0.02,0.02,0.0,0.0,0.0
1782740113.428,0.0,0.0,0.0,0.5913,0.8022,0.02,0.0142,0.0132,0.0142,26.35,0.0,0.0,0.0,0.0,0.0,0.0
1782740118.435,0.005,0.005,0.004,0.5913,0.8022,0.02,0.0171,0.0151,0.0156,26.35,0.66,0.61,0.53,120.3,120.3,20.3
1782740123.448,0.0,0.0,0.0,0.5913,0.8022,0.02,0.0142,0.0132,0.0142,26.35,0.0,0.0,0.0,0.0,0.0,0.0
1782740128.46,0.0,0.0,0.0,0.5913,0.8022,0.02,0.0132,0.0137,0.0146,26.35,0.0,0.0,0.0,0.0,0.0,0.0
1782740133.471,0.0,0.0,0.0,0.5913,0.8022,0.02,0.0146,0.0146,0.0146,26.35,0.0,0.0,0.0,0.0,0.0,0.0
1782740138.48,0.0,0.0,0.0,0.5913,0.8022,0.02,0.0137,0.0132,0.0137,26.35,0.0,0.0,0.0,0.0,0.0,0.0
1782740143.492,0.0,0.0,0.0,0.5913,0.8022,0.02,0.0146,0.0137,0.0142,26.35,0.0,0.0,0.0,0.0,0.0,0.0
1782740148.503,0.0,0.0,0.0,0.5913,0.8022,0.02,0.0137,0.0132,0.0142,26.35,0.0,0.0,0.0,0.0,0.0,0.0
1782740153.512,0.0,0.0,0.0,0.5913,0.8022,0.02,0.0132,0.0137,0.0137,26.35,0.0,0.0,0.0,0.0,0.0,0.0
1782740158.524,0.0,0.0,0.0,0.5913,0.8022,0.02,0.0142,0.0132,0.0137,26.35,0.0,0.0,0.0,0.0,0.0,0.0
1782740163.532,0.0,0.0,0.0,0.5913,0.8022,0.02,0.0137,0.0132,0.0142,26.35,0.0,0.0,0.0,0.0,0.0,0.0
1782740168.541,0.0,0.0,0.0,0.5913,0.8022,0.02,0.0137,0.0132,0.0127,26.35,0.0,0.0,0.0,0.0,0.0,0.0
1782740173.552,0.0,0.0,0.0,0.5913,0.8022,0.02,0.0132,0.0142,0.0142,26.35,0.0,0.0,0.0,0.0,0.0,0.0
1782740178.565,0.0,0.0,0.0,0.5913,0.8022,0.02,0.0132,0.0142,0.0137,26.35,0.0,0.0,0.0,0.0,0.0,0.0
1782740183.574,0.0,0.0,0.0,0.5913,0.8022,0.02,0.0137,0.0137,0.0146,26.34,0.0,0.0,0.0,0.0,0.0,0.0
1782740188.587,0.0,0.0,0.0,0.5913,0.8022,0.02,0.0142,0.0137,0.0142,26.34,0.0,0.0,0.0,0.0,0.0,0.0
1782740193.596,0.0,0.0,0.0,0.5913,0.8022,0.02,0.0132,0.0132,0.0146,26.34,0.0,0.0,0.0,0.0,0.0,0.0
1782740198.607,0.0,0.0,0.0,0.5913,0.8022,0.02,0.0142,0.0137,0.0146,26.34,0.0,0.0,0.0,0.0,0.0,0.0
1782740203.62,0.0,0.0,0.0,0.5913,0.8022,0.02,0.0132,0.0127,0.0142,26.34,0.0,0.0,0.0,0.0,0.0,0.0
1782740208.632,0.0,0.0,0.0,0.5913,0.8022,0.02,0.0151,0.0146,0.0151,26.34,0.03,0.03,0.02,3.9,83.1,95.5
1782740213.64,0.0,0.0,0.0,0.5913,0.8022,0.02,0.0161,0.0146,0.0146,26.34,0.05,0.05,0.04,22.5,53.3,106.9
1782740218.65,0.0,0.0,0.0,0.5913,0.8022,0.02,0.0127,0.0137,0.0132,26.33,0.0,0.0,0.0,0.0,0.0,0.0
1782740223.663,0.0,0.0,0.0,0.5913,0.8022,0.02,0.0137,0.0142,0.0127,26.33,0.0,0.0,0.0,0.0,0.0,0.0
1782740228.676,0.0,0.0,0.0,0.5913,0.8022,0.02,0.0137,0.0137,0.0146,26.33,0.0,0.0,0.0,0.0,0.0,0.0
1782740233.686,0.0,0.0,0.0,0.5913,0.8022,0.02,0.0127,0.0137,0.0142,26.33,0.0,0.0,0.0,0.0,0.0,0.0
1782740238.698,0.0,0.0,0.0,0.5913,0.8022,0.02,0.0122,0.0127,0.0142,26.33,0.0,0.0,0.0,0.0,0.0,0.0
1782740243.709,0.0,0.0,0.0,0.5918,0.8022,0.02,0.0142,0.0142,0.0142,26.33,0.0,0.0,0.0,0.0,0.0,0.0
1782740248.722,0.0,0.0,0.0,0.5913,0.8022,0.02,0.0137,0.0132,0.0137,26.33,0.0,0.0,0.0,0.0,0.0,0.0
1782740253.732,0.0,0.0,0.0,0.5913,0.8022,0.02,0.0146,0.0137,0.0142,26.33,0.0,0.0,0.0,0.0,0.0,0.0
1782740258.742,0.0,0.0,0.0,0.5918,0.8022,0.02,0.0137,0.0137,0.0142,26.33,0.0,0.0,0.0,0.0,0.0,0.0
1782740263.753,0.0,0.0,0.0,0.5918,0.8022,0.02,0.0132,0.0127,0.0151,26.33,0.0,0.0,0.0,0.0,0.0,0.0
1782740268.761,0.0,0.0,0.0,0.5918,0.8022,0.02,0.0142,0.0132,0.0142,26.33,0.0,0.0,0.0,0.0,0.0,0.0
1782740273.777,0.0,0.0,0.0,0.5918,0.8022,0.02,0.0137,0.0137,0.0146,26.33,0.0,0.0,0.0,0.0,0.0,0.0
1782740278.789,0.0,0.0,0.0,0.5918,0.8022,0.02,0.0137,0.0137,0.0142,26.33,0.0,0.0,0.0,0.0,0.0,0.0
1782740283.799,0.002,0.002,0.002,0.5913,0.8022,0.02,0.0137,0.0132,0.0146,26.33,0.09,0.09,0.09,0.0,0.0,0.0
1782740288.81,0.0,0.0,0.0,0.5913,0.8022,0.02,0.0146,0.0142,0.0142,26.33,0.0,0.0,0.0,0.0,0.0,0.0
1782740293.819,0.0,0.0,0.0,0.5913,0.8022,0.02,0.0137,0.0132,0.0146,26.33,0.0,0.0,0.0,0.0,0.0,0.0
1782740298.828,0.0,0.0,0.0,0.5913,0.8022,0.02,0.0146,0.0137,0.0137,26.33,0.02,0.02,0.02,0.0,0.0,0.0
1782740303.837,0.0,0.0,0.0,0.5913,0.8022,0.02,0.0137,0.0142,0.0142,26.33,0.0,0.0,0.0,0.0,0.0,0.0
1782740308.843,0.0,0.0,0.0,0.5913,0.8022,0.02,0.0146,0.0137,0.0151,26.33,0.01,0.01,0.01,33.4,113.6,102.2
1782740313.851,0.0,0.0,0.0,0.5913,0.8022,0.02,0.0137,0.0132,0.0142,26.33,0.0,0.0,0.0,0.0,0.0,0.0
1782740318.861,0.0,0.0,0.0,0.5913,0.8022,0.02,0.0132,0.0132,0.0146,26.33,0.0,0.0,0.0,0.0,0.0,0.0
1782740323.869,0.0,0.0,0.0,0.5913,0.8022,0.02,0.0132,0.0127,0.0146,26.33,0.0,0.0,0.0,0.0,0.0,0.0
1782740328.879,0.0,0.0,0.0,0.5913,0.8022,0.02,0.0127,0.0137,0.0137,26.33,0.0,0.0,0.0,0.0,0.0,0.0
1782740333.885,0.0,0.0,0.0,0.5913,0.8022,0.02,0.0146,0.0132,0.0137,26.33,0.0,0.0,0.0,0.0,0.0,0.0
1782740338.893,0.0,0.0,0.0,0.5913,0.8022,0.02,0.0137,0.0137,0.0146,26.33,0.0,0.0,0.0,0.0,0.0,0.0
1782740343.905,0.0,0.0,0.0,0.5913,0.8022,0.02,0.0132,0.0132,0.0146,26.33,0.0,0.0,0.0,0.0,0.0,0.0
1782740348.917,0.0,0.0,0.0,0.5913,0.8022,0.02,0.0142,0.0142,0.0132,26.32,0.0,0.0,0.0,0.0,0.0,0.0
1782740353.927,0.0,0.0,0.0,0.5913,0.8022,0.02,0.0137,0.0137,0.0142,26.32,0.0,0.0,0.0,0.0,0.0,0.0
1782740358.938,0.0,0.0,0.0,0.5913,0.8022,0.02,0.0137,0.0132,0.0146,26.32,0.0,0.0,0.0,0.0,0.0,0.0
1782740363.952,0.0,0.0,0.0,0.5913,0.8022,0.02,0.0151,0.0146,0.0146,26.32,0.0,0.0,0.0,0.0,0.0,0.0
1782740368.962,0.0,0.0,0.0,0.5913,0.8022,0.02,0.0137,0.0137,0.0142,26.32,0.0,0.0,0.0,0.0,0.0,0.0
1782740373.975,0.0,0.0,0.0,0.5913,0.8022,0.02,0.0132,0.0137,0.0146,26.32,0.0,0.0,0.0,0.0,0.0,0.0
1782740378.983,0.0,0.0,0.0,0.5913,0.8022,0.02,0.0142,0.0132,0.0142,26.32,0.0,0.0,0.0,0.0,0.0,0.0
1782740383.993,0.0,0.0,0.0,0.5913,0.8022,0.02,0.0142,0.0137,0.0142,26.32,0.0,0.0,0.0,0.0,0.0,0.0
1782740389.003,0.0,0.0,0.0,0.5913,0.8022,0.02,0.0137,0.0132,0.0137,26.32,0.0,0.0,0.0,0.0,0.0,0.0
1782740394.015,0.0,0.0,0.0,0.5913,0.8022,0.02,0.0137,0.0137,0.0151,26.32,0.0,0.0,0.0,0.0,0.0,0.0
1782740399.023,0.0,0.0,0.0,0.5913,0.8022,0.02,0.0142,0.0137,0.0146,26.32,0.0,0.0,0.0,0.0,0.0,0.0
1782740404.032,0.001,0.001,0.001,0.5913,0.8022,0.02,0.0137,0.0142,0.0146,26.32,0.11,0.11,0.11,0.0,0.0,11.1
1782740409.039,0.0,0.0,0.0,0.5913,0.8022,0.02,0.0137,0.0142,0.0132,26.31,0.0,0.0,0.0,0.0,0.0,0.0
1782740414.048,0.0,0.0,0.0,0.5913,0.8022,0.0205,0.0142,0.0137,0.0151,26.31,0.0,0.0,0.0,0.0,0.0,0.0
1782740419.056,0.0,0.0,0.0,0.5913,0.8022,0.0205,0.0142,0.0137,0.0146,26.31,0.0,0.0,0.0,0.0,0.0,0.0
1782740424.063,0.0,0.0,0.0,0.5913,0.8022,0.0205,0.0137,0.0137,0.0137,26.31,0.0,0.0,0.0,0.0,0.0,0.0
1782740429.07,0.0,0.0,0.0,0.5913,0.8022,0.0205,0.0137,0.0132,0.0146,26.31,0.0,0.0,0.0,0.0,0.0,0.0
1782740434.079,0.0,0.0,0.0,0.5913,0.8022,0.0205,0.0137,0.0132,0.0151,26.31,0.0,0.0,0.0,0.0,0.0,0.0
1782740439.084,0.0,0.0,0.0,0.5913,0.8022,0.0205,0.0132,0.0137,0.0146,26.31,0.0,0.0,0.0,0.0,0.0,0.0
1782740444.091,0.0,0.0,0.0,0.5913,0.8022,0.0205,0.0142,0.0137,0.0146,26.31,0.0,0.0,0.0,0.0,0.0,0.0
1782740449.099,0.0,0.0,0.0,0.5913,0.8022,0.0205,0.0137,0.0127,0.0132,26.31,0.0,0.0,0.0,0.0,0.0,0.0
1782740454.106,0.0,0.0,0.0,0.5913,0.8022,0.0205,0.0146,0.0122,0.0146,26.31,0.0,0.0,0.0,0.0,0.0,0.0
1782740459.119,0.0,0.0,0.0,0.5913,0.8022,0.0205,0.0132,0.0137,0.0137,26.31,0.0,0.0,0.0,0.0,0.0,0.0
1782740464.131,0.0,0.0,0.0,0.5913,0.8022,0.0205,0.0137,0.0132,0.0142,26.31,0.0,0.0,0.0,0.0,0.0,0.0
1782740469.142,0.0,0.0,0.0,0.5913,0.8022,0.0205,0.0137,0.0127,0.0137,26.32,0.0,0.0,0.0,0.0,0.0,0.0
1782740474.154,0.0,0.0,0.0,0.5913,0.8022,0.0205,0.0137,0.0127,0.0151,26.32,0.0,0.0,0.0,0.0,0.0,0.0
1782740479.162,0.0,0.0,0.0,0.5913,0.8022,0.0205,0.0132,0.0132,0.0142,26.32,0.0,0.0,0.0,0.0,0.0,0.0
1782740484.178,0.0,0.0,0.0,0.5913,0.8022,0.0205,0.0137,0.0132,0.0137,26.32,0.0,0.0,0.0,0.0,0.0,0.0
1782740489.191,0.0,0.0,0.0,0.5913,0.8022,0.0205,0.0132,0.0132,0.0142,26.32,0.0,0.0,0.0,0.0,0.0,0.0
1782740494.2,0.0,0.0,0.0,0.5913,0.8022,0.02,0.0137,0.0132,0.0142,26.32,0.0,0.0,0.0,0.0,0.0,0.0
1782740499.213,0.0,0.0,0.0,0.5913,0.8022,0.02,0.0142,0.0142,0.0132,26.32,0.0,0.0,0.0,0.0,0.0,0.0
1782740504.226,0.0,0.0,0.0,0.5913,0.8022,0.02,0.0142,0.0137,0.0146,26.32,0.0,0.0,0.0,0.0,0.0,0.0
1782740509.235,0.0,0.0,0.0,0.5913,0.8022,0.02,0.0132,0.0142,0.0146,26.32,0.0,0.0,0.0,0.0,0.0,0.0
1782740514.246,0.0,0.0,0.0,0.5913,0.8022,0.02,0.0142,0.0132,0.0146,26.32,0.0,0.0,0.0,0.0,0.0,0.0
1782740519.255,0.0,0.0,0.0,0.5913,0.8022,0.02,0.0142,0.0137,0.0142,26.32,0.0,0.0,0.0,0.0,0.0,0.0
1782740524.26,0.0,0.0,0.0,0.5918,0.8022,0.02,0.0137,0.0132,0.0146,26.32,0.0,0.0,0.0,0.0,0.0,0.0
1782740529.277,0.0,0.0,0.0,0.5918,0.8022,0.02,0.0132,0.0132,0.0142,26.33,0.01,0.01,0.01,0.0,0.0,0.0
1782740534.289,0.0,0.0,0.0,0.5918,0.8022,0.02,0.0137,0.0142,0.0142,26.33,0.0,0.0,0.0,0.0,0.0,0.0
1782740539.296,0.0,0.0,0.0,0.5918,0.8022,0.02,0.0137,0.0132,0.0146,26.33,0.0,0.0,0.0,0.0,0.0,0.0
1782740544.31,0.0,0.0,0.0,0.5918,0.8022,0.02,0.0132,0.0137,0.0142,26.33,0.0,0.0,0.0,0.0,0.0,0.0
1782740549.318,0.0,0.0,0.0,0.5918,0.8022,0.02,0.0132,0.0142,0.0137,26.33,0.0,0.0,0.0,0.0,0.0,0.0
1782740554.328,0.0,0.0,0.0,0.5913,0.8022,0.02,0.0137,0.0132,0.0142,26.33,0.0,0.0,0.0,0.0,0.0,0.0
1782740559.338,0.0,0.0,0.0,0.5913,0.8022,0.02,0.0137,0.0137,0.0146,26.33,0.0,0.0,0.0,0.0,0.0,0.0
1782740564.342,0.0,0.0,0.0,0.5913,0.8022,0.02,0.0146,0.0132,0.0142,26.34,0.0,0.0,0.0,0.0,0.0,0.0
1782740569.35,0.0,0.0,0.0,0.5918,0.8022,0.02,0.0127,0.0132,0.0146,26.34,0.01,0.01,0.01,0.0,0.0,0.0
1782740574.356,0.0,0.0,0.0,0.5913,0.8022,0.02,0.0137,0.0132,0.0137,26.34,0.02,0.02,0.02,0.0,0.0,0.0
1782740579.365,0.0,0.0,0.0,0.5913,0.8022,0.02,0.0146,0.0137,0.0142,26.34,0.11,0.11,0.1,0.0,0.0,0.0
1782740584.376,0.0,0.0,0.0,0.5913,0.8022,0.02,0.0137,0.0137,0.0127,26.34,0.0,0.0,0.0,0.0,0.0,0.0
1782740589.383,0.0,0.0,0.0,0.5913,0.8022,0.02,0.0137,0.0142,0.0146,26.34,0.06,0.06,0.06,59.3,53.3,33.2
1782740594.39,0.0,0.0,0.0,0.5913,0.8022,0.02,0.0137,0.0127,0.0137,26.34,0.0,0.0,0.0,0.0,0.0,0.0
1782740599.397,0.0,0.0,0.0,0.5913,0.8022,0.02,0.0151,0.0142,0.0142,26.34,0.0,0.0,0.0,0.0,0.0,0.0
1782740604.406,0.0,0.0,0.0,0.5913,0.8022,0.02,0.0137,0.0127,0.0137,26.34,0.0,0.0,0.0,0.0,0.0,0.0
1782740609.411,0.0,0.0,0.0,0.5913,0.8022,0.02,0.0146,0.0142,0.0151,26.34,0.0,0.0,0.0,0.0,0.0,0.0
1782740614.417,0.0,0.0,0.0,0.5913,0.8022,0.02,0.0137,0.0137,0.0142,26.34,0.0,0.0,0.0,0.0,0.0,0.0
1782740619.424,0.0,0.0,0.0,0.5913,0.8022,0.02,0.0142,0.0132,0.0137,26.34,0.0,0.0,0.0,0.0,0.0,0.0
1782740624.432,0.0,0.0,0.0,0.5913,0.8022,0.02,0.0142,0.0132,0.0137,26.34,0.0,0.0,0.0,0.0,0.0,0.0
1782740629.441,0.0,0.0,0.0,0.5913,0.8022,0.02,0.0146,0.0142,0.0146,26.35,0.0,0.0,0.0,0.0,0.0,0.0
1782740634.452,0.0,0.0,0.0,0.5913,0.8022,0.02,0.0142,0.0137,0.0142,26.35,0.0,0.0,0.0,0.0,0.0,0.0
1782740639.463,0.0,0.0,0.0,0.5913,0.8022,0.02,0.0132,0.0137,0.0146,26.35,0.0,0.0,0.0,0.0,0.0,0.0
1782740644.475,0.0,0.0,0.0,0.5913,0.8022,0.02,0.0137,0.0137,0.0137,26.35,0.0,0.0,0.0,0.0,0.0,0.0
1782740649.487,0.0,0.0,0.0,0.5913,0.8022,0.02,0.0137,0.0142,0.0142,26.35,0.0,0.0,0.0,0.0,0.0,0.0
1782740654.5,0.0,0.0,0.0,0.5913,0.8022,0.02,0.0137,0.0137,0.0142,26.35,0.0,0.0,0.0,0.0,0.0,0.0
1782740659.508,0.0,0.0,0.0,0.5918,0.8022,0.02,0.0137,0.0132,0.0142,26.36,0.0,0.0,0.0,0.0,0.0,0.0
1782740664.515,0.0,0.0,0.0,0.5918,0.8022,0.02,0.0132,0.0137,0.0137,26.36,0.0,0.0,0.0,0.0,0.0,0.0
1782740669.527,0.0,0.0,0.0,0.5918,0.8022,0.02,0.0132,0.0132,0.0142,26.36,0.0,0.0,0.0,0.0,0.0,0.0
1782740674.535,0.0,0.0,0.0,0.5918,0.8022,0.02,0.0137,0.0132,0.0142,26.36,0.0,0.0,0.0,0.0,0.0,0.0
1782740679.544,0.0,0.0,0.0,0.5918,0.8022,0.02,0.0137,0.0142,0.0142,26.36,0.0,0.0,0.0,0.0,0.0,0.0
1782740684.551,0.0,0.0,0.0,0.5918,0.8022,0.02,0.0132,0.0137,0.0142,26.36,0.0,0.0,0.0,0.0,0.0,0.0
1782740689.558,0.0,0.0,0.0,0.5918,0.8022,0.02,0.0132,0.0137,0.0146,26.36,0.0,0.0,0.0,0.0,0.0,0.0
1782740694.568,0.0,0.0,0.0,0.5918,0.8022,0.02,0.0132,0.0137,0.0151,26.36,0.0,0.0,0.0,0.0,0.0,0.0
1782740699.575,0.0,0.0,0.0,0.5918,0.8022,0.02,0.0137,0.0137,0.0142,26.36,0.0,0.0,0.0,0.0,0.0,0.0
1782740704.583,0.0,0.0,0.0,0.5913,0.8022,0.02,0.0137,0.0137,0.0146,26.37,0.0,0.0,0.0,0.0,0.0,0.0
1782740709.591,0.0,0.0,0.0,0.5913,0.8022,0.02,0.0137,0.0137,0.0142,26.37,0.0,0.0,0.0,0.0,0.0,0.0
1782740714.597,0.0,0.0,0.0,0.5913,0.8022,0.02,0.0137,0.0137,0.0142,26.37,0.0,0.0,0.0,0.0,0.0,0.0
1782740719.606,0.0,0.0,0.0,0.5913,0.8022,0.02,0.0132,0.0146,0.0142,26.37,0.0,0.0,0.0,0.0,0.0,0.0
1782740724.615,0.0,0.0,0.0,0.5918,0.8022,0.02,0.0146,0.0137,0.0142,26.37,0.03,0.03,0.03,0.0,0.0,0.0
1782740729.622,0.065,0.063,0.0,0.5918,0.8022,0.02,0.0142,0.0142,0.0137,26.37,1.25,1.21,0.0,0.0,0.0,0.0
1782740734.629,0.001,0.001,0.001,0.5913,0.8022,0.02,0.0132,0.0132,0.0142,26.37,0.07,0.07,0.06,0.0,0.0,0.0
1782740739.639,0.0,0.0,0.0,0.5913,0.8022,0.02,0.0137,0.0142,0.0137,26.37,0.0,0.0,0.0,0.0,0.0,0.0
1782740744.647,0.0,0.0,0.0,0.5913,0.8022,0.02,0.0127,0.0122,0.0142,26.37,0.0,0.0,0.0,0.0,0.0,0.0
1782740749.654,0.0,0.0,0.0,0.5913,0.8022,0.02,0.0137,0.0137,0.0142,26.37,0.0,0.0,0.0,0.0,0.0,0.0
1782740754.664,0.0,0.0,0.0,0.5913,0.8022,0.02,0.0132,0.0142,0.0151,26.38,0.0,0.0,0.0,0.0,0.0,0.0
1782740759.67,0.0,0.0,0.0,0.5913,0.8022,0.02,0.0137,0.0137,0.0137,26.38,0.0,0.0,0.0,0.0,0.0,0.0
1782740764.679,0.0,0.0,0.0,0.5913,0.8022,0.02,0.0132,0.0137,0.0142,26.38,0.03,0.03,0.03,0.0,0.0,0.0
1782740769.689,0.06,0.06,0.058,0.5918,0.8022,0.02,0.0137,0.0132,0.0161,26.38,0.33,0.32,0.31,45.6,54.5,68.9
1782740774.698,0.0,0.0,0.0,0.5918,0.8022,0.02,0.0132,0.0142,0.0142,26.38,0.0,0.0,0.0,0.0,0.0,0.0
1782740779.704,0.0,0.0,0.0,0.5913,0.8022,0.02,0.0132,0.0132,0.0132,26.38,0.0,0.0,0.0,0.0,0.0,0.0
1782740784.715,0.0,0.0,0.0,0.5918,0.8022,0.02,0.0137,0.0132,0.0142,26.38,0.0,0.0,0.0,0.0,0.0,0.0
1782740789.722,0.0,0.0,0.0,0.5913,0.8022,0.02,0.0137,0.0142,0.0142,26.38,0.0,0.0,0.0,0.0,0.0,0.0
1782740794.73,0.0,0.0,0.0,0.5913,0.8022,0.02,0.0142,0.0132,0.0142,26.38,0.0,0.0,0.0,0.0,0.0,0.0
1782740799.74,0.0,0.0,0.0,0.5913,0.8022,0.02,0.0142,0.0137,0.0142,26.38,0.0,0.0,0.0,0.0,0.0,0.0
1782740804.745,0.0,0.0,0.0,0.5913,0.8022,0.02,0.0137,0.0127,0.0146,26.38,0.0,0.0,0.0,0.0,0.0,0.0
1782740809.755,0.0,0.0,0.0,0.5918,0.8022,0.02,0.0142,0.0137,0.0137,26.38,0.0,0.0,0.0,0.0,0.0,0.0
1782740814.76,0.0,0.0,0.0,0.5913,0.8022,0.02,0.0137,0.0132,0.0146,26.38,0.0,0.0,0.0,0.0,0.0,0.0
1782740819.769,0.0,0.0,0.0,0.5913,0.8022,0.02,0.0132,0.0146,0.0146,26.38,0.0,0.0,0.0,0.0,0.0,0.0
1782740824.778,0.0,0.0,0.0,0.5913,0.8022,0.02,0.0142,0.0137,0.0156,26.38,0.03,0.03,0.03,0.0,0.0,0.0
1782740829.787,0.0,0.0,0.0,0.5918,0.8022,0.02,0.0127,0.0132,0.0142,26.38,0.0,0.0,0.0,0.0,0.0,0.0
1782740834.795,0.0,0.0,0.0,0.5913,0.8022,0.02,0.0146,0.0137,0.0146,26.38,0.04,0.05,0.04,0.0,0.0,0.0
1782740839.805,0.0,0.0,0.0,0.5918,0.8022,0.02,0.0142,0.0132,0.0137,26.38,0.0,0.0,0.0,0.0,0.0,0.0
1782740844.812,0.0,0.0,0.0,0.5913,0.8022,0.02,0.0132,0.0137,0.0142,26.38,0.0,0.0,0.0,0.0,0.0,0.0
1782740849.82,0.0,0.0,0.0,0.5913,0.8022,0.02,0.0142,0.0142,0.0146,26.38,0.02,0.02,0.02,0.0,0.0,0.0
1782740854.826,0.0,0.0,0.0,0.5913,0.8022,0.02,0.0137,0.0137,0.0142,26.38,0.03,0.03,0.03,0.0,0.0,0.0
1782740859.835,0.0,0.0,0.0,0.5913,0.8022,0.02,0.0137,0.0137,0.0142,26.38,0.0,0.0,0.0,0.0,0.0,0.0
1782740864.842,0.0,0.0,0.0,0.5913,0.8022,0.02,0.0137,0.0132,0.0137,26.39,0.0,0.0,0.0,0.0,0.0,0.0
1782740869.855,0.0,0.0,0.0,0.5913,0.8022,0.02,0.0137,0.0137,0.0137,26.39,0.0,0.0,0.0,0.0,0.0,0.0
1782740874.864,0.0,0.0,0.0,0.5913,0.8022,0.02,0.0132,0.0137,0.0137,26.39,0.0,0.0,0.0,0.0,0.0,0.0
1782740879.88,0.0,0.0,0.0,0.5913,0.8022,0.02,0.0142,0.0137,0.0142,26.39,0.0,0.0,0.0,0.0,0.0,0.0
1782740884.892,0.0,0.0,0.0,0.5913,0.8022,0.02,0.0137,0.0127,0.0146,26.39,0.0,0.0,0.0,0.0,0.0,0.0
1782740889.899,0.0,0.0,0.0,0.5913,0.8022,0.02,0.0142,0.0137,0.0137,26.39,0.0,0.0,0.0,0.0,0.0,0.0
1782740894.907,0.0,0.0,0.0,0.5913,0.8022,0.02,0.0137,0.0137,0.0142,26.39,0.0,0.0,0.0,0.0,0.0,0.0
1782740899.915,0.0,0.0,0.0,0.5913,0.8022,0.02,0.0132,0.0132,0.0132,26.39,0.0,0.0,0.0,0.0,0.0,0.0
1782740904.924,0.0,0.0,0.0,0.5913,0.8022,0.02,0.0142,0.0137,0.0142,26.39,0.0,0.0,0.0,0.0,0.0,0.0
1782740909.937,0.0,0.0,0.0,0.5913,0.8022,0.02,0.0142,0.0142,0.0142,26.38,0.0,0.0,0.0,0.0,0.0,0.0
1782740914.948,0.0,0.0,0.0,0.5913,0.8022,0.02,0.0137,0.0132,0.0146,26.39,0.0,0.0,0.0,0.0,0.0,0.0
1782740919.956,0.0,0.0,0.0,0.5913,0.8022,0.02,0.0137,0.0132,0.0137,26.38,0.0,0.0,0.0,0.0,0.0,0.0
1782740924.967,0.0,0.0,0.0,0.5913,0.8022,0.02,0.0132,0.0137,0.0142,26.39,0.0,0.0,0.0,0.0,0.0,0.0
1782740929.978,0.006,0.006,0.006,0.5913,0.8022,0.02,0.0137,0.0137,0.0142,26.39,0.16,0.16,0.15,0.0,0.0,0.0
1782740934.991,0.0,0.0,0.0,0.5913,0.8022,0.02,0.0142,0.0132,0.0132,26.39,0.0,0.0,0.0,0.0,0.0,0.0
1782740940.003,0.0,0.0,0.0,0.5913,0.8022,0.02,0.0142,0.0142,0.0137,26.39,0.0,0.0,0.0,0.0,0.0,0.0
1782740945.011,0.0,0.0,0.0,0.5913,0.8022,0.02,0.0132,0.0137,0.0132,26.39,0.0,0.0,0.0,0.0,0.0,0.0
1782740950.022,0.0,0.0,0.0,0.5913,0.8022,0.02,0.0137,0.0137,0.0137,26.39,0.0,0.0,0.0,0.0,0.0,0.0
1782740955.036,0.0,0.0,0.0,0.5913,0.8022,0.02,0.0142,0.0132,0.0137,26.39,0.0,0.0,0.0,0.0,0.0,0.0
1782740960.043,0.0,0.0,0.0,0.5913,0.8022,0.02,0.0127,0.0132,0.0142,26.39,0.0,0.0,0.0,0.0,0.0,0.0
1782740965.048,0.0,0.0,0.0,0.5913,0.8022,0.02,0.0132,0.0142,0.0142,26.39,0.0,0.0,0.0,0.0,0.0,0.0
1782740970.062,0.0,0.0,0.0,0.5913,0.8022,0.02,0.0132,0.0132,0.0146,26.39,0.03,0.04,0.03,0.0,0.0,0.0
1782740975.07,0.0,0.0,0.0,0.5918,0.8022,0.02,0.0132,0.0137,0.0137,26.38,0.0,0.0,0.0,0.0,0.0,0.0
1782740980.079,0.0,0.0,0.0,0.5913,0.8022,0.02,0.0142,0.0137,0.0146,26.39,0.0,0.0,0.0,0.0,0.0,0.0
1782740985.091,0.0,0.0,0.0,0.5913,0.8022,0.02,0.0142,0.0137,0.0132,26.38,0.0,0.0,0.0,0.0,0.0,0.0
1782740990.101,0.0,0.0,0.0,0.5913,0.8022,0.02,0.0142,0.0127,0.0142,26.38,0.0,0.0,0.0,0.0,0.0,0.0
1782740995.115,0.0,0.0,0.0,0.5913,0.8022,0.02,0.0132,0.0132,0.0146,26.39,0.0,0.0,0.0,0.0,0.0,0.0
1782741000.125,0.0,0.0,0.0,0.5913,0.8022,0.02,0.0132,0.0132,0.0137,26.39,0.0,0.0,0.0,0.0,0.0,0.0
1782741005.136,0.0,0.0,0.0,0.5913,0.8022,0.02,0.0132,0.0142,0.0142,26.39,0.0,0.0,0.0,0.0,0.0,0.0
1782741010.148,0.0,0.0,0.0,0.5913,0.8022,0.02,0.0132,0.0127,0.0146,26.39,0.0,0.0,0.0,0.0,0.0,0.0
1782741015.157,0.003,0.003,0.003,0.5913,0.8022,0.02,0.0137,0.0151,0.0142,26.39,0.27,0.27,0.25,0.0,0.0,0.0
1782741020.167,0.0,0.0,0.0,0.5913,0.8022,0.02,0.0142,0.0137,0.0142,26.39,0.0,0.0,0.0,0.0,0.0,0.0
1782741025.181,0.0,0.0,0.0,0.5918,0.8022,0.02,0.0132,0.0127,0.0142,26.39,0.0,0.0,0.0,0.0,0.0,0.0
1782741030.193,0.0,0.0,0.0,0.5913,0.8022,0.02,0.0137,0.0137,0.0137,26.39,0.0,0.0,0.0,0.0,0.0,0.0
1782741035.203,0.0,0.0,0.0,0.5918,0.8022,0.02,0.0132,0.0137,0.0151,26.39,0.0,0.0,0.0,0.0,0.0,0.0
1782741040.217,0.0,0.0,0.0,0.5913,0.8022,0.02,0.0132,0.0127,0.0146,26.39,0.0,0.0,0.0,0.0,0.0,0.0
1782741045.227,0.0,0.0,0.0,0.5913,0.8022,0.02,0.0137,0.0137,0.0142,26.39,0.0,0.0,0.0,0.0,0.0,0.0
1782741050.24,0.0,0.0,0.0,0.5913,0.8022,0.02,0.0137,0.0137,0.0146,26.39,0.0,0.0,0.0,0.0,0.0,0.0
1782741055.25,0.0,0.0,0.0,0.5913,0.8022,0.02,0.0132,0.0132,0.0142,26.39,0.0,0.0,0.0,0.0,0.0,0.0
1782741060.253,0.0,0.0,0.0,0.5913,0.8022,0.02,0.0142,0.0137,0.0132,26.39,0.0,0.0,0.0,0.0,0.0,0.0
1782741065.261,0.0,0.0,0.0,0.5913,0.8022,0.02,0.0132,0.0132,0.0142,26.39,0.0,0.0,0.0,0.0,0.0,0.0
1782741070.272,0.0,0.0,0.0,0.5913,0.8022,0.02,0.0142,0.0137,0.0142,26.39,0.0,0.0,0.0,0.0,0.0,0.0
1782741075.281,0.0,0.0,0.0,0.5913,0.8022,0.02,0.0142,0.0132,0.0142,26.39,0.0,0.0,0.0,0.0,0.0,0.0
1782741080.287,0.0,0.0,0.0,0.5913,0.8022,0.02,0.0142,0.0142,0.0137,26.39,0.0,0.0,0.0,0.0,0.0,0.0
1782741085.294,0.0,0.0,0.0,0.5913,0.8022,0.02,0.0137,0.0137,0.0146,26.38,0.0,0.0,0.0,0.0,0.0,0.0
1782741090.303,0.0,0.0,0.0,0.5913,0.8022,0.02,0.0137,0.0132,0.0146,26.38,0.0,0.0,0.0,0.0,0.0,0.0
1782741095.314,0.0,0.0,0.0,0.5913,0.8022,0.02,0.0137,0.0132,0.0146,26.38,0.0,0.0,0.0,0.0,0.0,0.0
1782741100.319,0.0,0.0,0.0,0.5913,0.8022,0.02,0.0137,0.0137,0.0142,26.38,0.0,0.0,0.0,0.0,0.0,0.0
1782741105.324,0.0,0.0,0.0,0.5913,0.8022,0.02,0.0137,0.0137,0.0137,26.37,0.0,0.0,0.0,0.0,0.0,0.0
1782741110.332,0.0,0.0,0.0,0.5913,0.8022,0.02,0.0137,0.0132,0.0137,26.37,0.0,0.0,0.0,0.0,0.0,0.0
1782741115.336,0.0,0.0,0.0,0.5913,0.8022,0.02,0.0142,0.0137,0.0146,26.37,0.0,0.0,0.0,0.0,0.0,0.0
1782741120.345,0.0,0.0,0.0,0.5913,0.8022,0.02,0.0137,0.0132,0.0142,26.37,0.0,0.0,0.0,0.0,0.0,0.0
1782741125.355,0.0,0.0,0.0,0.5913,0.8022,0.02,0.0142,0.0137,0.0146,26.37,0.0,0.0,0.0,0.0,0.0,0.0
1782741130.358,0.0,0.0,0.0,0.5913,0.8022,0.02,0.0146,0.0146,0.0146,26.37,0.0,0.0,0.0,0.0,0.0,0.0
1782741135.365,0.0,0.0,0.0,0.5913,0.8022,0.02,0.0146,0.0156,0.0142,26.37,0.06,0.06,0.05,0.0,0.0,0.0
1782741140.379,0.0,0.0,0.0,0.5913,0.8022,0.02,0.0132,0.0127,0.0142,26.37,0.0,0.0,0.0,0.0,0.0,0.0
1782741145.389,0.0,0.0,0.0,0.5913,0.8022,0.02,0.0137,0.0137,0.0142,26.36,0.0,0.0,0.0,0.0,0.0,0.0
1782741150.399,0.0,0.0,0.0,0.5913,0.8022,0.02,0.0132,0.0142,0.0137,26.36,0.0,0.0,0.0,0.0,0.0,0.0
1782741155.407,0.0,0.0,0.0,0.5913,0.8022,0.02,0.0142,0.0137,0.0137,26.36,0.0,0.0,0.0,0.0,0.0,0.0
1782741160.418,0.0,0.0,0.0,0.5913,0.8022,0.02,0.02,0.019,0.0161,26.36,0.0,0.0,0.0,0.0,0.0,0.0
1782741165.431,0.0,0.0,0.0,0.5913,0.8022,0.02,0.0137,0.0142,0.0142,26.36,0.0,0.0,0.0,0.0,0.0,0.0
1782741170.439,0.0,0.0,0.0,0.5913,0.8022,0.02,0.0142,0.0146,0.0151,26.36,0.0,0.0,0.0,0.0,0.0,0.0
1782741175.447,0.0,0.0,0.0,0.5913,0.8022,0.02,0.0137,0.0132,0.0132,26.36,0.0,0.0,0.0,0.0,0.0,0.0
1782741180.458,0.0,0.0,0.0,0.5913,0.8022,0.02,0.0132,0.0137,0.0146,26.36,0.0,0.0,0.0,0.0,0.0,0.0
1782741185.467,0.0,0.0,0.0,0.5913,0.8022,0.02,0.0137,0.0127,0.0146,26.36,0.0,0.0,0.0,0.0,0.0,0.0
1782741190.479,0.0,0.0,0.0,0.5913,0.8022,0.02,0.0137,0.0142,0.0146,26.35,0.04,0.04,0.04,0.0,0.0,0.0
1782741195.491,0.0,0.0,0.0,0.5913,0.8022,0.02,0.0142,0.0137,0.0132,26.36,0.0,0.0,0.0,0.0,0.0,0.0
1782741200.497,0.0,0.0,0.0,0.5913,0.8022,0.02,0.0137,0.0132,0.0137,26.35,0.0,0.0,0.0,0.0,0.0,0.0
1782741205.507,0.0,0.0,0.0,0.5913,0.8022,0.02,0.0137,0.0127,0.0132,26.35,0.0,0.0,0.0,0.0,0.0,0.0
1782741210.518,0.0,0.0,0.0,0.5913,0.8022,0.02,0.0137,0.0132,0.0142,26.35,0.06,0.06,0.06,0.0,0.0,0.0
1782741215.526,0.0,0.0,0.0,0.5913,0.8022,0.02,0.0142,0.0132,0.0142,26.35,0.0,0.0,0.0,0.0,0.0,0.0
1782741220.538,0.0,0.0,0.0,0.5913,0.8022,0.02,0.0137,0.0137,0.0142,26.35,0.0,0.0,0.0,0.0,0.0,0.0
1782741225.546,0.0,0.0,0.0,0.5913,0.8022,0.02,0.0137,0.0132,0.0142,26.35,0.0,0.0,0.0,0.0,0.0,0.0
1782741230.552,0.0,0.0,0.0,0.5913,0.8022,0.02,0.0156,0.0146,0.0137,26.35,0.01,0.01,0.01,0.0,0.0,0.0
1782741235.564,0.0,0.0,0.0,0.5913,0.8022,0.02,0.0132,0.0137,0.0146,26.35,0.0,0.0,0.0,0.0,0.0,0.0
1782741240.575,0.0,0.0,0.0,0.5913,0.8022,0.02,0.0137,0.0132,0.0137,26.35,0.0,0.0,0.0,0.0,0.0,0.0
1782741245.584,0.0,0.0,0.0,0.5913,0.8022,0.02,0.0142,0.0132,0.0146,26.35,0.0,0.0,0.0,0.0,0.0,0.0
1782741250.593,0.0,0.0,0.0,0.5913,0.8022,0.02,0.0142,0.0142,0.0146,26.35,0.0,0.0,0.0,0.0,0.0,0.0
1782741255.602,0.0,0.0,0.0,0.5913,0.8022,0.02,0.0142,0.0137,0.0132,26.35,0.0,0.0,0.0,0.0,0.0,0.0
1782741260.611,0.0,0.0,0.0,0.5913,0.8022,0.02,0.0146,0.0142,0.0137,26.35,0.0,0.0,0.0,0.0,0.0,0.0
1782741265.619,0.0,0.0,0.0,0.5913,0.8022,0.02,0.0137,0.0137,0.0137,26.35,0.0,0.0,0.0,0.0,0.0,0.0
1782741270.627,0.0,0.0,0.0,0.5913,0.8022,0.02,0.0142,0.0132,0.0142,26.35,0.0,0.0,0.0,0.0,0.0,0.0
1782741275.635,0.0,0.0,0.0,0.5913,0.8022,0.02,0.0137,0.0137,0.0146,26.35,0.0,0.0,0.0,0.0,0.0,0.0
1782741280.643,0.0,0.0,0.0,0.5913,0.8022,0.02,0.0127,0.0132,0.0137,26.34,0.0,0.0,0.0,0.0,0.0,0.0
1782741285.649,0.0,0.0,0.0,0.5913,0.8022,0.02,0.0127,0.0132,0.0142,26.34,0.0,0.0,0.0,0.0,0.0,0.0
1782741290.657,0.0,0.0,0.0,0.5913,0.8022,0.02,0.0137,0.0132,0.0142,26.34,0.0,0.0,0.0,0.0,0.0,0.0
1782741295.665,0.0,0.0,0.0,0.5913,0.8022,0.02,0.0132,0.0137,0.0146,26.34,0.0,0.0,0.0,0.0,0.0,0.0
1782741300.673,0.0,0.0,0.0,0.5913,0.8022,0.02,0.0137,0.0137,0.0142,26.34,0.0,0.0,0.0,0.0,0.0,0.0
1782741305.683,0.0,0.0,0.0,0.5913,0.8022,0.02,0.0142,0.0137,0.0137,26.34,0.0,0.0,0.0,0.0,0.0,0.0
1782741310.69,0.0,0.0,0.0,0.5913,0.8022,0.02,0.0137,0.0137,0.0142,26.34,0.0,0.0,0.0,0.0,0.0,0.0
1782741315.697,0.0,0.0,0.0,0.5913,0.8022,0.02,0.0137,0.0132,0.0137,26.34,0.0,0.0,0.0,0.0,0.0,0.0
1782741320.704,0.0,0.0,0.0,0.5913,0.8022,0.02,0.0137,0.0137,0.0137,26.33,0.0,0.0,0.0,0.0,0.0,0.0
1782741325.714,0.0,0.0,0.0,0.5913,0.8022,0.02,0.0142,0.0137,0.0146,26.34,0.0,0.0,0.0,0.0,0.0,0.0
1782741330.721,0.0,0.0,0.0,0.5913,0.8022,0.02,0.0142,0.0132,0.0142,26.33,0.0,0.0,0.0,0.0,0.0,0.0
1782741335.731,0.0,0.0,0.0,0.5913,0.8022,0.02,0.0137,0.0137,0.0137,26.33,0.04,0.04,0.04,99.0,54.5,60.5
1782741340.738,0.0,0.0,0.0,0.5913,0.8022,0.02,0.0127,0.0137,0.0142,26.33,0.01,0.01,0.01,99.9,84.8,92.7
1782741345.745,0.0,0.0,0.0,0.5913,0.8022,0.02,0.0137,0.0137,0.0142,26.33,0.0,0.0,0.0,0.0,0.0,0.0
1782741350.754,0.0,0.0,0.0,0.5913,0.8022,0.02,0.0146,0.0132,0.0146,26.33,0.0,0.0,0.0,0.0,0.0,0.0
1782741355.763,0.0,0.0,0.0,0.5913,0.8022,0.02,0.0137,0.0122,0.0142,26.33,0.0,0.0,0.0,0.0,0.0,0.0
1782741360.77,0.0,0.0,0.0,0.5913,0.8022,0.02,0.0142,0.0142,0.0137,26.33,0.0,0.0,0.0,0.0,0.0,0.0
1782741365.779,0.0,0.0,0.0,0.5913,0.8022,0.02,0.0146,0.0132,0.0156,26.33,0.0,0.0,0.0,0.0,0.0,0.0
1782741370.787,0.0,0.0,0.0,0.5913,0.8022,0.02,0.0151,0.0142,0.0142,26.33,0.0,0.0,0.0,0.0,0.0,0.0
1782741375.797,0.0,0.0,0.0,0.5913,0.8022,0.02,0.0137,0.0132,0.0146,26.33,0.0,0.0,0.0,0.0,0.0,0.0
1782741380.807,0.0,0.0,0.0,0.5913,0.8022,0.02,0.0132,0.0137,0.0142,26.33,0.0,0.0,0.0,0.0,0.0,0.0
1782741385.814,0.0,0.0,0.0,0.5913,0.8022,0.02,0.0137,0.0142,0.0142,26.33,0.0,0.0,0.0,0.0,0.0,0.0
1782741390.822,0.0,0.0,0.0,0.5913,0.8022,0.02,0.0137,0.0132,0.0146,26.33,0.01,0.01,0.01,0.0,0.0,0.0
1782741395.827,0.0,0.0,0.0,0.5913,0.8022,0.02,0.0132,0.0137,0.0142,26.33,0.0,0.0,0.0,0.0,0.0,0.0
1782741400.836,0.0,0.0,0.0,0.5913,0.8022,0.02,0.0137,0.0137,0.0132,26.33,0.0,0.0,0.0,0.0,0.0,0.0
1782741405.844,0.0,0.0,0.0,0.5913,0.8022,0.02,0.0137,0.0132,0.0146,26.33,0.0,0.0,0.0,0.0,0.0,0.0
1782741410.85,0.0,0.0,0.0,0.5913,0.8022,0.02,0.0137,0.0132,0.0132,26.33,0.0,0.0,0.0,0.0,0.0,0.0
1782741415.857,0.0,0.0,0.0,0.5913,0.8022,0.02,0.0132,0.0132,0.0137,26.33,0.0,0.0,0.0,0.0,0.0,0.0
1782741420.868,0.0,0.0,0.0,0.5913,0.8022,0.02,0.0137,0.0137,0.0137,26.33,0.0,0.0,0.0,0.0,0.0,0.0
1782741425.877,0.0,0.0,0.0,0.5913,0.8022,0.02,0.0132,0.0137,0.0151,26.33,0.04,0.04,0.04,82.1,23.8,98.5
1782741430.881,0.0,0.0,0.0,0.5913,0.8022,0.02,0.0132,0.0132,0.0142,26.33,0.0,0.0,0.0,0.0,0.0,0.0
1782741435.891,0.0,0.0,0.0,0.5913,0.8022,0.02,0.0132,0.0142,0.0137,26.33,0.0,0.0,0.0,0.0,0.0,0.0
1782741440.899,0.0,0.0,0.0,0.5913,0.8022,0.02,0.0127,0.0132,0.0137,26.33,0.0,0.0,0.0,0.0,0.0,0.0
1782741445.904,0.0,0.0,0.0,0.5913,0.8022,0.02,0.0142,0.0132,0.0142,26.33,0.0,0.0,0.0,0.0,0.0,0.0
1782741450.91,0.0,0.0,0.0,0.5913,0.8022,0.02,0.0142,0.0132,0.0142,26.34,0.0,0.0,0.0,0.0,0.0,0.0
1782741455.918,0.0,0.0,0.0,0.5913,0.8022,0.02,0.0132,0.0132,0.0137,26.34,0.0,0.0,0.0,0.0,0.0,0.0
1782741460.925,0.0,0.0,0.0,0.5913,0.8022,0.02,0.0142,0.0146,0.0137,26.34,0.0,0.0,0.0,0.0,0.0,0.0
1782741465.936,0.0,0.0,0.0,0.5913,0.8022,0.02,0.0132,0.0132,0.0137,26.34,0.0,0.0,0.0,0.0,0.0,0.0
1782741470.945,0.0,0.0,0.0,0.5913,0.8022,0.02,0.0142,0.0137,0.0142,26.34,0.0,0.0,0.0,0.0,0.0,0.0
1782741475.955,0.0,0.0,0.0,0.5913,0.8022,0.02,0.0132,0.0132,0.0146,26.34,0.0,0.0,0.0,0.0,0.0,0.0
1782741480.964,0.0,0.0,0.0,0.5913,0.8022,0.02,0.0137,0.0132,0.0146,26.34,0.0,0.0,0.0,0.0,0.0,0.0
1782741485.973,0.0,0.0,0.0,0.5913,0.8022,0.02,0.0127,0.0137,0.0142,26.34,0.0,0.0,0.0,0.0,0.0,0.0
1782741490.982,0.0,0.0,0.0,0.5913,0.8022,0.02,0.0132,0.0132,0.0137,26.34,0.01,0.01,0.01,0.0,0.0,0.0
1782741495.988,0.011,0.011,0.01,0.5913,0.8022,0.02,0.0137,0.0132,0.0142,26.34,0.29,0.29,0.27,0.0,0.0,0.0
1782741500.997,0.0,0.0,0.0,0.5913,0.8022,0.02,0.0137,0.0137,0.0142,26.34,0.04,0.04,0.04,0.0,0.0,0.0
1782741506.006,0.0,0.0,0.0,0.5913,0.8022,0.02,0.0142,0.0137,0.0137,26.35,0.01,0.01,0.01,0.0,0.0,0.0
1782741511.012,0.0,0.0,0.0,0.5913,0.8022,0.02,0.0137,0.0137,0.0137,26.35,0.0,0.0,0.0,0.0,0.0,0.0
1782741516.022,0.0,0.0,0.0,0.5913,0.8022,0.02,0.0132,0.0146,0.0146,26.35,0.0,0.0,0.0,0.0,0.0,0.0
1782741521.032,0.0,0.0,0.0,0.5913,0.8022,0.02,0.0127,0.0132,0.0137,26.35,0.0,0.0,0.0,0.0,0.0,0.0
1782741526.038,0.001,0.0,0.0,0.5913,0.8022,0.02,0.0166,0.0171,0.0151,26.35,0.19,0.18,0.14,30.0,98.0,108.9
1782741531.047,0.0,0.0,0.0,0.5913,0.8022,0.02,0.0142,0.0132,0.0146,26.35,0.0,0.0,0.0,0.0,0.0,0.0
1782741536.059,0.0,0.0,0.0,0.5913,0.8022,0.02,0.0142,0.0142,0.0142,26.35,0.0,0.0,0.0,0.0,0.0,0.0
1782741541.068,0.0,0.0,0.0,0.5913,0.8022,0.02,0.0142,0.0137,0.0142,26.35,0.0,0.0,0.0,0.0,0.0,0.0
1782741546.077,0.0,0.0,0.0,0.5913,0.8022,0.02,0.0137,0.0137,0.0151,26.35,0.0,0.0,0.0,0.0,0.0,0.0
1782741551.086,0.0,0.0,0.0,0.5913,0.8022,0.02,0.0137,0.0137,0.0142,26.35,0.0,0.0,0.0,0.0,0.0,0.0
1782741556.095,0.0,0.0,0.0,0.5913,0.8022,0.02,0.0142,0.0142,0.0142,26.35,0.0,0.0,0.0,0.0,0.0,0.0
1782741561.1,0.0,0.0,0.0,0.5913,0.8022,0.02,0.0146,0.0146,0.0137,26.35,0.0,0.0,0.0,0.0,0.0,0.0
1782741566.111,0.0,0.0,0.0,0.5913,0.8022,0.02,0.0137,0.0142,0.0132,26.35,0.0,0.0,0.0,0.0,0.0,0.0
1782741571.117,0.0,0.0,0.0,0.5913,0.8022,0.02,0.0137,0.0132,0.0137,26.35,0.0,0.0,0.0,0.0,0.0,0.0
1782741576.126,0.0,0.0,0.0,0.5913,0.8022,0.02,0.0142,0.0146,0.0146,26.35,0.0,0.0,0.0,0.0,0.0,0.0
1782741581.135,0.0,0.0,0.0,0.5913,0.8022,0.02,0.0137,0.0146,0.0142,26.35,0.0,0.0,0.0,0.0,0.0,0.0
1782741586.145,0.0,0.0,0.0,0.5913,0.8022,0.02,0.0137,0.0142,0.0142,26.35,0.0,0.0,0.0,0.0,0.0,0.0
1782741591.155,0.0,0.0,0.0,0.5913,0.8022,0.02,0.0137,0.0137,0.0142,26.35,0.0,0.0,0.0,0.0,0.0,0.0
1782741596.163,0.0,0.0,0.0,0.5913,0.8022,0.02,0.0137,0.0142,0.0132,26.35,0.0,0.0,0.0,0.0,0.0,0.0
1782741601.171,0.0,0.0,0.0,0.5913,0.8022,0.02,0.0132,0.0137,0.0132,26.35,0.01,0.01,0.01,0.0,0.0,0.0
1782741606.181,0.0,0.0,0.0,0.5913,0.8022,0.02,0.0142,0.0142,0.0142,26.36,0.06,0.06,0.06,0.0,0.0,0.0
1782741611.19,0.0,0.0,0.0,0.5913,0.8022,0.02,0.0132,0.0127,0.0146,26.36,0.04,0.04,0.04,0.0,0.0,0.0
1782741616.199,0.0,0.0,0.0,0.5913,0.8022,0.02,0.0137,0.0137,0.0137,26.35,0.0,0.0,0.0,0.0,0.0,0.0
1782741621.204,0.0,0.0,0.0,0.5913,0.8022,0.02,0.0142,0.0137,0.0142,26.35,0.0,0.0,0.0,0.0,0.0,0.0
1782741626.211,0.0,0.0,0.0,0.5913,0.8022,0.02,0.0137,0.0127,0.0142,26.36,0.0,0.0,0.0,0.0,0.0,0.0
1782741631.22,0.0,0.0,0.0,0.5913,0.8022,0.02,0.0137,0.0146,0.0146,26.36,0.0,0.0,0.0,0.0,0.0,0.0
1782741636.229,0.0,0.0,0.0,0.5913,0.8022,0.02,0.0137,0.0132,0.0142,26.36,0.0,0.0,0.0,0.0,0.0,0.0
1782741641.235,0.0,0.0,0.0,0.5913,0.8022,0.02,0.0137,0.0137,0.0151,26.36,0.0,0.0,0.0,0.0,0.0,0.0
1782741646.243,0.0,0.0,0.0,0.5913,0.8022,0.02,0.0132,0.0137,0.0146,26.36,0.0,0.0,0.0,0.0,0.0,0.0
1782741651.25,0.0,0.0,0.0,0.5913,0.8022,0.02,0.0142,0.0137,0.0137,26.36,0.0,0.0,0.0,0.0,0.0,0.0
1782741656.259,0.0,0.0,0.0,0.5913,0.8022,0.02,0.0137,0.0132,0.0146,26.36,0.0,0.0,0.0,0.0,0.0,0.0
1782741661.269,0.0,0.0,0.0,0.5913,0.8022,0.02,0.0127,0.0132,0.0151,26.36,0.0,0.0,0.0,0.0,0.0,0.0
1782741666.278,0.0,0.0,0.0,0.5913,0.8022,0.02,0.0137,0.0132,0.0142,26.37,0.0,0.0,0.0,0.0,0.0,0.0
1782741671.285,0.0,0.0,0.0,0.5913,0.8022,0.02,0.0137,0.0137,0.0146,26.37,0.01,0.01,0.0,0.0,0.0,0.0
1782741676.296,0.0,0.0,0.0,0.5913,0.8022,0.02,0.0127,0.0137,0.0142,26.37,0.0,0.0,0.0,0.0,0.0,0.0
1782741681.302,0.0,0.0,0.0,0.5913,0.8022,0.02,0.0137,0.0137,0.0146,26.37,0.0,0.0,0.0,0.0,0.0,0.0
1782741686.31,0.0,0.0,0.0,0.5913,0.8022,0.02,0.0137,0.0132,0.0142,26.37,0.0,0.0,0.0,0.0,0.0,0.0
1782741691.318,0.0,0.0,0.0,0.5913,0.8022,0.02,0.0137,0.0132,0.0142,26.37,0.0,0.0,0.0,0.0,0.0,0.0
1782741696.326,0.0,0.0,0.0,0.5918,0.8022,0.02,0.0132,0.0132,0.0132,26.37,0.01,0.01,0.01,0.0,0.0,0.0
1782741701.335,0.0,0.0,0.0,0.5918,0.8022,0.02,0.0137,0.0142,0.0137,26.37,0.0,0.0,0.0,0.0,0.0,0.0
1782741706.343,0.0,0.0,0.0,0.5918,0.8022,0.02,0.0132,0.0137,0.0146,26.37,0.0,0.0,0.0,0.0,0.0,0.0
1782741711.35,0.0,0.0,0.0,0.5918,0.8022,0.02,0.0137,0.0132,0.0156,26.37,0.04,0.04,0.03,0.0,0.0,0.0
1782741716.359,0.0,0.0,0.0,0.5913,0.8022,0.02,0.0137,0.0132,0.0151,26.37,0.0,0.0,0.0,83.3,74.9,0.0
1782741721.367,0.0,0.0,0.0,0.5913,0.8022,0.02,0.0142,0.0127,0.0132,26.37,0.0,0.0,0.0,0.0,0.0,0.0
1782741726.372,0.0,0.0,0.0,0.5913,0.8022,0.02,0.0132,0.0132,0.0142,26.37,0.0,0.0,0.0,0.0,0.0,0.0
1782741731.38,0.0,0.0,0.0,0.5913,0.8022,0.02,0.0146,0.0137,0.0137,26.38,0.0,0.0,0.0,0.0,0.0,0.0
1782741736.389,0.0,0.0,0.0,0.5913,0.8022,0.02,0.0137,0.0137,0.0142,26.37,0.0,0.0,0.0,0.0,0.0,0.0
1782741741.397,0.0,0.0,0.0,0.5913,0.8022,0.02,0.0142,0.0146,0.0142,26.38,0.0,0.0,0.0,0.0,0.0,0.0
1782741746.407,0.0,0.0,0.0,0.5913,0.8022,0.02,0.0137,0.0142,0.0156,26.38,0.01,0.01,0.01,0.0,0.0,0.0
1782741751.416,0.0,0.0,0.0,0.5913,0.8022,0.02,0.0137,0.0132,0.0132,26.38,0.0,0.0,0.0,0.0,0.0,0.0
1782741756.421,0.0,0.0,0.0,0.5913,0.8022,0.02,0.0142,0.0137,0.0132,26.38,0.0,0.0,0.0,0.0,0.0,0.0
1782741761.431,0.0,0.0,0.0,0.5913,0.8022,0.02,0.0137,0.0142,0.0142,26.38,0.0,0.0,0.0,0.0,0.0,0.0
1782741766.439,0.0,0.0,0.0,0.5913,0.8022,0.02,0.0142,0.0142,0.0137,26.38,0.0,0.0,0.0,0.0,0.0,0.0
1782741771.448,0.0,0.0,0.0,0.5913,0.8022,0.02,0.0132,0.0142,0.0142,26.37,0.0,0.0,0.0,0.0,0.0,0.0
1782741776.461,0.0,0.0,0.0,0.5913,0.8022,0.02,0.0142,0.0142,0.0137,26.37,0.0,0.0,0.0,0.0,0.0,0.0
1782741781.471,0.0,0.0,0.0,0.5913,0.8022,0.02,0.0137,0.0132,0.0137,26.37,0.0,0.0,0.0,0.0,0.0,0.0
1782741786.483,0.0,0.0,0.0,0.5913,0.8022,0.02,0.0132,0.0132,0.0146,26.37,0.0,0.0,0.0,0.0,0.0,0.0
1782741791.494,0.0,0.0,0.0,0.5913,0.8022,0.02,0.0137,0.0132,0.0146,26.37,0.0,0.0,0.0,0.0,0.0,0.0
1782741796.506,0.0,0.0,0.0,0.5913,0.8022,0.02,0.0137,0.0137,0.0142,26.37,0.0,0.0,0.0,0.0,0.0,0.0
1782741801.519,0.0,0.0,0.0,0.5913,0.8022,0.02,0.0137,0.0132,0.0146,26.37,0.0,0.0,0.0,0.0,0.0,0.0
1782741806.529,0.0,0.0,0.0,0.5913,0.8022,0.02,0.0142,0.0132,0.0142,26.37,0.0,0.0,0.0,0.0,0.0,0.0
1782741811.535,0.0,0.0,0.0,0.5913,0.8022,0.02,0.0137,0.0137,0.0151,26.37,0.0,0.0,0.0,52.1,114.3,117.3
1782741816.549,0.0,0.0,0.0,0.5913,0.8022,0.02,0.0137,0.0132,0.0151,26.37,0.0,0.0,0.0,0.0,0.0,0.0
1782741821.558,0.0,0.0,0.0,0.5913,0.8022,0.02,0.0137,0.0137,0.0146,26.37,0.0,0.0,0.0,0.0,0.0,0.0
1782741826.57,0.0,0.0,0.0,0.5913,0.8022,0.02,0.0132,0.0132,0.0142,26.37,0.0,0.0,0.0,0.0,0.0,0.0
1782741831.581,0.0,0.0,0.0,0.5913,0.8022,0.02,0.0142,0.0127,0.0142,26.37,0.0,0.0,0.0,0.0,0.0,0.0
1782741836.589,0.0,0.0,0.0,0.5913,0.8022,0.02,0.0142,0.0132,0.0142,26.37,0.02,0.02,0.01,0.0,0.0,0.0
1782741841.601,0.0,0.0,0.0,0.5913,0.8022,0.02,0.0142,0.0132,0.0142,26.37,0.0,0.0,0.0,0.0,0.0,0.0
1782741846.616,0.0,0.0,0.0,0.5913,0.8022,0.02,0.0137,0.0137,0.0137,26.36,0.0,0.0,0.0,0.0,0.0,0.0
1782741851.627,0.0,0.0,0.0,0.5913,0.8022,0.02,0.0137,0.0137,0.0146,26.36,0.0,0.0,0.0,0.0,0.0,0.0
1782741856.635,0.0,0.0,0.0,0.5913,0.8022,0.02,0.0137,0.0127,0.0156,26.36,0.1,0.1,0.1,50.8,15.3,82.6
1782741861.65,0.0,0.0,0.0,0.5913,0.8022,0.02,0.0142,0.0132,0.0146,26.36,0.0,0.0,0.0,0.0,0.0,0.0
1782741866.658,0.0,0.0,0.0,0.5913,0.8022,0.02,0.0132,0.0132,0.0137,26.36,0.0,0.0,0.0,0.0,0.0,0.0
1782741871.665,0.0,0.0,0.0,0.5913,0.8022,0.02,0.0137,0.0132,0.0137,26.36,0.0,0.0,0.0,0.0,0.0,0.0
1782741876.677,0.0,0.0,0.0,0.5913,0.8022,0.02,0.0127,0.0137,0.0137,26.35,0.0,0.0,0.0,0.0,0.0,0.0
1782741881.687,0.0,0.0,0.0,0.5913,0.8022,0.02,0.0142,0.0142,0.0132,26.35,0.0,0.0,0.0,0.0,0.0,0.0
1782741886.701,0.0,0.0,0.0,0.5913,0.8022,0.02,0.0137,0.0132,0.0137,26.35,0.02,0.02,0.02,0.0,0.0,0.0
1782741891.712,0.0,0.0,0.0,0.5913,0.8022,0.02,0.0156,0.0137,0.0142,26.35,0.1,0.09,0.09,65.0,40.9,119.3
1782741896.724,0.0,0.0,0.0,0.5913,0.8022,0.02,0.0137,0.0137,0.0142,26.35,0.0,0.0,0.0,0.0,0.0,0.0
1782741901.736,0.0,0.0,0.0,0.5913,0.8022,0.02,0.0137,0.0137,0.0137,26.35,0.0,0.0,0.0,0.0,0.0,0.0
1782741906.745,0.0,0.0,0.0,0.5913,0.8022,0.02,0.0132,0.0132,0.0142,26.35,0.0,0.0,0.0,0.0,0.0,0.0
1782741911.757,0.0,0.0,0.0,0.5913,0.8022,0.02,0.0142,0.0137,0.0142,26.35,0.0,0.0,0.0,0.0,0.0,0.0
1782741916.767,0.0,0.0,0.0,0.5913,0.8022,0.02,0.0127,0.0132,0.0146,26.35,0.0,0.0,0.0,0.0,0.0,0.0
1782741921.776,0.0,0.0,0.0,0.5913,0.8022,0.02,0.0142,0.0132,0.0142,26.35,0.0,0.0,0.0,0.0,0.0,0.0
1782741926.786,0.0,0.0,0.0,0.5913,0.8022,0.02,0.0142,0.0132,0.0137,26.35,0.0,0.0,0.0,0.0,0.0,0.0
1782741931.8,0.0,0.0,0.0,0.5913,0.8022,0.02,0.0142,0.0137,0.0151,26.35,0.0,0.0,0.0,0.0,0.0,0.0
1782741936.811,0.0,0.0,0.0,0.5913,0.8022,0.02,0.0142,0.0132,0.0146,26.35,0.01,0.01,0.01,0.0,0.0,0.0
1782741941.821,0.0,0.0,0.0,0.5913,0.8022,0.02,0.0142,0.0137,0.0151,26.35,0.0,0.0,0.0,0.0,0.0,0.0
1782741946.834,0.0,0.0,0.0,0.5913,0.8022,0.02,0.0127,0.0137,0.0151,26.35,0.0,0.0,0.0,0.0,0.0,0.0
1782741951.845,0.0,0.0,0.0,0.5913,0.8022,0.02,0.0137,0.0132,0.0142,26.35,0.0,0.0,0.0,0.0,0.0,0.0
1782741956.853,0.0,0.0,0.0,0.5913,0.8022,0.02,0.0137,0.0137,0.0142,26.35,0.0,0.0,0.0,0.0,0.0,0.0
1782741961.867,0.0,0.0,0.0,0.5913,0.8022,0.02,0.0195,0.0176,0.0151,26.35,0.0,0.0,0.0,0.0,0.0,0.0
1782741966.877,0.0,0.0,0.0,0.5913,0.8022,0.02,0.0142,0.0132,0.0142,26.34,0.0,0.0,0.0,0.0,0.0,0.0
1782741971.885,0.0,0.0,0.0,0.5913,0.8022,0.02,0.0132,0.0137,0.0137,26.35,0.0,0.0,0.0,0.0,0.0,0.0
1782741976.893,0.011,0.01,0.009,0.5913,0.8022,0.02,0.0142,0.0142,0.0151,26.35,0.53,0.51,0.47,0.0,0.0,0.0
1782741981.9,0.0,0.0,0.0,0.5913,0.8022,0.02,0.0142,0.0137,0.0146,26.35,0.0,0.0,0.0,0.0,0.0,0.0
1782741986.913,0.0,0.0,0.0,0.5913,0.8022,0.02,0.0146,0.0137,0.0142,26.35,0.0,0.0,0.0,0.0,0.0,0.0
1782741991.919,0.0,0.0,0.0,0.5913,0.8022,0.02,0.0137,0.0132,0.0142,26.35,0.0,0.0,0.0,0.0,0.0,0.0
1782741996.926,0.0,0.0,0.0,0.5913,0.8022,0.02,0.0137,0.0142,0.0142,26.35,0.0,0.0,0.0,0.0,0.0,0.0
1782742001.935,0.0,0.0,0.0,0.5913,0.8022,0.02,0.0137,0.0137,0.0142,26.35,0.0,0.0,0.0,0.0,0.0,0.0
1782742006.944,0.0,0.0,0.0,0.5913,0.8022,0.02,0.0132,0.0137,0.0146,26.35,0.0,0.0,0.0,0.0,0.0,0.0
1782742011.957,0.0,0.0,0.0,0.5913,0.8022,0.02,0.0137,0.0142,0.0146,26.35,0.0,0.0,0.0,0.0,0.0,0.0
1782742016.969,0.0,0.0,0.0,0.5913,0.8022,0.02,0.0142,0.0132,0.0137,26.35,0.0,0.0,0.0,0.0,0.0,0.0
1782742021.976,0.0,0.0,0.0,0.5913,0.8022,0.02,0.0137,0.0132,0.0137,26.35,0.0,0.0,0.0,0.0,0.0,0.0
1782742026.984,0.0,0.0,0.0,0.5913,0.8022,0.02,0.0132,0.0137,0.0142,26.35,0.0,0.0,0.0,0.0,0.0,0.0
1782742031.995,0.0,0.0,0.0,0.5913,0.8022,0.02,0.0137,0.0142,0.0142,26.35,0.0,0.0,0.0,0.0,0.0,0.0
1782742037.003,0.0,0.0,0.0,0.5913,0.8022,0.02,0.0142,0.0132,0.0142,26.35,0.0,0.0,0.0,0.0,0.0,0.0
1782742042.01,0.0,0.0,0.0,0.5913,0.8022,0.02,0.0142,0.0137,0.0146,26.35,0.0,0.0,0.0,0.0,0.0,0.0
1782742047.024,0.0,0.0,0.0,0.5913,0.8022,0.02,0.0142,0.0142,0.0137,26.34,0.0,0.0,0.0,0.0,0.0,0.0
1782742052.034,0.0,0.0,0.0,0.5913,0.8022,0.02,0.0137,0.0132,0.0142,26.34,0.0,0.0,0.0,0.0,0.0,0.0
1782742057.046,0.0,0.0,0.0,0.5913,0.8022,0.02,0.0142,0.0142,0.0142,26.34,0.0,0.0,0.0,0.0,0.0,0.0
1782742062.056,0.0,0.0,0.0,0.5913,0.8022,0.02,0.0137,0.0137,0.0142,26.34,0.01,0.01,0.01,0.0,0.0,0.0
1782742067.065,0.0,0.0,0.0,0.5913,0.8022,0.02,0.0146,0.0132,0.0146,26.34,0.0,0.0,0.0,0.0,0.0,0.0
1782742072.078,0.0,0.0,0.0,0.5913,0.8022,0.02,0.0132,0.0142,0.0137,26.34,0.0,0.0,0.0,0.0,0.0,0.0
1782742077.084,0.0,0.0,0.0,0.5913,0.8022,0.02,0.0132,0.0132,0.0151,26.34,0.04,0.04,0.03,0.0,0.0,0.0
1782742082.098,0.0,0.0,0.0,0.5913,0.8022,0.02,0.0137,0.0132,0.0146,26.34,0.0,0.0,0.0,0.0,0.0,0.0
1782742087.111,0.0,0.0,0.0,0.5913,0.8022,0.02,0.0137,0.0132,0.0142,26.34,0.0,0.0,0.0,0.0,0.0,0.0
1782742092.122,0.0,0.0,0.0,0.5913,0.8022,0.02,0.0146,0.0142,0.0137,26.34,0.0,0.0,0.0,0.0,0.0,0.0
1782742097.131,0.0,0.0,0.0,0.5913,0.8022,0.02,0.0132,0.0132,0.0137,26.34,0.0,0.0,0.0,0.0,0.0,0.0
1782742102.144,0.0,0.0,0.0,0.5913,0.8022,0.02,0.0127,0.0156,0.0137,26.34,0.0,0.0,0.0,0.0,0.0,0.0
1782742107.155,0.0,0.0,0.0,0.5913,0.8022,0.02,0.0142,0.0137,0.0137,26.34,0.0,0.0,0.0,0.0,0.0,0.0
1782742112.161,0.0,0.0,0.0,0.5913,0.8022,0.02,0.0137,0.0127,0.0146,26.34,0.0,0.0,0.0,0.0,0.0,0.0
1782742117.171,0.0,0.0,0.0,0.5913,0.8022,0.02,0.0132,0.0137,0.0146,26.33,0.0,0.0,0.0,0.0,0.0,0.0
1782742122.18,0.0,0.0,0.0,0.5913,0.8022,0.02,0.0146,0.0132,0.0151,26.33,0.0,0.0,0.0,0.0,0.0,0.0
1782742127.192,0.0,0.0,0.0,0.5913,0.8022,0.02,0.0137,0.0142,0.0137,26.33,0.0,0.0,0.0,0.0,0.0,0.0
1782742132.203,0.0,0.0,0.0,0.5913,0.8022,0.02,0.0171,0.0171,0.0146,26.33,0.0,0.0,0.0,0.0,0.0,0.0
1782742137.211,0.0,0.0,0.0,0.5913,0.8022,0.02,0.0142,0.0137,0.0137,26.33,0.0,0.0,0.0,0.0,0.0,0.0
1782742142.225,0.0,0.0,0.0,0.5913,0.8022,0.02,0.0142,0.0137,0.0142,26.33,0.0,0.0,0.0,0.0,0.0,0.0
1782742147.235,0.0,0.0,0.0,0.5913,0.8022,0.02,0.0137,0.0137,0.0151,26.33,0.0,0.0,0.0,0.0,0.0,0.0
1782742152.246,0.028,0.028,0.027,0.5913,0.8022,0.02,0.0142,0.0132,0.0151,26.33,0.83,0.83,0.8,0.0,0.0,0.0
1782742157.252,0.0,0.0,0.0,0.5913,0.8022,0.02,0.0137,0.0137,0.0137,26.32,0.02,0.02,0.02,0.0,0.0,0.0
1782742162.261,0.0,0.0,0.0,0.5913,0.8022,0.02,0.0146,0.0146,0.0137,26.32,0.04,0.04,0.04,0.0,0.0,0.0
1782742167.272,0.0,0.0,0.0,0.5913,0.8022,0.02,0.0166,0.0156,0.0156,26.32,0.07,0.06,0.06,77.6,16.1,88.3
1782742172.285,0.0,0.0,0.0,0.5913,0.8022,0.02,0.0156,0.0146,0.0151,26.32,0.06,0.06,0.05,61.0,16.6,69.9
1782742177.297,0.0,0.0,0.0,0.5913,0.8022,0.02,0.0215,0.0195,0.0156,26.32,0.04,0.03,0.02,50.8,112.3,96.0
1782742182.306,0.0,0.0,0.0,0.5913,0.8022,0.02,0.0137,0.0132,0.0137,26.32,0.0,0.0,0.0,0.0,0.0,0.0
1782742187.32,0.0,0.0,0.0,0.5913,0.8022,0.02,0.0137,0.0137,0.0142,26.32,0.0,0.0,0.0,0.0,0.0,0.0
1782742192.33,0.0,0.0,0.0,0.5913,0.8022,0.02,0.0137,0.0146,0.0137,26.31,0.0,0.0,0.0,0.0,0.0,0.0
1782742197.344,0.0,0.0,0.0,0.5913,0.8022,0.0205,0.0142,0.0142,0.0142,26.31,0.0,0.0,0.0,0.0,0.0,0.0
1782742202.357,0.0,0.0,0.0,0.5913,0.8022,0.0205,0.0142,0.0142,0.0151,26.31,0.0,0.0,0.0,0.0,0.0,0.0
1782742207.365,0.0,0.0,0.0,0.5913,0.8022,0.02,0.0137,0.0137,0.0146,26.31,0.0,0.0,0.0,0.0,0.0,0.0
1782742212.376,0.0,0.0,0.0,0.5913,0.8022,0.02,0.0137,0.0132,0.0137,26.31,0.0,0.0,0.0,0.0,0.0,0.0
1782742217.389,0.0,0.0,0.0,0.5913,0.8022,0.0205,0.0137,0.0142,0.0146,26.31,0.0,0.0,0.0,0.0,0.0,0.0
1782742222.398,0.0,0.0,0.0,0.5913,0.8022,0.0205,0.0146,0.0127,0.0146,26.31,0.0,0.0,0.0,0.0,0.0,0.0
1782742227.408,0.0,0.0,0.0,0.5913,0.8022,0.0205,0.0146,0.0142,0.0142,26.3,0.0,0.0,0.0,0.0,0.0,0.0
1782742232.422,0.0,0.0,0.0,0.5913,0.8022,0.0205,0.0137,0.0132,0.0137,26.3,0.0,0.0,0.0,0.0,0.0,0.0
1782742237.432,0.0,0.0,0.0,0.5913,0.8022,0.0205,0.0137,0.0142,0.0146,26.3,0.0,0.0,0.0,0.0,0.0,0.0
1782742242.446,0.0,0.0,0.0,0.5913,0.8022,0.0205,0.0132,0.0146,0.0156,26.3,0.15,0.16,0.15,4.2,20.0,50.1
1782742247.459,0.0,0.0,0.0,0.5913,0.8022,0.0205,0.0132,0.0132,0.0146,26.3,0.0,0.0,0.0,0.0,0.0,0.0
1782742252.469,0.001,0.001,0.001,0.5913,0.8022,0.0205,0.0142,0.0127,0.0161,26.3,0.21,0.22,0.2,73.4,12.4,30.7
1782742257.479,0.0,0.0,0.0,0.5913,0.8022,0.0205,0.0127,0.0132,0.0137,26.3,0.01,0.01,0.01,0.0,0.0,0.0
1782742262.491,0.0,0.0,0.0,0.5913,0.8022,0.0205,0.0137,0.0137,0.0146,26.3,0.0,0.0,0.0,0.0,0.0,0.0
1782742267.502,0.0,0.0,0.0,0.5913,0.8022,0.0205,0.0151,0.0156,0.0151,26.3,0.13,0.14,0.12,124.0,74.9,33.4
1782742272.517,0.0,0.0,0.0,0.5913,0.8022,0.0205,0.0137,0.0137,0.0146,26.29,0.0,0.0,0.0,0.0,0.0,0.0
1782742277.525,0.0,0.0,0.0,0.5913,0.8022,0.0205,0.0132,0.0137,0.0137,26.29,0.0,0.0,0.0,0.0,0.0,0.0
1782742282.534,0.0,0.0,0.0,0.5913,0.8022,0.0205,0.0132,0.0132,0.0142,26.29,0.0,0.0,0.0,0.0,0.0,0.0
1782742287.549,0.0,0.0,0.0,0.5913,0.8022,0.0205,0.0132,0.0142,0.0156,26.29,0.0,0.0,0.0,0.0,0.0,0.0
1782742292.562,0.0,0.0,0.0,0.5913,0.8022,0.0205,0.0137,0.0127,0.0137,26.29,0.0,0.0,0.0,0.0,0.0,0.0
1782742297.57,0.0,0.0,0.0,0.5913,0.8022,0.0205,0.0137,0.0137,0.0132,26.29,0.0,0.0,0.0,0.0,0.0,0.0
1782742302.582,0.0,0.0,0.0,0.5913,0.8022,0.0205,0.0137,0.0137,0.0142,26.29,0.0,0.0,0.0,0.0,0.0,0.0
1782742307.591,0.0,0.0,0.0,0.5913,0.8022,0.0205,0.0137,0.0137,0.0151,26.29,0.0,0.0,0.0,0.0,0.0,0.0
1782742312.602,0.0,0.0,0.0,0.5913,0.8022,0.0205,0.0137,0.0137,0.0137,26.29,0.0,0.0,0.0,0.0,0.0,0.0
1782742317.617,0.0,0.0,0.0,0.5913,0.8022,0.0205,0.0137,0.0142,0.0142,26.29,0.0,0.0,0.0,0.0,0.0,0.0
1782742322.624,0.0,0.0,0.0,0.5913,0.8022,0.0205,0.0137,0.0132,0.0146,26.29,0.0,0.0,0.0,0.0,0.0,0.0
1782742327.636,0.0,0.0,0.0,0.5913,0.8022,0.0205,0.0142,0.0137,0.0137,26.29,0.0,0.0,0.0,0.0,0.0,0.0
1782742332.648,0.0,0.0,0.0,0.5913,0.8022,0.0205,0.0127,0.0132,0.0142,26.29,0.0,0.0,0.0,0.0,0.0,0.0
1782742337.659,0.0,0.0,0.0,0.5913,0.8022,0.0205,0.0127,0.0137,0.0132,26.29,0.0,0.0,0.0,0.0,0.0,0.0
1782742342.671,0.0,0.0,0.0,0.5913,0.8022,0.0205,0.0137,0.0132,0.0137,26.29,0.0,0.0,0.0,0.0,0.0,0.0
1782742347.683,0.0,0.0,0.0,0.5913,0.8022,0.0205,0.0137,0.0137,0.0137,26.29,0.0,0.0,0.0,0.0,0.0,0.0
1782742352.688,0.003,0.003,0.003,0.5913,0.8022,0.0205,0.0146,0.0142,0.0156,26.29,0.27,0.28,0.26,65.5,57.5,12.6
1782742357.697,0.0,0.0,0.0,0.5913,0.8022,0.0205,0.0146,0.0146,0.0142,26.3,0.02,0.02,0.02,55.0,62.7,3.2
1782742362.707,0.0,0.0,0.0,0.5913,0.8022,0.0205,0.0142,0.0127,0.0146,26.29,0.0,0.0,0.0,0.0,0.0,0.0
1782742367.716,0.0,0.0,0.0,0.5913,0.8022,0.0205,0.0137,0.0132,0.0146,26.29,0.0,0.0,0.0,0.0,0.0,0.0
1782742372.725,0.0,0.0,0.0,0.5913,0.8022,0.0205,0.0137,0.0132,0.0137,26.29,0.0,0.0,0.0,0.0,0.0,0.0
1782742377.731,0.0,0.0,0.0,0.5913,0.8022,0.02,0.0142,0.0137,0.0142,26.3,0.0,0.0,0.0,0.0,0.0,0.0
1782742382.739,0.0,0.0,0.0,0.5913,0.8022,0.02,0.0142,0.0137,0.0151,26.3,0.0,0.0,0.0,0.0,0.0,0.0
1782742387.75,0.0,0.0,0.0,0.5913,0.8022,0.02,0.0146,0.0142,0.0151,26.3,0.0,0.0,0.0,0.0,0.0,0.0
1782742392.757,0.0,0.0,0.0,0.5913,0.8022,0.02,0.0156,0.0151,0.0151,26.3,0.01,0.01,0.01,0.0,0.0,0.0
1782742397.767,0.0,0.0,0.0,0.5913,0.8022,0.02,0.0137,0.0132,0.0142,26.3,0.0,0.0,0.0,0.0,0.0,0.0
1782742402.775,0.0,0.0,0.0,0.5913,0.8022,0.02,0.0142,0.0127,0.0137,26.3,0.0,0.0,0.0,0.0,0.0,0.0
1782742407.784,0.0,0.0,0.0,0.5913,0.8022,0.02,0.0137,0.0127,0.0151,26.3,0.0,0.0,0.0,0.0,0.0,0.0
1782742412.795,0.001,0.001,0.001,0.5913,0.8022,0.02,0.0142,0.0146,0.0146,26.3,0.18,0.18,0.17,0.0,0.0,0.0
1782742417.8,0.0,0.0,0.0,0.5913,0.8022,0.02,0.0142,0.0132,0.0146,26.3,0.05,0.05,0.05,0.0,0.0,0.0
1782742422.809,0.0,0.0,0.0,0.5913,0.8022,0.02,0.0137,0.0137,0.0142,26.3,0.0,0.0,0.0,0.0,0.0,0.0
1782742427.817,0.0,0.0,0.0,0.5913,0.8022,0.02,0.0142,0.0137,0.0142,26.31,0.05,0.05,0.05,0.0,0.0,0.0
1782742432.824,0.0,0.0,0.0,0.5913,0.8022,0.02,0.0137,0.0132,0.0142,26.31,0.0,0.0,0.0,0.0,0.0,0.0
1782742437.833,0.0,0.0,0.0,0.5913,0.8022,0.02,0.0137,0.0142,0.0156,26.31,0.13,0.13,0.13,0.0,0.0,0.0
1782742442.843,0.0,0.0,0.0,0.5913,0.8022,0.02,0.0132,0.0132,0.0151,26.31,0.08,0.08,0.08,0.0,0.0,0.0
1782742447.856,0.0,0.0,0.0,0.5913,0.8022,0.02,0.0127,0.0132,0.0137,26.31,0.0,0.0,0.0,0.0,0.0,0.0
1782742452.862,0.0,0.0,0.0,0.5913,0.8022,0.02,0.0137,0.0137,0.0132,26.31,0.0,0.0,0.0,0.0,0.0,0.0
1782742457.876,0.0,0.0,0.0,0.5913,0.8022,0.02,0.0142,0.0137,0.0137,26.31,0.0,0.0,0.0,0.0,0.0,0.0
1782742462.884,0.0,0.0,0.0,0.5913,0.8022,0.02,0.0142,0.0137,0.0146,26.31,0.0,0.0,0.0,0.0,0.0,0.0
1782742467.894,0.0,0.0,0.0,0.5913,0.8022,0.02,0.0137,0.0142,0.0142,26.31,0.0,0.0,0.0,0.0,0.0,0.0
1782742472.907,0.0,0.0,0.0,0.5913,0.8022,0.02,0.0146,0.0127,0.0137,26.31,0.0,0.0,0.0,0.0,0.0,0.0
1782742477.917,0.0,0.0,0.0,0.5913,0.8022,0.02,0.0146,0.0137,0.0142,26.31,0.0,0.0,0.0,0.0,0.0,0.0
1782742482.929,0.0,0.0,0.0,0.5913,0.8022,0.02,0.0137,0.0137,0.0137,26.31,0.0,0.0,0.0,0.0,0.0,0.0
1782742487.941,0.0,0.0,0.0,0.5913,0.8022,0.02,0.0127,0.0132,0.0142,26.31,0.0,0.0,0.0,0.0,0.0,0.0
1782742492.952,0.0,0.0,0.0,0.5913,0.8022,0.02,0.0142,0.0132,0.0146,26.31,0.0,0.0,0.0,0.0,0.0,0.0
1782742497.966,0.0,0.0,0.0,0.5913,0.8022,0.02,0.0146,0.0132,0.0142,26.31,0.01,0.0,0.0,0.0,0.0,0.0
1782742502.976,0.0,0.0,0.0,0.5913,0.8022,0.02,0.0142,0.0132,0.0132,26.31,0.01,0.01,0.01,0.0,0.0,0.0
1782742507.988,0.0,0.0,0.0,0.5913,0.8022,0.02,0.0137,0.0117,0.0122,26.32,0.0,0.0,0.0,0.0,0.0,0.0
1782742513.0,0.0,0.0,0.0,0.5913,0.8022,0.02,0.0137,0.0132,0.0142,26.32,0.0,0.0,0.0,0.0,0.0,0.0
1782742518.011,0.0,0.0,0.0,0.5913,0.8022,0.02,0.0137,0.0132,0.0142,26.32,0.0,0.0,0.0,0.0,0.0,0.0
1782742523.023,0.0,0.0,0.0,0.5913,0.8022,0.02,0.0142,0.0137,0.0142,26.32,0.0,0.0,0.0,0.0,0.0,0.0
1782742528.038,0.0,0.0,0.0,0.5913,0.8022,0.02,0.0142,0.0137,0.0137,26.32,0.0,0.0,0.0,0.0,0.0,0.0
1782742533.048,0.0,0.0,0.0,0.5913,0.8022,0.02,0.0142,0.0142,0.0142,26.33,0.0,0.0,0.0,0.0,0.0,0.0
1782742538.056,0.0,0.0,0.0,0.5913,0.8022,0.02,0.0132,0.0137,0.0151,26.33,0.0,0.0,0.0,0.0,0.0,0.0
1782742543.068,0.0,0.0,0.0,0.5913,0.8022,0.02,0.0137,0.0132,0.0137,26.33,0.0,0.0,0.0,0.0,0.0,0.0
1782742548.077,0.0,0.0,0.0,0.5913,0.8022,0.02,0.0137,0.0132,0.0142,26.33,0.0,0.0,0.0,0.0,0.0,0.0
1782742553.084,0.0,0.0,0.0,0.5913,0.8022,0.02,0.0142,0.0142,0.0142,26.34,0.0,0.0,0.0,0.0,0.0,0.0
1782742558.096,0.0,0.0,0.0,0.5913,0.8022,0.02,0.0142,0.0132,0.0142,26.34,0.0,0.0,0.0,0.0,0.0,0.0
1782742563.103,0.0,0.0,0.0,0.5913,0.8022,0.02,0.0142,0.0137,0.0146,26.34,0.0,0.0,0.0,0.0,0.0,0.0
1782742568.113,0.0,0.0,0.0,0.5913,0.8022,0.02,0.0127,0.0127,0.0146,26.34,0.0,0.0,0.0,0.0,0.0,0.0
1782742573.12,0.0,0.0,0.0,0.5918,0.8022,0.02,0.0142,0.0137,0.0137,26.34,0.0,0.0,0.0,0.0,0.0,0.0
1782742578.129,0.003,0.003,0.003,0.5918,0.8022,0.02,0.0127,0.0132,0.0142,26.35,0.18,0.18,0.17,0.0,0.0,0.0
1782742583.136,0.0,0.0,0.0,0.5913,0.8022,0.02,0.0132,0.0132,0.0132,26.35,0.0,0.0,0.0,0.0,0.0,0.0
1782742588.146,0.0,0.0,0.0,0.5913,0.8022,0.02,0.0137,0.0137,0.0142,26.35,0.0,0.0,0.0,0.0,0.0,0.0
1782742593.151,0.0,0.0,0.0,0.5913,0.8022,0.02,0.0142,0.0132,0.0137,26.35,0.0,0.0,0.0,0.0,0.0,0.0
1782742598.163,0.0,0.0,0.0,0.5913,0.8022,0.02,0.0142,0.0132,0.0146,26.36,0.0,0.0,0.0,0.0,0.0,0.0
1782742603.165,0.0,0.0,0.0,0.5913,0.8022,0.02,0.0137,0.0132,0.0137,26.36,0.0,0.0,0.0,0.0,0.0,0.0
1782742608.172,0.0,0.0,0.0,0.5913,0.8022,0.02,0.0137,0.0142,0.0137,26.36,0.04,0.04,0.04,0.0,0.0,0.0
1782742613.18,0.0,0.0,0.0,0.5913,0.8022,0.02,0.0137,0.0137,0.0132,26.36,0.0,0.0,0.0,0.0,0.0,0.0
1782742618.19,0.006,0.006,0.005,0.5913,0.8022,0.02,0.0137,0.0137,0.0146,26.37,0.5,0.51,0.49,121.5,7.4,13.3
1782742623.199,0.0,0.0,0.0,0.5913,0.8022,0.02,0.0137,0.0132,0.0137,26.37,0.0,0.0,0.0,0.0,0.0,0.0
1782742628.204,0.0,0.0,0.0,0.5913,0.8022,0.02,0.0137,0.0137,0.0142,26.37,0.0,0.0,0.0,0.0,0.0,0.0
1782742633.213,0.0,0.0,0.0,0.5913,0.8022,0.02,0.0137,0.0137,0.0146,26.37,0.01,0.01,0.01,0.0,0.0,0.0
1782742638.223,0.0,0.0,0.0,0.5913,0.8022,0.02,0.0132,0.0132,0.0151,26.38,0.03,0.03,0.03,42.1,78.4,49.1
1782742643.233,0.0,0.0,0.0,0.5913,0.8022,0.02,0.0161,0.0156,0.0151,26.38,0.0,0.0,0.0,0.0,0.0,0.0
1782742648.243,0.0,0.0,0.0,0.5913,0.8022,0.02,0.0132,0.0137,0.0142,26.38,0.0,0.0,0.0,0.0,0.0,0.0
1782742653.253,0.0,0.0,0.0,0.5913,0.8022,0.02,0.0142,0.0146,0.0137,26.38,0.0,0.0,0.0,0.0,0.0,0.0
1782742658.265,0.0,0.0,0.0,0.5913,0.8022,0.02,0.0137,0.0137,0.0137,26.38,0.0,0.0,0.0,0.0,0.0,0.0
1782742663.277,0.0,0.0,0.0,0.5913,0.8022,0.02,0.0142,0.0137,0.0137,26.38,0.0,0.0,0.0,0.0,0.0,0.0
1782742668.284,0.0,0.0,0.0,0.5913,0.8022,0.02,0.0146,0.0137,0.0142,26.38,0.0,0.0,0.0,0.0,0.0,0.0
1782742673.296,0.006,0.006,0.005,0.5913,0.8022,0.02,0.0127,0.0142,0.0146,26.38,0.43,0.44,0.41,0.0,0.0,0.0
1782742678.308,0.0,0.0,0.0,0.5913,0.8022,0.02,0.0137,0.0132,0.0137,26.38,0.0,0.0,0.0,0.0,0.0,0.0
1782742683.316,0.0,0.0,0.0,0.5913,0.8022,0.02,0.0142,0.0137,0.0142,26.38,0.0,0.0,0.0,0.0,0.0,0.0
1782742688.329,0.0,0.0,0.0,0.5913,0.8022,0.02,0.0142,0.0132,0.0137,26.38,0.0,0.0,0.0,0.0,0.0,0.0
1782742693.341,0.0,0.0,0.0,0.5913,0.8022,0.02,0.0142,0.0132,0.0142,26.38,0.0,0.0,0.0,0.0,0.0,0.0
1782742698.354,0.0,0.0,0.0,0.5913,0.8022,0.02,0.0132,0.0132,0.0142,26.38,0.01,0.01,0.01,0.0,0.0,0.0
1782742703.36,0.0,0.0,0.0,0.5913,0.8022,0.02,0.0137,0.0137,0.0146,26.38,0.0,0.0,0.0,0.0,0.0,0.0
1782742708.373,0.0,0.0,0.0,0.5913,0.8022,0.02,0.0142,0.0142,0.0142,26.38,0.02,0.02,0.02,0.0,0.0,0.0
1782742713.385,0.0,0.0,0.0,0.5913,0.8022,0.02,0.0132,0.0132,0.0146,26.38,0.01,0.01,0.01,0.0,0.0,0.0
1782742718.399,0.04,0.034,0.026,0.5913,0.8022,0.02,0.0303,0.0264,0.0229,26.38,2.12,1.81,1.41,97.0,97.0,95.2
1782742723.406,0.0,0.0,0.0,0.5913,0.8022,0.02,0.0142,0.0142,0.0137,26.38,0.0,0.0,0.0,0.0,0.0,0.0
1782742728.415,0.0,0.0,0.0,0.5913,0.8022,0.02,0.0142,0.0142,0.0142,26.38,0.0,0.0,0.0,0.0,0.0,0.0
1782742733.424,0.0,0.0,0.0,0.5913,0.8022,0.02,0.0142,0.0132,0.0146,26.38,0.0,0.0,0.0,0.0,0.0,0.0
1782742738.43,0.0,0.0,0.0,0.5913,0.8022,0.02,0.0137,0.0137,0.0142,26.38,0.0,0.0,0.0,0.0,0.0,0.0
1782742743.44,0.0,0.0,0.0,0.5913,0.8022,0.02,0.0137,0.0132,0.0142,26.38,0.0,0.0,0.0,0.0,0.0,0.0
1782742748.447,0.0,0.0,0.0,0.5913,0.8022,0.02,0.0142,0.0137,0.0137,26.38,0.0,0.0,0.0,0.0,0.0,0.0
1782742753.456,0.0,0.0,0.0,0.5913,0.8022,0.02,0.0137,0.0137,0.0137,26.38,0.0,0.0,0.0,0.0,0.0,0.0
1782742758.468,0.0,0.0,0.0,0.5913,0.8022,0.02,0.0142,0.0132,0.0142,26.37,0.0,0.0,0.0,0.0,0.0,0.0
1782742763.48,0.0,0.0,0.0,0.5913,0.8022,0.02,0.0142,0.0137,0.0132,26.38,0.0,0.0,0.0,0.0,0.0,0.0
1782742768.491,0.0,0.0,0.0,0.5913,0.8022,0.02,0.0142,0.0142,0.0146,26.38,0.0,0.0,0.0,0.0,0.0,0.0
1782742773.502,0.0,0.0,0.0,0.5913,0.8022,0.02,0.0132,0.0137,0.0137,26.37,0.0,0.0,0.0,0.0,0.0,0.0
1782742778.515,0.0,0.0,0.0,0.5913,0.8022,0.02,0.0132,0.0137,0.0137,26.37,0.0,0.0,0.0,0.0,0.0,0.0
1782742783.527,0.0,0.0,0.0,0.5913,0.8022,0.02,0.0137,0.0137,0.0151,26.37,0.0,0.0,0.0,0.0,0.0,0.0
1782742788.537,0.0,0.0,0.0,0.5913,0.8022,0.02,0.0132,0.0137,0.0142,26.37,0.0,0.0,0.0,0.0,0.0,0.0
1782742793.549,0.0,0.0,0.0,0.5913,0.8022,0.02,0.0132,0.0132,0.0137,26.37,0.0,0.0,0.0,0.0,0.0,0.0
1782742798.558,0.0,0.0,0.0,0.5913,0.8022,0.02,0.0137,0.0127,0.0137,26.37,0.0,0.0,0.0,0.0,0.0,0.0
1782742803.568,0.0,0.0,0.0,0.5913,0.8022,0.02,0.0137,0.0127,0.0146,26.37,0.0,0.0,0.0,0.0,0.0,0.0
1782742808.575,0.0,0.0,0.0,0.5913,0.8022,0.02,0.0142,0.0132,0.0151,26.37,0.04,0.04,0.04,35.2,73.4,85.1
1782742813.588,0.0,0.0,0.0,0.5913,0.8022,0.02,0.0142,0.0132,0.0142,26.36,0.03,0.03,0.03,21.5,15.8,64.7
1782742818.597,0.0,0.0,0.0,0.5913,0.8022,0.02,0.0142,0.0137,0.0142,26.36,0.0,0.0,0.0,0.0,0.0,0.0
1782742823.61,0.0,0.0,0.0,0.5913,0.8022,0.02,0.0142,0.0132,0.0137,26.36,0.0,0.0,0.0,0.0,0.0,0.0
1782742828.62,0.0,0.0,0.0,0.5913,0.8022,0.02,0.0137,0.0142,0.0146,26.36,0.0,0.0,0.0,0.0,0.0,0.0
1782742833.625,0.0,0.0,0.0,0.5913,0.8022,0.02,0.0137,0.0137,0.0132,26.35,0.0,0.0,0.0,0.0,0.0,0.0
1782742838.638,0.0,0.0,0.0,0.5913,0.8022,0.02,0.0146,0.0137,0.0132,26.35,0.0,0.0,0.0,0.0,0.0,0.0
1782742843.646,0.0,0.0,0.0,0.5913,0.8022,0.02,0.0142,0.0137,0.0137,26.35,0.0,0.0,0.0,0.0,0.0,0.0
1782742848.654,0.0,0.0,0.0,0.5913,0.8022,0.02,0.0137,0.0142,0.0137,26.35,0.0,0.0,0.0,0.0,0.0,0.0
1782742853.664,0.0,0.0,0.0,0.5913,0.8022,0.02,0.0142,0.0146,0.0142,26.35,0.0,0.0,0.0,0.0,0.0,0.0
1782742858.671,0.0,0.0,0.0,0.5913,0.8022,0.02,0.0137,0.0127,0.0137,26.35,0.01,0.01,0.01,0.0,0.0,0.0
1782742863.679,0.0,0.0,0.0,0.5913,0.8022,0.02,0.0137,0.0132,0.0137,26.34,0.0,0.0,0.0,0.0,0.0,0.0
1782742868.684,0.0,0.0,0.0,0.5913,0.8022,0.02,0.0137,0.0132,0.0142,26.35,0.0,0.0,0.0,0.0,0.0,0.0
1782742873.695,0.0,0.0,0.0,0.5913,0.8022,0.02,0.0137,0.0127,0.0137,26.34,0.0,0.0,0.0,0.0,0.0,0.0
1782742878.706,0.0,0.0,0.0,0.5913,0.8022,0.02,0.0137,0.0137,0.0146,26.35,0.0,0.0,0.0,0.0,0.0,0.0
1782742883.714,0.0,0.0,0.0,0.5913,0.8022,0.02,0.0137,0.0137,0.0142,26.35,0.0,0.0,0.0,0.0,0.0,0.0
1782742888.724,0.0,0.0,0.0,0.5913,0.8022,0.02,0.0137,0.0132,0.0137,26.35,0.0,0.0,0.0,0.0,0.0,0.0
1782742893.736,0.0,0.0,0.0,0.5913,0.8022,0.02,0.0132,0.0137,0.0142,26.35,0.0,0.0,0.0,0.0,0.0,0.0
1782742898.746,0.0,0.0,0.0,0.5913,0.8022,0.02,0.0132,0.0137,0.0142,26.35,0.0,0.0,0.0,0.0,0.0,0.0
1782742903.758,0.0,0.0,0.0,0.5913,0.8022,0.02,0.0132,0.0137,0.0142,26.35,0.0,0.0,0.0,0.0,0.0,0.0
1782742908.771,0.0,0.0,0.0,0.5913,0.8022,0.02,0.0132,0.0137,0.0142,26.35,0.0,0.0,0.0,0.0,0.0,0.0
1782742913.784,0.0,0.0,0.0,0.5913,0.8022,0.02,0.0132,0.0137,0.0142,26.35,0.0,0.0,0.0,0.0,0.0,0.0
1782742918.792,0.0,0.0,0.0,0.5913,0.8022,0.02,0.0132,0.0137,0.0142,26.35,0.0,0.0,0.0,0.0,0.0,0.0
1782742923.804,0.0,0.0,0.0,0.5913,0.8022,0.02,0.0132,0.0137,0.0142,26.35,0.0,0.0,0.0,0.0,0.0,0.0
1782742928.812,0.0,0.0,0.0,0.5913,0.8022,0.02,0.0132,0.0137,0.0142,26.35,0.0,0.0,0.0,0.0,0.0,0.0
1782742933.821,0.0,0.0,0.0,0.5913,0.8022,0.02,0.0132,0.0137,0.0142,26.35,0.0,0.0,0.0,0.0,0.0,0.0
1782742938.833,0.0,0.0,0.0,0.5913,0.8022,0.02,0.0132,0.0137,0.0142,26.35,0.0,0.0,0.0,0.0,0.0,0.0
1782742943.846,0.0,0.0,0.0,0.5913,0.8022,0.02,0.0132,0.0137,0.0142,26.35,0.0,0.0,0.0,0.0,0.0,0.0
1782742948.855,0.0,0.0,0.0,0.5913,0.8022,0.02,0.0132,0.0137,0.0142,26.35,0.0,0.0,0.0,0.0,0.0,0.0
1782742953.863,0.0,0.0,0.0,0.5913,0.8022,0.02,0.0132,0.0137,0.0142,26.35,0.0,0.0,0.0,0.0,0.0,0.0
1782742958.876,0.0,0.0,0.0,0.5913,0.8022,0.02,0.0132,0.0137,0.0142,26.35,0.0,0.0,0.0,0.0,0.0,0.0
1782742963.887,0.0,0.0,0.0,0.5913,0.8022,0.02,0.0132,0.0142,0.0142,26.29,0.0,0.0,0.0,0.0,0.0,0.0
1782742968.898,0.0,0.0,0.0,0.5913,0.8022,0.0205,0.0132,0.0132,0.0137,26.29,0.0,0.0,0.0,0.0,0.0,0.0
1782742973.908,0.0,0.0,0.0,0.5913,0.8022,0.0205,0.0137,0.0137,0.0142,26.29,0.0,0.0,0.0,0.0,0.0,0.0
1782742978.92,0.0,0.0,0.0,0.5913,0.8022,0.0205,0.0137,0.0137,0.0132,26.3,0.0,0.0,0.0,0.0,0.0,0.0
1782742983.928,0.0,0.0,0.0,0.5913,0.8022,0.0205,0.0146,0.0137,0.0137,26.3,0.0,0.0,0.0,0.0,0.0,0.0
1782742988.942,0.0,0.0,0.0,0.5913,0.8022,0.0205,0.0132,0.0132,0.0142,26.3,0.0,0.0,0.0,0.0,0.0,0.0
1782742993.953,0.0,0.0,0.0,0.5913,0.8022,0.0205,0.0132,0.0132,0.0142,26.3,0.0,0.0,0.0,0.0,0.0,0.0
1782742998.96,0.003,0.003,0.003,0.5913,0.8022,0.02,0.0137,0.0127,0.0142,26.3,0.09,0.08,0.08,0.0,0.0,0.0
1782743003.972,0.0,0.0,0.0,0.5913,0.8022,0.02,0.0146,0.0137,0.0142,26.3,0.0,0.0,0.0,0.0,0.0,0.0
1782743008.984,0.0,0.0,0.0,0.5913,0.8022,0.02,0.0137,0.0137,0.0142,26.3,0.0,0.0,0.0,0.0,0.0,0.0
1782743013.996,0.003,0.003,0.003,0.5913,0.8022,0.02,0.0142,0.0146,0.0142,26.3,0.28,0.28,0.25,0.0,0.0,0.0
1782743019.003,0.0,0.0,0.0,0.5913,0.8022,0.02,0.0132,0.0132,0.0132,26.3,0.0,0.0,0.0,0.0,0.0,0.0
1782743024.016,0.0,0.0,0.0,0.5913,0.8022,0.02,0.0137,0.0137,0.0142,26.31,0.0,0.0,0.0,0.0,0.0,0.0
1782743029.025,0.0,0.0,0.0,0.5913,0.8022,0.02,0.0137,0.0137,0.0151,26.31,0.0,0.0,0.0,0.0,0.0,0.0
1782743034.037,0.0,0.0,0.0,0.5913,0.8022,0.02,0.0142,0.0127,0.0142,26.3,0.0,0.0,0.0,0.0,0.0,0.0
1782743039.047,0.0,0.0,0.0,0.5913,0.8022,0.02,0.0137,0.0142,0.0142,26.31,0.0,0.0,0.0,0.0,0.0,0.0
1782743044.055,0.0,0.0,0.0,0.5913,0.8022,0.02,0.0137,0.0132,0.0137,26.3,0.0,0.0,0.0,0.0,0.0,0.0
1782743049.067,0.0,0.0,0.0,0.5913,0.8022,0.02,0.0127,0.0132,0.0132,26.3,0.0,0.0,0.0,0.0,0.0,0.0
1782743054.078,0.0,0.0,0.0,0.5913,0.8022,0.02,0.0142,0.0137,0.0142,26.3,0.0,0.0,0.0,0.0,0.0,0.0
1782743059.088,0.0,0.0,0.0,0.5913,0.8022,0.02,0.0132,0.0132,0.0146,26.3,0.0,0.0,0.0,0.0,0.0,0.0
1782743064.096,0.0,0.0,0.0,0.5913,0.8022,0.02,0.0137,0.0142,0.0137,26.3,0.0,0.0,0.0,0.0,0.0,0.0
1782743069.107,0.0,0.0,0.0,0.5913,0.8022,0.02,0.0132,0.0132,0.0142,26.29,0.02,0.02,0.02,0.0,0.0,0.0
1782743074.121,0.0,0.0,0.0,0.5913,0.8022,0.02,0.0142,0.0132,0.0146,26.29,0.01,0.0,0.0,0.0,0.0,0.0
1782743079.133,0.0,0.0,0.0,0.5913,0.8022,0.02,0.0142,0.0142,0.0142,26.29,0.0,0.0,0.0,0.0,0.0,0.0
1782743084.142,0.0,0.0,0.0,0.5913,0.8022,0.02,0.0132,0.0132,0.0142,26.28,0.0,0.0,0.0,0.0,0.0,0.0
1782743089.153,0.0,0.0,0.0,0.5913,0.8022,0.0205,0.0137,0.0137,0.0142,26.28,0.02,0.02,0.02,0.0,0.0,0.0
1782743094.166,0.0,0.0,0.0,0.5913,0.8022,0.0205,0.0156,0.0142,0.0146,26.28,0.0,0.0,0.0,0.0,0.0,0.0
1782743099.177,0.001,0.001,0.001,0.5913,0.8022,0.0205,0.0137,0.0137,0.0146,26.28,0.2,0.2,0.2,0.0,0.0,0.0
1782743104.189,0.0,0.0,0.0,0.5913,0.8022,0.0205,0.0137,0.0142,0.0137,26.28,0.0,0.0,0.0,0.0,0.0,0.0
1782743109.199,0.0,0.0,0.0,0.5913,0.8022,0.0205,0.0132,0.0132,0.0142,26.28,0.0,0.0,0.0,0.0,0.0,0.0
1782743114.211,0.0,0.0,0.0,0.5913,0.8022,0.0205,0.0146,0.0142,0.0132,26.28,0.0,0.0,0.0,0.0,0.0,0.0
1782743119.22,0.0,0.0,0.0,0.5913,0.8022,0.0205,0.0137,0.0132,0.0137,26.28,0.0,0.0,0.0,0.0,0.0,0.0
1782743124.231,0.0,0.0,0.0,0.5913,0.8022,0.0205,0.0142,0.0137,0.0142,26.27,0.0,0.0,0.0,0.0,0.0,0.0
1782743129.243,0.0,0.0,0.0,0.5913,0.8022,0.0205,0.0142,0.0137,0.0137,26.27,0.0,0.0,0.0,0.0,0.0,0.0
1782743134.254,0.0,0.0,0.0,0.5913,0.8022,0.0205,0.0137,0.0132,0.0142,26.27,0.0,0.0,0.0,0.0,0.0,0.0
1782743139.261,0.0,0.0,0.0,0.5913,0.8022,0.0205,0.0132,0.0132,0.0142,26.27,0.0,0.0,0.0,0.0,0.0,0.0
1782743144.274,0.0,0.0,0.0,0.5913,0.8022,0.0205,0.0137,0.0132,0.0142,26.27,0.0,0.0,0.0,0.0,0.0,0.0
1782743149.283,0.0,0.0,0.0,0.5913,0.8022,0.0205,0.0146,0.0142,0.0142,26.27,0.0,0.0,0.0,0.0,0.0,0.0
1782743154.29,0.0,0.0,0.0,0.5913,0.8022,0.0205,0.0137,0.0132,0.0132,26.27,0.0,0.0,0.0,0.0,0.0,0.0
1782743159.301,0.0,0.0,0.0,0.5913,0.8022,0.0205,0.0137,0.0132,0.0137,26.27,0.0,0.0,0.0,0.0,0.0,0.0
1782743164.313,0.025,0.025,0.024,0.5913,0.8022,0.0205,0.0132,0.0137,0.0137,26.27,0.31,0.32,0.31,0.0,0.0,0.0
1782743169.322,0.0,0.0,0.0,0.5913,0.8022,0.0205,0.0137,0.0127,0.0151,26.27,0.0,0.0,0.0,0.0,0.0,0.0
1782743174.333,0.0,0.0,0.0,0.5913,0.8022,0.0205,0.0132,0.0132,0.0137,26.27,0.0,0.0,0.0,0.0,0.0,0.0
1782743179.343,0.0,0.0,0.0,0.5913,0.8022,0.0205,0.0137,0.0132,0.0142,26.27,0.0,0.0,0.0,0.0,0.0,0.0
1782743184.356,0.0,0.0,0.0,0.5913,0.8022,0.0205,0.0142,0.0142,0.0146,26.27,0.0,0.0,0.0,0.0,0.0,0.0
1782743189.368,0.0,0.0,0.0,0.5913,0.8022,0.0205,0.0137,0.0137,0.0137,26.27,0.0,0.0,0.0,0.0,0.0,0.0
1782743194.377,0.0,0.0,0.0,0.5913,0.8022,0.0205,0.0137,0.0132,0.0137,26.27,0.0,0.0,0.0,0.0,0.0,0.0
1782743199.39,0.0,0.0,0.0,0.5913,0.8022,0.0205,0.0137,0.0137,0.0142,26.27,0.0,0.0,0.0,0.0,0.0,0.0
1782743204.401,0.0,0.0,0.0,0.5913,0.8022,0.0205,0.0142,0.0137,0.0151,26.27,0.11,0.11,0.1,12.4,83.6,30.7
1782743209.409,0.0,0.0,0.0,0.5913,0.8022,0.0205,0.0146,0.0146,0.0137,26.27,0.0,0.0,0.0,0.0,0.0,0.0
1782743214.424,0.0,0.0,0.0,0.5913,0.8022,0.0205,0.0137,0.0132,0.0142,26.27,0.0,0.0,0.0,0.0,0.0,0.0
1782743219.433,0.0,0.0,0.0,0.5913,0.8022,0.0205,0.0137,0.0137,0.0151,26.27,0.0,0.0,0.0,0.0,0.0,0.0
1782743224.444,0.0,0.0,0.0,0.5913,0.8022,0.0205,0.0132,0.0137,0.0142,26.27,0.0,0.0,0.0,0.0,0.0,0.0
1782743229.456,0.0,0.0,0.0,0.5913,0.8022,0.0205,0.0137,0.0137,0.0142,26.27,0.0,0.0,0.0,0.0,0.0,0.0
1782743234.467,0.0,0.0,0.0,0.5913,0.8022,0.0205,0.0142,0.0146,0.0137,26.27,0.02,0.02,0.02,0.0,0.0,0.0
1782743239.478,0.0,0.0,0.0,0.5913,0.8022,0.0205,0.0137,0.0137,0.0151,26.28,0.0,0.0,0.0,0.0,0.0,0.0
1782743244.486,0.0,0.0,0.0,0.5913,0.8022,0.0205,0.0132,0.0132,0.0146,26.28,0.0,0.0,0.0,0.0,0.0,0.0
1782743249.496,0.0,0.0,0.0,0.5913,0.8022,0.0205,0.0132,0.0132,0.0137,26.28,0.0,0.0,0.0,0.0,0.0,0.0
1782743254.505,0.0,0.0,0.0,0.5913,0.8022,0.0205,0.0132,0.0142,0.0151,26.28,0.0,0.0,0.0,0.0,0.0,0.0
1782743259.516,0.0,0.0,0.0,0.5913,0.8022,0.0205,0.0132,0.0137,0.0137,26.28,0.0,0.0,0.0,0.0,0.0,0.0
1782743264.524,0.0,0.0,0.0,0.5913,0.8022,0.02,0.0146,0.0137,0.0142,26.28,0.0,0.0,0.0,0.0,0.0,0.0
1782743269.537,0.0,0.0,0.0,0.5913,0.8022,0.02,0.0137,0.0132,0.0132,26.28,0.0,0.0,0.0,0.0,0.0,0.0
1782743274.543,0.0,0.0,0.0,0.5913,0.8022,0.02,0.0127,0.0137,0.0142,26.28,0.0,0.0,0.0,0.0,0.0,0.0
1782743279.55,0.0,0.0,0.0,0.5913,0.8022,0.02,0.0142,0.0132,0.0137,26.28,0.0,0.0,0.0,0.0,0.0,0.0
1782743284.562,0.0,0.0,0.0,0.5913,0.8022,0.02,0.0142,0.0137,0.0142,26.28,0.0,0.0,0.0,0.0,0.0,0.0
1782743289.568,0.0,0.0,0.0,0.5913,0.8022,0.02,0.0137,0.0137,0.0132,26.28,0.0,0.0,0.0,0.0,0.0,0.0
1782743294.576,0.0,0.0,0.0,0.5913,0.8022,0.02,0.0142,0.0132,0.0142,26.29,0.0,0.0,0.0,0.0,0.0,0.0
1782743299.587,0.0,0.0,0.0,0.5913,0.8022,0.02,0.0137,0.0132,0.0137,26.28,0.0,0.0,0.0,0.0,0.0,0.0
1782743304.598,0.0,0.0,0.0,0.5913,0.8022,0.02,0.0132,0.0127,0.0137,26.29,0.0,0.0,0.0,0.0,0.0,0.0
1782743309.607,0.0,0.0,0.0,0.5913,0.8022,0.02,0.0142,0.0137,0.0137,26.29,0.0,0.0,0.0,0.0,0.0,0.0
1782743314.618,0.0,0.0,0.0,0.5913,0.8022,0.02,0.0132,0.0137,0.0146,26.29,0.0,0.0,0.0,0.0,0.0,0.0
1782743319.628,0.0,0.0,0.0,0.5913,0.8022,0.02,0.0137,0.0137,0.0137,26.29,0.0,0.0,0.0,0.0,0.0,0.0
1782743324.635,0.0,0.0,0.0,0.5913,0.8022,0.02,0.0132,0.0142,0.0132,26.29,0.0,0.0,0.0,0.0,0.0,0.0
1782743329.648,0.0,0.0,0.0,0.5913,0.8022,0.02,0.0142,0.0137,0.0151,26.29,0.0,0.0,0.0,0.0,0.0,0.0
1782743334.659,0.0,0.0,0.0,0.5913,0.8022,0.02,0.0156,0.0161,0.0142,26.29,0.0,0.0,0.0,0.0,0.0,0.0
1782743339.671,0.0,0.0,0.0,0.5913,0.8022,0.02,0.0137,0.0142,0.0146,26.29,0.0,0.0,0.0,0.0,0.0,0.0
1782743344.682,0.0,0.0,0.0,0.5913,0.8022,0.02,0.0142,0.0127,0.0146,26.29,0.0,0.0,0.0,0.0,0.0,0.0
1782743349.688,0.0,0.0,0.0,0.5913,0.8022,0.02,0.0146,0.0142,0.0146,26.29,0.01,0.01,0.01,0.0,0.0,0.0
1782743354.702,0.0,0.0,0.0,0.5913,0.8022,0.02,0.0137,0.0132,0.0146,26.29,0.01,0.01,0.01,0.0,0.0,0.0
1782743359.711,0.0,0.0,0.0,0.5913,0.8022,0.02,0.0146,0.0142,0.0142,26.3,0.06,0.06,0.05,0.0,0.0,0.0
1782743364.719,0.0,0.0,0.0,0.5913,0.8022,0.02,0.0142,0.0142,0.0142,26.3,0.03,0.03,0.02,0.0,0.0,0.0
1782743369.73,0.0,0.0,0.0,0.5913,0.8022,0.02,0.0146,0.0142,0.0137,26.3,0.01,0.01,0.01,0.0,0.0,0.0
1782743374.742,0.0,0.0,0.0,0.5913,0.8022,0.02,0.0132,0.0132,0.0137,26.3,0.0,0.0,0.0,0.0,0.0,0.0
1782743379.753,0.0,0.0,0.0,0.5913,0.8022,0.02,0.0137,0.0132,0.0142,26.3,0.0,0.0,0.0,0.0,0.0,0.0
1782743384.766,0.0,0.0,0.0,0.5913,0.8022,0.02,0.0142,0.0127,0.0142,26.3,0.0,0.0,0.0,0.0,0.0,0.0
1782743389.774,0.0,0.0,0.0,0.5913,0.8022,0.02,0.0137,0.0132,0.0142,26.3,0.0,0.0,0.0,0.0,0.0,0.0
1782743394.781,0.0,0.0,0.0,0.5913,0.8022,0.02,0.0142,0.0142,0.0146,26.31,0.0,0.0,0.0,0.0,0.0,0.0
1782743399.795,0.0,0.0,0.0,0.5913,0.8022,0.02,0.0142,0.0142,0.0137,26.31,0.0,0.0,0.0,0.0,0.0,0.0
1782743404.805,0.0,0.0,0.0,0.5913,0.8022,0.02,0.0137,0.0137,0.0142,26.31,0.0,0.0,0.0,0.0,0.0,0.0
1782743409.815,0.0,0.0,0.0,0.5913,0.8022,0.02,0.0142,0.0146,0.0137,26.31,0.0,0.0,0.0,0.0,0.0,0.0
1782743414.827,0.0,0.0,0.0,0.5913,0.8022,0.02,0.0137,0.0132,0.0137,26.31,0.0,0.0,0.0,0.0,0.0,0.0
1782743419.838,0.0,0.0,0.0,0.5913,0.8022,0.02,0.0142,0.0132,0.0142,26.31,0.0,0.0,0.0,0.0,0.0,0.0
1782743424.852,0.0,0.0,0.0,0.5913,0.8022,0.02,0.0137,0.0137,0.0142,26.31,0.0,0.0,0.0,0.0,0.0,0.0
1782743429.865,0.001,0.001,0.001,0.5913,0.8022,0.02,0.0137,0.0127,0.0142,26.31,0.09,0.09,0.09,0.0,0.0,0.0
1782743434.876,0.0,0.0,0.0,0.5913,0.8022,0.02,0.0142,0.0132,0.0151,26.31,0.0,0.0,0.0,0.0,0.0,0.0
1782743439.888,0.0,0.0,0.0,0.5913,0.8022,0.02,0.0137,0.0132,0.0151,26.32,0.0,0.0,0.0,0.0,0.0,0.0
1782743444.895,0.0,0.0,0.0,0.5913,0.8022,0.02,0.0132,0.0142,0.0137,26.32,0.0,0.0,0.0,0.0,0.0,0.0
1782743449.905,0.0,0.0,0.0,0.5913,0.8022,0.02,0.0137,0.0132,0.0137,26.32,0.0,0.0,0.0,0.0,0.0,0.0
1782743454.918,0.0,0.0,0.0,0.5913,0.8022,0.02,0.0142,0.0142,0.0146,26.32,0.0,0.0,0.0,0.0,0.0,0.0
1782743459.929,0.002,0.002,0.002,0.5913,0.8022,0.02,0.0146,0.0137,0.0137,26.32,0.2,0.2,0.19,0.0,0.0,0.0
1782743464.935,0.0,0.0,0.0,0.5913,0.8022,0.02,0.0137,0.0132,0.0137,26.32,0.0,0.0,0.0,0.0,0.0,0.0
1782743469.947,0.0,0.0,0.0,0.5913,0.8022,0.02,0.0142,0.0137,0.0137,26.32,0.0,0.0,0.0,0.0,0.0,0.0
1782743474.96,0.0,0.0,0.0,0.5913,0.8022,0.02,0.0132,0.0132,0.0142,26.32,0.0,0.0,0.0,0.0,0.0,0.0
1782743479.971,0.012,0.011,0.009,0.5913,0.8022,0.02,0.0181,0.0171,0.0156,26.32,0.7,0.66,0.54,9.1,46.1,112.6
1782743484.984,0.0,0.0,0.0,0.5913,0.8022,0.02,0.0132,0.0132,0.0142,26.32,0.0,0.0,0.0,0.0,0.0,0.0
1782743489.991,0.0,0.0,0.0,0.5913,0.8022,0.02,0.0142,0.0132,0.0137,26.32,0.0,0.0,0.0,0.0,0.0,0.0
1782743494.999,0.0,0.0,0.0,0.5913,0.8022,0.02,0.0132,0.0132,0.0146,26.33,0.0,0.0,0.0,0.0,0.0,0.0
1782743500.012,0.0,0.0,0.0,0.5913,0.8022,0.02,0.0146,0.0132,0.0132,26.33,0.0,0.0,0.0,0.0,0.0,0.0
1782743505.022,0.0,0.0,0.0,0.5913,0.8022,0.02,0.0137,0.0142,0.0137,26.33,0.0,0.0,0.0,0.0,0.0,0.0
1782743510.032,0.0,0.0,0.0,0.5913,0.8022,0.02,0.0132,0.0132,0.0142,26.33,0.0,0.0,0.0,0.0,0.0,0.0
1782743515.043,0.0,0.0,0.0,0.5913,0.8022,0.02,0.0132,0.0132,0.0146,26.33,0.0,0.0,0.0,0.0,0.0,0.0
1782743520.054,0.0,0.0,0.0,0.5913,0.8022,0.02,0.0132,0.0132,0.0142,26.33,0.0,0.0,0.0,0.0,0.0,0.0
1782743525.065,0.0,0.0,0.0,0.5913,0.8022,0.02,0.0142,0.0137,0.0142,26.33,0.0,0.0,0.0,0.0,0.0,0.0
1782743530.076,0.0,0.0,0.0,0.5913,0.8022,0.02,0.0137,0.0132,0.0137,26.33,0.0,0.0,0.0,0.0,0.0,0.0
1782743535.084,0.018,0.015,0.014,0.5913,0.8022,0.02,0.0249,0.02,0.019,26.33,1.34,1.1,1.05,11.4,126.5,37.2
1782743540.096,0.0,0.0,0.0,0.5913,0.8022,0.02,0.0137,0.0142,0.0161,26.33,0.01,0.01,0.01,0.0,0.0,0.0
1782743545.105,0.0,0.0,0.0,0.5913,0.8022,0.02,0.0137,0.0137,0.0146,26.32,0.0,0.0,0.0,0.0,0.0,0.0
1782743550.114,0.0,0.0,0.0,0.5913,0.8022,0.02,0.0142,0.0146,0.0146,26.32,0.0,0.0,0.0,0.0,0.0,0.0
1782743555.124,0.0,0.0,0.0,0.5913,0.8022,0.02,0.0132,0.0137,0.0146,26.32,0.0,0.0,0.0,0.0,0.0,0.0
1782743560.135,0.0,0.0,0.0,0.5913,0.8022,0.02,0.0132,0.0137,0.0146,26.32,0.0,0.0,0.0,0.0,0.0,0.0
1782743565.143,0.0,0.0,0.0,0.5913,0.8022,0.02,0.0132,0.0132,0.0142,26.32,0.0,0.0,0.0,0.0,0.0,0.0
1782743570.157,0.0,0.0,0.0,0.5913,0.8022,0.02,0.0156,0.0146,0.0151,26.32,0.04,0.04,0.04,0.0,0.0,0.0
1782743575.168,0.0,0.0,0.0,0.5913,0.8022,0.02,0.0137,0.0132,0.0137,26.32,0.0,0.0,0.0,0.0,0.0,0.0
1782743580.178,0.0,0.0,0.0,0.5913,0.8022,0.02,0.0137,0.0137,0.0137,26.32,0.0,0.0,0.0,0.0,0.0,0.0
1782743585.187,0.0,0.0,0.0,0.5913,0.8022,0.02,0.0137,0.0137,0.0132,26.31,0.0,0.0,0.0,0.0,0.0,0.0
1782743590.199,0.0,0.0,0.0,0.5913,0.8022,0.02,0.0146,0.0142,0.0146,26.32,0.0,0.0,0.0,0.0,0.0,0.0
1782743595.21,0.0,0.0,0.0,0.5913,0.8022,0.02,0.0151,0.0137,0.0146,26.31,0.03,0.03,0.03,0.0,0.0,0.0
1782743600.219,0.0,0.0,0.0,0.5913,0.8022,0.02,0.0137,0.0132,0.0142,26.31,0.0,0.0,0.0,0.0,0.0,0.0
1782743605.224,0.002,0.002,0.001,0.5913,0.8022,0.02,0.0146,0.0142,0.0142,26.32,0.12,0.12,0.11,0.0,0.0,0.0
1782743610.235,0.0,0.0,0.0,0.5913,0.8022,0.02,0.0181,0.0166,0.0156,26.32,0.0,0.0,0.0,0.0,0.0,0.0
1782743615.25,0.0,0.0,0.0,0.5913,0.8022,0.02,0.0142,0.0142,0.0146,26.32,0.0,0.0,0.0,0.0,0.0,0.0
1782743620.262,0.0,0.0,0.0,0.5913,0.8022,0.02,0.0137,0.0142,0.0142,26.32,0.01,0.01,0.0,0.0,0.0,0.0
1782743625.27,0.0,0.0,0.0,0.5913,0.8022,0.02,0.0137,0.0132,0.0137,26.32,0.0,0.0,0.0,0.0,0.0,0.0
1782743630.279,0.037,0.037,0.035,0.5913,0.8022,0.02,0.0137,0.0132,0.0151,26.32,0.34,0.35,0.33,0.0,0.0,0.0
1782743635.288,0.0,0.0,0.0,0.5913,0.8022,0.02,0.0142,0.0137,0.0132,26.32,0.0,0.0,0.0,0.0,0.0,0.0
1782743640.299,0.0,0.0,0.0,0.5913,0.8022,0.02,0.0132,0.0137,0.0132,26.32,0.0,0.0,0.0,0.0,0.0,0.0
1782743645.31,0.0,0.0,0.0,0.5913,0.8022,0.02,0.0137,0.0137,0.0142,26.32,0.0,0.0,0.0,0.0,0.0,0.0
1782743650.318,0.0,0.0,0.0,0.5913,0.8022,0.02,0.0142,0.0146,0.0142,26.32,0.18,0.18,0.17,60.0,30.0,36.4
1782743655.331,0.0,0.0,0.0,0.5913,0.8022,0.02,0.0142,0.0132,0.0132,26.32,0.0,0.0,0.0,0.0,0.0,0.0
1782743660.343,0.0,0.0,0.0,0.5913,0.8022,0.02,0.0132,0.0137,0.0132,26.32,0.0,0.0,0.0,0.0,0.0,0.0
1782743665.356,0.0,0.0,0.0,0.5913,0.8022,0.02,0.0132,0.0137,0.0142,26.32,0.0,0.0,0.0,0.0,0.0,0.0
1782743670.37,0.0,0.0,0.0,0.5913,0.8022,0.02,0.0132,0.0137,0.0146,26.32,0.01,0.01,0.01,35.2,77.6,104.4
1782743675.38,0.0,0.0,0.0,0.5913,0.8022,0.02,0.0137,0.0137,0.0137,26.32,0.0,0.0,0.0,0.0,0.0,0.0
1782743680.392,0.0,0.0,0.0,0.5913,0.8022,0.02,0.0137,0.0137,0.0142,26.32,0.0,0.0,0.0,0.0,0.0,0.0
1782743685.406,0.0,0.0,0.0,0.5913,0.8022,0.02,0.0142,0.0142,0.0146,26.32,0.0,0.0,0.0,0.0,0.0,0.0
1782743690.416,0.0,0.0,0.0,0.5913,0.8022,0.02,0.0137,0.0137,0.0146,26.32,0.0,0.0,0.0,0.0,0.0,0.0
1782743695.425,0.0,0.0,0.0,0.5913,0.8022,0.02,0.0132,0.0132,0.0137,26.31,0.0,0.0,0.0,0.0,0.0,0.0
1782743700.439,0.0,0.0,0.0,0.5913,0.8022,0.02,0.0132,0.0137,0.0142,26.31,0.0,0.0,0.0,0.0,0.0,0.0
1782743705.444,0.0,0.0,0.0,0.5913,0.8022,0.02,0.0142,0.0132,0.0137,26.31,0.0,0.0,0.0,0.0,0.0,0.0
1782743710.454,0.0,0.0,0.0,0.5913,0.8022,0.02,0.0146,0.0142,0.0146,26.31,0.0,0.0,0.0,0.0,0.0,0.0
1782743715.462,0.0,0.0,0.0,0.5913,0.8022,0.02,0.0142,0.0132,0.0142,26.31,0.0,0.0,0.0,0.0,0.0,0.0
1782743720.47,0.0,0.0,0.0,0.5913,0.8022,0.02,0.0137,0.0132,0.0146,26.31,0.0,0.0,0.0,0.0,0.0,0.0
1782743725.481,0.0,0.0,0.0,0.5913,0.8022,0.02,0.0142,0.0137,0.0137,26.31,0.0,0.0,0.0,0.0,0.0,0.0
1782743730.487,0.0,0.0,0.0,0.5913,0.8022,0.02,0.0137,0.0132,0.0142,26.31,0.0,0.0,0.0,0.0,0.0,0.0
1782743735.498,0.0,0.0,0.0,0.5913,0.8022,0.02,0.0137,0.0132,0.0137,26.31,0.03,0.03,0.03,0.0,0.0,0.0
1782743740.508,0.0,0.0,0.0,0.5913,0.8022,0.02,0.0132,0.0137,0.0132,26.31,0.0,0.0,0.0,0.0,0.0,0.0
1782743745.513,0.0,0.0,0.0,0.5913,0.8022,0.02,0.0142,0.0137,0.0132,26.31,0.0,0.0,0.0,0.0,0.0,0.0
1782743750.518,0.0,0.0,0.0,0.5913,0.8022,0.02,0.0142,0.0137,0.0132,26.31,0.0,0.0,0.0,0.0,0.0,0.0
1782743755.531,0.0,0.0,0.0,0.5913,0.8022,0.02,0.0132,0.0137,0.0142,26.31,0.0,0.0,0.0,0.0,0.0,0.0
1782743760.539,0.0,0.0,0.0,0.5913,0.8022,0.02,0.0137,0.0137,0.0142,26.31,0.0,0.0,0.0,0.0,0.0,0.0
1782743765.544,0.0,0.0,0.0,0.5913,0.8022,0.02,0.0137,0.0132,0.0142,26.31,0.0,0.0,0.0,0.0,0.0,0.0
1782743770.554,0.0,0.0,0.0,0.5913,0.8022,0.02,0.0137,0.0137,0.0142,26.31,0.0,0.0,0.0,0.0,0.0,0.0
1782743775.563,0.0,0.0,0.0,0.5913,0.8022,0.02,0.0142,0.0137,0.0142,26.31,0.0,0.0,0.0,0.0,0.0,0.0
1782743780.573,0.0,0.0,0.0,0.5913,0.8022,0.02,0.0137,0.0132,0.0137,26.31,0.0,0.0,0.0,0.0,0.0,0.0
1782743785.583,0.0,0.0,0.0,0.5913,0.8022,0.02,0.0142,0.0137,0.0146,26.31,0.0,0.0,0.0,0.0,0.0,0.0
1782743790.589,0.0,0.0,0.0,0.5913,0.8022,0.02,0.0137,0.0132,0.0132,26.31,0.0,0.0,0.0,0.0,0.0,0.0
1782743795.599,0.0,0.0,0.0,0.5913,0.8022,0.02,0.0137,0.0137,0.0137,26.31,0.0,0.0,0.0,0.0,0.0,0.0
1782743800.61,0.0,0.0,0.0,0.5913,0.8022,0.02,0.0142,0.0137,0.0146,26.31,0.0,0.0,0.0,0.0,0.0,0.0
1782743805.616,0.0,0.0,0.0,0.5913,0.8022,0.02,0.0137,0.0137,0.0142,26.31,0.0,0.0,0.0,0.0,0.0,0.0
1782743810.626,0.0,0.0,0.0,0.5913,0.8022,0.02,0.0132,0.0132,0.0137,26.31,0.0,0.0,0.0,0.0,0.0,0.0
1782743815.633,0.0,0.0,0.0,0.5913,0.8022,0.02,0.0137,0.0132,0.0137,26.31,0.0,0.0,0.0,0.0,0.0,0.0
1782743820.644,0.0,0.0,0.0,0.5913,0.8022,0.02,0.0142,0.0132,0.0146,26.31,0.0,0.0,0.0,0.0,0.0,0.0
1782743825.656,0.0,0.0,0.0,0.5913,0.8022,0.02,0.0137,0.0132,0.0151,26.31,0.0,0.0,0.0,0.0,0.0,0.0
1782743830.665,0.0,0.0,0.0,0.5913,0.8022,0.02,0.0127,0.0142,0.0137,26.31,0.0,0.0,0.0,0.0,0.0,0.0
1782743835.676,0.0,0.0,0.0,0.5913,0.8022,0.02,0.0137,0.0142,0.0142,26.31,0.0,0.0,0.0,0.0,0.0,0.0
1782743840.684,0.0,0.0,0.0,0.5913,0.8022,0.02,0.0137,0.0132,0.0146,26.31,0.02,0.02,0.02,0.0,0.0,0.0
1782743845.694,0.0,0.0,0.0,0.5913,0.8022,0.02,0.0142,0.0127,0.0142,26.31,0.02,0.02,0.02,0.0,0.0,0.0
1782743850.708,0.0,0.0,0.0,0.5913,0.8022,0.02,0.0132,0.0132,0.0142,26.31,0.0,0.0,0.0,0.0,0.0,0.0
1782743855.721,0.0,0.0,0.0,0.5913,0.8022,0.02,0.0142,0.0137,0.0142,26.31,0.0,0.0,0.0,0.0,0.0,0.0
1782743860.73,0.0,0.0,0.0,0.5913,0.8022,0.02,0.0132,0.0137,0.0142,26.31,0.0,0.0,0.0,0.0,0.0,0.0
1782743865.741,0.0,0.0,0.0,0.5913,0.8022,0.02,0.0142,0.0132,0.0146,26.31,0.0,0.0,0.0,0.0,0.0,0.0
1782743870.755,0.0,0.0,0.0,0.5913,0.8022,0.02,0.0137,0.0137,0.0146,26.31,0.0,0.0,0.0,0.0,0.0,0.0
1782743875.763,0.0,0.0,0.0,0.5913,0.8022,0.02,0.0137,0.0137,0.0142,26.31,0.0,0.0,0.0,0.0,0.0,0.0
1782743880.773,0.0,0.0,0.0,0.5913,0.8022,0.02,0.0146,0.0137,0.0137,26.31,0.0,0.0,0.0,0.0,0.0,0.0
1782743885.784,0.0,0.0,0.0,0.5913,0.8022,0.02,0.0142,0.0142,0.0151,26.3,0.0,0.0,0.0,0.0,0.0,0.0
1782743890.794,0.0,0.0,0.0,0.5913,0.8022,0.02,0.0142,0.0137,0.0142,26.3,0.0,0.0,0.0,0.0,0.0,0.0
1782743895.805,0.0,0.0,0.0,0.5913,0.8022,0.02,0.0146,0.0137,0.0146,26.3,0.0,0.0,0.0,0.0,0.0,0.0
1782743900.816,0.0,0.0,0.0,0.5913,0.8022,0.02,0.0142,0.0132,0.0142,26.3,0.0,0.0,0.0,0.0,0.0,0.0
1782743905.824,0.0,0.0,0.0,0.5913,0.8022,0.02,0.0132,0.0137,0.0142,26.3,0.0,0.0,0.0,0.0,0.0,0.0
1782743910.836,0.0,0.0,0.0,0.5913,0.8022,0.02,0.0137,0.0142,0.0137,26.3,0.0,0.0,0.0,0.0,0.0,0.0
1782743915.844,0.0,0.0,0.0,0.5913,0.8022,0.02,0.0137,0.0137,0.0151,26.3,0.0,0.0,0.0,0.0,0.0,0.0
1782743920.853,0.0,0.0,0.0,0.5913,0.8022,0.02,0.0137,0.0132,0.0142,26.3,0.0,0.0,0.0,0.0,0.0,0.0
1782743925.863,0.0,0.0,0.0,0.5913,0.8022,0.02,0.0137,0.0142,0.0137,26.29,0.0,0.0,0.0,0.0,0.0,0.0
1782743930.871,0.0,0.0,0.0,0.5913,0.8022,0.02,0.0146,0.0137,0.0137,26.29,0.02,0.02,0.02,0.0,0.0,0.0
1782743935.879,0.0,0.0,0.0,0.5913,0.8022,0.02,0.0137,0.0142,0.0137,26.29,0.0,0.0,0.0,0.0,0.0,0.0
1782743940.891,0.0,0.0,0.0,0.5913,0.8022,0.02,0.0132,0.0137,0.0137,26.29,0.0,0.0,0.0,0.0,0.0,0.0
1782743945.903,0.0,0.0,0.0,0.5913,0.8022,0.02,0.0137,0.0137,0.0146,26.29,0.0,0.0,0.0,0.0,0.0,0.0
1782743950.91,0.0,0.0,0.0,0.5913,0.8022,0.02,0.0132,0.0137,0.0132,26.29,0.0,0.0,0.0,0.0,0.0,0.0
1782743955.92,0.0,0.0,0.0,0.5913,0.8022,0.02,0.0142,0.0132,0.0132,26.29,0.0,0.0,0.0,0.0,0.0,0.0
1782743960.928,0.0,0.0,0.0,0.5913,0.8022,0.02,0.0151,0.0127,0.0146,26.29,0.0,0.0,0.0,0.0,0.0,0.0
1782743965.938,0.0,0.0,0.0,0.5913,0.8022,0.0205,0.0146,0.0137,0.0142,26.29,0.0,0.0,0.0,0.0,0.0,0.0
1782743970.943,0.0,0.0,0.0,0.5913,0.8022,0.02,0.0132,0.0132,0.0142,26.28,0.0,0.0,0.0,0.0,0.0,0.0
1782743975.953,0.0,0.0,0.0,0.5913,0.8022,0.02,0.0137,0.0132,0.0142,26.28,0.0,0.0,0.0,0.0,0.0,0.0
1782743980.958,0.0,0.0,0.0,0.5913,0.8022,0.0205,0.0142,0.0132,0.0146,26.28,0.0,0.0,0.0,0.0,0.0,0.0
1782743985.967,0.0,0.0,0.0,0.5913,0.8022,0.0205,0.0137,0.0132,0.0137,26.28,0.0,0.0,0.0,0.0,0.0,0.0
1782743990.978,0.0,0.0,0.0,0.5913,0.8022,0.0205,0.0132,0.0137,0.0137,26.28,0.0,0.0,0.0,0.0,0.0,0.0
1782743995.992,0.0,0.0,0.0,0.5913,0.8022,0.0205,0.0142,0.0137,0.0146,26.28,0.0,0.0,0.0,0.0,0.0,0.0
1782744001.0,0.0,0.0,0.0,0.5913,0.8022,0.0205,0.0137,0.0132,0.0142,26.28,0.0,0.0,0.0,0.0,0.0,0.0
1782744006.01,0.0,0.0,0.0,0.5913,0.8022,0.0205,0.0137,0.0132,0.0146,26.28,0.0,0.0,0.0,0.0,0.0,0.0
1782744011.022,0.0,0.0,0.0,0.5913,0.8022,0.0205,0.0137,0.0137,0.0142,26.27,0.0,0.0,0.0,0.0,0.0,0.0
1782744016.034,0.0,0.0,0.0,0.5913,0.8022,0.0205,0.0132,0.0132,0.0137,26.28,0.0,0.0,0.0,0.0,0.0,0.0
1782744021.041,0.0,0.0,0.0,0.5913,0.8022,0.0205,0.0137,0.0127,0.0137,26.28,0.0,0.0,0.0,0.0,0.0,0.0
1782744026.057,0.0,0.0,0.0,0.5913,0.8022,0.0205,0.0137,0.0132,0.0132,26.28,0.0,0.0,0.0,0.0,0.0,0.0
1782744031.068,0.0,0.0,0.0,0.5913,0.8022,0.0205,0.0142,0.0132,0.0137,26.28,0.0,0.0,0.0,0.0,0.0,0.0
1782744036.078,0.0,0.0,0.0,0.5913,0.8022,0.0205,0.0137,0.0132,0.0142,26.28,0.0,0.0,0.0,0.0,0.0,0.0
1782744041.092,0.0,0.0,0.0,0.5913,0.8022,0.0205,0.0137,0.0127,0.0146,26.28,0.0,0.0,0.0,0.0,0.0,0.0
1782744046.1,0.0,0.0,0.0,0.5913,0.8022,0.0205,0.0137,0.0142,0.0137,26.28,0.0,0.0,0.0,0.0,0.0,0.0
1782744051.111,0.0,0.0,0.0,0.5913,0.8022,0.02,0.0142,0.0146,0.0151,26.28,0.0,0.0,0.0,0.0,0.0,0.0
1782744056.123,0.0,0.0,0.0,0.5913,0.8022,0.02,0.0132,0.0137,0.0142,26.28,0.0,0.0,0.0,0.0,0.0,0.0
1782744061.137,0.0,0.0,0.0,0.5913,0.8022,0.02,0.0132,0.0132,0.0137,26.28,0.0,0.0,0.0,0.0,0.0,0.0
1782744066.151,0.0,0.0,0.0,0.5913,0.8022,0.02,0.0142,0.0127,0.0142,26.28,0.0,0.0,0.0,0.0,0.0,0.0
1782744071.159,0.0,0.0,0.0,0.5913,0.8022,0.02,0.0142,0.0142,0.0146,26.29,0.0,0.0,0.0,0.0,0.0,0.0
1782744076.174,0.0,0.0,0.0,0.5913,0.8022,0.02,0.0137,0.0142,0.0137,26.29,0.0,0.0,0.0,0.0,0.0,0.0
1782744081.186,0.005,0.005,0.005,0.5913,0.8022,0.02,0.0166,0.0166,0.0156,26.29,0.58,0.56,0.5,29.7,12.4,109.6
1782744086.199,0.0,0.0,0.0,0.5913,0.8022,0.02,0.0146,0.0132,0.0132,26.29,0.0,0.0,0.0,0.0,0.0,0.0
1782744091.207,0.0,0.0,0.0,0.5913,0.8022,0.02,0.0137,0.0142,0.0142,26.29,0.0,0.0,0.0,0.0,0.0,0.0
1782744096.218,0.0,0.0,0.0,0.5913,0.8022,0.02,0.0132,0.0132,0.0137,26.29,0.0,0.0,0.0,0.0,0.0,0.0
1782744101.228,0.0,0.0,0.0,0.5913,0.8022,0.02,0.0137,0.0142,0.0142,26.29,0.0,0.0,0.0,0.0,0.0,0.0
1782744106.24,0.0,0.0,0.0,0.5913,0.8022,0.02,0.0142,0.0142,0.0137,26.29,0.0,0.0,0.0,0.0,0.0,0.0
1782744111.254,0.0,0.0,0.0,0.5913,0.8022,0.02,0.0142,0.0132,0.0137,26.29,0.0,0.0,0.0,0.0,0.0,0.0
1782744116.263,0.0,0.0,0.0,0.5913,0.8022,0.02,0.0142,0.0137,0.0146,26.29,0.0,0.0,0.0,0.0,0.0,0.0
1782744121.272,0.0,0.0,0.0,0.5913,0.8022,0.02,0.0137,0.0132,0.0137,26.3,0.0,0.0,0.0,0.0,0.0,0.0
1782744126.282,0.0,0.0,0.0,0.5913,0.8022,0.02,0.0132,0.0137,0.0146,26.3,0.02,0.02,0.02,0.0,0.0,0.0
1782744131.292,0.0,0.0,0.0,0.5913,0.8022,0.02,0.0142,0.0142,0.0146,26.3,0.0,0.0,0.0,0.0,0.0,0.0
1782744136.305,0.0,0.0,0.0,0.5913,0.8022,0.02,0.0137,0.0132,0.0137,26.3,0.0,0.0,0.0,0.0,0.0,0.0
1782744141.314,0.0,0.0,0.0,0.5913,0.8022,0.02,0.0137,0.0132,0.0142,26.3,0.0,0.0,0.0,0.0,0.0,0.0
1782744146.322,0.0,0.0,0.0,0.5913,0.8022,0.02,0.0142,0.0132,0.0142,26.3,0.0,0.0,0.0,0.0,0.0,0.0
1782744151.336,0.0,0.0,0.0,0.5913,0.8022,0.02,0.0137,0.0132,0.0142,26.3,0.0,0.0,0.0,0.0,0.0,0.0
1782744156.346,0.0,0.0,0.0,0.5913,0.8022,0.02,0.0146,0.0142,0.0151,26.3,0.0,0.0,0.0,0.0,0.0,0.0
1782744161.357,0.0,0.0,0.0,0.5913,0.8022,0.02,0.0137,0.0137,0.0151,26.3,0.0,0.0,0.0,0.0,0.0,0.0
1782744166.37,0.0,0.0,0.0,0.5913,0.8022,0.02,0.0137,0.0142,0.0142,26.3,0.0,0.0,0.0,0.0,0.0,0.0
1782744171.38,0.0,0.0,0.0,0.5913,0.8022,0.02,0.0137,0.0142,0.0146,26.31,0.0,0.0,0.0,0.0,0.0,0.0
1782744176.392,0.0,0.0,0.0,0.5913,0.8022,0.02,0.0137,0.0137,0.0137,26.31,0.0,0.0,0.0,0.0,0.0,0.0
1782744181.403,0.0,0.0,0.0,0.5913,0.8022,0.02,0.0142,0.0146,0.0142,26.31,0.0,0.0,0.0,0.0,0.0,0.0
1782744186.413,0.0,0.0,0.0,0.5913,0.8022,0.02,0.0142,0.0137,0.0137,26.31,0.0,0.0,0.0,0.0,0.0,0.0
1782744191.422,0.0,0.0,0.0,0.5913,0.8022,0.02,0.0142,0.0137,0.0132,26.31,0.0,0.0,0.0,0.0,0.0,0.0
1782744196.435,0.0,0.0,0.0,0.5913,0.8022,0.02,0.0146,0.0132,0.0142,26.31,0.0,0.0,0.0,0.0,0.0,0.0
1782744201.445,0.0,0.0,0.0,0.5913,0.8022,0.02,0.0132,0.0137,0.0146,26.31,0.0,0.0,0.0,0.0,0.0,0.0
1782744206.459,0.0,0.0,0.0,0.5918,0.8022,0.02,0.0137,0.0137,0.0142,26.31,0.0,0.0,0.0,0.0,0.0,0.0
1782744211.468,0.0,0.0,0.0,0.5918,0.8022,0.02,0.0137,0.0127,0.0146,26.31,0.0,0.0,0.0,0.0,0.0,0.0
1782744216.476,0.0,0.0,0.0,0.5918,0.8022,0.02,0.0137,0.0132,0.0142,26.31,0.0,0.0,0.0,0.0,0.0,0.0
1782744221.484,0.0,0.0,0.0,0.5918,0.8022,0.02,0.0132,0.0132,0.0137,26.32,0.0,0.0,0.0,0.0,0.0,0.0
1782744226.495,0.0,0.0,0.0,0.5913,0.8022,0.02,0.0137,0.0137,0.0142,26.32,0.0,0.0,0.0,0.0,0.0,0.0
1782744231.51,0.0,0.0,0.0,0.5913,0.8022,0.02,0.0137,0.0142,0.0142,26.32,0.0,0.0,0.0,0.0,0.0,0.0
1782744236.521,0.0,0.0,0.0,0.5913,0.8022,0.02,0.0142,0.0132,0.0142,26.32,0.0,0.0,0.0,0.0,0.0,0.0
1782744241.529,0.0,0.0,0.0,0.5913,0.8022,0.02,0.0132,0.0137,0.0142,26.32,0.0,0.0,0.0,0.0,0.0,0.0
1782744246.541,0.0,0.0,0.0,0.5913,0.8022,0.02,0.0137,0.0132,0.0132,26.32,0.0,0.0,0.0,0.0,0.0,0.0
1782744251.556,0.0,0.0,0.0,0.5913,0.8022,0.02,0.0142,0.0132,0.0146,26.32,0.0,0.0,0.0,0.0,0.0,0.0
1782744256.565,0.0,0.0,0.0,0.5913,0.8022,0.02,0.0142,0.0132,0.0137,26.32,0.0,0.0,0.0,0.0,0.0,0.0
1782744261.577,0.0,0.0,0.0,0.5913,0.8022,0.02,0.0132,0.0137,0.0127,26.32,0.0,0.0,0.0,0.0,0.0,0.0
1782744266.591,0.0,0.0,0.0,0.5913,0.8022,0.02,0.0142,0.0132,0.0137,26.33,0.0,0.0,0.0,0.0,0.0,0.0
1782744271.596,0.608,0.514,0.444,0.5913,0.8022,0.02,0.0225,0.0176,0.0181,26.33,7.58,6.41,5.53,1.9,116.1,116.1
1782744276.607,0.0,0.0,0.0,0.5913,0.8022,0.02,0.0137,0.0137,0.0142,26.33,0.04,0.04,0.03,0.0,0.0,0.0
1782744281.619,0.0,0.0,0.0,0.5913,0.8022,0.02,0.0142,0.0127,0.0146,26.33,0.0,0.0,0.0,0.0,0.0,0.0
1782744286.629,0.0,0.0,0.0,0.5913,0.8022,0.02,0.0146,0.0137,0.0142,26.33,0.01,0.01,0.01,0.0,0.0,0.0
1782744291.64,0.0,0.0,0.0,0.5913,0.8022,0.02,0.0151,0.0142,0.0142,26.33,0.0,0.0,0.0,0.0,0.0,0.0
1782744296.648,0.0,0.0,0.0,0.5913,0.8022,0.02,0.0146,0.0142,0.0151,26.33,0.0,0.0,0.0,0.0,0.0,0.0
1782744301.657,0.0,0.0,0.0,0.5913,0.8022,0.02,0.0142,0.0137,0.0142,26.33,0.0,0.0,0.0,0.0,0.0,0.0
1782744306.664,0.0,0.0,0.0,0.5913,0.8022,0.02,0.0137,0.0142,0.0137,26.34,0.0,0.0,0.0,0.0,0.0,0.0
1782744311.673,0.0,0.0,0.0,0.5913,0.8022,0.02,0.0132,0.0137,0.0146,26.34,0.04,0.04,0.04,0.0,0.0,0.0
1782744316.678,0.0,0.0,0.0,0.5913,0.8022,0.02,0.0137,0.0132,0.0142,26.33,0.0,0.0,0.0,0.0,0.0,0.0
1782744321.687,0.0,0.0,0.0,0.5913,0.8022,0.02,0.0142,0.0137,0.0137,26.33,0.0,0.0,0.0,0.0,0.0,0.0
1782744326.692,0.0,0.0,0.0,0.5913,0.8022,0.02,0.0137,0.0132,0.0137,26.33,0.0,0.0,0.0,0.0,0.0,0.0
1782744331.703,0.0,0.0,0.0,0.5913,0.8022,0.02,0.0137,0.0137,0.0142,26.33,0.0,0.0,0.0,0.0,0.0,0.0
1782744336.712,0.0,0.0,0.0,0.5913,0.8022,0.02,0.0142,0.0132,0.0142,26.33,0.0,0.0,0.0,0.0,0.0,0.0
1782744341.72,0.0,0.0,0.0,0.5913,0.8022,0.02,0.0137,0.0137,0.0142,26.33,0.0,0.0,0.0,0.0,0.0,0.0
1782744346.734,0.0,0.0,0.0,0.5913,0.8022,0.02,0.0132,0.0132,0.0146,26.34,0.0,0.0,0.0,0.0,0.0,0.0
1782744351.743,0.0,0.0,0.0,0.5913,0.8022,0.02,0.0137,0.0132,0.0146,26.33,0.0,0.0,0.0,0.0,0.0,0.0
1782744356.752,0.0,0.0,0.0,0.5913,0.8022,0.02,0.0137,0.0137,0.0137,26.33,0.0,0.0,0.0,0.0,0.0,0.0
1782744361.762,0.0,0.0,0.0,0.5913,0.8022,0.02,0.0142,0.0132,0.0142,26.34,0.0,0.0,0.0,0.0,0.0,0.0
1782744366.768,0.0,0.0,0.0,0.5913,0.8022,0.02,0.0132,0.0137,0.0142,26.34,0.0,0.0,0.0,0.0,0.0,0.0
1782744371.779,0.0,0.0,0.0,0.5913,0.8022,0.02,0.0127,0.0132,0.0146,26.33,0.02,0.02,0.01,0.0,0.0,0.0
1782744376.784,0.0,0.0,0.0,0.5913,0.8022,0.02,0.0132,0.0132,0.0142,26.33,0.0,0.0,0.0,0.0,0.0,0.0
1782744381.793,0.0,0.0,0.0,0.5913,0.8022,0.02,0.0132,0.0137,0.0142,26.34,0.0,0.0,0.0,0.0,0.0,0.0
1782744386.801,0.0,0.0,0.0,0.5913,0.8022,0.02,0.0132,0.0137,0.0137,26.33,0.0,0.0,0.0,0.0,0.0,0.0
1782744391.808,0.0,0.0,0.0,0.5913,0.8022,0.02,0.0137,0.0142,0.0151,26.33,0.0,0.0,0.0,0.0,0.0,0.0
1782744396.816,0.0,0.0,0.0,0.5913,0.8022,0.02,0.0137,0.0137,0.0142,26.33,0.0,0.0,0.0,0.0,0.0,0.0
1782744401.824,0.0,0.0,0.0,0.5913,0.8022,0.02,0.0132,0.0132,0.0142,26.34,0.0,0.0,0.0,0.0,0.0,0.0
1782744406.834,0.0,0.0,0.0,0.5913,0.8022,0.02,0.0137,0.0132,0.0142,26.34,0.0,0.0,0.0,0.0,0.0,0.0
1782744411.84,0.0,0.0,0.0,0.5913,0.8022,0.02,0.0142,0.0142,0.0137,26.33,0.0,0.0,0.0,0.0,0.0,0.0
1782744416.851,0.0,0.0,0.0,0.5913,0.8022,0.02,0.0137,0.0132,0.0142,26.33,0.0,0.0,0.0,0.0,0.0,0.0
1782744421.857,0.0,0.0,0.0,0.5913,0.8022,0.02,0.0142,0.0146,0.0132,26.33,0.0,0.0,0.0,0.0,0.0,0.0
1782744426.864,0.0,0.0,0.0,0.5913,0.8022,0.02,0.0142,0.0142,0.0151,26.33,0.0,0.0,0.0,0.0,0.0,0.0
1782744431.873,0.0,0.0,0.0,0.5913,0.8022,0.02,0.0132,0.0137,0.0142,26.33,0.0,0.0,0.0,0.0,0.0,0.0
1782744436.877,0.0,0.0,0.0,0.5913,0.8022,0.02,0.0137,0.0132,0.0151,26.33,0.0,0.0,0.0,0.0,0.0,0.0
1782744441.885,0.0,0.0,0.0,0.5913,0.8022,0.02,0.0132,0.0127,0.0146,26.33,0.0,0.0,0.0,0.0,0.0,0.0
1782744446.892,0.0,0.0,0.0,0.5913,0.8022,0.02,0.0137,0.0137,0.0142,26.33,0.0,0.0,0.0,0.0,0.0,0.0
1782744451.901,0.0,0.0,0.0,0.5913,0.8022,0.02,0.0142,0.0151,0.0146,26.33,0.0,0.0,0.0,0.0,0.0,0.0
1782744456.91,0.0,0.0,0.0,0.5913,0.8022,0.02,0.0132,0.0137,0.0137,26.33,0.0,0.0,0.0,0.0,0.0,0.0
1782744461.918,0.0,0.0,0.0,0.5913,0.8022,0.02,0.0137,0.0127,0.0151,26.33,0.0,0.0,0.0,0.0,0.0,0.0
1782744466.924,0.0,0.0,0.0,0.5913,0.8022,0.02,0.0137,0.0132,0.0137,26.33,0.0,0.0,0.0,0.0,0.0,0.0
1782744471.932,0.0,0.0,0.0,0.5913,0.8022,0.02,0.0137,0.0142,0.0146,26.33,0.0,0.0,0.0,0.0,0.0,0.0
1782744476.944,0.0,0.0,0.0,0.5913,0.8022,0.02,0.0132,0.0137,0.0137,26.34,0.0,0.0,0.0,0.0,0.0,0.0
1782744481.949,0.0,0.0,0.0,0.5913,0.8022,0.02,0.0137,0.0137,0.0146,26.34,0.0,0.0,0.0,0.0,0.0,0.0
1782744486.957,0.0,0.0,0.0,0.5913,0.8022,0.02,0.0132,0.0132,0.0142,26.33,0.0,0.0,0.0,0.0,0.0,0.0
1782744491.968,0.0,0.0,0.0,0.5913,0.8022,0.02,0.0142,0.0137,0.0137,26.34,0.0,0.0,0.0,0.0,0.0,0.0
1782744496.975,0.0,0.0,0.0,0.5913,0.8022,0.02,0.0137,0.0142,0.0137,26.34,0.02,0.02,0.02,0.0,0.0,0.0
1782744501.98,0.0,0.0,0.0,0.5913,0.8022,0.02,0.0142,0.0142,0.0146,26.34,0.0,0.0,0.0,0.0,0.0,0.0
1782744506.99,0.0,0.0,0.0,0.5913,0.8022,0.02,0.0132,0.0132,0.0142,26.33,0.0,0.0,0.0,0.0,0.0,0.0
1782744511.997,0.0,0.0,0.0,0.5913,0.8022,0.02,0.0142,0.0132,0.0137,26.33,0.0,0.0,0.0,0.0,0.0,0.0
1782744517.004,0.0,0.0,0.0,0.5913,0.8022,0.02,0.0137,0.0142,0.0142,26.33,0.0,0.0,0.0,0.0,0.0,0.0
1782744522.01,0.0,0.0,0.0,0.5913,0.8022,0.02,0.0132,0.0137,0.0137,26.33,0.0,0.0,0.0,0.0,0.0,0.0
1782744527.019,0.0,0.0,0.0,0.5913,0.8022,0.02,0.0132,0.0137,0.0132,26.33,0.0,0.0,0.0,0.0,0.0,0.0
1782744532.029,0.0,0.0,0.0,0.5913,0.8022,0.02,0.0132,0.0137,0.0142,26.33,0.0,0.0,0.0,0.0,0.0,0.0
1782744537.033,0.0,0.0,0.0,0.5913,0.8022,0.02,0.0137,0.0137,0.0142,26.33,0.0,0.0,0.0,0.0,0.0,0.0
1782744542.042,0.0,0.0,0.0,0.5913,0.8022,0.02,0.0137,0.0132,0.0151,26.34,0.0,0.0,0.0,0.0,0.0,0.0
1782744547.051,0.0,0.0,0.0,0.5913,0.8022,0.02,0.0132,0.0137,0.0137,26.34,0.0,0.0,0.0,0.0,0.0,0.0
1782744552.061,0.0,0.0,0.0,0.5913,0.8022,0.02,0.0137,0.0132,0.0142,26.34,0.0,0.0,0.0,0.0,0.0,0.0
1782744557.075,0.0,0.0,0.0,0.5913,0.8022,0.02,0.0142,0.0137,0.0137,26.34,0.0,0.0,0.0,0.0,0.0,0.0
1782744562.087,0.0,0.0,0.0,0.5913,0.8022,0.02,0.0132,0.0132,0.0151,26.34,0.0,0.0,0.0,0.0,0.0,0.0
1782744567.096,0.0,0.0,0.0,0.5913,0.8022,0.02,0.0137,0.0137,0.0151,26.34,0.0,0.0,0.0,0.0,0.0,0.0
1782744572.104,0.0,0.0,0.0,0.5913,0.8022,0.02,0.0137,0.0132,0.0142,26.34,0.0,0.0,0.0,0.0,0.0,0.0
1782744577.118,0.002,0.002,0.002,0.5913,0.8022,0.02,0.0137,0.0137,0.0142,26.34,0.02,0.02,0.02,0.0,0.0,0.0
1782744582.126,0.0,0.0,0.0,0.5913,0.8022,0.02,0.0132,0.0142,0.0137,26.34,0.0,0.0,0.0,0.0,0.0,0.0
1782744587.135,0.0,0.0,0.0,0.5913,0.8022,0.02,0.0142,0.0137,0.0142,26.34,0.0,0.0,0.0,0.0,0.0,0.0
1782744592.147,0.0,0.0,0.0,0.5913,0.8022,0.02,0.0156,0.0156,0.0151,26.33,0.17,0.17,0.15,48.3,45.9,48.1
1782744597.156,0.0,0.0,0.0,0.5913,0.8022,0.02,0.0132,0.0137,0.0151,26.33,0.0,0.0,0.0,0.0,0.0,0.0
1782744602.168,0.0,0.0,0.0,0.5913,0.8022,0.02,0.0146,0.0132,0.0137,26.33,0.04,0.05,0.04,0.0,0.0,0.0
1782744607.177,0.0,0.0,0.0,0.5913,0.8022,0.02,0.0132,0.0137,0.0146,26.33,0.0,0.0,0.0,0.0,0.0,0.0
1782744612.19,0.0,0.0,0.0,0.5913,0.8022,0.02,0.0132,0.0132,0.0142,26.33,0.0,0.0,0.0,0.0,0.0,0.0
1782744617.202,0.0,0.0,0.0,0.5913,0.8022,0.02,0.0142,0.0146,0.0137,26.33,0.0,0.0,0.0,0.0,0.0,0.0
1782744622.213,0.0,0.0,0.0,0.5913,0.8022,0.02,0.0142,0.0137,0.0142,26.33,0.0,0.0,0.0,0.0,0.0,0.0
1782744627.227,0.0,0.0,0.0,0.5913,0.8022,0.02,0.0132,0.0137,0.0137,26.33,0.0,0.0,0.0,0.0,0.0,0.0
1782744632.239,0.0,0.0,0.0,0.5913,0.8022,0.02,0.0137,0.0127,0.0137,26.33,0.0,0.0,0.0,0.0,0.0,0.0
1782744637.249,0.0,0.0,0.0,0.5913,0.8022,0.02,0.0132,0.0137,0.0151,26.33,0.0,0.0,0.0,0.0,0.0,0.0
1782744642.258,0.0,0.0,0.0,0.5913,0.8022,0.02,0.0137,0.0132,0.0146,26.32,0.0,0.0,0.0,0.0,0.0,0.0
1782744647.272,0.0,0.0,0.0,0.5913,0.8022,0.02,0.0142,0.0132,0.0142,26.32,0.0,0.0,0.0,0.0,0.0,0.0
1782744652.282,0.0,0.0,0.0,0.5913,0.8022,0.02,0.0137,0.0132,0.0132,26.32,0.0,0.0,0.0,0.0,0.0,0.0
1782744657.294,0.0,0.0,0.0,0.5913,0.8022,0.02,0.0137,0.0132,0.0142,26.32,0.0,0.0,0.0,0.0,0.0,0.0
1782744662.309,0.0,0.0,0.0,0.5913,0.8022,0.02,0.0137,0.0137,0.0151,26.32,0.0,0.0,0.0,0.0,0.0,0.0
1782744667.317,0.0,0.0,0.0,0.5913,0.8022,0.02,0.0132,0.0137,0.0142,26.31,0.0,0.0,0.0,0.0,0.0,0.0
1782744672.327,0.0,0.0,0.0,0.5913,0.8022,0.02,0.0146,0.0132,0.0137,26.31,0.0,0.0,0.0,0.0,0.0,0.0
1782744677.338,0.0,0.0,0.0,0.5913,0.8022,0.02,0.0137,0.0142,0.0137,26.31,0.0,0.0,0.0,0.0,0.0,0.0
1782744682.351,0.0,0.0,0.0,0.5913,0.8022,0.02,0.0132,0.0132,0.0137,26.31,0.0,0.0,0.0,0.0,0.0,0.0
1782744687.361,0.0,0.0,0.0,0.5913,0.8022,0.02,0.0142,0.0137,0.0142,26.31,0.0,0.0,0.0,0.0,0.0,0.0
1782744692.371,0.0,0.0,0.0,0.5913,0.8022,0.02,0.0137,0.0137,0.0142,26.31,0.0,0.0,0.0,0.0,0.0,0.0
1782744697.384,0.0,0.0,0.0,0.5913,0.8022,0.02,0.0137,0.0127,0.0146,26.31,0.06,0.06,0.06,19.8,114.3,38.7
1782744702.394,2.457,2.458,2.34,0.5913,0.8022,0.02,0.0166,0.0156,0.0161,26.31,7.79,7.78,7.41,118.8,119.0,0.4
1782744707.406,0.0,0.0,0.0,0.5913,0.8022,0.02,0.0127,0.0137,0.0137,26.3,0.0,0.0,0.0,0.0,0.0,0.0
1782744712.417,0.0,0.0,0.0,0.5913,0.8022,0.02,0.0137,0.0137,0.0146,26.3,0.0,0.0,0.0,0.0,0.0,0.0
1782744717.424,0.0,0.0,0.0,0.5913,0.8022,0.02,0.0132,0.0132,0.0142,26.3,0.0,0.0,0.0,0.0,0.0,0.0
1782744722.435,0.0,0.0,0.0,0.5913,0.8022,0.02,0.0142,0.0137,0.0146,26.3,0.0,0.0,0.0,0.0,0.0,0.0
1782744727.446,0.0,0.0,0.0,0.5913,0.8022,0.02,0.0137,0.0137,0.0142,26.3,0.0,0.0,0.0,0.0,0.0,0.0
1782744732.461,0.0,0.0,0.0,0.5913,0.8022,0.02,0.0132,0.0132,0.0142,26.29,0.01,0.01,0.01,0.0,0.0,0.0
1782744737.471,0.0,0.0,0.0,0.5913,0.8022,0.02,0.0137,0.0137,0.0146,26.29,0.0,0.0,0.0,0.0,0.0,0.0
1782744742.479,0.0,0.0,0.0,0.5913,0.8022,0.02,0.0137,0.0137,0.0151,26.29,0.0,0.0,0.0,0.0,0.0,0.0
1782744747.491,0.0,0.0,0.0,0.5913,0.8022,0.02,0.0137,0.0127,0.0146,26.29,0.0,0.0,0.0,0.0,0.0,0.0
1782744752.503,0.0,0.0,0.0,0.5913,0.8022,0.02,0.0132,0.0142,0.0151,26.29,0.0,0.0,0.0,0.0,0.0,0.0
1782744757.515,0.0,0.0,0.0,0.5913,0.8022,0.02,0.0142,0.0146,0.0137,26.28,0.0,0.0,0.0,0.0,0.0,0.0
1782744762.527,0.0,0.0,0.0,0.5913,0.8022,0.02,0.0142,0.0137,0.0142,26.28,0.0,0.0,0.0,0.0,0.0,0.0
1782744767.538,0.0,0.0,0.0,0.5913,0.8022,0.0205,0.0132,0.0137,0.0137,26.28,0.0,0.0,0.0,0.0,0.0,0.0
1782744772.549,0.0,0.0,0.0,0.5913,0.8022,0.0205,0.0132,0.0137,0.0142,26.28,0.0,0.0,0.0,0.0,0.0,0.0
1782744777.557,0.001,0.001,0.001,0.5913,0.8022,0.0205,0.0132,0.0132,0.0146,26.28,0.17,0.17,0.16,0.0,0.0,0.0
1782744782.567,0.0,0.0,0.0,0.5913,0.8022,0.0205,0.0142,0.0137,0.0142,26.28,0.0,0.0,0.0,0.0,0.0,0.0
1782744787.576,0.0,0.0,0.0,0.5913,0.8022,0.0205,0.0142,0.0132,0.0146,26.28,0.0,0.0,0.0,0.0,0.0,0.0
1782744792.588,0.0,0.0,0.0,0.5913,0.8022,0.0205,0.0137,0.0132,0.0142,26.28,0.0,0.0,0.0,0.0,0.0,0.0
1782744797.599,0.0,0.0,0.0,0.5913,0.8022,0.0205,0.0142,0.0142,0.0142,26.28,0.0,0.0,0.0,0.0,0.0,0.0
1782744802.609,0.0,0.0,0.0,0.5913,0.8022,0.0205,0.0151,0.0146,0.0146,26.27,0.0,0.0,0.0,0.0,0.0,0.0
1782744807.617,0.0,0.0,0.0,0.5913,0.8022,0.0205,0.0142,0.0132,0.0142,26.27,0.0,0.0,0.0,0.0,0.0,0.0
1782744812.629,0.0,0.0,0.0,0.5913,0.8022,0.0205,0.0132,0.0132,0.0142,26.27,0.0,0.0,0.0,0.0,0.0,0.0
1782744817.64,0.0,0.0,0.0,0.5913,0.8022,0.0205,0.0142,0.0151,0.0151,26.27,0.0,0.0,0.0,0.0,0.0,0.0
1782744822.648,0.0,0.0,0.0,0.5913,0.8022,0.0205,0.0137,0.0137,0.0137,26.27,0.0,0.0,0.0,0.0,0.0,0.0
1782744827.656,0.0,0.0,0.0,0.5913,0.8022,0.0205,0.0146,0.0132,0.0137,26.26,0.0,0.0,0.0,0.0,0.0,0.0
1782744832.664,0.0,0.0,0.0,0.5913,0.8022,0.0205,0.0142,0.0137,0.0146,26.27,0.05,0.06,0.05,0.0,0.0,0.0
1782744837.673,0.0,0.0,0.0,0.5913,0.8022,0.0205,0.0142,0.0132,0.0127,26.26,0.0,0.0,0.0,0.0,0.0,0.0
1782744842.684,0.0,0.0,0.0,0.5913,0.8022,0.0205,0.0151,0.0137,0.0137,26.26,0.0,0.0,0.0,0.0,0.0,0.0
1782744847.695,0.0,0.0,0.0,0.5913,0.8022,0.0205,0.0142,0.0142,0.0142,26.26,0.0,0.0,0.0,0.0,0.0,0.0
1782744852.707,0.0,0.0,0.0,0.5913,0.8022,0.0205,0.0137,0.0132,0.0142,26.26,0.01,0.01,0.01,0.0,0.0,0.0
1782744857.714,0.0,0.0,0.0,0.5913,0.8022,0.0205,0.0132,0.0132,0.0146,26.26,0.0,0.0,0.0,0.0,0.0,0.0
1782744862.726,0.0,0.0,0.0,0.5913,0.8022,0.0205,0.0142,0.0132,0.0137,26.26,0.0,0.0,0.0,0.0,0.0,0.0
1782744867.741,0.0,0.0,0.0,0.5913,0.8022,0.0205,0.0137,0.0132,0.0146,26.26,0.0,0.0,0.0,0.0,0.0,0.0
1782744872.751,0.0,0.0,0.0,0.5913,0.8022,0.0205,0.0137,0.0137,0.0142,26.25,0.0,0.0,0.0,0.0,0.0,0.0
1782744877.761,0.0,0.0,0.0,0.5913,0.8022,0.0205,0.0137,0.0137,0.0137,26.25,0.0,0.0,0.0,0.0,0.0,0.0
1782744882.772,0.0,0.0,0.0,0.5913,0.8022,0.0205,0.0137,0.0132,0.0146,26.25,0.0,0.0,0.0,0.0,0.0,0.0
1782744887.779,0.0,0.0,0.0,0.5913,0.8022,0.0205,0.0142,0.0132,0.0137,26.25,0.0,0.0,0.0,0.0,0.0,0.0
1782744892.788,0.0,0.0,0.0,0.5913,0.8022,0.0205,0.0127,0.0142,0.0146,26.25,0.0,0.0,0.0,0.0,0.0,0.0
1782744897.797,0.0,0.0,0.0,0.5913,0.8022,0.0205,0.0137,0.0137,0.0151,26.25,0.0,0.0,0.0,0.0,0.0,0.0
1782744902.807,0.0,0.0,0.0,0.5913,0.8022,0.0205,0.0132,0.0137,0.0142,26.25,0.0,0.0,0.0,0.0,0.0,0.0
1782744907.819,0.0,0.0,0.0,0.5913,0.8022,0.0205,0.0137,0.0137,0.0146,26.25,0.0,0.0,0.0,0.0,0.0,0.0
1782744912.832,0.0,0.0,0.0,0.5913,0.8022,0.0205,0.0127,0.0137,0.0137,26.25,0.0,0.0,0.0,0.0,0.0,0.0
1782744917.844,0.0,0.0,0.0,0.5913,0.8022,0.0205,0.0132,0.0142,0.0142,26.25,0.0,0.0,0.0,0.0,0.0,0.0
1782744922.855,0.0,0.0,0.0,0.5913,0.8022,0.0205,0.0137,0.0132,0.0146,26.25,0.0,0.0,0.0,0.0,0.0,0.0
1782744927.866,0.0,0.0,0.0,0.5913,0.8022,0.0205,0.0142,0.0132,0.0142,26.25,0.0,0.0,0.0,0.0,0.0,0.0
1782744932.877,0.0,0.0,0.0,0.5913,0.8022,0.0205,0.0137,0.0142,0.0151,26.25,0.0,0.0,0.0,0.0,0.0,0.0
1782744937.889,0.0,0.0,0.0,0.5913,0.8022,0.0205,0.0132,0.0132,0.0142,26.25,0.0,0.0,0.0,0.0,0.0,0.0
1782744942.896,0.0,0.0,0.0,0.5913,0.8022,0.0205,0.0132,0.0132,0.0146,26.25,0.06,0.06,0.06,0.0,0.0,0.0
1782744947.907,0.0,0.0,0.0,0.5913,0.8022,0.0205,0.0127,0.0137,0.0137,26.25,0.0,0.0,0.0,0.0,0.0,0.0
1782744952.918,0.0,0.0,0.0,0.5913,0.8022,0.0205,0.0132,0.0132,0.0142,26.25,0.0,0.0,0.0,0.0,0.0,0.0
1782744957.93,0.0,0.0,0.0,0.5913,0.8022,0.0205,0.0137,0.0142,0.0142,26.26,0.0,0.0,0.0,0.0,0.0,0.0
1782744962.942,0.028,0.029,0.027,0.5913,0.8022,0.0205,0.0142,0.0142,0.0146,26.26,0.96,0.98,0.91,0.0,0.0,0.0
1782744967.954,0.0,0.0,0.0,0.5913,0.8022,0.0205,0.0137,0.0137,0.0132,26.26,0.0,0.0,0.0,0.0,0.0,0.0
1782744972.964,0.0,0.0,0.0,0.5913,0.8022,0.0205,0.0142,0.0137,0.0146,26.26,0.0,0.0,0.0,0.0,0.0,0.0
1782744977.975,0.0,0.0,0.0,0.5913,0.8022,0.0205,0.0137,0.0132,0.0142,26.26,0.01,0.01,0.01,77.1,38.7,98.5
1782744982.986,0.0,0.0,0.0,0.5913,0.8022,0.0205,0.0132,0.0132,0.0137,26.26,0.0,0.0,0.0,0.0,0.0,0.0
1782744987.998,0.0,0.0,0.0,0.5913,0.8022,0.0205,0.0132,0.0132,0.0137,26.26,0.0,0.0,0.0,0.0,0.0,0.0
1782744993.01,0.0,0.0,0.0,0.5913,0.8022,0.0205,0.0137,0.0132,0.0132,26.27,0.0,0.0,0.0,0.0,0.0,0.0
1782744998.023,0.0,0.0,0.0,0.5913,0.8022,0.0205,0.0142,0.0132,0.0132,26.27,0.0,0.0,0.0,0.0,0.0,0.0
1782745003.033,0.0,0.0,0.0,0.5913,0.8022,0.02,0.0137,0.0137,0.0142,26.27,0.0,0.0,0.0,0.0,0.0,0.0
1782745008.046,0.0,0.0,0.0,0.5913,0.8022,0.02,0.0142,0.0137,0.0137,26.27,0.0,0.0,0.0,0.0,0.0,0.0
1782745013.058,0.0,0.0,0.0,0.5913,0.8022,0.02,0.0137,0.0137,0.0137,26.27,0.0,0.0,0.0,0.0,0.0,0.0
1782745018.069,0.0,0.0,0.0,0.5913,0.8022,0.02,0.0137,0.0132,0.0132,26.27,0.0,0.0,0.0,0.0,0.0,0.0
1782745023.081,0.0,0.0,0.0,0.5913,0.8022,0.02,0.0132,0.0137,0.0142,26.28,0.01,0.01,0.01,0.0,0.0,0.0
1782745028.089,0.0,0.0,0.0,0.5913,0.8022,0.02,0.0132,0.0142,0.0137,26.28,0.0,0.0,0.0,0.0,0.0,0.0
1782745033.1,0.0,0.0,0.0,0.5913,0.8022,0.02,0.0142,0.0132,0.0142,26.28,0.0,0.0,0.0,0.0,0.0,0.0
1782745038.113,0.0,0.0,0.0,0.5913,0.8022,0.02,0.0137,0.0137,0.0137,26.28,0.0,0.0,0.0,0.0,0.0,0.0
1782745043.122,0.0,0.0,0.0,0.5913,0.8022,0.02,0.0146,0.0132,0.0142,26.29,0.0,0.0,0.0,0.0,0.0,0.0
1782745048.133,0.0,0.0,0.0,0.5913,0.8022,0.02,0.0137,0.0132,0.0146,26.29,0.0,0.0,0.0,0.0,0.0,0.0
1782745053.145,0.0,0.0,0.0,0.5913,0.8022,0.02,0.0142,0.0127,0.0142,26.29,0.0,0.0,0.0,0.0,0.0,0.0
1782745058.155,0.0,0.0,0.0,0.5913,0.8022,0.02,0.0132,0.0142,0.0142,26.3,0.04,0.04,0.04,0.0,0.0,0.0
1782745063.168,0.0,0.0,0.0,0.5913,0.8022,0.02,0.0132,0.0142,0.0146,26.3,0.03,0.03,0.02,0.0,0.0,0.0
1782745068.176,0.0,0.0,0.0,0.5913,0.8022,0.02,0.0132,0.0132,0.0146,26.3,0.07,0.07,0.07,124.5,57.8,39.9
1782745073.186,0.0,0.0,0.0,0.5913,0.8022,0.02,0.0142,0.0132,0.0137,26.3,0.0,0.0,0.0,0.0,0.0,0.0
1782745078.2,0.0,0.0,0.0,0.5913,0.8022,0.02,0.0137,0.0132,0.0142,26.3,0.0,0.0,0.0,0.0,0.0,0.0
1782745083.206,0.0,0.0,0.0,0.5913,0.8022,0.02,0.0137,0.0142,0.0146,26.31,0.0,0.0,0.0,0.0,0.0,0.0
1782745088.218,0.0,0.0,0.0,0.5913,0.8022,0.02,0.0142,0.0137,0.0132,26.31,0.0,0.0,0.0,0.0,0.0,0.0
1782745093.23,0.0,0.0,0.0,0.5913,0.8022,0.02,0.0132,0.0137,0.0142,26.31,0.0,0.0,0.0,0.0,0.0,0.0
1782745098.242,0.0,0.0,0.0,0.5913,0.8022,0.02,0.0142,0.0142,0.0142,26.31,0.0,0.0,0.0,0.0,0.0,0.0
1782745103.254,0.0,0.0,0.0,0.5913,0.8022,0.02,0.0137,0.0132,0.0142,26.32,0.0,0.0,0.0,0.0,0.0,0.0
1782745108.266,0.0,0.0,0.0,0.5913,0.8022,0.02,0.0137,0.0142,0.0146,26.32,0.0,0.0,0.0,0.0,0.0,0.0
1782745113.278,0.0,0.0,0.0,0.5913,0.8022,0.02,0.0142,0.0142,0.0137,26.32,0.0,0.0,0.0,0.0,0.0,0.0
1782745118.289,0.0,0.0,0.0,0.5913,0.8022,0.02,0.0127,0.0132,0.0142,26.33,0.01,0.01,0.01,0.0,0.0,0.0
1782745123.298,0.0,0.0,0.0,0.5913,0.8022,0.02,0.0137,0.0137,0.0142,26.33,0.0,0.0,0.0,0.0,0.0,0.0
1782745128.307,0.0,0.0,0.0,0.5913,0.8022,0.02,0.0142,0.0132,0.0146,26.33,0.0,0.0,0.0,0.0,0.0,0.0
1782745133.32,0.0,0.0,0.0,0.5913,0.8022,0.02,0.0137,0.0132,0.0142,26.33,0.0,0.0,0.0,0.0,0.0,0.0
1782745138.333,0.0,0.0,0.0,0.5913,0.8022,0.02,0.0132,0.0142,0.0146,26.34,0.0,0.0,0.0,0.0,0.0,0.0
1782745143.342,0.0,0.0,0.0,0.5913,0.8022,0.02,0.0137,0.0137,0.0137,26.34,0.0,0.0,0.0,0.0,0.0,0.0
1782745148.353,0.0,0.0,0.0,0.5913,0.8022,0.02,0.0137,0.0132,0.0137,26.34,0.0,0.0,0.0,0.0,0.0,0.0
1782745153.364,0.0,0.0,0.0,0.5913,0.8022,0.02,0.0132,0.0137,0.0137,26.34,0.0,0.0,0.0,0.0,0.0,0.0
1782745158.374,0.0,0.0,0.0,0.5913,0.8022,0.02,0.0137,0.0132,0.0142,26.35,0.0,0.0,0.0,0.0,0.0,0.0
1782745163.385,0.0,0.0,0.0,0.5913,0.8022,0.02,0.0146,0.0137,0.0151,26.35,0.1,0.1,0.09,58.8,75.4,89.8
1782745168.395,0.0,0.0,0.0,0.5913,0.8022,0.02,0.0132,0.0142,0.0142,26.35,0.0,0.0,0.0,0.0,0.0,0.0
1782745173.407,0.0,0.0,0.0,0.5913,0.8022,0.02,0.0142,0.0132,0.0132,26.36,0.0,0.0,0.0,0.0,0.0,0.0
1782745178.416,0.0,0.0,0.0,0.5913,0.8022,0.02,0.0142,0.0132,0.0132,26.36,0.0,0.0,0.0,0.0,0.0,0.0
1782745183.427,0.0,0.0,0.0,0.5913,0.8022,0.02,0.0137,0.0137,0.0142,26.36,0.0,0.0,0.0,0.0,0.0,0.0
1782745188.438,0.0,0.0,0.0,0.5918,0.8022,0.02,0.0132,0.0142,0.0142,26.37,0.0,0.0,0.0,0.0,0.0,0.0
1782745193.452,0.0,0.0,0.0,0.5918,0.8022,0.02,0.0132,0.0132,0.0142,26.37,0.0,0.0,0.0,0.0,0.0,0.0
1782745198.462,0.0,0.0,0.0,0.5913,0.8022,0.02,0.0132,0.0142,0.0146,26.38,0.0,0.0,0.0,0.0,0.0,0.0
1782745203.475,0.0,0.0,0.0,0.5918,0.8022,0.02,0.0137,0.0132,0.0137,26.38,0.0,0.0,0.0,0.0,0.0,0.0
1782745208.487,0.0,0.0,0.0,0.5918,0.8022,0.02,0.0137,0.0137,0.0146,26.38,0.0,0.0,0.0,0.0,0.0,0.0
1782745213.496,0.0,0.0,0.0,0.5918,0.8022,0.02,0.0142,0.0132,0.0137,26.38,0.0,0.0,0.0,0.0,0.0,0.0
1782745218.51,0.0,0.0,0.0,0.5918,0.8022,0.02,0.0137,0.0137,0.0146,26.39,0.0,0.0,0.0,0.0,0.0,0.0
1782745223.521,0.0,0.0,0.0,0.5918,0.8022,0.02,0.0137,0.0137,0.0142,26.39,0.0,0.0,0.0,0.0,0.0,0.0
1782745228.53,0.0,0.0,0.0,0.5913,0.8022,0.02,0.0137,0.0132,0.0137,26.39,0.0,0.0,0.0,0.0,0.0,0.0
1782745233.54,0.0,0.0,0.0,0.5913,0.8022,0.02,0.0127,0.0132,0.0142,26.39,0.01,0.01,0.01,0.0,0.0,0.0
1782745238.55,0.0,0.0,0.0,0.5913,0.8022,0.02,0.0146,0.0137,0.0151,26.39,0.0,0.0,0.0,0.0,0.0,0.0
1782745243.561,0.0,0.0,0.0,0.5918,0.8022,0.02,0.0132,0.0132,0.0137,26.4,0.0,0.0,0.0,0.0,0.0,0.0
1782745248.574,0.0,0.0,0.0,0.5913,0.8022,0.02,0.0137,0.0132,0.0142,26.4,0.0,0.0,0.0,0.0,0.0,0.0
1782745253.582,0.0,0.0,0.0,0.5918,0.8022,0.02,0.0146,0.0137,0.0146,26.4,0.0,0.0,0.0,0.0,0.0,0.0
1782745258.591,0.0,0.0,0.0,0.5918,0.8022,0.02,0.0132,0.0137,0.0142,26.4,0.0,0.0,0.0,0.0,0.0,0.0
1782745263.605,0.0,0.0,0.0,0.5913,0.8022,0.02,0.0146,0.0137,0.0137,26.41,0.0,0.0,0.0,0.0,0.0,0.0
1782745268.617,0.0,0.0,0.0,0.5918,0.8022,0.02,0.0137,0.0127,0.0142,26.41,0.0,0.0,0.0,0.0,0.0,0.0
1782745273.628,0.0,0.0,0.0,0.5918,0.8022,0.02,0.0132,0.0132,0.0146,26.41,0.0,0.0,0.0,0.0,0.0,0.0
1782745278.638,0.0,0.0,0.0,0.5918,0.8022,0.02,0.0137,0.0132,0.0137,26.42,0.0,0.0,0.0,0.0,0.0,0.0
1782745283.642,0.0,0.0,0.0,0.5918,0.8022,0.02,0.0127,0.0132,0.0137,26.42,0.0,0.0,0.0,0.0,0.0,0.0
1782745288.657,0.0,0.0,0.0,0.5918,0.8022,0.02,0.0137,0.0132,0.0146,26.42,0.0,0.0,0.0,0.0,0.0,0.0
1782745293.669,0.0,0.0,0.0,0.5918,0.8022,0.02,0.0132,0.0132,0.0142,26.43,0.0,0.0,0.0,0.0,0.0,0.0
1782745298.679,0.0,0.0,0.0,0.5918,0.8022,0.02,0.0142,0.0137,0.0142,26.43,0.0,0.0,0.0,0.0,0.0,0.0
1782745303.691,0.0,0.0,0.0,0.5913,0.8022,0.02,0.0137,0.0132,0.0132,26.43,0.0,0.0,0.0,0.0,0.0,0.0
1782745308.701,0.0,0.0,0.0,0.5913,0.8022,0.02,0.0132,0.0132,0.0142,26.44,0.0,0.0,0.0,0.0,0.0,0.0
1782745313.714,0.0,0.0,0.0,0.5913,0.8022,0.02,0.0137,0.0137,0.0137,26.44,0.0,0.0,0.0,0.0,0.0,0.0
1782745318.726,0.0,0.0,0.0,0.5913,0.8022,0.02,0.0137,0.0142,0.0142,26.44,0.0,0.0,0.0,0.0,0.0,0.0
1782745323.737,0.0,0.0,0.0,0.5913,0.8022,0.02,0.0142,0.0127,0.0137,26.44,0.0,0.0,0.0,0.0,0.0,0.0
1782745328.745,0.0,0.0,0.0,0.5913,0.8022,0.02,0.0137,0.0132,0.0146,26.45,0.0,0.0,0.0,0.0,0.0,0.0
1782745333.759,0.0,0.0,0.0,0.5913,0.8022,0.02,0.0137,0.0127,0.0151,26.45,0.0,0.0,0.0,0.0,0.0,0.0
1782745338.771,0.0,0.0,0.0,0.5913,0.8022,0.02,0.0132,0.0132,0.0142,26.45,0.0,0.0,0.0,0.0,0.0,0.0
1782745343.783,0.0,0.0,0.0,0.5918,0.8022,0.02,0.0132,0.0137,0.0137,26.46,0.0,0.0,0.0,0.0,0.0,0.0
1782745348.79,0.0,0.0,0.0,0.5913,0.8022,0.02,0.0132,0.0142,0.0137,26.46,0.0,0.0,0.0,0.0,0.0,0.0
1782745353.8,0.0,0.0,0.0,0.5913,0.8022,0.02,0.0142,0.0142,0.0142,26.46,0.0,0.0,0.0,0.0,0.0,0.0
1782745358.808,0.0,0.0,0.0,0.5913,0.8022,0.02,0.0132,0.0137,0.0137,26.46,0.0,0.0,0.0,0.0,0.0,0.0
1782745363.817,0.0,0.0,0.0,0.5913,0.8022,0.02,0.0132,0.0127,0.0142,26.47,0.0,0.0,0.0,0.0,0.0,0.0
1782745368.825,0.0,0.0,0.0,0.5913,0.8022,0.02,0.0142,0.0132,0.0146,26.47,0.0,0.0,0.0,0.0,0.0,0.0
1782745373.832,0.0,0.0,0.0,0.5918,0.8022,0.02,0.0137,0.0137,0.0132,26.47,0.0,0.0,0.0,0.0,0.0,0.0
1782745378.841,0.0,0.0,0.0,0.5918,0.8022,0.02,0.0142,0.0137,0.0142,26.48,0.0,0.0,0.0,0.0,0.0,0.0
1782745383.847,0.0,0.0,0.0,0.5918,0.8022,0.0195,0.0142,0.0127,0.0151,26.48,0.0,0.0,0.0,0.0,0.0,0.0
1782745388.854,0.0,0.0,0.0,0.5918,0.8022,0.0195,0.0132,0.0132,0.0137,26.48,0.01,0.01,0.01,0.0,0.0,0.0
1782745393.863,0.0,0.0,0.0,0.5918,0.8022,0.0195,0.0127,0.0132,0.0146,26.49,0.0,0.0,0.0,0.0,0.0,0.0
1782745398.87,0.0,0.0,0.0,0.5918,0.8022,0.0195,0.0137,0.0142,0.0146,26.49,0.0,0.0,0.0,0.0,0.0,0.0
1782745403.88,0.0,0.0,0.0,0.5918,0.8022,0.0195,0.0137,0.0137,0.0142,26.49,0.0,0.0,0.0,0.0,0.0,0.0
1782745408.887,0.0,0.0,0.0,0.5918,0.8022,0.0195,0.0137,0.0132,0.0146,26.5,0.0,0.0,0.0,0.0,0.0,0.0
1782745413.896,0.0,0.0,0.0,0.5918,0.8022,0.0195,0.0132,0.0137,0.0142,26.5,0.0,0.0,0.0,0.0,0.0,0.0
1782745418.903,0.0,0.0,0.0,0.5918,0.8022,0.0195,0.0132,0.0137,0.0146,26.5,0.0,0.0,0.0,0.0,0.0,0.0
1782745423.911,0.0,0.0,0.0,0.5918,0.8022,0.0195,0.0146,0.0132,0.0151,26.5,0.0,0.0,0.0,0.0,0.0,0.0
1782745428.916,0.0,0.0,0.0,0.5918,0.8022,0.0195,0.0142,0.0137,0.0142,26.51,0.0,0.0,0.0,0.0,0.0,0.0
1782745433.926,0.0,0.0,0.0,0.5918,0.8022,0.0195,0.0132,0.0142,0.0137,26.51,0.0,0.0,0.0,0.0,0.0,0.0
1782745438.934,0.0,0.0,0.0,0.5918,0.8022,0.0195,0.0142,0.0137,0.0137,26.51,0.0,0.0,0.0,0.0,0.0,0.0
1782745443.943,0.0,0.0,0.0,0.5918,0.8022,0.0195,0.0142,0.0132,0.0142,26.52,0.0,0.0,0.0,0.0,0.0,0.0
1782745448.954,0.0,0.0,0.0,0.5918,0.8022,0.0195,0.0132,0.0137,0.0151,26.52,0.0,0.0,0.0,0.0,0.0,0.0
1782745453.964,0.0,0.0,0.0,0.5918,0.8022,0.0195,0.0142,0.0132,0.0151,26.52,0.0,0.0,0.0,0.0,0.0,0.0
1782745458.976,0.0,0.0,0.0,0.5918,0.8022,0.0195,0.0132,0.0137,0.0151,26.52,0.0,0.0,0.0,0.0,0.0,0.0
1782745463.988,0.0,0.0,0.0,0.5918,0.8022,0.0195,0.0137,0.0132,0.0142,26.53,0.0,0.0,0.0,0.0,0.0,0.0
1782745468.993,0.0,0.0,0.0,0.5918,0.8022,0.0195,0.0142,0.0142,0.0146,26.53,0.0,0.0,0.0,0.0,0.0,0.0
1782745474.006,0.0,0.0,0.0,0.5918,0.8022,0.0195,0.0142,0.0137,0.0142,26.54,0.0,0.0,0.0,0.0,0.0,0.0
1782745479.016,0.0,0.0,0.0,0.5918,0.8022,0.0195,0.0132,0.0132,0.0142,26.54,0.0,0.0,0.0,0.0,0.0,0.0
1782745484.022,0.0,0.0,0.0,0.5918,0.8022,0.0195,0.0137,0.0132,0.0137,26.54,0.0,0.0,0.0,0.0,0.0,0.0
1782745489.034,0.0,0.0,0.0,0.5918,0.8022,0.0195,0.0132,0.0127,0.0142,26.55,0.0,0.0,0.0,0.0,0.0,0.0
1782745494.045,0.0,0.0,0.0,0.5918,0.8022,0.0195,0.0137,0.0127,0.0142,26.55,0.0,0.0,0.0,0.0,0.0,0.0
1782745499.057,0.0,0.0,0.0,0.5918,0.8022,0.0195,0.0137,0.0132,0.0146,26.55,0.0,0.0,0.0,0.0,0.0,0.0
1782745504.07,0.0,0.0,0.0,0.5918,0.8022,0.0195,0.0132,0.0137,0.0142,26.56,0.0,0.0,0.0,0.0,0.0,0.0
1782745509.079,0.0,0.0,0.0,0.5913,0.8022,0.0195,0.0137,0.0137,0.0142,26.56,0.0,0.0,0.0,0.0,0.0,0.0
1782745514.088,0.0,0.0,0.0,0.5918,0.8022,0.0195,0.0142,0.0142,0.0142,26.56,0.0,0.0,0.0,0.0,0.0,0.0
1782745519.097,0.0,0.0,0.0,0.5918,0.8022,0.0195,0.0137,0.0137,0.0137,26.56,0.0,0.0,0.0,0.0,0.0,0.0
1782745524.106,0.0,0.0,0.0,0.5918,0.8022,0.0195,0.0137,0.0137,0.0132,26.56,0.0,0.0,0.0,0.0,0.0,0.0
1782745529.113,0.014,0.014,0.013,0.5918,0.8022,0.0195,0.0137,0.0132,0.0142,26.57,0.35,0.35,0.33,0.0,0.0,0.0
1782745534.122,0.0,0.0,0.0,0.5918,0.8022,0.0195,0.0132,0.0132,0.0146,26.57,0.06,0.06,0.06,92.5,98.2,20.0
1782745539.127,0.0,0.0,0.0,0.5918,0.8022,0.0195,0.0146,0.0137,0.0146,26.57,0.0,0.0,0.0,0.0,0.0,0.0
1782745544.139,0.0,0.0,0.0,0.5918,0.8022,0.0195,0.0137,0.0132,0.0146,26.58,0.0,0.0,0.0,0.0,0.0,0.0
1782745549.152,0.0,0.0,0.0,0.5918,0.8022,0.0195,0.0132,0.0132,0.0142,26.58,0.0,0.0,0.0,0.0,0.0,0.0
1782745554.163,0.0,0.0,0.0,0.5918,0.8022,0.0195,0.0137,0.0137,0.0137,26.58,0.0,0.0,0.0,0.0,0.0,0.0
1782745559.174,0.0,0.0,0.0,0.5918,0.8022,0.0195,0.0137,0.0132,0.0151,26.59,0.0,0.0,0.0,0.0,0.0,0.0
1782745564.181,0.0,0.0,0.0,0.5918,0.8022,0.0195,0.0137,0.0137,0.0137,26.59,0.0,0.0,0.0,0.0,0.0,0.0
1782745569.193,0.0,0.0,0.0,0.5918,0.8022,0.0195,0.0137,0.0142,0.0142,26.6,0.0,0.0,0.0,0.0,0.0,0.0
1782745574.201,0.0,0.0,0.0,0.5918,0.8022,0.0195,0.0132,0.0132,0.0142,26.6,0.0,0.0,0.0,0.0,0.0,0.0
1782745579.213,0.0,0.0,0.0,0.5918,0.8022,0.0195,0.0137,0.0137,0.0142,26.6,0.0,0.0,0.0,0.0,0.0,0.0
1782745584.222,0.0,0.0,0.0,0.5918,0.8022,0.0195,0.0137,0.0146,0.0146,26.6,0.0,0.0,0.0,0.0,0.0,0.0
1782745589.233,0.0,0.0,0.0,0.5918,0.8022,0.0195,0.0137,0.0142,0.0156,26.61,0.0,0.0,0.0,0.0,0.0,0.0
1782745594.247,0.0,0.0,0.0,0.5918,0.8022,0.0195,0.0132,0.0137,0.0151,26.61,0.0,0.0,0.0,0.0,0.0,0.0
1782745599.258,0.0,0.0,0.0,0.5918,0.8022,0.0195,0.0132,0.0137,0.0151,26.61,0.0,0.0,0.0,0.0,0.0,0.0
1782745604.266,0.0,0.0,0.0,0.5918,0.8022,0.0195,0.0142,0.0137,0.0142,26.62,0.06,0.06,0.05,0.0,0.0,0.0
1782745609.275,0.0,0.0,0.0,0.5918,0.8022,0.0195,0.0132,0.0142,0.0142,26.62,0.0,0.0,0.0,0.0,0.0,0.0
1782745614.288,0.0,0.0,0.0,0.5918,0.8022,0.0195,0.0132,0.0137,0.0142,26.62,0.0,0.0,0.0,0.0,0.0,0.0
1782745619.299,0.0,0.0,0.0,0.5918,0.8022,0.0195,0.0132,0.0142,0.0146,26.62,0.0,0.0,0.0,0.0,0.0,0.0
1782745624.308,0.0,0.0,0.0,0.5918,0.8022,0.0195,0.0137,0.0137,0.0142,26.63,0.0,0.0,0.0,0.0,0.0,0.0
1782745629.322,0.0,0.0,0.0,0.5918,0.8022,0.0195,0.0151,0.0137,0.0151,26.63,0.02,0.02,0.02,0.0,0.0,0.0
1782745634.33,0.0,0.0,0.0,0.5918,0.8022,0.0195,0.0132,0.0142,0.0142,26.63,0.0,0.0,0.0,54.5,0.0,0.0
1782745639.338,0.0,0.0,0.0,0.5918,0.8022,0.0195,0.0137,0.0146,0.0142,26.64,0.0,0.0,0.0,0.0,0.0,0.0
1782745644.353,0.0,0.0,0.0,0.5918,0.8022,0.0195,0.0132,0.0142,0.0146,26.64,0.0,0.0,0.0,0.0,0.0,0.0
1782745649.364,0.0,0.0,0.0,0.5918,0.8022,0.0195,0.0137,0.0137,0.0142,26.64,0.0,0.0,0.0,0.0,0.0,0.0
1782745654.37,0.0,0.0,0.0,0.5918,0.8022,0.0195,0.0132,0.0142,0.0137,26.65,0.0,0.0,0.0,0.0,0.0,0.0
1782745659.383,0.0,0.0,0.0,0.5918,0.8022,0.0195,0.0137,0.0132,0.0151,26.65,0.0,0.0,0.0,0.0,0.0,0.0
1782745664.391,0.0,0.0,0.0,0.5918,0.8022,0.0195,0.0137,0.0137,0.0146,26.65,0.0,0.0,0.0,0.0,0.0,0.0
1782745669.4,0.0,0.0,0.0,0.5918,0.8022,0.0195,0.0142,0.0137,0.0146,26.66,0.0,0.0,0.0,0.0,0.0,0.0
1782745674.407,0.0,0.0,0.0,0.5918,0.8022,0.0195,0.0142,0.0137,0.0146,26.66,0.0,0.0,0.0,0.0,0.0,0.0
1782745679.415,0.0,0.0,0.0,0.5918,0.8022,0.0195,0.0142,0.0142,0.0146,26.66,0.0,0.0,0.0,0.0,0.0,0.0
1782745684.423,0.0,0.0,0.0,0.5918,0.8022,0.0195,0.0142,0.0142,0.0146,26.66,0.0,0.0,0.0,0.0,0.0,0.0
1782745689.434,0.0,0.0,0.0,0.5918,0.8022,0.0195,0.0137,0.0142,0.0137,26.66,0.0,0.0,0.0,0.0,0.0,0.0
1782745694.442,0.0,0.0,0.0,0.5918,0.8022,0.0195,0.0137,0.0137,0.0132,26.67,0.01,0.01,0.01,0.0,0.0,0.0
1782745699.451,0.0,0.0,0.0,0.5918,0.8022,0.0195,0.0142,0.0146,0.0146,26.67,0.0,0.0,0.0,0.0,0.0,0.0
1782745704.461,0.0,0.0,0.0,0.5918,0.8022,0.0195,0.0137,0.0142,0.0142,26.67,0.0,0.0,0.0,0.0,0.0,0.0
1782745709.472,0.0,0.0,0.0,0.5918,0.8022,0.0195,0.0137,0.0146,0.0151,26.68,0.0,0.0,0.0,0.0,0.0,0.0
1782745714.486,0.0,0.0,0.0,0.5918,0.8022,0.0195,0.0137,0.0146,0.0137,26.68,0.0,0.0,0.0,0.0,0.0,0.0
1782745719.497,0.0,0.0,0.0,0.5918,0.8022,0.0195,0.0132,0.0161,0.0132,26.68,0.03,0.04,0.03,34.9,55.5,17.6
1782745724.504,0.0,0.0,0.0,0.5918,0.8022,0.0195,0.0132,0.0142,0.0146,26.69,0.0,0.0,0.0,0.0,0.0,0.0
1782745729.518,0.0,0.0,0.0,0.5918,0.8022,0.0195,0.0137,0.0146,0.0137,26.69,0.0,0.0,0.0,0.0,0.0,0.0
1782745734.532,0.0,0.0,0.0,0.5918,0.8022,0.0195,0.0137,0.0146,0.0142,26.69,0.0,0.0,0.0,0.0,0.0,0.0
1782745739.542,0.0,0.0,0.0,0.5918,0.8022,0.0195,0.0137,0.0142,0.0151,26.69,0.0,0.0,0.0,0.0,0.0,0.0
1782745744.557,0.0,0.0,0.0,0.5918,0.8022,0.0195,0.0137,0.0142,0.0146,26.7,0.0,0.0,0.0,0.0,0.0,0.0
1782745749.568,0.0,0.0,0.0,0.5918,0.8022,0.0195,0.0137,0.0137,0.0132,26.7,0.0,0.0,0.0,0.0,0.0,0.0
1782745754.579,0.0,0.0,0.0,0.5918,0.8022,0.0195,0.0137,0.0146,0.0151,26.7,0.0,0.0,0.0,0.0,0.0,0.0
1782745759.592,0.0,0.0,0.0,0.5918,0.8022,0.0195,0.0142,0.0146,0.0142,26.71,0.0,0.0,0.0,0.0,0.0,0.0
1782745764.604,0.0,0.0,0.0,0.5918,0.8022,0.0195,0.0132,0.0146,0.0137,26.71,0.02,0.02,0.02,0.0,0.0,0.0
1782745769.614,0.0,0.0,0.0,0.5918,0.8022,0.0195,0.0132,0.0142,0.0142,26.71,0.0,0.0,0.0,0.0,0.0,0.0
1782745774.627,0.0,0.0,0.0,0.5918,0.8022,0.0195,0.0142,0.0142,0.0156,26.72,0.0,0.0,0.0,0.0,0.0,0.0
1782745779.638,0.0,0.0,0.0,0.5918,0.8022,0.0195,0.0132,0.0142,0.0142,26.72,0.0,0.0,0.0,0.0,0.0,0.0
1782745784.652,0.0,0.0,0.0,0.5918,0.8022,0.0195,0.0132,0.0146,0.0137,26.72,0.0,0.0,0.0,0.0,0.0,0.0
1782745789.662,0.0,0.0,0.0,0.5918,0.8018,0.0195,0.0142,0.0137,0.0146,26.72,0.0,0.0,0.0,0.0,0.0,0.0
1782745794.671,0.0,0.0,0.0,0.5918,0.8022,0.0195,0.0137,0.0142,0.0142,26.73,0.03,0.03,0.03,0.0,0.0,0.0
1782745799.687,0.0,0.0,0.0,0.5918,0.8022,0.0195,0.0137,0.0146,0.0146,26.73,0.0,0.0,0.0,0.0,0.0,0.0
1782745804.701,0.0,0.0,0.0,0.5918,0.8022,0.0195,0.0132,0.0146,0.0142,26.73,0.0,0.0,0.0,0.0,0.0,0.0
1782745809.711,0.0,0.0,0.0,0.5918,0.8022,0.0195,0.0142,0.0146,0.0146,26.74,0.0,0.0,0.0,0.0,0.0,0.0
1782745814.725,0.0,0.0,0.0,0.5918,0.8018,0.0195,0.0137,0.0146,0.0132,26.74,0.0,0.0,0.0,0.0,0.0,0.0
1782745819.737,0.0,0.0,0.0,0.5918,0.8018,0.0195,0.0137,0.0156,0.0142,26.74,0.0,0.0,0.0,0.0,0.0,0.0
1782745824.745,0.0,0.0,0.0,0.5918,0.8018,0.0195,0.0132,0.0142,0.0137,26.74,0.0,0.0,0.0,0.0,0.0,0.0
1782745829.762,0.0,0.0,0.0,0.5918,0.8018,0.0195,0.0142,0.0142,0.0142,26.75,0.04,0.04,0.04,0.0,0.0,0.0
1782745834.772,0.0,0.0,0.0,0.5918,0.8018,0.0195,0.0137,0.0146,0.0156,26.75,0.0,0.0,0.0,0.0,0.0,0.0
1782745839.782,0.0,0.0,0.0,0.5918,0.8018,0.0195,0.0132,0.0146,0.0137,26.75,0.0,0.0,0.0,0.0,0.0,0.0
1782745844.796,0.0,0.0,0.0,0.5918,0.8018,0.0195,0.0137,0.0151,0.0151,26.75,0.0,0.0,0.0,0.0,0.0,0.0
1782745849.807,0.0,0.0,0.0,0.5918,0.8018,0.0195,0.0142,0.0146,0.0137,26.75,0.03,0.03,0.03,0.0,0.0,0.0
1782745854.821,0.0,0.0,0.0,0.5918,0.8018,0.0195,0.0142,0.0146,0.0142,26.76,0.03,0.04,0.03,0.0,0.0,0.0
1782745859.834,0.0,0.0,0.0,0.5918,0.8018,0.0195,0.0132,0.0146,0.0142,26.76,0.0,0.0,0.0,0.0,0.0,0.0
1782745864.845,0.0,0.0,0.0,0.5918,0.8018,0.0195,0.0142,0.0142,0.0146,26.76,0.0,0.0,0.0,0.0,0.0,0.0
1782745869.857,0.0,0.0,0.0,0.5918,0.8018,0.0195,0.0142,0.0146,0.0137,26.77,0.0,0.0,0.0,0.0,0.0,0.0
1782745874.868,0.0,0.0,0.0,0.5918,0.8018,0.0195,0.0137,0.0146,0.0142,26.77,0.0,0.0,0.0,0.0,0.0,0.0
1782745879.879,0.0,0.0,0.0,0.5918,0.8018,0.0195,0.0132,0.0146,0.0132,26.77,0.0,0.0,0.0,0.0,0.0,0.0
1782745884.89,0.0,0.0,0.0,0.5918,0.8018,0.0195,0.0132,0.0146,0.0142,26.77,0.0,0.0,0.0,0.0,0.0,0.0
1782745889.901,0.0,0.0,0.0,0.5918,0.8018,0.0195,0.0137,0.0146,0.0146,26.78,0.03,0.04,0.03,0.0,0.0,0.0
1782745894.911,0.0,0.0,0.0,0.5918,0.8018,0.0195,0.0132,0.0142,0.0151,26.78,0.0,0.0,0.0,0.0,0.0,0.0
1782745899.924,0.0,0.0,0.0,0.5918,0.8018,0.0195,0.0142,0.0142,0.0137,26.78,0.02,0.02,0.02,0.0,0.0,0.0
1782745904.936,0.0,0.0,0.0,0.5918,0.8018,0.0195,0.0142,0.0142,0.0137,26.78,0.0,0.0,0.0,0.0,0.0,0.0
1782745909.945,0.372,0.417,0.353,0.5918,0.8018,0.0195,0.0137,0.0151,0.0151,26.79,4.64,5.2,4.41,30.5,55.5,1.9
1782745914.959,0.008,0.008,0.008,0.5918,0.8018,0.0195,0.0132,0.0146,0.0151,26.79,0.03,0.04,0.03,0.0,0.0,0.0
1782745919.969,0.0,0.0,0.0,0.5918,0.8018,0.0195,0.0137,0.0156,0.0146,26.79,0.0,0.0,0.0,0.0,0.0,0.0
1782745924.981,0.0,0.0,0.0,0.5918,0.8018,0.0195,0.0137,0.0151,0.0151,26.8,0.0,0.0,0.0,0.0,0.0,0.0
1782745929.991,0.0,0.0,0.0,0.5918,0.8018,0.0195,0.0137,0.0156,0.0137,26.8,0.0,0.0,0.0,0.0,0.0,0.0
1782745935.0,0.0,0.0,0.0,0.5918,0.8018,0.0195,0.0137,0.0142,0.0142,26.8,0.0,0.0,0.0,0.0,0.0,0.0
1782745940.011,0.0,0.0,0.0,0.5918,0.8018,0.0195,0.0146,0.0142,0.0151,26.8,0.0,0.0,0.0,0.0,0.0,0.0
1782745945.026,0.0,0.0,0.0,0.5918,0.8018,0.0195,0.0127,0.0142,0.0142,26.81,0.0,0.0,0.0,0.0,0.0,0.0
1782745950.038,0.0,0.0,0.0,0.5918,0.8018,0.0195,0.0137,0.0146,0.0156,26.81,0.0,0.0,0.0,0.0,0.0,0.0
1782745955.05,0.01,0.011,0.01,0.5918,0.8018,0.0195,0.0132,0.0146,0.0151,26.81,0.6,0.67,0.6,0.0,0.0,0.0
1782745960.061,0.0,0.0,0.0,0.5918,0.8018,0.0195,0.0137,0.0151,0.0137,26.81,0.0,0.0,0.0,0.0,0.0,0.0
1782745965.071,0.0,0.0,0.0,0.5918,0.8018,0.0195,0.0132,0.0146,0.0146,26.82,0.01,0.01,0.01,0.0,0.0,0.0
1782745970.084,0.0,0.0,0.0,0.5918,0.8018,0.0195,0.0137,0.0151,0.0137,26.82,0.0,0.0,0.0,0.0,0.0,0.0
1782745975.096,0.0,0.0,0.0,0.5918,0.8018,0.0195,0.0142,0.0156,0.0146,26.82,0.01,0.01,0.01,0.0,0.0,0.0
1782745980.104,0.0,0.0,0.0,0.5918,0.8018,0.0195,0.0142,0.0146,0.0137,26.83,0.0,0.0,0.0,0.0,0.0,0.0
1782745985.118,0.0,0.0,0.0,0.5918,0.8018,0.0195,0.0132,0.0146,0.0137,26.83,0.05,0.06,0.05,0.0,0.0,0.0
1782745990.127,0.0,0.0,0.0,0.5918,0.8018,0.0195,0.0142,0.0142,0.0137,26.83,0.01,0.02,0.01,0.0,0.0,0.0
1782745995.14,0.0,0.0,0.0,0.5918,0.8018,0.0195,0.0132,0.0146,0.0146,26.84,0.0,0.0,0.0,0.0,0.0,0.0
1782746000.152,0.0,0.0,0.0,0.5918,0.8018,0.0195,0.0132,0.0142,0.0137,26.84,0.0,0.0,0.0,0.0,0.0,0.0
1782746005.163,0.014,0.016,0.014,0.5918,0.8018,0.0195,0.0132,0.0151,0.0151,26.84,0.66,0.74,0.66,12.9,55.5,7.1
1782746010.173,0.0,0.0,0.0,0.5918,0.8018,0.0195,0.0137,0.0151,0.0146,26.84,0.04,0.05,0.04,0.0,0.0,0.0
1782746015.186,0.0,0.0,0.0,0.5918,0.8018,0.0195,0.0137,0.0146,0.0146,26.85,0.0,0.0,0.0,0.0,0.0,0.0
1782746020.197,0.0,0.0,0.0,0.5918,0.8018,0.0195,0.0127,0.0142,0.0137,26.85,0.0,0.0,0.0,0.0,0.0,0.0
1782746025.208,0.0,0.0,0.0,0.5918,0.8018,0.0195,0.0146,0.0156,0.0151,26.85,0.0,0.0,0.0,0.0,0.0,0.0
1782746030.217,0.0,0.0,0.0,0.5918,0.8018,0.0195,0.0137,0.0142,0.0137,26.85,0.0,0.0,0.0,0.0,0.0,0.0
1782746035.224,0.0,0.0,0.0,0.5918,0.8018,0.0195,0.0137,0.0146,0.0151,26.86,0.0,0.0,0.0,0.0,0.0,0.0
1782746040.234,0.031,0.034,0.03,0.5918,0.8018,0.0195,0.0137,0.0146,0.0146,26.86,1.03,1.16,1.01,0.0,0.0,0.0
1782746045.244,0.0,0.0,0.0,0.5918,0.8018,0.0195,0.0137,0.0151,0.0142,26.86,0.0,0.0,0.0,0.0,0.0,0.0
1782746050.251,0.0,0.0,0.0,0.5918,0.8018,0.0195,0.0137,0.0161,0.0146,26.87,0.0,0.0,0.0,0.0,0.0,0.0
1782746055.261,0.0,0.0,0.0,0.5918,0.8018,0.0195,0.0137,0.0151,0.0137,26.87,0.09,0.1,0.09,0.0,0.0,0.0
1782746060.271,0.0,0.0,0.0,0.5918,0.8018,0.0195,0.0132,0.0151,0.0132,26.87,0.0,0.0,0.0,0.0,0.0,0.0
1782746065.279,0.0,0.0,0.0,0.5918,0.8018,0.0195,0.0142,0.0146,0.0142,26.87,0.0,0.0,0.0,0.0,0.0,0.0
1782746070.285,0.0,0.0,0.0,0.5918,0.8018,0.0195,0.0132,0.0146,0.0137,26.88,0.08,0.09,0.08,0.0,0.0,0.0
1782746075.292,0.0,0.0,0.0,0.5918,0.8018,0.019,0.0132,0.0146,0.0142,26.88,0.03,0.04,0.03,0.0,0.0,0.0
1782746080.302,0.0,0.0,0.0,0.5918,0.8018,0.019,0.0132,0.0142,0.0146,26.88,0.01,0.01,0.01,0.0,0.0,0.0
1782746085.312,0.0,0.0,0.0,0.5918,0.8018,0.019,0.0132,0.0146,0.0137,26.88,0.0,0.0,0.0,0.0,0.0,0.0
1782746090.321,0.0,0.0,0.0,0.5918,0.8018,0.0195,0.0137,0.0146,0.0142,26.88,0.0,0.0,0.0,0.0,0.0,0.0
1782746095.33,0.0,0.0,0.0,0.5918,0.8018,0.0195,0.0132,0.0146,0.0146,26.89,0.02,0.03,0.02,0.0,0.0,0.0
1782746100.339,0.0,0.0,0.0,0.5918,0.8018,0.0195,0.0132,0.0151,0.0132,26.89,0.07,0.08,0.07,0.0,0.0,0.0
1782746105.348,0.0,0.0,0.0,0.5918,0.8018,0.0195,0.0132,0.0142,0.0142,26.89,0.0,0.0,0.0,0.0,0.0,0.0
1782746110.357,0.0,0.0,0.0,0.5918,0.8018,0.0195,0.0137,0.0156,0.0142,26.9,0.0,0.0,0.0,77.9,55.0,0.0
1782746115.368,0.0,0.0,0.0,0.5918,0.8018,0.0195,0.0142,0.0151,0.0151,26.9,0.0,0.0,0.0,0.0,0.0,0.0
1782746120.374,0.0,0.0,0.0,0.5918,0.8018,0.019,0.0137,0.0151,0.0142,26.9,0.0,0.0,0.0,0.0,0.0,0.0
1782746125.379,0.0,0.0,0.0,0.5918,0.8018,0.019,0.0146,0.0156,0.0146,26.9,0.0,0.0,0.0,0.0,0.0,0.0
1782746130.39,0.0,0.0,0.0,0.5918,0.8018,0.019,0.0137,0.0146,0.0146,26.9,0.0,0.0,0.0,0.0,0.0,0.0
1782746135.399,0.0,0.0,0.0,0.5918,0.8018,0.019,0.0142,0.0151,0.0151,26.91,0.0,0.0,0.0,0.0,0.0,0.0
1782746140.409,0.0,0.0,0.0,0.5918,0.8018,0.019,0.0137,0.0146,0.0142,26.91,0.0,0.0,0.0,0.0,0.0,0.0
1782746145.415,0.0,0.0,0.0,0.5918,0.8018,0.0195,0.0132,0.0146,0.0146,26.91,0.02,0.02,0.02,0.0,0.0,0.0
1782746150.423,0.0,0.0,0.0,0.5918,0.8018,0.019,0.0137,0.0146,0.0137,26.92,0.01,0.01,0.01,0.0,0.0,0.0
1782746155.433,0.003,0.003,0.003,0.5918,0.8018,0.019,0.0142,0.0142,0.0146,26.92,0.27,0.29,0.25,0.0,0.0,0.0
1782746160.442,0.0,0.0,0.0,0.5918,0.8018,0.019,0.0132,0.0146,0.0137,26.92,0.0,0.0,0.0,0.0,0.0,0.0
1782746165.45,0.0,0.0,0.0,0.5918,0.8018,0.019,0.0137,0.0146,0.0142,26.93,0.01,0.01,0.01,0.0,0.0,0.0
1782746170.457,0.0,0.0,0.0,0.5918,0.8018,0.019,0.0137,0.0146,0.0137,26.93,0.0,0.0,0.0,0.0,0.0,0.0
1782746175.465,0.0,0.0,0.0,0.5918,0.8018,0.0195,0.0132,0.0142,0.0132,26.93,0.0,0.0,0.0,0.0,0.0,0.0
1782746180.474,0.0,0.0,0.0,0.5918,0.8018,0.0195,0.0132,0.0151,0.0142,26.93,0.01,0.02,0.01,0.0,0.0,0.0
1782746185.485,0.0,0.0,0.0,0.5918,0.8018,0.019,0.0137,0.0142,0.0146,26.93,0.04,0.05,0.04,0.0,0.0,0.0
1782746190.492,0.0,0.0,0.0,0.5918,0.8018,0.0195,0.0142,0.0151,0.0146,26.94,0.06,0.06,0.05,0.0,0.0,0.0
1782746195.5,0.0,0.0,0.0,0.5918,0.8018,0.019,0.0142,0.0151,0.0146,26.94,0.02,0.02,0.02,21.8,55.0,75.1
1782746200.51,0.0,0.0,0.0,0.5918,0.8018,0.019,0.0142,0.0161,0.0142,26.94,0.0,0.0,0.0,0.0,0.0,0.0
1782746205.519,0.0,0.0,0.0,0.5918,0.8018,0.019,0.0142,0.0151,0.0151,26.95,0.0,0.0,0.0,0.0,0.0,0.0
1782746210.526,0.0,0.0,0.0,0.5918,0.8018,0.0195,0.0142,0.0146,0.0142,26.95,0.0,0.0,0.0,0.0,0.0,0.0
1782746215.534,0.0,0.0,0.0,0.5918,0.8018,0.019,0.0142,0.0151,0.0146,26.95,0.0,0.0,0.0,0.0,0.0,0.0
1782746220.541,0.0,0.0,0.0,0.5918,0.8018,0.019,0.0132,0.0156,0.0151,26.95,0.0,0.0,0.0,0.0,0.0,0.0
1782746225.553,0.0,0.0,0.0,0.5918,0.8018,0.019,0.0137,0.0142,0.0137,26.95,0.0,0.0,0.0,0.0,0.0,0.0
1782746230.564,0.0,0.0,0.0,0.5918,0.8018,0.019,0.0127,0.0146,0.0142,26.96,0.0,0.0,0.0,0.0,0.0,0.0
1782746235.573,0.0,0.0,0.0,0.5918,0.8018,0.019,0.0142,0.0151,0.0142,26.96,0.0,0.0,0.0,0.0,0.0,0.0
1782746240.587,0.008,0.009,0.008,0.5918,0.8018,0.019,0.0132,0.0146,0.0137,26.96,0.48,0.54,0.46,0.0,0.0,0.0
1782746245.596,0.0,0.0,0.0,0.5918,0.8018,0.019,0.0132,0.0142,0.0137,26.96,0.0,0.0,0.0,0.0,0.0,0.0
1782746250.611,0.0,0.0,0.0,0.5918,0.8018,0.019,0.0137,0.0146,0.0132,26.97,0.0,0.0,0.0,0.0,0.0,0.0
1782746255.625,0.0,0.0,0.0,0.5918,0.8018,0.019,0.0137,0.0151,0.0156,26.97,0.01,0.01,0.01,0.0,0.0,0.0
1782746260.634,0.0,0.0,0.0,0.5918,0.8018,0.019,0.0137,0.0151,0.0142,26.97,0.0,0.0,0.0,0.0,0.0,0.0
1782746265.644,0.0,0.0,0.0,0.5918,0.8018,0.019,0.0142,0.0156,0.0142,26.98,0.01,0.01,0.0,0.0,0.0,0.0
1782746270.658,0.0,0.0,0.0,0.5918,0.8018,0.019,0.0137,0.0156,0.0142,26.98,0.09,0.1,0.09,0.0,0.0,0.0
1782746275.67,0.0,0.0,0.0,0.5918,0.8018,0.019,0.0137,0.0146,0.0142,26.98,0.0,0.0,0.0,0.0,0.0,0.0
1782746280.681,0.0,0.0,0.0,0.5918,0.8018,0.019,0.0142,0.0137,0.0142,26.98,0.0,0.0,0.0,0.0,0.0,0.0
1782746285.693,0.0,0.0,0.0,0.5918,0.8018,0.019,0.0142,0.0137,0.0142,26.99,0.0,0.0,0.0,0.0,0.0,0.0
1782746290.703,0.0,0.0,0.0,0.5918,0.8018,0.019,0.0132,0.0151,0.0142,26.99,0.06,0.07,0.06,125.0,48.1,37.9
1782746295.714,0.0,0.0,0.0,0.5918,0.8018,0.019,0.0132,0.0156,0.0137,26.99,0.01,0.02,0.01,48.8,55.0,102.2
1782746300.728,0.0,0.0,0.0,0.5918,0.8018,0.019,0.0132,0.0142,0.0142,26.99,0.0,0.0,0.0,0.0,0.0,0.0
1782746305.741,0.002,0.003,0.002,0.5918,0.8018,0.019,0.0137,0.0156,0.0146,27.0,0.26,0.29,0.25,0.0,0.0,0.0
1782746310.753,0.0,0.0,0.0,0.5918,0.8018,0.019,0.0137,0.0146,0.0137,27.0,0.03,0.04,0.03,0.0,0.0,0.0
1782746315.763,0.0,0.0,0.0,0.5918,0.8018,0.019,0.0137,0.0146,0.0137,27.0,0.05,0.06,0.05,0.0,0.0,0.0
1782746320.775,0.0,0.0,0.0,0.5918,0.8018,0.019,0.0137,0.0146,0.0137,27.0,0.0,0.0,0.0,0.0,0.0,0.0
1782746325.789,0.0,0.0,0.0,0.5918,0.8018,0.019,0.0137,0.0146,0.0146,27.01,0.0,0.0,0.0,0.0,0.0,0.0
1782746330.798,0.0,0.0,0.0,0.5918,0.8018,0.019,0.0146,0.0146,0.0142,27.01,0.0,0.0,0.0,0.0,0.0,0.0
1782746335.808,0.93,1.038,0.893,0.5918,0.8018,0.019,0.0142,0.0146,0.0156,27.01,7.25,8.09,6.96,32.2,55.0,1.2
1782746340.822,0.0,0.0,0.0,0.5918,0.8018,0.019,0.0137,0.0146,0.0142,27.02,0.13,0.15,0.13,0.0,0.0,0.0
1782746345.832,0.0,0.0,0.0,0.5918,0.8018,0.019,0.0132,0.0146,0.0142,27.02,0.0,0.0,0.0,0.0,0.0,0.0
1782746350.842,0.0,0.0,0.0,0.5918,0.8018,0.019,0.0137,0.0146,0.0142,27.02,0.02,0.02,0.02,0.0,0.0,0.0
1782746355.854,0.0,0.0,0.0,0.5918,0.8018,0.019,0.0137,0.0161,0.0137,27.02,0.15,0.17,0.14,78.6,54.8,2.2
1782746360.863,0.003,0.003,0.003,0.5918,0.8018,0.019,0.0137,0.0146,0.0146,27.02,0.17,0.19,0.16,0.0,0.0,0.0
1782746365.873,0.0,0.0,0.0,0.5918,0.8018,0.019,0.0132,0.0146,0.0137,27.03,0.01,0.01,0.01,0.0,0.0,0.0
1782746370.888,0.0,0.0,0.0,0.5918,0.8018,0.019,0.0137,0.0156,0.0146,27.03,0.14,0.16,0.14,13.8,55.0,36.7
1782746375.896,0.0,0.0,0.0,0.5918,0.8018,0.019,0.0142,0.0146,0.0142,27.03,0.0,0.0,0.0,0.0,0.0,0.0
1782746380.909,0.0,0.0,0.0,0.5918,0.8018,0.019,0.0142,0.0146,0.0142,27.04,0.0,0.0,0.0,0.0,0.0,0.0
1782746385.921,0.0,0.0,0.0,0.5918,0.8018,0.019,0.0137,0.0151,0.0142,27.04,0.04,0.04,0.04,74.6,55.0,53.3
1782746390.933,0.0,0.0,0.0,0.5918,0.8018,0.019,0.0132,0.0142,0.0142,27.04,0.0,0.0,0.0,0.0,0.0,0.0
1782746395.944,0.0,0.0,0.0,0.5918,0.8018,0.019,0.0142,0.0146,0.0142,27.04,0.0,0.0,0.0,0.0,0.0,0.0
1782746400.953,0.0,0.0,0.0,0.5918,0.8018,0.019,0.0142,0.0151,0.0146,27.05,0.0,0.0,0.0,0.0,0.0,0.0
1782746405.967,0.0,0.0,0.0,0.5918,0.8018,0.019,0.0132,0.0151,0.0142,27.05,0.0,0.0,0.0,0.0,0.0,0.0
1782746410.979,0.0,0.0,0.0,0.5918,0.8018,0.019,0.0137,0.0146,0.0132,27.05,0.0,0.0,0.0,0.0,0.0,0.0
1782746415.988,0.0,0.0,0.0,0.5918,0.8018,0.019,0.0132,0.0146,0.0142,27.05,0.0,0.0,0.0,0.0,0.0,0.0
1782746421.001,0.0,0.0,0.0,0.5918,0.8018,0.019,0.0146,0.0151,0.0151,27.06,0.0,0.0,0.0,0.0,0.0,0.0
1782746426.014,0.0,0.0,0.0,0.5918,0.8018,0.019,0.0142,0.0146,0.0142,27.06,0.0,0.0,0.0,0.0,0.0,0.0
1782746431.023,0.0,0.0,0.0,0.5918,0.8018,0.019,0.0142,0.0151,0.0142,27.06,0.01,0.01,0.01,0.0,0.0,0.0
1782746436.032,0.0,0.0,0.0,0.5918,0.8018,0.019,0.0137,0.0146,0.0142,27.06,0.0,0.0,0.0,0.0,0.0,0.0
1782746441.047,0.0,0.0,0.0,0.5918,0.8018,0.019,0.0132,0.0142,0.0137,27.06,0.0,0.0,0.0,0.0,0.0,0.0
1782746446.054,0.0,0.0,0.0,0.5918,0.8018,0.019,0.0142,0.0146,0.0137,27.07,0.0,0.0,0.0,0.0,0.0,0.0
1782746451.066,0.0,0.0,0.0,0.5918,0.8018,0.019,0.0137,0.0146,0.0146,27.07,0.13,0.15,0.13,19.1,54.8,64.2
1782746456.08,0.0,0.0,0.0,0.5918,0.8018,0.019,0.0137,0.0146,0.0137,27.07,0.0,0.0,0.0,0.0,0.0,0.0
1782746461.089,0.0,0.0,0.0,0.5918,0.8018,0.019,0.0132,0.0151,0.0146,27.08,0.13,0.15,0.12,3.4,54.8,13.6
1782746466.1,0.0,0.0,0.0,0.5918,0.8018,0.019,0.0132,0.0151,0.0142,27.08,0.04,0.05,0.04,0.0,0.0,0.0
1782746471.109,0.0,0.0,0.0,0.5918,0.8018,0.019,0.0142,0.0151,0.0142,27.08,0.11,0.13,0.11,21.8,55.0,116.3
1782746476.121,0.0,0.0,0.0,0.5918,0.8018,0.019,0.0132,0.0146,0.0146,27.08,0.07,0.08,0.07,0.0,0.0,0.0
1782746481.131,0.0,0.0,0.0,0.5918,0.8018,0.019,0.0142,0.0142,0.0137,27.08,0.0,0.0,0.0,0.0,0.0,0.0
1782746486.141,0.0,0.0,0.0,0.5918,0.8018,0.019,0.0142,0.0151,0.0137,27.09,0.0,0.0,0.0,0.0,0.0,0.0
1782746491.156,0.0,0.0,0.0,0.5918,0.8018,0.019,0.0142,0.0151,0.0137,27.09,0.0,0.0,0.0,0.0,0.0,0.0
1782746496.167,0.0,0.0,0.0,0.5918,0.8018,0.019,0.0132,0.0137,0.0142,27.09,0.0,0.0,0.0,0.0,0.0,0.0
1782746501.177,0.0,0.0,0.0,0.5918,0.8018,0.019,0.0137,0.0146,0.0142,27.09,0.0,0.0,0.0,0.0,0.0,0.0
1782746506.189,0.0,0.0,0.0,0.5918,0.8018,0.019,0.0132,0.0146,0.0151,27.09,0.0,0.0,0.0,0.0,0.0,0.0
1782746511.199,0.0,0.0,0.0,0.5918,0.8018,0.019,0.0137,0.0151,0.0146,27.1,0.09,0.1,0.09,0.0,0.0,0.0
1782746516.208,0.0,0.0,0.0,0.5918,0.8018,0.019,0.0132,0.0142,0.0151,27.1,0.0,0.0,0.0,0.0,0.0,0.0
1782746521.22,0.0,0.0,0.0,0.5918,0.8018,0.019,0.0137,0.0146,0.0156,27.1,0.0,0.0,0.0,0.0,0.0,0.0
1782746526.231,0.0,0.0,0.0,0.5918,0.8018,0.019,0.0137,0.0146,0.0137,27.1,0.0,0.0,0.0,0.0,0.0,0.0
1782746531.243,0.0,0.0,0.0,0.5918,0.8018,0.019,0.0132,0.0156,0.0142,27.11,0.04,0.04,0.04,0.0,0.0,0.0
1782746536.256,0.0,0.0,0.0,0.5918,0.8018,0.019,0.0142,0.0142,0.0146,27.11,0.0,0.0,0.0,0.0,0.0,0.0
1782746541.261,0.0,0.0,0.0,0.5918,0.8018,0.019,0.0132,0.0142,0.0137,27.11,0.0,0.0,0.0,0.0,0.0,0.0
1782746546.272,0.0,0.0,0.0,0.5918,0.8018,0.019,0.0142,0.0142,0.0142,27.11,0.0,0.0,0.0,0.0,0.0,0.0
1782746551.284,0.0,0.0,0.0,0.5918,0.8018,0.019,0.0132,0.0146,0.0137,27.12,0.0,0.0,0.0,0.0,0.0,0.0
1782746556.296,0.115,0.128,0.112,0.5918,0.8018,0.019,0.0142,0.0156,0.0146,27.12,1.69,1.88,1.65,20.3,55.0,2.2
1782746561.311,0.01,0.011,0.01,0.5918,0.8018,0.019,0.0132,0.0146,0.0142,27.12,0.04,0.05,0.04,0.0,0.0,0.0
1782746566.317,0.0,0.0,0.0,0.5918,0.8018,0.019,0.0146,0.0151,0.0146,27.12,0.09,0.1,0.09,105.2,55.0,14.1
1782746571.328,0.0,0.0,0.0,0.5918,0.8018,0.019,0.0137,0.0142,0.0146,27.13,0.0,0.0,0.0,0.0,0.0,0.0
1782746576.337,0.0,0.0,0.0,0.5918,0.8018,0.019,0.0142,0.0151,0.0142,27.13,0.0,0.0,0.0,0.0,0.0,0.0
1782746581.349,0.0,0.0,0.0,0.5918,0.8018,0.019,0.0137,0.0151,0.0142,27.13,0.18,0.2,0.17,108.1,54.8,13.6
1782746586.36,0.0,0.0,0.0,0.5918,0.8018,0.019,0.0137,0.0146,0.0146,27.13,0.0,0.0,0.0,0.0,0.0,0.0
1782746591.373,0.0,0.0,0.0,0.5918,0.8018,0.019,0.0137,0.0146,0.0137,27.13,0.0,0.0,0.0,0.0,0.0,0.0
1782746596.386,0.0,0.0,0.0,0.5918,0.8018,0.019,0.0137,0.0151,0.0142,27.14,0.0,0.0,0.0,0.0,0.0,0.0
1782746601.395,0.0,0.0,0.0,0.5918,0.8018,0.019,0.0132,0.0161,0.0142,27.14,0.0,0.0,0.0,0.0,0.0,0.0
1782746606.404,0.003,0.003,0.003,0.5918,0.8018,0.019,0.0132,0.0151,0.0156,27.15,0.41,0.46,0.39,83.3,54.8,18.8
1782746611.418,0.024,0.027,0.023,0.5918,0.8018,0.019,0.0132,0.0161,0.0132,27.14,0.27,0.31,0.26,101.2,54.8,0.7
1782746616.428,0.0,0.0,0.0,0.5918,0.8018,0.019,0.0132,0.0146,0.0151,27.15,0.0,0.0,0.0,0.0,0.0,0.0
1782746621.44,0.0,0.0,0.0,0.5918,0.8018,0.019,0.0137,0.0151,0.0146,27.15,0.0,0.0,0.0,0.0,0.0,0.0
1782746626.451,0.0,0.0,0.0,0.5918,0.8018,0.019,0.0146,0.0151,0.0137,27.15,0.01,0.01,0.01,0.0,0.0,0.0
1782746631.465,0.0,0.0,0.0,0.5918,0.8018,0.019,0.0137,0.0151,0.0137,27.15,0.02,0.02,0.02,0.0,0.0,0.0
1782746636.475,0.0,0.0,0.0,0.5918,0.8018,0.019,0.0137,0.0146,0.0142,27.16,0.0,0.0,0.0,0.0,0.0,0.0
1782746641.488,0.0,0.0,0.0,0.5918,0.8018,0.019,0.0132,0.0142,0.0137,27.16,0.0,0.0,0.0,0.0,0.0,0.0
1782746646.499,0.0,0.0,0.0,0.5918,0.8018,0.019,0.0132,0.0142,0.0137,27.16,0.01,0.01,0.0,0.0,0.0,0.0
1782746651.511,0.0,0.0,0.0,0.5918,0.8018,0.019,0.0137,0.0142,0.0132,27.16,0.0,0.0,0.0,0.0,0.0,0.0
1782746656.523,0.0,0.0,0.0,0.5918,0.8018,0.019,0.0132,0.0151,0.0142,27.17,0.02,0.02,0.02,0.0,0.0,0.0
1782746661.534,0.026,0.029,0.026,0.5918,0.8018,0.019,0.0137,0.0146,0.0151,27.17,1.04,1.13,1.01,57.5,55.0,6.2
1782746666.546,0.0,0.0,0.0,0.5918,0.8018,0.019,0.0132,0.0146,0.0142,27.17,0.05,0.05,0.05,126.0,55.0,33.9
1782746671.558,0.0,0.0,0.0,0.5918,0.8018,0.019,0.0132,0.0151,0.0146,27.17,0.01,0.02,0.01,11.4,55.0,50.8
1782746676.57,0.0,0.0,0.0,0.5918,0.8018,0.019,0.0137,0.0142,0.0146,27.17,0.0,0.0,0.0,0.0,0.0,0.0
1782746681.582,0.0,0.0,0.0,0.5918,0.8018,0.019,0.0132,0.0156,0.0142,27.18,0.16,0.18,0.16,126.0,54.8,16.8
1782746686.594,0.0,0.0,0.0,0.5918,0.8018,0.019,0.0142,0.0156,0.0142,27.18,0.0,0.0,0.0,0.0,0.0,0.0
1782746691.606,0.0,0.0,0.0,0.5918,0.8018,0.019,0.0137,0.0146,0.0132,27.18,0.0,0.0,0.0,0.0,0.0,0.0
1782746696.618,0.0,0.0,0.0,0.5918,0.8018,0.019,0.0137,0.0146,0.0137,27.19,0.0,0.0,0.0,0.0,0.0,0.0
1782746701.634,0.0,0.0,0.0,0.5918,0.8018,0.019,0.0137,0.0156,0.0146,27.19,0.0,0.0,0.0,0.0,0.0,0.0
1782746706.646,0.0,0.0,0.0,0.5918,0.8018,0.019,0.0142,0.0151,0.0146,27.19,0.0,0.0,0.0,0.0,0.0,0.0
1782746711.658,0.0,0.0,0.0,0.5918,0.8018,0.019,0.0146,0.0146,0.0137,27.19,0.0,0.0,0.0,0.0,0.0,0.0
1782746716.669,0.0,0.0,0.0,0.5918,0.8018,0.019,0.0132,0.0137,0.0137,27.2,0.0,0.0,0.0,0.0,0.0,0.0
1782746721.681,0.0,0.0,0.0,0.5918,0.8018,0.019,0.0132,0.0142,0.0142,27.2,0.0,0.0,0.0,0.0,0.0,0.0
1782746726.694,0.0,0.0,0.0,0.5918,0.8018,0.019,0.0142,0.0146,0.0137,27.2,0.01,0.02,0.01,0.0,0.0,0.0
1782746731.703,0.0,0.0,0.0,0.5918,0.8018,0.019,0.0142,0.0146,0.0142,27.2,0.0,0.0,0.0,0.0,0.0,0.0
1782746736.713,0.0,0.0,0.0,0.5918,0.8018,0.019,0.0142,0.0146,0.0137,27.2,0.0,0.0,0.0,0.0,0.0,0.0
1782746741.725,0.0,0.0,0.0,0.5918,0.8018,0.019,0.0132,0.0146,0.0156,27.21,0.05,0.06,0.05,0.0,0.0,0.0
1782746746.735,0.0,0.0,0.0,0.5918,0.8018,0.019,0.0137,0.0146,0.0142,27.21,0.02,0.02,0.02,0.0,0.0,0.0
1782746751.748,0.0,0.0,0.0,0.5918,0.8018,0.019,0.0137,0.0146,0.0142,27.21,0.05,0.06,0.05,0.0,0.0,0.0
1782746756.76,0.0,0.0,0.0,0.5918,0.8018,0.019,0.0137,0.0146,0.0146,27.21,0.06,0.07,0.06,0.0,0.0,0.0
1782746761.771,0.0,0.0,0.0,0.5918,0.8018,0.019,0.0142,0.0146,0.0146,27.22,0.0,0.0,0.0,0.0,0.0,0.0
1782746766.783,0.0,0.0,0.0,0.5918,0.8018,0.019,0.0132,0.0146,0.0142,27.22,0.0,0.0,0.0,0.0,0.0,0.0
1782746771.795,0.0,0.0,0.0,0.5918,0.8018,0.019,0.0132,0.0146,0.0137,27.22,0.0,0.0,0.0,0.0,0.0,0.0
1782746776.808,0.0,0.0,0.0,0.5918,0.8018,0.019,0.0142,0.0146,0.0137,27.22,0.0,0.0,0.0,0.0,0.0,0.0
1782746781.818,0.0,0.0,0.0,0.5918,0.8018,0.019,0.0137,0.0151,0.0146,27.22,0.0,0.0,0.0,0.0,0.0,0.0
1782746786.829,0.0,0.0,0.0,0.5918,0.8018,0.019,0.0132,0.0151,0.0142,27.23,0.0,0.0,0.0,0.0,0.0,0.0
1782746791.84,0.005,0.006,0.005,0.5918,0.8018,0.019,0.0137,0.0146,0.0151,27.23,0.56,0.64,0.55,92.3,55.0,16.1
1782746796.852,0.0,0.0,0.0,0.5918,0.8018,0.019,0.0137,0.0151,0.0146,27.23,0.0,0.0,0.0,0.0,0.0,0.0
1782746801.865,0.0,0.0,0.0,0.5918,0.8018,0.019,0.0137,0.0146,0.0137,27.23,0.01,0.01,0.01,0.0,0.0,0.0
1782746806.876,0.0,0.0,0.0,0.5918,0.8018,0.019,0.0127,0.0151,0.0137,27.24,0.0,0.0,0.0,0.0,0.0,0.0
1782746811.885,0.0,0.0,0.0,0.5918,0.8018,0.019,0.0137,0.0146,0.0146,27.24,0.12,0.14,0.12,0.0,54.8,86.3
1782746816.894,0.0,0.0,0.0,0.5918,0.8018,0.019,0.0132,0.0151,0.0146,27.24,0.0,0.0,0.0,0.0,0.0,0.0
1782746821.905,0.0,0.0,0.0,0.5918,0.8018,0.019,0.0137,0.0151,0.0146,27.24,0.02,0.02,0.02,0.0,0.0,0.0
1782746826.917,0.0,0.0,0.0,0.5918,0.8018,0.019,0.0132,0.0142,0.0142,27.24,0.0,0.0,0.0,0.0,0.0,0.0
1782746831.928,0.0,0.001,0.0,0.5918,0.8018,0.019,0.0142,0.0151,0.0151,27.24,0.2,0.22,0.2,21.8,55.0,28.5
1782746836.936,0.0,0.0,0.0,0.5918,0.8018,0.019,0.0137,0.0146,0.0142,27.25,0.0,0.0,0.0,0.0,0.0,0.0
1782746841.947,0.0,0.0,0.0,0.5918,0.8018,0.019,0.0142,0.0142,0.0142,27.25,0.0,0.0,0.0,0.0,0.0,0.0
1782746846.958,0.001,0.001,0.001,0.5918,0.8018,0.019,0.0137,0.0146,0.0151,27.25,0.13,0.14,0.13,0.0,0.0,0.0
1782746851.968,0.0,0.0,0.0,0.5918,0.8018,0.019,0.0137,0.0156,0.0146,27.25,0.06,0.07,0.06,0.0,0.0,0.0
1782746856.982,0.002,0.002,0.002,0.5918,0.8018,0.019,0.0142,0.0146,0.0156,27.26,0.21,0.24,0.21,67.2,54.8,13.8
1782746861.991,0.0,0.0,0.0,0.5918,0.8018,0.019,0.0132,0.0151,0.0146,27.26,0.02,0.02,0.02,60.0,55.0,24.5
1782746867.002,0.0,0.0,0.0,0.5918,0.8018,0.019,0.0132,0.0146,0.0142,27.26,0.0,0.0,0.0,0.0,0.0,0.0
1782746872.012,0.0,0.0,0.0,0.5918,0.8018,0.019,0.0132,0.0137,0.0137,27.26,0.0,0.0,0.0,0.0,0.0,0.0
1782746877.021,0.0,0.0,0.0,0.5918,0.8018,0.019,0.0137,0.0146,0.0146,27.26,0.0,0.0,0.0,0.0,0.0,0.0
1782746882.031,0.0,0.0,0.0,0.5918,0.8018,0.019,0.0137,0.0142,0.0142,27.27,0.0,0.0,0.0,0.0,0.0,0.0
1782746887.039,0.0,0.0,0.0,0.5918,0.8018,0.019,0.0132,0.0146,0.0132,27.27,0.0,0.0,0.0,0.0,0.0,0.0
1782746892.052,0.0,0.0,0.0,0.5918,0.8018,0.019,0.0137,0.0151,0.0137,27.27,0.0,0.0,0.0,0.0,0.0,0.0
1782746897.061,0.0,0.0,0.0,0.5918,0.8018,0.019,0.0132,0.0146,0.0146,27.27,0.0,0.0,0.0,0.0,0.0,0.0
1782746902.072,0.0,0.0,0.0,0.5918,0.8018,0.019,0.0137,0.0151,0.0137,27.27,0.0,0.0,0.0,0.0,0.0,0.0
1782746907.082,0.0,0.0,0.0,0.5918,0.8018,0.019,0.0142,0.0146,0.0146,27.28,0.0,0.0,0.0,0.0,0.0,0.0
1782746912.09,0.0,0.0,0.0,0.5918,0.8018,0.019,0.0132,0.0146,0.0142,27.28,0.01,0.01,0.01,0.0,0.0,0.0
1782746917.1,0.0,0.0,0.0,0.5918,0.8018,0.019,0.0132,0.0146,0.0137,27.28,0.0,0.01,0.0,0.0,0.0,0.0
1782746922.111,0.0,0.0,0.0,0.5918,0.8018,0.019,0.0137,0.0146,0.0137,27.28,0.0,0.0,0.0,0.0,0.0,0.0
1782746927.123,0.0,0.0,0.0,0.5918,0.8018,0.019,0.0137,0.0151,0.0146,27.28,0.04,0.04,0.03,0.0,0.0,0.0
1782746932.135,0.0,0.0,0.0,0.5918,0.8018,0.019,0.0132,0.0151,0.0137,27.29,0.02,0.03,0.02,0.0,0.0,0.0
1782746937.145,0.0,0.0,0.0,0.5918,0.8018,0.019,0.0142,0.0166,0.0146,27.29,0.11,0.13,0.11,1.7,54.5,30.2
1782746942.156,0.0,0.0,0.0,0.5918,0.8018,0.019,0.0137,0.0151,0.0142,27.29,0.04,0.05,0.04,0.0,0.0,0.0
1782746947.168,0.0,0.0,0.0,0.5918,0.8018,0.019,0.0132,0.0142,0.0137,27.29,0.0,0.0,0.0,0.0,0.0,0.0
1782746952.175,0.0,0.0,0.0,0.5918,0.8018,0.019,0.0137,0.0151,0.0151,27.29,0.02,0.02,0.02,39.4,54.8,126.5
1782746957.186,0.0,0.0,0.0,0.5918,0.8018,0.019,0.0137,0.0146,0.0137,27.3,0.0,0.0,0.0,0.0,0.0,0.0
1782746962.198,0.0,0.0,0.0,0.5918,0.8018,0.019,0.0142,0.0146,0.0142,27.3,0.0,0.0,0.0,0.0,0.0,0.0
1782746967.205,0.0,0.0,0.0,0.5918,0.8018,0.019,0.0132,0.0151,0.0142,27.3,0.0,0.0,0.0,0.0,0.0,0.0
1782746972.219,0.0,0.0,0.0,0.5918,0.8018,0.019,0.0142,0.0146,0.0137,27.3,0.0,0.0,0.0,0.0,0.0,0.0
1782746977.227,0.0,0.0,0.0,0.5918,0.8018,0.019,0.0132,0.0142,0.0142,27.31,0.0,0.0,0.0,0.0,0.0,0.0
1782746982.235,0.0,0.0,0.0,0.5918,0.8018,0.019,0.0137,0.0146,0.0137,27.31,0.0,0.0,0.0,0.0,0.0,0.0
1782746987.249,0.0,0.0,0.0,0.5918,0.8018,0.019,0.0142,0.0151,0.0146,27.31,0.0,0.0,0.0,0.0,0.0,0.0
1782746992.26,0.0,0.0,0.0,0.5918,0.8018,0.019,0.0137,0.0151,0.0146,27.31,0.0,0.0,0.0,0.0,0.0,0.0
1782746997.273,0.0,0.0,0.0,0.5918,0.8018,0.019,0.0132,0.0142,0.0137,27.32,0.0,0.0,0.0,0.0,0.0,0.0
1782747002.285,0.0,0.0,0.0,0.5918,0.8018,0.019,0.0142,0.0151,0.0137,27.32,0.0,0.0,0.0,0.0,0.0,0.0
1782747007.291,0.0,0.0,0.0,0.5918,0.8018,0.019,0.0146,0.0151,0.0142,27.32,0.01,0.01,0.01,0.0,0.0,0.0
1782747012.303,0.0,0.0,0.0,0.5918,0.8018,0.019,0.0137,0.0146,0.0142,27.32,0.0,0.0,0.0,0.0,0.0,0.0
1782747017.315,0.0,0.0,0.0,0.5918,0.8018,0.019,0.0132,0.0142,0.0137,27.32,0.0,0.0,0.0,0.0,0.0,0.0
1782747022.325,0.0,0.0,0.0,0.5918,0.8018,0.019,0.0132,0.0146,0.0146,27.33,0.07,0.08,0.07,0.0,0.0,0.0
1782747027.336,0.0,0.0,0.0,0.5918,0.8018,0.019,0.0142,0.0146,0.0146,27.33,0.03,0.03,0.03,0.0,0.0,0.0
1782747032.349,0.0,0.0,0.0,0.5918,0.8018,0.019,0.0146,0.0151,0.0142,27.33,0.0,0.0,0.0,0.0,0.0,0.0
1782747037.359,0.0,0.0,0.0,0.5918,0.8018,0.019,0.0137,0.0146,0.0146,27.33,0.0,0.0,0.0,0.0,0.0,0.0
1782747042.372,0.0,0.0,0.0,0.5918,0.8018,0.019,0.0137,0.0146,0.0142,27.34,0.0,0.0,0.0,0.0,0.0,0.0
1782747047.382,0.004,0.005,0.004,0.5918,0.8018,0.019,0.0137,0.0151,0.0142,27.34,0.02,0.02,0.02,77.4,0.0,0.0
1782747052.392,0.0,0.0,0.0,0.5918,0.8018,0.019,0.0137,0.0146,0.0146,27.34,0.0,0.0,0.0,0.0,0.0,0.0
1782747057.403,0.0,0.0,0.0,0.5918,0.8018,0.019,0.0142,0.0142,0.0137,27.34,0.0,0.0,0.0,0.0,0.0,0.0
1782747062.412,0.0,0.0,0.0,0.5918,0.8018,0.019,0.0142,0.0142,0.0151,27.34,0.0,0.0,0.0,0.0,0.0,0.0
1782747067.42,0.0,0.0,0.0,0.5918,0.8018,0.019,0.0137,0.0146,0.0142,27.34,0.01,0.01,0.01,0.0,0.0,0.0
1782747072.432,0.001,0.001,0.001,0.5918,0.8018,0.019,0.0137,0.0146,0.0137,27.35,0.02,0.03,0.02,0.0,0.0,0.0
1782747077.438,0.0,0.0,0.0,0.5918,0.8018,0.019,0.0137,0.0156,0.0137,27.35,0.01,0.01,0.01,0.0,0.0,0.0
1782747082.451,0.0,0.0,0.0,0.5918,0.8018,0.019,0.0132,0.0151,0.0156,27.35,0.0,0.0,0.0,0.0,0.0,0.0
1782747087.461,0.0,0.0,0.0,0.5918,0.8018,0.019,0.0137,0.0146,0.0142,27.36,0.02,0.02,0.02,0.0,0.0,0.0
1782747092.471,0.0,0.0,0.0,0.5918,0.8018,0.019,0.0132,0.0146,0.0146,27.36,0.0,0.0,0.0,0.0,0.0,0.0
1782747097.479,0.0,0.0,0.0,0.5918,0.8018,0.019,0.0132,0.0151,0.0146,27.36,0.0,0.0,0.0,0.0,0.0,0.0
1782747102.492,0.0,0.0,0.0,0.5918,0.8018,0.019,0.0127,0.0142,0.0142,27.36,0.05,0.06,0.05,0.0,0.0,0.0
1782747107.499,0.0,0.0,0.0,0.5918,0.8018,0.019,0.0132,0.0151,0.0156,27.36,0.07,0.09,0.07,2.4,56.8,119.8
1782747112.511,0.0,0.0,0.0,0.5918,0.8018,0.019,0.0142,0.0151,0.0146,27.36,0.0,0.0,0.0,0.0,0.0,0.0
1782747117.524,0.0,0.0,0.0,0.5918,0.8018,0.019,0.0132,0.0151,0.0142,27.37,0.12,0.14,0.12,119.0,56.8,45.4
1782747122.535,0.0,0.0,0.0,0.5918,0.8018,0.019,0.0132,0.0146,0.0142,27.37,0.0,0.0,0.0,0.0,0.0,0.0
1782747127.549,0.0,0.0,0.0,0.5918,0.8018,0.019,0.0137,0.0142,0.0142,27.37,0.0,0.0,0.0,0.0,0.0,0.0
1782747132.56,0.0,0.0,0.0,0.5918,0.8018,0.019,0.0137,0.0142,0.0137,27.37,0.03,0.04,0.03,0.0,0.0,0.0
1782747137.571,0.0,0.001,0.0,0.5918,0.8018,0.019,0.0137,0.0151,0.0146,27.37,0.12,0.14,0.12,54.3,56.8,21.5
1782747142.582,0.0,0.0,0.0,0.5918,0.8018,0.019,0.0137,0.0146,0.0137,27.38,0.0,0.01,0.0,47.8,56.8,21.0
1782747147.594,0.0,0.0,0.0,0.5918,0.8018,0.019,0.0132,0.0142,0.0137,27.38,0.0,0.0,0.0,0.0,0.0,0.0
1782747152.605,0.0,0.0,0.0,0.5918,0.8018,0.019,0.0137,0.0151,0.0151,27.38,0.0,0.0,0.0,0.0,0.0,0.0
1782747157.615,0.0,0.0,0.0,0.5918,0.8018,0.019,0.0142,0.0151,0.0142,27.38,0.0,0.0,0.0,0.0,0.0,0.0
1782747162.622,0.0,0.0,0.0,0.5918,0.8018,0.019,0.0146,0.0151,0.0142,27.38,0.0,0.0,0.0,0.0,0.0,0.0
1782747167.63,0.0,0.0,0.0,0.5918,0.8018,0.019,0.0137,0.0142,0.0137,27.39,0.0,0.0,0.0,0.0,0.0,0.0
1782747172.639,0.0,0.0,0.0,0.5918,0.8018,0.019,0.0132,0.0151,0.0151,27.39,0.0,0.0,0.0,0.0,0.0,0.0
1782747177.648,0.0,0.0,0.0,0.5918,0.8018,0.019,0.0137,0.0142,0.0142,27.39,0.0,0.0,0.0,0.0,0.0,0.0
1782747182.661,0.0,0.0,0.0,0.5918,0.8018,0.019,0.0132,0.0156,0.0142,27.39,0.01,0.01,0.01,0.0,0.0,0.0
1782747187.673,0.0,0.0,0.0,0.5918,0.8018,0.019,0.0142,0.0166,0.0151,27.39,0.0,0.0,0.0,0.0,0.0,100.9
1782747192.682,0.0,0.0,0.0,0.5918,0.8018,0.019,0.0132,0.0142,0.0151,27.39,0.0,0.0,0.0,0.0,0.0,0.0
1782747197.697,0.0,0.0,0.0,0.5918,0.8018,0.019,0.0127,0.0142,0.0137,27.4,0.03,0.03,0.03,0.0,0.0,0.0
1782747202.707,0.0,0.0,0.0,0.5918,0.8018,0.019,0.0132,0.0146,0.0146,27.4,0.0,0.0,0.0,0.0,0.0,0.0
1782747207.715,0.0,0.0,0.0,0.5918,0.8018,0.019,0.0137,0.0151,0.0142,27.4,0.07,0.08,0.07,0.0,0.0,0.0
1782747212.727,0.0,0.0,0.0,0.5918,0.8018,0.019,0.0137,0.0142,0.0146,27.4,0.02,0.02,0.02,0.0,0.0,0.0
1782747217.734,0.0,0.0,0.0,0.5918,0.8018,0.019,0.0137,0.0142,0.0142,27.41,0.01,0.01,0.01,0.0,0.0,0.0
1782747222.742,0.0,0.0,0.0,0.5918,0.8018,0.019,0.0127,0.0142,0.0127,27.41,0.0,0.0,0.0,0.0,0.0,0.0
1782747227.754,0.0,0.0,0.0,0.5918,0.8018,0.019,0.0137,0.0151,0.0142,27.41,0.0,0.0,0.0,0.0,0.0,0.0
1782747232.765,0.0,0.0,0.0,0.5918,0.8018,0.019,0.0132,0.0151,0.0146,27.41,0.05,0.06,0.05,116.6,56.8,41.6
1782747237.771,0.0,0.0,0.0,0.5918,0.8018,0.019,0.0142,0.0146,0.0146,27.41,0.0,0.0,0.0,0.0,0.0,0.0
1782747242.784,0.0,0.0,0.0,0.5918,0.8018,0.019,0.0137,0.0142,0.0146,27.42,0.0,0.0,0.0,0.0,0.0,0.0
1782747247.797,0.04,0.045,0.04,0.5918,0.8018,0.019,0.0132,0.0142,0.0151,27.42,1.46,1.62,1.46,0.0,0.0,0.0
1782747252.81,0.0,0.0,0.0,0.5918,0.8018,0.019,0.0137,0.0151,0.0137,27.42,0.0,0.0,0.0,0.0,0.0,0.0
1782747257.821,0.0,0.0,0.0,0.5918,0.8018,0.019,0.0137,0.0156,0.0146,27.43,0.15,0.17,0.15,105.2,56.8,13.8
1782747262.829,0.0,0.0,0.0,0.5918,0.8018,0.019,0.0137,0.0156,0.0132,27.43,0.04,0.05,0.04,0.0,0.0,0.0
1782747267.843,0.0,0.0,0.0,0.5918,0.8018,0.019,0.0137,0.0151,0.0142,27.43,0.0,0.0,0.0,0.0,0.0,0.0
1782747272.856,0.0,0.0,0.0,0.5918,0.8018,0.019,0.0132,0.0142,0.0142,27.43,0.0,0.0,0.0,0.0,0.0,0.0
1782747277.868,0.0,0.0,0.0,0.5918,0.8018,0.019,0.0132,0.0142,0.0146,27.43,0.0,0.0,0.0,0.0,0.0,0.0
1782747282.88,0.0,0.0,0.0,0.5918,0.8018,0.019,0.0132,0.0151,0.0142,27.43,0.09,0.11,0.09,0.0,0.0,0.0
1782747287.887,0.0,0.0,0.0,0.5918,0.8018,0.019,0.0137,0.0151,0.0142,27.44,0.0,0.0,0.0,0.0,0.0,0.0
1782747292.895,0.0,0.0,0.0,0.5918,0.8018,0.019,0.0142,0.0156,0.0146,27.44,0.14,0.16,0.14,25.5,56.8,105.9
1782747297.905,0.0,0.0,0.0,0.5918,0.8018,0.019,0.0142,0.0146,0.0151,27.44,0.01,0.01,0.01,0.0,0.0,0.0
1782747302.917,0.0,0.0,0.0,0.5918,0.8018,0.019,0.0142,0.0151,0.0137,27.44,0.13,0.15,0.13,74.6,56.8,31.7
1782747307.92,0.0,0.0,0.0,0.5918,0.8018,0.019,0.0132,0.0146,0.0142,27.44,0.0,0.0,0.0,0.0,0.0,0.0
1782747312.934,0.0,0.0,0.0,0.5918,0.8018,0.019,0.0137,0.0146,0.0142,27.44,0.0,0.0,0.0,0.0,0.0,0.0
1782747317.944,0.0,0.0,0.0,0.5918,0.8018,0.019,0.0132,0.0146,0.0142,27.45,0.0,0.0,0.0,0.0,0.0,0.0
1782747322.955,0.0,0.0,0.0,0.5918,0.8018,0.019,0.0132,0.0151,0.0151,27.45,0.01,0.02,0.01,10.4,56.8,27.5
1782747327.969,0.0,0.0,0.0,0.5918,0.8018,0.019,0.0132,0.0146,0.0142,27.45,0.0,0.0,0.0,0.0,0.0,0.0
1782747332.978,0.0,0.0,0.0,0.5918,0.8018,0.019,0.0137,0.0156,0.0137,27.45,0.0,0.0,0.0,0.0,0.0,0.0
1782747337.987,0.0,0.0,0.0,0.5918,0.8018,0.019,0.0142,0.0142,0.0137,27.45,0.0,0.0,0.0,0.0,0.0,0.0
1782747342.999,0.0,0.0,0.0,0.5918,0.8018,0.019,0.0142,0.0151,0.0137,27.45,0.0,0.0,0.0,0.0,0.0,0.0
1782747348.008,0.0,0.0,0.0,0.5918,0.8018,0.019,0.0137,0.0151,0.0142,27.46,0.0,0.0,0.0,0.0,0.0,0.0
1782747353.018,0.0,0.0,0.0,0.5918,0.8018,0.019,0.0142,0.0142,0.0137,27.46,0.0,0.0,0.0,0.0,0.0,0.0
1782747358.025,0.0,0.0,0.0,0.5918,0.8018,0.019,0.0137,0.0151,0.0137,27.46,0.02,0.02,0.02,0.0,0.0,0.0
1782747363.034,0.0,0.0,0.0,0.5918,0.8018,0.019,0.0137,0.0151,0.0142,27.46,0.0,0.0,0.0,0.0,0.0,0.0
1782747368.042,0.0,0.0,0.0,0.5918,0.8018,0.019,0.0137,0.0151,0.0137,27.46,0.0,0.0,0.0,0.0,0.0,0.0
1782747373.05,0.0,0.0,0.0,0.5918,0.8018,0.019,0.0142,0.0142,0.0137,27.47,0.0,0.0,0.0,0.0,0.0,0.0
1782747378.059,0.0,0.0,0.0,0.5918,0.8018,0.019,0.0142,0.0146,0.0142,27.47,0.0,0.0,0.0,0.0,0.0,0.0
1782747383.07,0.0,0.0,0.0,0.5918,0.8018,0.019,0.0137,0.0151,0.0132,27.47,0.0,0.0,0.0,0.0,0.0,0.0
1782747388.08,0.0,0.0,0.0,0.5918,0.8018,0.019,0.0137,0.0146,0.0137,27.47,0.0,0.0,0.0,0.0,0.0,0.0
1782747393.089,0.0,0.0,0.0,0.5918,0.8018,0.019,0.0132,0.0151,0.0146,27.47,0.08,0.09,0.07,0.0,0.0,0.0
1782747398.098,0.0,0.0,0.0,0.5918,0.8018,0.019,0.0132,0.0146,0.0137,27.48,0.04,0.04,0.04,0.0,0.0,0.0
1782747403.105,0.0,0.0,0.0,0.5918,0.8018,0.019,0.0127,0.0151,0.0132,27.48,0.03,0.03,0.03,0.0,0.0,0.0
1782747408.112,0.0,0.0,0.0,0.5918,0.8018,0.019,0.0137,0.0151,0.0137,27.48,0.0,0.0,0.0,0.0,0.0,0.0
1782747413.124,0.0,0.0,0.0,0.5918,0.8018,0.019,0.0142,0.0156,0.0132,27.48,0.07,0.08,0.07,46.6,56.8,29.0
1782747418.132,0.0,0.0,0.0,0.5918,0.8018,0.019,0.0132,0.0151,0.0142,27.49,0.04,0.05,0.04,14.3,56.8,33.4
1782747423.142,0.0,0.0,0.0,0.5918,0.8018,0.019,0.0127,0.0146,0.0137,27.49,0.0,0.0,0.0,0.0,0.0,0.0
1782747428.15,0.002,0.002,0.002,0.5918,0.8018,0.019,0.0151,0.0156,0.0137,27.49,0.26,0.3,0.26,11.4,56.8,95.5
1782747433.157,0.0,0.0,0.0,0.5918,0.8018,0.019,0.0137,0.0156,0.0146,27.49,0.0,0.0,0.0,0.0,0.0,0.0
1782747438.167,0.0,0.0,0.0,0.5918,0.8018,0.019,0.0132,0.0151,0.0142,27.49,0.0,0.0,0.0,0.0,0.0,0.0
1782747443.175,0.0,0.0,0.0,0.5918,0.8018,0.019,0.0132,0.0146,0.0142,27.49,0.0,0.0,0.0,0.0,0.0,0.0
1782747448.181,0.0,0.0,0.0,0.5918,0.8018,0.019,0.0132,0.0151,0.0142,27.5,0.09,0.1,0.08,0.0,0.0,0.0
1782747453.187,0.0,0.0,0.0,0.5918,0.8018,0.019,0.0137,0.0156,0.0142,27.5,0.0,0.0,0.0,0.0,0.0,0.0
1782747458.196,0.0,0.0,0.0,0.5918,0.8018,0.019,0.0142,0.0146,0.0142,27.5,0.0,0.0,0.0,0.0,0.0,0.0
1782747463.206,0.0,0.0,0.0,0.5918,0.8018,0.019,0.0132,0.0156,0.0142,27.5,0.0,0.0,0.0,0.0,0.0,0.0
1782747468.217,0.0,0.0,0.0,0.5918,0.8018,0.019,0.0142,0.0146,0.0137,27.5,0.0,0.0,0.0,0.0,0.0,0.0
1782747473.228,0.0,0.0,0.0,0.5918,0.8018,0.019,0.0142,0.0146,0.0142,27.5,0.01,0.01,0.01,0.0,0.0,0.0
1782747478.24,0.006,0.007,0.006,0.5918,0.8018,0.019,0.0142,0.0146,0.0146,27.51,0.21,0.24,0.21,0.0,0.0,0.0
1782747483.254,0.0,0.0,0.0,0.5918,0.8018,0.019,0.0137,0.0146,0.0142,27.51,0.0,0.0,0.0,0.0,0.0,0.0
1782747488.264,0.0,0.0,0.0,0.5918,0.8018,0.019,0.0132,0.0142,0.0146,27.51,0.0,0.0,0.0,0.0,0.0,0.0
1782747493.276,0.0,0.0,0.0,0.5918,0.8018,0.019,0.0137,0.0142,0.0142,27.51,0.01,0.01,0.01,0.0,0.0,0.0
1782747498.288,0.0,0.0,0.0,0.5918,0.8018,0.019,0.0142,0.0151,0.0142,27.52,0.1,0.11,0.1,15.1,56.8,26.5
1782747503.299,0.0,0.0,0.0,0.5918,0.8018,0.019,0.0137,0.0151,0.0151,27.52,0.07,0.08,0.06,8.9,57.0,85.8
1782747508.309,0.0,0.0,0.0,0.5918,0.8018,0.019,0.0132,0.0146,0.0142,27.52,0.05,0.06,0.05,77.9,56.8,40.9
1782747513.322,0.0,0.0,0.0,0.5918,0.8018,0.019,0.0137,0.0151,0.0142,27.52,0.01,0.02,0.01,64.5,56.8,99.2
1782747518.331,0.0,0.0,0.0,0.5918,0.8018,0.019,0.0132,0.0142,0.0137,27.52,0.0,0.0,0.0,0.0,0.0,0.0
1782747523.344,0.0,0.0,0.0,0.5918,0.8018,0.019,0.0132,0.0151,0.0142,27.52,0.0,0.0,0.0,0.0,0.0,0.0
1782747528.355,0.0,0.0,0.0,0.5918,0.8018,0.019,0.0137,0.0151,0.0146,27.52,0.0,0.0,0.0,0.0,0.0,0.0
1782747533.363,0.0,0.0,0.0,0.5918,0.8018,0.019,0.0142,0.0146,0.0137,27.53,0.0,0.0,0.0,0.0,0.0,0.0
1782747538.375,0.0,0.0,0.0,0.5918,0.8018,0.019,0.0137,0.0151,0.0146,27.53,0.0,0.0,0.0,0.0,0.0,0.0
1782747543.385,0.003,0.003,0.003,0.5918,0.8018,0.019,0.0132,0.0151,0.0142,27.53,0.08,0.08,0.07,0.0,0.0,0.0
1782747548.394,0.0,0.0,0.0,0.5918,0.8018,0.019,0.0142,0.0146,0.0137,27.53,0.0,0.0,0.0,0.0,0.0,0.0
1782747553.405,0.0,0.0,0.0,0.5918,0.8018,0.019,0.0132,0.0151,0.0137,27.53,0.0,0.0,0.0,0.0,0.0,0.0
1782747558.409,0.0,0.0,0.0,0.5918,0.8018,0.019,0.0137,0.0156,0.0142,27.54,0.0,0.0,0.0,0.0,0.0,0.0
1782747563.415,0.0,0.0,0.0,0.5918,0.8018,0.019,0.0132,0.0151,0.0137,27.54,0.0,0.0,0.0,0.0,0.0,0.0
1782747568.42,0.0,0.0,0.0,0.5918,0.8018,0.019,0.0132,0.0146,0.0137,27.54,0.04,0.05,0.04,0.0,0.0,0.0
1782747573.424,0.0,0.0,0.0,0.5918,0.8018,0.019,0.0132,0.0137,0.0146,27.54,0.03,0.03,0.02,0.0,0.0,0.0
1782747578.433,0.0,0.0,0.0,0.5918,0.8018,0.019,0.0127,0.0142,0.0142,27.54,0.02,0.02,0.02,0.0,0.0,0.0
1782747583.443,0.0,0.0,0.0,0.5918,0.8018,0.019,0.0132,0.0151,0.0137,27.54,0.0,0.0,0.0,0.0,0.0,0.0
1782747588.45,0.0,0.0,0.0,0.5918,0.8018,0.019,0.0132,0.0151,0.0137,27.55,0.12,0.14,0.12,96.5,56.8,23.5
1782747593.456,0.0,0.0,0.0,0.5918,0.8018,0.019,0.0132,0.0151,0.0137,27.55,0.08,0.09,0.08,114.1,56.8,59.7
1782747598.467,0.0,0.0,0.0,0.5918,0.8018,0.019,0.0137,0.0151,0.0161,27.55,0.03,0.03,0.03,31.7,57.0,119.5
1782747603.475,0.0,0.0,0.0,0.5918,0.8018,0.019,0.0132,0.0156,0.0151,27.56,0.04,0.04,0.04,25.3,56.8,64.2
1782747608.483,0.0,0.0,0.0,0.5918,0.8018,0.019,0.0137,0.0142,0.0142,27.55,0.0,0.0,0.0,0.0,0.0,0.0
1782747613.49,0.0,0.0,0.0,0.5918,0.8018,0.019,0.0137,0.0151,0.0146,27.56,0.0,0.0,0.0,0.0,0.0,0.0
1782747618.498,0.0,0.0,0.0,0.5918,0.8018,0.019,0.0137,0.0151,0.0146,27.56,0.0,0.0,0.0,0.0,0.0,0.0
1782747623.507,0.0,0.0,0.0,0.5918,0.8018,0.019,0.0132,0.0146,0.0142,27.56,0.0,0.0,0.0,0.0,0.0,0.0
1782747628.517,0.0,0.0,0.0,0.5918,0.8018,0.019,0.0137,0.0151,0.0156,27.56,0.11,0.13,0.11,0.9,56.8,88.0
1782747633.525,0.0,0.0,0.0,0.5918,0.8018,0.019,0.0132,0.0142,0.0142,27.56,0.0,0.0,0.0,0.0,0.0,0.0
1782747638.535,0.0,0.0,0.0,0.5918,0.8018,0.019,0.0142,0.0156,0.0137,27.57,0.0,0.0,0.0,0.0,0.0,0.0
1782747643.539,0.0,0.0,0.0,0.5918,0.8018,0.019,0.0137,0.0146,0.0137,27.57,0.04,0.05,0.04,0.0,0.0,0.0
1782747648.548,0.0,0.0,0.0,0.5918,0.8018,0.019,0.0137,0.0142,0.0146,27.57,0.0,0.0,0.0,0.0,0.0,0.0
1782747653.556,0.001,0.002,0.001,0.5918,0.8018,0.019,0.0132,0.0146,0.0142,27.57,0.05,0.05,0.05,0.0,0.0,0.0
1782747658.56,0.0,0.0,0.0,0.5918,0.8018,0.019,0.0127,0.0142,0.0137,27.57,0.0,0.0,0.0,0.0,0.0,0.0
1782747663.564,0.0,0.0,0.0,0.5918,0.8018,0.019,0.0132,0.0142,0.0151,27.58,0.0,0.0,0.0,0.0,0.0,0.0
1782747668.575,0.0,0.0,0.0,0.5918,0.8018,0.019,0.0142,0.0146,0.0142,27.58,0.0,0.0,0.0,0.0,0.0,0.0
1782747673.581,0.0,0.0,0.0,0.5918,0.8018,0.019,0.0132,0.0146,0.0146,27.58,0.0,0.0,0.0,0.0,0.0,0.0
1782747678.591,0.0,0.0,0.0,0.5918,0.8018,0.019,0.0146,0.0146,0.0146,27.58,0.0,0.0,0.0,0.0,0.0,0.0
1782747683.599,0.0,0.0,0.0,0.5918,0.8018,0.019,0.0137,0.0151,0.0151,27.58,0.08,0.08,0.07,9.4,56.8,103.7
1782747688.605,0.0,0.0,0.0,0.5918,0.8018,0.019,0.0142,0.0146,0.0146,27.59,0.08,0.09,0.07,0.0,0.0,66.7
1782747693.615,0.002,0.002,0.002,0.5918,0.8018,0.019,0.0142,0.0142,0.0127,27.59,0.15,0.16,0.14,0.0,0.0,0.0
1782747698.623,0.0,0.0,0.0,0.5918,0.8018,0.019,0.0132,0.0151,0.0151,27.59,0.02,0.02,0.02,0.0,0.0,0.0
1782747703.629,0.0,0.0,0.0,0.5918,0.8018,0.019,0.0137,0.0151,0.0146,27.59,0.01,0.02,0.01,101.2,56.8,68.2
1782747708.637,0.0,0.0,0.0,0.5918,0.8018,0.019,0.0142,0.0151,0.0137,27.59,0.0,0.0,0.0,0.0,0.0,0.0
1782747713.646,0.0,0.0,0.0,0.5918,0.8018,0.019,0.0142,0.0151,0.0151,27.59,0.0,0.0,0.0,0.0,0.0,0.0
1782747718.652,0.013,0.014,0.012,0.5918,0.8018,0.019,0.0137,0.0146,0.0146,27.6,0.17,0.18,0.16,0.0,0.0,0.0
1782747723.66,0.0,0.0,0.0,0.5918,0.8018,0.019,0.0132,0.0151,0.0151,27.6,0.0,0.0,0.0,0.0,0.0,0.0
1782747728.668,0.0,0.0,0.0,0.5918,0.8018,0.019,0.0132,0.0146,0.0142,27.6,0.0,0.0,0.0,0.0,0.0,0.0
1782747733.677,0.0,0.0,0.0,0.5918,0.8018,0.019,0.0127,0.0161,0.0137,27.6,0.0,0.0,0.0,0.0,0.0,0.0
1782747738.687,0.0,0.0,0.0,0.5918,0.8018,0.019,0.0137,0.0142,0.0137,27.6,0.0,0.0,0.0,0.0,0.0,0.0
1782747743.696,0.0,0.0,0.0,0.5918,0.8018,0.019,0.0132,0.0151,0.0146,27.61,0.06,0.07,0.06,0.0,0.0,0.0
1782747748.704,0.0,0.0,0.0,0.5918,0.8018,0.019,0.0142,0.0151,0.0142,27.61,0.0,0.0,0.0,0.0,0.0,0.0
1782747753.712,0.0,0.0,0.0,0.5918,0.8018,0.019,0.0132,0.0142,0.0146,27.61,0.0,0.0,0.0,0.0,0.0,0.0
1782747758.716,0.0,0.0,0.0,0.5918,0.8018,0.019,0.0137,0.0146,0.0142,27.61,0.0,0.0,0.0,0.0,0.0,0.0
1782747763.727,0.0,0.0,0.0,0.5918,0.8018,0.019,0.0127,0.0142,0.0146,27.61,0.01,0.01,0.01,0.0,0.0,0.0
1782747768.738,0.0,0.0,0.0,0.5918,0.8018,0.019,0.0137,0.0146,0.0132,27.61,0.06,0.06,0.06,0.0,0.0,0.0
1782747773.743,0.0,0.0,0.0,0.5918,0.8018,0.019,0.0137,0.0146,0.0137,27.61,0.03,0.03,0.03,0.0,0.0,0.0
1782747778.756,0.0,0.0,0.0,0.5918,0.8018,0.019,0.0132,0.0151,0.0146,27.62,0.01,0.01,0.01,0.0,0.0,0.0
1782747783.767,0.0,0.0,0.0,0.5918,0.8018,0.019,0.0132,0.0151,0.0137,27.62,0.1,0.11,0.1,0.0,56.8,34.9
1782747788.78,0.0,0.0,0.0,0.5918,0.8018,0.019,0.0142,0.0142,0.0146,27.62,0.0,0.0,0.0,0.0,0.0,0.0
1782747793.792,0.0,0.0,0.0,0.5918,0.8018,0.019,0.0142,0.0137,0.0151,27.62,0.0,0.0,0.0,0.0,0.0,0.0
1782747798.798,0.0,0.0,0.0,0.5918,0.8018,0.019,0.0132,0.0156,0.0137,27.62,0.0,0.0,0.0,0.0,0.0,0.0
1782747803.803,0.0,0.0,0.0,0.5918,0.8018,0.019,0.0137,0.0151,0.0142,27.63,0.0,0.0,0.0,0.0,0.0,0.0
1782747808.817,0.0,0.0,0.0,0.5918,0.8018,0.019,0.0127,0.0151,0.0142,27.63,0.0,0.0,0.0,0.0,0.0,0.0
1782747813.825,0.0,0.0,0.0,0.5918,0.8018,0.019,0.0132,0.0151,0.0142,27.63,0.0,0.0,0.0,0.0,0.0,0.0
1782747818.837,0.0,0.0,0.0,0.5918,0.8018,0.019,0.0137,0.0156,0.0137,27.63,0.0,0.0,0.0,0.0,0.0,0.0
1782747823.847,0.0,0.0,0.0,0.5918,0.8018,0.019,0.0132,0.0151,0.0146,27.63,0.0,0.0,0.0,0.0,0.0,0.0
1782747828.857,0.0,0.0,0.0,0.5918,0.8018,0.019,0.0127,0.0151,0.0137,27.63,0.02,0.02,0.02,0.0,0.0,0.0
1782747833.867,0.0,0.0,0.0,0.5918,0.8018,0.019,0.0137,0.0151,0.0156,27.63,0.0,0.0,0.0,0.0,0.0,0.0
1782747838.877,0.0,0.0,0.0,0.5918,0.8018,0.019,0.0137,0.0156,0.0146,27.64,0.15,0.17,0.15,19.8,56.8,25.5
1782747843.886,0.0,0.0,0.0,0.5918,0.8018,0.019,0.0127,0.0151,0.0132,27.64,0.14,0.17,0.14,100.9,56.8,25.3
1782747848.9,0.0,0.0,0.0,0.5918,0.8018,0.019,0.0127,0.0151,0.0132,27.64,0.1,0.11,0.1,0.0,0.0,0.0
1782747853.91,0.0,0.0,0.0,0.5918,0.8018,0.019,0.0132,0.0146,0.0137,27.64,0.01,0.01,0.01,0.0,0.0,0.0
1782747858.921,0.0,0.0,0.0,0.5918,0.8018,0.019,0.0137,0.0137,0.0142,27.64,0.01,0.01,0.01,0.0,0.0,0.0
1782747863.932,0.0,0.0,0.0,0.5918,0.8018,0.019,0.0132,0.0146,0.0146,27.64,0.0,0.0,0.0,0.0,0.0,0.0
1782747868.938,0.0,0.0,0.0,0.5918,0.8018,0.019,0.0137,0.0146,0.0142,27.64,0.0,0.0,0.0,0.0,0.0,0.0
1782747873.947,0.0,0.0,0.0,0.5918,0.8018,0.019,0.0137,0.0142,0.0142,27.65,0.05,0.06,0.05,0.0,0.0,0.0
1782747878.961,0.0,0.0,0.0,0.5918,0.8018,0.019,0.0132,0.0142,0.0146,27.65,0.0,0.0,0.0,0.0,0.0,0.0
1782747883.971,0.0,0.0,0.0,0.5918,0.8018,0.019,0.0137,0.0156,0.0142,27.65,0.04,0.05,0.04,111.9,56.5,76.1
1782747888.983,0.0,0.0,0.0,0.5918,0.8018,0.019,0.0132,0.0156,0.0137,27.65,0.01,0.02,0.01,104.4,56.8,22.0
1782747893.991,0.0,0.0,0.0,0.5918,0.8018,0.019,0.0142,0.0151,0.0137,27.66,0.0,0.0,0.0,0.0,0.0,0.0
1782747898.998,0.0,0.0,0.0,0.5918,0.8018,0.019,0.0137,0.0142,0.0146,27.66,0.0,0.0,0.0,0.0,0.0,0.0
1782747904.01,0.0,0.0,0.0,0.5918,0.8018,0.019,0.0142,0.0151,0.0142,27.66,0.0,0.0,0.0,0.0,0.0,0.0
1782747909.023,0.0,0.0,0.0,0.5918,0.8018,0.019,0.0142,0.0146,0.0146,27.66,0.0,0.0,0.0,0.0,0.0,0.0
1782747914.031,0.0,0.0,0.0,0.5918,0.8018,0.019,0.0137,0.0156,0.0142,27.66,0.0,0.0,0.0,0.0,0.0,0.0
1782747919.04,0.0,0.0,0.0,0.5918,0.8018,0.019,0.0137,0.0151,0.0132,27.66,0.0,0.0,0.0,0.0,0.0,0.0
1782747924.054,0.0,0.0,0.0,0.5918,0.8018,0.019,0.0137,0.0146,0.0142,27.66,0.0,0.0,0.0,0.0,0.0,0.0
1782747929.067,0.0,0.0,0.0,0.5918,0.8018,0.019,0.0127,0.0146,0.0137,27.67,0.0,0.0,0.0,0.0,0.0,0.0
1782747934.08,0.0,0.0,0.0,0.5918,0.8018,0.019,0.0142,0.0151,0.0146,27.67,0.0,0.0,0.0,0.0,0.0,0.0
1782747939.087,0.0,0.0,0.0,0.5918,0.8018,0.019,0.0137,0.0151,0.0132,27.67,0.0,0.0,0.0,0.0,0.0,0.0
1782747944.094,0.0,0.0,0.0,0.5918,0.8018,0.019,0.0137,0.0151,0.0142,27.67,0.0,0.0,0.0,0.0,0.0,0.0
1782747949.104,0.0,0.0,0.0,0.5918,0.8018,0.019,0.0137,0.0151,0.0142,27.67,0.0,0.0,0.0,0.0,0.0,0.0
1782747954.115,0.0,0.0,0.0,0.5918,0.8018,0.019,0.0127,0.0156,0.0142,27.68,0.02,0.02,0.02,0.0,0.0,0.0
1782747959.126,0.0,0.0,0.0,0.5918,0.8018,0.019,0.0127,0.0146,0.0137,27.67,0.03,0.04,0.03,0.0,0.0,0.0
1782747964.134,0.0,0.0,0.0,0.5918,0.8018,0.019,0.0132,0.0142,0.0151,27.68,0.13,0.15,0.13,0.0,0.0,45.9
1782747969.144,0.0,0.0,0.0,0.5918,0.8018,0.019,0.0132,0.0151,0.0142,27.68,0.02,0.02,0.02,0.0,0.0,0.0
1782747974.154,0.0,0.0,0.0,0.5918,0.8018,0.019,0.0137,0.0146,0.0142,27.68,0.05,0.06,0.05,0.0,0.0,0.0
1782747979.168,0.0,0.0,0.0,0.5918,0.8018,0.019,0.0137,0.0151,0.0137,27.68,0.05,0.06,0.05,56.5,56.5,99.9
1782747984.175,0.0,0.0,0.0,0.5918,0.8018,0.019,0.0137,0.0146,0.0142,27.68,0.02,0.02,0.02,89.5,56.5,77.4
1782747989.187,0.0,0.0,0.0,0.5918,0.8018,0.019,0.0146,0.0146,0.0137,27.69,0.0,0.0,0.0,0.0,0.0,0.0
1782747994.2,0.0,0.0,0.0,0.5918,0.8018,0.019,0.0142,0.0146,0.0137,27.69,0.0,0.0,0.0,0.0,0.0,0.0
1782747999.21,0.085,0.098,0.083,0.5918,0.8018,0.019,0.0137,0.0146,0.0146,27.69,0.44,0.49,0.43,0.4,56.5,37.7
1782748004.217,0.0,0.0,0.0,0.5918,0.8018,0.019,0.0137,0.0146,0.0137,27.69,0.0,0.0,0.0,0.0,0.0,0.0
1782748009.226,0.0,0.0,0.0,0.5918,0.8018,0.019,0.0137,0.0146,0.0142,27.69,0.0,0.0,0.0,0.0,0.0,0.0
1782748014.232,0.0,0.0,0.0,0.5918,0.8018,0.019,0.0137,0.0146,0.0137,27.69,0.0,0.0,0.0,0.0,0.0,0.0
1782748019.246,0.0,0.0,0.0,0.5918,0.8018,0.019,0.0127,0.0146,0.0142,27.7,0.0,0.0,0.0,0.0,0.0,0.0
1782748024.257,0.0,0.0,0.0,0.5918,0.8018,0.019,0.0137,0.0137,0.0146,27.7,0.0,0.0,0.0,0.0,0.0,0.0
1782748029.266,0.0,0.0,0.0,0.5918,0.8018,0.019,0.0137,0.0146,0.0137,27.7,0.0,0.0,0.0,0.0,0.0,0.0
1782748034.279,0.0,0.0,0.0,0.5918,0.8018,0.019,0.0132,0.0146,0.0142,27.7,0.0,0.0,0.0,0.0,0.0,0.0
1782748039.289,0.0,0.0,0.0,0.5918,0.8018,0.019,0.0137,0.0146,0.0142,27.7,0.0,0.0,0.0,0.0,0.0,0.0
1782748044.303,0.0,0.0,0.0,0.5918,0.8018,0.019,0.0132,0.0151,0.0137,27.71,0.03,0.03,0.02,0.0,0.0,0.0
1782748049.315,0.0,0.0,0.0,0.5918,0.8018,0.019,0.0132,0.0151,0.0132,27.71,0.03,0.03,0.03,0.0,0.0,0.0
1782748054.323,0.0,0.0,0.0,0.5918,0.8018,0.019,0.0142,0.0151,0.0142,27.71,0.0,0.0,0.0,0.0,0.0,0.0
1782748059.332,0.0,0.0,0.0,0.5918,0.8018,0.019,0.0132,0.0151,0.0132,27.71,0.0,0.0,0.0,0.0,0.0,0.0
1782748064.342,0.0,0.0,0.0,0.5918,0.8018,0.019,0.0132,0.0142,0.0146,27.71,0.0,0.0,0.0,0.0,0.0,0.0
1782748069.354,0.0,0.0,0.0,0.5918,0.8018,0.019,0.0132,0.0151,0.0142,27.71,0.08,0.09,0.07,89.3,56.8,103.7
1782748074.363,0.014,0.016,0.014,0.5918,0.8018,0.019,0.0142,0.0146,0.0142,27.71,0.52,0.59,0.52,7.1,56.5,5.7
1782748079.374,0.0,0.0,0.0,0.5918,0.8018,0.019,0.0142,0.0137,0.0142,27.72,0.0,0.0,0.0,0.0,0.0,0.0
1782748084.385,0.0,0.0,0.0,0.5918,0.8018,0.019,0.0137,0.0137,0.0151,27.72,0.0,0.0,0.0,0.0,0.0,0.0
1782748089.393,0.0,0.0,0.0,0.5918,0.8018,0.019,0.0137,0.0137,0.0146,27.72,0.0,0.0,0.0,0.0,0.0,0.0
1782748094.406,0.0,0.0,0.0,0.5918,0.8018,0.019,0.0132,0.0151,0.0151,27.72,0.0,0.0,0.0,0.0,0.0,0.0
1782748099.417,0.0,0.0,0.0,0.5918,0.8018,0.019,0.0132,0.0151,0.0142,27.73,0.0,0.0,0.0,0.0,0.0,0.0
1782748104.428,0.0,0.0,0.0,0.5918,0.8018,0.019,0.0132,0.0151,0.0151,27.73,0.0,0.0,0.0,0.0,0.0,0.0
1782748109.438,0.0,0.0,0.0,0.5918,0.8018,0.019,0.0132,0.0151,0.0142,27.73,0.01,0.01,0.01,0.0,0.0,0.0
1782748114.45,0.0,0.0,0.0,0.5918,0.8018,0.019,0.0137,0.0151,0.0146,27.73,0.0,0.0,0.0,0.0,0.0,0.0
1782748119.463,0.0,0.0,0.0,0.5918,0.8018,0.019,0.0137,0.0142,0.0142,27.73,0.0,0.0,0.0,0.0,0.0,0.0
1782748124.472,0.0,0.0,0.0,0.5918,0.8018,0.019,0.0127,0.0146,0.0132,27.73,0.0,0.0,0.0,0.0,0.0,0.0
1782748129.483,0.0,0.0,0.0,0.5918,0.8018,0.019,0.0137,0.0142,0.0142,27.73,0.0,0.0,0.0,0.0,0.0,0.0
1782748134.499,0.0,0.0,0.0,0.5918,0.8018,0.019,0.0137,0.0142,0.0142,27.74,0.0,0.0,0.0,0.0,0.0,0.0
1782748139.511,0.0,0.0,0.0,0.5918,0.8018,0.019,0.0142,0.0142,0.0151,27.74,0.0,0.0,0.0,0.0,0.0,0.0
1782748144.519,0.0,0.0,0.0,0.5918,0.8018,0.019,0.0142,0.0146,0.0132,27.74,0.02,0.02,0.01,0.0,0.0,0.0
1782748149.529,0.0,0.0,0.0,0.5918,0.8018,0.019,0.0132,0.0146,0.0142,27.74,0.0,0.0,0.0,0.0,0.0,0.0
1782748154.536,0.0,0.0,0.0,0.5918,0.8018,0.019,0.0132,0.0151,0.0142,27.74,0.09,0.11,0.09,0.0,0.0,0.0
1782748159.545,0.0,0.0,0.0,0.5918,0.8018,0.019,0.0132,0.0151,0.0146,27.74,0.09,0.1,0.08,73.1,56.5,116.1
1782748164.556,0.0,0.0,0.0,0.5918,0.8018,0.019,0.0146,0.0146,0.0146,27.75,0.02,0.02,0.02,0.0,0.0,0.0
1782748169.564,0.0,0.0,0.0,0.5918,0.8018,0.019,0.0137,0.0146,0.0142,27.75,0.0,0.0,0.0,0.0,0.0,0.0
1782748174.572,0.0,0.0,0.0,0.5918,0.8018,0.019,0.0137,0.0142,0.0137,27.75,0.0,0.0,0.0,0.0,0.0,0.0
1782748179.581,0.0,0.0,0.0,0.5918,0.8018,0.019,0.0137,0.0146,0.0142,27.75,0.0,0.0,0.0,0.0,0.0,0.0
1782748184.589,0.0,0.0,0.0,0.5918,0.8018,0.019,0.0137,0.0146,0.0151,27.75,0.0,0.0,0.0,0.0,0.0,0.0
1782748189.6,0.0,0.0,0.0,0.5918,0.8018,0.019,0.0127,0.0146,0.0137,27.75,0.0,0.0,0.0,0.0,0.0,0.0
1782748194.61,0.0,0.0,0.0,0.5918,0.8018,0.019,0.0137,0.0146,0.0142,27.76,0.0,0.0,0.0,0.0,0.0,0.0
1782748199.621,0.0,0.0,0.0,0.5918,0.8018,0.019,0.0137,0.0146,0.0146,27.76,0.0,0.0,0.0,0.0,0.0,0.0
1782748204.634,0.0,0.0,0.0,0.5918,0.8018,0.019,0.0137,0.0151,0.0142,27.76,0.0,0.0,0.0,0.0,0.0,0.0
1782748209.645,0.0,0.0,0.0,0.5918,0.8018,0.019,0.0137,0.0142,0.0146,27.76,0.0,0.0,0.0,0.0,0.0,0.0
1782748214.656,0.0,0.0,0.0,0.5918,0.8018,0.019,0.0142,0.0156,0.0146,27.76,0.02,0.03,0.02,0.0,0.0,0.0
1782748219.666,0.0,0.0,0.0,0.5918,0.8018,0.019,0.0142,0.0156,0.0137,27.77,0.15,0.17,0.15,109.1,56.5,17.8
1782748224.676,0.0,0.0,0.0,0.5918,0.8018,0.019,0.0127,0.0151,0.0137,27.76,0.04,0.04,0.04,0.0,0.0,0.0
1782748229.684,0.0,0.0,0.0,0.5918,0.8018,0.019,0.0132,0.0142,0.0137,27.77,0.01,0.01,0.01,0.0,0.0,0.0
1782748234.701,0.0,0.0,0.0,0.5918,0.8018,0.019,0.0146,0.0151,0.0137,27.77,0.02,0.03,0.02,0.0,0.0,0.0
1782748239.711,0.0,0.0,0.0,0.5918,0.8018,0.019,0.0132,0.0142,0.0142,27.77,0.0,0.0,0.0,0.0,0.0,0.0
1782748244.718,0.0,0.0,0.0,0.5918,0.8018,0.019,0.0132,0.0142,0.0142,27.77,0.03,0.03,0.02,0.0,0.0,0.0
1782748249.724,0.0,0.0,0.0,0.5918,0.8018,0.019,0.0132,0.0146,0.0151,27.78,0.12,0.14,0.12,0.0,0.0,0.0
1782748254.728,0.0,0.0,0.0,0.5918,0.8018,0.019,0.0132,0.0146,0.0137,27.78,0.04,0.05,0.04,0.0,0.0,0.0
1782748259.738,0.0,0.0,0.0,0.5918,0.8018,0.019,0.0146,0.0156,0.0146,27.78,0.05,0.06,0.05,93.5,56.3,117.8
1782748264.746,0.0,0.0,0.0,0.5918,0.8018,0.019,0.0132,0.0146,0.0137,27.78,0.0,0.0,0.0,0.0,0.0,0.0
1782748269.752,0.0,0.0,0.0,0.5918,0.8018,0.019,0.0132,0.0142,0.0137,27.79,0.0,0.0,0.0,0.0,0.0,0.0
1782748274.763,0.0,0.0,0.0,0.5918,0.8018,0.019,0.0132,0.0142,0.0137,27.79,0.0,0.0,0.0,0.0,0.0,0.0
1782748279.772,0.0,0.0,0.0,0.5918,0.8018,0.019,0.0132,0.0146,0.0137,27.79,0.0,0.0,0.0,0.0,0.0,0.0
1782748284.779,0.0,0.0,0.0,0.5918,0.8018,0.019,0.0137,0.0142,0.0146,27.79,0.0,0.0,0.0,0.0,0.0,0.0
1782748289.785,0.0,0.0,0.0,0.5918,0.8018,0.019,0.0137,0.0146,0.0146,27.8,0.09,0.1,0.09,0.0,0.0,0.0
1782748294.793,0.004,0.004,0.004,0.5918,0.8018,0.019,0.0142,0.0137,0.0142,27.8,0.06,0.07,0.06,0.0,0.0,0.0
1782748299.801,0.0,0.0,0.0,0.5918,0.8018,0.019,0.0132,0.0142,0.0146,27.8,0.0,0.0,0.0,0.0,0.0,0.0
1782748304.812,0.0,0.0,0.0,0.5918,0.8018,0.019,0.0137,0.0146,0.0137,27.8,0.0,0.0,0.0,0.0,0.0,0.0
1782748309.821,0.0,0.0,0.0,0.5918,0.8018,0.019,0.0137,0.0146,0.0137,27.81,0.0,0.0,0.0,0.0,0.0,0.0
1782748314.829,0.0,0.0,0.0,0.5918,0.8018,0.019,0.0127,0.0146,0.0146,27.81,0.02,0.02,0.02,0.0,0.0,0.0
1782748319.837,0.0,0.0,0.0,0.5918,0.8018,0.019,0.0137,0.0151,0.0142,27.81,0.0,0.0,0.0,0.0,0.0,0.0
1782748324.845,0.0,0.0,0.0,0.5918,0.8018,0.019,0.0142,0.0146,0.0132,27.81,0.0,0.0,0.0,0.0,0.0,0.0
1782748329.853,0.0,0.0,0.0,0.5918,0.8018,0.019,0.0132,0.0142,0.0137,27.81,0.0,0.0,0.0,0.0,0.0,0.0
1782748334.862,0.0,0.0,0.0,0.5918,0.8018,0.019,0.0132,0.0151,0.0146,27.81,0.01,0.01,0.01,0.0,0.0,0.0
1782748339.87,0.0,0.0,0.0,0.5918,0.8018,0.019,0.0137,0.0146,0.0137,27.81,0.0,0.0,0.0,0.0,0.0,0.0
1782748344.876,0.0,0.0,0.0,0.5918,0.8018,0.019,0.0137,0.0146,0.0146,27.82,0.03,0.04,0.03,0.0,0.0,0.0
1782748349.886,0.0,0.0,0.0,0.5918,0.8018,0.019,0.0137,0.0146,0.0137,27.81,0.0,0.0,0.0,0.0,0.0,0.0
1782748354.896,0.0,0.0,0.0,0.5918,0.8018,0.019,0.0142,0.0151,0.0151,27.82,0.05,0.06,0.05,69.7,56.5,81.8
1782748359.908,0.0,0.0,0.0,0.5918,0.8018,0.019,0.0142,0.0146,0.0142,27.82,0.0,0.0,0.0,0.0,0.0,0.0
1782748364.915,0.0,0.0,0.0,0.5918,0.8018,0.019,0.0142,0.0146,0.0146,27.82,0.0,0.0,0.0,0.0,0.0,0.0
1782748369.921,0.0,0.0,0.0,0.5918,0.8018,0.019,0.0137,0.0146,0.0146,27.82,0.0,0.0,0.0,0.0,0.0,0.0
1782748374.937,0.0,0.0,0.0,0.5918,0.8018,0.019,0.0137,0.0151,0.0137,27.82,0.0,0.0,0.0,0.0,0.0,0.0
1782748379.941,0.0,0.0,0.0,0.5918,0.8018,0.019,0.0137,0.0151,0.0142,27.82,0.0,0.0,0.0,0.0,0.0,0.0
1782748384.953,0.0,0.0,0.0,0.5918,0.8018,0.019,0.0137,0.0151,0.0142,27.83,0.0,0.0,0.0,0.0,0.0,0.0
1782748389.965,0.0,0.0,0.0,0.5918,0.8018,0.019,0.0132,0.0151,0.0142,27.83,0.0,0.0,0.0,0.0,0.0,0.0
1782748394.975,0.0,0.0,0.0,0.5918,0.8018,0.019,0.0132,0.0146,0.0137,27.83,0.0,0.0,0.0,0.0,0.0,0.0
1782748399.984,0.0,0.0,0.0,0.5918,0.8018,0.019,0.0142,0.0146,0.0151,27.83,0.0,0.0,0.0,0.0,0.0,0.0
1782748404.996,0.0,0.0,0.0,0.5918,0.8018,0.019,0.0137,0.0151,0.0137,27.83,0.0,0.0,0.0,0.0,0.0,0.0
1782748410.006,0.0,0.0,0.0,0.5918,0.8018,0.019,0.0137,0.0146,0.0146,27.83,0.0,0.0,0.0,0.0,0.0,0.0
1782748415.017,0.0,0.0,0.0,0.5918,0.8018,0.019,0.0132,0.0151,0.0146,27.83,0.0,0.0,0.0,0.0,0.0,0.0
1782748420.029,0.0,0.0,0.0,0.5918,0.8018,0.019,0.0142,0.0146,0.0137,27.83,0.0,0.0,0.0,0.0,0.0,0.0
1782748425.038,0.0,0.0,0.0,0.5918,0.8018,0.019,0.0132,0.0151,0.0132,27.84,0.0,0.0,0.0,0.0,0.0,0.0
1782748430.048,0.0,0.0,0.0,0.5918,0.8018,0.019,0.0137,0.0146,0.0142,27.84,0.03,0.03,0.03,0.0,0.0,0.0
1782748435.062,0.0,0.0,0.0,0.5918,0.8018,0.019,0.0132,0.0146,0.0142,27.84,0.05,0.06,0.05,0.0,0.0,0.0
1782748440.071,0.0,0.0,0.0,0.5918,0.8018,0.019,0.0132,0.0142,0.0137,27.84,0.01,0.01,0.01,0.0,0.0,0.0
1782748445.084,0.0,0.0,0.0,0.5918,0.8018,0.019,0.0137,0.0146,0.0151,27.84,0.13,0.14,0.12,60.5,56.3,40.4
1782748450.088,0.0,0.0,0.0,0.5918,0.8018,0.019,0.0137,0.0151,0.0146,27.84,0.08,0.1,0.08,60.2,56.3,12.9
1782748455.1,0.0,0.0,0.0,0.5918,0.8018,0.019,0.0132,0.0151,0.0142,27.84,0.0,0.0,0.0,0.0,0.0,0.0
1782748460.113,0.0,0.0,0.0,0.5918,0.8018,0.019,0.0132,0.0146,0.0142,27.84,0.0,0.0,0.0,0.0,0.0,0.0
1782748465.123,0.0,0.0,0.0,0.5918,0.8018,0.019,0.0137,0.0146,0.0142,27.85,0.0,0.0,0.0,0.0,0.0,0.0
1782748470.137,0.0,0.0,0.0,0.5918,0.8018,0.019,0.0137,0.0146,0.0137,27.85,0.0,0.0,0.0,0.0,0.0,0.0
1782748475.146,0.0,0.0,0.0,0.5918,0.8018,0.019,0.0142,0.0142,0.0146,27.85,0.0,0.0,0.0,0.0,0.0,0.0
1782748480.156,0.0,0.0,0.0,0.5918,0.8018,0.019,0.0142,0.0142,0.0142,27.85,0.0,0.0,0.0,0.0,0.0,0.0
1782748485.166,0.0,0.0,0.0,0.5918,0.8018,0.019,0.0137,0.0146,0.0137,27.85,0.0,0.0,0.0,0.0,0.0,0.0
1782748490.178,0.0,0.0,0.0,0.5918,0.8018,0.019,0.0142,0.0146,0.0137,27.86,0.0,0.0,0.0,0.0,0.0,0.0
1782748495.188,0.0,0.0,0.0,0.5918,0.8018,0.019,0.0132,0.0151,0.0142,27.86,0.1,0.12,0.1,0.0,0.0,0.0
1782748500.197,0.0,0.0,0.0,0.5918,0.8018,0.019,0.0142,0.0142,0.0146,27.86,0.0,0.0,0.0,0.0,0.0,0.0
1782748505.209,0.0,0.0,0.0,0.5918,0.8018,0.019,0.0132,0.0151,0.0151,27.86,0.0,0.0,0.0,0.0,0.0,0.0
1782748510.219,0.0,0.0,0.0,0.5918,0.8018,0.019,0.0132,0.0142,0.0137,27.86,0.05,0.05,0.04,0.0,0.0,0.0
1782748515.23,0.0,0.0,0.0,0.5918,0.8018,0.019,0.0132,0.0146,0.0146,27.86,0.0,0.0,0.0,0.0,0.0,0.0
1782748520.235,0.0,0.0,0.0,0.5918,0.8018,0.019,0.0132,0.0146,0.0161,27.86,0.0,0.0,0.0,0.0,0.0,0.0
1782748525.247,0.35,0.389,0.342,0.5918,0.8018,0.019,0.0137,0.0146,0.0142,27.87,0.58,0.65,0.57,0.0,0.0,0.0
1782748530.259,0.0,0.0,0.0,0.5918,0.8018,0.019,0.0137,0.0146,0.0137,27.87,0.0,0.0,0.0,0.0,0.0,0.0
1782748535.271,0.0,0.0,0.0,0.5918,0.8018,0.019,0.0132,0.0151,0.0142,27.87,0.1,0.11,0.1,0.0,0.0,0.0
1782748540.284,0.0,0.0,0.0,0.5918,0.8018,0.019,0.0137,0.0151,0.0142,27.87,0.03,0.03,0.03,11.4,56.3,12.6
1782748545.295,0.0,0.0,0.0,0.5918,0.8018,0.019,0.0132,0.0146,0.0137,27.87,0.0,0.0,0.0,0.0,0.0,0.0
1782748550.304,0.0,0.0,0.0,0.5918,0.8018,0.019,0.0132,0.0151,0.0151,27.88,0.0,0.0,0.0,0.0,0.0,0.0
1782748555.316,0.0,0.0,0.0,0.5918,0.8018,0.019,0.0137,0.0156,0.0142,27.87,0.0,0.0,0.0,0.0,0.0,0.0
1782748560.326,0.0,0.0,0.0,0.5918,0.8018,0.019,0.0137,0.0146,0.0137,27.88,0.0,0.0,0.0,0.0,0.0,0.0
1782748565.338,0.0,0.0,0.0,0.5918,0.8018,0.019,0.0132,0.0142,0.0142,27.88,0.0,0.0,0.0,0.0,0.0,0.0
1782748570.348,0.0,0.0,0.0,0.5918,0.8018,0.019,0.0137,0.0151,0.0142,27.88,0.0,0.0,0.0,0.0,0.0,0.0
1782748575.358,0.0,0.0,0.0,0.5918,0.8018,0.019,0.0127,0.0142,0.0132,27.88,0.0,0.0,0.0,0.0,0.0,0.0
1782748580.368,0.0,0.0,0.0,0.5918,0.8018,0.019,0.0132,0.0146,0.0142,27.88,0.0,0.0,0.0,0.0,0.0,0.0
1782748585.382,0.0,0.0,0.0,0.5918,0.8018,0.019,0.0137,0.0151,0.0137,27.89,0.01,0.01,0.01,0.0,0.0,0.0
1782748590.39,0.0,0.0,0.0,0.5918,0.8018,0.019,0.0142,0.0146,0.0142,27.89,0.03,0.04,0.03,0.0,0.0,0.0
1782748595.398,0.008,0.009,0.008,0.5918,0.8018,0.019,0.0132,0.0151,0.0146,27.89,0.48,0.56,0.49,67.9,56.5,7.6
1782748600.404,0.0,0.0,0.0,0.5918,0.8018,0.019,0.0132,0.0146,0.0142,27.89,0.05,0.06,0.05,0.0,0.0,0.0
1782748605.416,0.0,0.0,0.0,0.5918,0.8018,0.019,0.0137,0.0142,0.0142,27.89,0.01,0.01,0.01,0.0,0.0,0.0
1782748610.428,0.0,0.0,0.0,0.5918,0.8018,0.019,0.0127,0.0146,0.0146,27.89,0.08,0.09,0.08,0.0,0.0,0.0
1782748615.438,0.0,0.0,0.0,0.5918,0.8018,0.019,0.0137,0.0151,0.0142,27.89,0.0,0.0,0.0,0.0,0.0,0.0
1782748620.447,0.0,0.0,0.0,0.5918,0.8018,0.019,0.0137,0.0142,0.0146,27.9,0.04,0.04,0.04,0.0,0.0,0.0
1782748625.458,0.0,0.0,0.0,0.5918,0.8018,0.019,0.0137,0.0142,0.0127,27.89,0.0,0.0,0.0,0.0,0.0,0.0
1782748630.473,0.0,0.0,0.0,0.5918,0.8018,0.019,0.0132,0.0156,0.0137,27.9,0.06,0.07,0.06,6.9,56.3,45.1
1782748635.484,0.0,0.0,0.0,0.5918,0.8018,0.019,0.0137,0.0146,0.0146,27.9,0.09,0.1,0.09,33.0,56.5,16.3
1782748640.492,0.0,0.0,0.0,0.5918,0.8018,0.019,0.0137,0.0156,0.0151,27.9,0.0,0.0,0.0,0.0,0.0,0.0
1782748645.506,0.0,0.0,0.0,0.5918,0.8018,0.019,0.0137,0.0151,0.0142,27.9,0.0,0.0,0.0,0.0,0.0,0.0
1782748650.514,0.0,0.0,0.0,0.5918,0.8018,0.019,0.0137,0.0142,0.0142,27.9,0.0,0.0,0.0,0.0,0.0,0.0
1782748655.525,0.0,0.0,0.0,0.5918,0.8018,0.019,0.0137,0.0146,0.0146,27.9,0.0,0.0,0.0,0.0,0.0,0.0
1782748660.538,0.0,0.0,0.0,0.5918,0.8018,0.019,0.0146,0.0142,0.0142,27.9,0.0,0.0,0.0,0.0,0.0,0.0
1782748665.544,0.0,0.0,0.0,0.5918,0.8018,0.019,0.0137,0.0151,0.0146,27.91,0.0,0.0,0.0,0.0,0.0,0.0
1782748670.551,0.0,0.0,0.0,0.5918,0.8018,0.019,0.0142,0.0146,0.0146,27.91,0.0,0.0,0.0,0.0,0.0,0.0
1782748675.56,0.0,0.0,0.0,0.5918,0.8018,0.019,0.0132,0.0146,0.0142,27.91,0.11,0.12,0.11,8.1,56.3,120.3
1782748680.571,0.0,0.0,0.0,0.5918,0.8018,0.019,0.0132,0.0151,0.0142,27.91,0.0,0.01,0.0,0.0,0.0,0.0
1782748685.581,0.0,0.0,0.0,0.5918,0.8018,0.019,0.0132,0.0146,0.0146,27.91,0.0,0.0,0.0,0.0,0.0,0.0
1782748690.594,0.0,0.0,0.0,0.5918,0.8018,0.019,0.0142,0.0146,0.0146,27.91,0.0,0.0,0.0,0.0,0.0,0.0
1782748695.605,0.0,0.0,0.0,0.5918,0.8018,0.019,0.0137,0.0146,0.0146,27.91,0.06,0.07,0.06,0.0,0.0,0.0
1782748700.615,0.0,0.0,0.0,0.5918,0.8018,0.019,0.0142,0.0142,0.0132,27.92,0.02,0.02,0.02,0.0,0.0,0.0
1782748705.626,0.0,0.0,0.0,0.5918,0.8018,0.019,0.0142,0.0146,0.0132,27.92,0.01,0.01,0.01,0.0,0.0,0.0
1782748710.634,0.0,0.0,0.0,0.5918,0.8018,0.019,0.0142,0.0146,0.0142,27.92,0.0,0.0,0.0,0.0,0.0,0.0
1782748715.643,0.0,0.0,0.0,0.5918,0.8018,0.019,0.0122,0.0142,0.0137,27.92,0.01,0.01,0.01,0.0,0.0,0.0
1782748720.652,0.0,0.0,0.0,0.5918,0.8018,0.019,0.0137,0.0142,0.0142,27.92,0.0,0.0,0.0,0.0,0.0,0.0
1782748725.663,0.011,0.013,0.011,0.5918,0.8018,0.019,0.0127,0.0146,0.0156,27.92,0.53,0.62,0.53,45.6,56.3,7.4
1782748730.674,0.0,0.0,0.0,0.5918,0.8018,0.019,0.0137,0.0146,0.0146,27.92,0.03,0.03,0.03,3.4,56.3,75.9
1782748735.682,0.0,0.0,0.0,0.5918,0.8018,0.019,0.0132,0.0156,0.0146,27.92,0.0,0.01,0.0,48.1,56.3,12.9
1782748740.694,0.0,0.0,0.0,0.5918,0.8018,0.019,0.0142,0.0142,0.0146,27.92,0.0,0.0,0.0,0.0,0.0,0.0
1782748745.702,0.0,0.0,0.0,0.5918,0.8018,0.019,0.0142,0.0132,0.0137,27.93,0.0,0.0,0.0,0.0,0.0,0.0
1782748750.713,0.0,0.0,0.0,0.5918,0.8018,0.019,0.0132,0.0132,0.0137,27.93,0.0,0.0,0.0,0.0,0.0,0.0
1782748755.72,0.0,0.0,0.0,0.5918,0.8018,0.019,0.0132,0.0151,0.0146,27.93,0.0,0.0,0.0,0.0,0.0,0.0
1782748760.729,0.0,0.0,0.0,0.5918,0.8018,0.019,0.0142,0.0146,0.0146,27.93,0.0,0.0,0.0,0.0,0.0,0.0
1782748765.74,0.0,0.0,0.0,0.5918,0.8018,0.019,0.0132,0.0156,0.0132,27.94,0.0,0.0,0.0,0.0,0.0,0.0
1782748770.753,0.0,0.0,0.0,0.5918,0.8018,0.019,0.0132,0.0151,0.0137,27.94,0.03,0.04,0.03,0.0,0.0,0.0
1782748775.767,0.0,0.0,0.0,0.5918,0.8018,0.019,0.0137,0.0156,0.0142,27.94,0.0,0.0,0.0,0.0,0.0,0.0
1782748780.772,0.0,0.0,0.0,0.5918,0.8018,0.019,0.0127,0.0156,0.0137,27.94,0.0,0.0,0.0,0.0,0.0,0.0
1782748785.784,0.0,0.0,0.0,0.5918,0.8018,0.019,0.0142,0.0146,0.0137,27.94,0.0,0.0,0.0,0.0,0.0,0.0
1782748790.797,0.0,0.0,0.0,0.5918,0.8018,0.019,0.0127,0.0142,0.0142,27.94,0.0,0.0,0.0,0.0,0.0,0.0
1782748795.806,0.277,0.319,0.266,0.5918,0.8018,0.019,0.0132,0.0146,0.0146,27.95,1.74,2.0,1.67,0.0,0.0,0.0
