timestamp,wind_angle,wind_dir_code,wind_direction,wind_level,wind_speed_kmh,wind_speed_ms
1782712854.24,332.1,15.0,北西北,0.0,0.0,0.0
1782712859.253,332.2,15.0,北西北,0.0,0.0,0.0
1782712864.261,332.1,15.0,北西北,0.0,0.0,0.0
1782712869.273,332.2,15.0,北西北,0.0,0.0,0.0
1782712874.282,332.2,15.0,北西北,0.0,0.0,0.0
1782712879.291,332.1,15.0,北西北,0.0,0.0,0.0
1782712884.299,332.2,15.0,北西北,0.0,0.0,0.0
1782712889.309,332.2,15.0,北西北,0.0,0.0,0.0
1782712894.317,332.1,15.0,北西北,0.0,0.0,0.0
1782712899.326,332.2,15.0,北西北,0.0,0.0,0.0
1782712904.331,332.2,15.0,北西北,0.0,0.0,0.0
1782712909.338,332.2,15.0,北西北,0.0,0.0,0.0
1782712914.346,332.2,15.0,北西北,0.0,0.0,0.0
1782712919.352,332.1,15.0,北西北,0.0,0.0,0.0
1782712924.363,332.1,15.0,北西北,0.0,0.0,0.0
1782712929.371,332.1,15.0,北西北,0.0,0.0,0.0
1782712934.379,332.2,15.0,北西北,0.0,0.0,0.0
1782712939.385,332.2,15.0,北西北,0.0,0.0,0.0
1782712944.394,332.2,15.0,北西北,0.0,0.0,0.0
1782712949.401,332.1,15.0,北西北,0.0,0.0,0.0
1782712954.406,332.2,15.0,北西北,0.0,0.0,0.0
1782712959.415,332.2,15.0,北西北,0.0,0.0,0.0
1782712964.424,332.2,15.0,北西北,0.0,0.0,0.0
1782712969.431,332.1,15.0,北西北,0.0,0.0,0.0
1782712974.44,332.2,15.0,北西北,0.0,0.0,0.0
1782712979.446,332.2,15.0,北西北,0.0,0.0,0.0
1782712984.457,332.2,15.0,北西北,0.0,0.0,0.0
1782712989.46,332.2,15.0,北西北,0.0,0.0,0.0
1782712994.47,332.1,15.0,北西北,0.0,0.0,0.0
1782712999.48,332.1,15.0,北西北,0.0,0.0,0.0
1782713004.486,332.2,15.0,北西北,0.0,0.0,0.0
1782713009.498,332.1,15.0,北西北,0.0,0.0,0.0
1782713014.51,332.1,15.0,北西北,0.0,0.0,0.0
1782713019.519,332.2,15.0,北西北,0.0,0.0,0.0
1782713024.531,332.2,15.0,北西北,0.0,0.0,0.0
1782713029.543,332.1,15.0,北西北,0.0,0.0,0.0
1782713034.55,332.2,15.0,北西北,0.0,0.0,0.0
1782713039.556,332.2,15.0,北西北,0.0,0.0,0.0
1782713044.564,332.2,15.0,北西北,0.0,0.0,0.0
1782713049.571,332.2,15.0,北西北,0.0,0.0,0.0
1782713054.581,332.2,15.0,北西北,0.0,0.0,0.0
1782713059.591,332.2,15.0,北西北,0.0,0.0,0.0
1782713064.6,332.1,15.0,北西北,0.0,0.0,0.0
1782713069.609,332.1,15.0,北西北,0.0,0.0,0.0
1782713074.616,332.2,15.0,北西北,0.0,0.0,0.0
1782713079.627,332.2,15.0,北西北,0.0,0.0,0.0
1782713084.634,332.1,15.0,北西北,0.0,0.0,0.0
1782713089.642,332.1,15.0,北西北,0.0,0.0,0.0
1782713094.652,332.2,15.0,北西北,0.0,0.0,0.0
1782713099.659,332.2,15.0,北西北,0.0,0.0,0.0
1782713104.668,332.1,15.0,北西北,0.0,0.0,0.0
1782713109.678,332.2,15.0,北西北,0.0,0.0,0.0
1782713114.685,332.2,15.0,北西北,0.0,0.0,0.0
1782713119.694,332.2,15.0,北西北,0.0,0.0,0.0
1782713124.71,332.1,15.0,北西北,0.0,0.0,0.0
1782713129.719,332.2,15.0,北西北,0.0,0.0,0.0
1782713134.726,332.1,15.0,北西北,0.0,0.0,0.0
1782713139.737,332.1,15.0,北西北,0.0,0.0,0.0
1782713144.747,332.1,15.0,北西北,0.0,0.0,0.0
1782713149.756,332.1,15.0,北西北,0.0,0.0,0.0
1782713154.763,332.1,15.0,北西北,0.0,0.0,0.0
1782713159.77,332.2,15.0,北西北,0.0,0.0,0.0
1782713164.779,332.2,15.0,北西北,0.0,0.0,0.0
1782713169.787,332.1,15.0,北西北,0.0,0.0,0.0
1782713174.794,332.2,15.0,北西北,0.0,0.0,0.0
1782713179.803,332.2,15.0,北西北,0.0,0.0,0.0
1782713184.812,332.2,15.0,北西北,0.0,0.0,0.0
1782713189.818,332.1,15.0,北西北,0.0,0.0,0.0
1782713194.828,332.2,15.0,北西北,0.0,0.0,0.0
1782713199.838,332.2,15.0,北西北,0.0,0.0,0.0
1782713204.846,332.2,15.0,北西北,0.0,0.0,0.0
1782713209.855,304.2,14.0,西北,0.0,0.56,0.1
1782713214.863,258.9,12.0,西,3.0,12.05,3.3
1782713219.871,224.9,10.0,西南,1.0,1.96,0.5
1782713224.877,202.3,9.0,南西南,0.0,0.28,0.0
1782713229.88,154.9,7.0,南东南,0.0,0.0,0.0
1782713234.886,159.2,7.0,南东南,0.0,0.0,0.0
1782713239.897,159.4,7.0,南东南,0.0,0.0,0.0
1782713244.905,159.5,7.0,南东南,0.0,0.0,0.0
1782713249.913,159.6,7.0,南东南,0.0,0.0,0.0
1782713254.921,159.7,7.0,南东南,0.0,0.0,0.0
1782713259.927,159.7,7.0,南东南,0.0,0.0,0.0
1782713264.937,159.7,7.0,南东南,0.0,0.0,0.0
1782713269.946,159.7,7.0,南东南,0.0,0.0,0.0
1782713274.955,159.7,7.0,南东南,0.0,0.0,0.0
1782713279.964,159.7,7.0,南东南,0.0,0.0,0.0
1782713284.973,159.7,7.0,南东南,0.0,0.0,0.0
1782713289.984,159.7,7.0,南东南,0.0,0.0,0.0
1782713294.992,159.7,7.0,南东南,0.0,0.0,0.0
1782713300.005,159.7,7.0,南东南,0.0,0.0,0.0
1782713305.017,159.7,7.0,南东南,0.0,0.0,0.0
1782713310.029,159.7,7.0,南东南,0.0,0.0,0.0
1782713315.035,159.7,7.0,南东南,0.0,0.0,0.0
1782713320.05,159.7,7.0,南东南,0.0,0.0,0.0
1782713325.061,159.7,7.0,南东南,0.0,0.0,0.0
1782713330.07,159.7,7.0,南东南,0.0,0.0,0.0
1782713335.083,159.7,7.0,南东南,0.0,0.0,0.0
1782713340.094,159.7,7.0,南东南,0.0,0.0,0.0
1782713345.103,159.7,7.0,南东南,0.0,0.0,0.0
1782713350.116,159.7,7.0,南东南,0.0,0.0,0.0
1782713355.127,159.7,7.0,南东南,0.0,0.0,0.0
1782713360.139,159.7,7.0,南东南,0.0,0.0,0.0
1782713365.152,159.7,7.0,南东南,0.0,0.0,0.0
1782713370.163,159.8,7.0,南东南,0.0,0.0,0.0
1782713375.169,159.8,7.0,南东南,0.0,0.0,0.0
1782713380.18,159.8,7.0,南东南,0.0,0.0,0.0
1782713385.191,159.8,7.0,南东南,0.0,0.0,0.0
1782713390.197,159.8,7.0,南东南,0.0,0.0,0.0
1782713395.206,159.8,7.0,南东南,0.0,0.0,0.0
1782713400.214,159.8,7.0,南东南,0.0,0.0,0.0
1782713405.225,159.8,7.0,南东南,0.0,0.0,0.0
1782713410.237,159.8,7.0,南东南,0.0,0.0,0.0
1782713415.241,159.8,7.0,南东南,0.0,0.0,0.0
1782713420.254,159.8,7.0,南东南,0.0,0.0,0.0
1782713425.267,159.9,7.0,南东南,0.0,0.0,0.0
1782713430.279,159.9,7.0,南东南,0.0,0.0,0.0
1782713435.291,159.9,7.0,南东南,0.0,0.0,0.0
1782713440.303,160.0,7.0,南东南,0.0,0.0,0.0
1782713445.311,160.0,7.0,南东南,0.0,0.0,0.0
1782713450.317,160.0,7.0,南东南,0.0,0.0,0.0
1782713455.335,160.0,7.0,南东南,0.0,0.0,0.0
1782713460.344,160.0,7.0,南东南,0.0,0.0,0.0
1782713465.356,160.0,7.0,南东南,0.0,0.0,0.0
1782713470.37,160.0,7.0,南东南,0.0,0.0,0.0
1782713475.377,160.0,7.0,南东南,0.0,0.0,0.0
1782713480.388,160.0,7.0,南东南,0.0,0.0,0.0
1782713485.394,160.0,7.0,南东南,0.0,0.0,0.0
1782713490.406,160.0,7.0,南东南,0.0,0.0,0.0
1782713495.42,160.0,7.0,南东南,0.0,0.0,0.0
1782713500.43,160.0,7.0,南东南,0.0,0.0,0.0
1782713505.444,160.0,7.0,南东南,0.0,0.0,0.0
1782713510.456,160.0,7.0,南东南,0.0,0.0,0.0
1782713515.469,160.0,7.0,南东南,0.0,0.0,0.0
1782713520.48,160.0,7.0,南东南,0.0,0.0,0.0
1782713525.494,160.0,7.0,南东南,0.0,0.0,0.0
1782713530.499,160.0,7.0,南东南,0.0,0.0,0.0
1782713535.513,160.0,7.0,南东南,0.0,0.0,0.0
1782713540.527,160.0,7.0,南东南,0.0,0.0,0.0
1782713545.534,160.0,7.0,南东南,0.0,0.0,0.0
1782713550.549,160.0,7.0,南东南,0.0,0.0,0.0
1782713555.564,160.0,7.0,南东南,0.0,0.0,0.0
1782713560.571,160.0,7.0,南东南,0.0,0.0,0.0
1782713565.585,160.0,7.0,南东南,0.0,0.0,0.0
1782713570.6,160.0,7.0,南东南,0.0,0.0,0.0
1782713575.608,160.0,7.0,南东南,0.0,0.0,0.0
1782713580.619,160.0,7.0,南东南,0.0,0.0,0.0
1782713585.625,160.1,7.0,南东南,0.0,0.0,0.0
1782713590.638,160.1,7.0,南东南,0.0,0.0,0.0
1782713595.651,160.1,7.0,南东南,0.0,0.0,0.0
1782713600.66,160.1,7.0,南东南,0.0,0.0,0.0
1782713605.672,160.1,7.0,南东南,0.0,0.0,0.0
1782713610.686,160.1,7.0,南东南,0.0,0.0,0.0
1782713615.694,160.1,7.0,南东南,0.0,0.0,0.0
1782713620.705,160.1,7.0,南东南,0.0,0.0,0.0
1782713625.716,160.1,7.0,南东南,0.0,0.0,0.0
1782713630.72,160.1,7.0,南东南,0.0,0.0,0.0
1782713635.731,160.1,7.0,南东南,0.0,0.0,0.0
1782713640.74,160.1,7.0,南东南,0.0,0.0,0.0
1782713645.746,160.1,7.0,南东南,0.0,0.0,0.0
1782713650.753,160.1,7.0,南东南,0.0,0.0,0.0
1782713655.768,160.1,7.0,南东南,0.0,0.0,0.0
1782713660.774,160.1,7.0,南东南,0.0,0.0,0.0
1782713665.787,160.1,7.0,南东南,0.0,0.0,0.0
1782713670.795,160.1,7.0,南东南,0.0,0.0,0.0
1782713675.808,160.1,7.0,南东南,0.0,0.0,0.0
1782713680.822,160.1,7.0,南东南,0.0,0.0,0.0
1782713685.831,160.1,7.0,南东南,0.0,0.0,0.0
1782714241.951,160.2,7.0,南东南,0.0,0.0,0.0
1782714246.974,160.2,7.0,南东南,0.0,0.0,0.0
1782714251.993,160.2,7.0,南东南,0.0,0.0,0.0
1782714257.001,160.2,7.0,南东南,0.0,0.0,0.0
1782714262.018,160.2,7.0,南东南,0.0,0.0,0.0
1782714267.03,160.2,7.0,南东南,0.0,0.0,0.0
1782714272.039,160.2,7.0,南东南,0.0,0.0,0.0
1782714277.049,160.2,7.0,南东南,0.0,0.0,0.0
1782714282.061,160.2,7.0,南东南,0.0,0.0,0.0
1782714287.068,160.2,7.0,南东南,0.0,0.0,0.0
1782714292.083,160.2,7.0,南东南,0.0,0.0,0.0
1782714297.093,160.2,7.0,南东南,0.0,0.0,0.0
1782714302.1,160.2,7.0,南东南,0.0,0.0,0.0
1782714307.113,160.2,7.0,南东南,0.0,0.0,0.0
1782714312.124,160.2,7.0,南东南,0.0,0.0,0.0
1782714317.135,160.2,7.0,南东南,0.0,0.0,0.0
1782714322.146,160.2,7.0,南东南,0.0,0.0,0.0
1782714327.183,160.2,7.0,南东南,0.0,0.0,0.0
1782714332.215,160.2,7.0,南东南,0.0,0.0,0.0
1782714337.225,160.2,7.0,南东南,0.0,0.0,0.0
1782714342.233,160.2,7.0,南东南,0.0,0.0,0.0
1782714347.246,160.2,7.0,南东南,0.0,0.0,0.0
1782714352.26,160.2,7.0,南东南,0.0,0.0,0.0
1782714357.27,160.2,7.0,南东南,0.0,0.0,0.0
1782714362.283,160.2,7.0,南东南,0.0,0.0,0.0
1782714367.296,160.2,7.0,南东南,0.0,0.0,0.0
1782714372.302,160.2,7.0,南东南,0.0,0.0,0.0
1782714377.313,160.2,7.0,南东南,0.0,0.0,0.0
1782714382.324,160.2,7.0,南东南,0.0,0.0,0.0
1782714387.335,160.2,7.0,南东南,0.0,0.0,0.0
1782714392.348,160.2,7.0,南东南,0.0,0.0,0.0
1782714397.362,160.2,7.0,南东南,0.0,0.0,0.0
1782714402.368,160.2,7.0,南东南,0.0,0.0,0.0
1782714407.382,160.2,7.0,南东南,0.0,0.0,0.0
1782714412.391,160.2,7.0,南东南,0.0,0.0,0.0
1782714417.404,160.2,7.0,南东南,0.0,0.0,0.0
1782714422.42,160.2,7.0,南东南,0.0,0.0,0.0
1782714427.427,160.2,7.0,南东南,0.0,0.0,0.0
1782714432.443,160.2,7.0,南东南,0.0,0.0,0.0
1782714437.457,160.2,7.0,南东南,0.0,0.0,0.0
1782714442.466,160.2,7.0,南东南,0.0,0.0,0.0
1782714447.481,160.2,7.0,南东南,0.0,0.0,0.0
1782714452.491,160.2,7.0,南东南,0.0,0.0,0.0
1782714457.504,160.2,7.0,南东南,0.0,0.0,0.0
1782714462.517,160.2,7.0,南东南,0.0,0.0,0.0
1782714467.531,160.2,7.0,南东南,0.0,0.0,0.0
1782714472.538,160.2,7.0,南东南,0.0,0.0,0.0
1782714477.553,160.2,7.0,南东南,0.0,0.0,0.0
1782714482.564,160.2,7.0,南东南,0.0,0.0,0.0
1782714487.57,160.2,7.0,南东南,0.0,0.0,0.0
1782714492.584,160.2,7.0,南东南,0.0,0.0,0.0
1782714497.595,160.2,7.0,南东南,0.0,0.0,0.0
1782714502.603,160.2,7.0,南东南,0.0,0.0,0.0
1782714507.611,160.2,7.0,南东南,0.0,0.0,0.0
1782714512.616,160.2,7.0,南东南,0.0,0.0,0.0
1782714517.627,160.2,7.0,南东南,0.0,0.0,0.0
1782714522.101,160.2,7.0,南东南,0.0,0.0,0.0
1782714529.998,160.2,7.0,南东南,0.0,0.0,0.0
1782714535.009,160.2,7.0,南东南,0.0,0.0,0.0
1782714540.017,160.2,7.0,南东南,0.0,0.0,0.0
1782714545.027,160.2,7.0,南东南,0.0,0.0,0.0
1782714550.04,160.2,7.0,南东南,0.0,0.0,0.0
1782714555.051,160.2,7.0,南东南,0.0,0.0,0.0
1782714560.058,160.2,7.0,南东南,0.0,0.0,0.0
1782714565.069,160.2,7.0,南东南,0.0,0.0,0.0
1782714570.079,160.2,7.0,南东南,0.0,0.0,0.0
1782714575.084,160.2,7.0,南东南,0.0,0.0,0.0
1782714580.095,160.2,7.0,南东南,0.0,0.0,0.0
1782714585.102,160.2,7.0,南东南,0.0,0.0,0.0
1782714590.11,160.2,7.0,南东南,0.0,0.0,0.0
1782714595.119,160.2,7.0,南东南,0.0,0.0,0.0
1782714600.126,160.2,7.0,南东南,0.0,0.0,0.0
1782714605.138,160.2,7.0,南东南,0.0,0.0,0.0
1782714610.15,160.2,7.0,南东南,0.0,0.0,0.0
1782714615.156,160.2,7.0,南东南,0.0,0.0,0.0
1782714620.167,160.2,7.0,南东南,0.0,0.0,0.0
1782714625.181,160.2,7.0,南东南,0.0,0.0,0.0
1782714630.193,160.2,7.0,南东南,0.0,0.0,0.0
1782714635.204,160.2,7.0,南东南,0.0,0.0,0.0
1782714640.213,160.2,7.0,南东南,0.0,0.0,0.0
1782714645.218,160.2,7.0,南东南,0.0,0.0,0.0
1782714650.23,160.2,7.0,南东南,0.0,0.0,0.0
1782714655.24,160.2,7.0,南东南,0.0,0.0,0.0
1782714660.245,160.2,7.0,南东南,0.0,0.0,0.0
1782714665.254,160.2,7.0,南东南,0.0,0.0,0.0
1782714670.261,160.2,7.0,南东南,0.0,0.0,0.0
1782714675.273,160.2,7.0,南东南,0.0,0.0,0.0
1782714680.28,160.2,7.0,南东南,0.0,0.0,0.0
1782714685.287,160.2,7.0,南东南,0.0,0.0,0.0
1782714690.299,160.2,7.0,南东南,0.0,0.0,0.0
1782714695.309,160.2,7.0,南东南,0.0,0.0,0.0
1782714700.317,160.2,7.0,南东南,0.0,0.0,0.0
1782714705.325,160.2,7.0,南东南,0.0,0.0,0.0
1782714710.334,160.2,7.0,南东南,0.0,0.0,0.0
1782714715.343,160.2,7.0,南东南,0.0,0.0,0.0
1782714720.351,160.2,7.0,南东南,0.0,0.0,0.0
1782714725.359,160.2,7.0,南东南,0.0,0.0,0.0
1782714730.365,160.2,7.0,南东南,0.0,0.0,0.0
1782714735.377,160.2,7.0,南东南,0.0,0.0,0.0
1782714740.39,160.2,7.0,南东南,0.0,0.0,0.0
1782714745.401,160.2,7.0,南东南,0.0,0.0,0.0
1782714750.413,160.2,7.0,南东南,0.0,0.0,0.0
1782714755.419,160.2,7.0,南东南,0.0,0.0,0.0
1782714760.431,160.2,7.0,南东南,0.0,0.0,0.0
1782714765.445,160.2,7.0,南东南,0.0,0.0,0.0
1782714770.454,160.2,7.0,南东南,0.0,0.0,0.0
1782714775.467,160.2,7.0,南东南,0.0,0.0,0.0
1782714780.479,160.2,7.0,南东南,0.0,0.0,0.0
1782714785.491,160.2,7.0,南东南,0.0,0.0,0.0
1782714790.502,160.2,7.0,南东南,0.0,0.0,0.0
1782714795.509,160.2,7.0,南东南,0.0,0.0,0.0
1782714800.519,160.2,7.0,南东南,0.0,0.0,0.0
1782714805.533,160.2,7.0,南东南,0.0,0.0,0.0
1782714810.546,160.2,7.0,南东南,0.0,0.0,0.0
1782714815.556,160.2,7.0,南东南,0.0,0.0,0.0
1782714820.568,160.2,7.0,南东南,0.0,0.0,0.0
1782714825.581,160.2,7.0,南东南,0.0,0.0,0.0
1782714830.588,160.2,7.0,南东南,0.0,0.0,0.0
1782714835.602,160.2,7.0,南东南,0.0,0.0,0.0
1782714840.616,160.2,7.0,南东南,0.0,0.0,0.0
1782714845.622,160.2,7.0,南东南,0.0,0.0,0.0
1782714850.632,160.2,7.0,南东南,0.0,0.0,0.0
1782714855.642,160.2,7.0,南东南,0.0,0.0,0.0
1782714860.65,160.2,7.0,南东南,0.0,0.0,0.0
1782714865.661,160.2,7.0,南东南,0.0,0.0,0.0
1782714870.668,160.2,7.0,南东南,0.0,0.0,0.0
1782714875.677,160.2,7.0,南东南,0.0,0.0,0.0
1782714880.686,160.2,7.0,南东南,0.0,0.0,0.0
1782714885.699,160.2,7.0,南东南,0.0,0.0,0.0
1782714890.708,160.2,7.0,南东南,0.0,0.0,0.0
1782714895.72,160.2,7.0,南东南,0.0,0.0,0.0
1782714900.728,160.2,7.0,南东南,0.0,0.0,0.0
1782714905.744,160.2,7.0,南东南,0.0,0.0,0.0
1782714910.758,160.2,7.0,南东南,0.0,0.0,0.0
1782714915.762,160.2,7.0,南东南,0.0,0.0,0.0
1782714920.774,160.2,7.0,南东南,0.0,0.0,0.0
1782714925.79,160.2,7.0,南东南,0.0,0.0,0.0
1782714930.799,160.2,7.0,南东南,0.0,0.0,0.0
1782714935.813,160.2,7.0,南东南,0.0,0.0,0.0
1782714940.822,160.2,7.0,南东南,0.0,0.0,0.0
1782714945.835,160.2,7.0,南东南,0.0,0.0,0.0
1782714950.849,160.2,7.0,南东南,0.0,0.0,0.0
1782714955.857,160.2,7.0,南东南,0.0,0.0,0.0
1782714960.87,160.2,7.0,南东南,0.0,0.0,0.0
1782714965.885,160.2,7.0,南东南,0.0,0.0,0.0
1782714970.894,160.2,7.0,南东南,0.0,0.0,0.0
1782714975.908,160.2,7.0,南东南,0.0,0.0,0.0
1782714980.918,160.2,7.0,南东南,0.0,0.0,0.0
1782714985.931,160.2,7.0,南东南,0.0,0.0,0.0
1782714990.943,160.2,7.0,南东南,0.0,0.0,0.0
1782714995.957,160.2,7.0,南东南,0.0,0.0,0.0
1782715000.967,160.2,7.0,南东南,0.0,0.0,0.0
1782715005.98,160.2,7.0,南东南,0.0,0.0,0.0
1782715010.992,160.2,7.0,南东南,0.0,0.0,0.0
1782715015.999,160.2,7.0,南东南,0.0,0.0,0.0
1782715021.012,160.2,7.0,南东南,0.0,0.0,0.0
1782715026.029,160.2,7.0,南东南,0.0,0.0,0.0
1782715031.036,160.2,7.0,南东南,0.0,0.0,0.0
1782715036.05,160.2,7.0,南东南,0.0,0.0,0.0
1782715041.059,160.2,7.0,南东南,0.0,0.0,0.0
1782715046.075,160.2,7.0,南东南,0.0,0.0,0.0
1782715051.086,160.2,7.0,南东南,0.0,0.0,0.0
1782715056.092,160.2,7.0,南东南,0.0,0.0,0.0
1782715061.1,160.2,7.0,南东南,0.0,0.0,0.0
1782715066.115,160.2,7.0,南东南,0.0,0.0,0.0
1782715071.125,160.2,7.0,南东南,0.0,0.0,0.0
1782715076.138,160.2,7.0,南东南,0.0,0.0,0.0
1782715081.15,160.2,7.0,南东南,0.0,0.0,0.0
1782715086.156,160.2,7.0,南东南,0.0,0.0,0.0
1782715091.166,160.2,7.0,南东南,0.0,0.0,0.0
1782715096.181,160.2,7.0,南东南,0.0,0.0,0.0
1782715101.188,160.2,7.0,南东南,0.0,0.0,0.0
1782715106.203,160.2,7.0,南东南,0.0,0.0,0.0
1782715111.211,160.2,7.0,南东南,0.0,0.0,0.0
1782715116.215,160.2,7.0,南东南,0.0,0.0,0.0
1782715121.23,160.2,7.0,南东南,0.0,0.0,0.0
1782715126.241,160.2,7.0,南东南,0.0,0.0,0.0
1782715131.248,160.2,7.0,南东南,0.0,0.0,0.0
1782715136.256,160.2,7.0,南东南,0.0,0.0,0.0
1782715141.27,160.2,7.0,南东南,0.0,0.0,0.0
1782715146.281,160.2,7.0,南东南,0.0,0.0,0.0
1782715151.293,160.2,7.0,南东南,0.0,0.0,0.0
1782715156.3,160.2,7.0,南东南,0.0,0.0,0.0
1782715161.314,160.2,7.0,南东南,0.0,0.0,0.0
1782715166.33,160.2,7.0,南东南,0.0,0.0,0.0
1782715171.336,160.2,7.0,南东南,0.0,0.0,0.0
1782715176.348,160.2,7.0,南东南,0.0,0.0,0.0
1782715181.366,160.2,7.0,南东南,0.0,0.0,0.0
1782715186.372,160.2,7.0,南东南,0.0,0.0,0.0
1782715191.387,160.2,7.0,南东南,0.0,0.0,0.0
1782715196.402,160.2,7.0,南东南,0.0,0.0,0.0
1782715201.409,160.2,7.0,南东南,0.0,0.0,0.0
1782715206.421,160.2,7.0,南东南,0.0,0.0,0.0
1782715211.435,160.2,7.0,南东南,0.0,0.0,0.0
1782715216.444,160.2,7.0,南东南,0.0,0.0,0.0
1782715221.459,160.2,7.0,南东南,0.0,0.0,0.0
1782715226.466,160.2,7.0,南东南,0.0,0.0,0.0
1782715231.476,160.2,7.0,南东南,0.0,0.0,0.0
1782715236.484,160.2,7.0,南东南,0.0,0.0,0.0
1782715241.493,160.2,7.0,南东南,0.0,0.0,0.0
1782715246.505,160.2,7.0,南东南,0.0,0.0,0.0
1782715251.517,160.2,7.0,南东南,0.0,0.0,0.0
1782715256.523,160.2,7.0,南东南,0.0,0.0,0.0
1782715261.54,160.2,7.0,南东南,0.0,0.0,0.0
1782715266.554,160.2,7.0,南东南,0.0,0.0,0.0
1782715271.558,160.2,7.0,南东南,0.0,0.0,0.0
1782715276.57,160.2,7.0,南东南,0.0,0.0,0.0
1782715281.586,160.2,7.0,南东南,0.0,0.0,0.0
1782715286.597,160.2,7.0,南东南,0.0,0.0,0.0
1782715291.61,160.2,7.0,南东南,0.0,0.0,0.0
1782715296.625,160.2,7.0,南东南,0.0,0.0,0.0
1782715301.632,160.2,7.0,南东南,0.0,0.0,0.0
1782715306.645,160.2,7.0,南东南,0.0,0.0,0.0
1782715311.657,160.2,7.0,南东南,0.0,0.0,0.0
1782715316.664,160.2,7.0,南东南,0.0,0.0,0.0
1782715321.683,160.2,7.0,南东南,0.0,0.0,0.0
1782715326.687,160.2,7.0,南东南,0.0,0.0,0.0
1782715331.702,160.2,7.0,南东南,0.0,0.0,0.0
1782715336.715,160.2,7.0,南东南,0.0,0.0,0.0
1782715341.721,160.2,7.0,南东南,0.0,0.0,0.0
1782715346.736,160.2,7.0,南东南,0.0,0.0,0.0
1782715351.748,160.2,7.0,南东南,0.0,0.0,0.0
1782715356.758,160.2,7.0,南东南,0.0,0.0,0.0
1782715361.771,160.2,7.0,南东南,0.0,0.0,0.0
1782715366.785,160.2,7.0,南东南,0.0,0.0,0.0
1782715371.792,160.2,7.0,南东南,0.0,0.0,0.0
1782715376.804,160.2,7.0,南东南,0.0,0.0,0.0
1782715381.821,160.2,7.0,南东南,0.0,0.0,0.0
1782715386.828,160.2,7.0,南东南,0.0,0.0,0.0
1782715391.845,160.2,7.0,南东南,0.0,0.0,0.0
1782715396.856,160.2,7.0,南东南,0.0,0.0,0.0
1782715401.864,160.2,7.0,南东南,0.0,0.0,0.0
1782715406.875,160.2,7.0,南东南,0.0,0.0,0.0
1782715411.879,160.2,7.0,南东南,0.0,0.0,0.0
1782715416.888,160.2,7.0,南东南,0.0,0.0,0.0
1782715421.899,160.2,7.0,南东南,0.0,0.0,0.0
1782715426.904,160.2,7.0,南东南,0.0,0.0,0.0
1782715431.914,160.2,7.0,南东南,0.0,0.0,0.0
1782715436.923,160.2,7.0,南东南,0.0,0.0,0.0
1782715441.929,160.2,7.0,南东南,0.0,0.0,0.0
1782715446.939,160.2,7.0,南东南,0.0,0.0,0.0
1782715451.949,160.2,7.0,南东南,0.0,0.0,0.0
1782715456.952,160.2,7.0,南东南,0.0,0.0,0.0
1782715461.965,160.2,7.0,南东南,0.0,0.0,0.0
1782715466.979,160.2,7.0,南东南,0.0,0.0,0.0
1782715471.987,160.2,7.0,南东南,0.0,0.0,0.0
1782715477.0,160.2,7.0,南东南,0.0,0.0,0.0
1782715482.01,160.2,7.0,南东南,0.0,0.0,0.0
1782715487.017,160.2,7.0,南东南,0.0,0.0,0.0
1782715492.031,160.2,7.0,南东南,0.0,0.0,0.0
1782715497.04,160.2,7.0,南东南,0.0,0.0,0.0
1782715502.055,160.2,7.0,南东南,0.0,0.0,0.0
1782715507.07,160.2,7.0,南东南,0.0,0.0,0.0
1782715512.074,160.2,7.0,南东南,0.0,0.0,0.0
1782715517.088,160.2,7.0,南东南,0.0,0.0,0.0
1782715522.101,160.2,7.0,南东南,0.0,0.0,0.0
1782715527.104,160.2,7.0,南东南,0.0,0.0,0.0
1782715532.116,160.2,7.0,南东南,0.0,0.0,0.0
1782715537.13,160.2,7.0,南东南,0.0,0.0,0.0
1782715542.138,160.2,7.0,南东南,0.0,0.0,0.0
1782715547.153,160.2,7.0,南东南,0.0,0.0,0.0
1782715552.16,160.2,7.0,南东南,0.0,0.0,0.0
1782715557.167,160.2,7.0,南东南,0.0,0.0,0.0
1782715562.181,160.2,7.0,南东南,0.0,0.0,0.0
1782715567.194,160.2,7.0,南东南,0.0,0.0,0.0
1782715572.203,160.2,7.0,南东南,0.0,0.0,0.0
1782715577.215,160.2,7.0,南东南,0.0,0.0,0.0
1782715582.222,160.2,7.0,南东南,0.0,0.0,0.0
1782715587.233,160.2,7.0,南东南,0.0,0.0,0.0
1782715592.25,160.2,7.0,南东南,0.0,0.0,0.0
1782715597.257,160.2,7.0,南东南,0.0,0.0,0.0
1782715602.269,160.2,7.0,南东南,0.0,0.0,0.0
1782715607.281,160.2,7.0,南东南,0.0,0.0,0.0
1782715612.287,160.2,7.0,南东南,0.0,0.0,0.0
1782715617.3,160.2,7.0,南东南,0.0,0.0,0.0
1782715622.307,160.2,7.0,南东南,0.0,0.0,0.0
1782715627.313,160.2,7.0,南东南,0.0,0.0,0.0
1782715632.324,160.2,7.0,南东南,0.0,0.0,0.0
1782715637.332,160.2,7.0,南东南,0.0,0.0,0.0
1782715642.339,160.2,7.0,南东南,0.0,0.0,0.0
1782715647.348,160.2,7.0,南东南,0.0,0.0,0.0
1782715652.355,160.2,7.0,南东南,0.0,0.0,0.0
1782715657.36,160.2,7.0,南东南,0.0,0.0,0.0
1782715662.368,160.2,7.0,南东南,0.0,0.0,0.0
1782715667.377,160.2,7.0,南东南,0.0,0.0,0.0
1782715672.441,160.2,7.0,南东南,0.0,0.0,0.0
1782715677.457,160.2,7.0,南东南,0.0,0.0,0.0
1782715682.463,160.2,7.0,南东南,0.0,0.0,0.0
1782715687.476,160.2,7.0,南东南,0.0,0.0,0.0
1782715692.488,160.2,7.0,南东南,0.0,0.0,0.0
1782715697.498,160.2,7.0,南东南,0.0,0.0,0.0
1782715702.512,160.2,7.0,南东南,0.0,0.0,0.0
1782715707.526,160.2,7.0,南东南,0.0,0.0,0.0
1782715712.529,160.2,7.0,南东南,0.0,0.0,0.0
1782715717.547,160.2,7.0,南东南,0.0,0.0,0.0
1782715722.558,160.2,7.0,南东南,0.0,0.0,0.0
1782715727.562,160.2,7.0,南东南,0.0,0.0,0.0
1782715732.578,160.2,7.0,南东南,0.0,0.0,0.0
1782715737.59,160.2,7.0,南东南,0.0,0.0,0.0
1782715742.597,160.2,7.0,南东南,0.0,0.0,0.0
1782715747.612,160.2,7.0,南东南,0.0,0.0,0.0
1782715752.621,160.2,7.0,南东南,0.0,0.0,0.0
1782715757.635,160.2,7.0,南东南,0.0,0.0,0.0
1782715762.646,160.2,7.0,南东南,0.0,0.0,0.0
1782715767.653,160.2,7.0,南东南,0.0,0.0,0.0
1782715772.666,160.2,7.0,南东南,0.0,0.0,0.0
1782715777.679,160.2,7.0,南东南,0.0,0.0,0.0
1782715782.687,160.2,7.0,南东南,0.0,0.0,0.0
1782715787.703,160.2,7.0,南东南,0.0,0.0,0.0
1782715792.715,160.2,7.0,南东南,0.0,0.0,0.0
1782715797.723,160.2,7.0,南东南,0.0,0.0,0.0
1782715802.741,160.2,7.0,南东南,0.0,0.0,0.0
1782715807.754,160.2,7.0,南东南,0.0,0.0,0.0
1782715812.758,160.2,7.0,南东南,0.0,0.0,0.0
1782715817.774,160.2,7.0,南东南,0.0,0.0,0.0
1782715822.786,160.2,7.0,南东南,0.0,0.0,0.0
1782715827.796,160.2,7.0,南东南,0.0,0.0,0.0
1782715832.806,160.2,7.0,南东南,0.0,0.0,0.0
1782715837.817,160.2,7.0,南东南,0.0,0.0,0.0
1782715842.822,160.2,7.0,南东南,0.0,0.0,0.0
1782715847.83,160.2,7.0,南东南,0.0,0.0,0.0
1782715852.836,160.2,7.0,南东南,0.0,0.0,0.0
1782715857.851,160.2,7.0,南东南,0.0,0.0,0.0
1782715862.86,160.2,7.0,南东南,0.0,0.0,0.0
1782715867.864,160.2,7.0,南东南,0.0,0.0,0.0
1782715872.876,160.2,7.0,南东南,0.0,0.0,0.0
1782715877.885,160.2,7.0,南东南,0.0,0.0,0.0
1782715882.889,160.2,7.0,南东南,0.0,0.0,0.0
1782715887.901,160.2,7.0,南东南,0.0,0.0,0.0
1782715892.915,160.2,7.0,南东南,0.0,0.0,0.0
1782715897.922,160.2,7.0,南东南,0.0,0.0,0.0
1782715902.933,160.2,7.0,南东南,0.0,0.0,0.0
1782715907.945,160.2,7.0,南东南,0.0,0.0,0.0
1782715912.952,160.2,7.0,南东南,0.0,0.0,0.0
1782715917.969,160.2,7.0,南东南,0.0,0.0,0.0
1782715922.982,160.2,7.0,南东南,0.0,0.0,0.0
1782715927.991,160.2,7.0,南东南,0.0,0.0,0.0
1782715933.005,160.2,7.0,南东南,0.0,0.0,0.0
1782715938.009,160.2,7.0,南东南,0.0,0.0,0.0
1782715943.023,160.2,7.0,南东南,0.0,0.0,0.0
1782715948.037,160.2,7.0,南东南,0.0,0.0,0.0
1782715953.046,160.2,7.0,南东南,0.0,0.0,0.0
1782715958.058,160.2,7.0,南东南,0.0,0.0,0.0
1782715963.068,160.2,7.0,南东南,0.0,0.0,0.0
1782715968.08,160.2,7.0,南东南,0.0,0.0,0.0
1782715973.094,160.2,7.0,南东南,0.0,0.0,0.0
1782715978.103,160.2,7.0,南东南,0.0,0.0,0.0
1782715983.108,160.2,7.0,南东南,0.0,0.0,0.0
1782715988.123,160.2,7.0,南东南,0.0,0.0,0.0
1782715993.136,160.2,7.0,南东南,0.0,0.0,0.0
1782715998.144,160.2,7.0,南东南,0.0,0.0,0.0
1782716003.153,160.2,7.0,南东南,0.0,0.0,0.0
1782716008.16,160.2,7.0,南东南,0.0,0.0,0.0
1782716013.173,160.2,7.0,南东南,0.0,0.0,0.0
1782716018.183,160.2,7.0,南东南,0.0,0.0,0.0
1782716023.188,160.2,7.0,南东南,0.0,0.0,0.0
1782716028.198,160.2,7.0,南东南,0.0,0.0,0.0
1782716033.207,160.2,7.0,南东南,0.0,0.0,0.0
1782716038.216,160.2,7.0,南东南,0.0,0.0,0.0
1782716043.228,160.2,7.0,南东南,0.0,0.0,0.0
1782716048.239,160.2,7.0,南东南,0.0,0.0,0.0
1782716053.242,160.2,7.0,南东南,0.0,0.0,0.0
1782716058.254,160.2,7.0,南东南,0.0,0.0,0.0
1782716063.268,160.2,7.0,南东南,0.0,0.0,0.0
1782716068.272,160.2,7.0,南东南,0.0,0.0,0.0
1782716073.283,160.2,7.0,南东南,0.0,0.0,0.0
1782716078.295,160.2,7.0,南东南,0.0,0.0,0.0
1782716083.303,160.2,7.0,南东南,0.0,0.0,0.0
1782716088.318,160.2,7.0,南东南,0.0,0.0,0.0
1782716093.328,160.2,7.0,南东南,0.0,0.0,0.0
1782716098.335,160.2,7.0,南东南,0.0,0.0,0.0
1782716103.34,160.2,7.0,南东南,0.0,0.0,0.0
1782716108.344,160.2,7.0,南东南,0.0,0.0,0.0
1782716113.354,160.2,7.0,南东南,0.0,0.0,0.0
1782716118.359,160.2,7.0,南东南,0.0,0.0,0.0
1782716123.366,160.2,7.0,南东南,0.0,0.0,0.0
1782716128.378,160.2,7.0,南东南,0.0,0.0,0.0
1782716133.392,160.2,7.0,南东南,0.0,0.0,0.0
1782716138.4,160.2,7.0,南东南,0.0,0.0,0.0
1782716143.414,160.2,7.0,南东南,0.0,0.0,0.0
1782716148.429,160.2,7.0,南东南,0.0,0.0,0.0
1782716153.437,160.2,7.0,南东南,0.0,0.0,0.0
1782716158.448,160.2,7.0,南东南,0.0,0.0,0.0
1782716163.458,160.2,7.0,南东南,0.0,0.0,0.0
1782716168.467,160.2,7.0,南东南,0.0,0.0,0.0
1782716173.481,160.2,7.0,南东南,0.0,0.0,0.0
1782716178.494,160.2,7.0,南东南,0.0,0.0,0.0
1782716183.505,160.2,7.0,南东南,0.0,0.0,0.0
1782716188.517,160.2,7.0,南东南,0.0,0.0,0.0
1782716193.525,160.2,7.0,南东南,0.0,0.0,0.0
1782716198.539,160.2,7.0,南东南,0.0,0.0,0.0
1782716203.551,160.2,7.0,南东南,0.0,0.0,0.0
1782716208.553,160.2,7.0,南东南,0.0,0.0,0.0
1782716213.568,160.2,7.0,南东南,0.0,0.0,0.0
1782716218.574,160.2,7.0,南东南,0.0,0.0,0.0
1782716223.576,160.2,7.0,南东南,0.0,0.0,0.0
1782716228.589,160.2,7.0,南东南,0.0,0.0,0.0
1782716233.599,160.2,7.0,南东南,0.0,0.0,0.0
1782716238.603,160.2,7.0,南东南,0.0,0.0,0.0
1782716243.613,160.2,7.0,南东南,0.0,0.0,0.0
1782716248.626,160.2,7.0,南东南,0.0,0.0,0.0
1782716253.634,160.2,7.0,南东南,0.0,0.0,0.0
1782716258.647,160.2,7.0,南东南,0.0,0.0,0.0
1782716263.659,160.2,7.0,南东南,0.0,0.0,0.0
1782716268.669,160.2,7.0,南东南,0.0,0.0,0.0
1782716273.684,160.2,7.0,南东南,0.0,0.0,0.0
1782716278.69,160.2,7.0,南东南,0.0,0.0,0.0
1782716283.703,160.2,7.0,南东南,0.0,0.0,0.0
1782716288.716,160.2,7.0,南东南,0.0,0.0,0.0
1782716293.722,160.2,7.0,南东南,0.0,0.0,0.0
1782716298.738,160.2,7.0,南东南,0.0,0.0,0.0
1782716303.749,160.2,7.0,南东南,0.0,0.0,0.0
1782716308.752,160.2,7.0,南东南,0.0,0.0,0.0
1782716313.768,160.2,7.0,南东南,0.0,0.0,0.0
1782716318.78,160.2,7.0,南东南,0.0,0.0,0.0
1782716323.792,160.2,7.0,南东南,0.0,0.0,0.0
1782716328.802,160.2,7.0,南东南,0.0,0.0,0.0
1782716333.815,160.2,7.0,南东南,0.0,0.0,0.0
1782716338.824,160.2,7.0,南东南,0.0,0.0,0.0
1782716343.836,160.2,7.0,南东南,0.0,0.0,0.0
1782716348.85,160.2,7.0,南东南,0.0,0.0,0.0
1782716353.856,160.2,7.0,南东南,0.0,0.0,0.0
1782716358.863,160.2,7.0,南东南,0.0,0.0,0.0
1782716363.869,160.2,7.0,南东南,0.0,0.0,0.0
1782716368.882,160.2,7.0,南东南,0.0,0.0,0.0
1782716373.894,160.2,7.0,南东南,0.0,0.0,0.0
1782716378.9,160.2,7.0,南东南,0.0,0.0,0.0
1782716383.912,160.2,7.0,南东南,0.0,0.0,0.0
1782716388.924,160.2,7.0,南东南,0.0,0.0,0.0
1782716393.936,160.2,7.0,南东南,0.0,0.0,0.0
1782716398.949,160.2,7.0,南东南,0.0,0.0,0.0
1782716403.96,160.2,7.0,南东南,0.0,0.0,0.0
1782716408.97,160.2,7.0,南东南,0.0,0.0,0.0
1782716413.982,160.2,7.0,南东南,0.0,0.0,0.0
1782716418.994,160.2,7.0,南东南,0.0,0.0,0.0
1782716424.004,160.2,7.0,南东南,0.0,0.0,0.0
1782716429.014,160.2,7.0,南东南,0.0,0.0,0.0
1782716434.028,160.2,7.0,南东南,0.0,0.0,0.0
1782716439.038,160.2,7.0,南东南,0.0,0.0,0.0
1782716444.05,160.2,7.0,南东南,0.0,0.0,0.0
1782716449.059,160.2,7.0,南东南,0.0,0.0,0.0
1782716454.071,160.2,7.0,南东南,0.0,0.0,0.0
1782716459.078,160.2,7.0,南东南,0.0,0.0,0.0
1782716464.082,160.2,7.0,南东南,0.0,0.0,0.0
1782716469.098,160.2,7.0,南东南,0.0,0.0,0.0
1782716474.11,160.2,7.0,南东南,0.0,0.0,0.0
1782716479.12,160.2,7.0,南东南,0.0,0.0,0.0
1782716484.132,160.2,7.0,南东南,0.0,0.0,0.0
1782716489.146,160.2,7.0,南东南,0.0,0.0,0.0
1782716494.157,160.2,7.0,南东南,0.0,0.0,0.0
1782716499.169,160.2,7.0,南东南,0.0,0.0,0.0
1782716504.178,160.2,7.0,南东南,0.0,0.0,0.0
1782716509.191,160.2,7.0,南东南,0.0,0.0,0.0
1782716514.203,160.2,7.0,南东南,0.0,0.0,0.0
1782716519.215,160.2,7.0,南东南,0.0,0.0,0.0
1782716524.225,160.2,7.0,南东南,0.0,0.0,0.0
1782716529.238,160.2,7.0,南东南,0.0,0.0,0.0
1782716534.251,160.2,7.0,南东南,0.0,0.0,0.0
1782716539.26,160.2,7.0,南东南,0.0,0.0,0.0
1782716544.273,160.2,7.0,南东南,0.0,0.0,0.0
1782716549.284,160.2,7.0,南东南,0.0,0.0,0.0
1782716554.296,160.2,7.0,南东南,0.0,0.0,0.0
1782716559.309,160.2,7.0,南东南,0.0,0.0,0.0
1782716564.312,160.2,7.0,南东南,0.0,0.0,0.0
1782716569.326,160.2,7.0,南东南,0.0,0.0,0.0
1782716574.338,160.2,7.0,南东南,0.0,0.0,0.0
1782716579.344,160.2,7.0,南东南,0.0,0.0,0.0
1782716584.358,160.2,7.0,南东南,0.0,0.0,0.0
1782716589.37,160.2,7.0,南东南,0.0,0.0,0.0
1782716594.377,160.2,7.0,南东南,0.0,0.0,0.0
1782716599.388,160.2,7.0,南东南,0.0,0.0,0.0
1782716604.403,160.2,7.0,南东南,0.0,0.0,0.0
1782716609.41,160.2,7.0,南东南,0.0,0.0,0.0
1782716614.423,160.2,7.0,南东南,0.0,0.0,0.0
1782716619.436,160.2,7.0,南东南,0.0,0.0,0.0
1782716624.44,160.2,7.0,南东南,0.0,0.0,0.0
1782716629.451,160.2,7.0,南东南,0.0,0.0,0.0
1782716634.463,160.2,7.0,南东南,0.0,0.0,0.0
1782716639.47,160.2,7.0,南东南,0.0,0.0,0.0
1782716644.482,160.2,7.0,南东南,0.0,0.0,0.0
1782716649.492,160.2,7.0,南东南,0.0,0.0,0.0
1782716654.502,160.2,7.0,南东南,0.0,0.0,0.0
1782716659.511,160.2,7.0,南东南,0.0,0.0,0.0
1782716664.517,160.2,7.0,南东南,0.0,0.0,0.0
1782716669.532,160.2,7.0,南东南,0.0,0.0,0.0
1782716674.546,160.2,7.0,南东南,0.0,0.0,0.0
1782716679.552,160.2,7.0,南东南,0.0,0.0,0.0
1782716684.562,160.2,7.0,南东南,0.0,0.0,0.0
1782716689.577,160.2,7.0,南东南,0.0,0.0,0.0
1782716694.584,160.2,7.0,南东南,0.0,0.0,0.0
1782716699.599,160.2,7.0,南东南,0.0,0.0,0.0
1782716704.611,160.2,7.0,南东南,0.0,0.0,0.0
1782716709.618,160.2,7.0,南东南,0.0,0.0,0.0
1782716714.631,160.2,7.0,南东南,0.0,0.0,0.0
1782716719.644,160.2,7.0,南东南,0.0,0.0,0.0
1782716724.651,160.2,7.0,南东南,0.0,0.0,0.0
1782716729.663,160.2,7.0,南东南,0.0,0.0,0.0
1782716734.668,160.2,7.0,南东南,0.0,0.0,0.0
1782716739.68,160.2,7.0,南东南,0.0,0.0,0.0
1782716744.693,160.2,7.0,南东南,0.0,0.0,0.0
1782716749.703,160.2,7.0,南东南,0.0,0.0,0.0
1782716754.715,160.2,7.0,南东南,0.0,0.0,0.0
1782716759.728,160.2,7.0,南东南,0.0,0.0,0.0
1782716764.737,160.2,7.0,南东南,0.0,0.0,0.0
1782716769.753,160.2,7.0,南东南,0.0,0.0,0.0
1782716774.763,160.2,7.0,南东南,0.0,0.0,0.0
1782716779.768,160.2,7.0,南东南,0.0,0.0,0.0
1782716784.784,160.2,7.0,南东南,0.0,0.0,0.0
1782716789.794,160.2,7.0,南东南,0.0,0.0,0.0
1782716794.803,160.2,7.0,南东南,0.0,0.0,0.0
1782716799.814,160.2,7.0,南东南,0.0,0.0,0.0
1782716804.829,160.2,7.0,南东南,0.0,0.0,0.0
1782716809.838,160.2,7.0,南东南,0.0,0.0,0.0
1782716814.846,160.2,7.0,南东南,0.0,0.0,0.0
1782716819.857,160.2,7.0,南东南,0.0,0.0,0.0
1782716824.866,160.2,7.0,南东南,0.0,0.0,0.0
1782716829.879,160.2,7.0,南东南,0.0,0.0,0.0
1782716834.884,160.2,7.0,南东南,0.0,0.0,0.0
1782716839.894,160.2,7.0,南东南,0.0,0.0,0.0
1782716844.906,160.2,7.0,南东南,0.0,0.0,0.0
1782716849.913,160.2,7.0,南东南,0.0,0.0,0.0
1782716854.92,160.2,7.0,南东南,0.0,0.0,0.0
1782716859.931,160.2,7.0,南东南,0.0,0.0,0.0
1782716864.938,160.2,7.0,南东南,0.0,0.0,0.0
1782716869.947,160.2,7.0,南东南,0.0,0.0,0.0
1782716874.956,160.2,7.0,南东南,0.0,0.0,0.0
1782716879.96,160.2,7.0,南东南,0.0,0.0,0.0
1782716884.97,160.2,7.0,南东南,0.0,0.0,0.0
1782716889.979,160.2,7.0,南东南,0.0,0.0,0.0
1782716894.984,160.2,7.0,南东南,0.0,0.0,0.0
1782716899.994,160.2,7.0,南东南,0.0,0.0,0.0
1782716905.002,160.2,7.0,南东南,0.0,0.0,0.0
1782716910.012,160.2,7.0,南东南,0.0,0.0,0.0
1782716915.021,160.2,7.0,南东南,0.0,0.0,0.0
1782716920.026,160.2,7.0,南东南,0.0,0.0,0.0
1782716925.039,160.2,7.0,南东南,0.0,0.0,0.0
1782716930.051,160.2,7.0,南东南,0.0,0.0,0.0
1782716935.058,160.2,7.0,南东南,0.0,0.0,0.0
1782716940.066,160.2,7.0,南东南,0.0,0.0,0.0
1782716945.078,160.2,7.0,南东南,0.0,0.0,0.0
1782716950.084,160.2,7.0,南东南,0.0,0.0,0.0
1782716955.095,160.2,7.0,南东南,0.0,0.0,0.0
1782716960.111,160.2,7.0,南东南,0.0,0.0,0.0
1782716965.115,160.2,7.0,南东南,0.0,0.0,0.0
1782716970.128,160.2,7.0,南东南,0.0,0.0,0.0
1782716975.14,160.2,7.0,南东南,0.0,0.0,0.0
1782716980.145,160.2,7.0,南东南,0.0,0.0,0.0
1782716985.156,160.2,7.0,南东南,0.0,0.0,0.0
1782716990.164,160.2,7.0,南东南,0.0,0.0,0.0
1782716995.176,160.2,7.0,南东南,0.0,0.0,0.0
1782717000.184,160.2,7.0,南东南,0.0,0.0,0.0
1782717005.198,160.2,7.0,南东南,0.0,0.0,0.0
1782717010.21,160.2,7.0,南东南,0.0,0.0,0.0
1782717015.223,160.2,7.0,南东南,0.0,0.0,0.0
1782717020.23,160.2,7.0,南东南,0.0,0.0,0.0
1782717025.245,160.2,7.0,南东南,0.0,0.0,0.0
1782717030.257,160.2,7.0,南东南,0.0,0.0,0.0
1782717035.262,160.2,7.0,南东南,0.0,0.0,0.0
1782717040.271,160.2,7.0,南东南,0.0,0.0,0.0
1782717045.288,160.2,7.0,南东南,0.0,0.0,0.0
1782717050.294,160.2,7.0,南东南,0.0,0.0,0.0
1782717055.306,160.2,7.0,南东南,0.0,0.0,0.0
1782717060.321,160.2,7.0,南东南,0.0,0.0,0.0
1782717065.33,160.2,7.0,南东南,0.0,0.0,0.0
1782717070.343,160.2,7.0,南东南,0.0,0.0,0.0
1782717075.354,160.2,7.0,南东南,0.0,0.0,0.0
1782717080.366,160.2,7.0,南东南,0.0,0.0,0.0
1782717085.381,160.2,7.0,南东南,0.0,0.0,0.0
1782717090.388,160.2,7.0,南东南,0.0,0.0,0.0
1782717095.398,160.2,7.0,南东南,0.0,0.0,0.0
1782717100.412,160.2,7.0,南东南,0.0,0.0,0.0
1782717105.42,160.2,7.0,南东南,0.0,0.0,0.0
1782717110.43,160.2,7.0,南东南,0.0,0.0,0.0
1782717115.447,160.2,7.0,南东南,0.0,0.0,0.0
1782717120.454,160.2,7.0,南东南,0.0,0.0,0.0
1782717125.469,160.2,7.0,南东南,0.0,0.0,0.0
1782717130.483,160.2,7.0,南东南,0.0,0.0,0.0
1782717135.487,160.2,7.0,南东南,0.0,0.0,0.0
1782717140.531,160.2,7.0,南东南,0.0,0.0,0.0
1782717145.55,160.2,7.0,南东南,0.0,0.0,0.0
1782717150.559,160.2,7.0,南东南,0.0,0.0,0.0
1782717155.571,160.2,7.0,南东南,0.0,0.0,0.0
1782717160.585,160.2,7.0,南东南,0.0,0.0,0.0
1782717165.593,160.2,7.0,南东南,0.0,0.0,0.0
1782717170.608,160.2,7.0,南东南,0.0,0.0,0.0
1782717175.617,160.2,7.0,南东南,0.0,0.0,0.0
1782717180.624,160.2,7.0,南东南,0.0,0.0,0.0
1782717185.642,160.2,7.0,南东南,0.0,0.0,0.0
1782717190.649,160.2,7.0,南东南,0.0,0.0,0.0
1782717195.663,160.2,7.0,南东南,0.0,0.0,0.0
1782717200.677,160.2,7.0,南东南,0.0,0.0,0.0
1782717205.684,160.2,7.0,南东南,0.0,0.0,0.0
1782717210.699,160.2,7.0,南东南,0.0,0.0,0.0
1782717215.714,160.2,7.0,南东南,0.0,0.0,0.0
1782717220.72,160.2,7.0,南东南,0.0,0.0,0.0
1782717225.734,160.2,7.0,南东南,0.0,0.0,0.0
1782717230.744,160.2,7.0,南东南,0.0,0.0,0.0
1782717235.751,160.2,7.0,南东南,0.0,0.0,0.0
1782717240.769,160.2,7.0,南东南,0.0,0.0,0.0
1782717245.778,160.2,7.0,南东南,0.0,0.0,0.0
1782717250.784,160.2,7.0,南东南,0.0,0.0,0.0
1782717255.798,160.2,7.0,南东南,0.0,0.0,0.0
1782717260.808,160.2,7.0,南东南,0.0,0.0,0.0
1782717265.819,160.2,7.0,南东南,0.0,0.0,0.0
1782717270.828,160.2,7.0,南东南,0.0,0.0,0.0
1782717275.835,160.2,7.0,南东南,0.0,0.0,0.0
1782717280.847,160.2,7.0,南东南,0.0,0.0,0.0
1782717285.859,160.2,7.0,南东南,0.0,0.0,0.0
1782717290.864,160.2,7.0,南东南,0.0,0.0,0.0
1782717295.879,160.2,7.0,南东南,0.0,0.0,0.0
1782717300.894,160.2,7.0,南东南,0.0,0.0,0.0
1782717305.897,160.2,7.0,南东南,0.0,0.0,0.0
1782717310.909,160.2,7.0,南东南,0.0,0.0,0.0
1782717315.928,160.2,7.0,南东南,0.0,0.0,0.0
1782717320.937,160.2,7.0,南东南,0.0,0.0,0.0
1782717325.953,160.2,7.0,南东南,0.0,0.0,0.0
1782717330.963,160.2,7.0,南东南,0.0,0.0,0.0
1782717335.971,160.2,7.0,南东南,0.0,0.0,0.0
1782717340.987,160.2,7.0,南东南,0.0,0.0,0.0
1782717345.999,160.2,7.0,南东南,0.0,0.0,0.0
1782717351.006,160.2,7.0,南东南,0.0,0.0,0.0
1782717356.022,160.2,7.0,南东南,0.0,0.0,0.0
1782717361.032,160.2,7.0,南东南,0.0,0.0,0.0
1782717366.047,160.2,7.0,南东南,0.0,0.0,0.0
1782717371.06,160.2,7.0,南东南,0.0,0.0,0.0
1782717376.063,160.2,7.0,南东南,0.0,0.0,0.0
1782717381.077,160.2,7.0,南东南,0.0,0.0,0.0
1782717386.092,160.2,7.0,南东南,0.0,0.0,0.0
1782717391.099,160.2,7.0,南东南,0.0,0.0,0.0
1782717396.114,160.2,7.0,南东南,0.0,0.0,0.0
1782717401.127,160.2,7.0,南东南,0.0,0.0,0.0
1782717406.134,160.2,7.0,南东南,0.0,0.0,0.0
1782717411.144,160.2,7.0,南东南,0.0,0.0,0.0
1782717416.156,160.2,7.0,南东南,0.0,0.0,0.0
1782717421.164,160.2,7.0,南东南,0.0,0.0,0.0
1782717426.172,160.2,7.0,南东南,0.0,0.0,0.0
1782717431.18,160.2,7.0,南东南,0.0,0.0,0.0
1782717436.186,160.2,7.0,南东南,0.0,0.0,0.0
1782717441.198,160.2,7.0,南东南,0.0,0.0,0.0
1782717446.204,160.2,7.0,南东南,0.0,0.0,0.0
1782717451.213,160.2,7.0,南东南,0.0,0.0,0.0
1782717456.228,160.2,7.0,南东南,0.0,0.0,0.0
1782717461.235,160.2,7.0,南东南,0.0,0.0,0.0
1782717466.246,160.2,7.0,南东南,0.0,0.0,0.0
1782717471.252,160.2,7.0,南东南,0.0,0.0,0.0
1782717476.258,160.2,7.0,南东南,0.0,0.0,0.0
1782717481.268,160.2,7.0,南东南,0.0,0.0,0.0
1782717486.275,160.2,7.0,南东南,0.0,0.0,0.0
1782717491.28,160.2,7.0,南东南,0.0,0.0,0.0
1782717496.29,160.2,7.0,南东南,0.0,0.0,0.0
1782717501.301,160.2,7.0,南东南,0.0,0.0,0.0
1782717506.308,160.2,7.0,南东南,0.0,0.0,0.0
1782717511.324,160.2,7.0,南东南,0.0,0.0,0.0
1782717516.334,160.2,7.0,南东南,0.0,0.0,0.0
1782717521.342,160.2,7.0,南东南,0.0,0.0,0.0
1782717526.353,160.2,7.0,南东南,0.0,0.0,0.0
1782717531.36,160.2,7.0,南东南,0.0,0.0,0.0
1782717536.372,160.2,7.0,南东南,0.0,0.0,0.0
1782717541.388,160.2,7.0,南东南,0.0,0.0,0.0
1782717546.396,160.2,7.0,南东南,0.0,0.0,0.0
1782717551.41,160.2,7.0,南东南,0.0,0.0,0.0
1782717556.423,160.2,7.0,南东南,0.0,0.0,0.0
1782717561.43,160.2,7.0,南东南,0.0,0.0,0.0
1782717566.445,160.2,7.0,南东南,0.0,0.0,0.0
1782717571.459,160.2,7.0,南东南,0.0,0.0,0.0
1782717576.466,160.2,7.0,南东南,0.0,0.0,0.0
1782717581.481,160.2,7.0,南东南,0.0,0.0,0.0
1782717586.489,160.2,7.0,南东南,0.0,0.0,0.0
1782717591.495,160.2,7.0,南东南,0.0,0.0,0.0
1782717596.508,160.2,7.0,南东南,0.0,0.0,0.0
1782717601.516,160.2,7.0,南东南,0.0,0.0,0.0
1782717606.52,160.2,7.0,南东南,0.0,0.0,0.0
1782717611.531,160.2,7.0,南东南,0.0,0.0,0.0
1782717616.544,160.2,7.0,南东南,0.0,0.0,0.0
1782717621.553,160.2,7.0,南东南,0.0,0.0,0.0
1782717626.567,160.2,7.0,南东南,0.0,0.0,0.0
1782717631.574,160.2,7.0,南东南,0.0,0.0,0.0
1782717636.584,160.2,7.0,南东南,0.0,0.0,0.0
1782717641.591,160.2,7.0,南东南,0.0,0.0,0.0
1782717646.597,160.2,7.0,南东南,0.0,0.0,0.0
1782717651.607,160.2,7.0,南东南,0.0,0.0,0.0
1782717656.618,160.2,7.0,南东南,0.0,0.0,0.0
1782717661.622,160.2,7.0,南东南,0.0,0.0,0.0
1782717666.636,160.2,7.0,南东南,0.0,0.0,0.0
1782717671.647,160.2,7.0,南东南,0.0,0.0,0.0
1782717676.654,160.2,7.0,南东南,0.0,0.0,0.0
1782717681.666,160.2,7.0,南东南,0.0,0.0,0.0
1782717686.674,160.2,7.0,南东南,0.0,0.0,0.0
1782717691.678,160.2,7.0,南东南,0.0,0.0,0.0
1782717696.693,160.2,7.0,南东南,0.0,0.0,0.0
1782717701.7,160.2,7.0,南东南,0.0,0.0,0.0
1782717706.707,160.2,7.0,南东南,0.0,0.0,0.0
1782717711.721,160.2,7.0,南东南,0.0,0.0,0.0
1782717716.726,160.2,7.0,南东南,0.0,0.0,0.0
1782717721.735,160.2,7.0,南东南,0.0,0.0,0.0
1782717726.741,160.2,7.0,南东南,0.0,0.0,0.0
1782717731.744,160.2,7.0,南东南,0.0,0.0,0.0
1782717736.755,160.2,7.0,南东南,0.0,0.0,0.0
1782717741.767,160.2,7.0,南东南,0.0,0.0,0.0
1782717746.774,160.2,7.0,南东南,0.0,0.0,0.0
1782717751.789,160.2,7.0,南东南,0.0,0.0,0.0
1782717756.803,160.2,7.0,南东南,0.0,0.0,0.0
1782717761.813,160.2,7.0,南东南,0.0,0.0,0.0
1782717766.827,160.2,7.0,南东南,0.0,0.0,0.0
1782717771.842,160.2,7.0,南东南,0.0,0.0,0.0
1782717776.847,160.2,7.0,南东南,0.0,0.0,0.0
1782717781.858,160.2,7.0,南东南,0.0,0.0,0.0
1782717786.869,160.2,7.0,南东南,0.0,0.0,0.0
1782717791.877,160.2,7.0,南东南,0.0,0.0,0.0
1782717796.89,160.2,7.0,南东南,0.0,0.0,0.0
1782717801.897,160.2,7.0,南东南,0.0,0.0,0.0
1782717806.911,160.2,7.0,南东南,0.0,0.0,0.0
1782717811.923,160.2,7.0,南东南,0.0,0.0,0.0
1782717816.928,160.2,7.0,南东南,0.0,0.0,0.0
1782717821.944,160.2,7.0,南东南,0.0,0.0,0.0
1782717826.956,160.2,7.0,南东南,0.0,0.0,0.0
1782717831.966,160.2,7.0,南东南,0.0,0.0,0.0
1782717836.98,160.2,7.0,南东南,0.0,0.0,0.0
1782717841.989,160.2,7.0,南东南,0.0,0.0,0.0
1782717846.995,160.2,7.0,南东南,0.0,0.0,0.0
1782717852.012,160.2,7.0,南东南,0.0,0.0,0.0
1782717857.023,160.2,7.0,南东南,0.0,0.0,0.0
1782717862.027,160.2,7.0,南东南,0.0,0.0,0.0
1782717867.044,160.2,7.0,南东南,0.0,0.0,0.0
1782717872.056,160.2,7.0,南东南,0.0,0.0,0.0
1782717877.069,160.2,7.0,南东南,0.0,0.0,0.0
1782717882.079,160.2,7.0,南东南,0.0,0.0,0.0
1782717887.085,160.2,7.0,南东南,0.0,0.0,0.0
1782717892.093,160.2,7.0,南东南,0.0,0.0,0.0
1782717897.107,160.2,7.0,南东南,0.0,0.0,0.0
1782717902.117,160.2,7.0,南东南,0.0,0.0,0.0
1782717907.129,160.2,7.0,南东南,0.0,0.0,0.0
1782717912.14,160.2,7.0,南东南,0.0,0.0,0.0
1782717917.145,160.2,7.0,南东南,0.0,0.0,0.0
1782717922.162,160.2,7.0,南东南,0.0,0.0,0.0
1782717927.172,160.2,7.0,南东南,0.0,0.0,0.0
1782717932.176,160.2,7.0,南东南,0.0,0.0,0.0
1782717937.19,160.2,7.0,南东南,0.0,0.0,0.0
1782717942.198,160.2,7.0,南东南,0.0,0.0,0.0
1782717947.206,160.2,7.0,南东南,0.0,0.0,0.0
1782717952.216,160.2,7.0,南东南,0.0,0.0,0.0
1782717957.224,160.2,7.0,南东南,0.0,0.0,0.0
1782717962.233,160.2,7.0,南东南,0.0,0.0,0.0
1782717967.245,160.2,7.0,南东南,0.0,0.0,0.0
1782717972.254,160.2,7.0,南东南,0.0,0.0,0.0
1782717977.268,160.2,7.0,南东南,0.0,0.0,0.0
1782717982.28,160.2,7.0,南东南,0.0,0.0,0.0
1782717987.284,160.2,7.0,南东南,0.0,0.0,0.0
1782717992.3,160.2,7.0,南东南,0.0,0.0,0.0
1782717997.311,160.2,7.0,南东南,0.0,0.0,0.0
1782718002.317,160.2,7.0,南东南,0.0,0.0,0.0
1782718007.333,160.2,7.0,南东南,0.0,0.0,0.0
1782718012.348,160.2,7.0,南东南,0.0,0.0,0.0
1782718017.352,160.2,7.0,南东南,0.0,0.0,0.0
1782718022.363,160.2,7.0,南东南,0.0,0.0,0.0
1782718027.372,160.2,7.0,南东南,0.0,0.0,0.0
1782718032.379,160.2,7.0,南东南,0.0,0.0,0.0
1782718037.389,160.2,7.0,南东南,0.0,0.0,0.0
1782718042.395,160.2,7.0,南东南,0.0,0.0,0.0
1782718047.407,160.2,7.0,南东南,0.0,0.0,0.0
1782718052.418,160.2,7.0,南东南,0.0,0.0,0.0
1782718057.428,160.2,7.0,南东南,0.0,0.0,0.0
1782718062.431,160.2,7.0,南东南,0.0,0.0,0.0
1782718067.439,160.2,7.0,南东南,0.0,0.0,0.0
1782718072.443,160.2,7.0,南东南,0.0,0.0,0.0
1782718077.457,160.2,7.0,南东南,0.0,0.0,0.0
1782718082.468,160.2,7.0,南东南,0.0,0.0,0.0
1782718087.474,160.2,7.0,南东南,0.0,0.0,0.0
1782718092.493,160.2,7.0,南东南,0.0,0.0,0.0
1782718097.504,160.2,7.0,南东南,0.0,0.0,0.0
1782718102.511,160.2,7.0,南东南,0.0,0.0,0.0
1782718107.527,160.2,7.0,南东南,0.0,0.0,0.0
1782718112.541,160.2,7.0,南东南,0.0,0.0,0.0
1782718117.551,160.2,7.0,南东南,0.0,0.0,0.0
1782718122.562,160.2,7.0,南东南,0.0,0.0,0.0
1782718127.575,160.2,7.0,南东南,0.0,0.0,0.0
1782718132.586,160.2,7.0,南东南,0.0,0.0,0.0
1782718137.6,160.2,7.0,南东南,0.0,0.0,0.0
1782718142.61,160.2,7.0,南东南,0.0,0.0,0.0
1782718147.615,160.2,7.0,南东南,0.0,0.0,0.0
1782718152.628,160.2,7.0,南东南,0.0,0.0,0.0
1782718157.633,160.2,7.0,南东南,0.0,0.0,0.0
1782718162.647,160.2,7.0,南东南,0.0,0.0,0.0
1782718167.658,160.2,7.0,南东南,0.0,0.0,0.0
1782718172.664,160.2,7.0,南东南,0.0,0.0,0.0
1782718177.675,160.2,7.0,南东南,0.0,0.0,0.0
1782718182.684,160.2,7.0,南东南,0.0,0.0,0.0
1782718187.689,160.2,7.0,南东南,0.0,0.0,0.0
1782718192.704,160.2,7.0,南东南,0.0,0.0,0.0
1782718197.715,160.2,7.0,南东南,0.0,0.0,0.0
1782718202.723,160.2,7.0,南东南,0.0,0.0,0.0
1782718207.731,160.2,7.0,南东南,0.0,0.0,0.0
1782718212.744,160.2,7.0,南东南,0.0,0.0,0.0
1782718217.751,160.2,7.0,南东南,0.0,0.0,0.0
1782718222.762,160.2,7.0,南东南,0.0,0.0,0.0
1782718227.772,160.2,7.0,南东南,0.0,0.0,0.0
1782718232.782,160.2,7.0,南东南,0.0,0.0,0.0
1782718237.793,160.2,7.0,南东南,0.0,0.0,0.0
1782718242.8,160.2,7.0,南东南,0.0,0.0,0.0
1782718247.815,160.2,7.0,南东南,0.0,0.0,0.0
1782718252.824,160.2,7.0,南东南,0.0,0.0,0.0
1782718257.831,160.2,7.0,南东南,0.0,0.0,0.0
1782718262.849,160.2,7.0,南东南,0.0,0.0,0.0
1782718267.862,160.2,7.0,南东南,0.0,0.0,0.0
1782718272.871,160.2,7.0,南东南,0.0,0.0,0.0
1782718277.882,160.2,7.0,南东南,0.0,0.0,0.0
1782718282.894,160.2,7.0,南东南,0.0,0.0,0.0
1782718287.905,160.2,7.0,南东南,0.0,0.0,0.0
1782718292.916,160.2,7.0,南东南,0.0,0.0,0.0
1782718297.928,160.2,7.0,南东南,0.0,0.0,0.0
1782718302.936,160.2,7.0,南东南,0.0,0.0,0.0
1782718307.949,160.2,7.0,南东南,0.0,0.0,0.0
1782718312.959,160.2,7.0,南东南,0.0,0.0,0.0
1782718317.967,160.2,7.0,南东南,0.0,0.0,0.0
1782718322.979,160.2,7.0,南东南,0.0,0.0,0.0
1782718327.988,160.2,7.0,南东南,0.0,0.0,0.0
1782718333.006,160.2,7.0,南东南,0.0,0.0,0.0
1782718338.017,160.2,7.0,南东南,0.0,0.0,0.0
1782718343.022,160.2,7.0,南东南,0.0,0.0,0.0
1782718348.036,160.2,7.0,南东南,0.0,0.0,0.0
1782718353.047,160.2,7.0,南东南,0.0,0.0,0.0
1782718358.055,160.2,7.0,南东南,0.0,0.0,0.0
1782718363.063,160.2,7.0,南东南,0.0,0.0,0.0
1782718368.071,160.2,7.0,南东南,0.0,0.0,0.0
1782718373.081,160.2,7.0,南东南,0.0,0.0,0.0
1782718378.088,160.2,7.0,南东南,0.0,0.0,0.0
1782718383.102,160.2,7.0,南东南,0.0,0.0,0.0
1782718388.113,160.2,7.0,南东南,0.0,0.0,0.0
1782718393.125,160.2,7.0,南东南,0.0,0.0,0.0
1782718398.137,160.2,7.0,南东南,0.0,0.0,0.0
1782718403.147,160.2,7.0,南东南,0.0,0.0,0.0
1782718408.162,160.2,7.0,南东南,0.0,0.0,0.0
1782718413.174,160.2,7.0,南东南,0.0,0.0,0.0
1782718418.183,160.2,7.0,南东南,0.0,0.0,0.0
1782718423.197,160.2,7.0,南东南,0.0,0.0,0.0
1782718428.204,160.2,7.0,南东南,0.0,0.0,0.0
1782718433.218,160.2,7.0,南东南,0.0,0.0,0.0
1782718438.23,160.2,7.0,南东南,0.0,0.0,0.0
1782718443.241,160.2,7.0,南东南,0.0,0.0,0.0
1782718448.253,160.2,7.0,南东南,0.0,0.0,0.0
1782718453.263,160.2,7.0,南东南,0.0,0.0,0.0
1782718458.272,160.2,7.0,南东南,0.0,0.0,0.0
1782718463.284,160.2,7.0,南东南,0.0,0.0,0.0
1782718468.298,160.2,7.0,南东南,0.0,0.0,0.0
1782718473.307,160.2,7.0,南东南,0.0,0.0,0.0
1782718478.319,160.2,7.0,南东南,0.0,0.0,0.0
1782718483.327,160.2,7.0,南东南,0.0,0.0,0.0
1782718488.336,160.2,7.0,南东南,0.0,0.0,0.0
1782718493.346,160.2,7.0,南东南,0.0,0.0,0.0
1782718498.357,160.2,7.0,南东南,0.0,0.0,0.0
1782718503.359,160.2,7.0,南东南,0.0,0.0,0.0
1782718508.366,160.2,7.0,南东南,0.0,0.0,0.0
1782718513.375,160.2,7.0,南东南,0.0,0.0,0.0
1782718518.386,160.2,7.0,南东南,0.0,0.0,0.0
1782718523.399,160.2,7.0,南东南,0.0,0.0,0.0
1782718528.407,160.2,7.0,南东南,0.0,0.0,0.0
1782718533.419,160.2,7.0,南东南,0.0,0.0,0.0
1782718538.433,160.2,7.0,南东南,0.0,0.0,0.0
1782718543.442,160.2,7.0,南东南,0.0,0.0,0.0
1782718548.455,160.2,7.0,南东南,0.0,0.0,0.0
1782718553.467,160.2,7.0,南东南,0.0,0.0,0.0
1782718558.474,160.2,7.0,南东南,0.0,0.0,0.0
1782718563.483,160.2,7.0,南东南,0.0,0.0,0.0
1782718568.495,160.2,7.0,南东南,0.0,0.0,0.0
1782718573.501,160.2,7.0,南东南,0.0,0.0,0.0
1782718578.507,160.2,7.0,南东南,0.0,0.0,0.0
1782718583.52,160.2,7.0,南东南,0.0,0.0,0.0
1782718588.526,160.2,7.0,南东南,0.0,0.0,0.0
1782718593.53,160.2,7.0,南东南,0.0,0.0,0.0
1782718598.538,160.2,7.0,南东南,0.0,0.0,0.0
1782718603.55,160.2,7.0,南东南,0.0,0.0,0.0
1782718608.563,160.2,7.0,南东南,0.0,0.0,0.0
1782718613.568,160.2,7.0,南东南,0.0,0.0,0.0
1782718618.583,160.2,7.0,南东南,0.0,0.0,0.0
1782718623.597,160.2,7.0,南东南,0.0,0.0,0.0
1782718628.603,160.2,7.0,南东南,0.0,0.0,0.0
1782718633.618,160.2,7.0,南东南,0.0,0.0,0.0
1782718638.63,160.2,7.0,南东南,0.0,0.0,0.0
1782718643.642,160.2,7.0,南东南,0.0,0.0,0.0
1782718648.65,160.2,7.0,南东南,0.0,0.0,0.0
1782718653.665,160.2,7.0,南东南,0.0,0.0,0.0
1782718658.67,160.2,7.0,南东南,0.0,0.0,0.0
1782718663.679,160.2,7.0,南东南,0.0,0.0,0.0
1782718668.692,160.2,7.0,南东南,0.0,0.0,0.0
1782718673.696,160.2,7.0,南东南,0.0,0.0,0.0
1782718678.707,160.2,7.0,南东南,0.0,0.0,0.0
1782718683.719,160.2,7.0,南东南,0.0,0.0,0.0
1782718688.73,160.2,7.0,南东南,0.0,0.0,0.0
1782718693.741,160.2,7.0,南东南,0.0,0.0,0.0
1782718698.748,160.2,7.0,南东南,0.0,0.0,0.0
1782718703.762,160.2,7.0,南东南,0.0,0.0,0.0
1782718708.772,160.2,7.0,南东南,0.0,0.0,0.0
1782718713.779,160.2,7.0,南东南,0.0,0.0,0.0
1782718718.788,160.2,7.0,南东南,0.0,0.0,0.0
1782718723.799,160.2,7.0,南东南,0.0,0.0,0.0
1782718728.807,160.2,7.0,南东南,0.0,0.0,0.0
1782718733.82,160.2,7.0,南东南,0.0,0.0,0.0
1782718738.834,160.2,7.0,南东南,0.0,0.0,0.0
1782718743.843,160.2,7.0,南东南,0.0,0.0,0.0
1782718748.855,160.2,7.0,南东南,0.0,0.0,0.0
1782718753.869,160.2,7.0,南东南,0.0,0.0,0.0
1782718758.876,160.2,7.0,南东南,0.0,0.0,0.0
1782718763.888,160.2,7.0,南东南,0.0,0.0,0.0
1782718768.896,160.2,7.0,南东南,0.0,0.0,0.0
1782718773.91,160.2,7.0,南东南,0.0,0.0,0.0
1782718778.921,160.2,7.0,南东南,0.0,0.0,0.0
1782718783.928,160.2,7.0,南东南,0.0,0.0,0.0
1782718788.939,160.2,7.0,南东南,0.0,0.0,0.0
1782718793.948,160.2,7.0,南东南,0.0,0.0,0.0
1782718798.958,160.2,7.0,南东南,0.0,0.0,0.0
1782718803.971,160.2,7.0,南东南,0.0,0.0,0.0
1782718808.982,160.2,7.0,南东南,0.0,0.0,0.0
1782718813.989,160.2,7.0,南东南,0.0,0.0,0.0
1782718818.998,160.2,7.0,南东南,0.0,0.0,0.0
1782718824.013,160.2,7.0,南东南,0.0,0.0,0.0
1782718829.016,160.2,7.0,南东南,0.0,0.0,0.0
1782718834.026,160.2,7.0,南东南,0.0,0.0,0.0
1782718839.037,160.2,7.0,南东南,0.0,0.0,0.0
1782718844.046,160.2,7.0,南东南,0.0,0.0,0.0
1782718849.058,160.2,7.0,南东南,0.0,0.0,0.0
1782718854.073,160.2,7.0,南东南,0.0,0.0,0.0
1782718859.078,160.2,7.0,南东南,0.0,0.0,0.0
1782718864.09,160.2,7.0,南东南,0.0,0.0,0.0
1782718869.096,160.2,7.0,南东南,0.0,0.0,0.0
1782718874.109,160.2,7.0,南东南,0.0,0.0,0.0
1782718879.124,160.2,7.0,南东南,0.0,0.0,0.0
1782718884.132,160.2,7.0,南东南,0.0,0.0,0.0
1782718889.144,160.2,7.0,南东南,0.0,0.0,0.0
1782718894.16,160.2,7.0,南东南,0.0,0.0,0.0
1782718899.164,160.2,7.0,南东南,0.0,0.0,0.0
1782718904.175,160.2,7.0,南东南,0.0,0.0,0.0
1782718909.19,160.2,7.0,南东南,0.0,0.0,0.0
1782718914.198,160.2,7.0,南东南,0.0,0.0,0.0
1782718919.209,160.2,7.0,南东南,0.0,0.0,0.0
1782718924.219,160.2,7.0,南东南,0.0,0.0,0.0
1782718929.224,160.2,7.0,南东南,0.0,0.0,0.0
1782718934.232,160.2,7.0,南东南,0.0,0.0,0.0
1782718939.244,160.2,7.0,南东南,0.0,0.0,0.0
1782718944.25,160.2,7.0,南东南,0.0,0.0,0.0
1782718949.258,160.2,7.0,南东南,0.0,0.0,0.0
1782718954.264,160.2,7.0,南东南,0.0,0.0,0.0
1782718959.276,160.2,7.0,南东南,0.0,0.0,0.0
1782718964.287,160.2,7.0,南东南,0.0,0.0,0.0
1782718969.29,160.2,7.0,南东南,0.0,0.0,0.0
1782718974.296,160.2,7.0,南东南,0.0,0.0,0.0
1782718979.309,160.2,7.0,南东南,0.0,0.0,0.0
1782718984.318,160.2,7.0,南东南,0.0,0.0,0.0
1782718989.331,160.2,7.0,南东南,0.0,0.0,0.0
1782718994.345,160.2,7.0,南东南,0.0,0.0,0.0
1782718999.351,160.2,7.0,南东南,0.0,0.0,0.0
1782719004.366,160.2,7.0,南东南,0.0,0.0,0.0
1782719009.376,160.2,7.0,南东南,0.0,0.0,0.0
1782719014.382,160.2,7.0,南东南,0.0,0.0,0.0
1782719019.391,160.2,7.0,南东南,0.0,0.0,0.0
1782719024.401,160.2,7.0,南东南,0.0,0.0,0.0
1782719029.408,160.2,7.0,南东南,0.0,0.0,0.0
1782719034.419,160.2,7.0,南东南,0.0,0.0,0.0
1782719039.427,160.2,7.0,南东南,0.0,0.0,0.0
1782719044.434,160.2,7.0,南东南,0.0,0.0,0.0
1782719049.443,160.2,7.0,南东南,0.0,0.0,0.0
1782719054.451,160.2,7.0,南东南,0.0,0.0,0.0
1782719059.458,160.2,7.0,南东南,0.0,0.0,0.0
1782719064.483,160.2,7.0,南东南,0.0,0.0,0.0
1782719069.494,160.2,7.0,南东南,0.0,0.0,0.0
1782719074.505,160.2,7.0,南东南,0.0,0.0,0.0
1782719079.52,160.2,7.0,南东南,0.0,0.0,0.0
1782719084.528,160.2,7.0,南东南,0.0,0.0,0.0
1782719089.538,160.2,7.0,南东南,0.0,0.0,0.0
1782719094.55,160.2,7.0,南东南,0.0,0.0,0.0
1782719099.553,160.2,7.0,南东南,0.0,0.0,0.0
1782719104.559,160.2,7.0,南东南,0.0,0.0,0.0
1782719109.567,160.2,7.0,南东南,0.0,0.0,0.0
1782719114.576,160.2,7.0,南东南,0.0,0.0,0.0
1782719119.59,160.2,7.0,南东南,0.0,0.0,0.0
1782719124.601,160.2,7.0,南东南,0.0,0.0,0.0
1782719129.609,160.2,7.0,南东南,0.0,0.0,0.0
1782719134.62,160.2,7.0,南东南,0.0,0.0,0.0
1782719139.626,160.2,7.0,南东南,0.0,0.0,0.0
1782719144.635,160.2,7.0,南东南,0.0,0.0,0.0
1782719149.648,160.2,7.0,南东南,0.0,0.0,0.0
1782719154.66,160.2,7.0,南东南,0.0,0.0,0.0
1782719159.706,160.2,7.0,南东南,0.0,0.0,0.0
1782719164.712,160.2,7.0,南东南,0.0,0.0,0.0
1782719169.726,160.2,7.0,南东南,0.0,0.0,0.0
1782719174.738,160.2,7.0,南东南,0.0,0.0,0.0
1782719179.746,160.2,7.0,南东南,0.0,0.0,0.0
1782719184.757,160.2,7.0,南东南,0.0,0.0,0.0
1782719189.77,160.2,7.0,南东南,0.0,0.0,0.0
1782719194.779,160.2,7.0,南东南,0.0,0.0,0.0
1782719199.786,160.2,7.0,南东南,0.0,0.0,0.0
1782719204.798,160.2,7.0,南东南,0.0,0.0,0.0
1782719206.487,160.2,7.0,南东南,0.0,0.0,0.0
1782719214.572,160.2,7.0,南东南,0.0,0.0,0.0
1782719219.586,160.2,7.0,南东南,0.0,0.0,0.0
1782719224.596,160.2,7.0,南东南,0.0,0.0,0.0
1782719229.602,160.2,7.0,南东南,0.0,0.0,0.0
1782719234.612,160.2,7.0,南东南,0.0,0.0,0.0
1782719239.625,160.2,7.0,南东南,0.0,0.0,0.0
1782719244.636,160.2,7.0,南东南,0.0,0.0,0.0
1782719249.649,160.2,7.0,南东南,0.0,0.0,0.0
1782719254.659,160.2,7.0,南东南,0.0,0.0,0.0
1782719259.667,160.2,7.0,南东南,0.0,0.0,0.0
1782719264.681,160.2,7.0,南东南,0.0,0.0,0.0
1782719269.717,160.2,7.0,南东南,0.0,0.0,0.0
1782719274.729,160.2,7.0,南东南,0.0,0.0,0.0
1782719279.739,160.2,7.0,南东南,0.0,0.0,0.0
1782719284.748,160.2,7.0,南东南,0.0,0.0,0.0
1782719289.757,160.2,7.0,南东南,0.0,0.0,0.0
1782719294.767,160.2,7.0,南东南,0.0,0.0,0.0
1782719299.772,160.2,7.0,南东南,0.0,0.0,0.0
1782719304.785,160.2,7.0,南东南,0.0,0.0,0.0
1782719309.795,160.2,7.0,南东南,0.0,0.0,0.0
1782719314.802,160.2,7.0,南东南,0.0,0.0,0.0
1782719319.811,160.2,7.0,南东南,0.0,0.0,0.0
1782719328.609,160.2,7.0,南东南,0.0,0.0,0.0
1782719333.623,160.2,7.0,南东南,0.0,0.0,0.0
1782719338.635,160.2,7.0,南东南,0.0,0.0,0.0
1782719343.659,160.2,7.0,南东南,0.0,0.0,0.0
1782719348.73,160.2,7.0,南东南,0.0,0.0,0.0
1782719353.825,160.2,7.0,南东南,0.0,0.0,0.0
1782719358.842,160.2,7.0,南东南,0.0,0.0,0.0
1782719363.853,160.2,7.0,南东南,0.0,0.0,0.0
1782719368.867,160.2,7.0,南东南,0.0,0.0,0.0
1782719373.877,160.2,7.0,南东南,0.0,0.0,0.0
1782719378.892,160.2,7.0,南东南,0.0,0.0,0.0
1782719383.9,160.2,7.0,南东南,0.0,0.0,0.0
1782719388.907,160.2,7.0,南东南,0.0,0.0,0.0
1782719393.917,160.2,7.0,南东南,0.0,0.0,0.0
1782719398.927,160.2,7.0,南东南,0.0,0.0,0.0
1782719403.936,160.2,7.0,南东南,0.0,0.0,0.0
1782719408.948,160.2,7.0,南东南,0.0,0.0,0.0
1782719413.953,160.2,7.0,南东南,0.0,0.0,0.0
1782719418.964,160.2,7.0,南东南,0.0,0.0,0.0
1782719423.977,160.2,7.0,南东南,0.0,0.0,0.0
1782719428.985,160.2,7.0,南东南,0.0,0.0,0.0
1782719433.994,160.2,7.0,南东南,0.0,0.0,0.0
1782719439.008,160.2,7.0,南东南,0.0,0.0,0.0
1782719444.018,160.2,7.0,南东南,0.0,0.0,0.0
1782719449.033,160.2,7.0,南东南,0.0,0.0,0.0
1782719454.043,160.2,7.0,南东南,0.0,0.0,0.0
1782719459.05,160.2,7.0,南东南,0.0,0.0,0.0
1782719464.056,160.2,7.0,南东南,0.0,0.0,0.0
1782719469.075,160.2,7.0,南东南,0.0,0.0,0.0
1782719474.084,160.2,7.0,南东南,0.0,0.0,0.0
1782719479.098,160.2,7.0,南东南,0.0,0.0,0.0
1782719484.113,160.2,7.0,南东南,0.0,0.0,0.0
1782719489.118,160.2,7.0,南东南,0.0,0.0,0.0
1782719494.128,160.2,7.0,南东南,0.0,0.0,0.0
1782719499.138,160.2,7.0,南东南,0.0,0.0,0.0
1782719504.15,160.2,7.0,南东南,0.0,0.0,0.0
1782719509.166,160.2,7.0,南东南,0.0,0.0,0.0
1782719514.175,160.2,7.0,南东南,0.0,0.0,0.0
1782719519.188,160.2,7.0,南东南,0.0,0.0,0.0
1782719524.199,160.2,7.0,南东南,0.0,0.0,0.0
1782719529.212,160.2,7.0,南东南,0.0,0.0,0.0
1782719534.222,160.2,7.0,南东南,0.0,0.0,0.0
1782719539.231,160.2,7.0,南东南,0.0,0.0,0.0
1782719544.242,160.2,7.0,南东南,0.0,0.0,0.0
1782719549.25,160.2,7.0,南东南,0.0,0.0,0.0
1782719554.261,160.2,7.0,南东南,0.0,0.0,0.0
1782719559.267,160.2,7.0,南东南,0.0,0.0,0.0
1782719564.278,160.2,7.0,南东南,0.0,0.0,0.0
1782719569.295,160.2,7.0,南东南,0.0,0.0,0.0
1782719574.3,160.2,7.0,南东南,0.0,0.0,0.0
1782719579.312,160.2,7.0,南东南,0.0,0.0,0.0
1782719584.318,160.2,7.0,南东南,0.0,0.0,0.0
1782719589.334,160.2,7.0,南东南,0.0,0.0,0.0
1782719594.346,160.2,7.0,南东南,0.0,0.0,0.0
1782719599.355,160.2,7.0,南东南,0.0,0.0,0.0
1782719604.367,160.2,7.0,南东南,0.0,0.0,0.0
1782719609.378,160.2,7.0,南东南,0.0,0.0,0.0
1782719614.388,160.2,7.0,南东南,0.0,0.0,0.0
1782719619.4,160.2,7.0,南东南,0.0,0.0,0.0
1782719624.416,160.2,7.0,南东南,0.0,0.0,0.0
1782719629.424,160.2,7.0,南东南,0.0,0.0,0.0
1782719634.435,160.2,7.0,南东南,0.0,0.0,0.0
1782719639.444,160.2,7.0,南东南,0.0,0.0,0.0
1782719644.455,160.2,7.0,南东南,0.0,0.0,0.0
1782719649.466,160.2,7.0,南东南,0.0,0.0,0.0
1782719654.472,160.2,7.0,南东南,0.0,0.0,0.0
1782719659.483,160.2,7.0,南东南,0.0,0.0,0.0
1782719664.496,160.2,7.0,南东南,0.0,0.0,0.0
1782719669.505,160.2,7.0,南东南,0.0,0.0,0.0
1782719674.517,160.2,7.0,南东南,0.0,0.0,0.0
1782719679.533,160.2,7.0,南东南,0.0,0.0,0.0
1782719684.544,160.2,7.0,南东南,0.0,0.0,0.0
1782719689.554,160.2,7.0,南东南,0.0,0.0,0.0
1782719694.567,160.2,7.0,南东南,0.0,0.0,0.0
1782719699.586,160.2,7.0,南东南,0.0,0.0,0.0
1782719704.654,160.2,7.0,南东南,0.0,0.0,0.0
1782719709.662,160.2,7.0,南东南,0.0,0.0,0.0
1782719714.674,160.2,7.0,南东南,0.0,0.0,0.0
1782719719.688,160.2,7.0,南东南,0.0,0.0,0.0
1782719724.697,160.2,7.0,南东南,0.0,0.0,0.0
1782719729.709,160.2,7.0,南东南,0.0,0.0,0.0
1782719734.721,160.2,7.0,南东南,0.0,0.0,0.0
1782719739.723,160.2,7.0,南东南,0.0,0.0,0.0
1782719744.737,160.2,7.0,南东南,0.0,0.0,0.0
1782719749.75,160.2,7.0,南东南,0.0,0.0,0.0
1782719754.757,160.2,7.0,南东南,0.0,0.0,0.0
1782719759.767,160.2,7.0,南东南,0.0,0.0,0.0
1782719764.782,160.2,7.0,南东南,0.0,0.0,0.0
1782719769.788,160.2,7.0,南东南,0.0,0.0,0.0
1782719774.803,160.2,7.0,南东南,0.0,0.0,0.0
1782719779.813,160.2,7.0,南东南,0.0,0.0,0.0
1782719784.823,160.2,7.0,南东南,0.0,0.0,0.0
1782719789.835,160.2,7.0,南东南,0.0,0.0,0.0
1782719794.846,160.2,7.0,南东南,0.0,0.0,0.0
1782719799.852,160.2,7.0,南东南,0.0,0.0,0.0
1782719804.865,160.2,7.0,南东南,0.0,0.0,0.0
1782719809.872,160.2,7.0,南东南,0.0,0.0,0.0
1782719814.884,160.2,7.0,南东南,0.0,0.0,0.0
1782719819.899,160.2,7.0,南东南,0.0,0.0,0.0
1782719824.906,160.2,7.0,南东南,0.0,0.0,0.0
1782719829.919,160.2,7.0,南东南,0.0,0.0,0.0
1782719834.933,160.2,7.0,南东南,0.0,0.0,0.0
1782719839.94,160.2,7.0,南东南,0.0,0.0,0.0
1782719844.952,160.2,7.0,南东南,0.0,0.0,0.0
1782719849.961,160.2,7.0,南东南,0.0,0.0,0.0
1782719854.968,160.2,7.0,南东南,0.0,0.0,0.0
1782719859.976,160.2,7.0,南东南,0.0,0.0,0.0
1782719864.992,160.2,7.0,南东南,0.0,0.0,0.0
1782719869.997,160.2,7.0,南东南,0.0,0.0,0.0
1782719875.012,160.2,7.0,南东南,0.0,0.0,0.0
1782719880.026,160.2,7.0,南东南,0.0,0.0,0.0
1782719885.034,160.2,7.0,南东南,0.0,0.0,0.0
1782719890.046,160.2,7.0,南东南,0.0,0.0,0.0
1782719895.048,160.2,7.0,南东南,0.0,0.0,0.0
1782719900.055,160.2,7.0,南东南,0.0,0.0,0.0
1782719905.068,160.2,7.0,南东南,0.0,0.0,0.0
1782719910.07,160.2,7.0,南东南,0.0,0.0,0.0
1782719915.085,160.2,7.0,南东南,0.0,0.0,0.0
1782719920.098,160.2,7.0,南东南,0.0,0.0,0.0
1782719925.106,160.2,7.0,南东南,0.0,0.0,0.0
1782719930.119,160.2,7.0,南东南,0.0,0.0,0.0
1782719935.134,160.2,7.0,南东南,0.0,0.0,0.0
1782719940.144,160.2,7.0,南东南,0.0,0.0,0.0
1782719945.158,160.2,7.0,南东南,0.0,0.0,0.0
1782719950.173,160.2,7.0,南东南,0.0,0.0,0.0
1782719955.18,160.2,7.0,南东南,0.0,0.0,0.0
1782719960.192,160.2,7.0,南东南,0.0,0.0,0.0
1782719965.204,160.2,7.0,南东南,0.0,0.0,0.0
1782719970.214,160.2,7.0,南东南,0.0,0.0,0.0
1782719975.233,160.2,7.0,南东南,0.0,0.0,0.0
1782719980.238,160.2,7.0,南东南,0.0,0.0,0.0
1782720371.333,160.2,7.0,南东南,0.0,0.0,0.0
1782720376.347,160.2,7.0,南东南,0.0,0.0,0.0
1782720381.359,160.2,7.0,南东南,0.0,0.0,0.0
1782720386.366,160.2,7.0,南东南,0.0,0.0,0.0
1782720391.376,160.2,7.0,南东南,0.0,0.0,0.0
1782720396.39,160.2,7.0,南东南,0.0,0.0,0.0
1782720401.398,160.2,7.0,南东南,0.0,0.0,0.0
1782720406.408,160.2,7.0,南东南,0.0,0.0,0.0
1782720411.422,160.2,7.0,南东南,0.0,0.0,0.0
1782720416.432,160.2,7.0,南东南,0.0,0.0,0.0
1782720421.445,160.2,7.0,南东南,0.0,0.0,0.0
1782720426.455,160.2,7.0,南东南,0.0,0.0,0.0
1782720431.462,160.2,7.0,南东南,0.0,0.0,0.0
1782720436.471,160.2,7.0,南东南,0.0,0.0,0.0
1782720441.476,160.2,7.0,南东南,0.0,0.0,0.0
1782720446.487,160.2,7.0,南东南,0.0,0.0,0.0
1782720451.498,160.2,7.0,南东南,0.0,0.0,0.0
1782720456.502,160.2,7.0,南东南,0.0,0.0,0.0
1782720461.509,160.2,7.0,南东南,0.0,0.0,0.0
1782720466.519,160.2,7.0,南东南,0.0,0.0,0.0
1782720471.529,160.2,7.0,南东南,0.0,0.0,0.0
1782720476.54,160.2,7.0,南东南,0.0,0.0,0.0
1782720481.548,160.2,7.0,南东南,0.0,0.0,0.0
1782720486.555,160.2,7.0,南东南,0.0,0.0,0.0
1782720491.563,160.2,7.0,南东南,0.0,0.0,0.0
1782720496.573,160.2,7.0,南东南,0.0,0.0,0.0
1782720501.578,160.2,7.0,南东南,0.0,0.0,0.0
1782720506.586,160.2,7.0,南东南,0.0,0.0,0.0
1782720511.594,160.2,7.0,南东南,0.0,0.0,0.0
1782720516.602,160.2,7.0,南东南,0.0,0.0,0.0
1782720521.614,160.2,7.0,南东南,0.0,0.0,0.0
1782720526.621,160.2,7.0,南东南,0.0,0.0,0.0
1782720531.636,160.2,7.0,南东南,0.0,0.0,0.0
1782720536.651,160.2,7.0,南东南,0.0,0.0,0.0
1782720541.656,160.2,7.0,南东南,0.0,0.0,0.0
1782720546.667,160.2,7.0,南东南,0.0,0.0,0.0
1782720551.681,160.2,7.0,南东南,0.0,0.0,0.0
1782720556.69,160.2,7.0,南东南,0.0,0.0,0.0
1782720561.7,160.2,7.0,南东南,0.0,0.0,0.0
1782720566.714,160.2,7.0,南东南,0.0,0.0,0.0
1782720571.724,160.2,7.0,南东南,0.0,0.0,0.0
1782720576.733,160.2,7.0,南东南,0.0,0.0,0.0
1782720581.745,160.2,7.0,南东南,0.0,0.0,0.0
1782720586.752,160.2,7.0,南东南,0.0,0.0,0.0
1782720591.762,160.2,7.0,南东南,0.0,0.0,0.0
1782720596.768,160.2,7.0,南东南,0.0,0.0,0.0
1782720601.783,160.2,7.0,南东南,0.0,0.0,0.0
1782720606.796,160.2,7.0,南东南,0.0,0.0,0.0
1782720611.802,160.2,7.0,南东南,0.0,0.0,0.0
1782720616.81,160.2,7.0,南东南,0.0,0.0,0.0
1782720621.822,160.2,7.0,南东南,0.0,0.0,0.0
1782720626.835,160.2,7.0,南东南,0.0,0.0,0.0
1782720631.847,160.2,7.0,南东南,0.0,0.0,0.0
1782720636.858,160.2,7.0,南东南,0.0,0.0,0.0
1782720641.867,160.2,7.0,南东南,0.0,0.0,0.0
1782720646.88,160.2,7.0,南东南,0.0,0.0,0.0
1782720651.894,160.2,7.0,南东南,0.0,0.0,0.0
1782720656.905,160.2,7.0,南东南,0.0,0.0,0.0
1782720661.919,160.2,7.0,南东南,0.0,0.0,0.0
1782720666.933,160.2,7.0,南东南,0.0,0.0,0.0
1782720671.943,160.2,7.0,南东南,0.0,0.0,0.0
1782720676.956,160.2,7.0,南东南,0.0,0.0,0.0
1782720681.958,160.2,7.0,南东南,0.0,0.0,0.0
1782720686.973,160.2,7.0,南东南,0.0,0.0,0.0
1782720691.984,160.2,7.0,南东南,0.0,0.0,0.0
1782720696.996,160.2,7.0,南东南,0.0,0.0,0.0
1782720702.01,160.2,7.0,南东南,0.0,0.0,0.0
1782720707.023,160.2,7.0,南东南,0.0,0.0,0.0
1782720712.033,160.2,7.0,南东南,0.0,0.0,0.0
1782720717.046,160.2,7.0,南东南,0.0,0.0,0.0
1782720722.06,160.2,7.0,南东南,0.0,0.0,0.0
1782720727.072,160.2,7.0,南东南,0.0,0.0,0.0
1782720732.084,160.2,7.0,南东南,0.0,0.0,0.0
1782720737.095,160.2,7.0,南东南,0.0,0.0,0.0
1782720742.103,160.2,7.0,南东南,0.0,0.0,0.0
1782720747.119,160.2,7.0,南东南,0.0,0.0,0.0
1782720752.13,160.2,7.0,南东南,0.0,0.0,0.0
1782720757.139,160.2,7.0,南东南,0.0,0.0,0.0
1782720762.152,160.2,7.0,南东南,0.0,0.0,0.0
1782720767.166,160.2,7.0,南东南,0.0,0.0,0.0
1782720772.174,160.2,7.0,南东南,0.0,0.0,0.0
1782720777.183,160.2,7.0,南东南,0.0,0.0,0.0
1782720782.188,160.2,7.0,南东南,0.0,0.0,0.0
1782720787.198,160.2,7.0,南东南,0.0,0.0,0.0
1782720792.206,160.2,7.0,南东南,0.0,0.0,0.0
1782720797.214,160.2,7.0,南东南,0.0,0.0,0.0
1782720802.228,160.2,7.0,南东南,0.0,0.0,0.0
1782720807.239,160.2,7.0,南东南,0.0,0.0,0.0
1782720812.244,160.2,7.0,南东南,0.0,0.0,0.0
1782720817.254,160.2,7.0,南东南,0.0,0.0,0.0
1782720822.266,160.2,7.0,南东南,0.0,0.0,0.0
1782720827.277,160.2,7.0,南东南,0.0,0.0,0.0
1782720832.285,160.2,7.0,南东南,0.0,0.0,0.0
1782720837.3,160.2,7.0,南东南,0.0,0.0,0.0
1782720842.309,160.2,7.0,南东南,0.0,0.0,0.0
1782720847.323,160.2,7.0,南东南,0.0,0.0,0.0
1782720852.336,160.2,7.0,南东南,0.0,0.0,0.0
1782720857.34,160.2,7.0,南东南,0.0,0.0,0.0
1782720862.354,160.2,7.0,南东南,0.0,0.0,0.0
1782720867.366,160.2,7.0,南东南,0.0,0.0,0.0
1782720872.374,160.2,7.0,南东南,0.0,0.0,0.0
1782720877.382,160.2,7.0,南东南,0.0,0.0,0.0
1782720882.387,160.2,7.0,南东南,0.0,0.0,0.0
1782720887.397,160.2,7.0,南东南,0.0,0.0,0.0
1782720892.407,160.2,7.0,南东南,0.0,0.0,0.0
1782720897.416,160.2,7.0,南东南,0.0,0.0,0.0
1782720902.425,160.2,7.0,南东南,0.0,0.0,0.0
1782720907.435,160.2,7.0,南东南,0.0,0.0,0.0
1782720912.442,160.2,7.0,南东南,0.0,0.0,0.0
1782720917.45,160.2,7.0,南东南,0.0,0.0,0.0
1782720922.46,160.2,7.0,南东南,0.0,0.0,0.0
1782720927.469,160.2,7.0,南东南,0.0,0.0,0.0
1782720932.481,160.2,7.0,南东南,0.0,0.0,0.0
1782720937.494,160.2,7.0,南东南,0.0,0.0,0.0
1782720942.499,160.2,7.0,南东南,0.0,0.0,0.0
1782720947.511,160.2,7.0,南东南,0.0,0.0,0.0
1782720952.52,160.2,7.0,南东南,0.0,0.0,0.0
1782720957.542,160.2,7.0,南东南,0.0,0.0,0.0
1782720962.55,160.2,7.0,南东南,0.0,0.0,0.0
1782720967.558,160.2,7.0,南东南,0.0,0.0,0.0
1782720972.57,160.2,7.0,南东南,0.0,0.0,0.0
1782720977.584,160.2,7.0,南东南,0.0,0.0,0.0
1782720982.597,160.2,7.0,南东南,0.0,0.0,0.0
1782720987.61,160.2,7.0,南东南,0.0,0.0,0.0
1782720992.625,160.2,7.0,南东南,0.0,0.0,0.0
1782720997.632,160.2,7.0,南东南,0.0,0.0,0.0
1782721002.646,160.2,7.0,南东南,0.0,0.0,0.0
1782721007.658,160.2,7.0,南东南,0.0,0.0,0.0
1782721012.664,160.2,7.0,南东南,0.0,0.0,0.0
1782721017.68,160.2,7.0,南东南,0.0,0.0,0.0
1782721022.695,160.2,7.0,南东南,0.0,0.0,0.0
1782721027.702,160.2,7.0,南东南,0.0,0.0,0.0
1782721032.712,160.2,7.0,南东南,0.0,0.0,0.0
1782721037.721,160.2,7.0,南东南,0.0,0.0,0.0
1782721042.735,160.2,7.0,南东南,0.0,0.0,0.0
1782721047.748,160.2,7.0,南东南,0.0,0.0,0.0
1782721052.761,160.2,7.0,南东南,0.0,0.0,0.0
1782721057.771,160.2,7.0,南东南,0.0,0.0,0.0
1782721062.783,160.2,7.0,南东南,0.0,0.0,0.0
1782721067.792,160.2,7.0,南东南,0.0,0.0,0.0
1782721072.804,160.2,7.0,南东南,0.0,0.0,0.0
1782721077.821,160.2,7.0,南东南,0.0,0.0,0.0
1782721082.83,160.2,7.0,南东南,0.0,0.0,0.0
1782721087.838,160.2,7.0,南东南,0.0,0.0,0.0
1782721092.847,160.2,7.0,南东南,0.0,0.0,0.0
1782721097.853,160.2,7.0,南东南,0.0,0.0,0.0
1782721102.864,160.2,7.0,南东南,0.0,0.0,0.0
1782721107.875,160.2,7.0,南东南,0.0,0.0,0.0
1782721112.882,160.2,7.0,南东南,0.0,0.0,0.0
1782721117.892,160.2,7.0,南东南,0.0,0.0,0.0
1782721122.904,160.2,7.0,南东南,0.0,0.0,0.0
1782721127.915,160.2,7.0,南东南,0.0,0.0,0.0
1782721132.925,160.2,7.0,南东南,0.0,0.0,0.0
1782721137.932,160.2,7.0,南东南,0.0,0.0,0.0
1782721142.943,160.2,7.0,南东南,0.0,0.0,0.0
1782721147.952,160.2,7.0,南东南,0.0,0.0,0.0
1782721152.958,160.2,7.0,南东南,0.0,0.0,0.0
1782721157.968,160.2,7.0,南东南,0.0,0.0,0.0
1782721162.98,160.2,7.0,南东南,0.0,0.0,0.0
1782721167.984,160.2,7.0,南东南,0.0,0.0,0.0
1782721172.996,160.2,7.0,南东南,0.0,0.0,0.0
1782721178.006,160.2,7.0,南东南,0.0,0.0,0.0
1782721183.013,160.2,7.0,南东南,0.0,0.0,0.0
1782721188.021,160.2,7.0,南东南,0.0,0.0,0.0
1782721193.031,160.2,7.0,南东南,0.0,0.0,0.0
1782721198.038,160.2,7.0,南东南,0.0,0.0,0.0
1782721203.047,160.2,7.0,南东南,0.0,0.0,0.0
1782721208.054,160.2,7.0,南东南,0.0,0.0,0.0
1782721213.065,160.2,7.0,南东南,0.0,0.0,0.0
1782721218.079,160.2,7.0,南东南,0.0,0.0,0.0
1782721223.084,160.2,7.0,南东南,0.0,0.0,0.0
1782721228.094,160.2,7.0,南东南,0.0,0.0,0.0
1782721233.107,160.2,7.0,南东南,0.0,0.0,0.0
1782721238.112,160.2,7.0,南东南,0.0,0.0,0.0
1782721243.123,160.2,7.0,南东南,0.0,0.0,0.0
1782721248.132,160.2,7.0,南东南,0.0,0.0,0.0
1782721253.138,160.2,7.0,南东南,0.0,0.0,0.0
1782721258.149,160.2,7.0,南东南,0.0,0.0,0.0
1782721263.163,160.2,7.0,南东南,0.0,0.0,0.0
1782721268.172,160.2,7.0,南东南,0.0,0.0,0.0
1782721273.181,160.2,7.0,南东南,0.0,0.0,0.0
1782721278.193,160.2,7.0,南东南,0.0,0.0,0.0
1782721283.203,160.2,7.0,南东南,0.0,0.0,0.0
1782721288.215,160.2,7.0,南东南,0.0,0.0,0.0
1782721293.224,160.2,7.0,南东南,0.0,0.0,0.0
1782721298.238,160.2,7.0,南东南,0.0,0.0,0.0
1782721303.248,160.2,7.0,南东南,0.0,0.0,0.0
1782721308.255,160.2,7.0,南东南,0.0,0.0,0.0
1782721313.267,160.2,7.0,南东南,0.0,0.0,0.0
1782721318.281,160.2,7.0,南东南,0.0,0.0,0.0
1782721323.284,160.2,7.0,南东南,0.0,0.0,0.0
1782721328.296,160.2,7.0,南东南,0.0,0.0,0.0
1782721333.314,160.2,7.0,南东南,0.0,0.0,0.0
1782721338.318,160.2,7.0,南东南,0.0,0.0,0.0
1782721343.332,160.2,7.0,南东南,0.0,0.0,0.0
1782721348.346,160.2,7.0,南东南,0.0,0.0,0.0
1782721353.35,160.2,7.0,南东南,0.0,0.0,0.0
1782721358.363,160.2,7.0,南东南,0.0,0.0,0.0
1782721363.369,160.2,7.0,南东南,0.0,0.0,0.0
1782721368.375,160.2,7.0,南东南,0.0,0.0,0.0
1782721373.386,160.2,7.0,南东南,0.0,0.0,0.0
1782721378.391,160.2,7.0,南东南,0.0,0.0,0.0
1782721383.403,160.2,7.0,南东南,0.0,0.0,0.0
1782721388.413,160.2,7.0,南东南,0.0,0.0,0.0
1782721393.42,160.2,7.0,南东南,0.0,0.0,0.0
1782721398.43,160.2,7.0,南东南,0.0,0.0,0.0
1782721403.441,160.2,7.0,南东南,0.0,0.0,0.0
1782721408.448,160.2,7.0,南东南,0.0,0.0,0.0
1782721413.458,160.2,7.0,南东南,0.0,0.0,0.0
1782721418.47,160.2,7.0,南东南,0.0,0.0,0.0
1782721423.474,160.2,7.0,南东南,0.0,0.0,0.0
1782721428.486,160.2,7.0,南东南,0.0,0.0,0.0
1782721433.5,160.2,7.0,南东南,0.0,0.0,0.0
1782721438.505,160.2,7.0,南东南,0.0,0.0,0.0
1782721443.517,160.2,7.0,南东南,0.0,0.0,0.0
1782721448.534,160.2,7.0,南东南,0.0,0.0,0.0
1782721453.542,160.2,7.0,南东南,0.0,0.0,0.0
1782721458.558,160.2,7.0,南东南,0.0,0.0,0.0
1782721463.564,160.2,7.0,南东南,0.0,0.0,0.0
1782721468.577,160.2,7.0,南东南,0.0,0.0,0.0
1782721473.592,160.2,7.0,南东南,0.0,0.0,0.0
1782721478.602,160.2,7.0,南东南,0.0,0.0,0.0
1782721483.616,160.2,7.0,南东南,0.0,0.0,0.0
1782721488.627,160.2,7.0,南东南,0.0,0.0,0.0
1782721493.632,160.2,7.0,南东南,0.0,0.0,0.0
1782721498.642,160.2,7.0,南东南,0.0,0.0,0.0
1782721503.649,160.2,7.0,南东南,0.0,0.0,0.0
1782721508.652,160.2,7.0,南东南,0.0,0.0,0.0
1782721513.662,160.2,7.0,南东南,0.0,0.0,0.0
1782721518.674,160.2,7.0,南东南,0.0,0.0,0.0
1782721523.683,160.2,7.0,南东南,0.0,0.0,0.0
1782721528.69,160.2,7.0,南东南,0.0,0.0,0.0
1782721533.706,160.2,7.0,南东南,0.0,0.0,0.0
1782721538.714,160.2,7.0,南东南,0.0,0.0,0.0
1782721543.728,160.2,7.0,南东南,0.0,0.0,0.0
1782721548.737,160.2,7.0,南东南,0.0,0.0,0.0
1782721553.74,160.2,7.0,南东南,0.0,0.0,0.0
1782721558.753,160.2,7.0,南东南,0.0,0.0,0.0
1782721563.76,160.2,7.0,南东南,0.0,0.0,0.0
1782721568.772,160.2,7.0,南东南,0.0,0.0,0.0
1782721573.787,160.2,7.0,南东南,0.0,0.0,0.0
1782721578.793,160.2,7.0,南东南,0.0,0.0,0.0
1782721583.807,160.2,7.0,南东南,0.0,0.0,0.0
1782721588.819,160.2,7.0,南东南,0.0,0.0,0.0
1782721593.826,160.2,7.0,南东南,0.0,0.0,0.0
1782721598.836,160.2,7.0,南东南,0.0,0.0,0.0
1782721603.849,160.2,7.0,南东南,0.0,0.0,0.0
1782721608.856,160.2,7.0,南东南,0.0,0.0,0.0
1782721613.868,160.2,7.0,南东南,0.0,0.0,0.0
1782721618.881,160.2,7.0,南东南,0.0,0.0,0.0
1782721623.888,160.2,7.0,南东南,0.0,0.0,0.0
1782721628.906,160.2,7.0,南东南,0.0,0.0,0.0
1782721633.915,160.2,7.0,南东南,0.0,0.0,0.0
1782721638.922,160.2,7.0,南东南,0.0,0.0,0.0
1782721643.937,160.2,7.0,南东南,0.0,0.0,0.0
1782721648.944,160.2,7.0,南东南,0.0,0.0,0.0
1782721653.957,160.2,7.0,南东南,0.0,0.0,0.0
1782721658.974,160.2,7.0,南东南,0.0,0.0,0.0
1782721663.982,160.2,7.0,南东南,0.0,0.0,0.0
1782721668.994,160.2,7.0,南东南,0.0,0.0,0.0
1782721674.01,160.2,7.0,南东南,0.0,0.0,0.0
1782721679.017,160.2,7.0,南东南,0.0,0.0,0.0
1782721684.028,160.2,7.0,南东南,0.0,0.0,0.0
1782721689.045,160.2,7.0,南东南,0.0,0.0,0.0
1782721694.053,160.2,7.0,南东南,0.0,0.0,0.0
1782721699.064,160.2,7.0,南东南,0.0,0.0,0.0
1782721704.074,160.2,7.0,南东南,0.0,0.0,0.0
1782721709.081,160.2,7.0,南东南,0.0,0.0,0.0
1782721714.099,160.2,7.0,南东南,0.0,0.0,0.0
1782721719.111,160.2,7.0,南东南,0.0,0.0,0.0
1782721724.118,160.2,7.0,南东南,0.0,0.0,0.0
1782721729.133,160.2,7.0,南东南,0.0,0.0,0.0
1782721734.148,160.2,7.0,南东南,0.0,0.0,0.0
1782721739.157,160.2,7.0,南东南,0.0,0.0,0.0
1782721744.168,160.2,7.0,南东南,0.0,0.0,0.0
1782721749.174,160.2,7.0,南东南,0.0,0.0,0.0
1782721754.184,160.2,7.0,南东南,0.0,0.0,0.0
1782721759.192,160.2,7.0,南东南,0.0,0.0,0.0
1782721764.198,160.2,7.0,南东南,0.0,0.0,0.0
1782721769.21,160.2,7.0,南东南,0.0,0.0,0.0
1782721774.22,160.2,7.0,南东南,0.0,0.0,0.0
1782721779.227,160.2,7.0,南东南,0.0,0.0,0.0
1782721784.235,160.2,7.0,南东南,0.0,0.0,0.0
1782721789.245,160.2,7.0,南东南,0.0,0.0,0.0
1782721794.25,160.2,7.0,南东南,0.0,0.0,0.0
1782721799.26,160.2,7.0,南东南,0.0,0.0,0.0
1782721804.271,160.2,7.0,南东南,0.0,0.0,0.0
1782721809.283,160.2,7.0,南东南,0.0,0.0,0.0
1782721814.298,160.2,7.0,南东南,0.0,0.0,0.0
1782721819.305,160.2,7.0,南东南,0.0,0.0,0.0
1782721824.317,160.2,7.0,南东南,0.0,0.0,0.0
1782721829.332,160.2,7.0,南东南,0.0,0.0,0.0
1782721834.342,160.2,7.0,南东南,0.0,0.0,0.0
1782721839.355,160.2,7.0,南东南,0.0,0.0,0.0
1782721844.363,160.2,7.0,南东南,0.0,0.0,0.0
1782721849.37,160.2,7.0,南东南,0.0,0.0,0.0
1782721854.386,160.2,7.0,南东南,0.0,0.0,0.0
1782721859.397,160.2,7.0,南东南,0.0,0.0,0.0
1782721864.401,160.2,7.0,南东南,0.0,0.0,0.0
1782721869.414,160.2,7.0,南东南,0.0,0.0,0.0
1782721874.426,160.2,7.0,南东南,0.0,0.0,0.0
1782721879.433,160.2,7.0,南东南,0.0,0.0,0.0
1782721884.445,160.2,7.0,南东南,0.0,0.0,0.0
1782721889.451,160.2,7.0,南东南,0.0,0.0,0.0
1782721894.462,160.2,7.0,南东南,0.0,0.0,0.0
1782721899.474,160.2,7.0,南东南,0.0,0.0,0.0
1782721904.48,160.2,7.0,南东南,0.0,0.0,0.0
1782721909.487,160.2,7.0,南东南,0.0,0.0,0.0
1782721914.501,160.2,7.0,南东南,0.0,0.0,0.0
1782721919.538,160.2,7.0,南东南,0.0,0.0,0.0
1782721924.569,160.2,7.0,南东南,0.0,0.0,0.0
1782721929.576,160.2,7.0,南东南,0.0,0.0,0.0
1782721934.584,160.2,7.0,南东南,0.0,0.0,0.0
1782721939.596,160.2,7.0,南东南,0.0,0.0,0.0
1782721944.606,160.2,7.0,南东南,0.0,0.0,0.0
1782721949.624,160.2,7.0,南东南,0.0,0.0,0.0
1782721954.645,160.2,7.0,南东南,0.0,0.0,0.0
1782721959.648,160.2,7.0,南东南,0.0,0.0,0.0
1782721964.679,160.2,7.0,南东南,0.0,0.0,0.0
1782721969.69,160.2,7.0,南东南,0.0,0.0,0.0
1782721974.698,160.2,7.0,南东南,0.0,0.0,0.0
1782721979.715,160.2,7.0,南东南,0.0,0.0,0.0
1782721984.723,160.2,7.0,南东南,0.0,0.0,0.0
1782721989.734,160.2,7.0,南东南,0.0,0.0,0.0
1782721994.744,160.2,7.0,南东南,0.0,0.0,0.0
1782721999.757,160.2,7.0,南东南,0.0,0.0,0.0
1782722004.764,160.2,7.0,南东南,0.0,0.0,0.0
1782722009.813,160.2,7.0,南东南,0.0,0.0,0.0
1782722014.836,160.2,7.0,南东南,0.0,0.0,0.0
1782722019.849,160.2,7.0,南东南,0.0,0.0,0.0
1782722024.86,160.2,7.0,南东南,0.0,0.0,0.0
1782722029.866,160.2,7.0,南东南,0.0,0.0,0.0
1782722034.878,160.2,7.0,南东南,0.0,0.0,0.0
1782722039.889,160.2,7.0,南东南,0.0,0.0,0.0
1782722044.896,160.2,7.0,南东南,0.0,0.0,0.0
1782722049.912,160.2,7.0,南东南,0.0,0.0,0.0
1782722054.924,160.2,7.0,南东南,0.0,0.0,0.0
1782722059.934,160.2,7.0,南东南,0.0,0.0,0.0
1782722064.949,160.2,7.0,南东南,0.0,0.0,0.0
1782722069.962,160.2,7.0,南东南,0.0,0.0,0.0
1782722074.967,160.2,7.0,南东南,0.0,0.0,0.0
1782722079.984,160.2,7.0,南东南,0.0,0.0,0.0
1782722084.994,160.2,7.0,南东南,0.0,0.0,0.0
1782722090.002,160.2,7.0,南东南,0.0,0.0,0.0
1782722095.017,160.2,7.0,南东南,0.0,0.0,0.0
1782722100.03,160.2,7.0,南东南,0.0,0.0,0.0
1782722105.038,160.2,7.0,南东南,0.0,0.0,0.0
1782722110.054,160.2,7.0,南东南,0.0,0.0,0.0
1782722115.06,160.2,7.0,南东南,0.0,0.0,0.0
1782722120.075,160.2,7.0,南东南,0.0,0.0,0.0
1782722125.084,160.2,7.0,南东南,0.0,0.0,0.0
1782722130.095,160.2,7.0,南东南,0.0,0.0,0.0
1782722135.111,160.2,7.0,南东南,0.0,0.0,0.0
1782722140.12,160.2,7.0,南东南,0.0,0.0,0.0
1782722145.124,160.2,7.0,南东南,0.0,0.0,0.0
1782722150.135,160.2,7.0,南东南,0.0,0.0,0.0
1782722155.146,160.2,7.0,南东南,0.0,0.0,0.0
1782722160.151,160.2,7.0,南东南,0.0,0.0,0.0
1782722165.163,160.2,7.0,南东南,0.0,0.0,0.0
1782722170.177,160.2,7.0,南东南,0.0,0.0,0.0
1782722175.182,160.2,7.0,南东南,0.0,0.0,0.0
1782722180.197,160.2,7.0,南东南,0.0,0.0,0.0
1782722185.211,160.2,7.0,南东南,0.0,0.0,0.0
1782722190.219,160.2,7.0,南东南,0.0,0.0,0.0
1782722195.231,160.2,7.0,南东南,0.0,0.0,0.0
1782722200.237,160.2,7.0,南东南,0.0,0.0,0.0
1782722205.25,160.2,7.0,南东南,0.0,0.0,0.0
1782722210.259,160.2,7.0,南东南,0.0,0.0,0.0
1782722215.265,160.2,7.0,南东南,0.0,0.0,0.0
1782722220.274,160.2,7.0,南东南,0.0,0.0,0.0
1782722225.284,160.2,7.0,南东南,0.0,0.0,0.0
1782722230.295,160.2,7.0,南东南,0.0,0.0,0.0
1782722235.309,160.2,7.0,南东南,0.0,0.0,0.0
1782722240.321,160.2,7.0,南东南,0.0,0.0,0.0
1782722245.327,160.2,7.0,南东南,0.0,0.0,0.0
1782722250.343,160.2,7.0,南东南,0.0,0.0,0.0
1782722255.353,160.2,7.0,南东南,0.0,0.0,0.0
1782722260.359,160.2,7.0,南东南,0.0,0.0,0.0
1782722265.37,160.2,7.0,南东南,0.0,0.0,0.0
1782722270.381,160.2,7.0,南东南,0.0,0.0,0.0
1782722275.391,160.2,7.0,南东南,0.0,0.0,0.0
1782722280.404,160.2,7.0,南东南,0.0,0.0,0.0
1782722285.417,160.2,7.0,南东南,0.0,0.0,0.0
1782722290.426,160.2,7.0,南东南,0.0,0.0,0.0
1782722295.437,160.2,7.0,南东南,0.0,0.0,0.0
1782722300.44,160.2,7.0,南东南,0.0,0.0,0.0
1782722305.452,160.2,7.0,南东南,0.0,0.0,0.0
1782722310.463,160.2,7.0,南东南,0.0,0.0,0.0
1782722315.468,160.2,7.0,南东南,0.0,0.0,0.0
1782722320.484,160.2,7.0,南东南,0.0,0.0,0.0
1782722325.494,160.2,7.0,南东南,0.0,0.0,0.0
1782722330.5,160.2,7.0,南东南,0.0,0.0,0.0
1782722335.513,160.2,7.0,南东南,0.0,0.0,0.0
1782722340.522,160.2,7.0,南东南,0.0,0.0,0.0
1782722345.531,160.2,7.0,南东南,0.0,0.0,0.0
1782722350.547,160.2,7.0,南东南,0.0,0.0,0.0
1782722355.559,160.2,7.0,南东南,0.0,0.0,0.0
1782722360.568,160.2,7.0,南东南,0.0,0.0,0.0
1782722365.578,160.2,7.0,南东南,0.0,0.0,0.0
1782722370.591,160.2,7.0,南东南,0.0,0.0,0.0
1782722375.599,160.2,7.0,南东南,0.0,0.0,0.0
1782722380.61,160.2,7.0,南东南,0.0,0.0,0.0
1782722385.616,160.2,7.0,南东南,0.0,0.0,0.0
1782722390.631,160.2,7.0,南东南,0.0,0.0,0.0
1782722395.643,160.2,7.0,南东南,0.0,0.0,0.0
1782722400.65,160.2,7.0,南东南,0.0,0.0,0.0
1782722405.666,160.2,7.0,南东南,0.0,0.0,0.0
1782722410.677,160.2,7.0,南东南,0.0,0.0,0.0
1782722415.683,160.2,7.0,南东南,0.0,0.0,0.0
1782722420.699,160.2,7.0,南东南,0.0,0.0,0.0
1782722425.71,160.2,7.0,南东南,0.0,0.0,0.0
1782722430.716,160.2,7.0,南东南,0.0,0.0,0.0
1782722435.734,160.2,7.0,南东南,0.0,0.0,0.0
1782722440.746,160.2,7.0,南东南,0.0,0.0,0.0
1782722445.757,160.2,7.0,南东南,0.0,0.0,0.0
1782722450.765,160.2,7.0,南东南,0.0,0.0,0.0
1782722455.779,160.2,7.0,南东南,0.0,0.0,0.0
1782722460.79,160.2,7.0,南东南,0.0,0.0,0.0
1782722465.803,160.2,7.0,南东南,0.0,0.0,0.0
1782722470.81,160.2,7.0,南东南,0.0,0.0,0.0
1782722475.823,160.2,7.0,南东南,0.0,0.0,0.0
1782722480.835,160.2,7.0,南东南,0.0,0.0,0.0
1782722485.843,160.2,7.0,南东南,0.0,0.0,0.0
1782722490.857,160.2,7.0,南东南,0.0,0.0,0.0
1782722495.87,160.2,7.0,南东南,0.0,0.0,0.0
1782722500.874,160.2,7.0,南东南,0.0,0.0,0.0
1782722505.889,160.2,7.0,南东南,0.0,0.0,0.0
1782722510.902,160.2,7.0,南东南,0.0,0.0,0.0
1782722515.913,160.2,7.0,南东南,0.0,0.0,0.0
1782722520.926,160.2,7.0,南东南,0.0,0.0,0.0
1782722525.94,160.2,7.0,南东南,0.0,0.0,0.0
1782722530.951,160.2,7.0,南东南,0.0,0.0,0.0
1782722535.964,160.2,7.0,南东南,0.0,0.0,0.0
1782722540.973,160.2,7.0,南东南,0.0,0.0,0.0
1782722545.985,160.2,7.0,南东南,0.0,0.0,0.0
1782722550.997,160.2,7.0,南东南,0.0,0.0,0.0
1782722556.006,160.2,7.0,南东南,0.0,0.0,0.0
1782722561.019,160.2,7.0,南东南,0.0,0.0,0.0
1782722566.029,160.2,7.0,南东南,0.0,0.0,0.0
1782722571.032,160.2,7.0,南东南,0.0,0.0,0.0
1782722576.042,160.2,7.0,南东南,0.0,0.0,0.0
1782722581.053,160.2,7.0,南东南,0.0,0.0,0.0
1782722586.061,160.2,7.0,南东南,0.0,0.0,0.0
1782722591.072,160.2,7.0,南东南,0.0,0.0,0.0
1782722596.086,160.2,7.0,南东南,0.0,0.0,0.0
1782722601.095,160.2,7.0,南东南,0.0,0.0,0.0
1782722606.109,160.2,7.0,南东南,0.0,0.0,0.0
1782722611.12,160.2,7.0,南东南,0.0,0.0,0.0
1782722616.127,160.2,7.0,南东南,0.0,0.0,0.0
1782722621.14,160.2,7.0,南东南,0.0,0.0,0.0
1782722626.15,160.2,7.0,南东南,0.0,0.0,0.0
1782722631.159,160.2,7.0,南东南,0.0,0.0,0.0
1782722636.171,160.2,7.0,南东南,0.0,0.0,0.0
1782722641.183,160.2,7.0,南东南,0.0,0.0,0.0
1782722646.192,160.2,7.0,南东南,0.0,0.0,0.0
1782722651.201,160.2,7.0,南东南,0.0,0.0,0.0
1782722656.204,160.2,7.0,南东南,0.0,0.0,0.0
1782722661.218,160.2,7.0,南东南,0.0,0.0,0.0
1782722666.227,160.2,7.0,南东南,0.0,0.0,0.0
1782722671.236,160.2,7.0,南东南,0.0,0.0,0.0
1782722676.244,160.2,7.0,南东南,0.0,0.0,0.0
1782722681.254,160.2,7.0,南东南,0.0,0.0,0.0
1782722686.262,160.2,7.0,南东南,0.0,0.0,0.0
1782722691.271,160.2,7.0,南东南,0.0,0.0,0.0
1782722696.282,160.2,7.0,南东南,0.0,0.0,0.0
1782722701.291,160.2,7.0,南东南,0.0,0.0,0.0
1782722706.304,160.2,7.0,南东南,0.0,0.0,0.0
1782722711.312,160.2,7.0,南东南,0.0,0.0,0.0
1782722716.318,160.2,7.0,南东南,0.0,0.0,0.0
1782722721.327,160.2,7.0,南东南,0.0,0.0,0.0
1782722726.338,160.2,7.0,南东南,0.0,0.0,0.0
1782722731.346,160.2,7.0,南东南,0.0,0.0,0.0
1782722736.356,160.2,7.0,南东南,0.0,0.0,0.0
1782722741.365,160.2,7.0,南东南,0.0,0.0,0.0
1782722746.375,160.2,7.0,南东南,0.0,0.0,0.0
1782722751.384,160.2,7.0,南东南,0.0,0.0,0.0
1782722756.392,160.2,7.0,南东南,0.0,0.0,0.0
1782722761.402,160.2,7.0,南东南,0.0,0.0,0.0
1782722766.415,160.2,7.0,南东南,0.0,0.0,0.0
1782722771.423,160.2,7.0,南东南,0.0,0.0,0.0
1782722776.436,160.2,7.0,南东南,0.0,0.0,0.0
1782722781.449,160.2,7.0,南东南,0.0,0.0,0.0
1782722786.455,160.2,7.0,南东南,0.0,0.0,0.0
1782722791.468,160.2,7.0,南东南,0.0,0.0,0.0
1782722796.477,160.2,7.0,南东南,0.0,0.0,0.0
1782722801.484,160.2,7.0,南东南,0.0,0.0,0.0
1782722806.493,160.2,7.0,南东南,0.0,0.0,0.0
1782722811.504,160.2,7.0,南东南,0.0,0.0,0.0
1782722816.513,160.2,7.0,南东南,0.0,0.0,0.0
1782722821.526,160.2,7.0,南东南,0.0,0.0,0.0
1782722826.535,160.2,7.0,南东南,0.0,0.0,0.0
1782722831.548,160.2,7.0,南东南,0.0,0.0,0.0
1782722836.562,160.2,7.0,南东南,0.0,0.0,0.0
1782722841.574,160.2,7.0,南东南,0.0,0.0,0.0
1782722846.588,160.2,7.0,南东南,0.0,0.0,0.0
1782722851.6,160.2,7.0,南东南,0.0,0.0,0.0
1782722856.61,160.2,7.0,南东南,0.0,0.0,0.0
1782722861.627,160.2,7.0,南东南,0.0,0.0,0.0
1782722866.636,160.2,7.0,南东南,0.0,0.0,0.0
1782722871.64,160.2,7.0,南东南,0.0,0.0,0.0
1782722876.648,160.2,7.0,南东南,0.0,0.0,0.0
1782722881.663,160.2,7.0,南东南,0.0,0.0,0.0
1782722886.674,160.2,7.0,南东南,0.0,0.0,0.0
1782722891.689,160.2,7.0,南东南,0.0,0.0,0.0
1782722896.697,160.2,7.0,南东南,0.0,0.0,0.0
1782722901.708,160.2,7.0,南东南,0.0,0.0,0.0
1782722906.716,160.2,7.0,南东南,0.0,0.0,0.0
1782722911.722,160.2,7.0,南东南,0.0,0.0,0.0
1782722916.73,160.2,7.0,南东南,0.0,0.0,0.0
1782722921.741,160.2,7.0,南东南,0.0,0.0,0.0
1782722926.75,160.2,7.0,南东南,0.0,0.0,0.0
1782722931.761,160.2,7.0,南东南,0.0,0.0,0.0
1782722936.772,160.2,7.0,南东南,0.0,0.0,0.0
1782722941.778,160.2,7.0,南东南,0.0,0.0,0.0
1782722946.79,160.2,7.0,南东南,0.0,0.0,0.0
1782722951.801,160.2,7.0,南东南,0.0,0.0,0.0
1782722956.809,160.2,7.0,南东南,0.0,0.0,0.0
1782722961.818,160.2,7.0,南东南,0.0,0.0,0.0
1782722966.828,160.2,7.0,南东南,0.0,0.0,0.0
1782722971.832,160.2,7.0,南东南,0.0,0.0,0.0
1782722976.847,160.2,7.0,南东南,0.0,0.0,0.0
1782722981.862,160.2,7.0,南东南,0.0,0.0,0.0
1782722986.869,160.2,7.0,南东南,0.0,0.0,0.0
1782722991.881,160.2,7.0,南东南,0.0,0.0,0.0
1782722996.886,160.2,7.0,南东南,0.0,0.0,0.0
1782723001.898,160.2,7.0,南东南,0.0,0.0,0.0
1782723006.91,160.2,7.0,南东南,0.0,0.0,0.0
1782723011.914,160.2,7.0,南东南,0.0,0.0,0.0
1782723016.924,160.2,7.0,南东南,0.0,0.0,0.0
1782723021.938,160.2,7.0,南东南,0.0,0.0,0.0
1782723026.95,160.2,7.0,南东南,0.0,0.0,0.0
1782723031.96,160.2,7.0,南东南,0.0,0.0,0.0
1782723036.967,160.2,7.0,南东南,0.0,0.0,0.0
1782723041.979,160.2,7.0,南东南,0.0,0.0,0.0
1782723046.989,160.2,7.0,南东南,0.0,0.0,0.0
1782723051.999,160.2,7.0,南东南,0.0,0.0,0.0
1782723057.004,160.2,7.0,南东南,0.0,0.0,0.0
1782723062.014,160.2,7.0,南东南,0.0,0.0,0.0
1782723067.024,160.2,7.0,南东南,0.0,0.0,0.0
1782723072.03,160.2,7.0,南东南,0.0,0.0,0.0
1782723077.041,160.2,7.0,南东南,0.0,0.0,0.0
1782723082.051,160.2,7.0,南东南,0.0,0.0,0.0
1782723087.061,160.2,7.0,南东南,0.0,0.0,0.0
1782723092.074,160.2,7.0,南东南,0.0,0.0,0.0
1782723097.08,160.2,7.0,南东南,0.0,0.0,0.0
1782723102.095,160.2,7.0,南东南,0.0,0.0,0.0
1782723107.104,160.2,7.0,南东南,0.0,0.0,0.0
1782723112.112,160.2,7.0,南东南,0.0,0.0,0.0
1782723117.12,160.2,7.0,南东南,0.0,0.0,0.0
1782723122.135,160.2,7.0,南东南,0.0,0.0,0.0
1782723127.14,160.2,7.0,南东南,0.0,0.0,0.0
1782723132.148,160.2,7.0,南东南,0.0,0.0,0.0
1782723137.165,160.2,7.0,南东南,0.0,0.0,0.0
1782723142.175,160.2,7.0,南东南,0.0,0.0,0.0
1782723147.188,160.2,7.0,南东南,0.0,0.0,0.0
1782723152.201,160.2,7.0,南东南,0.0,0.0,0.0
1782723157.209,160.2,7.0,南东南,0.0,0.0,0.0
1782723162.218,160.2,7.0,南东南,0.0,0.0,0.0
1782723167.224,160.2,7.0,南东南,0.0,0.0,0.0
1782723172.234,160.2,7.0,南东南,0.0,0.0,0.0
1782723177.245,160.2,7.0,南东南,0.0,0.0,0.0
1782723182.252,160.2,7.0,南东南,0.0,0.0,0.0
1782723187.264,160.2,7.0,南东南,0.0,0.0,0.0
1782723192.28,160.2,7.0,南东南,0.0,0.0,0.0
1782723197.289,160.2,7.0,南东南,0.0,0.0,0.0
1782723202.298,160.2,7.0,南东南,0.0,0.0,0.0
1782723207.308,160.2,7.0,南东南,0.0,0.0,0.0
1782723212.312,160.2,7.0,南东南,0.0,0.0,0.0
1782723217.324,160.2,7.0,南东南,0.0,0.0,0.0
1782723222.335,160.2,7.0,南东南,0.0,0.0,0.0
1782723227.342,160.2,7.0,南东南,0.0,0.0,0.0
1782723232.353,160.2,7.0,南东南,0.0,0.0,0.0
1782723237.371,160.2,7.0,南东南,0.0,0.0,0.0
1782723242.38,160.2,7.0,南东南,0.0,0.0,0.0
1782723247.392,160.2,7.0,南东南,0.0,0.0,0.0
1782723252.4,160.2,7.0,南东南,0.0,0.0,0.0
1782723257.412,160.2,7.0,南东南,0.0,0.0,0.0
1782723262.426,160.2,7.0,南东南,0.0,0.0,0.0
1782723267.432,160.2,7.0,南东南,0.0,0.0,0.0
1782723272.444,160.2,7.0,南东南,0.0,0.0,0.0
1782723277.46,160.2,7.0,南东南,0.0,0.0,0.0
1782723282.468,160.2,7.0,南东南,0.0,0.0,0.0
1782723287.478,160.2,7.0,南东南,0.0,0.0,0.0
1782723292.492,160.2,7.0,南东南,0.0,0.0,0.0
1782723297.503,160.2,7.0,南东南,0.0,0.0,0.0
1782723302.515,160.2,7.0,南东南,0.0,0.0,0.0
1782723307.53,160.2,7.0,南东南,0.0,0.0,0.0
1782723312.539,160.2,7.0,南东南,0.0,0.0,0.0
1782723317.551,160.2,7.0,南东南,0.0,0.0,0.0
1782723322.565,160.2,7.0,南东南,0.0,0.0,0.0
1782723327.572,160.2,7.0,南东南,0.0,0.0,0.0
1782723332.587,160.2,7.0,南东南,0.0,0.0,0.0
1782723337.602,160.2,7.0,南东南,0.0,0.0,0.0
1782723342.608,160.2,7.0,南东南,0.0,0.0,0.0
1782723347.619,160.2,7.0,南东南,0.0,0.0,0.0
1782723352.625,160.2,7.0,南东南,0.0,0.0,0.0
1782723357.641,160.2,7.0,南东南,0.0,0.0,0.0
1782723362.651,160.2,7.0,南东南,0.0,0.0,0.0
1782723367.66,160.2,7.0,南东南,0.0,0.0,0.0
1782723372.672,160.2,7.0,南东南,0.0,0.0,0.0
1782723377.687,160.2,7.0,南东南,0.0,0.0,0.0
1782723382.694,160.2,7.0,南东南,0.0,0.0,0.0
1782723387.705,160.2,7.0,南东南,0.0,0.0,0.0
1782723392.717,160.2,7.0,南东南,0.0,0.0,0.0
1782723397.726,160.2,7.0,南东南,0.0,0.0,0.0
1782723402.739,160.2,7.0,南东南,0.0,0.0,0.0
1782723407.749,160.2,7.0,南东南,0.0,0.0,0.0
1782723412.756,160.2,7.0,南东南,0.0,0.0,0.0
1782723417.767,160.2,7.0,南东南,0.0,0.0,0.0
1782723422.782,160.2,7.0,南东南,0.0,0.0,0.0
1782723427.79,160.2,7.0,南东南,0.0,0.0,0.0
1782723432.802,160.2,7.0,南东南,0.0,0.0,0.0
1782723437.812,160.2,7.0,南东南,0.0,0.0,0.0
1782723442.824,160.2,7.0,南东南,0.0,0.0,0.0
1782723447.837,160.2,7.0,南东南,0.0,0.0,0.0
1782723452.844,160.2,7.0,南东南,0.0,0.0,0.0
1782723457.86,160.2,7.0,南东南,0.0,0.0,0.0
1782723462.873,160.2,7.0,南东南,0.0,0.0,0.0
1782723467.88,160.2,7.0,南东南,0.0,0.0,0.0
1782723472.888,160.2,7.0,南东南,0.0,0.0,0.0
1782723477.9,160.2,7.0,南东南,0.0,0.0,0.0
1782723482.904,160.2,7.0,南东南,0.0,0.0,0.0
1782723487.912,160.2,7.0,南东南,0.0,0.0,0.0
1782723492.925,160.2,7.0,南东南,0.0,0.0,0.0
1782723497.933,160.2,7.0,南东南,0.0,0.0,0.0
1782723502.942,160.2,7.0,南东南,0.0,0.0,0.0
1782723507.956,160.2,7.0,南东南,0.0,0.0,0.0
1782723512.962,160.2,7.0,南东南,0.0,0.0,0.0
1782723517.974,160.2,7.0,南东南,0.0,0.0,0.0
1782723522.981,160.2,7.0,南东南,0.0,0.0,0.0
1782723527.995,160.2,7.0,南东南,0.0,0.0,0.0
1782723533.009,160.2,7.0,南东南,0.0,0.0,0.0
1782723538.016,160.2,7.0,南东南,0.0,0.0,0.0
1782723543.028,160.2,7.0,南东南,0.0,0.0,0.0
1782723548.042,160.2,7.0,南东南,0.0,0.0,0.0
1782723553.052,160.2,7.0,南东南,0.0,0.0,0.0
1782723558.064,160.2,7.0,南东南,0.0,0.0,0.0
1782723563.08,160.2,7.0,南东南,0.0,0.0,0.0
1782723568.087,160.2,7.0,南东南,0.0,0.0,0.0
1782723573.097,160.2,7.0,南东南,0.0,0.0,0.0
1782723578.111,160.2,7.0,南东南,0.0,0.0,0.0
1782723583.118,160.2,7.0,南东南,0.0,0.0,0.0
1782723588.129,160.2,7.0,南东南,0.0,0.0,0.0
1782723593.148,160.2,7.0,南东南,0.0,0.0,0.0
1782723598.152,160.2,7.0,南东南,0.0,0.0,0.0
1782723603.164,160.2,7.0,南东南,0.0,0.0,0.0
1782723608.172,160.2,7.0,南东南,0.0,0.0,0.0
1782723613.177,160.2,7.0,南东南,0.0,0.0,0.0
1782723618.189,160.2,7.0,南东南,0.0,0.0,0.0
1782723623.192,160.2,7.0,南东南,0.0,0.0,0.0
1782723628.202,160.2,7.0,南东南,0.0,0.0,0.0
1782723633.215,160.2,7.0,南东南,0.0,0.0,0.0
1782723638.221,160.2,7.0,南东南,0.0,0.0,0.0
1782723643.228,160.2,7.0,南东南,0.0,0.0,0.0
1782723648.235,160.2,7.0,南东南,0.0,0.0,0.0
1782723653.242,160.2,7.0,南东南,0.0,0.0,0.0
1782723658.25,160.2,7.0,南东南,0.0,0.0,0.0
1782723663.263,160.2,7.0,南东南,0.0,0.0,0.0
1782723668.268,160.2,7.0,南东南,0.0,0.0,0.0
1782723673.278,160.2,7.0,南东南,0.0,0.0,0.0
1782723678.289,160.2,7.0,南东南,0.0,0.0,0.0
1782723683.291,160.2,7.0,南东南,0.0,0.0,0.0
1782723688.303,160.2,7.0,南东南,0.0,0.0,0.0
1782723693.309,160.2,7.0,南东南,0.0,0.0,0.0
1782723698.319,160.2,7.0,南东南,0.0,0.0,0.0
1782723703.331,160.2,7.0,南东南,0.0,0.0,0.0
1782723708.34,160.2,7.0,南东南,0.0,0.0,0.0
1782723713.35,160.2,7.0,南东南,0.0,0.0,0.0
1782723718.357,160.2,7.0,南东南,0.0,0.0,0.0
1782723723.363,160.2,7.0,南东南,0.0,0.0,0.0
1782723728.372,160.2,7.0,南东南,0.0,0.0,0.0
1782723733.385,160.2,7.0,南东南,0.0,0.0,0.0
1782723738.388,160.2,7.0,南东南,0.0,0.0,0.0
1782723743.398,160.2,7.0,南东南,0.0,0.0,0.0
1782723748.407,160.2,7.0,南东南,0.0,0.0,0.0
1782723753.415,160.2,7.0,南东南,0.0,0.0,0.0
1782723758.426,160.2,7.0,南东南,0.0,0.0,0.0
1782723763.435,160.2,7.0,南东南,0.0,0.0,0.0
1782723768.44,160.2,7.0,南东南,0.0,0.0,0.0
1782723773.451,160.2,7.0,南东南,0.0,0.0,0.0
1782723778.458,160.2,7.0,南东南,0.0,0.0,0.0
1782723783.468,160.2,7.0,南东南,0.0,0.0,0.0
1782723788.479,160.2,7.0,南东南,0.0,0.0,0.0
1782723793.484,160.2,7.0,南东南,0.0,0.0,0.0
1782723798.49,160.2,7.0,南东南,0.0,0.0,0.0
1782723803.502,160.2,7.0,南东南,0.0,0.0,0.0
1782723808.504,160.2,7.0,南东南,0.0,0.0,0.0
1782723813.516,160.2,7.0,南东南,0.0,0.0,0.0
1782723818.522,160.2,7.0,南东南,0.0,0.0,0.0
1782723823.524,160.2,7.0,南东南,0.0,0.0,0.0
1782723828.535,160.2,7.0,南东南,0.0,0.0,0.0
1782723833.544,160.2,7.0,南东南,0.0,0.0,0.0
1782723838.548,160.2,7.0,南东南,0.0,0.0,0.0
1782723843.558,160.2,7.0,南东南,0.0,0.0,0.0
1782723848.566,160.2,7.0,南东南,0.0,0.0,0.0
1782723853.576,160.2,7.0,南东南,0.0,0.0,0.0
1782723858.586,160.2,7.0,南东南,0.0,0.0,0.0
1782723863.592,160.2,7.0,南东南,0.0,0.0,0.0
1782723868.603,160.2,7.0,南东南,0.0,0.0,0.0
1782723873.612,160.2,7.0,南东南,0.0,0.0,0.0
1782723878.618,160.2,7.0,南东南,0.0,0.0,0.0
1782723883.627,160.2,7.0,南东南,0.0,0.0,0.0
1782723888.639,160.2,7.0,南东南,0.0,0.0,0.0
1782723893.642,160.2,7.0,南东南,0.0,0.0,0.0
1782723898.653,160.2,7.0,南东南,0.0,0.0,0.0
1782723903.663,160.2,7.0,南东南,0.0,0.0,0.0
1782723908.671,160.2,7.0,南东南,0.0,0.0,0.0
1782723913.678,160.2,7.0,南东南,0.0,0.0,0.0
1782723918.686,160.2,7.0,南东南,0.0,0.0,0.0
1782723923.69,160.2,7.0,南东南,0.0,0.0,0.0
1782723928.696,160.2,7.0,南东南,0.0,0.0,0.0
1782723933.7,160.2,7.0,南东南,0.0,0.0,0.0
1782723938.708,160.2,7.0,南东南,0.0,0.0,0.0
1782723943.718,160.2,7.0,南东南,0.0,0.0,0.0
1782723948.725,160.2,7.0,南东南,0.0,0.0,0.0
1782723953.734,160.2,7.0,南东南,0.0,0.0,0.0
1782723958.746,160.2,7.0,南东南,0.0,0.0,0.0
1782723963.752,160.2,7.0,南东南,0.0,0.0,0.0
1782723968.767,160.2,7.0,南东南,0.0,0.0,0.0
1782723973.777,160.2,7.0,南东南,0.0,0.0,0.0
1782723978.78,160.2,7.0,南东南,0.0,0.0,0.0
1782723983.794,160.2,7.0,南东南,0.0,0.0,0.0
1782723988.808,160.2,7.0,南东南,0.0,0.0,0.0
1782723993.817,160.2,7.0,南东南,0.0,0.0,0.0
1782723998.832,160.2,7.0,南东南,0.0,0.0,0.0
1782724003.843,160.2,7.0,南东南,0.0,0.0,0.0
1782724008.852,160.2,7.0,南东南,0.0,0.0,0.0
1782724013.868,160.2,7.0,南东南,0.0,0.0,0.0
1782724018.875,160.2,7.0,南东南,0.0,0.0,0.0
1782724023.886,160.2,7.0,南东南,0.0,0.0,0.0
1782724028.902,160.2,7.0,南东南,0.0,0.0,0.0
1782724033.908,160.2,7.0,南东南,0.0,0.0,0.0
1782724038.922,160.2,7.0,南东南,0.0,0.0,0.0
1782724043.933,160.2,7.0,南东南,0.0,0.0,0.0
1782724048.942,160.2,7.0,南东南,0.0,0.0,0.0
1782724053.95,160.2,7.0,南东南,0.0,0.0,0.0
1782724058.965,160.2,7.0,南东南,0.0,0.0,0.0
1782724063.97,160.2,7.0,南东南,0.0,0.0,0.0
1782724068.986,160.2,7.0,南东南,0.0,0.0,0.0
1782724073.997,160.2,7.0,南东南,0.0,0.0,0.0
1782724079.0,160.2,7.0,南东南,0.0,0.0,0.0
1782724084.013,160.2,7.0,南东南,0.0,0.0,0.0
1782724089.025,160.2,7.0,南东南,0.0,0.0,0.0
1782724094.031,160.2,7.0,南东南,0.0,0.0,0.0
1782724099.044,160.2,7.0,南东南,0.0,0.0,0.0
1782724104.058,160.2,7.0,南东南,0.0,0.0,0.0
1782724109.067,160.2,7.0,南东南,0.0,0.0,0.0
1782724114.082,160.2,7.0,南东南,0.0,0.0,0.0
1782724119.088,160.2,7.0,南东南,0.0,0.0,0.0
1782724124.1,160.2,7.0,南东南,0.0,0.0,0.0
1782724129.112,160.2,7.0,南东南,0.0,0.0,0.0
1782724134.117,160.2,7.0,南东南,0.0,0.0,0.0
1782724139.13,160.2,7.0,南东南,0.0,0.0,0.0
1782724144.141,160.2,7.0,南东南,0.0,0.0,0.0
1782724149.151,160.2,7.0,南东南,0.0,0.0,0.0
1782724154.163,160.2,7.0,南东南,0.0,0.0,0.0
1782724159.173,160.2,7.0,南东南,0.0,0.0,0.0
1782724164.178,160.2,7.0,南东南,0.0,0.0,0.0
1782724169.194,160.2,7.0,南东南,0.0,0.0,0.0
1782724174.208,160.2,7.0,南东南,0.0,0.0,0.0
1782724179.214,160.2,7.0,南东南,0.0,0.0,0.0
1782724184.227,160.2,7.0,南东南,0.0,0.0,0.0
1782724189.237,160.2,7.0,南东南,0.0,0.0,0.0
1782724194.244,160.2,7.0,南东南,0.0,0.0,0.0
1782724199.259,160.2,7.0,南东南,0.0,0.0,0.0
1782724204.268,160.2,7.0,南东南,0.0,0.0,0.0
1782724209.284,160.2,7.0,南东南,0.0,0.0,0.0
1782724214.296,160.2,7.0,南东南,0.0,0.0,0.0
1782724219.299,160.2,7.0,南东南,0.0,0.0,0.0
1782724224.308,160.2,7.0,南东南,0.0,0.0,0.0
1782724229.318,160.2,7.0,南东南,0.0,0.0,0.0
1782724234.32,160.2,7.0,南东南,0.0,0.0,0.0
1782724239.33,160.2,7.0,南东南,0.0,0.0,0.0
1782724244.339,160.2,7.0,南东南,0.0,0.0,0.0
1782724249.348,160.2,7.0,南东南,0.0,0.0,0.0
1782724254.359,160.2,7.0,南东南,0.0,0.0,0.0
1782724259.369,160.2,7.0,南东南,0.0,0.0,0.0
1782724264.372,160.2,7.0,南东南,0.0,0.0,0.0
1782724269.384,160.2,7.0,南东南,0.0,0.0,0.0
1782724274.395,160.2,7.0,南东南,0.0,0.0,0.0
1782724279.401,160.2,7.0,南东南,0.0,0.0,0.0
1782724284.419,160.2,7.0,南东南,0.0,0.0,0.0
1782724289.425,160.2,7.0,南东南,0.0,0.0,0.0
1782724294.439,160.2,7.0,南东南,0.0,0.0,0.0
1782724299.452,160.2,7.0,南东南,0.0,0.0,0.0
1782724304.46,160.2,7.0,南东南,0.0,0.0,0.0
1782724309.475,160.2,7.0,南东南,0.0,0.0,0.0
1782724314.485,160.2,7.0,南东南,0.0,0.0,0.0
1782724319.494,160.2,7.0,南东南,0.0,0.0,0.0
1782724324.506,160.2,7.0,南东南,0.0,0.0,0.0
1782724329.518,160.2,7.0,南东南,0.0,0.0,0.0
1782724334.524,160.2,7.0,南东南,0.0,0.0,0.0
1782724339.539,160.2,7.0,南东南,0.0,0.0,0.0
1782724344.554,160.2,7.0,南东南,0.0,0.0,0.0
1782724349.56,160.2,7.0,南东南,0.0,0.0,0.0
1782724354.571,160.2,7.0,南东南,0.0,0.0,0.0
1782724359.58,160.2,7.0,南东南,0.0,0.0,0.0
1782724364.585,160.2,7.0,南东南,0.0,0.0,0.0
1782724369.596,160.2,7.0,南东南,0.0,0.0,0.0
1782724374.6,160.2,7.0,南东南,0.0,0.0,0.0
1782724379.61,160.2,7.0,南东南,0.0,0.0,0.0
1782724384.619,160.2,7.0,南东南,0.0,0.0,0.0
1782724389.626,160.2,7.0,南东南,0.0,0.0,0.0
1782724394.633,160.3,7.0,南东南,0.0,0.0,0.0
1782724399.641,160.3,7.0,南东南,0.0,0.0,0.0
1782724404.65,160.3,7.0,南东南,0.0,0.0,0.0
1782724409.66,160.3,7.0,南东南,0.0,0.0,0.0
1782724414.668,160.3,7.0,南东南,0.0,0.0,0.0
1782724419.672,160.3,7.0,南东南,0.0,0.0,0.0
1782724424.685,160.4,7.0,南东南,0.0,0.0,0.0
1782724429.694,160.4,7.0,南东南,0.0,0.0,0.0
1782724434.7,160.4,7.0,南东南,0.0,0.0,0.0
1782724439.712,160.3,7.0,南东南,0.0,0.0,0.0
1782724444.721,160.4,7.0,南东南,0.0,0.0,0.0
1782724449.725,160.4,7.0,南东南,0.0,0.0,0.0
1782724454.735,160.4,7.0,南东南,0.0,0.0,0.0
1782724459.743,160.4,7.0,南东南,0.0,0.0,0.0
1782724464.752,160.4,7.0,南东南,0.0,0.0,0.0
1782724469.762,160.4,7.0,南东南,0.0,0.0,0.0
1782724474.766,160.4,7.0,南东南,0.0,0.0,0.0
1782724479.778,160.4,7.0,南东南,0.0,0.0,0.0
1782724484.787,160.4,7.0,南东南,0.0,0.0,0.0
1782724489.792,160.4,7.0,南东南,0.0,0.0,0.0
1782724494.803,160.4,7.0,南东南,0.0,0.0,0.0
1782724499.813,160.4,7.0,南东南,0.0,0.0,0.0
1782724504.817,160.4,7.0,南东南,0.0,0.0,0.0
1782724509.827,160.4,7.0,南东南,0.0,0.0,0.0
1782724514.835,160.4,7.0,南东南,0.0,0.0,0.0
1782724519.839,160.4,7.0,南东南,0.0,0.0,0.0
1782724524.851,160.3,7.0,南东南,0.0,0.0,0.0
1782724529.861,160.4,7.0,南东南,0.0,0.0,0.0
1782724534.866,160.4,7.0,南东南,0.0,0.0,0.0
1782724539.877,160.3,7.0,南东南,0.0,0.0,0.0
1782724544.884,160.4,7.0,南东南,0.0,0.0,0.0
1782724549.895,160.4,7.0,南东南,0.0,0.0,0.0
1782724554.904,160.4,7.0,南东南,0.0,0.0,0.0
1782724559.909,160.4,7.0,南东南,0.0,0.0,0.0
1782724564.919,160.4,7.0,南东南,0.0,0.0,0.0
1782724569.929,160.4,7.0,南东南,0.0,0.0,0.0
1782724574.932,160.4,7.0,南东南,0.0,0.0,0.0
1782724579.943,160.4,7.0,南东南,0.0,0.0,0.0
1782724584.953,160.4,7.0,南东南,0.0,0.0,0.0
1782724589.958,160.3,7.0,南东南,0.0,0.0,0.0
1782724594.97,160.4,7.0,南东南,0.0,0.0,0.0
1782724599.98,160.4,7.0,南东南,0.0,0.0,0.0
1782724604.984,160.4,7.0,南东南,0.0,0.0,0.0
1782724609.992,160.4,7.0,南东南,0.0,0.0,0.0
1782724614.998,160.3,7.0,南东南,0.0,0.0,0.0
1782724620.009,160.4,7.0,南东南,0.0,0.0,0.0
1782724625.016,160.4,7.0,南东南,0.0,0.0,0.0
1782724630.02,160.4,7.0,南东南,0.0,0.0,0.0
1782724635.031,160.4,7.0,南东南,0.0,0.0,0.0
1782724640.04,160.4,7.0,南东南,0.0,0.0,0.0
1782724645.046,160.4,7.0,南东南,0.0,0.0,0.0
1782724650.058,160.4,7.0,南东南,0.0,0.0,0.0
1782724655.064,160.4,7.0,南东南,0.0,0.0,0.0
1782724660.069,160.4,7.0,南东南,0.0,0.0,0.0
1782724665.084,160.3,7.0,南东南,0.0,0.0,0.0
1782724670.098,160.4,7.0,南东南,0.0,0.0,0.0
1782724675.103,160.4,7.0,南东南,0.0,0.0,0.0
1782724680.117,160.4,7.0,南东南,0.0,0.0,0.0
1782724685.13,160.4,7.0,南东南,0.0,0.0,0.0
1782724690.137,160.4,7.0,南东南,0.0,0.0,0.0
1782724695.153,160.4,7.0,南东南,0.0,0.0,0.0
1782724700.161,160.4,7.0,南东南,0.0,0.0,0.0
1782724705.175,160.4,7.0,南东南,0.0,0.0,0.0
1782724710.185,160.4,7.0,南东南,0.0,0.0,0.0
1782724715.192,160.4,7.0,南东南,0.0,0.0,0.0
1782724720.205,160.4,7.0,南东南,0.0,0.0,0.0
1782724725.215,160.4,7.0,南东南,0.0,0.0,0.0
1782724730.221,160.4,7.0,南东南,0.0,0.0,0.0
1782724735.232,160.4,7.0,南东南,0.0,0.0,0.0
1782724740.239,160.4,7.0,南东南,0.0,0.0,0.0
1782724745.244,160.4,7.0,南东南,0.0,0.0,0.0
1782724750.257,160.4,7.0,南东南,0.0,0.0,0.0
1782724755.266,160.4,7.0,南东南,0.0,0.0,0.0
1782724760.273,160.4,7.0,南东南,0.0,0.0,0.0
1782724765.285,160.4,7.0,南东南,0.0,0.0,0.0
1782724770.294,160.4,7.0,南东南,0.0,0.0,0.0
1782724775.301,160.4,7.0,南东南,0.0,0.0,0.0
1782724780.312,160.4,7.0,南东南,0.0,0.0,0.0
1782724785.316,160.4,7.0,南东南,0.0,0.0,0.0
1782724790.327,160.4,7.0,南东南,0.0,0.0,0.0
1782724795.336,160.4,7.0,南东南,0.0,0.0,0.0
1782724800.341,160.4,7.0,南东南,0.0,0.0,0.0
1782724805.351,160.4,7.0,南东南,0.0,0.0,0.0
1782724810.36,160.4,7.0,南东南,0.0,0.0,0.0
1782724815.367,160.4,7.0,南东南,0.0,0.0,0.0
1782724820.38,160.4,7.0,南东南,0.0,0.0,0.0
1782724825.387,160.4,7.0,南东南,0.0,0.0,0.0
1782724830.394,160.4,7.0,南东南,0.0,0.0,0.0
1782724835.408,160.4,7.0,南东南,0.0,0.0,0.0
1782724840.419,160.4,7.0,南东南,0.0,0.0,0.0
1782724845.426,160.4,7.0,南东南,0.0,0.0,0.0
1782724850.441,160.4,7.0,南东南,0.0,0.0,0.0
1782724855.452,160.4,7.0,南东南,0.0,0.0,0.0
1782724860.459,160.4,7.0,南东南,0.0,0.0,0.0
1782724865.473,160.4,7.0,南东南,0.0,0.0,0.0
1782724870.48,160.4,7.0,南东南,0.0,0.0,0.0
1782724875.495,160.4,7.0,南东南,0.0,0.0,0.0
1782724880.504,160.4,7.0,南东南,0.0,0.0,0.0
1782724885.508,160.4,7.0,南东南,0.0,0.0,0.0
1782724890.523,160.4,7.0,南东南,0.0,0.0,0.0
1782724895.535,160.4,7.0,南东南,0.0,0.0,0.0
1782724900.54,160.4,7.0,南东南,0.0,0.0,0.0
1782724905.555,160.4,7.0,南东南,0.0,0.0,0.0
1782724910.563,160.4,7.0,南东南,0.0,0.0,0.0
1782724915.569,160.4,7.0,南东南,0.0,0.0,0.0
1782724920.585,160.4,7.0,南东南,0.0,0.0,0.0
1782724925.59,160.4,7.0,南东南,0.0,0.0,0.0
1782724930.598,160.4,7.0,南东南,0.0,0.0,0.0
1782724935.608,160.4,7.0,南东南,0.0,0.0,0.0
1782724940.614,160.4,7.0,南东南,0.0,0.0,0.0
1782724945.622,160.4,7.0,南东南,0.0,0.0,0.0
1782724950.632,160.4,7.0,南东南,0.0,0.0,0.0
1782724955.639,160.4,7.0,南东南,0.0,0.0,0.0
1782724960.647,160.4,7.0,南东南,0.0,0.0,0.0
1782724965.655,160.4,7.0,南东南,0.0,0.0,0.0
1782724970.66,160.4,7.0,南东南,0.0,0.0,0.0
1782724975.668,160.4,7.0,南东南,0.0,0.0,0.0
1782724980.68,160.4,7.0,南东南,0.0,0.0,0.0
1782724985.683,160.4,7.0,南东南,0.0,0.0,0.0
1782724990.699,160.4,7.0,南东南,0.0,0.0,0.0
1782724995.707,160.4,7.0,南东南,0.0,0.0,0.0
1782725000.719,160.4,7.0,南东南,0.0,0.0,0.0
1782725005.734,160.4,7.0,南东南,0.0,0.0,0.0
1782725010.744,160.4,7.0,南东南,0.0,0.0,0.0
1782725015.75,160.4,7.0,南东南,0.0,0.0,0.0
1782725020.767,160.4,7.0,南东南,0.0,0.0,0.0
1782725025.78,160.4,7.0,南东南,0.0,0.0,0.0
1782725030.79,160.4,7.0,南东南,0.0,0.0,0.0
1782725035.803,160.4,7.0,南东南,0.0,0.0,0.0
1782725040.816,160.4,7.0,南东南,0.0,0.0,0.0
1782725045.826,160.4,7.0,南东南,0.0,0.0,0.0
1782725050.839,160.4,7.0,南东南,0.0,0.0,0.0
1782725055.847,160.4,7.0,南东南,0.0,0.0,0.0
1782725060.863,160.4,7.0,南东南,0.0,0.0,0.0
1782725065.876,160.4,7.0,南东南,0.0,0.0,0.0
1782725070.885,160.5,7.0,南东南,0.0,0.0,0.0
1782725075.9,160.5,7.0,南东南,0.0,0.0,0.0
1782725080.91,160.5,7.0,南东南,0.0,0.0,0.0
1782725085.916,160.5,7.0,南东南,0.0,0.0,0.0
1782725090.931,160.5,7.0,南东南,0.0,0.0,0.0
1782725095.946,160.4,7.0,南东南,0.0,0.0,0.0
1782725100.952,160.5,7.0,南东南,0.0,0.0,0.0
1782725105.97,160.5,7.0,南东南,0.0,0.0,0.0
1782725110.981,160.5,7.0,南东南,0.0,0.0,0.0
1782725115.991,160.5,7.0,南东南,0.0,0.0,0.0
1782725121.004,160.4,7.0,南东南,0.0,0.0,0.0
1782725126.014,160.5,7.0,南东南,0.0,0.0,0.0
1782725131.022,160.5,7.0,南东南,0.0,0.0,0.0
1782725136.032,160.5,7.0,南东南,0.0,0.0,0.0
1782725141.037,160.5,7.0,南东南,0.0,0.0,0.0
1782725146.047,160.5,7.0,南东南,0.0,0.0,0.0
1782725151.055,160.5,7.0,南东南,0.0,0.0,0.0
1782725156.063,160.5,7.0,南东南,0.0,0.0,0.0
1782725161.074,160.4,7.0,南东南,0.0,0.0,0.0
1782725166.084,160.5,7.0,南东南,0.0,0.0,0.0
1782725171.09,160.5,7.0,南东南,0.0,0.0,0.0
1782725176.102,160.5,7.0,南东南,0.0,0.0,0.0
1782725181.11,160.5,7.0,南东南,0.0,0.0,0.0
1782725186.119,160.5,7.0,南东南,0.0,0.0,0.0
1782725191.129,160.5,7.0,南东南,0.0,0.0,0.0
1782725196.14,160.5,7.0,南东南,0.0,0.0,0.0
1782725201.147,160.5,7.0,南东南,0.0,0.0,0.0
1782725206.16,160.5,7.0,南东南,0.0,0.0,0.0
1782725211.173,160.5,7.0,南东南,0.0,0.0,0.0
1782725216.185,160.5,7.0,南东南,0.0,0.0,0.0
1782725221.197,160.5,7.0,南东南,0.0,0.0,0.0
1782725226.2,160.5,7.0,南东南,0.0,0.0,0.0
1782725231.215,160.5,7.0,南东南,0.0,0.0,0.0
1782725236.229,160.5,7.0,南东南,0.0,0.0,0.0
1782725241.233,160.5,7.0,南东南,0.0,0.0,0.0
1782725246.248,160.5,7.0,南东南,0.0,0.0,0.0
1782725251.26,160.5,7.0,南东南,0.0,0.0,0.0
1782725256.27,160.5,7.0,南东南,0.0,0.0,0.0
1782725261.284,160.5,7.0,南东南,0.0,0.0,0.0
1782725266.293,160.5,7.0,南东南,0.0,0.0,0.0
1782725271.302,160.5,7.0,南东南,0.0,0.0,0.0
1782725276.312,160.5,7.0,南东南,0.0,0.0,0.0
1782725281.323,160.5,7.0,南东南,0.0,0.0,0.0
1782725286.335,160.5,7.0,南东南,0.0,0.0,0.0
1782725291.343,160.5,7.0,南东南,0.0,0.0,0.0
1782725296.353,160.5,7.0,南东南,0.0,0.0,0.0
1782725301.363,160.5,7.0,南东南,0.0,0.0,0.0
1782725306.373,160.5,7.0,南东南,0.0,0.0,0.0
1782725311.385,160.5,7.0,南东南,0.0,0.0,0.0
1782725316.397,160.4,7.0,南东南,0.0,0.0,0.0
1782725321.407,160.5,7.0,南东南,0.0,0.0,0.0
1782725326.412,160.5,7.0,南东南,0.0,0.0,0.0
1782725331.424,160.5,7.0,南东南,0.0,0.0,0.0
1782725336.434,160.5,7.0,南东南,0.0,0.0,0.0
1782725341.44,160.5,7.0,南东南,0.0,0.0,0.0
1782725346.455,160.5,7.0,南东南,0.0,0.0,0.0
1782725351.467,160.5,7.0,南东南,0.0,0.0,0.0
1782725356.479,160.5,7.0,南东南,0.0,0.0,0.0
1782725361.491,160.5,7.0,南东南,0.0,0.0,0.0
1782725366.504,160.5,7.0,南东南,0.0,0.0,0.0
1782725371.511,160.5,7.0,南东南,0.0,0.0,0.0
1782725376.525,160.5,7.0,南东南,0.0,0.0,0.0
1782725381.533,160.5,7.0,南东南,0.0,0.0,0.0
1782725386.539,160.5,7.0,南东南,0.0,0.0,0.0
1782725391.55,160.5,7.0,南东南,0.0,0.0,0.0
1782725396.565,160.5,7.0,南东南,0.0,0.0,0.0
1782725401.576,160.5,7.0,南东南,0.0,0.0,0.0
1782725406.588,160.5,7.0,南东南,0.0,0.0,0.0
1782725411.596,160.5,7.0,南东南,0.0,0.0,0.0
1782725416.607,160.5,7.0,南东南,0.0,0.0,0.0
1782725421.616,160.5,7.0,南东南,0.0,0.0,0.0
1782725426.624,160.5,7.0,南东南,0.0,0.0,0.0
1782725431.636,160.5,7.0,南东南,0.0,0.0,0.0
1782725436.65,160.5,7.0,南东南,0.0,0.0,0.0
1782725441.659,160.5,7.0,南东南,0.0,0.0,0.0
1782725446.672,160.5,7.0,南东南,0.0,0.0,0.0
1782725451.681,160.5,7.0,南东南,0.0,0.0,0.0
1782725456.688,160.5,7.0,南东南,0.0,0.0,0.0
1782725461.701,160.5,7.0,南东南,0.0,0.0,0.0
1782725466.714,160.5,7.0,南东南,0.0,0.0,0.0
1782725471.723,160.6,7.0,南东南,0.0,0.0,0.0
1782725476.731,160.5,7.0,南东南,0.0,0.0,0.0
1782725481.74,160.5,7.0,南东南,0.0,0.0,0.0
1782725486.745,160.5,7.0,南东南,0.0,0.0,0.0
1782725491.755,160.5,7.0,南东南,0.0,0.0,0.0
1782725496.762,160.6,7.0,南东南,0.0,0.0,0.0
1782725501.772,160.6,7.0,南东南,0.0,0.0,0.0
1782725506.779,160.6,7.0,南东南,0.0,0.0,0.0
1782725511.788,160.6,7.0,南东南,0.0,0.0,0.0
1782725516.795,160.6,7.0,南东南,0.0,0.0,0.0
1782725521.803,160.6,7.0,南东南,0.0,0.0,0.0
1782725526.811,160.6,7.0,南东南,0.0,0.0,0.0
1782725531.819,160.6,7.0,南东南,0.0,0.0,0.0
1782725536.828,160.6,7.0,南东南,0.0,0.0,0.0
1782725541.835,160.6,7.0,南东南,0.0,0.0,0.0
1782725546.845,160.7,7.0,南东南,0.0,0.0,0.0
1782725551.851,160.7,7.0,南东南,0.0,0.0,0.0
1782725556.858,160.7,7.0,南东南,0.0,0.0,0.0
1782725561.868,160.7,7.0,南东南,0.0,0.0,0.0
1782725566.881,160.7,7.0,南东南,0.0,0.0,0.0
1782725571.886,160.7,7.0,南东南,0.0,0.0,0.0
1782725576.896,160.7,7.0,南东南,0.0,0.0,0.0
1782725581.904,160.7,7.0,南东南,0.0,0.0,0.0
1782725586.914,160.7,7.0,南东南,0.0,0.0,0.0
1782725591.927,160.7,7.0,南东南,0.0,0.0,0.0
1782725596.932,160.7,7.0,南东南,0.0,0.0,0.0
1782725601.94,160.7,7.0,南东南,0.0,0.0,0.0
1782725606.948,160.7,7.0,南东南,0.0,0.0,0.0
1782725611.959,160.7,7.0,南东南,0.0,0.0,0.0
1782725616.968,160.7,7.0,南东南,0.0,0.0,0.0
1782725621.979,160.7,7.0,南东南,0.0,0.0,0.0
1782725626.988,160.7,7.0,南东南,0.0,0.0,0.0
1782725632.003,160.7,7.0,南东南,0.0,0.0,0.0
1782725637.018,160.7,7.0,南东南,0.0,0.0,0.0
1782725642.024,160.7,7.0,南东南,0.0,0.0,0.0
1782725647.034,160.7,7.0,南东南,0.0,0.0,0.0
1782725652.049,160.7,7.0,南东南,0.0,0.0,0.0
1782725657.054,160.7,7.0,南东南,0.0,0.0,0.0
1782725662.067,160.7,7.0,南东南,0.0,0.0,0.0
1782725667.076,160.7,7.0,南东南,0.0,0.0,0.0
1782725672.09,160.6,7.0,南东南,0.0,0.0,0.0
1782725677.101,160.7,7.0,南东南,0.0,0.0,0.0
1782725682.111,160.7,7.0,南东南,0.0,0.0,0.0
1782725687.122,160.7,7.0,南东南,0.0,0.0,0.0
1782725692.134,160.7,7.0,南东南,0.0,0.0,0.0
1782725697.14,160.7,7.0,南东南,0.0,0.0,0.0
1782725702.152,160.6,7.0,南东南,0.0,0.0,0.0
1782725707.162,160.6,7.0,南东南,0.0,0.0,0.0
1782725712.174,160.7,7.0,南东南,0.0,0.0,0.0
1782725717.182,160.7,7.0,南东南,0.0,0.0,0.0
1782725722.193,160.7,7.0,南东南,0.0,0.0,0.0
1782725727.196,160.7,7.0,南东南,0.0,0.0,0.0
1782725732.211,160.7,7.0,南东南,0.0,0.0,0.0
1782725737.22,160.7,7.0,南东南,0.0,0.0,0.0
1782725742.226,160.8,7.0,南东南,0.0,0.0,0.0
1782725747.234,160.7,7.0,南东南,0.0,0.0,0.0
1782725752.246,160.7,7.0,南东南,0.0,0.0,0.0
1782725757.255,160.8,7.0,南东南,0.0,0.0,0.0
1782725762.265,160.8,7.0,南东南,0.0,0.0,0.0
1782725767.27,160.8,7.0,南东南,0.0,0.0,0.0
1782725772.277,160.8,7.0,南东南,0.0,0.0,0.0
1782725777.286,160.8,7.0,南东南,0.0,0.0,0.0
1782725782.289,160.8,7.0,南东南,0.0,0.0,0.0
1782725787.297,160.8,7.0,南东南,0.0,0.0,0.0
1782725792.305,160.8,7.0,南东南,0.0,0.0,0.0
1782725797.308,160.8,7.0,南东南,0.0,0.0,0.0
1782725802.319,160.8,7.0,南东南,0.0,0.0,0.0
1782725807.331,160.8,7.0,南东南,0.0,0.0,0.0
1782725812.339,160.8,7.0,南东南,0.0,0.0,0.0
1782725817.351,160.8,7.0,南东南,0.0,0.0,0.0
1782725822.361,160.8,7.0,南东南,0.0,0.0,0.0
1782725827.374,160.8,7.0,南东南,0.0,0.0,0.0
1782725832.38,160.8,7.0,南东南,0.0,0.0,0.0
1782725837.384,160.8,7.0,南东南,0.0,0.0,0.0
1782725842.392,160.8,7.0,南东南,0.0,0.0,0.0
1782725847.405,160.7,7.0,南东南,0.0,0.0,0.0
1782725852.413,160.8,7.0,南东南,0.0,0.0,0.0
1782725857.425,160.8,7.0,南东南,0.0,0.0,0.0
1782725862.44,160.8,7.0,南东南,0.0,0.0,0.0
1782725867.445,160.9,7.0,南东南,0.0,0.0,0.0
1782725872.456,160.9,7.0,南东南,0.0,0.0,0.0
1782725877.467,160.9,7.0,南东南,0.0,0.0,0.0
1782725882.473,160.9,7.0,南东南,0.0,0.0,0.0
1782725887.484,160.9,7.0,南东南,0.0,0.0,0.0
1782725892.491,160.9,7.0,南东南,0.0,0.0,0.0
1782725897.497,160.9,7.0,南东南,0.0,0.0,0.0
1782725902.506,161.0,7.0,南东南,0.0,0.0,0.0
1782725907.512,161.0,7.0,南东南,0.0,0.0,0.0
1782725912.519,161.0,7.0,南东南,0.0,0.0,0.0
1782725917.526,161.0,7.0,南东南,0.0,0.0,0.0
1782725922.532,161.0,7.0,南东南,0.0,0.0,0.0
1782725927.541,161.0,7.0,南东南,0.0,0.0,0.0
1782725932.55,161.0,7.0,南东南,0.0,0.0,0.0
1782725937.556,161.0,7.0,南东南,0.0,0.0,0.0
1782725942.567,161.0,7.0,南东南,0.0,0.0,0.0
1782725947.575,161.0,7.0,南东南,0.0,0.0,0.0
1782725952.58,161.0,7.0,南东南,0.0,0.0,0.0
1782725957.588,161.0,7.0,南东南,0.0,0.0,0.0
1782725962.603,161.0,7.0,南东南,0.0,0.0,0.0
1782725967.611,161.1,7.0,南东南,0.0,0.0,0.0
1782725972.616,161.9,7.0,南东南,0.0,0.0,0.0
1782725977.626,162.1,7.0,南东南,0.0,0.0,0.0
1782725982.632,162.1,7.0,南东南,0.0,0.0,0.0
1782725987.642,162.1,7.0,南东南,0.0,0.0,0.0
1782725992.644,162.1,7.0,南东南,0.0,0.0,0.0
1782725997.65,162.2,7.0,南东南,0.0,0.0,0.0
1782726002.662,162.2,7.0,南东南,0.0,0.0,0.0
1782726007.67,162.2,7.0,南东南,0.0,0.0,0.0
1782726012.678,162.3,7.0,南东南,0.0,0.0,0.0
1782726017.686,162.3,7.0,南东南,0.0,0.0,0.0
1782726022.692,162.3,7.0,南东南,0.0,0.0,0.0
1782726027.703,162.3,7.0,南东南,0.0,0.0,0.0
1782726032.712,162.3,7.0,南东南,0.0,0.0,0.0
1782726037.718,162.3,7.0,南东南,0.0,0.0,0.0
1782726042.729,162.3,7.0,南东南,0.0,0.0,0.0
1782726047.741,162.3,7.0,南东南,0.0,0.0,0.0
1782726052.744,162.3,7.0,南东南,0.0,0.0,0.0
1782726057.758,162.3,7.0,南东南,0.0,0.0,0.0
1782726062.773,162.3,7.0,南东南,0.0,0.0,0.0
1782726067.782,162.5,7.0,南东南,0.0,0.0,0.0
1782726072.793,162.5,7.0,南东南,0.0,0.0,0.0
1782726077.8,162.5,7.0,南东南,0.0,0.0,0.0
1782726082.813,162.5,7.0,南东南,0.0,0.0,0.0
1782726087.826,162.5,7.0,南东南,0.0,0.0,0.0
1782726092.835,162.5,7.0,南东南,0.0,0.0,0.0
1782726097.847,162.5,7.0,南东南,0.0,0.0,0.0
1782726102.861,162.5,7.0,南东南,0.0,0.0,0.0
1782726107.868,162.5,7.0,南东南,0.0,0.0,0.0
1782726112.883,162.5,7.0,南东南,0.0,0.0,0.0
1782726117.895,162.5,7.0,南东南,0.0,0.0,0.0
1782726122.902,162.5,7.0,南东南,0.0,0.0,0.0
1782726127.917,162.5,7.0,南东南,0.0,0.0,0.0
1782726132.931,162.5,7.0,南东南,0.0,0.0,0.0
1782726137.936,162.5,7.0,南东南,0.0,0.0,0.0
1782726142.95,162.5,7.0,南东南,0.0,0.0,0.0
1782726147.966,162.5,7.0,南东南,0.0,0.0,0.0
1782726152.974,162.5,7.0,南东南,0.0,0.0,0.0
1782726157.986,162.5,7.0,南东南,0.0,0.0,0.0
1782726162.998,162.5,7.0,南东南,0.0,0.0,0.0
1782726168.01,162.5,7.0,南东南,0.0,0.0,0.0
1782726173.019,162.5,7.0,南东南,0.0,0.0,0.0
1782726178.028,162.5,7.0,南东南,0.0,0.0,0.0
1782726183.044,162.5,7.0,南东南,0.0,0.0,0.0
1782726188.055,162.5,7.0,南东南,0.0,0.0,0.0
1782726193.057,162.5,7.0,南东南,0.0,0.0,0.0
1782726198.07,162.5,7.0,南东南,0.0,0.0,0.0
1782726203.086,162.5,7.0,南东南,0.0,0.0,0.0
1782726208.093,162.5,7.0,南东南,0.0,0.0,0.0
1782726213.105,162.5,7.0,南东南,0.0,0.0,0.0
1782726218.121,162.5,7.0,南东南,0.0,0.0,0.0
1782726223.128,162.5,7.0,南东南,0.0,0.0,0.0
1782726228.139,162.5,7.0,南东南,0.0,0.0,0.0
1782726233.153,162.5,7.0,南东南,0.0,0.0,0.0
1782726238.156,162.5,7.0,南东南,0.0,0.0,0.0
1782726243.17,162.5,7.0,南东南,0.0,0.0,0.0
1782726248.18,162.5,7.0,南东南,0.0,0.0,0.0
1782726253.192,162.5,7.0,南东南,0.0,0.0,0.0
1782726258.202,162.5,7.0,南东南,0.0,0.0,0.0
1782726263.208,162.5,7.0,南东南,0.0,0.0,0.0
1782726268.219,162.5,7.0,南东南,0.0,0.0,0.0
1782726273.232,162.5,7.0,南东南,0.0,0.0,0.0
1782726278.238,162.5,7.0,南东南,0.0,0.0,0.0
1782726283.251,162.5,7.0,南东南,0.0,0.0,0.0
1782726288.264,162.5,7.0,南东南,0.0,0.0,0.0
1782726293.275,162.5,7.0,南东南,0.0,0.0,0.0
1782726298.286,162.5,7.0,南东南,0.0,0.0,0.0
1782726303.3,162.5,7.0,南东南,0.0,0.0,0.0
1782726308.307,162.5,7.0,南东南,0.0,0.0,0.0
1782726313.319,162.5,7.0,南东南,0.0,0.0,0.0
1782726318.336,162.5,7.0,南东南,0.0,0.0,0.0
1782726323.343,162.5,7.0,南东南,0.0,0.0,0.0
1782726328.354,162.6,7.0,南东南,0.0,0.0,0.0
1782726333.363,162.6,7.0,南东南,0.0,0.0,0.0
1782726338.365,162.6,7.0,南东南,0.0,0.0,0.0
1782726343.377,162.6,7.0,南东南,0.0,0.0,0.0
1782726348.383,162.6,7.0,南东南,0.0,0.0,0.0
1782726353.393,162.6,7.0,南东南,0.0,0.0,0.0
1782726358.404,162.6,7.0,南东南,0.0,0.0,0.0
1782726363.408,162.6,7.0,南东南,0.0,0.0,0.0
1782726368.414,162.6,7.0,南东南,0.0,0.0,0.0
1782726373.423,162.6,7.0,南东南,0.0,0.0,0.0
1782726378.429,162.6,7.0,南东南,0.0,0.0,0.0
1782726383.44,162.6,7.0,南东南,0.0,0.0,0.0
1782726388.451,162.6,7.0,南东南,0.0,0.0,0.0
1782726393.457,162.6,7.0,南东南,0.0,0.0,0.0
1782726398.465,162.6,7.0,南东南,0.0,0.0,0.0
1782726403.475,162.6,7.0,南东南,0.0,0.0,0.0
1782726408.48,162.6,7.0,南东南,0.0,0.0,0.0
1782726413.491,162.6,7.0,南东南,0.0,0.0,0.0
1782726418.493,162.6,7.0,南东南,0.0,0.0,0.0
1782726423.501,162.6,7.0,南东南,0.0,0.0,0.0
1782726428.509,162.6,7.0,南东南,0.0,0.0,0.0
1782726433.515,162.6,7.0,南东南,0.0,0.0,0.0
1782726438.524,162.6,7.0,南东南,0.0,0.0,0.0
1782726443.536,162.6,7.0,南东南,0.0,0.0,0.0
1782726448.543,162.6,7.0,南东南,0.0,0.0,0.0
1782726453.552,162.6,7.0,南东南,0.0,0.0,0.0
1782726458.563,162.6,7.0,南东南,0.0,0.0,0.0
1782726463.569,162.6,7.0,南东南,0.0,0.0,0.0
1782726468.578,162.6,7.0,南东南,0.0,0.0,0.0
1782726473.588,162.6,7.0,南东南,0.0,0.0,0.0
1782726478.595,162.6,7.0,南东南,0.0,0.0,0.0
1782726483.607,162.6,7.0,南东南,0.0,0.0,0.0
1782726488.615,162.6,7.0,南东南,0.0,0.0,0.0
1782726493.62,162.6,7.0,南东南,0.0,0.0,0.0
1782726498.631,162.6,7.0,南东南,0.0,0.0,0.0
1782726503.636,162.6,7.0,南东南,0.0,0.0,0.0
1782726508.647,162.6,7.0,南东南,0.0,0.0,0.0
1782726513.655,162.6,7.0,南东南,0.0,0.0,0.0
1782726518.662,162.6,7.0,南东南,0.0,0.0,0.0
1782726523.669,162.6,7.0,南东南,0.0,0.0,0.0
1782726528.679,162.6,7.0,南东南,0.0,0.0,0.0
1782726533.686,162.6,7.0,南东南,0.0,0.0,0.0
1782726538.693,162.6,7.0,南东南,0.0,0.0,0.0
1782726543.705,162.6,7.0,南东南,0.0,0.0,0.0
1782726548.712,162.6,7.0,南东南,0.0,0.0,0.0
1782726553.723,162.6,7.0,南东南,0.0,0.0,0.0
1782726558.738,162.6,7.0,南东南,0.0,0.0,0.0
1782726563.747,162.6,7.0,南东南,0.0,0.0,0.0
1782726568.761,162.6,7.0,南东南,0.0,0.0,0.0
1782726573.769,162.6,7.0,南东南,0.0,0.0,0.0
1782726578.784,162.6,7.0,南东南,0.0,0.0,0.0
1782726583.797,162.6,7.0,南东南,0.0,0.0,0.0
1782726588.803,162.6,7.0,南东南,0.0,0.0,0.0
1782726593.815,162.6,7.0,南东南,0.0,0.0,0.0
1782726598.831,162.6,7.0,南东南,0.0,0.0,0.0
1782726603.838,162.6,7.0,南东南,0.0,0.0,0.0
1782726608.85,162.6,7.0,南东南,0.0,0.0,0.0
1782726613.867,162.6,7.0,南东南,0.0,0.0,0.0
1782726618.874,162.6,7.0,南东南,0.0,0.0,0.0
1782726623.884,162.6,7.0,南东南,0.0,0.0,0.0
1782726628.898,162.6,7.0,南东南,0.0,0.0,0.0
1782726633.903,162.6,7.0,南东南,0.0,0.0,0.0
1782726638.918,162.6,7.0,南东南,0.0,0.0,0.0
1782726643.932,162.6,7.0,南东南,0.0,0.0,0.0
1782726648.938,162.6,7.0,南东南,0.0,0.0,0.0
1782726653.953,162.6,7.0,南东南,0.0,0.0,0.0
1782726658.964,162.6,7.0,南东南,0.0,0.0,0.0
1782726663.971,162.6,7.0,南东南,0.0,0.0,0.0
1782726668.986,162.6,7.0,南东南,0.0,0.0,0.0
1782726673.989,162.6,7.0,南东南,0.0,0.0,0.0
1782726679.002,162.6,7.0,南东南,0.0,0.0,0.0
1782726684.018,162.6,7.0,南东南,0.0,0.0,0.0
1782726689.025,162.6,7.0,南东南,0.0,0.0,0.0
1782726694.039,162.6,7.0,南东南,0.0,0.0,0.0
1782726699.05,162.6,7.0,南东南,0.0,0.0,0.0
1782726704.056,162.6,7.0,南东南,0.0,0.0,0.0
1782726709.065,162.6,7.0,南东南,0.0,0.0,0.0
1782726714.081,162.6,7.0,南东南,0.0,0.0,0.0
1782726719.086,162.6,7.0,南东南,0.0,0.0,0.0
1782726724.102,162.6,7.0,南东南,0.0,0.0,0.0
1782726729.113,162.6,7.0,南东南,0.0,0.0,0.0
1782726734.12,162.6,7.0,南东南,0.0,0.0,0.0
1782726739.134,162.6,7.0,南东南,0.0,0.0,0.0
1782726744.146,162.6,7.0,南东南,0.0,0.0,0.0
1782726749.149,162.6,7.0,南东南,0.0,0.0,0.0
1782726754.164,162.6,7.0,南东南,0.0,0.0,0.0
1782726759.177,162.6,7.0,南东南,0.0,0.0,0.0
1782726764.186,162.6,7.0,南东南,0.0,0.0,0.0
1782726769.197,162.6,7.0,南东南,0.0,0.0,0.0
1782726774.204,162.6,7.0,南东南,0.0,0.0,0.0
1782726779.214,162.6,7.0,南东南,0.0,0.0,0.0
1782726784.228,162.6,7.0,南东南,0.0,0.0,0.0
1782726789.237,162.6,7.0,南东南,0.0,0.0,0.0
1782726794.25,162.6,7.0,南东南,0.0,0.0,0.0
1782726799.26,162.6,7.0,南东南,0.0,0.0,0.0
1782726804.264,162.7,7.0,南东南,0.0,0.0,0.0
1782726809.281,162.6,7.0,南东南,0.0,0.0,0.0
1782726814.293,162.6,7.0,南东南,0.0,0.0,0.0
1782726819.303,162.6,7.0,南东南,0.0,0.0,0.0
1782726824.317,162.6,7.0,南东南,0.0,0.0,0.0
1782726829.33,162.6,7.0,南东南,0.0,0.0,0.0
1782726834.34,162.6,7.0,南东南,0.0,0.0,0.0
1782726839.355,162.6,7.0,南东南,0.0,0.0,0.0
1782726844.367,162.6,7.0,南东南,0.0,0.0,0.0
1782726849.374,162.6,7.0,南东南,0.0,0.0,0.0
1782726854.386,162.6,7.0,南东南,0.0,0.0,0.0
1782726859.394,162.6,7.0,南东南,0.0,0.0,0.0
1782726864.41,162.6,7.0,南东南,0.0,0.0,0.0
1782726869.424,162.6,7.0,南东南,0.0,0.0,0.0
1782726874.429,162.6,7.0,南东南,0.0,0.0,0.0
1782726879.443,162.6,7.0,南东南,0.0,0.0,0.0
1782726884.453,162.6,7.0,南东南,0.0,0.0,0.0
1782726889.46,162.6,7.0,南东南,0.0,0.0,0.0
1782726894.472,162.6,7.0,南东南,0.0,0.0,0.0
1782726899.485,162.6,7.0,南东南,0.0,0.0,0.0
1782726904.491,162.6,7.0,南东南,0.0,0.0,0.0
1782726909.504,162.6,7.0,南东南,0.0,0.0,0.0
1782726914.517,162.6,7.0,南东南,0.0,0.0,0.0
1782726919.524,162.6,7.0,南东南,0.0,0.0,0.0
1782726924.541,162.6,7.0,南东南,0.0,0.0,0.0
1782726929.553,162.6,7.0,南东南,0.0,0.0,0.0
1782726934.562,162.6,7.0,南东南,0.0,0.0,0.0
1782726939.578,162.6,7.0,南东南,0.0,0.0,0.0
1782726944.587,162.6,7.0,南东南,0.0,0.0,0.0
1782726949.592,162.6,7.0,南东南,0.0,0.0,0.0
1782726954.61,162.6,7.0,南东南,0.0,0.0,0.0
1782726959.616,162.6,7.0,南东南,0.0,0.0,0.0
1782726964.627,162.6,7.0,南东南,0.0,0.0,0.0
1782726969.643,162.6,7.0,南东南,0.0,0.0,0.0
1782726974.654,162.6,7.0,南东南,0.0,0.0,0.0
1782726979.665,162.6,7.0,南东南,0.0,0.0,0.0
1782726984.672,162.6,7.0,南东南,0.0,0.0,0.0
1782726989.678,162.6,7.0,南东南,0.0,0.0,0.0
1782726994.688,162.6,7.0,南东南,0.0,0.0,0.0
1782726999.702,162.6,7.0,南东南,0.0,0.0,0.0
1782727004.709,162.6,7.0,南东南,0.0,0.0,0.0
1782727009.725,162.6,7.0,南东南,0.0,0.0,0.0
1782727014.738,162.6,7.0,南东南,0.0,0.0,0.0
1782727019.744,162.6,7.0,南东南,0.0,0.0,0.0
1782727024.76,162.6,7.0,南东南,0.0,0.0,0.0
1782727029.772,162.6,7.0,南东南,0.0,0.0,0.0
1782727034.781,162.6,7.0,南东南,0.0,0.0,0.0
1782727039.795,162.6,7.0,南东南,0.0,0.0,0.0
1782727044.803,162.6,7.0,南东南,0.0,0.0,0.0
1782727049.816,162.6,7.0,南东南,0.0,0.0,0.0
1782727054.83,162.6,7.0,南东南,0.0,0.0,0.0
1782727059.837,162.6,7.0,南东南,0.0,0.0,0.0
1782727064.851,162.6,7.0,南东南,0.0,0.0,0.0
1782727069.865,162.6,7.0,南东南,0.0,0.0,0.0
1782727074.872,162.6,7.0,南东南,0.0,0.0,0.0
1782727079.889,162.6,7.0,南东南,0.0,0.0,0.0
1782727084.898,162.6,7.0,南东南,0.0,0.0,0.0
1782727089.904,162.6,7.0,南东南,0.0,0.0,0.0
1782727094.917,162.6,7.0,南东南,0.0,0.0,0.0
1782727099.926,162.6,7.0,南东南,0.0,0.0,0.0
1782727104.93,162.6,7.0,南东南,0.0,0.0,0.0
1782727109.946,162.6,7.0,南东南,0.0,0.0,0.0
1782727114.96,162.7,7.0,南东南,0.0,0.0,0.0
1782727119.966,162.6,7.0,南东南,0.0,0.0,0.0
1782727124.981,162.6,7.0,南东南,0.0,0.0,0.0
1782727129.989,162.7,7.0,南东南,0.0,0.0,0.0
1782727135.006,162.7,7.0,南东南,0.0,0.0,0.0
1782727140.016,162.7,7.0,南东南,0.0,0.0,0.0
1782727145.024,162.7,7.0,南东南,0.0,0.0,0.0
1782727150.04,162.7,7.0,南东南,0.0,0.0,0.0
1782727155.05,162.7,7.0,南东南,0.0,0.0,0.0
1782727160.055,162.7,7.0,南东南,0.0,0.0,0.0
1782727165.067,162.6,7.0,南东南,0.0,0.0,0.0
1782727170.075,162.7,7.0,南东南,0.0,0.0,0.0
1782727175.081,162.6,7.0,南东南,0.0,0.0,0.0
1782727180.091,162.6,7.0,南东南,0.0,0.0,0.0
1782727185.101,162.6,7.0,南东南,0.0,0.0,0.0
1782727190.106,162.6,7.0,南东南,0.0,0.0,0.0
1782727195.117,162.6,7.0,南东南,0.0,0.0,0.0
1782727200.122,162.6,7.0,南东南,0.0,0.0,0.0
1782727205.128,162.6,7.0,南东南,0.0,0.0,0.0
1782727210.137,162.6,7.0,南东南,0.0,0.0,0.0
1782727215.144,162.7,7.0,南东南,0.0,0.0,0.0
1782727220.155,162.7,7.0,南东南,0.0,0.0,0.0
1782727225.165,162.7,7.0,南东南,0.0,0.0,0.0
1782727230.171,162.7,7.0,南东南,0.0,0.0,0.0
1782727235.179,162.7,7.0,南东南,0.0,0.0,0.0
1782727240.184,162.7,7.0,南东南,0.0,0.0,0.0
1782727245.191,162.7,7.0,南东南,0.0,0.0,0.0
1782727250.198,162.7,7.0,南东南,0.0,0.0,0.0
1782727255.207,162.7,7.0,南东南,0.0,0.0,0.0
1782727260.215,162.7,7.0,南东南,0.0,0.0,0.0
1782727265.223,162.7,7.0,南东南,0.0,0.0,0.0
1782727270.23,162.7,7.0,南东南,0.0,0.0,0.0
1782727275.236,162.7,7.0,南东南,0.0,0.0,0.0
1782727280.247,162.7,7.0,南东南,0.0,0.0,0.0
1782727285.256,162.7,7.0,南东南,0.0,0.0,0.0
1782727290.264,162.7,7.0,南东南,0.0,0.0,0.0
1782727295.277,162.7,7.0,南东南,0.0,0.0,0.0
1782727300.284,162.7,7.0,南东南,0.0,0.0,0.0
1782727305.298,162.7,7.0,南东南,0.0,0.0,0.0
1782727310.308,162.7,7.0,南东南,0.0,0.0,0.0
1782727315.312,162.7,7.0,南东南,0.0,0.0,0.0
1782727320.323,162.7,7.0,南东南,0.0,0.0,0.0
1782727325.334,162.7,7.0,南东南,0.0,0.0,0.0
1782727330.347,162.7,7.0,南东南,0.0,0.0,0.0
1782727335.36,162.7,7.0,南东南,0.0,0.0,0.0
1782727340.372,162.7,7.0,南东南,0.0,0.0,0.0
1782727345.378,162.7,7.0,南东南,0.0,0.0,0.0
1782727350.394,162.7,7.0,南东南,0.0,0.0,0.0
1782727355.406,162.7,7.0,南东南,0.0,0.0,0.0
1782727360.408,162.7,7.0,南东南,0.0,0.0,0.0
1782727365.419,162.7,7.0,南东南,0.0,0.0,0.0
1782727370.431,162.7,7.0,南东南,0.0,0.0,0.0
1782727375.44,162.7,7.0,南东南,0.0,0.0,0.0
1782727380.452,162.7,7.0,南东南,0.0,0.0,0.0
1782727385.458,162.7,7.0,南东南,0.0,0.0,0.0
1782727390.471,162.7,7.0,南东南,0.0,0.0,0.0
1782727395.478,162.7,7.0,南东南,0.0,0.0,0.0
1782727400.484,162.7,7.0,南东南,0.0,0.0,0.0
1782727405.496,162.7,7.0,南东南,0.0,0.0,0.0
1782727410.507,162.7,7.0,南东南,0.0,0.0,0.0
1782727415.512,162.7,7.0,南东南,0.0,0.0,0.0
1782727420.523,162.7,7.0,南东南,0.0,0.0,0.0
1782727425.533,162.7,7.0,南东南,0.0,0.0,0.0
1782727430.538,162.7,7.0,南东南,0.0,0.0,0.0
1782727435.547,162.7,7.0,南东南,0.0,0.0,0.0
1782727440.557,162.7,7.0,南东南,0.0,0.0,0.0
1782727445.566,162.7,7.0,南东南,0.0,0.0,0.0
1782727450.572,162.7,7.0,南东南,0.0,0.0,0.0
1782727455.579,162.7,7.0,南东南,0.0,0.0,0.0
1782727460.585,162.7,7.0,南东南,0.0,0.0,0.0
1782727465.592,162.7,7.0,南东南,0.0,0.0,0.0
1782727470.598,162.7,7.0,南东南,0.0,0.0,0.0
1782727475.609,162.7,7.0,南东南,0.0,0.0,0.0
1782727480.619,162.7,7.0,南东南,0.0,0.0,0.0
1782727485.625,162.7,7.0,南东南,0.0,0.0,0.0
1782727490.633,162.7,7.0,南东南,0.0,0.0,0.0
1782727495.642,162.7,7.0,南东南,0.0,0.0,0.0
1782727500.644,162.7,7.0,南东南,0.0,0.0,0.0
1782727505.654,162.7,7.0,南东南,0.0,0.0,0.0
1782727510.681,162.7,7.0,南东南,0.0,0.0,0.0
1782727515.698,162.7,7.0,南东南,0.0,0.0,0.0
1782727520.712,162.7,7.0,南东南,0.0,0.0,0.0
1782727525.726,162.7,7.0,南东南,0.0,0.0,0.0
1782727530.734,162.7,7.0,南东南,0.0,0.0,0.0
1782727535.746,162.7,7.0,南东南,0.0,0.0,0.0
1782727540.759,162.7,7.0,南东南,0.0,0.0,0.0
1782727545.766,162.7,7.0,南东南,0.0,0.0,0.0
1782727550.779,162.7,7.0,南东南,0.0,0.0,0.0
1782727555.786,162.7,7.0,南东南,0.0,0.0,0.0
1782727560.801,162.7,7.0,南东南,0.0,0.0,0.0
1782727565.814,162.7,7.0,南东南,0.0,0.0,0.0
1782727570.822,162.7,7.0,南东南,0.0,0.0,0.0
1782727575.838,162.6,7.0,南东南,0.0,0.0,0.0
1782727580.849,162.6,7.0,南东南,0.0,0.0,0.0
1782727585.856,162.6,7.0,南东南,0.0,0.0,0.0
1782727590.873,162.6,7.0,南东南,0.0,0.0,0.0
1782727595.884,162.6,7.0,南东南,0.0,0.0,0.0
1782727600.893,162.6,7.0,南东南,0.0,0.0,0.0
1782727605.905,162.6,7.0,南东南,0.0,0.0,0.0
1782727610.917,162.6,7.0,南东南,0.0,0.0,0.0
1782727615.928,162.6,7.0,南东南,0.0,0.0,0.0
1782727620.938,162.6,7.0,南东南,0.0,0.0,0.0
1782727625.95,162.6,7.0,南东南,0.0,0.0,0.0
1782727630.959,162.6,7.0,南东南,0.0,0.0,0.0
1782727635.969,162.6,7.0,南东南,0.0,0.0,0.0
1782727640.975,162.7,7.0,南东南,0.0,0.0,0.0
1782727645.984,162.7,7.0,南东南,0.0,0.0,0.0
1782727650.991,162.7,7.0,南东南,0.0,0.0,0.0
1782727655.996,162.7,7.0,南东南,0.0,0.0,0.0
1782727661.004,162.6,7.0,南东南,0.0,0.0,0.0
1782727666.013,162.6,7.0,南东南,0.0,0.0,0.0
1782727671.018,162.6,7.0,南东南,0.0,0.0,0.0
1782727676.028,162.7,7.0,南东南,0.0,0.0,0.0
1782727681.039,162.7,7.0,南东南,0.0,0.0,0.0
1782727686.043,162.7,7.0,南东南,0.0,0.0,0.0
1782727691.055,162.7,7.0,南东南,0.0,0.0,0.0
1782727696.065,162.7,7.0,南东南,0.0,0.0,0.0
1782727701.072,162.7,7.0,南东南,0.0,0.0,0.0
1782727706.08,162.7,7.0,南东南,0.0,0.0,0.0
1782727711.088,162.7,7.0,南东南,0.0,0.0,0.0
1782727716.096,162.7,7.0,南东南,0.0,0.0,0.0
1782727721.107,162.7,7.0,南东南,0.0,0.0,0.0
1782727726.117,162.7,7.0,南东南,0.0,0.0,0.0
1782727731.128,162.7,7.0,南东南,0.0,0.0,0.0
1782727736.14,162.7,7.0,南东南,0.0,0.0,0.0
1782727741.144,162.7,7.0,南东南,0.0,0.0,0.0
1782727746.157,162.7,7.0,南东南,0.0,0.0,0.0
1782727751.167,162.7,7.0,南东南,0.0,0.0,0.0
1782727756.174,162.7,7.0,南东南,0.0,0.0,0.0
1782727761.184,162.7,7.0,南东南,0.0,0.0,0.0
1782727766.193,162.7,7.0,南东南,0.0,0.0,0.0
1782727771.198,162.7,7.0,南东南,0.0,0.0,0.0
1782727776.209,162.7,7.0,南东南,0.0,0.0,0.0
1782727781.215,162.7,7.0,南东南,0.0,0.0,0.0
1782727786.224,162.7,7.0,南东南,0.0,0.0,0.0
1782727791.231,162.7,7.0,南东南,0.0,0.0,0.0
1782727796.24,162.7,7.0,南东南,0.0,0.0,0.0
1782727801.247,162.7,7.0,南东南,0.0,0.0,0.0
1782727806.257,162.7,7.0,南东南,0.0,0.0,0.0
1782727811.26,162.7,7.0,南东南,0.0,0.0,0.0
1782727816.272,162.7,7.0,南东南,0.0,0.0,0.0
1782727821.283,162.7,7.0,南东南,0.0,0.0,0.0
1782727826.293,162.7,7.0,南东南,0.0,0.0,0.0
1782727831.303,162.7,7.0,南东南,0.0,0.0,0.0
1782727836.312,162.7,7.0,南东南,0.0,0.0,0.0
1782727841.32,162.7,7.0,南东南,0.0,0.0,0.0
1782727846.327,162.7,7.0,南东南,0.0,0.0,0.0
1782727851.335,162.7,7.0,南东南,0.0,0.0,0.0
1782727856.342,162.7,7.0,南东南,0.0,0.0,0.0
1782727861.378,162.7,7.0,南东南,0.0,0.0,0.0
1782727866.388,162.7,7.0,南东南,0.0,0.0,0.0
1782727871.398,162.7,7.0,南东南,0.0,0.0,0.0
1782727876.411,162.7,7.0,南东南,0.0,0.0,0.0
1782727881.423,162.7,7.0,南东南,0.0,0.0,0.0
1782727886.433,162.7,7.0,南东南,0.0,0.0,0.0
1782727891.441,162.7,7.0,南东南,0.0,0.0,0.0
1782727896.448,162.7,7.0,南东南,0.0,0.0,0.0
1782727901.463,162.7,7.0,南东南,0.0,0.0,0.0
1782727906.477,162.7,7.0,南东南,0.0,0.0,0.0
1782727911.486,162.7,7.0,南东南,0.0,0.0,0.0
1782727916.501,162.7,7.0,南东南,0.0,0.0,0.0
1782727921.513,162.7,7.0,南东南,0.0,0.0,0.0
1782727926.527,162.7,7.0,南东南,0.0,0.0,0.0
1782727931.539,162.7,7.0,南东南,0.0,0.0,0.0
1782727936.551,162.7,7.0,南东南,0.0,0.0,0.0
1782727941.561,162.7,7.0,南东南,0.0,0.0,0.0
1782727946.575,162.7,7.0,南东南,0.0,0.0,0.0
1782727951.583,162.7,7.0,南东南,0.0,0.0,0.0
1782727956.59,162.7,7.0,南东南,0.0,0.0,0.0
1782727961.598,162.7,7.0,南东南,0.0,0.0,0.0
1782727966.609,162.7,7.0,南东南,0.0,0.0,0.0
1782727971.614,162.7,7.0,南东南,0.0,0.0,0.0
1782727976.624,162.7,7.0,南东南,0.0,0.0,0.0
1782727981.629,162.7,7.0,南东南,0.0,0.0,0.0
1782727986.642,162.7,7.0,南东南,0.0,0.0,0.0
1782727991.653,162.7,7.0,南东南,0.0,0.0,0.0
1782727996.661,162.7,7.0,南东南,0.0,0.0,0.0
1782728001.667,162.7,7.0,南东南,0.0,0.0,0.0
1782728006.679,162.7,7.0,南东南,0.0,0.0,0.0
1782728011.69,162.7,7.0,南东南,0.0,0.0,0.0
1782728016.702,162.7,7.0,南东南,0.0,0.0,0.0
1782728021.709,162.7,7.0,南东南,0.0,0.0,0.0
1782728026.717,162.7,7.0,南东南,0.0,0.0,0.0
1782728031.725,162.7,7.0,南东南,0.0,0.0,0.0
1782728036.734,162.7,7.0,南东南,0.0,0.0,0.0
1782728041.741,162.7,7.0,南东南,0.0,0.0,0.0
1782728046.75,162.7,7.0,南东南,0.0,0.0,0.0
1782728051.761,162.7,7.0,南东南,0.0,0.0,0.0
1782728056.767,162.7,7.0,南东南,0.0,0.0,0.0
1782728061.775,162.7,7.0,南东南,0.0,0.0,0.0
1782728066.785,162.7,7.0,南东南,0.0,0.0,0.0
1782728071.797,162.7,7.0,南东南,0.0,0.0,0.0
1782728076.809,162.7,7.0,南东南,0.0,0.0,0.0
1782728081.821,162.7,7.0,南东南,0.0,0.0,0.0
1782728086.833,162.7,7.0,南东南,0.0,0.0,0.0
1782728091.842,162.7,7.0,南东南,0.0,0.0,0.0
1782728096.848,162.7,7.0,南东南,0.0,0.0,0.0
1782728101.858,162.7,7.0,南东南,0.0,0.0,0.0
1782728106.868,162.7,7.0,南东南,0.0,0.0,0.0
1782728111.876,162.7,7.0,南东南,0.0,0.0,0.0
1782728116.887,162.7,7.0,南东南,0.0,0.0,0.0
1782728121.898,162.7,7.0,南东南,0.0,0.0,0.0
1782728126.902,162.7,7.0,南东南,0.0,0.0,0.0
1782728131.91,162.7,7.0,南东南,0.0,0.0,0.0
1782728136.92,162.7,7.0,南东南,0.0,0.0,0.0
1782728141.926,162.7,7.0,南东南,0.0,0.0,0.0
1782728146.937,162.7,7.0,南东南,0.0,0.0,0.0
1782728151.944,162.7,7.0,南东南,0.0,0.0,0.0
1782728156.956,162.7,7.0,南东南,0.0,0.0,0.0
1782728161.966,162.7,7.0,南东南,0.0,0.0,0.0
1782728166.973,162.7,7.0,南东南,0.0,0.0,0.0
1782728171.98,162.7,7.0,南东南,0.0,0.0,0.0
1782728176.995,162.7,7.0,南东南,0.0,0.0,0.0
1782728182.006,162.7,7.0,南东南,0.0,0.0,0.0
1782728187.019,162.7,7.0,南东南,0.0,0.0,0.0
1782728192.033,162.7,7.0,南东南,0.0,0.0,0.0
1782728197.036,162.7,7.0,南东南,0.0,0.0,0.0
1782728202.048,162.7,7.0,南东南,0.0,0.0,0.0
1782728207.055,162.7,7.0,南东南,0.0,0.0,0.0
1782728212.06,162.7,7.0,南东南,0.0,0.0,0.0
1782728217.068,162.7,7.0,南东南,0.0,0.0,0.0
1782728222.079,162.7,7.0,南东南,0.0,0.0,0.0
1782728227.087,162.8,7.0,南东南,0.0,0.0,0.0
1782728232.094,162.7,7.0,南东南,0.0,0.0,0.0
1782728237.1,162.7,7.0,南东南,0.0,0.0,0.0
1782728242.109,162.7,7.0,南东南,0.0,0.0,0.0
1782728247.122,162.7,7.0,南东南,0.0,0.0,0.0
1782728252.131,162.8,7.0,南东南,0.0,0.0,0.0
1782728257.142,162.8,7.0,南东南,0.0,0.0,0.0
1782728262.158,162.8,7.0,南东南,0.0,0.0,0.0
1782728267.167,162.8,7.0,南东南,0.0,0.0,0.0
1782728272.182,162.8,7.0,南东南,0.0,0.0,0.0
1782728277.192,162.8,7.0,南东南,0.0,0.0,0.0
1782728282.197,162.8,7.0,南东南,0.0,0.0,0.0
1782728287.206,162.7,7.0,南东南,0.0,0.0,0.0
1782728292.221,162.7,7.0,南东南,0.0,0.0,0.0
1782728297.23,162.7,7.0,南东南,0.0,0.0,0.0
1782728302.243,162.8,7.0,南东南,0.0,0.0,0.0
1782728307.255,162.7,7.0,南东南,0.0,0.0,0.0
1782728312.261,162.8,7.0,南东南,0.0,0.0,0.0
1782728317.274,162.8,7.0,南东南,0.0,0.0,0.0
1782728322.284,162.8,7.0,南东南,0.0,0.0,0.0
1782728327.297,162.8,7.0,南东南,0.0,0.0,0.0
1782728332.308,162.8,7.0,南东南,0.0,0.0,0.0
1782728337.316,162.8,7.0,南东南,0.0,0.0,0.0
1782728342.331,162.8,7.0,南东南,0.0,0.0,0.0
1782728347.341,162.8,7.0,南东南,0.0,0.0,0.0
1782728352.348,162.8,7.0,南东南,0.0,0.0,0.0
1782728357.356,162.8,7.0,南东南,0.0,0.0,0.0
1782728362.371,162.8,7.0,南东南,0.0,0.0,0.0
1782728367.381,162.8,7.0,南东南,0.0,0.0,0.0
1782728372.39,162.8,7.0,南东南,0.0,0.0,0.0
1782728377.403,162.8,7.0,南东南,0.0,0.0,0.0
1782728382.411,162.7,7.0,南东南,0.0,0.0,0.0
1782728387.418,162.7,7.0,南东南,0.0,0.0,0.0
1782728392.429,162.8,7.0,南东南,0.0,0.0,0.0
1782728397.433,162.8,7.0,南东南,0.0,0.0,0.0
1782728402.447,162.8,7.0,南东南,0.0,0.0,0.0
1782728407.452,162.8,7.0,南东南,0.0,0.0,0.0
1782728412.467,162.8,7.0,南东南,0.0,0.0,0.0
1782728417.477,162.8,7.0,南东南,0.0,0.0,0.0
1782728422.484,162.8,7.0,南东南,0.0,0.0,0.0
1782728427.496,162.8,7.0,南东南,0.0,0.0,0.0
1782728431.356,162.8,7.0,南东南,0.0,0.0,0.0
1782728748.291,162.9,7.0,南东南,0.0,0.0,0.0
1782728753.305,162.9,7.0,南东南,0.0,0.0,0.0
1782728758.318,162.9,7.0,南东南,0.0,0.0,0.0
1782728763.327,162.9,7.0,南东南,0.0,0.0,0.0
1782728768.337,162.9,7.0,南东南,0.0,0.0,0.0
1782728773.346,162.9,7.0,南东南,0.0,0.0,0.0
1782728778.355,162.9,7.0,南东南,0.0,0.0,0.0
1782728783.368,162.9,7.0,南东南,0.0,0.0,0.0
1782728788.381,162.9,7.0,南东南,0.0,0.0,0.0
1782728793.389,162.9,7.0,南东南,0.0,0.0,0.0
1782728798.404,162.9,7.0,南东南,0.0,0.0,0.0
1782728803.417,162.9,7.0,南东南,0.0,0.0,0.0
1782728808.425,162.9,7.0,南东南,0.0,0.0,0.0
1782728813.435,162.9,7.0,南东南,0.0,0.0,0.0
1782728818.444,162.9,7.0,南东南,0.0,0.0,0.0
1782728823.458,162.9,7.0,南东南,0.0,0.0,0.0
1782728828.472,162.9,7.0,南东南,0.0,0.0,0.0
1782728833.478,162.9,7.0,南东南,0.0,0.0,0.0
1782728838.493,162.9,7.0,南东南,0.0,0.0,0.0
1782728843.504,163.0,7.0,南东南,0.0,0.0,0.0
1782728848.512,163.0,7.0,南东南,0.0,0.0,0.0
1782728853.524,163.0,7.0,南东南,0.0,0.0,0.0
1782728858.534,163.0,7.0,南东南,0.0,0.0,0.0
1782728863.543,163.0,7.0,南东南,0.0,0.0,0.0
1782728868.558,163.0,7.0,南东南,0.0,0.0,0.0
1782728873.568,163.0,7.0,南东南,0.0,0.0,0.0
1782728878.577,163.0,7.0,南东南,0.0,0.0,0.0
1782728883.586,163.0,7.0,南东南,0.0,0.0,0.0
1782728888.6,163.0,7.0,南东南,0.0,0.0,0.0
1782728893.61,163.0,7.0,南东南,0.0,0.0,0.0
1782728898.618,163.0,7.0,南东南,0.0,0.0,0.0
1782728903.626,163.0,7.0,南东南,0.0,0.0,0.0
1782728908.642,163.0,7.0,南东南,0.0,0.0,0.0
1782728913.655,163.0,7.0,南东南,0.0,0.0,0.0
1782728918.665,163.0,7.0,南东南,0.0,0.0,0.0
1782728923.675,163.0,7.0,南东南,0.0,0.0,0.0
1782728926.874,163.0,7.0,南东南,0.0,0.0,0.0
1782728935.441,163.0,7.0,南东南,0.0,0.0,0.0
1782728940.45,163.0,7.0,南东南,0.0,0.0,0.0
1782728945.457,163.0,7.0,南东南,0.0,0.0,0.0
1782728950.463,163.0,7.0,南东南,0.0,0.0,0.0
1782728955.474,163.0,7.0,南东南,0.0,0.0,0.0
1782728960.488,163.0,7.0,南东南,0.0,0.0,0.0
1782728965.496,163.0,7.0,南东南,0.0,0.0,0.0
1782728970.509,163.0,7.0,南东南,0.0,0.0,0.0
1782728975.522,163.0,7.0,南东南,0.0,0.0,0.0
1782728980.532,163.0,7.0,南东南,0.0,0.0,0.0
1782728985.546,163.0,7.0,南东南,0.0,0.0,0.0
1782728990.556,163.0,7.0,南东南,0.0,0.0,0.0
1782728995.566,163.0,7.0,南东南,0.0,0.0,0.0
1782729000.644,163.0,7.0,南东南,0.0,0.0,0.0
1782729005.673,163.1,7.0,南东南,0.0,0.0,0.0
1782729010.687,163.1,7.0,南东南,0.0,0.0,0.0
1782729015.698,163.1,7.0,南东南,0.0,0.0,0.0
1782729020.704,163.1,7.0,南东南,0.0,0.0,0.0
1782729025.72,163.0,7.0,南东南,0.0,0.0,0.0
1782729030.733,163.0,7.0,南东南,0.0,0.0,0.0
1782729035.744,163.0,7.0,南东南,0.0,0.0,0.0
1782729040.758,163.0,7.0,南东南,0.0,0.0,0.0
1782729045.77,163.0,7.0,南东南,0.0,0.0,0.0
1782729050.779,163.1,7.0,南东南,0.0,0.0,0.0
1782729055.794,163.1,7.0,南东南,0.0,0.0,0.0
1782729060.8,163.1,7.0,南东南,0.0,0.0,0.0
1782729065.807,163.1,7.0,南东南,0.0,0.0,0.0
1782729070.816,163.1,7.0,南东南,0.0,0.0,0.0
1782729075.826,163.1,7.0,南东南,0.0,0.0,0.0
1782729080.835,163.1,7.0,南东南,0.0,0.0,0.0
1782729085.845,163.1,7.0,南东南,0.0,0.0,0.0
1782729090.856,163.1,7.0,南东南,0.0,0.0,0.0
1782729095.86,163.1,7.0,南东南,0.0,0.0,0.0
1782729100.87,163.1,7.0,南东南,0.0,0.0,0.0
1782729105.874,163.1,7.0,南东南,0.0,0.0,0.0
1782729110.884,163.1,7.0,南东南,0.0,0.0,0.0
1782729115.896,163.1,7.0,南东南,0.0,0.0,0.0
1782729120.9,163.1,7.0,南东南,0.0,0.0,0.0
1782729125.91,163.1,7.0,南东南,0.0,0.0,0.0
1782729130.919,163.1,7.0,南东南,0.0,0.0,0.0
1782729135.924,163.1,7.0,南东南,0.0,0.0,0.0
1782729140.933,163.1,7.0,南东南,0.0,0.0,0.0
1782729145.944,163.1,7.0,南东南,0.0,0.0,0.0
1782729150.954,163.1,7.0,南东南,0.0,0.0,0.0
1782729155.963,163.1,7.0,南东南,0.0,0.0,0.0
1782729160.973,163.1,7.0,南东南,0.0,0.0,0.0
1782729165.98,163.1,7.0,南东南,0.0,0.0,0.0
1782729170.987,163.1,7.0,南东南,0.0,0.0,0.0
1782729175.998,163.1,7.0,南东南,0.0,0.0,0.0
1782729181.004,163.1,7.0,南东南,0.0,0.0,0.0
1782729186.015,163.1,7.0,南东南,0.0,0.0,0.0
1782729191.023,163.1,7.0,南东南,0.0,0.0,0.0
1782729196.034,163.1,7.0,南东南,0.0,0.0,0.0
1782729201.041,163.1,7.0,南东南,0.0,0.0,0.0
1782729206.049,163.1,7.0,南东南,0.0,0.0,0.0
1782729211.059,163.1,7.0,南东南,0.0,0.0,0.0
1782729216.071,163.1,7.0,南东南,0.0,0.0,0.0
1782729221.081,163.1,7.0,南东南,0.0,0.0,0.0
1782729226.094,163.1,7.0,南东南,0.0,0.0,0.0
1782729231.105,163.1,7.0,南东南,0.0,0.0,0.0
1782729236.114,163.1,7.0,南东南,0.0,0.0,0.0
1782729241.124,163.1,7.0,南东南,0.0,0.0,0.0
1782729246.137,163.1,7.0,南东南,0.0,0.0,0.0
1782729251.141,163.1,7.0,南东南,0.0,0.0,0.0
1782729256.151,163.1,7.0,南东南,0.0,0.0,0.0
1782729261.164,163.1,7.0,南东南,0.0,0.0,0.0
1782729266.174,163.1,7.0,南东南,0.0,0.0,0.0
1782729271.186,163.1,7.0,南东南,0.0,0.0,0.0
1782729276.195,163.1,7.0,南东南,0.0,0.0,0.0
1782729281.204,163.1,7.0,南东南,0.0,0.0,0.0
1782729286.214,163.1,7.0,南东南,0.0,0.0,0.0
1782729291.223,163.1,7.0,南东南,0.0,0.0,0.0
1782729296.235,163.1,7.0,南东南,0.0,0.0,0.0
1782729301.245,163.1,7.0,南东南,0.0,0.0,0.0
1782729306.251,163.1,7.0,南东南,0.0,0.0,0.0
1782729311.262,163.1,7.0,南东南,0.0,0.0,0.0
1782729316.274,163.1,7.0,南东南,0.0,0.0,0.0
1782729321.28,163.1,7.0,南东南,0.0,0.0,0.0
1782729326.286,163.1,7.0,南东南,0.0,0.0,0.0
1782729331.298,163.1,7.0,南东南,0.0,0.0,0.0
1782729336.305,163.1,7.0,南东南,0.0,0.0,0.0
1782729341.313,163.1,7.0,南东南,0.0,0.0,0.0
1782729346.323,163.1,7.0,南东南,0.0,0.0,0.0
1782729351.331,163.1,7.0,南东南,0.0,0.0,0.0
1782729356.342,163.1,7.0,南东南,0.0,0.0,0.0
1782729361.35,163.1,7.0,南东南,0.0,0.0,0.0
1782729366.364,163.1,7.0,南东南,0.0,0.0,0.0
1782729371.377,163.1,7.0,南东南,0.0,0.0,0.0
1782729376.386,163.1,7.0,南东南,0.0,0.0,0.0
1782729381.396,163.1,7.0,南东南,0.0,0.0,0.0
1782729386.411,163.1,7.0,南东南,0.0,0.0,0.0
1782729391.416,163.1,7.0,南东南,0.0,0.0,0.0
1782729396.43,163.1,7.0,南东南,0.0,0.0,0.0
1782729401.441,163.1,7.0,南东南,0.0,0.0,0.0
1782729406.443,163.1,7.0,南东南,0.0,0.0,0.0
1782729411.458,163.1,7.0,南东南,0.0,0.0,0.0
1782729416.473,163.1,7.0,南东南,0.0,0.0,0.0
1782729421.48,163.1,7.0,南东南,0.0,0.0,0.0
1782729426.491,163.1,7.0,南东南,0.0,0.0,0.0
1782729431.505,163.1,7.0,南东南,0.0,0.0,0.0
1782729436.51,163.1,7.0,南东南,0.0,0.0,0.0
1782729441.519,163.1,7.0,南东南,0.0,0.0,0.0
1782729446.528,163.1,7.0,南东南,0.0,0.0,0.0
1782729451.542,163.1,7.0,南东南,0.0,0.0,0.0
1782729456.552,163.1,7.0,南东南,0.0,0.0,0.0
1782729461.56,163.1,7.0,南东南,0.0,0.0,0.0
1782729466.573,163.1,7.0,南东南,0.0,0.0,0.0
1782729471.585,163.1,7.0,南东南,0.0,0.0,0.0
1782729476.588,163.1,7.0,南东南,0.0,0.0,0.0
1782729481.603,163.1,7.0,南东南,0.0,0.0,0.0
1782729486.618,163.1,7.0,南东南,0.0,0.0,0.0
1782729491.624,163.1,7.0,南东南,0.0,0.0,0.0
1782729496.638,163.1,7.0,南东南,0.0,0.0,0.0
1782729501.653,163.1,7.0,南东南,0.0,0.0,0.0
1782729506.662,163.1,7.0,南东南,0.0,0.0,0.0
1782729511.673,163.1,7.0,南东南,0.0,0.0,0.0
1782729516.688,163.1,7.0,南东南,0.0,0.0,0.0
1782729521.691,163.1,7.0,南东南,0.0,0.0,0.0
1782729526.706,163.1,7.0,南东南,0.0,0.0,0.0
1782729531.716,163.1,7.0,南东南,0.0,0.0,0.0
1782729536.718,163.3,7.0,南东南,0.0,0.0,0.0
1782729541.728,163.3,7.0,南东南,0.0,0.0,0.0
1782729546.742,163.3,7.0,南东南,0.0,0.0,0.0
1782729551.751,163.2,7.0,南东南,0.0,0.0,0.0
1782729556.765,163.2,7.0,南东南,0.0,0.0,0.0
1782729561.768,163.2,7.0,南东南,0.0,0.0,0.0
1782729566.783,163.2,7.0,南东南,0.0,0.0,0.0
1782729571.798,163.2,7.0,南东南,0.0,0.0,0.0
1782729576.805,163.3,7.0,南东南,0.0,0.0,0.0
1782729581.819,163.3,7.0,南东南,0.0,0.0,0.0
1782729586.834,163.9,7.0,南东南,0.0,0.0,0.0
1782729591.841,164.8,7.0,南东南,0.0,0.0,0.0
1782729596.855,166.5,7.0,南东南,0.0,0.0,0.0
1782729601.87,169.0,8.0,南,0.0,0.0,0.0
1782729606.879,198.8,9.0,南西南,0.0,0.0,0.0
1782729611.89,198.8,9.0,南西南,0.0,0.0,0.0
1782729616.905,198.8,9.0,南西南,0.0,0.0,0.0
1782729621.914,198.8,9.0,南西南,0.0,0.0,0.0
1782729626.926,198.8,9.0,南西南,0.0,0.0,0.0
1782729631.932,198.8,9.0,南西南,0.0,0.0,0.0
1782729636.94,198.8,9.0,南西南,0.0,0.0,0.0
1782729641.955,198.8,9.0,南西南,0.0,0.0,0.0
1782729646.96,198.8,9.0,南西南,0.0,0.0,0.0
1782729651.975,198.8,9.0,南西南,0.0,0.0,0.0
1782729656.984,198.8,9.0,南西南,0.0,0.0,0.0
1782729661.991,198.8,9.0,南西南,0.0,0.0,0.0
1782729667.006,198.8,9.0,南西南,0.0,0.0,0.0
1782729672.019,198.8,9.0,南西南,0.0,0.0,0.0
1782729677.022,198.8,9.0,南西南,0.0,0.0,0.0
1782729682.03,198.8,9.0,南西南,0.0,0.0,0.0
1782729687.047,198.8,9.0,南西南,0.0,0.0,0.0
1782729692.054,198.8,9.0,南西南,0.0,0.0,0.0
1782729697.067,198.8,9.0,南西南,0.0,0.0,0.0
1782729702.077,198.8,9.0,南西南,0.0,0.0,0.0
1782729707.082,198.8,9.0,南西南,0.0,0.0,0.0
1782729712.096,198.8,9.0,南西南,0.0,0.0,0.0
1782729717.104,198.8,9.0,南西南,0.0,0.0,0.0
1782729722.114,198.8,9.0,南西南,0.0,0.0,0.0
1782729727.126,198.8,9.0,南西南,0.0,0.0,0.0
1782729732.132,198.8,9.0,南西南,0.0,0.0,0.0
1782729737.146,198.8,9.0,南西南,0.0,0.0,0.0
1782729742.155,198.8,9.0,南西南,0.0,0.0,0.0
1782729747.163,198.8,9.0,南西南,0.0,0.0,0.0
1782729752.176,198.8,9.0,南西南,0.0,0.0,0.0
1782729757.192,198.8,9.0,南西南,0.0,0.0,0.0
1782729762.201,198.8,9.0,南西南,0.0,0.0,0.0
1782729767.213,198.8,9.0,南西南,0.0,0.0,0.0
1782729772.225,198.8,9.0,南西南,0.0,0.0,0.0
1782729777.228,198.8,9.0,南西南,0.0,0.0,0.0
1782729782.244,198.8,9.0,南西南,0.0,0.0,0.0
1782729787.257,198.8,9.0,南西南,0.0,0.0,0.0
1782729792.26,198.8,9.0,南西南,0.0,0.0,0.0
1782729797.276,198.8,9.0,南西南,0.0,0.0,0.0
1782729802.28,198.8,9.0,南西南,0.0,0.0,0.0
1782729807.296,198.8,9.0,南西南,0.0,0.0,0.0
1782729812.309,198.8,9.0,南西南,0.0,0.0,0.0
1782729817.312,198.8,9.0,南西南,0.0,0.0,0.0
1782729822.322,198.8,9.0,南西南,0.0,0.0,0.0
1782729827.336,198.8,9.0,南西南,0.0,0.0,0.0
1782729832.343,198.8,9.0,南西南,0.0,0.0,0.0
1782729837.357,198.8,9.0,南西南,0.0,0.0,0.0
1782729842.369,198.8,9.0,南西南,0.0,0.0,0.0
1782729847.375,198.8,9.0,南西南,0.0,0.0,0.0
1782729852.387,198.8,9.0,南西南,0.0,0.0,0.0
1782729857.396,198.8,9.0,南西南,0.0,0.0,0.0
1782729862.4,198.8,9.0,南西南,0.0,0.0,0.0
1782729867.412,198.8,9.0,南西南,0.0,0.0,0.0
1782729872.419,198.8,9.0,南西南,0.0,0.0,0.0
1782729877.425,198.8,9.0,南西南,0.0,0.0,0.0
1782729882.438,198.8,9.0,南西南,0.0,0.0,0.0
1782729887.444,198.8,9.0,南西南,0.0,0.0,0.0
1782729892.453,198.8,9.0,南西南,0.0,0.0,0.0
1782729897.464,198.8,9.0,南西南,0.0,0.0,0.0
1782729902.476,198.8,9.0,南西南,0.0,0.0,0.0
1782729907.487,198.8,9.0,南西南,0.0,0.0,0.0
1782729912.499,198.8,9.0,南西南,0.0,0.0,0.0
1782729917.502,198.8,9.0,南西南,0.0,0.0,0.0
1782729922.518,198.8,9.0,南西南,0.0,0.0,0.0
1782729927.53,198.8,9.0,南西南,0.0,0.0,0.0
1782729932.537,198.8,9.0,南西南,0.0,0.0,0.0
1782729937.554,198.8,9.0,南西南,0.0,0.0,0.0
1782729942.567,198.8,9.0,南西南,0.0,0.0,0.0
1782729947.574,198.8,9.0,南西南,0.0,0.0,0.0
1782729952.592,198.8,9.0,南西南,0.0,0.0,0.0
1782729957.605,198.8,9.0,南西南,0.0,0.0,0.0
1782729962.614,198.8,9.0,南西南,0.0,0.0,0.0
1782729967.629,198.8,9.0,南西南,0.0,0.0,0.0
1782729972.636,198.8,9.0,南西南,0.0,0.0,0.0
1782729977.65,198.8,9.0,南西南,0.0,0.0,0.0
1782729982.666,198.8,9.0,南西南,0.0,0.0,0.0
1782729987.673,198.8,9.0,南西南,0.0,0.0,0.0
1782729992.681,198.8,9.0,南西南,0.0,0.0,0.0
1782729997.692,198.8,9.0,南西南,0.0,0.0,0.0
1782730002.701,198.8,9.0,南西南,0.0,0.0,0.0
1782730007.715,198.8,9.0,南西南,0.0,0.0,0.0
1782730012.727,198.8,9.0,南西南,0.0,0.0,0.0
1782730017.731,198.8,9.0,南西南,0.0,0.0,0.0
1782730022.746,198.8,9.0,南西南,0.0,0.0,0.0
1782730027.757,198.8,9.0,南西南,0.0,0.0,0.0
1782730032.764,198.8,9.0,南西南,0.0,0.0,0.0
1782730037.779,198.8,9.0,南西南,0.0,0.0,0.0
1782730042.793,198.8,9.0,南西南,0.0,0.0,0.0
1782730047.803,198.8,9.0,南西南,0.0,0.0,0.0
1782730052.816,198.8,9.0,南西南,0.0,0.0,0.0
1782730057.826,198.8,9.0,南西南,0.0,0.0,0.0
1782730062.835,198.8,9.0,南西南,0.0,0.0,0.0
1782730067.85,198.8,9.0,南西南,0.0,0.0,0.0
1782730072.857,198.8,9.0,南西南,0.0,0.0,0.0
1782730077.869,198.8,9.0,南西南,0.0,0.0,0.0
1782730082.888,198.8,9.0,南西南,0.0,0.0,0.0
1782730087.895,198.8,9.0,南西南,0.0,0.0,0.0
1782730092.911,198.8,9.0,南西南,0.0,0.0,0.0
1782730097.923,198.8,9.0,南西南,0.0,0.0,0.0
1782730102.931,198.8,9.0,南西南,0.0,0.0,0.0
1782730107.948,198.8,9.0,南西南,0.0,0.0,0.0
1782730112.96,198.8,9.0,南西南,0.0,0.0,0.0
1782730117.97,198.8,9.0,南西南,0.0,0.0,0.0
1782730122.986,198.8,9.0,南西南,0.0,0.0,0.0
1782730127.997,198.8,9.0,南西南,0.0,0.0,0.0
1782730133.002,198.8,9.0,南西南,0.0,0.0,0.0
1782730138.017,198.8,9.0,南西南,0.0,0.0,0.0
1782730143.031,198.8,9.0,南西南,0.0,0.0,0.0
1782730148.038,198.8,9.0,南西南,0.0,0.0,0.0
1782730153.054,198.8,9.0,南西南,0.0,0.0,0.0
1782730158.064,198.8,9.0,南西南,0.0,0.0,0.0
1782730163.074,198.8,9.0,南西南,0.0,0.0,0.0
1782730168.089,198.8,9.0,南西南,0.0,0.0,0.0
1782730173.096,198.8,9.0,南西南,0.0,0.0,0.0
1782730178.107,198.8,9.0,南西南,0.0,0.0,0.0
1782730183.12,198.8,9.0,南西南,0.0,0.0,0.0
1782730188.13,198.8,9.0,南西南,0.0,0.0,0.0
1782730193.145,198.8,9.0,南西南,0.0,0.0,0.0
1782730198.157,198.8,9.0,南西南,0.0,0.0,0.0
1782730203.165,198.8,9.0,南西南,0.0,0.0,0.0
1782730208.182,198.8,9.0,南西南,0.0,0.0,0.0
1782730213.195,198.8,9.0,南西南,0.0,0.0,0.0
1782730218.202,198.8,9.0,南西南,0.0,0.0,0.0
1782730223.22,198.8,9.0,南西南,0.0,0.0,0.0
1782730228.228,198.8,9.0,南西南,0.0,0.0,0.0
1782730233.235,198.8,9.0,南西南,0.0,0.0,0.0
1782730238.251,198.8,9.0,南西南,0.0,0.0,0.0
1782730243.264,198.8,9.0,南西南,0.0,0.0,0.0
1782730248.27,198.8,9.0,南西南,0.0,0.0,0.0
1782730253.287,198.8,9.0,南西南,0.0,0.0,0.0
1782730258.3,198.8,9.0,南西南,0.0,0.0,0.0
1782730263.313,198.8,9.0,南西南,0.0,0.0,0.0
1782730268.326,198.8,9.0,南西南,0.0,0.0,0.0
1782730273.338,198.8,9.0,南西南,0.0,0.0,0.0
1782730278.347,198.8,9.0,南西南,0.0,0.0,0.0
1782730283.357,198.8,9.0,南西南,0.0,0.0,0.0
1782730288.365,198.8,9.0,南西南,0.0,0.0,0.0
1782730293.379,198.8,9.0,南西南,0.0,0.0,0.0
1782730298.392,198.8,9.0,南西南,0.0,0.0,0.0
1782730303.399,198.8,9.0,南西南,0.0,0.0,0.0
1782730308.412,198.8,9.0,南西南,0.0,0.0,0.0
1782730313.426,198.8,9.0,南西南,0.0,0.0,0.0
1782730318.432,198.8,9.0,南西南,0.0,0.0,0.0
1782730323.448,198.8,9.0,南西南,0.0,0.0,0.0
1782730328.46,198.8,9.0,南西南,0.0,0.0,0.0
1782730333.47,198.8,9.0,南西南,0.0,0.0,0.0
1782730338.484,198.8,9.0,南西南,0.0,0.0,0.0
1782730343.497,198.8,9.0,南西南,0.0,0.0,0.0
1782730348.507,198.8,9.0,南西南,0.0,0.0,0.0
1782730353.519,198.8,9.0,南西南,0.0,0.0,0.0
1782730358.534,198.8,9.0,南西南,0.0,0.0,0.0
1782730363.543,198.8,9.0,南西南,0.0,0.0,0.0
1782730368.555,198.8,9.0,南西南,0.0,0.0,0.0
1782730373.568,198.8,9.0,南西南,0.0,0.0,0.0
1782730378.575,198.8,9.0,南西南,0.0,0.0,0.0
1782730383.588,198.8,9.0,南西南,0.0,0.0,0.0
1782730388.595,198.8,9.0,南西南,0.0,0.0,0.0
1782730393.607,198.8,9.0,南西南,0.0,0.0,0.0
1782730398.616,198.8,9.0,南西南,0.0,0.0,0.0
1782730403.626,198.8,9.0,南西南,0.0,0.0,0.0
1782730408.636,198.8,9.0,南西南,0.0,0.0,0.0
1782730413.649,198.8,9.0,南西南,0.0,0.0,0.0
1782730418.657,198.8,9.0,南西南,0.0,0.0,0.0
1782730423.671,198.8,9.0,南西南,0.0,0.0,0.0
1782730428.678,198.8,9.0,南西南,0.0,0.0,0.0
1782730433.682,198.8,9.0,南西南,0.0,0.0,0.0
1782730438.691,198.8,9.0,南西南,0.0,0.0,0.0
1782730443.699,198.8,9.0,南西南,0.0,0.0,0.0
1782730448.706,198.8,9.0,南西南,0.0,0.0,0.0
1782730453.716,198.8,9.0,南西南,0.0,0.0,0.0
1782730458.728,198.8,9.0,南西南,0.0,0.0,0.0
1782730463.74,198.8,9.0,南西南,0.0,0.0,0.0
1782730468.748,198.8,9.0,南西南,0.0,0.0,0.0
1782730473.753,198.8,9.0,南西南,0.0,0.0,0.0
1782730478.768,198.8,9.0,南西南,0.0,0.0,0.0
1782730483.776,198.8,9.0,南西南,0.0,0.0,0.0
1782730488.783,198.8,9.0,南西南,0.0,0.0,0.0
1782730493.799,198.8,9.0,南西南,0.0,0.0,0.0
1782730498.809,198.8,9.0,南西南,0.0,0.0,0.0
1782730503.815,198.8,9.0,南西南,0.0,0.0,0.0
1782730508.825,198.8,9.0,南西南,0.0,0.0,0.0
1782730513.839,198.8,9.0,南西南,0.0,0.0,0.0
1782730518.85,198.8,9.0,南西南,0.0,0.0,0.0
1782730523.863,198.8,9.0,南西南,0.0,0.0,0.0
1782730528.875,198.8,9.0,南西南,0.0,0.0,0.0
1782730533.885,198.8,9.0,南西南,0.0,0.0,0.0
1782730538.898,198.8,9.0,南西南,0.0,0.0,0.0
1782730543.91,198.8,9.0,南西南,0.0,0.0,0.0
1782730548.921,198.8,9.0,南西南,0.0,0.0,0.0
1782730553.934,198.8,9.0,南西南,0.0,0.0,0.0
1782730558.942,198.8,9.0,南西南,0.0,0.0,0.0
1782730563.958,198.8,9.0,南西南,0.0,0.0,0.0
1782730568.971,198.8,9.0,南西南,0.0,0.0,0.0
1782730573.976,198.8,9.0,南西南,0.0,0.0,0.0
1782730578.988,198.8,9.0,南西南,0.0,0.0,0.0
1782730583.998,198.8,9.0,南西南,0.0,0.0,0.0
1782730589.002,198.8,9.0,南西南,0.0,0.0,0.0
1782730594.011,198.8,9.0,南西南,0.0,0.0,0.0
1782730599.02,198.8,9.0,南西南,0.0,0.0,0.0
1782730604.028,198.8,9.0,南西南,0.0,0.0,0.0
1782730609.032,198.8,9.0,南西南,0.0,0.0,0.0
1782730614.039,198.8,9.0,南西南,0.0,0.0,0.0
1782730619.048,198.8,9.0,南西南,0.0,0.0,0.0
1782730624.057,198.8,9.0,南西南,0.0,0.0,0.0
1782730629.067,198.8,9.0,南西南,0.0,0.0,0.0
1782730634.075,198.8,9.0,南西南,0.0,0.0,0.0
1782730639.086,198.8,9.0,南西南,0.0,0.0,0.0
1782730644.088,198.8,9.0,南西南,0.0,0.0,0.0
1782730649.099,198.8,9.0,南西南,0.0,0.0,0.0
1782730654.107,198.8,9.0,南西南,0.0,0.0,0.0
1782730659.115,198.8,9.0,南西南,0.0,0.0,0.0
1782730664.126,198.8,9.0,南西南,0.0,0.0,0.0
1782730669.131,198.8,9.0,南西南,0.0,0.0,0.0
1782730674.138,198.8,9.0,南西南,0.0,0.0,0.0
1782730679.147,198.8,9.0,南西南,0.0,0.0,0.0
1782730684.156,198.8,9.0,南西南,0.0,0.0,0.0
1782730689.164,198.8,9.0,南西南,0.0,0.0,0.0
1782730694.172,198.8,9.0,南西南,0.0,0.0,0.0
1782730699.179,198.8,9.0,南西南,0.0,0.0,0.0
1782730704.186,198.8,9.0,南西南,0.0,0.0,0.0
1782730709.196,198.8,9.0,南西南,0.0,0.0,0.0
1782730714.203,198.8,9.0,南西南,0.0,0.0,0.0
1782730719.215,198.8,9.0,南西南,0.0,0.0,0.0
1782730724.224,198.8,9.0,南西南,0.0,0.0,0.0
1782730729.232,198.8,9.0,南西南,0.0,0.0,0.0
1782730734.243,198.8,9.0,南西南,0.0,0.0,0.0
1782730739.252,198.8,9.0,南西南,0.0,0.0,0.0
1782730744.26,198.8,9.0,南西南,0.0,0.0,0.0
1782730749.269,198.8,9.0,南西南,0.0,0.0,0.0
1782730754.275,198.8,9.0,南西南,0.0,0.0,0.0
1782730759.282,198.8,9.0,南西南,0.0,0.0,0.0
1782730764.297,198.8,9.0,南西南,0.0,0.0,0.0
1782730769.307,198.8,9.0,南西南,0.0,0.0,0.0
1782730774.315,198.8,9.0,南西南,0.0,0.0,0.0
1782730779.328,198.8,9.0,南西南,0.0,0.0,0.0
1782730784.337,198.8,9.0,南西南,0.0,0.0,0.0
1782730789.342,198.8,9.0,南西南,0.0,0.0,0.0
1782730794.357,198.8,9.0,南西南,0.0,0.0,0.0
1782730799.36,198.8,9.0,南西南,0.0,0.0,0.0
1782730804.375,198.8,9.0,南西南,0.0,0.0,0.0
1782730809.384,198.8,9.0,南西南,0.0,0.0,0.0
1782730814.395,198.8,9.0,南西南,0.0,0.0,0.0
1782730819.406,198.8,9.0,南西南,0.0,0.0,0.0
1782730824.416,198.8,9.0,南西南,0.0,0.0,0.0
1782730829.423,198.8,9.0,南西南,0.0,0.0,0.0
1782730834.437,198.8,9.0,南西南,0.0,0.0,0.0
1782730839.448,198.8,9.0,南西南,0.0,0.0,0.0
1782730844.458,198.8,9.0,南西南,0.0,0.0,0.0
1782730849.468,198.8,9.0,南西南,0.0,0.0,0.0
1782730854.478,198.8,9.0,南西南,0.0,0.0,0.0
1782730859.483,198.8,9.0,南西南,0.0,0.0,0.0
1782730864.497,198.8,9.0,南西南,0.0,0.0,0.0
1782730869.505,198.8,9.0,南西南,0.0,0.0,0.0
1782730874.516,198.8,9.0,南西南,0.0,0.0,0.0
1782730879.525,198.8,9.0,南西南,0.0,0.0,0.0
1782730884.53,198.8,9.0,南西南,0.0,0.0,0.0
1782730889.543,198.8,9.0,南西南,0.0,0.0,0.0
1782730894.556,198.8,9.0,南西南,0.0,0.0,0.0
1782730899.567,198.8,9.0,南西南,0.0,0.0,0.0
1782730904.576,198.8,9.0,南西南,0.0,0.0,0.0
1782730909.582,198.8,9.0,南西南,0.0,0.0,0.0
1782730914.594,198.8,9.0,南西南,0.0,0.0,0.0
1782730919.607,198.8,9.0,南西南,0.0,0.0,0.0
1782730924.616,198.8,9.0,南西南,0.0,0.0,0.0
1782730929.624,198.8,9.0,南西南,0.0,0.0,0.0
1782730934.635,198.8,9.0,南西南,0.0,0.0,0.0
1782730939.644,198.8,9.0,南西南,0.0,0.0,0.0
1782730944.655,198.8,9.0,南西南,0.0,0.0,0.0
1782730949.665,198.8,9.0,南西南,0.0,0.0,0.0
1782730954.678,198.8,9.0,南西南,0.0,0.0,0.0
1782730959.681,198.8,9.0,南西南,0.0,0.0,0.0
1782730964.689,198.8,9.0,南西南,0.0,0.0,0.0
1782730969.706,198.8,9.0,南西南,0.0,0.0,0.0
1782730974.714,198.8,9.0,南西南,0.0,0.0,0.0
1782730979.725,198.8,9.0,南西南,0.0,0.0,0.0
1782730984.734,198.8,9.0,南西南,0.0,0.0,0.0
1782730989.748,198.8,9.0,南西南,0.0,0.0,0.0
1782730994.756,198.8,9.0,南西南,0.0,0.0,0.0
1782730999.765,198.8,9.0,南西南,0.0,0.0,0.0
1782731004.777,198.8,9.0,南西南,0.0,0.0,0.0
1782731009.79,198.8,9.0,南西南,0.0,0.0,0.0
1782731014.804,198.8,9.0,南西南,0.0,0.0,0.0
1782731019.815,198.8,9.0,南西南,0.0,0.0,0.0
1782731024.827,198.8,9.0,南西南,0.0,0.0,0.0
1782731029.836,198.8,9.0,南西南,0.0,0.0,0.0
1782731034.85,198.8,9.0,南西南,0.0,0.0,0.0
1782731039.863,198.8,9.0,南西南,0.0,0.0,0.0
1782731044.869,198.8,9.0,南西南,0.0,0.0,0.0
1782731049.882,198.8,9.0,南西南,0.0,0.0,0.0
1782731054.896,198.8,9.0,南西南,0.0,0.0,0.0
1782731059.899,198.8,9.0,南西南,0.0,0.0,0.0
1782731064.913,198.8,9.0,南西南,0.0,0.0,0.0
1782731069.923,198.8,9.0,南西南,0.0,0.0,0.0
1782731074.936,198.8,9.0,南西南,0.0,0.0,0.0
1782731079.948,198.8,9.0,南西南,0.0,0.0,0.0
1782731084.96,198.8,9.0,南西南,0.0,0.0,0.0
1782731089.974,198.8,9.0,南西南,0.0,0.0,0.0
1782731094.986,198.8,9.0,南西南,0.0,0.0,0.0
1782731099.995,198.8,9.0,南西南,0.0,0.0,0.0
1782731105.005,198.8,9.0,南西南,0.0,0.0,0.0
1782731110.02,198.8,9.0,南西南,0.0,0.0,0.0
1782731115.029,198.8,9.0,南西南,0.0,0.0,0.0
1782731120.043,198.8,9.0,南西南,0.0,0.0,0.0
1782731125.054,198.8,9.0,南西南,0.0,0.0,0.0
1782731130.062,198.8,9.0,南西南,0.0,0.0,0.0
1782731135.076,198.8,9.0,南西南,0.0,0.0,0.0
1782731140.09,198.8,9.0,南西南,0.0,0.0,0.0
1782731145.097,198.8,9.0,南西南,0.0,0.0,0.0
1782731150.111,198.8,9.0,南西南,0.0,0.0,0.0
1782731155.127,198.8,9.0,南西南,0.0,0.0,0.0
1782731160.136,198.8,9.0,南西南,0.0,0.0,0.0
1782731165.148,198.8,9.0,南西南,0.0,0.0,0.0
1782731170.159,198.8,9.0,南西南,0.0,0.0,0.0
1782731175.168,198.8,9.0,南西南,0.0,0.0,0.0
1782731180.177,198.8,9.0,南西南,0.0,0.0,0.0
1782731185.186,198.8,9.0,南西南,0.0,0.0,0.0
1782731190.199,198.8,9.0,南西南,0.0,0.0,0.0
1782731195.213,198.8,9.0,南西南,0.0,0.0,0.0
1782731200.22,198.8,9.0,南西南,0.0,0.0,0.0
1782731205.231,198.8,9.0,南西南,0.0,0.0,0.0
1782731210.246,198.8,9.0,南西南,0.0,0.0,0.0
1782731215.253,198.8,9.0,南西南,0.0,0.0,0.0
1782731220.265,198.8,9.0,南西南,0.0,0.0,0.0
1782731225.281,198.8,9.0,南西南,0.0,0.0,0.0
1782731230.291,198.8,9.0,南西南,0.0,0.0,0.0
1782731235.303,198.8,9.0,南西南,0.0,0.0,0.0
1782731240.313,198.8,9.0,南西南,0.0,0.0,0.0
1782731245.316,198.8,9.0,南西南,0.0,0.0,0.0
1782731250.327,198.8,9.0,南西南,0.0,0.0,0.0
1782731255.341,198.8,9.0,南西南,0.0,0.0,0.0
1782731260.348,198.8,9.0,南西南,0.0,0.0,0.0
1782731265.358,198.8,9.0,南西南,0.0,0.0,0.0
1782731270.364,198.8,9.0,南西南,0.0,0.0,0.0
1782731275.38,198.8,9.0,南西南,0.0,0.0,0.0
1782731280.389,198.8,9.0,南西南,0.0,0.0,0.0
1782731285.394,198.8,9.0,南西南,0.0,0.0,0.0
1782731290.406,198.8,9.0,南西南,0.0,0.0,0.0
1782731295.42,198.8,9.0,南西南,0.0,0.0,0.0
1782731300.43,198.8,9.0,南西南,0.0,0.0,0.0
1782731305.441,198.8,9.0,南西南,0.0,0.0,0.0
1782731310.456,198.8,9.0,南西南,0.0,0.0,0.0
1782731315.463,198.8,9.0,南西南,0.0,0.0,0.0
1782731320.474,198.8,9.0,南西南,0.0,0.0,0.0
1782731325.489,198.8,9.0,南西南,0.0,0.0,0.0
1782731330.498,198.8,9.0,南西南,0.0,0.0,0.0
1782731335.509,198.8,9.0,南西南,0.0,0.0,0.0
1782731340.523,198.8,9.0,南西南,0.0,0.0,0.0
1782731345.53,198.8,9.0,南西南,0.0,0.0,0.0
1782731350.544,198.8,9.0,南西南,0.0,0.0,0.0
1782731355.548,198.8,9.0,南西南,0.0,0.0,0.0
1782731360.556,198.8,9.0,南西南,0.0,0.0,0.0
1782731365.571,198.8,9.0,南西南,0.0,0.0,0.0
1782731370.576,198.8,9.0,南西南,0.0,0.0,0.0
1782731375.592,198.8,9.0,南西南,0.0,0.0,0.0
1782731380.6,198.8,9.0,南西南,0.0,0.0,0.0
1782731385.603,198.8,9.0,南西南,0.0,0.0,0.0
1782731390.617,198.8,9.0,南西南,0.0,0.0,0.0
1782731395.633,198.8,9.0,南西南,0.0,0.0,0.0
1782731400.638,198.8,9.0,南西南,0.0,0.0,0.0
1782731405.648,198.8,9.0,南西南,0.0,0.0,0.0
1782731410.665,198.8,9.0,南西南,0.0,0.0,0.0
1782731415.674,198.8,9.0,南西南,0.0,0.0,0.0
1782731420.686,198.8,9.0,南西南,0.0,0.0,0.0
1782731425.7,198.8,9.0,南西南,0.0,0.0,0.0
1782731430.708,198.8,9.0,南西南,0.0,0.0,0.0
1782731435.723,198.8,9.0,南西南,0.0,0.0,0.0
1782731440.731,198.8,9.0,南西南,0.0,0.0,0.0
1782731445.742,198.8,9.0,南西南,0.0,0.0,0.0
1782731450.753,198.8,9.0,南西南,0.0,0.0,0.0
1782731455.758,198.8,9.0,南西南,0.0,0.0,0.0
1782731460.771,198.8,9.0,南西南,0.0,0.0,0.0
1782731465.78,198.8,9.0,南西南,0.0,0.0,0.0
1782731470.784,198.8,9.0,南西南,0.0,0.0,0.0
1782731475.795,198.8,9.0,南西南,0.0,0.0,0.0
1782731480.803,198.8,9.0,南西南,0.0,0.0,0.0
1782731485.812,198.8,9.0,南西南,0.0,0.0,0.0
1782731490.82,198.8,9.0,南西南,0.0,0.0,0.0
1782731495.831,198.8,9.0,南西南,0.0,0.0,0.0
1782731500.835,198.8,9.0,南西南,0.0,0.0,0.0
1782731505.841,198.8,9.0,南西南,0.0,0.0,0.0
1782731510.852,198.8,9.0,南西南,0.0,0.0,0.0
1782731515.86,198.8,9.0,南西南,0.0,0.0,0.0
1782731520.87,198.8,9.0,南西南,0.0,0.0,0.0
1782731525.878,198.8,9.0,南西南,0.0,0.0,0.0
1782731530.887,198.8,9.0,南西南,0.0,0.0,0.0
1782731535.9,198.8,9.0,南西南,0.0,0.0,0.0
1782731540.904,198.8,9.0,南西南,0.0,0.0,0.0
1782731545.916,198.8,9.0,南西南,0.0,0.0,0.0
1782731550.93,198.8,9.0,南西南,0.0,0.0,0.0
1782731555.937,198.8,9.0,南西南,0.0,0.0,0.0
1782731560.946,198.8,9.0,南西南,0.0,0.0,0.0
1782731565.959,198.8,9.0,南西南,0.0,0.0,0.0
1782731570.965,198.8,9.0,南西南,0.0,0.0,0.0
1782731575.974,198.8,9.0,南西南,0.0,0.0,0.0
1782731580.983,198.8,9.0,南西南,0.0,0.0,0.0
1782731585.992,198.8,9.0,南西南,0.0,0.0,0.0
1782731591.002,198.8,9.0,南西南,0.0,0.0,0.0
1782731596.008,198.8,9.0,南西南,0.0,0.0,0.0
1782731601.014,198.8,9.0,南西南,0.0,0.0,0.0
1782731606.027,198.8,9.0,南西南,0.0,0.0,0.0
1782731611.032,198.8,9.0,南西南,0.0,0.0,0.0
1782731616.04,198.8,9.0,南西南,0.0,0.0,0.0
1782731621.052,198.8,9.0,南西南,0.0,0.0,0.0
1782731626.062,198.8,9.0,南西南,0.0,0.0,0.0
1782731631.071,198.8,9.0,南西南,0.0,0.0,0.0
1782731636.081,198.8,9.0,南西南,0.0,0.0,0.0
1782731641.086,198.8,9.0,南西南,0.0,0.0,0.0
1782731646.097,198.8,9.0,南西南,0.0,0.0,0.0
1782731651.108,198.8,9.0,南西南,0.0,0.0,0.0
1782731656.114,198.8,9.0,南西南,0.0,0.0,0.0
1782731661.123,198.8,9.0,南西南,0.0,0.0,0.0
1782731666.132,198.8,9.0,南西南,0.0,0.0,0.0
1782731671.133,198.8,9.0,南西南,0.0,0.0,0.0
1782731676.144,198.8,9.0,南西南,0.0,0.0,0.0
1782731681.148,198.8,9.0,南西南,0.0,0.0,0.0
1782731686.159,198.8,9.0,南西南,0.0,0.0,0.0
1782731691.169,198.8,9.0,南西南,0.0,0.0,0.0
1782731696.174,198.8,9.0,南西南,0.0,0.0,0.0
1782731701.184,198.8,9.0,南西南,0.0,0.0,0.0
1782731706.196,198.8,9.0,南西南,0.0,0.0,0.0
1782731711.202,198.8,9.0,南西南,0.0,0.0,0.0
1782731716.211,198.8,9.0,南西南,0.0,0.0,0.0
1782731721.223,198.8,9.0,南西南,0.0,0.0,0.0
1782731726.232,198.8,9.0,南西南,0.0,0.0,0.0
1782731731.242,198.8,9.0,南西南,0.0,0.0,0.0
1782731736.252,198.8,9.0,南西南,0.0,0.0,0.0
1782731741.258,198.8,9.0,南西南,0.0,0.0,0.0
1782731746.271,198.8,9.0,南西南,0.0,0.0,0.0
1782731751.281,198.8,9.0,南西南,0.0,0.0,0.0
1782731756.284,198.8,9.0,南西南,0.0,0.0,0.0
1782731761.294,198.8,9.0,南西南,0.0,0.0,0.0
1782731766.303,198.8,9.0,南西南,0.0,0.0,0.0
1782731771.309,198.8,9.0,南西南,0.0,0.0,0.0
1782731776.319,198.8,9.0,南西南,0.0,0.0,0.0
1782731781.324,198.8,9.0,南西南,0.0,0.0,0.0
1782731786.335,198.8,9.0,南西南,0.0,0.0,0.0
1782731791.345,198.8,9.0,南西南,0.0,0.0,0.0
1782731796.349,198.8,9.0,南西南,0.0,0.0,0.0
1782731801.359,198.8,9.0,南西南,0.0,0.0,0.0
1782731806.367,198.8,9.0,南西南,0.0,0.0,0.0
1782731811.372,198.8,9.0,南西南,0.0,0.0,0.0
1782731816.384,198.8,9.0,南西南,0.0,0.0,0.0
1782731821.393,198.8,9.0,南西南,0.0,0.0,0.0
1782731826.398,198.8,9.0,南西南,0.0,0.0,0.0
1782731831.408,198.8,9.0,南西南,0.0,0.0,0.0
1782731836.412,198.8,9.0,南西南,0.0,0.0,0.0
1782731841.422,198.8,9.0,南西南,0.0,0.0,0.0
1782731846.432,198.8,9.0,南西南,0.0,0.0,0.0
1782731851.436,198.8,9.0,南西南,0.0,0.0,0.0
1782731856.444,198.8,9.0,南西南,0.0,0.0,0.0
1782731861.455,198.8,9.0,南西南,0.0,0.0,0.0
1782731866.458,198.8,9.0,南西南,0.0,0.0,0.0
1782731871.464,198.8,9.0,南西南,0.0,0.0,0.0
1782731876.476,198.8,9.0,南西南,0.0,0.0,0.0
1782731881.482,198.8,9.0,南西南,0.0,0.0,0.0
1782731886.492,198.8,9.0,南西南,0.0,0.0,0.0
1782731891.502,198.8,9.0,南西南,0.0,0.0,0.0
1782731896.505,198.8,9.0,南西南,0.0,0.0,0.0
1782731901.514,198.8,9.0,南西南,0.0,0.0,0.0
1782731906.524,198.8,9.0,南西南,0.0,0.0,0.0
1782731911.531,198.8,9.0,南西南,0.0,0.0,0.0
1782731916.541,198.8,9.0,南西南,0.0,0.0,0.0
1782731921.547,198.8,9.0,南西南,0.0,0.0,0.0
1782731926.558,198.8,9.0,南西南,0.0,0.0,0.0
1782731931.569,198.8,9.0,南西南,0.0,0.0,0.0
1782731936.576,198.8,9.0,南西南,0.0,0.0,0.0
1782731941.586,198.8,9.0,南西南,0.0,0.0,0.0
1782731946.601,198.8,9.0,南西南,0.0,0.0,0.0
1782731951.604,198.8,9.0,南西南,0.0,0.0,0.0
1782731956.618,198.8,9.0,南西南,0.0,0.0,0.0
1782731961.633,198.8,9.0,南西南,0.0,0.0,0.0
1782731966.637,198.8,9.0,南西南,0.0,0.0,0.0
1782731971.651,198.8,9.0,南西南,0.0,0.0,0.0
1782731976.662,198.8,9.0,南西南,0.0,0.0,0.0
1782731981.671,198.8,9.0,南西南,0.0,0.0,0.0
1782731986.684,198.8,9.0,南西南,0.0,0.0,0.0
1782731991.693,198.8,9.0,南西南,0.0,0.0,0.0
1782731996.699,198.8,9.0,南西南,0.0,0.0,0.0
1782732001.715,198.8,9.0,南西南,0.0,0.0,0.0
1782732006.72,198.8,9.0,南西南,0.0,0.0,0.0
1782732011.732,198.8,9.0,南西南,0.0,0.0,0.0
1782732016.746,198.8,9.0,南西南,0.0,0.0,0.0
1782732021.751,198.8,9.0,南西南,0.0,0.0,0.0
1782732026.763,198.8,9.0,南西南,0.0,0.0,0.0
1782732031.774,198.8,9.0,南西南,0.0,0.0,0.0
1782732036.78,198.8,9.0,南西南,0.0,0.0,0.0
1782732041.795,198.8,9.0,南西南,0.0,0.0,0.0
1782732046.808,198.8,9.0,南西南,0.0,0.0,0.0
1782732051.817,198.8,9.0,南西南,0.0,0.0,0.0
1782732056.833,198.8,9.0,南西南,0.0,0.0,0.0
1782732061.843,198.8,9.0,南西南,0.0,0.0,0.0
1782732066.848,198.8,9.0,南西南,0.0,0.0,0.0
1782732071.86,198.8,9.0,南西南,0.0,0.0,0.0
1782732076.869,198.8,9.0,南西南,0.0,0.0,0.0
1782732081.873,198.8,9.0,南西南,0.0,0.0,0.0
1782732086.883,198.8,9.0,南西南,0.0,0.0,0.0
1782732091.888,198.8,9.0,南西南,0.0,0.0,0.0
1782732096.898,198.8,9.0,南西南,0.0,0.0,0.0
1782732101.907,198.8,9.0,南西南,0.0,0.0,0.0
1782732106.91,198.8,9.0,南西南,0.0,0.0,0.0
1782732111.919,198.8,9.0,南西南,0.0,0.0,0.0
1782732116.931,198.8,9.0,南西南,0.0,0.0,0.0
1782732121.933,198.8,9.0,南西南,0.0,0.0,0.0
1782732126.942,198.8,9.0,南西南,0.0,0.0,0.0
1782732131.951,198.8,9.0,南西南,0.0,0.0,0.0
1782732136.954,198.8,9.0,南西南,0.0,0.0,0.0
1782732141.962,198.8,9.0,南西南,0.0,0.0,0.0
1782732146.972,198.8,9.0,南西南,0.0,0.0,0.0
1782732151.978,198.8,9.0,南西南,0.0,0.0,0.0
1782732156.989,198.8,9.0,南西南,0.0,0.0,0.0
1782732161.999,198.8,9.0,南西南,0.0,0.0,0.0
1782732167.006,198.8,9.0,南西南,0.0,0.0,0.0
1782732172.017,198.8,9.0,南西南,0.0,0.0,0.0
1782732177.025,198.8,9.0,南西南,0.0,0.0,0.0
1782732182.034,198.8,9.0,南西南,0.0,0.0,0.0
1782732187.044,198.8,9.0,南西南,0.0,0.0,0.0
1782732192.051,198.8,9.0,南西南,0.0,0.0,0.0
1782732197.063,198.8,9.0,南西南,0.0,0.0,0.0
1782732202.073,198.8,9.0,南西南,0.0,0.0,0.0
1782732207.079,198.8,9.0,南西南,0.0,0.0,0.0
1782732212.091,198.8,9.0,南西南,0.0,0.0,0.0
1782732217.101,198.8,9.0,南西南,0.0,0.0,0.0
1782732222.106,198.8,9.0,南西南,0.0,0.0,0.0
1782732227.114,198.8,9.0,南西南,0.0,0.0,0.0
1782732232.123,198.8,9.0,南西南,0.0,0.0,0.0
1782732237.127,198.8,9.0,南西南,0.0,0.0,0.0
1782732242.137,198.8,9.0,南西南,0.0,0.0,0.0
1782732247.143,198.8,9.0,南西南,0.0,0.0,0.0
1782732252.152,198.8,9.0,南西南,0.0,0.0,0.0
1782732257.164,198.8,9.0,南西南,0.0,0.0,0.0
1782732262.168,198.8,9.0,南西南,0.0,0.0,0.0
1782732267.175,198.8,9.0,南西南,0.0,0.0,0.0
1782732272.183,198.8,9.0,南西南,0.0,0.0,0.0
1782732277.191,198.8,9.0,南西南,0.0,0.0,0.0
1782732282.199,198.8,9.0,南西南,0.0,0.0,0.0
1782732287.208,198.8,9.0,南西南,0.0,0.0,0.0
1782732292.214,198.8,9.0,南西南,0.0,0.0,0.0
1782732297.223,198.8,9.0,南西南,0.0,0.0,0.0
1782732302.231,198.8,9.0,南西南,0.0,0.0,0.0
1782732307.238,198.8,9.0,南西南,0.0,0.0,0.0
1782732312.249,198.8,9.0,南西南,0.0,0.0,0.0
1782732317.259,198.8,9.0,南西南,0.0,0.0,0.0
1782732322.265,198.8,9.0,南西南,0.0,0.0,0.0
1782732327.276,198.8,9.0,南西南,0.0,0.0,0.0
1782732332.283,198.8,9.0,南西南,0.0,0.0,0.0
1782732337.29,198.8,9.0,南西南,0.0,0.0,0.0
1782732342.3,198.8,9.0,南西南,0.0,0.0,0.0
1782732347.306,198.8,9.0,南西南,0.0,0.0,0.0
1782732352.318,198.8,9.0,南西南,0.0,0.0,0.0
1782732357.329,198.8,9.0,南西南,0.0,0.0,0.0
1782732362.334,198.8,9.0,南西南,0.0,0.0,0.0
1782732367.341,198.8,9.0,南西南,0.0,0.0,0.0
1782732372.351,198.8,9.0,南西南,0.0,0.0,0.0
1782732377.358,198.8,9.0,南西南,0.0,0.0,0.0
1782732382.367,198.8,9.0,南西南,0.0,0.0,0.0
1782732387.376,198.8,9.0,南西南,0.0,0.0,0.0
1782732392.378,198.8,9.0,南西南,0.0,0.0,0.0
1782732397.386,198.8,9.0,南西南,0.0,0.0,0.0
1782732402.392,198.8,9.0,南西南,0.0,0.0,0.0
1782732407.4,198.8,9.0,南西南,0.0,0.0,0.0
1782732412.408,198.8,9.0,南西南,0.0,0.0,0.0
1782732417.411,198.8,9.0,南西南,0.0,0.0,0.0
1782732422.422,198.8,9.0,南西南,0.0,0.0,0.0
1782732427.434,198.8,9.0,南西南,0.0,0.0,0.0
1782732432.44,198.8,9.0,南西南,0.0,0.0,0.0
1782732437.45,198.8,9.0,南西南,0.0,0.0,0.0
1782732442.459,198.8,9.0,南西南,0.0,0.0,0.0
1782732447.463,198.8,9.0,南西南,0.0,0.0,0.0
1782732452.469,198.8,9.0,南西南,0.0,0.0,0.0
1782732457.475,198.8,9.0,南西南,0.0,0.0,0.0
1782732462.48,198.8,9.0,南西南,0.0,0.0,0.0
1782732467.491,198.8,9.0,南西南,0.0,0.0,0.0
1782732472.502,198.8,9.0,南西南,0.0,0.0,0.0
1782732477.51,198.8,9.0,南西南,0.0,0.0,0.0
1782732482.519,198.8,9.0,南西南,0.0,0.0,0.0
1782732487.526,198.8,9.0,南西南,0.0,0.0,0.0
1782732492.537,198.8,9.0,南西南,0.0,0.0,0.0
1782732497.548,198.8,9.0,南西南,0.0,0.0,0.0
1782732502.552,198.8,9.0,南西南,0.0,0.0,0.0
1782732507.56,198.8,9.0,南西南,0.0,0.0,0.0
1782732512.571,198.8,9.0,南西南,0.0,0.0,0.0
1782732517.577,198.8,9.0,南西南,0.0,0.0,0.0
1782732522.588,198.8,9.0,南西南,0.0,0.0,0.0
1782732527.597,198.8,9.0,南西南,0.0,0.0,0.0
1782732532.604,198.8,9.0,南西南,0.0,0.0,0.0
1782732537.611,198.8,9.0,南西南,0.0,0.0,0.0
1782732542.62,198.8,9.0,南西南,0.0,0.0,0.0
1782732547.626,198.8,9.0,南西南,0.0,0.0,0.0
1782732552.638,198.8,9.0,南西南,0.0,0.0,0.0
1782732557.644,198.8,9.0,南西南,0.0,0.0,0.0
1782732562.649,198.8,9.0,南西南,0.0,0.0,0.0
1782732567.656,198.8,9.0,南西南,0.0,0.0,0.0
1782732572.66,198.8,9.0,南西南,0.0,0.0,0.0
1782732577.668,198.8,9.0,南西南,0.0,0.0,0.0
1782732582.678,198.8,9.0,南西南,0.0,0.0,0.0
1782732587.686,198.8,9.0,南西南,0.0,0.0,0.0
1782732592.698,198.8,9.0,南西南,0.0,0.0,0.0
1782732597.707,198.8,9.0,南西南,0.0,0.0,0.0
1782732602.713,198.8,9.0,南西南,0.0,0.0,0.0
1782732607.721,198.8,9.0,南西南,0.0,0.0,0.0
1782732612.727,198.8,9.0,南西南,0.0,0.0,0.0
1782732617.733,198.8,9.0,南西南,0.0,0.0,0.0
1782732622.744,198.8,9.0,南西南,0.0,0.0,0.0
1782732627.75,198.8,9.0,南西南,0.0,0.0,0.0
1782732632.754,198.8,9.0,南西南,0.0,0.0,0.0
1782732637.764,198.8,9.0,南西南,0.0,0.0,0.0
1782732642.77,198.8,9.0,南西南,0.0,0.0,0.0
1782732647.782,198.8,9.0,南西南,0.0,0.0,0.0
1782732652.797,198.8,9.0,南西南,0.0,0.0,0.0
1782732657.805,198.8,9.0,南西南,0.0,0.0,0.0
1782732662.818,198.8,9.0,南西南,0.0,0.0,0.0
1782732667.83,198.8,9.0,南西南,0.0,0.0,0.0
1782732672.839,198.8,9.0,南西南,0.0,0.0,0.0
1782732677.851,198.8,9.0,南西南,0.0,0.0,0.0
1782732682.861,198.8,9.0,南西南,0.0,0.0,0.0
1782732687.867,198.8,9.0,南西南,0.0,0.0,0.0
1782732692.879,198.8,9.0,南西南,0.0,0.0,0.0
1782732697.889,198.8,9.0,南西南,0.0,0.0,0.0
1782732702.894,198.8,9.0,南西南,0.0,0.0,0.0
1782732707.904,198.8,9.0,南西南,0.0,0.0,0.0
1782732712.915,198.8,9.0,南西南,0.0,0.0,0.0
1782732717.921,198.8,9.0,南西南,0.0,0.0,0.0
1782732722.936,198.8,9.0,南西南,0.0,0.0,0.0
1782732727.942,198.8,9.0,南西南,0.0,0.0,0.0
1782732732.955,198.8,9.0,南西南,0.0,0.0,0.0
1782732737.968,198.8,9.0,南西南,0.0,0.0,0.0
1782732742.974,198.8,9.0,南西南,0.0,0.0,0.0
1782732747.989,198.8,9.0,南西南,0.0,0.0,0.0
1782732753.003,198.8,9.0,南西南,0.0,0.0,0.0
1782732758.009,198.8,9.0,南西南,0.0,0.0,0.0
1782732763.02,198.8,9.0,南西南,0.0,0.0,0.0
1782732768.032,198.8,9.0,南西南,0.0,0.0,0.0
1782732773.039,198.8,9.0,南西南,0.0,0.0,0.0
1782732778.054,198.8,9.0,南西南,0.0,0.0,0.0
1782732783.066,198.8,9.0,南西南,0.0,0.0,0.0
1782732788.07,198.8,9.0,南西南,0.0,0.0,0.0
1782732793.086,198.8,9.0,南西南,0.0,0.0,0.0
1782732798.098,198.8,9.0,南西南,0.0,0.0,0.0
1782732803.108,198.8,9.0,南西南,0.0,0.0,0.0
1782732808.122,198.8,9.0,南西南,0.0,0.0,0.0
1782732813.127,198.8,9.0,南西南,0.0,0.0,0.0
1782732818.14,198.8,9.0,南西南,0.0,0.0,0.0
1782732823.157,198.8,9.0,南西南,0.0,0.0,0.0
1782732828.165,198.8,9.0,南西南,0.0,0.0,0.0
1782732833.182,198.8,9.0,南西南,0.0,0.0,0.0
1782732838.194,198.8,9.0,南西南,0.0,0.0,0.0
1782732843.2,198.8,9.0,南西南,0.0,0.0,0.0
1782732848.218,198.8,9.0,南西南,0.0,0.0,0.0
1782732853.23,198.8,9.0,南西南,0.0,0.0,0.0
1782732858.236,198.8,9.0,南西南,0.0,0.0,0.0
1782732863.25,198.8,9.0,南西南,0.0,0.0,0.0
1782732868.26,198.8,9.0,南西南,0.0,0.0,0.0
1782732873.27,198.8,9.0,南西南,0.0,0.0,0.0
1782732878.28,198.8,9.0,南西南,0.0,0.0,0.0
1782732883.291,198.8,9.0,南西南,0.0,0.0,0.0
1782732888.3,198.8,9.0,南西南,0.0,0.0,0.0
1782732893.314,198.8,9.0,南西南,0.0,0.0,0.0
1782732898.323,198.8,9.0,南西南,0.0,0.0,0.0
1782732903.33,198.8,9.0,南西南,0.0,0.0,0.0
1782732908.341,198.8,9.0,南西南,0.0,0.0,0.0
1782732913.347,198.8,9.0,南西南,0.0,0.0,0.0
1782732918.356,198.8,9.0,南西南,0.0,0.0,0.0
1782732923.366,198.8,9.0,南西南,0.0,0.0,0.0
1782732928.374,198.8,9.0,南西南,0.0,0.0,0.0
1782732933.384,198.8,9.0,南西南,0.0,0.0,0.0
1782732938.394,198.8,9.0,南西南,0.0,0.0,0.0
1782732943.402,198.8,9.0,南西南,0.0,0.0,0.0
1782732948.409,198.8,9.0,南西南,0.0,0.0,0.0
1782732953.418,198.8,9.0,南西南,0.0,0.0,0.0
1782732958.424,198.8,9.0,南西南,0.0,0.0,0.0
1782732963.436,198.8,9.0,南西南,0.0,0.0,0.0
1782732968.446,198.8,9.0,南西南,0.0,0.0,0.0
1782732973.45,198.8,9.0,南西南,0.0,0.0,0.0
1782732978.466,198.8,9.0,南西南,0.0,0.0,0.0
1782732983.473,198.8,9.0,南西南,0.0,0.0,0.0
1782732988.49,198.8,9.0,南西南,0.0,0.0,0.0
1782732993.502,198.8,9.0,南西南,0.0,0.0,0.0
1782732998.507,198.8,9.0,南西南,0.0,0.0,0.0
1782733003.521,198.8,9.0,南西南,0.0,0.0,0.0
1782733008.534,198.8,9.0,南西南,0.0,0.0,0.0
1782733013.541,198.8,9.0,南西南,0.0,0.0,0.0
1782733018.559,198.8,9.0,南西南,0.0,0.0,0.0
1782733023.568,198.8,9.0,南西南,0.0,0.0,0.0
1782733028.578,198.8,9.0,南西南,0.0,0.0,0.0
1782733033.593,198.8,9.0,南西南,0.0,0.0,0.0
1782733038.604,198.8,9.0,南西南,0.0,0.0,0.0
1782733043.607,198.8,9.0,南西南,0.0,0.0,0.0
1782733048.623,198.8,9.0,南西南,0.0,0.0,0.0
1782733053.637,198.8,9.0,南西南,0.0,0.0,0.0
1782733058.648,198.8,9.0,南西南,0.0,0.0,0.0
1782733063.66,198.8,9.0,南西南,0.0,0.0,0.0
1782733068.673,198.8,9.0,南西南,0.0,0.0,0.0
1782733073.683,198.8,9.0,南西南,0.0,0.0,0.0
1782733078.695,198.8,9.0,南西南,0.0,0.0,0.0
1782733083.702,198.8,9.0,南西南,0.0,0.0,0.0
1782733088.719,198.8,9.0,南西南,0.0,0.0,0.0
1782733093.731,198.8,9.0,南西南,0.0,0.0,0.0
1782733098.738,198.8,9.0,南西南,0.0,0.0,0.0
1782733103.753,198.8,9.0,南西南,0.0,0.0,0.0
1782733108.767,198.8,9.0,南西南,0.0,0.0,0.0
1782733113.773,198.8,9.0,南西南,0.0,0.0,0.0
1782733118.788,198.8,9.0,南西南,0.0,0.0,0.0
1782733123.797,198.8,9.0,南西南,0.0,0.0,0.0
1782733128.806,198.8,9.0,南西南,0.0,0.0,0.0
1782733133.822,198.8,9.0,南西南,0.0,0.0,0.0
1782733138.833,198.8,9.0,南西南,0.0,0.0,0.0
1782733143.843,198.8,9.0,南西南,0.0,0.0,0.0
1782733148.855,198.8,9.0,南西南,0.0,0.0,0.0
1782733153.868,198.8,9.0,南西南,0.0,0.0,0.0
1782733158.876,198.8,9.0,南西南,0.0,0.0,0.0
1782733163.887,198.8,9.0,南西南,0.0,0.0,0.0
1782733168.897,198.8,9.0,南西南,0.0,0.0,0.0
1782733173.906,198.8,9.0,南西南,0.0,0.0,0.0
1782733178.918,198.8,9.0,南西南,0.0,0.0,0.0
1782733183.926,198.8,9.0,南西南,0.0,0.0,0.0
1782733188.941,198.8,9.0,南西南,0.0,0.0,0.0
1782733193.953,198.8,9.0,南西南,0.0,0.0,0.0
1782733198.959,198.8,9.0,南西南,0.0,0.0,0.0
1782733203.973,198.8,9.0,南西南,0.0,0.0,0.0
1782733208.98,198.8,9.0,南西南,0.0,0.0,0.0
1782733213.986,198.8,9.0,南西南,0.0,0.0,0.0
1782733218.992,198.8,9.0,南西南,0.0,0.0,0.0
1782733224.004,198.8,9.0,南西南,0.0,0.0,0.0
1782733229.008,198.8,9.0,南西南,0.0,0.0,0.0
1782733234.015,198.8,9.0,南西南,0.0,0.0,0.0
1782733239.021,198.8,9.0,南西南,0.0,0.0,0.0
1782733244.026,198.8,9.0,南西南,0.0,0.0,0.0
1782733249.036,198.8,9.0,南西南,0.0,0.0,0.0
1782733254.04,198.8,9.0,南西南,0.0,0.0,0.0
1782733259.049,198.8,9.0,南西南,0.0,0.0,0.0
1782733264.055,198.8,9.0,南西南,0.0,0.0,0.0
1782733269.063,198.8,9.0,南西南,0.0,0.0,0.0
1782733274.073,198.8,9.0,南西南,0.0,0.0,0.0
1782733279.079,198.8,9.0,南西南,0.0,0.0,0.0
1782733284.082,198.8,9.0,南西南,0.0,0.0,0.0
1782733289.091,198.8,9.0,南西南,0.0,0.0,0.0
1782733294.099,198.8,9.0,南西南,0.0,0.0,0.0
1782733299.106,198.8,9.0,南西南,0.0,0.0,0.0
1782733304.115,198.8,9.0,南西南,0.0,0.0,0.0
1782733309.125,198.8,9.0,南西南,0.0,0.0,0.0
1782733314.13,198.8,9.0,南西南,0.0,0.0,0.0
1782733319.138,198.8,9.0,南西南,0.0,0.0,0.0
1782733324.149,198.8,9.0,南西南,0.0,0.0,0.0
1782733329.156,198.8,9.0,南西南,0.0,0.0,0.0
1782733334.166,198.8,9.0,南西南,0.0,0.0,0.0
1782733339.173,198.8,9.0,南西南,0.0,0.0,0.0
1782733344.184,198.8,9.0,南西南,0.0,0.0,0.0
1782733349.191,198.8,9.0,南西南,0.0,0.0,0.0
1782733354.197,198.8,9.0,南西南,0.0,0.0,0.0
1782733359.207,198.8,9.0,南西南,0.0,0.0,0.0
1782733364.215,198.8,9.0,南西南,0.0,0.0,0.0
1782733369.222,198.8,9.0,南西南,0.0,0.0,0.0
1782733374.232,198.8,9.0,南西南,0.0,0.0,0.0
1782733379.242,198.8,9.0,南西南,0.0,0.0,0.0
1782733384.251,198.8,9.0,南西南,0.0,0.0,0.0
1782733389.261,198.8,9.0,南西南,0.0,0.0,0.0
1782733394.267,198.8,9.0,南西南,0.0,0.0,0.0
1782733399.275,198.8,9.0,南西南,0.0,0.0,0.0
1782733404.284,198.8,9.0,南西南,0.0,0.0,0.0
1782733409.292,198.8,9.0,南西南,0.0,0.0,0.0
1782733414.301,198.8,9.0,南西南,0.0,0.0,0.0
1782733419.307,198.8,9.0,南西南,0.0,0.0,0.0
1782733424.312,198.8,9.0,南西南,0.0,0.0,0.0
1782733429.324,198.8,9.0,南西南,0.0,0.0,0.0
1782733434.338,198.8,9.0,南西南,0.0,0.0,0.0
1782733439.343,198.8,9.0,南西南,0.0,0.0,0.0
1782733444.359,198.8,9.0,南西南,0.0,0.0,0.0
1782733449.368,198.8,9.0,南西南,0.0,0.0,0.0
1782733454.373,198.8,9.0,南西南,0.0,0.0,0.0
1782733459.385,198.8,9.0,南西南,0.0,0.0,0.0
1782733464.398,198.8,9.0,南西南,0.0,0.0,0.0
1782733469.407,198.8,9.0,南西南,0.0,0.0,0.0
1782733474.418,198.8,9.0,南西南,0.0,0.0,0.0
1782733479.432,198.8,9.0,南西南,0.0,0.0,0.0
1782733484.443,198.8,9.0,南西南,0.0,0.0,0.0
1782733489.455,198.8,9.0,南西南,0.0,0.0,0.0
1782733494.461,198.8,9.0,南西南,0.0,0.0,0.0
1782733499.479,198.8,9.0,南西南,0.0,0.0,0.0
1782733504.489,198.8,9.0,南西南,0.0,0.0,0.0
1782733509.492,198.8,9.0,南西南,0.0,0.0,0.0
1782733514.508,198.8,9.0,南西南,0.0,0.0,0.0
1782733519.521,198.8,9.0,南西南,0.0,0.0,0.0
1782733524.531,198.8,9.0,南西南,0.0,0.0,0.0
1782733529.54,198.8,9.0,南西南,0.0,0.0,0.0
1782733534.55,198.8,9.0,南西南,0.0,0.0,0.0
1782733539.56,198.8,9.0,南西南,0.0,0.0,0.0
1782733544.572,198.8,9.0,南西南,0.0,0.0,0.0
1782733549.58,198.8,9.0,南西南,0.0,0.0,0.0
1782733554.591,198.8,9.0,南西南,0.0,0.0,0.0
1782733559.601,198.8,9.0,南西南,0.0,0.0,0.0
1782733564.613,198.8,9.0,南西南,0.0,0.0,0.0
1782733569.622,198.8,9.0,南西南,0.0,0.0,0.0
1782733574.631,198.8,9.0,南西南,0.0,0.0,0.0
1782733579.638,198.8,9.0,南西南,0.0,0.0,0.0
1782733584.654,198.8,9.0,南西南,0.0,0.0,0.0
1782733589.665,198.8,9.0,南西南,0.0,0.0,0.0
1782733594.672,198.8,9.0,南西南,0.0,0.0,0.0
1782733599.685,198.8,9.0,南西南,0.0,0.0,0.0
1782733604.693,198.8,9.0,南西南,0.0,0.0,0.0
1782733609.698,198.8,9.0,南西南,0.0,0.0,0.0
1782733614.708,198.8,9.0,南西南,0.0,0.0,0.0
1782733619.72,198.8,9.0,南西南,0.0,0.0,0.0
1782733624.732,198.8,9.0,南西南,0.0,0.0,0.0
1782733629.744,198.8,9.0,南西南,0.0,0.0,0.0
1782733634.753,198.8,9.0,南西南,0.0,0.0,0.0
1782733639.76,198.8,9.0,南西南,0.0,0.0,0.0
1782733644.769,198.8,9.0,南西南,0.0,0.0,0.0
1782733649.781,198.8,9.0,南西南,0.0,0.0,0.0
1782733654.788,198.8,9.0,南西南,0.0,0.0,0.0
1782733659.801,198.8,9.0,南西南,0.0,0.0,0.0
1782733664.808,198.8,9.0,南西南,0.0,0.0,0.0
1782733669.824,198.8,9.0,南西南,0.0,0.0,0.0
1782733674.835,198.8,9.0,南西南,0.0,0.0,0.0
1782733679.845,198.8,9.0,南西南,0.0,0.0,0.0
1782733684.858,198.8,9.0,南西南,0.0,0.0,0.0
1782733689.87,198.8,9.0,南西南,0.0,0.0,0.0
1782733694.879,198.8,9.0,南西南,0.0,0.0,0.0
1782733699.889,198.8,9.0,南西南,0.0,0.0,0.0
1782733704.898,198.8,9.0,南西南,0.0,0.0,0.0
1782733709.903,198.8,9.0,南西南,0.0,0.0,0.0
1782733714.914,198.8,9.0,南西南,0.0,0.0,0.0
1782733719.929,198.8,9.0,南西南,0.0,0.0,0.0
1782733724.934,198.8,9.0,南西南,0.0,0.0,0.0
1782733729.943,198.8,9.0,南西南,0.0,0.0,0.0
1782733734.953,198.8,9.0,南西南,0.0,0.0,0.0
1782733739.961,198.8,9.0,南西南,0.0,0.0,0.0
1782733744.971,198.8,9.0,南西南,0.0,0.0,0.0
1782733749.978,198.8,9.0,南西南,0.0,0.0,0.0
1782733754.987,198.8,9.0,南西南,0.0,0.0,0.0
1782733759.996,198.8,9.0,南西南,0.0,0.0,0.0
1782733765.0,198.8,9.0,南西南,0.0,0.0,0.0
1782733770.01,198.8,9.0,南西南,0.0,0.0,0.0
1782733775.015,198.8,9.0,南西南,0.0,0.0,0.0
1782733780.023,198.8,9.0,南西南,0.0,0.0,0.0
1782733785.03,198.8,9.0,南西南,0.0,0.0,0.0
1782733790.037,198.8,9.0,南西南,0.0,0.0,0.0
1782733795.046,198.8,9.0,南西南,0.0,0.0,0.0
1782733800.054,198.8,9.0,南西南,0.0,0.0,0.0
1782733805.063,198.8,9.0,南西南,0.0,0.0,0.0
1782733810.071,198.8,9.0,南西南,0.0,0.0,0.0
1782733815.081,198.8,9.0,南西南,0.0,0.0,0.0
1782733820.091,198.8,9.0,南西南,0.0,0.0,0.0
1782733825.098,198.8,9.0,南西南,0.0,0.0,0.0
1782733830.104,198.8,9.0,南西南,0.0,0.0,0.0
1782733835.113,198.8,9.0,南西南,0.0,0.0,0.0
1782733840.123,198.8,9.0,南西南,0.0,0.0,0.0
1782733845.132,198.8,9.0,南西南,0.0,0.0,0.0
1782733850.138,198.8,9.0,南西南,0.0,0.0,0.0
1782733855.144,198.8,9.0,南西南,0.0,0.0,0.0
1782733860.151,198.8,9.0,南西南,0.0,0.0,0.0
1782733865.156,198.8,9.0,南西南,0.0,0.0,0.0
1782733870.165,198.8,9.0,南西南,0.0,0.0,0.0
1782733875.176,198.8,9.0,南西南,0.0,0.0,0.0
1782733880.183,198.8,9.0,南西南,0.0,0.0,0.0
1782733885.194,198.8,9.0,南西南,0.0,0.0,0.0
1782733890.203,198.8,9.0,南西南,0.0,0.0,0.0
1782733895.212,198.8,9.0,南西南,0.0,0.0,0.0
1782733900.221,198.8,9.0,南西南,0.0,0.0,0.0
1782733905.228,198.8,9.0,南西南,0.0,0.0,0.0
1782733910.239,198.8,9.0,南西南,0.0,0.0,0.0
1782733915.249,198.8,9.0,南西南,0.0,0.0,0.0
1782733920.257,198.8,9.0,南西南,0.0,0.0,0.0
1782733925.266,198.8,9.0,南西南,0.0,0.0,0.0
1782733930.276,198.8,9.0,南西南,0.0,0.0,0.0
1782733935.282,198.8,9.0,南西南,0.0,0.0,0.0
1782733940.286,198.8,9.0,南西南,0.0,0.0,0.0
1782733945.297,198.8,9.0,南西南,0.0,0.0,0.0
1782733950.302,198.8,9.0,南西南,0.0,0.0,0.0
1782733955.313,198.8,9.0,南西南,0.0,0.0,0.0
1782733960.322,198.8,9.0,南西南,0.0,0.0,0.0
1782733965.33,198.8,9.0,南西南,0.0,0.0,0.0
1782733970.338,198.8,9.0,南西南,0.0,0.0,0.0
1782733975.349,198.8,9.0,南西南,0.0,0.0,0.0
1782733980.355,198.8,9.0,南西南,0.0,0.0,0.0
1782733985.365,198.8,9.0,南西南,0.0,0.0,0.0
1782733990.375,198.8,9.0,南西南,0.0,0.0,0.0
1782733995.387,198.8,9.0,南西南,0.0,0.0,0.0
1782734000.4,198.8,9.0,南西南,0.0,0.0,0.0
1782734005.41,198.8,9.0,南西南,0.0,0.0,0.0
1782734010.422,198.8,9.0,南西南,0.0,0.0,0.0
1782734015.436,198.8,9.0,南西南,0.0,0.0,0.0
1782734020.443,198.8,9.0,南西南,0.0,0.0,0.0
1782734025.456,198.8,9.0,南西南,0.0,0.0,0.0
1782734030.466,198.8,9.0,南西南,0.0,0.0,0.0
1782734035.478,198.8,9.0,南西南,0.0,0.0,0.0
1782734040.49,198.8,9.0,南西南,0.0,0.0,0.0
1782734045.5,198.8,9.0,南西南,0.0,0.0,0.0
1782734050.511,198.8,9.0,南西南,0.0,0.0,0.0
1782734055.524,198.8,9.0,南西南,0.0,0.0,0.0
1782734060.537,198.8,9.0,南西南,0.0,0.0,0.0
1782734065.544,198.8,9.0,南西南,0.0,0.0,0.0
1782734070.558,198.8,9.0,南西南,0.0,0.0,0.0
1782734075.568,198.8,9.0,南西南,0.0,0.0,0.0
1782734080.58,198.8,9.0,南西南,0.0,0.0,0.0
1782734085.595,198.8,9.0,南西南,0.0,0.0,0.0
1782734090.604,198.8,9.0,南西南,0.0,0.0,0.0
1782734095.619,198.8,9.0,南西南,0.0,0.0,0.0
1782734100.627,198.8,9.0,南西南,0.0,0.0,0.0
1782734105.636,198.8,9.0,南西南,0.0,0.0,0.0
1782734110.648,198.8,9.0,南西南,0.0,0.0,0.0
1782734115.661,198.8,9.0,南西南,0.0,0.0,0.0
1782734120.671,198.8,9.0,南西南,0.0,0.0,0.0
1782734125.686,198.8,9.0,南西南,0.0,0.0,0.0
1782734130.699,198.8,9.0,南西南,0.0,0.0,0.0
1782734135.707,198.8,9.0,南西南,0.0,0.0,0.0
1782734140.719,198.8,9.0,南西南,0.0,0.0,0.0
1782734145.728,198.8,9.0,南西南,0.0,0.0,0.0
1782734150.732,198.8,9.0,南西南,0.0,0.0,0.0
1782734155.743,198.8,9.0,南西南,0.0,0.0,0.0
1782734160.753,198.8,9.0,南西南,0.0,0.0,0.0
1782734165.766,198.8,9.0,南西南,0.0,0.0,0.0
1782734170.779,198.8,9.0,南西南,0.0,0.0,0.0
1782734175.787,198.8,9.0,南西南,0.0,0.0,0.0
1782734180.796,198.8,9.0,南西南,0.0,0.0,0.0
1782734185.811,198.8,9.0,南西南,0.0,0.0,0.0
1782734190.82,198.8,9.0,南西南,0.0,0.0,0.0
1782734195.835,198.8,9.0,南西南,0.0,0.0,0.0
1782734200.848,198.8,9.0,南西南,0.0,0.0,0.0
1782734205.854,198.8,9.0,南西南,0.0,0.0,0.0
1782734210.869,198.8,9.0,南西南,0.0,0.0,0.0
1782734215.883,198.8,9.0,南西南,0.0,0.0,0.0
1782734220.887,198.8,9.0,南西南,0.0,0.0,0.0
1782734225.898,198.8,9.0,南西南,0.0,0.0,0.0
1782734230.916,198.8,9.0,南西南,0.0,0.0,0.0
1782734235.926,198.8,9.0,南西南,0.0,0.0,0.0
1782734240.938,198.8,9.0,南西南,0.0,0.0,0.0
1782734245.951,198.8,9.0,南西南,0.0,0.0,0.0
1782734250.96,198.8,9.0,南西南,0.0,0.0,0.0
1782734255.971,198.8,9.0,南西南,0.0,0.0,0.0
1782734260.981,198.8,9.0,南西南,0.0,0.0,0.0
1782734265.994,198.8,9.0,南西南,0.0,0.0,0.0
1782734271.007,198.8,9.0,南西南,0.0,0.0,0.0
1782734276.013,198.8,9.0,南西南,0.0,0.0,0.0
1782734281.024,198.8,9.0,南西南,0.0,0.0,0.0
1782734286.038,198.8,9.0,南西南,0.0,0.0,0.0
1782734291.048,198.8,9.0,南西南,0.0,0.0,0.0
1782734296.056,198.8,9.0,南西南,0.0,0.0,0.0
1782734301.072,198.8,9.0,南西南,0.0,0.0,0.0
1782734306.079,198.8,9.0,南西南,0.0,0.0,0.0
1782734311.088,198.8,9.0,南西南,0.0,0.0,0.0
1782734316.103,198.8,9.0,南西南,0.0,0.0,0.0
1782734321.106,198.8,9.0,南西南,0.0,0.0,0.0
1782734326.118,198.8,9.0,南西南,0.0,0.0,0.0
1782734331.134,198.8,9.0,南西南,0.0,0.0,0.0
1782734336.144,198.8,9.0,南西南,0.0,0.0,0.0
1782734341.158,198.8,9.0,南西南,0.0,0.0,0.0
1782734346.165,198.8,9.0,南西南,0.0,0.0,0.0
1782734351.178,198.8,9.0,南西南,0.0,0.0,0.0
1782734356.19,198.8,9.0,南西南,0.0,0.0,0.0
1782734361.196,198.8,9.0,南西南,0.0,0.0,0.0
1782734366.206,198.8,9.0,南西南,0.0,0.0,0.0
1782734371.221,198.8,9.0,南西南,0.0,0.0,0.0
1782734376.231,198.8,9.0,南西南,0.0,0.0,0.0
1782734381.243,198.8,9.0,南西南,0.0,0.0,0.0
1782734386.256,198.8,9.0,南西南,0.0,0.0,0.0
1782734391.265,198.8,9.0,南西南,0.0,0.0,0.0
1782734396.276,198.8,9.0,南西南,0.0,0.0,0.0
1782734401.29,198.8,9.0,南西南,0.0,0.0,0.0
1782734406.294,198.8,9.0,南西南,0.0,0.0,0.0
1782734411.311,198.8,9.0,南西南,0.0,0.0,0.0
1782734416.322,198.8,9.0,南西南,0.0,0.0,0.0
1782734421.328,198.8,9.0,南西南,0.0,0.0,0.0
1782734426.345,198.8,9.0,南西南,0.0,0.0,0.0
1782734431.35,198.8,9.0,南西南,0.0,0.0,0.0
1782734436.361,198.8,9.0,南西南,0.0,0.0,0.0
1782734441.377,198.8,9.0,南西南,0.0,0.0,0.0
1782734446.386,198.8,9.0,南西南,0.0,0.0,0.0
1782734451.392,198.8,9.0,南西南,0.0,0.0,0.0
1782734456.398,198.8,9.0,南西南,0.0,0.0,0.0
1782734461.404,198.8,9.0,南西南,0.0,0.0,0.0
1782734466.414,198.8,9.0,南西南,0.0,0.0,0.0
1782734471.431,198.8,9.0,南西南,0.0,0.0,0.0
1782734476.436,198.8,9.0,南西南,0.0,0.0,0.0
1782734481.445,198.8,9.0,南西南,0.0,0.0,0.0
1782734486.46,198.8,9.0,南西南,0.0,0.0,0.0
1782734491.466,198.8,9.0,南西南,0.0,0.0,0.0
1782734496.478,198.8,9.0,南西南,0.0,0.0,0.0
1782734501.484,198.8,9.0,南西南,0.0,0.0,0.0
1782734506.493,198.8,9.0,南西南,0.0,0.0,0.0
1782734511.506,198.8,9.0,南西南,0.0,0.0,0.0
1782734516.513,198.8,9.0,南西南,0.0,0.0,0.0
1782734521.526,198.8,9.0,南西南,0.0,0.0,0.0
1782734526.54,198.8,9.0,南西南,0.0,0.0,0.0
1782734531.546,198.8,9.0,南西南,0.0,0.0,0.0
1782734536.557,198.8,9.0,南西南,0.0,0.0,0.0
1782734541.576,198.8,9.0,南西南,0.0,0.0,0.0
1782734546.585,198.8,9.0,南西南,0.0,0.0,0.0
1782734551.599,198.8,9.0,南西南,0.0,0.0,0.0
1782734556.614,198.8,9.0,南西南,0.0,0.0,0.0
1782734561.621,198.8,9.0,南西南,0.0,0.0,0.0
1782734566.633,198.8,9.0,南西南,0.0,0.0,0.0
1782734571.645,198.8,9.0,南西南,0.0,0.0,0.0
1782734576.651,198.8,9.0,南西南,0.0,0.0,0.0
1782734581.667,198.8,9.0,南西南,0.0,0.0,0.0
1782734586.682,198.8,9.0,南西南,0.0,0.0,0.0
1782734591.69,198.8,9.0,南西南,0.0,0.0,0.0
1782734596.702,198.8,9.0,南西南,0.0,0.0,0.0
1782734601.709,198.8,9.0,南西南,0.0,0.0,0.0
1782734606.723,198.8,9.0,南西南,0.0,0.0,0.0
1782734611.737,198.8,9.0,南西南,0.0,0.0,0.0
1782734616.743,198.8,9.0,南西南,0.0,0.0,0.0
1782734621.753,198.8,9.0,南西南,0.0,0.0,0.0
1782734626.766,198.8,9.0,南西南,0.0,0.0,0.0
1782734631.773,198.8,9.0,南西南,0.0,0.0,0.0
1782734636.787,198.8,9.0,南西南,0.0,0.0,0.0
1782734641.801,198.8,9.0,南西南,0.0,0.0,0.0
1782734646.81,198.8,9.0,南西南,0.0,0.0,0.0
1782734651.825,198.8,9.0,南西南,0.0,0.0,0.0
1782734656.837,198.8,9.0,南西南,0.0,0.0,0.0
1782734661.846,198.8,9.0,南西南,0.0,0.0,0.0
1782734666.862,198.8,9.0,南西南,0.0,0.0,0.0
1782734671.873,198.8,9.0,南西南,0.0,0.0,0.0
1782734676.88,198.8,9.0,南西南,0.0,0.0,0.0
1782734681.895,198.8,9.0,南西南,0.0,0.0,0.0
1782734686.908,198.8,9.0,南西南,0.0,0.0,0.0
1782734691.915,198.8,9.0,南西南,0.0,0.0,0.0
1782734696.928,198.8,9.0,南西南,0.0,0.0,0.0
1782734701.933,198.8,9.0,南西南,0.0,0.0,0.0
1782734706.946,198.8,9.0,南西南,0.0,0.0,0.0
1782734711.957,198.8,9.0,南西南,0.0,0.0,0.0
1782734716.964,198.8,9.0,南西南,0.0,0.0,0.0
1782734721.975,198.8,9.0,南西南,0.0,0.0,0.0
1782734726.989,198.8,9.0,南西南,0.0,0.0,0.0
1782734731.999,198.8,9.0,南西南,0.0,0.0,0.0
1782734737.013,198.8,9.0,南西南,0.0,0.0,0.0
1782734742.024,198.8,9.0,南西南,0.0,0.0,0.0
1782734747.026,198.8,9.0,南西南,0.0,0.0,0.0
1782734752.041,198.8,9.0,南西南,0.0,0.0,0.0
1782734757.055,198.8,9.0,南西南,0.0,0.0,0.0
1782734762.064,198.8,9.0,南西南,0.0,0.0,0.0
1782734767.08,198.8,9.0,南西南,0.0,0.0,0.0
1782734772.091,198.8,9.0,南西南,0.0,0.0,0.0
1782734777.098,198.8,9.0,南西南,0.0,0.0,0.0
1782734782.115,198.8,9.0,南西南,0.0,0.0,0.0
1782734787.122,198.8,9.0,南西南,0.0,0.0,0.0
1782734792.137,198.8,9.0,南西南,0.0,0.0,0.0
1782734797.148,198.8,9.0,南西南,0.0,0.0,0.0
1782734802.161,198.8,9.0,南西南,0.0,0.0,0.0
1782734807.175,198.8,9.0,南西南,0.0,0.0,0.0
1782734812.184,198.8,9.0,南西南,0.0,0.0,0.0
1782734817.188,198.8,9.0,南西南,0.0,0.0,0.0
1782734822.202,198.8,9.0,南西南,0.0,0.0,0.0
1782734827.216,198.8,9.0,南西南,0.0,0.0,0.0
1782734832.219,198.8,9.0,南西南,0.0,0.0,0.0
1782734837.233,198.8,9.0,南西南,0.0,0.0,0.0
1782734842.246,198.8,9.0,南西南,0.0,0.0,0.0
1782734847.249,198.8,9.0,南西南,0.0,0.0,0.0
1782734852.266,198.8,9.0,南西南,0.0,0.0,0.0
1782734857.278,198.8,9.0,南西南,0.0,0.0,0.0
1782734862.284,198.8,9.0,南西南,0.0,0.0,0.0
1782734867.295,198.8,9.0,南西南,0.0,0.0,0.0
1782734872.303,198.8,9.0,南西南,0.0,0.0,0.0
1782734877.32,198.8,9.0,南西南,0.0,0.0,0.0
1782734882.33,198.8,9.0,南西南,0.0,0.0,0.0
1782734887.335,198.8,9.0,南西南,0.0,0.0,0.0
1782734892.35,198.8,9.0,南西南,0.0,0.0,0.0
1782734897.363,198.8,9.0,南西南,0.0,0.0,0.0
1782734902.371,198.8,9.0,南西南,0.0,0.0,0.0
1782734907.386,198.8,9.0,南西南,0.0,0.0,0.0
1782734912.397,198.8,9.0,南西南,0.0,0.0,0.0
1782734917.403,198.8,9.0,南西南,0.0,0.0,0.0
1782734922.421,198.8,9.0,南西南,0.0,0.0,0.0
1782734927.432,198.8,9.0,南西南,0.0,0.0,0.0
1782734932.439,198.8,9.0,南西南,0.0,0.0,0.0
1782734937.456,198.8,9.0,南西南,0.0,0.0,0.0
1782734942.464,198.8,9.0,南西南,0.0,0.0,0.0
1782734947.474,198.8,9.0,南西南,0.0,0.0,0.0
1782734952.486,198.8,9.0,南西南,0.0,0.0,0.0
1782734957.493,198.8,9.0,南西南,0.0,0.0,0.0
1782734962.509,198.8,9.0,南西南,0.0,0.0,0.0
1782734967.523,198.8,9.0,南西南,0.0,0.0,0.0
1782734972.528,198.8,9.0,南西南,0.0,0.0,0.0
1782734977.541,198.8,9.0,南西南,0.0,0.0,0.0
1782734982.553,198.8,9.0,南西南,0.0,0.0,0.0
1782734987.56,198.8,9.0,南西南,0.0,0.0,0.0
1782734992.575,198.8,9.0,南西南,0.0,0.0,0.0
1782734997.587,198.8,9.0,南西南,0.0,0.0,0.0
1782735002.592,198.8,9.0,南西南,0.0,0.0,0.0
1782735007.607,198.8,9.0,南西南,0.0,0.0,0.0
1782735012.62,198.8,9.0,南西南,0.0,0.0,0.0
1782735017.633,198.8,9.0,南西南,0.0,0.0,0.0
1782735022.645,198.8,9.0,南西南,0.0,0.0,0.0
1782735027.657,198.8,9.0,南西南,0.0,0.0,0.0
1782735032.666,198.8,9.0,南西南,0.0,0.0,0.0
1782735037.68,198.8,9.0,南西南,0.0,0.0,0.0
1782735042.688,198.8,9.0,南西南,0.0,0.0,0.0
1782735047.697,198.8,9.0,南西南,0.0,0.0,0.0
1782735052.711,198.8,9.0,南西南,0.0,0.0,0.0
1782735057.718,198.8,9.0,南西南,0.0,0.0,0.0
1782735062.734,198.8,9.0,南西南,0.0,0.0,0.0
1782735067.745,198.8,9.0,南西南,0.0,0.0,0.0
1782735072.752,198.8,9.0,南西南,0.0,0.0,0.0
1782735077.768,198.8,9.0,南西南,0.0,0.0,0.0
1782735082.78,198.8,9.0,南西南,0.0,0.0,0.0
1782735087.792,198.8,9.0,南西南,0.0,0.0,0.0
1782735092.805,198.8,9.0,南西南,0.0,0.0,0.0
1782735097.818,198.8,9.0,南西南,0.0,0.0,0.0
1782735102.827,198.8,9.0,南西南,0.0,0.0,0.0
1782735107.835,198.8,9.0,南西南,0.0,0.0,0.0
1782735112.844,198.8,9.0,南西南,0.0,0.0,0.0
1782735117.857,198.8,9.0,南西南,0.0,0.0,0.0
1782735122.868,198.8,9.0,南西南,0.0,0.0,0.0
1782735127.88,198.8,9.0,南西南,0.0,0.0,0.0
1782735132.891,198.8,9.0,南西南,0.0,0.0,0.0
1782735137.904,198.8,9.0,南西南,0.0,0.0,0.0
1782735142.911,198.8,9.0,南西南,0.0,0.0,0.0
1782735147.926,198.8,9.0,南西南,0.0,0.0,0.0
1782735152.939,198.8,9.0,南西南,0.0,0.0,0.0
1782735157.948,198.8,9.0,南西南,0.0,0.0,0.0
1782735162.96,198.8,9.0,南西南,0.0,0.0,0.0
1782735167.973,198.8,9.0,南西南,0.0,0.0,0.0
1782735172.984,198.8,9.0,南西南,0.0,0.0,0.0
1782735177.997,198.8,9.0,南西南,0.0,0.0,0.0
1782735183.01,198.8,9.0,南西南,0.0,0.0,0.0
1782735188.018,198.8,9.0,南西南,0.0,0.0,0.0
1782735193.029,198.8,9.0,南西南,0.0,0.0,0.0
1782735198.035,198.8,9.0,南西南,0.0,0.0,0.0
1782735203.043,198.8,9.0,南西南,0.0,0.0,0.0
1782735208.049,198.8,9.0,南西南,0.0,0.0,0.0
1782735213.058,198.8,9.0,南西南,0.0,0.0,0.0
1782735218.063,198.8,9.0,南西南,0.0,0.0,0.0
1782735223.069,198.8,9.0,南西南,0.0,0.0,0.0
1782735228.074,198.8,9.0,南西南,0.0,0.0,0.0
1782735233.085,198.8,9.0,南西南,0.0,0.0,0.0
1782735238.094,198.8,9.0,南西南,0.0,0.0,0.0
1782735243.102,198.8,9.0,南西南,0.0,0.0,0.0
1782735248.11,198.8,9.0,南西南,0.0,0.0,0.0
1782735253.116,198.8,9.0,南西南,0.0,0.0,0.0
1782735258.124,198.8,9.0,南西南,0.0,0.0,0.0
1782735263.134,198.8,9.0,南西南,0.0,0.0,0.0
1782735268.143,198.8,9.0,南西南,0.0,0.0,0.0
1782735273.153,198.8,9.0,南西南,0.0,0.0,0.0
1782735278.165,198.8,9.0,南西南,0.0,0.0,0.0
1782735283.177,198.8,9.0,南西南,0.0,0.0,0.0
1782735288.182,198.8,9.0,南西南,0.0,0.0,0.0
1782735293.196,198.8,9.0,南西南,0.0,0.0,0.0
1782735298.21,198.8,9.0,南西南,0.0,0.0,0.0
1782735303.221,198.8,9.0,南西南,0.0,0.0,0.0
1782735308.232,198.8,9.0,南西南,0.0,0.0,0.0
1782735313.243,198.8,9.0,南西南,0.0,0.0,0.0
1782735318.257,198.8,9.0,南西南,0.0,0.0,0.0
1782735323.27,198.8,9.0,南西南,0.0,0.0,0.0
1782735328.279,198.8,9.0,南西南,0.0,0.0,0.0
1782735333.292,198.8,9.0,南西南,0.0,0.0,0.0
1782735338.304,198.8,9.0,南西南,0.0,0.0,0.0
1782735343.311,198.8,9.0,南西南,0.0,0.0,0.0
1782735348.324,198.8,9.0,南西南,0.0,0.0,0.0
1782735353.338,198.8,9.0,南西南,0.0,0.0,0.0
1782735358.346,198.8,9.0,南西南,0.0,0.0,0.0
1782735363.358,198.8,9.0,南西南,0.0,0.0,0.0
1782735368.37,198.8,9.0,南西南,0.0,0.0,0.0
1782735373.385,198.8,9.0,南西南,0.0,0.0,0.0
1782735378.395,198.8,9.0,南西南,0.0,0.0,0.0
1782735383.408,198.8,9.0,南西南,0.0,0.0,0.0
1782735388.414,198.8,9.0,南西南,0.0,0.0,0.0
1782735393.426,198.8,9.0,南西南,0.0,0.0,0.0
1782735398.441,198.8,9.0,南西南,0.0,0.0,0.0
1782735403.447,198.8,9.0,南西南,0.0,0.0,0.0
1782735408.458,198.8,9.0,南西南,0.0,0.0,0.0
1782735413.467,198.8,9.0,南西南,0.0,0.0,0.0
1782735418.482,198.8,9.0,南西南,0.0,0.0,0.0
1782735423.491,198.8,9.0,南西南,0.0,0.0,0.0
1782735428.5,198.8,9.0,南西南,0.0,0.0,0.0
1782735433.51,198.8,9.0,南西南,0.0,0.0,0.0
1782735438.522,198.8,9.0,南西南,0.0,0.0,0.0
1782735443.535,198.8,9.0,南西南,0.0,0.0,0.0
1782735448.543,198.8,9.0,南西南,0.0,0.0,0.0
1782735453.557,198.8,9.0,南西南,0.0,0.0,0.0
1782735458.564,198.8,9.0,南西南,0.0,0.0,0.0
1782735463.572,198.8,9.0,南西南,0.0,0.0,0.0
1782735468.583,198.8,9.0,南西南,0.0,0.0,0.0
1782735473.593,198.8,9.0,南西南,0.0,0.0,0.0
1782735478.606,198.8,9.0,南西南,0.0,0.0,0.0
1782735483.62,198.8,9.0,南西南,0.0,0.0,0.0
1782735488.63,198.8,9.0,南西南,0.0,0.0,0.0
1782735493.638,198.8,9.0,南西南,0.0,0.0,0.0
1782735498.647,198.8,9.0,南西南,0.0,0.0,0.0
1782735503.657,198.8,9.0,南西南,0.0,0.0,0.0
1782735508.672,198.8,9.0,南西南,0.0,0.0,0.0
1782735513.684,198.8,9.0,南西南,0.0,0.0,0.0
1782735518.693,198.8,9.0,南西南,0.0,0.0,0.0
1782735523.705,198.8,9.0,南西南,0.0,0.0,0.0
1782735528.713,198.8,9.0,南西南,0.0,0.0,0.0
1782735533.726,198.8,9.0,南西南,0.0,0.0,0.0
1782735538.742,198.8,9.0,南西南,0.0,0.0,0.0
1782735543.748,198.8,9.0,南西南,0.0,0.0,0.0
1782735548.759,198.8,9.0,南西南,0.0,0.0,0.0
1782735553.775,198.8,9.0,南西南,0.0,0.0,0.0
1782735558.782,198.8,9.0,南西南,0.0,0.0,0.0
1782735563.795,198.8,9.0,南西南,0.0,0.0,0.0
1782735568.81,198.8,9.0,南西南,0.0,0.0,0.0
1782735573.817,198.8,9.0,南西南,0.0,0.0,0.0
1782735578.831,198.8,9.0,南西南,0.0,0.0,0.0
1782735583.841,198.8,9.0,南西南,0.0,0.0,0.0
1782735588.855,198.8,9.0,南西南,0.0,0.0,0.0
1782735593.868,198.8,9.0,南西南,0.0,0.0,0.0
1782735598.877,198.8,9.0,南西南,0.0,0.0,0.0
1782735603.889,198.8,9.0,南西南,0.0,0.0,0.0
1782735608.907,198.8,9.0,南西南,0.0,0.0,0.0
1782735613.913,198.8,9.0,南西南,0.0,0.0,0.0
1782735618.925,198.8,9.0,南西南,0.0,0.0,0.0
1782735623.937,198.8,9.0,南西南,0.0,0.0,0.0
1782735628.945,198.8,9.0,南西南,0.0,0.0,0.0
1782735633.956,198.8,9.0,南西南,0.0,0.0,0.0
1782735638.966,198.8,9.0,南西南,0.0,0.0,0.0
1782735643.968,198.8,9.0,南西南,0.0,0.0,0.0
1782735648.979,198.8,9.0,南西南,0.0,0.0,0.0
1782735653.995,198.8,9.0,南西南,0.0,0.0,0.0
1782735659.004,198.8,9.0,南西南,0.0,0.0,0.0
1782735664.017,198.8,9.0,南西南,0.0,0.0,0.0
1782735669.027,198.8,9.0,南西南,0.0,0.0,0.0
1782735674.04,198.8,9.0,南西南,0.0,0.0,0.0
1782735679.056,198.8,9.0,南西南,0.0,0.0,0.0
1782735684.06,198.8,9.0,南西南,0.0,0.0,0.0
1782735689.071,198.8,9.0,南西南,0.0,0.0,0.0
1782735694.086,198.8,9.0,南西南,0.0,0.0,0.0
1782735699.093,198.8,9.0,南西南,0.0,0.0,0.0
1782735704.102,198.8,9.0,南西南,0.0,0.0,0.0
1782735709.112,198.8,9.0,南西南,0.0,0.0,0.0
1782735714.116,198.8,9.0,南西南,0.0,0.0,0.0
1782735719.128,198.8,9.0,南西南,0.0,0.0,0.0
1782735724.144,198.8,9.0,南西南,0.0,0.0,0.0
1782735729.149,198.8,9.0,南西南,0.0,0.0,0.0
1782735734.162,198.8,9.0,南西南,0.0,0.0,0.0
1782735739.176,198.8,9.0,南西南,0.0,0.0,0.0
1782735744.186,198.8,9.0,南西南,0.0,0.0,0.0
1782735749.201,198.8,9.0,南西南,0.0,0.0,0.0
1782735754.208,198.8,9.0,南西南,0.0,0.0,0.0
1782735759.22,198.8,9.0,南西南,0.0,0.0,0.0
1782735764.236,198.8,9.0,南西南,0.0,0.0,0.0
1782735769.243,198.8,9.0,南西南,0.0,0.0,0.0
1782735774.257,198.8,9.0,南西南,0.0,0.0,0.0
1782735779.271,198.8,9.0,南西南,0.0,0.0,0.0
1782735784.281,198.8,9.0,南西南,0.0,0.0,0.0
1782735789.292,198.8,9.0,南西南,0.0,0.0,0.0
1782735794.306,198.8,9.0,南西南,0.0,0.0,0.0
1782735799.315,198.8,9.0,南西南,0.0,0.0,0.0
1782735804.328,198.8,9.0,南西南,0.0,0.0,0.0
1782735809.34,198.8,9.0,南西南,0.0,0.0,0.0
1782735814.344,198.8,9.0,南西南,0.0,0.0,0.0
1782735819.359,198.8,9.0,南西南,0.0,0.0,0.0
1782735824.373,198.8,9.0,南西南,0.0,0.0,0.0
1782735829.379,198.8,9.0,南西南,0.0,0.0,0.0
1782735834.397,198.8,9.0,南西南,0.0,0.0,0.0
1782735839.408,198.8,9.0,南西南,0.0,0.0,0.0
1782735844.418,198.8,9.0,南西南,0.0,0.0,0.0
1782735849.432,198.8,9.0,南西南,0.0,0.0,0.0
1782735854.439,198.8,9.0,南西南,0.0,0.0,0.0
1782735859.45,198.8,9.0,南西南,0.0,0.0,0.0
1782735864.467,198.8,9.0,南西南,0.0,0.0,0.0
1782735869.476,198.8,9.0,南西南,0.0,0.0,0.0
1782735874.487,198.8,9.0,南西南,0.0,0.0,0.0
1782735879.501,198.8,9.0,南西南,0.0,0.0,0.0
1782735884.507,198.8,9.0,南西南,0.0,0.0,0.0
1782735889.519,198.8,9.0,南西南,0.0,0.0,0.0
1782735894.532,198.8,9.0,南西南,0.0,0.0,0.0
1782735899.536,198.8,9.0,南西南,0.0,0.0,0.0
1782735904.55,198.8,9.0,南西南,0.0,0.0,0.0
1782735909.562,198.8,9.0,南西南,0.0,0.0,0.0
1782735914.564,198.8,9.0,南西南,0.0,0.0,0.0
1782735919.579,198.8,9.0,南西南,0.0,0.0,0.0
1782735924.589,198.8,9.0,南西南,0.0,0.0,0.0
1782735929.596,198.8,9.0,南西南,0.0,0.0,0.0
1782735934.606,198.8,9.0,南西南,0.0,0.0,0.0
1782735939.615,198.8,9.0,南西南,0.0,0.0,0.0
1782735944.629,198.8,9.0,南西南,0.0,0.0,0.0
1782735949.643,198.8,9.0,南西南,0.0,0.0,0.0
1782735954.648,198.8,9.0,南西南,0.0,0.0,0.0
1782735959.658,198.8,9.0,南西南,0.0,0.0,0.0
1782735964.674,198.8,9.0,南西南,0.0,0.0,0.0
1782735969.681,198.8,9.0,南西南,0.0,0.0,0.0
1782735974.694,198.8,9.0,南西南,0.0,0.0,0.0
1782735979.708,198.8,9.0,南西南,0.0,0.0,0.0
1782735984.712,198.8,9.0,南西南,0.0,0.0,0.0
1782735989.73,198.8,9.0,南西南,0.0,0.0,0.0
1782735994.742,198.8,9.0,南西南,0.0,0.0,0.0
1782735999.751,198.8,9.0,南西南,0.0,0.0,0.0
1782736004.764,198.8,9.0,南西南,0.0,0.0,0.0
1782736009.777,198.8,9.0,南西南,0.0,0.0,0.0
1782736014.787,198.8,9.0,南西南,0.0,0.0,0.0
1782736019.801,198.8,9.0,南西南,0.0,0.0,0.0
1782736024.808,198.8,9.0,南西南,0.0,0.0,0.0
1782736029.82,198.8,9.0,南西南,0.0,0.0,0.0
1782736034.835,198.8,9.0,南西南,0.0,0.0,0.0
1782736039.845,198.8,9.0,南西南,0.0,0.0,0.0
1782736044.86,198.8,9.0,南西南,0.0,0.0,0.0
1782736049.873,198.8,9.0,南西南,0.0,0.0,0.0
1782736054.88,198.8,9.0,南西南,0.0,0.0,0.0
1782736059.897,198.8,9.0,南西南,0.0,0.0,0.0
1782736064.909,198.8,9.0,南西南,0.0,0.0,0.0
1782736069.916,198.8,9.0,南西南,0.0,0.0,0.0
1782736074.932,198.8,9.0,南西南,0.0,0.0,0.0
1782736079.945,198.8,9.0,南西南,0.0,0.0,0.0
1782736084.955,198.8,9.0,南西南,0.0,0.0,0.0
1782736089.968,198.8,9.0,南西南,0.0,0.0,0.0
1782736094.981,198.8,9.0,南西南,0.0,0.0,0.0
1782736099.99,198.8,9.0,南西南,0.0,0.0,0.0
1782736105.006,198.8,9.0,南西南,0.0,0.0,0.0
1782736110.015,198.8,9.0,南西南,0.0,0.0,0.0
1782736115.022,198.8,9.0,南西南,0.0,0.0,0.0
1782736120.039,198.8,9.0,南西南,0.0,0.0,0.0
1782736125.046,198.8,9.0,南西南,0.0,0.0,0.0
1782736130.06,198.8,9.0,南西南,0.0,0.0,0.0
1782736135.073,198.8,9.0,南西南,0.0,0.0,0.0
1782736140.08,198.8,9.0,南西南,0.0,0.0,0.0
1782736145.096,198.8,9.0,南西南,0.0,0.0,0.0
1782736150.108,198.8,9.0,南西南,0.0,0.0,0.0
1782736155.114,198.8,9.0,南西南,0.0,0.0,0.0
1782736160.125,198.8,9.0,南西南,0.0,0.0,0.0
1782736165.134,198.8,9.0,南西南,0.0,0.0,0.0
1782736170.14,198.8,9.0,南西南,0.0,0.0,0.0
1782736175.155,198.8,9.0,南西南,0.0,0.0,0.0
1782736180.169,198.8,9.0,南西南,0.0,0.0,0.0
1782736185.172,198.8,9.0,南西南,0.0,0.0,0.0
1782736190.188,198.8,9.0,南西南,0.0,0.0,0.0
1782736195.201,198.8,9.0,南西南,0.0,0.0,0.0
1782736200.213,198.8,9.0,南西南,0.0,0.0,0.0
1782736205.225,198.8,9.0,南西南,0.0,0.0,0.0
1782736210.228,198.8,9.0,南西南,0.0,0.0,0.0
1782736215.239,198.8,9.0,南西南,0.0,0.0,0.0
1782736220.252,198.8,9.0,南西南,0.0,0.0,0.0
1782736225.26,198.8,9.0,南西南,0.0,0.0,0.0
1782736230.277,198.8,9.0,南西南,0.0,0.0,0.0
1782736235.29,198.8,9.0,南西南,0.0,0.0,0.0
1782736240.292,198.8,9.0,南西南,0.0,0.0,0.0
1782736245.308,198.8,9.0,南西南,0.0,0.0,0.0
1782736250.317,198.8,9.0,南西南,0.0,0.0,0.0
1782736255.319,198.8,9.0,南西南,0.0,0.0,0.0
1782736260.336,198.8,9.0,南西南,0.0,0.0,0.0
1782736265.35,198.8,9.0,南西南,0.0,0.0,0.0
1782736270.358,198.8,9.0,南西南,0.0,0.0,0.0
1782736275.368,198.8,9.0,南西南,0.0,0.0,0.0
1782736280.379,198.8,9.0,南西南,0.0,0.0,0.0
1782736285.388,198.8,9.0,南西南,0.0,0.0,0.0
1782736290.4,198.8,9.0,南西南,0.0,0.0,0.0
1782736295.411,198.8,9.0,南西南,0.0,0.0,0.0
1782736300.427,198.8,9.0,南西南,0.0,0.0,0.0
1782736305.438,198.8,9.0,南西南,0.0,0.0,0.0
1782736310.44,198.8,9.0,南西南,0.0,0.0,0.0
1782736315.457,198.8,9.0,南西南,0.0,0.0,0.0
1782736320.465,198.8,9.0,南西南,0.0,0.0,0.0
1782736325.472,198.8,9.0,南西南,0.0,0.0,0.0
1782736330.487,198.8,9.0,南西南,0.0,0.0,0.0
1782736335.498,198.8,9.0,南西南,0.0,0.0,0.0
1782736340.509,198.8,9.0,南西南,0.0,0.0,0.0
1782736345.522,198.8,9.0,南西南,0.0,0.0,0.0
1782736350.534,198.8,9.0,南西南,0.0,0.0,0.0
1782736355.545,198.8,9.0,南西南,0.0,0.0,0.0
1782736360.557,198.8,9.0,南西南,0.0,0.0,0.0
1782736365.569,198.8,9.0,南西南,0.0,0.0,0.0
1782736370.58,198.8,9.0,南西南,0.0,0.0,0.0
1782736375.594,198.8,9.0,南西南,0.0,0.0,0.0
1782736380.599,198.8,9.0,南西南,0.0,0.0,0.0
1782736385.614,198.8,9.0,南西南,0.0,0.0,0.0
1782736390.627,198.8,9.0,南西南,0.0,0.0,0.0
1782736395.635,198.8,9.0,南西南,0.0,0.0,0.0
1782736400.648,198.8,9.0,南西南,0.0,0.0,0.0
1782736405.661,198.8,9.0,南西南,0.0,0.0,0.0
1782736410.668,198.8,9.0,南西南,0.0,0.0,0.0
1782736415.685,198.8,9.0,南西南,0.0,0.0,0.0
1782736420.697,198.8,9.0,南西南,0.0,0.0,0.0
1782736425.707,198.8,9.0,南西南,0.0,0.0,0.0
1782736430.719,198.8,9.0,南西南,0.0,0.0,0.0
1782736435.734,198.8,9.0,南西南,0.0,0.0,0.0
1782736440.743,198.8,9.0,南西南,0.0,0.0,0.0
1782736445.755,198.8,9.0,南西南,0.0,0.0,0.0
1782736450.768,198.8,9.0,南西南,0.0,0.0,0.0
1782736455.778,198.8,9.0,南西南,0.0,0.0,0.0
1782736460.791,198.8,9.0,南西南,0.0,0.0,0.0
1782736465.804,198.8,9.0,南西南,0.0,0.0,0.0
1782736470.813,198.8,9.0,南西南,0.0,0.0,0.0
1782736475.827,198.8,9.0,南西南,0.0,0.0,0.0
1782736480.835,198.8,9.0,南西南,0.0,0.0,0.0
1782736485.851,198.8,9.0,南西南,0.0,0.0,0.0
1782736490.863,198.8,9.0,南西南,0.0,0.0,0.0
1782736495.872,198.8,9.0,南西南,0.0,0.0,0.0
1782736500.884,198.8,9.0,南西南,0.0,0.0,0.0
1782736505.896,198.8,9.0,南西南,0.0,0.0,0.0
1782736510.905,198.8,9.0,南西南,0.0,0.0,0.0
1782736515.92,198.8,9.0,南西南,0.0,0.0,0.0
1782736520.932,198.8,9.0,南西南,0.0,0.0,0.0
1782736525.942,198.8,9.0,南西南,0.0,0.0,0.0
1782736530.952,198.8,9.0,南西南,0.0,0.0,0.0
1782736535.966,198.8,9.0,南西南,0.0,0.0,0.0
1782736540.975,198.8,9.0,南西南,0.0,0.0,0.0
1782736545.983,198.8,9.0,南西南,0.0,0.0,0.0
1782736550.997,198.8,9.0,南西南,0.0,0.0,0.0
1782736556.01,198.8,9.0,南西南,0.0,0.0,0.0
1782736561.022,198.8,9.0,南西南,0.0,0.0,0.0
1782736566.029,198.8,9.0,南西南,0.0,0.0,0.0
1782736571.043,198.8,9.0,南西南,0.0,0.0,0.0
1782736576.052,198.8,9.0,南西南,0.0,0.0,0.0
1782736581.061,198.8,9.0,南西南,0.0,0.0,0.0
1782736586.072,198.8,9.0,南西南,0.0,0.0,0.0
1782736591.081,198.8,9.0,南西南,0.0,0.0,0.0
1782736596.087,198.8,9.0,南西南,0.0,0.0,0.0
1782736601.099,198.8,9.0,南西南,0.0,0.0,0.0
1782736606.109,198.8,9.0,南西南,0.0,0.0,0.0
1782736611.117,198.8,9.0,南西南,0.0,0.0,0.0
1782736616.127,198.8,9.0,南西南,0.0,0.0,0.0
1782736621.135,198.8,9.0,南西南,0.0,0.0,0.0
1782736626.143,198.8,9.0,南西南,0.0,0.0,0.0
1782736631.151,198.8,9.0,南西南,0.0,0.0,0.0
1782736636.159,198.8,9.0,南西南,0.0,0.0,0.0
1782736641.166,198.8,9.0,南西南,0.0,0.0,0.0
1782736646.174,198.8,9.0,南西南,0.0,0.0,0.0
1782736651.182,198.8,9.0,南西南,0.0,0.0,0.0
1782736656.192,198.8,9.0,南西南,0.0,0.0,0.0
1782736661.199,198.8,9.0,南西南,0.0,0.0,0.0
1782736666.206,198.8,9.0,南西南,0.0,0.0,0.0
1782736671.215,198.8,9.0,南西南,0.0,0.0,0.0
1782736676.223,198.8,9.0,南西南,0.0,0.0,0.0
1782736681.231,198.8,9.0,南西南,0.0,0.0,0.0
1782736686.237,198.8,9.0,南西南,0.0,0.0,0.0
1782736691.248,198.8,9.0,南西南,0.0,0.0,0.0
1782736696.254,198.8,9.0,南西南,0.0,0.0,0.0
1782736701.262,198.8,9.0,南西南,0.0,0.0,0.0
1782736706.269,198.8,9.0,南西南,0.0,0.0,0.0
1782736711.273,198.8,9.0,南西南,0.0,0.0,0.0
1782736716.28,198.8,9.0,南西南,0.0,0.0,0.0
1782736721.288,198.8,9.0,南西南,0.0,0.0,0.0
1782736726.297,198.8,9.0,南西南,0.0,0.0,0.0
1782736731.306,198.8,9.0,南西南,0.0,0.0,0.0
1782736736.312,198.8,9.0,南西南,0.0,0.0,0.0
1782736741.32,198.8,9.0,南西南,0.0,0.0,0.0
1782736746.33,198.8,9.0,南西南,0.0,0.0,0.0
1782736751.334,198.8,9.0,南西南,0.0,0.0,0.0
1782736756.341,198.8,9.0,南西南,0.0,0.0,0.0
1782736761.351,198.8,9.0,南西南,0.0,0.0,0.0
1782736766.359,198.8,9.0,南西南,0.0,0.0,0.0
1782736771.366,198.8,9.0,南西南,0.0,0.0,0.0
1782736776.375,198.8,9.0,南西南,0.0,0.0,0.0
1782736781.379,198.8,9.0,南西南,0.0,0.0,0.0
1782736786.384,198.8,9.0,南西南,0.0,0.0,0.0
1782736791.398,198.8,9.0,南西南,0.0,0.0,0.0
1782736796.406,198.8,9.0,南西南,0.0,0.0,0.0
1782736801.417,198.8,9.0,南西南,0.0,0.0,0.0
1782736806.426,198.8,9.0,南西南,0.0,0.0,0.0
1782736811.439,198.8,9.0,南西南,0.0,0.0,0.0
1782736816.451,198.8,9.0,南西南,0.0,0.0,0.0
1782736821.459,198.8,9.0,南西南,0.0,0.0,0.0
1782736826.471,198.8,9.0,南西南,0.0,0.0,0.0
1782736831.481,198.8,9.0,南西南,0.0,0.0,0.0
1782736836.492,198.8,9.0,南西南,0.0,0.0,0.0
1782736841.504,198.8,9.0,南西南,0.0,0.0,0.0
1782736846.515,198.8,9.0,南西南,0.0,0.0,0.0
1782736851.525,198.8,9.0,南西南,0.0,0.0,0.0
1782736856.538,198.8,9.0,南西南,0.0,0.0,0.0
1782736861.552,198.8,9.0,南西南,0.0,0.0,0.0
1782736866.558,198.8,9.0,南西南,0.0,0.0,0.0
1782736871.573,198.8,9.0,南西南,0.0,0.0,0.0
1782736876.587,198.8,9.0,南西南,0.0,0.0,0.0
1782736881.592,198.8,9.0,南西南,0.0,0.0,0.0
1782736886.604,198.8,9.0,南西南,0.0,0.0,0.0
1782736891.614,198.8,9.0,南西南,0.0,0.0,0.0
1782736896.624,198.8,9.0,南西南,0.0,0.0,0.0
1782736901.638,198.8,9.0,南西南,0.0,0.0,0.0
1782736906.648,198.8,9.0,南西南,0.0,0.0,0.0
1782736911.661,198.8,9.0,南西南,0.0,0.0,0.0
1782736916.672,198.8,9.0,南西南,0.0,0.0,0.0
1782736921.678,198.8,9.0,南西南,0.0,0.0,0.0
1782736926.688,198.8,9.0,南西南,0.0,0.0,0.0
1782736931.703,198.8,9.0,南西南,0.0,0.0,0.0
1782736936.709,198.8,9.0,南西南,0.0,0.0,0.0
1782736941.723,198.8,9.0,南西南,0.0,0.0,0.0
1782736946.737,198.8,9.0,南西南,0.0,0.0,0.0
1782736951.746,198.8,9.0,南西南,0.0,0.0,0.0
1782736956.759,198.8,9.0,南西南,0.0,0.0,0.0
1782736961.773,198.8,9.0,南西南,0.0,0.0,0.0
1782736966.781,198.8,9.0,南西南,0.0,0.0,0.0
1782736971.793,198.8,9.0,南西南,0.0,0.0,0.0
1782736976.805,198.8,9.0,南西南,0.0,0.0,0.0
1782736981.81,198.8,9.0,南西南,0.0,0.0,0.0
1782736986.82,198.8,9.0,南西南,0.0,0.0,0.0
1782736991.828,198.8,9.0,南西南,0.0,0.0,0.0
1782736996.836,198.8,9.0,南西南,0.0,0.0,0.0
1782737001.846,198.8,9.0,南西南,0.0,0.0,0.0
1782737006.855,198.8,9.0,南西南,0.0,0.0,0.0
1782737011.863,198.8,9.0,南西南,0.0,0.0,0.0
1782737016.876,198.8,9.0,南西南,0.0,0.0,0.0
1782737021.88,198.8,9.0,南西南,0.0,0.0,0.0
1782737026.89,198.8,9.0,南西南,0.0,0.0,0.0
1782737031.903,198.8,9.0,南西南,0.0,0.0,0.0
1782737036.909,198.8,9.0,南西南,0.0,0.0,0.0
1782737041.921,198.8,9.0,南西南,0.0,0.0,0.0
1782737046.938,198.8,9.0,南西南,0.0,0.0,0.0
1782737051.946,198.8,9.0,南西南,0.0,0.0,0.0
1782737056.959,198.8,9.0,南西南,0.0,0.0,0.0
1782737061.972,198.8,9.0,南西南,0.0,0.0,0.0
1782737066.978,198.8,9.0,南西南,0.0,0.0,0.0
1782737071.989,198.8,9.0,南西南,0.0,0.0,0.0
1782737076.998,198.8,9.0,南西南,0.0,0.0,0.0
1782737082.008,198.8,9.0,南西南,0.0,0.0,0.0
1782737087.021,198.8,9.0,南西南,0.0,0.0,0.0
1782737092.029,198.8,9.0,南西南,0.0,0.0,0.0
1782737097.043,198.8,9.0,南西南,0.0,0.0,0.0
1782737102.057,198.8,9.0,南西南,0.0,0.0,0.0
1782737107.063,198.8,9.0,南西南,0.0,0.0,0.0
1782737112.075,198.8,9.0,南西南,0.0,0.0,0.0
1782737117.084,198.8,9.0,南西南,0.0,0.0,0.0
1782737122.09,198.8,9.0,南西南,0.0,0.0,0.0
1782737127.102,198.8,9.0,南西南,0.0,0.0,0.0
1782737132.11,198.8,9.0,南西南,0.0,0.0,0.0
1782737137.116,198.8,9.0,南西南,0.0,0.0,0.0
1782737142.128,198.8,9.0,南西南,0.0,0.0,0.0
1782737147.141,198.8,9.0,南西南,0.0,0.0,0.0
1782737152.144,198.8,9.0,南西南,0.0,0.0,0.0
1782737157.158,198.8,9.0,南西南,0.0,0.0,0.0
1782737162.17,198.8,9.0,南西南,0.0,0.0,0.0
1782737167.175,198.8,9.0,南西南,0.0,0.0,0.0
1782737172.187,198.8,9.0,南西南,0.0,0.0,0.0
1782737177.192,198.8,9.0,南西南,0.0,0.0,0.0
1782737182.2,198.8,9.0,南西南,0.0,0.0,0.0
1782737187.213,198.8,9.0,南西南,0.0,0.0,0.0
1782737192.222,198.8,9.0,南西南,0.0,0.0,0.0
1782737197.234,198.8,9.0,南西南,0.0,0.0,0.0
1782737202.248,198.8,9.0,南西南,0.0,0.0,0.0
1782737207.254,198.8,9.0,南西南,0.0,0.0,0.0
1782737212.262,198.8,9.0,南西南,0.0,0.0,0.0
1782737217.274,198.8,9.0,南西南,0.0,0.0,0.0
1782737222.28,198.8,9.0,南西南,0.0,0.0,0.0
1782737227.291,198.8,9.0,南西南,0.0,0.0,0.0
1782737232.301,198.8,9.0,南西南,0.0,0.0,0.0
1782737237.304,198.8,9.0,南西南,0.0,0.0,0.0
1782737242.315,198.8,9.0,南西南,0.0,0.0,0.0
1782737247.33,198.8,9.0,南西南,0.0,0.0,0.0
1782737252.337,198.8,9.0,南西南,0.0,0.0,0.0
1782737257.348,198.8,9.0,南西南,0.0,0.0,0.0
1782737262.358,198.8,9.0,南西南,0.0,0.0,0.0
1782737267.367,198.8,9.0,南西南,0.0,0.0,0.0
1782737272.378,198.8,9.0,南西南,0.0,0.0,0.0
1782737277.384,198.8,9.0,南西南,0.0,0.0,0.0
1782737282.396,198.8,9.0,南西南,0.0,0.0,0.0
1782737287.409,198.8,9.0,南西南,0.0,0.0,0.0
1782737292.412,198.8,9.0,南西南,0.0,0.0,0.0
1782737297.42,198.8,9.0,南西南,0.0,0.0,0.0
1782737302.432,198.8,9.0,南西南,0.0,0.0,0.0
1782737307.439,198.8,9.0,南西南,0.0,0.0,0.0
1782737312.452,198.8,9.0,南西南,0.0,0.0,0.0
1782737317.465,198.8,9.0,南西南,0.0,0.0,0.0
1782737322.468,198.8,9.0,南西南,0.0,0.0,0.0
1782737327.478,198.8,9.0,南西南,0.0,0.0,0.0
1782737332.493,198.8,9.0,南西南,0.0,0.0,0.0
1782737337.499,198.8,9.0,南西南,0.0,0.0,0.0
1782737342.51,198.8,9.0,南西南,0.0,0.0,0.0
1782737347.522,198.8,9.0,南西南,0.0,0.0,0.0
1782737352.529,198.8,9.0,南西南,0.0,0.0,0.0
1782737357.545,198.8,9.0,南西南,0.0,0.0,0.0
1782737362.547,198.8,9.0,南西南,0.0,0.0,0.0
1782737367.56,198.8,9.0,南西南,0.0,0.0,0.0
1782737372.573,198.8,9.0,南西南,0.0,0.0,0.0
1782737377.58,198.8,9.0,南西南,0.0,0.0,0.0
1782737382.594,198.8,9.0,南西南,0.0,0.0,0.0
1782737387.608,198.8,9.0,南西南,0.0,0.0,0.0
1782737392.611,198.8,9.0,南西南,0.0,0.0,0.0
1782737397.623,198.8,9.0,南西南,0.0,0.0,0.0
1782737402.638,198.8,9.0,南西南,0.0,0.0,0.0
1782737407.65,198.8,9.0,南西南,0.0,0.0,0.0
1782737412.66,198.8,9.0,南西南,0.0,0.0,0.0
1782737417.672,198.8,9.0,南西南,0.0,0.0,0.0
1782737422.678,198.8,9.0,南西南,0.0,0.0,0.0
1782737427.693,198.8,9.0,南西南,0.0,0.0,0.0
1782737432.707,198.8,9.0,南西南,0.0,0.0,0.0
1782737437.711,198.8,9.0,南西南,0.0,0.0,0.0
1782737442.724,198.8,9.0,南西南,0.0,0.0,0.0
1782737447.734,198.8,9.0,南西南,0.0,0.0,0.0
1782737452.742,198.8,9.0,南西南,0.0,0.0,0.0
1782737457.756,198.8,9.0,南西南,0.0,0.0,0.0
1782737462.764,198.8,9.0,南西南,0.0,0.0,0.0
1782737467.774,198.8,9.0,南西南,0.0,0.0,0.0
1782737472.788,198.8,9.0,南西南,0.0,0.0,0.0
1782737477.796,198.8,9.0,南西南,0.0,0.0,0.0
1782737482.809,198.8,9.0,南西南,0.0,0.0,0.0
1782737487.819,198.8,9.0,南西南,0.0,0.0,0.0
1782737492.826,198.8,9.0,南西南,0.0,0.0,0.0
1782737497.838,198.8,9.0,南西南,0.0,0.0,0.0
1782737502.853,198.8,9.0,南西南,0.0,0.0,0.0
1782737507.857,198.8,9.0,南西南,0.0,0.0,0.0
1782737512.87,198.8,9.0,南西南,0.0,0.0,0.0
1782737517.882,198.8,9.0,南西南,0.0,0.0,0.0
1782737522.891,198.8,9.0,南西南,0.0,0.0,0.0
1782737527.901,198.8,9.0,南西南,0.0,0.0,0.0
1782737532.909,198.8,9.0,南西南,0.0,0.0,0.0
1782737537.912,198.8,9.0,南西南,0.0,0.0,0.0
1782737542.925,198.8,9.0,南西南,0.0,0.0,0.0
1782737547.932,198.8,9.0,南西南,0.0,0.0,0.0
1782737552.946,198.8,9.0,南西南,0.0,0.0,0.0
1782737557.956,198.8,9.0,南西南,0.0,0.0,0.0
1782737562.966,198.8,9.0,南西南,0.0,0.0,0.0
1782737567.974,198.8,9.0,南西南,0.0,0.0,0.0
1782737572.987,198.8,9.0,南西南,0.0,0.0,0.0
1782737577.994,198.8,9.0,南西南,0.0,0.0,0.0
1782737583.006,198.8,9.0,南西南,0.0,0.0,0.0
1782737588.02,198.8,9.0,南西南,0.0,0.0,0.0
1782737593.027,198.8,9.0,南西南,0.0,0.0,0.0
1782737598.037,198.8,9.0,南西南,0.0,0.0,0.0
1782737603.051,198.8,9.0,南西南,0.0,0.0,0.0
1782737608.056,198.8,9.0,南西南,0.0,0.0,0.0
1782737613.072,198.8,9.0,南西南,0.0,0.0,0.0
1782737618.081,198.8,9.0,南西南,0.0,0.0,0.0
1782737623.091,198.8,9.0,南西南,0.0,0.0,0.0
1782737628.103,198.8,9.0,南西南,0.0,0.0,0.0
1782737633.107,198.8,9.0,南西南,0.0,0.0,0.0
1782737638.119,198.8,9.0,南西南,0.0,0.0,0.0
1782737643.132,198.8,9.0,南西南,0.0,0.0,0.0
1782737648.136,198.8,9.0,南西南,0.0,0.0,0.0
1782737653.148,198.8,9.0,南西南,0.0,0.0,0.0
1782737658.162,198.8,9.0,南西南,0.0,0.0,0.0
1782737663.172,198.8,9.0,南西南,0.0,0.0,0.0
1782737668.185,198.8,9.0,南西南,0.0,0.0,0.0
1782737673.199,198.8,9.0,南西南,0.0,0.0,0.0
1782737678.206,198.8,9.0,南西南,0.0,0.0,0.0
1782737683.219,198.8,9.0,南西南,0.0,0.0,0.0
1782737688.229,198.8,9.0,南西南,0.0,0.0,0.0
1782737693.238,198.8,9.0,南西南,0.0,0.0,0.0
1782737698.249,198.8,9.0,南西南,0.0,0.0,0.0
1782737703.261,198.8,9.0,南西南,0.0,0.0,0.0
1782737708.268,198.8,9.0,南西南,0.0,0.0,0.0
1782737713.283,198.8,9.0,南西南,0.0,0.0,0.0
1782737718.293,198.8,9.0,南西南,0.0,0.0,0.0
1782737723.302,198.8,9.0,南西南,0.0,0.0,0.0
1782737728.315,198.8,9.0,南西南,0.0,0.0,0.0
1782737733.323,198.8,9.0,南西南,0.0,0.0,0.0
1782737738.337,198.8,9.0,南西南,0.0,0.0,0.0
1782737743.348,198.8,9.0,南西南,0.0,0.0,0.0
1782737748.352,198.8,9.0,南西南,0.0,0.0,0.0
1782737753.368,198.8,9.0,南西南,0.0,0.0,0.0
1782737758.381,198.8,9.0,南西南,0.0,0.0,0.0
1782737763.388,198.8,9.0,南西南,0.0,0.0,0.0
1782737768.405,198.8,9.0,南西南,0.0,0.0,0.0
1782737773.414,198.8,9.0,南西南,0.0,0.0,0.0
1782737778.422,198.8,9.0,南西南,0.0,0.0,0.0
1782737783.434,198.8,9.0,南西南,0.0,0.0,0.0
1782737788.445,198.8,9.0,南西南,0.0,0.0,0.0
1782737793.448,198.8,9.0,南西南,0.0,0.0,0.0
1782737798.463,198.8,9.0,南西南,0.0,0.0,0.0
1782737803.476,198.8,9.0,南西南,0.0,0.0,0.0
1782737808.485,198.8,9.0,南西南,0.0,0.0,0.0
1782737813.499,198.8,9.0,南西南,0.0,0.0,0.0
1782737818.507,198.8,9.0,南西南,0.0,0.0,0.0
1782737823.519,198.8,9.0,南西南,0.0,0.0,0.0
1782737828.533,198.8,9.0,南西南,0.0,0.0,0.0
1782737833.541,198.8,9.0,南西南,0.0,0.0,0.0
1782737838.552,198.8,9.0,南西南,0.0,0.0,0.0
1782737843.566,198.8,9.0,南西南,0.0,0.0,0.0
1782737848.572,198.8,9.0,南西南,0.0,0.0,0.0
1782737853.585,198.8,9.0,南西南,0.0,0.0,0.0
1782737858.597,198.8,9.0,南西南,0.0,0.0,0.0
1782737863.6,198.8,9.0,南西南,0.0,0.0,0.0
1782737868.611,198.8,9.0,南西南,0.0,0.0,0.0
1782737873.622,198.8,9.0,南西南,0.0,0.0,0.0
1782737878.631,198.8,9.0,南西南,0.0,0.0,0.0
1782737883.641,198.8,9.0,南西南,0.0,0.0,0.0
1782737888.649,198.8,9.0,南西南,0.0,0.0,0.0
1782737893.653,198.8,9.0,南西南,0.0,0.0,0.0
1782737898.668,198.8,9.0,南西南,0.0,0.0,0.0
1782737903.682,198.8,9.0,南西南,0.0,0.0,0.0
1782737908.689,198.8,9.0,南西南,0.0,0.0,0.0
1782737913.704,198.8,9.0,南西南,0.0,0.0,0.0
1782737918.711,198.8,9.0,南西南,0.0,0.0,0.0
1782737923.723,198.8,9.0,南西南,0.0,0.0,0.0
1782737928.738,198.8,9.0,南西南,0.0,0.0,0.0
1782737933.744,198.8,9.0,南西南,0.0,0.0,0.0
1782737938.759,198.8,9.0,南西南,0.0,0.0,0.0
1782737943.77,198.8,9.0,南西南,0.0,0.0,0.0
1782737948.781,198.8,9.0,南西南,0.0,0.0,0.0
1782737953.79,198.8,9.0,南西南,0.0,0.0,0.0
1782737958.801,198.8,9.0,南西南,0.0,0.0,0.0
1782737963.808,198.8,9.0,南西南,0.0,0.0,0.0
1782737968.822,198.8,9.0,南西南,0.0,0.0,0.0
1782737973.836,198.8,9.0,南西南,0.0,0.0,0.0
1782737978.845,198.8,9.0,南西南,0.0,0.0,0.0
1782737983.859,198.8,9.0,南西南,0.0,0.0,0.0
1782737988.869,198.8,9.0,南西南,0.0,0.0,0.0
1782737993.875,198.8,9.0,南西南,0.0,0.0,0.0
1782737998.892,198.8,9.0,南西南,0.0,0.0,0.0
1782738003.899,198.8,9.0,南西南,0.0,0.0,0.0
1782738008.914,198.8,9.0,南西南,0.0,0.0,0.0
1782738013.926,198.8,9.0,南西南,0.0,0.0,0.0
1782738018.937,198.8,9.0,南西南,0.0,0.0,0.0
1782738023.952,198.8,9.0,南西南,0.0,0.0,0.0
1782738028.965,198.8,9.0,南西南,0.0,0.0,0.0
1782738033.971,198.8,9.0,南西南,0.0,0.0,0.0
1782738038.987,198.8,9.0,南西南,0.0,0.0,0.0
1782738044.0,198.8,9.0,南西南,0.0,0.0,0.0
1782738049.007,198.8,9.0,南西南,0.0,0.0,0.0
1782738054.022,198.8,9.0,南西南,0.0,0.0,0.0
1782738059.033,198.8,9.0,南西南,0.0,0.0,0.0
1782738064.036,198.8,9.0,南西南,0.0,0.0,0.0
1782738069.051,198.8,9.0,南西南,0.0,0.0,0.0
1782738074.061,198.8,9.0,南西南,0.0,0.0,0.0
1782738079.07,198.8,9.0,南西南,0.0,0.0,0.0
1782738084.085,198.8,9.0,南西南,0.0,0.0,0.0
1782738089.097,198.8,9.0,南西南,0.0,0.0,0.0
1782738094.108,198.8,9.0,南西南,0.0,0.0,0.0
1782738099.121,198.8,9.0,南西南,0.0,0.0,0.0
1782738104.128,198.8,9.0,南西南,0.0,0.0,0.0
1782738109.139,198.8,9.0,南西南,0.0,0.0,0.0
1782738114.154,198.8,9.0,南西南,0.0,0.0,0.0
1782738119.16,198.8,9.0,南西南,0.0,0.0,0.0
1782738124.176,198.8,9.0,南西南,0.0,0.0,0.0
1782738129.189,198.8,9.0,南西南,0.0,0.0,0.0
1782738134.19,198.8,9.0,南西南,0.0,0.0,0.0
1782738139.205,198.8,9.0,南西南,0.0,0.0,0.0
1782738144.217,198.8,9.0,南西南,0.0,0.0,0.0
1782738149.22,198.8,9.0,南西南,0.0,0.0,0.0
1782738154.233,198.8,9.0,南西南,0.0,0.0,0.0
1782738159.245,198.8,9.0,南西南,0.0,0.0,0.0
1782738164.252,198.8,9.0,南西南,0.0,0.0,0.0
1782738169.266,198.8,9.0,南西南,0.0,0.0,0.0
1782738174.279,198.8,9.0,南西南,0.0,0.0,0.0
1782738179.288,198.8,9.0,南西南,0.0,0.0,0.0
1782738184.297,198.8,9.0,南西南,0.0,0.0,0.0
1782738189.309,198.8,9.0,南西南,0.0,0.0,0.0
1782738194.315,198.8,9.0,南西南,0.0,0.0,0.0
1782738199.327,198.8,9.0,南西南,0.0,0.0,0.0
1782738204.334,198.8,9.0,南西南,0.0,0.0,0.0
1782738209.348,198.8,9.0,南西南,0.0,0.0,0.0
1782738214.36,198.8,9.0,南西南,0.0,0.0,0.0
1782738219.364,198.8,9.0,南西南,0.0,0.0,0.0
1782738224.375,198.8,9.0,南西南,0.0,0.0,0.0
1782738229.384,198.8,9.0,南西南,0.0,0.0,0.0
1782738234.394,198.8,9.0,南西南,0.0,0.0,0.0
1782738239.407,198.8,9.0,南西南,0.0,0.0,0.0
1782738244.419,198.8,9.0,南西南,0.0,0.0,0.0
1782738249.424,198.8,9.0,南西南,0.0,0.0,0.0
1782738254.438,198.8,9.0,南西南,0.0,0.0,0.0
1782738259.452,198.8,9.0,南西南,0.0,0.0,0.0
1782738264.462,198.8,9.0,南西南,0.0,0.0,0.0
1782738269.473,198.8,9.0,南西南,0.0,0.0,0.0
1782738274.486,198.8,9.0,南西南,0.0,0.0,0.0
1782738279.495,198.8,9.0,南西南,0.0,0.0,0.0
1782738284.509,198.8,9.0,南西南,0.0,0.0,0.0
1782738289.513,198.8,9.0,南西南,0.0,0.0,0.0
1782738294.525,198.8,9.0,南西南,0.0,0.0,0.0
1782738299.536,198.8,9.0,南西南,0.0,0.0,0.0
1782738304.543,198.8,9.0,南西南,0.0,0.0,0.0
1782738309.556,198.8,9.0,南西南,0.0,0.0,0.0
1782738314.565,198.8,9.0,南西南,0.0,0.0,0.0
1782738319.572,198.8,9.0,南西南,0.0,0.0,0.0
1782738324.584,198.8,9.0,南西南,0.0,0.0,0.0
1782738329.596,198.8,9.0,南西南,0.0,0.0,0.0
1782738334.602,198.8,9.0,南西南,0.0,0.0,0.0
1782738339.617,198.8,9.0,南西南,0.0,0.0,0.0
1782738344.629,198.8,9.0,南西南,0.0,0.0,0.0
1782738349.634,198.8,9.0,南西南,0.0,0.0,0.0
1782738354.645,198.8,9.0,南西南,0.0,0.0,0.0
1782738359.654,198.8,9.0,南西南,0.0,0.0,0.0
1782738364.664,198.8,9.0,南西南,0.0,0.0,0.0
1782738369.676,198.8,9.0,南西南,0.0,0.0,0.0
1782738374.688,198.8,9.0,南西南,0.0,0.0,0.0
1782738379.697,198.8,9.0,南西南,0.0,0.0,0.0
1782738384.71,198.8,9.0,南西南,0.0,0.0,0.0
1782738389.714,198.8,9.0,南西南,0.0,0.0,0.0
1782738394.728,198.8,9.0,南西南,0.0,0.0,0.0
1782738399.741,198.8,9.0,南西南,0.0,0.0,0.0
1782738404.747,198.8,9.0,南西南,0.0,0.0,0.0
1782738409.76,198.8,9.0,南西南,0.0,0.0,0.0
1782738414.775,198.8,9.0,南西南,0.0,0.0,0.0
1782738419.782,198.8,9.0,南西南,0.0,0.0,0.0
1782738424.798,198.8,9.0,南西南,0.0,0.0,0.0
1782738429.808,198.8,9.0,南西南,0.0,0.0,0.0
1782738434.816,198.8,9.0,南西南,0.0,0.0,0.0
1782738439.824,198.8,9.0,南西南,0.0,0.0,0.0
1782738444.834,198.8,9.0,南西南,0.0,0.0,0.0
1782738449.846,198.8,9.0,南西南,0.0,0.0,0.0
1782738454.86,198.8,9.0,南西南,0.0,0.0,0.0
1782738459.87,198.8,9.0,南西南,0.0,0.0,0.0
1782738464.879,198.8,9.0,南西南,0.0,0.0,0.0
1782738469.888,198.8,9.0,南西南,0.0,0.0,0.0
1782738474.892,198.8,9.0,南西南,0.0,0.0,0.0
1782738479.907,198.8,9.0,南西南,0.0,0.0,0.0
1782738484.922,198.8,9.0,南西南,0.0,0.0,0.0
1782738489.928,198.8,9.0,南西南,0.0,0.0,0.0
1782738494.943,198.8,9.0,南西南,0.0,0.0,0.0
1782738499.955,198.8,9.0,南西南,0.0,0.0,0.0
1782738504.964,198.8,9.0,南西南,0.0,0.0,0.0
1782738509.973,198.8,9.0,南西南,0.0,0.0,0.0
1782738514.984,198.8,9.0,南西南,0.0,0.0,0.0
1782738519.996,198.8,9.0,南西南,0.0,0.0,0.0
1782738525.008,198.8,9.0,南西南,0.0,0.0,0.0
1782738530.016,198.8,9.0,南西南,0.0,0.0,0.0
1782738535.024,198.8,9.0,南西南,0.0,0.0,0.0
1782738540.036,198.8,9.0,南西南,0.0,0.0,0.0
1782738545.05,198.8,9.0,南西南,0.0,0.0,0.0
1782738550.061,198.8,9.0,南西南,0.0,0.0,0.0
1782738555.07,198.8,9.0,南西南,0.0,0.0,0.0
1782738560.077,198.8,9.0,南西南,0.0,0.0,0.0
1782738565.094,198.8,9.0,南西南,0.0,0.0,0.0
1782738570.105,198.8,9.0,南西南,0.0,0.0,0.0
1782738575.111,198.8,9.0,南西南,0.0,0.0,0.0
1782738580.123,198.8,9.0,南西南,0.0,0.0,0.0
1782738585.131,198.8,9.0,南西南,0.0,0.0,0.0
1782738590.141,198.8,9.0,南西南,0.0,0.0,0.0
1782738595.154,198.8,9.0,南西南,0.0,0.0,0.0
1782738600.166,198.8,9.0,南西南,0.0,0.0,0.0
1782738605.173,198.8,9.0,南西南,0.0,0.0,0.0
1782738610.183,198.8,9.0,南西南,0.0,0.0,0.0
1782738615.19,198.8,9.0,南西南,0.0,0.0,0.0
1782738620.197,198.8,9.0,南西南,0.0,0.0,0.0
1782738625.208,198.8,9.0,南西南,0.0,0.0,0.0
1782738630.218,198.8,9.0,南西南,0.0,0.0,0.0
1782738635.227,198.8,9.0,南西南,0.0,0.0,0.0
1782738640.237,198.8,9.0,南西南,0.0,0.0,0.0
1782738645.243,198.8,9.0,南西南,0.0,0.0,0.0
1782738650.256,198.8,9.0,南西南,0.0,0.0,0.0
1782738655.267,198.8,9.0,南西南,0.0,0.0,0.0
1782738660.278,198.8,9.0,南西南,0.0,0.0,0.0
1782738665.289,198.8,9.0,南西南,0.0,0.0,0.0
1782738670.302,198.8,9.0,南西南,0.0,0.0,0.0
1782738675.312,198.8,9.0,南西南,0.0,0.0,0.0
1782738680.321,198.8,9.0,南西南,0.0,0.0,0.0
1782738685.331,198.8,9.0,南西南,0.0,0.0,0.0
1782738690.342,198.8,9.0,南西南,0.0,0.0,0.0
1782738695.354,198.8,9.0,南西南,0.0,0.0,0.0
1782738700.364,198.8,9.0,南西南,0.0,0.0,0.0
1782738705.375,198.8,9.0,南西南,0.0,0.0,0.0
1782738710.384,198.8,9.0,南西南,0.0,0.0,0.0
1782738715.398,198.8,9.0,南西南,0.0,0.0,0.0
1782738720.405,198.8,9.0,南西南,0.0,0.0,0.0
1782738725.416,198.8,9.0,南西南,0.0,0.0,0.0
1782738730.428,198.8,9.0,南西南,0.0,0.0,0.0
1782738735.442,198.8,9.0,南西南,0.0,0.0,0.0
1782738740.453,198.8,9.0,南西南,0.0,0.0,0.0
1782738745.459,198.8,9.0,南西南,0.0,0.0,0.0
1782738750.473,198.8,9.0,南西南,0.0,0.0,0.0
1782738755.486,198.8,9.0,南西南,0.0,0.0,0.0
1782738760.495,198.8,9.0,南西南,0.0,0.0,0.0
1782738765.508,198.8,9.0,南西南,0.0,0.0,0.0
1782738770.521,198.8,9.0,南西南,0.0,0.0,0.0
1782738775.528,198.8,9.0,南西南,0.0,0.0,0.0
1782738780.542,198.8,9.0,南西南,0.0,0.0,0.0
1782738785.557,198.8,9.0,南西南,0.0,0.0,0.0
1782738790.56,198.8,9.0,南西南,0.0,0.0,0.0
1782738795.571,198.8,9.0,南西南,0.0,0.0,0.0
1782738800.586,198.8,9.0,南西南,0.0,0.0,0.0
1782738805.597,198.8,9.0,南西南,0.0,0.0,0.0
1782738810.608,198.8,9.0,南西南,0.0,0.0,0.0
1782738815.623,198.8,9.0,南西南,0.0,0.0,0.0
1782738820.629,198.8,9.0,南西南,0.0,0.0,0.0
1782738825.644,198.8,9.0,南西南,0.0,0.0,0.0
1782738830.653,198.8,9.0,南西南,0.0,0.0,0.0
1782738835.665,198.8,9.0,南西南,0.0,0.0,0.0
1782738840.679,198.8,9.0,南西南,0.0,0.0,0.0
1782738845.691,198.8,9.0,南西南,0.0,0.0,0.0
1782738850.704,198.8,9.0,南西南,0.0,0.0,0.0
1782738855.718,198.8,9.0,南西南,0.0,0.0,0.0
1782738860.725,198.8,9.0,南西南,0.0,0.0,0.0
1782738865.739,198.8,9.0,南西南,0.0,0.0,0.0
1782738870.754,198.8,9.0,南西南,0.0,0.0,0.0
1782738875.761,198.8,9.0,南西南,0.0,0.0,0.0
1782738880.775,198.8,9.0,南西南,0.0,0.0,0.0
1782738885.787,198.8,9.0,南西南,0.0,0.0,0.0
1782738890.793,198.8,9.0,南西南,0.0,0.0,0.0
1782738895.809,198.8,9.0,南西南,0.0,0.0,0.0
1782738900.823,198.8,9.0,南西南,0.0,0.0,0.0
1782738905.832,198.8,9.0,南西南,0.0,0.0,0.0
1782738910.844,198.8,9.0,南西南,0.0,0.0,0.0
1782738915.854,198.8,9.0,南西南,0.0,0.0,0.0
1782738920.867,198.8,9.0,南西南,0.0,0.0,0.0
1782738925.882,198.8,9.0,南西南,0.0,0.0,0.0
1782738930.889,198.8,9.0,南西南,0.0,0.0,0.0
1782738935.9,198.8,9.0,南西南,0.0,0.0,0.0
1782738940.915,198.8,9.0,南西南,0.0,0.0,0.0
1782738945.925,198.8,9.0,南西南,0.0,0.0,0.0
1782738950.936,198.8,9.0,南西南,0.0,0.0,0.0
1782738955.951,198.8,9.0,南西南,0.0,0.0,0.0
1782738960.958,198.8,9.0,南西南,0.0,0.0,0.0
1782738965.973,198.8,9.0,南西南,0.0,0.0,0.0
1782738970.986,198.8,9.0,南西南,0.0,0.0,0.0
1782738975.993,198.8,9.0,南西南,0.0,0.0,0.0
1782738981.005,198.8,9.0,南西南,0.0,0.0,0.0
1782738986.019,198.8,9.0,南西南,0.0,0.0,0.0
1782738991.027,198.8,9.0,南西南,0.0,0.0,0.0
1782738996.041,198.8,9.0,南西南,0.0,0.0,0.0
1782739001.047,198.8,9.0,南西南,0.0,0.0,0.0
1782739006.06,198.8,9.0,南西南,0.0,0.0,0.0
1782739011.071,198.8,9.0,南西南,0.0,0.0,0.0
1782739016.077,198.8,9.0,南西南,0.0,0.0,0.0
1782739021.092,198.8,9.0,南西南,0.0,0.0,0.0
1782739026.107,198.8,9.0,南西南,0.0,0.0,0.0
1782739031.111,198.8,9.0,南西南,0.0,0.0,0.0
1782739036.125,198.8,9.0,南西南,0.0,0.0,0.0
1782739041.14,198.8,9.0,南西南,0.0,0.0,0.0
1782739046.147,198.8,9.0,南西南,0.0,0.0,0.0
1782739051.157,198.8,9.0,南西南,0.0,0.0,0.0
1782739056.173,198.8,9.0,南西南,0.0,0.0,0.0
1782739061.179,198.8,9.0,南西南,0.0,0.0,0.0
1782739066.192,198.8,9.0,南西南,0.0,0.0,0.0
1782739071.204,198.8,9.0,南西南,0.0,0.0,0.0
1782739076.21,198.8,9.0,南西南,0.0,0.0,0.0
1782739081.223,198.8,9.0,南西南,0.0,0.0,0.0
1782739086.236,198.8,9.0,南西南,0.0,0.0,0.0
1782739091.245,198.8,9.0,南西南,0.0,0.0,0.0
1782739096.258,198.8,9.0,南西南,0.0,0.0,0.0
1782739101.268,198.8,9.0,南西南,0.0,0.0,0.0
1782739106.279,198.8,9.0,南西南,0.0,0.0,0.0
1782739111.293,198.8,9.0,南西南,0.0,0.0,0.0
1782739116.3,198.8,9.0,南西南,0.0,0.0,0.0
1782739121.309,198.8,9.0,南西南,0.0,0.0,0.0
1782739126.324,198.8,9.0,南西南,0.0,0.0,0.0
1782739131.333,198.8,9.0,南西南,0.0,0.0,0.0
1782739136.341,198.8,9.0,南西南,0.0,0.0,0.0
1782739141.355,198.8,9.0,南西南,0.0,0.0,0.0
1782739146.358,198.8,9.0,南西南,0.0,0.0,0.0
1782739151.373,198.8,9.0,南西南,0.0,0.0,0.0
1782739156.386,198.8,9.0,南西南,0.0,0.0,0.0
1782739161.393,198.8,9.0,南西南,0.0,0.0,0.0
1782739166.408,198.8,9.0,南西南,0.0,0.0,0.0
1782739171.42,198.8,9.0,南西南,0.0,0.0,0.0
1782739176.426,198.8,9.0,南西南,0.0,0.0,0.0
1782739181.443,198.8,9.0,南西南,0.0,0.0,0.0
1782739186.445,198.8,9.0,南西南,0.0,0.0,0.0
1782739191.457,198.8,9.0,南西南,0.0,0.0,0.0
1782739196.472,198.8,9.0,南西南,0.0,0.0,0.0
1782739201.48,198.8,9.0,南西南,0.0,0.0,0.0
1782739206.496,198.8,9.0,南西南,0.0,0.0,0.0
1782739211.509,198.8,9.0,南西南,0.0,0.0,0.0
1782739216.513,198.8,9.0,南西南,0.0,0.0,0.0
1782739221.529,198.8,9.0,南西南,0.0,0.0,0.0
1782739226.539,198.8,9.0,南西南,0.0,0.0,0.0
1782739231.546,198.8,9.0,南西南,0.0,0.0,0.0
1782739236.561,198.8,9.0,南西南,0.0,0.0,0.0
1782739241.573,198.8,9.0,南西南,0.0,0.0,0.0
1782739246.58,198.8,9.0,南西南,0.0,0.0,0.0
1782739251.595,198.8,9.0,南西南,0.0,0.0,0.0
1782739256.608,198.8,9.0,南西南,0.0,0.0,0.0
1782739261.616,198.8,9.0,南西南,0.0,0.0,0.0
1782739266.627,198.8,9.0,南西南,0.0,0.0,0.0
1782739271.639,198.8,9.0,南西南,0.0,0.0,0.0
1782739276.644,198.8,9.0,南西南,0.0,0.0,0.0
1782739281.658,198.8,9.0,南西南,0.0,0.0,0.0
1782739286.664,198.8,9.0,南西南,0.0,0.0,0.0
1782739291.677,198.8,9.0,南西南,0.0,0.0,0.0
1782739296.687,198.8,9.0,南西南,0.0,0.0,0.0
1782739301.696,198.8,9.0,南西南,0.0,0.0,0.0
1782739306.711,198.8,9.0,南西南,0.0,0.0,0.0
1782739311.724,198.8,9.0,南西南,0.0,0.0,0.0
1782739316.727,198.8,9.0,南西南,0.0,0.0,0.0
1782739321.745,198.8,9.0,南西南,0.0,0.0,0.0
1782739326.757,198.8,9.0,南西南,0.0,0.0,0.0
1782739331.764,198.8,9.0,南西南,0.0,0.0,0.0
1782739336.778,198.8,9.0,南西南,0.0,0.0,0.0
1782739341.792,198.8,9.0,南西南,0.0,0.0,0.0
1782739346.802,198.8,9.0,南西南,0.0,0.0,0.0
1782739351.815,198.8,9.0,南西南,0.0,0.0,0.0
1782739356.829,198.8,9.0,南西南,0.0,0.0,0.0
1782739361.834,198.8,9.0,南西南,0.0,0.0,0.0
1782739366.844,198.8,9.0,南西南,0.0,0.0,0.0
1782739371.858,198.8,9.0,南西南,0.0,0.0,0.0
1782739376.867,198.8,9.0,南西南,0.0,0.0,0.0
1782739381.881,198.8,9.0,南西南,0.0,0.0,0.0
1782739386.887,198.8,9.0,南西南,0.0,0.0,0.0
1782739391.898,198.8,9.0,南西南,0.0,0.0,0.0
1782739396.912,198.8,9.0,南西南,0.0,0.0,0.0
1782739401.92,198.8,9.0,南西南,0.0,0.0,0.0
1782739406.935,198.8,9.0,南西南,0.0,0.0,0.0
1782739411.949,198.8,9.0,南西南,0.0,0.0,0.0
1782739416.958,198.8,9.0,南西南,0.0,0.0,0.0
1782739421.972,198.8,9.0,南西南,0.0,0.0,0.0
1782739426.982,198.8,9.0,南西南,0.0,0.0,0.0
1782739431.988,198.8,9.0,南西南,0.0,0.0,0.0
1782739437.0,198.8,9.0,南西南,0.0,0.0,0.0
1782739442.015,198.8,9.0,南西南,0.0,0.0,0.0
1782739447.02,198.8,9.0,南西南,0.0,0.0,0.0
1782739452.036,198.8,9.0,南西南,0.0,0.0,0.0
1782739457.044,198.8,9.0,南西南,0.0,0.0,0.0
1782739462.05,198.8,9.0,南西南,0.0,0.0,0.0
1782739467.066,198.8,9.0,南西南,0.0,0.0,0.0
1782739472.077,198.8,9.0,南西南,0.0,0.0,0.0
1782739477.08,198.8,9.0,南西南,0.0,0.0,0.0
1782739482.096,198.8,9.0,南西南,0.0,0.0,0.0
1782739487.1,198.8,9.0,南西南,0.0,0.0,0.0
1782739492.111,198.8,9.0,南西南,0.0,0.0,0.0
1782739497.122,198.8,9.0,南西南,0.0,0.0,0.0
1782739502.128,198.8,9.0,南西南,0.0,0.0,0.0
1782739507.139,198.8,9.0,南西南,0.0,0.0,0.0
1782739512.154,198.8,9.0,南西南,0.0,0.0,0.0
1782739517.16,198.8,9.0,南西南,0.0,0.0,0.0
1782739522.178,198.8,9.0,南西南,0.0,0.0,0.0
1782739527.191,198.8,9.0,南西南,0.0,0.0,0.0
1782739532.198,198.8,9.0,南西南,0.0,0.0,0.0
1782739537.213,198.8,9.0,南西南,0.0,0.0,0.0
1782739542.221,198.8,9.0,南西南,0.0,0.0,0.0
1782739547.224,198.8,9.0,南西南,0.0,0.0,0.0
1782739552.235,198.8,9.0,南西南,0.0,0.0,0.0
1782739557.248,198.8,9.0,南西南,0.0,0.0,0.0
1782739562.26,198.8,9.0,南西南,0.0,0.0,0.0
1782739567.269,198.8,9.0,南西南,0.0,0.0,0.0
1782739572.272,198.8,9.0,南西南,0.0,0.0,0.0
1782739577.284,198.8,9.0,南西南,0.0,0.0,0.0
1782739582.293,198.8,9.0,南西南,0.0,0.0,0.0
1782739587.296,198.8,9.0,南西南,0.0,0.0,0.0
1782739592.312,198.8,9.0,南西南,0.0,0.0,0.0
1782739597.321,198.8,9.0,南西南,0.0,0.0,0.0
1782739602.324,198.8,9.0,南西南,0.0,0.0,0.0
1782739607.335,198.8,9.0,南西南,0.0,0.0,0.0
1782739612.347,198.8,9.0,南西南,0.0,0.0,0.0
1782739617.353,198.8,9.0,南西南,0.0,0.0,0.0
1782739622.365,198.8,9.0,南西南,0.0,0.0,0.0
1782739627.374,198.8,9.0,南西南,0.0,0.0,0.0
1782739632.385,198.8,9.0,南西南,0.0,0.0,0.0
1782739637.398,198.8,9.0,南西南,0.0,0.0,0.0
1782739642.41,198.8,9.0,南西南,0.0,0.0,0.0
1782739647.42,198.8,9.0,南西南,0.0,0.0,0.0
1782739652.432,198.8,9.0,南西南,0.0,0.0,0.0
1782739657.441,198.8,9.0,南西南,0.0,0.0,0.0
1782739662.453,198.8,9.0,南西南,0.0,0.0,0.0
1782739667.466,198.8,9.0,南西南,0.0,0.0,0.0
1782739672.473,198.8,9.0,南西南,0.0,0.0,0.0
1782739677.49,198.8,9.0,南西南,0.0,0.0,0.0
1782739682.502,198.8,9.0,南西南,0.0,0.0,0.0
1782739687.508,198.8,9.0,南西南,0.0,0.0,0.0
1782739692.522,198.8,9.0,南西南,0.0,0.0,0.0
1782739697.532,198.8,9.0,南西南,0.0,0.0,0.0
1782739702.541,198.8,9.0,南西南,0.0,0.0,0.0
1782739707.556,198.8,9.0,南西南,0.0,0.0,0.0
1782739712.569,198.8,9.0,南西南,0.0,0.0,0.0
1782739717.58,198.8,9.0,南西南,0.0,0.0,0.0
1782739722.591,198.8,9.0,南西南,0.0,0.0,0.0
1782739727.604,198.8,9.0,南西南,0.0,0.0,0.0
1782739732.611,198.8,9.0,南西南,0.0,0.0,0.0
1782739737.624,198.8,9.0,南西南,0.0,0.0,0.0
1782739742.635,198.8,9.0,南西南,0.0,0.0,0.0
1782739747.645,198.8,9.0,南西南,0.0,0.0,0.0
1782739752.658,198.8,9.0,南西南,0.0,0.0,0.0
1782739757.664,198.8,9.0,南西南,0.0,0.0,0.0
1782739762.675,198.8,9.0,南西南,0.0,0.0,0.0
1782739767.687,198.8,9.0,南西南,0.0,0.0,0.0
1782739772.694,198.8,9.0,南西南,0.0,0.0,0.0
1782739777.705,198.8,9.0,南西南,0.0,0.0,0.0
1782739782.714,198.8,9.0,南西南,0.0,0.0,0.0
1782739787.72,198.8,9.0,南西南,0.0,0.0,0.0
1782739792.728,198.8,9.0,南西南,0.0,0.0,0.0
1782739797.741,198.8,9.0,南西南,0.0,0.0,0.0
1782739802.75,198.8,9.0,南西南,0.0,0.0,0.0
1782739807.764,198.8,9.0,南西南,0.0,0.0,0.0
1782739812.776,198.8,9.0,南西南,0.0,0.0,0.0
1782739817.787,198.8,9.0,南西南,0.0,0.0,0.0
1782739822.8,198.8,9.0,南西南,0.0,0.0,0.0
1782739827.812,198.8,9.0,南西南,0.0,0.0,0.0
1782739832.821,198.8,9.0,南西南,0.0,0.0,0.0
1782739837.834,198.8,9.0,南西南,0.0,0.0,0.0
1782739842.845,198.8,9.0,南西南,0.0,0.0,0.0
1782739847.856,198.8,9.0,南西南,0.0,0.0,0.0
1782739852.864,198.8,9.0,南西南,0.0,0.0,0.0
1782739857.872,198.8,9.0,南西南,0.0,0.0,0.0
1782739862.883,198.8,9.0,南西南,0.0,0.0,0.0
1782739867.895,198.8,9.0,南西南,0.0,0.0,0.0
1782739872.902,198.8,9.0,南西南,0.0,0.0,0.0
1782739877.914,198.8,9.0,南西南,0.0,0.0,0.0
1782739882.927,198.8,9.0,南西南,0.0,0.0,0.0
1782739887.937,198.8,9.0,南西南,0.0,0.0,0.0
1782739892.95,198.8,9.0,南西南,0.0,0.0,0.0
1782739897.964,198.8,9.0,南西南,0.0,0.0,0.0
1782739902.971,198.8,9.0,南西南,0.0,0.0,0.0
1782739907.982,198.8,9.0,南西南,0.0,0.0,0.0
1782739912.995,198.8,9.0,南西南,0.0,0.0,0.0
1782739918.006,198.8,9.0,南西南,0.0,0.0,0.0
1782739923.018,198.8,9.0,南西南,0.0,0.0,0.0
1782739928.029,198.8,9.0,南西南,0.0,0.0,0.0
1782739933.04,198.8,9.0,南西南,0.0,0.0,0.0
1782739938.053,198.8,9.0,南西南,0.0,0.0,0.0
1782739943.055,198.8,9.0,南西南,0.0,0.0,0.0
1782739948.069,198.8,9.0,南西南,0.0,0.0,0.0
1782739953.081,198.8,9.0,南西南,0.0,0.0,0.0
1782739958.091,198.8,9.0,南西南,0.0,0.0,0.0
1782739963.104,198.8,9.0,南西南,0.0,0.0,0.0
1782739968.116,198.8,9.0,南西南,0.0,0.0,0.0
1782739973.126,198.8,9.0,南西南,0.0,0.0,0.0
1782739978.138,198.8,9.0,南西南,0.0,0.0,0.0
1782739983.148,198.8,9.0,南西南,0.0,0.0,0.0
1782739988.158,198.8,9.0,南西南,0.0,0.0,0.0
1782739993.171,198.8,9.0,南西南,0.0,0.0,0.0
1782739998.182,198.8,9.0,南西南,0.0,0.0,0.0
1782740003.193,198.8,9.0,南西南,0.0,0.0,0.0
1782740008.205,198.8,9.0,南西南,0.0,0.0,0.0
1782740013.218,198.8,9.0,南西南,0.0,0.0,0.0
1782740018.223,198.8,9.0,南西南,0.0,0.0,0.0
1782740023.235,198.8,9.0,南西南,0.0,0.0,0.0
1782740028.236,198.8,9.0,南西南,0.0,0.0,0.0
1782740033.252,198.8,9.0,南西南,0.0,0.0,0.0
1782740038.264,198.8,9.0,南西南,0.0,0.0,0.0
1782740043.27,198.8,9.0,南西南,0.0,0.0,0.0
1782740048.282,198.8,9.0,南西南,0.0,0.0,0.0
1782740053.291,198.8,9.0,南西南,0.0,0.0,0.0
1782740058.301,198.8,9.0,南西南,0.0,0.0,0.0
1782740063.31,198.8,9.0,南西南,0.0,0.0,0.0
1782740068.321,198.8,9.0,南西南,0.0,0.0,0.0
1782740073.333,198.8,9.0,南西南,0.0,0.0,0.0
1782740078.345,198.8,9.0,南西南,0.0,0.0,0.0
1782740083.358,198.8,9.0,南西南,0.0,0.0,0.0
1782740088.367,198.8,9.0,南西南,0.0,0.0,0.0
1782740093.38,198.8,9.0,南西南,0.0,0.0,0.0
1782740098.393,198.8,9.0,南西南,0.0,0.0,0.0
1782740103.402,198.8,9.0,南西南,0.0,0.0,0.0
1782740108.414,198.8,9.0,南西南,0.0,0.0,0.0
1782740113.424,198.8,9.0,南西南,0.0,0.0,0.0
1782740118.432,198.8,9.0,南西南,0.0,0.0,0.0
1782740123.446,198.8,9.0,南西南,0.0,0.0,0.0
1782740128.456,198.8,9.0,南西南,0.0,0.0,0.0
1782740133.47,198.8,9.0,南西南,0.0,0.0,0.0
1782740138.479,198.8,9.0,南西南,0.0,0.0,0.0
1782740143.488,198.8,9.0,南西南,0.0,0.0,0.0
1782740148.5,198.8,9.0,南西南,0.0,0.0,0.0
1782740153.511,198.8,9.0,南西南,0.0,0.0,0.0
1782740158.519,198.8,9.0,南西南,0.0,0.0,0.0
1782740163.528,198.8,9.0,南西南,0.0,0.0,0.0
1782740168.545,198.8,9.0,南西南,0.0,0.0,0.0
1782740173.551,198.8,9.0,南西南,0.0,0.0,0.0
1782740178.564,198.8,9.0,南西南,0.0,0.0,0.0
1782740183.576,198.8,9.0,南西南,0.0,0.0,0.0
1782740188.585,198.8,9.0,南西南,0.0,0.0,0.0
1782740193.594,198.8,9.0,南西南,0.0,0.0,0.0
1782740198.609,198.8,9.0,南西南,0.0,0.0,0.0
1782740203.617,198.8,9.0,南西南,0.0,0.0,0.0
1782740208.631,198.8,9.0,南西南,0.0,0.0,0.0
1782740213.635,198.8,9.0,南西南,0.0,0.0,0.0
1782740218.648,198.8,9.0,南西南,0.0,0.0,0.0
1782740223.662,198.8,9.0,南西南,0.0,0.0,0.0
1782740228.674,198.8,9.0,南西南,0.0,0.0,0.0
1782740233.684,198.8,9.0,南西南,0.0,0.0,0.0
1782740238.697,198.8,9.0,南西南,0.0,0.0,0.0
1782740243.706,198.8,9.0,南西南,0.0,0.0,0.0
1782740248.721,198.8,9.0,南西南,0.0,0.0,0.0
1782740253.734,198.8,9.0,南西南,0.0,0.0,0.0
1782740258.738,198.8,9.0,南西南,0.0,0.0,0.0
1782740263.75,198.8,9.0,南西南,0.0,0.0,0.0
1782740268.765,198.8,9.0,南西南,0.0,0.0,0.0
1782740273.776,198.8,9.0,南西南,0.0,0.0,0.0
1782740278.788,198.8,9.0,南西南,0.0,0.0,0.0
1782740283.801,198.8,9.0,南西南,0.0,0.0,0.0
1782740288.809,198.8,9.0,南西南,0.0,0.0,0.0
1782740293.818,198.8,9.0,南西南,0.0,0.0,0.0
1782740298.825,198.8,9.0,南西南,0.0,0.0,0.0
1782740303.834,198.8,9.0,南西南,0.0,0.0,0.0
1782740308.842,198.8,9.0,南西南,0.0,0.0,0.0
1782740313.849,198.8,9.0,南西南,0.0,0.0,0.0
1782740318.86,198.8,9.0,南西南,0.0,0.0,0.0
1782740323.87,198.8,9.0,南西南,0.0,0.0,0.0
1782740328.877,198.8,9.0,南西南,0.0,0.0,0.0
1782740333.884,198.8,9.0,南西南,0.0,0.0,0.0
1782740338.894,198.8,9.0,南西南,0.0,0.0,0.0
1782740343.903,198.8,9.0,南西南,0.0,0.0,0.0
1782740348.915,198.8,9.0,南西南,0.0,0.0,0.0
1782740353.929,198.8,9.0,南西南,0.0,0.0,0.0
1782740358.935,198.8,9.0,南西南,0.0,0.0,0.0
1782740363.95,198.8,9.0,南西南,0.0,0.0,0.0
1782740368.964,198.8,9.0,南西南,0.0,0.0,0.0
1782740373.971,198.8,9.0,南西南,0.0,0.0,0.0
1782740378.982,198.8,9.0,南西南,0.0,0.0,0.0
1782740383.99,198.8,9.0,南西南,0.0,0.0,0.0
1782740389.002,198.8,9.0,南西南,0.0,0.0,0.0
1782740394.014,198.8,9.0,南西南,0.0,0.0,0.0
1782740399.02,198.8,9.0,南西南,0.0,0.0,0.0
1782740404.029,198.8,9.0,南西南,0.0,0.0,0.0
1782740409.04,198.8,9.0,南西南,0.0,0.0,0.0
1782740414.045,198.8,9.0,南西南,0.0,0.0,0.0
1782740419.056,198.8,9.0,南西南,0.0,0.0,0.0
1782740424.064,198.8,9.0,南西南,0.0,0.0,0.0
1782740429.069,198.8,9.0,南西南,0.0,0.0,0.0
1782740434.078,198.8,9.0,南西南,0.0,0.0,0.0
1782740439.085,198.8,9.0,南西南,0.0,0.0,0.0
1782740444.088,198.8,9.0,南西南,0.0,0.0,0.0
1782740449.097,198.8,9.0,南西南,0.0,0.0,0.0
1782740454.108,198.8,9.0,南西南,0.0,0.0,0.0
1782740459.117,198.8,9.0,南西南,0.0,0.0,0.0
1782740464.129,198.8,9.0,南西南,0.0,0.0,0.0
1782740469.139,198.8,9.0,南西南,0.0,0.0,0.0
1782740474.151,198.8,9.0,南西南,0.0,0.0,0.0
1782740479.165,198.8,9.0,南西南,0.0,0.0,0.0
1782740484.173,198.8,9.0,南西南,0.0,0.0,0.0
1782740489.19,198.8,9.0,南西南,0.0,0.0,0.0
1782740494.202,198.8,9.0,南西南,0.0,0.0,0.0
1782740499.209,198.8,9.0,南西南,0.0,0.0,0.0
1782740504.225,198.8,9.0,南西南,0.0,0.0,0.0
1782740509.238,198.8,9.0,南西南,0.0,0.0,0.0
1782740514.241,198.8,9.0,南西南,0.0,0.0,0.0
1782740519.252,198.8,9.0,南西南,0.0,0.0,0.0
1782740524.266,198.8,9.0,南西南,0.0,0.0,0.0
1782740529.275,198.8,9.0,南西南,0.0,0.0,0.0
1782740534.288,198.8,9.0,南西南,0.0,0.0,0.0
1782740539.298,198.8,9.0,南西南,0.0,0.0,0.0
1782740544.304,198.8,9.0,南西南,0.0,0.0,0.0
1782740549.317,198.8,9.0,南西南,0.0,0.0,0.0
1782740554.329,198.8,9.0,南西南,0.0,0.0,0.0
1782740559.337,198.8,9.0,南西南,0.0,0.0,0.0
1782740564.343,198.8,9.0,南西南,0.0,0.0,0.0
1782740569.349,198.8,9.0,南西南,0.0,0.0,0.0
1782740574.354,198.8,9.0,南西南,0.0,0.0,0.0
1782740579.366,198.8,9.0,南西南,0.0,0.0,0.0
1782740584.374,198.8,9.0,南西南,0.0,0.0,0.0
1782740589.381,198.8,9.0,南西南,0.0,0.0,0.0
1782740594.393,198.8,9.0,南西南,0.0,0.0,0.0
1782740599.396,198.8,9.0,南西南,0.0,0.0,0.0
1782740604.405,198.8,9.0,南西南,0.0,0.0,0.0
1782740609.412,198.8,9.0,南西南,0.0,0.0,0.0
1782740614.414,198.8,9.0,南西南,0.0,0.0,0.0
1782740619.423,198.8,9.0,南西南,0.0,0.0,0.0
1782740624.433,198.8,9.0,南西南,0.0,0.0,0.0
1782740629.439,198.8,9.0,南西南,0.0,0.0,0.0
1782740634.451,198.8,9.0,南西南,0.0,0.0,0.0
1782740639.459,198.8,9.0,南西南,0.0,0.0,0.0
1782740644.474,198.8,9.0,南西南,0.0,0.0,0.0
1782740649.489,198.8,9.0,南西南,0.0,0.0,0.0
1782740654.496,198.8,9.0,南西南,0.0,0.0,0.0
1782740659.504,198.8,9.0,南西南,0.0,0.0,0.0
1782740664.517,198.8,9.0,南西南,0.0,0.0,0.0
1782740669.526,198.8,9.0,南西南,0.0,0.0,0.0
1782740674.534,198.8,9.0,南西南,0.0,0.0,0.0
1782740679.545,198.8,9.0,南西南,0.0,0.0,0.0
1782740684.549,198.8,9.0,南西南,0.0,0.0,0.0
1782740689.557,198.8,9.0,南西南,0.0,0.0,0.0
1782740694.569,198.8,9.0,南西南,0.0,0.0,0.0
1782740699.572,198.8,9.0,南西南,0.0,0.0,0.0
1782740704.583,198.8,9.0,南西南,0.0,0.0,0.0
1782740709.593,198.8,9.0,南西南,0.0,0.0,0.0
1782740714.595,198.8,9.0,南西南,0.0,0.0,0.0
1782740719.607,198.8,9.0,南西南,0.0,0.0,0.0
1782740724.612,198.8,9.0,南西南,0.0,0.0,0.0
1782740729.62,198.8,9.0,南西南,0.0,0.0,0.0
1782740734.631,198.8,9.0,南西南,0.0,0.0,0.0
1782740739.637,198.8,9.0,南西南,0.0,0.0,0.0
1782740744.646,198.8,9.0,南西南,0.0,0.0,0.0
1782740749.655,198.8,9.0,南西南,0.0,0.0,0.0
1782740754.661,198.8,9.0,南西南,0.0,0.0,0.0
1782740759.668,198.8,9.0,南西南,0.0,0.0,0.0
1782740764.681,198.8,9.0,南西南,0.0,0.0,0.0
1782740769.687,198.8,9.0,南西南,0.0,0.0,0.0
1782740774.697,198.8,9.0,南西南,0.0,0.0,0.0
1782740779.707,198.8,9.0,南西南,0.0,0.0,0.0
1782740784.714,198.8,9.0,南西南,0.0,0.0,0.0
1782740789.723,198.8,9.0,南西南,0.0,0.0,0.0
1782740794.731,198.8,9.0,南西南,0.0,0.0,0.0
1782740799.736,198.8,9.0,南西南,0.0,0.0,0.0
1782740804.746,198.8,9.0,南西南,0.0,0.0,0.0
1782740809.754,198.8,9.0,南西南,0.0,0.0,0.0
1782740814.759,198.8,9.0,南西南,0.0,0.0,0.0
1782740819.77,198.8,9.0,南西南,0.0,0.0,0.0
1782740824.776,198.8,9.0,南西南,0.0,0.0,0.0
1782740829.786,198.8,9.0,南西南,0.0,0.0,0.0
1782740834.796,198.8,9.0,南西南,0.0,0.0,0.0
1782740839.802,198.8,9.0,南西南,0.0,0.0,0.0
1782740844.811,198.8,9.0,南西南,0.0,0.0,0.0
1782740849.822,198.8,9.0,南西南,0.0,0.0,0.0
1782740854.824,198.8,9.0,南西南,0.0,0.0,0.0
1782740859.834,198.8,9.0,南西南,0.0,0.0,0.0
1782740864.846,198.8,9.0,南西南,0.0,0.0,0.0
1782740869.852,198.8,9.0,南西南,0.0,0.0,0.0
1782740874.867,198.8,9.0,南西南,0.0,0.0,0.0
1782740879.882,198.8,9.0,南西南,0.0,0.0,0.0
1782740884.891,198.8,9.0,南西南,0.0,0.0,0.0
1782740889.901,198.8,9.0,南西南,0.0,0.0,0.0
1782740894.904,198.8,9.0,南西南,0.0,0.0,0.0
1782740899.914,198.8,9.0,南西南,0.0,0.0,0.0
1782740904.926,198.8,9.0,南西南,0.0,0.0,0.0
1782740909.932,198.8,9.0,南西南,0.0,0.0,0.0
1782740914.944,198.8,9.0,南西南,0.0,0.0,0.0
1782740919.961,198.8,9.0,南西南,0.0,0.0,0.0
1782740924.966,198.8,9.0,南西南,0.0,0.0,0.0
1782740929.977,198.8,9.0,南西南,0.0,0.0,0.0
1782740934.992,198.8,9.0,南西南,0.0,0.0,0.0
1782740940.001,198.8,9.0,南西南,0.0,0.0,0.0
1782740945.01,198.8,9.0,南西南,0.0,0.0,0.0
1782740950.025,198.8,9.0,南西南,0.0,0.0,0.0
1782740955.034,198.8,9.0,南西南,0.0,0.0,0.0
1782740960.045,198.8,9.0,南西南,0.0,0.0,0.0
1782740965.054,198.8,9.0,南西南,0.0,0.0,0.0
1782740970.06,198.8,9.0,南西南,0.0,0.0,0.0
1782740975.072,198.8,9.0,南西南,0.0,0.0,0.0
1782740980.082,198.8,9.0,南西南,0.0,0.0,0.0
1782740985.089,198.8,9.0,南西南,0.0,0.0,0.0
1782740990.105,198.8,9.0,南西南,0.0,0.0,0.0
1782740995.111,198.8,9.0,南西南,0.0,0.0,0.0
1782741000.123,198.8,9.0,南西南,0.0,0.0,0.0
1782741005.138,198.8,9.0,南西南,0.0,0.0,0.0
1782741010.144,198.8,9.0,南西南,0.0,0.0,0.0
1782741015.155,198.8,9.0,南西南,0.0,0.0,0.0
1782741020.169,198.8,9.0,南西南,0.0,0.0,0.0
1782741025.179,198.8,9.0,南西南,0.0,0.0,0.0
1782741030.191,198.8,9.0,南西南,0.0,0.0,0.0
1782741035.207,198.8,9.0,南西南,0.0,0.0,0.0
1782741040.216,198.8,9.0,南西南,0.0,0.0,0.0
1782741045.23,198.8,9.0,南西南,0.0,0.0,0.0
1782741050.241,198.8,9.0,南西南,0.0,0.0,0.0
1782741055.246,198.8,9.0,南西南,0.0,0.0,0.0
1782741060.255,198.8,9.0,南西南,0.0,0.0,0.0
1782741065.264,198.8,9.0,南西南,0.0,0.0,0.0
1782741070.272,198.8,9.0,南西南,0.0,0.0,0.0
1782741075.282,198.8,9.0,南西南,0.0,0.0,0.0
1782741080.285,198.8,9.0,南西南,0.0,0.0,0.0
1782741085.293,198.8,9.0,南西南,0.0,0.0,0.0
1782741090.305,198.8,9.0,南西南,0.0,0.0,0.0
1782741095.311,198.8,9.0,南西南,0.0,0.0,0.0
1782741100.318,198.8,9.0,南西南,0.0,0.0,0.0
1782741105.326,198.8,9.0,南西南,0.0,0.0,0.0
1782741110.33,198.8,9.0,南西南,0.0,0.0,0.0
1782741115.334,198.8,9.0,南西南,0.0,0.0,0.0
1782741120.347,198.8,9.0,南西南,0.0,0.0,0.0
1782741125.353,198.8,9.0,南西南,0.0,0.0,0.0
1782741130.359,198.8,9.0,南西南,0.0,0.0,0.0
1782741135.368,198.8,9.0,南西南,0.0,0.0,0.0
1782741140.378,198.8,9.0,南西南,0.0,0.0,0.0
1782741145.39,198.8,9.0,南西南,0.0,0.0,0.0
1782741150.401,198.8,9.0,南西南,0.0,0.0,0.0
1782741155.404,198.8,9.0,南西南,0.0,0.0,0.0
1782741160.42,198.8,9.0,南西南,0.0,0.0,0.0
1782741165.428,198.8,9.0,南西南,0.0,0.0,0.0
1782741170.438,198.8,9.0,南西南,0.0,0.0,0.0
1782741175.449,198.8,9.0,南西南,0.0,0.0,0.0
1782741180.456,198.8,9.0,南西南,0.0,0.0,0.0
1782741185.466,198.8,9.0,南西南,0.0,0.0,0.0
1782741190.481,198.8,9.0,南西南,0.0,0.0,0.0
1782741195.487,198.8,9.0,南西南,0.0,0.0,0.0
1782741200.499,198.8,9.0,南西南,0.0,0.0,0.0
1782741205.51,198.8,9.0,南西南,0.0,0.0,0.0
1782741210.516,198.8,9.0,南西南,0.0,0.0,0.0
1782741215.528,198.8,9.0,南西南,0.0,0.0,0.0
1782741220.541,198.8,9.0,南西南,0.0,0.0,0.0
1782741225.544,198.8,9.0,南西南,0.0,0.0,0.0
1782741230.555,198.8,9.0,南西南,0.0,0.0,0.0
1782741235.566,198.8,9.0,南西南,0.0,0.0,0.0
1782741240.574,198.8,9.0,南西南,0.0,0.0,0.0
1782741245.585,198.8,9.0,南西南,0.0,0.0,0.0
1782741250.591,198.8,9.0,南西南,0.0,0.0,0.0
1782741255.602,198.8,9.0,南西南,0.0,0.0,0.0
1782741260.613,198.8,9.0,南西南,0.0,0.0,0.0
1782741265.616,198.8,9.0,南西南,0.0,0.0,0.0
1782741270.626,198.8,9.0,南西南,0.0,0.0,0.0
1782741275.639,198.8,9.0,南西南,0.0,0.0,0.0
1782741280.642,198.8,9.0,南西南,0.0,0.0,0.0
1782741285.65,198.8,9.0,南西南,0.0,0.0,0.0
1782741290.658,198.8,9.0,南西南,0.0,0.0,0.0
1782741295.664,198.8,9.0,南西南,0.0,0.0,0.0
1782741300.675,198.8,9.0,南西南,0.0,0.0,0.0
1782741305.684,198.8,9.0,南西南,0.0,0.0,0.0
1782741310.689,198.8,9.0,南西南,0.0,0.0,0.0
1782741315.701,198.8,9.0,南西南,0.0,0.0,0.0
1782741320.707,198.8,9.0,南西南,0.0,0.0,0.0
1782741325.712,198.8,9.0,南西南,0.0,0.0,0.0
1782741330.723,198.8,9.0,南西南,0.0,0.0,0.0
1782741335.729,198.8,9.0,南西南,0.0,0.0,0.0
1782741340.737,198.8,9.0,南西南,0.0,0.0,0.0
1782741345.748,198.8,9.0,南西南,0.0,0.0,0.0
1782741350.752,198.8,9.0,南西南,0.0,0.0,0.0
1782741355.764,198.8,9.0,南西南,0.0,0.0,0.0
1782741360.772,198.8,9.0,南西南,0.0,0.0,0.0
1782741365.778,198.8,9.0,南西南,0.0,0.0,0.0
1782741370.789,198.8,9.0,南西南,0.0,0.0,0.0
1782741375.799,198.8,9.0,南西南,0.0,0.0,0.0
1782741380.805,198.8,9.0,南西南,0.0,0.0,0.0
1782741385.816,198.8,9.0,南西南,0.0,0.0,0.0
1782741390.823,198.8,9.0,南西南,0.0,0.0,0.0
1782741395.826,198.8,9.0,南西南,0.0,0.0,0.0
1782741400.837,198.8,9.0,南西南,0.0,0.0,0.0
1782741405.842,198.8,9.0,南西南,0.0,0.0,0.0
1782741410.848,198.8,9.0,南西南,0.0,0.0,0.0
1782741415.86,198.8,9.0,南西南,0.0,0.0,0.0
1782741420.867,198.8,9.0,南西南,0.0,0.0,0.0
1782741425.876,198.8,9.0,南西南,0.0,0.0,0.0
1782741430.882,198.8,9.0,南西南,0.0,0.0,0.0
1782741435.89,198.8,9.0,南西南,0.0,0.0,0.0
1782741440.9,198.8,9.0,南西南,0.0,0.0,0.0
1782741445.905,198.8,9.0,南西南,0.0,0.0,0.0
1782741450.908,198.8,9.0,南西南,0.0,0.0,0.0
1782741455.919,198.8,9.0,南西南,0.0,0.0,0.0
1782741460.929,198.8,9.0,南西南,0.0,0.0,0.0
1782741465.935,198.8,9.0,南西南,0.0,0.0,0.0
1782741470.946,198.8,9.0,南西南,0.0,0.0,0.0
1782741475.956,198.8,9.0,南西南,0.0,0.0,0.0
1782741480.962,198.8,9.0,南西南,0.0,0.0,0.0
1782741485.974,198.8,9.0,南西南,0.0,0.0,0.0
1782741490.981,198.8,9.0,南西南,0.0,0.0,0.0
1782741495.987,198.8,9.0,南西南,0.0,0.0,0.0
1782741500.998,198.8,9.0,南西南,0.0,0.0,0.0
1782741506.004,198.8,9.0,南西南,0.0,0.0,0.0
1782741511.014,198.8,9.0,南西南,0.0,0.0,0.0
1782741516.023,198.8,9.0,南西南,0.0,0.0,0.0
1782741521.03,198.8,9.0,南西南,0.0,0.0,0.0
1782741526.041,198.8,9.0,南西南,0.0,0.0,0.0
1782741531.05,198.8,9.0,南西南,0.0,0.0,0.0
1782741536.058,198.8,9.0,南西南,0.0,0.0,0.0
1782741541.069,198.8,9.0,南西南,0.0,0.0,0.0
1782741546.078,198.8,9.0,南西南,0.0,0.0,0.0
1782741551.084,198.8,9.0,南西南,0.0,0.0,0.0
1782741556.096,198.8,9.0,南西南,0.0,0.0,0.0
1782741561.103,198.8,9.0,南西南,0.0,0.0,0.0
1782741566.11,198.8,9.0,南西南,0.0,0.0,0.0
1782741571.119,198.8,9.0,南西南,0.0,0.0,0.0
1782741576.125,198.8,9.0,南西南,0.0,0.0,0.0
1782741581.134,198.8,9.0,南西南,0.0,0.0,0.0
1782741586.146,198.8,9.0,南西南,0.0,0.0,0.0
1782741591.152,198.8,9.0,南西南,0.0,0.0,0.0
1782741596.164,198.8,9.0,南西南,0.0,0.0,0.0
1782741601.173,198.8,9.0,南西南,0.0,0.0,0.0
1782741606.179,198.8,9.0,南西南,0.0,0.0,0.0
1782741611.191,198.8,9.0,南西南,0.0,0.0,0.0
1782741616.201,198.8,9.0,南西南,0.0,0.0,0.0
1782741621.203,198.8,9.0,南西南,0.0,0.0,0.0
1782741626.213,198.8,9.0,南西南,0.0,0.0,0.0
1782741631.223,198.8,9.0,南西南,0.0,0.0,0.0
1782741636.229,198.8,9.0,南西南,0.0,0.0,0.0
1782741641.236,198.8,9.0,南西南,0.0,0.0,0.0
1782741646.241,198.8,9.0,南西南,0.0,0.0,0.0
1782741651.249,198.8,9.0,南西南,0.0,0.0,0.0
1782741656.261,198.8,9.0,南西南,0.0,0.0,0.0
1782741661.267,198.8,9.0,南西南,0.0,0.0,0.0
1782741666.278,198.8,9.0,南西南,0.0,0.0,0.0
1782741671.288,198.8,9.0,南西南,0.0,0.0,0.0
1782741676.294,198.8,9.0,南西南,0.0,0.0,0.0
1782741681.303,198.8,9.0,南西南,0.0,0.0,0.0
1782741686.311,198.8,9.0,南西南,0.0,0.0,0.0
1782741691.317,198.8,9.0,南西南,0.0,0.0,0.0
1782741696.327,198.8,9.0,南西南,0.0,0.0,0.0
1782741701.337,198.8,9.0,南西南,0.0,0.0,0.0
1782741706.342,198.8,9.0,南西南,0.0,0.0,0.0
1782741711.353,198.8,9.0,南西南,0.0,0.0,0.0
1782741716.364,198.8,9.0,南西南,0.0,0.0,0.0
1782741721.365,198.8,9.0,南西南,0.0,0.0,0.0
1782741726.373,198.8,9.0,南西南,0.0,0.0,0.0
1782741731.378,198.8,9.0,南西南,0.0,0.0,0.0
1782741736.388,198.8,9.0,南西南,0.0,0.0,0.0
1782741741.399,198.8,9.0,南西南,0.0,0.0,0.0
1782741746.405,198.8,9.0,南西南,0.0,0.0,0.0
1782741751.417,198.8,9.0,南西南,0.0,0.0,0.0
1782741756.423,198.8,9.0,南西南,0.0,0.0,0.0
1782741761.43,198.8,9.0,南西南,0.0,0.0,0.0
1782741766.441,198.8,9.0,南西南,0.0,0.0,0.0
1782741771.45,198.8,9.0,南西南,0.0,0.0,0.0
1782741776.46,198.8,9.0,南西南,0.0,0.0,0.0
1782741781.474,198.8,9.0,南西南,0.0,0.0,0.0
1782741786.487,198.8,9.0,南西南,0.0,0.0,0.0
1782741791.493,198.8,9.0,南西南,0.0,0.0,0.0
1782741796.508,198.8,9.0,南西南,0.0,0.0,0.0
1782741801.514,198.8,9.0,南西南,0.0,0.0,0.0
1782741806.527,198.8,9.0,南西南,0.0,0.0,0.0
1782741811.54,198.8,9.0,南西南,0.0,0.0,0.0
1782741816.547,198.8,9.0,南西南,0.0,0.0,0.0
1782741821.56,198.8,9.0,南西南,0.0,0.0,0.0
1782741826.572,198.8,9.0,南西南,0.0,0.0,0.0
1782741831.579,198.8,9.0,南西南,0.0,0.0,0.0
1782741836.591,198.8,9.0,南西南,0.0,0.0,0.0
1782741841.603,198.8,9.0,南西南,0.0,0.0,0.0
1782741846.613,198.8,9.0,南西南,0.0,0.0,0.0
1782741851.629,198.8,9.0,南西南,0.0,0.0,0.0
1782741856.641,198.8,9.0,南西南,0.0,0.0,0.0
1782741861.648,198.8,9.0,南西南,0.0,0.0,0.0
1782741866.659,198.8,9.0,南西南,0.0,0.0,0.0
1782741871.669,198.8,9.0,南西南,0.0,0.0,0.0
1782741876.675,198.8,9.0,南西南,0.0,0.0,0.0
1782741881.691,198.8,9.0,南西南,0.0,0.0,0.0
1782741886.699,198.8,9.0,南西南,0.0,0.0,0.0
1782741891.711,198.8,9.0,南西南,0.0,0.0,0.0
1782741896.726,198.8,9.0,南西南,0.0,0.0,0.0
1782741901.732,198.8,9.0,南西南,0.0,0.0,0.0
1782741906.749,198.8,9.0,南西南,0.0,0.0,0.0
1782741911.761,198.8,9.0,南西南,0.0,0.0,0.0
1782741916.764,198.8,9.0,南西南,0.0,0.0,0.0
1782741921.778,198.8,9.0,南西南,0.0,0.0,0.0
1782741926.792,198.8,9.0,南西南,0.0,0.0,0.0
1782741931.798,198.8,9.0,南西南,0.0,0.0,0.0
1782741936.814,198.8,9.0,南西南,0.0,0.0,0.0
1782741941.824,198.8,9.0,南西南,0.0,0.0,0.0
1782741946.833,198.8,9.0,南西南,0.0,0.0,0.0
1782741951.846,198.8,9.0,南西南,0.0,0.0,0.0
1782741956.858,198.8,9.0,南西南,0.0,0.0,0.0
1782741961.866,198.8,9.0,南西南,0.0,0.0,0.0
1782741966.879,198.8,9.0,南西南,0.0,0.0,0.0
1782741971.888,198.8,9.0,南西南,0.0,0.0,0.0
1782741976.892,198.8,9.0,南西南,0.0,0.0,0.0
1782741981.902,198.8,9.0,南西南,0.0,0.0,0.0
1782741986.911,198.8,9.0,南西南,0.0,0.0,0.0
1782741991.92,198.8,9.0,南西南,0.0,0.0,0.0
1782741996.929,198.8,9.0,南西南,0.0,0.0,0.0
1782742001.932,198.8,9.0,南西南,0.0,0.0,0.0
1782742006.948,198.8,9.0,南西南,0.0,0.0,0.0
1782742011.96,198.8,9.0,南西南,0.0,0.0,0.0
1782742016.966,198.8,9.0,南西南,0.0,0.0,0.0
1782742021.978,198.8,9.0,南西南,0.0,0.0,0.0
1782742026.989,198.8,9.0,南西南,0.0,0.0,0.0
1782742031.994,198.8,9.0,南西南,0.0,0.0,0.0
1782742037.005,198.8,9.0,南西南,0.0,0.0,0.0
1782742042.013,198.8,9.0,南西南,0.0,0.0,0.0
1782742047.022,198.8,9.0,南西南,0.0,0.0,0.0
1782742052.036,198.8,9.0,南西南,0.0,0.0,0.0
1782742057.049,198.8,9.0,南西南,0.0,0.0,0.0
1782742062.055,198.8,9.0,南西南,0.0,0.0,0.0
1782742067.07,198.8,9.0,南西南,0.0,0.0,0.0
1782742072.076,198.8,9.0,南西南,0.0,0.0,0.0
1782742077.088,198.8,9.0,南西南,0.0,0.0,0.0
1782742082.1,198.8,9.0,南西南,0.0,0.0,0.0
1782742087.108,198.8,9.0,南西南,0.0,0.0,0.0
1782742092.124,198.8,9.0,南西南,0.0,0.0,0.0
1782742097.133,198.8,9.0,南西南,0.0,0.0,0.0
1782742102.14,198.8,9.0,南西南,0.0,0.0,0.0
1782742107.158,198.8,9.0,南西南,0.0,0.0,0.0
1782742112.166,198.8,9.0,南西南,0.0,0.0,0.0
1782742117.169,198.8,9.0,南西南,0.0,0.0,0.0
1782742122.183,198.8,9.0,南西南,0.0,0.0,0.0
1782742127.195,198.8,9.0,南西南,0.0,0.0,0.0
1782742132.2,198.8,9.0,南西南,0.0,0.0,0.0
1782742137.215,198.8,9.0,南西南,0.0,0.0,0.0
1782742142.228,198.8,9.0,南西南,0.0,0.0,0.0
1782742147.234,198.8,9.0,南西南,0.0,0.0,0.0
1782742152.248,198.8,9.0,南西南,0.0,0.0,0.0
1782742157.256,198.8,9.0,南西南,0.0,0.0,0.0
1782742162.264,198.8,9.0,南西南,0.0,0.0,0.0
1782742167.276,198.8,9.0,南西南,0.0,0.0,0.0
1782742172.283,198.8,9.0,南西南,0.0,0.0,0.0
1782742177.299,198.8,9.0,南西南,0.0,0.0,0.0
1782742182.31,198.8,9.0,南西南,0.0,0.0,0.0
1782742187.318,198.8,9.0,南西南,0.0,0.0,0.0
1782742192.332,198.8,9.0,南西南,0.0,0.0,0.0
1782742197.346,198.8,9.0,南西南,0.0,0.0,0.0
1782742202.353,198.8,9.0,南西南,0.0,0.0,0.0
1782742207.37,198.8,9.0,南西南,0.0,0.0,0.0
1782742212.381,198.8,9.0,南西南,0.0,0.0,0.0
1782742217.388,198.8,9.0,南西南,0.0,0.0,0.0
1782742222.4,198.8,9.0,南西南,0.0,0.0,0.0
1782742227.414,198.8,9.0,南西南,0.0,0.0,0.0
1782742232.421,198.8,9.0,南西南,0.0,0.0,0.0
1782742237.435,198.8,9.0,南西南,0.0,0.0,0.0
1782742242.449,198.8,9.0,南西南,0.0,0.0,0.0
1782742247.46,198.8,9.0,南西南,0.0,0.0,0.0
1782742252.472,198.8,9.0,南西南,0.0,0.0,0.0
1782742257.484,198.8,9.0,南西南,0.0,0.0,0.0
1782742262.494,198.8,9.0,南西南,0.0,0.0,0.0
1782742267.506,198.8,9.0,南西南,0.0,0.0,0.0
1782742272.514,198.8,9.0,南西南,0.0,0.0,0.0
1782742277.528,198.8,9.0,南西南,0.0,0.0,0.0
1782742282.538,198.8,9.0,南西南,0.0,0.0,0.0
1782742287.546,198.8,9.0,南西南,0.0,0.0,0.0
1782742292.563,198.8,9.0,南西南,0.0,0.0,0.0
1782742297.573,198.8,9.0,南西南,0.0,0.0,0.0
1782742302.58,198.8,9.0,南西南,0.0,0.0,0.0
1782742307.595,198.8,9.0,南西南,0.0,0.0,0.0
1782742312.607,198.8,9.0,南西南,0.0,0.0,0.0
1782742317.619,198.8,9.0,南西南,0.0,0.0,0.0
1782742322.628,198.8,9.0,南西南,0.0,0.0,0.0
1782742327.641,198.8,9.0,南西南,0.0,0.0,0.0
1782742332.65,198.8,9.0,南西南,0.0,0.0,0.0
1782742337.661,198.8,9.0,南西南,0.0,0.0,0.0
1782742342.675,198.8,9.0,南西南,0.0,0.0,0.0
1782742347.684,198.8,9.0,南西南,0.0,0.0,0.0
1782742352.691,198.8,9.0,南西南,0.0,0.0,0.0
1782742357.701,198.8,9.0,南西南,0.0,0.0,0.0
1782742362.708,198.8,9.0,南西南,0.0,0.0,0.0
1782742367.719,198.8,9.0,南西南,0.0,0.0,0.0
1782742372.724,198.8,9.0,南西南,0.0,0.0,0.0
1782742377.733,198.8,9.0,南西南,0.0,0.0,0.0
1782742382.741,198.8,9.0,南西南,0.0,0.0,0.0
1782742387.749,198.8,9.0,南西南,0.0,0.0,0.0
1782742392.759,198.8,9.0,南西南,0.0,0.0,0.0
1782742397.769,198.8,9.0,南西南,0.0,0.0,0.0
1782742402.777,198.8,9.0,南西南,0.0,0.0,0.0
1782742407.787,198.8,9.0,南西南,0.0,0.0,0.0
1782742412.796,198.8,9.0,南西南,0.0,0.0,0.0
1782742417.802,198.8,9.0,南西南,0.0,0.0,0.0
1782742422.812,198.8,9.0,南西南,0.0,0.0,0.0
1782742427.821,198.8,9.0,南西南,0.0,0.0,0.0
1782742432.825,198.8,9.0,南西南,0.0,0.0,0.0
1782742437.838,198.8,9.0,南西南,0.0,0.0,0.0
1782742442.847,198.8,9.0,南西南,0.0,0.0,0.0
1782742447.858,198.8,9.0,南西南,0.0,0.0,0.0
1782742452.866,198.8,9.0,南西南,0.0,0.0,0.0
1782742457.873,198.8,9.0,南西南,0.0,0.0,0.0
1782742462.888,198.8,9.0,南西南,0.0,0.0,0.0
1782742467.9,198.8,9.0,南西南,0.0,0.0,0.0
1782742472.905,198.8,9.0,南西南,0.0,0.0,0.0
1782742477.92,198.8,9.0,南西南,0.0,0.0,0.0
1782742482.934,198.8,9.0,南西南,0.0,0.0,0.0
1782742487.943,198.8,9.0,南西南,0.0,0.0,0.0
1782742492.955,198.8,9.0,南西南,0.0,0.0,0.0
1782742497.969,198.8,9.0,南西南,0.0,0.0,0.0
1782742502.98,198.8,9.0,南西南,0.0,0.0,0.0
1782742507.994,198.8,9.0,南西南,0.0,0.0,0.0
1782742513.005,198.8,9.0,南西南,0.0,0.0,0.0
1782742518.014,198.8,9.0,南西南,0.0,0.0,0.0
1782742523.027,198.8,9.0,南西南,0.0,0.0,0.0
1782742528.041,198.8,9.0,南西南,0.0,0.0,0.0
1782742533.052,198.8,9.0,南西南,0.0,0.0,0.0
1782742538.06,198.8,9.0,南西南,0.0,0.0,0.0
1782742543.073,198.8,9.0,南西南,0.0,0.0,0.0
1782742548.078,198.8,9.0,南西南,0.0,0.0,0.0
1782742553.088,198.8,9.0,南西南,0.0,0.0,0.0
1782742558.094,198.8,9.0,南西南,0.0,0.0,0.0
1782742563.106,198.8,9.0,南西南,0.0,0.0,0.0
1782742568.116,198.8,9.0,南西南,0.0,0.0,0.0
1782742573.122,198.8,9.0,南西南,0.0,0.0,0.0
1782742578.131,198.8,9.0,南西南,0.0,0.0,0.0
1782742583.14,198.8,9.0,南西南,0.0,0.0,0.0
1782742588.147,198.8,9.0,南西南,0.0,0.0,0.0
1782742593.153,198.8,9.0,南西南,0.0,0.0,0.0
1782742598.164,198.8,9.0,南西南,0.0,0.0,0.0
1782742603.168,198.8,9.0,南西南,0.0,0.0,0.0
1782742608.175,198.8,9.0,南西南,0.0,0.0,0.0
1782742613.184,198.8,9.0,南西南,0.0,0.0,0.0
1782742618.192,198.8,9.0,南西南,0.0,0.0,0.0
1782742623.202,198.8,9.0,南西南,0.0,0.0,0.0
1782742628.207,198.8,9.0,南西南,0.0,0.0,0.0
1782742633.215,198.8,9.0,南西南,0.0,0.0,0.0
1782742638.225,198.8,9.0,南西南,0.0,0.0,0.0
1782742643.231,198.8,9.0,南西南,0.0,0.0,0.0
1782742648.246,198.8,9.0,南西南,0.0,0.0,0.0
1782742653.258,198.8,9.0,南西南,0.0,0.0,0.0
1782742658.268,198.8,9.0,南西南,0.0,0.0,0.0
1782742663.281,198.8,9.0,南西南,0.0,0.0,0.0
1782742668.288,198.8,9.0,南西南,0.0,0.0,0.0
1782742673.3,198.8,9.0,南西南,0.0,0.0,0.0
1782742678.312,198.8,9.0,南西南,0.0,0.0,0.0
1782742683.322,198.8,9.0,南西南,0.0,0.0,0.0
1782742688.332,198.8,9.0,南西南,0.0,0.0,0.0
1782742693.345,198.8,9.0,南西南,0.0,0.0,0.0
1782742698.357,198.8,9.0,南西南,0.0,0.0,0.0
1782742703.365,198.8,9.0,南西南,0.0,0.0,0.0
1782742708.377,198.8,9.0,南西南,0.0,0.0,0.0
1782742713.39,198.8,9.0,南西南,0.0,0.0,0.0
1782742718.397,198.8,9.0,南西南,0.0,0.0,0.0
1782742723.405,198.8,9.0,南西南,0.0,0.0,0.0
1782742728.412,198.8,9.0,南西南,0.0,0.0,0.0
1782742733.421,198.8,9.0,南西南,0.0,0.0,0.0
1782742738.428,198.8,9.0,南西南,0.0,0.0,0.0
1782742743.437,198.8,9.0,南西南,0.0,0.0,0.0
1782742748.446,198.8,9.0,南西南,0.0,0.0,0.0
1782742753.455,198.8,9.0,南西南,0.0,0.0,0.0
1782742758.464,198.8,9.0,南西南,0.0,0.0,0.0
1782742763.479,198.8,9.0,南西南,0.0,0.0,0.0
1782742768.489,198.8,9.0,南西南,0.0,0.0,0.0
1782742773.498,198.8,9.0,南西南,0.0,0.0,0.0
1782742778.512,198.8,9.0,南西南,0.0,0.0,0.0
1782742783.526,198.8,9.0,南西南,0.0,0.0,0.0
1782742788.535,198.8,9.0,南西南,0.0,0.0,0.0
1782742793.547,198.8,9.0,南西南,0.0,0.0,0.0
1782742798.561,198.8,9.0,南西南,0.0,0.0,0.0
1782742803.566,198.8,9.0,南西南,0.0,0.0,0.0
1782742808.574,198.8,9.0,南西南,0.0,0.0,0.0
1782742813.584,198.8,9.0,南西南,0.0,0.0,0.0
1782742818.596,198.8,9.0,南西南,0.0,0.0,0.0
1782742823.608,198.8,9.0,南西南,0.0,0.0,0.0
1782742828.616,198.8,9.0,南西南,0.0,0.0,0.0
1782742833.622,198.8,9.0,南西南,0.0,0.0,0.0
1782742838.637,198.8,9.0,南西南,0.0,0.0,0.0
1782742843.641,198.8,9.0,南西南,0.0,0.0,0.0
1782742848.652,198.8,9.0,南西南,0.0,0.0,0.0
1782742853.664,198.8,9.0,南西南,0.0,0.0,0.0
1782742858.67,198.8,9.0,南西南,0.0,0.0,0.0
1782742863.678,198.8,9.0,南西南,0.0,0.0,0.0
1782742868.685,198.8,9.0,南西南,0.0,0.0,0.0
1782742873.691,198.8,9.0,南西南,0.0,0.0,0.0
1782742878.704,198.8,9.0,南西南,0.0,0.0,0.0
1782742883.716,198.8,9.0,南西南,0.0,0.0,0.0
1782742888.72,198.8,9.0,南西南,0.0,0.0,0.0
1782742893.734,198.8,9.0,南西南,0.0,0.0,0.0
1782742898.743,198.8,9.0,南西南,0.0,0.0,0.0
1782742903.757,198.8,9.0,南西南,0.0,0.0,0.0
1782742908.77,198.8,9.0,南西南,0.0,0.0,0.0
1782742913.779,198.8,9.0,南西南,0.0,0.0,0.0
1782742918.79,198.8,9.0,南西南,0.0,0.0,0.0
1782742923.801,198.8,9.0,南西南,0.0,0.0,0.0
1782742928.809,198.8,9.0,南西南,0.0,0.0,0.0
1782742933.818,198.8,9.0,南西南,0.0,0.0,0.0
1782742938.832,198.8,9.0,南西南,0.0,0.0,0.0
1782742943.84,198.8,9.0,南西南,0.0,0.0,0.0
1782742948.853,198.8,9.0,南西南,0.0,0.0,0.0
1782742953.865,198.8,9.0,南西南,0.0,0.0,0.0
1782742958.874,198.8,9.0,南西南,0.0,0.0,0.0
1782742963.886,198.8,9.0,南西南,0.0,0.0,0.0
1782742968.899,198.8,9.0,南西南,0.0,0.0,0.0
1782742973.904,198.8,9.0,南西南,0.0,0.0,0.0
1782742978.919,198.8,9.0,南西南,0.0,0.0,0.0
1782742983.93,198.8,9.0,南西南,0.0,0.0,0.0
1782742988.937,198.8,9.0,南西南,0.0,0.0,0.0
1782742993.949,198.8,9.0,南西南,0.0,0.0,0.0
1782742998.957,198.8,9.0,南西南,0.0,0.0,0.0
1782743003.971,198.8,9.0,南西南,0.0,0.0,0.0
1782743008.983,198.8,9.0,南西南,0.0,0.0,0.0
1782743013.991,198.8,9.0,南西南,0.0,0.0,0.0
1782743019.002,198.8,9.0,南西南,0.0,0.0,0.0
1782743024.015,198.8,9.0,南西南,0.0,0.0,0.0
1782743029.02,198.8,9.0,南西南,0.0,0.0,0.0
1782743034.032,198.8,9.0,南西南,0.0,0.0,0.0
1782743039.049,198.8,9.0,南西南,0.0,0.0,0.0
1782743044.052,198.8,9.0,南西南,0.0,0.0,0.0
1782743049.066,198.8,9.0,南西南,0.0,0.0,0.0
1782743054.08,198.8,9.0,南西南,0.0,0.0,0.0
1782743059.086,198.8,9.0,南西南,0.0,0.0,0.0
1782743064.095,198.8,9.0,南西南,0.0,0.0,0.0
1782743069.11,198.8,9.0,南西南,0.0,0.0,0.0
1782743074.119,198.8,9.0,南西南,0.0,0.0,0.0
1782743079.131,198.8,9.0,南西南,0.0,0.0,0.0
1782743084.138,198.8,9.0,南西南,0.0,0.0,0.0
1782743089.15,198.8,9.0,南西南,0.0,0.0,0.0
1782743094.164,198.8,9.0,南西南,0.0,0.0,0.0
1782743099.174,198.8,9.0,南西南,0.0,0.0,0.0
1782743104.186,198.8,9.0,南西南,0.0,0.0,0.0
1782743109.202,198.8,9.0,南西南,0.0,0.0,0.0
1782743114.208,198.8,9.0,南西南,0.0,0.0,0.0
1782743119.219,198.8,9.0,南西南,0.0,0.0,0.0
1782743124.233,198.8,9.0,南西南,0.0,0.0,0.0
1782743129.24,198.8,9.0,南西南,0.0,0.0,0.0
1782743134.253,198.8,9.0,南西南,0.0,0.0,0.0
1782743139.263,198.8,9.0,南西南,0.0,0.0,0.0
1782743144.273,198.8,9.0,南西南,0.0,0.0,0.0
1782743149.282,198.8,9.0,南西南,0.0,0.0,0.0
1782743154.293,198.8,9.0,南西南,0.0,0.0,0.0
1782743159.3,198.8,9.0,南西南,0.0,0.0,0.0
1782743164.312,198.8,9.0,南西南,0.0,0.0,0.0
1782743169.324,198.8,9.0,南西南,0.0,0.0,0.0
1782743174.331,198.8,9.0,南西南,0.0,0.0,0.0
1782743179.345,198.8,9.0,南西南,0.0,0.0,0.0
1782743184.352,198.8,9.0,南西南,0.0,0.0,0.0
1782743189.366,198.8,9.0,南西南,0.0,0.0,0.0
1782743194.381,198.8,9.0,南西南,0.0,0.0,0.0
1782743199.387,198.8,9.0,南西南,0.0,0.0,0.0
1782743204.399,198.8,9.0,南西南,0.0,0.0,0.0
1782743209.411,198.8,9.0,南西南,0.0,0.0,0.0
1782743214.423,198.8,9.0,南西南,0.0,0.0,0.0
1782743219.432,198.8,9.0,南西南,0.0,0.0,0.0
1782743224.446,198.8,9.0,南西南,0.0,0.0,0.0
1782743229.453,198.8,9.0,南西南,0.0,0.0,0.0
1782743234.466,198.8,9.0,南西南,0.0,0.0,0.0
1782743239.48,198.8,9.0,南西南,0.0,0.0,0.0
1782743244.482,198.8,9.0,南西南,0.0,0.0,0.0
1782743249.493,198.8,9.0,南西南,0.0,0.0,0.0
1782743254.51,198.8,9.0,南西南,0.0,0.0,0.0
1782743259.515,198.8,9.0,南西南,0.0,0.0,0.0
1782743264.526,198.8,9.0,南西南,0.0,0.0,0.0
1782743269.532,198.8,9.0,南西南,0.0,0.0,0.0
1782743274.542,198.8,9.0,南西南,0.0,0.0,0.0
1782743279.551,198.8,9.0,南西南,0.0,0.0,0.0
1782743284.557,198.8,9.0,南西南,0.0,0.0,0.0
1782743289.566,198.8,9.0,南西南,0.0,0.0,0.0
1782743294.579,198.8,9.0,南西南,0.0,0.0,0.0
1782743299.584,198.8,9.0,南西南,0.0,0.0,0.0
1782743304.597,198.8,9.0,南西南,0.0,0.0,0.0
1782743309.61,198.8,9.0,南西南,0.0,0.0,0.0
1782743314.615,198.8,9.0,南西南,0.0,0.0,0.0
1782743319.626,198.8,9.0,南西南,0.0,0.0,0.0
1782743324.638,198.8,9.0,南西南,0.0,0.0,0.0
1782743329.646,198.8,9.0,南西南,0.0,0.0,0.0
1782743334.661,198.8,9.0,南西南,0.0,0.0,0.0
1782743339.673,198.8,9.0,南西南,0.0,0.0,0.0
1782743344.68,198.8,9.0,南西南,0.0,0.0,0.0
1782743349.691,198.8,9.0,南西南,0.0,0.0,0.0
1782743354.699,198.8,9.0,南西南,0.0,0.0,0.0
1782743359.71,198.8,9.0,南西南,0.0,0.0,0.0
1782743364.721,198.8,9.0,南西南,0.0,0.0,0.0
1782743369.727,198.8,9.0,南西南,0.0,0.0,0.0
1782743374.74,198.8,9.0,南西南,0.0,0.0,0.0
1782743379.755,198.8,9.0,南西南,0.0,0.0,0.0
1782743384.762,198.8,9.0,南西南,0.0,0.0,0.0
1782743389.77,198.8,9.0,南西南,0.0,0.0,0.0
1782743394.787,198.8,9.0,南西南,0.0,0.0,0.0
1782743399.794,198.8,9.0,南西南,0.0,0.0,0.0
1782743404.803,198.8,9.0,南西南,0.0,0.0,0.0
1782743409.818,198.8,9.0,南西南,0.0,0.0,0.0
1782743414.826,198.8,9.0,南西南,0.0,0.0,0.0
1782743419.84,198.8,9.0,南西南,0.0,0.0,0.0
1782743424.854,198.8,9.0,南西南,0.0,0.0,0.0
1782743429.862,198.8,9.0,南西南,0.0,0.0,0.0
1782743434.878,198.8,9.0,南西南,0.0,0.0,0.0
1782743439.885,198.8,9.0,南西南,0.0,0.0,0.0
1782743444.893,198.8,9.0,南西南,0.0,0.0,0.0
1782743449.908,198.8,9.0,南西南,0.0,0.0,0.0
1782743454.914,198.8,9.0,南西南,0.0,0.0,0.0
1782743459.926,198.8,9.0,南西南,0.0,0.0,0.0
1782743464.939,198.8,9.0,南西南,0.0,0.0,0.0
1782743469.946,198.8,9.0,南西南,0.0,0.0,0.0
1782743474.959,198.8,9.0,南西南,0.0,0.0,0.0
1782743479.974,198.8,9.0,南西南,0.0,0.0,0.0
1782743484.98,198.8,9.0,南西南,0.0,0.0,0.0
1782743489.99,198.8,9.0,南西南,0.0,0.0,0.0
1782743495.002,198.8,9.0,南西南,0.0,0.0,0.0
1782743500.011,198.8,9.0,南西南,0.0,0.0,0.0
1782743505.024,198.8,9.0,南西南,0.0,0.0,0.0
1782743510.037,198.8,9.0,南西南,0.0,0.0,0.0
1782743515.041,198.8,9.0,南西南,0.0,0.0,0.0
1782743520.056,198.8,9.0,南西南,0.0,0.0,0.0
1782743525.067,198.8,9.0,南西南,0.0,0.0,0.0
1782743530.074,198.8,9.0,南西南,0.0,0.0,0.0
1782743535.087,198.8,9.0,南西南,0.0,0.0,0.0
1782743540.093,198.8,9.0,南西南,0.0,0.0,0.0
1782743545.103,198.8,9.0,南西南,0.0,0.0,0.0
1782743550.117,198.8,9.0,南西南,0.0,0.0,0.0
1782743555.122,198.8,9.0,南西南,0.0,0.0,0.0
1782743560.133,198.8,9.0,南西南,0.0,0.0,0.0
1782743565.146,198.8,9.0,南西南,0.0,0.0,0.0
1782743570.154,198.8,9.0,南西南,0.0,0.0,0.0
1782743575.169,198.8,9.0,南西南,0.0,0.0,0.0
1782743580.181,198.8,9.0,南西南,0.0,0.0,0.0
1782743585.184,198.8,9.0,南西南,0.0,0.0,0.0
1782743590.201,198.8,9.0,南西南,0.0,0.0,0.0
1782743595.213,198.8,9.0,南西南,0.0,0.0,0.0
1782743600.216,198.8,9.0,南西南,0.0,0.0,0.0
1782743605.228,198.8,9.0,南西南,0.0,0.0,0.0
1782743610.24,198.8,9.0,南西南,0.0,0.0,0.0
1782743615.249,198.8,9.0,南西南,0.0,0.0,0.0
1782743620.264,198.8,9.0,南西南,0.0,0.0,0.0
1782743625.268,198.8,9.0,南西南,0.0,0.0,0.0
1782743630.278,198.8,9.0,南西南,0.0,0.0,0.0
1782743635.289,198.8,9.0,南西南,0.0,0.0,0.0
1782743640.296,198.8,9.0,南西南,0.0,0.0,0.0
1782743645.308,198.8,9.0,南西南,0.0,0.0,0.0
1782743650.323,198.8,9.0,南西南,0.0,0.0,0.0
1782743655.329,198.8,9.0,南西南,0.0,0.0,0.0
1782743660.345,198.8,9.0,南西南,0.0,0.0,0.0
1782743665.358,198.8,9.0,南西南,0.0,0.0,0.0
1782743670.368,198.8,9.0,南西南,0.0,0.0,0.0
1782743675.382,198.8,9.0,南西南,0.0,0.0,0.0
1782743680.395,198.8,9.0,南西南,0.0,0.0,0.0
1782743685.404,198.8,9.0,南西南,0.0,0.0,0.0
1782743690.418,198.8,9.0,南西南,0.0,0.0,0.0
1782743695.431,198.8,9.0,南西南,0.0,0.0,0.0
1782743700.437,198.8,9.0,南西南,0.0,0.0,0.0
1782743705.447,198.8,9.0,南西南,0.0,0.0,0.0
1782743710.452,198.8,9.0,南西南,0.0,0.0,0.0
1782743715.461,198.8,9.0,南西南,0.0,0.0,0.0
1782743720.472,198.8,9.0,南西南,0.0,0.0,0.0
1782743725.478,198.8,9.0,南西南,0.0,0.0,0.0
1782743730.488,198.8,9.0,南西南,0.0,0.0,0.0
1782743735.499,198.8,9.0,南西南,0.0,0.0,0.0
1782743740.505,198.8,9.0,南西南,0.0,0.0,0.0
1782743745.515,198.8,9.0,南西南,0.0,0.0,0.0
1782743750.522,198.8,9.0,南西南,0.0,0.0,0.0
1782743755.53,198.8,9.0,南西南,0.0,0.0,0.0
1782743760.54,198.8,9.0,南西南,0.0,0.0,0.0
1782743765.548,198.8,9.0,南西南,0.0,0.0,0.0
1782743770.553,198.8,9.0,南西南,0.0,0.0,0.0
1782743775.564,198.8,9.0,南西南,0.0,0.0,0.0
1782743780.574,198.8,9.0,南西南,0.0,0.0,0.0
1782743785.582,198.8,9.0,南西南,0.0,0.0,0.0
1782743790.591,198.8,9.0,南西南,0.0,0.0,0.0
1782743795.597,198.8,9.0,南西南,0.0,0.0,0.0
1782743800.609,198.8,9.0,南西南,0.0,0.0,0.0
1782743805.618,198.8,9.0,南西南,0.0,0.0,0.0
1782743810.624,198.8,9.0,南西南,0.0,0.0,0.0
1782743815.635,198.8,9.0,南西南,0.0,0.0,0.0
1782743820.645,198.8,9.0,南西南,0.0,0.0,0.0
1782743825.655,198.8,9.0,南西南,0.0,0.0,0.0
1782743830.667,198.8,9.0,南西南,0.0,0.0,0.0
1782743835.679,198.8,9.0,南西南,0.0,0.0,0.0
1782743840.682,198.8,9.0,南西南,0.0,0.0,0.0
1782743845.698,198.8,9.0,南西南,0.0,0.0,0.0
1782743850.71,198.8,9.0,南西南,0.0,0.0,0.0
1782743855.717,198.8,9.0,南西南,0.0,0.0,0.0
1782743860.733,198.8,9.0,南西南,0.0,0.0,0.0
1782743865.745,198.8,9.0,南西南,0.0,0.0,0.0
1782743870.754,198.8,9.0,南西南,0.0,0.0,0.0
1782743875.764,198.8,9.0,南西南,0.0,0.0,0.0
1782743880.771,198.8,9.0,南西南,0.0,0.0,0.0
1782743885.786,198.8,9.0,南西南,0.0,0.0,0.0
1782743890.798,198.8,9.0,南西南,0.0,0.0,0.0
1782743895.804,198.8,9.0,南西南,0.0,0.0,0.0
1782743900.818,198.8,9.0,南西南,0.0,0.0,0.0
1782743905.829,198.8,9.0,南西南,0.0,0.0,0.0
1782743910.834,198.8,9.0,南西南,0.0,0.0,0.0
1782743915.846,198.8,9.0,南西南,0.0,0.0,0.0
1782743920.854,198.8,9.0,南西南,0.0,0.0,0.0
1782743925.861,198.8,9.0,南西南,0.0,0.0,0.0
1782743930.874,198.8,9.0,南西南,0.0,0.0,0.0
1782743935.882,198.8,9.0,南西南,0.0,0.0,0.0
1782743940.89,198.8,9.0,南西南,0.0,0.0,0.0
1782743945.907,198.8,9.0,南西南,0.0,0.0,0.0
1782743950.913,198.8,9.0,南西南,0.0,0.0,0.0
1782743955.919,198.8,9.0,南西南,0.0,0.0,0.0
1782743960.93,198.8,9.0,南西南,0.0,0.0,0.0
1782743965.936,198.8,9.0,南西南,0.0,0.0,0.0
1782743970.945,198.8,9.0,南西南,0.0,0.0,0.0
1782743975.955,198.8,9.0,南西南,0.0,0.0,0.0
1782743980.956,198.8,9.0,南西南,0.0,0.0,0.0
1782743985.969,198.8,9.0,南西南,0.0,0.0,0.0
1782743990.981,198.8,9.0,南西南,0.0,0.0,0.0
1782743995.988,198.8,9.0,南西南,0.0,0.0,0.0
1782744001.003,198.8,9.0,南西南,0.0,0.0,0.0
1782744006.015,198.8,9.0,南西南,0.0,0.0,0.0
1782744011.021,198.8,9.0,南西南,0.0,0.0,0.0
1782744016.036,198.8,9.0,南西南,0.0,0.0,0.0
1782744021.045,198.8,9.0,南西南,0.0,0.0,0.0
1782744026.055,198.8,9.0,南西南,0.0,0.0,0.0
1782744031.07,198.8,9.0,南西南,0.0,0.0,0.0
1782744036.08,198.8,9.0,南西南,0.0,0.0,0.0
1782744041.09,198.8,9.0,南西南,0.0,0.0,0.0
1782744046.105,198.8,9.0,南西南,0.0,0.0,0.0
1782744051.116,198.8,9.0,南西南,0.0,0.0,0.0
1782744056.126,198.8,9.0,南西南,0.0,0.0,0.0
1782744061.139,198.8,9.0,南西南,0.0,0.0,0.0
1782744066.147,198.8,9.0,南西南,0.0,0.0,0.0
1782744071.163,198.8,9.0,南西南,0.0,0.0,0.0
1782744076.177,198.8,9.0,南西南,0.0,0.0,0.0
1782744081.183,198.8,9.0,南西南,0.0,0.0,0.0
1782744086.2,198.8,9.0,南西南,0.0,0.0,0.0
1782744091.212,198.8,9.0,南西南,0.0,0.0,0.0
1782744096.216,198.8,9.0,南西南,0.0,0.0,0.0
1782744101.232,198.8,9.0,南西南,0.0,0.0,0.0
1782744106.243,198.8,9.0,南西南,0.0,0.0,0.0
1782744111.253,198.8,9.0,南西南,0.0,0.0,0.0
1782744116.268,198.8,9.0,南西南,0.0,0.0,0.0
1782744121.277,198.8,9.0,南西南,0.0,0.0,0.0
1782744126.283,198.8,9.0,南西南,0.0,0.0,0.0
1782744131.294,198.8,9.0,南西南,0.0,0.0,0.0
1782744136.307,198.8,9.0,南西南,0.0,0.0,0.0
1782744141.317,198.8,9.0,南西南,0.0,0.0,0.0
1782744146.328,198.8,9.0,南西南,0.0,0.0,0.0
1782744151.334,198.8,9.0,南西南,0.0,0.0,0.0
1782744156.348,198.8,9.0,南西南,0.0,0.0,0.0
1782744161.362,198.8,9.0,南西南,0.0,0.0,0.0
1782744166.368,198.8,9.0,南西南,0.0,0.0,0.0
1782744171.382,198.8,9.0,南西南,0.0,0.0,0.0
1782744176.394,198.8,9.0,南西南,0.0,0.0,0.0
1782744181.402,198.8,9.0,南西南,0.0,0.0,0.0
1782744186.416,198.8,9.0,南西南,0.0,0.0,0.0
1782744191.426,198.8,9.0,南西南,0.0,0.0,0.0
1782744196.433,198.8,9.0,南西南,0.0,0.0,0.0
1782744201.448,198.8,9.0,南西南,0.0,0.0,0.0
1782744206.462,198.8,9.0,南西南,0.0,0.0,0.0
1782744211.471,198.8,9.0,南西南,0.0,0.0,0.0
1782744216.48,198.8,9.0,南西南,0.0,0.0,0.0
1782744221.489,198.8,9.0,南西南,0.0,0.0,0.0
1782744226.498,198.8,9.0,南西南,0.0,0.0,0.0
1782744231.512,198.8,9.0,南西南,0.0,0.0,0.0
1782744236.518,198.8,9.0,南西南,0.0,0.0,0.0
1782744241.533,198.8,9.0,南西南,0.0,0.0,0.0
1782744246.545,198.8,9.0,南西南,0.0,0.0,0.0
1782744251.555,198.8,9.0,南西南,0.0,0.0,0.0
1782744256.569,198.8,9.0,南西南,0.0,0.0,0.0
1782744261.582,198.8,9.0,南西南,0.0,0.0,0.0
1782744266.588,198.8,9.0,南西南,0.0,0.0,0.0
1782744271.598,198.8,9.0,南西南,0.0,0.0,0.0
1782744276.609,198.8,9.0,南西南,0.0,0.0,0.0
1782744281.621,198.8,9.0,南西南,0.0,0.0,0.0
1782744286.633,198.8,9.0,南西南,0.0,0.0,0.0
1782744291.645,198.8,9.0,南西南,0.0,0.0,0.0
1782744296.651,198.8,9.0,南西南,0.0,0.0,0.0
1782744301.659,198.8,9.0,南西南,0.0,0.0,0.0
1782744306.667,198.8,9.0,南西南,0.0,0.0,0.0
1782744311.675,198.8,9.0,南西南,0.0,0.0,0.0
1782744316.68,198.8,9.0,南西南,0.0,0.0,0.0
1782744321.685,198.8,9.0,南西南,0.0,0.0,0.0
1782744326.697,198.8,9.0,南西南,0.0,0.0,0.0
1782744331.707,198.8,9.0,南西南,0.0,0.0,0.0
1782744336.71,198.8,9.0,南西南,0.0,0.0,0.0
1782744341.724,198.8,9.0,南西南,0.0,0.0,0.0
1782744346.736,198.8,9.0,南西南,0.0,0.0,0.0
1782744351.746,198.8,9.0,南西南,0.0,0.0,0.0
1782744356.755,198.8,9.0,南西南,0.0,0.0,0.0
1782744361.765,198.8,9.0,南西南,0.0,0.0,0.0
1782744366.77,198.8,9.0,南西南,0.0,0.0,0.0
1782744371.78,198.8,9.0,南西南,0.0,0.0,0.0
1782744376.786,198.8,9.0,南西南,0.0,0.0,0.0
1782744381.795,198.8,9.0,南西南,0.0,0.0,0.0
1782744386.804,198.8,9.0,南西南,0.0,0.0,0.0
1782744391.811,198.8,9.0,南西南,0.0,0.0,0.0
1782744396.819,198.8,9.0,南西南,0.0,0.0,0.0
1782744401.827,198.8,9.0,南西南,0.0,0.0,0.0
1782744406.832,198.8,9.0,南西南,0.0,0.0,0.0
1782744411.842,198.8,9.0,南西南,0.0,0.0,0.0
1782744416.852,198.8,9.0,南西南,0.0,0.0,0.0
1782744421.856,198.8,9.0,南西南,0.0,0.0,0.0
1782744426.866,198.8,9.0,南西南,0.0,0.0,0.0
1782744431.875,198.8,9.0,南西南,0.0,0.0,0.0
1782744436.879,198.8,9.0,南西南,0.0,0.0,0.0
1782744441.887,198.8,9.0,南西南,0.0,0.0,0.0
1782744446.896,198.8,9.0,南西南,0.0,0.0,0.0
1782744451.903,198.8,9.0,南西南,0.0,0.0,0.0
1782744456.913,198.8,9.0,南西南,0.0,0.0,0.0
1782744461.92,198.8,9.0,南西南,0.0,0.0,0.0
1782744466.926,198.8,9.0,南西南,0.0,0.0,0.0
1782744471.935,198.8,9.0,南西南,0.0,0.0,0.0
1782744476.942,198.8,9.0,南西南,0.0,0.0,0.0
1782744481.95,198.8,9.0,南西南,0.0,0.0,0.0
1782744486.96,198.8,9.0,南西南,0.0,0.0,0.0
1782744491.966,198.8,9.0,南西南,0.0,0.0,0.0
1782744496.978,198.8,9.0,南西南,0.0,0.0,0.0
1782744501.983,198.8,9.0,南西南,0.0,0.0,0.0
1782744506.988,198.8,9.0,南西南,0.0,0.0,0.0
1782744511.998,198.8,9.0,南西南,0.0,0.0,0.0
1782744517.007,198.8,9.0,南西南,0.0,0.0,0.0
1782744522.012,198.8,9.0,南西南,0.0,0.0,0.0
1782744527.02,198.8,9.0,南西南,0.0,0.0,0.0
1782744532.03,198.8,9.0,南西南,0.0,0.0,0.0
1782744537.036,198.8,9.0,南西南,0.0,0.0,0.0
1782744542.045,198.8,9.0,南西南,0.0,0.0,0.0
1782744547.055,198.8,9.0,南西南,0.0,0.0,0.0
1782744552.064,198.8,9.0,南西南,0.0,0.0,0.0
1782744557.078,198.8,9.0,南西南,0.0,0.0,0.0
1782744562.085,198.8,9.0,南西南,0.0,0.0,0.0
1782744567.099,198.8,9.0,南西南,0.0,0.0,0.0
1782744572.108,198.8,9.0,南西南,0.0,0.0,0.0
1782744577.116,198.8,9.0,南西南,0.0,0.0,0.0
1782744582.129,198.8,9.0,南西南,0.0,0.0,0.0
1782744587.14,198.8,9.0,南西南,0.0,0.0,0.0
1782744592.15,198.8,9.0,南西南,0.0,0.0,0.0
1782744597.161,198.8,9.0,南西南,0.0,0.0,0.0
1782744602.172,198.8,9.0,南西南,0.0,0.0,0.0
1782744607.18,198.8,9.0,南西南,0.0,0.0,0.0
1782744612.194,198.8,9.0,南西南,0.0,0.0,0.0
1782744617.206,198.8,9.0,南西南,0.0,0.0,0.0
1782744622.216,198.8,9.0,南西南,0.0,0.0,0.0
1782744627.229,198.8,9.0,南西南,0.0,0.0,0.0
1782744632.242,198.8,9.0,南西南,0.0,0.0,0.0
1782744637.253,198.8,9.0,南西南,0.0,0.0,0.0
1782744642.262,198.8,9.0,南西南,0.0,0.0,0.0
1782744647.27,198.8,9.0,南西南,0.0,0.0,0.0
1782744652.286,198.8,9.0,南西南,0.0,0.0,0.0
1782744657.3,198.8,9.0,南西南,0.0,0.0,0.0
1782744662.307,198.8,9.0,南西南,0.0,0.0,0.0
1782744667.32,198.8,9.0,南西南,0.0,0.0,0.0
1782744672.329,198.8,9.0,南西南,0.0,0.0,0.0
1782744677.341,198.8,9.0,南西南,0.0,0.0,0.0
1782744682.354,198.8,9.0,南西南,0.0,0.0,0.0
1782744687.366,198.8,9.0,南西南,0.0,0.0,0.0
1782744692.373,198.8,9.0,南西南,0.0,0.0,0.0
1782744697.387,198.8,9.0,南西南,0.0,0.0,0.0
1782744702.399,198.8,9.0,南西南,0.0,0.0,0.0
1782744707.409,198.8,9.0,南西南,0.0,0.0,0.0
1782744712.42,198.8,9.0,南西南,0.0,0.0,0.0
1782744717.43,198.8,9.0,南西南,0.0,0.0,0.0
1782744722.439,198.8,9.0,南西南,0.0,0.0,0.0
1782744727.45,198.8,9.0,南西南,0.0,0.0,0.0
1782744732.464,198.8,9.0,南西南,0.0,0.0,0.0
1782744737.474,198.8,9.0,南西南,0.0,0.0,0.0
1782744742.483,198.8,9.0,南西南,0.0,0.0,0.0
1782744747.495,198.8,9.0,南西南,0.0,0.0,0.0
1782744752.507,198.8,9.0,南西南,0.0,0.0,0.0
1782744757.52,198.8,9.0,南西南,0.0,0.0,0.0
1782744762.529,198.8,9.0,南西南,0.0,0.0,0.0
1782744767.54,198.8,9.0,南西南,0.0,0.0,0.0
1782744772.554,198.8,9.0,南西南,0.0,0.0,0.0
1782744777.56,198.8,9.0,南西南,0.0,0.0,0.0
1782744782.571,198.8,9.0,南西南,0.0,0.0,0.0
1782744787.581,198.8,9.0,南西南,0.0,0.0,0.0
1782744792.593,198.8,9.0,南西南,0.0,0.0,0.0
1782744797.604,198.8,9.0,南西南,0.0,0.0,0.0
1782744802.614,198.8,9.0,南西南,0.0,0.0,0.0
1782744807.62,198.8,9.0,南西南,0.0,0.0,0.0
1782744812.632,198.8,9.0,南西南,0.0,0.0,0.0
1782744817.643,198.8,9.0,南西南,0.0,0.0,0.0
1782744822.652,198.8,9.0,南西南,0.0,0.0,0.0
1782744827.66,198.8,9.0,南西南,0.0,0.0,0.0
1782744832.668,198.8,9.0,南西南,0.0,0.0,0.0
1782744837.678,198.8,9.0,南西南,0.0,0.0,0.0
1782744842.689,198.8,9.0,南西南,0.0,0.0,0.0
1782744847.698,198.8,9.0,南西南,0.0,0.0,0.0
1782744852.711,198.8,9.0,南西南,0.0,0.0,0.0
1782744857.719,198.8,9.0,南西南,0.0,0.0,0.0
1782744862.73,198.8,9.0,南西南,0.0,0.0,0.0
1782744867.739,198.8,9.0,南西南,0.0,0.0,0.0
1782744872.75,198.8,9.0,南西南,0.0,0.0,0.0
1782744877.756,198.8,9.0,南西南,0.0,0.0,0.0
1782744882.77,198.8,9.0,南西南,0.0,0.0,0.0
1782744887.781,198.8,9.0,南西南,0.0,0.0,0.0
1782744892.786,198.8,9.0,南西南,0.0,0.0,0.0
1782744897.796,198.8,9.0,南西南,0.0,0.0,0.0
1782744902.809,198.8,9.0,南西南,0.0,0.0,0.0
1782744907.816,198.8,9.0,南西南,0.0,0.0,0.0
1782744912.831,198.8,9.0,南西南,0.0,0.0,0.0
1782744917.84,198.8,9.0,南西南,0.0,0.0,0.0
1782744922.851,198.8,9.0,南西南,0.0,0.0,0.0
1782744927.861,198.8,9.0,南西南,0.0,0.0,0.0
1782744932.876,198.8,9.0,南西南,0.0,0.0,0.0
1782744937.887,198.8,9.0,南西南,0.0,0.0,0.0
1782744942.895,198.8,9.0,南西南,0.0,0.0,0.0
1782744947.903,198.8,9.0,南西南,0.0,0.0,0.0
1782744952.916,198.8,9.0,南西南,0.0,0.0,0.0
1782744957.929,198.8,9.0,南西南,0.0,0.0,0.0
1782744962.938,198.8,9.0,南西南,0.0,0.0,0.0
1782744967.951,198.8,9.0,南西南,0.0,0.0,0.0
1782744972.966,198.8,9.0,南西南,0.0,0.0,0.0
1782744977.972,198.8,9.0,南西南,0.0,0.0,0.0
1782744982.985,198.8,9.0,南西南,0.0,0.0,0.0
1782744988.0,198.8,9.0,南西南,0.0,0.0,0.0
1782744993.008,198.8,9.0,南西南,0.0,0.0,0.0
1782744998.02,198.8,9.0,南西南,0.0,0.0,0.0
1782745003.03,198.8,9.0,南西南,0.0,0.0,0.0
1782745008.044,198.8,9.0,南西南,0.0,0.0,0.0
1782745013.057,198.8,9.0,南西南,0.0,0.0,0.0
1782745018.065,198.8,9.0,南西南,0.0,0.0,0.0
1782745023.077,198.8,9.0,南西南,0.0,0.0,0.0
1782745028.087,198.8,9.0,南西南,0.0,0.0,0.0
1782745033.097,198.8,9.0,南西南,0.0,0.0,0.0
1782745038.112,198.8,9.0,南西南,0.0,0.0,0.0
1782745043.124,198.8,9.0,南西南,0.0,0.0,0.0
1782745048.13,198.8,9.0,南西南,0.0,0.0,0.0
1782745053.144,198.8,9.0,南西南,0.0,0.0,0.0
1782745058.157,198.8,9.0,南西南,0.0,0.0,0.0
1782745063.164,198.8,9.0,南西南,0.0,0.0,0.0
1782745068.172,198.8,9.0,南西南,0.0,0.0,0.0
1782745073.189,198.8,9.0,南西南,0.0,0.0,0.0
1782745078.198,198.8,9.0,南西南,0.0,0.0,0.0
1782745083.205,198.8,9.0,南西南,0.0,0.0,0.0
1782745088.214,198.8,9.0,南西南,0.0,0.0,0.0
1782745093.228,198.8,9.0,南西南,0.0,0.0,0.0
1782745098.241,198.8,9.0,南西南,0.0,0.0,0.0
1782745103.249,198.8,9.0,南西南,0.0,0.0,0.0
1782745108.262,198.8,9.0,南西南,0.0,0.0,0.0
1782745113.277,198.8,9.0,南西南,0.0,0.0,0.0
1782745118.286,198.8,9.0,南西南,0.0,0.0,0.0
1782745123.296,198.8,9.0,南西南,0.0,0.0,0.0
1782745128.31,198.8,9.0,南西南,0.0,0.0,0.0
1782745133.316,198.8,9.0,南西南,0.0,0.0,0.0
1782745138.331,198.8,9.0,南西南,0.0,0.0,0.0
1782745143.345,198.8,9.0,南西南,0.0,0.0,0.0
1782745148.352,198.8,9.0,南西南,0.0,0.0,0.0
1782745153.363,198.8,9.0,南西南,0.0,0.0,0.0
1782745158.376,198.8,9.0,南西南,0.0,0.0,0.0
1782745163.382,198.8,9.0,南西南,0.0,0.0,0.0
1782745168.394,198.8,9.0,南西南,0.0,0.0,0.0
1782745173.408,198.8,9.0,南西南,0.0,0.0,0.0
1782745178.412,198.8,9.0,南西南,0.0,0.0,0.0
1782745183.426,198.8,9.0,南西南,0.0,0.0,0.0
1782745188.437,198.8,9.0,南西南,0.0,0.0,0.0
1782745193.45,198.8,9.0,南西南,0.0,0.0,0.0
1782745198.464,198.8,9.0,南西南,0.0,0.0,0.0
1782745203.471,198.8,9.0,南西南,0.0,0.0,0.0
1782745208.485,198.8,9.0,南西南,0.0,0.0,0.0
1782745213.498,198.8,9.0,南西南,0.0,0.0,0.0
1782745218.508,198.8,9.0,南西南,0.0,0.0,0.0
1782745223.519,198.8,9.0,南西南,0.0,0.0,0.0
1782745228.533,198.8,9.0,南西南,0.0,0.0,0.0
1782745233.536,198.8,9.0,南西南,0.0,0.0,0.0
1782745238.548,198.8,9.0,南西南,0.0,0.0,0.0
1782745243.563,198.8,9.0,南西南,0.0,0.0,0.0
1782745248.571,198.8,9.0,南西南,0.0,0.0,0.0
1782745253.581,198.8,9.0,南西南,0.0,0.0,0.0
1782745258.594,198.8,9.0,南西南,0.0,0.0,0.0
1782745263.603,198.8,9.0,南西南,0.0,0.0,0.0
1782745268.616,198.8,9.0,南西南,0.0,0.0,0.0
1782745273.624,198.8,9.0,南西南,0.0,0.0,0.0
1782745278.635,198.8,9.0,南西南,0.0,0.0,0.0
1782745283.645,198.8,9.0,南西南,0.0,0.0,0.0
1782745288.656,198.8,9.0,南西南,0.0,0.0,0.0
1782745293.667,198.8,9.0,南西南,0.0,0.0,0.0
1782745298.681,198.8,9.0,南西南,0.0,0.0,0.0
1782745303.688,198.8,9.0,南西南,0.0,0.0,0.0
1782745308.7,198.8,9.0,南西南,0.0,0.0,0.0
1782745313.715,198.8,9.0,南西南,0.0,0.0,0.0
1782745318.722,198.8,9.0,南西南,0.0,0.0,0.0
1782745323.735,198.8,9.0,南西南,0.0,0.0,0.0
1782745328.75,198.8,9.0,南西南,0.0,0.0,0.0
1782745333.757,198.8,9.0,南西南,0.0,0.0,0.0
1782745338.77,198.8,9.0,南西南,0.0,0.0,0.0
1782745343.785,198.8,9.0,南西南,0.0,0.0,0.0
1782745348.788,198.8,9.0,南西南,0.0,0.0,0.0
1782745353.799,198.8,9.0,南西南,0.0,0.0,0.0
1782745358.805,198.8,9.0,南西南,0.0,0.0,0.0
1782745363.815,198.8,9.0,南西南,0.0,0.0,0.0
1782745368.826,198.8,9.0,南西南,0.0,0.0,0.0
1782745373.83,198.8,9.0,南西南,0.0,0.0,0.0
1782745378.84,198.8,9.0,南西南,0.0,0.0,0.0
1782745383.848,198.8,9.0,南西南,0.0,0.0,0.0
1782745388.852,198.8,9.0,南西南,0.0,0.0,0.0
1782745393.861,198.8,9.0,南西南,0.0,0.0,0.0
1782745398.872,198.8,9.0,南西南,0.0,0.0,0.0
1782745403.878,198.8,9.0,南西南,0.0,0.0,0.0
1782745408.887,198.8,9.0,南西南,0.0,0.0,0.0
1782745413.897,198.8,9.0,南西南,0.0,0.0,0.0
1782745418.9,198.8,9.0,南西南,0.0,0.0,0.0
1782745423.909,198.8,9.0,南西南,0.0,0.0,0.0
1782745428.917,198.8,9.0,南西南,0.0,0.0,0.0
1782745433.925,198.8,9.0,南西南,0.0,0.0,0.0
1782745438.935,198.8,9.0,南西南,0.0,0.0,0.0
1782745443.941,198.8,9.0,南西南,0.0,0.0,0.0
1782745448.952,198.8,9.0,南西南,0.0,0.0,0.0
1782745453.965,198.8,9.0,南西南,0.0,0.0,0.0
1782745458.972,198.8,9.0,南西南,0.0,0.0,0.0
1782745463.986,198.8,9.0,南西南,0.0,0.0,0.0
1782745468.996,198.8,9.0,南西南,0.0,0.0,0.0
1782745474.003,198.8,9.0,南西南,0.0,0.0,0.0
1782745479.015,198.8,9.0,南西南,0.0,0.0,0.0
1782745484.025,198.8,9.0,南西南,0.0,0.0,0.0
1782745489.031,198.8,9.0,南西南,0.0,0.0,0.0
1782745494.044,198.8,9.0,南西南,0.0,0.0,0.0
1782745499.058,198.8,9.0,南西南,0.0,0.0,0.0
1782745504.069,198.8,9.0,南西南,0.0,0.0,0.0
1782745509.078,198.8,9.0,南西南,0.0,0.0,0.0
1782745514.092,198.8,9.0,南西南,0.0,0.0,0.0
1782745519.095,198.8,9.0,南西南,0.0,0.0,0.0
1782745524.108,198.8,9.0,南西南,0.0,0.0,0.0
1782745529.111,198.8,9.0,南西南,0.0,0.0,0.0
1782745534.12,198.8,9.0,南西南,0.0,0.0,0.0
1782745539.129,198.8,9.0,南西南,0.0,0.0,0.0
1782745544.138,198.8,9.0,南西南,0.0,0.0,0.0
1782745549.151,198.8,9.0,南西南,0.0,0.0,0.0
1782745554.165,198.8,9.0,南西南,0.0,0.0,0.0
1782745559.17,198.8,9.0,南西南,0.0,0.0,0.0
1782745564.18,198.8,9.0,南西南,0.0,0.0,0.0
1782745569.195,198.8,9.0,南西南,0.0,0.0,0.0
1782745574.198,198.8,9.0,南西南,0.0,0.0,0.0
1782745579.212,198.8,9.0,南西南,0.0,0.0,0.0
1782745584.228,198.8,9.0,南西南,0.0,0.0,0.0
1782745589.231,198.8,9.0,南西南,0.0,0.0,0.0
1782745594.246,198.8,9.0,南西南,0.0,0.0,0.0
1782745599.26,198.8,9.0,南西南,0.0,0.0,0.0
1782745604.263,198.8,9.0,南西南,0.0,0.0,0.0
1782745609.277,198.8,9.0,南西南,0.0,0.0,0.0
1782745614.291,198.8,9.0,南西南,0.0,0.0,0.0
1782745619.296,198.8,9.0,南西南,0.0,0.0,0.0
1782745624.312,198.8,9.0,南西南,0.0,0.0,0.0
1782745629.319,198.8,9.0,南西南,0.0,0.0,0.0
1782745634.328,198.8,9.0,南西南,0.0,0.0,0.0
1782745639.341,198.8,9.0,南西南,0.0,0.0,0.0
1782745644.35,198.8,9.0,南西南,0.0,0.0,0.0
1782745649.363,198.8,9.0,南西南,0.0,0.0,0.0
1782745654.374,198.8,9.0,南西南,0.0,0.0,0.0
1782745659.38,198.8,9.0,南西南,0.0,0.0,0.0
1782745664.39,198.8,9.0,南西南,0.0,0.0,0.0
1782745669.401,198.8,9.0,南西南,0.0,0.0,0.0
1782745674.404,198.8,9.0,南西南,0.0,0.0,0.0
1782745679.414,198.8,9.0,南西南,0.0,0.0,0.0
1782745684.427,198.8,9.0,南西南,0.0,0.0,0.0
1782745689.433,198.8,9.0,南西南,0.0,0.0,0.0
1782745694.443,198.8,9.0,南西南,0.0,0.0,0.0
1782745699.453,198.8,9.0,南西南,0.0,0.0,0.0
1782745704.46,198.8,9.0,南西南,0.0,0.0,0.0
1782745709.473,198.8,9.0,南西南,0.0,0.0,0.0
1782745714.481,198.8,9.0,南西南,0.0,0.0,0.0
1782745719.493,198.8,9.0,南西南,0.0,0.0,0.0
1782745724.51,198.8,9.0,南西南,0.0,0.0,0.0
1782745729.516,198.8,9.0,南西南,0.0,0.0,0.0
1782745734.531,198.8,9.0,南西南,0.0,0.0,0.0
1782745739.544,198.8,9.0,南西南,0.0,0.0,0.0
1782745744.554,198.8,9.0,南西南,0.0,0.0,0.0
1782745749.566,198.8,9.0,南西南,0.0,0.0,0.0
1782745754.581,198.8,9.0,南西南,0.0,0.0,0.0
1782745759.59,198.8,9.0,南西南,0.0,0.0,0.0
1782745764.606,198.8,9.0,南西南,0.0,0.0,0.0
1782745769.618,198.8,9.0,南西南,0.0,0.0,0.0
1782745774.624,198.8,9.0,南西南,0.0,0.0,0.0
1782745779.641,198.8,9.0,南西南,0.0,0.0,0.0
1782745784.655,198.8,9.0,南西南,0.0,0.0,0.0
1782745789.658,198.8,9.0,南西南,0.0,0.0,0.0
1782745794.676,198.8,9.0,南西南,0.0,0.0,0.0
1782745799.684,198.8,9.0,南西南,0.0,0.0,0.0
1782745804.7,198.8,9.0,南西南,0.0,0.0,0.0
1782745809.713,198.8,9.0,南西南,0.0,0.0,0.0
1782745814.72,198.8,9.0,南西南,0.0,0.0,0.0
1782745819.733,198.8,9.0,南西南,0.0,0.0,0.0
1782745824.751,198.8,9.0,南西南,0.0,0.0,0.0
1782745829.761,198.8,9.0,南西南,0.0,0.0,0.0
1782745834.774,198.8,9.0,南西南,0.0,0.0,0.0
1782745839.787,198.8,9.0,南西南,0.0,0.0,0.0
1782745844.794,198.8,9.0,南西南,0.0,0.0,0.0
1782745849.809,198.8,9.0,南西南,0.0,0.0,0.0
1782745854.823,198.8,9.0,南西南,0.0,0.0,0.0
1782745859.83,198.8,9.0,南西南,0.0,0.0,0.0
1782745864.848,198.8,9.0,南西南,0.0,0.0,0.0
1782745869.86,198.8,9.0,南西南,0.0,0.0,0.0
1782745874.866,198.8,9.0,南西南,0.0,0.0,0.0
1782745879.882,198.8,9.0,南西南,0.0,0.0,0.0
1782745884.893,198.8,9.0,南西南,0.0,0.0,0.0
1782745889.899,198.8,9.0,南西南,0.0,0.0,0.0
1782745894.913,198.8,9.0,南西南,0.0,0.0,0.0
1782745899.923,198.8,9.0,南西南,0.0,0.0,0.0
1782745904.935,198.8,9.0,南西南,0.0,0.0,0.0
1782745909.948,198.8,9.0,南西南,0.0,0.0,0.0
1782745914.955,198.8,9.0,南西南,0.0,0.0,0.0
1782745919.971,198.8,9.0,南西南,0.0,0.0,0.0
1782745924.985,198.8,9.0,南西南,0.0,0.0,0.0
1782745929.988,198.8,9.0,南西南,0.0,0.0,0.0
1782745935.003,198.8,9.0,南西南,0.0,0.0,0.0
1782745940.016,198.8,9.0,南西南,0.0,0.0,0.0
1782745945.023,198.8,9.0,南西南,0.0,0.0,0.0
1782745950.04,198.8,9.0,南西南,0.0,0.0,0.0
1782745955.052,198.8,9.0,南西南,0.0,0.0,0.0
1782745960.06,198.8,9.0,南西南,0.0,0.0,0.0
1782745965.073,198.8,9.0,南西南,0.0,0.0,0.0
1782745970.087,198.8,9.0,南西南,0.0,0.0,0.0
1782745975.095,198.8,9.0,南西南,0.0,0.0,0.0
1782745980.109,198.8,9.0,南西南,0.0,0.0,0.0
1782745985.116,198.8,9.0,南西南,0.0,0.0,0.0
1782745990.13,198.8,9.0,南西南,0.0,0.0,0.0
1782745995.142,198.8,9.0,南西南,0.0,0.0,0.0
1782746000.15,198.8,9.0,南西南,0.0,0.0,0.0
1782746005.165,198.8,9.0,南西南,0.0,0.0,0.0
1782746010.176,198.8,9.0,南西南,0.0,0.0,0.0
1782746015.182,198.8,9.0,南西南,0.0,0.0,0.0
1782746020.2,198.8,9.0,南西南,0.0,0.0,0.0
1782746025.209,198.8,9.0,南西南,0.0,0.0,0.0
1782746030.215,198.8,9.0,南西南,0.0,0.0,0.0
1782746035.227,198.8,9.0,南西南,0.0,0.0,0.0
1782746040.236,198.8,9.0,南西南,0.0,0.0,0.0
1782746045.243,198.8,9.0,南西南,0.0,0.0,0.0
1782746050.254,198.8,9.0,南西南,0.0,0.0,0.0
1782746055.263,198.8,9.0,南西南,0.0,0.0,0.0
1782746060.27,198.8,9.0,南西南,0.0,0.0,0.0
1782746065.28,198.8,9.0,南西南,0.0,0.0,0.0
1782746070.283,198.8,9.0,南西南,0.0,0.0,0.0
1782746075.294,198.8,9.0,南西南,0.0,0.0,0.0
1782746080.305,198.8,9.0,南西南,0.0,0.0,0.0
1782746085.311,198.8,9.0,南西南,0.0,0.0,0.0
1782746090.322,198.8,9.0,南西南,0.0,0.0,0.0
1782746095.331,198.8,9.0,南西南,0.0,0.0,0.0
1782746100.338,198.8,9.0,南西南,0.0,0.0,0.0
1782746105.35,198.8,9.0,南西南,0.0,0.0,0.0
1782746110.358,198.8,9.0,南西南,0.0,0.0,0.0
1782746115.366,198.8,9.0,南西南,0.0,0.0,0.0
1782746120.377,198.8,9.0,南西南,0.0,0.0,0.0
1782746125.383,198.8,9.0,南西南,0.0,0.0,0.0
1782746130.389,198.8,9.0,南西南,0.0,0.0,0.0
1782746135.4,198.8,9.0,南西南,0.0,0.0,0.0
1782746140.41,198.8,9.0,南西南,0.0,0.0,0.0
1782746145.417,198.8,9.0,南西南,0.0,0.0,0.0
1782746150.425,198.8,9.0,南西南,0.0,0.0,0.0
1782746155.431,198.8,9.0,南西南,0.0,0.0,0.0
1782746160.443,198.8,9.0,南西南,0.0,0.0,0.0
1782746165.451,198.8,9.0,南西南,0.0,0.0,0.0
1782746170.456,198.8,9.0,南西南,0.0,0.0,0.0
1782746175.467,198.8,9.0,南西南,0.0,0.0,0.0
1782746180.476,198.8,9.0,南西南,0.0,0.0,0.0
1782746185.483,198.8,9.0,南西南,0.0,0.0,0.0
1782746190.494,198.8,9.0,南西南,0.0,0.0,0.0
1782746195.503,198.8,9.0,南西南,0.0,0.0,0.0
1782746200.509,198.8,9.0,南西南,0.0,0.0,0.0
1782746205.52,198.8,9.0,南西南,0.0,0.0,0.0
1782746210.527,198.8,9.0,南西南,0.0,0.0,0.0
1782746215.536,198.8,9.0,南西南,0.0,0.0,0.0
1782746220.544,198.8,9.0,南西南,0.0,0.0,0.0
1782746225.551,198.8,9.0,南西南,0.0,0.0,0.0
1782746230.565,198.8,9.0,南西南,0.0,0.0,0.0
1782746235.578,198.8,9.0,南西南,0.0,0.0,0.0
1782746240.585,198.8,9.0,南西南,0.0,0.0,0.0
1782746245.6,198.8,9.0,南西南,0.0,0.0,0.0
1782746250.613,198.8,9.0,南西南,0.0,0.0,0.0
1782746255.622,198.8,9.0,南西南,0.0,0.0,0.0
1782746260.638,198.8,9.0,南西南,0.0,0.0,0.0
1782746265.649,198.8,9.0,南西南,0.0,0.0,0.0
1782746270.656,198.8,9.0,南西南,0.0,0.0,0.0
1782746275.673,198.8,9.0,南西南,0.0,0.0,0.0
1782746280.684,198.8,9.0,南西南,0.0,0.0,0.0
1782746285.691,198.8,9.0,南西南,0.0,0.0,0.0
1782746290.705,198.8,9.0,南西南,0.0,0.0,0.0
1782746295.719,198.8,9.0,南西南,0.0,0.0,0.0
1782746300.73,198.8,9.0,南西南,0.0,0.0,0.0
1782746305.744,198.8,9.0,南西南,0.0,0.0,0.0
1782746310.756,198.8,9.0,南西南,0.0,0.0,0.0
1782746315.767,198.8,9.0,南西南,0.0,0.0,0.0
1782746320.779,198.8,9.0,南西南,0.0,0.0,0.0
1782746325.786,198.8,9.0,南西南,0.0,0.0,0.0
1782746330.802,198.8,9.0,南西南,0.0,0.0,0.0
1782746335.814,198.8,9.0,南西南,0.0,0.0,0.0
1782746340.82,198.8,9.0,南西南,0.0,0.0,0.0
1782746345.835,198.8,9.0,南西南,0.0,0.0,0.0
1782746350.844,198.8,9.0,南西南,0.0,0.0,0.0
1782746355.853,198.8,9.0,南西南,0.0,0.0,0.0
1782746360.865,198.8,9.0,南西南,0.0,0.0,0.0
1782746365.879,198.8,9.0,南西南,0.0,0.0,0.0
1782746370.89,198.8,9.0,南西南,0.0,0.0,0.0
1782746375.902,198.8,9.0,南西南,0.0,0.0,0.0
1782746380.914,198.8,9.0,南西南,0.0,0.0,0.0
1782746385.924,198.8,9.0,南西南,0.0,0.0,0.0
1782746390.936,198.8,9.0,南西南,0.0,0.0,0.0
1782746395.947,198.8,9.0,南西南,0.0,0.0,0.0
1782746400.957,198.8,9.0,南西南,0.0,0.0,0.0
1782746405.97,198.8,9.0,南西南,0.0,0.0,0.0
1782746410.977,198.8,9.0,南西南,0.0,0.0,0.0
1782746415.992,198.8,9.0,南西南,0.0,0.0,0.0
1782746421.004,198.8,9.0,南西南,0.0,0.0,0.0
1782746426.011,198.8,9.0,南西南,0.0,0.0,0.0
1782746431.026,198.8,9.0,南西南,0.0,0.0,0.0
1782746436.038,198.8,9.0,南西南,0.0,0.0,0.0
1782746441.046,198.8,9.0,南西南,0.0,0.0,0.0
1782746446.058,198.8,9.0,南西南,0.0,0.0,0.0
1782746451.07,198.8,9.0,南西南,0.0,0.0,0.0
1782746456.082,198.8,9.0,南西南,0.0,0.0,0.0
1782746461.091,198.8,9.0,南西南,0.0,0.0,0.0
1782746466.104,198.8,9.0,南西南,0.0,0.0,0.0
1782746471.112,198.8,9.0,南西南,0.0,0.0,0.0
1782746476.125,198.8,9.0,南西南,0.0,0.0,0.0
1782746481.135,198.8,9.0,南西南,0.0,0.0,0.0
1782746486.145,198.8,9.0,南西南,0.0,0.0,0.0
1782746491.158,198.8,9.0,南西南,0.0,0.0,0.0
1782746496.165,198.8,9.0,南西南,0.0,0.0,0.0
1782746501.18,198.8,9.0,南西南,0.0,0.0,0.0
1782746506.191,198.8,9.0,南西南,0.0,0.0,0.0
1782746511.196,198.8,9.0,南西南,0.0,0.0,0.0
1782746516.213,198.8,9.0,南西南,0.0,0.0,0.0
1782746521.225,198.8,9.0,南西南,0.0,0.0,0.0
1782746526.233,198.8,9.0,南西南,0.0,0.0,0.0
1782746531.246,198.8,9.0,南西南,0.0,0.0,0.0
1782746536.259,198.8,9.0,南西南,0.0,0.0,0.0
1782746541.264,198.8,9.0,南西南,0.0,0.0,0.0
1782746546.277,198.8,9.0,南西南,0.0,0.0,0.0
1782746551.289,198.8,9.0,南西南,0.0,0.0,0.0
1782746556.299,198.8,9.0,南西南,0.0,0.0,0.0
1782746561.313,198.8,9.0,南西南,0.0,0.0,0.0
1782746566.321,198.8,9.0,南西南,0.0,0.0,0.0
1782746571.332,198.8,9.0,南西南,0.0,0.0,0.0
1782746576.341,198.8,9.0,南西南,0.0,0.0,0.0
1782746581.354,198.8,9.0,南西南,0.0,0.0,0.0
1782746586.364,198.8,9.0,南西南,0.0,0.0,0.0
1782746591.379,198.8,9.0,南西南,0.0,0.0,0.0
1782746596.384,198.8,9.0,南西南,0.0,0.0,0.0
1782746601.397,198.8,9.0,南西南,0.0,0.0,0.0
1782746606.407,198.8,9.0,南西南,0.0,0.0,0.0
1782746611.42,198.8,9.0,南西南,0.0,0.0,0.0
1782746616.433,198.8,9.0,南西南,0.0,0.0,0.0
1782746621.445,198.8,9.0,南西南,0.0,0.0,0.0
1782746626.454,198.8,9.0,南西南,0.0,0.0,0.0
1782746631.468,198.8,9.0,南西南,0.0,0.0,0.0
1782746636.481,198.8,9.0,南西南,0.0,0.0,0.0
1782746641.491,198.8,9.0,南西南,0.0,0.0,0.0
1782746646.502,198.8,9.0,南西南,0.0,0.0,0.0
1782746651.516,198.8,9.0,南西南,0.0,0.0,0.0
1782746656.527,198.8,9.0,南西南,0.0,0.0,0.0
1782746661.538,198.8,9.0,南西南,0.0,0.0,0.0
1782746666.552,198.8,9.0,南西南,0.0,0.0,0.0
1782746671.562,198.8,9.0,南西南,0.0,0.0,0.0
1782746676.574,198.8,9.0,南西南,0.0,0.0,0.0
1782746681.587,198.8,9.0,南西南,0.0,0.0,0.0
1782746686.597,198.8,9.0,南西南,0.0,0.0,0.0
1782746691.611,198.8,9.0,南西南,0.0,0.0,0.0
1782746696.621,198.8,9.0,南西南,0.0,0.0,0.0
1782746701.632,198.8,9.0,南西南,0.0,0.0,0.0
1782746706.644,198.8,9.0,南西南,0.0,0.0,0.0
1782746711.654,198.8,9.0,南西南,0.0,0.0,0.0
1782746716.667,198.8,9.0,南西南,0.0,0.0,0.0
1782746721.679,198.8,9.0,南西南,0.0,0.0,0.0
1782746726.691,198.8,9.0,南西南,0.0,0.0,0.0
1782746731.702,198.8,9.0,南西南,0.0,0.0,0.0
1782746736.712,198.8,9.0,南西南,0.0,0.0,0.0
1782746741.721,198.8,9.0,南西南,0.0,0.0,0.0
1782746746.732,198.8,9.0,南西南,0.0,0.0,0.0
1782746751.747,198.8,9.0,南西南,0.0,0.0,0.0
1782746756.755,198.8,9.0,南西南,0.0,0.0,0.0
1782746761.77,198.8,9.0,南西南,0.0,0.0,0.0
1782746766.785,198.8,9.0,南西南,0.0,0.0,0.0
1782746771.794,198.8,9.0,南西南,0.0,0.0,0.0
1782746776.806,198.8,9.0,南西南,0.0,0.0,0.0
1782746781.82,198.8,9.0,南西南,0.0,0.0,0.0
1782746786.824,198.8,9.0,南西南,0.0,0.0,0.0
1782746791.838,198.8,9.0,南西南,0.0,0.0,0.0
1782746796.847,198.8,9.0,南西南,0.0,0.0,0.0
1782746801.862,198.8,9.0,南西南,0.0,0.0,0.0
1782746806.874,198.8,9.0,南西南,0.0,0.0,0.0
1782746811.882,198.8,9.0,南西南,0.0,0.0,0.0
1782746816.893,198.8,9.0,南西南,0.0,0.0,0.0
1782746821.904,198.8,9.0,南西南,0.0,0.0,0.0
1782746826.912,198.8,9.0,南西南,0.0,0.0,0.0
1782746831.926,198.8,9.0,南西南,0.0,0.0,0.0
1782746836.935,198.8,9.0,南西南,0.0,0.0,0.0
1782746841.944,198.8,9.0,南西南,0.0,0.0,0.0
1782746846.955,198.8,9.0,南西南,0.0,0.0,0.0
1782746851.97,198.8,9.0,南西南,0.0,0.0,0.0
1782746856.976,198.8,9.0,南西南,0.0,0.0,0.0
1782746861.988,198.8,9.0,南西南,0.0,0.0,0.0
1782746867.004,198.8,9.0,南西南,0.0,0.0,0.0
1782746872.011,198.8,9.0,南西南,0.0,0.0,0.0
1782746877.02,198.8,9.0,南西南,0.0,0.0,0.0
1782746882.033,198.8,9.0,南西南,0.0,0.0,0.0
1782746887.036,198.8,9.0,南西南,0.0,0.0,0.0
1782746892.051,198.8,9.0,南西南,0.0,0.0,0.0
1782746897.056,198.8,9.0,南西南,0.0,0.0,0.0
1782746902.068,198.8,9.0,南西南,0.0,0.0,0.0
1782746907.081,198.8,9.0,南西南,0.0,0.0,0.0
1782746912.088,198.8,9.0,南西南,0.0,0.0,0.0
1782746917.098,198.8,9.0,南西南,0.0,0.0,0.0
1782746922.113,198.8,9.0,南西南,0.0,0.0,0.0
1782746927.12,198.8,9.0,南西南,0.0,0.0,0.0
1782746932.133,198.8,9.0,南西南,0.0,0.0,0.0
1782746937.147,198.8,9.0,南西南,0.0,0.0,0.0
1782746942.154,198.8,9.0,南西南,0.0,0.0,0.0
1782746947.167,198.8,9.0,南西南,0.0,0.0,0.0
1782746952.177,198.8,9.0,南西南,0.0,0.0,0.0
1782746957.183,198.8,9.0,南西南,0.0,0.0,0.0
1782746962.196,198.8,9.0,南西南,0.0,0.0,0.0
1782746967.209,198.8,9.0,南西南,0.0,0.0,0.0
1782746972.216,198.8,9.0,南西南,0.0,0.0,0.0
1782746977.225,198.8,9.0,南西南,0.0,0.0,0.0
1782746982.232,198.8,9.0,南西南,0.0,0.0,0.0
1782746987.248,198.8,9.0,南西南,0.0,0.0,0.0
1782746992.259,198.8,9.0,南西南,0.0,0.0,0.0
1782746997.268,198.8,9.0,南西南,0.0,0.0,0.0
1782747002.28,198.8,9.0,南西南,0.0,0.0,0.0
1782747007.293,198.8,9.0,南西南,0.0,0.0,0.0
1782747012.3,198.8,9.0,南西南,0.0,0.0,0.0
1782747017.314,198.8,9.0,南西南,0.0,0.0,0.0
1782747022.327,198.8,9.0,南西南,0.0,0.0,0.0
1782747027.335,198.8,9.0,南西南,0.0,0.0,0.0
1782747032.347,198.8,9.0,南西南,0.0,0.0,0.0
1782747037.362,198.8,9.0,南西南,0.0,0.0,0.0
1782747042.368,198.8,9.0,南西南,0.0,0.0,0.0
1782747047.38,198.8,9.0,南西南,0.0,0.0,0.0
1782747052.395,198.8,9.0,南西南,0.0,0.0,0.0
1782747057.401,198.8,9.0,南西南,0.0,0.0,0.0
1782747062.41,198.8,9.0,南西南,0.0,0.0,0.0
1782747067.416,198.8,9.0,南西南,0.0,0.0,0.0
1782747072.43,198.8,9.0,南西南,0.0,0.0,0.0
1782747077.439,198.8,9.0,南西南,0.0,0.0,0.0
1782747082.446,198.8,9.0,南西南,0.0,0.0,0.0
1782747087.46,198.8,9.0,南西南,0.0,0.0,0.0
1782747092.473,198.8,9.0,南西南,0.0,0.0,0.0
1782747097.476,198.8,9.0,南西南,0.0,0.0,0.0
1782747102.49,198.8,9.0,南西南,0.0,0.0,0.0
1782747107.501,198.8,9.0,南西南,0.0,0.0,0.0
1782747112.508,198.8,9.0,南西南,0.0,0.0,0.0
1782747117.521,198.8,9.0,南西南,0.0,0.0,0.0
1782747122.538,198.8,9.0,南西南,0.0,0.0,0.0
1782747127.548,198.8,9.0,南西南,0.0,0.0,0.0
1782747132.559,198.8,9.0,南西南,0.0,0.0,0.0
1782747137.573,198.8,9.0,南西南,0.0,0.0,0.0
1782747142.578,198.8,9.0,南西南,0.0,0.0,0.0
1782747147.592,198.8,9.0,南西南,0.0,0.0,0.0
1782747152.6,198.8,9.0,南西南,0.0,0.0,0.0
1782747157.614,198.8,9.0,南西南,0.0,0.0,0.0
1782747162.624,198.8,9.0,南西南,0.0,0.0,0.0
1782747167.628,198.8,9.0,南西南,0.0,0.0,0.0
1782747172.638,198.8,9.0,南西南,0.0,0.0,0.0
1782747177.65,198.8,9.0,南西南,0.0,0.0,0.0
1782747182.656,198.8,9.0,南西南,0.0,0.0,0.0
1782747187.67,198.8,9.0,南西南,0.0,0.0,0.0
1782747192.686,198.8,9.0,南西南,0.0,0.0,0.0
1782747197.694,198.8,9.0,南西南,0.0,0.0,0.0
1782747202.706,198.8,9.0,南西南,0.0,0.0,0.0
1782747207.718,198.8,9.0,南西南,0.0,0.0,0.0
1782747212.724,198.8,9.0,南西南,0.0,0.0,0.0
1782747217.732,198.8,9.0,南西南,0.0,0.0,0.0
1782747222.744,198.8,9.0,南西南,0.0,0.0,0.0
1782747227.752,198.8,9.0,南西南,0.0,0.0,0.0
1782747232.763,198.8,9.0,南西南,0.0,0.0,0.0
1782747237.774,198.8,9.0,南西南,0.0,0.0,0.0
1782747242.781,198.8,9.0,南西南,0.0,0.0,0.0
1782747247.799,198.8,9.0,南西南,0.0,0.0,0.0
1782747252.806,198.8,9.0,南西南,0.0,0.0,0.0
1782747257.817,198.8,9.0,南西南,0.0,0.0,0.0
1782747262.833,198.8,9.0,南西南,0.0,0.0,0.0
1782747267.841,198.8,9.0,南西南,0.0,0.0,0.0
1782747272.855,198.8,9.0,南西南,0.0,0.0,0.0
1782747277.87,198.8,9.0,南西南,0.0,0.0,0.0
1782747282.877,198.8,9.0,南西南,0.0,0.0,0.0
1782747287.886,198.8,9.0,南西南,0.0,0.0,0.0
1782747292.897,198.8,9.0,南西南,0.0,0.0,0.0
1782747297.9,198.8,9.0,南西南,0.0,0.0,0.0
1782747302.915,198.8,9.0,南西南,0.0,0.0,0.0
1782747307.925,198.8,9.0,南西南,0.0,0.0,0.0
1782747312.932,198.8,9.0,南西南,0.0,0.0,0.0
1782747317.943,198.8,9.0,南西南,0.0,0.0,0.0
1782747322.958,198.8,9.0,南西南,0.0,0.0,0.0
1782747327.967,198.8,9.0,南西南,0.0,0.0,0.0
1782747332.979,198.8,9.0,南西南,0.0,0.0,0.0
1782747337.99,198.8,9.0,南西南,0.0,0.0,0.0
1782747342.998,198.8,9.0,南西南,0.0,0.0,0.0
1782747348.009,198.8,9.0,南西南,0.0,0.0,0.0
1782747353.015,198.8,9.0,南西南,0.0,0.0,0.0
1782747358.023,198.8,9.0,南西南,0.0,0.0,0.0
1782747363.035,198.8,9.0,南西南,0.0,0.0,0.0
1782747368.04,198.8,9.0,南西南,0.0,0.0,0.0
1782747373.05,198.8,9.0,南西南,0.0,0.0,0.0
1782747378.061,198.8,9.0,南西南,0.0,0.0,0.0
1782747383.069,198.8,9.0,南西南,0.0,0.0,0.0
1782747388.079,198.8,9.0,南西南,0.0,0.0,0.0
1782747393.09,198.8,9.0,南西南,0.0,0.0,0.0
1782747398.096,198.8,9.0,南西南,0.0,0.0,0.0
1782747403.106,198.8,9.0,南西南,0.0,0.0,0.0
1782747408.115,198.8,9.0,南西南,0.0,0.0,0.0
1782747413.123,198.8,9.0,南西南,0.0,0.0,0.0
1782747418.134,198.8,9.0,南西南,0.0,0.0,0.0
1782747423.144,198.8,9.0,南西南,0.0,0.0,0.0
1782747428.149,198.8,9.0,南西南,0.0,0.0,0.0
1782747433.158,198.8,9.0,南西南,0.0,0.0,0.0
1782747438.164,198.8,9.0,南西南,0.0,0.0,0.0
1782747443.174,198.8,9.0,南西南,0.0,0.0,0.0
1782747448.183,198.8,9.0,南西南,0.0,0.0,0.0
1782747453.185,198.8,9.0,南西南,0.0,0.0,0.0
1782747458.195,198.8,9.0,南西南,0.0,0.0,0.0
1782747463.21,198.8,9.0,南西南,0.0,0.0,0.0
1782747468.214,198.8,9.0,南西南,0.0,0.0,0.0
1782747473.225,198.8,9.0,南西南,0.0,0.0,0.0
1782747478.243,198.8,9.0,南西南,0.0,0.0,0.0
1782747483.253,198.8,9.0,南西南,0.0,0.0,0.0
1782747488.266,198.8,9.0,南西南,0.0,0.0,0.0
1782747493.278,198.8,9.0,南西南,0.0,0.0,0.0
1782747498.285,198.8,9.0,南西南,0.0,0.0,0.0
1782747503.301,198.8,9.0,南西南,0.0,0.0,0.0
1782747508.312,198.8,9.0,南西南,0.0,0.0,0.0
1782747513.318,198.8,9.0,南西南,0.0,0.0,0.0
1782747518.335,198.8,9.0,南西南,0.0,0.0,0.0
1782747523.342,198.8,9.0,南西南,0.0,0.0,0.0
1782747528.354,198.8,9.0,南西南,0.0,0.0,0.0
1782747533.364,198.8,9.0,南西南,0.0,0.0,0.0
1782747538.37,198.8,9.0,南西南,0.0,0.0,0.0
1782747543.384,198.8,9.0,南西南,0.0,0.0,0.0
1782747548.395,198.8,9.0,南西南,0.0,0.0,0.0
1782747553.403,198.8,9.0,南西南,0.0,0.0,0.0
1782747558.408,198.8,9.0,南西南,0.0,0.0,0.0
1782747563.417,198.8,9.0,南西南,0.0,0.0,0.0
1782747568.418,198.8,9.0,南西南,0.0,0.0,0.0
1782747573.426,198.8,9.0,南西南,0.0,0.0,0.0
1782747578.434,198.8,9.0,南西南,0.0,0.0,0.0
1782747583.441,198.8,9.0,南西南,0.0,0.0,0.0
1782747588.452,198.8,9.0,南西南,0.0,0.0,0.0
1782747593.458,198.8,9.0,南西南,0.0,0.0,0.0
1782747598.465,198.8,9.0,南西南,0.0,0.0,0.0
1782747603.476,198.8,9.0,南西南,0.0,0.0,0.0
1782747608.481,198.8,9.0,南西南,0.0,0.0,0.0
1782747613.489,198.8,9.0,南西南,0.0,0.0,0.0
1782747618.5,198.8,9.0,南西南,0.0,0.0,0.0
1782747623.506,198.8,9.0,南西南,0.0,0.0,0.0
1782747628.516,198.8,9.0,南西南,0.0,0.0,0.0
1782747633.526,198.8,9.0,南西南,0.0,0.0,0.0
1782747638.532,198.8,9.0,南西南,0.0,0.0,0.0
1782747643.54,198.8,9.0,南西南,0.0,0.0,0.0
1782747648.549,198.8,9.0,南西南,0.0,0.0,0.0
1782747653.553,198.8,9.0,南西南,0.0,0.0,0.0
1782747658.562,198.8,9.0,南西南,0.0,0.0,0.0
1782747663.567,198.8,9.0,南西南,0.0,0.0,0.0
1782747668.574,198.8,9.0,南西南,0.0,0.0,0.0
1782747673.583,198.8,9.0,南西南,0.0,0.0,0.0
1782747678.588,198.8,9.0,南西南,0.0,0.0,0.0
1782747683.598,198.8,9.0,南西南,0.0,0.0,0.0
1782747688.606,198.8,9.0,南西南,0.0,0.0,0.0
1782747693.612,198.8,9.0,南西南,0.0,0.0,0.0
1782747698.622,198.8,9.0,南西南,0.0,0.0,0.0
1782747703.632,198.8,9.0,南西南,0.0,0.0,0.0
1782747708.636,198.8,9.0,南西南,0.0,0.0,0.0
1782747713.644,198.8,9.0,南西南,0.0,0.0,0.0
1782747718.653,198.8,9.0,南西南,0.0,0.0,0.0
1782747723.658,198.8,9.0,南西南,0.0,0.0,0.0
1782747728.67,198.8,9.0,南西南,0.0,0.0,0.0
1782747733.679,198.8,9.0,南西南,0.0,0.0,0.0
1782747738.686,198.8,9.0,南西南,0.0,0.0,0.0
1782747743.697,198.8,9.0,南西南,0.0,0.0,0.0
1782747748.705,198.8,9.0,南西南,0.0,0.0,0.0
1782747753.711,198.8,9.0,南西南,0.0,0.0,0.0
1782747758.719,198.8,9.0,南西南,0.0,0.0,0.0
1782747763.725,198.8,9.0,南西南,0.0,0.0,0.0
1782747768.736,198.8,9.0,南西南,0.0,0.0,0.0
1782747773.748,198.8,9.0,南西南,0.0,0.0,0.0
1782747778.755,198.8,9.0,南西南,0.0,0.0,0.0
1782747783.766,198.8,9.0,南西南,0.0,0.0,0.0
1782747788.782,198.8,9.0,南西南,0.0,0.0,0.0
1782747793.788,198.8,9.0,南西南,0.0,0.0,0.0
1782747798.799,198.8,9.0,南西南,0.0,0.0,0.0
1782747803.808,198.8,9.0,南西南,0.0,0.0,0.0
1782747808.816,198.8,9.0,南西南,0.0,0.0,0.0
1782747813.827,198.8,9.0,南西南,0.0,0.0,0.0
1782747818.841,198.8,9.0,南西南,0.0,0.0,0.0
1782747823.845,198.8,9.0,南西南,0.0,0.0,0.0
1782747828.858,198.8,9.0,南西南,0.0,0.0,0.0
1782747833.868,198.8,9.0,南西南,0.0,0.0,0.0
1782747838.876,198.8,9.0,南西南,0.0,0.0,0.0
1782747843.889,198.8,9.0,南西南,0.0,0.0,0.0
1782747848.896,198.8,9.0,南西南,0.0,0.0,0.0
1782747853.908,198.8,9.0,南西南,0.0,0.0,0.0
1782747858.924,198.8,9.0,南西南,0.0,0.0,0.0
1782747863.929,198.8,9.0,南西南,0.0,0.0,0.0
1782747868.936,198.8,9.0,南西南,0.0,0.0,0.0
1782747873.951,198.8,9.0,南西南,0.0,0.0,0.0
1782747878.96,198.8,9.0,南西南,0.0,0.0,0.0
1782747883.973,198.8,9.0,南西南,0.0,0.0,0.0
1782747888.985,198.8,9.0,南西南,0.0,0.0,0.0
1782747893.988,198.8,9.0,南西南,0.0,0.0,0.0
1782747899.0,198.8,9.0,南西南,0.0,0.0,0.0
1782747904.013,198.8,9.0,南西南,0.0,0.0,0.0
1782747909.022,198.8,9.0,南西南,0.0,0.0,0.0
1782747914.035,198.8,9.0,南西南,0.0,0.0,0.0
1782747919.045,198.8,9.0,南西南,0.0,0.0,0.0
1782747924.051,198.8,9.0,南西南,0.0,0.0,0.0
1782747929.069,198.8,9.0,南西南,0.0,0.0,0.0
1782747934.076,198.8,9.0,南西南,0.0,0.0,0.0
1782747939.086,198.8,9.0,南西南,0.0,0.0,0.0
1782747944.097,198.8,9.0,南西南,0.0,0.0,0.0
1782747949.101,198.8,9.0,南西南,0.0,0.0,0.0
1782747954.117,198.8,9.0,南西南,0.0,0.0,0.0
1782747959.129,198.8,9.0,南西南,0.0,0.0,0.0
1782747964.132,198.8,9.0,南西南,0.0,0.0,0.0
1782747969.147,198.8,9.0,南西南,0.0,0.0,0.0
1782747974.157,198.8,9.0,南西南,0.0,0.0,0.0
1782747979.166,198.8,9.0,南西南,0.0,0.0,0.0
1782747984.179,198.8,9.0,南西南,0.0,0.0,0.0
1782747989.19,198.8,9.0,南西南,0.0,0.0,0.0
1782747994.196,198.8,9.0,南西南,0.0,0.0,0.0
1782747999.212,198.8,9.0,南西南,0.0,0.0,0.0
1782748004.22,198.8,9.0,南西南,0.0,0.0,0.0
1782748009.224,198.8,9.0,南西南,0.0,0.0,0.0
1782748014.237,198.8,9.0,南西南,0.0,0.0,0.0
1782748019.244,198.8,9.0,南西南,0.0,0.0,0.0
1782748024.256,198.8,9.0,南西南,0.0,0.0,0.0
1782748029.268,198.8,9.0,南西南,0.0,0.0,0.0
1782748034.277,198.8,9.0,南西南,0.0,0.0,0.0
1782748039.291,198.8,9.0,南西南,0.0,0.0,0.0
1782748044.305,198.8,9.0,南西南,0.0,0.0,0.0
1782748049.311,198.8,9.0,南西南,0.0,0.0,0.0
1782748054.328,198.8,9.0,南西南,0.0,0.0,0.0
1782748059.337,198.8,9.0,南西南,0.0,0.0,0.0
1782748064.34,198.8,9.0,南西南,0.0,0.0,0.0
1782748069.356,198.8,9.0,南西南,0.0,0.0,0.0
1782748074.366,198.8,9.0,南西南,0.0,0.0,0.0
1782748079.372,198.8,9.0,南西南,0.0,0.0,0.0
1782748084.387,198.8,9.0,南西南,0.0,0.0,0.0
1782748089.396,198.8,9.0,南西南,0.0,0.0,0.0
1782748094.405,198.8,9.0,南西南,0.0,0.0,0.0
1782748099.419,198.8,9.0,南西南,0.0,0.0,0.0
1782748104.425,198.8,9.0,南西南,0.0,0.0,0.0
1782748109.441,198.8,9.0,南西南,0.0,0.0,0.0
1782748114.454,198.8,9.0,南西南,0.0,0.0,0.0
1782748119.46,198.8,9.0,南西南,0.0,0.0,0.0
1782748124.475,198.8,9.0,南西南,0.0,0.0,0.0
1782748129.487,198.8,9.0,南西南,0.0,0.0,0.0
1782748134.498,198.8,9.0,南西南,0.0,0.0,0.0
1782748139.513,198.8,9.0,南西南,0.0,0.0,0.0
1782748144.52,198.8,9.0,南西南,0.0,0.0,0.0
1782748149.527,198.8,9.0,南西南,0.0,0.0,0.0
1782748154.538,198.8,9.0,南西南,0.0,0.0,0.0
1782748159.548,198.8,9.0,南西南,0.0,0.0,0.0
1782748164.556,198.8,9.0,南西南,0.0,0.0,0.0
1782748169.565,198.8,9.0,南西南,0.0,0.0,0.0
1782748174.577,198.8,9.0,南西南,0.0,0.0,0.0
1782748179.579,198.8,9.0,南西南,0.0,0.0,0.0
1782748184.591,198.8,9.0,南西南,0.0,0.0,0.0
1782748189.596,198.8,9.0,南西南,0.0,0.0,0.0
1782748194.613,198.8,9.0,南西南,0.0,0.0,0.0
1782748199.625,198.8,9.0,南西南,0.0,0.0,0.0
1782748204.631,198.8,9.0,南西南,0.0,0.0,0.0
1782748209.647,198.8,9.0,南西南,0.0,0.0,0.0
1782748214.659,198.8,9.0,南西南,0.0,0.0,0.0
1782748219.664,198.8,9.0,南西南,0.0,0.0,0.0
1782748224.679,198.8,9.0,南西南,0.0,0.0,0.0
1782748229.687,198.8,9.0,南西南,0.0,0.0,0.0
1782748234.7,198.8,9.0,南西南,0.0,0.0,0.0
1782748239.713,198.8,9.0,南西南,0.0,0.0,0.0
1782748244.72,198.8,9.0,南西南,0.0,0.0,0.0
1782748249.722,198.8,9.0,南西南,0.0,0.0,0.0
1782748254.731,198.8,9.0,南西南,0.0,0.0,0.0
1782748259.74,198.8,9.0,南西南,0.0,0.0,0.0
1782748264.744,198.8,9.0,南西南,0.0,0.0,0.0
1782748269.755,198.8,9.0,南西南,0.0,0.0,0.0
1782748274.762,198.8,9.0,南西南,0.0,0.0,0.0
1782748279.773,198.8,9.0,南西南,0.0,0.0,0.0
1782748284.78,198.8,9.0,南西南,0.0,0.0,0.0
1782748289.782,198.8,9.0,南西南,0.0,0.0,0.0
1782748294.795,198.8,9.0,南西南,0.0,0.0,0.0
1782748299.804,198.8,9.0,南西南,0.0,0.0,0.0
1782748304.812,198.8,9.0,南西南,0.0,0.0,0.0
1782748309.822,198.8,9.0,南西南,0.0,0.0,0.0
1782748314.832,198.8,9.0,南西南,0.0,0.0,0.0
1782748319.836,198.8,9.0,南西南,0.0,0.0,0.0
1782748324.847,198.8,9.0,南西南,0.0,0.0,0.0
1782748329.856,198.8,9.0,南西南,0.0,0.0,0.0
1782748334.861,198.8,9.0,南西南,0.0,0.0,0.0
1782748339.872,198.8,9.0,南西南,0.0,0.0,0.0
1782748344.879,198.8,9.0,南西南,0.0,0.0,0.0
1782748349.885,198.8,9.0,南西南,0.0,0.0,0.0
1782748354.899,198.8,9.0,南西南,0.0,0.0,0.0
1782748359.906,198.8,9.0,南西南,0.0,0.0,0.0
1782748364.917,198.8,9.0,南西南,0.0,0.0,0.0
1782748369.925,198.8,9.0,南西南,0.0,0.0,0.0
1782748374.933,198.8,9.0,南西南,0.0,0.0,0.0
1782748379.945,198.8,9.0,南西南,0.0,0.0,0.0
1782748384.956,198.8,9.0,南西南,0.0,0.0,0.0
1782748389.962,198.8,9.0,南西南,0.0,0.0,0.0
1782748394.977,198.8,9.0,南西南,0.0,0.0,0.0
1782748399.986,198.8,9.0,南西南,0.0,0.0,0.0
1782748404.993,198.8,9.0,南西南,0.0,0.0,0.0
1782748410.009,198.8,9.0,南西南,0.0,0.0,0.0
1782748415.023,198.8,9.0,南西南,0.0,0.0,0.0
1782748420.028,198.8,9.0,南西南,0.0,0.0,0.0
1782748425.04,198.8,9.0,南西南,0.0,0.0,0.0
1782748430.052,198.8,9.0,南西南,0.0,0.0,0.0
1782748435.064,198.8,9.0,南西南,0.0,0.0,0.0
1782748440.073,198.8,9.0,南西南,0.0,0.0,0.0
1782748445.079,198.8,9.0,南西南,0.0,0.0,0.0
1782748450.093,198.8,9.0,南西南,0.0,0.0,0.0
1782748455.105,198.8,9.0,南西南,0.0,0.0,0.0
1782748460.111,198.8,9.0,南西南,0.0,0.0,0.0
1782748465.126,198.8,9.0,南西南,0.0,0.0,0.0
1782748470.14,198.8,9.0,南西南,0.0,0.0,0.0
1782748475.144,198.8,9.0,南西南,0.0,0.0,0.0
1782748480.159,198.8,9.0,南西南,0.0,0.0,0.0
1782748485.169,198.8,9.0,南西南,0.0,0.0,0.0
1782748490.178,198.8,9.0,南西南,0.0,0.0,0.0
1782748495.19,198.8,9.0,南西南,0.0,0.0,0.0
1782748500.202,198.8,9.0,南西南,0.0,0.0,0.0
1782748505.212,198.8,9.0,南西南,0.0,0.0,0.0
1782748510.222,198.8,9.0,南西南,0.0,0.0,0.0
1782748515.233,198.8,9.0,南西南,0.0,0.0,0.0
1782748520.24,198.8,9.0,南西南,0.0,0.0,0.0
1782748525.252,198.8,9.0,南西南,0.0,0.0,0.0
1782748530.257,198.8,9.0,南西南,0.0,0.0,0.0
1782748535.273,198.8,9.0,南西南,0.0,0.0,0.0
1782748540.286,198.8,9.0,南西南,0.0,0.0,0.0
1782748545.292,198.8,9.0,南西南,0.0,0.0,0.0
1782748550.308,198.8,9.0,南西南,0.0,0.0,0.0
1782748555.322,198.8,9.0,南西南,0.0,0.0,0.0
1782748560.324,198.8,9.0,南西南,0.0,0.0,0.0
1782748565.34,198.8,9.0,南西南,0.0,0.0,0.0
1782748570.352,198.8,9.0,南西南,0.0,0.0,0.0
1782748575.356,198.8,9.0,南西南,0.0,0.0,0.0
1782748580.37,198.8,9.0,南西南,0.0,0.0,0.0
1782748585.385,198.8,9.0,南西南,0.0,0.0,0.0
1782748590.393,198.8,9.0,南西南,0.0,0.0,0.0
1782748595.402,198.8,9.0,南西南,0.0,0.0,0.0
1782748600.409,198.8,9.0,南西南,0.0,0.0,0.0
1782748605.419,198.8,9.0,南西南,0.0,0.0,0.0
1782748610.431,198.8,9.0,南西南,0.0,0.0,0.0
1782748615.436,198.8,9.0,南西南,0.0,0.0,0.0
1782748620.449,198.8,9.0,南西南,0.0,0.0,0.0
1782748625.462,198.8,9.0,南西南,0.0,0.0,0.0
1782748630.471,198.8,9.0,南西南,0.0,0.0,0.0
1782748635.486,198.8,9.0,南西南,0.0,0.0,0.0
1782748640.496,198.8,9.0,南西南,0.0,0.0,0.0
1782748645.502,198.8,9.0,南西南,0.0,0.0,0.0
1782748650.517,198.8,9.0,南西南,0.0,0.0,0.0
1782748655.53,198.8,9.0,南西南,0.0,0.0,0.0
1782748660.535,198.8,9.0,南西南,0.0,0.0,0.0
1782748665.548,198.8,9.0,南西南,0.0,0.0,0.0
1782748670.556,198.8,9.0,南西南,0.0,0.0,0.0
1782748675.564,198.8,9.0,南西南,0.0,0.0,0.0
1782748680.573,198.8,9.0,南西南,0.0,0.0,0.0
1782748685.585,198.8,9.0,南西南,0.0,0.0,0.0
1782748690.596,198.8,9.0,南西南,0.0,0.0,0.0
1782748695.607,198.8,9.0,南西南,0.0,0.0,0.0
1782748700.62,198.8,9.0,南西南,0.0,0.0,0.0
1782748705.628,198.8,9.0,南西南,0.0,0.0,0.0
1782748710.639,198.8,9.0,南西南,0.0,0.0,0.0
1782748715.641,198.8,9.0,南西南,0.0,0.0,0.0
1782748720.654,198.8,9.0,南西南,0.0,0.0,0.0
1782748725.666,198.8,9.0,南西南,0.0,0.0,0.0
1782748730.671,198.8,9.0,南西南,0.0,0.0,0.0
1782748735.687,198.8,9.0,南西南,0.0,0.0,0.0
1782748740.696,198.8,9.0,南西南,0.0,0.0,0.0
1782748745.7,198.8,9.0,南西南,0.0,0.0,0.0
1782748750.716,198.8,9.0,南西南,0.0,0.0,0.0
1782748755.725,198.8,9.0,南西南,0.0,0.0,0.0
1782748760.731,198.8,9.0,南西南,0.0,0.0,0.0
1782748765.744,198.8,9.0,南西南,0.0,0.0,0.0
1782748770.757,198.8,9.0,南西南,0.0,0.0,0.0
1782748775.769,198.8,9.0,南西南,0.0,0.0,0.0
1782748780.777,198.8,9.0,南西南,0.0,0.0,0.0
1782748785.789,198.8,9.0,南西南,0.0,0.0,0.0
1782748790.799,198.8,9.0,南西南,0.0,0.0,0.0
1782748795.811,198.8,9.0,南西南,0.0,0.0,0.0
