timestamp,hour_rain,instant_rain,last_hour_rain,max_24h_rain,max_24h_time,min_24h_rain,min_24h_time,today_rain,total_rain,yesterday_rain
1782748800.819,0.0,0.0,0.0,0.3,11:12,0.0,00:01,0.0,7.1,0.3
1782748805.835,0.0,0.0,0.0,0.3,11:12,0.0,00:01,0.0,7.1,0.3
1782748810.846,0.0,0.0,0.0,0.3,11:12,0.0,00:01,0.0,7.1,0.3
1782748815.858,0.0,0.0,0.0,0.3,11:12,0.0,00:01,0.0,7.1,0.3
1782748820.87,0.0,0.0,0.0,0.3,11:12,0.0,00:01,0.0,7.1,0.3
1782748825.877,0.0,0.0,0.0,0.3,11:12,0.0,00:01,0.0,7.1,0.3
1782748830.886,0.0,0.0,0.0,0.3,11:12,0.0,00:01,0.0,7.1,0.3
1782748835.896,0.0,0.0,0.0,0.3,11:12,0.0,00:01,0.0,7.1,0.3
1782748840.903,0.0,0.0,0.0,0.3,11:12,0.0,00:01,0.0,7.1,0.3
1782748845.909,0.0,0.0,0.0,0.3,11:12,0.0,00:01,0.0,7.1,0.3
1782748850.925,0.0,0.0,0.0,0.3,11:12,0.0,00:01,0.0,7.1,0.3
1782748855.933,0.0,0.0,0.0,0.3,11:12,0.0,00:01,0.0,7.1,0.3
1782748860.945,0.0,0.0,0.0,0.3,11:12,0.0,00:01,0.0,7.1,0.3
1782748865.952,0.0,0.0,0.0,0.3,11:12,0.0,00:01,0.0,7.1,0.3
1782748870.958,0.0,0.0,0.0,0.3,11:12,0.0,00:01,0.0,7.1,0.3
1782748875.973,0.0,0.0,0.0,0.3,11:12,0.0,00:01,0.0,7.1,0.3
1782748880.983,0.0,0.0,0.0,0.3,11:12,0.0,00:01,0.0,7.1,0.3
1782748885.992,0.0,0.0,0.0,0.3,11:12,0.0,00:01,0.0,7.1,0.3
1782748891.005,0.0,0.0,0.0,0.3,11:12,0.0,00:01,0.0,7.1,0.3
1782748896.016,0.0,0.0,0.0,0.3,11:12,0.0,00:01,0.0,7.1,0.3
1782748901.026,0.0,0.0,0.0,0.3,11:12,0.0,00:01,0.0,7.1,0.3
1782748906.038,0.0,0.0,0.0,0.3,11:12,0.0,00:01,0.0,7.1,0.3
1782748911.05,0.0,0.0,0.0,0.3,11:12,0.0,00:01,0.0,7.1,0.3
1782748916.062,0.0,0.0,0.0,0.3,11:12,0.0,00:01,0.0,7.1,0.3
1782748921.071,0.0,0.0,0.0,0.3,11:12,0.0,00:01,0.0,7.1,0.3
1782748926.083,0.0,0.0,0.0,0.3,11:12,0.0,00:01,0.0,7.1,0.3
1782748931.095,0.0,0.0,0.0,0.3,11:12,0.0,00:01,0.0,7.1,0.3
1782748936.107,0.0,0.0,0.0,0.3,11:12,0.0,00:01,0.0,7.1,0.3
1782748941.118,0.0,0.0,0.0,0.3,11:12,0.0,00:01,0.0,7.1,0.3
1782748946.133,0.0,0.0,0.0,0.3,11:12,0.0,00:01,0.0,7.1,0.3
1782748951.144,0.0,0.0,0.0,0.3,11:12,0.0,00:01,0.0,7.1,0.3
1782748956.151,0.0,0.0,0.0,0.3,11:12,0.0,00:01,0.0,7.1,0.3
1782748961.161,0.0,0.0,0.0,0.3,11:12,0.0,00:01,0.0,7.1,0.3
1782748966.17,0.0,0.0,0.0,0.3,11:12,0.0,00:01,0.0,7.1,0.3
1782748971.179,0.0,0.0,0.0,0.3,11:12,0.0,00:01,0.0,7.1,0.3
1782748976.189,0.0,0.0,0.0,0.3,11:12,0.0,00:01,0.0,7.1,0.3
1782748981.199,0.0,0.0,0.0,0.3,11:12,0.0,00:01,0.0,7.1,0.3
1782748986.212,0.0,0.0,0.0,0.3,11:12,0.0,00:01,0.0,7.1,0.3
1782748991.218,0.0,0.0,0.0,0.3,11:12,0.0,00:01,0.0,7.1,0.3
1782748996.231,0.0,0.0,0.0,0.3,11:12,0.0,00:01,0.0,7.1,0.3
1782749001.243,0.0,0.0,0.0,0.3,11:12,0.0,00:01,0.0,7.1,0.3
1782749006.256,0.0,0.0,0.0,0.3,11:12,0.0,00:01,0.0,7.1,0.3
1782749011.269,0.0,0.0,0.0,0.3,11:12,0.0,00:01,0.0,7.1,0.3
1782749016.275,0.0,0.0,0.0,0.3,11:12,0.0,00:01,0.0,7.1,0.3
1782749021.285,0.0,0.0,0.0,0.3,11:12,0.0,00:01,0.0,7.1,0.3
1782749026.296,0.0,0.0,0.0,0.3,11:12,0.0,00:01,0.0,7.1,0.3
1782749031.307,0.0,0.0,0.0,0.3,11:12,0.0,00:01,0.0,7.1,0.3
1782749036.316,0.0,0.0,0.0,0.3,11:12,0.0,00:01,0.0,7.1,0.3
1782749041.328,0.0,0.0,0.0,0.3,11:12,0.0,00:01,0.0,7.1,0.3
1782749046.343,0.0,0.0,0.0,0.3,11:12,0.0,00:01,0.0,7.1,0.3
1782749051.355,0.0,0.0,0.0,0.3,11:12,0.0,00:01,0.0,7.1,0.3
1782749056.365,0.0,0.0,0.0,0.3,11:12,0.0,00:01,0.0,7.1,0.3
1782749061.375,0.0,0.0,0.0,0.3,11:12,0.0,00:01,0.0,7.1,0.3
1782749066.387,0.0,0.0,0.0,0.3,11:12,0.0,00:01,0.0,7.1,0.3
1782749071.396,0.0,0.0,0.0,0.3,11:12,0.0,00:01,0.0,7.1,0.3
1782749076.406,0.0,0.0,0.0,0.3,11:12,0.0,00:01,0.0,7.1,0.3
1782749081.419,0.0,0.0,0.0,0.3,11:12,0.0,00:01,0.0,7.1,0.3
1782749086.428,0.0,0.0,0.0,0.3,11:12,0.0,00:01,0.0,7.1,0.3
1782749091.437,0.0,0.0,0.0,0.3,11:12,0.0,00:01,0.0,7.1,0.3
1782749096.452,0.0,0.0,0.0,0.3,11:12,0.0,00:01,0.0,7.1,0.3
1782749101.464,0.0,0.0,0.0,0.3,11:12,0.0,00:01,0.0,7.1,0.3
1782749106.474,0.0,0.0,0.0,0.3,11:12,0.0,00:01,0.0,7.1,0.3
1782749111.481,0.0,0.0,0.0,0.3,11:12,0.0,00:01,0.0,7.1,0.3
1782749116.491,0.0,0.0,0.0,0.3,11:12,0.0,00:01,0.0,7.1,0.3
1782749121.502,0.0,0.0,0.0,0.3,11:12,0.0,00:01,0.0,7.1,0.3
1782749126.511,0.0,0.0,0.0,0.3,11:12,0.0,00:01,0.0,7.1,0.3
1782749131.52,0.0,0.0,0.0,0.3,11:12,0.0,00:01,0.0,7.1,0.3
1782749136.532,0.0,0.0,0.0,0.3,11:12,0.0,00:01,0.0,7.1,0.3
1782749141.54,0.0,0.0,0.0,0.3,11:12,0.0,00:01,0.0,7.1,0.3
1782749146.552,0.0,0.0,0.0,0.3,11:12,0.0,00:01,0.0,7.1,0.3
1782749151.566,0.0,0.0,0.0,0.3,11:12,0.0,00:01,0.0,7.1,0.3
1782749156.573,0.0,0.0,0.0,0.3,11:12,0.0,00:01,0.0,7.1,0.3
1782749161.587,0.0,0.0,0.0,0.3,11:12,0.0,00:01,0.0,7.1,0.3
1782749166.599,0.0,0.0,0.0,0.3,11:12,0.0,00:01,0.0,7.1,0.3
1782749171.612,0.0,0.0,0.0,0.3,11:12,0.0,00:01,0.0,7.1,0.3
1782749176.62,0.0,0.0,0.0,0.3,11:12,0.0,00:01,0.0,7.1,0.3
1782749181.625,0.0,0.0,0.0,0.3,11:12,0.0,00:01,0.0,7.1,0.3
1782749186.639,0.0,0.0,0.0,0.3,11:12,0.0,00:01,0.0,7.1,0.3
1782749191.65,0.0,0.0,0.0,0.3,11:12,0.0,00:01,0.0,7.1,0.3
1782749196.657,0.0,0.0,0.0,0.3,11:12,0.0,00:01,0.0,7.1,0.3
1782749201.665,0.0,0.0,0.0,0.3,11:12,0.0,00:01,0.0,7.1,0.3
1782749206.674,0.0,0.0,0.0,0.3,11:12,0.0,00:01,0.0,7.1,0.3
1782749211.686,0.0,0.0,0.0,0.3,11:12,0.0,00:01,0.0,7.1,0.3
1782749216.697,0.0,0.0,0.0,0.3,11:12,0.0,00:01,0.0,7.1,0.3
1782749221.708,0.0,0.0,0.0,0.3,11:12,0.0,00:01,0.0,7.1,0.3
1782749226.713,0.0,0.0,0.0,0.3,11:12,0.0,00:01,0.0,7.1,0.3
1782749231.723,0.0,0.0,0.0,0.3,11:12,0.0,00:01,0.0,7.1,0.3
1782749236.732,0.0,0.0,0.0,0.3,11:12,0.0,00:01,0.0,7.1,0.3
1782749241.74,0.0,0.0,0.0,0.3,11:12,0.0,00:01,0.0,7.1,0.3
1782749246.754,0.0,0.0,0.0,0.3,11:12,0.0,00:01,0.0,7.1,0.3
1782749251.763,0.0,0.0,0.0,0.3,11:12,0.0,00:01,0.0,7.1,0.3
1782749256.775,0.0,0.0,0.0,0.3,11:12,0.0,00:01,0.0,7.1,0.3
1782749261.787,0.0,0.0,0.0,0.3,11:12,0.0,00:01,0.0,7.1,0.3
1782749266.798,0.0,0.0,0.0,0.3,11:12,0.0,00:01,0.0,7.1,0.3
1782749271.813,0.0,0.0,0.0,0.3,11:12,0.0,00:01,0.0,7.1,0.3
1782749276.82,0.0,0.0,0.0,0.3,11:12,0.0,00:01,0.0,7.1,0.3
1782749281.829,0.0,0.0,0.0,0.3,11:12,0.0,00:01,0.0,7.1,0.3
1782749286.842,0.0,0.0,0.0,0.3,11:12,0.0,00:01,0.0,7.1,0.3
1782749291.855,0.0,0.0,0.0,0.3,11:12,0.0,00:01,0.0,7.1,0.3
1782749296.86,0.0,0.0,0.0,0.3,11:12,0.0,00:01,0.0,7.1,0.3
1782749301.875,0.0,0.0,0.0,0.3,11:12,0.0,00:01,0.0,7.1,0.3
1782749306.884,0.0,0.0,0.0,0.3,11:12,0.0,00:01,0.0,7.1,0.3
1782749311.893,0.0,0.0,0.0,0.3,11:12,0.0,00:01,0.0,7.1,0.3
1782749316.904,0.0,0.0,0.0,0.3,11:12,0.0,00:01,0.0,7.1,0.3
1782749321.909,0.0,0.0,0.0,0.3,11:12,0.0,00:01,0.0,7.1,0.3
1782749326.92,0.0,0.0,0.0,0.3,11:12,0.0,00:01,0.0,7.1,0.3
1782749331.93,0.0,0.0,0.0,0.3,11:12,0.0,00:01,0.0,7.1,0.3
1782749336.938,0.0,0.0,0.0,0.3,11:12,0.0,00:01,0.0,7.1,0.3
1782749341.947,0.0,0.0,0.0,0.3,11:12,0.0,00:01,0.0,7.1,0.3
1782749346.953,0.0,0.0,0.0,0.3,11:12,0.0,00:01,0.0,7.1,0.3
1782749351.968,0.0,0.0,0.0,0.3,11:12,0.0,00:01,0.0,7.1,0.3
1782749356.981,0.0,0.0,0.0,0.3,11:12,0.0,00:01,0.0,7.1,0.3
1782749361.99,0.0,0.0,0.0,0.3,11:12,0.0,00:01,0.0,7.1,0.3
1782749366.996,0.0,0.0,0.0,0.3,11:12,0.0,00:01,0.0,7.1,0.3
1782749372.011,0.0,0.0,0.0,0.3,11:12,0.0,00:01,0.0,7.1,0.3
1782749377.019,0.0,0.0,0.0,0.3,11:12,0.0,00:01,0.0,7.1,0.3
1782749382.032,0.0,0.0,0.0,0.3,11:12,0.0,00:01,0.0,7.1,0.3
1782749387.047,0.0,0.0,0.0,0.3,11:12,0.0,00:01,0.0,7.1,0.3
1782749392.054,0.0,0.0,0.0,0.3,11:12,0.0,00:01,0.0,7.1,0.3
1782749397.062,0.0,0.0,0.0,0.3,11:12,0.0,00:01,0.0,7.1,0.3
1782749402.078,0.0,0.0,0.0,0.3,11:12,0.0,00:01,0.0,7.1,0.3
1782749407.09,0.0,0.0,0.0,0.3,11:12,0.0,00:01,0.0,7.1,0.3
1782749412.101,0.0,0.0,0.0,0.3,11:12,0.0,00:01,0.0,7.1,0.3
1782749417.109,0.0,0.0,0.0,0.3,11:12,0.0,00:01,0.0,7.1,0.3
1782749422.12,0.0,0.0,0.0,0.3,11:12,0.0,00:01,0.0,7.1,0.3
1782749427.134,0.0,0.0,0.0,0.3,11:12,0.0,00:01,0.0,7.1,0.3
1782749432.149,0.0,0.0,0.0,0.3,11:12,0.0,00:01,0.0,7.1,0.3
1782749437.161,0.0,0.0,0.0,0.3,11:12,0.0,00:01,0.0,7.1,0.3
1782749442.165,0.0,0.0,0.0,0.3,11:12,0.0,00:01,0.0,7.1,0.3
1782749447.175,0.0,0.0,0.0,0.3,11:12,0.0,00:01,0.0,7.1,0.3
1782749452.183,0.0,0.0,0.0,0.3,11:12,0.0,00:01,0.0,7.1,0.3
1782749457.2,0.0,0.0,0.0,0.3,11:12,0.0,00:01,0.0,7.1,0.3
1782749462.204,0.0,0.0,0.0,0.3,11:12,0.0,00:01,0.0,7.1,0.3
1782749467.214,0.0,0.0,0.0,0.3,11:12,0.0,00:01,0.0,7.1,0.3
1782749472.222,0.0,0.0,0.0,0.3,11:12,0.0,00:01,0.0,7.1,0.3
1782749477.231,0.0,0.0,0.0,0.3,11:12,0.0,00:01,0.0,7.1,0.3
1782749482.24,0.0,0.0,0.0,0.3,11:12,0.0,00:01,0.0,7.1,0.3
1782749487.246,0.0,0.0,0.0,0.3,11:12,0.0,00:01,0.0,7.1,0.3
1782749492.255,0.0,0.0,0.0,0.3,11:12,0.0,00:01,0.0,7.1,0.3
1782749497.264,0.0,0.0,0.0,0.3,11:12,0.0,00:01,0.0,7.1,0.3
1782749502.274,0.0,0.0,0.0,0.3,11:12,0.0,00:01,0.0,7.1,0.3
1782749507.284,0.0,0.0,0.0,0.3,11:12,0.0,00:01,0.0,7.1,0.3
1782749512.291,0.0,0.0,0.0,0.3,11:12,0.0,00:01,0.0,7.1,0.3
1782749517.302,0.0,0.0,0.0,0.3,11:12,0.0,00:01,0.0,7.1,0.3
1782749522.31,0.0,0.0,0.0,0.3,11:12,0.0,00:01,0.0,7.1,0.3
1782749527.321,0.0,0.0,0.0,0.3,11:12,0.0,00:01,0.0,7.1,0.3
1782749532.328,0.0,0.0,0.0,0.3,11:12,0.0,00:01,0.0,7.1,0.3
1782749537.337,0.0,0.0,0.0,0.3,11:12,0.0,00:01,0.0,7.1,0.3
1782749542.342,0.0,0.0,0.0,0.3,11:12,0.0,00:01,0.0,7.1,0.3
1782749547.355,0.0,0.0,0.0,0.3,11:12,0.0,00:01,0.0,7.1,0.3
1782749552.367,0.0,0.0,0.0,0.3,11:12,0.0,00:01,0.0,7.1,0.3
1782749557.374,0.0,0.0,0.0,0.3,11:12,0.0,00:01,0.0,7.1,0.3
1782749562.385,0.0,0.0,0.0,0.3,11:12,0.0,00:01,0.0,7.1,0.3
1782749567.394,0.0,0.0,0.0,0.3,11:12,0.0,00:01,0.0,7.1,0.3
1782749572.409,0.0,0.0,0.0,0.3,11:12,0.0,00:01,0.0,7.1,0.3
1782749577.422,0.0,0.0,0.0,0.3,11:12,0.0,00:01,0.0,7.1,0.3
1782749582.429,0.0,0.0,0.0,0.3,11:12,0.0,00:01,0.0,7.1,0.3
1782749587.443,0.0,0.0,0.0,0.3,11:12,0.0,00:01,0.0,7.1,0.3
1782749592.454,0.0,0.0,0.0,0.3,11:12,0.0,00:01,0.0,7.1,0.3
1782749597.468,0.0,0.0,0.0,0.3,11:12,0.0,00:01,0.0,7.1,0.3
1782749602.477,0.0,0.0,0.0,0.3,11:12,0.0,00:01,0.0,7.1,0.3
1782749607.492,0.0,0.0,0.0,0.3,11:12,0.0,00:01,0.0,7.1,0.3
1782749612.503,0.0,0.0,0.0,0.3,11:12,0.0,00:01,0.0,7.1,0.3
1782749617.518,0.0,0.0,0.0,0.3,11:12,0.0,00:01,0.0,7.1,0.3
1782749622.529,0.0,0.0,0.0,0.3,11:12,0.0,00:01,0.0,7.1,0.3
1782749627.533,0.0,0.0,0.0,0.3,11:12,0.0,00:01,0.0,7.1,0.3
1782749632.539,0.0,0.0,0.0,0.3,11:12,0.0,00:01,0.0,7.1,0.3
1782749637.551,0.0,0.0,0.0,0.3,11:12,0.0,00:01,0.0,7.1,0.3
1782749642.569,0.0,0.0,0.0,0.3,11:12,0.0,00:01,0.0,7.1,0.3
1782749647.58,0.0,0.0,0.0,0.3,11:12,0.0,00:01,0.0,7.1,0.3
1782749652.587,0.0,0.0,0.0,0.3,11:12,0.0,00:01,0.0,7.1,0.3
1782749657.599,0.0,0.0,0.0,0.3,11:12,0.0,00:01,0.0,7.1,0.3
1782749662.613,0.0,0.0,0.0,0.3,11:12,0.0,00:01,0.0,7.1,0.3
1782749667.626,0.0,0.0,0.0,0.3,11:12,0.0,00:01,0.0,7.1,0.3
1782749672.638,0.0,0.0,0.0,0.3,11:12,0.0,00:01,0.0,7.1,0.3
1782749677.644,0.0,0.0,0.0,0.3,11:12,0.0,00:01,0.0,7.1,0.3
1782749682.652,0.0,0.0,0.0,0.3,11:12,0.0,00:01,0.0,7.1,0.3
1782749687.663,0.0,0.0,0.0,0.3,11:12,0.0,00:01,0.0,7.1,0.3
1782749692.677,0.0,0.0,0.0,0.3,11:12,0.0,00:01,0.0,7.1,0.3
1782749697.68,0.0,0.0,0.0,0.3,11:12,0.0,00:01,0.0,7.1,0.3
1782749702.692,0.0,0.0,0.0,0.3,11:12,0.0,00:01,0.0,7.1,0.3
1782749707.701,0.0,0.0,0.0,0.3,11:12,0.0,00:01,0.0,7.1,0.3
1782749712.718,0.0,0.0,0.0,0.3,11:12,0.0,00:01,0.0,7.1,0.3
1782749717.73,0.0,0.0,0.0,0.3,11:12,0.0,00:01,0.0,7.1,0.3
1782749722.733,0.0,0.0,0.0,0.3,11:12,0.0,00:01,0.0,7.1,0.3
1782749727.747,0.0,0.0,0.0,0.3,11:12,0.0,00:01,0.0,7.1,0.3
1782749732.759,0.0,0.0,0.0,0.3,11:12,0.0,00:01,0.0,7.1,0.3
1782749737.772,0.0,0.0,0.0,0.3,11:12,0.0,00:01,0.0,7.1,0.3
1782749742.784,0.0,0.0,0.0,0.3,11:12,0.0,00:01,0.0,7.1,0.3
1782749747.791,0.0,0.0,0.0,0.3,11:12,0.0,00:01,0.0,7.1,0.3
1782749752.802,0.0,0.0,0.0,0.3,11:12,0.0,00:01,0.0,7.1,0.3
1782749757.815,0.0,0.0,0.0,0.3,11:12,0.0,00:01,0.0,7.1,0.3
1782749762.825,0.0,0.0,0.0,0.3,11:12,0.0,00:01,0.0,7.1,0.3
1782749767.837,0.0,0.0,0.0,0.3,11:12,0.0,00:01,0.0,7.1,0.3
1782749772.84,0.0,0.0,0.0,0.3,11:12,0.0,00:01,0.0,7.1,0.3
1782749777.853,0.0,0.0,0.0,0.3,11:12,0.0,00:01,0.0,7.1,0.3
1782749782.864,0.0,0.0,0.0,0.3,11:12,0.0,00:01,0.0,7.1,0.3
1782749787.877,0.0,0.0,0.0,0.3,11:12,0.0,00:01,0.0,7.1,0.3
1782749792.88,0.0,0.0,0.0,0.3,11:12,0.0,00:01,0.0,7.1,0.3
1782749797.894,0.0,0.0,0.0,0.3,11:12,0.0,00:01,0.0,7.1,0.3
1782749802.902,0.0,0.0,0.0,0.3,11:12,0.0,00:01,0.0,7.1,0.3
1782749807.91,0.0,0.0,0.0,0.3,11:12,0.0,00:01,0.0,7.1,0.3
1782749812.924,0.0,0.0,0.0,0.3,11:12,0.0,00:01,0.0,7.1,0.3
1782749817.931,0.0,0.0,0.0,0.3,11:12,0.0,00:01,0.0,7.1,0.3
1782749822.941,0.0,0.0,0.0,0.3,11:12,0.0,00:01,0.0,7.1,0.3
1782749827.952,0.0,0.0,0.0,0.3,11:12,0.0,00:01,0.0,7.1,0.3
1782749832.959,0.0,0.0,0.0,0.3,11:12,0.0,00:01,0.0,7.1,0.3
1782749837.969,0.0,0.0,0.0,0.3,11:12,0.0,00:01,0.0,7.1,0.3
1782749842.977,0.0,0.0,0.0,0.3,11:12,0.0,00:01,0.0,7.1,0.3
1782749847.984,0.0,0.0,0.0,0.3,11:12,0.0,00:01,0.0,7.1,0.3
1782749852.996,0.0,0.0,0.0,0.3,11:12,0.0,00:01,0.0,7.1,0.3
1782749858.006,0.0,0.0,0.0,0.3,11:12,0.0,00:01,0.0,7.1,0.3
1782749863.012,0.0,0.0,0.0,0.3,11:12,0.0,00:01,0.0,7.1,0.3
1782749868.021,0.0,0.0,0.0,0.3,11:12,0.0,00:01,0.0,7.1,0.3
1782749873.031,0.0,0.0,0.0,0.3,11:12,0.0,00:01,0.0,7.1,0.3
1782749878.039,0.0,0.0,0.0,0.3,11:12,0.0,00:01,0.0,7.1,0.3
1782749883.048,0.0,0.0,0.0,0.3,11:12,0.0,00:01,0.0,7.1,0.3
1782749888.055,0.0,0.0,0.0,0.3,11:12,0.0,00:01,0.0,7.1,0.3
1782749893.064,0.0,0.0,0.0,0.3,11:12,0.0,00:01,0.0,7.1,0.3
1782749898.078,0.0,0.0,0.0,0.3,11:12,0.0,00:01,0.0,7.1,0.3
1782749903.087,0.0,0.0,0.0,0.3,11:12,0.0,00:01,0.0,7.1,0.3
1782749908.095,0.0,0.0,0.0,0.3,11:12,0.0,00:01,0.0,7.1,0.3
1782749913.101,0.0,0.0,0.0,0.3,11:12,0.0,00:01,0.0,7.1,0.3
1782749918.109,0.0,0.0,0.0,0.3,11:12,0.0,00:01,0.0,7.1,0.3
1782749923.118,0.0,0.0,0.0,0.3,11:12,0.0,00:01,0.0,7.1,0.3
1782749928.128,0.0,0.0,0.0,0.3,11:12,0.0,00:01,0.0,7.1,0.3
1782749933.134,0.0,0.0,0.0,0.3,11:12,0.0,00:01,0.0,7.1,0.3
1782749938.145,0.0,0.0,0.0,0.3,11:12,0.0,00:01,0.0,7.1,0.3
1782749943.151,0.0,0.0,0.0,0.3,11:12,0.0,00:01,0.0,7.1,0.3
1782749948.158,0.0,0.0,0.0,0.3,11:12,0.0,00:01,0.0,7.1,0.3
1782749953.166,0.0,0.0,0.0,0.3,11:12,0.0,00:01,0.0,7.1,0.3
1782749958.172,0.0,0.0,0.0,0.3,11:12,0.0,00:01,0.0,7.1,0.3
1782749963.177,0.0,0.0,0.0,0.3,11:12,0.0,00:01,0.0,7.1,0.3
1782749968.189,0.0,0.0,0.0,0.3,11:12,0.0,00:01,0.0,7.1,0.3
1782749973.198,0.0,0.0,0.0,0.3,11:12,0.0,00:01,0.0,7.1,0.3
1782749978.208,0.0,0.0,0.0,0.3,11:12,0.0,00:01,0.0,7.1,0.3
1782749983.215,0.0,0.0,0.0,0.3,11:12,0.0,00:01,0.0,7.1,0.3
1782749988.223,0.0,0.0,0.0,0.3,11:12,0.0,00:01,0.0,7.1,0.3
1782749993.235,0.0,0.0,0.0,0.3,11:12,0.0,00:01,0.0,7.1,0.3
1782749998.243,0.0,0.0,0.0,0.3,11:12,0.0,00:01,0.0,7.1,0.3
1782750003.25,0.0,0.0,0.0,0.3,11:12,0.0,00:01,0.0,7.1,0.3
1782750008.259,0.0,0.0,0.0,0.3,11:12,0.0,00:01,0.0,7.1,0.3
1782750013.265,0.0,0.0,0.0,0.3,11:12,0.0,00:01,0.0,7.1,0.3
1782750018.274,0.0,0.0,0.0,0.3,11:12,0.0,00:01,0.0,7.1,0.3
1782750023.284,0.0,0.0,0.0,0.3,11:12,0.0,00:01,0.0,7.1,0.3
1782750028.29,0.0,0.0,0.0,0.3,11:12,0.0,00:01,0.0,7.1,0.3
1782750033.296,0.0,0.0,0.0,0.3,11:12,0.0,00:01,0.0,7.1,0.3
1782750038.307,0.0,0.0,0.0,0.3,11:12,0.0,00:01,0.0,7.1,0.3
1782750043.316,0.0,0.0,0.0,0.3,11:12,0.0,00:01,0.0,7.1,0.3
1782750048.325,0.0,0.0,0.0,0.3,11:12,0.0,00:01,0.0,7.1,0.3
1782750053.331,0.0,0.0,0.0,0.3,11:12,0.0,00:01,0.0,7.1,0.3
1782750058.338,0.0,0.0,0.0,0.3,11:12,0.0,00:01,0.0,7.1,0.3
1782750063.346,0.0,0.0,0.0,0.3,11:12,0.0,00:01,0.0,7.1,0.3
1782750068.352,0.0,0.0,0.0,0.3,11:12,0.0,00:01,0.0,7.1,0.3
1782750073.358,0.0,0.0,0.0,0.3,11:12,0.0,00:01,0.0,7.1,0.3
1782750078.367,0.0,0.0,0.0,0.3,11:12,0.0,00:01,0.0,7.1,0.3
1782750083.38,0.0,0.0,0.0,0.3,11:12,0.0,00:01,0.0,7.1,0.3
1782750088.385,0.0,0.0,0.0,0.3,11:12,0.0,00:01,0.0,7.1,0.3
1782750093.391,0.0,0.0,0.0,0.3,11:12,0.0,00:01,0.0,7.1,0.3
1782750098.397,0.0,0.0,0.0,0.3,11:12,0.0,00:01,0.0,7.1,0.3
1782750103.401,0.0,0.0,0.0,0.3,11:12,0.0,00:01,0.0,7.1,0.3
1782750108.412,0.0,0.0,0.0,0.3,11:12,0.0,00:01,0.0,7.1,0.3
1782750113.423,0.0,0.0,0.0,0.3,11:12,0.0,00:01,0.0,7.1,0.3
1782750118.431,0.0,0.0,0.0,0.3,11:12,0.0,00:01,0.0,7.1,0.3
1782750123.438,0.0,0.0,0.0,0.3,11:12,0.0,00:01,0.0,7.1,0.3
1782750128.446,0.0,0.0,0.0,0.3,11:12,0.0,00:01,0.0,7.1,0.3
1782750133.455,0.0,0.0,0.0,0.3,11:12,0.0,00:01,0.0,7.1,0.3
1782750138.46,0.0,0.0,0.0,0.3,11:12,0.0,00:01,0.0,7.1,0.3
1782750143.466,0.0,0.0,0.0,0.3,11:12,0.0,00:01,0.0,7.1,0.3
1782750148.474,0.0,0.0,0.0,0.3,11:12,0.0,00:01,0.0,7.1,0.3
1782750153.483,0.0,0.0,0.0,0.3,11:12,0.0,00:01,0.0,7.1,0.3
1782750158.492,0.0,0.0,0.0,0.3,11:12,0.0,00:01,0.0,7.1,0.3
1782750163.501,0.0,0.0,0.0,0.3,11:12,0.0,00:01,0.0,7.1,0.3
1782750168.506,0.0,0.0,0.0,0.3,11:12,0.0,00:01,0.0,7.1,0.3
1782750173.514,0.0,0.0,0.0,0.3,11:12,0.0,00:01,0.0,7.1,0.3
1782750178.523,0.0,0.0,0.0,0.3,11:12,0.0,00:01,0.0,7.1,0.3
1782750183.533,0.0,0.0,0.0,0.3,11:12,0.0,00:01,0.0,7.1,0.3
1782750188.539,0.0,0.0,0.0,0.3,11:12,0.0,00:01,0.0,7.1,0.3
1782750193.546,0.0,0.0,0.0,0.3,11:12,0.0,00:01,0.0,7.1,0.3
1782750198.556,0.0,0.0,0.0,0.3,11:12,0.0,00:01,0.0,7.1,0.3
1782750203.567,0.0,0.0,0.0,0.3,11:12,0.0,00:01,0.0,7.1,0.3
1782750208.574,0.0,0.0,0.0,0.3,11:12,0.0,00:01,0.0,7.1,0.3
1782750213.58,0.0,0.0,0.0,0.3,11:12,0.0,00:01,0.0,7.1,0.3
1782750218.589,0.0,0.0,0.0,0.3,11:12,0.0,00:01,0.0,7.1,0.3
1782750223.599,0.0,0.0,0.0,0.3,11:12,0.0,00:01,0.0,7.1,0.3
1782750228.607,0.0,0.0,0.0,0.3,11:12,0.0,00:01,0.0,7.1,0.3
1782750233.616,0.0,0.0,0.0,0.3,11:12,0.0,00:01,0.0,7.1,0.3
1782750238.623,0.0,0.0,0.0,0.3,11:12,0.0,00:01,0.0,7.1,0.3
1782750243.631,0.0,0.0,0.0,0.3,11:12,0.0,00:01,0.0,7.1,0.3
1782750248.642,0.0,0.0,0.0,0.3,11:12,0.0,00:01,0.0,7.1,0.3
1782750253.653,0.0,0.0,0.0,0.3,11:12,0.0,00:01,0.0,7.1,0.3
1782750258.655,0.0,0.0,0.0,0.3,11:12,0.0,00:01,0.0,7.1,0.3
1782750263.663,0.0,0.0,0.0,0.3,11:12,0.0,00:01,0.0,7.1,0.3
1782750268.675,0.0,0.0,0.0,0.3,11:12,0.0,00:01,0.0,7.1,0.3
1782750273.68,0.0,0.0,0.0,0.3,11:12,0.0,00:01,0.0,7.1,0.3
1782750278.687,0.0,0.0,0.0,0.3,11:12,0.0,00:01,0.0,7.1,0.3
1782750283.693,0.0,0.0,0.0,0.3,11:12,0.0,00:01,0.0,7.1,0.3
1782750288.699,0.0,0.0,0.0,0.3,11:12,0.0,00:01,0.0,7.1,0.3
1782750293.711,0.0,0.0,0.0,0.3,11:12,0.0,00:01,0.0,7.1,0.3
1782750298.719,0.0,0.0,0.0,0.3,11:12,0.0,00:01,0.0,7.1,0.3
1782750303.728,0.0,0.0,0.0,0.3,11:12,0.0,00:01,0.0,7.1,0.3
1782750308.733,0.0,0.0,0.0,0.3,11:12,0.0,00:01,0.0,7.1,0.3
1782750313.741,0.0,0.0,0.0,0.3,11:12,0.0,00:01,0.0,7.1,0.3
1782750318.75,0.0,0.0,0.0,0.3,11:12,0.0,00:01,0.0,7.1,0.3
1782750323.757,0.0,0.0,0.0,0.3,11:12,0.0,00:01,0.0,7.1,0.3
1782750328.76,0.0,0.0,0.0,0.3,11:12,0.0,00:01,0.0,7.1,0.3
1782750333.768,0.0,0.0,0.0,0.3,11:12,0.0,00:01,0.0,7.1,0.3
1782750338.779,0.0,0.0,0.0,0.3,11:12,0.0,00:01,0.0,7.1,0.3
1782750343.79,0.0,0.0,0.0,0.3,11:12,0.0,00:01,0.0,7.1,0.3
1782750348.8,0.0,0.0,0.0,0.3,11:12,0.0,00:01,0.0,7.1,0.3
1782750353.808,0.0,0.0,0.0,0.3,11:12,0.0,00:01,0.0,7.1,0.3
1782750358.816,0.0,0.0,0.0,0.3,11:12,0.0,00:01,0.0,7.1,0.3
1782750363.831,0.0,0.0,0.0,0.3,11:12,0.0,00:01,0.0,7.1,0.3
1782750368.845,0.0,0.0,0.0,0.3,11:12,0.0,00:01,0.0,7.1,0.3
1782750373.853,0.0,0.0,0.0,0.3,11:12,0.0,00:01,0.0,7.1,0.3
1782750378.861,0.0,0.0,0.0,0.3,11:12,0.0,00:01,0.0,7.1,0.3
1782750383.871,0.0,0.0,0.0,0.3,11:12,0.0,00:01,0.0,7.1,0.3
1782750388.884,0.0,0.0,0.0,0.3,11:12,0.0,00:01,0.0,7.1,0.3
1782750393.895,0.0,0.0,0.0,0.3,11:12,0.0,00:01,0.0,7.1,0.3
1782750398.907,0.0,0.0,0.0,0.3,11:12,0.0,00:01,0.0,7.1,0.3
1782750403.912,0.0,0.0,0.0,0.3,11:12,0.0,00:01,0.0,7.1,0.3
1782750408.928,0.0,0.0,0.0,0.3,11:12,0.0,00:01,0.0,7.1,0.3
1782750413.94,0.0,0.0,0.0,0.3,11:12,0.0,00:01,0.0,7.1,0.3
1782750418.951,0.0,0.0,0.0,0.3,11:12,0.0,00:01,0.0,7.1,0.3
1782750423.959,0.0,0.0,0.0,0.3,11:12,0.0,00:01,0.0,7.1,0.3
1782750428.97,0.0,0.0,0.0,0.3,11:12,0.0,00:01,0.0,7.1,0.3
1782750433.983,0.0,0.0,0.0,0.3,11:12,0.0,00:01,0.0,7.1,0.3
1782750438.992,0.0,0.0,0.0,0.3,11:12,0.0,00:01,0.0,7.1,0.3
1782750444.005,0.0,0.0,0.0,0.3,11:12,0.0,00:01,0.0,7.1,0.3
1782750449.011,0.0,0.0,0.0,0.3,11:12,0.0,00:01,0.0,7.1,0.3
1782750454.023,0.0,0.0,0.0,0.3,11:12,0.0,00:01,0.0,7.1,0.3
1782750459.034,0.0,0.0,0.0,0.3,11:12,0.0,00:01,0.0,7.1,0.3
1782750464.045,0.0,0.0,0.0,0.3,11:12,0.0,00:01,0.0,7.1,0.3
1782750469.058,0.0,0.0,0.0,0.3,11:12,0.0,00:01,0.0,7.1,0.3
1782750474.064,0.0,0.0,0.0,0.3,11:12,0.0,00:01,0.0,7.1,0.3
1782750479.078,0.0,0.0,0.0,0.3,11:12,0.0,00:01,0.0,7.1,0.3
1782750484.086,0.0,0.0,0.0,0.3,11:12,0.0,00:01,0.0,7.1,0.3
1782750489.095,0.0,0.0,0.0,0.3,11:12,0.0,00:01,0.0,7.1,0.3
1782750494.107,0.0,0.0,0.0,0.3,11:12,0.0,00:01,0.0,7.1,0.3
1782750499.11,0.0,0.0,0.0,0.3,11:12,0.0,00:01,0.0,7.1,0.3
1782750504.122,0.0,0.0,0.0,0.3,11:12,0.0,00:01,0.0,7.1,0.3
1782750509.131,0.0,0.0,0.0,0.3,11:12,0.0,00:01,0.0,7.1,0.3
1782750514.137,0.0,0.0,0.0,0.3,11:12,0.0,00:01,0.0,7.1,0.3
1782750519.141,0.0,0.0,0.0,0.3,11:12,0.0,00:01,0.0,7.1,0.3
1782750524.148,0.0,0.0,0.0,0.3,11:12,0.0,00:01,0.0,7.1,0.3
1782750529.16,0.0,0.0,0.0,0.3,11:12,0.0,00:01,0.0,7.1,0.3
1782750534.172,0.0,0.0,0.0,0.3,11:12,0.0,00:01,0.0,7.1,0.3
1782750539.184,0.0,0.0,0.0,0.3,11:12,0.0,00:01,0.0,7.1,0.3
1782750544.187,0.0,0.0,0.0,0.3,11:12,0.0,00:01,0.0,7.1,0.3
1782750549.203,0.0,0.0,0.0,0.3,11:12,0.0,00:01,0.0,7.1,0.3
1782750554.215,0.0,0.0,0.0,0.3,11:12,0.0,00:01,0.0,7.1,0.3
1782750559.227,0.0,0.0,0.0,0.3,11:12,0.0,00:01,0.0,7.1,0.3
1782750564.24,0.0,0.0,0.0,0.3,11:12,0.0,00:01,0.0,7.1,0.3
1782750569.247,0.0,0.0,0.0,0.3,11:12,0.0,00:01,0.0,7.1,0.3
1782750574.263,0.0,0.0,0.0,0.3,11:12,0.0,00:01,0.0,7.1,0.3
1782750579.276,0.0,0.0,0.0,0.3,11:12,0.0,00:01,0.0,7.1,0.3
1782750584.287,0.0,0.0,0.0,0.3,11:12,0.0,00:01,0.0,7.1,0.3
1782750589.291,0.0,0.0,0.0,0.3,11:12,0.0,00:01,0.0,7.1,0.3
1782750594.303,0.0,0.0,0.0,0.3,11:12,0.0,00:01,0.0,7.1,0.3
1782750599.314,0.0,0.0,0.0,0.3,11:12,0.0,00:01,0.0,7.1,0.3
1782750604.326,0.0,0.0,0.0,0.3,11:12,0.0,00:01,0.0,7.1,0.3
1782750609.34,0.0,0.0,0.0,0.3,11:12,0.0,00:01,0.0,7.1,0.3
1782750614.343,0.0,0.0,0.0,0.3,11:12,0.0,00:01,0.0,7.1,0.3
1782750619.355,0.0,0.0,0.0,0.3,11:12,0.0,00:01,0.0,7.1,0.3
1782750624.369,0.0,0.0,0.0,0.3,11:12,0.0,00:01,0.0,7.1,0.3
1782750629.382,0.0,0.0,0.0,0.3,11:12,0.0,00:01,0.0,7.1,0.3
1782750634.394,0.0,0.0,0.0,0.3,11:12,0.0,00:01,0.0,7.1,0.3
1782750639.399,0.0,0.0,0.0,0.3,11:12,0.0,00:01,0.0,7.1,0.3
1782750644.411,0.0,0.0,0.0,0.3,11:12,0.0,00:01,0.0,7.1,0.3
1782750649.423,0.0,0.0,0.0,0.3,11:12,0.0,00:01,0.0,7.1,0.3
1782750654.432,0.0,0.0,0.0,0.3,11:12,0.0,00:01,0.0,7.1,0.3
1782750659.443,0.0,0.0,0.0,0.3,11:12,0.0,00:01,0.0,7.1,0.3
1782750664.452,0.0,0.0,0.0,0.3,11:12,0.0,00:01,0.0,7.1,0.3
1782750669.462,0.0,0.0,0.0,0.3,11:12,0.0,00:01,0.0,7.1,0.3
1782750674.472,0.0,0.0,0.0,0.3,11:12,0.0,00:01,0.0,7.1,0.3
1782750679.481,0.0,0.0,0.0,0.3,11:12,0.0,00:01,0.0,7.1,0.3
1782750684.484,0.0,0.0,0.0,0.3,11:12,0.0,00:01,0.0,7.1,0.3
1782750689.499,0.0,0.0,0.0,0.3,11:12,0.0,00:01,0.0,7.1,0.3
1782750694.51,0.0,0.0,0.0,0.3,11:12,0.0,00:01,0.0,7.1,0.3
1782750699.52,0.0,0.0,0.0,0.3,11:12,0.0,00:01,0.0,7.1,0.3
1782750704.524,0.0,0.0,0.0,0.3,11:12,0.0,00:01,0.0,7.1,0.3
1782750709.528,0.0,0.0,0.0,0.3,11:12,0.0,00:01,0.0,7.1,0.3
1782750714.54,0.0,0.0,0.0,0.3,11:12,0.0,00:01,0.0,7.1,0.3
1782750719.549,0.0,0.0,0.0,0.3,11:12,0.0,00:01,0.0,7.1,0.3
1782750724.555,0.0,0.0,0.0,0.3,11:12,0.0,00:01,0.0,7.1,0.3
1782750729.563,0.0,0.0,0.0,0.3,11:12,0.0,00:01,0.0,7.1,0.3
1782750734.57,0.0,0.0,0.0,0.3,11:12,0.0,00:01,0.0,7.1,0.3
1782750739.582,0.0,0.0,0.0,0.3,11:12,0.0,00:01,0.0,7.1,0.3
1782750744.593,0.0,0.0,0.0,0.3,11:12,0.0,00:01,0.0,7.1,0.3
1782750749.605,0.0,0.0,0.0,0.3,11:12,0.0,00:01,0.0,7.1,0.3
1782750754.608,0.0,0.0,0.0,0.3,11:12,0.0,00:01,0.0,7.1,0.3
1782750759.622,0.0,0.0,0.0,0.3,11:12,0.0,00:01,0.0,7.1,0.3
1782750764.635,0.0,0.0,0.0,0.3,11:12,0.0,00:01,0.0,7.1,0.3
1782750769.647,0.0,0.0,0.0,0.3,11:12,0.0,00:01,0.0,7.1,0.3
1782750774.659,0.0,0.0,0.0,0.3,11:12,0.0,00:01,0.0,7.1,0.3
1782750779.663,0.0,0.0,0.0,0.3,11:12,0.0,00:01,0.0,7.1,0.3
1782750784.675,0.0,0.0,0.0,0.3,11:12,0.0,00:01,0.0,7.1,0.3
1782750789.686,0.0,0.0,0.0,0.3,11:12,0.0,00:01,0.0,7.1,0.3
1782750794.698,0.0,0.0,0.0,0.3,11:12,0.0,00:01,0.0,7.1,0.3
1782750799.71,0.0,0.0,0.0,0.3,11:12,0.0,00:01,0.0,7.1,0.3
1782750804.716,0.0,0.0,0.0,0.3,11:12,0.0,00:01,0.0,7.1,0.3
1782750809.728,0.0,0.0,0.0,0.3,11:12,0.0,00:01,0.0,7.1,0.3
1782750814.737,0.0,0.0,0.0,0.3,11:12,0.0,00:01,0.0,7.1,0.3
1782750819.751,0.0,0.0,0.0,0.3,11:12,0.0,00:01,0.0,7.1,0.3
1782750824.761,0.0,0.0,0.0,0.3,11:12,0.0,00:01,0.0,7.1,0.3
1782750829.769,0.0,0.0,0.0,0.3,11:12,0.0,00:01,0.0,7.1,0.3
1782750834.782,0.0,0.0,0.0,0.3,11:12,0.0,00:01,0.0,7.1,0.3
1782750839.792,0.0,0.0,0.0,0.3,11:12,0.0,00:01,0.0,7.1,0.3
1782750844.804,0.0,0.0,0.0,0.3,11:12,0.0,00:01,0.0,7.1,0.3
1782750849.806,0.0,0.0,0.0,0.3,11:12,0.0,00:01,0.0,7.1,0.3
1782750854.819,0.0,0.0,0.0,0.3,11:12,0.0,00:01,0.0,7.1,0.3
1782750859.831,0.0,0.0,0.0,0.3,11:12,0.0,00:01,0.0,7.1,0.3
1782750864.843,0.0,0.0,0.0,0.3,11:12,0.0,00:01,0.0,7.1,0.3
1782750869.853,0.0,0.0,0.0,0.3,11:12,0.0,00:01,0.0,7.1,0.3
1782750874.858,0.0,0.0,0.0,0.3,11:12,0.0,00:01,0.0,7.1,0.3
1782750879.87,0.0,0.0,0.0,0.3,11:12,0.0,00:01,0.0,7.1,0.3
1782750884.88,0.0,0.0,0.0,0.3,11:12,0.0,00:01,0.0,7.1,0.3
1782750889.892,0.0,0.0,0.0,0.3,11:12,0.0,00:01,0.0,7.1,0.3
1782750894.906,0.0,0.0,0.0,0.3,11:12,0.0,00:01,0.0,7.1,0.3
1782750899.916,0.0,0.0,0.0,0.3,11:12,0.0,00:01,0.0,7.1,0.3
1782750904.928,0.0,0.0,0.0,0.3,11:12,0.0,00:01,0.0,7.1,0.3
1782750909.942,0.0,0.0,0.0,0.3,11:12,0.0,00:01,0.0,7.1,0.3
1782750914.954,0.0,0.0,0.0,0.3,11:12,0.0,00:01,0.0,7.1,0.3
1782750919.966,0.0,0.0,0.0,0.3,11:12,0.0,00:01,0.0,7.1,0.3
1782750924.976,0.0,0.0,0.0,0.3,11:12,0.0,00:01,0.0,7.1,0.3
1782750929.989,0.0,0.0,0.0,0.3,11:12,0.0,00:01,0.0,7.1,0.3
1782750935.004,0.0,0.0,0.0,0.3,11:12,0.0,00:01,0.0,7.1,0.3
1782750940.016,0.0,0.0,0.0,0.3,11:12,0.0,00:01,0.0,7.1,0.3
1782750945.028,0.0,0.0,0.0,0.3,11:12,0.0,00:01,0.0,7.1,0.3
1782750950.04,0.0,0.0,0.0,0.3,11:12,0.0,00:01,0.0,7.1,0.3
1782750955.052,0.0,0.0,0.0,0.3,11:12,0.0,00:01,0.0,7.1,0.3
1782750960.063,0.0,0.0,0.0,0.3,11:12,0.0,00:01,0.0,7.1,0.3
1782750965.078,0.0,0.0,0.0,0.3,11:12,0.0,00:01,0.0,7.1,0.3
1782750970.086,0.0,0.0,0.0,0.3,11:12,0.0,00:01,0.0,7.1,0.3
1782750975.094,0.0,0.0,0.0,0.3,11:12,0.0,00:01,0.0,7.1,0.3
1782750980.106,0.0,0.0,0.0,0.3,11:12,0.0,00:01,0.0,7.1,0.3
1782750985.117,0.0,0.0,0.0,0.3,11:12,0.0,00:01,0.0,7.1,0.3
1782750990.128,0.0,0.0,0.0,0.3,11:12,0.0,00:01,0.0,7.1,0.3
1782750995.138,0.0,0.0,0.0,0.3,11:12,0.0,00:01,0.0,7.1,0.3
1782751000.148,0.0,0.0,0.0,0.3,11:12,0.0,00:01,0.0,7.1,0.3
1782751005.159,0.0,0.0,0.0,0.3,11:12,0.0,00:01,0.0,7.1,0.3
1782751010.172,0.0,0.0,0.0,0.3,11:12,0.0,00:01,0.0,7.1,0.3
1782751015.182,0.0,0.0,0.0,0.3,11:12,0.0,00:01,0.0,7.1,0.3
1782751020.19,0.0,0.0,0.0,0.3,11:12,0.0,00:01,0.0,7.1,0.3
1782751025.198,0.0,0.0,0.0,0.3,11:12,0.0,00:01,0.0,7.1,0.3
1782751030.211,0.0,0.0,0.0,0.3,11:12,0.0,00:01,0.0,7.1,0.3
1782751035.224,0.0,0.0,0.0,0.3,11:12,0.0,00:01,0.0,7.1,0.3
1782751040.238,0.0,0.0,0.0,0.3,11:12,0.0,00:01,0.0,7.1,0.3
1782751045.244,0.0,0.0,0.0,0.3,11:12,0.0,00:01,0.0,7.1,0.3
1782751050.257,0.0,0.0,0.0,0.3,11:12,0.0,00:01,0.0,7.1,0.3
1782751055.267,0.0,0.0,0.0,0.3,11:12,0.0,00:01,0.0,7.1,0.3
1782751060.275,0.0,0.0,0.0,0.3,11:12,0.0,00:01,0.0,7.1,0.3
1782751065.283,0.0,0.0,0.0,0.3,11:12,0.0,00:01,0.0,7.1,0.3
1782751070.293,0.0,0.0,0.0,0.3,11:12,0.0,00:01,0.0,7.1,0.3
1782751075.302,0.0,0.0,0.0,0.3,11:12,0.0,00:01,0.0,7.1,0.3
1782751080.317,0.0,0.0,0.0,0.3,11:12,0.0,00:01,0.0,7.1,0.3
1782751085.326,0.0,0.0,0.0,0.3,11:12,0.0,00:01,0.0,7.1,0.3
1782751090.335,0.0,0.0,0.0,0.3,11:12,0.0,00:01,0.0,7.1,0.3
1782751095.346,0.0,0.0,0.0,0.3,11:12,0.0,00:01,0.0,7.1,0.3
1782751100.356,0.0,0.0,0.0,0.3,11:12,0.0,00:01,0.0,7.1,0.3
1782751105.366,0.0,0.0,0.0,0.3,11:12,0.0,00:01,0.0,7.1,0.3
1782751110.376,0.0,0.0,0.0,0.3,11:12,0.0,00:01,0.0,7.1,0.3
1782751115.379,0.0,0.0,0.0,0.3,11:12,0.0,00:01,0.0,7.1,0.3
1782751120.39,0.0,0.0,0.0,0.3,11:12,0.0,00:01,0.0,7.1,0.3
1782751125.402,0.0,0.0,0.0,0.3,11:12,0.0,00:01,0.0,7.1,0.3
1782751130.412,0.0,0.0,0.0,0.3,11:12,0.0,00:01,0.0,7.1,0.3
1782751135.427,0.0,0.0,0.0,0.3,11:12,0.0,00:01,0.0,7.1,0.3
1782751140.436,0.0,0.0,0.0,0.3,11:12,0.0,00:01,0.0,7.1,0.3
1782751145.448,0.0,0.0,0.0,0.3,11:12,0.0,00:01,0.0,7.1,0.3
1782751150.459,0.0,0.0,0.0,0.3,11:12,0.0,00:01,0.0,7.1,0.3
1782751155.467,0.0,0.0,0.0,0.3,11:12,0.0,00:01,0.0,7.1,0.3
1782751160.475,0.0,0.0,0.0,0.3,11:12,0.0,00:01,0.0,7.1,0.3
1782751165.486,0.0,0.0,0.0,0.3,11:12,0.0,00:01,0.0,7.1,0.3
1782751170.496,0.0,0.0,0.0,0.3,11:12,0.0,00:01,0.0,7.1,0.3
1782751175.507,0.0,0.0,0.0,0.3,11:12,0.0,00:01,0.0,7.1,0.3
1782751180.523,0.0,0.0,0.0,0.3,11:12,0.0,00:01,0.0,7.1,0.3
1782751185.531,0.0,0.0,0.0,0.3,11:12,0.0,00:01,0.0,7.1,0.3
1782751190.543,0.0,0.0,0.0,0.3,11:12,0.0,00:01,0.0,7.1,0.3
1782751195.555,0.0,0.0,0.0,0.3,11:12,0.0,00:01,0.0,7.1,0.3
1782751200.565,0.0,0.0,0.0,0.3,11:12,0.0,00:01,0.0,7.1,0.3
1782751205.58,0.0,0.0,0.0,0.3,11:12,0.0,00:01,0.0,7.1,0.3
1782751210.583,0.0,0.0,0.0,0.3,11:12,0.0,00:01,0.0,7.1,0.3
1782751215.595,0.0,0.0,0.0,0.3,11:12,0.0,00:01,0.0,7.1,0.3
1782751220.608,0.0,0.0,0.0,0.3,11:12,0.0,00:01,0.0,7.1,0.3
1782751225.615,0.0,0.0,0.0,0.3,11:12,0.0,00:01,0.0,7.1,0.3
1782751230.625,0.0,0.0,0.0,0.3,11:12,0.0,00:01,0.0,7.1,0.3
1782751235.64,0.0,0.0,0.0,0.3,11:12,0.0,00:01,0.0,7.1,0.3
1782751240.651,0.0,0.0,0.0,0.3,11:12,0.0,00:01,0.0,7.1,0.3
1782751245.658,0.0,0.0,0.0,0.3,11:12,0.0,00:01,0.0,7.1,0.3
1782751250.67,0.0,0.0,0.0,0.3,11:12,0.0,00:01,0.0,7.1,0.3
1782751255.673,0.0,0.0,0.0,0.3,11:12,0.0,00:01,0.0,7.1,0.3
1782751260.686,0.0,0.0,0.0,0.3,11:12,0.0,00:01,0.0,7.1,0.3
1782751265.698,0.0,0.0,0.0,0.3,11:12,0.0,00:01,0.0,7.1,0.3
1782751270.708,0.0,0.0,0.0,0.3,11:12,0.0,00:01,0.0,7.1,0.3
1782751275.721,0.0,0.0,0.0,0.3,11:12,0.0,00:01,0.0,7.1,0.3
1782751280.726,0.0,0.0,0.0,0.3,11:12,0.0,00:01,0.0,7.1,0.3
1782751285.74,0.0,0.0,0.0,0.3,11:12,0.0,00:01,0.0,7.1,0.3
1782751290.753,0.0,0.0,0.0,0.3,11:12,0.0,00:01,0.0,7.1,0.3
1782751295.763,0.0,0.0,0.0,0.3,11:12,0.0,00:01,0.0,7.1,0.3
1782751300.778,0.0,0.0,0.0,0.3,11:12,0.0,00:01,0.0,7.1,0.3
1782751305.786,0.0,0.0,0.0,0.3,11:12,0.0,00:01,0.0,7.1,0.3
1782751310.795,0.0,0.0,0.0,0.3,11:12,0.0,00:01,0.0,7.1,0.3
1782751315.809,0.0,0.0,0.0,0.3,11:12,0.0,00:01,0.0,7.1,0.3
1782751320.824,0.0,0.0,0.0,0.3,11:12,0.0,00:01,0.0,7.1,0.3
1782751325.828,0.0,0.0,0.0,0.3,11:12,0.0,00:01,0.0,7.1,0.3
1782751330.84,0.0,0.0,0.0,0.3,11:12,0.0,00:01,0.0,7.1,0.3
1782751335.855,0.0,0.0,0.0,0.3,11:12,0.0,00:01,0.0,7.1,0.3
1782751340.863,0.0,0.0,0.0,0.3,11:12,0.0,00:01,0.0,7.1,0.3
1782751345.872,0.0,0.0,0.0,0.3,11:12,0.0,00:01,0.0,7.1,0.3
1782751350.875,0.0,0.0,0.0,0.3,11:12,0.0,00:01,0.0,7.1,0.3
1782751355.885,0.0,0.0,0.0,0.3,11:12,0.0,00:01,0.0,7.1,0.3
1782751360.9,0.0,0.0,0.0,0.3,11:12,0.0,00:01,0.0,7.1,0.3
1782751365.913,0.0,0.0,0.0,0.3,11:12,0.0,00:01,0.0,7.1,0.3
1782751370.926,0.0,0.0,0.0,0.3,11:12,0.0,00:01,0.0,7.1,0.3
1782751375.934,0.0,0.0,0.0,0.3,11:12,0.0,00:01,0.0,7.1,0.3
1782751380.94,0.0,0.0,0.0,0.3,11:12,0.0,00:01,0.0,7.1,0.3
1782751385.952,0.0,0.0,0.0,0.3,11:12,0.0,00:01,0.0,7.1,0.3
1782751390.969,0.0,0.0,0.0,0.3,11:12,0.0,00:01,0.0,7.1,0.3
1782751395.976,0.0,0.0,0.0,0.3,11:12,0.0,00:01,0.0,7.1,0.3
1782751400.983,0.0,0.0,0.0,0.3,11:12,0.0,00:01,0.0,7.1,0.3
1782751406.0,0.0,0.0,0.0,0.3,11:12,0.0,00:01,0.0,7.1,0.3
1782751411.006,0.0,0.0,0.0,0.3,11:12,0.0,00:01,0.0,7.1,0.3
1782751416.015,0.0,0.0,0.0,0.3,11:12,0.0,00:01,0.0,7.1,0.3
1782751421.02,0.0,0.0,0.0,0.3,11:12,0.0,00:01,0.0,7.1,0.3
1782751426.029,0.0,0.0,0.0,0.3,11:12,0.0,00:01,0.0,7.1,0.3
1782751431.036,0.0,0.0,0.0,0.3,11:12,0.0,00:01,0.0,7.1,0.3
1782751436.047,0.0,0.0,0.0,0.3,11:12,0.0,00:01,0.0,7.1,0.3
1782751441.059,0.0,0.0,0.0,0.3,11:12,0.0,00:01,0.0,7.1,0.3
1782751446.062,0.0,0.0,0.0,0.3,11:12,0.0,00:01,0.0,7.1,0.3
1782751451.077,0.0,0.0,0.0,0.3,11:12,0.0,00:01,0.0,7.1,0.3
1782751456.087,0.0,0.0,0.0,0.3,11:12,0.0,00:01,0.0,7.1,0.3
1782751461.1,0.0,0.0,0.0,0.3,11:12,0.0,00:01,0.0,7.1,0.3
1782751466.11,0.0,0.0,0.0,0.3,11:12,0.0,00:01,0.0,7.1,0.3
1782751471.116,0.0,0.0,0.0,0.3,11:12,0.0,00:01,0.0,7.1,0.3
1782751476.127,0.0,0.0,0.0,0.3,11:12,0.0,00:01,0.0,7.1,0.3
1782751481.139,0.0,0.0,0.0,0.3,11:12,0.0,00:01,0.0,7.1,0.3
1782751486.153,0.0,0.0,0.0,0.3,11:12,0.0,00:01,0.0,7.1,0.3
1782751491.161,0.0,0.0,0.0,0.3,11:12,0.0,00:01,0.0,7.1,0.3
1782751496.175,0.0,0.0,0.0,0.3,11:12,0.0,00:01,0.0,7.1,0.3
1782751501.187,0.0,0.0,0.0,0.3,11:12,0.0,00:01,0.0,7.1,0.3
1782751506.203,0.0,0.0,0.0,0.3,11:12,0.0,00:01,0.0,7.1,0.3
1782751511.215,0.0,0.0,0.0,0.3,11:12,0.0,00:01,0.0,7.1,0.3
1782751516.222,0.0,0.0,0.0,0.3,11:12,0.0,00:01,0.0,7.1,0.3
1782751521.236,0.0,0.0,0.0,0.3,11:12,0.0,00:01,0.0,7.1,0.3
1782751526.246,0.0,0.0,0.0,0.3,11:12,0.0,00:01,0.0,7.1,0.3
1782751531.261,0.0,0.0,0.0,0.3,11:12,0.0,00:01,0.0,7.1,0.3
1782751536.276,0.0,0.0,0.0,0.3,11:12,0.0,00:01,0.0,7.1,0.3
1782751541.285,0.0,0.0,0.0,0.3,11:12,0.0,00:01,0.0,7.1,0.3
1782751546.297,0.0,0.0,0.0,0.3,11:12,0.0,00:01,0.0,7.1,0.3
1782751551.309,0.0,0.0,0.0,0.3,11:12,0.0,00:01,0.0,7.1,0.3
1782751556.318,0.0,0.0,0.0,0.3,11:12,0.0,00:01,0.0,7.1,0.3
1782751561.324,0.0,0.0,0.0,0.3,11:12,0.0,00:01,0.0,7.1,0.3
1782751566.334,0.0,0.0,0.0,0.3,11:12,0.0,00:01,0.0,7.1,0.3
1782751571.344,0.0,0.0,0.0,0.3,11:12,0.0,00:01,0.0,7.1,0.3
1782751576.356,0.0,0.0,0.0,0.3,11:12,0.0,00:01,0.0,7.1,0.3
1782751581.369,0.0,0.0,0.0,0.3,11:12,0.0,00:01,0.0,7.1,0.3
1782751586.372,0.0,0.0,0.0,0.3,11:12,0.0,00:01,0.0,7.1,0.3
1782751591.387,0.0,0.0,0.0,0.3,11:12,0.0,00:01,0.0,7.1,0.3
1782751596.394,0.0,0.0,0.0,0.3,11:12,0.0,00:01,0.0,7.1,0.3
1782751601.404,0.0,0.0,0.0,0.3,11:12,0.0,00:01,0.0,7.1,0.3
1782751606.413,0.0,0.0,0.0,0.3,11:12,0.0,00:01,0.0,7.1,0.3
1782751611.42,0.0,0.0,0.0,0.3,11:12,0.0,00:01,0.0,7.1,0.3
1782751616.432,0.0,0.0,0.0,0.3,11:12,0.0,00:01,0.0,7.1,0.3
1782751621.448,0.0,0.0,0.0,0.3,11:12,0.0,00:01,0.0,7.1,0.3
1782751626.458,0.0,0.0,0.0,0.3,11:12,0.0,00:01,0.0,7.1,0.3
1782751631.466,0.0,0.0,0.0,0.3,11:12,0.0,00:01,0.0,7.1,0.3
1782751636.473,0.0,0.0,0.0,0.3,11:12,0.0,00:01,0.0,7.1,0.3
1782751641.482,0.0,0.0,0.0,0.3,11:12,0.0,00:01,0.0,7.1,0.3
1782751646.497,0.0,0.0,0.0,0.3,11:12,0.0,00:01,0.0,7.1,0.3
1782751651.505,0.0,0.0,0.0,0.3,11:12,0.0,00:01,0.0,7.1,0.3
1782751656.509,0.0,0.0,0.0,0.3,11:12,0.0,00:01,0.0,7.1,0.3
1782751661.523,0.0,0.0,0.0,0.3,11:12,0.0,00:01,0.0,7.1,0.3
1782751666.534,0.0,0.0,0.0,0.3,11:12,0.0,00:01,0.0,7.1,0.3
1782751671.546,0.0,0.0,0.0,0.3,11:12,0.0,00:01,0.0,7.1,0.3
1782751676.558,0.0,0.0,0.0,0.3,11:12,0.0,00:01,0.0,7.1,0.3
1782751681.56,0.0,0.0,0.0,0.3,11:12,0.0,00:01,0.0,7.1,0.3
1782751686.567,0.0,0.0,0.0,0.3,11:12,0.0,00:01,0.0,7.1,0.3
1782751691.576,0.0,0.0,0.0,0.3,11:12,0.0,00:01,0.0,7.1,0.3
1782751696.587,0.0,0.0,0.0,0.3,11:12,0.0,00:01,0.0,7.1,0.3
1782751701.596,0.0,0.0,0.0,0.3,11:12,0.0,00:01,0.0,7.1,0.3
1782751706.603,0.0,0.0,0.0,0.3,11:12,0.0,00:01,0.0,7.1,0.3
1782751711.614,0.0,0.0,0.0,0.3,11:12,0.0,00:01,0.0,7.1,0.3
1782751716.629,0.0,0.0,0.0,0.3,11:12,0.0,00:01,0.0,7.1,0.3
1782751721.641,0.0,0.0,0.0,0.3,11:12,0.0,00:01,0.0,7.1,0.3
1782751726.645,0.0,0.0,0.0,0.3,11:12,0.0,00:01,0.0,7.1,0.3
1782751731.658,0.0,0.0,0.0,0.3,11:12,0.0,00:01,0.0,7.1,0.3
1782751736.671,0.0,0.0,0.0,0.3,11:12,0.0,00:01,0.0,7.1,0.3
1782751741.683,0.0,0.0,0.0,0.3,11:12,0.0,00:01,0.0,7.1,0.3
1782751746.691,0.0,0.0,0.0,0.3,11:12,0.0,00:01,0.0,7.1,0.3
1782751751.698,0.0,0.0,0.0,0.3,11:12,0.0,00:01,0.0,7.1,0.3
1782751756.711,0.0,0.0,0.0,0.3,11:12,0.0,00:01,0.0,7.1,0.3
1782751761.721,0.0,0.0,0.0,0.3,11:12,0.0,00:01,0.0,7.1,0.3
1782751766.733,0.0,0.0,0.0,0.3,11:12,0.0,00:01,0.0,7.1,0.3
1782751771.744,0.0,0.0,0.0,0.3,11:12,0.0,00:01,0.0,7.1,0.3
1782751776.75,0.0,0.0,0.0,0.3,11:12,0.0,00:01,0.0,7.1,0.3
1782751781.762,0.0,0.0,0.0,0.3,11:12,0.0,00:01,0.0,7.1,0.3
1782751786.776,0.0,0.0,0.0,0.3,11:12,0.0,00:01,0.0,7.1,0.3
1782751791.789,0.0,0.0,0.0,0.3,11:12,0.0,00:01,0.0,7.1,0.3
1782751796.796,0.0,0.0,0.0,0.3,11:12,0.0,00:01,0.0,7.1,0.3
1782751801.806,0.0,0.0,0.0,0.3,11:12,0.0,00:01,0.0,7.1,0.3
1782751806.818,0.0,0.0,0.0,0.3,11:12,0.0,00:01,0.0,7.1,0.3
1782751811.831,0.0,0.0,0.0,0.3,11:12,0.0,00:01,0.0,7.1,0.3
1782751816.843,0.0,0.0,0.0,0.3,11:12,0.0,00:01,0.0,7.1,0.3
1782751821.849,0.0,0.0,0.0,0.3,11:12,0.0,00:01,0.0,7.1,0.3
1782751826.858,0.0,0.0,0.0,0.3,11:12,0.0,00:01,0.0,7.1,0.3
1782751831.867,0.0,0.0,0.0,0.3,11:12,0.0,00:01,0.0,7.1,0.3
1782751836.875,0.0,0.0,0.0,0.3,11:12,0.0,00:01,0.0,7.1,0.3
1782751841.886,0.0,0.0,0.0,0.3,11:12,0.0,00:01,0.0,7.1,0.3
1782751846.893,0.0,0.0,0.0,0.3,11:12,0.0,00:01,0.0,7.1,0.3
1782751851.902,0.0,0.0,0.0,0.3,11:12,0.0,00:01,0.0,7.1,0.3
1782751856.912,0.0,0.0,0.0,0.3,11:12,0.0,00:01,0.0,7.1,0.3
1782751861.921,0.0,0.0,0.0,0.3,11:12,0.0,00:01,0.0,7.1,0.3
1782751866.931,0.0,0.0,0.0,0.3,11:12,0.0,00:01,0.0,7.1,0.3
1782751871.933,0.0,0.0,0.0,0.3,11:12,0.0,00:01,0.0,7.1,0.3
1782751876.941,0.0,0.0,0.0,0.3,11:12,0.0,00:01,0.0,7.1,0.3
1782751881.951,0.0,0.0,0.0,0.3,11:12,0.0,00:01,0.0,7.1,0.3
1782751886.958,0.0,0.0,0.0,0.3,11:12,0.0,00:01,0.0,7.1,0.3
1782751891.967,0.0,0.0,0.0,0.3,11:12,0.0,00:01,0.0,7.1,0.3
1782751896.973,0.0,0.0,0.0,0.3,11:12,0.0,00:01,0.0,7.1,0.3
1782751901.983,0.0,0.0,0.0,0.3,11:12,0.0,00:01,0.0,7.1,0.3
1782751906.991,0.0,0.0,0.0,0.3,11:12,0.0,00:01,0.0,7.1,0.3
1782751911.998,0.0,0.0,0.0,0.3,11:12,0.0,00:01,0.0,7.1,0.3
1782751917.006,0.0,0.0,0.0,0.3,11:12,0.0,00:01,0.0,7.1,0.3
1782751922.01,0.0,0.0,0.0,0.3,11:12,0.0,00:01,0.0,7.1,0.3
1782751927.021,0.0,0.0,0.0,0.3,11:12,0.0,00:01,0.0,7.1,0.3
1782751932.031,0.0,0.0,0.0,0.3,11:12,0.0,00:01,0.0,7.1,0.3
1782751937.045,0.0,0.0,0.0,0.3,11:12,0.0,00:01,0.0,7.1,0.3
1782751942.052,0.0,0.0,0.0,0.3,11:12,0.0,00:01,0.0,7.1,0.3
1782751947.059,0.0,0.0,0.0,0.3,11:12,0.0,00:01,0.0,7.1,0.3
1782751952.068,0.0,0.0,0.0,0.3,11:12,0.0,00:01,0.0,7.1,0.3
1782751957.077,0.0,0.0,0.0,0.3,11:12,0.0,00:01,0.0,7.1,0.3
1782751962.084,0.0,0.0,0.0,0.3,11:12,0.0,00:01,0.0,7.1,0.3
1782751967.089,0.0,0.0,0.0,0.3,11:12,0.0,00:01,0.0,7.1,0.3
1782751972.1,0.0,0.0,0.0,0.3,11:12,0.0,00:01,0.0,7.1,0.3
1782751977.11,0.0,0.0,0.0,0.3,11:12,0.0,00:01,0.0,7.1,0.3
1782751982.12,0.0,0.0,0.0,0.3,11:12,0.0,00:01,0.0,7.1,0.3
1782751987.127,0.0,0.0,0.0,0.3,11:12,0.0,00:01,0.0,7.1,0.3
1782751992.131,0.0,0.0,0.0,0.3,11:12,0.0,00:01,0.0,7.1,0.3
1782751997.139,0.0,0.0,0.0,0.3,11:12,0.0,00:01,0.0,7.1,0.3
1782752002.147,0.0,0.0,0.0,0.3,11:12,0.0,00:01,0.0,7.1,0.3
1782752007.156,0.0,0.0,0.0,0.3,11:12,0.0,00:01,0.0,7.1,0.3
1782752012.16,0.0,0.0,0.0,0.3,11:12,0.0,00:01,0.0,7.1,0.3
1782752017.17,0.0,0.0,0.0,0.3,11:12,0.0,00:01,0.0,7.1,0.3
1782752022.178,0.0,0.0,0.0,0.3,11:12,0.0,00:01,0.0,7.1,0.3
1782752027.187,0.0,0.0,0.0,0.3,11:12,0.0,00:01,0.0,7.1,0.3
1782752032.192,0.0,0.0,0.0,0.3,11:12,0.0,00:01,0.0,7.1,0.3
1782752037.202,0.0,0.0,0.0,0.3,11:12,0.0,00:01,0.0,7.1,0.3
1782752042.213,0.0,0.0,0.0,0.3,11:12,0.0,00:01,0.0,7.1,0.3
1782752047.222,0.0,0.0,0.0,0.3,11:12,0.0,00:01,0.0,7.1,0.3
1782752052.233,0.0,0.0,0.0,0.3,11:12,0.0,00:01,0.0,7.1,0.3
1782752057.24,0.0,0.0,0.0,0.3,11:12,0.0,00:01,0.0,7.1,0.3
1782752062.248,0.0,0.0,0.0,0.3,11:12,0.0,00:01,0.0,7.1,0.3
1782752067.26,0.0,0.0,0.0,0.3,11:12,0.0,00:01,0.0,7.1,0.3
1782752072.272,0.0,0.0,0.0,0.3,11:12,0.0,00:01,0.0,7.1,0.3
1782752077.282,0.0,0.0,0.0,0.3,11:12,0.0,00:01,0.0,7.1,0.3
1782752082.288,0.0,0.0,0.0,0.3,11:12,0.0,00:01,0.0,7.1,0.3
1782752087.298,0.0,0.0,0.0,0.3,11:12,0.0,00:01,0.0,7.1,0.3
1782752092.309,0.0,0.0,0.0,0.3,11:12,0.0,00:01,0.0,7.1,0.3
1782752097.317,0.0,0.0,0.0,0.3,11:12,0.0,00:01,0.0,7.1,0.3
1782752102.324,0.0,0.0,0.0,0.3,11:12,0.0,00:01,0.0,7.1,0.3
1782752107.336,0.0,0.0,0.0,0.3,11:12,0.0,00:01,0.0,7.1,0.3
1782752112.348,0.0,0.0,0.0,0.3,11:12,0.0,00:01,0.0,7.1,0.3
1782752117.361,0.0,0.0,0.0,0.3,11:12,0.0,00:01,0.0,7.1,0.3
1782752122.369,0.0,0.0,0.0,0.3,11:12,0.0,00:01,0.0,7.1,0.3
1782752127.376,0.0,0.0,0.0,0.3,11:12,0.0,00:01,0.0,7.1,0.3
1782752132.39,0.0,0.0,0.0,0.3,11:12,0.0,00:01,0.0,7.1,0.3
1782752137.401,0.0,0.0,0.0,0.3,11:12,0.0,00:01,0.0,7.1,0.3
1782752142.412,0.0,0.0,0.0,0.3,11:12,0.0,00:01,0.0,7.1,0.3
1782752147.421,0.0,0.0,0.0,0.3,11:12,0.0,00:01,0.0,7.1,0.3
1782752152.424,0.0,0.0,0.0,0.3,11:12,0.0,00:01,0.0,7.1,0.3
1782752157.436,0.0,0.0,0.0,0.3,11:12,0.0,00:01,0.0,7.1,0.3
1782752162.448,0.0,0.0,0.0,0.3,11:12,0.0,00:01,0.0,7.1,0.3
1782752167.457,0.0,0.0,0.0,0.3,11:12,0.0,00:01,0.0,7.1,0.3
1782752172.464,0.0,0.0,0.0,0.3,11:12,0.0,00:01,0.0,7.1,0.3
1782752177.472,0.0,0.0,0.0,0.3,11:12,0.0,00:01,0.0,7.1,0.3
1782752182.483,0.0,0.0,0.0,0.3,11:12,0.0,00:01,0.0,7.1,0.3
1782752187.497,0.0,0.0,0.0,0.3,11:12,0.0,00:01,0.0,7.1,0.3
1782752192.509,0.0,0.0,0.0,0.3,11:12,0.0,00:01,0.0,7.1,0.3
1782752197.512,0.0,0.0,0.0,0.3,11:12,0.0,00:01,0.0,7.1,0.3
1782752202.527,0.0,0.0,0.0,0.3,11:12,0.0,00:01,0.0,7.1,0.3
1782752207.538,0.0,0.0,0.0,0.3,11:12,0.0,00:01,0.0,7.1,0.3
1782752212.549,0.0,0.0,0.0,0.3,11:12,0.0,00:01,0.0,7.1,0.3
1782752217.563,0.0,0.0,0.0,0.3,11:12,0.0,00:01,0.0,7.1,0.3
1782752222.568,0.0,0.0,0.0,0.3,11:12,0.0,00:01,0.0,7.1,0.3
1782752227.583,0.0,0.0,0.0,0.3,11:12,0.0,00:01,0.0,7.1,0.3
1782752232.591,0.0,0.0,0.0,0.3,11:12,0.0,00:01,0.0,7.1,0.3
1782752237.597,0.0,0.0,0.0,0.3,11:12,0.0,00:01,0.0,7.1,0.3
1782752242.603,0.0,0.0,0.0,0.3,11:12,0.0,00:01,0.0,7.1,0.3
1782752247.61,0.0,0.0,0.0,0.3,11:12,0.0,00:01,0.0,7.1,0.3
1782752252.62,0.0,0.0,0.0,0.3,11:12,0.0,00:01,0.0,7.1,0.3
1782752257.631,0.0,0.0,0.0,0.3,11:12,0.0,00:01,0.0,7.1,0.3
1782752262.639,0.0,0.0,0.0,0.3,11:12,0.0,00:01,0.0,7.1,0.3
1782752267.644,0.0,0.0,0.0,0.3,11:12,0.0,00:01,0.0,7.1,0.3
1782752272.653,0.0,0.0,0.0,0.3,11:12,0.0,00:01,0.0,7.1,0.3
1782752277.662,0.0,0.0,0.0,0.3,11:12,0.0,00:01,0.0,7.1,0.3
1782752282.67,0.0,0.0,0.0,0.3,11:12,0.0,00:01,0.0,7.1,0.3
1782752287.679,0.0,0.0,0.0,0.3,11:12,0.0,00:01,0.0,7.1,0.3
1782752292.685,0.0,0.0,0.0,0.3,11:12,0.0,00:01,0.0,7.1,0.3
1782752297.695,0.0,0.0,0.0,0.3,11:12,0.0,00:01,0.0,7.1,0.3
1782752302.703,0.0,0.0,0.0,0.3,11:12,0.0,00:01,0.0,7.1,0.3
1782752307.712,0.0,0.0,0.0,0.3,11:12,0.0,00:01,0.0,7.1,0.3
1782752312.719,0.0,0.0,0.0,0.3,11:12,0.0,00:01,0.0,7.1,0.3
1782752317.724,0.0,0.0,0.0,0.3,11:12,0.0,00:01,0.0,7.1,0.3
1782752322.734,0.0,0.0,0.0,0.3,11:12,0.0,00:01,0.0,7.1,0.3
1782752327.744,0.0,0.0,0.0,0.3,11:12,0.0,00:01,0.0,7.1,0.3
1782752332.751,0.0,0.0,0.0,0.3,11:12,0.0,00:01,0.0,7.1,0.3
1782752337.756,0.0,0.0,0.0,0.3,11:12,0.0,00:01,0.0,7.1,0.3
1782752342.766,0.0,0.0,0.0,0.3,11:12,0.0,00:01,0.0,7.1,0.3
1782752347.775,0.0,0.0,0.0,0.3,11:12,0.0,00:01,0.0,7.1,0.3
1782752352.783,0.0,0.0,0.0,0.3,11:12,0.0,00:01,0.0,7.1,0.3
1782752357.793,0.0,0.0,0.0,0.3,11:12,0.0,00:01,0.0,7.1,0.3
1782752362.796,0.0,0.0,0.0,0.3,11:12,0.0,00:01,0.0,7.1,0.3
1782752367.804,0.0,0.0,0.0,0.3,11:12,0.0,00:01,0.0,7.1,0.3
1782752372.82,0.0,0.0,0.0,0.3,11:12,0.0,00:01,0.0,7.1,0.3
1782752377.828,0.0,0.0,0.0,0.3,11:12,0.0,00:01,0.0,7.1,0.3
1782752382.839,0.0,0.0,0.0,0.3,11:12,0.0,00:01,0.0,7.1,0.3
1782752387.847,0.0,0.0,0.0,0.3,11:12,0.0,00:01,0.0,7.1,0.3
1782752392.86,0.0,0.0,0.0,0.3,11:12,0.0,00:01,0.0,7.1,0.3
1782752397.873,0.0,0.0,0.0,0.3,11:12,0.0,00:01,0.0,7.1,0.3
1782752402.885,0.0,0.0,0.0,0.3,11:12,0.0,00:01,0.0,7.1,0.3
1782752407.892,0.0,0.0,0.0,0.3,11:12,0.0,00:01,0.0,7.1,0.3
1782752412.901,0.0,0.0,0.0,0.3,11:12,0.0,00:01,0.0,7.1,0.3
1782752417.912,0.0,0.0,0.0,0.3,11:12,0.0,00:01,0.0,7.1,0.3
1782752422.92,0.0,0.0,0.0,0.3,11:12,0.0,00:01,0.0,7.1,0.3
1782752427.933,0.0,0.0,0.0,0.3,11:12,0.0,00:01,0.0,7.1,0.3
1782752432.94,0.0,0.0,0.0,0.3,11:12,0.0,00:01,0.0,7.1,0.3
1782752437.951,0.0,0.0,0.0,0.3,11:12,0.0,00:01,0.0,7.1,0.3
1782752442.966,0.0,0.0,0.0,0.3,11:12,0.0,00:01,0.0,7.1,0.3
1782752447.973,0.0,0.0,0.0,0.3,11:12,0.0,00:01,0.0,7.1,0.3
1782752452.984,0.0,0.0,0.0,0.3,11:12,0.0,00:01,0.0,7.1,0.3
1782752457.991,0.0,0.0,0.0,0.3,11:12,0.0,00:01,0.0,7.1,0.3
1782752463.006,0.0,0.0,0.0,0.3,11:12,0.0,00:01,0.0,7.1,0.3
1782752468.016,0.0,0.0,0.0,0.3,11:12,0.0,00:01,0.0,7.1,0.3
1782752473.023,0.0,0.0,0.0,0.3,11:12,0.0,00:01,0.0,7.1,0.3
1782752478.032,0.0,0.0,0.0,0.3,11:12,0.0,00:01,0.0,7.1,0.3
1782752483.035,0.0,0.0,0.0,0.3,11:12,0.0,00:01,0.0,7.1,0.3
1782752488.047,0.0,0.0,0.0,0.3,11:12,0.0,00:01,0.0,7.1,0.3
1782752493.056,0.0,0.0,0.0,0.3,11:12,0.0,00:01,0.0,7.1,0.3
1782752498.066,0.0,0.0,0.0,0.3,11:12,0.0,00:01,0.0,7.1,0.3
1782752503.072,0.0,0.0,0.0,0.3,11:12,0.0,00:01,0.0,7.1,0.3
1782752508.084,0.0,0.0,0.0,0.3,11:12,0.0,00:01,0.0,7.1,0.3
1782752513.095,0.0,0.0,0.0,0.3,11:12,0.0,00:01,0.0,7.1,0.3
1782752518.101,0.0,0.0,0.0,0.3,11:12,0.0,00:01,0.0,7.1,0.3
1782752523.107,0.0,0.0,0.0,0.3,11:12,0.0,00:01,0.0,7.1,0.3
1782752528.11,0.0,0.0,0.0,0.3,11:12,0.0,00:01,0.0,7.1,0.3
1782752533.121,0.0,0.0,0.0,0.3,11:12,0.0,00:01,0.0,7.1,0.3
1782752538.126,0.0,0.0,0.0,0.3,11:12,0.0,00:01,0.0,7.1,0.3
1782752543.136,0.0,0.0,0.0,0.3,11:12,0.0,00:01,0.0,7.1,0.3
1782752548.144,0.0,0.0,0.0,0.3,11:12,0.0,00:01,0.0,7.1,0.3
1782752553.148,0.0,0.0,0.0,0.3,11:12,0.0,00:01,0.0,7.1,0.3
1782752558.159,0.0,0.0,0.0,0.3,11:12,0.0,00:01,0.0,7.1,0.3
1782752563.168,0.0,0.0,0.0,0.3,11:12,0.0,00:01,0.0,7.1,0.3
1782752568.177,0.0,0.0,0.0,0.3,11:12,0.0,00:01,0.0,7.1,0.3
1782752573.183,0.0,0.0,0.0,0.3,11:12,0.0,00:01,0.0,7.1,0.3
1782752578.194,0.0,0.0,0.0,0.3,11:12,0.0,00:01,0.0,7.1,0.3
1782752583.204,0.0,0.0,0.0,0.3,11:12,0.0,00:01,0.0,7.1,0.3
1782752588.211,0.0,0.0,0.0,0.3,11:12,0.0,00:01,0.0,7.1,0.3
1782752593.221,0.0,0.0,0.0,0.3,11:12,0.0,00:01,0.0,7.1,0.3
1782752598.224,0.0,0.0,0.0,0.3,11:12,0.0,00:01,0.0,7.1,0.3
1782752603.239,0.0,0.0,0.0,0.3,11:12,0.0,00:01,0.0,7.1,0.3
1782752608.247,0.0,0.0,0.0,0.3,11:12,0.0,00:01,0.0,7.1,0.3
1782752613.255,0.0,0.0,0.0,0.3,11:12,0.0,00:01,0.0,7.1,0.3
1782752618.263,0.0,0.0,0.0,0.3,11:12,0.0,00:01,0.0,7.1,0.3
1782752623.268,0.0,0.0,0.0,0.3,11:12,0.0,00:01,0.0,7.1,0.3
1782752628.279,0.0,0.0,0.0,0.3,11:12,0.0,00:01,0.0,7.1,0.3
1782752633.288,0.0,0.0,0.0,0.3,11:12,0.0,00:01,0.0,7.1,0.3
1782752638.298,0.0,0.0,0.0,0.3,11:12,0.0,00:01,0.0,7.1,0.3
1782752643.306,0.0,0.0,0.0,0.3,11:12,0.0,00:01,0.0,7.1,0.3
1782752648.318,0.0,0.0,0.0,0.3,11:12,0.0,00:01,0.0,7.1,0.3
1782752653.327,0.0,0.0,0.0,0.3,11:12,0.0,00:01,0.0,7.1,0.3
1782752658.335,0.0,0.0,0.0,0.3,11:12,0.0,00:01,0.0,7.1,0.3
1782752663.344,0.0,0.0,0.0,0.3,11:12,0.0,00:01,0.0,7.1,0.3
1782752668.348,0.0,0.0,0.0,0.3,11:12,0.0,00:01,0.0,7.1,0.3
1782752673.358,0.0,0.0,0.0,0.3,11:12,0.0,00:01,0.0,7.1,0.3
1782752678.366,0.0,0.0,0.0,0.3,11:12,0.0,00:01,0.0,7.1,0.3
1782752683.374,0.0,0.0,0.0,0.3,11:12,0.0,00:01,0.0,7.1,0.3
1782752688.38,0.0,0.0,0.0,0.3,11:12,0.0,00:01,0.0,7.1,0.3
1782752693.387,0.0,0.0,0.0,0.3,11:12,0.0,00:01,0.0,7.1,0.3
1782752698.4,0.0,0.0,0.0,0.3,11:12,0.0,00:01,0.0,7.1,0.3
1782752703.407,0.0,0.0,0.0,0.3,11:12,0.0,00:01,0.0,7.1,0.3
1782752708.416,0.0,0.0,0.0,0.3,11:12,0.0,00:01,0.0,7.1,0.3
1782752713.42,0.0,0.0,0.0,0.3,11:12,0.0,00:01,0.0,7.1,0.3
1782752718.431,0.0,0.0,0.0,0.3,11:12,0.0,00:01,0.0,7.1,0.3
1782752723.44,0.0,0.0,0.0,0.3,11:12,0.0,00:01,0.0,7.1,0.3
1782752728.452,0.0,0.0,0.0,0.3,11:12,0.0,00:01,0.0,7.1,0.3
1782752733.461,0.0,0.0,0.0,0.3,11:12,0.0,00:01,0.0,7.1,0.3
1782752738.468,0.0,0.0,0.0,0.3,11:12,0.0,00:01,0.0,7.1,0.3
1782752743.483,0.0,0.0,0.0,0.3,11:12,0.0,00:01,0.0,7.1,0.3
1782752748.494,0.0,0.0,0.0,0.3,11:12,0.0,00:01,0.0,7.1,0.3
1782752753.506,0.0,0.0,0.0,0.3,11:12,0.0,00:01,0.0,7.1,0.3
1782752758.516,0.0,0.0,0.0,0.3,11:12,0.0,00:01,0.0,7.1,0.3
1782752763.523,0.0,0.0,0.0,0.3,11:12,0.0,00:01,0.0,7.1,0.3
1782752768.54,0.0,0.0,0.0,0.3,11:12,0.0,00:01,0.0,7.1,0.3
1782752773.547,0.0,0.0,0.0,0.3,11:12,0.0,00:01,0.0,7.1,0.3
1782752778.559,0.0,0.0,0.0,0.3,11:12,0.0,00:01,0.0,7.1,0.3
1782752783.567,0.0,0.0,0.0,0.3,11:12,0.0,00:01,0.0,7.1,0.3
1782752788.583,0.0,0.0,0.0,0.3,11:12,0.0,00:01,0.0,7.1,0.3
1782752793.594,0.0,0.0,0.0,0.3,11:12,0.0,00:01,0.0,7.1,0.3
1782752798.607,0.0,0.0,0.0,0.3,11:12,0.0,00:01,0.0,7.1,0.3
1782752803.619,0.0,0.0,0.0,0.3,11:12,0.0,00:01,0.0,7.1,0.3
1782752808.626,0.0,0.0,0.0,0.3,11:12,0.0,00:01,0.0,7.1,0.3
1782752813.642,0.0,0.0,0.0,0.3,11:12,0.0,00:01,0.0,7.1,0.3
1782752818.649,0.0,0.0,0.0,0.3,11:12,0.0,00:01,0.0,7.1,0.3
1782752823.664,0.0,0.0,0.0,0.3,11:12,0.0,00:01,0.0,7.1,0.3
1782752828.673,0.0,0.0,0.0,0.3,11:12,0.0,00:01,0.0,7.1,0.3
1782752833.678,0.0,0.0,0.0,0.3,11:12,0.0,00:01,0.0,7.1,0.3
1782752838.694,0.0,0.0,0.0,0.3,11:12,0.0,00:01,0.0,7.1,0.3
1782752843.707,0.0,0.0,0.0,0.3,11:12,0.0,00:01,0.0,7.1,0.3
1782752848.719,0.0,0.0,0.0,0.3,11:12,0.0,00:01,0.0,7.1,0.3
1782752853.732,0.0,0.0,0.0,0.3,11:12,0.0,00:01,0.0,7.1,0.3
1782752858.741,0.0,0.0,0.0,0.3,11:12,0.0,00:01,0.0,7.1,0.3
1782752863.754,0.0,0.0,0.0,0.3,11:12,0.0,00:01,0.0,7.1,0.3
1782752868.767,0.0,0.0,0.0,0.3,11:12,0.0,00:01,0.0,7.1,0.3
1782752873.78,0.0,0.0,0.0,0.3,11:12,0.0,00:01,0.0,7.1,0.3
1782752878.787,0.0,0.0,0.0,0.3,11:12,0.0,00:01,0.0,7.1,0.3
1782752883.799,0.0,0.0,0.0,0.3,11:12,0.0,00:01,0.0,7.1,0.3
1782752888.809,0.0,0.0,0.0,0.3,11:12,0.0,00:01,0.0,7.1,0.3
1782752893.82,0.0,0.0,0.0,0.3,11:12,0.0,00:01,0.0,7.1,0.3
1782752898.835,0.0,0.0,0.0,0.3,11:12,0.0,00:01,0.0,7.1,0.3
1782752903.842,0.0,0.0,0.0,0.3,11:12,0.0,00:01,0.0,7.1,0.3
1782752908.859,0.0,0.0,0.0,0.3,11:12,0.0,00:01,0.0,7.1,0.3
1782752913.872,0.0,0.0,0.0,0.3,11:12,0.0,00:01,0.0,7.1,0.3
1782752918.884,0.0,0.0,0.0,0.3,11:12,0.0,00:01,0.0,7.1,0.3
1782752923.896,0.0,0.0,0.0,0.3,11:12,0.0,00:01,0.0,7.1,0.3
1782752928.902,0.0,0.0,0.0,0.3,11:12,0.0,00:01,0.0,7.1,0.3
1782752933.915,0.0,0.0,0.0,0.3,11:12,0.0,00:01,0.0,7.1,0.3
1782752938.929,0.0,0.0,0.0,0.3,11:12,0.0,00:01,0.0,7.1,0.3
1782752943.939,0.0,0.0,0.0,0.3,11:12,0.0,00:01,0.0,7.1,0.3
1782752948.951,0.0,0.0,0.0,0.3,11:12,0.0,00:01,0.0,7.1,0.3
1782752953.964,0.0,0.0,0.0,0.3,11:12,0.0,00:01,0.0,7.1,0.3
1782752958.972,0.0,0.0,0.0,0.3,11:12,0.0,00:01,0.0,7.1,0.3
1782752963.98,0.0,0.0,0.0,0.3,11:12,0.0,00:01,0.0,7.1,0.3
1782752968.988,0.0,0.0,0.0,0.3,11:12,0.0,00:01,0.0,7.1,0.3
1782752973.994,0.0,0.0,0.0,0.3,11:12,0.0,00:01,0.0,7.1,0.3
1782752979.005,0.0,0.0,0.0,0.3,11:12,0.0,00:01,0.0,7.1,0.3
1782752984.018,0.0,0.0,0.0,0.3,11:12,0.0,00:01,0.0,7.1,0.3
1782752989.03,0.0,0.0,0.0,0.3,11:12,0.0,00:01,0.0,7.1,0.3
1782752994.041,0.0,0.0,0.0,0.3,11:12,0.0,00:01,0.0,7.1,0.3
1782752999.054,0.0,0.0,0.0,0.3,11:12,0.0,00:01,0.0,7.1,0.3
1782753004.066,0.0,0.0,0.0,0.3,11:12,0.0,00:01,0.0,7.1,0.3
1782753009.075,0.0,0.0,0.0,0.3,11:12,0.0,00:01,0.0,7.1,0.3
1782753014.083,0.0,0.0,0.0,0.3,11:12,0.0,00:01,0.0,7.1,0.3
1782753019.092,0.0,0.0,0.0,0.3,11:12,0.0,00:01,0.0,7.1,0.3
1782753024.104,0.0,0.0,0.0,0.3,11:12,0.0,00:01,0.0,7.1,0.3
1782753029.112,0.0,0.0,0.0,0.3,11:12,0.0,00:01,0.0,7.1,0.3
1782753034.123,0.0,0.0,0.0,0.3,11:12,0.0,00:01,0.0,7.1,0.3
1782753039.135,0.0,0.0,0.0,0.3,11:12,0.0,00:01,0.0,7.1,0.3
1782753044.14,0.0,0.0,0.0,0.3,11:12,0.0,00:01,0.0,7.1,0.3
1782753049.15,0.0,0.0,0.0,0.3,11:12,0.0,00:01,0.0,7.1,0.3
1782753054.161,0.0,0.0,0.0,0.3,11:12,0.0,00:01,0.0,7.1,0.3
1782753059.172,0.0,0.0,0.0,0.3,11:12,0.0,00:01,0.0,7.1,0.3
1782753064.183,0.0,0.0,0.0,0.3,11:12,0.0,00:01,0.0,7.1,0.3
1782753069.192,0.0,0.0,0.0,0.3,11:12,0.0,00:01,0.0,7.1,0.3
1782753074.2,0.0,0.0,0.0,0.3,11:12,0.0,00:01,0.0,7.1,0.3
1782753079.208,0.0,0.0,0.0,0.3,11:12,0.0,00:01,0.0,7.1,0.3
1782753084.219,0.0,0.0,0.0,0.3,11:12,0.0,00:01,0.0,7.1,0.3
1782753089.227,0.0,0.0,0.0,0.3,11:12,0.0,00:01,0.0,7.1,0.3
1782753094.234,0.0,0.0,0.0,0.3,11:12,0.0,00:01,0.0,7.1,0.3
1782753099.244,0.0,0.0,0.0,0.3,11:12,0.0,00:01,0.0,7.1,0.3
1782753104.253,0.0,0.0,0.0,0.3,11:12,0.0,00:01,0.0,7.1,0.3
1782753109.262,0.0,0.0,0.0,0.3,11:12,0.0,00:01,0.0,7.1,0.3
1782753114.268,0.0,0.0,0.0,0.3,11:12,0.0,00:01,0.0,7.1,0.3
1782753119.276,0.0,0.0,0.0,0.3,11:12,0.0,00:01,0.0,7.1,0.3
1782753124.286,0.0,0.0,0.0,0.3,11:12,0.0,00:01,0.0,7.1,0.3
1782753129.294,0.0,0.0,0.0,0.3,11:12,0.0,00:01,0.0,7.1,0.3
1782753134.302,0.0,0.0,0.0,0.3,11:12,0.0,00:01,0.0,7.1,0.3
1782753139.308,0.0,0.0,0.0,0.3,11:12,0.0,00:01,0.0,7.1,0.3
1782753144.316,0.0,0.0,0.0,0.3,11:12,0.0,00:01,0.0,7.1,0.3
1782753149.325,0.0,0.0,0.0,0.3,11:12,0.0,00:01,0.0,7.1,0.3
1782753154.334,0.0,0.0,0.0,0.3,11:12,0.0,00:01,0.0,7.1,0.3
1782753159.343,0.0,0.0,0.0,0.3,11:12,0.0,00:01,0.0,7.1,0.3
1782753164.349,0.0,0.0,0.0,0.3,11:12,0.0,00:01,0.0,7.1,0.3
1782753169.357,0.0,0.0,0.0,0.3,11:12,0.0,00:01,0.0,7.1,0.3
1782753174.366,0.0,0.0,0.0,0.3,11:12,0.0,00:01,0.0,7.1,0.3
1782753179.374,0.0,0.0,0.0,0.3,11:12,0.0,00:01,0.0,7.1,0.3
1782753184.38,0.0,0.0,0.0,0.3,11:12,0.0,00:01,0.0,7.1,0.3
1782753189.388,0.0,0.0,0.0,0.3,11:12,0.0,00:01,0.0,7.1,0.3
1782753194.398,0.0,0.0,0.0,0.3,11:12,0.0,00:01,0.0,7.1,0.3
1782753199.406,0.0,0.0,0.0,0.3,11:12,0.0,00:01,0.0,7.1,0.3
1782753204.415,0.0,0.0,0.0,0.3,11:12,0.0,00:01,0.0,7.1,0.3
1782753209.422,0.0,0.0,0.0,0.3,11:12,0.0,00:01,0.0,7.1,0.3
1782753214.43,0.0,0.0,0.0,0.3,11:12,0.0,00:01,0.0,7.1,0.3
1782753219.441,0.0,0.0,0.0,0.3,11:12,0.0,00:01,0.0,7.1,0.3
1782753224.452,0.0,0.0,0.0,0.3,11:12,0.0,00:01,0.0,7.1,0.3
1782753229.462,0.0,0.0,0.0,0.3,11:12,0.0,00:01,0.0,7.1,0.3
1782753234.468,0.0,0.0,0.0,0.3,11:12,0.0,00:01,0.0,7.1,0.3
1782753239.482,0.0,0.0,0.0,0.3,11:12,0.0,00:01,0.0,7.1,0.3
1782753244.491,0.0,0.0,0.0,0.3,11:12,0.0,00:01,0.0,7.1,0.3
1782753249.504,0.0,0.0,0.0,0.3,11:12,0.0,00:01,0.0,7.1,0.3
1782753254.514,0.0,0.0,0.0,0.3,11:12,0.0,00:01,0.0,7.1,0.3
1782753259.527,0.0,0.0,0.0,0.3,11:12,0.0,00:01,0.0,7.1,0.3
1782753264.541,0.0,0.0,0.0,0.3,11:12,0.0,00:01,0.0,7.1,0.3
1782753269.552,0.0,0.0,0.0,0.3,11:12,0.0,00:01,0.0,7.1,0.3
1782753274.564,0.0,0.0,0.0,0.3,11:12,0.0,00:01,0.0,7.1,0.3
1782753279.573,0.0,0.0,0.0,0.3,11:12,0.0,00:01,0.0,7.1,0.3
1782753284.585,0.0,0.0,0.0,0.3,11:12,0.0,00:01,0.0,7.1,0.3
1782753289.596,0.0,0.0,0.0,0.3,11:12,0.0,00:01,0.0,7.1,0.3
1782753294.613,0.0,0.0,0.0,0.3,11:12,0.0,00:01,0.0,7.1,0.3
1782753299.628,0.0,0.0,0.0,0.3,11:12,0.0,00:01,0.0,7.1,0.3
1782753304.637,0.0,0.0,0.0,0.3,11:12,0.0,00:01,0.0,7.1,0.3
1782753309.65,0.0,0.0,0.0,0.3,11:12,0.0,00:01,0.0,7.1,0.3
1782753314.661,0.0,0.0,0.0,0.3,11:12,0.0,00:01,0.0,7.1,0.3
1782753319.67,0.0,0.0,0.0,0.3,11:12,0.0,00:01,0.0,7.1,0.3
1782753324.678,0.0,0.0,0.0,0.3,11:12,0.0,00:01,0.0,7.1,0.3
1782753329.684,0.0,0.0,0.0,0.3,11:12,0.0,00:01,0.0,7.1,0.3
1782753334.692,0.0,0.0,0.0,0.3,11:12,0.0,00:01,0.0,7.1,0.3
1782753339.699,0.0,0.0,0.0,0.3,11:12,0.0,00:01,0.0,7.1,0.3
1782753344.705,0.0,0.0,0.0,0.3,11:12,0.0,00:01,0.0,7.1,0.3
1782753349.715,0.0,0.0,0.0,0.3,11:12,0.0,00:01,0.0,7.1,0.3
1782753354.724,0.0,0.0,0.0,0.3,11:12,0.0,00:01,0.0,7.1,0.3
1782753359.733,0.0,0.0,0.0,0.3,11:12,0.0,00:01,0.0,7.1,0.3
1782753364.743,0.0,0.0,0.0,0.3,11:12,0.0,00:01,0.0,7.1,0.3
1782753369.751,0.0,0.0,0.0,0.3,11:12,0.0,00:01,0.0,7.1,0.3
1782753374.753,0.0,0.0,0.0,0.3,11:12,0.0,00:01,0.0,7.1,0.3
1782753379.761,0.0,0.0,0.0,0.3,11:12,0.0,00:01,0.0,7.1,0.3
1782753384.77,0.0,0.0,0.0,0.3,11:12,0.0,00:01,0.0,7.1,0.3
1782753389.776,0.0,0.0,0.0,0.3,11:12,0.0,00:01,0.0,7.1,0.3
1782753394.787,0.0,0.0,0.0,0.3,11:12,0.0,00:01,0.0,7.1,0.3
1782753399.793,0.0,0.0,0.0,0.3,11:12,0.0,00:01,0.0,7.1,0.3
1782753404.801,0.0,0.0,0.0,0.3,11:12,0.0,00:01,0.0,7.1,0.3
1782753409.81,0.0,0.0,0.0,0.3,11:12,0.0,00:01,0.0,7.1,0.3
1782753414.819,0.0,0.0,0.0,0.3,11:12,0.0,00:01,0.0,7.1,0.3
1782753419.824,0.0,0.0,0.0,0.3,11:12,0.0,00:01,0.0,7.1,0.3
1782753424.832,0.0,0.0,0.0,0.3,11:12,0.0,00:01,0.0,7.1,0.3
1782753429.84,0.0,0.0,0.0,0.3,11:12,0.0,00:01,0.0,7.1,0.3
1782753434.849,0.0,0.0,0.0,0.3,11:12,0.0,00:01,0.0,7.1,0.3
1782753439.859,0.0,0.0,0.0,0.3,11:12,0.0,00:01,0.0,7.1,0.3
1782753444.865,0.0,0.0,0.0,0.3,11:12,0.0,00:01,0.0,7.1,0.3
1782753449.877,0.0,0.0,0.0,0.3,11:12,0.0,00:01,0.0,7.1,0.3
1782753454.887,0.0,0.0,0.0,0.3,11:12,0.0,00:01,0.0,7.1,0.3
1782753459.895,0.0,0.0,0.0,0.3,11:12,0.0,00:01,0.0,7.1,0.3
1782753464.906,0.0,0.0,0.0,0.3,11:12,0.0,00:01,0.0,7.1,0.3
1782753469.907,0.0,0.0,0.0,0.3,11:12,0.0,00:01,0.0,7.1,0.3
1782753474.916,0.0,0.0,0.0,0.3,11:12,0.0,00:01,0.0,7.1,0.3
1782753479.926,0.0,0.0,0.0,0.3,11:12,0.0,00:01,0.0,7.1,0.3
1782753484.934,0.0,0.0,0.0,0.3,11:12,0.0,00:01,0.0,7.1,0.3
1782753489.94,0.0,0.0,0.0,0.3,11:12,0.0,00:01,0.0,7.1,0.3
1782753494.948,0.0,0.0,0.0,0.3,11:12,0.0,00:01,0.0,7.1,0.3
1782753499.957,0.0,0.0,0.0,0.3,11:12,0.0,00:01,0.0,7.1,0.3
1782753504.966,0.0,0.0,0.0,0.3,11:12,0.0,00:01,0.0,7.1,0.3
1782753509.975,0.0,0.0,0.0,0.3,11:12,0.0,00:01,0.0,7.1,0.3
1782753514.98,0.0,0.0,0.0,0.3,11:12,0.0,00:01,0.0,7.1,0.3
1782753519.989,0.0,0.0,0.0,0.3,11:12,0.0,00:01,0.0,7.1,0.3
1782753524.999,0.0,0.0,0.0,0.3,11:12,0.0,00:01,0.0,7.1,0.3
1782753530.007,0.0,0.0,0.0,0.3,11:12,0.0,00:01,0.0,7.1,0.3
1782753535.018,0.0,0.0,0.0,0.3,11:12,0.0,00:01,0.0,7.1,0.3
1782753540.024,0.0,0.0,0.0,0.3,11:12,0.0,00:01,0.0,7.1,0.3
1782753545.033,0.0,0.0,0.0,0.3,11:12,0.0,00:01,0.0,7.1,0.3
1782753550.045,0.0,0.0,0.0,0.3,11:12,0.0,00:01,0.0,7.1,0.3
1782753555.056,0.0,0.0,0.0,0.3,11:12,0.0,00:01,0.0,7.1,0.3
1782753560.057,0.0,0.0,0.0,0.3,11:12,0.0,00:01,0.0,7.1,0.3
1782753565.068,0.0,0.0,0.0,0.3,11:12,0.0,00:01,0.0,7.1,0.3
1782753570.076,0.0,0.0,0.0,0.3,11:12,0.0,00:01,0.0,7.1,0.3
1782753575.086,0.0,0.0,0.0,0.3,11:12,0.0,00:01,0.0,7.1,0.3
1782753580.092,0.0,0.0,0.0,0.3,11:12,0.0,00:01,0.0,7.1,0.3
1782753585.097,0.0,0.0,0.0,0.3,11:12,0.0,00:01,0.0,7.1,0.3
1782753590.103,0.0,0.0,0.0,0.3,11:12,0.0,00:01,0.0,7.1,0.3
1782753595.108,0.0,0.0,0.0,0.3,11:12,0.0,00:01,0.0,7.1,0.3
1782753600.119,0.0,0.0,0.0,0.3,11:12,0.0,00:01,0.0,7.1,0.3
1782753605.124,0.0,0.0,0.0,0.3,11:12,0.0,00:01,0.0,7.1,0.3
1782753610.132,0.0,0.0,0.0,0.3,11:12,0.0,00:01,0.0,7.1,0.3
1782753615.142,0.0,0.0,0.0,0.3,11:12,0.0,00:01,0.0,7.1,0.3
1782753620.155,0.0,0.0,0.0,0.3,11:12,0.0,00:01,0.0,7.1,0.3
1782753625.168,0.0,0.0,0.0,0.3,11:12,0.0,00:01,0.0,7.1,0.3
1782753630.17,0.0,0.0,0.0,0.3,11:12,0.0,00:01,0.0,7.1,0.3
1782753635.183,0.0,0.0,0.0,0.3,11:12,0.0,00:01,0.0,7.1,0.3
1782753640.193,0.0,0.0,0.0,0.3,11:12,0.0,00:01,0.0,7.1,0.3
1782753645.205,0.0,0.0,0.0,0.3,11:12,0.0,00:01,0.0,7.1,0.3
1782753650.221,0.0,0.0,0.0,0.3,11:12,0.0,00:01,0.0,7.1,0.3
1782753655.228,0.0,0.0,0.0,0.3,11:12,0.0,00:01,0.0,7.1,0.3
1782753660.242,0.0,0.0,0.0,0.3,11:12,0.0,00:01,0.0,7.1,0.3
1782753665.251,0.0,0.0,0.0,0.3,11:12,0.0,00:01,0.0,7.1,0.3
1782753670.262,0.0,0.0,0.0,0.3,11:12,0.0,00:01,0.0,7.1,0.3
1782753675.269,0.0,0.0,0.0,0.3,11:12,0.0,00:01,0.0,7.1,0.3
1782753680.275,0.0,0.0,0.0,0.3,11:12,0.0,00:01,0.0,7.1,0.3
1782753685.284,0.0,0.0,0.0,0.3,11:12,0.0,00:01,0.0,7.1,0.3
1782753690.295,0.0,0.0,0.0,0.3,11:12,0.0,00:01,0.0,7.1,0.3
1782753695.306,0.0,0.0,0.0,0.3,11:12,0.0,00:01,0.0,7.1,0.3
1782753700.31,0.0,0.0,0.0,0.3,11:12,0.0,00:01,0.0,7.1,0.3
1782753705.32,0.0,0.0,0.0,0.3,11:12,0.0,00:01,0.0,7.1,0.3
1782753710.33,0.0,0.0,0.0,0.3,11:12,0.0,00:01,0.0,7.1,0.3
1782753715.342,0.0,0.0,0.0,0.3,11:12,0.0,00:01,0.0,7.1,0.3
1782753720.355,0.0,0.0,0.0,0.3,11:12,0.0,00:01,0.0,7.1,0.3
1782753725.362,0.0,0.0,0.0,0.3,11:12,0.0,00:01,0.0,7.1,0.3
1782753730.375,0.0,0.0,0.0,0.3,11:12,0.0,00:01,0.0,7.1,0.3
1782753735.386,0.0,0.0,0.0,0.3,11:12,0.0,00:01,0.0,7.1,0.3
1782753740.394,0.0,0.0,0.0,0.3,11:12,0.0,00:01,0.0,7.1,0.3
1782753745.409,0.0,0.0,0.0,0.3,11:12,0.0,00:01,0.0,7.1,0.3
1782753750.418,0.0,0.0,0.0,0.3,11:12,0.0,00:01,0.0,7.1,0.3
1782753755.43,0.0,0.0,0.0,0.3,11:12,0.0,00:01,0.0,7.1,0.3
1782753760.441,0.0,0.0,0.0,0.3,11:12,0.0,00:01,0.0,7.1,0.3
1782753765.455,0.0,0.0,0.0,0.3,11:12,0.0,00:01,0.0,7.1,0.3
1782753770.467,0.0,0.0,0.0,0.3,11:12,0.0,00:01,0.0,7.1,0.3
1782753775.473,0.0,0.0,0.0,0.3,11:12,0.0,00:01,0.0,7.1,0.3
1782753780.484,0.0,0.0,0.0,0.3,11:12,0.0,00:01,0.0,7.1,0.3
1782753785.494,0.0,0.0,0.0,0.3,11:12,0.0,00:01,0.0,7.1,0.3
1782753790.506,0.0,0.0,0.0,0.3,11:12,0.0,00:01,0.0,7.1,0.3
1782753795.513,0.0,0.0,0.0,0.3,11:12,0.0,00:01,0.0,7.1,0.3
1782753800.52,0.0,0.0,0.0,0.3,11:12,0.0,00:01,0.0,7.1,0.3
1782753805.537,0.0,0.0,0.0,0.3,11:12,0.0,00:01,0.0,7.1,0.3
1782753810.548,0.0,0.0,0.0,0.3,11:12,0.0,00:01,0.0,7.1,0.3
1782753815.562,0.0,0.0,0.0,0.3,11:12,0.0,00:01,0.0,7.1,0.3
1782753820.569,0.0,0.0,0.0,0.3,11:12,0.0,00:01,0.0,7.1,0.3
1782753825.58,0.0,0.0,0.0,0.3,11:12,0.0,00:01,0.0,7.1,0.3
1782753830.59,0.0,0.0,0.0,0.3,11:12,0.0,00:01,0.0,7.1,0.3
1782753835.606,0.0,0.0,0.0,0.3,11:12,0.0,00:01,0.0,7.1,0.3
1782753840.619,0.0,0.0,0.0,0.3,11:12,0.0,00:01,0.0,7.1,0.3
1782753845.624,0.0,0.0,0.0,0.3,11:12,0.0,00:01,0.0,7.1,0.3
1782753850.639,0.0,0.0,0.0,0.3,11:12,0.0,00:01,0.0,7.1,0.3
1782753855.646,0.0,0.0,0.0,0.3,11:12,0.0,00:01,0.0,7.1,0.3
1782753860.656,0.0,0.0,0.0,0.3,11:12,0.0,00:01,0.0,7.1,0.3
1782753865.664,0.0,0.0,0.0,0.3,11:12,0.0,00:01,0.0,7.1,0.3
1782753870.667,0.0,0.0,0.0,0.3,11:12,0.0,00:01,0.0,7.1,0.3
1782753875.676,0.0,0.0,0.0,0.3,11:12,0.0,00:01,0.0,7.1,0.3
1782753880.683,0.0,0.0,0.0,0.3,11:12,0.0,00:01,0.0,7.1,0.3
1782753885.694,0.0,0.0,0.0,0.3,11:12,0.0,00:01,0.0,7.1,0.3
1782753890.7,0.0,0.0,0.0,0.3,11:12,0.0,00:01,0.0,7.1,0.3
1782753895.709,0.0,0.0,0.0,0.3,11:12,0.0,00:01,0.0,7.1,0.3
1782753900.719,0.0,0.0,0.0,0.3,11:12,0.0,00:01,0.0,7.1,0.3
1782753905.727,0.0,0.0,0.0,0.3,11:12,0.0,00:01,0.0,7.1,0.3
1782753910.735,0.0,0.0,0.0,0.3,11:12,0.0,00:01,0.0,7.1,0.3
1782753915.74,0.0,0.0,0.0,0.3,11:12,0.0,00:01,0.0,7.1,0.3
1782753920.751,0.0,0.0,0.0,0.3,11:12,0.0,00:01,0.0,7.1,0.3
1782753925.758,0.0,0.0,0.0,0.3,11:12,0.0,00:01,0.0,7.1,0.3
1782753930.766,0.0,0.0,0.0,0.3,11:12,0.0,00:01,0.0,7.1,0.3
1782753935.773,0.0,0.0,0.0,0.3,11:12,0.0,00:01,0.0,7.1,0.3
1782753940.778,0.0,0.0,0.0,0.3,11:12,0.0,00:01,0.0,7.1,0.3
1782753945.788,0.0,0.0,0.0,0.3,11:12,0.0,00:01,0.0,7.1,0.3
1782753950.798,0.0,0.0,0.0,0.3,11:12,0.0,00:01,0.0,7.1,0.3
1782753955.809,0.0,0.0,0.0,0.3,11:12,0.0,00:01,0.0,7.1,0.3
1782753960.812,0.0,0.0,0.0,0.3,11:12,0.0,00:01,0.0,7.1,0.3
1782753965.823,0.0,0.0,0.0,0.3,11:12,0.0,00:01,0.0,7.1,0.3
1782753970.835,0.0,0.0,0.0,0.3,11:12,0.0,00:01,0.0,7.1,0.3
1782753975.847,0.0,0.0,0.0,0.3,11:12,0.0,00:01,0.0,7.1,0.3
1782753980.856,0.0,0.0,0.0,0.3,11:12,0.0,00:01,0.0,7.1,0.3
1782753985.862,0.0,0.0,0.0,0.3,11:12,0.0,00:01,0.0,7.1,0.3
1782753990.877,0.0,0.0,0.0,0.3,11:12,0.0,00:01,0.0,7.1,0.3
1782753995.887,0.0,0.0,0.0,0.3,11:12,0.0,00:01,0.0,7.1,0.3
1782754000.902,0.0,0.0,0.0,0.3,11:12,0.0,00:01,0.0,7.1,0.3
1782754005.917,0.0,0.0,0.0,0.3,11:12,0.0,00:01,0.0,7.1,0.3
1782754010.922,0.0,0.0,0.0,0.3,11:12,0.0,00:01,0.0,7.1,0.3
1782754015.93,0.0,0.0,0.0,0.3,11:12,0.0,00:01,0.0,7.1,0.3
1782754020.935,0.0,0.0,0.0,0.3,11:12,0.0,00:01,0.0,7.1,0.3
1782754025.945,0.0,0.0,0.0,0.3,11:12,0.0,00:01,0.0,7.1,0.3
1782754030.953,0.0,0.0,0.0,0.3,11:12,0.0,00:01,0.0,7.1,0.3
1782754035.959,0.0,0.0,0.0,0.3,11:12,0.0,00:01,0.0,7.1,0.3
1782754040.969,0.0,0.0,0.0,0.3,11:12,0.0,00:01,0.0,7.1,0.3
1782754045.981,0.0,0.0,0.0,0.3,11:12,0.0,00:01,0.0,7.1,0.3
1782754050.987,0.0,0.0,0.0,0.3,11:12,0.0,00:01,0.0,7.1,0.3
1782754055.994,0.0,0.0,0.0,0.3,11:12,0.0,00:01,0.0,7.1,0.3
1782754061.004,0.0,0.0,0.0,0.3,11:12,0.0,00:01,0.0,7.1,0.3
1782754066.011,0.0,0.0,0.0,0.3,11:12,0.0,00:01,0.0,7.1,0.3
1782754071.019,0.0,0.0,0.0,0.3,11:12,0.0,00:01,0.0,7.1,0.3
1782754076.024,0.0,0.0,0.0,0.3,11:12,0.0,00:01,0.0,7.1,0.3
1782754081.032,0.0,0.0,0.0,0.3,11:12,0.0,00:01,0.0,7.1,0.3
1782754086.041,0.0,0.0,0.0,0.3,11:12,0.0,00:01,0.0,7.1,0.3
1782754091.053,0.0,0.0,0.0,0.3,11:12,0.0,00:01,0.0,7.1,0.3
1782754096.058,0.0,0.0,0.0,0.3,11:12,0.0,00:01,0.0,7.1,0.3
1782754101.061,0.0,0.0,0.0,0.3,11:12,0.0,00:01,0.0,7.1,0.3
1782754106.07,0.0,0.0,0.0,0.3,11:12,0.0,00:01,0.0,7.1,0.3
1782754111.077,0.0,0.0,0.0,0.3,11:12,0.0,00:01,0.0,7.1,0.3
1782754116.087,0.0,0.0,0.0,0.3,11:12,0.0,00:01,0.0,7.1,0.3
1782754121.095,0.0,0.0,0.0,0.3,11:12,0.0,00:01,0.0,7.1,0.3
1782754126.1,0.0,0.0,0.0,0.3,11:12,0.0,00:01,0.0,7.1,0.3
1782754131.109,0.0,0.0,0.0,0.3,11:12,0.0,00:01,0.0,7.1,0.3
1782754136.118,0.0,0.0,0.0,0.3,11:12,0.0,00:01,0.0,7.1,0.3
1782754141.128,0.0,0.0,0.0,0.3,11:12,0.0,00:01,0.0,7.1,0.3
1782754146.133,0.0,0.0,0.0,0.3,11:12,0.0,00:01,0.0,7.1,0.3
1782754151.142,0.0,0.0,0.0,0.3,11:12,0.0,00:01,0.0,7.1,0.3
1782754156.149,0.0,0.0,0.0,0.3,11:12,0.0,00:01,0.0,7.1,0.3
1782754161.159,0.0,0.0,0.0,0.3,11:12,0.0,00:01,0.0,7.1,0.3
1782754166.169,0.0,0.0,0.0,0.3,11:12,0.0,00:01,0.0,7.1,0.3
1782754171.172,0.0,0.0,0.0,0.3,11:12,0.0,00:01,0.0,7.1,0.3
1782754176.18,0.0,0.0,0.0,0.3,11:12,0.0,00:01,0.0,7.1,0.3
1782754181.185,0.0,0.0,0.0,0.3,11:12,0.0,00:01,0.0,7.1,0.3
1782754186.195,0.0,0.0,0.0,0.3,11:12,0.0,00:01,0.0,7.1,0.3
1782754191.203,0.0,0.0,0.0,0.3,11:12,0.0,00:01,0.0,7.1,0.3
1782754196.208,0.0,0.0,0.0,0.3,11:12,0.0,00:01,0.0,7.1,0.3
1782754201.217,0.0,0.0,0.0,0.3,11:12,0.0,00:01,0.0,7.1,0.3
1782754206.226,0.0,0.0,0.0,0.3,11:12,0.0,00:01,0.0,7.1,0.3
1782754211.234,0.0,0.0,0.0,0.3,11:12,0.0,00:01,0.0,7.1,0.3
1782754216.24,0.0,0.0,0.0,0.3,11:12,0.0,00:01,0.0,7.1,0.3
1782754221.248,0.0,0.0,0.0,0.3,11:12,0.0,00:01,0.0,7.1,0.3
1782754226.256,0.0,0.0,0.0,0.3,11:12,0.0,00:01,0.0,7.1,0.3
1782754231.268,0.0,0.0,0.0,0.3,11:12,0.0,00:01,0.0,7.1,0.3
1782754236.275,0.0,0.0,0.0,0.3,11:12,0.0,00:01,0.0,7.1,0.3
1782754241.28,0.0,0.0,0.0,0.3,11:12,0.0,00:01,0.0,7.1,0.3
1782754246.29,0.0,0.0,0.0,0.3,11:12,0.0,00:01,0.0,7.1,0.3
1782754251.3,0.0,0.0,0.0,0.3,11:12,0.0,00:01,0.0,7.1,0.3
1782754256.31,0.0,0.0,0.0,0.3,11:12,0.0,00:01,0.0,7.1,0.3
1782754261.32,0.0,0.0,0.0,0.3,11:12,0.0,00:01,0.0,7.1,0.3
1782754266.324,0.0,0.0,0.0,0.3,11:12,0.0,00:01,0.0,7.1,0.3
1782754271.331,0.0,0.0,0.0,0.3,11:12,0.0,00:01,0.0,7.1,0.3
1782754276.339,0.0,0.0,0.0,0.3,11:12,0.0,00:01,0.0,7.1,0.3
1782754281.348,0.0,0.0,0.0,0.3,11:12,0.0,00:01,0.0,7.1,0.3
1782754286.349,0.0,0.0,0.0,0.3,11:12,0.0,00:01,0.0,7.1,0.3
1782754291.356,0.0,0.0,0.0,0.3,11:12,0.0,00:01,0.0,7.1,0.3
1782754296.364,0.0,0.0,0.0,0.3,11:12,0.0,00:01,0.0,7.1,0.3
1782754301.377,0.0,0.0,0.0,0.3,11:12,0.0,00:01,0.0,7.1,0.3
1782754306.385,0.0,0.0,0.0,0.3,11:12,0.0,00:01,0.0,7.1,0.3
1782754311.389,0.0,0.0,0.0,0.3,11:12,0.0,00:01,0.0,7.1,0.3
1782754316.401,0.0,0.0,0.0,0.3,11:12,0.0,00:01,0.0,7.1,0.3
1782754321.408,0.0,0.0,0.0,0.3,11:12,0.0,00:01,0.0,7.1,0.3
1782754326.422,0.0,0.0,0.0,0.3,11:12,0.0,00:01,0.0,7.1,0.3
1782754331.435,0.0,0.0,0.0,0.3,11:12,0.0,00:01,0.0,7.1,0.3
1782754336.442,0.0,0.0,0.0,0.3,11:12,0.0,00:01,0.0,7.1,0.3
1782754341.456,0.0,0.0,0.0,0.3,11:12,0.0,00:01,0.0,7.1,0.3
1782754346.471,0.0,0.0,0.0,0.3,11:12,0.0,00:01,0.0,7.1,0.3
1782754351.48,0.0,0.0,0.0,0.3,11:12,0.0,00:01,0.0,7.1,0.3
1782754356.487,0.0,0.0,0.0,0.3,11:12,0.0,00:01,0.0,7.1,0.3
1782754361.501,0.0,0.0,0.0,0.3,11:12,0.0,00:01,0.0,7.1,0.3
1782754366.513,0.0,0.0,0.0,0.3,11:12,0.0,00:01,0.0,7.1,0.3
1782754371.527,0.0,0.0,0.0,0.3,11:12,0.0,00:01,0.0,7.1,0.3
1782754376.536,0.0,0.0,0.0,0.3,11:12,0.0,00:01,0.0,7.1,0.3
1782754381.538,0.0,0.0,0.0,0.3,11:12,0.0,00:01,0.0,7.1,0.3
1782754386.552,0.0,0.0,0.0,0.3,11:12,0.0,00:01,0.0,7.1,0.3
1782754391.561,0.0,0.0,0.0,0.3,11:12,0.0,00:01,0.0,7.1,0.3
1782754396.574,0.0,0.0,0.0,0.3,11:12,0.0,00:01,0.0,7.1,0.3
1782754401.587,0.0,0.0,0.0,0.3,11:12,0.0,00:01,0.0,7.1,0.3
1782754406.593,0.0,0.0,0.0,0.3,11:12,0.0,00:01,0.0,7.1,0.3
1782754411.604,0.0,0.0,0.0,0.3,11:12,0.0,00:01,0.0,7.1,0.3
1782754416.62,0.0,0.0,0.0,0.3,11:12,0.0,00:01,0.0,7.1,0.3
1782754421.627,0.0,0.0,0.0,0.3,11:12,0.0,00:01,0.0,7.1,0.3
1782754426.636,0.0,0.0,0.0,0.3,11:12,0.0,00:01,0.0,7.1,0.3
1782754431.64,0.0,0.0,0.0,0.3,11:12,0.0,00:01,0.0,7.1,0.3
1782754436.652,0.0,0.0,0.0,0.3,11:12,0.0,00:01,0.0,7.1,0.3
1782754441.665,0.0,0.0,0.0,0.3,11:12,0.0,00:01,0.0,7.1,0.3
1782754446.677,0.0,0.0,0.0,0.3,11:12,0.0,00:01,0.0,7.1,0.3
1782754451.684,0.0,0.0,0.0,0.3,11:12,0.0,00:01,0.0,7.1,0.3
1782754456.697,0.0,0.0,0.0,0.3,11:12,0.0,00:01,0.0,7.1,0.3
1782754461.709,0.0,0.0,0.0,0.3,11:12,0.0,00:01,0.0,7.1,0.3
1782754466.72,0.0,0.0,0.0,0.3,11:12,0.0,00:01,0.0,7.1,0.3
1782754471.732,0.0,0.0,0.0,0.3,11:12,0.0,00:01,0.0,7.1,0.3
1782754476.739,0.0,0.0,0.0,0.3,11:12,0.0,00:01,0.0,7.1,0.3
1782754481.749,0.0,0.0,0.0,0.3,11:12,0.0,00:01,0.0,7.1,0.3
1782754486.764,0.0,0.0,0.0,0.3,11:12,0.0,00:01,0.0,7.1,0.3
1782754491.772,0.0,0.0,0.0,0.3,11:12,0.0,00:01,0.0,7.1,0.3
1782754496.782,0.0,0.0,0.0,0.3,11:12,0.0,00:01,0.0,7.1,0.3
1782754501.788,0.0,0.0,0.0,0.3,11:12,0.0,00:01,0.0,7.1,0.3
1782754506.801,0.0,0.0,0.0,0.3,11:12,0.0,00:01,0.0,7.1,0.3
1782754511.81,0.0,0.0,0.0,0.3,11:12,0.0,00:01,0.0,7.1,0.3
1782754516.82,0.0,0.0,0.0,0.3,11:12,0.0,00:01,0.0,7.1,0.3
1782754521.824,0.0,0.0,0.0,0.3,11:12,0.0,00:01,0.0,7.1,0.3
1782754526.835,0.0,0.0,0.0,0.3,11:12,0.0,00:01,0.0,7.1,0.3
1782754531.844,0.0,0.0,0.0,0.3,11:12,0.0,00:01,0.0,7.1,0.3
1782754536.855,0.0,0.0,0.0,0.3,11:12,0.0,00:01,0.0,7.1,0.3
1782754541.862,0.0,0.0,0.0,0.3,11:12,0.0,00:01,0.0,7.1,0.3
1782754546.864,0.0,0.0,0.0,0.3,11:12,0.0,00:01,0.0,7.1,0.3
1782754551.872,0.0,0.0,0.0,0.3,11:12,0.0,00:01,0.0,7.1,0.3
1782754556.883,0.0,0.0,0.0,0.3,11:12,0.0,00:01,0.0,7.1,0.3
1782754561.892,0.0,0.0,0.0,0.3,11:12,0.0,00:01,0.0,7.1,0.3
1782754566.901,0.0,0.0,0.0,0.3,11:12,0.0,00:01,0.0,7.1,0.3
1782754571.908,0.0,0.0,0.0,0.3,11:12,0.0,00:01,0.0,7.1,0.3
1782754576.916,0.0,0.0,0.0,0.3,11:12,0.0,00:01,0.0,7.1,0.3
1782754581.928,0.0,0.0,0.0,0.3,11:12,0.0,00:01,0.0,7.1,0.3
1782754586.941,0.0,0.0,0.0,0.3,11:12,0.0,00:01,0.0,7.1,0.3
1782754591.945,0.0,0.0,0.0,0.3,11:12,0.0,00:01,0.0,7.1,0.3
1782754596.956,0.0,0.0,0.0,0.3,11:12,0.0,00:01,0.0,7.1,0.3
1782754601.97,0.0,0.0,0.0,0.3,11:12,0.0,00:01,0.0,7.1,0.3
1782754606.98,0.0,0.0,0.0,0.3,11:12,0.0,00:01,0.0,7.1,0.3
1782754611.989,0.0,0.0,0.0,0.3,11:12,0.0,00:01,0.0,7.1,0.3
1782754616.992,0.0,0.0,0.0,0.3,11:12,0.0,00:01,0.0,7.1,0.3
1782754622.004,0.0,0.0,0.0,0.3,11:12,0.0,00:01,0.0,7.1,0.3
1782754627.018,0.0,0.0,0.0,0.3,11:12,0.0,00:01,0.0,7.1,0.3
1782754632.029,0.0,0.0,0.0,0.3,11:12,0.0,00:01,0.0,7.1,0.3
1782754637.037,0.0,0.0,0.0,0.3,11:12,0.0,00:01,0.0,7.1,0.3
1782754642.042,0.0,0.0,0.0,0.3,11:12,0.0,00:01,0.0,7.1,0.3
1782754647.048,0.0,0.0,0.0,0.3,11:12,0.0,00:01,0.0,7.1,0.3
1782754652.063,0.0,0.0,0.0,0.3,11:12,0.0,00:01,0.0,7.1,0.3
1782754657.078,0.0,0.0,0.0,0.3,11:12,0.0,00:01,0.0,7.1,0.3
1782754662.08,0.0,0.0,0.0,0.3,11:12,0.0,00:01,0.0,7.1,0.3
1782754667.092,0.0,0.0,0.0,0.3,11:12,0.0,00:01,0.0,7.1,0.3
1782754672.107,0.0,0.0,0.0,0.3,11:12,0.0,00:01,0.0,7.1,0.3
1782754677.116,0.0,0.0,0.0,0.3,11:12,0.0,00:01,0.0,7.1,0.3
1782754682.128,0.0,0.0,0.0,0.3,11:12,0.0,00:01,0.0,7.1,0.3
1782754687.136,0.0,0.0,0.0,0.3,11:12,0.0,00:01,0.0,7.1,0.3
1782754692.143,0.0,0.0,0.0,0.3,11:12,0.0,00:01,0.0,7.1,0.3
1782754697.156,0.0,0.0,0.0,0.3,11:12,0.0,00:01,0.0,7.1,0.3
1782754702.168,0.0,0.0,0.0,0.3,11:12,0.0,00:01,0.0,7.1,0.3
1782754707.179,0.0,0.0,0.0,0.3,11:12,0.0,00:01,0.0,7.1,0.3
1782754712.188,0.0,0.0,0.0,0.3,11:12,0.0,00:01,0.0,7.1,0.3
1782754717.199,0.0,0.0,0.0,0.3,11:12,0.0,00:01,0.0,7.1,0.3
1782754722.213,0.0,0.0,0.0,0.3,11:12,0.0,00:01,0.0,7.1,0.3
1782754727.226,0.0,0.0,0.0,0.3,11:12,0.0,00:01,0.0,7.1,0.3
1782754732.237,0.0,0.0,0.0,0.3,11:12,0.0,00:01,0.0,7.1,0.3
1782754737.244,0.0,0.0,0.0,0.3,11:12,0.0,00:01,0.0,7.1,0.3
1782754742.258,0.0,0.0,0.0,0.3,11:12,0.0,00:01,0.0,7.1,0.3
1782754747.273,0.0,0.0,0.0,0.3,11:12,0.0,00:01,0.0,7.1,0.3
1782754752.283,0.0,0.0,0.0,0.3,11:12,0.0,00:01,0.0,7.1,0.3
1782754757.297,0.0,0.0,0.0,0.3,11:12,0.0,00:01,0.0,7.1,0.3
1782754762.305,0.0,0.0,0.0,0.3,11:12,0.0,00:01,0.0,7.1,0.3
1782754767.32,0.0,0.0,0.0,0.3,11:12,0.0,00:01,0.0,7.1,0.3
1782754772.334,0.0,0.0,0.0,0.3,11:12,0.0,00:01,0.0,7.1,0.3
1782754777.346,0.0,0.0,0.0,0.3,11:12,0.0,00:01,0.0,7.1,0.3
1782754782.352,0.0,0.0,0.0,0.3,11:12,0.0,00:01,0.0,7.1,0.3
1782754787.36,0.0,0.0,0.0,0.3,11:12,0.0,00:01,0.0,7.1,0.3
1782754792.375,0.0,0.0,0.0,0.3,11:12,0.0,00:01,0.0,7.1,0.3
1782754797.386,0.0,0.0,0.0,0.3,11:12,0.0,00:01,0.0,7.1,0.3
1782754802.397,0.0,0.0,0.0,0.3,11:12,0.0,00:01,0.0,7.1,0.3
1782754807.4,0.0,0.0,0.0,0.3,11:12,0.0,00:01,0.0,7.1,0.3
1782754812.415,0.0,0.0,0.0,0.3,11:12,0.0,00:01,0.0,7.1,0.3
1782754817.425,0.0,0.0,0.0,0.3,11:12,0.0,00:01,0.0,7.1,0.3
1782754822.435,0.0,0.0,0.0,0.3,11:12,0.0,00:01,0.0,7.1,0.3
1782754827.448,0.0,0.0,0.0,0.3,11:12,0.0,00:01,0.0,7.1,0.3
1782754832.455,0.0,0.0,0.0,0.3,11:12,0.0,00:01,0.0,7.1,0.3
1782754837.468,0.0,0.0,0.0,0.3,11:12,0.0,00:01,0.0,7.1,0.3
1782754842.48,0.0,0.0,0.0,0.3,11:12,0.0,00:01,0.0,7.1,0.3
1782754847.491,0.0,0.0,0.0,0.3,11:12,0.0,00:01,0.0,7.1,0.3
1782754852.496,0.0,0.0,0.0,0.3,11:12,0.0,00:01,0.0,7.1,0.3
1782754857.504,0.0,0.0,0.0,0.3,11:12,0.0,00:01,0.0,7.1,0.3
1782754862.52,0.0,0.0,0.0,0.3,11:12,0.0,00:01,0.0,7.1,0.3
1782754867.53,0.0,0.0,0.0,0.3,11:12,0.0,00:01,0.0,7.1,0.3
1782754872.544,0.0,0.0,0.0,0.3,11:12,0.0,00:01,0.0,7.1,0.3
1782754877.546,0.0,0.0,0.0,0.3,11:12,0.0,00:01,0.0,7.1,0.3
1782754882.558,0.0,0.0,0.0,0.3,11:12,0.0,00:01,0.0,7.1,0.3
1782754887.57,0.0,0.0,0.0,0.3,11:12,0.0,00:01,0.0,7.1,0.3
1782754892.579,0.0,0.0,0.0,0.3,11:12,0.0,00:01,0.0,7.1,0.3
1782754897.586,0.0,0.0,0.0,0.3,11:12,0.0,00:01,0.0,7.1,0.3
1782754902.588,0.0,0.0,0.0,0.3,11:12,0.0,00:01,0.0,7.1,0.3
1782754907.597,0.0,0.0,0.0,0.3,11:12,0.0,00:01,0.0,7.1,0.3
1782754912.607,0.0,0.0,0.0,0.3,11:12,0.0,00:01,0.0,7.1,0.3
1782754917.616,0.0,0.0,0.0,0.3,11:12,0.0,00:01,0.0,7.1,0.3
1782754922.62,0.0,0.0,0.0,0.3,11:12,0.0,00:01,0.0,7.1,0.3
1782754927.628,0.0,0.0,0.0,0.3,11:12,0.0,00:01,0.0,7.1,0.3
1782754932.638,0.0,0.0,0.0,0.3,11:12,0.0,00:01,0.0,7.1,0.3
1782754937.647,0.0,0.0,0.0,0.3,11:12,0.0,00:01,0.0,7.1,0.3
1782754942.655,0.0,0.0,0.0,0.3,11:12,0.0,00:01,0.0,7.1,0.3
1782754947.661,0.0,0.0,0.0,0.3,11:12,0.0,00:01,0.0,7.1,0.3
1782754952.672,0.0,0.0,0.0,0.3,11:12,0.0,00:01,0.0,7.1,0.3
1782754957.679,0.0,0.0,0.0,0.3,11:12,0.0,00:01,0.0,7.1,0.3
1782754962.686,0.0,0.0,0.0,0.3,11:12,0.0,00:01,0.0,7.1,0.3
1782754967.696,0.0,0.0,0.0,0.3,11:12,0.0,00:01,0.0,7.1,0.3
1782754972.701,0.0,0.0,0.0,0.3,11:12,0.0,00:01,0.0,7.1,0.3
1782754977.711,0.0,0.0,0.0,0.3,11:12,0.0,00:01,0.0,7.1,0.3
1782754982.719,0.0,0.0,0.0,0.3,11:12,0.0,00:01,0.0,7.1,0.3
1782754987.727,0.0,0.0,0.0,0.3,11:12,0.0,00:01,0.0,7.1,0.3
1782754992.732,0.0,0.0,0.0,0.3,11:12,0.0,00:01,0.0,7.1,0.3
1782754997.738,0.0,0.0,0.0,0.3,11:12,0.0,00:01,0.0,7.1,0.3
1782755002.746,0.0,0.0,0.0,0.3,11:12,0.0,00:01,0.0,7.1,0.3
1782755007.755,0.0,0.0,0.0,0.3,11:12,0.0,00:01,0.0,7.1,0.3
1782755012.763,0.0,0.0,0.0,0.3,11:12,0.0,00:01,0.0,7.1,0.3
1782755017.768,0.0,0.0,0.0,0.3,11:12,0.0,00:01,0.0,7.1,0.3
1782755022.777,0.0,0.0,0.0,0.3,11:12,0.0,00:01,0.0,7.1,0.3
1782755027.787,0.0,0.0,0.0,0.3,11:12,0.0,00:01,0.0,7.1,0.3
1782755032.795,0.0,0.0,0.0,0.3,11:12,0.0,00:01,0.0,7.1,0.3
1782755037.804,0.0,0.0,0.0,0.3,11:12,0.0,00:01,0.0,7.1,0.3
1782755042.808,0.0,0.0,0.0,0.3,11:12,0.0,00:01,0.0,7.1,0.3
1782755047.819,0.0,0.0,0.0,0.3,11:12,0.0,00:01,0.0,7.1,0.3
1782755052.829,0.0,0.0,0.0,0.3,11:12,0.0,00:01,0.0,7.1,0.3
1782755057.834,0.0,0.0,0.0,0.3,11:12,0.0,00:01,0.0,7.1,0.3
1782755062.84,0.0,0.0,0.0,0.3,11:12,0.0,00:01,0.0,7.1,0.3
1782755067.851,0.0,0.0,0.0,0.3,11:12,0.0,00:01,0.0,7.1,0.3
1782755072.86,0.0,0.0,0.0,0.3,11:12,0.0,00:01,0.0,7.1,0.3
1782755077.872,0.0,0.0,0.0,0.3,11:12,0.0,00:01,0.0,7.1,0.3
1782755082.885,0.0,0.0,0.0,0.3,11:12,0.0,00:01,0.0,7.1,0.3
1782755087.888,0.0,0.0,0.0,0.3,11:12,0.0,00:01,0.0,7.1,0.3
1782755092.9,0.0,0.0,0.0,0.3,11:12,0.0,00:01,0.0,7.1,0.3
1782755097.913,0.0,0.0,0.0,0.3,11:12,0.0,00:01,0.0,7.1,0.3
1782755102.925,0.0,0.0,0.0,0.3,11:12,0.0,00:01,0.0,7.1,0.3
1782755107.935,0.0,0.0,0.0,0.3,11:12,0.0,00:01,0.0,7.1,0.3
1782755112.946,0.0,0.0,0.0,0.3,11:12,0.0,00:01,0.0,7.1,0.3
1782755117.96,0.0,0.0,0.0,0.3,11:12,0.0,00:01,0.0,7.1,0.3
1782755122.973,0.0,0.0,0.0,0.3,11:12,0.0,00:01,0.0,7.1,0.3
1782755127.985,0.0,0.0,0.0,0.3,11:12,0.0,00:01,0.0,7.1,0.3
1782755132.997,0.0,0.0,0.0,0.3,11:12,0.0,00:01,0.0,7.1,0.3
1782755138.006,0.0,0.0,0.0,0.3,11:12,0.0,00:01,0.0,7.1,0.3
1782755143.019,0.0,0.0,0.0,0.3,11:12,0.0,00:01,0.0,7.1,0.3
1782755148.031,0.0,0.0,0.0,0.3,11:12,0.0,00:01,0.0,7.1,0.3
1782755153.041,0.0,0.0,0.0,0.3,11:12,0.0,00:01,0.0,7.1,0.3
1782755158.049,0.0,0.0,0.0,0.3,11:12,0.0,00:01,0.0,7.1,0.3
1782755163.064,0.0,0.0,0.0,0.3,11:12,0.0,00:01,0.0,7.1,0.3
1782755168.077,0.0,0.0,0.0,0.3,11:12,0.0,00:01,0.0,7.1,0.3
1782755173.089,0.0,0.0,0.0,0.3,11:12,0.0,00:01,0.0,7.1,0.3
1782755178.096,0.0,0.0,0.0,0.3,11:12,0.0,00:01,0.0,7.1,0.3
1782755183.104,0.0,0.0,0.0,0.3,11:12,0.0,00:01,0.0,7.1,0.3
1782755188.12,0.0,0.0,0.0,0.3,11:12,0.0,00:01,0.0,7.1,0.3
1782755193.132,0.0,0.0,0.0,0.3,11:12,0.0,00:01,0.0,7.1,0.3
1782755198.146,0.0,0.0,0.0,0.3,11:12,0.0,00:01,0.0,7.1,0.3
1782755203.158,0.0,0.0,0.0,0.3,11:12,0.0,00:01,0.0,7.1,0.3
1782755208.166,0.0,0.0,0.0,0.3,11:12,0.0,00:01,0.0,7.1,0.3
1782755213.182,0.0,0.0,0.0,0.3,11:12,0.0,00:01,0.0,7.1,0.3
1782755218.192,0.0,0.0,0.0,0.3,11:12,0.0,00:01,0.0,7.1,0.3
1782755223.204,0.0,0.0,0.0,0.3,11:12,0.0,00:01,0.0,7.1,0.3
1782755228.208,0.0,0.0,0.0,0.3,11:12,0.0,00:01,0.0,7.1,0.3
1782755233.223,0.0,0.0,0.0,0.3,11:12,0.0,00:01,0.0,7.1,0.3
1782755238.231,0.0,0.0,0.0,0.3,11:12,0.0,00:01,0.0,7.1,0.3
1782755243.241,0.0,0.0,0.0,0.3,11:12,0.0,00:01,0.0,7.1,0.3
1782755248.247,0.0,0.0,0.0,0.3,11:12,0.0,00:01,0.0,7.1,0.3
1782755253.252,0.0,0.0,0.0,0.3,11:12,0.0,00:01,0.0,7.1,0.3
1782755258.262,0.0,0.0,0.0,0.3,11:12,0.0,00:01,0.0,7.1,0.3
1782755263.274,0.0,0.0,0.0,0.3,11:12,0.0,00:01,0.0,7.1,0.3
1782755268.286,0.0,0.0,0.0,0.3,11:12,0.0,00:01,0.0,7.1,0.3
1782755273.298,0.0,0.0,0.0,0.3,11:12,0.0,00:01,0.0,7.1,0.3
1782755278.304,0.0,0.0,0.0,0.3,11:12,0.0,00:01,0.0,7.1,0.3
1782755283.316,0.0,0.0,0.0,0.3,11:12,0.0,00:01,0.0,7.1,0.3
1782755288.323,0.0,0.0,0.0,0.3,11:12,0.0,00:01,0.0,7.1,0.3
1782755293.33,0.0,0.0,0.0,0.3,11:12,0.0,00:01,0.0,7.1,0.3
1782755298.336,0.0,0.0,0.0,0.3,11:12,0.0,00:01,0.0,7.1,0.3
1782755303.347,0.0,0.0,0.0,0.3,11:12,0.0,00:01,0.0,7.1,0.3
1782755308.354,0.0,0.0,0.0,0.3,11:12,0.0,00:01,0.0,7.1,0.3
1782755313.365,0.0,0.0,0.0,0.3,11:12,0.0,00:01,0.0,7.1,0.3
1782755318.373,0.0,0.0,0.0,0.3,11:12,0.0,00:01,0.0,7.1,0.3
1782755323.375,0.0,0.0,0.0,0.3,11:12,0.0,00:01,0.0,7.1,0.3
1782755328.386,0.0,0.0,0.0,0.3,11:12,0.0,00:01,0.0,7.1,0.3
1782755333.397,0.0,0.0,0.0,0.3,11:12,0.0,00:01,0.0,7.1,0.3
1782755338.407,0.0,0.0,0.0,0.3,11:12,0.0,00:01,0.0,7.1,0.3
1782755343.418,0.0,0.0,0.0,0.3,11:12,0.0,00:01,0.0,7.1,0.3
1782755348.425,0.0,0.0,0.0,0.3,11:12,0.0,00:01,0.0,7.1,0.3
1782755353.442,0.0,0.0,0.0,0.3,11:12,0.0,00:01,0.0,7.1,0.3
1782755358.452,0.0,0.0,0.0,0.3,11:12,0.0,00:01,0.0,7.1,0.3
1782755363.465,0.0,0.0,0.0,0.3,11:12,0.0,00:01,0.0,7.1,0.3
1782755368.477,0.0,0.0,0.0,0.3,11:12,0.0,00:01,0.0,7.1,0.3
1782755373.485,0.0,0.0,0.0,0.3,11:12,0.0,00:01,0.0,7.1,0.3
1782755378.498,0.0,0.0,0.0,0.3,11:12,0.0,00:01,0.0,7.1,0.3
1782755383.51,0.0,0.0,0.0,0.3,11:12,0.0,00:01,0.0,7.1,0.3
1782755388.522,0.0,0.0,0.0,0.3,11:12,0.0,00:01,0.0,7.1,0.3
1782755393.527,0.0,0.0,0.0,0.3,11:12,0.0,00:01,0.0,7.1,0.3
1782755398.539,0.0,0.0,0.0,0.3,11:12,0.0,00:01,0.0,7.1,0.3
1782755403.551,0.0,0.0,0.0,0.3,11:12,0.0,00:01,0.0,7.1,0.3
1782755408.564,0.0,0.0,0.0,0.3,11:12,0.0,00:01,0.0,7.1,0.3
1782755413.573,0.0,0.0,0.0,0.3,11:12,0.0,00:01,0.0,7.1,0.3
1782755418.578,0.0,0.0,0.0,0.3,11:12,0.0,00:01,0.0,7.1,0.3
1782755423.591,0.0,0.0,0.0,0.3,11:12,0.0,00:01,0.0,7.1,0.3
1782755428.598,0.0,0.0,0.0,0.3,11:12,0.0,00:01,0.0,7.1,0.3
1782755433.607,0.0,0.0,0.0,0.3,11:12,0.0,00:01,0.0,7.1,0.3
1782755438.615,0.0,0.0,0.0,0.3,11:12,0.0,00:01,0.0,7.1,0.3
1782755443.623,0.0,0.0,0.0,0.3,11:12,0.0,00:01,0.0,7.1,0.3
1782755448.632,0.0,0.0,0.0,0.3,11:12,0.0,00:01,0.0,7.1,0.3
1782755453.641,0.0,0.0,0.0,0.3,11:12,0.0,00:01,0.0,7.1,0.3
1782755458.649,0.0,0.0,0.0,0.3,11:12,0.0,00:01,0.0,7.1,0.3
1782755463.659,0.0,0.0,0.0,0.3,11:12,0.0,00:01,0.0,7.1,0.3
1782755468.669,0.0,0.0,0.0,0.3,11:12,0.0,00:01,0.0,7.1,0.3
1782755473.68,0.0,0.0,0.0,0.3,11:12,0.0,00:01,0.0,7.1,0.3
1782755478.689,0.0,0.0,0.0,0.3,11:12,0.0,00:01,0.0,7.1,0.3
1782755483.698,0.0,0.0,0.0,0.3,11:12,0.0,00:01,0.0,7.1,0.3
1782755488.704,0.0,0.0,0.0,0.3,11:12,0.0,00:01,0.0,7.1,0.3
1782755493.716,0.0,0.0,0.0,0.3,11:12,0.0,00:01,0.0,7.1,0.3
1782755498.726,0.0,0.0,0.0,0.3,11:12,0.0,00:01,0.0,7.1,0.3
1782755503.733,0.0,0.0,0.0,0.3,11:12,0.0,00:01,0.0,7.1,0.3
1782755508.745,0.0,0.0,0.0,0.3,11:12,0.0,00:01,0.0,7.1,0.3
1782755513.756,0.0,0.0,0.0,0.3,11:12,0.0,00:01,0.0,7.1,0.3
1782755518.768,0.0,0.0,0.0,0.3,11:12,0.0,00:01,0.0,7.1,0.3
1782755523.781,0.0,0.0,0.0,0.3,11:12,0.0,00:01,0.0,7.1,0.3
1782755528.791,0.0,0.0,0.0,0.3,11:12,0.0,00:01,0.0,7.1,0.3
1782755533.796,0.0,0.0,0.0,0.3,11:12,0.0,00:01,0.0,7.1,0.3
1782755538.807,0.0,0.0,0.0,0.3,11:12,0.0,00:01,0.0,7.1,0.3
1782755543.816,0.0,0.0,0.0,0.3,11:12,0.0,00:01,0.0,7.1,0.3
1782755548.824,0.0,0.0,0.0,0.3,11:12,0.0,00:01,0.0,7.1,0.3
1782755553.838,0.0,0.0,0.0,0.3,11:12,0.0,00:01,0.0,7.1,0.3
1782755558.844,0.0,0.0,0.0,0.3,11:12,0.0,00:01,0.0,7.1,0.3
1782755563.858,0.0,0.0,0.0,0.3,11:12,0.0,00:01,0.0,7.1,0.3
1782755568.869,0.0,0.0,0.0,0.3,11:12,0.0,00:01,0.0,7.1,0.3
1782755573.877,0.0,0.0,0.0,0.3,11:12,0.0,00:01,0.0,7.1,0.3
1782755578.889,0.0,0.0,0.0,0.3,11:12,0.0,00:01,0.0,7.1,0.3
1782755583.898,0.0,0.0,0.0,0.3,11:12,0.0,00:01,0.0,7.1,0.3
1782755588.908,0.0,0.0,0.0,0.3,11:12,0.0,00:01,0.0,7.1,0.3
1782755593.921,0.0,0.0,0.0,0.3,11:12,0.0,00:01,0.0,7.1,0.3
1782755598.929,0.0,0.0,0.0,0.3,11:12,0.0,00:01,0.0,7.1,0.3
1782755603.936,0.0,0.0,0.0,0.3,11:12,0.0,00:01,0.0,7.1,0.3
1782755608.952,0.0,0.0,0.0,0.3,11:12,0.0,00:01,0.0,7.1,0.3
1782755613.958,0.0,0.0,0.0,0.3,11:12,0.0,00:01,0.0,7.1,0.3
1782755618.968,0.0,0.0,0.0,0.3,11:12,0.0,00:01,0.0,7.1,0.3
1782755623.979,0.0,0.0,0.0,0.3,11:12,0.0,00:01,0.0,7.1,0.3
1782755628.986,0.0,0.0,0.0,0.3,11:12,0.0,00:01,0.0,7.1,0.3
1782755634.001,0.0,0.0,0.0,0.3,11:12,0.0,00:01,0.0,7.1,0.3
1782755639.015,0.0,0.0,0.0,0.3,11:12,0.0,00:01,0.0,7.1,0.3
1782755644.025,0.0,0.0,0.0,0.3,11:12,0.0,00:01,0.0,7.1,0.3
1782755649.037,0.0,0.0,0.0,0.3,11:12,0.0,00:01,0.0,7.1,0.3
1782755654.043,0.0,0.0,0.0,0.3,11:12,0.0,00:01,0.0,7.1,0.3
1782755659.051,0.0,0.0,0.0,0.3,11:12,0.0,00:01,0.0,7.1,0.3
1782755664.065,0.0,0.0,0.0,0.3,11:12,0.0,00:01,0.0,7.1,0.3
1782755669.077,0.0,0.0,0.0,0.3,11:12,0.0,00:01,0.0,7.1,0.3
1782755674.08,0.0,0.0,0.0,0.3,11:12,0.0,00:01,0.0,7.1,0.3
1782755679.097,0.0,0.0,0.0,0.3,11:12,0.0,00:01,0.0,7.1,0.3
1782755684.108,0.0,0.0,0.0,0.3,11:12,0.0,00:01,0.0,7.1,0.3
1782755689.119,0.0,0.0,0.0,0.3,11:12,0.0,00:01,0.0,7.1,0.3
1782755694.129,0.0,0.0,0.0,0.3,11:12,0.0,00:01,0.0,7.1,0.3
1782755699.139,0.0,0.0,0.0,0.3,11:12,0.0,00:01,0.0,7.1,0.3
1782755704.15,0.0,0.0,0.0,0.3,11:12,0.0,00:01,0.0,7.1,0.3
1782755709.159,0.0,0.0,0.0,0.3,11:12,0.0,00:01,0.0,7.1,0.3
1782755714.171,0.0,0.0,0.0,0.3,11:12,0.0,00:01,0.0,7.1,0.3
1782755719.183,0.0,0.0,0.0,0.3,11:12,0.0,00:01,0.0,7.1,0.3
1782755724.194,0.0,0.0,0.0,0.3,11:12,0.0,00:01,0.0,7.1,0.3
1782755729.206,0.0,0.0,0.0,0.3,11:12,0.0,00:01,0.0,7.1,0.3
1782755734.214,0.0,0.0,0.0,0.3,11:12,0.0,00:01,0.0,7.1,0.3
1782755739.225,0.0,0.0,0.0,0.3,11:12,0.0,00:01,0.0,7.1,0.3
1782755744.233,0.0,0.0,0.0,0.3,11:12,0.0,00:01,0.0,7.1,0.3
1782755749.24,0.0,0.0,0.0,0.3,11:12,0.0,00:01,0.0,7.1,0.3
1782755754.249,0.0,0.0,0.0,0.3,11:12,0.0,00:01,0.0,7.1,0.3
1782755759.259,0.0,0.0,0.0,0.3,11:12,0.0,00:01,0.0,7.1,0.3
1782755764.269,0.0,0.0,0.0,0.3,11:12,0.0,00:01,0.0,7.1,0.3
1782755769.28,0.0,0.0,0.0,0.3,11:12,0.0,00:01,0.0,7.1,0.3
1782755774.292,0.0,0.0,0.0,0.3,11:12,0.0,00:01,0.0,7.1,0.3
1782755779.304,0.0,0.0,0.0,0.3,11:12,0.0,00:01,0.0,7.1,0.3
1782755784.316,0.0,0.0,0.0,0.3,11:12,0.0,00:01,0.0,7.1,0.3
1782755789.324,0.0,0.0,0.0,0.3,11:12,0.0,00:01,0.0,7.1,0.3
1782755794.331,0.0,0.0,0.0,0.3,11:12,0.0,00:01,0.0,7.1,0.3
1782755799.339,0.0,0.0,0.0,0.3,11:12,0.0,00:01,0.0,7.1,0.3
1782755804.347,0.0,0.0,0.0,0.3,11:12,0.0,00:01,0.0,7.1,0.3
1782755809.355,0.0,0.0,0.0,0.3,11:12,0.0,00:01,0.0,7.1,0.3
1782755814.361,0.0,0.0,0.0,0.3,11:12,0.0,00:01,0.0,7.1,0.3
1782755819.367,0.0,0.0,0.0,0.3,11:12,0.0,00:01,0.0,7.1,0.3
1782755824.377,0.0,0.0,0.0,0.3,11:12,0.0,00:01,0.0,7.1,0.3
1782755829.381,0.0,0.0,0.0,0.3,11:12,0.0,00:01,0.0,7.1,0.3
1782755834.388,0.0,0.0,0.0,0.3,11:12,0.0,00:01,0.0,7.1,0.3
1782755839.397,0.0,0.0,0.0,0.3,11:12,0.0,00:01,0.0,7.1,0.3
1782755844.408,0.0,0.0,0.0,0.3,11:12,0.0,00:01,0.0,7.1,0.3
1782755849.42,0.0,0.0,0.0,0.3,11:12,0.0,00:01,0.0,7.1,0.3
1782755854.432,0.0,0.0,0.0,0.3,11:12,0.0,00:01,0.0,7.1,0.3
1782755859.445,0.0,0.0,0.0,0.3,11:12,0.0,00:01,0.0,7.1,0.3
1782755864.451,0.0,0.0,0.0,0.3,11:12,0.0,00:01,0.0,7.1,0.3
1782755869.46,0.0,0.0,0.0,0.3,11:12,0.0,00:01,0.0,7.1,0.3
1782755874.469,0.0,0.0,0.0,0.3,11:12,0.0,00:01,0.0,7.1,0.3
1782755879.481,0.0,0.0,0.0,0.3,11:12,0.0,00:01,0.0,7.1,0.3
1782755884.489,0.0,0.0,0.0,0.3,11:12,0.0,00:01,0.0,7.1,0.3
1782755889.495,0.0,0.0,0.0,0.3,11:12,0.0,00:01,0.0,7.1,0.3
1782755894.504,0.0,0.0,0.0,0.3,11:12,0.0,00:01,0.0,7.1,0.3
1782755899.512,0.0,0.0,0.0,0.3,11:12,0.0,00:01,0.0,7.1,0.3
1782755904.523,0.0,0.0,0.0,0.3,11:12,0.0,00:01,0.0,7.1,0.3
1782755909.533,0.0,0.0,0.0,0.3,11:12,0.0,00:01,0.0,7.1,0.3
1782755914.545,0.0,0.0,0.0,0.3,11:12,0.0,00:01,0.0,7.1,0.3
1782755919.553,0.0,0.0,0.0,0.3,11:12,0.0,00:01,0.0,7.1,0.3
1782755924.563,0.0,0.0,0.0,0.3,11:12,0.0,00:01,0.0,7.1,0.3
1782755929.573,0.0,0.0,0.0,0.3,11:12,0.0,00:01,0.0,7.1,0.3
1782755934.585,0.0,0.0,0.0,0.3,11:12,0.0,00:01,0.0,7.1,0.3
1782755939.593,0.0,0.0,0.0,0.3,11:12,0.0,00:01,0.0,7.1,0.3
1782755944.604,0.0,0.0,0.0,0.3,11:12,0.0,00:01,0.0,7.1,0.3
1782755949.619,0.0,0.0,0.0,0.3,11:12,0.0,00:01,0.0,7.1,0.3
1782755954.633,0.0,0.0,0.0,0.3,11:12,0.0,00:01,0.0,7.1,0.3
1782755959.637,0.0,0.0,0.0,0.3,11:12,0.0,00:01,0.0,7.1,0.3
1782755964.65,0.0,0.0,0.0,0.3,11:12,0.0,00:01,0.0,7.1,0.3
1782755969.663,0.0,0.0,0.0,0.3,11:12,0.0,00:01,0.0,7.1,0.3
1782755974.674,0.0,0.0,0.0,0.3,11:12,0.0,00:01,0.0,7.1,0.3
1782755979.679,0.0,0.0,0.0,0.3,11:12,0.0,00:01,0.0,7.1,0.3
1782755984.69,0.0,0.0,0.0,0.3,11:12,0.0,00:01,0.0,7.1,0.3
1782755989.704,0.0,0.0,0.0,0.3,11:12,0.0,00:01,0.0,7.1,0.3
1782755994.718,0.0,0.0,0.0,0.3,11:12,0.0,00:01,0.0,7.1,0.3
1782755999.73,0.0,0.0,0.0,0.3,11:12,0.0,00:01,0.0,7.1,0.3
1782756004.738,0.0,0.0,0.0,0.3,11:12,0.0,00:01,0.0,7.1,0.3
1782756009.75,0.0,0.0,0.0,0.3,11:12,0.0,00:01,0.0,7.1,0.3
1782756014.762,0.0,0.0,0.0,0.3,11:12,0.0,00:01,0.0,7.1,0.3
1782756019.774,0.0,0.0,0.0,0.3,11:12,0.0,00:01,0.0,7.1,0.3
1782756024.788,0.0,0.0,0.0,0.3,11:12,0.0,00:01,0.0,7.1,0.3
1782756029.794,0.0,0.0,0.0,0.3,11:12,0.0,00:01,0.0,7.1,0.3
1782756034.809,0.0,0.0,0.0,0.3,11:12,0.0,00:01,0.0,7.1,0.3
1782756039.822,0.0,0.0,0.0,0.3,11:12,0.0,00:01,0.0,7.1,0.3
1782756044.829,0.0,0.0,0.0,0.3,11:12,0.0,00:01,0.0,7.1,0.3
1782756049.844,0.0,0.0,0.0,0.3,11:12,0.0,00:01,0.0,7.1,0.3
1782756054.849,0.0,0.0,0.0,0.3,11:12,0.0,00:01,0.0,7.1,0.3
1782756059.86,0.0,0.0,0.0,0.3,11:12,0.0,00:01,0.0,7.1,0.3
1782756064.875,0.0,0.0,0.0,0.3,11:12,0.0,00:01,0.0,7.1,0.3
1782756069.887,0.0,0.0,0.0,0.3,11:12,0.0,00:01,0.0,7.1,0.3
1782756074.894,0.0,0.0,0.0,0.3,11:12,0.0,00:01,0.0,7.1,0.3
1782756079.907,0.0,0.0,0.0,0.3,11:12,0.0,00:01,0.0,7.1,0.3
1782756084.92,0.0,0.0,0.0,0.3,11:12,0.0,00:01,0.0,7.1,0.3
1782756089.931,0.0,0.0,0.0,0.3,11:12,0.0,00:01,0.0,7.1,0.3
1782756094.945,0.0,0.0,0.0,0.3,11:12,0.0,00:01,0.0,7.1,0.3
1782756099.952,0.0,0.0,0.0,0.3,11:12,0.0,00:01,0.0,7.1,0.3
1782756104.962,0.0,0.0,0.0,0.3,11:12,0.0,00:01,0.0,7.1,0.3
1782756109.974,0.0,0.0,0.0,0.3,11:12,0.0,00:01,0.0,7.1,0.3
1782756114.984,0.0,0.0,0.0,0.3,11:12,0.0,00:01,0.0,7.1,0.3
1782756120.001,0.0,0.0,0.0,0.3,11:12,0.0,00:01,0.0,7.1,0.3
1782756125.01,0.0,0.0,0.0,0.3,11:12,0.0,00:01,0.0,7.1,0.3
1782756130.022,0.0,0.0,0.0,0.3,11:12,0.0,00:01,0.0,7.1,0.3
1782756135.033,0.0,0.0,0.0,0.3,11:12,0.0,00:01,0.0,7.1,0.3
1782756140.044,0.0,0.0,0.0,0.3,11:12,0.0,00:01,0.0,7.1,0.3
1782756145.052,0.0,0.0,0.0,0.3,11:12,0.0,00:01,0.0,7.1,0.3
1782756150.066,0.0,0.0,0.0,0.3,11:12,0.0,00:01,0.0,7.1,0.3
1782756155.076,0.0,0.0,0.0,0.3,11:12,0.0,00:01,0.0,7.1,0.3
1782756160.087,0.0,0.0,0.0,0.3,11:12,0.0,00:01,0.0,7.1,0.3
1782756165.101,0.0,0.0,0.0,0.3,11:12,0.0,00:01,0.0,7.1,0.3
1782756170.109,0.0,0.0,0.0,0.3,11:12,0.0,00:01,0.0,7.1,0.3
1782756175.121,0.0,0.0,0.0,0.3,11:12,0.0,00:01,0.0,7.1,0.3
1782756180.131,0.0,0.0,0.0,0.3,11:12,0.0,00:01,0.0,7.1,0.3
1782756185.141,0.0,0.0,0.0,0.3,11:12,0.0,00:01,0.0,7.1,0.3
1782756190.15,0.0,0.0,0.0,0.3,11:12,0.0,00:01,0.0,7.1,0.3
1782756195.154,0.0,0.0,0.0,0.3,11:12,0.0,00:01,0.0,7.1,0.3
1782756200.165,0.0,0.0,0.0,0.3,11:12,0.0,00:01,0.0,7.1,0.3
1782756205.177,0.0,0.0,0.0,0.3,11:12,0.0,00:01,0.0,7.1,0.3
1782756210.189,0.0,0.0,0.0,0.3,11:12,0.0,00:01,0.0,7.1,0.3
1782756215.203,0.0,0.0,0.0,0.3,11:12,0.0,00:01,0.0,7.1,0.3
1782756220.212,0.0,0.0,0.0,0.3,11:12,0.0,00:01,0.0,7.1,0.3
1782756225.222,0.0,0.0,0.0,0.3,11:12,0.0,00:01,0.0,7.1,0.3
1782756230.229,0.0,0.0,0.0,0.3,11:12,0.0,00:01,0.0,7.1,0.3
1782756235.241,0.0,0.0,0.0,0.3,11:12,0.0,00:01,0.0,7.1,0.3
1782756240.248,0.0,0.0,0.0,0.3,11:12,0.0,00:01,0.0,7.1,0.3
1782756245.259,0.0,0.0,0.0,0.3,11:12,0.0,00:01,0.0,7.1,0.3
1782756250.273,0.0,0.0,0.0,0.3,11:12,0.0,00:01,0.0,7.1,0.3
1782756255.286,0.0,0.0,0.0,0.3,11:12,0.0,00:01,0.0,7.1,0.3
1782756260.299,0.0,0.0,0.0,0.3,11:12,0.0,00:01,0.0,7.1,0.3
1782756265.304,0.0,0.0,0.0,0.3,11:12,0.0,00:01,0.0,7.1,0.3
1782756270.316,0.0,0.0,0.0,0.3,11:12,0.0,00:01,0.0,7.1,0.3
1782756275.328,0.0,0.0,0.0,0.3,11:12,0.0,00:01,0.0,7.1,0.3
1782756280.341,0.0,0.0,0.0,0.3,11:12,0.0,00:01,0.0,7.1,0.3
1782756285.354,0.0,0.0,0.0,0.3,11:12,0.0,00:01,0.0,7.1,0.3
1782756290.36,0.0,0.0,0.0,0.3,11:12,0.0,00:01,0.0,7.1,0.3
1782756295.368,0.0,0.0,0.0,0.3,11:12,0.0,00:01,0.0,7.1,0.3
1782756300.382,0.0,0.0,0.0,0.3,11:12,0.0,00:01,0.0,7.1,0.3
1782756305.396,0.0,0.0,0.0,0.3,11:12,0.0,00:01,0.0,7.1,0.3
1782756310.403,0.0,0.0,0.0,0.3,11:12,0.0,00:01,0.0,7.1,0.3
1782756315.415,0.0,0.0,0.0,0.3,11:12,0.0,00:01,0.0,7.1,0.3
1782756320.428,0.0,0.0,0.0,0.3,11:12,0.0,00:01,0.0,7.1,0.3
1782756325.44,0.0,0.0,0.0,0.3,11:12,0.0,00:01,0.0,7.1,0.3
1782756330.453,0.0,0.0,0.0,0.3,11:12,0.0,00:01,0.0,7.1,0.3
1782756335.456,0.0,0.0,0.0,0.3,11:12,0.0,00:01,0.0,7.1,0.3
1782756340.468,0.0,0.0,0.0,0.3,11:12,0.0,00:01,0.0,7.1,0.3
1782756345.478,0.0,0.0,0.0,0.3,11:12,0.0,00:01,0.0,7.1,0.3
1782756350.489,0.0,0.0,0.0,0.3,11:12,0.0,00:01,0.0,7.1,0.3
1782756355.502,0.0,0.0,0.0,0.3,11:12,0.0,00:01,0.0,7.1,0.3
1782756360.508,0.0,0.0,0.0,0.3,11:12,0.0,00:01,0.0,7.1,0.3
1782756365.522,0.0,0.0,0.0,0.3,11:12,0.0,00:01,0.0,7.1,0.3
1782756370.532,0.0,0.0,0.0,0.3,11:12,0.0,00:01,0.0,7.1,0.3
1782756375.547,0.0,0.0,0.0,0.3,11:12,0.0,00:01,0.0,7.1,0.3
1782756380.557,0.0,0.0,0.0,0.3,11:12,0.0,00:01,0.0,7.1,0.3
1782756385.56,0.0,0.0,0.0,0.3,11:12,0.0,00:01,0.0,7.1,0.3
1782756390.575,0.0,0.0,0.0,0.3,11:12,0.0,00:01,0.0,7.1,0.3
1782756395.586,0.0,0.0,0.0,0.3,11:12,0.0,00:01,0.0,7.1,0.3
1782756400.6,0.0,0.0,0.0,0.3,11:12,0.0,00:01,0.0,7.1,0.3
1782756405.604,0.0,0.0,0.0,0.3,11:12,0.0,00:01,0.0,7.1,0.3
1782756410.612,0.0,0.0,0.0,0.3,11:12,0.0,00:01,0.0,7.1,0.3
1782756415.624,0.0,0.0,0.0,0.3,11:12,0.0,00:01,0.0,7.1,0.3
1782756420.638,0.0,0.0,0.0,0.3,11:12,0.0,00:01,0.0,7.1,0.3
1782756425.65,0.0,0.0,0.0,0.3,11:12,0.0,00:01,0.0,7.1,0.3
1782756430.658,0.0,0.0,0.0,0.3,11:12,0.0,00:01,0.0,7.1,0.3
1782756435.666,0.0,0.0,0.0,0.3,11:12,0.0,00:01,0.0,7.1,0.3
1782756440.676,0.0,0.0,0.0,0.3,11:12,0.0,00:01,0.0,7.1,0.3
1782756445.685,0.0,0.0,0.0,0.3,11:12,0.0,00:01,0.0,7.1,0.3
1782756450.693,0.0,0.0,0.0,0.3,11:12,0.0,00:01,0.0,7.1,0.3
1782756455.697,0.0,0.0,0.0,0.3,11:12,0.0,00:01,0.0,7.1,0.3
1782756460.706,0.0,0.0,0.0,0.3,11:12,0.0,00:01,0.0,7.1,0.3
1782756465.716,0.0,0.0,0.0,0.3,11:12,0.0,00:01,0.0,7.1,0.3
1782756470.727,0.0,0.0,0.0,0.3,11:12,0.0,00:01,0.0,7.1,0.3
1782756475.736,0.0,0.0,0.0,0.3,11:12,0.0,00:01,0.0,7.1,0.3
1782756480.744,0.0,0.0,0.0,0.3,11:12,0.0,00:01,0.0,7.1,0.3
1782756485.753,0.0,0.0,0.0,0.3,11:12,0.0,00:01,0.0,7.1,0.3
1782756490.763,0.0,0.0,0.0,0.3,11:12,0.0,00:01,0.0,7.1,0.3
1782756495.771,0.0,0.0,0.0,0.3,11:12,0.0,00:01,0.0,7.1,0.3
1782756500.776,0.0,0.0,0.0,0.3,11:12,0.0,00:01,0.0,7.1,0.3
1782756505.786,0.0,0.0,0.0,0.3,11:12,0.0,00:01,0.0,7.1,0.3
1782756510.793,0.0,0.0,0.0,0.3,11:12,0.0,00:01,0.0,7.1,0.3
1782756515.802,0.0,0.0,0.0,0.3,11:12,0.0,00:01,0.0,7.1,0.3
1782756520.813,0.0,0.0,0.0,0.3,11:12,0.0,00:01,0.0,7.1,0.3
1782756525.818,0.0,0.0,0.0,0.3,11:12,0.0,00:01,0.0,7.1,0.3
1782756530.826,0.0,0.0,0.0,0.3,11:12,0.0,00:01,0.0,7.1,0.3
1782756535.841,0.0,0.0,0.0,0.3,11:12,0.0,00:01,0.0,7.1,0.3
1782756540.853,0.0,0.0,0.0,0.3,11:12,0.0,00:01,0.0,7.1,0.3
1782756545.856,0.0,0.0,0.0,0.3,11:12,0.0,00:01,0.0,7.1,0.3
1782756550.864,0.0,0.0,0.0,0.3,11:12,0.0,00:01,0.0,7.1,0.3
1782756555.873,0.0,0.0,0.0,0.3,11:12,0.0,00:01,0.0,7.1,0.3
1782756560.883,0.0,0.0,0.0,0.3,11:12,0.0,00:01,0.0,7.1,0.3
1782756565.893,0.0,0.0,0.0,0.3,11:12,0.0,00:01,0.0,7.1,0.3
1782756570.896,0.0,0.0,0.0,0.3,11:12,0.0,00:01,0.0,7.1,0.3
1782756575.907,0.0,0.0,0.0,0.3,11:12,0.0,00:01,0.0,7.1,0.3
1782756580.914,0.0,0.0,0.0,0.3,11:12,0.0,00:01,0.0,7.1,0.3
1782756585.923,0.0,0.0,0.0,0.3,11:12,0.0,00:01,0.0,7.1,0.3
1782756590.931,0.0,0.0,0.0,0.3,11:12,0.0,00:01,0.0,7.1,0.3
1782756595.937,0.0,0.0,0.0,0.3,11:12,0.0,00:01,0.0,7.1,0.3
1782756600.944,0.0,0.0,0.0,0.3,11:12,0.0,00:01,0.0,7.1,0.3
1782756605.96,0.0,0.0,0.0,0.3,11:12,0.0,00:01,0.0,7.1,0.3
1782756610.973,0.0,0.0,0.0,0.3,11:12,0.0,00:01,0.0,7.1,0.3
1782756615.98,0.0,0.0,0.0,0.3,11:12,0.0,00:01,0.0,7.1,0.3
1782756620.992,0.0,0.0,0.0,0.3,11:12,0.0,00:01,0.0,7.1,0.3
1782756626.006,0.0,0.0,0.0,0.3,11:12,0.0,00:01,0.0,7.1,0.3
1782756631.019,0.0,0.0,0.0,0.3,11:12,0.0,00:01,0.0,7.1,0.3
1782756636.03,0.0,0.0,0.0,0.3,11:12,0.0,00:01,0.0,7.1,0.3
1782756641.036,0.0,0.0,0.0,0.3,11:12,0.0,00:01,0.0,7.1,0.3
1782756646.046,0.0,0.0,0.0,0.3,11:12,0.0,00:01,0.0,7.1,0.3
1782756651.059,0.0,0.0,0.0,0.3,11:12,0.0,00:01,0.0,7.1,0.3
1782756656.069,0.0,0.0,0.0,0.3,11:12,0.0,00:01,0.0,7.1,0.3
1782756661.081,0.0,0.0,0.0,0.3,11:12,0.0,00:01,0.0,7.1,0.3
1782756666.085,0.0,0.0,0.0,0.3,11:12,0.0,00:01,0.0,7.1,0.3
1782756671.095,0.0,0.0,0.0,0.3,11:12,0.0,00:01,0.0,7.1,0.3
1782756676.106,0.0,0.0,0.0,0.3,11:12,0.0,00:01,0.0,7.1,0.3
1782756681.117,0.0,0.0,0.0,0.3,11:12,0.0,00:01,0.0,7.1,0.3
1782756686.121,0.0,0.0,0.0,0.3,11:12,0.0,00:01,0.0,7.1,0.3
1782756691.135,0.0,0.0,0.0,0.3,11:12,0.0,00:01,0.0,7.1,0.3
1782756696.147,0.0,0.0,0.0,0.3,11:12,0.0,00:01,0.0,7.1,0.3
1782756701.16,0.0,0.0,0.0,0.3,11:12,0.0,00:01,0.0,7.1,0.3
1782756706.172,0.0,0.0,0.0,0.3,11:12,0.0,00:01,0.0,7.1,0.3
1782756711.179,0.0,0.0,0.0,0.3,11:12,0.0,00:01,0.0,7.1,0.3
1782756716.191,0.0,0.0,0.0,0.3,11:12,0.0,00:01,0.0,7.1,0.3
1782756721.205,0.0,0.0,0.0,0.3,11:12,0.0,00:01,0.0,7.1,0.3
1782756726.213,0.0,0.0,0.0,0.3,11:12,0.0,00:01,0.0,7.1,0.3
1782756731.227,0.0,0.0,0.0,0.3,11:12,0.0,00:01,0.0,7.1,0.3
1782756736.232,0.0,0.0,0.0,0.3,11:12,0.0,00:01,0.0,7.1,0.3
1782756741.245,0.0,0.0,0.0,0.3,11:12,0.0,00:01,0.0,7.1,0.3
1782756746.257,0.0,0.0,0.0,0.3,11:12,0.0,00:01,0.0,7.1,0.3
1782756751.267,0.0,0.0,0.0,0.3,11:12,0.0,00:01,0.0,7.1,0.3
1782756756.279,0.0,0.0,0.0,0.3,11:12,0.0,00:01,0.0,7.1,0.3
1782756761.288,0.0,0.0,0.0,0.3,11:12,0.0,00:01,0.0,7.1,0.3
1782756766.294,0.0,0.0,0.0,0.3,11:12,0.0,00:01,0.0,7.1,0.3
1782756771.308,0.0,0.0,0.0,0.3,11:12,0.0,00:01,0.0,7.1,0.3
1782756776.32,0.0,0.0,0.0,0.3,11:12,0.0,00:01,0.0,7.1,0.3
1782756781.326,0.0,0.0,0.0,0.3,11:12,0.0,00:01,0.0,7.1,0.3
1782756786.339,0.0,0.0,0.0,0.3,11:12,0.0,00:01,0.0,7.1,0.3
1782756791.352,0.0,0.0,0.0,0.3,11:12,0.0,00:01,0.0,7.1,0.3
1782756796.366,0.0,0.0,0.0,0.3,11:12,0.0,00:01,0.0,7.1,0.3
1782756801.377,0.0,0.0,0.0,0.3,11:12,0.0,00:01,0.0,7.1,0.3
1782756806.382,0.0,0.0,0.0,0.3,11:12,0.0,00:01,0.0,7.1,0.3
1782756811.392,0.0,0.0,0.0,0.3,11:12,0.0,00:01,0.0,7.1,0.3
1782756816.403,0.0,0.0,0.0,0.3,11:12,0.0,00:01,0.0,7.1,0.3
1782756821.413,0.0,0.0,0.0,0.3,11:12,0.0,00:01,0.0,7.1,0.3
1782756826.425,0.0,0.0,0.0,0.3,11:12,0.0,00:01,0.0,7.1,0.3
1782756831.43,0.0,0.0,0.0,0.3,11:12,0.0,00:01,0.0,7.1,0.3
1782756836.442,0.0,0.0,0.0,0.3,11:12,0.0,00:01,0.0,7.1,0.3
1782756841.454,0.0,0.0,0.0,0.3,11:12,0.0,00:01,0.0,7.1,0.3
1782756846.47,0.0,0.0,0.0,0.3,11:12,0.0,00:01,0.0,7.1,0.3
1782756851.481,0.0,0.0,0.0,0.3,11:12,0.0,00:01,0.0,7.1,0.3
1782756856.483,0.0,0.0,0.0,0.3,11:12,0.0,00:01,0.0,7.1,0.3
1782756861.496,0.0,0.0,0.0,0.3,11:12,0.0,00:01,0.0,7.1,0.3
1782756866.508,0.0,0.0,0.0,0.3,11:12,0.0,00:01,0.0,7.1,0.3
1782756871.519,0.0,0.0,0.0,0.3,11:12,0.0,00:01,0.0,7.1,0.3
1782756876.527,0.0,0.0,0.0,0.3,11:12,0.0,00:01,0.0,7.1,0.3
1782756881.537,0.0,0.0,0.0,0.3,11:12,0.0,00:01,0.0,7.1,0.3
1782756886.546,0.0,0.0,0.0,0.3,11:12,0.0,00:01,0.0,7.1,0.3
1782756891.561,0.0,0.0,0.0,0.3,11:12,0.0,00:01,0.0,7.1,0.3
1782756896.573,0.0,0.0,0.0,0.3,11:12,0.0,00:01,0.0,7.1,0.3
1782756901.58,0.0,0.0,0.0,0.3,11:12,0.0,00:01,0.0,7.1,0.3
1782756906.59,0.0,0.0,0.0,0.3,11:12,0.0,00:01,0.0,7.1,0.3
1782756911.602,0.0,0.0,0.0,0.3,11:12,0.0,00:01,0.0,7.1,0.3
1782756916.616,0.0,0.0,0.0,0.3,11:12,0.0,00:01,0.0,7.1,0.3
1782756921.628,0.0,0.0,0.0,0.3,11:12,0.0,00:01,0.0,7.1,0.3
1782756926.634,0.0,0.0,0.0,0.3,11:12,0.0,00:01,0.0,7.1,0.3
1782756931.644,0.0,0.0,0.0,0.3,11:12,0.0,00:01,0.0,7.1,0.3
1782756936.657,0.0,0.0,0.0,0.3,11:12,0.0,00:01,0.0,7.1,0.3
1782756941.668,0.0,0.0,0.0,0.3,11:12,0.0,00:01,0.0,7.1,0.3
1782756946.68,0.0,0.0,0.0,0.3,11:12,0.0,00:01,0.0,7.1,0.3
1782756951.687,0.0,0.0,0.0,0.3,11:12,0.0,00:01,0.0,7.1,0.3
1782756956.699,0.0,0.0,0.0,0.3,11:12,0.0,00:01,0.0,7.1,0.3
1782756961.713,0.0,0.0,0.0,0.3,11:12,0.0,00:01,0.0,7.1,0.3
1782756966.721,0.0,0.0,0.0,0.3,11:12,0.0,00:01,0.0,7.1,0.3
1782756971.724,0.0,0.0,0.0,0.3,11:12,0.0,00:01,0.0,7.1,0.3
1782756976.736,0.0,0.0,0.0,0.3,11:12,0.0,00:01,0.0,7.1,0.3
1782756981.751,0.0,0.0,0.0,0.3,11:12,0.0,00:01,0.0,7.1,0.3
1782756986.762,0.0,0.0,0.0,0.3,11:12,0.0,00:01,0.0,7.1,0.3
1782756991.776,0.0,0.0,0.0,0.3,11:12,0.0,00:01,0.0,7.1,0.3
1782756996.78,0.0,0.0,0.0,0.3,11:12,0.0,00:01,0.0,7.1,0.3
1782757001.795,0.0,0.0,0.0,0.3,11:12,0.0,00:01,0.0,7.1,0.3
1782757006.808,0.0,0.0,0.0,0.3,11:12,0.0,00:01,0.0,7.1,0.3
1782757011.819,0.0,0.0,0.0,0.3,11:12,0.0,00:01,0.0,7.1,0.3
1782757016.833,0.0,0.0,0.0,0.3,11:12,0.0,00:01,0.0,7.1,0.3
1782757021.84,0.0,0.0,0.0,0.3,11:12,0.0,00:01,0.0,7.1,0.3
1782757026.851,0.0,0.0,0.0,0.3,11:12,0.0,00:01,0.0,7.1,0.3
1782757031.866,0.0,0.0,0.0,0.3,11:12,0.0,00:01,0.0,7.1,0.3
1782757036.877,0.0,0.0,0.0,0.3,11:12,0.0,00:01,0.0,7.1,0.3
1782757041.881,0.0,0.0,0.0,0.3,11:12,0.0,00:01,0.0,7.1,0.3
1782757046.896,0.0,0.0,0.0,0.3,11:12,0.0,00:01,0.0,7.1,0.3
1782757051.908,0.0,0.0,0.0,0.3,11:12,0.0,00:01,0.0,7.1,0.3
1782757056.916,0.0,0.0,0.0,0.3,11:12,0.0,00:01,0.0,7.1,0.3
1782757061.929,0.0,0.0,0.0,0.3,11:12,0.0,00:01,0.0,7.1,0.3
1782757066.935,0.0,0.0,0.0,0.3,11:12,0.0,00:01,0.0,7.1,0.3
1782757071.944,0.0,0.0,0.0,0.3,11:12,0.0,00:01,0.0,7.1,0.3
1782757076.959,0.0,0.0,0.0,0.3,11:12,0.0,00:01,0.0,7.1,0.3
1782757081.971,0.0,0.0,0.0,0.3,11:12,0.0,00:01,0.0,7.1,0.3
1782757086.98,0.0,0.0,0.0,0.3,11:12,0.0,00:01,0.0,7.1,0.3
1782757091.989,0.0,0.0,0.0,0.3,11:12,0.0,00:01,0.0,7.1,0.3
1782757097.0,0.0,0.0,0.0,0.3,11:12,0.0,00:01,0.0,7.1,0.3
1782757102.011,0.0,0.0,0.0,0.3,11:12,0.0,00:01,0.0,7.1,0.3
1782757107.023,0.0,0.0,0.0,0.3,11:12,0.0,00:01,0.0,7.1,0.3
1782757112.03,0.0,0.0,0.0,0.3,11:12,0.0,00:01,0.0,7.1,0.3
1782757117.039,0.0,0.0,0.0,0.3,11:12,0.0,00:01,0.0,7.1,0.3
1782757122.047,0.0,0.0,0.0,0.3,11:12,0.0,00:01,0.0,7.1,0.3
1782757127.057,0.0,0.0,0.0,0.3,11:12,0.0,00:01,0.0,7.1,0.3
1782757132.067,0.0,0.0,0.0,0.3,11:12,0.0,00:01,0.0,7.1,0.3
1782757137.074,0.0,0.0,0.0,0.3,11:12,0.0,00:01,0.0,7.1,0.3
1782757142.087,0.0,0.0,0.0,0.3,11:12,0.0,00:01,0.0,7.1,0.3
1782757147.102,0.0,0.0,0.0,0.3,11:12,0.0,00:01,0.0,7.1,0.3
1782757152.112,0.0,0.0,0.0,0.3,11:12,0.0,00:01,0.0,7.1,0.3
1782757157.12,0.0,0.0,0.0,0.3,11:12,0.0,00:01,0.0,7.1,0.3
1782757162.127,0.0,0.0,0.0,0.3,11:12,0.0,00:01,0.0,7.1,0.3
1782757167.139,0.0,0.0,0.0,0.3,11:12,0.0,00:01,0.0,7.1,0.3
1782757172.154,0.0,0.0,0.0,0.3,11:12,0.0,00:01,0.0,7.1,0.3
1782757177.168,0.0,0.0,0.0,0.3,11:12,0.0,00:01,0.0,7.1,0.3
1782757182.179,0.0,0.0,0.0,0.3,11:12,0.0,00:01,0.0,7.1,0.3
1782757187.185,0.0,0.0,0.0,0.3,11:12,0.0,00:01,0.0,7.1,0.3
1782757192.199,0.0,0.0,0.0,0.3,11:12,0.0,00:01,0.0,7.1,0.3
1782757197.211,0.0,0.0,0.0,0.3,11:12,0.0,00:01,0.0,7.1,0.3
1782757202.224,0.0,0.0,0.0,0.3,11:12,0.0,00:01,0.0,7.1,0.3
1782757207.228,0.0,0.0,0.0,0.3,11:12,0.0,00:01,0.0,7.1,0.3
1782757212.24,0.0,0.0,0.0,0.3,11:12,0.0,00:01,0.0,7.1,0.3
1782757217.254,0.0,0.0,0.0,0.3,11:12,0.0,00:01,0.0,7.1,0.3
1782757222.266,0.0,0.0,0.0,0.3,11:12,0.0,00:01,0.0,7.1,0.3
1782757227.278,0.0,0.0,0.0,0.3,11:12,0.0,00:01,0.0,7.1,0.3
1782757232.285,0.0,0.0,0.0,0.3,11:12,0.0,00:01,0.0,7.1,0.3
1782757237.296,0.0,0.0,0.0,0.3,11:12,0.0,00:01,0.0,7.1,0.3
1782757242.312,0.0,0.0,0.0,0.3,11:12,0.0,00:01,0.0,7.1,0.3
1782757247.323,0.0,0.0,0.0,0.3,11:12,0.0,00:01,0.0,7.1,0.3
1782757252.335,0.0,0.0,0.0,0.3,11:12,0.0,00:01,0.0,7.1,0.3
1782757257.341,0.0,0.0,0.0,0.3,11:12,0.0,00:01,0.0,7.1,0.3
1782757262.356,0.0,0.0,0.0,0.3,11:12,0.0,00:01,0.0,7.1,0.3
1782757267.367,0.0,0.0,0.0,0.3,11:12,0.0,00:01,0.0,7.1,0.3
1782757272.379,0.0,0.0,0.0,0.3,11:12,0.0,00:01,0.0,7.1,0.3
1782757277.391,0.0,0.0,0.0,0.3,11:12,0.0,00:01,0.0,7.1,0.3
1782757282.398,0.0,0.0,0.0,0.3,11:12,0.0,00:01,0.0,7.1,0.3
1782757287.414,0.0,0.0,0.0,0.3,11:12,0.0,00:01,0.0,7.1,0.3
1782757292.425,0.0,0.0,0.0,0.3,11:12,0.0,00:01,0.0,7.1,0.3
1782757297.433,0.0,0.0,0.0,0.3,11:12,0.0,00:01,0.0,7.1,0.3
1782757302.44,0.0,0.0,0.0,0.3,11:12,0.0,00:01,0.0,7.1,0.3
1782757307.45,0.0,0.0,0.0,0.3,11:12,0.0,00:01,0.0,7.1,0.3
1782757312.463,0.0,0.0,0.0,0.3,11:12,0.0,00:01,0.0,7.1,0.3
1782757317.474,0.0,0.0,0.0,0.3,11:12,0.0,00:01,0.0,7.1,0.3
1782757322.486,0.0,0.0,0.0,0.3,11:12,0.0,00:01,0.0,7.1,0.3
1782757327.492,0.0,0.0,0.0,0.3,11:12,0.0,00:01,0.0,7.1,0.3
1782757332.509,0.0,0.0,0.0,0.3,11:12,0.0,00:01,0.0,7.1,0.3
1782757337.519,0.0,0.0,0.0,0.3,11:12,0.0,00:01,0.0,7.1,0.3
1782757342.53,0.0,0.0,0.0,0.3,11:12,0.0,00:01,0.0,7.1,0.3
1782757347.54,0.0,0.0,0.0,0.3,11:12,0.0,00:01,0.0,7.1,0.3
1782757352.549,0.0,0.0,0.0,0.3,11:12,0.0,00:01,0.0,7.1,0.3
1782757357.564,0.0,0.0,0.0,0.3,11:12,0.0,00:01,0.0,7.1,0.3
1782757362.576,0.0,0.0,0.0,0.3,11:12,0.0,00:01,0.0,7.1,0.3
1782757367.587,0.0,0.0,0.0,0.3,11:12,0.0,00:01,0.0,7.1,0.3
1782757372.592,0.0,0.0,0.0,0.3,11:12,0.0,00:01,0.0,7.1,0.3
1782757377.602,0.0,0.0,0.0,0.3,11:12,0.0,00:01,0.0,7.1,0.3
1782757382.618,0.0,0.0,0.0,0.3,11:12,0.0,00:01,0.0,7.1,0.3
1782757387.63,0.0,0.0,0.0,0.3,11:12,0.0,00:01,0.0,7.1,0.3
1782757392.64,0.0,0.0,0.0,0.3,11:12,0.0,00:01,0.0,7.1,0.3
1782757397.646,0.0,0.0,0.0,0.3,11:12,0.0,00:01,0.0,7.1,0.3
1782757402.661,0.0,0.0,0.0,0.3,11:12,0.0,00:01,0.0,7.1,0.3
1782757407.674,0.0,0.0,0.0,0.3,11:12,0.0,00:01,0.0,7.1,0.3
1782757412.685,0.0,0.0,0.0,0.3,11:12,0.0,00:01,0.0,7.1,0.3
1782757417.697,0.0,0.0,0.0,0.3,11:12,0.0,00:01,0.0,7.1,0.3
1782757422.704,0.0,0.0,0.0,0.3,11:12,0.0,00:01,0.0,7.1,0.3
1782757427.718,0.0,0.0,0.0,0.3,11:12,0.0,00:01,0.0,7.1,0.3
1782757432.728,0.0,0.0,0.0,0.3,11:12,0.0,00:01,0.0,7.1,0.3
1782757437.74,0.0,0.0,0.0,0.3,11:12,0.0,00:01,0.0,7.1,0.3
1782757442.749,0.0,0.0,0.0,0.3,11:12,0.0,00:01,0.0,7.1,0.3
1782757447.754,0.0,0.0,0.0,0.3,11:12,0.0,00:01,0.0,7.1,0.3
1782757452.762,0.0,0.0,0.0,0.3,11:12,0.0,00:01,0.0,7.1,0.3
1782757457.772,0.0,0.0,0.0,0.3,11:12,0.0,00:01,0.0,7.1,0.3
1782757462.783,0.0,0.0,0.0,0.3,11:12,0.0,00:01,0.0,7.1,0.3
1782757467.789,0.0,0.0,0.0,0.3,11:12,0.0,00:01,0.0,7.1,0.3
1782757472.806,0.0,0.0,0.0,0.3,11:12,0.0,00:01,0.0,7.1,0.3
1782757477.818,0.0,0.0,0.0,0.3,11:12,0.0,00:01,0.0,7.1,0.3
1782757482.827,0.0,0.0,0.0,0.3,11:12,0.0,00:01,0.0,7.1,0.3
1782757487.84,0.0,0.0,0.0,0.3,11:12,0.0,00:01,0.0,7.1,0.3
1782757492.847,0.0,0.0,0.0,0.3,11:12,0.0,00:01,0.0,7.1,0.3
1782757497.859,0.0,0.0,0.0,0.3,11:12,0.0,00:01,0.0,7.1,0.3
1782757502.871,0.0,0.0,0.0,0.3,11:12,0.0,00:01,0.0,7.1,0.3
1782757507.881,0.0,0.0,0.0,0.3,11:12,0.0,00:01,0.0,7.1,0.3
1782757512.887,0.0,0.0,0.0,0.3,11:12,0.0,00:01,0.0,7.1,0.3
1782757517.891,0.0,0.0,0.0,0.3,11:12,0.0,00:01,0.0,7.1,0.3
1782757522.902,0.0,0.0,0.0,0.3,11:12,0.0,00:01,0.0,7.1,0.3
1782757527.911,0.0,0.0,0.0,0.3,11:12,0.0,00:01,0.0,7.1,0.3
1782757532.919,0.0,0.0,0.0,0.3,11:12,0.0,00:01,0.0,7.1,0.3
1782757537.925,0.0,0.0,0.0,0.3,11:12,0.0,00:01,0.0,7.1,0.3
1782757542.94,0.0,0.0,0.0,0.3,11:12,0.0,00:01,0.0,7.1,0.3
1782757547.952,0.0,0.0,0.0,0.3,11:12,0.0,00:01,0.0,7.1,0.3
1782757552.962,0.0,0.0,0.0,0.3,11:12,0.0,00:01,0.0,7.1,0.3
1782757557.975,0.0,0.0,0.0,0.3,11:12,0.0,00:01,0.0,7.1,0.3
1782757562.982,0.0,0.0,0.0,0.3,11:12,0.0,00:01,0.0,7.1,0.3
1782757567.996,0.0,0.0,0.0,0.3,11:12,0.0,00:01,0.0,7.1,0.3
1782757573.01,0.0,0.0,0.0,0.3,11:12,0.0,00:01,0.0,7.1,0.3
1782757578.022,0.0,0.0,0.0,0.3,11:12,0.0,00:01,0.0,7.1,0.3
1782757583.033,0.0,0.0,0.0,0.3,11:12,0.0,00:01,0.0,7.1,0.3
1782757588.041,0.0,0.0,0.0,0.3,11:12,0.0,00:01,0.0,7.1,0.3
1782757593.053,0.0,0.0,0.0,0.3,11:12,0.0,00:01,0.0,7.1,0.3
1782757598.064,0.0,0.0,0.0,0.3,11:12,0.0,00:01,0.0,7.1,0.3
1782757603.078,0.0,0.0,0.0,0.3,11:12,0.0,00:01,0.0,7.1,0.3
1782757608.09,0.0,0.0,0.0,0.3,11:12,0.0,00:01,0.0,7.1,0.3
1782757613.1,0.0,0.0,0.0,0.3,11:12,0.0,00:01,0.0,7.1,0.3
1782757618.114,0.0,0.0,0.0,0.3,11:12,0.0,00:01,0.0,7.1,0.3
1782757623.124,0.0,0.0,0.0,0.3,11:12,0.0,00:01,0.0,7.1,0.3
1782757628.136,0.0,0.0,0.0,0.3,11:12,0.0,00:01,0.0,7.1,0.3
1782757633.142,0.0,0.0,0.0,0.3,11:12,0.0,00:01,0.0,7.1,0.3
1782757638.155,0.0,0.0,0.0,0.3,11:12,0.0,00:01,0.0,7.1,0.3
1782757643.168,0.0,0.0,0.0,0.3,11:12,0.0,00:01,0.0,7.1,0.3
1782757648.18,0.0,0.0,0.0,0.3,11:12,0.0,00:01,0.0,7.1,0.3
1782757653.193,0.0,0.0,0.0,0.3,11:12,0.0,00:01,0.0,7.1,0.3
1782757658.2,0.0,0.0,0.0,0.3,11:12,0.0,00:01,0.0,7.1,0.3
1782757663.216,0.0,0.0,0.0,0.3,11:12,0.0,00:01,0.0,7.1,0.3
1782757668.227,0.0,0.0,0.0,0.3,11:12,0.0,00:01,0.0,7.1,0.3
1782757673.241,0.0,0.0,0.0,0.3,11:12,0.0,00:01,0.0,7.1,0.3
1782757678.252,0.0,0.0,0.0,0.3,11:12,0.0,00:01,0.0,7.1,0.3
1782757683.262,0.0,0.0,0.0,0.3,11:12,0.0,00:01,0.0,7.1,0.3
1782757688.275,0.0,0.0,0.0,0.3,11:12,0.0,00:01,0.0,7.1,0.3
1782757693.286,0.0,0.0,0.0,0.3,11:12,0.0,00:01,0.0,7.1,0.3
1782757698.297,0.0,0.0,0.0,0.3,11:12,0.0,00:01,0.0,7.1,0.3
1782757703.311,0.0,0.0,0.0,0.3,11:12,0.0,00:01,0.0,7.1,0.3
1782757708.32,0.0,0.0,0.0,0.3,11:12,0.0,00:01,0.0,7.1,0.3
1782757713.331,0.0,0.0,0.0,0.3,11:12,0.0,00:01,0.0,7.1,0.3
1782757718.339,0.0,0.0,0.0,0.3,11:12,0.0,00:01,0.0,7.1,0.3
1782757723.344,0.0,0.0,0.0,0.3,11:12,0.0,00:01,0.0,7.1,0.3
1782757728.351,0.0,0.0,0.0,0.3,11:12,0.0,00:01,0.0,7.1,0.3
1782757733.361,0.0,0.0,0.0,0.3,11:12,0.0,00:01,0.0,7.1,0.3
1782757738.37,0.0,0.0,0.0,0.3,11:12,0.0,00:01,0.0,7.1,0.3
1782757743.38,0.0,0.0,0.0,0.3,11:12,0.0,00:01,0.0,7.1,0.3
1782757748.385,0.0,0.0,0.0,0.3,11:12,0.0,00:01,0.0,7.1,0.3
1782757753.394,0.0,0.0,0.0,0.3,11:12,0.0,00:01,0.0,7.1,0.3
1782757758.405,0.0,0.0,0.0,0.3,11:12,0.0,00:01,0.0,7.1,0.3
1782757763.417,0.0,0.0,0.0,0.3,11:12,0.0,00:01,0.0,7.1,0.3
1782757768.427,0.0,0.0,0.0,0.3,11:12,0.0,00:01,0.0,7.1,0.3
1782757773.44,0.0,0.0,0.0,0.3,11:12,0.0,00:01,0.0,7.1,0.3
1782757778.449,0.0,0.0,0.0,0.3,11:12,0.0,00:01,0.0,7.1,0.3
1782757783.461,0.0,0.0,0.0,0.3,11:12,0.0,00:01,0.0,7.1,0.3
1782757788.47,0.0,0.0,0.0,0.3,11:12,0.0,00:01,0.0,7.1,0.3
1782757793.482,0.0,0.0,0.0,0.3,11:12,0.0,00:01,0.0,7.1,0.3
1782757798.488,0.0,0.0,0.0,0.3,11:12,0.0,00:01,0.0,7.1,0.3
1782757803.503,0.0,0.0,0.0,0.3,11:12,0.0,00:01,0.0,7.1,0.3
1782757808.516,0.0,0.0,0.0,0.3,11:12,0.0,00:01,0.0,7.1,0.3
1782757813.528,0.0,0.0,0.0,0.3,11:12,0.0,00:01,0.0,7.1,0.3
1782757818.539,0.0,0.0,0.0,0.3,11:12,0.0,00:01,0.0,7.1,0.3
1782757823.549,0.0,0.0,0.0,0.3,11:12,0.0,00:01,0.0,7.1,0.3
1782757828.562,0.0,0.0,0.0,0.3,11:12,0.0,00:01,0.0,7.1,0.3
1782757833.574,0.0,0.0,0.0,0.3,11:12,0.0,00:01,0.0,7.1,0.3
1782757838.586,0.0,0.0,0.0,0.3,11:12,0.0,00:01,0.0,7.1,0.3
1782757843.598,0.0,0.0,0.0,0.3,11:12,0.0,00:01,0.0,7.1,0.3
1782757848.607,0.0,0.0,0.0,0.3,11:12,0.0,00:01,0.0,7.1,0.3
1782757853.62,0.0,0.0,0.0,0.3,11:12,0.0,00:01,0.0,7.1,0.3
1782757858.633,0.0,0.0,0.0,0.3,11:12,0.0,00:01,0.0,7.1,0.3
1782757863.639,0.0,0.0,0.0,0.3,11:12,0.0,00:01,0.0,7.1,0.3
1782757868.65,0.0,0.0,0.0,0.3,11:12,0.0,00:01,0.0,7.1,0.3
1782757873.653,0.0,0.0,0.0,0.3,11:12,0.0,00:01,0.0,7.1,0.3
1782757878.667,0.0,0.0,0.0,0.3,11:12,0.0,00:01,0.0,7.1,0.3
1782757883.679,0.0,0.0,0.0,0.3,11:12,0.0,00:01,0.0,7.1,0.3
1782757888.692,0.0,0.0,0.0,0.3,11:12,0.0,00:01,0.0,7.1,0.3
1782757893.7,0.0,0.0,0.0,0.3,11:12,0.0,00:01,0.0,7.1,0.3
1782757898.712,0.0,0.0,0.0,0.3,11:12,0.0,00:01,0.0,7.1,0.3
1782757903.726,0.0,0.0,0.0,0.3,11:12,0.0,00:01,0.0,7.1,0.3
1782757908.736,0.0,0.0,0.0,0.3,11:12,0.0,00:01,0.0,7.1,0.3
1782757913.751,0.0,0.0,0.0,0.3,11:12,0.0,00:01,0.0,7.1,0.3
1782757918.76,0.0,0.0,0.0,0.3,11:12,0.0,00:01,0.0,7.1,0.3
1782757923.77,0.0,0.0,0.0,0.3,11:12,0.0,00:01,0.0,7.1,0.3
1782757928.783,0.0,0.0,0.0,0.3,11:12,0.0,00:01,0.0,7.1,0.3
1782757933.795,0.0,0.0,0.0,0.3,11:12,0.0,00:01,0.0,7.1,0.3
1782757938.809,0.0,0.0,0.0,0.3,11:12,0.0,00:01,0.0,7.1,0.3
1782757943.816,0.0,0.0,0.0,0.3,11:12,0.0,00:01,0.0,7.1,0.3
1782757948.828,0.0,0.0,0.0,0.3,11:12,0.0,00:01,0.0,7.1,0.3
1782757953.839,0.0,0.0,0.0,0.3,11:12,0.0,00:01,0.0,7.1,0.3
1782757958.85,0.0,0.0,0.0,0.3,11:12,0.0,00:01,0.0,7.1,0.3
1782757963.859,0.0,0.0,0.0,0.3,11:12,0.0,00:01,0.0,7.1,0.3
1782757968.87,0.0,0.0,0.0,0.3,11:12,0.0,00:01,0.0,7.1,0.3
1782757973.878,0.0,0.0,0.0,0.3,11:12,0.0,00:01,0.0,7.1,0.3
1782757978.887,0.0,0.0,0.0,0.3,11:12,0.0,00:01,0.0,7.1,0.3
1782757983.895,0.0,0.0,0.0,0.3,11:12,0.0,00:01,0.0,7.1,0.3
1782757988.903,0.0,0.0,0.0,0.3,11:12,0.0,00:01,0.0,7.1,0.3
1782757993.912,0.0,0.0,0.0,0.3,11:12,0.0,00:01,0.0,7.1,0.3
1782757998.923,0.0,0.0,0.0,0.3,11:12,0.0,00:01,0.0,7.1,0.3
1782758003.932,0.0,0.0,0.0,0.3,11:12,0.0,00:01,0.0,7.1,0.3
1782758008.943,0.0,0.0,0.0,0.3,11:12,0.0,00:01,0.0,7.1,0.3
1782758013.952,0.0,0.0,0.0,0.3,11:12,0.0,00:01,0.0,7.1,0.3
1782758018.956,0.0,0.0,0.0,0.3,11:12,0.0,00:01,0.0,7.1,0.3
1782758023.961,0.0,0.0,0.0,0.3,11:12,0.0,00:01,0.0,7.1,0.3
1782758028.97,0.0,0.0,0.0,0.3,11:12,0.0,00:01,0.0,7.1,0.3
1782758033.98,0.0,0.0,0.0,0.3,11:12,0.0,00:01,0.0,7.1,0.3
1782758038.986,0.0,0.0,0.0,0.3,11:12,0.0,00:01,0.0,7.1,0.3
1782758043.997,0.0,0.0,0.0,0.3,11:12,0.0,00:01,0.0,7.1,0.3
1782758049.005,0.0,0.0,0.0,0.3,11:12,0.0,00:01,0.0,7.1,0.3
1782758054.014,0.0,0.0,0.0,0.3,11:12,0.0,00:01,0.0,7.1,0.3
1782758059.021,0.0,0.0,0.0,0.3,11:12,0.0,00:01,0.0,7.1,0.3
1782758064.032,0.0,0.0,0.0,0.3,11:12,0.0,00:01,0.0,7.1,0.3
1782758069.042,0.0,0.0,0.0,0.3,11:12,0.0,00:01,0.0,7.1,0.3
1782758074.052,0.0,0.0,0.0,0.3,11:12,0.0,00:01,0.0,7.1,0.3
1782758079.062,0.0,0.0,0.0,0.3,11:12,0.0,00:01,0.0,7.1,0.3
1782758084.067,0.0,0.0,0.0,0.3,11:12,0.0,00:01,0.0,7.1,0.3
1782758089.076,0.0,0.0,0.0,0.3,11:12,0.0,00:01,0.0,7.1,0.3
1782758094.084,0.0,0.0,0.0,0.3,11:12,0.0,00:01,0.0,7.1,0.3
1782758099.098,0.0,0.0,0.0,0.3,11:12,0.0,00:01,0.0,7.1,0.3
1782758104.109,0.0,0.0,0.0,0.3,11:12,0.0,00:01,0.0,7.1,0.3
1782758109.116,0.0,0.0,0.0,0.3,11:12,0.0,00:01,0.0,7.1,0.3
1782758114.132,0.0,0.0,0.0,0.3,11:12,0.0,00:01,0.0,7.1,0.3
1782758119.143,0.0,0.0,0.0,0.3,11:12,0.0,00:01,0.0,7.1,0.3
1782758124.154,0.0,0.0,0.0,0.3,11:12,0.0,00:01,0.0,7.1,0.3
1782758129.165,0.0,0.0,0.0,0.3,11:12,0.0,00:01,0.0,7.1,0.3
1782758134.177,0.0,0.0,0.0,0.3,11:12,0.0,00:01,0.0,7.1,0.3
1782758139.186,0.0,0.0,0.0,0.3,11:12,0.0,00:01,0.0,7.1,0.3
1782758144.2,0.0,0.0,0.0,0.3,11:12,0.0,00:01,0.0,7.1,0.3
1782758149.214,0.0,0.0,0.0,0.3,11:12,0.0,00:01,0.0,7.1,0.3
1782758154.219,0.0,0.0,0.0,0.3,11:12,0.0,00:01,0.0,7.1,0.3
1782758159.229,0.0,0.0,0.0,0.3,11:12,0.0,00:01,0.0,7.1,0.3
1782758164.243,0.0,0.0,0.0,0.3,11:12,0.0,00:01,0.0,7.1,0.3
1782758169.256,0.0,0.0,0.0,0.3,11:12,0.0,00:01,0.0,7.1,0.3
1782758174.269,0.0,0.0,0.0,0.3,11:12,0.0,00:01,0.0,7.1,0.3
1782758179.276,0.0,0.0,0.0,0.3,11:12,0.0,00:01,0.0,7.1,0.3
1782758184.285,0.0,0.0,0.0,0.3,11:12,0.0,00:01,0.0,7.1,0.3
1782758189.298,0.0,0.0,0.0,0.3,11:12,0.0,00:01,0.0,7.1,0.3
1782758194.309,0.0,0.0,0.0,0.3,11:12,0.0,00:01,0.0,7.1,0.3
1782758199.324,0.0,0.0,0.0,0.3,11:12,0.0,00:01,0.0,7.1,0.3
1782758204.331,0.0,0.0,0.0,0.3,11:12,0.0,00:01,0.0,7.1,0.3
1782758209.343,0.0,0.0,0.0,0.3,11:12,0.0,00:01,0.0,7.1,0.3
1782758214.358,0.0,0.0,0.0,0.3,11:12,0.0,00:01,0.0,7.1,0.3
1782758219.368,0.0,0.0,0.0,0.3,11:12,0.0,00:01,0.0,7.1,0.3
1782758224.372,0.0,0.0,0.0,0.3,11:12,0.0,00:01,0.0,7.1,0.3
1782758229.386,0.0,0.0,0.0,0.3,11:12,0.0,00:01,0.0,7.1,0.3
1782758234.394,0.0,0.0,0.0,0.3,11:12,0.0,00:01,0.0,7.1,0.3
1782758239.406,0.0,0.0,0.0,0.3,11:12,0.0,00:01,0.0,7.1,0.3
1782758244.418,0.0,0.0,0.0,0.3,11:12,0.0,00:01,0.0,7.1,0.3
1782758249.425,0.0,0.0,0.0,0.3,11:12,0.0,00:01,0.0,7.1,0.3
1782758254.437,0.0,0.0,0.0,0.3,11:12,0.0,00:01,0.0,7.1,0.3
1782758259.451,0.0,0.0,0.0,0.3,11:12,0.0,00:01,0.0,7.1,0.3
1782758264.459,0.0,0.0,0.0,0.3,11:12,0.0,00:01,0.0,7.1,0.3
1782758269.471,0.0,0.0,0.0,0.3,11:12,0.0,00:01,0.0,7.1,0.3
1782758274.476,0.0,0.0,0.0,0.3,11:12,0.0,00:01,0.0,7.1,0.3
1782758279.487,0.0,0.0,0.0,0.3,11:12,0.0,00:01,0.0,7.1,0.3
1782758284.494,0.0,0.0,0.0,0.3,11:12,0.0,00:01,0.0,7.1,0.3
1782758289.504,0.0,0.0,0.0,0.3,11:12,0.0,00:01,0.0,7.1,0.3
1782758294.508,0.0,0.0,0.0,0.3,11:12,0.0,00:01,0.0,7.1,0.3
1782758299.519,0.0,0.0,0.0,0.3,11:12,0.0,00:01,0.0,7.1,0.3
1782758304.526,0.0,0.0,0.0,0.3,11:12,0.0,00:01,0.0,7.1,0.3
1782758309.536,0.0,0.0,0.0,0.3,11:12,0.0,00:01,0.0,7.1,0.3
1782758314.547,0.0,0.0,0.0,0.3,11:12,0.0,00:01,0.0,7.1,0.3
1782758319.555,0.0,0.0,0.0,0.3,11:12,0.0,00:01,0.0,7.1,0.3
1782758324.562,0.0,0.0,0.0,0.3,11:12,0.0,00:01,0.0,7.1,0.3
1782758329.572,0.0,0.0,0.0,0.3,11:12,0.0,00:01,0.0,7.1,0.3
1782758334.582,0.0,0.0,0.0,0.3,11:12,0.0,00:01,0.0,7.1,0.3
1782758339.59,0.0,0.0,0.0,0.3,11:12,0.0,00:01,0.0,7.1,0.3
1782758344.597,0.0,0.0,0.0,0.3,11:12,0.0,00:01,0.0,7.1,0.3
1782758349.61,0.0,0.0,0.0,0.3,11:12,0.0,00:01,0.0,7.1,0.3
1782758354.621,0.0,0.0,0.0,0.3,11:12,0.0,00:01,0.0,7.1,0.3
1782758359.63,0.0,0.0,0.0,0.3,11:12,0.0,00:01,0.0,7.1,0.3
1782758364.636,0.0,0.0,0.0,0.3,11:12,0.0,00:01,0.0,7.1,0.3
1782758369.646,0.0,0.0,0.0,0.3,11:12,0.0,00:01,0.0,7.1,0.3
1782758374.655,0.0,0.0,0.0,0.3,11:12,0.0,00:01,0.0,7.1,0.3
1782758379.664,0.0,0.0,0.0,0.3,11:12,0.0,00:01,0.0,7.1,0.3
1782758384.675,0.0,0.0,0.0,0.3,11:12,0.0,00:01,0.0,7.1,0.3
1782758389.676,0.0,0.0,0.0,0.3,11:12,0.0,00:01,0.0,7.1,0.3
1782758394.685,0.0,0.0,0.0,0.3,11:12,0.0,00:01,0.0,7.1,0.3
1782758399.696,0.0,0.0,0.0,0.3,11:12,0.0,00:01,0.0,7.1,0.3
1782758404.707,0.0,0.0,0.0,0.3,11:12,0.0,00:01,0.0,7.1,0.3
1782758409.715,0.0,0.0,0.0,0.3,11:12,0.0,00:01,0.0,7.1,0.3
1782758414.721,0.0,0.0,0.0,0.3,11:12,0.0,00:01,0.0,7.1,0.3
1782758419.73,0.0,0.0,0.0,0.3,11:12,0.0,00:01,0.0,7.1,0.3
1782758424.736,0.0,0.0,0.0,0.3,11:12,0.0,00:01,0.0,7.1,0.3
1782758429.747,0.0,0.0,0.0,0.3,11:12,0.0,00:01,0.0,7.1,0.3
1782758434.753,0.0,0.0,0.0,0.3,11:12,0.0,00:01,0.0,7.1,0.3
1782758439.762,0.0,0.0,0.0,0.3,11:12,0.0,00:01,0.0,7.1,0.3
1782758444.771,0.0,0.0,0.0,0.3,11:12,0.0,00:01,0.0,7.1,0.3
1782758449.78,0.0,0.0,0.0,0.3,11:12,0.0,00:01,0.0,7.1,0.3
1782758454.792,0.0,0.0,0.0,0.3,11:12,0.0,00:01,0.0,7.1,0.3
1782758459.798,0.0,0.0,0.0,0.3,11:12,0.0,00:01,0.0,7.1,0.3
1782758464.807,0.0,0.0,0.0,0.3,11:12,0.0,00:01,0.0,7.1,0.3
1782758469.819,0.0,0.0,0.0,0.3,11:12,0.0,00:01,0.0,7.1,0.3
1782758474.825,0.0,0.0,0.0,0.3,11:12,0.0,00:01,0.0,7.1,0.3
1782758479.835,0.0,0.0,0.0,0.3,11:12,0.0,00:01,0.0,7.1,0.3
1782758484.841,0.0,0.0,0.0,0.3,11:12,0.0,00:01,0.0,7.1,0.3
1782758489.851,0.0,0.0,0.0,0.3,11:12,0.0,00:01,0.0,7.1,0.3
1782758494.861,0.0,0.0,0.0,0.3,11:12,0.0,00:01,0.0,7.1,0.3
1782758499.873,0.0,0.0,0.0,0.3,11:12,0.0,00:01,0.0,7.1,0.3
1782758504.876,0.0,0.0,0.0,0.3,11:12,0.0,00:01,0.0,7.1,0.3
1782758509.885,0.0,0.0,0.0,0.3,11:12,0.0,00:01,0.0,7.1,0.3
1782758514.894,0.0,0.0,0.0,0.3,11:12,0.0,00:01,0.0,7.1,0.3
1782758519.901,0.0,0.0,0.0,0.3,11:12,0.0,00:01,0.0,7.1,0.3
1782758524.912,0.0,0.0,0.0,0.3,11:12,0.0,00:01,0.0,7.1,0.3
1782758529.915,0.0,0.0,0.0,0.3,11:12,0.0,00:01,0.0,7.1,0.3
1782758534.924,0.0,0.0,0.0,0.3,11:12,0.0,00:01,0.0,7.1,0.3
1782758539.934,0.0,0.0,0.0,0.3,11:12,0.0,00:01,0.0,7.1,0.3
1782758544.945,0.0,0.0,0.0,0.3,11:12,0.0,00:01,0.0,7.1,0.3
1782758549.954,0.0,0.0,0.0,0.3,11:12,0.0,00:01,0.0,7.1,0.3
1782758554.956,0.0,0.0,0.0,0.3,11:12,0.0,00:01,0.0,7.1,0.3
1782758559.966,0.0,0.0,0.0,0.3,11:12,0.0,00:01,0.0,7.1,0.3
1782758564.976,0.0,0.0,0.0,0.3,11:12,0.0,00:01,0.0,7.1,0.3
1782758569.99,0.0,0.0,0.0,0.3,11:12,0.0,00:01,0.0,7.1,0.3
1782758574.992,0.0,0.0,0.0,0.3,11:12,0.0,00:01,0.0,7.1,0.3
1782758580.004,0.0,0.0,0.0,0.3,11:12,0.0,00:01,0.0,7.1,0.3
1782758585.015,0.0,0.0,0.0,0.3,11:12,0.0,00:01,0.0,7.1,0.3
1782758590.026,0.0,0.0,0.0,0.3,11:12,0.0,00:01,0.0,7.1,0.3
1782758595.035,0.0,0.0,0.0,0.3,11:12,0.0,00:01,0.0,7.1,0.3
1782758600.042,0.0,0.0,0.0,0.3,11:12,0.0,00:01,0.0,7.1,0.3
1782758605.052,0.0,0.0,0.0,0.3,11:12,0.0,00:01,0.0,7.1,0.3
1782758610.067,0.0,0.0,0.0,0.3,11:12,0.0,00:01,0.0,7.1,0.3
1782758615.077,0.0,0.0,0.0,0.3,11:12,0.0,00:01,0.0,7.1,0.3
1782758620.09,0.0,0.0,0.0,0.3,11:12,0.0,00:01,0.0,7.1,0.3
1782758625.094,0.0,0.0,0.0,0.3,11:12,0.0,00:01,0.0,7.1,0.3
1782758630.107,0.0,0.0,0.0,0.3,11:12,0.0,00:01,0.0,7.1,0.3
1782758635.115,0.0,0.0,0.0,0.3,11:12,0.0,00:01,0.0,7.1,0.3
1782758640.125,0.0,0.0,0.0,0.3,11:12,0.0,00:01,0.0,7.1,0.3
1782758645.137,0.0,0.0,0.0,0.3,11:12,0.0,00:01,0.0,7.1,0.3
1782758650.144,0.0,0.0,0.0,0.3,11:12,0.0,00:01,0.0,7.1,0.3
1782758655.158,0.0,0.0,0.0,0.3,11:12,0.0,00:01,0.0,7.1,0.3
1782758660.167,0.0,0.0,0.0,0.3,11:12,0.0,00:01,0.0,7.1,0.3
1782758665.183,0.0,0.0,0.0,0.3,11:12,0.0,00:01,0.0,7.1,0.3
1782758670.188,0.0,0.0,0.0,0.3,11:12,0.0,00:01,0.0,7.1,0.3
1782758675.198,0.0,0.0,0.0,0.3,11:12,0.0,00:01,0.0,7.1,0.3
1782758680.207,0.0,0.0,0.0,0.3,11:12,0.0,00:01,0.0,7.1,0.3
1782758685.218,0.0,0.0,0.0,0.3,11:12,0.0,00:01,0.0,7.1,0.3
1782758690.228,0.0,0.0,0.0,0.3,11:12,0.0,00:01,0.0,7.1,0.3
1782758695.238,0.0,0.0,0.0,0.3,11:12,0.0,00:01,0.0,7.1,0.3
1782758700.248,0.0,0.0,0.0,0.3,11:12,0.0,00:01,0.0,7.1,0.3
1782758705.259,0.0,0.0,0.0,0.3,11:12,0.0,00:01,0.0,7.1,0.3
1782758710.275,0.0,0.0,0.0,0.3,11:12,0.0,00:01,0.0,7.1,0.3
1782758715.287,0.0,0.0,0.0,0.3,11:12,0.0,00:01,0.0,7.1,0.3
1782758720.294,0.0,0.0,0.0,0.3,11:12,0.0,00:01,0.0,7.1,0.3
1782758725.308,0.0,0.0,0.0,0.3,11:12,0.0,00:01,0.0,7.1,0.3
1782758730.315,0.0,0.0,0.0,0.3,11:12,0.0,00:01,0.0,7.1,0.3
1782758735.325,0.0,0.0,0.0,0.3,11:12,0.0,00:01,0.0,7.1,0.3
1782758740.333,0.0,0.0,0.0,0.3,11:12,0.0,00:01,0.0,7.1,0.3
1782758745.339,0.0,0.0,0.0,0.3,11:12,0.0,00:01,0.0,7.1,0.3
1782758750.346,0.0,0.0,0.0,0.3,11:12,0.0,00:01,0.0,7.1,0.3
1782758755.362,0.0,0.0,0.0,0.3,11:12,0.0,00:01,0.0,7.1,0.3
1782758760.374,0.0,0.0,0.0,0.3,11:12,0.0,00:01,0.0,7.1,0.3
1782758765.381,0.0,0.0,0.0,0.3,11:12,0.0,00:01,0.0,7.1,0.3
1782758770.394,0.0,0.0,0.0,0.3,11:12,0.0,00:01,0.0,7.1,0.3
1782758775.406,0.0,0.0,0.0,0.3,11:12,0.0,00:01,0.0,7.1,0.3
1782758780.418,0.0,0.0,0.0,0.3,11:12,0.0,00:01,0.0,7.1,0.3
1782758785.428,0.0,0.0,0.0,0.3,11:12,0.0,00:01,0.0,7.1,0.3
1782758790.434,0.0,0.0,0.0,0.3,11:12,0.0,00:01,0.0,7.1,0.3
1782758795.449,0.0,0.0,0.0,0.3,11:12,0.0,00:01,0.0,7.1,0.3
1782758800.46,0.0,0.0,0.0,0.3,11:12,0.0,00:01,0.0,7.1,0.3
1782758805.472,0.0,0.0,0.0,0.3,11:12,0.0,00:01,0.0,7.1,0.3
1782758810.484,0.0,0.0,0.0,0.3,11:12,0.0,00:01,0.0,7.1,0.3
1782758815.488,0.0,0.0,0.0,0.3,11:12,0.0,00:01,0.0,7.1,0.3
1782758820.502,0.0,0.0,0.0,0.3,11:12,0.0,00:01,0.0,7.1,0.3
1782758825.514,0.0,0.0,0.0,0.3,11:12,0.0,00:01,0.0,7.1,0.3
1782758830.526,0.0,0.0,0.0,0.3,11:12,0.0,00:01,0.0,7.1,0.3
1782758835.533,0.0,0.0,0.0,0.3,11:12,0.0,00:01,0.0,7.1,0.3
1782758840.544,0.0,0.0,0.0,0.3,11:12,0.0,00:01,0.0,7.1,0.3
1782758845.556,0.0,0.0,0.0,0.3,11:12,0.0,00:01,0.0,7.1,0.3
1782758850.572,0.0,0.0,0.0,0.3,11:12,0.0,00:01,0.0,7.1,0.3
1782758855.584,0.0,0.0,0.0,0.3,11:12,0.0,00:01,0.0,7.1,0.3
1782758860.591,0.0,0.0,0.0,0.3,11:12,0.0,00:01,0.0,7.1,0.3
1782758865.604,0.0,0.0,0.0,0.3,11:12,0.0,00:01,0.0,7.1,0.3
1782758870.614,0.0,0.0,0.0,0.3,11:12,0.0,00:01,0.0,7.1,0.3
1782758875.627,0.0,0.0,0.0,0.3,11:12,0.0,00:01,0.0,7.1,0.3
1782758880.64,0.0,0.0,0.0,0.3,11:12,0.0,00:01,0.0,7.1,0.3
1782758885.647,0.0,0.0,0.0,0.3,11:12,0.0,00:01,0.0,7.1,0.3
1782758890.654,0.0,0.0,0.0,0.3,11:12,0.0,00:01,0.0,7.1,0.3
1782758895.671,0.0,0.0,0.0,0.3,11:12,0.0,00:01,0.0,7.1,0.3
1782758900.682,0.0,0.0,0.0,0.3,11:12,0.0,00:01,0.0,7.1,0.3
1782758905.695,0.0,0.0,0.0,0.3,11:12,0.0,00:01,0.0,7.1,0.3
1782758910.7,0.0,0.0,0.0,0.3,11:12,0.0,00:01,0.0,7.1,0.3
1782758915.708,0.0,0.0,0.0,0.3,11:12,0.0,00:01,0.0,7.1,0.3
1782758920.72,0.0,0.0,0.0,0.3,11:12,0.0,00:01,0.0,7.1,0.3
1782758925.734,0.0,0.0,0.0,0.3,11:12,0.0,00:01,0.0,7.1,0.3
1782758930.74,0.0,0.0,0.0,0.3,11:12,0.0,00:01,0.0,7.1,0.3
1782758935.75,0.0,0.0,0.0,0.3,11:12,0.0,00:01,0.0,7.1,0.3
1782758940.765,0.0,0.0,0.0,0.3,11:12,0.0,00:01,0.0,7.1,0.3
1782758945.776,0.0,0.0,0.0,0.3,11:12,0.0,00:01,0.0,7.1,0.3
1782758950.787,0.0,0.0,0.0,0.3,11:12,0.0,00:01,0.0,7.1,0.3
1782758955.794,0.0,0.0,0.0,0.3,11:12,0.0,00:01,0.0,7.1,0.3
1782758960.806,0.0,0.0,0.0,0.3,11:12,0.0,00:01,0.0,7.1,0.3
1782758965.821,0.0,0.0,0.0,0.3,11:12,0.0,00:01,0.0,7.1,0.3
1782758970.833,0.0,0.0,0.0,0.3,11:12,0.0,00:01,0.0,7.1,0.3
1782758975.842,0.0,0.0,0.0,0.3,11:12,0.0,00:01,0.0,7.1,0.3
1782758980.85,0.0,0.0,0.0,0.3,11:12,0.0,00:01,0.0,7.1,0.3
1782758985.858,0.0,0.0,0.0,0.3,11:12,0.0,00:01,0.0,7.1,0.3
1782758990.868,0.0,0.0,0.0,0.3,11:12,0.0,00:01,0.0,7.1,0.3
1782758995.881,0.0,0.0,0.0,0.3,11:12,0.0,00:01,0.0,7.1,0.3
1782759000.888,0.0,0.0,0.0,0.3,11:12,0.0,00:01,0.0,7.1,0.3
1782759005.892,0.0,0.0,0.0,0.3,11:12,0.0,00:01,0.0,7.1,0.3
1782759010.905,0.0,0.0,0.0,0.3,11:12,0.0,00:01,0.0,7.1,0.3
1782759015.915,0.0,0.0,0.0,0.3,11:12,0.0,00:01,0.0,7.1,0.3
1782759020.922,0.0,0.0,0.0,0.3,11:12,0.0,00:01,0.0,7.1,0.3
1782759025.928,0.0,0.0,0.0,0.3,11:12,0.0,00:01,0.0,7.1,0.3
1782759030.937,0.0,0.0,0.0,0.3,11:12,0.0,00:01,0.0,7.1,0.3
1782759035.947,0.0,0.0,0.0,0.3,11:12,0.0,00:01,0.0,7.1,0.3
1782759040.957,0.0,0.0,0.0,0.3,11:12,0.0,00:01,0.0,7.1,0.3
1782759045.968,0.0,0.0,0.0,0.3,11:12,0.0,00:01,0.0,7.1,0.3
1782759050.975,0.0,0.0,0.0,0.3,11:12,0.0,00:01,0.0,7.1,0.3
1782759055.984,0.0,0.0,0.0,0.3,11:12,0.0,00:01,0.0,7.1,0.3
1782759060.996,0.0,0.0,0.0,0.3,11:12,0.0,00:01,0.0,7.1,0.3
1782759066.007,0.0,0.0,0.0,0.3,11:12,0.0,00:01,0.0,7.1,0.3
1782759071.02,0.0,0.0,0.0,0.3,11:12,0.0,00:01,0.0,7.1,0.3
1782759076.027,0.0,0.0,0.0,0.3,11:12,0.0,00:01,0.0,7.1,0.3
1782759081.038,0.0,0.0,0.0,0.3,11:12,0.0,00:01,0.0,7.1,0.3
1782759086.052,0.0,0.0,0.0,0.3,11:12,0.0,00:01,0.0,7.1,0.3
1782759091.063,0.0,0.0,0.0,0.3,11:12,0.0,00:01,0.0,7.1,0.3
1782759096.071,0.0,0.0,0.0,0.3,11:12,0.0,00:01,0.0,7.1,0.3
1782759101.082,0.0,0.0,0.0,0.3,11:12,0.0,00:01,0.0,7.1,0.3
1782759106.096,0.0,0.0,0.0,0.3,11:12,0.0,00:01,0.0,7.1,0.3
1782759111.109,0.0,0.0,0.0,0.3,11:12,0.0,00:01,0.0,7.1,0.3
1782759116.123,0.0,0.0,0.0,0.3,11:12,0.0,00:01,0.0,7.1,0.3
1782759121.129,0.0,0.0,0.0,0.3,11:12,0.0,00:01,0.0,7.1,0.3
1782759126.137,0.0,0.0,0.0,0.3,11:12,0.0,00:01,0.0,7.1,0.3
1782759131.153,0.0,0.0,0.0,0.3,11:12,0.0,00:01,0.0,7.1,0.3
1782759136.166,0.0,0.0,0.0,0.3,11:12,0.0,00:01,0.0,7.1,0.3
1782759141.177,0.0,0.0,0.0,0.3,11:12,0.0,00:01,0.0,7.1,0.3
1782759146.184,0.0,0.0,0.0,0.3,11:12,0.0,00:01,0.0,7.1,0.3
1782759151.198,0.0,0.0,0.0,0.3,11:12,0.0,00:01,0.0,7.1,0.3
1782759156.213,0.0,0.0,0.0,0.3,11:12,0.0,00:01,0.0,7.1,0.3
1782759161.224,0.0,0.0,0.0,0.3,11:12,0.0,00:01,0.0,7.1,0.3
1782759166.233,0.0,0.0,0.0,0.3,11:12,0.0,00:01,0.0,7.1,0.3
1782759171.24,0.0,0.0,0.0,0.3,11:12,0.0,00:01,0.0,7.1,0.3
1782759176.255,0.0,0.0,0.0,0.3,11:12,0.0,00:01,0.0,7.1,0.3
1782759181.27,0.0,0.0,0.0,0.3,11:12,0.0,00:01,0.0,7.1,0.3
1782759186.282,0.0,0.0,0.0,0.3,11:12,0.0,00:01,0.0,7.1,0.3
1782759191.289,0.0,0.0,0.0,0.3,11:12,0.0,00:01,0.0,7.1,0.3
1782759196.298,0.0,0.0,0.0,0.3,11:12,0.0,00:01,0.0,7.1,0.3
1782759201.307,0.0,0.0,0.0,0.3,11:12,0.0,00:01,0.0,7.1,0.3
1782759206.32,0.0,0.0,0.0,0.3,11:12,0.0,00:01,0.0,7.1,0.3
1782759211.331,0.0,0.0,0.0,0.3,11:12,0.0,00:01,0.0,7.1,0.3
1782759216.337,0.0,0.0,0.0,0.3,11:12,0.0,00:01,0.0,7.1,0.3
1782759221.349,0.0,0.0,0.0,0.3,11:12,0.0,00:01,0.0,7.1,0.3
1782759226.365,0.0,0.0,0.0,0.3,11:12,0.0,00:01,0.0,7.1,0.3
1782759231.377,0.0,0.0,0.0,0.3,11:12,0.0,00:01,0.0,7.1,0.3
1782759236.387,0.0,0.0,0.0,0.3,11:12,0.0,00:01,0.0,7.1,0.3
1782759241.393,0.0,0.0,0.0,0.3,11:12,0.0,00:01,0.0,7.1,0.3
1782759246.409,0.0,0.0,0.0,0.3,11:12,0.0,00:01,0.0,7.1,0.3
1782759251.422,0.0,0.0,0.0,0.3,11:12,0.0,00:01,0.0,7.1,0.3
1782759256.433,0.0,0.0,0.0,0.3,11:12,0.0,00:01,0.0,7.1,0.3
1782759261.441,0.0,0.0,0.0,0.3,11:12,0.0,00:01,0.0,7.1,0.3
1782759266.446,0.0,0.0,0.0,0.3,11:12,0.0,00:01,0.0,7.1,0.3
1782759271.459,0.0,0.0,0.0,0.3,11:12,0.0,00:01,0.0,7.1,0.3
1782759276.471,0.0,0.0,0.0,0.3,11:12,0.0,00:01,0.0,7.1,0.3
1782759281.484,0.0,0.0,0.0,0.3,11:12,0.0,00:01,0.0,7.1,0.3
1782759286.488,0.0,0.0,0.0,0.3,11:12,0.0,00:01,0.0,7.1,0.3
1782759291.499,0.0,0.0,0.0,0.3,11:12,0.0,00:01,0.0,7.1,0.3
1782759296.514,0.0,0.0,0.0,0.3,11:12,0.0,00:01,0.0,7.1,0.3
1782759301.525,0.0,0.0,0.0,0.3,11:12,0.0,00:01,0.0,7.1,0.3
1782759306.536,0.0,0.0,0.0,0.3,11:12,0.0,00:01,0.0,7.1,0.3
1782759311.544,0.0,0.0,0.0,0.3,11:12,0.0,00:01,0.0,7.1,0.3
1782759316.551,0.0,0.0,0.0,0.3,11:12,0.0,00:01,0.0,7.1,0.3
1782759321.559,0.0,0.0,0.0,0.3,11:12,0.0,00:01,0.0,7.1,0.3
1782759326.568,0.0,0.0,0.0,0.3,11:12,0.0,00:01,0.0,7.1,0.3
1782759331.58,0.0,0.0,0.0,0.3,11:12,0.0,00:01,0.0,7.1,0.3
1782759336.59,0.0,0.0,0.0,0.3,11:12,0.0,00:01,0.0,7.1,0.3
1782759341.598,0.0,0.0,0.0,0.3,11:12,0.0,00:01,0.0,7.1,0.3
1782759346.609,0.0,0.0,0.0,0.3,11:12,0.0,00:01,0.0,7.1,0.3
1782759351.622,0.0,0.0,0.0,0.3,11:12,0.0,00:01,0.0,7.1,0.3
1782759356.628,0.0,0.0,0.0,0.3,11:12,0.0,00:01,0.0,7.1,0.3
1782759361.641,0.0,0.0,0.0,0.3,11:12,0.0,00:01,0.0,7.1,0.3
1782759366.653,0.0,0.0,0.0,0.3,11:12,0.0,00:01,0.0,7.1,0.3
1782759371.664,0.0,0.0,0.0,0.3,11:12,0.0,00:01,0.0,7.1,0.3
1782759376.675,0.0,0.0,0.0,0.3,11:12,0.0,00:01,0.0,7.1,0.3
1782759381.682,0.0,0.0,0.0,0.3,11:12,0.0,00:01,0.0,7.1,0.3
1782759386.697,0.0,0.0,0.0,0.3,11:12,0.0,00:01,0.0,7.1,0.3
1782759391.708,0.0,0.0,0.0,0.3,11:12,0.0,00:01,0.0,7.1,0.3
1782759396.718,0.0,0.0,0.0,0.3,11:12,0.0,00:01,0.0,7.1,0.3
1782759401.729,0.0,0.0,0.0,0.3,11:12,0.0,00:01,0.0,7.1,0.3
1782759406.734,0.0,0.0,0.0,0.3,11:12,0.0,00:01,0.0,7.1,0.3
1782759411.746,0.0,0.0,0.0,0.3,11:12,0.0,00:01,0.0,7.1,0.3
1782759416.758,0.0,0.0,0.0,0.3,11:12,0.0,00:01,0.0,7.1,0.3
1782759421.772,0.0,0.0,0.0,0.3,11:12,0.0,00:01,0.0,7.1,0.3
1782759426.785,0.0,0.0,0.0,0.3,11:12,0.0,00:01,0.0,7.1,0.3
1782759431.792,0.0,0.0,0.0,0.3,11:12,0.0,00:01,0.0,7.1,0.3
1782759436.809,0.0,0.0,0.0,0.3,11:12,0.0,00:01,0.0,7.1,0.3
1782759441.822,0.0,0.0,0.0,0.3,11:12,0.0,00:01,0.0,7.1,0.3
1782759446.832,0.0,0.0,0.0,0.3,11:12,0.0,00:01,0.0,7.1,0.3
1782759451.84,0.0,0.0,0.0,0.3,11:12,0.0,00:01,0.0,7.1,0.3
1782759456.851,0.0,0.0,0.0,0.3,11:12,0.0,00:01,0.0,7.1,0.3
1782759461.863,0.0,0.0,0.0,0.3,11:12,0.0,00:01,0.0,7.1,0.3
1782759466.876,0.0,0.0,0.0,0.3,11:12,0.0,00:01,0.0,7.1,0.3
1782759471.885,0.0,0.0,0.0,0.3,11:12,0.0,00:01,0.0,7.1,0.3
1782759476.889,0.0,0.0,0.0,0.3,11:12,0.0,00:01,0.0,7.1,0.3
1782759481.904,0.0,0.0,0.0,0.3,11:12,0.0,00:01,0.0,7.1,0.3
1782759486.915,0.0,0.0,0.0,0.3,11:12,0.0,00:01,0.0,7.1,0.3
1782759491.928,0.0,0.0,0.0,0.3,11:12,0.0,00:01,0.0,7.1,0.3
1782759496.941,0.0,0.0,0.0,0.3,11:12,0.0,00:01,0.0,7.1,0.3
1782759501.943,0.0,0.0,0.0,0.3,11:12,0.0,00:01,0.0,7.1,0.3
1782759506.96,0.0,0.0,0.0,0.3,11:12,0.0,00:01,0.0,7.1,0.3
1782759511.969,0.0,0.0,0.0,0.3,11:12,0.0,00:01,0.0,7.1,0.3
1782759516.978,0.0,0.0,0.0,0.3,11:12,0.0,00:01,0.0,7.1,0.3
1782759521.989,0.0,0.0,0.0,0.3,11:12,0.0,00:01,0.0,7.1,0.3
1782759526.997,0.0,0.0,0.0,0.3,11:12,0.0,00:01,0.0,7.1,0.3
1782759532.01,0.0,0.0,0.0,0.3,11:12,0.0,00:01,0.0,7.1,0.3
1782759537.023,0.0,0.0,0.0,0.3,11:12,0.0,00:01,0.0,7.1,0.3
1782759542.033,0.0,0.0,0.0,0.3,11:12,0.0,00:01,0.0,7.1,0.3
1782759547.036,0.0,0.0,0.0,0.3,11:12,0.0,00:01,0.0,7.1,0.3
1782759552.053,0.0,0.0,0.0,0.3,11:12,0.0,00:01,0.0,7.1,0.3
1782759557.064,0.0,0.0,0.0,0.3,11:12,0.0,00:01,0.0,7.1,0.3
1782759562.075,0.0,0.0,0.0,0.3,11:12,0.0,00:01,0.0,7.1,0.3
1782759567.088,0.0,0.0,0.0,0.3,11:12,0.0,00:01,0.0,7.1,0.3
1782759572.092,0.0,0.0,0.0,0.3,11:12,0.0,00:01,0.0,7.1,0.3
1782759577.105,0.0,0.0,0.0,0.3,11:12,0.0,00:01,0.0,7.1,0.3
1782759582.117,0.0,0.0,0.0,0.3,11:12,0.0,00:01,0.0,7.1,0.3
1782759587.128,0.0,0.0,0.0,0.3,11:12,0.0,00:01,0.0,7.1,0.3
1782759592.139,0.0,0.0,0.0,0.3,11:12,0.0,00:01,0.0,7.1,0.3
1782759597.151,0.0,0.0,0.0,0.3,11:12,0.0,00:01,0.0,7.1,0.3
1782759602.164,0.0,0.0,0.0,0.3,11:12,0.0,00:01,0.0,7.1,0.3
1782759607.174,0.0,0.0,0.0,0.3,11:12,0.0,00:01,0.0,7.1,0.3
1782759612.181,0.0,0.0,0.0,0.3,11:12,0.0,00:01,0.0,7.1,0.3
1782759617.188,0.0,0.0,0.0,0.3,11:12,0.0,00:01,0.0,7.1,0.3
1782759622.201,0.0,0.0,0.0,0.3,11:12,0.0,00:01,0.0,7.1,0.3
1782759627.21,0.0,0.0,0.0,0.3,11:12,0.0,00:01,0.0,7.1,0.3
1782759632.218,0.0,0.0,0.0,0.3,11:12,0.0,00:01,0.0,7.1,0.3
1782759637.229,0.0,0.0,0.0,0.3,11:12,0.0,00:01,0.0,7.1,0.3
1782759642.234,0.0,0.0,0.0,0.3,11:12,0.0,00:01,0.0,7.1,0.3
1782759647.247,0.0,0.0,0.0,0.3,11:12,0.0,00:01,0.0,7.1,0.3
1782759652.26,0.0,0.0,0.0,0.3,11:12,0.0,00:01,0.0,7.1,0.3
1782759657.272,0.0,0.0,0.0,0.3,11:12,0.0,00:01,0.0,7.1,0.3
1782759662.281,0.0,0.0,0.0,0.3,11:12,0.0,00:01,0.0,7.1,0.3
1782759667.292,0.0,0.0,0.0,0.3,11:12,0.0,00:01,0.0,7.1,0.3
1782759672.301,0.0,0.0,0.0,0.3,11:12,0.0,00:01,0.0,7.1,0.3
1782759677.31,0.0,0.0,0.0,0.3,11:12,0.0,00:01,0.0,7.1,0.3
1782759682.324,0.0,0.0,0.0,0.3,11:12,0.0,00:01,0.0,7.1,0.3
1782759687.331,0.0,0.0,0.0,0.3,11:12,0.0,00:01,0.0,7.1,0.3
1782759692.342,0.0,0.0,0.0,0.3,11:12,0.0,00:01,0.0,7.1,0.3
1782759697.353,0.0,0.0,0.0,0.3,11:12,0.0,00:01,0.0,7.1,0.3
1782759702.362,0.0,0.0,0.0,0.3,11:12,0.0,00:01,0.0,7.1,0.3
1782759707.374,0.0,0.0,0.0,0.3,11:12,0.0,00:01,0.0,7.1,0.3
1782759712.384,0.0,0.0,0.0,0.3,11:12,0.0,00:01,0.0,7.1,0.3
1782759717.394,0.0,0.0,0.0,0.3,11:12,0.0,00:01,0.0,7.1,0.3
1782759722.408,0.0,0.0,0.0,0.3,11:12,0.0,00:01,0.0,7.1,0.3
1782759727.421,0.0,0.0,0.0,0.3,11:12,0.0,00:01,0.0,7.1,0.3
1782759732.433,0.0,0.0,0.0,0.3,11:12,0.0,00:01,0.0,7.1,0.3
1782759737.442,0.0,0.0,0.0,0.3,11:12,0.0,00:01,0.0,7.1,0.3
1782759742.453,0.0,0.0,0.0,0.3,11:12,0.0,00:01,0.0,7.1,0.3
1782759747.463,0.0,0.0,0.0,0.3,11:12,0.0,00:01,0.0,7.1,0.3
1782759752.474,0.0,0.0,0.0,0.3,11:12,0.0,00:01,0.0,7.1,0.3
1782759757.484,0.0,0.0,0.0,0.3,11:12,0.0,00:01,0.0,7.1,0.3
1782759762.491,0.0,0.0,0.0,0.3,11:12,0.0,00:01,0.0,7.1,0.3
1782759767.5,0.0,0.0,0.0,0.3,11:12,0.0,00:01,0.0,7.1,0.3
1782759772.512,0.0,0.0,0.0,0.3,11:12,0.0,00:01,0.0,7.1,0.3
1782759777.522,0.0,0.0,0.0,0.3,11:12,0.0,00:01,0.0,7.1,0.3
1782759782.527,0.0,0.0,0.0,0.3,11:12,0.0,00:01,0.0,7.1,0.3
1782759787.534,0.0,0.0,0.0,0.3,11:12,0.0,00:01,0.0,7.1,0.3
1782759792.544,0.0,0.0,0.0,0.3,11:12,0.0,00:01,0.0,7.1,0.3
1782759797.556,0.0,0.0,0.0,0.3,11:12,0.0,00:01,0.0,7.1,0.3
1782759802.567,0.0,0.0,0.0,0.3,11:12,0.0,00:01,0.0,7.1,0.3
1782759807.573,0.0,0.0,0.0,0.3,11:12,0.0,00:01,0.0,7.1,0.3
1782759812.585,0.0,0.0,0.0,0.3,11:12,0.0,00:01,0.0,7.1,0.3
1782759817.595,0.0,0.0,0.0,0.3,11:12,0.0,00:01,0.0,7.1,0.3
1782759822.604,0.0,0.0,0.0,0.3,11:12,0.0,00:01,0.0,7.1,0.3
1782759827.611,0.0,0.0,0.0,0.3,11:12,0.0,00:01,0.0,7.1,0.3
1782759832.619,0.0,0.0,0.0,0.3,11:12,0.0,00:01,0.0,7.1,0.3
1782759837.628,0.0,0.0,0.0,0.3,11:12,0.0,00:01,0.0,7.1,0.3
1782759842.634,0.0,0.0,0.0,0.3,11:12,0.0,00:01,0.0,7.1,0.3
1782759847.642,0.0,0.0,0.0,0.3,11:12,0.0,00:01,0.0,7.1,0.3
1782759852.65,0.0,0.0,0.0,0.3,11:12,0.0,00:01,0.0,7.1,0.3
1782759857.659,0.0,0.0,0.0,0.3,11:12,0.0,00:01,0.0,7.1,0.3
1782759862.666,0.0,0.0,0.0,0.3,11:12,0.0,00:01,0.0,7.1,0.3
1782759867.671,0.0,0.0,0.0,0.3,11:12,0.0,00:01,0.0,7.1,0.3
1782759872.68,0.0,0.0,0.0,0.3,11:12,0.0,00:01,0.0,7.1,0.3
1782759877.689,0.0,0.0,0.0,0.3,11:12,0.0,00:01,0.0,7.1,0.3
1782759882.697,0.0,0.0,0.0,0.3,11:12,0.0,00:01,0.0,7.1,0.3
1782759887.706,0.0,0.0,0.0,0.3,11:12,0.0,00:01,0.0,7.1,0.3
1782759892.715,0.0,0.0,0.0,0.3,11:12,0.0,00:01,0.0,7.1,0.3
1782759897.724,0.0,0.0,0.0,0.3,11:12,0.0,00:01,0.0,7.1,0.3
1782759902.731,0.0,0.0,0.0,0.3,11:12,0.0,00:01,0.0,7.1,0.3
1782759907.739,0.0,0.0,0.0,0.3,11:12,0.0,00:01,0.0,7.1,0.3
1782759912.747,0.0,0.0,0.0,0.3,11:12,0.0,00:01,0.0,7.1,0.3
1782759917.754,0.0,0.0,0.0,0.3,11:12,0.0,00:01,0.0,7.1,0.3
1782759922.762,0.0,0.0,0.0,0.3,11:12,0.0,00:01,0.0,7.1,0.3
1782759927.771,0.0,0.0,0.0,0.3,11:12,0.0,00:01,0.0,7.1,0.3
1782759932.775,0.0,0.0,0.0,0.3,11:12,0.0,00:01,0.0,7.1,0.3
1782759937.786,0.0,0.0,0.0,0.3,11:12,0.0,00:01,0.0,7.1,0.3
1782759942.794,0.0,0.0,0.0,0.3,11:12,0.0,00:01,0.0,7.1,0.3
1782759947.804,0.0,0.0,0.0,0.3,11:12,0.0,00:01,0.0,7.1,0.3
1782759952.81,0.0,0.0,0.0,0.3,11:12,0.0,00:01,0.0,7.1,0.3
1782759957.819,0.0,0.0,0.0,0.3,11:12,0.0,00:01,0.0,7.1,0.3
1782759962.827,0.0,0.0,0.0,0.3,11:12,0.0,00:01,0.0,7.1,0.3
1782759967.833,0.0,0.0,0.0,0.3,11:12,0.0,00:01,0.0,7.1,0.3
1782759972.845,0.0,0.0,0.0,0.3,11:12,0.0,00:01,0.0,7.1,0.3
1782759977.854,0.0,0.0,0.0,0.3,11:12,0.0,00:01,0.0,7.1,0.3
1782759982.863,0.0,0.0,0.0,0.3,11:12,0.0,00:01,0.0,7.1,0.3
1782759987.868,0.0,0.0,0.0,0.3,11:12,0.0,00:01,0.0,7.1,0.3
1782759992.877,0.0,0.0,0.0,0.3,11:12,0.0,00:01,0.0,7.1,0.3
1782759997.887,0.0,0.0,0.0,0.3,11:12,0.0,00:01,0.0,7.1,0.3
1782760002.895,0.0,0.0,0.0,0.3,11:12,0.0,00:01,0.0,7.1,0.3
1782760007.904,0.0,0.0,0.0,0.3,11:12,0.0,00:01,0.0,7.1,0.3
1782760012.913,0.0,0.0,0.0,0.3,11:12,0.0,00:01,0.0,7.1,0.3
1782760017.92,0.0,0.0,0.0,0.3,11:12,0.0,00:01,0.0,7.1,0.3
1782760022.93,0.0,0.0,0.0,0.3,11:12,0.0,00:01,0.0,7.1,0.3
1782760027.934,0.0,0.0,0.0,0.3,11:12,0.0,00:01,0.0,7.1,0.3
1782760032.943,0.0,0.0,0.0,0.3,11:12,0.0,00:01,0.0,7.1,0.3
1782760037.95,0.0,0.0,0.0,0.3,11:12,0.0,00:01,0.0,7.1,0.3
1782760042.959,0.0,0.0,0.0,0.3,11:12,0.0,00:01,0.0,7.1,0.3
1782760047.965,0.0,0.0,0.0,0.3,11:12,0.0,00:01,0.0,7.1,0.3
1782760052.971,0.0,0.0,0.0,0.3,11:12,0.0,00:01,0.0,7.1,0.3
1782760057.979,0.0,0.0,0.0,0.3,11:12,0.0,00:01,0.0,7.1,0.3
1782760062.986,0.0,0.0,0.0,0.3,11:12,0.0,00:01,0.0,7.1,0.3
1782760067.994,0.0,0.0,0.0,0.3,11:12,0.0,00:01,0.0,7.1,0.3
1782760073.002,0.0,0.0,0.0,0.3,11:12,0.0,00:01,0.0,7.1,0.3
1782760078.011,0.0,0.0,0.0,0.3,11:12,0.0,00:01,0.0,7.1,0.3
1782760083.016,0.0,0.0,0.0,0.3,11:12,0.0,00:01,0.0,7.1,0.3
1782760088.022,0.0,0.0,0.0,0.3,11:12,0.0,00:01,0.0,7.1,0.3
1782760093.031,0.0,0.0,0.0,0.3,11:12,0.0,00:01,0.0,7.1,0.3
1782760098.039,0.0,0.0,0.0,0.3,11:12,0.0,00:01,0.0,7.1,0.3
1782760103.048,0.0,0.0,0.0,0.3,11:12,0.0,00:01,0.0,7.1,0.3
1782760108.054,0.0,0.0,0.0,0.3,11:12,0.0,00:01,0.0,7.1,0.3
1782760113.059,0.0,0.0,0.0,0.3,11:12,0.0,00:01,0.0,7.1,0.3
1782760118.067,0.0,0.0,0.0,0.3,11:12,0.0,00:01,0.0,7.1,0.3
1782760123.075,0.0,0.0,0.0,0.3,11:12,0.0,00:01,0.0,7.1,0.3
1782760128.084,0.0,0.0,0.0,0.3,11:12,0.0,00:01,0.0,7.1,0.3
1782760133.09,0.0,0.0,0.0,0.3,11:12,0.0,00:01,0.0,7.1,0.3
1782760138.098,0.0,0.0,0.0,0.3,11:12,0.0,00:01,0.0,7.1,0.3
1782760143.107,0.0,0.0,0.0,0.3,11:12,0.0,00:01,0.0,7.1,0.3
1782760148.117,0.0,0.0,0.0,0.3,11:12,0.0,00:01,0.0,7.1,0.3
1782760153.123,0.0,0.0,0.0,0.3,11:12,0.0,00:01,0.0,7.1,0.3
1782760158.13,0.0,0.0,0.0,0.3,11:12,0.0,00:01,0.0,7.1,0.3
1782760163.141,0.0,0.0,0.0,0.3,11:12,0.0,00:01,0.0,7.1,0.3
1782760168.146,0.0,0.0,0.0,0.3,11:12,0.0,00:01,0.0,7.1,0.3
1782760173.155,0.0,0.0,0.0,0.3,11:12,0.0,00:01,0.0,7.1,0.3
1782760178.162,0.0,0.0,0.0,0.3,11:12,0.0,00:01,0.0,7.1,0.3
1782760183.17,0.0,0.0,0.0,0.3,11:12,0.0,00:01,0.0,7.1,0.3
1782760188.179,0.0,0.0,0.0,0.3,11:12,0.0,00:01,0.0,7.1,0.3
1782760193.187,0.0,0.0,0.0,0.3,11:12,0.0,00:01,0.0,7.1,0.3
1782760198.197,0.0,0.0,0.0,0.3,11:12,0.0,00:01,0.0,7.1,0.3
1782760203.205,0.0,0.0,0.0,0.3,11:12,0.0,00:01,0.0,7.1,0.3
1782760208.211,0.0,0.0,0.0,0.3,11:12,0.0,00:01,0.0,7.1,0.3
1782760213.218,0.0,0.0,0.0,0.3,11:12,0.0,00:01,0.0,7.1,0.3
1782760218.227,0.0,0.0,0.0,0.3,11:12,0.0,00:01,0.0,7.1,0.3
1782760223.234,0.0,0.0,0.0,0.3,11:12,0.0,00:01,0.0,7.1,0.3
1782760228.238,0.0,0.0,0.0,0.3,11:12,0.0,00:01,0.0,7.1,0.3
1782760233.247,0.0,0.0,0.0,0.3,11:12,0.0,00:01,0.0,7.1,0.3
1782760238.254,0.0,0.0,0.0,0.3,11:12,0.0,00:01,0.0,7.1,0.3
1782760243.262,0.0,0.0,0.0,0.3,11:12,0.0,00:01,0.0,7.1,0.3
1782760248.27,0.0,0.0,0.0,0.3,11:12,0.0,00:01,0.0,7.1,0.3
1782760253.28,0.0,0.0,0.0,0.3,11:12,0.0,00:01,0.0,7.1,0.3
1782760258.29,0.0,0.0,0.0,0.3,11:12,0.0,00:01,0.0,7.1,0.3
1782760263.297,0.0,0.0,0.0,0.3,11:12,0.0,00:01,0.0,7.1,0.3
1782760268.305,0.0,0.0,0.0,0.3,11:12,0.0,00:01,0.0,7.1,0.3
1782760273.312,0.0,0.0,0.0,0.3,11:12,0.0,00:01,0.0,7.1,0.3
1782760278.32,0.0,0.0,0.0,0.3,11:12,0.0,00:01,0.0,7.1,0.3
1782760283.329,0.0,0.0,0.0,0.3,11:12,0.0,00:01,0.0,7.1,0.3
1782760288.339,0.0,0.0,0.0,0.3,11:12,0.0,00:01,0.0,7.1,0.3
1782760293.347,0.0,0.0,0.0,0.3,11:12,0.0,00:01,0.0,7.1,0.3
1782760298.355,0.0,0.0,0.0,0.3,11:12,0.0,00:01,0.0,7.1,0.3
1782760303.363,0.0,0.0,0.0,0.3,11:12,0.0,00:01,0.0,7.1,0.3
1782760308.371,0.0,0.0,0.0,0.3,11:12,0.0,00:01,0.0,7.1,0.3
1782760313.38,0.0,0.0,0.0,0.3,11:12,0.0,00:01,0.0,7.1,0.3
1782760318.389,0.0,0.0,0.0,0.3,11:12,0.0,00:01,0.0,7.1,0.3
1782760323.394,0.0,0.0,0.0,0.3,11:12,0.0,00:01,0.0,7.1,0.3
1782760328.403,0.0,0.0,0.0,0.3,11:12,0.0,00:01,0.0,7.1,0.3
1782760333.411,0.0,0.0,0.0,0.3,11:12,0.0,00:01,0.0,7.1,0.3
1782760338.42,0.0,0.0,0.0,0.3,11:12,0.0,00:01,0.0,7.1,0.3
1782760343.428,0.0,0.0,0.0,0.3,11:12,0.0,00:01,0.0,7.1,0.3
1782760348.437,0.0,0.0,0.0,0.3,11:12,0.0,00:01,0.0,7.1,0.3
1782760353.443,0.0,0.0,0.0,0.3,11:12,0.0,00:01,0.0,7.1,0.3
1782760358.451,0.0,0.0,0.0,0.3,11:12,0.0,00:01,0.0,7.1,0.3
1782760363.459,0.0,0.0,0.0,0.3,11:12,0.0,00:01,0.0,7.1,0.3
1782760368.466,0.0,0.0,0.0,0.3,11:12,0.0,00:01,0.0,7.1,0.3
1782760373.475,0.0,0.0,0.0,0.3,11:12,0.0,00:01,0.0,7.1,0.3
1782760378.483,0.0,0.0,0.0,0.3,11:12,0.0,00:01,0.0,7.1,0.3
1782760383.491,0.0,0.0,0.0,0.3,11:12,0.0,00:01,0.0,7.1,0.3
1782760388.498,0.0,0.0,0.0,0.3,11:12,0.0,00:01,0.0,7.1,0.3
1782760393.506,0.0,0.0,0.0,0.3,11:12,0.0,00:01,0.0,7.1,0.3
1782760398.516,0.0,0.0,0.0,0.3,11:12,0.0,00:01,0.0,7.1,0.3
1782760403.525,0.0,0.0,0.0,0.3,11:12,0.0,00:01,0.0,7.1,0.3
1782760408.533,0.0,0.0,0.0,0.3,11:12,0.0,00:01,0.0,7.1,0.3
1782760413.545,0.0,0.0,0.0,0.3,11:12,0.0,00:01,0.0,7.1,0.3
1782760418.555,0.0,0.0,0.0,0.3,11:12,0.0,00:01,0.0,7.1,0.3
1782760423.568,0.0,0.0,0.0,0.3,11:12,0.0,00:01,0.0,7.1,0.3
1782760428.581,0.0,0.0,0.0,0.3,11:12,0.0,00:01,0.0,7.1,0.3
1782760433.594,0.0,0.0,0.0,0.3,11:12,0.0,00:01,0.0,7.1,0.3
1782760438.604,0.0,0.0,0.0,0.3,11:12,0.0,00:01,0.0,7.1,0.3
1782760443.617,0.0,0.0,0.0,0.3,11:12,0.0,00:01,0.0,7.1,0.3
1782760448.627,0.0,0.0,0.0,0.3,11:12,0.0,00:01,0.0,7.1,0.3
1782760453.634,0.0,0.0,0.0,0.3,11:12,0.0,00:01,0.0,7.1,0.3
1782760458.64,0.0,0.0,0.0,0.3,11:12,0.0,00:01,0.0,7.1,0.3
1782760463.65,0.0,0.0,0.0,0.3,11:12,0.0,00:01,0.0,7.1,0.3
1782760468.662,0.0,0.0,0.0,0.3,11:12,0.0,00:01,0.0,7.1,0.3
1782760473.675,0.0,0.0,0.0,0.3,11:12,0.0,00:01,0.0,7.1,0.3
1782760478.684,0.0,0.0,0.0,0.3,11:12,0.0,00:01,0.0,7.1,0.3
1782760483.692,0.0,0.0,0.0,0.3,11:12,0.0,00:01,0.0,7.1,0.3
1782760488.704,0.0,0.0,0.0,0.3,11:12,0.0,00:01,0.0,7.1,0.3
1782760493.714,0.0,0.0,0.0,0.3,11:12,0.0,00:01,0.0,7.1,0.3
1782760498.724,0.0,0.0,0.0,0.3,11:12,0.0,00:01,0.0,7.1,0.3
1782760503.738,0.0,0.0,0.0,0.3,11:12,0.0,00:01,0.0,7.1,0.3
1782760508.744,0.0,0.0,0.0,0.3,11:12,0.0,00:01,0.0,7.1,0.3
1782760513.759,0.0,0.0,0.0,0.3,11:12,0.0,00:01,0.0,7.1,0.3
1782760518.767,0.0,0.0,0.0,0.3,11:12,0.0,00:01,0.0,7.1,0.3
1782760523.778,0.0,0.0,0.0,0.3,11:12,0.0,00:01,0.0,7.1,0.3
1782760528.787,0.0,0.0,0.0,0.3,11:12,0.0,00:01,0.0,7.1,0.3
1782760533.792,0.0,0.0,0.0,0.3,11:12,0.0,00:01,0.0,7.1,0.3
1782760538.804,0.0,0.0,0.0,0.3,11:12,0.0,00:01,0.0,7.1,0.3
1782760543.818,0.0,0.0,0.0,0.3,11:12,0.0,00:01,0.0,7.1,0.3
1782760548.827,0.0,0.0,0.0,0.3,11:12,0.0,00:01,0.0,7.1,0.3
1782760553.836,0.0,0.0,0.0,0.3,11:12,0.0,00:01,0.0,7.1,0.3
1782760558.851,0.0,0.0,0.0,0.3,11:12,0.0,00:01,0.0,7.1,0.3
1782760563.862,0.0,0.0,0.0,0.3,11:12,0.0,00:01,0.0,7.1,0.3
1782760568.874,0.0,0.0,0.0,0.3,11:12,0.0,00:01,0.0,7.1,0.3
1782760573.889,0.0,0.0,0.0,0.3,11:12,0.0,00:01,0.0,7.1,0.3
1782760578.894,0.0,0.0,0.0,0.3,11:12,0.0,00:01,0.0,7.1,0.3
1782760583.907,0.0,0.0,0.0,0.3,11:12,0.0,00:01,0.0,7.1,0.3
1782760588.922,0.0,0.0,0.0,0.3,11:12,0.0,00:01,0.0,7.1,0.3
1782760593.935,0.0,0.0,0.0,0.3,11:12,0.0,00:01,0.0,7.1,0.3
1782760598.948,0.0,0.0,0.0,0.3,11:12,0.0,00:01,0.0,7.1,0.3
1782760603.959,0.0,0.0,0.0,0.3,11:12,0.0,00:01,0.0,7.1,0.3
1782760608.965,0.0,0.0,0.0,0.3,11:12,0.0,00:01,0.0,7.1,0.3
1782760613.976,0.0,0.0,0.0,0.3,11:12,0.0,00:01,0.0,7.1,0.3
1782760618.983,0.0,0.0,0.0,0.3,11:12,0.0,00:01,0.0,7.1,0.3
1782760623.993,0.0,0.0,0.0,0.3,11:12,0.0,00:01,0.0,7.1,0.3
1782760628.998,0.0,0.0,0.0,0.3,11:12,0.0,00:01,0.0,7.1,0.3
1782760634.004,0.0,0.0,0.0,0.3,11:12,0.0,00:01,0.0,7.1,0.3
1782760639.013,0.0,0.0,0.0,0.3,11:12,0.0,00:01,0.0,7.1,0.3
1782760644.023,0.0,0.0,0.0,0.3,11:12,0.0,00:01,0.0,7.1,0.3
1782760649.028,0.0,0.0,0.0,0.3,11:12,0.0,00:01,0.0,7.1,0.3
1782760654.038,0.0,0.0,0.0,0.3,11:12,0.0,00:01,0.0,7.1,0.3
1782760659.046,0.0,0.0,0.0,0.3,11:12,0.0,00:01,0.0,7.1,0.3
1782760664.051,0.0,0.0,0.0,0.3,11:12,0.0,00:01,0.0,7.1,0.3
1782760669.06,0.0,0.0,0.0,0.3,11:12,0.0,00:01,0.0,7.1,0.3
1782760674.068,0.0,0.0,0.0,0.3,11:12,0.0,00:01,0.0,7.1,0.3
1782760679.081,0.0,0.0,0.0,0.3,11:12,0.0,00:01,0.0,7.1,0.3
1782760684.093,0.0,0.0,0.0,0.3,11:12,0.0,00:01,0.0,7.1,0.3
1782760689.108,0.0,0.0,0.0,0.3,11:12,0.0,00:01,0.0,7.1,0.3
1782760694.121,0.0,0.0,0.0,0.3,11:12,0.0,00:01,0.0,7.1,0.3
1782760699.124,0.0,0.0,0.0,0.3,11:12,0.0,00:01,0.0,7.1,0.3
1782760704.138,0.0,0.0,0.0,0.3,11:12,0.0,00:01,0.0,7.1,0.3
1782760709.149,0.0,0.0,0.0,0.3,11:12,0.0,00:01,0.0,7.1,0.3
1782760714.162,0.0,0.0,0.0,0.3,11:12,0.0,00:01,0.0,7.1,0.3
1782760719.168,0.0,0.0,0.0,0.3,11:12,0.0,00:01,0.0,7.1,0.3
1782760724.176,0.0,0.0,0.0,0.3,11:12,0.0,00:01,0.0,7.1,0.3
1782760729.188,0.0,0.0,0.0,0.3,11:12,0.0,00:01,0.0,7.1,0.3
1782760734.202,0.0,0.0,0.0,0.3,11:12,0.0,00:01,0.0,7.1,0.3
1782760739.216,0.0,0.0,0.0,0.3,11:12,0.0,00:01,0.0,7.1,0.3
1782760744.219,0.0,0.0,0.0,0.3,11:12,0.0,00:01,0.0,7.1,0.3
1782760749.232,0.0,0.0,0.0,0.3,11:12,0.0,00:01,0.0,7.1,0.3
1782760754.247,0.0,0.0,0.0,0.3,11:12,0.0,00:01,0.0,7.1,0.3
1782760759.261,0.0,0.0,0.0,0.3,11:12,0.0,00:01,0.0,7.1,0.3
1782760764.275,0.0,0.0,0.0,0.3,11:12,0.0,00:01,0.0,7.1,0.3
1782760769.282,0.0,0.0,0.0,0.3,11:12,0.0,00:01,0.0,7.1,0.3
1782760774.297,0.0,0.0,0.0,0.3,11:12,0.0,00:01,0.0,7.1,0.3
1782760779.307,0.0,0.0,0.0,0.3,11:12,0.0,00:01,0.0,7.1,0.3
1782760784.318,0.0,0.0,0.0,0.3,11:12,0.0,00:01,0.0,7.1,0.3
1782760789.334,0.0,0.0,0.0,0.3,11:12,0.0,00:01,0.0,7.1,0.3
1782760794.34,0.0,0.0,0.0,0.3,11:12,0.0,00:01,0.0,7.1,0.3
1782760799.35,0.0,0.0,0.0,0.3,11:12,0.0,00:01,0.0,7.1,0.3
1782760804.365,0.0,0.0,0.0,0.3,11:12,0.0,00:01,0.0,7.1,0.3
1782760809.379,0.0,0.0,0.0,0.3,11:12,0.0,00:01,0.0,7.1,0.3
1782760814.39,0.0,0.0,0.0,0.3,11:12,0.0,00:01,0.0,7.1,0.3
1782760819.397,0.0,0.0,0.0,0.3,11:12,0.0,00:01,0.0,7.1,0.3
1782760824.412,0.0,0.0,0.0,0.3,11:12,0.0,00:01,0.0,7.1,0.3
1782760829.426,0.0,0.0,0.0,0.3,11:12,0.0,00:01,0.0,7.1,0.3
1782760834.436,0.0,0.0,0.0,0.3,11:12,0.0,00:01,0.0,7.1,0.3
1782760839.443,0.0,0.0,0.0,0.3,11:12,0.0,00:01,0.0,7.1,0.3
1782760844.457,0.0,0.0,0.0,0.3,11:12,0.0,00:01,0.0,7.1,0.3
1782760849.467,0.0,0.0,0.0,0.3,11:12,0.0,00:01,0.0,7.1,0.3
1782760854.479,0.0,0.0,0.0,0.3,11:12,0.0,00:01,0.0,7.1,0.3
1782760859.496,0.0,0.0,0.0,0.3,11:12,0.0,00:01,0.0,7.1,0.3
1782760864.502,0.0,0.0,0.0,0.3,11:12,0.0,00:01,0.0,7.1,0.3
1782760869.515,0.0,0.0,0.0,0.3,11:12,0.0,00:01,0.0,7.1,0.3
1782760874.522,0.0,0.0,0.0,0.3,11:12,0.0,00:01,0.0,7.1,0.3
1782760879.532,0.0,0.0,0.0,0.3,11:12,0.0,00:01,0.0,7.1,0.3
1782760884.541,0.0,0.0,0.0,0.3,11:12,0.0,00:01,0.0,7.1,0.3
1782760889.548,0.0,0.0,0.0,0.3,11:12,0.0,00:01,0.0,7.1,0.3
1782760894.556,0.0,0.0,0.0,0.3,11:12,0.0,00:01,0.0,7.1,0.3
1782760899.566,0.0,0.0,0.0,0.3,11:12,0.0,00:01,0.0,7.1,0.3
1782760904.576,0.0,0.0,0.0,0.3,11:12,0.0,00:01,0.0,7.1,0.3
1782760909.58,0.0,0.0,0.0,0.3,11:12,0.0,00:01,0.0,7.1,0.3
1782760914.591,0.0,0.0,0.0,0.3,11:12,0.0,00:01,0.0,7.1,0.3
1782760919.599,0.0,0.0,0.0,0.3,11:12,0.0,00:01,0.0,7.1,0.3
1782760924.609,0.0,0.0,0.0,0.3,11:12,0.0,00:01,0.0,7.1,0.3
1782760929.62,0.0,0.0,0.0,0.3,11:12,0.0,00:01,0.0,7.1,0.3
1782760934.625,0.0,0.0,0.0,0.3,11:12,0.0,00:01,0.0,7.1,0.3
1782760939.635,0.0,0.0,0.0,0.3,11:12,0.0,00:01,0.0,7.1,0.3
1782760944.646,0.0,0.0,0.0,0.3,11:12,0.0,00:01,0.0,7.1,0.3
1782760949.653,0.0,0.0,0.0,0.3,11:12,0.0,00:01,0.0,7.1,0.3
1782760954.662,0.0,0.0,0.0,0.3,11:12,0.0,00:01,0.0,7.1,0.3
1782760959.669,0.0,0.0,0.0,0.3,11:12,0.0,00:01,0.0,7.1,0.3
1782760964.676,0.0,0.0,0.0,0.3,11:12,0.0,00:01,0.0,7.1,0.3
1782760969.686,0.0,0.0,0.0,0.3,11:12,0.0,00:01,0.0,7.1,0.3
1782760974.696,0.0,0.0,0.0,0.3,11:12,0.0,00:01,0.0,7.1,0.3
1782760979.7,0.0,0.0,0.0,0.3,11:12,0.0,00:01,0.0,7.1,0.3
1782760984.711,0.0,0.0,0.0,0.3,11:12,0.0,00:01,0.0,7.1,0.3
1782760989.717,0.0,0.0,0.0,0.3,11:12,0.0,00:01,0.0,7.1,0.3
1782760994.724,0.0,0.0,0.0,0.3,11:12,0.0,00:01,0.0,7.1,0.3
1782760999.737,0.0,0.0,0.0,0.3,11:12,0.0,00:01,0.0,7.1,0.3
1782761004.742,0.0,0.0,0.0,0.3,11:12,0.0,00:01,0.0,7.1,0.3
1782761009.75,0.0,0.0,0.0,0.3,11:12,0.0,00:01,0.0,7.1,0.3
1782761014.758,0.0,0.0,0.0,0.3,11:12,0.0,00:01,0.0,7.1,0.3
1782761019.767,0.0,0.0,0.0,0.3,11:12,0.0,00:01,0.0,7.1,0.3
1782761024.777,0.0,0.0,0.0,0.3,11:12,0.0,00:01,0.0,7.1,0.3
1782761029.784,0.0,0.0,0.0,0.3,11:12,0.0,00:01,0.0,7.1,0.3
1782761034.793,0.0,0.0,0.0,0.3,11:12,0.0,00:01,0.0,7.1,0.3
1782761039.806,0.0,0.0,0.0,0.3,11:12,0.0,00:01,0.0,7.1,0.3
1782761044.824,0.0,0.0,0.0,0.3,11:12,0.0,00:01,0.0,7.1,0.3
1782761049.836,0.0,0.0,0.0,0.3,11:12,0.0,00:01,0.0,7.1,0.3
1782761054.84,0.0,0.0,0.0,0.3,11:12,0.0,00:01,0.0,7.1,0.3
1782761059.851,0.0,0.0,0.0,0.3,11:12,0.0,00:01,0.0,7.1,0.3
1782761064.861,0.0,0.0,0.0,0.3,11:12,0.0,00:01,0.0,7.1,0.3
1782761069.876,0.0,0.0,0.0,0.3,11:12,0.0,00:01,0.0,7.1,0.3
1782761074.878,0.0,0.0,0.0,0.3,11:12,0.0,00:01,0.0,7.1,0.3
1782761079.889,0.0,0.0,0.0,0.3,11:12,0.0,00:01,0.0,7.1,0.3
1782761084.902,0.0,0.0,0.0,0.3,11:12,0.0,00:01,0.0,7.1,0.3
1782761089.918,0.0,0.0,0.0,0.3,11:12,0.0,00:01,0.0,7.1,0.3
1782761094.93,0.0,0.0,0.0,0.3,11:12,0.0,00:01,0.0,7.1,0.3
1782761099.932,0.0,0.0,0.0,0.3,11:12,0.0,00:01,0.0,7.1,0.3
1782761104.944,0.0,0.0,0.0,0.3,11:12,0.0,00:01,0.0,7.1,0.3
1782761109.958,0.0,0.0,0.0,0.3,11:12,0.0,00:01,0.0,7.1,0.3
1782761114.971,0.0,0.0,0.0,0.3,11:12,0.0,00:01,0.0,7.1,0.3
1782761119.982,0.0,0.0,0.0,0.3,11:12,0.0,00:01,0.0,7.1,0.3
1782761124.988,0.0,0.0,0.0,0.3,11:12,0.0,00:01,0.0,7.1,0.3
1782761130.003,0.0,0.0,0.0,0.3,11:12,0.0,00:01,0.0,7.1,0.3
1782761135.014,0.0,0.0,0.0,0.3,11:12,0.0,00:01,0.0,7.1,0.3
1782761140.029,0.0,0.0,0.0,0.3,11:12,0.0,00:01,0.0,7.1,0.3
1782761145.036,0.0,0.0,0.0,0.3,11:12,0.0,00:01,0.0,7.1,0.3
1782761150.048,0.0,0.0,0.0,0.3,11:12,0.0,00:01,0.0,7.1,0.3
1782761155.058,0.0,0.0,0.0,0.3,11:12,0.0,00:01,0.0,7.1,0.3
1782761160.075,0.0,0.0,0.0,0.3,11:12,0.0,00:01,0.0,7.1,0.3
1782761165.086,0.0,0.0,0.0,0.3,11:12,0.0,00:01,0.0,7.1,0.3
1782761170.095,0.0,0.0,0.0,0.3,11:12,0.0,00:01,0.0,7.1,0.3
1782761175.101,0.0,0.0,0.0,0.3,11:12,0.0,00:01,0.0,7.1,0.3
1782761180.115,0.0,0.0,0.0,0.3,11:12,0.0,00:01,0.0,7.1,0.3
1782761185.132,0.0,0.0,0.0,0.3,11:12,0.0,00:01,0.0,7.1,0.3
1782761190.144,0.0,0.0,0.0,0.3,11:12,0.0,00:01,0.0,7.1,0.3
1782761195.15,0.0,0.0,0.0,0.3,11:12,0.0,00:01,0.0,7.1,0.3
1782761200.162,0.0,0.0,0.0,0.3,11:12,0.0,00:01,0.0,7.1,0.3
1782761205.17,0.0,0.0,0.0,0.3,11:12,0.0,00:01,0.0,7.1,0.3
1782761210.183,0.0,0.0,0.0,0.3,11:12,0.0,00:01,0.0,7.1,0.3
1782761215.194,0.0,0.0,0.0,0.3,11:12,0.0,00:01,0.0,7.1,0.3
1782761220.201,0.0,0.0,0.0,0.3,11:12,0.0,00:01,0.0,7.1,0.3
1782761225.211,0.0,0.0,0.0,0.3,11:12,0.0,00:01,0.0,7.1,0.3
1782761230.226,0.0,0.0,0.0,0.3,11:12,0.0,00:01,0.0,7.1,0.3
1782761235.237,0.0,0.0,0.0,0.3,11:12,0.0,00:01,0.0,7.1,0.3
1782761240.24,0.0,0.0,0.0,0.3,11:12,0.0,00:01,0.0,7.1,0.3
1782761245.25,0.0,0.0,0.0,0.3,11:12,0.0,00:01,0.0,7.1,0.3
1782761250.263,0.0,0.0,0.0,0.3,11:12,0.0,00:01,0.0,7.1,0.3
1782761255.278,0.0,0.0,0.0,0.3,11:12,0.0,00:01,0.0,7.1,0.3
1782761260.287,0.0,0.0,0.0,0.3,11:12,0.0,00:01,0.0,7.1,0.3
1782761265.295,0.0,0.0,0.0,0.3,11:12,0.0,00:01,0.0,7.1,0.3
1782761270.305,0.0,0.0,0.0,0.3,11:12,0.0,00:01,0.0,7.1,0.3
1782761275.315,0.0,0.0,0.0,0.3,11:12,0.0,00:01,0.0,7.1,0.3
1782761280.325,0.0,0.0,0.0,0.3,11:12,0.0,00:01,0.0,7.1,0.3
1782761285.335,0.0,0.0,0.0,0.3,11:12,0.0,00:01,0.0,7.1,0.3
1782761290.341,0.0,0.0,0.0,0.3,11:12,0.0,00:01,0.0,7.1,0.3
1782761295.348,0.0,0.0,0.0,0.3,11:12,0.0,00:01,0.0,7.1,0.3
1782761300.36,0.0,0.0,0.0,0.3,11:12,0.0,00:01,0.0,7.1,0.3
1782761305.37,0.0,0.0,0.0,0.3,11:12,0.0,00:01,0.0,7.1,0.3
1782761310.378,0.0,0.0,0.0,0.3,11:12,0.0,00:01,0.0,7.1,0.3
1782761315.386,0.0,0.0,0.0,0.3,11:12,0.0,00:01,0.0,7.1,0.3
1782761320.395,0.0,0.0,0.0,0.3,11:12,0.0,00:01,0.0,7.1,0.3
1782761325.406,0.0,0.0,0.0,0.3,11:12,0.0,00:01,0.0,7.1,0.3
1782761330.415,0.0,0.0,0.0,0.3,11:12,0.0,00:01,0.0,7.1,0.3
1782761335.421,0.0,0.0,0.0,0.3,11:12,0.0,00:01,0.0,7.1,0.3
1782761340.431,0.0,0.0,0.0,0.3,11:12,0.0,00:01,0.0,7.1,0.3
1782761345.442,0.0,0.0,0.0,0.3,11:12,0.0,00:01,0.0,7.1,0.3
1782761350.452,0.0,0.0,0.0,0.3,11:12,0.0,00:01,0.0,7.1,0.3
1782761355.465,0.0,0.0,0.0,0.3,11:12,0.0,00:01,0.0,7.1,0.3
1782761360.468,0.0,0.0,0.0,0.3,11:12,0.0,00:01,0.0,7.1,0.3
1782761365.484,0.0,0.0,0.0,0.3,11:12,0.0,00:01,0.0,7.1,0.3
1782761370.5,0.0,0.0,0.0,0.3,11:12,0.0,00:01,0.0,7.1,0.3
1782761375.512,0.0,0.0,0.0,0.3,11:12,0.0,00:01,0.0,7.1,0.3
1782761380.524,0.0,0.0,0.0,0.3,11:12,0.0,00:01,0.0,7.1,0.3
1782761385.53,0.0,0.0,0.0,0.3,11:12,0.0,00:01,0.0,7.1,0.3
1782761390.537,0.0,0.0,0.0,0.3,11:12,0.0,00:01,0.0,7.1,0.3
1782761395.552,0.0,0.0,0.0,0.3,11:12,0.0,00:01,0.0,7.1,0.3
1782761400.566,0.0,0.0,0.0,0.3,11:12,0.0,00:01,0.0,7.1,0.3
1782761405.572,0.0,0.0,0.0,0.3,11:12,0.0,00:01,0.0,7.1,0.3
1782761410.585,0.0,0.0,0.0,0.3,11:12,0.0,00:01,0.0,7.1,0.3
1782761415.597,0.0,0.0,0.0,0.3,11:12,0.0,00:01,0.0,7.1,0.3
1782761420.612,0.0,0.0,0.0,0.3,11:12,0.0,00:01,0.0,7.1,0.3
1782761425.624,0.0,0.0,0.0,0.3,11:12,0.0,00:01,0.0,7.1,0.3
1782761430.632,0.0,0.0,0.0,0.3,11:12,0.0,00:01,0.0,7.1,0.3
1782761435.64,0.0,0.0,0.0,0.3,11:12,0.0,00:01,0.0,7.1,0.3
1782761440.656,0.0,0.0,0.0,0.3,11:12,0.0,00:01,0.0,7.1,0.3
1782761445.665,0.0,0.0,0.0,0.3,11:12,0.0,00:01,0.0,7.1,0.3
1782761450.678,0.0,0.0,0.0,0.3,11:12,0.0,00:01,0.0,7.1,0.3
1782761455.687,0.0,0.0,0.0,0.3,11:12,0.0,00:01,0.0,7.1,0.3
1782761460.696,0.0,0.0,0.0,0.3,11:12,0.0,00:01,0.0,7.1,0.3
1782761465.711,0.0,0.0,0.0,0.3,11:12,0.0,00:01,0.0,7.1,0.3
1782761470.721,0.0,0.0,0.0,0.3,11:12,0.0,00:01,0.0,7.1,0.3
1782761475.733,0.0,0.0,0.0,0.3,11:12,0.0,00:01,0.0,7.1,0.3
1782761480.736,0.0,0.0,0.0,0.3,11:12,0.0,00:01,0.0,7.1,0.3
1782761485.752,0.0,0.0,0.0,0.3,11:12,0.0,00:01,0.0,7.1,0.3
1782761490.766,0.0,0.0,0.0,0.3,11:12,0.0,00:01,0.0,7.1,0.3
1782761495.774,0.0,0.0,0.0,0.3,11:12,0.0,00:01,0.0,7.1,0.3
1782761500.779,0.0,0.0,0.0,0.3,11:12,0.0,00:01,0.0,7.1,0.3
1782761505.79,0.0,0.0,0.0,0.3,11:12,0.0,00:01,0.0,7.1,0.3
1782761510.805,0.0,0.0,0.0,0.3,11:12,0.0,00:01,0.0,7.1,0.3
1782761515.817,0.0,0.0,0.0,0.3,11:12,0.0,00:01,0.0,7.1,0.3
1782761520.827,0.0,0.0,0.0,0.3,11:12,0.0,00:01,0.0,7.1,0.3
1782761525.832,0.0,0.0,0.0,0.3,11:12,0.0,00:01,0.0,7.1,0.3
1782761530.847,0.0,0.0,0.0,0.3,11:12,0.0,00:01,0.0,7.1,0.3
1782761535.86,0.0,0.0,0.0,0.3,11:12,0.0,00:01,0.0,7.1,0.3
1782761540.874,0.0,0.0,0.0,0.3,11:12,0.0,00:01,0.0,7.1,0.3
1782761545.886,0.0,0.0,0.0,0.3,11:12,0.0,00:01,0.0,7.1,0.3
1782761550.892,0.0,0.0,0.0,0.3,11:12,0.0,00:01,0.0,7.1,0.3
1782761555.902,0.0,0.0,0.0,0.3,11:12,0.0,00:01,0.0,7.1,0.3
1782761560.914,0.0,0.0,0.0,0.3,11:12,0.0,00:01,0.0,7.1,0.3
1782761565.922,0.0,0.0,0.0,0.3,11:12,0.0,00:01,0.0,7.1,0.3
1782761570.933,0.0,0.0,0.0,0.3,11:12,0.0,00:01,0.0,7.1,0.3
1782761575.938,0.0,0.0,0.0,0.3,11:12,0.0,00:01,0.0,7.1,0.3
1782761580.947,0.0,0.0,0.0,0.3,11:12,0.0,00:01,0.0,7.1,0.3
1782761585.956,0.0,0.0,0.0,0.3,11:12,0.0,00:01,0.0,7.1,0.3
1782761590.967,0.0,0.0,0.0,0.3,11:12,0.0,00:01,0.0,7.1,0.3
1782761595.972,0.0,0.0,0.0,0.3,11:12,0.0,00:01,0.0,7.1,0.3
1782761600.986,0.0,0.0,0.0,0.3,11:12,0.0,00:01,0.0,7.1,0.3
1782761605.996,0.0,0.0,0.0,0.3,11:12,0.0,00:01,0.0,7.1,0.3
1782761611.006,0.0,0.0,0.0,0.3,11:12,0.0,00:01,0.0,7.1,0.3
1782761616.018,0.0,0.0,0.0,0.3,11:12,0.0,00:01,0.0,7.1,0.3
1782761621.02,0.0,0.0,0.0,0.3,11:12,0.0,00:01,0.0,7.1,0.3
1782761626.033,0.0,0.0,0.0,0.3,11:12,0.0,00:01,0.0,7.1,0.3
1782761631.046,0.0,0.0,0.0,0.3,11:12,0.0,00:01,0.0,7.1,0.3
1782761636.059,0.0,0.0,0.0,0.3,11:12,0.0,00:01,0.0,7.1,0.3
1782761641.067,0.0,0.0,0.0,0.3,11:12,0.0,00:01,0.0,7.1,0.3
1782761646.072,0.0,0.0,0.0,0.3,11:12,0.0,00:01,0.0,7.1,0.3
1782761651.087,0.0,0.0,0.0,0.3,11:12,0.0,00:01,0.0,7.1,0.3
1782761656.1,0.0,0.0,0.0,0.3,11:12,0.0,00:01,0.0,7.1,0.3
1782761661.113,0.0,0.0,0.0,0.3,11:12,0.0,00:01,0.0,7.1,0.3
1782761666.116,0.0,0.0,0.0,0.3,11:12,0.0,00:01,0.0,7.1,0.3
1782761671.13,0.0,0.0,0.0,0.3,11:12,0.0,00:01,0.0,7.1,0.3
1782761676.143,0.0,0.0,0.0,0.3,11:12,0.0,00:01,0.0,7.1,0.3
1782761681.155,0.0,0.0,0.0,0.3,11:12,0.0,00:01,0.0,7.1,0.3
1782761686.169,0.0,0.0,0.0,0.3,11:12,0.0,00:01,0.0,7.1,0.3
1782761691.176,0.0,0.0,0.0,0.3,11:12,0.0,00:01,0.0,7.1,0.3
1782761696.193,0.0,0.0,0.0,0.3,11:12,0.0,00:01,0.0,7.1,0.3
1782761701.207,0.0,0.0,0.0,0.3,11:12,0.0,00:01,0.0,7.1,0.3
1782761706.216,0.0,0.0,0.0,0.3,11:12,0.0,00:01,0.0,7.1,0.3
1782761711.226,0.0,0.0,0.0,0.3,11:12,0.0,00:01,0.0,7.1,0.3
1782761716.234,0.0,0.0,0.0,0.3,11:12,0.0,00:01,0.0,7.1,0.3
1782761721.246,0.0,0.0,0.0,0.3,11:12,0.0,00:01,0.0,7.1,0.3
1782761726.262,0.0,0.0,0.0,0.3,11:12,0.0,00:01,0.0,7.1,0.3
1782761731.273,0.0,0.0,0.0,0.3,11:12,0.0,00:01,0.0,7.1,0.3
1782761736.28,0.0,0.0,0.0,0.3,11:12,0.0,00:01,0.0,7.1,0.3
1782761741.29,0.0,0.0,0.0,0.3,11:12,0.0,00:01,0.0,7.1,0.3
1782761746.303,0.0,0.0,0.0,0.3,11:12,0.0,00:01,0.0,7.1,0.3
1782761751.312,0.0,0.0,0.0,0.3,11:12,0.0,00:01,0.0,7.1,0.3
1782761756.326,0.0,0.0,0.0,0.3,11:12,0.0,00:01,0.0,7.1,0.3
1782761761.332,0.0,0.0,0.0,0.3,11:12,0.0,00:01,0.0,7.1,0.3
1782761766.343,0.0,0.0,0.0,0.3,11:12,0.0,00:01,0.0,7.1,0.3
1782761771.355,0.0,0.0,0.0,0.3,11:12,0.0,00:01,0.0,7.1,0.3
1782761776.367,0.0,0.0,0.0,0.3,11:12,0.0,00:01,0.0,7.1,0.3
1782761781.379,0.0,0.0,0.0,0.3,11:12,0.0,00:01,0.0,7.1,0.3
1782761786.384,0.0,0.0,0.0,0.3,11:12,0.0,00:01,0.0,7.1,0.3
1782761791.399,0.0,0.0,0.0,0.3,11:12,0.0,00:01,0.0,7.1,0.3
1782761796.411,0.0,0.0,0.0,0.3,11:12,0.0,00:01,0.0,7.1,0.3
1782761801.424,0.0,0.0,0.0,0.3,11:12,0.0,00:01,0.0,7.1,0.3
1782761806.435,0.0,0.0,0.0,0.3,11:12,0.0,00:01,0.0,7.1,0.3
1782761811.44,0.0,0.0,0.0,0.3,11:12,0.0,00:01,0.0,7.1,0.3
1782761816.457,0.0,0.0,0.0,0.3,11:12,0.0,00:01,0.0,7.1,0.3
1782761821.467,0.0,0.0,0.0,0.3,11:12,0.0,00:01,0.0,7.1,0.3
1782761826.482,0.0,0.0,0.0,0.3,11:12,0.0,00:01,0.0,7.1,0.3
1782761831.487,0.0,0.0,0.0,0.3,11:12,0.0,00:01,0.0,7.1,0.3
1782761836.503,0.0,0.0,0.0,0.3,11:12,0.0,00:01,0.0,7.1,0.3
1782761841.515,0.0,0.0,0.0,0.3,11:12,0.0,00:01,0.0,7.1,0.3
1782761846.527,0.0,0.0,0.0,0.3,11:12,0.0,00:01,0.0,7.1,0.3
1782761851.539,0.0,0.0,0.0,0.3,11:12,0.0,00:01,0.0,7.1,0.3
1782761856.546,0.0,0.0,0.0,0.3,11:12,0.0,00:01,0.0,7.1,0.3
1782761861.562,0.0,0.0,0.0,0.3,11:12,0.0,00:01,0.0,7.1,0.3
1782761866.574,0.0,0.0,0.0,0.3,11:12,0.0,00:01,0.0,7.1,0.3
1782761871.583,0.0,0.0,0.0,0.3,11:12,0.0,00:01,0.0,7.1,0.3
1782761876.596,0.0,0.0,0.0,0.3,11:12,0.0,00:01,0.0,7.1,0.3
1782761881.606,0.0,0.0,0.0,0.3,11:12,0.0,00:01,0.0,7.1,0.3
1782761886.622,0.0,0.0,0.0,0.3,11:12,0.0,00:01,0.0,7.1,0.3
1782761891.629,0.0,0.0,0.0,0.3,11:12,0.0,00:01,0.0,7.1,0.3
1782761896.639,0.0,0.0,0.0,0.3,11:12,0.0,00:01,0.0,7.1,0.3
1782761901.65,0.0,0.0,0.0,0.3,11:12,0.0,00:01,0.0,7.1,0.3
1782761906.654,0.0,0.0,0.0,0.3,11:12,0.0,00:01,0.0,7.1,0.3
1782761911.663,0.0,0.0,0.0,0.3,11:12,0.0,00:01,0.0,7.1,0.3
1782761916.671,0.0,0.0,0.0,0.3,11:12,0.0,00:01,0.0,7.1,0.3
1782761921.683,0.0,0.0,0.0,0.3,11:12,0.0,00:01,0.0,7.1,0.3
1782761926.688,0.0,0.0,0.0,0.3,11:12,0.0,00:01,0.0,7.1,0.3
1782761931.703,0.0,0.0,0.0,0.3,11:12,0.0,00:01,0.0,7.1,0.3
1782761936.716,0.0,0.0,0.0,0.3,11:12,0.0,00:01,0.0,7.1,0.3
1782761941.726,0.0,0.0,0.0,0.3,11:12,0.0,00:01,0.0,7.1,0.3
1782761946.735,0.0,0.0,0.0,0.3,11:12,0.0,00:01,0.0,7.1,0.3
1782761951.739,0.0,0.0,0.0,0.3,11:12,0.0,00:01,0.0,7.1,0.3
1782761956.754,0.0,0.0,0.0,0.3,11:12,0.0,00:01,0.0,7.1,0.3
1782761961.766,0.0,0.0,0.0,0.3,11:12,0.0,00:01,0.0,7.1,0.3
1782761966.777,0.0,0.0,0.0,0.3,11:12,0.0,00:01,0.0,7.1,0.3
1782761971.79,0.0,0.0,0.0,0.3,11:12,0.0,00:01,0.0,7.1,0.3
1782761976.796,0.0,0.0,0.0,0.3,11:12,0.0,00:01,0.0,7.1,0.3
1782761981.809,0.0,0.0,0.0,0.3,11:12,0.0,00:01,0.0,7.1,0.3
1782761986.818,0.0,0.0,0.0,0.3,11:12,0.0,00:01,0.0,7.1,0.3
1782761991.828,0.0,0.0,0.0,0.3,11:12,0.0,00:01,0.0,7.1,0.3
1782761996.83,0.0,0.0,0.0,0.3,11:12,0.0,00:01,0.0,7.1,0.3
1782762001.841,0.0,0.0,0.0,0.3,11:12,0.0,00:01,0.0,7.1,0.3
1782762006.851,0.0,0.0,0.0,0.3,11:12,0.0,00:01,0.0,7.1,0.3
1782762011.861,0.0,0.0,0.0,0.3,11:12,0.0,00:01,0.0,7.1,0.3
1782762016.866,0.0,0.0,0.0,0.3,11:12,0.0,00:01,0.0,7.1,0.3
1782762021.868,0.0,0.0,0.0,0.3,11:12,0.0,00:01,0.0,7.1,0.3
1782762026.881,0.0,0.0,0.0,0.3,11:12,0.0,00:01,0.0,7.1,0.3
1782762031.891,0.0,0.0,0.0,0.3,11:12,0.0,00:01,0.0,7.1,0.3
1782762036.9,0.0,0.0,0.0,0.3,11:12,0.0,00:01,0.0,7.1,0.3
1782762041.91,0.0,0.0,0.0,0.3,11:12,0.0,00:01,0.0,7.1,0.3
1782762046.916,0.0,0.0,0.0,0.3,11:12,0.0,00:01,0.0,7.1,0.3
1782762051.928,0.0,0.0,0.0,0.3,11:12,0.0,00:01,0.0,7.1,0.3
1782762056.942,0.0,0.0,0.0,0.3,11:12,0.0,00:01,0.0,7.1,0.3
1782762061.949,0.0,0.0,0.0,0.3,11:12,0.0,00:01,0.0,7.1,0.3
1782762066.956,0.0,0.0,0.0,0.3,11:12,0.0,00:01,0.0,7.1,0.3
1782762071.971,0.0,0.0,0.0,0.3,11:12,0.0,00:01,0.0,7.1,0.3
1782762076.982,0.0,0.0,0.0,0.3,11:12,0.0,00:01,0.0,7.1,0.3
1782762081.995,0.0,0.0,0.0,0.3,11:12,0.0,00:01,0.0,7.1,0.3
1782762087.009,0.0,0.0,0.0,0.3,11:12,0.0,00:01,0.0,7.1,0.3
1782762092.016,0.0,0.0,0.0,0.3,11:12,0.0,00:01,0.0,7.1,0.3
1782762097.032,0.0,0.0,0.0,0.3,11:12,0.0,00:01,0.0,7.1,0.3
1782762102.046,0.0,0.0,0.0,0.3,11:12,0.0,00:01,0.0,7.1,0.3
1782762107.057,0.0,0.0,0.0,0.3,11:12,0.0,00:01,0.0,7.1,0.3
1782762112.07,0.0,0.0,0.0,0.3,11:12,0.0,00:01,0.0,7.1,0.3
1782762117.08,0.0,0.0,0.0,0.3,11:12,0.0,00:01,0.0,7.1,0.3
1782762122.087,0.0,0.0,0.0,0.3,11:12,0.0,00:01,0.0,7.1,0.3
1782762127.101,0.0,0.0,0.0,0.3,11:12,0.0,00:01,0.0,7.1,0.3
1782762132.11,0.0,0.0,0.0,0.3,11:12,0.0,00:01,0.0,7.1,0.3
1782762137.122,0.0,0.0,0.0,0.3,11:12,0.0,00:01,0.0,7.1,0.3
1782762142.133,0.0,0.0,0.0,0.3,11:12,0.0,00:01,0.0,7.1,0.3
1782762147.144,0.0,0.0,0.0,0.3,11:12,0.0,00:01,0.0,7.1,0.3
1782762152.153,0.0,0.0,0.0,0.3,11:12,0.0,00:01,0.0,7.1,0.3
1782762157.167,0.0,0.0,0.0,0.3,11:12,0.0,00:01,0.0,7.1,0.3
1782762162.177,0.0,0.0,0.0,0.3,11:12,0.0,00:01,0.0,7.1,0.3
1782762167.189,0.0,0.0,0.0,0.3,11:12,0.0,00:01,0.0,7.1,0.3
1782762172.202,0.0,0.0,0.0,0.3,11:12,0.0,00:01,0.0,7.1,0.3
1782762177.216,0.0,0.0,0.0,0.3,11:12,0.0,00:01,0.0,7.1,0.3
1782762182.229,0.0,0.0,0.0,0.3,11:12,0.0,00:01,0.0,7.1,0.3
1782762187.237,0.0,0.0,0.0,0.3,11:12,0.0,00:01,0.0,7.1,0.3
1782762192.249,0.0,0.0,0.0,0.3,11:12,0.0,00:01,0.0,7.1,0.3
1782762197.261,0.0,0.0,0.0,0.3,11:12,0.0,00:01,0.0,7.1,0.3
1782762202.273,0.0,0.0,0.0,0.3,11:12,0.0,00:01,0.0,7.1,0.3
1782762207.286,0.0,0.0,0.0,0.3,11:12,0.0,00:01,0.0,7.1,0.3
1782762212.293,0.0,0.0,0.0,0.3,11:12,0.0,00:01,0.0,7.1,0.3
1782762217.304,0.0,0.0,0.0,0.3,11:12,0.0,00:01,0.0,7.1,0.3
1782762222.316,0.0,0.0,0.0,0.3,11:12,0.0,00:01,0.0,7.1,0.3
1782762227.324,0.0,0.0,0.0,0.3,11:12,0.0,00:01,0.0,7.1,0.3
1782762232.335,0.0,0.0,0.0,0.3,11:12,0.0,00:01,0.0,7.1,0.3
1782762237.349,0.0,0.0,0.0,0.3,11:12,0.0,00:01,0.0,7.1,0.3
1782762242.361,0.0,0.0,0.0,0.3,11:12,0.0,00:01,0.0,7.1,0.3
1782762247.367,0.0,0.0,0.0,0.3,11:12,0.0,00:01,0.0,7.1,0.3
1782762252.377,0.0,0.0,0.0,0.3,11:12,0.0,00:01,0.0,7.1,0.3
1782762257.387,0.0,0.0,0.0,0.3,11:12,0.0,00:01,0.0,7.1,0.3
1782762262.399,0.0,0.0,0.0,0.3,11:12,0.0,00:01,0.0,7.1,0.3
1782762267.406,0.0,0.0,0.0,0.3,11:12,0.0,00:01,0.0,7.1,0.3
1782762272.42,0.0,0.0,0.0,0.3,11:12,0.0,00:01,0.0,7.1,0.3
1782762277.432,0.0,0.0,0.0,0.3,11:12,0.0,00:01,0.0,7.1,0.3
1782762282.443,0.0,0.0,0.0,0.3,11:12,0.0,00:01,0.0,7.1,0.3
1782762287.455,0.0,0.0,0.0,0.3,11:12,0.0,00:01,0.0,7.1,0.3
1782762292.467,0.0,0.0,0.0,0.3,11:12,0.0,00:01,0.0,7.1,0.3
1782762297.481,0.0,0.0,0.0,0.3,11:12,0.0,00:01,0.0,7.1,0.3
1782762302.493,0.0,0.0,0.0,0.3,11:12,0.0,00:01,0.0,7.1,0.3
1782762307.5,0.0,0.0,0.0,0.3,11:12,0.0,00:01,0.0,7.1,0.3
1782762312.514,0.0,0.0,0.0,0.3,11:12,0.0,00:01,0.0,7.1,0.3
1782762317.526,0.0,0.0,0.0,0.3,11:12,0.0,00:01,0.0,7.1,0.3
1782762322.534,0.0,0.0,0.0,0.3,11:12,0.0,00:01,0.0,7.1,0.3
1782762327.544,0.0,0.0,0.0,0.3,11:12,0.0,00:01,0.0,7.1,0.3
1782762332.556,0.0,0.0,0.0,0.3,11:12,0.0,00:01,0.0,7.1,0.3
1782762337.566,0.0,0.0,0.0,0.3,11:12,0.0,00:01,0.0,7.1,0.3
1782762342.579,0.0,0.0,0.0,0.3,11:12,0.0,00:01,0.0,7.1,0.3
1782762347.588,0.0,0.0,0.0,0.3,11:12,0.0,00:01,0.0,7.1,0.3
1782762352.597,0.0,0.0,0.0,0.3,11:12,0.0,00:01,0.0,7.1,0.3
1782762357.609,0.0,0.0,0.0,0.3,11:12,0.0,00:01,0.0,7.1,0.3
1782762362.619,0.0,0.0,0.0,0.3,11:12,0.0,00:01,0.0,7.1,0.3
1782762367.631,0.0,0.0,0.0,0.3,11:12,0.0,00:01,0.0,7.1,0.3
1782762372.644,0.0,0.0,0.0,0.3,11:12,0.0,00:01,0.0,7.1,0.3
1782762377.651,0.0,0.0,0.0,0.3,11:12,0.0,00:01,0.0,7.1,0.3
1782762382.664,0.0,0.0,0.0,0.3,11:12,0.0,00:01,0.0,7.1,0.3
1782762387.675,0.0,0.0,0.0,0.3,11:12,0.0,00:01,0.0,7.1,0.3
1782762392.686,0.0,0.0,0.0,0.3,11:12,0.0,00:01,0.0,7.1,0.3
1782762397.695,0.0,0.0,0.0,0.3,11:12,0.0,00:01,0.0,7.1,0.3
1782762402.707,0.0,0.0,0.0,0.3,11:12,0.0,00:01,0.0,7.1,0.3
1782762407.719,0.0,0.0,0.0,0.3,11:12,0.0,00:01,0.0,7.1,0.3
1782762412.731,0.0,0.0,0.0,0.3,11:12,0.0,00:01,0.0,7.1,0.3
1782762417.744,0.0,0.0,0.0,0.3,11:12,0.0,00:01,0.0,7.1,0.3
1782762422.752,0.0,0.0,0.0,0.3,11:12,0.0,00:01,0.0,7.1,0.3
1782762427.767,0.0,0.0,0.0,0.3,11:12,0.0,00:01,0.0,7.1,0.3
1782762432.777,0.0,0.0,0.0,0.3,11:12,0.0,00:01,0.0,7.1,0.3
1782762437.791,0.0,0.0,0.0,0.3,11:12,0.0,00:01,0.0,7.1,0.3
1782762442.801,0.0,0.0,0.0,0.3,11:12,0.0,00:01,0.0,7.1,0.3
1782762447.808,0.0,0.0,0.0,0.3,11:12,0.0,00:01,0.0,7.1,0.3
1782762452.823,0.0,0.0,0.0,0.3,11:12,0.0,00:01,0.0,7.1,0.3
1782762457.837,0.0,0.0,0.0,0.3,11:12,0.0,00:01,0.0,7.1,0.3
1782762462.844,0.0,0.0,0.0,0.3,11:12,0.0,00:01,0.0,7.1,0.3
1782762467.859,0.0,0.0,0.0,0.3,11:12,0.0,00:01,0.0,7.1,0.3
1782762472.862,0.0,0.0,0.0,0.3,11:12,0.0,00:01,0.0,7.1,0.3
1782762477.874,0.0,0.0,0.0,0.3,11:12,0.0,00:01,0.0,7.1,0.3
1782762482.889,0.0,0.0,0.0,0.3,11:12,0.0,00:01,0.0,7.1,0.3
1782762487.901,0.0,0.0,0.0,0.3,11:12,0.0,00:01,0.0,7.1,0.3
1782762492.908,0.0,0.0,0.0,0.3,11:12,0.0,00:01,0.0,7.1,0.3
1782762497.916,0.0,0.0,0.0,0.3,11:12,0.0,00:01,0.0,7.1,0.3
1782762502.924,0.0,0.0,0.0,0.3,11:12,0.0,00:01,0.0,7.1,0.3
1782762507.934,0.0,0.0,0.0,0.3,11:12,0.0,00:01,0.0,7.1,0.3
1782762512.95,0.0,0.0,0.0,0.3,11:12,0.0,00:01,0.0,7.1,0.3
1782762517.957,0.0,0.0,0.0,0.3,11:12,0.0,00:01,0.0,7.1,0.3
1782762522.968,0.0,0.0,0.0,0.3,11:12,0.0,00:01,0.0,7.1,0.3
1782762527.982,0.0,0.0,0.0,0.3,11:12,0.0,00:01,0.0,7.1,0.3
1782762532.994,0.0,0.0,0.0,0.3,11:12,0.0,00:01,0.0,7.1,0.3
1782762538.008,0.0,0.0,0.0,0.3,11:12,0.0,00:01,0.0,7.1,0.3
1782762543.019,0.0,0.0,0.0,0.3,11:12,0.0,00:01,0.0,7.1,0.3
1782762548.03,0.0,0.0,0.0,0.3,11:12,0.0,00:01,0.0,7.1,0.3
1782762553.042,0.0,0.0,0.0,0.3,11:12,0.0,00:01,0.0,7.1,0.3
1782762558.057,0.0,0.0,0.0,0.3,11:12,0.0,00:01,0.0,7.1,0.3
1782762563.07,0.0,0.0,0.0,0.3,11:12,0.0,00:01,0.0,7.1,0.3
1782762568.078,0.0,0.0,0.0,0.3,11:12,0.0,00:01,0.0,7.1,0.3
1782762573.086,0.0,0.0,0.0,0.3,11:12,0.0,00:01,0.0,7.1,0.3
1782762578.092,0.0,0.0,0.0,0.3,11:12,0.0,00:01,0.0,7.1,0.3
1782762583.109,0.0,0.0,0.0,0.3,11:12,0.0,00:01,0.0,7.1,0.3
1782762588.112,0.0,0.0,0.0,0.3,11:12,0.0,00:01,0.0,7.1,0.3
1782762593.127,0.0,0.0,0.0,0.3,11:12,0.0,00:01,0.0,7.1,0.3
1782762598.14,0.0,0.0,0.0,0.3,11:12,0.0,00:01,0.0,7.1,0.3
1782762603.148,0.0,0.0,0.0,0.3,11:12,0.0,00:01,0.0,7.1,0.3
1782762608.161,0.0,0.0,0.0,0.3,11:12,0.0,00:01,0.0,7.1,0.3
1782762613.168,0.0,0.0,0.0,0.3,11:12,0.0,00:01,0.0,7.1,0.3
1782762618.18,0.0,0.0,0.0,0.3,11:12,0.0,00:01,0.0,7.1,0.3
1782762623.191,0.0,0.0,0.0,0.3,11:12,0.0,00:01,0.0,7.1,0.3
1782762628.205,0.0,0.0,0.0,0.3,11:12,0.0,00:01,0.0,7.1,0.3
1782762633.219,0.0,0.0,0.0,0.3,11:12,0.0,00:01,0.0,7.1,0.3
1782762638.225,0.0,0.0,0.0,0.3,11:12,0.0,00:01,0.0,7.1,0.3
1782762643.239,0.0,0.0,0.0,0.3,11:12,0.0,00:01,0.0,7.1,0.3
1782762648.25,0.0,0.0,0.0,0.3,11:12,0.0,00:01,0.0,7.1,0.3
1782762653.265,0.0,0.0,0.0,0.3,11:12,0.0,00:01,0.0,7.1,0.3
1782762658.279,0.0,0.0,0.0,0.3,11:12,0.0,00:01,0.0,7.1,0.3
1782762663.286,0.0,0.0,0.0,0.3,11:12,0.0,00:01,0.0,7.1,0.3
1782762668.297,0.0,0.0,0.0,0.3,11:12,0.0,00:01,0.0,7.1,0.3
1782762673.31,0.0,0.0,0.0,0.3,11:12,0.0,00:01,0.0,7.1,0.3
1782762678.325,0.0,0.0,0.0,0.3,11:12,0.0,00:01,0.0,7.1,0.3
1782762683.331,0.0,0.0,0.0,0.3,11:12,0.0,00:01,0.0,7.1,0.3
1782762688.344,0.0,0.0,0.0,0.3,11:12,0.0,00:01,0.0,7.1,0.3
1782762693.351,0.0,0.0,0.0,0.3,11:12,0.0,00:01,0.0,7.1,0.3
1782762698.364,0.0,0.0,0.0,0.3,11:12,0.0,00:01,0.0,7.1,0.3
1782762703.375,0.0,0.0,0.0,0.3,11:12,0.0,00:01,0.0,7.1,0.3
1782762708.382,0.0,0.0,0.0,0.3,11:12,0.0,00:01,0.0,7.1,0.3
1782762713.394,0.0,0.0,0.0,0.3,11:12,0.0,00:01,0.0,7.1,0.3
1782762718.401,0.0,0.0,0.0,0.3,11:12,0.0,00:01,0.0,7.1,0.3
1782762723.412,0.0,0.0,0.0,0.3,11:12,0.0,00:01,0.0,7.1,0.3
1782762728.422,0.0,0.0,0.0,0.3,11:12,0.0,00:01,0.0,7.1,0.3
1782762733.426,0.0,0.0,0.0,0.3,11:12,0.0,00:01,0.0,7.1,0.3
1782762738.432,0.0,0.0,0.0,0.3,11:12,0.0,00:01,0.0,7.1,0.3
1782762743.44,0.0,0.0,0.0,0.3,11:12,0.0,00:01,0.0,7.1,0.3
1782762748.447,0.0,0.0,0.0,0.3,11:12,0.0,00:01,0.0,7.1,0.3
1782762753.453,0.0,0.0,0.0,0.3,11:12,0.0,00:01,0.0,7.1,0.3
1782762758.46,0.0,0.0,0.0,0.3,11:12,0.0,00:01,0.0,7.1,0.3
1782762763.47,0.0,0.0,0.0,0.3,11:12,0.0,00:01,0.0,7.1,0.3
1782762768.482,0.0,0.0,0.0,0.3,11:12,0.0,00:01,0.0,7.1,0.3
1782762773.492,0.0,0.0,0.0,0.3,11:12,0.0,00:01,0.0,7.1,0.3
1782762778.496,0.0,0.0,0.0,0.3,11:12,0.0,00:01,0.0,7.1,0.3
1782762783.507,0.0,0.0,0.0,0.3,11:12,0.0,00:01,0.0,7.1,0.3
1782762788.514,0.0,0.0,0.0,0.3,11:12,0.0,00:01,0.0,7.1,0.3
1782762793.522,0.0,0.0,0.0,0.3,11:12,0.0,00:01,0.0,7.1,0.3
1782762798.532,0.0,0.0,0.0,0.3,11:12,0.0,00:01,0.0,7.1,0.3
1782762803.539,0.0,0.0,0.0,0.3,11:12,0.0,00:01,0.0,7.1,0.3
1782762808.553,0.0,0.0,0.0,0.3,11:12,0.0,00:01,0.0,7.1,0.3
1782762813.56,0.0,0.0,0.0,0.3,11:12,0.0,00:01,0.0,7.1,0.3
1782762818.568,0.0,0.0,0.0,0.3,11:12,0.0,00:01,0.0,7.1,0.3
1782762823.574,0.0,0.0,0.0,0.3,11:12,0.0,00:01,0.0,7.1,0.3
1782762828.584,0.0,0.0,0.0,0.3,11:12,0.0,00:01,0.0,7.1,0.3
1782762833.596,0.0,0.0,0.0,0.3,11:12,0.0,00:01,0.0,7.1,0.3
1782762838.613,0.0,0.0,0.0,0.3,11:12,0.0,00:01,0.0,7.1,0.3
1782762843.625,0.0,0.0,0.0,0.3,11:12,0.0,00:01,0.0,7.1,0.3
1782762848.632,0.0,0.0,0.0,0.3,11:12,0.0,00:01,0.0,7.1,0.3
1782762853.648,0.0,0.0,0.0,0.3,11:12,0.0,00:01,0.0,7.1,0.3
1782762858.66,0.0,0.0,0.0,0.3,11:12,0.0,00:01,0.0,7.1,0.3
1782762863.674,0.0,0.0,0.0,0.3,11:12,0.0,00:01,0.0,7.1,0.3
1782762868.686,0.0,0.0,0.0,0.3,11:12,0.0,00:01,0.0,7.1,0.3
1782762873.693,0.0,0.0,0.0,0.3,11:12,0.0,00:01,0.0,7.1,0.3
1782762878.705,0.0,0.0,0.0,0.3,11:12,0.0,00:01,0.0,7.1,0.3
1782762883.717,0.0,0.0,0.0,0.3,11:12,0.0,00:01,0.0,7.1,0.3
1782762888.732,0.0,0.0,0.0,0.3,11:12,0.0,00:01,0.0,7.1,0.3
1782762893.746,0.0,0.0,0.0,0.3,11:12,0.0,00:01,0.0,7.1,0.3
1782762898.755,0.0,0.0,0.0,0.3,11:12,0.0,00:01,0.0,7.1,0.3
1782762903.762,0.0,0.0,0.0,0.3,11:12,0.0,00:01,0.0,7.1,0.3
1782762908.778,0.0,0.0,0.0,0.3,11:12,0.0,00:01,0.0,7.1,0.3
1782762913.791,0.0,0.0,0.0,0.3,11:12,0.0,00:01,0.0,7.1,0.3
1782762918.796,0.0,0.0,0.0,0.3,11:12,0.0,00:01,0.0,7.1,0.3
1782762923.809,0.0,0.0,0.0,0.3,11:12,0.0,00:01,0.0,7.1,0.3
1782762928.824,0.0,0.0,0.0,0.3,11:12,0.0,00:01,0.0,7.1,0.3
1782762933.837,0.0,0.0,0.0,0.3,11:12,0.0,00:01,0.0,7.1,0.3
1782762938.851,0.0,0.0,0.0,0.3,11:12,0.0,00:01,0.0,7.1,0.3
1782762943.858,0.0,0.0,0.0,0.3,11:12,0.0,00:01,0.0,7.1,0.3
1782762948.87,0.0,0.0,0.0,0.3,11:12,0.0,00:01,0.0,7.1,0.3
1782762953.886,0.0,0.0,0.0,0.3,11:12,0.0,00:01,0.0,7.1,0.3
1782762958.896,0.0,0.0,0.0,0.3,11:12,0.0,00:01,0.0,7.1,0.3
1782762963.906,0.0,0.0,0.0,0.3,11:12,0.0,00:01,0.0,7.1,0.3
1782762968.915,0.0,0.0,0.0,0.3,11:12,0.0,00:01,0.0,7.1,0.3
1782762973.925,0.0,0.0,0.0,0.3,11:12,0.0,00:01,0.0,7.1,0.3
1782762978.94,0.0,0.0,0.0,0.3,11:12,0.0,00:01,0.0,7.1,0.3
1782762983.955,0.0,0.0,0.0,0.3,11:12,0.0,00:01,0.0,7.1,0.3
1782762988.966,0.0,0.0,0.0,0.3,11:12,0.0,00:01,0.0,7.1,0.3
1782762993.973,0.0,0.0,0.0,0.3,11:12,0.0,00:01,0.0,7.1,0.3
1782762998.988,0.0,0.0,0.0,0.3,11:12,0.0,00:01,0.0,7.1,0.3
1782763004.002,0.0,0.0,0.0,0.3,11:12,0.0,00:01,0.0,7.1,0.3
1782763009.013,0.0,0.0,0.0,0.3,11:12,0.0,00:01,0.0,7.1,0.3
1782763014.018,0.0,0.0,0.0,0.3,11:12,0.0,00:01,0.0,7.1,0.3
1782763019.028,0.0,0.0,0.0,0.3,11:12,0.0,00:01,0.0,7.1,0.3
1782763024.043,0.0,0.0,0.0,0.3,11:12,0.0,00:01,0.0,7.1,0.3
1782763029.058,0.0,0.0,0.0,0.3,11:12,0.0,00:01,0.0,7.1,0.3
1782763034.065,0.0,0.0,0.0,0.3,11:12,0.0,00:01,0.0,7.1,0.3
1782763039.074,0.0,0.0,0.0,0.3,11:12,0.0,00:01,0.0,7.1,0.3
1782763044.084,0.0,0.0,0.0,0.3,11:12,0.0,00:01,0.0,7.1,0.3
1782763049.101,0.0,0.0,0.0,0.3,11:12,0.0,00:01,0.0,7.1,0.3
1782763054.116,0.0,0.0,0.0,0.3,11:12,0.0,00:01,0.0,7.1,0.3
1782763059.126,0.0,0.0,0.0,0.3,11:12,0.0,00:01,0.0,7.1,0.3
1782763064.133,0.0,0.0,0.0,0.3,11:12,0.0,00:01,0.0,7.1,0.3
1782763069.148,0.0,0.0,0.0,0.3,11:12,0.0,00:01,0.0,7.1,0.3
1782763074.164,0.0,0.0,0.0,0.3,11:12,0.0,00:01,0.0,7.1,0.3
1782763079.174,0.0,0.0,0.0,0.3,11:12,0.0,00:01,0.0,7.1,0.3
1782763084.184,0.0,0.0,0.0,0.3,11:12,0.0,00:01,0.0,7.1,0.3
1782763089.19,0.0,0.0,0.0,0.3,11:12,0.0,00:01,0.0,7.1,0.3
1782763094.205,0.0,0.0,0.0,0.3,11:12,0.0,00:01,0.0,7.1,0.3
1782763099.218,0.0,0.0,0.0,0.3,11:12,0.0,00:01,0.0,7.1,0.3
1782763104.232,0.0,0.0,0.0,0.3,11:12,0.0,00:01,0.0,7.1,0.3
1782763109.239,0.0,0.0,0.0,0.3,11:12,0.0,00:01,0.0,7.1,0.3
1782763114.253,0.0,0.0,0.0,0.3,11:12,0.0,00:01,0.0,7.1,0.3
1782763119.265,0.0,0.0,0.0,0.3,11:12,0.0,00:01,0.0,7.1,0.3
1782763124.277,0.0,0.0,0.0,0.3,11:12,0.0,00:01,0.0,7.1,0.3
1782763129.29,0.0,0.0,0.0,0.3,11:12,0.0,00:01,0.0,7.1,0.3
1782763134.297,0.0,0.0,0.0,0.3,11:12,0.0,00:01,0.0,7.1,0.3
1782763139.312,0.0,0.0,0.0,0.3,11:12,0.0,00:01,0.0,7.1,0.3
1782763144.327,0.0,0.0,0.0,0.3,11:12,0.0,00:01,0.0,7.1,0.3
1782763149.338,0.0,0.0,0.0,0.3,11:12,0.0,00:01,0.0,7.1,0.3
1782763154.351,0.0,0.0,0.0,0.3,11:12,0.0,00:01,0.0,7.1,0.3
1782763159.358,0.0,0.0,0.0,0.3,11:12,0.0,00:01,0.0,7.1,0.3
1782763164.371,0.0,0.0,0.0,0.3,11:12,0.0,00:01,0.0,7.1,0.3
1782763169.385,0.0,0.0,0.0,0.3,11:12,0.0,00:01,0.0,7.1,0.3
1782763174.394,0.0,0.0,0.0,0.3,11:12,0.0,00:01,0.0,7.1,0.3
1782763179.405,0.0,0.0,0.0,0.3,11:12,0.0,00:01,0.0,7.1,0.3
1782763184.408,0.0,0.0,0.0,0.3,11:12,0.0,00:01,0.0,7.1,0.3
1782763189.418,0.0,0.0,0.0,0.3,11:12,0.0,00:01,0.0,7.1,0.3
1782763194.43,0.0,0.0,0.0,0.3,11:12,0.0,00:01,0.0,7.1,0.3
1782763199.443,0.0,0.0,0.0,0.3,11:12,0.0,00:01,0.0,7.1,0.3
1782763204.448,0.0,0.0,0.0,0.3,11:12,0.0,00:01,0.0,7.1,0.3
1782763209.462,0.0,0.0,0.0,0.3,11:12,0.0,00:01,0.0,7.1,0.3
1782763214.478,0.0,0.0,0.0,0.3,11:12,0.0,00:01,0.0,7.1,0.3
1782763219.488,0.0,0.0,0.0,0.3,11:12,0.0,00:01,0.0,7.1,0.3
1782763224.499,0.0,0.0,0.0,0.3,11:12,0.0,00:01,0.0,7.1,0.3
1782763229.504,0.0,0.0,0.0,0.3,11:12,0.0,00:01,0.0,7.1,0.3
1782763234.516,0.0,0.0,0.0,0.3,11:12,0.0,00:01,0.0,7.1,0.3
1782763239.527,0.0,0.0,0.0,0.3,11:12,0.0,00:01,0.0,7.1,0.3
1782763244.539,0.0,0.0,0.0,0.3,11:12,0.0,00:01,0.0,7.1,0.3
1782763249.55,0.0,0.0,0.0,0.3,11:12,0.0,00:01,0.0,7.1,0.3
1782763254.558,0.0,0.0,0.0,0.3,11:12,0.0,00:01,0.0,7.1,0.3
1782763259.573,0.0,0.0,0.0,0.3,11:12,0.0,00:01,0.0,7.1,0.3
1782763264.585,0.0,0.0,0.0,0.3,11:12,0.0,00:01,0.0,7.1,0.3
1782763269.598,0.0,0.0,0.0,0.3,11:12,0.0,00:01,0.0,7.1,0.3
1782763274.607,0.0,0.0,0.0,0.3,11:12,0.0,00:01,0.0,7.1,0.3
1782763279.612,0.0,0.0,0.0,0.3,11:12,0.0,00:01,0.0,7.1,0.3
1782763284.629,0.0,0.0,0.0,0.3,11:12,0.0,00:01,0.0,7.1,0.3
1782763289.642,0.0,0.0,0.0,0.3,11:12,0.0,00:01,0.0,7.1,0.3
1782763294.653,0.0,0.0,0.0,0.3,11:12,0.0,00:01,0.0,7.1,0.3
1782763299.66,0.0,0.0,0.0,0.3,11:12,0.0,00:01,0.0,7.1,0.3
1782763304.675,0.0,0.0,0.0,0.3,11:12,0.0,00:01,0.0,7.1,0.3
1782763309.683,0.0,0.0,0.0,0.3,11:12,0.0,00:01,0.0,7.1,0.3
1782763314.696,0.0,0.0,0.0,0.3,11:12,0.0,00:01,0.0,7.1,0.3
1782763319.708,0.0,0.0,0.0,0.3,11:12,0.0,00:01,0.0,7.1,0.3
1782763324.715,0.0,0.0,0.0,0.3,11:12,0.0,00:01,0.0,7.1,0.3
1782763329.728,0.0,0.0,0.0,0.3,11:12,0.0,00:01,0.0,7.1,0.3
1782763334.741,0.0,0.0,0.0,0.3,11:12,0.0,00:01,0.0,7.1,0.3
1782763339.755,0.0,0.0,0.0,0.3,11:12,0.0,00:01,0.0,7.1,0.3
1782763344.768,0.0,0.0,0.0,0.3,11:12,0.0,00:01,0.0,7.1,0.3
1782763349.775,0.0,0.0,0.0,0.3,11:12,0.0,00:01,0.0,7.1,0.3
1782763354.789,0.0,0.0,0.0,0.3,11:12,0.0,00:01,0.0,7.1,0.3
1782763359.802,0.0,0.0,0.0,0.3,11:12,0.0,00:01,0.0,7.1,0.3
1782763364.812,0.0,0.0,0.0,0.3,11:12,0.0,00:01,0.0,7.1,0.3
1782763369.82,0.0,0.0,0.0,0.3,11:12,0.0,00:01,0.0,7.1,0.3
1782763374.833,0.0,0.0,0.0,0.3,11:12,0.0,00:01,0.0,7.1,0.3
1782763379.844,0.0,0.0,0.0,0.3,11:12,0.0,00:01,0.0,7.1,0.3
1782763384.857,0.0,0.0,0.0,0.3,11:12,0.0,00:01,0.0,7.1,0.3
1782763389.869,0.0,0.0,0.0,0.3,11:12,0.0,00:01,0.0,7.1,0.3
1782763394.874,0.0,0.0,0.0,0.3,11:12,0.0,00:01,0.0,7.1,0.3
1782763399.89,0.0,0.0,0.0,0.3,11:12,0.0,00:01,0.0,7.1,0.3
1782763404.901,0.0,0.0,0.0,0.3,11:12,0.0,00:01,0.0,7.1,0.3
1782763409.912,0.0,0.0,0.0,0.3,11:12,0.0,00:01,0.0,7.1,0.3
1782763414.927,0.0,0.0,0.0,0.3,11:12,0.0,00:01,0.0,7.1,0.3
1782763419.933,0.0,0.0,0.0,0.3,11:12,0.0,00:01,0.0,7.1,0.3
1782763424.95,0.0,0.0,0.0,0.3,11:12,0.0,00:01,0.0,7.1,0.3
1782763429.959,0.0,0.0,0.0,0.3,11:12,0.0,00:01,0.0,7.1,0.3
1782763434.972,0.0,0.0,0.0,0.3,11:12,0.0,00:01,0.0,7.1,0.3
1782763439.985,0.0,0.0,0.0,0.3,11:12,0.0,00:01,0.0,7.1,0.3
1782763444.991,0.0,0.0,0.0,0.3,11:12,0.0,00:01,0.0,7.1,0.3
1782763450.003,0.0,0.0,0.0,0.3,11:12,0.0,00:01,0.0,7.1,0.3
1782763455.016,0.0,0.0,0.0,0.3,11:12,0.0,00:01,0.0,7.1,0.3
1782763460.028,0.0,0.0,0.0,0.3,11:12,0.0,00:01,0.0,7.1,0.3
1782763465.032,0.0,0.0,0.0,0.3,11:12,0.0,00:01,0.0,7.1,0.3
1782763470.05,0.0,0.0,0.0,0.3,11:12,0.0,00:01,0.0,7.1,0.3
1782763475.06,0.0,0.0,0.0,0.3,11:12,0.0,00:01,0.0,7.1,0.3
1782763480.07,0.0,0.0,0.0,0.3,11:12,0.0,00:01,0.0,7.1,0.3
1782763485.083,0.0,0.0,0.0,0.3,11:12,0.0,00:01,0.0,7.1,0.3
1782763490.093,0.0,0.0,0.0,0.3,11:12,0.0,00:01,0.0,7.1,0.3
1782763495.106,0.0,0.0,0.0,0.3,11:12,0.0,00:01,0.0,7.1,0.3
1782763500.119,0.0,0.0,0.0,0.3,11:12,0.0,00:01,0.0,7.1,0.3
1782763505.132,0.0,0.0,0.0,0.3,11:12,0.0,00:01,0.0,7.1,0.3
1782763510.145,0.0,0.0,0.0,0.3,11:12,0.0,00:01,0.0,7.1,0.3
1782763515.152,0.0,0.0,0.0,0.3,11:12,0.0,00:01,0.0,7.1,0.3
1782763520.164,0.0,0.0,0.0,0.3,11:12,0.0,00:01,0.0,7.1,0.3
1782763525.174,0.0,0.0,0.0,0.3,11:12,0.0,00:01,0.0,7.1,0.3
1782763530.183,0.0,0.0,0.0,0.3,11:12,0.0,00:01,0.0,7.1,0.3
1782763535.188,0.0,0.0,0.0,0.3,11:12,0.0,00:01,0.0,7.1,0.3
1782763540.198,0.0,0.0,0.0,0.3,11:12,0.0,00:01,0.0,7.1,0.3
1782763545.207,0.0,0.0,0.0,0.3,11:12,0.0,00:01,0.0,7.1,0.3
1782763550.215,0.0,0.0,0.0,0.3,11:12,0.0,00:01,0.0,7.1,0.3
1782763555.226,0.0,0.0,0.0,0.3,11:12,0.0,00:01,0.0,7.1,0.3
1782763560.235,0.0,0.0,0.0,0.3,11:12,0.0,00:01,0.0,7.1,0.3
1782763565.245,0.0,0.0,0.0,0.3,11:12,0.0,00:01,0.0,7.1,0.3
1782763570.257,0.0,0.0,0.0,0.3,11:12,0.0,00:01,0.0,7.1,0.3
1782763575.265,0.0,0.0,0.0,0.3,11:12,0.0,00:01,0.0,7.1,0.3
1782763580.275,0.0,0.0,0.0,0.3,11:12,0.0,00:01,0.0,7.1,0.3
1782763585.287,0.0,0.0,0.0,0.3,11:12,0.0,00:01,0.0,7.1,0.3
1782763590.295,0.0,0.0,0.0,0.3,11:12,0.0,00:01,0.0,7.1,0.3
1782763595.309,0.0,0.0,0.0,0.3,11:12,0.0,00:01,0.0,7.1,0.3
1782763600.322,0.0,0.0,0.0,0.3,11:12,0.0,00:01,0.0,7.1,0.3
1782763605.331,0.0,0.0,0.0,0.3,11:12,0.0,00:01,0.0,7.1,0.3
1782763610.339,0.0,0.0,0.0,0.3,11:12,0.0,00:01,0.0,7.1,0.3
1782763615.352,0.0,0.0,0.0,0.3,11:12,0.0,00:01,0.0,7.1,0.3
1782763620.364,0.0,0.0,0.0,0.3,11:12,0.0,00:01,0.0,7.1,0.3
1782763625.376,0.0,0.0,0.0,0.3,11:12,0.0,00:01,0.0,7.1,0.3
1782763630.385,0.0,0.0,0.0,0.3,11:12,0.0,00:01,0.0,7.1,0.3
1782763635.397,0.0,0.0,0.0,0.3,11:12,0.0,00:01,0.0,7.1,0.3
1782763640.408,0.0,0.0,0.0,0.3,11:12,0.0,00:01,0.0,7.1,0.3
1782763645.422,0.0,0.0,0.0,0.3,11:12,0.0,00:01,0.0,7.1,0.3
1782763650.433,0.0,0.0,0.0,0.3,11:12,0.0,00:01,0.0,7.1,0.3
1782763655.44,0.0,0.0,0.0,0.3,11:12,0.0,00:01,0.0,7.1,0.3
1782763660.45,0.0,0.0,0.0,0.3,11:12,0.0,00:01,0.0,7.1,0.3
1782763665.46,0.0,0.0,0.0,0.3,11:12,0.0,00:01,0.0,7.1,0.3
1782763670.473,0.0,0.0,0.0,0.3,11:12,0.0,00:01,0.0,7.1,0.3
1782763675.484,0.0,0.0,0.0,0.3,11:12,0.0,00:01,0.0,7.1,0.3
1782763680.488,0.0,0.0,0.0,0.3,11:12,0.0,00:01,0.0,7.1,0.3
1782763685.497,0.0,0.0,0.0,0.3,11:12,0.0,00:01,0.0,7.1,0.3
1782763690.507,0.0,0.0,0.0,0.3,11:12,0.0,00:01,0.0,7.1,0.3
1782763695.517,0.0,0.0,0.0,0.3,11:12,0.0,00:01,0.0,7.1,0.3
1782763700.524,0.0,0.0,0.0,0.3,11:12,0.0,00:01,0.0,7.1,0.3
1782763705.533,0.0,0.0,0.0,0.3,11:12,0.0,00:01,0.0,7.1,0.3
1782763710.543,0.0,0.0,0.0,0.3,11:12,0.0,00:01,0.0,7.1,0.3
1782763715.55,0.0,0.0,0.0,0.3,11:12,0.0,00:01,0.0,7.1,0.3
1782763720.559,0.0,0.0,0.0,0.3,11:12,0.0,00:01,0.0,7.1,0.3
1782763725.564,0.0,0.0,0.0,0.3,11:12,0.0,00:01,0.0,7.1,0.3
1782763730.573,0.0,0.0,0.0,0.3,11:12,0.0,00:01,0.0,7.1,0.3
1782763735.578,0.0,0.0,0.0,0.3,11:12,0.0,00:01,0.0,7.1,0.3
1782763740.586,0.0,0.0,0.0,0.3,11:12,0.0,00:01,0.0,7.1,0.3
1782763745.596,0.0,0.0,0.0,0.3,11:12,0.0,00:01,0.0,7.1,0.3
1782763750.6,0.0,0.0,0.0,0.3,11:12,0.0,00:01,0.0,7.1,0.3
1782763755.608,0.0,0.0,0.0,0.3,11:12,0.0,00:01,0.0,7.1,0.3
1782763760.611,0.0,0.0,0.0,0.3,11:12,0.0,00:01,0.0,7.1,0.3
1782763765.619,0.0,0.0,0.0,0.3,11:12,0.0,00:01,0.0,7.1,0.3
1782763770.627,0.0,0.0,0.0,0.3,11:12,0.0,00:01,0.0,7.1,0.3
1782763775.638,0.0,0.0,0.0,0.3,11:12,0.0,00:01,0.0,7.1,0.3
1782763780.648,0.0,0.0,0.0,0.3,11:12,0.0,00:01,0.0,7.1,0.3
1782763785.655,0.0,0.0,0.0,0.3,11:12,0.0,00:01,0.0,7.1,0.3
1782763790.663,0.0,0.0,0.0,0.3,11:12,0.0,00:01,0.0,7.1,0.3
1782763795.668,0.0,0.0,0.0,0.3,11:12,0.0,00:01,0.0,7.1,0.3
1782763800.676,0.0,0.0,0.0,0.3,11:12,0.0,00:01,0.0,7.1,0.3
1782763805.684,0.0,0.0,0.0,0.3,11:12,0.0,00:01,0.0,7.1,0.3
1782763810.693,0.0,0.0,0.0,0.3,11:12,0.0,00:01,0.0,7.1,0.3
1782763815.705,0.0,0.0,0.0,0.3,11:12,0.0,00:01,0.0,7.1,0.3
1782763820.71,0.0,0.0,0.0,0.3,11:12,0.0,00:01,0.0,7.1,0.3
1782763825.724,0.0,0.0,0.0,0.3,11:12,0.0,00:01,0.0,7.1,0.3
1782763830.736,0.0,0.0,0.0,0.3,11:12,0.0,00:01,0.0,7.1,0.3
1782763835.746,0.0,0.0,0.0,0.3,11:12,0.0,00:01,0.0,7.1,0.3
1782763840.756,0.0,0.0,0.0,0.3,11:12,0.0,00:01,0.0,7.1,0.3
1782763845.764,0.0,0.0,0.0,0.3,11:12,0.0,00:01,0.0,7.1,0.3
1782763850.778,0.0,0.0,0.0,0.3,11:12,0.0,00:01,0.0,7.1,0.3
1782763855.787,0.0,0.0,0.0,0.3,11:12,0.0,00:01,0.0,7.1,0.3
1782763860.802,0.0,0.0,0.0,0.3,11:12,0.0,00:01,0.0,7.1,0.3
1782763865.811,0.0,0.0,0.0,0.3,11:12,0.0,00:01,0.0,7.1,0.3
1782763870.823,0.0,0.0,0.0,0.3,11:12,0.0,00:01,0.0,7.1,0.3
1782763875.834,0.0,0.0,0.0,0.3,11:12,0.0,00:01,0.0,7.1,0.3
1782763880.845,0.0,0.0,0.0,0.3,11:12,0.0,00:01,0.0,7.1,0.3
1782763885.852,0.0,0.0,0.0,0.3,11:12,0.0,00:01,0.0,7.1,0.3
1782763890.856,0.0,0.0,0.0,0.3,11:12,0.0,00:01,0.0,7.1,0.3
1782763895.867,0.0,0.0,0.0,0.3,11:12,0.0,00:01,0.0,7.1,0.3
1782763900.874,0.0,0.0,0.0,0.3,11:12,0.0,00:01,0.0,7.1,0.3
1782763905.879,0.0,0.0,0.0,0.3,11:12,0.0,00:01,0.0,7.1,0.3
1782763910.885,0.0,0.0,0.0,0.3,11:12,0.0,00:01,0.0,7.1,0.3
1782763915.895,0.0,0.0,0.0,0.3,11:12,0.0,00:01,0.0,7.1,0.3
1782763920.901,0.0,0.0,0.0,0.3,11:12,0.0,00:01,0.0,7.1,0.3
1782763925.91,0.0,0.0,0.0,0.3,11:12,0.0,00:01,0.0,7.1,0.3
1782763930.917,0.0,0.0,0.0,0.3,11:12,0.0,00:01,0.0,7.1,0.3
1782763935.921,0.0,0.0,0.0,0.3,11:12,0.0,00:01,0.0,7.1,0.3
1782763940.928,0.0,0.0,0.0,0.3,11:12,0.0,00:01,0.0,7.1,0.3
1782763945.936,0.0,0.0,0.0,0.3,11:12,0.0,00:01,0.0,7.1,0.3
1782763950.946,0.0,0.0,0.0,0.3,11:12,0.0,00:01,0.0,7.1,0.3
1782763955.956,0.0,0.0,0.0,0.3,11:12,0.0,00:01,0.0,7.1,0.3
1782763960.958,0.0,0.0,0.0,0.3,11:12,0.0,00:01,0.0,7.1,0.3
1782763965.966,0.0,0.0,0.0,0.3,11:12,0.0,00:01,0.0,7.1,0.3
1782763970.974,0.0,0.0,0.0,0.3,11:12,0.0,00:01,0.0,7.1,0.3
1782763975.984,0.0,0.0,0.0,0.3,11:12,0.0,00:01,0.0,7.1,0.3
1782763980.988,0.0,0.0,0.0,0.3,11:12,0.0,00:01,0.0,7.1,0.3
1782763985.996,0.0,0.0,0.0,0.3,11:12,0.0,00:01,0.0,7.1,0.3
1782763991.005,0.0,0.0,0.0,0.3,11:12,0.0,00:01,0.0,7.1,0.3
1782763996.014,0.0,0.0,0.0,0.3,11:12,0.0,00:01,0.0,7.1,0.3
1782764001.024,0.0,0.0,0.0,0.3,11:12,0.0,00:01,0.0,7.1,0.3
1782764006.029,0.0,0.0,0.0,0.3,11:12,0.0,00:01,0.0,7.1,0.3
1782764011.04,0.0,0.0,0.0,0.3,11:12,0.0,00:01,0.0,7.1,0.3
1782764016.045,0.0,0.0,0.0,0.3,11:12,0.0,00:01,0.0,7.1,0.3
1782764021.054,0.0,0.0,0.0,0.3,11:12,0.0,00:01,0.0,7.1,0.3
1782764026.06,0.0,0.0,0.0,0.3,11:12,0.0,00:01,0.0,7.1,0.3
1782764031.068,0.0,0.0,0.0,0.3,11:12,0.0,00:01,0.0,7.1,0.3
1782764036.078,0.0,0.0,0.0,0.3,11:12,0.0,00:01,0.0,7.1,0.3
1782764041.086,0.0,0.0,0.0,0.3,11:12,0.0,00:01,0.0,7.1,0.3
1782764046.096,0.0,0.0,0.0,0.3,11:12,0.0,00:01,0.0,7.1,0.3
1782764051.1,0.0,0.0,0.0,0.3,11:12,0.0,00:01,0.0,7.1,0.3
1782764056.108,0.0,0.0,0.0,0.3,11:12,0.0,00:01,0.0,7.1,0.3
1782764061.116,0.0,0.0,0.0,0.3,11:12,0.0,00:01,0.0,7.1,0.3
1782764066.128,0.0,0.0,0.0,0.3,11:12,0.0,00:01,0.0,7.1,0.3
1782764071.138,0.0,0.0,0.0,0.3,11:12,0.0,00:01,0.0,7.1,0.3
1782764076.143,0.0,0.0,0.0,0.3,11:12,0.0,00:01,0.0,7.1,0.3
1782764081.154,0.0,0.0,0.0,0.3,11:12,0.0,00:01,0.0,7.1,0.3
1782764086.161,0.0,0.0,0.0,0.3,11:12,0.0,00:01,0.0,7.1,0.3
1782764091.17,0.0,0.0,0.0,0.3,11:12,0.0,00:01,0.0,7.1,0.3
1782764096.176,0.0,0.0,0.0,0.3,11:12,0.0,00:01,0.0,7.1,0.3
1782764101.186,0.0,0.0,0.0,0.3,11:12,0.0,00:01,0.0,7.1,0.3
1782764106.194,0.0,0.0,0.0,0.3,11:12,0.0,00:01,0.0,7.1,0.3
1782764111.202,0.0,0.0,0.0,0.3,11:12,0.0,00:01,0.0,7.1,0.3
1782764116.212,0.0,0.0,0.0,0.3,11:12,0.0,00:01,0.0,7.1,0.3
1782764121.219,0.0,0.0,0.0,0.3,11:12,0.0,00:01,0.0,7.1,0.3
1782764126.23,0.0,0.0,0.0,0.3,11:12,0.0,00:01,0.0,7.1,0.3
1782764131.238,0.0,0.0,0.0,0.3,11:12,0.0,00:01,0.0,7.1,0.3
1782764136.243,0.0,0.0,0.0,0.3,11:12,0.0,00:01,0.0,7.1,0.3
1782764141.256,0.0,0.0,0.0,0.3,11:12,0.0,00:01,0.0,7.1,0.3
1782764146.26,0.0,0.0,0.0,0.3,11:12,0.0,00:01,0.0,7.1,0.3
1782764151.274,0.0,0.0,0.0,0.3,11:12,0.0,00:01,0.0,7.1,0.3
1782764156.284,0.0,0.0,0.0,0.3,11:12,0.0,00:01,0.0,7.1,0.3
1782764161.294,0.0,0.0,0.0,0.3,11:12,0.0,00:01,0.0,7.1,0.3
1782764166.304,0.0,0.0,0.0,0.3,11:12,0.0,00:01,0.0,7.1,0.3
1782764171.318,0.0,0.0,0.0,0.3,11:12,0.0,00:01,0.0,7.1,0.3
1782764176.328,0.0,0.0,0.0,0.3,11:12,0.0,00:01,0.0,7.1,0.3
1782764181.34,0.0,0.0,0.0,0.3,11:12,0.0,00:01,0.0,7.1,0.3
1782764186.35,0.0,0.0,0.0,0.3,11:12,0.0,00:01,0.0,7.1,0.3
1782764191.358,0.0,0.0,0.0,0.3,11:12,0.0,00:01,0.0,7.1,0.3
1782764196.367,0.0,0.0,0.0,0.3,11:12,0.0,00:01,0.0,7.1,0.3
1782764201.378,0.0,0.0,0.0,0.3,11:12,0.0,00:01,0.0,7.1,0.3
1782764206.388,0.0,0.0,0.0,0.3,11:12,0.0,00:01,0.0,7.1,0.3
1782764211.402,0.0,0.0,0.0,0.3,11:12,0.0,00:01,0.0,7.1,0.3
1782764216.411,0.0,0.0,0.0,0.3,11:12,0.0,00:01,0.0,7.1,0.3
1782764221.42,0.0,0.0,0.0,0.3,11:12,0.0,00:01,0.0,7.1,0.3
1782764226.43,0.0,0.0,0.0,0.3,11:12,0.0,00:01,0.0,7.1,0.3
1782764231.438,0.0,0.0,0.0,0.3,11:12,0.0,00:01,0.0,7.1,0.3
1782764236.452,0.0,0.0,0.0,0.3,11:12,0.0,00:01,0.0,7.1,0.3
1782764241.458,0.0,0.0,0.0,0.3,11:12,0.0,00:01,0.0,7.1,0.3
1782764246.47,0.0,0.0,0.0,0.3,11:12,0.0,00:01,0.0,7.1,0.3
1782764251.484,0.0,0.0,0.0,0.3,11:12,0.0,00:01,0.0,7.1,0.3
1782764256.496,0.0,0.0,0.0,0.3,11:12,0.0,00:01,0.0,7.1,0.3
1782764261.505,0.0,0.0,0.0,0.3,11:12,0.0,00:01,0.0,7.1,0.3
1782764266.513,0.0,0.0,0.0,0.3,11:12,0.0,00:01,0.0,7.1,0.3
1782764271.526,0.0,0.0,0.0,0.3,11:12,0.0,00:01,0.0,7.1,0.3
1782764276.54,0.0,0.0,0.0,0.3,11:12,0.0,00:01,0.0,7.1,0.3
1782764281.553,0.0,0.0,0.0,0.3,11:12,0.0,00:01,0.0,7.1,0.3
1782764286.56,0.0,0.0,0.0,0.3,11:12,0.0,00:01,0.0,7.1,0.3
1782764291.574,0.0,0.0,0.0,0.3,11:12,0.0,00:01,0.0,7.1,0.3
1782764296.586,0.0,0.0,0.0,0.3,11:12,0.0,00:01,0.0,7.1,0.3
1782764301.6,0.0,0.0,0.0,0.3,11:12,0.0,00:01,0.0,7.1,0.3
1782764306.612,0.0,0.0,0.0,0.3,11:12,0.0,00:01,0.0,7.1,0.3
1782764311.616,0.0,0.0,0.0,0.3,11:12,0.0,00:01,0.0,7.1,0.3
1782764316.624,0.0,0.0,0.0,0.3,11:12,0.0,00:01,0.0,7.1,0.3
1782764321.639,0.0,0.0,0.0,0.3,11:12,0.0,00:01,0.0,7.1,0.3
1782764326.649,0.0,0.0,0.0,0.3,11:12,0.0,00:01,0.0,7.1,0.3
1782764331.652,0.0,0.0,0.0,0.3,11:12,0.0,00:01,0.0,7.1,0.3
1782764336.664,0.0,0.0,0.0,0.3,11:12,0.0,00:01,0.0,7.1,0.3
1782764341.676,0.0,0.0,0.0,0.3,11:12,0.0,00:01,0.0,7.1,0.3
1782764346.689,0.0,0.0,0.0,0.3,11:12,0.0,00:01,0.0,7.1,0.3
1782764351.705,0.0,0.0,0.0,0.3,11:12,0.0,00:01,0.0,7.1,0.3
1782764356.712,0.0,0.0,0.0,0.3,11:12,0.0,00:01,0.0,7.1,0.3
1782764361.726,0.0,0.0,0.0,0.3,11:12,0.0,00:01,0.0,7.1,0.3
1782764366.739,0.0,0.0,0.0,0.3,11:12,0.0,00:01,0.0,7.1,0.3
1782764371.749,0.0,0.0,0.0,0.3,11:12,0.0,00:01,0.0,7.1,0.3
1782764376.763,0.0,0.0,0.0,0.3,11:12,0.0,00:01,0.0,7.1,0.3
1782764381.769,0.0,0.0,0.0,0.3,11:12,0.0,00:01,0.0,7.1,0.3
1782764386.782,0.0,0.0,0.0,0.3,11:12,0.0,00:01,0.0,7.1,0.3
1782764391.792,0.0,0.0,0.0,0.3,11:12,0.0,00:01,0.0,7.1,0.3
1782764396.806,0.0,0.0,0.0,0.3,11:12,0.0,00:01,0.0,7.1,0.3
1782764401.817,0.0,0.0,0.0,0.3,11:12,0.0,00:01,0.0,7.1,0.3
1782764406.826,0.0,0.0,0.0,0.3,11:12,0.0,00:01,0.0,7.1,0.3
1782764411.836,0.0,0.0,0.0,0.3,11:12,0.0,00:01,0.0,7.1,0.3
1782764416.848,0.0,0.0,0.0,0.3,11:12,0.0,00:01,0.0,7.1,0.3
1782764421.862,0.0,0.0,0.0,0.3,11:12,0.0,00:01,0.0,7.1,0.3
1782764426.866,0.0,0.0,0.0,0.3,11:12,0.0,00:01,0.0,7.1,0.3
1782764431.878,0.0,0.0,0.0,0.3,11:12,0.0,00:01,0.0,7.1,0.3
1782764436.891,0.0,0.0,0.0,0.3,11:12,0.0,00:01,0.0,7.1,0.3
1782764441.904,0.0,0.0,0.0,0.3,11:12,0.0,00:01,0.0,7.1,0.3
1782764446.914,0.0,0.0,0.0,0.3,11:12,0.0,00:01,0.0,7.1,0.3
1782764451.922,0.0,0.0,0.0,0.3,11:12,0.0,00:01,0.0,7.1,0.3
1782764456.933,0.0,0.0,0.0,0.3,11:12,0.0,00:01,0.0,7.1,0.3
1782764461.948,0.0,0.0,0.0,0.3,11:12,0.0,00:01,0.0,7.1,0.3
1782764466.963,0.0,0.0,0.0,0.3,11:12,0.0,00:01,0.0,7.1,0.3
1782764471.976,0.0,0.0,0.0,0.3,11:12,0.0,00:01,0.0,7.1,0.3
1782764476.986,0.0,0.0,0.0,0.3,11:12,0.0,00:01,0.0,7.1,0.3
1782764481.993,0.0,0.0,0.0,0.3,11:12,0.0,00:01,0.0,7.1,0.3
1782764487.006,0.0,0.0,0.0,0.3,11:12,0.0,00:01,0.0,7.1,0.3
1782764492.021,0.0,0.0,0.0,0.3,11:12,0.0,00:01,0.0,7.1,0.3
1782764497.025,0.0,0.0,0.0,0.3,11:12,0.0,00:01,0.0,7.1,0.3
1782764502.038,0.0,0.0,0.0,0.3,11:12,0.0,00:01,0.0,7.1,0.3
1782764507.046,0.0,0.0,0.0,0.3,11:12,0.0,00:01,0.0,7.1,0.3
1782764512.056,0.0,0.0,0.0,0.3,11:12,0.0,00:01,0.0,7.1,0.3
1782764517.063,0.0,0.0,0.0,0.3,11:12,0.0,00:01,0.0,7.1,0.3
1782764522.071,0.0,0.0,0.0,0.3,11:12,0.0,00:01,0.0,7.1,0.3
1782764527.076,0.0,0.0,0.0,0.3,11:12,0.0,00:01,0.0,7.1,0.3
1782764532.085,0.0,0.0,0.0,0.3,11:12,0.0,00:01,0.0,7.1,0.3
1782764537.095,0.0,0.0,0.0,0.3,11:12,0.0,00:01,0.0,7.1,0.3
1782764542.103,0.0,0.0,0.0,0.3,11:12,0.0,00:01,0.0,7.1,0.3
1782764547.111,0.0,0.0,0.0,0.3,11:12,0.0,00:01,0.0,7.1,0.3
1782764552.119,0.0,0.0,0.0,0.3,11:12,0.0,00:01,0.0,7.1,0.3
1782764557.128,0.0,0.0,0.0,0.3,11:12,0.0,00:01,0.0,7.1,0.3
1782764562.14,0.0,0.0,0.0,0.3,11:12,0.0,00:01,0.0,7.1,0.3
1782764567.146,0.0,0.0,0.0,0.3,11:12,0.0,00:01,0.0,7.1,0.3
1782764572.156,0.0,0.0,0.0,0.3,11:12,0.0,00:01,0.0,7.1,0.3
1782764577.165,0.0,0.0,0.0,0.3,11:12,0.0,00:01,0.0,7.1,0.3
1782764582.176,0.0,0.0,0.0,0.3,11:12,0.0,00:01,0.0,7.1,0.3
1782764587.184,0.0,0.0,0.0,0.3,11:12,0.0,00:01,0.0,7.1,0.3
1782764592.191,0.0,0.0,0.0,0.3,11:12,0.0,00:01,0.0,7.1,0.3
1782764597.196,0.0,0.0,0.0,0.3,11:12,0.0,00:01,0.0,7.1,0.3
1782764602.206,0.0,0.0,0.0,0.3,11:12,0.0,00:01,0.0,7.1,0.3
1782764607.215,0.0,0.0,0.0,0.3,11:12,0.0,00:01,0.0,7.1,0.3
1782764612.225,0.0,0.0,0.0,0.3,11:12,0.0,00:01,0.0,7.1,0.3
1782764617.228,0.0,0.0,0.0,0.3,11:12,0.0,00:01,0.0,7.1,0.3
1782764622.238,0.0,0.0,0.0,0.3,11:12,0.0,00:01,0.0,7.1,0.3
1782764627.248,0.0,0.0,0.0,0.3,11:12,0.0,00:01,0.0,7.1,0.3
1782764632.261,0.0,0.0,0.0,0.3,11:12,0.0,00:01,0.0,7.1,0.3
1782764637.268,0.0,0.0,0.0,0.3,11:12,0.0,00:01,0.0,7.1,0.3
1782764642.272,0.0,0.0,0.0,0.3,11:12,0.0,00:01,0.0,7.1,0.3
1782764647.282,0.0,0.0,0.0,0.3,11:12,0.0,00:01,0.0,7.1,0.3
1782764652.291,0.0,0.0,0.0,0.3,11:12,0.0,00:01,0.0,7.1,0.3
1782764657.299,0.0,0.0,0.0,0.3,11:12,0.0,00:01,0.0,7.1,0.3
1782764662.304,0.0,0.0,0.0,0.3,11:12,0.0,00:01,0.0,7.1,0.3
1782764667.315,0.0,0.0,0.0,0.3,11:12,0.0,00:01,0.0,7.1,0.3
1782764672.325,0.0,0.0,0.0,0.3,11:12,0.0,00:01,0.0,7.1,0.3
1782764677.337,0.0,0.0,0.0,0.3,11:12,0.0,00:01,0.0,7.1,0.3
1782764682.346,0.0,0.0,0.0,0.3,11:12,0.0,00:01,0.0,7.1,0.3
1782764687.352,0.0,0.0,0.0,0.3,11:12,0.0,00:01,0.0,7.1,0.3
1782764692.363,0.0,0.0,0.0,0.3,11:12,0.0,00:01,0.0,7.1,0.3
1782764697.373,0.0,0.0,0.0,0.3,11:12,0.0,00:01,0.0,7.1,0.3
1782764702.389,0.0,0.0,0.0,0.3,11:12,0.0,00:01,0.0,7.1,0.3
1782764707.402,0.0,0.0,0.0,0.3,11:12,0.0,00:01,0.0,7.1,0.3
1782764712.404,0.0,0.0,0.0,0.3,11:12,0.0,00:01,0.0,7.1,0.3
1782764717.418,0.0,0.0,0.0,0.3,11:12,0.0,00:01,0.0,7.1,0.3
1782764722.43,0.0,0.0,0.0,0.3,11:12,0.0,00:01,0.0,7.1,0.3
1782764727.443,0.0,0.0,0.0,0.3,11:12,0.0,00:01,0.0,7.1,0.3
1782764732.454,0.0,0.0,0.0,0.3,11:12,0.0,00:01,0.0,7.1,0.3
1782764737.46,0.0,0.0,0.0,0.3,11:12,0.0,00:01,0.0,7.1,0.3
1782764742.471,0.0,0.0,0.0,0.3,11:12,0.0,00:01,0.0,7.1,0.3
1782764747.486,0.0,0.0,0.0,0.3,11:12,0.0,00:01,0.0,7.1,0.3
1782764752.495,0.0,0.0,0.0,0.3,11:12,0.0,00:01,0.0,7.1,0.3
1782764757.497,0.0,0.0,0.0,0.3,11:12,0.0,00:01,0.0,7.1,0.3
1782764762.511,0.0,0.0,0.0,0.3,11:12,0.0,00:01,0.0,7.1,0.3
1782764767.521,0.0,0.0,0.0,0.3,11:12,0.0,00:01,0.0,7.1,0.3
1782764772.536,0.0,0.0,0.0,0.3,11:12,0.0,00:01,0.0,7.1,0.3
1782764777.548,0.0,0.0,0.0,0.3,11:12,0.0,00:01,0.0,7.1,0.3
1782764782.552,0.0,0.0,0.0,0.3,11:12,0.0,00:01,0.0,7.1,0.3
1782764787.563,0.0,0.0,0.0,0.3,11:12,0.0,00:01,0.0,7.1,0.3
1782764792.572,0.0,0.0,0.0,0.3,11:12,0.0,00:01,0.0,7.1,0.3
1782764797.58,0.0,0.0,0.0,0.3,11:12,0.0,00:01,0.0,7.1,0.3
1782764802.587,0.0,0.0,0.0,0.3,11:12,0.0,00:01,0.0,7.1,0.3
1782764807.592,0.0,0.0,0.0,0.3,11:12,0.0,00:01,0.0,7.1,0.3
1782764812.6,0.0,0.0,0.0,0.3,11:12,0.0,00:01,0.0,7.1,0.3
1782764817.611,0.0,0.0,0.0,0.3,11:12,0.0,00:01,0.0,7.1,0.3
1782764822.619,0.0,0.0,0.0,0.3,11:12,0.0,00:01,0.0,7.1,0.3
1782764827.624,0.0,0.0,0.0,0.3,11:12,0.0,00:01,0.0,7.1,0.3
1782764832.634,0.0,0.0,0.0,0.3,11:12,0.0,00:01,0.0,7.1,0.3
1782764837.641,0.0,0.0,0.0,0.3,11:12,0.0,00:01,0.0,7.1,0.3
1782764842.651,0.0,0.0,0.0,0.3,11:12,0.0,00:01,0.0,7.1,0.3
1782764847.66,0.0,0.0,0.0,0.3,11:12,0.0,00:01,0.0,7.1,0.3
1782764852.664,0.0,0.0,0.0,0.3,11:12,0.0,00:01,0.0,7.1,0.3
1782764857.673,0.0,0.0,0.0,0.3,11:12,0.0,00:01,0.0,7.1,0.3
1782764862.685,0.0,0.0,0.0,0.3,11:12,0.0,00:01,0.0,7.1,0.3
1782764867.694,0.0,0.0,0.0,0.3,11:12,0.0,00:01,0.0,7.1,0.3
1782764872.704,0.0,0.0,0.0,0.3,11:12,0.0,00:01,0.0,7.1,0.3
1782764877.711,0.0,0.0,0.0,0.3,11:12,0.0,00:01,0.0,7.1,0.3
1782764882.722,0.0,0.0,0.0,0.3,11:12,0.0,00:01,0.0,7.1,0.3
1782764887.737,0.0,0.0,0.0,0.3,11:12,0.0,00:01,0.0,7.1,0.3
1782764892.749,0.0,0.0,0.0,0.3,11:12,0.0,00:01,0.0,7.1,0.3
1782764897.752,0.0,0.0,0.0,0.3,11:12,0.0,00:01,0.0,7.1,0.3
1782764902.766,0.0,0.0,0.0,0.3,11:12,0.0,00:01,0.0,7.1,0.3
1782764907.779,0.0,0.0,0.0,0.3,11:12,0.0,00:01,0.0,7.1,0.3
1782764912.791,0.0,0.0,0.0,0.3,11:12,0.0,00:01,0.0,7.1,0.3
1782764917.801,0.0,0.0,0.0,0.3,11:12,0.0,00:01,0.0,7.1,0.3
1782764922.811,0.0,0.0,0.0,0.3,11:12,0.0,00:01,0.0,7.1,0.3
1782764927.819,0.0,0.0,0.0,0.3,11:12,0.0,00:01,0.0,7.1,0.3
1782764932.834,0.0,0.0,0.0,0.3,11:12,0.0,00:01,0.0,7.1,0.3
1782764937.847,0.0,0.0,0.0,0.3,11:12,0.0,00:01,0.0,7.1,0.3
1782764942.859,0.0,0.0,0.0,0.3,11:12,0.0,00:01,0.0,7.1,0.3
1782764947.861,0.0,0.0,0.0,0.3,11:12,0.0,00:01,0.0,7.1,0.3
1782764952.873,0.0,0.0,0.0,0.3,11:12,0.0,00:01,0.0,7.1,0.3
1782764957.884,0.0,0.0,0.0,0.3,11:12,0.0,00:01,0.0,7.1,0.3
1782764962.896,0.0,0.0,0.0,0.3,11:12,0.0,00:01,0.0,7.1,0.3
1782764967.906,0.0,0.0,0.0,0.3,11:12,0.0,00:01,0.0,7.1,0.3
1782764972.912,0.0,0.0,0.0,0.3,11:12,0.0,00:01,0.0,7.1,0.3
1782764977.928,0.0,0.0,0.0,0.3,11:12,0.0,00:01,0.0,7.1,0.3
1782764982.939,0.0,0.0,0.0,0.3,11:12,0.0,00:01,0.0,7.1,0.3
1782764987.948,0.0,0.0,0.0,0.3,11:12,0.0,00:01,0.0,7.1,0.3
1782764992.956,0.0,0.0,0.0,0.3,11:12,0.0,00:01,0.0,7.1,0.3
1782764997.968,0.0,0.0,0.0,0.3,11:12,0.0,00:01,0.0,7.1,0.3
1782765002.984,0.0,0.0,0.0,0.3,11:12,0.0,00:01,0.0,7.1,0.3
1782765007.996,0.0,0.0,0.0,0.3,11:12,0.0,00:01,0.0,7.1,0.3
1782765013.008,0.0,0.0,0.0,0.3,11:12,0.0,00:01,0.0,7.1,0.3
1782765018.014,0.0,0.0,0.0,0.3,11:12,0.0,00:01,0.0,7.1,0.3
1782765023.024,0.0,0.0,0.0,0.3,11:12,0.0,00:01,0.0,7.1,0.3
1782765028.04,0.0,0.0,0.0,0.3,11:12,0.0,00:01,0.0,7.1,0.3
1782765033.054,0.0,0.0,0.0,0.3,11:12,0.0,00:01,0.0,7.1,0.3
1782765038.066,0.0,0.0,0.0,0.3,11:12,0.0,00:01,0.0,7.1,0.3
1782765043.07,0.0,0.0,0.0,0.3,11:12,0.0,00:01,0.0,7.1,0.3
1782765048.084,0.0,0.0,0.0,0.3,11:12,0.0,00:01,0.0,7.1,0.3
1782765053.098,0.0,0.0,0.0,0.3,11:12,0.0,00:01,0.0,7.1,0.3
1782765058.11,0.0,0.0,0.0,0.3,11:12,0.0,00:01,0.0,7.1,0.3
1782765063.121,0.0,0.0,0.0,0.3,11:12,0.0,00:01,0.0,7.1,0.3
1782765068.128,0.0,0.0,0.0,0.3,11:12,0.0,00:01,0.0,7.1,0.3
1782765073.143,0.0,0.0,0.0,0.3,11:12,0.0,00:01,0.0,7.1,0.3
1782765078.157,0.0,0.0,0.0,0.3,11:12,0.0,00:01,0.0,7.1,0.3
1782765083.167,0.0,0.0,0.0,0.3,11:12,0.0,00:01,0.0,7.1,0.3
1782765088.174,0.0,0.0,0.0,0.3,11:12,0.0,00:01,0.0,7.1,0.3
1782765093.181,0.0,0.0,0.0,0.3,11:12,0.0,00:01,0.0,7.1,0.3
1782765098.196,0.0,0.0,0.0,0.3,11:12,0.0,00:01,0.0,7.1,0.3
1782765103.209,0.0,0.0,0.0,0.3,11:12,0.0,00:01,0.0,7.1,0.3
1782765108.221,0.0,0.0,0.0,0.3,11:12,0.0,00:01,0.0,7.1,0.3
1782765113.224,0.0,0.0,0.0,0.3,11:12,0.0,00:01,0.0,7.1,0.3
1782765118.239,0.0,0.0,0.0,0.3,11:12,0.0,00:01,0.0,7.1,0.3
1782765123.25,0.0,0.0,0.0,0.3,11:12,0.0,00:01,0.0,7.1,0.3
1782765128.259,0.0,0.0,0.0,0.3,11:12,0.0,00:01,0.0,7.1,0.3
1782765133.273,0.0,0.0,0.0,0.3,11:12,0.0,00:01,0.0,7.1,0.3
1782765138.276,0.0,0.0,0.0,0.3,11:12,0.0,00:01,0.0,7.1,0.3
1782765143.293,0.0,0.0,0.0,0.3,11:12,0.0,00:01,0.0,7.1,0.3
1782765148.305,0.0,0.0,0.0,0.3,11:12,0.0,00:01,0.0,7.1,0.3
1782765153.313,0.0,0.0,0.0,0.3,11:12,0.0,00:01,0.0,7.1,0.3
1782765158.32,0.0,0.0,0.0,0.3,11:12,0.0,00:01,0.0,7.1,0.3
1782765163.332,0.0,0.0,0.0,0.3,11:12,0.0,00:01,0.0,7.1,0.3
1782765168.346,0.0,0.0,0.0,0.3,11:12,0.0,00:01,0.0,7.1,0.3
1782765173.356,0.0,0.0,0.0,0.3,11:12,0.0,00:01,0.0,7.1,0.3
1782765178.368,0.0,0.0,0.0,0.3,11:12,0.0,00:01,0.0,7.1,0.3
1782765183.374,0.0,0.0,0.0,0.3,11:12,0.0,00:01,0.0,7.1,0.3
1782765188.39,0.0,0.0,0.0,0.3,11:12,0.0,00:01,0.0,7.1,0.3
1782765193.402,0.0,0.0,0.0,0.3,11:12,0.0,00:01,0.0,7.1,0.3
1782765198.412,0.0,0.0,0.0,0.3,11:12,0.0,00:01,0.0,7.1,0.3
1782765203.424,0.0,0.0,0.0,0.3,11:12,0.0,00:01,0.0,7.1,0.3
1782765208.428,0.0,0.0,0.0,0.3,11:12,0.0,00:01,0.0,7.1,0.3
1782765213.443,0.0,0.0,0.0,0.3,11:12,0.0,00:01,0.0,7.1,0.3
1782765218.456,0.0,0.0,0.0,0.3,11:12,0.0,00:01,0.0,7.1,0.3
1782765223.468,0.0,0.0,0.0,0.3,11:12,0.0,00:01,0.0,7.1,0.3
1782765228.476,0.0,0.0,0.0,0.3,11:12,0.0,00:01,0.0,7.1,0.3
1782765233.482,0.0,0.0,0.0,0.3,11:12,0.0,00:01,0.0,7.1,0.3
1782765238.491,0.0,0.0,0.0,0.3,11:12,0.0,00:01,0.0,7.1,0.3
1782765243.5,0.0,0.0,0.0,0.3,11:12,0.0,00:01,0.0,7.1,0.3
1782765248.511,0.0,0.0,0.0,0.3,11:12,0.0,00:01,0.0,7.1,0.3
1782765253.517,0.0,0.0,0.0,0.3,11:12,0.0,00:01,0.0,7.1,0.3
1782765258.53,0.0,0.0,0.0,0.3,11:12,0.0,00:01,0.0,7.1,0.3
1782765263.541,0.0,0.0,0.0,0.3,11:12,0.0,00:01,0.0,7.1,0.3
1782765268.551,0.0,0.0,0.0,0.3,11:12,0.0,00:01,0.0,7.1,0.3
1782765273.565,0.0,0.0,0.0,0.3,11:12,0.0,00:01,0.0,7.1,0.3
1782765278.572,0.0,0.0,0.0,0.3,11:12,0.0,00:01,0.0,7.1,0.3
1782765283.584,0.0,0.0,0.0,0.3,11:12,0.0,00:01,0.0,7.1,0.3
1782765288.593,0.0,0.0,0.0,0.3,11:12,0.0,00:01,0.0,7.1,0.3
1782765293.606,0.0,0.0,0.0,0.3,11:12,0.0,00:01,0.0,7.1,0.3
1782765298.617,0.0,0.0,0.0,0.3,11:12,0.0,00:01,0.0,7.1,0.3
1782765303.623,0.0,0.0,0.0,0.3,11:12,0.0,00:01,0.0,7.1,0.3
1782765308.636,0.0,0.0,0.0,0.3,11:12,0.0,00:01,0.0,7.1,0.3
1782765313.646,0.0,0.0,0.0,0.3,11:12,0.0,00:01,0.0,7.1,0.3
1782765318.659,0.0,0.0,0.0,0.3,11:12,0.0,00:01,0.0,7.1,0.3
1782765323.666,0.0,0.0,0.0,0.3,11:12,0.0,00:01,0.0,7.1,0.3
1782765328.68,0.0,0.0,0.0,0.3,11:12,0.0,00:01,0.0,7.1,0.3
1782765333.693,0.0,0.0,0.0,0.3,11:12,0.0,00:01,0.0,7.1,0.3
1782765338.703,0.0,0.0,0.0,0.3,11:12,0.0,00:01,0.0,7.1,0.3
1782765343.712,0.0,0.0,0.0,0.3,11:12,0.0,00:01,0.0,7.1,0.3
1782765348.72,0.0,0.0,0.0,0.3,11:12,0.0,00:01,0.0,7.1,0.3
1782765353.731,0.0,0.0,0.0,0.3,11:12,0.0,00:01,0.0,7.1,0.3
1782765358.745,0.0,0.0,0.0,0.3,11:12,0.0,00:01,0.0,7.1,0.3
1782765363.758,0.0,0.0,0.0,0.3,11:12,0.0,00:01,0.0,7.1,0.3
1782765368.766,0.0,0.0,0.0,0.3,11:12,0.0,00:01,0.0,7.1,0.3
1782765373.776,0.0,0.0,0.0,0.3,11:12,0.0,00:01,0.0,7.1,0.3
1782765378.786,0.0,0.0,0.0,0.3,11:12,0.0,00:01,0.0,7.1,0.3
1782765383.799,0.0,0.0,0.0,0.3,11:12,0.0,00:01,0.0,7.1,0.3
1782765388.813,0.0,0.0,0.0,0.3,11:12,0.0,00:01,0.0,7.1,0.3
1782765393.82,0.0,0.0,0.0,0.3,11:12,0.0,00:01,0.0,7.1,0.3
1782765398.835,0.0,0.0,0.0,0.3,11:12,0.0,00:01,0.0,7.1,0.3
1782765403.85,0.0,0.0,0.0,0.3,11:12,0.0,00:01,0.0,7.1,0.3
1782765408.861,0.0,0.0,0.0,0.3,11:12,0.0,00:01,0.0,7.1,0.3
1782765413.871,0.0,0.0,0.0,0.3,11:12,0.0,00:01,0.0,7.1,0.3
1782765418.877,0.0,0.0,0.0,0.3,11:12,0.0,00:01,0.0,7.1,0.3
1782765423.892,0.0,0.0,0.0,0.3,11:12,0.0,00:01,0.0,7.1,0.3
1782765428.902,0.0,0.0,0.0,0.3,11:12,0.0,00:01,0.0,7.1,0.3
1782765433.916,0.0,0.0,0.0,0.3,11:12,0.0,00:01,0.0,7.1,0.3
1782765438.929,0.0,0.0,0.0,0.3,11:12,0.0,00:01,0.0,7.1,0.3
1782765443.935,0.0,0.0,0.0,0.3,11:12,0.0,00:01,0.0,7.1,0.3
1782765448.947,0.0,0.0,0.0,0.3,11:12,0.0,00:01,0.0,7.1,0.3
1782765453.959,0.0,0.0,0.0,0.3,11:12,0.0,00:01,0.0,7.1,0.3
1782765458.972,0.0,0.0,0.0,0.3,11:12,0.0,00:01,0.0,7.1,0.3
1782765463.983,0.0,0.0,0.0,0.3,11:12,0.0,00:01,0.0,7.1,0.3
1782765468.993,0.0,0.0,0.0,0.3,11:12,0.0,00:01,0.0,7.1,0.3
1782765474.007,0.0,0.0,0.0,0.3,11:12,0.0,00:01,0.0,7.1,0.3
1782765479.017,0.0,0.0,0.0,0.3,11:12,0.0,00:01,0.0,7.1,0.3
1782765484.029,0.0,0.0,0.0,0.3,11:12,0.0,00:01,0.0,7.1,0.3
1782765489.043,0.0,0.0,0.0,0.3,11:12,0.0,00:01,0.0,7.1,0.3
1782765494.05,0.0,0.0,0.0,0.3,11:12,0.0,00:01,0.0,7.1,0.3
1782765499.061,0.0,0.0,0.0,0.3,11:12,0.0,00:01,0.0,7.1,0.3
1782765504.074,0.0,0.0,0.0,0.3,11:12,0.0,00:01,0.0,7.1,0.3
1782765509.085,0.0,0.0,0.0,0.3,11:12,0.0,00:01,0.0,7.1,0.3
1782765514.09,0.0,0.0,0.0,0.3,11:12,0.0,00:01,0.0,7.1,0.3
1782765519.1,0.0,0.0,0.0,0.3,11:12,0.0,00:01,0.0,7.1,0.3
1782765524.11,0.0,0.0,0.0,0.3,11:12,0.0,00:01,0.0,7.1,0.3
1782765529.116,0.0,0.0,0.0,0.3,11:12,0.0,00:01,0.0,7.1,0.3
1782765534.125,0.0,0.0,0.0,0.3,11:12,0.0,00:01,0.0,7.1,0.3
1782765539.132,0.0,0.0,0.0,0.3,11:12,0.0,00:01,0.0,7.1,0.3
1782765544.142,0.0,0.0,0.0,0.3,11:12,0.0,00:01,0.0,7.1,0.3
1782765549.152,0.0,0.0,0.0,0.3,11:12,0.0,00:01,0.0,7.1,0.3
1782765554.159,0.0,0.0,0.0,0.3,11:12,0.0,00:01,0.0,7.1,0.3
1782765559.168,0.0,0.0,0.0,0.3,11:12,0.0,00:01,0.0,7.1,0.3
1782765564.174,0.0,0.0,0.0,0.3,11:12,0.0,00:01,0.0,7.1,0.3
1782765569.182,0.0,0.0,0.0,0.3,11:12,0.0,00:01,0.0,7.1,0.3
1782765574.191,0.0,0.0,0.0,0.3,11:12,0.0,00:01,0.0,7.1,0.3
1782765579.199,0.0,0.0,0.0,0.3,11:12,0.0,00:01,0.0,7.1,0.3
1782765584.204,0.0,0.0,0.0,0.3,11:12,0.0,00:01,0.0,7.1,0.3
1782765589.211,0.0,0.0,0.0,0.3,11:12,0.0,00:01,0.0,7.1,0.3
1782765594.222,0.0,0.0,0.0,0.3,11:12,0.0,00:01,0.0,7.1,0.3
1782765599.232,0.0,0.0,0.0,0.3,11:12,0.0,00:01,0.0,7.1,0.3
1782765604.246,0.0,0.0,0.0,0.3,11:12,0.0,00:01,0.0,7.1,0.3
1782765609.256,0.0,0.0,0.0,0.3,11:12,0.0,00:01,0.0,7.1,0.3
1782765614.268,0.0,0.0,0.0,0.3,11:12,0.0,00:01,0.0,7.1,0.3
1782765619.283,0.0,0.0,0.0,0.3,11:12,0.0,00:01,0.0,7.1,0.3
1782765624.297,0.0,0.0,0.0,0.3,11:12,0.0,00:01,0.0,7.1,0.3
1782765629.306,0.0,0.0,0.0,0.3,11:12,0.0,00:01,0.0,7.1,0.3
1782765634.316,0.0,0.0,0.0,0.3,11:12,0.0,00:01,0.0,7.1,0.3
1782765639.329,0.0,0.0,0.0,0.3,11:12,0.0,00:01,0.0,7.1,0.3
1782765644.34,0.0,0.0,0.0,0.3,11:12,0.0,00:01,0.0,7.1,0.3
1782765649.351,0.0,0.0,0.0,0.3,11:12,0.0,00:01,0.0,7.1,0.3
1782765654.366,0.0,0.0,0.0,0.3,11:12,0.0,00:01,0.0,7.1,0.3
1782765659.371,0.0,0.0,0.0,0.3,11:12,0.0,00:01,0.0,7.1,0.3
1782765664.377,0.0,0.0,0.0,0.3,11:12,0.0,00:01,0.0,7.1,0.3
1782765669.392,0.0,0.0,0.0,0.3,11:12,0.0,00:01,0.0,7.1,0.3
1782765674.405,0.0,0.0,0.0,0.3,11:12,0.0,00:01,0.0,7.1,0.3
1782765679.412,0.0,0.0,0.0,0.3,11:12,0.0,00:01,0.0,7.1,0.3
1782765684.417,0.0,0.0,0.0,0.3,11:12,0.0,00:01,0.0,7.1,0.3
1782765689.425,0.0,0.0,0.0,0.3,11:12,0.0,00:01,0.0,7.1,0.3
1782765694.434,0.0,0.0,0.0,0.3,11:12,0.0,00:01,0.0,7.1,0.3
1782765699.441,0.0,0.0,0.0,0.3,11:12,0.0,00:01,0.0,7.1,0.3
1782765704.446,0.0,0.0,0.0,0.3,11:12,0.0,00:01,0.0,7.1,0.3
1782765709.455,0.0,0.0,0.0,0.3,11:12,0.0,00:01,0.0,7.1,0.3
1782765714.467,0.0,0.0,0.0,0.3,11:12,0.0,00:01,0.0,7.1,0.3
1782765719.477,0.0,0.0,0.0,0.3,11:12,0.0,00:01,0.0,7.1,0.3
1782765724.489,0.0,0.0,0.0,0.3,11:12,0.0,00:01,0.0,7.1,0.3
1782765729.498,0.0,0.0,0.0,0.3,11:12,0.0,00:01,0.0,7.1,0.3
1782765734.51,0.0,0.0,0.0,0.3,11:12,0.0,00:01,0.0,7.1,0.3
1782765739.519,0.0,0.0,0.0,0.3,11:12,0.0,00:01,0.0,7.1,0.3
1782765744.536,0.0,0.0,0.0,0.3,11:12,0.0,00:01,0.0,7.1,0.3
1782765749.545,0.0,0.0,0.0,0.3,11:12,0.0,00:01,0.0,7.1,0.3
1782765754.556,0.0,0.0,0.0,0.3,11:12,0.0,00:01,0.0,7.1,0.3
1782765759.571,0.0,0.0,0.0,0.3,11:12,0.0,00:01,0.0,7.1,0.3
1782765764.583,0.0,0.0,0.0,0.3,11:12,0.0,00:01,0.0,7.1,0.3
1782765769.594,0.0,0.0,0.0,0.3,11:12,0.0,00:01,0.0,7.1,0.3
1782765774.602,0.0,0.0,0.0,0.3,11:12,0.0,00:01,0.0,7.1,0.3
1782765779.615,0.0,0.0,0.0,0.3,11:12,0.0,00:01,0.0,7.1,0.3
1782765784.627,0.0,0.0,0.0,0.3,11:12,0.0,00:01,0.0,7.1,0.3
1782765789.638,0.0,0.0,0.0,0.3,11:12,0.0,00:01,0.0,7.1,0.3
1782765794.65,0.0,0.0,0.0,0.3,11:12,0.0,00:01,0.0,7.1,0.3
1782765799.657,0.0,0.0,0.0,0.3,11:12,0.0,00:01,0.0,7.1,0.3
1782765804.671,0.0,0.0,0.0,0.3,11:12,0.0,00:01,0.0,7.1,0.3
1782765809.677,0.0,0.0,0.0,0.3,11:12,0.0,00:01,0.0,7.1,0.3
1782765814.689,0.0,0.0,0.0,0.3,11:12,0.0,00:01,0.0,7.1,0.3
1782765819.705,0.0,0.0,0.0,0.3,11:12,0.0,00:01,0.0,7.1,0.3
1782765824.709,0.0,0.0,0.0,0.3,11:12,0.0,00:01,0.0,7.1,0.3
1782765829.718,0.0,0.0,0.0,0.3,11:12,0.0,00:01,0.0,7.1,0.3
1782765834.731,0.0,0.0,0.0,0.3,11:12,0.0,00:01,0.0,7.1,0.3
1782765839.738,0.0,0.0,0.0,0.3,11:12,0.0,00:01,0.0,7.1,0.3
1782765844.748,0.0,0.0,0.0,0.3,11:12,0.0,00:01,0.0,7.1,0.3
1782765849.763,0.0,0.0,0.0,0.3,11:12,0.0,00:01,0.0,7.1,0.3
1782765854.77,0.0,0.0,0.0,0.3,11:12,0.0,00:01,0.0,7.1,0.3
1782765859.783,0.0,0.0,0.0,0.3,11:12,0.0,00:01,0.0,7.1,0.3
1782765864.799,0.0,0.0,0.0,0.3,11:12,0.0,00:01,0.0,7.1,0.3
1782765869.805,0.0,0.0,0.0,0.3,11:12,0.0,00:01,0.0,7.1,0.3
1782765874.82,0.0,0.0,0.0,0.3,11:12,0.0,00:01,0.0,7.1,0.3
1782765879.831,0.0,0.0,0.0,0.3,11:12,0.0,00:01,0.0,7.1,0.3
1782765884.843,0.0,0.0,0.0,0.3,11:12,0.0,00:01,0.0,7.1,0.3
1782765889.86,0.0,0.0,0.0,0.3,11:12,0.0,00:01,0.0,7.1,0.3
1782765894.865,0.0,0.0,0.0,0.3,11:12,0.0,00:01,0.0,7.1,0.3
1782765899.877,0.0,0.0,0.0,0.3,11:12,0.0,00:01,0.0,7.1,0.3
1782765904.886,0.0,0.0,0.0,0.3,11:12,0.0,00:01,0.0,7.1,0.3
1782765909.894,0.0,0.0,0.0,0.3,11:12,0.0,00:01,0.0,7.1,0.3
1782765914.904,0.0,0.0,0.0,0.3,11:12,0.0,00:01,0.0,7.1,0.3
1782765919.911,0.0,0.0,0.0,0.3,11:12,0.0,00:01,0.0,7.1,0.3
1782765924.921,0.0,0.0,0.0,0.3,11:12,0.0,00:01,0.0,7.1,0.3
1782765929.932,0.0,0.0,0.0,0.3,11:12,0.0,00:01,0.0,7.1,0.3
1782765934.942,0.0,0.0,0.0,0.3,11:12,0.0,00:01,0.0,7.1,0.3
1782765939.948,0.0,0.0,0.0,0.3,11:12,0.0,00:01,0.0,7.1,0.3
1782765944.959,0.0,0.0,0.0,0.3,11:12,0.0,00:01,0.0,7.1,0.3
1782765949.968,0.0,0.0,0.0,0.3,11:12,0.0,00:01,0.0,7.1,0.3
1782765954.976,0.0,0.0,0.0,0.3,11:12,0.0,00:01,0.0,7.1,0.3
1782765959.987,0.0,0.0,0.0,0.3,11:12,0.0,00:01,0.0,7.1,0.3
1782765964.992,0.0,0.0,0.0,0.3,11:12,0.0,00:01,0.0,7.1,0.3
1782765970.0,0.0,0.0,0.0,0.3,11:12,0.0,00:01,0.0,7.1,0.3
1782765975.006,0.0,0.0,0.0,0.3,11:12,0.0,00:01,0.0,7.1,0.3
1782765980.016,0.0,0.0,0.0,0.3,11:12,0.0,00:01,0.0,7.1,0.3
1782765985.026,0.0,0.0,0.0,0.3,11:12,0.0,00:01,0.0,7.1,0.3
1782765990.03,0.0,0.0,0.0,0.3,11:12,0.0,00:01,0.0,7.1,0.3
1782765995.041,0.0,0.0,0.0,0.3,11:12,0.0,00:01,0.0,7.1,0.3
1782766000.05,0.0,0.0,0.0,0.3,11:12,0.0,00:01,0.0,7.1,0.3
1782766005.059,0.0,0.0,0.0,0.3,11:12,0.0,00:01,0.0,7.1,0.3
1782766010.064,0.0,0.0,0.0,0.3,11:12,0.0,00:01,0.0,7.1,0.3
1782766015.074,0.0,0.0,0.0,0.3,11:12,0.0,00:01,0.0,7.1,0.3
1782766020.081,0.0,0.0,0.0,0.3,11:12,0.0,00:01,0.0,7.1,0.3
1782766025.089,0.0,0.0,0.0,0.3,11:12,0.0,00:01,0.0,7.1,0.3
1782766030.099,0.0,0.0,0.0,0.3,11:12,0.0,00:01,0.0,7.1,0.3
1782766035.104,0.0,0.0,0.0,0.3,11:12,0.0,00:01,0.0,7.1,0.3
1782766040.112,0.0,0.0,0.0,0.3,11:12,0.0,00:01,0.0,7.1,0.3
1782766045.124,0.0,0.0,0.0,0.3,11:12,0.0,00:01,0.0,7.1,0.3
1782766050.129,0.0,0.0,0.0,0.3,11:12,0.0,00:01,0.0,7.1,0.3
1782766055.139,0.0,0.0,0.0,0.3,11:12,0.0,00:01,0.0,7.1,0.3
1782766060.145,0.0,0.0,0.0,0.3,11:12,0.0,00:01,0.0,7.1,0.3
1782766065.155,0.0,0.0,0.0,0.3,11:12,0.0,00:01,0.0,7.1,0.3
1782766070.165,0.0,0.0,0.0,0.3,11:12,0.0,00:01,0.0,7.1,0.3
1782766075.177,0.0,0.0,0.0,0.3,11:12,0.0,00:01,0.0,7.1,0.3
1782766080.183,0.0,0.0,0.0,0.3,11:12,0.0,00:01,0.0,7.1,0.3
1782766085.191,0.0,0.0,0.0,0.3,11:12,0.0,00:01,0.0,7.1,0.3
1782766090.199,0.0,0.0,0.0,0.3,11:12,0.0,00:01,0.0,7.1,0.3
1782766095.207,0.0,0.0,0.0,0.3,11:12,0.0,00:01,0.0,7.1,0.3
1782766100.217,0.0,0.0,0.0,0.3,11:12,0.0,00:01,0.0,7.1,0.3
1782766105.223,0.0,0.0,0.0,0.3,11:12,0.0,00:01,0.0,7.1,0.3
1782766110.234,0.0,0.0,0.0,0.3,11:12,0.0,00:01,0.0,7.1,0.3
1782766115.245,0.0,0.0,0.0,0.3,11:12,0.0,00:01,0.0,7.1,0.3
1782766120.25,0.0,0.0,0.0,0.3,11:12,0.0,00:01,0.0,7.1,0.3
1782766125.258,0.0,0.0,0.0,0.3,11:12,0.0,00:01,0.0,7.1,0.3
1782766130.26,0.0,0.0,0.0,0.3,11:12,0.0,00:01,0.0,7.1,0.3
1782766135.269,0.0,0.0,0.0,0.3,11:12,0.0,00:01,0.0,7.1,0.3
1782766140.279,0.0,0.0,0.0,0.3,11:12,0.0,00:01,0.0,7.1,0.3
1782766145.297,0.0,0.0,0.0,0.3,11:12,0.0,00:01,0.0,7.1,0.3
1782766150.304,0.0,0.0,0.0,0.3,11:12,0.0,00:01,0.0,7.1,0.3
1782766155.318,0.0,0.0,0.0,0.3,11:12,0.0,00:01,0.0,7.1,0.3
1782766160.332,0.0,0.0,0.0,0.3,11:12,0.0,00:01,0.0,7.1,0.3
1782766165.344,0.0,0.0,0.0,0.3,11:12,0.0,00:01,0.0,7.1,0.3
1782766170.359,0.0,0.0,0.0,0.3,11:12,0.0,00:01,0.0,7.1,0.3
1782766175.366,0.0,0.0,0.0,0.3,11:12,0.0,00:01,0.0,7.1,0.3
1782766180.379,0.0,0.0,0.0,0.3,11:12,0.0,00:01,0.0,7.1,0.3
1782766185.393,0.0,0.0,0.0,0.3,11:12,0.0,00:01,0.0,7.1,0.3
1782766190.405,0.0,0.0,0.0,0.3,11:12,0.0,00:01,0.0,7.1,0.3
1782766195.417,0.0,0.0,0.0,0.3,11:12,0.0,00:01,0.0,7.1,0.3
1782766200.427,0.0,0.0,0.0,0.3,11:12,0.0,00:01,0.0,7.1,0.3
1782766205.438,0.0,0.0,0.0,0.3,11:12,0.0,00:01,0.0,7.1,0.3
1782766210.45,0.0,0.0,0.0,0.3,11:12,0.0,00:01,0.0,7.1,0.3
1782766215.466,0.0,0.0,0.0,0.3,11:12,0.0,00:01,0.0,7.1,0.3
1782766220.472,0.0,0.0,0.0,0.3,11:12,0.0,00:01,0.0,7.1,0.3
1782766225.484,0.0,0.0,0.0,0.3,11:12,0.0,00:01,0.0,7.1,0.3
1782766230.499,0.0,0.0,0.0,0.3,11:12,0.0,00:01,0.0,7.1,0.3
1782766235.511,0.0,0.0,0.0,0.3,11:12,0.0,00:01,0.0,7.1,0.3
1782766240.524,0.0,0.0,0.0,0.3,11:12,0.0,00:01,0.0,7.1,0.3
1782766245.533,0.0,0.0,0.0,0.3,11:12,0.0,00:01,0.0,7.1,0.3
1782766250.543,0.0,0.0,0.0,0.3,11:12,0.0,00:01,0.0,7.1,0.3
1782766255.556,0.0,0.0,0.0,0.3,11:12,0.0,00:01,0.0,7.1,0.3
1782766260.57,0.0,0.0,0.0,0.3,11:12,0.0,00:01,0.0,7.1,0.3
1782766265.581,0.0,0.0,0.0,0.3,11:12,0.0,00:01,0.0,7.1,0.3
1782766270.589,0.0,0.0,0.0,0.3,11:12,0.0,00:01,0.0,7.1,0.3
1782766275.599,0.0,0.0,0.0,0.3,11:12,0.0,00:01,0.0,7.1,0.3
1782766280.611,0.0,0.0,0.0,0.3,11:12,0.0,00:01,0.0,7.1,0.3
1782766285.629,0.0,0.0,0.0,0.3,11:12,0.0,00:01,0.0,7.1,0.3
1782766290.641,0.0,0.0,0.0,0.3,11:12,0.0,00:01,0.0,7.1,0.3
1782766295.647,0.0,0.0,0.0,0.3,11:12,0.0,00:01,0.0,7.1,0.3
1782766300.662,0.0,0.0,0.0,0.3,11:12,0.0,00:01,0.0,7.1,0.3
1782766305.674,0.0,0.0,0.0,0.3,11:12,0.0,00:01,0.0,7.1,0.3
1782766310.687,0.0,0.0,0.0,0.3,11:12,0.0,00:01,0.0,7.1,0.3
1782766315.695,0.0,0.0,0.0,0.3,11:12,0.0,00:01,0.0,7.1,0.3
1782766320.707,0.0,0.0,0.0,0.3,11:12,0.0,00:01,0.0,7.1,0.3
1782766325.719,0.0,0.0,0.0,0.3,11:12,0.0,00:01,0.0,7.1,0.3
1782766330.736,0.0,0.0,0.0,0.3,11:12,0.0,00:01,0.0,7.1,0.3
1782766335.743,0.0,0.0,0.0,0.3,11:12,0.0,00:01,0.0,7.1,0.3
1782766340.748,0.0,0.0,0.0,0.3,11:12,0.0,00:01,0.0,7.1,0.3
1782766345.76,0.0,0.0,0.0,0.3,11:12,0.0,00:01,0.0,7.1,0.3
1782766350.775,0.0,0.0,0.0,0.3,11:12,0.0,00:01,0.0,7.1,0.3
1782766355.79,0.0,0.0,0.0,0.3,11:12,0.0,00:01,0.0,7.1,0.3
1782766360.802,0.0,0.0,0.0,0.3,11:12,0.0,00:01,0.0,7.1,0.3
1782766365.809,0.0,0.0,0.0,0.3,11:12,0.0,00:01,0.0,7.1,0.3
1782766370.823,0.0,0.0,0.0,0.3,11:12,0.0,00:01,0.0,7.1,0.3
1782766375.836,0.0,0.0,0.0,0.3,11:12,0.0,00:01,0.0,7.1,0.3
1782766380.849,0.0,0.0,0.0,0.3,11:12,0.0,00:01,0.0,7.1,0.3
1782766385.862,0.0,0.0,0.0,0.3,11:12,0.0,00:01,0.0,7.1,0.3
1782766390.869,0.0,0.0,0.0,0.3,11:12,0.0,00:01,0.0,7.1,0.3
1782766395.881,0.0,0.0,0.0,0.3,11:12,0.0,00:01,0.0,7.1,0.3
1782766400.893,0.0,0.0,0.0,0.3,11:12,0.0,00:01,0.0,7.1,0.3
1782766405.904,0.0,0.0,0.0,0.3,11:12,0.0,00:01,0.0,7.1,0.3
1782766410.911,0.0,0.0,0.0,0.3,11:12,0.0,00:01,0.0,7.1,0.3
1782766415.925,0.0,0.0,0.0,0.3,11:12,0.0,00:01,0.0,7.1,0.3
1782766420.934,0.0,0.0,0.0,0.3,11:12,0.0,00:01,0.0,7.1,0.3
1782766425.944,0.0,0.0,0.0,0.3,11:12,0.0,00:01,0.0,7.1,0.3
1782766430.955,0.0,0.0,0.0,0.3,11:12,0.0,00:01,0.0,7.1,0.3
1782766435.96,0.0,0.0,0.0,0.3,11:12,0.0,00:01,0.0,7.1,0.3
1782766440.969,0.0,0.0,0.0,0.3,11:12,0.0,00:01,0.0,7.1,0.3
1782766445.978,0.0,0.0,0.0,0.3,11:12,0.0,00:01,0.0,7.1,0.3
1782766450.989,0.0,0.0,0.0,0.3,11:12,0.0,00:01,0.0,7.1,0.3
1782766455.999,0.0,0.0,0.0,0.3,11:12,0.0,00:01,0.0,7.1,0.3
1782766461.002,0.0,0.0,0.0,0.3,11:12,0.0,00:01,0.0,7.1,0.3
1782766466.01,0.0,0.0,0.0,0.3,11:12,0.0,00:01,0.0,7.1,0.3
1782766471.02,0.0,0.0,0.0,0.3,11:12,0.0,00:01,0.0,7.1,0.3
1782766476.029,0.0,0.0,0.0,0.3,11:12,0.0,00:01,0.0,7.1,0.3
1782766481.032,0.0,0.0,0.0,0.3,11:12,0.0,00:01,0.0,7.1,0.3
1782766486.041,0.0,0.0,0.0,0.3,11:12,0.0,00:01,0.0,7.1,0.3
1782766491.048,0.0,0.0,0.0,0.3,11:12,0.0,00:01,0.0,7.1,0.3
1782766496.06,0.0,0.0,0.0,0.3,11:12,0.0,00:01,0.0,7.1,0.3
1782766501.068,0.0,0.0,0.0,0.3,11:12,0.0,00:01,0.0,7.1,0.3
1782766506.073,0.0,0.0,0.0,0.3,11:12,0.0,00:01,0.0,7.1,0.3
1782766511.081,0.0,0.0,0.0,0.3,11:12,0.0,00:01,0.0,7.1,0.3
1782766516.09,0.0,0.0,0.0,0.3,11:12,0.0,00:01,0.0,7.1,0.3
1782766521.101,0.0,0.0,0.0,0.3,11:12,0.0,00:01,0.0,7.1,0.3
1782766526.107,0.0,0.0,0.0,0.3,11:12,0.0,00:01,0.0,7.1,0.3
1782766531.113,0.0,0.0,0.0,0.3,11:12,0.0,00:01,0.0,7.1,0.3
1782766536.122,0.0,0.0,0.0,0.3,11:12,0.0,00:01,0.0,7.1,0.3
1782766541.13,0.0,0.0,0.0,0.3,11:12,0.0,00:01,0.0,7.1,0.3
1782766546.134,0.0,0.0,0.0,0.3,11:12,0.0,00:01,0.0,7.1,0.3
1782766551.142,0.0,0.0,0.0,0.3,11:12,0.0,00:01,0.0,7.1,0.3
1782766556.153,0.0,0.0,0.0,0.3,11:12,0.0,00:01,0.0,7.1,0.3
1782766561.157,0.0,0.0,0.0,0.3,11:12,0.0,00:01,0.0,7.1,0.3
1782766566.167,0.0,0.0,0.0,0.3,11:12,0.0,00:01,0.0,7.1,0.3
1782766571.175,0.0,0.0,0.0,0.3,11:12,0.0,00:01,0.0,7.1,0.3
1782766576.181,0.0,0.0,0.0,0.3,11:12,0.0,00:01,0.0,7.1,0.3
1782766581.19,0.0,0.0,0.0,0.3,11:12,0.0,00:01,0.0,7.1,0.3
1782766586.197,0.0,0.0,0.0,0.3,11:12,0.0,00:01,0.0,7.1,0.3
1782766591.207,0.0,0.0,0.0,0.3,11:12,0.0,00:01,0.0,7.1,0.3
1782766596.212,0.0,0.0,0.0,0.3,11:12,0.0,00:01,0.0,7.1,0.3
1782766601.223,0.0,0.0,0.0,0.3,11:12,0.0,00:01,0.0,7.1,0.3
1782766606.232,0.0,0.0,0.0,0.3,11:12,0.0,00:01,0.0,7.1,0.3
1782766611.243,0.0,0.0,0.0,0.3,11:12,0.0,00:01,0.0,7.1,0.3
1782766616.25,0.0,0.0,0.0,0.3,11:12,0.0,00:01,0.0,7.1,0.3
1782766621.254,0.0,0.0,0.0,0.3,11:12,0.0,00:01,0.0,7.1,0.3
1782766626.262,0.0,0.0,0.0,0.3,11:12,0.0,00:01,0.0,7.1,0.3
1782766631.269,0.0,0.0,0.0,0.3,11:12,0.0,00:01,0.0,7.1,0.3
1782766636.279,0.0,0.0,0.0,0.3,11:12,0.0,00:01,0.0,7.1,0.3
1782766641.29,0.0,0.0,0.0,0.3,11:12,0.0,00:01,0.0,7.1,0.3
1782766646.296,0.0,0.0,0.0,0.3,11:12,0.0,00:01,0.0,7.1,0.3
1782766651.307,0.0,0.0,0.0,0.3,11:12,0.0,00:01,0.0,7.1,0.3
1782766656.315,0.0,0.0,0.0,0.3,11:12,0.0,00:01,0.0,7.1,0.3
1782766661.323,0.0,0.0,0.0,0.3,11:12,0.0,00:01,0.0,7.1,0.3
1782766666.329,0.0,0.0,0.0,0.3,11:12,0.0,00:01,0.0,7.1,0.3
1782766671.336,0.0,0.0,0.0,0.3,11:12,0.0,00:01,0.0,7.1,0.3
1782766676.345,0.0,0.0,0.0,0.3,11:12,0.0,00:01,0.0,7.1,0.3
1782766681.356,0.0,0.0,0.0,0.3,11:12,0.0,00:01,0.0,7.1,0.3
1782766686.364,0.0,0.0,0.0,0.3,11:12,0.0,00:01,0.0,7.1,0.3
1782766691.368,0.0,0.0,0.0,0.3,11:12,0.0,00:01,0.0,7.1,0.3
1782766696.382,0.0,0.0,0.0,0.3,11:12,0.0,00:01,0.0,7.1,0.3
1782766701.395,0.0,0.0,0.0,0.3,11:12,0.0,00:01,0.0,7.1,0.3
1782766706.409,0.0,0.0,0.0,0.3,11:12,0.0,00:01,0.0,7.1,0.3
1782766711.422,0.0,0.0,0.0,0.3,11:12,0.0,00:01,0.0,7.1,0.3
1782766716.429,0.0,0.0,0.0,0.3,11:12,0.0,00:01,0.0,7.1,0.3
1782766721.441,0.0,0.0,0.0,0.3,11:12,0.0,00:01,0.0,7.1,0.3
1782766726.457,0.0,0.0,0.0,0.3,11:12,0.0,00:01,0.0,7.1,0.3
1782766731.469,0.0,0.0,0.0,0.3,11:12,0.0,00:01,0.0,7.1,0.3
1782766736.477,0.0,0.0,0.0,0.3,11:12,0.0,00:01,0.0,7.1,0.3
1782766741.484,0.0,0.0,0.0,0.3,11:12,0.0,00:01,0.0,7.1,0.3
1782766746.492,0.0,0.0,0.0,0.3,11:12,0.0,00:01,0.0,7.1,0.3
1782766751.504,0.0,0.0,0.0,0.3,11:12,0.0,00:01,0.0,7.1,0.3
1782766756.518,0.0,0.0,0.0,0.3,11:12,0.0,00:01,0.0,7.1,0.3
1782766761.525,0.0,0.0,0.0,0.3,11:12,0.0,00:01,0.0,7.1,0.3
1782766766.537,0.0,0.0,0.0,0.3,11:12,0.0,00:01,0.0,7.1,0.3
1782766771.546,0.0,0.0,0.0,0.3,11:12,0.0,00:01,0.0,7.1,0.3
1782766776.554,0.0,0.0,0.0,0.3,11:12,0.0,00:01,0.0,7.1,0.3
1782766781.563,0.0,0.0,0.0,0.3,11:12,0.0,00:01,0.0,7.1,0.3
1782766786.569,0.0,0.0,0.0,0.3,11:12,0.0,00:01,0.0,7.1,0.3
1782766791.576,0.0,0.0,0.0,0.3,11:12,0.0,00:01,0.0,7.1,0.3
1782766796.589,0.0,0.0,0.0,0.3,11:12,0.0,00:01,0.0,7.1,0.3
1782766801.595,0.0,0.0,0.0,0.3,11:12,0.0,00:01,0.0,7.1,0.3
1782766806.606,0.0,0.0,0.0,0.3,11:12,0.0,00:01,0.0,7.1,0.3
1782766811.615,0.0,0.0,0.0,0.3,11:12,0.0,00:01,0.0,7.1,0.3
1782766816.627,0.0,0.0,0.0,0.3,11:12,0.0,00:01,0.0,7.1,0.3
1782766821.642,0.0,0.0,0.0,0.3,11:12,0.0,00:01,0.0,7.1,0.3
1782766826.656,0.0,0.0,0.0,0.3,11:12,0.0,00:01,0.0,7.1,0.3
1782766831.663,0.0,0.0,0.0,0.3,11:12,0.0,00:01,0.0,7.1,0.3
1782766836.675,0.0,0.0,0.0,0.3,11:12,0.0,00:01,0.0,7.1,0.3
1782766841.69,0.0,0.0,0.0,0.3,11:12,0.0,00:01,0.0,7.1,0.3
1782766846.704,0.0,0.0,0.0,0.3,11:12,0.0,00:01,0.0,7.1,0.3
1782766851.715,0.0,0.0,0.0,0.3,11:12,0.0,00:01,0.0,7.1,0.3
1782766856.725,0.0,0.0,0.0,0.3,11:12,0.0,00:01,0.0,7.1,0.3
1782766861.735,0.0,0.0,0.0,0.3,11:12,0.0,00:01,0.0,7.1,0.3
1782766866.744,0.0,0.0,0.0,0.3,11:12,0.0,00:01,0.0,7.1,0.3
1782766871.75,0.0,0.0,0.0,0.3,11:12,0.0,00:01,0.0,7.1,0.3
1782766876.759,0.0,0.0,0.0,0.3,11:12,0.0,00:01,0.0,7.1,0.3
1782766881.765,0.0,0.0,0.0,0.3,11:12,0.0,00:01,0.0,7.1,0.3
1782766886.774,0.0,0.0,0.0,0.3,11:12,0.0,00:01,0.0,7.1,0.3
1782766891.785,0.0,0.0,0.0,0.3,11:12,0.0,00:01,0.0,7.1,0.3
1782766896.796,0.0,0.0,0.0,0.3,11:12,0.0,00:01,0.0,7.1,0.3
1782766901.806,0.0,0.0,0.0,0.3,11:12,0.0,00:01,0.0,7.1,0.3
1782766906.813,0.0,0.0,0.0,0.3,11:12,0.0,00:01,0.0,7.1,0.3
1782766911.823,0.0,0.0,0.0,0.3,11:12,0.0,00:01,0.0,7.1,0.3
1782766916.835,0.0,0.0,0.0,0.3,11:12,0.0,00:01,0.0,7.1,0.3
1782766921.839,0.0,0.0,0.0,0.3,11:12,0.0,00:01,0.0,7.1,0.3
1782766926.844,0.0,0.0,0.0,0.3,11:12,0.0,00:01,0.0,7.1,0.3
1782766931.852,0.0,0.0,0.0,0.3,11:12,0.0,00:01,0.0,7.1,0.3
1782766936.863,0.0,0.0,0.0,0.3,11:12,0.0,00:01,0.0,7.1,0.3
1782766941.872,0.0,0.0,0.0,0.3,11:12,0.0,00:01,0.0,7.1,0.3
1782766946.88,0.0,0.0,0.0,0.3,11:12,0.0,00:01,0.0,7.1,0.3
1782766951.888,0.0,0.0,0.0,0.3,11:12,0.0,00:01,0.0,7.1,0.3
1782766956.898,0.0,0.0,0.0,0.3,11:12,0.0,00:01,0.0,7.1,0.3
1782766961.906,0.0,0.0,0.0,0.3,11:12,0.0,00:01,0.0,7.1,0.3
1782766966.915,0.0,0.0,0.0,0.3,11:12,0.0,00:01,0.0,7.1,0.3
1782766971.924,0.0,0.0,0.0,0.3,11:12,0.0,00:01,0.0,7.1,0.3
1782766976.928,0.0,0.0,0.0,0.3,11:12,0.0,00:01,0.0,7.1,0.3
1782766981.937,0.0,0.0,0.0,0.3,11:12,0.0,00:01,0.0,7.1,0.3
1782766986.947,0.0,0.0,0.0,0.3,11:12,0.0,00:01,0.0,7.1,0.3
1782766991.955,0.0,0.0,0.0,0.3,11:12,0.0,00:01,0.0,7.1,0.3
1782766996.962,0.0,0.0,0.0,0.3,11:12,0.0,00:01,0.0,7.1,0.3
1782767001.969,0.0,0.0,0.0,0.3,11:12,0.0,00:01,0.0,7.1,0.3
1782767006.979,0.0,0.0,0.0,0.3,11:12,0.0,00:01,0.0,7.1,0.3
1782767011.987,0.0,0.0,0.0,0.3,11:12,0.0,00:01,0.0,7.1,0.3
1782767016.996,0.0,0.0,0.0,0.3,11:12,0.0,00:01,0.0,7.1,0.3
1782767022.003,0.0,0.0,0.0,0.3,11:12,0.0,00:01,0.0,7.1,0.3
1782767027.012,0.0,0.0,0.0,0.3,11:12,0.0,00:01,0.0,7.1,0.3
1782767032.021,0.0,0.0,0.0,0.3,11:12,0.0,00:01,0.0,7.1,0.3
1782767037.032,0.0,0.0,0.0,0.3,11:12,0.0,00:01,0.0,7.1,0.3
1782767042.039,0.0,0.0,0.0,0.3,11:12,0.0,00:01,0.0,7.1,0.3
1782767047.044,0.0,0.0,0.0,0.3,11:12,0.0,00:01,0.0,7.1,0.3
1782767052.054,0.0,0.0,0.0,0.3,11:12,0.0,00:01,0.0,7.1,0.3
1782767057.063,0.0,0.0,0.0,0.3,11:12,0.0,00:01,0.0,7.1,0.3
1782767062.071,0.0,0.0,0.0,0.3,11:12,0.0,00:01,0.0,7.1,0.3
1782767067.077,0.0,0.0,0.0,0.3,11:12,0.0,00:01,0.0,7.1,0.3
1782767072.084,0.0,0.0,0.0,0.3,11:12,0.0,00:01,0.0,7.1,0.3
1782767077.094,0.0,0.0,0.0,0.3,11:12,0.0,00:01,0.0,7.1,0.3
1782767082.106,0.0,0.0,0.0,0.3,11:12,0.0,00:01,0.0,7.1,0.3
1782767087.111,0.0,0.0,0.0,0.3,11:12,0.0,00:01,0.0,7.1,0.3
1782767092.116,0.0,0.0,0.0,0.3,11:12,0.0,00:01,0.0,7.1,0.3
1782767097.127,0.0,0.0,0.0,0.3,11:12,0.0,00:01,0.0,7.1,0.3
1782767102.138,0.0,0.0,0.0,0.3,11:12,0.0,00:01,0.0,7.1,0.3
1782767107.149,0.0,0.0,0.0,0.3,11:12,0.0,00:01,0.0,7.1,0.3
1782767112.155,0.0,0.0,0.0,0.3,11:12,0.0,00:01,0.0,7.1,0.3
1782767117.164,0.0,0.0,0.0,0.3,11:12,0.0,00:01,0.0,7.1,0.3
1782767122.174,0.0,0.0,0.0,0.3,11:12,0.0,00:01,0.0,7.1,0.3
1782767127.184,0.0,0.0,0.0,0.3,11:12,0.0,00:01,0.0,7.1,0.3
1782767132.191,0.0,0.0,0.0,0.3,11:12,0.0,00:01,0.0,7.1,0.3
1782767137.196,0.0,0.0,0.0,0.3,11:12,0.0,00:01,0.0,7.1,0.3
1782767142.204,0.0,0.0,0.0,0.3,11:12,0.0,00:01,0.0,7.1,0.3
1782767147.214,0.0,0.0,0.0,0.3,11:12,0.0,00:01,0.0,7.1,0.3
1782767152.224,0.0,0.0,0.0,0.3,11:12,0.0,00:01,0.0,7.1,0.3
1782767157.232,0.0,0.0,0.0,0.3,11:12,0.0,00:01,0.0,7.1,0.3
1782767162.236,0.0,0.0,0.0,0.3,11:12,0.0,00:01,0.0,7.1,0.3
1782767167.247,0.0,0.0,0.0,0.3,11:12,0.0,00:01,0.0,7.1,0.3
1782767172.255,0.0,0.0,0.0,0.3,11:12,0.0,00:01,0.0,7.1,0.3
1782767177.263,0.0,0.0,0.0,0.3,11:12,0.0,00:01,0.0,7.1,0.3
1782767182.269,0.0,0.0,0.0,0.3,11:12,0.0,00:01,0.0,7.1,0.3
1782767187.278,0.0,0.0,0.0,0.3,11:12,0.0,00:01,0.0,7.1,0.3
1782767192.289,0.0,0.0,0.0,0.3,11:12,0.0,00:01,0.0,7.1,0.3
1782767197.3,0.0,0.0,0.0,0.3,11:12,0.0,00:01,0.0,7.1,0.3
1782767202.31,0.0,0.0,0.0,0.3,11:12,0.0,00:01,0.0,7.1,0.3
1782767207.315,0.0,0.0,0.0,0.3,11:12,0.0,00:01,0.0,7.1,0.3
1782767212.325,0.0,0.0,0.0,0.3,11:12,0.0,00:01,0.0,7.1,0.3
1782767217.337,0.0,0.0,0.0,0.3,11:12,0.0,00:01,0.0,7.1,0.3
1782767222.347,0.0,0.0,0.0,0.3,11:12,0.0,00:01,0.0,7.1,0.3
1782767227.356,0.0,0.0,0.0,0.3,11:12,0.0,00:01,0.0,7.1,0.3
1782767232.363,0.0,0.0,0.0,0.3,11:12,0.0,00:01,0.0,7.1,0.3
1782767237.373,0.0,0.0,0.0,0.3,11:12,0.0,00:01,0.0,7.1,0.3
1782767242.383,0.0,0.0,0.0,0.3,11:12,0.0,00:01,0.0,7.1,0.3
1782767247.393,0.0,0.0,0.0,0.3,11:12,0.0,00:01,0.0,7.1,0.3
1782767252.401,0.0,0.0,0.0,0.3,11:12,0.0,00:01,0.0,7.1,0.3
1782767257.409,0.0,0.0,0.0,0.3,11:12,0.0,00:01,0.0,7.1,0.3
1782767262.418,0.0,0.0,0.0,0.3,11:12,0.0,00:01,0.0,7.1,0.3
1782767267.427,0.0,0.0,0.0,0.3,11:12,0.0,00:01,0.0,7.1,0.3
1782767272.436,0.0,0.0,0.0,0.3,11:12,0.0,00:01,0.0,7.1,0.3
1782767277.442,0.0,0.0,0.0,0.3,11:12,0.0,00:01,0.0,7.1,0.3
1782767282.448,0.0,0.0,0.0,0.3,11:12,0.0,00:01,0.0,7.1,0.3
1782767287.458,0.0,0.0,0.0,0.3,11:12,0.0,00:01,0.0,7.1,0.3
1782767292.467,0.0,0.0,0.0,0.3,11:12,0.0,00:01,0.0,7.1,0.3
1782767297.475,0.0,0.0,0.0,0.3,11:12,0.0,00:01,0.0,7.1,0.3
1782767302.482,0.0,0.0,0.0,0.3,11:12,0.0,00:01,0.0,7.1,0.3
1782767307.492,0.0,0.0,0.0,0.3,11:12,0.0,00:01,0.0,7.1,0.3
1782767312.501,0.0,0.0,0.0,0.3,11:12,0.0,00:01,0.0,7.1,0.3
1782767317.507,0.0,0.0,0.0,0.3,11:12,0.0,00:01,0.0,7.1,0.3
1782767322.514,0.0,0.0,0.0,0.3,11:12,0.0,00:01,0.0,7.1,0.3
1782767327.523,0.0,0.0,0.0,0.3,11:12,0.0,00:01,0.0,7.1,0.3
1782767332.534,0.0,0.0,0.0,0.3,11:12,0.0,00:01,0.0,7.1,0.3
1782767337.544,0.0,0.0,0.0,0.3,11:12,0.0,00:01,0.0,7.1,0.3
1782767342.554,0.0,0.0,0.0,0.3,11:12,0.0,00:01,0.0,7.1,0.3
1782767347.561,0.0,0.0,0.0,0.3,11:12,0.0,00:01,0.0,7.1,0.3
1782767352.57,0.0,0.0,0.0,0.3,11:12,0.0,00:01,0.0,7.1,0.3
1782767357.581,0.0,0.0,0.0,0.3,11:12,0.0,00:01,0.0,7.1,0.3
1782767362.591,0.0,0.0,0.0,0.3,11:12,0.0,00:01,0.0,7.1,0.3
1782767367.599,0.0,0.0,0.0,0.3,11:12,0.0,00:01,0.0,7.1,0.3
1782767372.604,0.0,0.0,0.0,0.3,11:12,0.0,00:01,0.0,7.1,0.3
1782767377.614,0.0,0.0,0.0,0.3,11:12,0.0,00:01,0.0,7.1,0.3
1782767382.623,0.0,0.0,0.0,0.3,11:12,0.0,00:01,0.0,7.1,0.3
1782767387.63,0.0,0.0,0.0,0.3,11:12,0.0,00:01,0.0,7.1,0.3
1782767392.636,0.0,0.0,0.0,0.3,11:12,0.0,00:01,0.0,7.1,0.3
1782767397.644,0.0,0.0,0.0,0.3,11:12,0.0,00:01,0.0,7.1,0.3
1782767402.656,0.0,0.0,0.0,0.3,11:12,0.0,00:01,0.0,7.1,0.3
1782767407.667,0.0,0.0,0.0,0.3,11:12,0.0,00:01,0.0,7.1,0.3
1782767412.679,0.0,0.0,0.0,0.3,11:12,0.0,00:01,0.0,7.1,0.3
1782767417.685,0.0,0.0,0.0,0.3,11:12,0.0,00:01,0.0,7.1,0.3
1782767422.696,0.0,0.0,0.0,0.3,11:12,0.0,00:01,0.0,7.1,0.3
1782767427.711,0.0,0.0,0.0,0.3,11:12,0.0,00:01,0.0,7.1,0.3
1782767432.724,0.0,0.0,0.0,0.3,11:12,0.0,00:01,0.0,7.1,0.3
1782767437.734,0.0,0.0,0.0,0.3,11:12,0.0,00:01,0.0,7.1,0.3
1782767442.74,0.0,0.0,0.0,0.3,11:12,0.0,00:01,0.0,7.1,0.3
1782767447.75,0.0,0.0,0.0,0.3,11:12,0.0,00:01,0.0,7.1,0.3
1782767452.762,0.0,0.0,0.0,0.3,11:12,0.0,00:01,0.0,7.1,0.3
1782767457.773,0.0,0.0,0.0,0.3,11:12,0.0,00:01,0.0,7.1,0.3
1782767462.786,0.0,0.0,0.0,0.3,11:12,0.0,00:01,0.0,7.1,0.3
1782767467.792,0.0,0.0,0.0,0.3,11:12,0.0,00:01,0.0,7.1,0.3
1782767472.808,0.0,0.0,0.0,0.3,11:12,0.0,00:01,0.0,7.1,0.3
1782767477.823,0.0,0.0,0.0,0.3,11:12,0.0,00:01,0.0,7.1,0.3
1782767482.833,0.0,0.0,0.0,0.3,11:12,0.0,00:01,0.0,7.1,0.3
1782767487.84,0.0,0.0,0.0,0.3,11:12,0.0,00:01,0.0,7.1,0.3
1782767492.855,0.0,0.0,0.0,0.3,11:12,0.0,00:01,0.0,7.1,0.3
1782767497.868,0.0,0.0,0.0,0.3,11:12,0.0,00:01,0.0,7.1,0.3
1782767502.878,0.0,0.0,0.0,0.3,11:12,0.0,00:01,0.0,7.1,0.3
1782767507.891,0.0,0.0,0.0,0.3,11:12,0.0,00:01,0.0,7.1,0.3
1782767512.898,0.0,0.0,0.0,0.3,11:12,0.0,00:01,0.0,7.1,0.3
1782767517.912,0.0,0.0,0.0,0.3,11:12,0.0,00:01,0.0,7.1,0.3
1782767522.925,0.0,0.0,0.0,0.3,11:12,0.0,00:01,0.0,7.1,0.3
1782767527.937,0.0,0.0,0.0,0.3,11:12,0.0,00:01,0.0,7.1,0.3
1782767532.949,0.0,0.0,0.0,0.3,11:12,0.0,00:01,0.0,7.1,0.3
1782767537.956,0.0,0.0,0.0,0.3,11:12,0.0,00:01,0.0,7.1,0.3
1782767542.969,0.0,0.0,0.0,0.3,11:12,0.0,00:01,0.0,7.1,0.3
1782767547.982,0.0,0.0,0.0,0.3,11:12,0.0,00:01,0.0,7.1,0.3
1782767552.993,0.0,0.0,0.0,0.3,11:12,0.0,00:01,0.0,7.1,0.3
1782767558.006,0.0,0.0,0.0,0.3,11:12,0.0,00:01,0.0,7.1,0.3
1782767563.015,0.0,0.0,0.0,0.3,11:12,0.0,00:01,0.0,7.1,0.3
1782767568.027,0.0,0.0,0.0,0.3,11:12,0.0,00:01,0.0,7.1,0.3
1782767573.04,0.0,0.0,0.0,0.3,11:12,0.0,00:01,0.0,7.1,0.3
1782767578.052,0.0,0.0,0.0,0.3,11:12,0.0,00:01,0.0,7.1,0.3
1782767583.059,0.0,0.0,0.0,0.3,11:12,0.0,00:01,0.0,7.1,0.3
1782767588.071,0.0,0.0,0.0,0.3,11:12,0.0,00:01,0.0,7.1,0.3
1782767593.087,0.0,0.0,0.0,0.3,11:12,0.0,00:01,0.0,7.1,0.3
1782767598.095,0.0,0.0,0.0,0.3,11:12,0.0,00:01,0.0,7.1,0.3
1782767603.106,0.0,0.0,0.0,0.3,11:12,0.0,00:01,0.0,7.1,0.3
1782767608.117,0.0,0.0,0.0,0.3,11:12,0.0,00:01,0.0,7.1,0.3
1782767613.132,0.0,0.0,0.0,0.3,11:12,0.0,00:01,0.0,7.1,0.3
1782767618.145,0.0,0.0,0.0,0.3,11:12,0.0,00:01,0.0,7.1,0.3
1782767623.157,0.0,0.0,0.0,0.3,11:12,0.0,00:01,0.0,7.1,0.3
1782767628.168,0.0,0.0,0.0,0.3,11:12,0.0,00:01,0.0,7.1,0.3
1782767633.178,0.0,0.0,0.0,0.3,11:12,0.0,00:01,0.0,7.1,0.3
1782767638.191,0.0,0.0,0.0,0.3,11:12,0.0,00:01,0.0,7.1,0.3
1782767643.202,0.0,0.0,0.0,0.3,11:12,0.0,00:01,0.0,7.1,0.3
1782767648.213,0.0,0.0,0.0,0.3,11:12,0.0,00:01,0.0,7.1,0.3
1782767653.221,0.0,0.0,0.0,0.3,11:12,0.0,00:01,0.0,7.1,0.3
1782767658.235,0.0,0.0,0.0,0.3,11:12,0.0,00:01,0.0,7.1,0.3
1782767663.246,0.0,0.0,0.0,0.3,11:12,0.0,00:01,0.0,7.1,0.3
1782767668.257,0.0,0.0,0.0,0.3,11:12,0.0,00:01,0.0,7.1,0.3
1782767673.265,0.0,0.0,0.0,0.3,11:12,0.0,00:01,0.0,7.1,0.3
1782767678.273,0.0,0.0,0.0,0.3,11:12,0.0,00:01,0.0,7.1,0.3
1782767683.288,0.0,0.0,0.0,0.3,11:12,0.0,00:01,0.0,7.1,0.3
1782767688.299,0.0,0.0,0.0,0.3,11:12,0.0,00:01,0.0,7.1,0.3
1782767693.313,0.0,0.0,0.0,0.3,11:12,0.0,00:01,0.0,7.1,0.3
1782767698.325,0.0,0.0,0.0,0.3,11:12,0.0,00:01,0.0,7.1,0.3
1782767703.331,0.0,0.0,0.0,0.3,11:12,0.0,00:01,0.0,7.1,0.3
1782767708.349,0.0,0.0,0.0,0.3,11:12,0.0,00:01,0.0,7.1,0.3
1782767713.359,0.0,0.0,0.0,0.3,11:12,0.0,00:01,0.0,7.1,0.3
1782767718.371,0.0,0.0,0.0,0.3,11:12,0.0,00:01,0.0,7.1,0.3
1782767723.382,0.0,0.0,0.0,0.3,11:12,0.0,00:01,0.0,7.1,0.3
1782767728.391,0.0,0.0,0.0,0.3,11:12,0.0,00:01,0.0,7.1,0.3
1782767733.405,0.0,0.0,0.0,0.3,11:12,0.0,00:01,0.0,7.1,0.3
1782767738.419,0.0,0.0,0.0,0.3,11:12,0.0,00:01,0.0,7.1,0.3
1782767743.429,0.0,0.0,0.0,0.3,11:12,0.0,00:01,0.0,7.1,0.3
1782767748.432,0.0,0.0,0.0,0.3,11:12,0.0,00:01,0.0,7.1,0.3
1782767753.446,0.0,0.0,0.0,0.3,11:12,0.0,00:01,0.0,7.1,0.3
1782767758.459,0.0,0.0,0.0,0.3,11:12,0.0,00:01,0.0,7.1,0.3
1782767763.472,0.0,0.0,0.0,0.3,11:12,0.0,00:01,0.0,7.1,0.3
1782767768.484,0.0,0.0,0.0,0.3,11:12,0.0,00:01,0.0,7.1,0.3
1782767773.488,0.0,0.0,0.0,0.3,11:12,0.0,00:01,0.0,7.1,0.3
1782767778.5,0.0,0.0,0.0,0.3,11:12,0.0,00:01,0.0,7.1,0.3
1782767783.513,0.0,0.0,0.0,0.3,11:12,0.0,00:01,0.0,7.1,0.3
1782767788.525,0.0,0.0,0.0,0.3,11:12,0.0,00:01,0.0,7.1,0.3
1782767793.538,0.0,0.0,0.0,0.3,11:12,0.0,00:01,0.0,7.1,0.3
1782767798.547,0.0,0.0,0.0,0.3,11:12,0.0,00:01,0.0,7.1,0.3
1782767803.56,0.0,0.0,0.0,0.3,11:12,0.0,00:01,0.0,7.1,0.3
1782767808.57,0.0,0.0,0.0,0.3,11:12,0.0,00:01,0.0,7.1,0.3
1782767813.584,0.0,0.0,0.0,0.3,11:12,0.0,00:01,0.0,7.1,0.3
1782767818.591,0.0,0.0,0.0,0.3,11:12,0.0,00:01,0.0,7.1,0.3
1782767823.606,0.0,0.0,0.0,0.3,11:12,0.0,00:01,0.0,7.1,0.3
1782767828.619,0.0,0.0,0.0,0.3,11:12,0.0,00:01,0.0,7.1,0.3
1782767833.63,0.0,0.0,0.0,0.3,11:12,0.0,00:01,0.0,7.1,0.3
1782767838.641,0.0,0.0,0.0,0.3,11:12,0.0,00:01,0.0,7.1,0.3
1782767843.652,0.0,0.0,0.0,0.3,11:12,0.0,00:01,0.0,7.1,0.3
1782767848.665,0.0,0.0,0.0,0.3,11:12,0.0,00:01,0.0,7.1,0.3
1782767853.675,0.0,0.0,0.0,0.3,11:12,0.0,00:01,0.0,7.1,0.3
1782767858.687,0.0,0.0,0.0,0.3,11:12,0.0,00:01,0.0,7.1,0.3
1782767863.702,0.0,0.0,0.0,0.3,11:12,0.0,00:01,0.0,7.1,0.3
1782767868.71,0.0,0.0,0.0,0.3,11:12,0.0,00:01,0.0,7.1,0.3
1782767873.724,0.0,0.0,0.0,0.3,11:12,0.0,00:01,0.0,7.1,0.3
1782767878.733,0.0,0.0,0.0,0.3,11:12,0.0,00:01,0.0,7.1,0.3
1782767883.742,0.0,0.0,0.0,0.3,11:12,0.0,00:01,0.0,7.1,0.3
1782767888.75,0.0,0.0,0.0,0.3,11:12,0.0,00:01,0.0,7.1,0.3
1782767893.76,0.0,0.0,0.0,0.3,11:12,0.0,00:01,0.0,7.1,0.3
1782767898.769,0.0,0.0,0.0,0.3,11:12,0.0,00:01,0.0,7.1,0.3
1782767903.779,0.0,0.0,0.0,0.3,11:12,0.0,00:01,0.0,7.1,0.3
1782767908.79,0.0,0.0,0.0,0.3,11:12,0.0,00:01,0.0,7.1,0.3
1782767913.799,0.0,0.0,0.0,0.3,11:12,0.0,00:01,0.0,7.1,0.3
1782767918.813,0.0,0.0,0.0,0.3,11:12,0.0,00:01,0.0,7.1,0.3
1782767923.824,0.0,0.0,0.0,0.3,11:12,0.0,00:01,0.0,7.1,0.3
1782767928.832,0.0,0.0,0.0,0.3,11:12,0.0,00:01,0.0,7.1,0.3
1782767933.844,0.0,0.0,0.0,0.3,11:12,0.0,00:01,0.0,7.1,0.3
1782767938.85,0.0,0.0,0.0,0.3,11:12,0.0,00:01,0.0,7.1,0.3
1782767943.86,0.0,0.0,0.0,0.3,11:12,0.0,00:01,0.0,7.1,0.3
1782767948.874,0.0,0.0,0.0,0.3,11:12,0.0,00:01,0.0,7.1,0.3
1782767953.882,0.0,0.0,0.0,0.3,11:12,0.0,00:01,0.0,7.1,0.3
1782767958.896,0.0,0.0,0.0,0.3,11:12,0.0,00:01,0.0,7.1,0.3
1782767963.904,0.0,0.0,0.0,0.3,11:12,0.0,00:01,0.0,7.1,0.3
1782767968.913,0.0,0.0,0.0,0.3,11:12,0.0,00:01,0.0,7.1,0.3
1782767973.925,0.0,0.0,0.0,0.3,11:12,0.0,00:01,0.0,7.1,0.3
1782767978.937,0.0,0.0,0.0,0.3,11:12,0.0,00:01,0.0,7.1,0.3
1782767983.951,0.0,0.0,0.0,0.3,11:12,0.0,00:01,0.0,7.1,0.3
1782767988.959,0.0,0.0,0.0,0.3,11:12,0.0,00:01,0.0,7.1,0.3
1782767993.971,0.0,0.0,0.0,0.3,11:12,0.0,00:01,0.0,7.1,0.3
1782767998.982,0.0,0.0,0.0,0.3,11:12,0.0,00:01,0.0,7.1,0.3
1782768003.995,0.0,0.0,0.0,0.3,11:12,0.0,00:01,0.0,7.1,0.3
1782768009.002,0.0,0.0,0.0,0.3,11:12,0.0,00:01,0.0,7.1,0.3
1782768014.016,0.0,0.0,0.0,0.3,11:12,0.0,00:01,0.0,7.1,0.3
1782768019.026,0.0,0.0,0.0,0.3,11:12,0.0,00:01,0.0,7.1,0.3
1782768024.038,0.0,0.0,0.0,0.3,11:12,0.0,00:01,0.0,7.1,0.3
1782768029.048,0.0,0.0,0.0,0.3,11:12,0.0,00:01,0.0,7.1,0.3
1782768034.054,0.0,0.0,0.0,0.3,11:12,0.0,00:01,0.0,7.1,0.3
1782768039.067,0.0,0.0,0.0,0.3,11:12,0.0,00:01,0.0,7.1,0.3
1782768044.079,0.0,0.0,0.0,0.3,11:12,0.0,00:01,0.0,7.1,0.3
1782768049.09,0.0,0.0,0.0,0.3,11:12,0.0,00:01,0.0,7.1,0.3
1782768054.1,0.0,0.0,0.0,0.3,11:12,0.0,00:01,0.0,7.1,0.3
1782768059.105,0.0,0.0,0.0,0.3,11:12,0.0,00:01,0.0,7.1,0.3
1782768064.12,0.0,0.0,0.0,0.3,11:12,0.0,00:01,0.0,7.1,0.3
1782768069.131,0.0,0.0,0.0,0.3,11:12,0.0,00:01,0.0,7.1,0.3
1782768074.143,0.0,0.0,0.0,0.3,11:12,0.0,00:01,0.0,7.1,0.3
1782768079.149,0.0,0.0,0.0,0.3,11:12,0.0,00:01,0.0,7.1,0.3
1782768084.162,0.0,0.0,0.0,0.3,11:12,0.0,00:01,0.0,7.1,0.3
1782768089.173,0.0,0.0,0.0,0.3,11:12,0.0,00:01,0.0,7.1,0.3
1782768094.185,0.0,0.0,0.0,0.3,11:12,0.0,00:01,0.0,7.1,0.3
1782768099.199,0.0,0.0,0.0,0.3,11:12,0.0,00:01,0.0,7.1,0.3
1782768104.206,0.0,0.0,0.0,0.3,11:12,0.0,00:01,0.0,7.1,0.3
1782768109.217,0.0,0.0,0.0,0.3,11:12,0.0,00:01,0.0,7.1,0.3
1782768114.231,0.0,0.0,0.0,0.3,11:12,0.0,00:01,0.0,7.1,0.3
1782768119.242,0.0,0.0,0.0,0.3,11:12,0.0,00:01,0.0,7.1,0.3
1782768124.254,0.0,0.0,0.0,0.3,11:12,0.0,00:01,0.0,7.1,0.3
1782768129.26,0.0,0.0,0.0,0.3,11:12,0.0,00:01,0.0,7.1,0.3
1782768134.27,0.0,0.0,0.0,0.3,11:12,0.0,00:01,0.0,7.1,0.3
1782768139.279,0.0,0.0,0.0,0.3,11:12,0.0,00:01,0.0,7.1,0.3
1782768144.292,0.0,0.0,0.0,0.3,11:12,0.0,00:01,0.0,7.1,0.3
1782768149.296,0.0,0.0,0.0,0.3,11:12,0.0,00:01,0.0,7.1,0.3
1782768154.308,0.0,0.0,0.0,0.3,11:12,0.0,00:01,0.0,7.1,0.3
1782768159.321,0.0,0.0,0.0,0.3,11:12,0.0,00:01,0.0,7.1,0.3
1782768164.331,0.0,0.0,0.0,0.3,11:12,0.0,00:01,0.0,7.1,0.3
1782768169.345,0.0,0.0,0.0,0.3,11:12,0.0,00:01,0.0,7.1,0.3
1782768174.355,0.0,0.0,0.0,0.3,11:12,0.0,00:01,0.0,7.1,0.3
1782768179.364,0.0,0.0,0.0,0.3,11:12,0.0,00:01,0.0,7.1,0.3
1782768184.379,0.0,0.0,0.0,0.3,11:12,0.0,00:01,0.0,7.1,0.3
1782768189.392,0.0,0.0,0.0,0.3,11:12,0.0,00:01,0.0,7.1,0.3
1782768194.406,0.0,0.0,0.0,0.3,11:12,0.0,00:01,0.0,7.1,0.3
1782768199.412,0.0,0.0,0.0,0.3,11:12,0.0,00:01,0.0,7.1,0.3
1782768204.427,0.0,0.0,0.0,0.3,11:12,0.0,00:01,0.0,7.1,0.3
1782768209.438,0.0,0.0,0.0,0.3,11:12,0.0,00:01,0.0,7.1,0.3
1782768214.447,0.0,0.0,0.0,0.3,11:12,0.0,00:01,0.0,7.1,0.3
1782768219.459,0.0,0.0,0.0,0.3,11:12,0.0,00:01,0.0,7.1,0.3
1782768224.466,0.0,0.0,0.0,0.3,11:12,0.0,00:01,0.0,7.1,0.3
1782768229.474,0.0,0.0,0.0,0.3,11:12,0.0,00:01,0.0,7.1,0.3
1782768234.488,0.0,0.0,0.0,0.3,11:12,0.0,00:01,0.0,7.1,0.3
1782768239.502,0.0,0.0,0.0,0.3,11:12,0.0,00:01,0.0,7.1,0.3
1782768244.509,0.0,0.0,0.0,0.3,11:12,0.0,00:01,0.0,7.1,0.3
1782768249.521,0.0,0.0,0.0,0.3,11:12,0.0,00:01,0.0,7.1,0.3
1782768254.532,0.0,0.0,0.0,0.3,11:12,0.0,00:01,0.0,7.1,0.3
1782768259.54,0.0,0.0,0.0,0.3,11:12,0.0,00:01,0.0,7.1,0.3
1782768264.558,0.0,0.0,0.0,0.3,11:12,0.0,00:01,0.0,7.1,0.3
1782768269.566,0.0,0.0,0.0,0.3,11:12,0.0,00:01,0.0,7.1,0.3
1782768274.58,0.0,0.0,0.0,0.3,11:12,0.0,00:01,0.0,7.1,0.3
1782768279.591,0.0,0.0,0.0,0.3,11:12,0.0,00:01,0.0,7.1,0.3
1782768284.6,0.0,0.0,0.0,0.3,11:12,0.0,00:01,0.0,7.1,0.3
1782768289.609,0.0,0.0,0.0,0.3,11:12,0.0,00:01,0.0,7.1,0.3
1782768294.616,0.0,0.0,0.0,0.3,11:12,0.0,00:01,0.0,7.1,0.3
1782768299.629,0.0,0.0,0.0,0.3,11:12,0.0,00:01,0.0,7.1,0.3
1782768304.639,0.0,0.0,0.0,0.3,11:12,0.0,00:01,0.0,7.1,0.3
1782768309.649,0.0,0.0,0.0,0.3,11:12,0.0,00:01,0.0,7.1,0.3
1782768314.655,0.0,0.0,0.0,0.3,11:12,0.0,00:01,0.0,7.1,0.3
1782768319.665,0.0,0.0,0.0,0.3,11:12,0.0,00:01,0.0,7.1,0.3
1782768324.674,0.0,0.0,0.0,0.3,11:12,0.0,00:01,0.0,7.1,0.3
1782768329.681,0.0,0.0,0.0,0.3,11:12,0.0,00:01,0.0,7.1,0.3
1782768334.692,0.0,0.0,0.0,0.3,11:12,0.0,00:01,0.0,7.1,0.3
1782768339.696,0.0,0.0,0.0,0.3,11:12,0.0,00:01,0.0,7.1,0.3
1782768344.708,0.0,0.0,0.0,0.3,11:12,0.0,00:01,0.0,7.1,0.3
1782768349.722,0.0,0.0,0.0,0.3,11:12,0.0,00:01,0.0,7.1,0.3
1782768354.736,0.0,0.0,0.0,0.3,11:12,0.0,00:01,0.0,7.1,0.3
1782768359.745,0.0,0.0,0.0,0.3,11:12,0.0,00:01,0.0,7.1,0.3
1782768364.748,0.0,0.0,0.0,0.3,11:12,0.0,00:01,0.0,7.1,0.3
1782768369.757,0.0,0.0,0.0,0.3,11:12,0.0,00:01,0.0,7.1,0.3
1782768374.768,0.0,0.0,0.0,0.3,11:12,0.0,00:01,0.0,7.1,0.3
1782768379.778,0.0,0.0,0.0,0.3,11:12,0.0,00:01,0.0,7.1,0.3
1782768384.788,0.0,0.0,0.0,0.3,11:12,0.0,00:01,0.0,7.1,0.3
1782768389.793,0.0,0.0,0.0,0.3,11:12,0.0,00:01,0.0,7.1,0.3
1782768394.8,0.0,0.0,0.0,0.3,11:12,0.0,00:01,0.0,7.1,0.3
1782768399.809,0.0,0.0,0.0,0.3,11:12,0.0,00:01,0.0,7.1,0.3
1782768404.819,0.0,0.0,0.0,0.3,11:12,0.0,00:01,0.0,7.1,0.3
1782768409.824,0.0,0.0,0.0,0.3,11:12,0.0,00:01,0.0,7.1,0.3
1782768414.832,0.0,0.0,0.0,0.3,11:12,0.0,00:01,0.0,7.1,0.3
1782768419.843,0.0,0.0,0.0,0.3,11:12,0.0,00:01,0.0,7.1,0.3
1782768424.854,0.0,0.0,0.0,0.3,11:12,0.0,00:01,0.0,7.1,0.3
1782768429.861,0.0,0.0,0.0,0.3,11:12,0.0,00:01,0.0,7.1,0.3
1782768434.864,0.0,0.0,0.0,0.3,11:12,0.0,00:01,0.0,7.1,0.3
1782768439.872,0.0,0.0,0.0,0.3,11:12,0.0,00:01,0.0,7.1,0.3
1782768444.883,0.0,0.0,0.0,0.3,11:12,0.0,00:01,0.0,7.1,0.3
1782768449.892,0.0,0.0,0.0,0.3,11:12,0.0,00:01,0.0,7.1,0.3
1782768454.896,0.0,0.0,0.0,0.3,11:12,0.0,00:01,0.0,7.1,0.3
1782768459.905,0.0,0.0,0.0,0.3,11:12,0.0,00:01,0.0,7.1,0.3
1782768464.912,0.0,0.0,0.0,0.3,11:12,0.0,00:01,0.0,7.1,0.3
1782768469.923,0.0,0.0,0.0,0.3,11:12,0.0,00:01,0.0,7.1,0.3
1782768474.932,0.0,0.0,0.0,0.3,11:12,0.0,00:01,0.0,7.1,0.3
1782768479.937,0.0,0.0,0.0,0.3,11:12,0.0,00:01,0.0,7.1,0.3
1782768484.946,0.0,0.0,0.0,0.3,11:12,0.0,00:01,0.0,7.1,0.3
1782768489.958,0.0,0.0,0.0,0.3,11:12,0.0,00:01,0.0,7.1,0.3
1782768494.969,0.0,0.0,0.0,0.3,11:12,0.0,00:01,0.0,7.1,0.3
1782768499.972,0.0,0.0,0.0,0.3,11:12,0.0,00:01,0.0,7.1,0.3
1782768504.977,0.0,0.0,0.0,0.3,11:12,0.0,00:01,0.0,7.1,0.3
1782768509.987,0.0,0.0,0.0,0.3,11:12,0.0,00:01,0.0,7.1,0.3
1782768514.998,0.0,0.0,0.0,0.3,11:12,0.0,00:01,0.0,7.1,0.3
1782768520.009,0.0,0.0,0.0,0.3,11:12,0.0,00:01,0.0,7.1,0.3
1782768525.013,0.0,0.0,0.0,0.3,11:12,0.0,00:01,0.0,7.1,0.3
1782768530.021,0.0,0.0,0.0,0.3,11:12,0.0,00:01,0.0,7.1,0.3
1782768535.03,0.0,0.0,0.0,0.3,11:12,0.0,00:01,0.0,7.1,0.3
1782768540.039,0.0,0.0,0.0,0.3,11:12,0.0,00:01,0.0,7.1,0.3
1782768545.05,0.0,0.0,0.0,0.3,11:12,0.0,00:01,0.0,7.1,0.3
1782768550.052,0.0,0.0,0.0,0.3,11:12,0.0,00:01,0.0,7.1,0.3
1782768555.062,0.0,0.0,0.0,0.3,11:12,0.0,00:01,0.0,7.1,0.3
1782768560.072,0.0,0.0,0.0,0.3,11:12,0.0,00:01,0.0,7.1,0.3
1782768565.083,0.0,0.0,0.0,0.3,11:12,0.0,00:01,0.0,7.1,0.3
1782768570.096,0.0,0.0,0.0,0.3,11:12,0.0,00:01,0.0,7.1,0.3
1782768575.102,0.0,0.0,0.0,0.3,11:12,0.0,00:01,0.0,7.1,0.3
1782768580.114,0.0,0.0,0.0,0.3,11:12,0.0,00:01,0.0,7.1,0.3
1782768585.125,0.0,0.0,0.0,0.3,11:12,0.0,00:01,0.0,7.1,0.3
1782768590.137,0.0,0.0,0.0,0.3,11:12,0.0,00:01,0.0,7.1,0.3
1782768595.14,0.0,0.0,0.0,0.3,11:12,0.0,00:01,0.0,7.1,0.3
1782768600.154,0.0,0.0,0.0,0.3,11:12,0.0,00:01,0.0,7.1,0.3
1782768605.166,0.0,0.0,0.0,0.3,11:12,0.0,00:01,0.0,7.1,0.3
1782768610.177,0.0,0.0,0.0,0.3,11:12,0.0,00:01,0.0,7.1,0.3
1782768615.19,0.0,0.0,0.0,0.3,11:12,0.0,00:01,0.0,7.1,0.3
1782768620.199,0.0,0.0,0.0,0.3,11:12,0.0,00:01,0.0,7.1,0.3
1782768625.212,0.0,0.0,0.0,0.3,11:12,0.0,00:01,0.0,7.1,0.3
1782768630.224,0.0,0.0,0.0,0.3,11:12,0.0,00:01,0.0,7.1,0.3
1782768635.238,0.0,0.0,0.0,0.3,11:12,0.0,00:01,0.0,7.1,0.3
1782768640.248,0.0,0.0,0.0,0.3,11:12,0.0,00:01,0.0,7.1,0.3
1782768645.251,0.0,0.0,0.0,0.3,11:12,0.0,00:01,0.0,7.1,0.3
1782768650.259,0.0,0.0,0.0,0.3,11:12,0.0,00:01,0.0,7.1,0.3
1782768655.27,0.0,0.0,0.0,0.3,11:12,0.0,00:01,0.0,7.1,0.3
1782768660.286,0.0,0.0,0.0,0.3,11:12,0.0,00:01,0.0,7.1,0.3
1782768665.298,0.0,0.0,0.0,0.3,11:12,0.0,00:01,0.0,7.1,0.3
1782768670.306,0.0,0.0,0.0,0.3,11:12,0.0,00:01,0.0,7.1,0.3
1782768675.319,0.0,0.0,0.0,0.3,11:12,0.0,00:01,0.0,7.1,0.3
1782768680.331,0.0,0.0,0.0,0.3,11:12,0.0,00:01,0.0,7.1,0.3
1782768685.341,0.0,0.0,0.0,0.3,11:12,0.0,00:01,0.0,7.1,0.3
1782768690.349,0.0,0.0,0.0,0.3,11:12,0.0,00:01,0.0,7.1,0.3
1782768695.36,0.0,0.0,0.0,0.3,11:12,0.0,00:01,0.0,7.1,0.3
1782768700.37,0.0,0.0,0.0,0.3,11:12,0.0,00:01,0.0,7.1,0.3
1782768705.378,0.0,0.0,0.0,0.3,11:12,0.0,00:01,0.0,7.1,0.3
1782768710.384,0.0,0.0,0.0,0.3,11:12,0.0,00:01,0.0,7.1,0.3
1782768715.39,0.0,0.0,0.0,0.3,11:12,0.0,00:01,0.0,7.1,0.3
1782768720.4,0.0,0.0,0.0,0.3,11:12,0.0,00:01,0.0,7.1,0.3
1782768725.409,0.0,0.0,0.0,0.3,11:12,0.0,00:01,0.0,7.1,0.3
1782768730.419,0.0,0.0,0.0,0.3,11:12,0.0,00:01,0.0,7.1,0.3
1782768735.427,0.0,0.0,0.0,0.3,11:12,0.0,00:01,0.0,7.1,0.3
1782768740.432,0.0,0.0,0.0,0.3,11:12,0.0,00:01,0.0,7.1,0.3
1782768745.442,0.0,0.0,0.0,0.3,11:12,0.0,00:01,0.0,7.1,0.3
1782768750.451,0.0,0.0,0.0,0.3,11:12,0.0,00:01,0.0,7.1,0.3
1782768755.459,0.0,0.0,0.0,0.3,11:12,0.0,00:01,0.0,7.1,0.3
1782768760.464,0.0,0.0,0.0,0.3,11:12,0.0,00:01,0.0,7.1,0.3
1782768765.472,0.0,0.0,0.0,0.3,11:12,0.0,00:01,0.0,7.1,0.3
1782768770.483,0.0,0.0,0.0,0.3,11:12,0.0,00:01,0.0,7.1,0.3
1782768775.492,0.0,0.0,0.0,0.3,11:12,0.0,00:01,0.0,7.1,0.3
1782768780.499,0.0,0.0,0.0,0.3,11:12,0.0,00:01,0.0,7.1,0.3
1782768785.507,0.0,0.0,0.0,0.3,11:12,0.0,00:01,0.0,7.1,0.3
1782768790.515,0.0,0.0,0.0,0.3,11:12,0.0,00:01,0.0,7.1,0.3
1782768795.525,0.0,0.0,0.0,0.3,11:12,0.0,00:01,0.0,7.1,0.3
1782768800.535,0.0,0.0,0.0,0.3,11:12,0.0,00:01,0.0,7.1,0.3
1782768805.544,0.0,0.0,0.0,0.3,11:12,0.0,00:01,0.0,7.1,0.3
1782768810.548,0.0,0.0,0.0,0.3,11:12,0.0,00:01,0.0,7.1,0.3
1782768815.562,0.0,0.0,0.0,0.3,11:12,0.0,00:01,0.0,7.1,0.3
1782768820.577,0.0,0.0,0.0,0.3,11:12,0.0,00:01,0.0,7.1,0.3
1782768825.588,0.0,0.0,0.0,0.3,11:12,0.0,00:01,0.0,7.1,0.3
1782768830.595,0.0,0.0,0.0,0.3,11:12,0.0,00:01,0.0,7.1,0.3
1782768835.607,0.0,0.0,0.0,0.3,11:12,0.0,00:01,0.0,7.1,0.3
1782768840.621,0.0,0.0,0.0,0.3,11:12,0.0,00:01,0.0,7.1,0.3
1782768845.636,0.0,0.0,0.0,0.3,11:12,0.0,00:01,0.0,7.1,0.3
1782768850.648,0.0,0.0,0.0,0.3,11:12,0.0,00:01,0.0,7.1,0.3
1782768855.657,0.0,0.0,0.0,0.3,11:12,0.0,00:01,0.0,7.1,0.3
1782768860.666,0.0,0.0,0.0,0.3,11:12,0.0,00:01,0.0,7.1,0.3
1782768865.682,0.0,0.0,0.0,0.3,11:12,0.0,00:01,0.0,7.1,0.3
1782768870.695,0.0,0.0,0.0,0.3,11:12,0.0,00:01,0.0,7.1,0.3
1782768875.709,0.0,0.0,0.0,0.3,11:12,0.0,00:01,0.0,7.1,0.3
1782768880.715,0.0,0.0,0.0,0.3,11:12,0.0,00:01,0.0,7.1,0.3
1782768885.728,0.0,0.0,0.0,0.3,11:12,0.0,00:01,0.0,7.1,0.3
1782768890.742,0.0,0.0,0.0,0.3,11:12,0.0,00:01,0.0,7.1,0.3
1782768895.753,0.0,0.0,0.0,0.3,11:12,0.0,00:01,0.0,7.1,0.3
1782768900.764,0.0,0.0,0.0,0.3,11:12,0.0,00:01,0.0,7.1,0.3
1782768905.768,0.0,0.0,0.0,0.3,11:12,0.0,00:01,0.0,7.1,0.3
1782768910.776,0.0,0.0,0.0,0.3,11:12,0.0,00:01,0.0,7.1,0.3
1782768915.792,0.0,0.0,0.0,0.3,11:12,0.0,00:01,0.0,7.1,0.3
1782768920.804,0.0,0.0,0.0,0.3,11:12,0.0,00:01,0.0,7.1,0.3
1782768925.81,0.0,0.0,0.0,0.3,11:12,0.0,00:01,0.0,7.1,0.3
1782768930.821,0.0,0.0,0.0,0.3,11:12,0.0,00:01,0.0,7.1,0.3
1782768935.831,0.0,0.0,0.0,0.3,11:12,0.0,00:01,0.0,7.1,0.3
1782768940.842,0.0,0.0,0.0,0.3,11:12,0.0,00:01,0.0,7.1,0.3
1782768945.852,0.0,0.0,0.0,0.3,11:12,0.0,00:01,0.0,7.1,0.3
1782768950.855,0.0,0.0,0.0,0.3,11:12,0.0,00:01,0.0,7.1,0.3
1782768955.87,0.0,0.0,0.0,0.3,11:12,0.0,00:01,0.0,7.1,0.3
1782768960.883,0.0,0.0,0.0,0.3,11:12,0.0,00:01,0.0,7.1,0.3
1782768965.894,0.0,0.0,0.0,0.3,11:12,0.0,00:01,0.0,7.1,0.3
1782768970.907,0.0,0.0,0.0,0.3,11:12,0.0,00:01,0.0,7.1,0.3
1782768975.913,0.0,0.0,0.0,0.3,11:12,0.0,00:01,0.0,7.1,0.3
1782768980.925,0.0,0.0,0.0,0.3,11:12,0.0,00:01,0.0,7.1,0.3
1782768985.939,0.0,0.0,0.0,0.3,11:12,0.0,00:01,0.0,7.1,0.3
1782768990.951,0.0,0.0,0.0,0.3,11:12,0.0,00:01,0.0,7.1,0.3
1782768995.958,0.0,0.0,0.0,0.3,11:12,0.0,00:01,0.0,7.1,0.3
1782769000.972,0.0,0.0,0.0,0.3,11:12,0.0,00:01,0.0,7.1,0.3
1782769005.983,0.0,0.0,0.0,0.3,11:12,0.0,00:01,0.0,7.1,0.3
1782769010.992,0.0,0.0,0.0,0.3,11:12,0.0,00:01,0.0,7.1,0.3
1782769016.007,0.0,0.0,0.0,0.3,11:12,0.0,00:01,0.0,7.1,0.3
1782769021.012,0.0,0.0,0.0,0.3,11:12,0.0,00:01,0.0,7.1,0.3
1782769026.023,0.0,0.0,0.0,0.3,11:12,0.0,00:01,0.0,7.1,0.3
1782769031.032,0.0,0.0,0.0,0.3,11:12,0.0,00:01,0.0,7.1,0.3
1782769036.039,0.0,0.0,0.0,0.3,11:12,0.0,00:01,0.0,7.1,0.3
1782769041.051,0.0,0.0,0.0,0.3,11:12,0.0,00:01,0.0,7.1,0.3
1782769046.055,0.0,0.0,0.0,0.3,11:12,0.0,00:01,0.0,7.1,0.3
1782769051.068,0.0,0.0,0.0,0.3,11:12,0.0,00:01,0.0,7.1,0.3
1782769056.085,0.0,0.0,0.0,0.3,11:12,0.0,00:01,0.0,7.1,0.3
1782769061.099,0.0,0.0,0.0,0.3,11:12,0.0,00:01,0.0,7.1,0.3
1782769066.11,0.0,0.0,0.0,0.3,11:12,0.0,00:01,0.0,7.1,0.3
1782769071.118,0.0,0.0,0.0,0.3,11:12,0.0,00:01,0.0,7.1,0.3
1782769076.132,0.0,0.0,0.0,0.3,11:12,0.0,00:01,0.0,7.1,0.3
1782769081.144,0.0,0.0,0.0,0.3,11:12,0.0,00:01,0.0,7.1,0.3
1782769086.158,0.0,0.0,0.0,0.3,11:12,0.0,00:01,0.0,7.1,0.3
1782769091.162,0.0,0.0,0.0,0.3,11:12,0.0,00:01,0.0,7.1,0.3
1782769096.174,0.0,0.0,0.0,0.3,11:12,0.0,00:01,0.0,7.1,0.3
1782769101.19,0.0,0.0,0.0,0.3,11:12,0.0,00:01,0.0,7.1,0.3
1782769106.204,0.0,0.0,0.0,0.3,11:12,0.0,00:01,0.0,7.1,0.3
1782769111.215,0.0,0.0,0.0,0.3,11:12,0.0,00:01,0.0,7.1,0.3
1782769116.223,0.0,0.0,0.0,0.3,11:12,0.0,00:01,0.0,7.1,0.3
1782769121.235,0.0,0.0,0.0,0.3,11:12,0.0,00:01,0.0,7.1,0.3
1782769126.246,0.0,0.0,0.0,0.3,11:12,0.0,00:01,0.0,7.1,0.3
1782769131.26,0.0,0.0,0.0,0.3,11:12,0.0,00:01,0.0,7.1,0.3
1782769136.273,0.0,0.0,0.0,0.3,11:12,0.0,00:01,0.0,7.1,0.3
1782769141.278,0.0,0.0,0.0,0.3,11:12,0.0,00:01,0.0,7.1,0.3
1782769146.287,0.0,0.0,0.0,0.3,11:12,0.0,00:01,0.0,7.1,0.3
1782769151.3,0.0,0.0,0.0,0.3,11:12,0.0,00:01,0.0,7.1,0.3
1782769156.313,0.0,0.0,0.0,0.3,11:12,0.0,00:01,0.0,7.1,0.3
1782769161.321,0.0,0.0,0.0,0.3,11:12,0.0,00:01,0.0,7.1,0.3
1782769166.328,0.0,0.0,0.0,0.3,11:12,0.0,00:01,0.0,7.1,0.3
1782769171.345,0.0,0.0,0.0,0.3,11:12,0.0,00:01,0.0,7.1,0.3
1782769176.357,0.0,0.0,0.0,0.3,11:12,0.0,00:01,0.0,7.1,0.3
1782769181.369,0.0,0.0,0.0,0.3,11:12,0.0,00:01,0.0,7.1,0.3
1782769186.378,0.0,0.0,0.0,0.3,11:12,0.0,00:01,0.0,7.1,0.3
1782769191.392,0.0,0.0,0.0,0.3,11:12,0.0,00:01,0.0,7.1,0.3
1782769196.407,0.0,0.0,0.0,0.3,11:12,0.0,00:01,0.0,7.1,0.3
1782769201.42,0.0,0.0,0.0,0.3,11:12,0.0,00:01,0.0,7.1,0.3
1782769206.433,0.0,0.0,0.0,0.3,11:12,0.0,00:01,0.0,7.1,0.3
1782769211.438,0.0,0.0,0.0,0.3,11:12,0.0,00:01,0.0,7.1,0.3
1782769216.453,0.0,0.0,0.0,0.3,11:12,0.0,00:01,0.0,7.1,0.3
1782769221.464,0.0,0.0,0.0,0.3,11:12,0.0,00:01,0.0,7.1,0.3
1782769226.476,0.0,0.0,0.0,0.3,11:12,0.0,00:01,0.0,7.1,0.3
1782769231.491,0.0,0.0,0.0,0.3,11:12,0.0,00:01,0.0,7.1,0.3
1782769236.5,0.0,0.0,0.0,0.3,11:12,0.0,00:01,0.0,7.1,0.3
1782769241.514,0.0,0.0,0.0,0.3,11:12,0.0,00:01,0.0,7.1,0.3
1782769246.526,0.0,0.0,0.0,0.3,11:12,0.0,00:01,0.0,7.1,0.3
1782769251.536,0.0,0.0,0.0,0.3,11:12,0.0,00:01,0.0,7.1,0.3
1782769256.543,0.0,0.0,0.0,0.3,11:12,0.0,00:01,0.0,7.1,0.3
1782769261.555,0.0,0.0,0.0,0.3,11:12,0.0,00:01,0.0,7.1,0.3
1782769266.564,0.0,0.0,0.0,0.3,11:12,0.0,00:01,0.0,7.1,0.3
1782769271.578,0.0,0.0,0.0,0.3,11:12,0.0,00:01,0.0,7.1,0.3
1782769276.59,0.0,0.0,0.0,0.3,11:12,0.0,00:01,0.0,7.1,0.3
1782769281.601,0.0,0.0,0.0,0.3,11:12,0.0,00:01,0.0,7.1,0.3
1782769286.615,0.0,0.0,0.0,0.3,11:12,0.0,00:01,0.0,7.1,0.3
1782769291.627,0.0,0.0,0.0,0.3,11:12,0.0,00:01,0.0,7.1,0.3
1782769296.635,0.0,0.0,0.0,0.3,11:12,0.0,00:01,0.0,7.1,0.3
1782769301.645,0.0,0.0,0.0,0.3,11:12,0.0,00:01,0.0,7.1,0.3
1782769306.649,0.0,0.0,0.0,0.3,11:12,0.0,00:01,0.0,7.1,0.3
1782769311.664,0.0,0.0,0.0,0.3,11:12,0.0,00:01,0.0,7.1,0.3
1782769316.678,0.0,0.0,0.0,0.3,11:12,0.0,00:01,0.0,7.1,0.3
1782769321.69,0.0,0.0,0.0,0.3,11:12,0.0,00:01,0.0,7.1,0.3
1782769326.703,0.0,0.0,0.0,0.3,11:12,0.0,00:01,0.0,7.1,0.3
1782769331.713,0.0,0.0,0.0,0.3,11:12,0.0,00:01,0.0,7.1,0.3
1782769336.726,0.0,0.0,0.0,0.3,11:12,0.0,00:01,0.0,7.1,0.3
1782769341.74,0.0,0.0,0.0,0.3,11:12,0.0,00:01,0.0,7.1,0.3
1782769346.752,0.0,0.0,0.0,0.3,11:12,0.0,00:01,0.0,7.1,0.3
1782769351.759,0.0,0.0,0.0,0.3,11:12,0.0,00:01,0.0,7.1,0.3
1782769356.776,0.0,0.0,0.0,0.3,11:12,0.0,00:01,0.0,7.1,0.3
1782769361.783,0.0,0.0,0.0,0.3,11:12,0.0,00:01,0.0,7.1,0.3
1782769366.797,0.0,0.0,0.0,0.3,11:12,0.0,00:01,0.0,7.1,0.3
1782769371.81,0.0,0.0,0.0,0.3,11:12,0.0,00:01,0.0,7.1,0.3
1782769376.816,0.0,0.0,0.0,0.3,11:12,0.0,00:01,0.0,7.1,0.3
1782769381.827,0.0,0.0,0.0,0.3,11:12,0.0,00:01,0.0,7.1,0.3
1782769386.838,0.0,0.0,0.0,0.3,11:12,0.0,00:01,0.0,7.1,0.3
1782769391.85,0.0,0.0,0.0,0.3,11:12,0.0,00:01,0.0,7.1,0.3
1782769396.862,0.0,0.0,0.0,0.3,11:12,0.0,00:01,0.0,7.1,0.3
1782769401.872,0.0,0.0,0.0,0.3,11:12,0.0,00:01,0.0,7.1,0.3
1782769406.882,0.0,0.0,0.0,0.3,11:12,0.0,00:01,0.0,7.1,0.3
1782769411.895,0.0,0.0,0.0,0.3,11:12,0.0,00:01,0.0,7.1,0.3
1782769416.909,0.0,0.0,0.0,0.3,11:12,0.0,00:01,0.0,7.1,0.3
1782769421.921,0.0,0.0,0.0,0.3,11:12,0.0,00:01,0.0,7.1,0.3
1782769426.93,0.0,0.0,0.0,0.3,11:12,0.0,00:01,0.0,7.1,0.3
1782769431.944,0.0,0.0,0.0,0.3,11:12,0.0,00:01,0.0,7.1,0.3
1782769436.957,0.0,0.0,0.0,0.3,11:12,0.0,00:01,0.0,7.1,0.3
1782769441.969,0.0,0.0,0.0,0.3,11:12,0.0,00:01,0.0,7.1,0.3
1782769446.976,0.0,0.0,0.0,0.3,11:12,0.0,00:01,0.0,7.1,0.3
1782769451.988,0.0,0.0,0.0,0.3,11:12,0.0,00:01,0.0,7.1,0.3
1782769457.002,0.0,0.0,0.0,0.3,11:12,0.0,00:01,0.0,7.1,0.3
1782769462.011,0.0,0.0,0.0,0.3,11:12,0.0,00:01,0.0,7.1,0.3
1782769467.022,0.0,0.0,0.0,0.3,11:12,0.0,00:01,0.0,7.1,0.3
1782769472.03,0.0,0.0,0.0,0.3,11:12,0.0,00:01,0.0,7.1,0.3
1782769477.042,0.0,0.0,0.0,0.3,11:12,0.0,00:01,0.0,7.1,0.3
1782769482.051,0.0,0.0,0.0,0.3,11:12,0.0,00:01,0.0,7.1,0.3
1782769487.064,0.0,0.0,0.0,0.3,11:12,0.0,00:01,0.0,7.1,0.3
1782769492.07,0.0,0.0,0.0,0.3,11:12,0.0,00:01,0.0,7.1,0.3
1782769497.076,0.0,0.0,0.0,0.3,11:12,0.0,00:01,0.0,7.1,0.3
1782769502.083,0.0,0.0,0.0,0.3,11:12,0.0,00:01,0.0,7.1,0.3
1782769507.092,0.0,0.0,0.0,0.3,11:12,0.0,00:01,0.0,7.1,0.3
1782769512.099,0.0,0.0,0.0,0.3,11:12,0.0,00:01,0.0,7.1,0.3
1782769517.105,0.0,0.0,0.0,0.3,11:12,0.0,00:01,0.0,7.1,0.3
1782769522.114,0.0,0.0,0.0,0.3,11:12,0.0,00:01,0.0,7.1,0.3
1782769527.123,0.0,0.0,0.0,0.3,11:12,0.0,00:01,0.0,7.1,0.3
1782769532.131,0.0,0.0,0.0,0.3,11:12,0.0,00:01,0.0,7.1,0.3
1782769537.142,0.0,0.0,0.0,0.3,11:12,0.0,00:01,0.0,7.1,0.3
1782769542.15,0.0,0.0,0.0,0.3,11:12,0.0,00:01,0.0,7.1,0.3
1782769547.16,0.0,0.0,0.0,0.3,11:12,0.0,00:01,0.0,7.1,0.3
1782769552.169,0.0,0.0,0.0,0.3,11:12,0.0,00:01,0.0,7.1,0.3
1782769557.18,0.0,0.0,0.0,0.3,11:12,0.0,00:01,0.0,7.1,0.3
1782769562.189,0.0,0.0,0.0,0.3,11:12,0.0,00:01,0.0,7.1,0.3
1782769567.197,0.0,0.0,0.0,0.3,11:12,0.0,00:01,0.0,7.1,0.3
1782769572.208,0.0,0.0,0.0,0.3,11:12,0.0,00:01,0.0,7.1,0.3
1782769577.213,0.0,0.0,0.0,0.3,11:12,0.0,00:01,0.0,7.1,0.3
1782769582.223,0.0,0.0,0.0,0.3,11:12,0.0,00:01,0.0,7.1,0.3
1782769587.234,0.0,0.0,0.0,0.3,11:12,0.0,00:01,0.0,7.1,0.3
1782769592.242,0.0,0.0,0.0,0.3,11:12,0.0,00:01,0.0,7.1,0.3
1782769597.252,0.0,0.0,0.0,0.3,11:12,0.0,00:01,0.0,7.1,0.3
1782769602.261,0.0,0.0,0.0,0.3,11:12,0.0,00:01,0.0,7.1,0.3
1782769607.27,0.0,0.0,0.0,0.3,11:12,0.0,00:01,0.0,7.1,0.3
1782769612.276,0.0,0.0,0.0,0.3,11:12,0.0,00:01,0.0,7.1,0.3
1782769617.288,0.0,0.0,0.0,0.3,11:12,0.0,00:01,0.0,7.1,0.3
1782769622.295,0.0,0.0,0.0,0.3,11:12,0.0,00:01,0.0,7.1,0.3
1782769627.302,0.0,0.0,0.0,0.3,11:12,0.0,00:01,0.0,7.1,0.3
1782769632.313,0.0,0.0,0.0,0.3,11:12,0.0,00:01,0.0,7.1,0.3
1782769637.319,0.0,0.0,0.0,0.3,11:12,0.0,00:01,0.0,7.1,0.3
1782769642.327,0.0,0.0,0.0,0.3,11:12,0.0,00:01,0.0,7.1,0.3
1782769647.335,0.0,0.0,0.0,0.3,11:12,0.0,00:01,0.0,7.1,0.3
1782769652.343,0.0,0.0,0.0,0.3,11:12,0.0,00:01,0.0,7.1,0.3
1782769657.353,0.0,0.0,0.0,0.3,11:12,0.0,00:01,0.0,7.1,0.3
1782769662.358,0.0,0.0,0.0,0.3,11:12,0.0,00:01,0.0,7.1,0.3
1782769667.367,0.0,0.0,0.0,0.3,11:12,0.0,00:01,0.0,7.1,0.3
1782769672.378,0.0,0.0,0.0,0.3,11:12,0.0,00:01,0.0,7.1,0.3
1782769677.386,0.0,0.0,0.0,0.3,11:12,0.0,00:01,0.0,7.1,0.3
1782769682.392,0.0,0.0,0.0,0.3,11:12,0.0,00:01,0.0,7.1,0.3
1782769687.405,0.0,0.0,0.0,0.3,11:12,0.0,00:01,0.0,7.1,0.3
1782769692.414,0.0,0.0,0.0,0.3,11:12,0.0,00:01,0.0,7.1,0.3
1782769697.425,0.0,0.0,0.0,0.3,11:12,0.0,00:01,0.0,7.1,0.3
1782769702.432,0.0,0.0,0.0,0.3,11:12,0.0,00:01,0.0,7.1,0.3
1782769707.44,0.0,0.0,0.0,0.3,11:12,0.0,00:01,0.0,7.1,0.3
1782769712.45,0.0,0.0,0.0,0.3,11:12,0.0,00:01,0.0,7.1,0.3
1782769717.459,0.0,0.0,0.0,0.3,11:12,0.0,00:01,0.0,7.1,0.3
1782769722.467,0.0,0.0,0.0,0.3,11:12,0.0,00:01,0.0,7.1,0.3
1782769727.477,0.0,0.0,0.0,0.3,11:12,0.0,00:01,0.0,7.1,0.3
1782769732.485,0.0,0.0,0.0,0.3,11:12,0.0,00:01,0.0,7.1,0.3
1782769737.496,0.0,0.0,0.0,0.3,11:12,0.0,00:01,0.0,7.1,0.3
1782769742.506,0.0,0.0,0.0,0.3,11:12,0.0,00:01,0.0,7.1,0.3
1782769747.515,0.0,0.0,0.0,0.3,11:12,0.0,00:01,0.0,7.1,0.3
1782769752.521,0.0,0.0,0.0,0.3,11:12,0.0,00:01,0.0,7.1,0.3
1782769757.532,0.0,0.0,0.0,0.3,11:12,0.0,00:01,0.0,7.1,0.3
1782769762.543,0.0,0.0,0.0,0.3,11:12,0.0,00:01,0.0,7.1,0.3
1782769767.556,0.0,0.0,0.0,0.3,11:12,0.0,00:01,0.0,7.1,0.3
1782769772.568,0.0,0.0,0.0,0.3,11:12,0.0,00:01,0.0,7.1,0.3
1782769777.577,0.0,0.0,0.0,0.3,11:12,0.0,00:01,0.0,7.1,0.3
1782769782.59,0.0,0.0,0.0,0.3,11:12,0.0,00:01,0.0,7.1,0.3
1782769787.603,0.0,0.0,0.0,0.3,11:12,0.0,00:01,0.0,7.1,0.3
1782769792.615,0.0,0.0,0.0,0.3,11:12,0.0,00:01,0.0,7.1,0.3
1782769797.629,0.0,0.0,0.0,0.3,11:12,0.0,00:01,0.0,7.1,0.3
1782769802.635,0.0,0.0,0.0,0.3,11:12,0.0,00:01,0.0,7.1,0.3
1782769807.648,0.0,0.0,0.0,0.3,11:12,0.0,00:01,0.0,7.1,0.3
1782769812.664,0.0,0.0,0.0,0.3,11:12,0.0,00:01,0.0,7.1,0.3
1782769817.675,0.0,0.0,0.0,0.3,11:12,0.0,00:01,0.0,7.1,0.3
1782769822.681,0.0,0.0,0.0,0.3,11:12,0.0,00:01,0.0,7.1,0.3
1782769827.687,0.0,0.0,0.0,0.3,11:12,0.0,00:01,0.0,7.1,0.3
1782769832.696,0.0,0.0,0.0,0.3,11:12,0.0,00:01,0.0,7.1,0.3
1782769837.706,0.0,0.0,0.0,0.3,11:12,0.0,00:01,0.0,7.1,0.3
1782769842.718,0.0,0.0,0.0,0.3,11:12,0.0,00:01,0.0,7.1,0.3
1782769847.725,0.0,0.0,0.0,0.3,11:12,0.0,00:01,0.0,7.1,0.3
1782769852.736,0.0,0.0,0.0,0.3,11:12,0.0,00:01,0.0,7.1,0.3
1782769857.743,0.0,0.0,0.0,0.3,11:12,0.0,00:01,0.0,7.1,0.3
1782769862.75,0.0,0.0,0.0,0.3,11:12,0.0,00:01,0.0,7.1,0.3
1782769867.761,0.0,0.0,0.0,0.3,11:12,0.0,00:01,0.0,7.1,0.3
1782769872.768,0.0,0.0,0.0,0.3,11:12,0.0,00:01,0.0,7.1,0.3
1782769877.777,0.0,0.0,0.0,0.3,11:12,0.0,00:01,0.0,7.1,0.3
1782769882.786,0.0,0.0,0.0,0.3,11:12,0.0,00:01,0.0,7.1,0.3
1782769887.796,0.0,0.0,0.0,0.3,11:12,0.0,00:01,0.0,7.1,0.3
1782769892.811,0.0,0.0,0.0,0.3,11:12,0.0,00:01,0.0,7.1,0.3
1782769897.82,0.0,0.0,0.0,0.3,11:12,0.0,00:01,0.0,7.1,0.3
1782769902.83,0.0,0.0,0.0,0.3,11:12,0.0,00:01,0.0,7.1,0.3
1782769907.837,0.0,0.0,0.0,0.3,11:12,0.0,00:01,0.0,7.1,0.3
1782769912.849,0.0,0.0,0.0,0.3,11:12,0.0,00:01,0.0,7.1,0.3
1782769917.858,0.0,0.0,0.0,0.3,11:12,0.0,00:01,0.0,7.1,0.3
1782769922.87,0.0,0.0,0.0,0.3,11:12,0.0,00:01,0.0,7.1,0.3
1782769927.881,0.0,0.0,0.0,0.3,11:12,0.0,00:01,0.0,7.1,0.3
1782769932.893,0.0,0.0,0.0,0.3,11:12,0.0,00:01,0.0,7.1,0.3
1782769937.903,0.0,0.0,0.0,0.3,11:12,0.0,00:01,0.0,7.1,0.3
1782769942.917,0.0,0.0,0.0,0.3,11:12,0.0,00:01,0.0,7.1,0.3
1782769947.93,0.0,0.0,0.0,0.3,11:12,0.0,00:01,0.0,7.1,0.3
1782769952.943,0.0,0.0,0.0,0.3,11:12,0.0,00:01,0.0,7.1,0.3
1782769957.956,0.0,0.0,0.0,0.3,11:12,0.0,00:01,0.0,7.1,0.3
1782769962.97,0.0,0.0,0.0,0.3,11:12,0.0,00:01,0.0,7.1,0.3
1782769967.979,0.0,0.0,0.0,0.3,11:12,0.0,00:01,0.0,7.1,0.3
1782769972.989,0.0,0.0,0.0,0.3,11:12,0.0,00:01,0.0,7.1,0.3
1782769978.001,0.0,0.0,0.0,0.3,11:12,0.0,00:01,0.0,7.1,0.3
1782769983.015,0.0,0.0,0.0,0.3,11:12,0.0,00:01,0.0,7.1,0.3
1782769988.031,0.0,0.0,0.0,0.3,11:12,0.0,00:01,0.0,7.1,0.3
1782769993.038,0.0,0.0,0.0,0.3,11:12,0.0,00:01,0.0,7.1,0.3
1782769998.052,0.0,0.0,0.0,0.3,11:12,0.0,00:01,0.0,7.1,0.3
1782770003.065,0.0,0.0,0.0,0.3,11:12,0.0,00:01,0.0,7.1,0.3
1782770008.075,0.0,0.0,0.0,0.3,11:12,0.0,00:01,0.0,7.1,0.3
1782770013.085,0.0,0.0,0.0,0.3,11:12,0.0,00:01,0.0,7.1,0.3
1782770018.098,0.0,0.0,0.0,0.3,11:12,0.0,00:01,0.0,7.1,0.3
1782770023.11,0.0,0.0,0.0,0.3,11:12,0.0,00:01,0.0,7.1,0.3
1782770028.124,0.0,0.0,0.0,0.3,11:12,0.0,00:01,0.0,7.1,0.3
1782770033.14,0.0,0.0,0.0,0.3,11:12,0.0,00:01,0.0,7.1,0.3
1782770038.144,0.0,0.0,0.0,0.3,11:12,0.0,00:01,0.0,7.1,0.3
1782770043.156,0.0,0.0,0.0,0.3,11:12,0.0,00:01,0.0,7.1,0.3
1782770048.169,0.0,0.0,0.0,0.3,11:12,0.0,00:01,0.0,7.1,0.3
1782770053.182,0.0,0.0,0.0,0.3,11:12,0.0,00:01,0.0,7.1,0.3
1782770058.197,0.0,0.0,0.0,0.3,11:12,0.0,00:01,0.0,7.1,0.3
1782770063.204,0.0,0.0,0.0,0.3,11:12,0.0,00:01,0.0,7.1,0.3
1782770068.219,0.0,0.0,0.0,0.3,11:12,0.0,00:01,0.0,7.1,0.3
1782770073.226,0.0,0.0,0.0,0.3,11:12,0.0,00:01,0.0,7.1,0.3
1782770078.234,0.0,0.0,0.0,0.3,11:12,0.0,00:01,0.0,7.1,0.3
1782770083.249,0.0,0.0,0.0,0.3,11:12,0.0,00:01,0.0,7.1,0.3
1782770088.256,0.0,0.0,0.0,0.3,11:12,0.0,00:01,0.0,7.1,0.3
1782770093.268,0.0,0.0,0.0,0.3,11:12,0.0,00:01,0.0,7.1,0.3
1782770098.284,0.0,0.0,0.0,0.3,11:12,0.0,00:01,0.0,7.1,0.3
1782770103.296,0.0,0.0,0.0,0.3,11:12,0.0,00:01,0.0,7.1,0.3
1782770108.297,0.0,0.0,0.0,0.3,11:12,0.0,00:01,0.0,7.1,0.3
1782770113.307,0.0,0.0,0.0,0.3,11:12,0.0,00:01,0.0,7.1,0.3
1782770118.316,0.0,0.0,0.0,0.3,11:12,0.0,00:01,0.0,7.1,0.3
1782770123.327,0.0,0.0,0.0,0.3,11:12,0.0,00:01,0.0,7.1,0.3
1782770128.339,0.0,0.0,0.0,0.3,11:12,0.0,00:01,0.0,7.1,0.3
1782770133.341,0.0,0.0,0.0,0.3,11:12,0.0,00:01,0.0,7.1,0.3
1782770138.35,0.0,0.0,0.0,0.3,11:12,0.0,00:01,0.0,7.1,0.3
1782770143.359,0.0,0.0,0.0,0.3,11:12,0.0,00:01,0.0,7.1,0.3
1782770148.368,0.0,0.0,0.0,0.3,11:12,0.0,00:01,0.0,7.1,0.3
1782770153.38,0.0,0.0,0.0,0.3,11:12,0.0,00:01,0.0,7.1,0.3
1782770158.386,0.0,0.0,0.0,0.3,11:12,0.0,00:01,0.0,7.1,0.3
1782770163.392,0.0,0.0,0.0,0.3,11:12,0.0,00:01,0.0,7.1,0.3
1782770168.405,0.0,0.0,0.0,0.3,11:12,0.0,00:01,0.0,7.1,0.3
1782770173.415,0.0,0.0,0.0,0.3,11:12,0.0,00:01,0.0,7.1,0.3
1782770178.425,0.0,0.0,0.0,0.3,11:12,0.0,00:01,0.0,7.1,0.3
1782770183.428,0.0,0.0,0.0,0.3,11:12,0.0,00:01,0.0,7.1,0.3
1782770188.438,0.0,0.0,0.0,0.3,11:12,0.0,00:01,0.0,7.1,0.3
1782770193.448,0.0,0.0,0.0,0.3,11:12,0.0,00:01,0.0,7.1,0.3
1782770198.457,0.0,0.0,0.0,0.3,11:12,0.0,00:01,0.0,7.1,0.3
1782770203.463,0.0,0.0,0.0,0.3,11:12,0.0,00:01,0.0,7.1,0.3
1782770208.474,0.0,0.0,0.0,0.3,11:12,0.0,00:01,0.0,7.1,0.3
1782770213.486,0.0,0.0,0.0,0.3,11:12,0.0,00:01,0.0,7.1,0.3
1782770218.493,0.0,0.0,0.0,0.3,11:12,0.0,00:01,0.0,7.1,0.3
1782770223.505,0.0,0.0,0.0,0.3,11:12,0.0,00:01,0.0,7.1,0.3
1782770228.51,0.0,0.0,0.0,0.3,11:12,0.0,00:01,0.0,7.1,0.3
1782770233.519,0.0,0.0,0.0,0.3,11:12,0.0,00:01,0.0,7.1,0.3
1782770238.529,0.0,0.0,0.0,0.3,11:12,0.0,00:01,0.0,7.1,0.3
1782770243.54,0.0,0.0,0.0,0.3,11:12,0.0,00:01,0.0,7.1,0.3
1782770248.55,0.0,0.0,0.0,0.3,11:12,0.0,00:01,0.0,7.1,0.3
1782770253.556,0.0,0.0,0.0,0.3,11:12,0.0,00:01,0.0,7.1,0.3
1782770258.565,0.0,0.0,0.0,0.3,11:12,0.0,00:01,0.0,7.1,0.3
1782770263.575,0.0,0.0,0.0,0.3,11:12,0.0,00:01,0.0,7.1,0.3
1782770268.586,0.0,0.0,0.0,0.3,11:12,0.0,00:01,0.0,7.1,0.3
1782770273.592,0.0,0.0,0.0,0.3,11:12,0.0,00:01,0.0,7.1,0.3
1782770278.602,0.0,0.0,0.0,0.3,11:12,0.0,00:01,0.0,7.1,0.3
1782770283.612,0.0,0.0,0.0,0.3,11:12,0.0,00:01,0.0,7.1,0.3
1782770288.619,0.0,0.0,0.0,0.3,11:12,0.0,00:01,0.0,7.1,0.3
1782770293.63,0.0,0.0,0.0,0.3,11:12,0.0,00:01,0.0,7.1,0.3
1782770298.641,0.0,0.0,0.0,0.3,11:12,0.0,00:01,0.0,7.1,0.3
1782770303.654,0.0,0.0,0.0,0.3,11:12,0.0,00:01,0.0,7.1,0.3
1782770308.666,0.0,0.0,0.0,0.3,11:12,0.0,00:01,0.0,7.1,0.3
1782770313.681,0.0,0.0,0.0,0.3,11:12,0.0,00:01,0.0,7.1,0.3
1782770318.693,0.0,0.0,0.0,0.3,11:12,0.0,00:01,0.0,7.1,0.3
1782770323.702,0.0,0.0,0.0,0.3,11:12,0.0,00:01,0.0,7.1,0.3
1782770328.712,0.0,0.0,0.0,0.3,11:12,0.0,00:01,0.0,7.1,0.3
1782770333.724,0.0,0.0,0.0,0.3,11:12,0.0,00:01,0.0,7.1,0.3
1782770338.741,0.0,0.0,0.0,0.3,11:12,0.0,00:01,0.0,7.1,0.3
1782770343.755,0.0,0.0,0.0,0.3,11:12,0.0,00:01,0.0,7.1,0.3
1782770348.762,0.0,0.0,0.0,0.3,11:12,0.0,00:01,0.0,7.1,0.3
1782770353.778,0.0,0.0,0.0,0.3,11:12,0.0,00:01,0.0,7.1,0.3
1782770358.79,0.0,0.0,0.0,0.3,11:12,0.0,00:01,0.0,7.1,0.3
1782770363.803,0.0,0.0,0.0,0.3,11:12,0.0,00:01,0.0,7.1,0.3
1782770368.812,0.0,0.0,0.0,0.3,11:12,0.0,00:01,0.0,7.1,0.3
1782770373.824,0.0,0.0,0.0,0.3,11:12,0.0,00:01,0.0,7.1,0.3
1782770378.836,0.0,0.0,0.0,0.3,11:12,0.0,00:01,0.0,7.1,0.3
1782770383.852,0.0,0.0,0.0,0.3,11:12,0.0,00:01,0.0,7.1,0.3
1782770388.863,0.0,0.0,0.0,0.3,11:12,0.0,00:01,0.0,7.1,0.3
1782770393.87,0.0,0.0,0.0,0.3,11:12,0.0,00:01,0.0,7.1,0.3
1782770398.88,0.0,0.0,0.0,0.3,11:12,0.0,00:01,0.0,7.1,0.3
1782770403.894,0.0,0.0,0.0,0.3,11:12,0.0,00:01,0.0,7.1,0.3
1782770408.91,0.0,0.0,0.0,0.3,11:12,0.0,00:01,0.0,7.1,0.3
1782770413.922,0.0,0.0,0.0,0.3,11:12,0.0,00:01,0.0,7.1,0.3
1782770418.928,0.0,0.0,0.0,0.3,11:12,0.0,00:01,0.0,7.1,0.3
1782770423.943,0.0,0.0,0.0,0.3,11:12,0.0,00:01,0.0,7.1,0.3
1782770428.956,0.0,0.0,0.0,0.3,11:12,0.0,00:01,0.0,7.1,0.3
1782770433.97,0.0,0.0,0.0,0.3,11:12,0.0,00:01,0.0,7.1,0.3
1782770438.983,0.0,0.0,0.0,0.3,11:12,0.0,00:01,0.0,7.1,0.3
1782770443.99,0.0,0.0,0.0,0.3,11:12,0.0,00:01,0.0,7.1,0.3
1782770449.002,0.0,0.0,0.0,0.3,11:12,0.0,00:01,0.0,7.1,0.3
1782770454.02,0.0,0.0,0.0,0.3,11:12,0.0,00:01,0.0,7.1,0.3
1782770459.032,0.0,0.0,0.0,0.3,11:12,0.0,00:01,0.0,7.1,0.3
1782770464.035,0.0,0.0,0.0,0.3,11:12,0.0,00:01,0.0,7.1,0.3
1782770469.05,0.0,0.0,0.0,0.3,11:12,0.0,00:01,0.0,7.1,0.3
1782770474.062,0.0,0.0,0.0,0.3,11:12,0.0,00:01,0.0,7.1,0.3
1782770479.076,0.0,0.0,0.0,0.3,11:12,0.0,00:01,0.0,7.1,0.3
1782770484.09,0.0,0.0,0.0,0.3,11:12,0.0,00:01,0.0,7.1,0.3
1782770489.097,0.0,0.0,0.0,0.3,11:12,0.0,00:01,0.0,7.1,0.3
1782770494.112,0.0,0.0,0.0,0.3,11:12,0.0,00:01,0.0,7.1,0.3
1782770499.125,0.0,0.0,0.0,0.3,11:12,0.0,00:01,0.0,7.1,0.3
1782770504.139,0.0,0.0,0.0,0.3,11:12,0.0,00:01,0.0,7.1,0.3
1782770509.151,0.0,0.0,0.0,0.3,11:12,0.0,00:01,0.0,7.1,0.3
1782770514.157,0.0,0.0,0.0,0.3,11:12,0.0,00:01,0.0,7.1,0.3
1782770519.169,0.0,0.0,0.0,0.3,11:12,0.0,00:01,0.0,7.1,0.3
1782770524.185,0.0,0.0,0.0,0.3,11:12,0.0,00:01,0.0,7.1,0.3
1782770529.197,0.0,0.0,0.0,0.3,11:12,0.0,00:01,0.0,7.1,0.3
1782770534.204,0.0,0.0,0.0,0.3,11:12,0.0,00:01,0.0,7.1,0.3
1782770539.218,0.0,0.0,0.0,0.3,11:12,0.0,00:01,0.0,7.1,0.3
1782770544.228,0.0,0.0,0.0,0.3,11:12,0.0,00:01,0.0,7.1,0.3
1782770549.241,0.0,0.0,0.0,0.3,11:12,0.0,00:01,0.0,7.1,0.3
1782770554.256,0.0,0.0,0.0,0.3,11:12,0.0,00:01,0.0,7.1,0.3
1782770559.266,0.0,0.0,0.0,0.3,11:12,0.0,00:01,0.0,7.1,0.3
1782770564.278,0.0,0.0,0.0,0.3,11:12,0.0,00:01,0.0,7.1,0.3
1782770569.291,0.0,0.0,0.0,0.3,11:12,0.0,00:01,0.0,7.1,0.3
1782770574.306,0.0,0.0,0.0,0.3,11:12,0.0,00:01,0.0,7.1,0.3
1782770579.316,0.0,0.0,0.0,0.3,11:12,0.0,00:01,0.0,7.1,0.3
1782770584.324,0.0,0.0,0.0,0.3,11:12,0.0,00:01,0.0,7.1,0.3
1782770589.336,0.0,0.0,0.0,0.3,11:12,0.0,00:01,0.0,7.1,0.3
1782770594.352,0.0,0.0,0.0,0.3,11:12,0.0,00:01,0.0,7.1,0.3
1782770599.364,0.0,0.0,0.0,0.3,11:12,0.0,00:01,0.0,7.1,0.3
1782770604.378,0.0,0.0,0.0,0.3,11:12,0.0,00:01,0.0,7.1,0.3
1782770609.386,0.0,0.0,0.0,0.3,11:12,0.0,00:01,0.0,7.1,0.3
1782770614.399,0.0,0.0,0.0,0.3,11:12,0.0,00:01,0.0,7.1,0.3
1782770619.413,0.0,0.0,0.0,0.3,11:12,0.0,00:01,0.0,7.1,0.3
1782770624.425,0.0,0.0,0.0,0.3,11:12,0.0,00:01,0.0,7.1,0.3
1782770629.432,0.0,0.0,0.0,0.3,11:12,0.0,00:01,0.0,7.1,0.3
1782770634.444,0.0,0.0,0.0,0.3,11:12,0.0,00:01,0.0,7.1,0.3
1782770639.46,0.0,0.0,0.0,0.3,11:12,0.0,00:01,0.0,7.1,0.3
1782770644.47,0.0,0.0,0.0,0.3,11:12,0.0,00:01,0.0,7.1,0.3
1782770649.481,0.0,0.0,0.0,0.3,11:12,0.0,00:01,0.0,7.1,0.3
1782770654.489,0.0,0.0,0.0,0.3,11:12,0.0,00:01,0.0,7.1,0.3
1782770659.501,0.0,0.0,0.0,0.3,11:12,0.0,00:01,0.0,7.1,0.3
1782770664.519,0.0,0.0,0.0,0.3,11:12,0.0,00:01,0.0,7.1,0.3
1782770669.532,0.0,0.0,0.0,0.3,11:12,0.0,00:01,0.0,7.1,0.3
1782770674.544,0.0,0.0,0.0,0.3,11:12,0.0,00:01,0.0,7.1,0.3
1782770679.551,0.0,0.0,0.0,0.3,11:12,0.0,00:01,0.0,7.1,0.3
1782770684.566,0.0,0.0,0.0,0.3,11:12,0.0,00:01,0.0,7.1,0.3
1782770689.58,0.0,0.0,0.0,0.3,11:12,0.0,00:01,0.0,7.1,0.3
1782770694.593,0.0,0.0,0.0,0.3,11:12,0.0,00:01,0.0,7.1,0.3
1782770699.606,0.0,0.0,0.0,0.3,11:12,0.0,00:01,0.0,7.1,0.3
1782770704.609,0.0,0.0,0.0,0.3,11:12,0.0,00:01,0.0,7.1,0.3
1782770709.627,0.0,0.0,0.0,0.3,11:12,0.0,00:01,0.0,7.1,0.3
1782770714.641,0.0,0.0,0.0,0.3,11:12,0.0,00:01,0.0,7.1,0.3
1782770719.651,0.0,0.0,0.0,0.3,11:12,0.0,00:01,0.0,7.1,0.3
1782770724.657,0.0,0.0,0.0,0.3,11:12,0.0,00:01,0.0,7.1,0.3
1782770729.668,0.0,0.0,0.0,0.3,11:12,0.0,00:01,0.0,7.1,0.3
1782770734.682,0.0,0.0,0.0,0.3,11:12,0.0,00:01,0.0,7.1,0.3
1782770739.691,0.0,0.0,0.0,0.3,11:12,0.0,00:01,0.0,7.1,0.3
1782770744.701,0.0,0.0,0.0,0.3,11:12,0.0,00:01,0.0,7.1,0.3
1782770749.705,0.0,0.0,0.0,0.3,11:12,0.0,00:01,0.0,7.1,0.3
1782770754.72,0.0,0.0,0.0,0.3,11:12,0.0,00:01,0.0,7.1,0.3
1782770759.734,0.0,0.0,0.0,0.3,11:12,0.0,00:01,0.0,7.1,0.3
1782770764.746,0.0,0.0,0.0,0.3,11:12,0.0,00:01,0.0,7.1,0.3
1782770769.761,0.0,0.0,0.0,0.3,11:12,0.0,00:01,0.0,7.1,0.3
1782770774.768,0.0,0.0,0.0,0.3,11:12,0.0,00:01,0.0,7.1,0.3
1782770779.784,0.0,0.0,0.0,0.3,11:12,0.0,00:01,0.0,7.1,0.3
1782770784.798,0.0,0.0,0.0,0.3,11:12,0.0,00:01,0.0,7.1,0.3
1782770789.811,0.0,0.0,0.0,0.3,11:12,0.0,00:01,0.0,7.1,0.3
1782770794.818,0.0,0.0,0.0,0.3,11:12,0.0,00:01,0.0,7.1,0.3
1782770799.831,0.0,0.0,0.0,0.3,11:12,0.0,00:01,0.0,7.1,0.3
1782770804.846,0.0,0.0,0.0,0.3,11:12,0.0,00:01,0.0,7.1,0.3
1782770809.859,0.0,0.0,0.0,0.3,11:12,0.0,00:01,0.0,7.1,0.3
1782770814.869,0.0,0.0,0.0,0.3,11:12,0.0,00:01,0.0,7.1,0.3
1782770819.877,0.0,0.0,0.0,0.3,11:12,0.0,00:01,0.0,7.1,0.3
1782770824.893,0.0,0.0,0.0,0.3,11:12,0.0,00:01,0.0,7.1,0.3
1782770829.906,0.0,0.0,0.0,0.3,11:12,0.0,00:01,0.0,7.1,0.3
1782770834.914,0.0,0.0,0.0,0.3,11:12,0.0,00:01,0.0,7.1,0.3
1782770839.928,0.0,0.0,0.0,0.3,11:12,0.0,00:01,0.0,7.1,0.3
1782770844.935,0.0,0.0,0.0,0.3,11:12,0.0,00:01,0.0,7.1,0.3
1782770849.95,0.0,0.0,0.0,0.3,11:12,0.0,00:01,0.0,7.1,0.3
1782770854.963,0.0,0.0,0.0,0.3,11:12,0.0,00:01,0.0,7.1,0.3
1782770859.975,0.0,0.0,0.0,0.3,11:12,0.0,00:01,0.0,7.1,0.3
1782770864.986,0.0,0.0,0.0,0.3,11:12,0.0,00:01,0.0,7.1,0.3
1782770869.994,0.0,0.0,0.0,0.3,11:12,0.0,00:01,0.0,7.1,0.3
1782770875.007,0.0,0.0,0.0,0.3,11:12,0.0,00:01,0.0,7.1,0.3
1782770880.016,0.0,0.0,0.0,0.3,11:12,0.0,00:01,0.0,7.1,0.3
1782770885.03,0.0,0.0,0.0,0.3,11:12,0.0,00:01,0.0,7.1,0.3
1782770890.042,0.0,0.0,0.0,0.3,11:12,0.0,00:01,0.0,7.1,0.3
1782770895.053,0.0,0.0,0.0,0.3,11:12,0.0,00:01,0.0,7.1,0.3
1782770900.065,0.0,0.0,0.0,0.3,11:12,0.0,00:01,0.0,7.1,0.3
1782770905.076,0.0,0.0,0.0,0.3,11:12,0.0,00:01,0.0,7.1,0.3
1782770910.091,0.0,0.0,0.0,0.3,11:12,0.0,00:01,0.0,7.1,0.3
1782770915.098,0.0,0.0,0.0,0.3,11:12,0.0,00:01,0.0,7.1,0.3
1782770920.111,0.0,0.0,0.0,0.3,11:12,0.0,00:01,0.0,7.1,0.3
1782770925.125,0.0,0.0,0.0,0.3,11:12,0.0,00:01,0.0,7.1,0.3
1782770930.135,0.0,0.0,0.0,0.3,11:12,0.0,00:01,0.0,7.1,0.3
1782770935.148,0.0,0.0,0.0,0.3,11:12,0.0,00:01,0.0,7.1,0.3
1782770940.155,0.0,0.0,0.0,0.3,11:12,0.0,00:01,0.0,7.1,0.3
1782770945.17,0.0,0.0,0.0,0.3,11:12,0.0,00:01,0.0,7.1,0.3
1782770950.182,0.0,0.0,0.0,0.3,11:12,0.0,00:01,0.0,7.1,0.3
1782770955.196,0.0,0.0,0.0,0.3,11:12,0.0,00:01,0.0,7.1,0.3
1782770960.208,0.0,0.0,0.0,0.3,11:12,0.0,00:01,0.0,7.1,0.3
1782770965.217,0.0,0.0,0.0,0.3,11:12,0.0,00:01,0.0,7.1,0.3
1782770970.23,0.0,0.0,0.0,0.3,11:12,0.0,00:01,0.0,7.1,0.3
1782770975.243,0.0,0.0,0.0,0.3,11:12,0.0,00:01,0.0,7.1,0.3
1782770980.251,0.0,0.0,0.0,0.3,11:12,0.0,00:01,0.0,7.1,0.3
1782770985.261,0.0,0.0,0.0,0.3,11:12,0.0,00:01,0.0,7.1,0.3
1782770990.267,0.0,0.0,0.0,0.3,11:12,0.0,00:01,0.0,7.1,0.3
1782770995.282,0.0,0.0,0.0,0.3,11:12,0.0,00:01,0.0,7.1,0.3
1782771000.296,0.0,0.0,0.0,0.3,11:12,0.0,00:01,0.0,7.1,0.3
1782771005.309,0.0,0.0,0.0,0.3,11:12,0.0,00:01,0.0,7.1,0.3
1782771010.316,0.0,0.0,0.0,0.3,11:12,0.0,00:01,0.0,7.1,0.3
1782771015.331,0.0,0.0,0.0,0.3,11:12,0.0,00:01,0.0,7.1,0.3
1782771020.339,0.0,0.0,0.0,0.3,11:12,0.0,00:01,0.0,7.1,0.3
1782771025.35,0.0,0.0,0.0,0.3,11:12,0.0,00:01,0.0,7.1,0.3
1782771030.361,0.0,0.0,0.0,0.3,11:12,0.0,00:01,0.0,7.1,0.3
1782771035.368,0.0,0.0,0.0,0.3,11:12,0.0,00:01,0.0,7.1,0.3
1782771040.384,0.0,0.0,0.0,0.3,11:12,0.0,00:01,0.0,7.1,0.3
1782771045.392,0.0,0.0,0.0,0.3,11:12,0.0,00:01,0.0,7.1,0.3
1782771050.404,0.0,0.0,0.0,0.3,11:12,0.0,00:01,0.0,7.1,0.3
1782771055.414,0.0,0.0,0.0,0.3,11:12,0.0,00:01,0.0,7.1,0.3
1782771060.424,0.0,0.0,0.0,0.3,11:12,0.0,00:01,0.0,7.1,0.3
1782771065.437,0.0,0.0,0.0,0.3,11:12,0.0,00:01,0.0,7.1,0.3
1782771070.451,0.0,0.0,0.0,0.3,11:12,0.0,00:01,0.0,7.1,0.3
1782771075.459,0.0,0.0,0.0,0.3,11:12,0.0,00:01,0.0,7.1,0.3
1782771080.47,0.0,0.0,0.0,0.3,11:12,0.0,00:01,0.0,7.1,0.3
1782771085.481,0.0,0.0,0.0,0.3,11:12,0.0,00:01,0.0,7.1,0.3
1782771090.494,0.0,0.0,0.0,0.3,11:12,0.0,00:01,0.0,7.1,0.3
1782771095.505,0.0,0.0,0.0,0.3,11:12,0.0,00:01,0.0,7.1,0.3
1782771100.514,0.0,0.0,0.0,0.3,11:12,0.0,00:01,0.0,7.1,0.3
1782771105.518,0.0,0.0,0.0,0.3,11:12,0.0,00:01,0.0,7.1,0.3
1782771110.525,0.0,0.0,0.0,0.3,11:12,0.0,00:01,0.0,7.1,0.3
1782771115.53,0.0,0.0,0.0,0.3,11:12,0.0,00:01,0.0,7.1,0.3
1782771120.538,0.0,0.0,0.0,0.3,11:12,0.0,00:01,0.0,7.1,0.3
1782771125.55,0.0,0.0,0.0,0.3,11:12,0.0,00:01,0.0,7.1,0.3
1782771130.558,0.0,0.0,0.0,0.3,11:12,0.0,00:01,0.0,7.1,0.3
1782771135.567,0.0,0.0,0.0,0.3,11:12,0.0,00:01,0.0,7.1,0.3
1782771140.575,0.0,0.0,0.0,0.3,11:12,0.0,00:01,0.0,7.1,0.3
1782771145.585,0.0,0.0,0.0,0.3,11:12,0.0,00:01,0.0,7.1,0.3
1782771150.593,0.0,0.0,0.0,0.3,11:12,0.0,00:01,0.0,7.1,0.3
1782771155.602,0.0,0.0,0.0,0.3,11:12,0.0,00:01,0.0,7.1,0.3
1782771160.61,0.0,0.0,0.0,0.3,11:12,0.0,00:01,0.0,7.1,0.3
1782771165.619,0.0,0.0,0.0,0.3,11:12,0.0,00:01,0.0,7.1,0.3
1782771170.627,0.0,0.0,0.0,0.3,11:12,0.0,00:01,0.0,7.1,0.3
1782771175.634,0.0,0.0,0.0,0.3,11:12,0.0,00:01,0.0,7.1,0.3
1782771180.643,0.0,0.0,0.0,0.3,11:12,0.0,00:01,0.0,7.1,0.3
1782771185.652,0.0,0.0,0.0,0.3,11:12,0.0,00:01,0.0,7.1,0.3
1782771190.659,0.0,0.0,0.0,0.3,11:12,0.0,00:01,0.0,7.1,0.3
1782771195.667,0.0,0.0,0.0,0.3,11:12,0.0,00:01,0.0,7.1,0.3
1782771200.674,0.0,0.0,0.0,0.3,11:12,0.0,00:01,0.0,7.1,0.3
1782771205.685,0.0,0.0,0.0,0.3,11:12,0.0,00:01,0.0,7.1,0.3
1782771210.695,0.0,0.0,0.0,0.3,11:12,0.0,00:01,0.0,7.1,0.3
1782771215.703,0.0,0.0,0.0,0.3,11:12,0.0,00:01,0.0,7.1,0.3
1782771220.711,0.0,0.0,0.0,0.3,11:12,0.0,00:01,0.0,7.1,0.3
1782771225.719,0.0,0.0,0.0,0.3,11:12,0.0,00:01,0.0,7.1,0.3
1782771230.727,0.0,0.0,0.0,0.3,11:12,0.0,00:01,0.0,7.1,0.3
1782771235.735,0.0,0.0,0.0,0.3,11:12,0.0,00:01,0.0,7.1,0.3
1782771240.744,0.0,0.0,0.0,0.3,11:12,0.0,00:01,0.0,7.1,0.3
1782771245.75,0.0,0.0,0.0,0.3,11:12,0.0,00:01,0.0,7.1,0.3
1782771250.759,0.0,0.0,0.0,0.3,11:12,0.0,00:01,0.0,7.1,0.3
1782771255.767,0.0,0.0,0.0,0.3,11:12,0.0,00:01,0.0,7.1,0.3
1782771260.774,0.0,0.0,0.0,0.3,11:12,0.0,00:01,0.0,7.1,0.3
1782771265.785,0.0,0.0,0.0,0.3,11:12,0.0,00:01,0.0,7.1,0.3
1782771270.79,0.0,0.0,0.0,0.3,11:12,0.0,00:01,0.0,7.1,0.3
1782771275.801,0.0,0.0,0.0,0.3,11:12,0.0,00:01,0.0,7.1,0.3
1782771280.806,0.0,0.0,0.0,0.3,11:12,0.0,00:01,0.0,7.1,0.3
1782771285.816,0.0,0.0,0.0,0.3,11:12,0.0,00:01,0.0,7.1,0.3
1782771290.824,0.0,0.0,0.0,0.3,11:12,0.0,00:01,0.0,7.1,0.3
1782771295.832,0.0,0.0,0.0,0.3,11:12,0.0,00:01,0.0,7.1,0.3
1782771300.842,0.0,0.0,0.0,0.3,11:12,0.0,00:01,0.0,7.1,0.3
1782771305.854,0.0,0.0,0.0,0.3,11:12,0.0,00:01,0.0,7.1,0.3
1782771310.868,0.0,0.0,0.0,0.3,11:12,0.0,00:01,0.0,7.1,0.3
1782771315.877,0.0,0.0,0.0,0.3,11:12,0.0,00:01,0.0,7.1,0.3
1782771320.887,0.0,0.0,0.0,0.3,11:12,0.0,00:01,0.0,7.1,0.3
1782771325.899,0.0,0.0,0.0,0.3,11:12,0.0,00:01,0.0,7.1,0.3
1782771330.908,0.0,0.0,0.0,0.3,11:12,0.0,00:01,0.0,7.1,0.3
1782771335.922,0.0,0.0,0.0,0.3,11:12,0.0,00:01,0.0,7.1,0.3
1782771340.928,0.0,0.0,0.0,0.3,11:12,0.0,00:01,0.0,7.1,0.3
1782771345.94,0.0,0.0,0.0,0.3,11:12,0.0,00:01,0.0,7.1,0.3
1782771350.956,0.0,0.0,0.0,0.3,11:12,0.0,00:01,0.0,7.1,0.3
1782771355.969,0.0,0.0,0.0,0.3,11:12,0.0,00:01,0.0,7.1,0.3
1782771360.981,0.0,0.0,0.0,0.3,11:12,0.0,00:01,0.0,7.1,0.3
1782771365.988,0.0,0.0,0.0,0.3,11:12,0.0,00:01,0.0,7.1,0.3
1782771371.0,0.0,0.0,0.0,0.3,11:12,0.0,00:01,0.0,7.1,0.3
1782771376.012,0.0,0.0,0.0,0.3,11:12,0.0,00:01,0.0,7.1,0.3
1782771381.028,0.0,0.0,0.0,0.3,11:12,0.0,00:01,0.0,7.1,0.3
1782771386.043,0.0,0.0,0.0,0.3,11:12,0.0,00:01,0.0,7.1,0.3
1782771391.048,0.0,0.0,0.0,0.3,11:12,0.0,00:01,0.0,7.1,0.3
1782771396.06,0.0,0.0,0.0,0.3,11:12,0.0,00:01,0.0,7.1,0.3
1782771401.07,0.0,0.0,0.0,0.3,11:12,0.0,00:01,0.0,7.1,0.3
1782771406.078,0.0,0.0,0.0,0.3,11:12,0.0,00:01,0.0,7.1,0.3
1782771411.084,0.0,0.0,0.0,0.3,11:12,0.0,00:01,0.0,7.1,0.3
1782771416.092,0.0,0.0,0.0,0.3,11:12,0.0,00:01,0.0,7.1,0.3
1782771421.106,0.0,0.0,0.0,0.3,11:12,0.0,00:01,0.0,7.1,0.3
1782771426.12,0.0,0.0,0.0,0.3,11:12,0.0,00:01,0.0,7.1,0.3
1782771431.136,0.0,0.0,0.0,0.3,11:12,0.0,00:01,0.0,7.1,0.3
1782771436.145,0.0,0.0,0.0,0.3,11:12,0.0,00:01,0.0,7.1,0.3
1782771441.158,0.0,0.0,0.0,0.3,11:12,0.0,00:01,0.0,7.1,0.3
1782771446.171,0.0,0.0,0.0,0.3,11:12,0.0,00:01,0.0,7.1,0.3
1782771451.186,0.0,0.0,0.0,0.3,11:12,0.0,00:01,0.0,7.1,0.3
1782771456.202,0.0,0.0,0.0,0.3,11:12,0.0,00:01,0.0,7.1,0.3
1782771461.209,0.0,0.0,0.0,0.3,11:12,0.0,00:01,0.0,7.1,0.3
1782771466.223,0.0,0.0,0.0,0.3,11:12,0.0,00:01,0.0,7.1,0.3
1782771471.232,0.0,0.0,0.0,0.3,11:12,0.0,00:01,0.0,7.1,0.3
1782771476.244,0.0,0.0,0.0,0.3,11:12,0.0,00:01,0.0,7.1,0.3
1782771481.262,0.0,0.0,0.0,0.3,11:12,0.0,00:01,0.0,7.1,0.3
1782771486.27,0.0,0.0,0.0,0.3,11:12,0.0,00:01,0.0,7.1,0.3
1782771491.282,0.0,0.0,0.0,0.3,11:12,0.0,00:01,0.0,7.1,0.3
1782771496.294,0.0,0.0,0.0,0.3,11:12,0.0,00:01,0.0,7.1,0.3
1782771501.308,0.0,0.0,0.0,0.3,11:12,0.0,00:01,0.0,7.1,0.3
1782771506.315,0.0,0.0,0.0,0.3,11:12,0.0,00:01,0.0,7.1,0.3
1782771511.328,0.0,0.0,0.0,0.3,11:12,0.0,00:01,0.0,7.1,0.3
1782771516.34,0.0,0.0,0.0,0.3,11:12,0.0,00:01,0.0,7.1,0.3
1782771521.355,0.0,0.0,0.0,0.3,11:12,0.0,00:01,0.0,7.1,0.3
1782771526.368,0.0,0.0,0.0,0.3,11:12,0.0,00:01,0.0,7.1,0.3
1782771531.375,0.0,0.0,0.0,0.3,11:12,0.0,00:01,0.0,7.1,0.3
1782771536.392,0.0,0.0,0.0,0.3,11:12,0.0,00:01,0.0,7.1,0.3
1782771541.403,0.0,0.0,0.0,0.3,11:12,0.0,00:01,0.0,7.1,0.3
1782771546.414,0.0,0.0,0.0,0.3,11:12,0.0,00:01,0.0,7.1,0.3
1782771551.429,0.0,0.0,0.0,0.3,11:12,0.0,00:01,0.0,7.1,0.3
1782771556.436,0.0,0.0,0.0,0.3,11:12,0.0,00:01,0.0,7.1,0.3
1782771561.447,0.0,0.0,0.0,0.3,11:12,0.0,00:01,0.0,7.1,0.3
1782771566.462,0.0,0.0,0.0,0.3,11:12,0.0,00:01,0.0,7.1,0.3
1782771571.478,0.0,0.0,0.0,0.3,11:12,0.0,00:01,0.0,7.1,0.3
1782771576.489,0.0,0.0,0.0,0.3,11:12,0.0,00:01,0.0,7.1,0.3
1782771581.496,0.0,0.0,0.0,0.3,11:12,0.0,00:01,0.0,7.1,0.3
1782771586.509,0.0,0.0,0.0,0.3,11:12,0.0,00:01,0.0,7.1,0.3
1782771591.522,0.0,0.0,0.0,0.3,11:12,0.0,00:01,0.0,7.1,0.3
1782771596.534,0.0,0.0,0.0,0.3,11:12,0.0,00:01,0.0,7.1,0.3
1782771601.541,0.0,0.0,0.0,0.3,11:12,0.0,00:01,0.0,7.1,0.3
1782771606.551,0.0,0.0,0.0,0.3,11:12,0.0,00:01,0.0,7.1,0.3
1782771611.564,0.0,0.0,0.0,0.3,11:12,0.0,00:01,0.0,7.1,0.3
1782771616.576,0.0,0.0,0.0,0.3,11:12,0.0,00:01,0.0,7.1,0.3
1782771621.592,0.0,0.0,0.0,0.3,11:12,0.0,00:01,0.0,7.1,0.3
1782771626.599,0.0,0.0,0.0,0.3,11:12,0.0,00:01,0.0,7.1,0.3
1782771631.612,0.0,0.0,0.0,0.3,11:12,0.0,00:01,0.0,7.1,0.3
1782771636.628,0.0,0.0,0.0,0.3,11:12,0.0,00:01,0.0,7.1,0.3
1782771641.643,0.0,0.0,0.0,0.3,11:12,0.0,00:01,0.0,7.1,0.3
1782771646.651,0.0,0.0,0.0,0.3,11:12,0.0,00:01,0.0,7.1,0.3
1782771651.656,0.0,0.0,0.0,0.3,11:12,0.0,00:01,0.0,7.1,0.3
1782771656.667,0.0,0.0,0.0,0.3,11:12,0.0,00:01,0.0,7.1,0.3
1782771661.681,0.0,0.0,0.0,0.3,11:12,0.0,00:01,0.0,7.1,0.3
1782771666.697,0.0,0.0,0.0,0.3,11:12,0.0,00:01,0.0,7.1,0.3
1782771671.707,0.0,0.0,0.0,0.3,11:12,0.0,00:01,0.0,7.1,0.3
1782771676.71,0.0,0.0,0.0,0.3,11:12,0.0,00:01,0.0,7.1,0.3
1782771681.724,0.0,0.0,0.0,0.3,11:12,0.0,00:01,0.0,7.1,0.3
1782771686.739,0.0,0.0,0.0,0.3,11:12,0.0,00:01,0.0,7.1,0.3
1782771691.751,0.0,0.0,0.0,0.3,11:12,0.0,00:01,0.0,7.1,0.3
1782771696.759,0.0,0.0,0.0,0.3,11:12,0.0,00:01,0.0,7.1,0.3
1782771701.772,0.0,0.0,0.0,0.3,11:12,0.0,00:01,0.0,7.1,0.3
1782771706.788,0.0,0.0,0.0,0.3,11:12,0.0,00:01,0.0,7.1,0.3
1782771711.802,0.0,0.0,0.0,0.3,11:12,0.0,00:01,0.0,7.1,0.3
1782771716.815,0.0,0.0,0.0,0.3,11:12,0.0,00:01,0.0,7.1,0.3
1782771721.824,0.0,0.0,0.0,0.3,11:12,0.0,00:01,0.0,7.1,0.3
1782771726.834,0.0,0.0,0.0,0.3,11:12,0.0,00:01,0.0,7.1,0.3
1782771731.847,0.0,0.0,0.0,0.3,11:12,0.0,00:01,0.0,7.1,0.3
1782771736.86,0.0,0.0,0.0,0.3,11:12,0.0,00:01,0.0,7.1,0.3
1782771741.868,0.0,0.0,0.0,0.3,11:12,0.0,00:01,0.0,7.1,0.3
1782771746.874,0.0,0.0,0.0,0.3,11:12,0.0,00:01,0.0,7.1,0.3
1782771751.89,0.0,0.0,0.0,0.3,11:12,0.0,00:01,0.0,7.1,0.3
1782771756.905,0.0,0.0,0.0,0.3,11:12,0.0,00:01,0.0,7.1,0.3
1782771761.916,0.0,0.0,0.0,0.3,11:12,0.0,00:01,0.0,7.1,0.3
1782771766.924,0.0,0.0,0.0,0.3,11:12,0.0,00:01,0.0,7.1,0.3
1782771771.935,0.0,0.0,0.0,0.3,11:12,0.0,00:01,0.0,7.1,0.3
1782771776.947,0.0,0.0,0.0,0.3,11:12,0.0,00:01,0.0,7.1,0.3
1782771781.963,0.0,0.0,0.0,0.3,11:12,0.0,00:01,0.0,7.1,0.3
1782771786.975,0.0,0.0,0.0,0.3,11:12,0.0,00:01,0.0,7.1,0.3
1782771791.984,0.0,0.0,0.0,0.3,11:12,0.0,00:01,0.0,7.1,0.3
1782771796.996,0.0,0.0,0.0,0.3,11:12,0.0,00:01,0.0,7.1,0.3
1782771802.008,0.0,0.0,0.0,0.3,11:12,0.0,00:01,0.0,7.1,0.3
1782771807.023,0.0,0.0,0.0,0.3,11:12,0.0,00:01,0.0,7.1,0.3
1782771812.034,0.0,0.0,0.0,0.3,11:12,0.0,00:01,0.0,7.1,0.3
1782771817.04,0.0,0.0,0.0,0.3,11:12,0.0,00:01,0.0,7.1,0.3
1782771822.054,0.0,0.0,0.0,0.3,11:12,0.0,00:01,0.0,7.1,0.3
1782771827.068,0.0,0.0,0.0,0.3,11:12,0.0,00:01,0.0,7.1,0.3
1782771832.079,0.0,0.0,0.0,0.3,11:12,0.0,00:01,0.0,7.1,0.3
1782771837.093,0.0,0.0,0.0,0.3,11:12,0.0,00:01,0.0,7.1,0.3
1782771842.102,0.0,0.0,0.0,0.3,11:12,0.0,00:01,0.0,7.1,0.3
1782771847.111,0.0,0.0,0.0,0.3,11:12,0.0,00:01,0.0,7.1,0.3
1782771852.123,0.0,0.0,0.0,0.3,11:12,0.0,00:01,0.0,7.1,0.3
1782771857.131,0.0,0.0,0.0,0.3,11:12,0.0,00:01,0.0,7.1,0.3
1782771862.138,0.0,0.0,0.0,0.3,11:12,0.0,00:01,0.0,7.1,0.3
1782771867.149,0.0,0.0,0.0,0.3,11:12,0.0,00:01,0.0,7.1,0.3
1782771872.165,0.0,0.0,0.0,0.3,11:12,0.0,00:01,0.0,7.1,0.3
1782771877.176,0.0,0.0,0.0,0.3,11:12,0.0,00:01,0.0,7.1,0.3
1782771882.191,0.0,0.0,0.0,0.3,11:12,0.0,00:01,0.0,7.1,0.3
1782771887.196,0.0,0.0,0.0,0.3,11:12,0.0,00:01,0.0,7.1,0.3
1782771892.206,0.0,0.0,0.0,0.3,11:12,0.0,00:01,0.0,7.1,0.3
1782771897.217,0.0,0.0,0.0,0.3,11:12,0.0,00:01,0.0,7.1,0.3
1782771902.226,0.0,0.0,0.0,0.3,11:12,0.0,00:01,0.0,7.1,0.3
1782771907.235,0.0,0.0,0.0,0.3,11:12,0.0,00:01,0.0,7.1,0.3
1782771912.24,0.0,0.0,0.0,0.3,11:12,0.0,00:01,0.0,7.1,0.3
1782771917.248,0.0,0.0,0.0,0.3,11:12,0.0,00:01,0.0,7.1,0.3
1782771922.26,0.0,0.0,0.0,0.3,11:12,0.0,00:01,0.0,7.1,0.3
1782771927.27,0.0,0.0,0.0,0.3,11:12,0.0,00:01,0.0,7.1,0.3
1782771932.275,0.0,0.0,0.0,0.3,11:12,0.0,00:01,0.0,7.1,0.3
1782771937.286,0.0,0.0,0.0,0.3,11:12,0.0,00:01,0.0,7.1,0.3
1782771942.293,0.0,0.0,0.0,0.3,11:12,0.0,00:01,0.0,7.1,0.3
1782771947.298,0.0,0.0,0.0,0.3,11:12,0.0,00:01,0.0,7.1,0.3
1782771952.308,0.0,0.0,0.0,0.3,11:12,0.0,00:01,0.0,7.1,0.3
1782771957.314,0.0,0.0,0.0,0.3,11:12,0.0,00:01,0.0,7.1,0.3
1782771962.32,0.0,0.0,0.0,0.3,11:12,0.0,00:01,0.0,7.1,0.3
1782771967.33,0.0,0.0,0.0,0.3,11:12,0.0,00:01,0.0,7.1,0.3
1782771972.339,0.0,0.0,0.0,0.3,11:12,0.0,00:01,0.0,7.1,0.3
1782771977.347,0.0,0.0,0.0,0.3,11:12,0.0,00:01,0.0,7.1,0.3
1782771982.353,0.0,0.0,0.0,0.3,11:12,0.0,00:01,0.0,7.1,0.3
1782771987.36,0.0,0.0,0.0,0.3,11:12,0.0,00:01,0.0,7.1,0.3
1782771992.378,0.0,0.0,0.0,0.3,11:12,0.0,00:01,0.0,7.1,0.3
1782771997.388,0.0,0.0,0.0,0.3,11:12,0.0,00:01,0.0,7.1,0.3
1782772002.397,0.0,0.0,0.0,0.3,11:12,0.0,00:01,0.0,7.1,0.3
1782772007.405,0.0,0.0,0.0,0.3,11:12,0.0,00:01,0.0,7.1,0.3
1782772012.414,0.0,0.0,0.0,0.3,11:12,0.0,00:01,0.0,7.1,0.3
1782772017.428,0.0,0.0,0.0,0.3,11:12,0.0,00:01,0.0,7.1,0.3
1782772022.44,0.0,0.0,0.0,0.3,11:12,0.0,00:01,0.0,7.1,0.3
1782772027.447,0.0,0.0,0.0,0.3,11:12,0.0,00:01,0.0,7.1,0.3
1782772032.459,0.0,0.0,0.0,0.3,11:12,0.0,00:01,0.0,7.1,0.3
1782772037.474,0.0,0.0,0.0,0.3,11:12,0.0,00:01,0.0,7.1,0.3
1782772042.488,0.0,0.0,0.0,0.3,11:12,0.0,00:01,0.0,7.1,0.3
1782772047.498,0.0,0.0,0.0,0.3,11:12,0.0,00:01,0.0,7.1,0.3
1782772052.505,0.0,0.0,0.0,0.3,11:12,0.0,00:01,0.0,7.1,0.3
1782772057.515,0.0,0.0,0.0,0.3,11:12,0.0,00:01,0.0,7.1,0.3
1782772062.531,0.0,0.0,0.0,0.3,11:12,0.0,00:01,0.0,7.1,0.3
1782772067.543,0.0,0.0,0.0,0.3,11:12,0.0,00:01,0.0,7.1,0.3
1782772072.555,0.0,0.0,0.0,0.3,11:12,0.0,00:01,0.0,7.1,0.3
1782772077.564,0.0,0.0,0.0,0.3,11:12,0.0,00:01,0.0,7.1,0.3
1782772082.578,0.0,0.0,0.0,0.3,11:12,0.0,00:01,0.0,7.1,0.3
1782772087.59,0.0,0.0,0.0,0.3,11:12,0.0,00:01,0.0,7.1,0.3
1782772092.6,0.0,0.0,0.0,0.3,11:12,0.0,00:01,0.0,7.1,0.3
1782772097.606,0.0,0.0,0.0,0.3,11:12,0.0,00:01,0.0,7.1,0.3
1782772102.616,0.0,0.0,0.0,0.3,11:12,0.0,00:01,0.0,7.1,0.3
1782772107.632,0.0,0.0,0.0,0.3,11:12,0.0,00:01,0.0,7.1,0.3
1782772112.644,0.0,0.0,0.0,0.3,11:12,0.0,00:01,0.0,7.1,0.3
1782772117.653,0.0,0.0,0.0,0.3,11:12,0.0,00:01,0.0,7.1,0.3
1782772122.661,0.0,0.0,0.0,0.3,11:12,0.0,00:01,0.0,7.1,0.3
1782772127.673,0.0,0.0,0.0,0.3,11:12,0.0,00:01,0.0,7.1,0.3
1782772132.688,0.0,0.0,0.0,0.3,11:12,0.0,00:01,0.0,7.1,0.3
1782772137.702,0.0,0.0,0.0,0.3,11:12,0.0,00:01,0.0,7.1,0.3
1782772142.714,0.0,0.0,0.0,0.3,11:12,0.0,00:01,0.0,7.1,0.3
1782772147.725,0.0,0.0,0.0,0.3,11:12,0.0,00:01,0.0,7.1,0.3
1782772152.737,0.0,0.0,0.0,0.3,11:12,0.0,00:01,0.0,7.1,0.3
1782772157.745,0.0,0.0,0.0,0.3,11:12,0.0,00:01,0.0,7.1,0.3
1782772162.758,0.0,0.0,0.0,0.3,11:12,0.0,00:01,0.0,7.1,0.3
1782772167.769,0.0,0.0,0.0,0.3,11:12,0.0,00:01,0.0,7.1,0.3
1782772172.776,0.0,0.0,0.0,0.3,11:12,0.0,00:01,0.0,7.1,0.3
1782772177.791,0.0,0.0,0.0,0.3,11:12,0.0,00:01,0.0,7.1,0.3
1782772182.803,0.0,0.0,0.0,0.3,11:12,0.0,00:01,0.0,7.1,0.3
1782772187.811,0.0,0.0,0.0,0.3,11:12,0.0,00:01,0.0,7.1,0.3
1782772192.82,0.0,0.0,0.0,0.3,11:12,0.0,00:01,0.0,7.1,0.3
1782772197.835,0.0,0.0,0.0,0.3,11:12,0.0,00:01,0.0,7.1,0.3
1782772202.849,0.0,0.0,0.0,0.3,11:12,0.0,00:01,0.0,7.1,0.3
1782772207.862,0.0,0.0,0.0,0.3,11:12,0.0,00:01,0.0,7.1,0.3
1782772212.875,0.0,0.0,0.0,0.3,11:12,0.0,00:01,0.0,7.1,0.3
1782772217.882,0.0,0.0,0.0,0.3,11:12,0.0,00:01,0.0,7.1,0.3
1782772222.894,0.0,0.0,0.0,0.3,11:12,0.0,00:01,0.0,7.1,0.3
1782772227.902,0.0,0.0,0.0,0.3,11:12,0.0,00:01,0.0,7.1,0.3
1782772232.912,0.0,0.0,0.0,0.3,11:12,0.0,00:01,0.0,7.1,0.3
1782772237.923,0.0,0.0,0.0,0.3,11:12,0.0,00:01,0.0,7.1,0.3
1782772242.925,0.0,0.0,0.0,0.3,11:12,0.0,00:01,0.0,7.1,0.3
1782772247.938,0.0,0.0,0.0,0.3,11:12,0.0,00:01,0.0,7.1,0.3
1782772252.943,0.0,0.0,0.0,0.3,11:12,0.0,00:01,0.0,7.1,0.3
1782772257.953,0.0,0.0,0.0,0.3,11:12,0.0,00:01,0.0,7.1,0.3
1782772262.963,0.0,0.0,0.0,0.3,11:12,0.0,00:01,0.0,7.1,0.3
1782772267.969,0.0,0.0,0.0,0.3,11:12,0.0,00:01,0.0,7.1,0.3
1782772272.976,0.0,0.0,0.0,0.3,11:12,0.0,00:01,0.0,7.1,0.3
1782772277.988,0.0,0.0,0.0,0.3,11:12,0.0,00:01,0.0,7.1,0.3
1782772282.995,0.0,0.0,0.0,0.3,11:12,0.0,00:01,0.0,7.1,0.3
1782772288.002,0.0,0.0,0.0,0.3,11:12,0.0,00:01,0.0,7.1,0.3
1782772293.015,0.0,0.0,0.0,0.3,11:12,0.0,00:01,0.0,7.1,0.3
1782772298.024,0.0,0.0,0.0,0.3,11:12,0.0,00:01,0.0,7.1,0.3
1782772303.034,0.0,0.0,0.0,0.3,11:12,0.0,00:01,0.0,7.1,0.3
1782772308.044,0.0,0.0,0.0,0.3,11:12,0.0,00:01,0.0,7.1,0.3
1782772313.051,0.0,0.0,0.0,0.3,11:12,0.0,00:01,0.0,7.1,0.3
1782772318.067,0.0,0.0,0.0,0.3,11:12,0.0,00:01,0.0,7.1,0.3
1782772323.082,0.0,0.0,0.0,0.3,11:12,0.0,00:01,0.0,7.1,0.3
1782772328.095,0.0,0.0,0.0,0.3,11:12,0.0,00:01,0.0,7.1,0.3
1782772333.104,0.0,0.0,0.0,0.3,11:12,0.0,00:01,0.0,7.1,0.3
1782772338.108,0.0,0.0,0.0,0.3,11:12,0.0,00:01,0.0,7.1,0.3
1782772343.12,0.0,0.0,0.0,0.3,11:12,0.0,00:01,0.0,7.1,0.3
1782772348.131,0.0,0.0,0.0,0.3,11:12,0.0,00:01,0.0,7.1,0.3
1782772353.14,0.0,0.0,0.0,0.3,11:12,0.0,00:01,0.0,7.1,0.3
1782772358.144,0.0,0.0,0.0,0.3,11:12,0.0,00:01,0.0,7.1,0.3
1782772363.156,0.0,0.0,0.0,0.3,11:12,0.0,00:01,0.0,7.1,0.3
1782772368.166,0.0,0.0,0.0,0.3,11:12,0.0,00:01,0.0,7.1,0.3
1782772373.176,0.0,0.0,0.0,0.3,11:12,0.0,00:01,0.0,7.1,0.3
1782772378.186,0.0,0.0,0.0,0.3,11:12,0.0,00:01,0.0,7.1,0.3
1782772383.188,0.0,0.0,0.0,0.3,11:12,0.0,00:01,0.0,7.1,0.3
1782772388.2,0.0,0.0,0.0,0.3,11:12,0.0,00:01,0.0,7.1,0.3
1782772393.211,0.0,0.0,0.0,0.3,11:12,0.0,00:01,0.0,7.1,0.3
1782772398.223,0.0,0.0,0.0,0.3,11:12,0.0,00:01,0.0,7.1,0.3
1782772403.235,0.0,0.0,0.0,0.3,11:12,0.0,00:01,0.0,7.1,0.3
1782772408.243,0.0,0.0,0.0,0.3,11:12,0.0,00:01,0.0,7.1,0.3
1782772413.26,0.0,0.0,0.0,0.3,11:12,0.0,00:01,0.0,7.1,0.3
1782772418.271,0.0,0.0,0.0,0.3,11:12,0.0,00:01,0.0,7.1,0.3
1782772423.282,0.0,0.0,0.0,0.3,11:12,0.0,00:01,0.0,7.1,0.3
1782772428.289,0.0,0.0,0.0,0.3,11:12,0.0,00:01,0.0,7.1,0.3
1782772433.306,0.0,0.0,0.0,0.3,11:12,0.0,00:01,0.0,7.1,0.3
1782772438.318,0.0,0.0,0.0,0.3,11:12,0.0,00:01,0.0,7.1,0.3
1782772443.329,0.0,0.0,0.0,0.3,11:12,0.0,00:01,0.0,7.1,0.3
1782772448.342,0.0,0.0,0.0,0.3,11:12,0.0,00:01,0.0,7.1,0.3
1782772453.347,0.0,0.0,0.0,0.3,11:12,0.0,00:01,0.0,7.1,0.3
1782772458.359,0.0,0.0,0.0,0.3,11:12,0.0,00:01,0.0,7.1,0.3
1782772463.373,0.0,0.0,0.0,0.3,11:12,0.0,00:01,0.0,7.1,0.3
1782772468.385,0.0,0.0,0.0,0.3,11:12,0.0,00:01,0.0,7.1,0.3
1782772473.396,0.0,0.0,0.0,0.3,11:12,0.0,00:01,0.0,7.1,0.3
1782772478.405,0.0,0.0,0.0,0.3,11:12,0.0,00:01,0.0,7.1,0.3
1782772483.418,0.0,0.0,0.0,0.3,11:12,0.0,00:01,0.0,7.1,0.3
1782772488.43,0.0,0.0,0.0,0.3,11:12,0.0,00:01,0.0,7.1,0.3
1782772493.444,0.0,0.0,0.0,0.3,11:12,0.0,00:01,0.0,7.1,0.3
1782772498.452,0.0,0.0,0.0,0.3,11:12,0.0,00:01,0.0,7.1,0.3
1782772503.463,0.0,0.0,0.0,0.3,11:12,0.0,00:01,0.0,7.1,0.3
1782772508.477,0.0,0.0,0.0,0.3,11:12,0.0,00:01,0.0,7.1,0.3
1782772513.488,0.0,0.0,0.0,0.3,11:12,0.0,00:01,0.0,7.1,0.3
1782772518.501,0.0,0.0,0.0,0.3,11:12,0.0,00:01,0.0,7.1,0.3
1782772523.509,0.0,0.0,0.0,0.3,11:12,0.0,00:01,0.0,7.1,0.3
1782772528.524,0.0,0.0,0.0,0.3,11:12,0.0,00:01,0.0,7.1,0.3
1782772533.538,0.0,0.0,0.0,0.3,11:12,0.0,00:01,0.0,7.1,0.3
1782772538.548,0.0,0.0,0.0,0.3,11:12,0.0,00:01,0.0,7.1,0.3
1782772543.561,0.0,0.0,0.0,0.3,11:12,0.0,00:01,0.0,7.1,0.3
1782772548.568,0.0,0.0,0.0,0.3,11:12,0.0,00:01,0.0,7.1,0.3
1782772553.584,0.0,0.0,0.0,0.3,11:12,0.0,00:01,0.0,7.1,0.3
1782772558.598,0.0,0.0,0.0,0.3,11:12,0.0,00:01,0.0,7.1,0.3
1782772563.612,0.0,0.0,0.0,0.3,11:12,0.0,00:01,0.0,7.1,0.3
1782772568.625,0.0,0.0,0.0,0.3,11:12,0.0,00:01,0.0,7.1,0.3
1782772573.635,0.0,0.0,0.0,0.3,11:12,0.0,00:01,0.0,7.1,0.3
1782772578.649,0.0,0.0,0.0,0.3,11:12,0.0,00:01,0.0,7.1,0.3
1782772583.659,0.0,0.0,0.0,0.3,11:12,0.0,00:01,0.0,7.1,0.3
1782772588.671,0.0,0.0,0.0,0.3,11:12,0.0,00:01,0.0,7.1,0.3
1782772593.685,0.0,0.0,0.0,0.3,11:12,0.0,00:01,0.0,7.1,0.3
1782772598.695,0.0,0.0,0.0,0.3,11:12,0.0,00:01,0.0,7.1,0.3
1782772603.707,0.0,0.0,0.0,0.3,11:12,0.0,00:01,0.0,7.1,0.3
1782772608.721,0.0,0.0,0.0,0.3,11:12,0.0,00:01,0.0,7.1,0.3
1782772613.734,0.0,0.0,0.0,0.3,11:12,0.0,00:01,0.0,7.1,0.3
1782772618.745,0.0,0.0,0.0,0.3,11:12,0.0,00:01,0.0,7.1,0.3
1782772623.756,0.0,0.0,0.0,0.3,11:12,0.0,00:01,0.0,7.1,0.3
1782772628.768,0.0,0.0,0.0,0.3,11:12,0.0,00:01,0.0,7.1,0.3
1782772633.781,0.0,0.0,0.0,0.3,11:12,0.0,00:01,0.0,7.1,0.3
1782772638.79,0.0,0.0,0.0,0.3,11:12,0.0,00:01,0.0,7.1,0.3
1782772643.8,0.0,0.0,0.0,0.3,11:12,0.0,00:01,0.0,7.1,0.3
1782772648.81,0.0,0.0,0.0,0.3,11:12,0.0,00:01,0.0,7.1,0.3
1782772653.822,0.0,0.0,0.0,0.3,11:12,0.0,00:01,0.0,7.1,0.3
1782772658.834,0.0,0.0,0.0,0.3,11:12,0.0,00:01,0.0,7.1,0.3
1782772663.847,0.0,0.0,0.0,0.3,11:12,0.0,00:01,0.0,7.1,0.3
1782772668.856,0.0,0.0,0.0,0.3,11:12,0.0,00:01,0.0,7.1,0.3
1782772673.871,0.0,0.0,0.0,0.3,11:12,0.0,00:01,0.0,7.1,0.3
1782772678.883,0.0,0.0,0.0,0.3,11:12,0.0,00:01,0.0,7.1,0.3
1782772683.896,0.0,0.0,0.0,0.3,11:12,0.0,00:01,0.0,7.1,0.3
1782772688.91,0.0,0.0,0.0,0.3,11:12,0.0,00:01,0.0,7.1,0.3
1782772693.915,0.0,0.0,0.0,0.3,11:12,0.0,00:01,0.0,7.1,0.3
1782772698.924,0.0,0.0,0.0,0.3,11:12,0.0,00:01,0.0,7.1,0.3
1782772703.936,0.0,0.0,0.0,0.3,11:12,0.0,00:01,0.0,7.1,0.3
1782772708.95,0.0,0.0,0.0,0.3,11:12,0.0,00:01,0.0,7.1,0.3
1782772713.964,0.0,0.0,0.0,0.3,11:12,0.0,00:01,0.0,7.1,0.3
1782772718.974,0.0,0.0,0.0,0.3,11:12,0.0,00:01,0.0,7.1,0.3
1782772723.986,0.0,0.0,0.0,0.3,11:12,0.0,00:01,0.0,7.1,0.3
1782772728.997,0.0,0.0,0.0,0.3,11:12,0.0,00:01,0.0,7.1,0.3
1782772734.011,0.0,0.0,0.0,0.3,11:12,0.0,00:01,0.0,7.1,0.3
1782772739.019,0.0,0.0,0.0,0.3,11:12,0.0,00:01,0.0,7.1,0.3
1782772744.03,0.0,0.0,0.0,0.3,11:12,0.0,00:01,0.0,7.1,0.3
1782772749.042,0.0,0.0,0.0,0.3,11:12,0.0,00:01,0.0,7.1,0.3
1782772754.054,0.0,0.0,0.0,0.3,11:12,0.0,00:01,0.0,7.1,0.3
1782772759.062,0.0,0.0,0.0,0.3,11:12,0.0,00:01,0.0,7.1,0.3
1782772764.075,0.0,0.0,0.0,0.3,11:12,0.0,00:01,0.0,7.1,0.3
1782772769.084,0.0,0.0,0.0,0.3,11:12,0.0,00:01,0.0,7.1,0.3
1782772774.097,0.0,0.0,0.0,0.3,11:12,0.0,00:01,0.0,7.1,0.3
1782772779.11,0.0,0.0,0.0,0.3,11:12,0.0,00:01,0.0,7.1,0.3
1782772784.122,0.0,0.0,0.0,0.3,11:12,0.0,00:01,0.0,7.1,0.3
1782772789.129,0.0,0.0,0.0,0.3,11:12,0.0,00:01,0.0,7.1,0.3
1782772794.14,0.0,0.0,0.0,0.3,11:12,0.0,00:01,0.0,7.1,0.3
1782772799.15,0.0,0.0,0.0,0.3,11:12,0.0,00:01,0.0,7.1,0.3
1782772804.162,0.0,0.0,0.0,0.3,11:12,0.0,00:01,0.0,7.1,0.3
1782772809.18,0.0,0.0,0.0,0.3,11:12,0.0,00:01,0.0,7.1,0.3
1782772814.189,0.0,0.0,0.0,0.3,11:12,0.0,00:01,0.0,7.1,0.3
1782772819.201,0.0,0.0,0.0,0.3,11:12,0.0,00:01,0.0,7.1,0.3
1782772824.214,0.0,0.0,0.0,0.3,11:12,0.0,00:01,0.0,7.1,0.3
1782772829.226,0.0,0.0,0.0,0.3,11:12,0.0,00:01,0.0,7.1,0.3
1782772834.235,0.0,0.0,0.0,0.3,11:12,0.0,00:01,0.0,7.1,0.3
1782772839.244,0.0,0.0,0.0,0.3,11:12,0.0,00:01,0.0,7.1,0.3
1782772844.253,0.0,0.0,0.0,0.3,11:12,0.0,00:01,0.0,7.1,0.3
1782772849.267,0.0,0.0,0.0,0.3,11:12,0.0,00:01,0.0,7.1,0.3
1782772854.284,0.0,0.0,0.0,0.3,11:12,0.0,00:01,0.0,7.1,0.3
1782772859.29,0.0,0.0,0.0,0.3,11:12,0.0,00:01,0.0,7.1,0.3
1782772864.305,0.0,0.0,0.0,0.3,11:12,0.0,00:01,0.0,7.1,0.3
1782772869.317,0.0,0.0,0.0,0.3,11:12,0.0,00:01,0.0,7.1,0.3
1782772874.328,0.0,0.0,0.0,0.3,11:12,0.0,00:01,0.0,7.1,0.3
1782772879.344,0.0,0.0,0.0,0.3,11:12,0.0,00:01,0.0,7.1,0.3
1782772884.348,0.0,0.0,0.0,0.3,11:12,0.0,00:01,0.0,7.1,0.3
1782772889.36,0.0,0.0,0.0,0.3,11:12,0.0,00:01,0.0,7.1,0.3
1782772894.375,0.0,0.0,0.0,0.3,11:12,0.0,00:01,0.0,7.1,0.3
1782772899.388,0.0,0.0,0.0,0.3,11:12,0.0,00:01,0.0,7.1,0.3
1782772904.401,0.0,0.0,0.0,0.3,11:12,0.0,00:01,0.0,7.1,0.3
1782772909.41,0.0,0.0,0.0,0.3,11:12,0.0,00:01,0.0,7.1,0.3
1782772914.422,0.0,0.0,0.0,0.3,11:12,0.0,00:01,0.0,7.1,0.3
1782772919.435,0.0,0.0,0.0,0.3,11:12,0.0,00:01,0.0,7.1,0.3
1782772924.45,0.0,0.0,0.0,0.3,11:12,0.0,00:01,0.0,7.1,0.3
1782772929.456,0.0,0.0,0.0,0.3,11:12,0.0,00:01,0.0,7.1,0.3
1782772934.467,0.0,0.0,0.0,0.3,11:12,0.0,00:01,0.0,7.1,0.3
1782772939.481,0.0,0.0,0.0,0.3,11:12,0.0,00:01,0.0,7.1,0.3
1782772944.493,0.0,0.0,0.0,0.3,11:12,0.0,00:01,0.0,7.1,0.3
1782772949.506,0.0,0.0,0.0,0.3,11:12,0.0,00:01,0.0,7.1,0.3
1782772954.512,0.0,0.0,0.0,0.3,11:12,0.0,00:01,0.0,7.1,0.3
1782772959.525,0.0,0.0,0.0,0.3,11:12,0.0,00:01,0.0,7.1,0.3
1782772964.54,0.0,0.0,0.0,0.3,11:12,0.0,00:01,0.0,7.1,0.3
1782772969.553,0.0,0.0,0.0,0.3,11:12,0.0,00:01,0.0,7.1,0.3
1782772974.567,0.0,0.0,0.0,0.3,11:12,0.0,00:01,0.0,7.1,0.3
1782772979.574,0.0,0.0,0.0,0.3,11:12,0.0,00:01,0.0,7.1,0.3
1782772984.588,0.0,0.0,0.0,0.3,11:12,0.0,00:01,0.0,7.1,0.3
1782772989.596,0.0,0.0,0.0,0.3,11:12,0.0,00:01,0.0,7.1,0.3
1782772994.612,0.0,0.0,0.0,0.3,11:12,0.0,00:01,0.0,7.1,0.3
1782772999.625,0.0,0.0,0.0,0.3,11:12,0.0,00:01,0.0,7.1,0.3
1782773004.631,0.0,0.0,0.0,0.3,11:12,0.0,00:01,0.0,7.1,0.3
1782773009.646,0.0,0.0,0.0,0.3,11:12,0.0,00:01,0.0,7.1,0.3
1782773014.656,0.0,0.0,0.0,0.3,11:12,0.0,00:01,0.0,7.1,0.3
1782773019.673,0.0,0.0,0.0,0.3,11:12,0.0,00:01,0.0,7.1,0.3
1782773024.677,0.0,0.0,0.0,0.3,11:12,0.0,00:01,0.0,7.1,0.3
1782773029.691,0.0,0.0,0.0,0.3,11:12,0.0,00:01,0.0,7.1,0.3
1782773034.701,0.0,0.0,0.0,0.3,11:12,0.0,00:01,0.0,7.1,0.3
1782773039.71,0.0,0.0,0.0,0.3,11:12,0.0,00:01,0.0,7.1,0.3
1782773044.725,0.0,0.0,0.0,0.3,11:12,0.0,00:01,0.0,7.1,0.3
1782773049.732,0.0,0.0,0.0,0.3,11:12,0.0,00:01,0.0,7.1,0.3
1782773054.744,0.0,0.0,0.0,0.3,11:12,0.0,00:01,0.0,7.1,0.3
1782773059.754,0.0,0.0,0.0,0.3,11:12,0.0,00:01,0.0,7.1,0.3
1782773064.767,0.0,0.0,0.0,0.3,11:12,0.0,00:01,0.0,7.1,0.3
1782773069.778,0.0,0.0,0.0,0.3,11:12,0.0,00:01,0.0,7.1,0.3
1782773074.787,0.0,0.0,0.0,0.3,11:12,0.0,00:01,0.0,7.1,0.3
1782773079.801,0.0,0.0,0.0,0.3,11:12,0.0,00:01,0.0,7.1,0.3
1782773084.811,0.0,0.0,0.0,0.3,11:12,0.0,00:01,0.0,7.1,0.3
1782773089.823,0.0,0.0,0.0,0.3,11:12,0.0,00:01,0.0,7.1,0.3
1782773094.831,0.0,0.0,0.0,0.3,11:12,0.0,00:01,0.0,7.1,0.3
1782773099.84,0.0,0.0,0.0,0.3,11:12,0.0,00:01,0.0,7.1,0.3
1782773104.854,0.0,0.0,0.0,0.3,11:12,0.0,00:01,0.0,7.1,0.3
1782773109.868,0.0,0.0,0.0,0.3,11:12,0.0,00:01,0.0,7.1,0.3
1782773114.881,0.0,0.0,0.0,0.3,11:12,0.0,00:01,0.0,7.1,0.3
1782773119.887,0.0,0.0,0.0,0.3,11:12,0.0,00:01,0.0,7.1,0.3
1782773124.902,0.0,0.0,0.0,0.3,11:12,0.0,00:01,0.0,7.1,0.3
1782773129.914,0.0,0.0,0.0,0.3,11:12,0.0,00:01,0.0,7.1,0.3
1782773134.93,0.0,0.0,0.0,0.3,11:12,0.0,00:01,0.0,7.1,0.3
1782773139.94,0.0,0.0,0.0,0.3,11:12,0.0,00:01,0.0,7.1,0.3
1782773144.947,0.0,0.0,0.0,0.3,11:12,0.0,00:01,0.0,7.1,0.3
1782773149.958,0.0,0.0,0.0,0.3,11:12,0.0,00:01,0.0,7.1,0.3
1782773154.969,0.0,0.0,0.0,0.3,11:12,0.0,00:01,0.0,7.1,0.3
1782773159.98,0.0,0.0,0.0,0.3,11:12,0.0,00:01,0.0,7.1,0.3
1782773164.994,0.0,0.0,0.0,0.3,11:12,0.0,00:01,0.0,7.1,0.3
1782773170.0,0.0,0.0,0.0,0.3,11:12,0.0,00:01,0.0,7.1,0.3
1782773175.01,0.0,0.0,0.0,0.3,11:12,0.0,00:01,0.0,7.1,0.3
1782773180.024,0.0,0.0,0.0,0.3,11:12,0.0,00:01,0.0,7.1,0.3
1782773185.037,0.0,0.0,0.0,0.3,11:12,0.0,00:01,0.0,7.1,0.3
1782773190.044,0.0,0.0,0.0,0.3,11:12,0.0,00:01,0.0,7.1,0.3
1782773195.056,0.0,0.0,0.0,0.3,11:12,0.0,00:01,0.0,7.1,0.3
1782773200.068,0.0,0.0,0.0,0.3,11:12,0.0,00:01,0.0,7.1,0.3
1782773205.085,0.0,0.0,0.0,0.3,11:12,0.0,00:01,0.0,7.1,0.3
1782773210.097,0.0,0.0,0.0,0.3,11:12,0.0,00:01,0.0,7.1,0.3
1782773215.102,0.0,0.0,0.0,0.3,11:12,0.0,00:01,0.0,7.1,0.3
1782773220.117,0.0,0.0,0.0,0.3,11:12,0.0,00:01,0.0,7.1,0.3
1782773225.129,0.0,0.0,0.0,0.3,11:12,0.0,00:01,0.0,7.1,0.3
1782773230.14,0.0,0.0,0.0,0.3,11:12,0.0,00:01,0.0,7.1,0.3
1782773235.152,0.0,0.0,0.0,0.3,11:12,0.0,00:01,0.0,7.1,0.3
1782773240.158,0.0,0.0,0.0,0.3,11:12,0.0,00:01,0.0,7.1,0.3
1782773245.171,0.0,0.0,0.0,0.3,11:12,0.0,00:01,0.0,7.1,0.3
1782773250.189,0.0,0.0,0.0,0.3,11:12,0.0,00:01,0.0,7.1,0.3
1782773255.198,0.0,0.0,0.0,0.3,11:12,0.0,00:01,0.0,7.1,0.3
1782773260.209,0.0,0.0,0.0,0.3,11:12,0.0,00:01,0.0,7.1,0.3
1782773265.212,0.0,0.0,0.0,0.3,11:12,0.0,00:01,0.0,7.1,0.3
1782773270.22,0.0,0.0,0.0,0.3,11:12,0.0,00:01,0.0,7.1,0.3
1782773275.236,0.0,0.0,0.0,0.3,11:12,0.0,00:01,0.0,7.1,0.3
1782773280.249,0.0,0.0,0.0,0.3,11:12,0.0,00:01,0.0,7.1,0.3
1782773285.256,0.0,0.0,0.0,0.3,11:12,0.0,00:01,0.0,7.1,0.3
1782773290.27,0.0,0.0,0.0,0.3,11:12,0.0,00:01,0.0,7.1,0.3
1782773295.284,0.0,0.0,0.0,0.3,11:12,0.0,00:01,0.0,7.1,0.3
1782773300.293,0.0,0.0,0.0,0.3,11:12,0.0,00:01,0.0,7.1,0.3
1782773305.306,0.0,0.0,0.0,0.3,11:12,0.0,00:01,0.0,7.1,0.3
1782773310.312,0.0,0.0,0.0,0.3,11:12,0.0,00:01,0.0,7.1,0.3
1782773315.32,0.0,0.0,0.0,0.3,11:12,0.0,00:01,0.0,7.1,0.3
1782773320.336,0.0,0.0,0.0,0.3,11:12,0.0,00:01,0.0,7.1,0.3
1782773325.344,0.0,0.0,0.0,0.3,11:12,0.0,00:01,0.0,7.1,0.3
1782773330.354,0.0,0.0,0.0,0.3,11:12,0.0,00:01,0.0,7.1,0.3
1782773335.36,0.0,0.0,0.0,0.3,11:12,0.0,00:01,0.0,7.1,0.3
1782773340.374,0.0,0.0,0.0,0.3,11:12,0.0,00:01,0.0,7.1,0.3
1782773345.385,0.0,0.0,0.0,0.3,11:12,0.0,00:01,0.0,7.1,0.3
1782773350.397,0.0,0.0,0.0,0.3,11:12,0.0,00:01,0.0,7.1,0.3
1782773355.405,0.0,0.0,0.0,0.3,11:12,0.0,00:01,0.0,7.1,0.3
1782773360.408,0.0,0.0,0.0,0.3,11:12,0.0,00:01,0.0,7.1,0.3
1782773365.419,0.0,0.0,0.0,0.3,11:12,0.0,00:01,0.0,7.1,0.3
1782773370.431,0.0,0.0,0.0,0.3,11:12,0.0,00:01,0.0,7.1,0.3
1782773375.443,0.0,0.0,0.0,0.3,11:12,0.0,00:01,0.0,7.1,0.3
1782773380.452,0.0,0.0,0.0,0.3,11:12,0.0,00:01,0.0,7.1,0.3
1782773385.463,0.0,0.0,0.0,0.3,11:12,0.0,00:01,0.0,7.1,0.3
1782773390.472,0.0,0.0,0.0,0.3,11:12,0.0,00:01,0.0,7.1,0.3
1782773395.48,0.0,0.0,0.0,0.3,11:12,0.0,00:01,0.0,7.1,0.3
1782773400.489,0.0,0.0,0.0,0.3,11:12,0.0,00:01,0.0,7.1,0.3
1782773405.492,0.0,0.0,0.0,0.3,11:12,0.0,00:01,0.0,7.1,0.3
1782773410.502,0.0,0.0,0.0,0.3,11:12,0.0,00:01,0.0,7.1,0.3
1782773415.51,0.0,0.0,0.0,0.3,11:12,0.0,00:01,0.0,7.1,0.3
1782773420.519,0.0,0.0,0.0,0.3,11:12,0.0,00:01,0.0,7.1,0.3
1782773425.528,0.0,0.0,0.0,0.3,11:12,0.0,00:01,0.0,7.1,0.3
1782773430.534,0.0,0.0,0.0,0.3,11:12,0.0,00:01,0.0,7.1,0.3
1782773435.542,0.0,0.0,0.0,0.3,11:12,0.0,00:01,0.0,7.1,0.3
1782773440.551,0.0,0.0,0.0,0.3,11:12,0.0,00:01,0.0,7.1,0.3
1782773445.559,0.0,0.0,0.0,0.3,11:12,0.0,00:01,0.0,7.1,0.3
1782773450.564,0.0,0.0,0.0,0.3,11:12,0.0,00:01,0.0,7.1,0.3
1782773455.573,0.0,0.0,0.0,0.3,11:12,0.0,00:01,0.0,7.1,0.3
1782773460.583,0.0,0.0,0.0,0.3,11:12,0.0,00:01,0.0,7.1,0.3
1782773465.591,0.0,0.0,0.0,0.3,11:12,0.0,00:01,0.0,7.1,0.3
1782773470.599,0.0,0.0,0.0,0.3,11:12,0.0,00:01,0.0,7.1,0.3
1782773475.606,0.0,0.0,0.0,0.3,11:12,0.0,00:01,0.0,7.1,0.3
1782773480.616,0.0,0.0,0.0,0.3,11:12,0.0,00:01,0.0,7.1,0.3
1782773485.627,0.0,0.0,0.0,0.3,11:12,0.0,00:01,0.0,7.1,0.3
1782773490.637,0.0,0.0,0.0,0.3,11:12,0.0,00:01,0.0,7.1,0.3
1782773495.647,0.0,0.0,0.0,0.3,11:12,0.0,00:01,0.0,7.1,0.3
1782773500.652,0.0,0.0,0.0,0.3,11:12,0.0,00:01,0.0,7.1,0.3
1782773505.661,0.0,0.0,0.0,0.3,11:12,0.0,00:01,0.0,7.1,0.3
1782773510.668,0.0,0.0,0.0,0.3,11:12,0.0,00:01,0.0,7.1,0.3
1782773515.677,0.0,0.0,0.0,0.3,11:12,0.0,00:01,0.0,7.1,0.3
1782773520.684,0.0,0.0,0.0,0.3,11:12,0.0,00:01,0.0,7.1,0.3
1782773525.693,0.0,0.0,0.0,0.3,11:12,0.0,00:01,0.0,7.1,0.3
1782773530.702,0.0,0.0,0.0,0.3,11:12,0.0,00:01,0.0,7.1,0.3
1782773535.711,0.0,0.0,0.0,0.3,11:12,0.0,00:01,0.0,7.1,0.3
1782773540.719,0.0,0.0,0.0,0.3,11:12,0.0,00:01,0.0,7.1,0.3
1782773545.726,0.0,0.0,0.0,0.3,11:12,0.0,00:01,0.0,7.1,0.3
1782773550.732,0.0,0.0,0.0,0.3,11:12,0.0,00:01,0.0,7.1,0.3
1782773555.739,0.0,0.0,0.0,0.3,11:12,0.0,00:01,0.0,7.1,0.3
1782773560.75,0.0,0.0,0.0,0.3,11:12,0.0,00:01,0.0,7.1,0.3
1782773565.76,0.0,0.0,0.0,0.3,11:12,0.0,00:01,0.0,7.1,0.3
1782773570.766,0.0,0.0,0.0,0.3,11:12,0.0,00:01,0.0,7.1,0.3
1782773575.776,0.0,0.0,0.0,0.3,11:12,0.0,00:01,0.0,7.1,0.3
1782773580.783,0.0,0.0,0.0,0.3,11:12,0.0,00:01,0.0,7.1,0.3
1782773585.791,0.0,0.0,0.0,0.3,11:12,0.0,00:01,0.0,7.1,0.3
1782773590.798,0.0,0.0,0.0,0.3,11:12,0.0,00:01,0.0,7.1,0.3
1782773595.81,0.0,0.0,0.0,0.3,11:12,0.0,00:01,0.0,7.1,0.3
1782773600.825,0.0,0.0,0.0,0.3,11:12,0.0,00:01,0.0,7.1,0.3
1782773605.839,0.0,0.0,0.0,0.3,11:12,0.0,00:01,0.0,7.1,0.3
1782773610.851,0.0,0.0,0.0,0.3,11:12,0.0,00:01,0.0,7.1,0.3
1782773615.858,0.0,0.0,0.0,0.3,11:12,0.0,00:01,0.0,7.1,0.3
1782773620.87,0.0,0.0,0.0,0.3,11:12,0.0,00:01,0.0,7.1,0.3
1782773625.882,0.0,0.0,0.0,0.3,11:12,0.0,00:01,0.0,7.1,0.3
1782773630.896,0.0,0.0,0.0,0.3,11:12,0.0,00:01,0.0,7.1,0.3
1782773635.909,0.0,0.0,0.0,0.3,11:12,0.0,00:01,0.0,7.1,0.3
1782773640.916,0.0,0.0,0.0,0.3,11:12,0.0,00:01,0.0,7.1,0.3
1782773645.934,0.0,0.0,0.0,0.3,11:12,0.0,00:01,0.0,7.1,0.3
1782773650.946,0.0,0.0,0.0,0.3,11:12,0.0,00:01,0.0,7.1,0.3
1782773655.958,0.0,0.0,0.0,0.3,11:12,0.0,00:01,0.0,7.1,0.3
1782773660.97,0.0,0.0,0.0,0.3,11:12,0.0,00:01,0.0,7.1,0.3
1782773665.977,0.0,0.0,0.0,0.3,11:12,0.0,00:01,0.0,7.1,0.3
1782773670.991,0.0,0.0,0.0,0.3,11:12,0.0,00:01,0.0,7.1,0.3
1782773676.001,0.0,0.0,0.0,0.3,11:12,0.0,00:01,0.0,7.1,0.3
1782773681.013,0.0,0.0,0.0,0.3,11:12,0.0,00:01,0.0,7.1,0.3
1782773686.019,0.0,0.0,0.0,0.3,11:12,0.0,00:01,0.0,7.1,0.3
1782773691.033,0.0,0.0,0.0,0.3,11:12,0.0,00:01,0.0,7.1,0.3
1782773696.045,0.0,0.0,0.0,0.3,11:12,0.0,00:01,0.0,7.1,0.3
1782773701.057,0.0,0.0,0.0,0.3,11:12,0.0,00:01,0.0,7.1,0.3
1782773706.071,0.0,0.0,0.0,0.3,11:12,0.0,00:01,0.0,7.1,0.3
1782773711.076,0.0,0.0,0.0,0.3,11:12,0.0,00:01,0.0,7.1,0.3
1782773716.083,0.0,0.0,0.0,0.3,11:12,0.0,00:01,0.0,7.1,0.3
1782773721.096,0.0,0.0,0.0,0.3,11:12,0.0,00:01,0.0,7.1,0.3
1782773726.109,0.0,0.0,0.0,0.3,11:12,0.0,00:01,0.0,7.1,0.3
1782773731.122,0.0,0.0,0.0,0.3,11:12,0.0,00:01,0.0,7.1,0.3
1782773736.131,0.0,0.0,0.0,0.3,11:12,0.0,00:01,0.0,7.1,0.3
1782773741.145,0.0,0.0,0.0,0.3,11:12,0.0,00:01,0.0,7.1,0.3
1782773746.156,0.0,0.0,0.0,0.3,11:12,0.0,00:01,0.0,7.1,0.3
1782773751.167,0.0,0.0,0.0,0.3,11:12,0.0,00:01,0.0,7.1,0.3
1782773756.18,0.0,0.0,0.0,0.3,11:12,0.0,00:01,0.0,7.1,0.3
1782773761.189,0.0,0.0,0.0,0.3,11:12,0.0,00:01,0.0,7.1,0.3
1782773766.199,0.0,0.0,0.0,0.3,11:12,0.0,00:01,0.0,7.1,0.3
1782773771.211,0.0,0.0,0.0,0.3,11:12,0.0,00:01,0.0,7.1,0.3
1782773776.224,0.0,0.0,0.0,0.3,11:12,0.0,00:01,0.0,7.1,0.3
1782773781.233,0.0,0.0,0.0,0.3,11:12,0.0,00:01,0.0,7.1,0.3
1782773786.246,0.0,0.0,0.0,0.3,11:12,0.0,00:01,0.0,7.1,0.3
1782773791.259,0.0,0.0,0.0,0.3,11:12,0.0,00:01,0.0,7.1,0.3
1782773796.271,0.0,0.0,0.0,0.3,11:12,0.0,00:01,0.0,7.1,0.3
1782773801.281,0.0,0.0,0.0,0.3,11:12,0.0,00:01,0.0,7.1,0.3
1782773806.289,0.0,0.0,0.0,0.3,11:12,0.0,00:01,0.0,7.1,0.3
1782773811.301,0.0,0.0,0.0,0.3,11:12,0.0,00:01,0.0,7.1,0.3
1782773816.314,0.0,0.0,0.0,0.3,11:12,0.0,00:01,0.0,7.1,0.3
1782773821.328,0.0,0.0,0.0,0.3,11:12,0.0,00:01,0.0,7.1,0.3
1782773826.341,0.0,0.0,0.0,0.3,11:12,0.0,00:01,0.0,7.1,0.3
1782773831.345,0.0,0.0,0.0,0.3,11:12,0.0,00:01,0.0,7.1,0.3
1782773836.362,0.0,0.0,0.0,0.3,11:12,0.0,00:01,0.0,7.1,0.3
1782773841.372,0.0,0.0,0.0,0.3,11:12,0.0,00:01,0.0,7.1,0.3
1782773846.386,0.0,0.0,0.0,0.3,11:12,0.0,00:01,0.0,7.1,0.3
1782773851.396,0.0,0.0,0.0,0.3,11:12,0.0,00:01,0.0,7.1,0.3
1782773856.402,0.0,0.0,0.0,0.3,11:12,0.0,00:01,0.0,7.1,0.3
1782773861.419,0.0,0.0,0.0,0.3,11:12,0.0,00:01,0.0,7.1,0.3
1782773866.431,0.0,0.0,0.0,0.3,11:12,0.0,00:01,0.0,7.1,0.3
1782773871.444,0.0,0.0,0.0,0.3,11:12,0.0,00:01,0.0,7.1,0.3
1782773876.447,0.0,0.0,0.0,0.3,11:12,0.0,00:01,0.0,7.1,0.3
1782773881.458,0.0,0.0,0.0,0.3,11:12,0.0,00:01,0.0,7.1,0.3
1782773886.472,0.0,0.0,0.0,0.3,11:12,0.0,00:01,0.0,7.1,0.3
1782773891.482,0.0,0.0,0.0,0.3,11:12,0.0,00:01,0.0,7.1,0.3
1782773896.491,0.0,0.0,0.0,0.3,11:12,0.0,00:01,0.0,7.1,0.3
1782773901.496,0.0,0.0,0.0,0.3,11:12,0.0,00:01,0.0,7.1,0.3
1782773906.513,0.0,0.0,0.0,0.3,11:12,0.0,00:01,0.0,7.1,0.3
1782773911.525,0.0,0.0,0.0,0.3,11:12,0.0,00:01,0.0,7.1,0.3
1782773916.536,0.0,0.0,0.0,0.3,11:12,0.0,00:01,0.0,7.1,0.3
1782773921.548,0.0,0.0,0.0,0.3,11:12,0.0,00:01,0.0,7.1,0.3
1782773926.555,0.0,0.0,0.0,0.3,11:12,0.0,00:01,0.0,7.1,0.3
1782773931.567,0.0,0.0,0.0,0.3,11:12,0.0,00:01,0.0,7.1,0.3
1782773936.581,0.0,0.0,0.0,0.3,11:12,0.0,00:01,0.0,7.1,0.3
1782773941.593,0.0,0.0,0.0,0.3,11:12,0.0,00:01,0.0,7.1,0.3
1782773946.595,0.0,0.0,0.0,0.3,11:12,0.0,00:01,0.0,7.1,0.3
1782773951.611,0.0,0.0,0.0,0.3,11:12,0.0,00:01,0.0,7.1,0.3
1782773956.624,0.0,0.0,0.0,0.3,11:12,0.0,00:01,0.0,7.1,0.3
1782773961.637,0.0,0.0,0.0,0.3,11:12,0.0,00:01,0.0,7.1,0.3
1782773966.648,0.0,0.0,0.0,0.3,11:12,0.0,00:01,0.0,7.1,0.3
1782773971.65,0.0,0.0,0.0,0.3,11:12,0.0,00:01,0.0,7.1,0.3
1782773976.667,0.0,0.0,0.0,0.3,11:12,0.0,00:01,0.0,7.1,0.3
1782773981.677,0.0,0.0,0.0,0.3,11:12,0.0,00:01,0.0,7.1,0.3
1782773986.685,0.0,0.0,0.0,0.3,11:12,0.0,00:01,0.0,7.1,0.3
1782773991.692,0.0,0.0,0.0,0.3,11:12,0.0,00:01,0.0,7.1,0.3
1782773996.695,0.0,0.0,0.0,0.3,11:12,0.0,00:01,0.0,7.1,0.3
1782774001.706,0.0,0.0,0.0,0.3,11:12,0.0,00:01,0.0,7.1,0.3
1782774006.716,0.0,0.0,0.0,0.3,11:12,0.0,00:01,0.0,7.1,0.3
1782774011.724,0.0,0.0,0.0,0.3,11:12,0.0,00:01,0.0,7.1,0.3
1782774016.728,0.0,0.0,0.0,0.3,11:12,0.0,00:01,0.0,7.1,0.3
1782774021.738,0.0,0.0,0.0,0.3,11:12,0.0,00:01,0.0,7.1,0.3
1782774026.748,0.0,0.0,0.0,0.3,11:12,0.0,00:01,0.0,7.1,0.3
1782774031.755,0.0,0.0,0.0,0.3,11:12,0.0,00:01,0.0,7.1,0.3
1782774036.764,0.0,0.0,0.0,0.3,11:12,0.0,00:01,0.0,7.1,0.3
1782774041.768,0.0,0.0,0.0,0.3,11:12,0.0,00:01,0.0,7.1,0.3
1782774046.781,0.0,0.0,0.0,0.3,11:12,0.0,00:01,0.0,7.1,0.3
1782774051.792,0.0,0.0,0.0,0.3,11:12,0.0,00:01,0.0,7.1,0.3
1782774056.805,0.0,0.0,0.0,0.3,11:12,0.0,00:01,0.0,7.1,0.3
1782774061.814,0.0,0.0,0.0,0.3,11:12,0.0,00:01,0.0,7.1,0.3
1782774066.82,0.0,0.0,0.0,0.3,11:12,0.0,00:01,0.0,7.1,0.3
1782774071.831,0.0,0.0,0.0,0.3,11:12,0.0,00:01,0.0,7.1,0.3
1782774076.839,0.0,0.0,0.0,0.3,11:12,0.0,00:01,0.0,7.1,0.3
1782774081.845,0.0,0.0,0.0,0.3,11:12,0.0,00:01,0.0,7.1,0.3
1782774086.86,0.0,0.0,0.0,0.3,11:12,0.0,00:01,0.0,7.1,0.3
1782774091.871,0.0,0.0,0.0,0.3,11:12,0.0,00:01,0.0,7.1,0.3
1782774096.884,0.0,0.0,0.0,0.3,11:12,0.0,00:01,0.0,7.1,0.3
1782774101.896,0.0,0.0,0.0,0.3,11:12,0.0,00:01,0.0,7.1,0.3
1782774106.908,0.0,0.0,0.0,0.3,11:12,0.0,00:01,0.0,7.1,0.3
1782774111.914,0.0,0.0,0.0,0.3,11:12,0.0,00:01,0.0,7.1,0.3
1782774116.931,0.0,0.0,0.0,0.3,11:12,0.0,00:01,0.0,7.1,0.3
1782774121.942,0.0,0.0,0.0,0.3,11:12,0.0,00:01,0.0,7.1,0.3
1782774126.954,0.0,0.0,0.0,0.3,11:12,0.0,00:01,0.0,7.1,0.3
1782774131.968,0.0,0.0,0.0,0.3,11:12,0.0,00:01,0.0,7.1,0.3
1782774136.977,0.0,0.0,0.0,0.3,11:12,0.0,00:01,0.0,7.1,0.3
1782774141.992,0.0,0.0,0.0,0.3,11:12,0.0,00:01,0.0,7.1,0.3
1782774147.006,0.0,0.0,0.0,0.3,11:12,0.0,00:01,0.0,7.1,0.3
1782774152.017,0.0,0.0,0.0,0.3,11:12,0.0,00:01,0.0,7.1,0.3
1782774157.03,0.0,0.0,0.0,0.3,11:12,0.0,00:01,0.0,7.1,0.3
1782774162.04,0.0,0.0,0.0,0.3,11:12,0.0,00:01,0.0,7.1,0.3
1782774167.047,0.0,0.0,0.0,0.3,11:12,0.0,00:01,0.0,7.1,0.3
1782774172.059,0.0,0.0,0.0,0.3,11:12,0.0,00:01,0.0,7.1,0.3
1782774177.074,0.0,0.0,0.0,0.3,11:12,0.0,00:01,0.0,7.1,0.3
1782774182.086,0.0,0.0,0.0,0.3,11:12,0.0,00:01,0.0,7.1,0.3
1782774187.096,0.0,0.0,0.0,0.3,11:12,0.0,00:01,0.0,7.1,0.3
1782774192.108,0.0,0.0,0.0,0.3,11:12,0.0,00:01,0.0,7.1,0.3
1782774197.118,0.0,0.0,0.0,0.3,11:12,0.0,00:01,0.0,7.1,0.3
1782774202.131,0.0,0.0,0.0,0.3,11:12,0.0,00:01,0.0,7.1,0.3
1782774207.142,0.0,0.0,0.0,0.3,11:12,0.0,00:01,0.0,7.1,0.3
1782774212.153,0.0,0.0,0.0,0.3,11:12,0.0,00:01,0.0,7.1,0.3
1782774217.165,0.0,0.0,0.0,0.3,11:12,0.0,00:01,0.0,7.1,0.3
1782774222.175,0.0,0.0,0.0,0.3,11:12,0.0,00:01,0.0,7.1,0.3
1782774227.187,0.0,0.0,0.0,0.3,11:12,0.0,00:01,0.0,7.1,0.3
1782774232.197,0.0,0.0,0.0,0.3,11:12,0.0,00:01,0.0,7.1,0.3
1782774237.208,0.0,0.0,0.0,0.3,11:12,0.0,00:01,0.0,7.1,0.3
1782774242.216,0.0,0.0,0.0,0.3,11:12,0.0,00:01,0.0,7.1,0.3
1782774247.226,0.0,0.0,0.0,0.3,11:12,0.0,00:01,0.0,7.1,0.3
1782774252.235,0.0,0.0,0.0,0.3,11:12,0.0,00:01,0.0,7.1,0.3
1782774257.244,0.0,0.0,0.0,0.3,11:12,0.0,00:01,0.0,7.1,0.3
1782774262.257,0.0,0.0,0.0,0.3,11:12,0.0,00:01,0.0,7.1,0.3
1782774267.27,0.0,0.0,0.0,0.3,11:12,0.0,00:01,0.0,7.1,0.3
1782774272.279,0.0,0.0,0.0,0.3,11:12,0.0,00:01,0.0,7.1,0.3
1782774277.293,0.0,0.0,0.0,0.3,11:12,0.0,00:01,0.0,7.1,0.3
1782774282.3,0.0,0.0,0.0,0.3,11:12,0.0,00:01,0.0,7.1,0.3
1782774287.31,0.0,0.0,0.0,0.3,11:12,0.0,00:01,0.0,7.1,0.3
1782774292.32,0.0,0.0,0.0,0.3,11:12,0.0,00:01,0.0,7.1,0.3
1782774297.333,0.0,0.0,0.0,0.3,11:12,0.0,00:01,0.0,7.1,0.3
1782774302.338,0.0,0.0,0.0,0.3,11:12,0.0,00:01,0.0,7.1,0.3
1782774307.348,0.0,0.0,0.0,0.3,11:12,0.0,00:01,0.0,7.1,0.3
1782774312.362,0.0,0.0,0.0,0.3,11:12,0.0,00:01,0.0,7.1,0.3
1782774317.375,0.0,0.0,0.0,0.3,11:12,0.0,00:01,0.0,7.1,0.3
1782774322.388,0.0,0.0,0.0,0.3,11:12,0.0,00:01,0.0,7.1,0.3
1782774327.397,0.0,0.0,0.0,0.3,11:12,0.0,00:01,0.0,7.1,0.3
1782774332.412,0.0,0.0,0.0,0.3,11:12,0.0,00:01,0.0,7.1,0.3
1782774337.422,0.0,0.0,0.0,0.3,11:12,0.0,00:01,0.0,7.1,0.3
1782774342.434,0.0,0.0,0.0,0.3,11:12,0.0,00:01,0.0,7.1,0.3
1782774347.447,0.0,0.0,0.0,0.3,11:12,0.0,00:01,0.0,7.1,0.3
1782774352.454,0.0,0.0,0.0,0.3,11:12,0.0,00:01,0.0,7.1,0.3
1782774357.467,0.0,0.0,0.0,0.3,11:12,0.0,00:01,0.0,7.1,0.3
1782774362.479,0.0,0.0,0.0,0.3,11:12,0.0,00:01,0.0,7.1,0.3
1782774367.492,0.0,0.0,0.0,0.3,11:12,0.0,00:01,0.0,7.1,0.3
1782774372.504,0.0,0.0,0.0,0.3,11:12,0.0,00:01,0.0,7.1,0.3
1782774377.508,0.0,0.0,0.0,0.3,11:12,0.0,00:01,0.0,7.1,0.3
1782774382.517,0.0,0.0,0.0,0.3,11:12,0.0,00:01,0.0,7.1,0.3
1782774387.532,0.0,0.0,0.0,0.3,11:12,0.0,00:01,0.0,7.1,0.3
1782774392.544,0.0,0.0,0.0,0.3,11:12,0.0,00:01,0.0,7.1,0.3
1782774397.554,0.0,0.0,0.0,0.3,11:12,0.0,00:01,0.0,7.1,0.3
1782774402.567,0.0,0.0,0.0,0.3,11:12,0.0,00:01,0.0,7.1,0.3
1782774407.574,0.0,0.0,0.0,0.3,11:12,0.0,00:01,0.0,7.1,0.3
1782774412.584,0.0,0.0,0.0,0.3,11:12,0.0,00:01,0.0,7.1,0.3
1782774417.6,0.0,0.0,0.0,0.3,11:12,0.0,00:01,0.0,7.1,0.3
1782774422.605,0.0,0.0,0.0,0.3,11:12,0.0,00:01,0.0,7.1,0.3
1782774427.615,0.0,0.0,0.0,0.3,11:12,0.0,00:01,0.0,7.1,0.3
1782774432.626,0.0,0.0,0.0,0.3,11:12,0.0,00:01,0.0,7.1,0.3
1782774437.638,0.0,0.0,0.0,0.3,11:12,0.0,00:01,0.0,7.1,0.3
1782774442.654,0.0,0.0,0.0,0.3,11:12,0.0,00:01,0.0,7.1,0.3
1782774447.663,0.0,0.0,0.0,0.3,11:12,0.0,00:01,0.0,7.1,0.3
1782774452.674,0.0,0.0,0.0,0.3,11:12,0.0,00:01,0.0,7.1,0.3
1782774457.686,0.0,0.0,0.0,0.3,11:12,0.0,00:01,0.0,7.1,0.3
1782774462.7,0.0,0.0,0.0,0.3,11:12,0.0,00:01,0.0,7.1,0.3
1782774467.708,0.0,0.0,0.0,0.3,11:12,0.0,00:01,0.0,7.1,0.3
1782774472.718,0.0,0.0,0.0,0.3,11:12,0.0,00:01,0.0,7.1,0.3
1782774477.729,0.0,0.0,0.0,0.3,11:12,0.0,00:01,0.0,7.1,0.3
1782774482.736,0.0,0.0,0.0,0.3,11:12,0.0,00:01,0.0,7.1,0.3
1782774487.747,0.0,0.0,0.0,0.3,11:12,0.0,00:01,0.0,7.1,0.3
1782774492.75,0.0,0.0,0.0,0.3,11:12,0.0,00:01,0.0,7.1,0.3
1782774497.759,0.0,0.0,0.0,0.3,11:12,0.0,00:01,0.0,7.1,0.3
1782774502.77,0.0,0.0,0.0,0.3,11:12,0.0,00:01,0.0,7.1,0.3
1782774507.778,0.0,0.0,0.0,0.3,11:12,0.0,00:01,0.0,7.1,0.3
1782774512.789,0.0,0.0,0.0,0.3,11:12,0.0,00:01,0.0,7.1,0.3
1782774517.792,0.0,0.0,0.0,0.3,11:12,0.0,00:01,0.0,7.1,0.3
1782774522.802,0.0,0.0,0.0,0.3,11:12,0.0,00:01,0.0,7.1,0.3
1782774527.809,0.0,0.0,0.0,0.3,11:12,0.0,00:01,0.0,7.1,0.3
1782774532.821,0.0,0.0,0.0,0.3,11:12,0.0,00:01,0.0,7.1,0.3
1782774537.827,0.0,0.0,0.0,0.3,11:12,0.0,00:01,0.0,7.1,0.3
1782774542.836,0.0,0.0,0.0,0.3,11:12,0.0,00:01,0.0,7.1,0.3
1782774547.844,0.0,0.0,0.0,0.3,11:12,0.0,00:01,0.0,7.1,0.3
1782774552.853,0.0,0.0,0.0,0.3,11:12,0.0,00:01,0.0,7.1,0.3
1782774557.863,0.0,0.0,0.0,0.3,11:12,0.0,00:01,0.0,7.1,0.3
1782774562.866,0.0,0.0,0.0,0.3,11:12,0.0,00:01,0.0,7.1,0.3
1782774567.876,0.0,0.0,0.0,0.3,11:12,0.0,00:01,0.0,7.1,0.3
1782774572.885,0.0,0.0,0.0,0.3,11:12,0.0,00:01,0.0,7.1,0.3
1782774577.893,0.0,0.0,0.0,0.3,11:12,0.0,00:01,0.0,7.1,0.3
1782774582.904,0.0,0.0,0.0,0.3,11:12,0.0,00:01,0.0,7.1,0.3
1782774587.912,0.0,0.0,0.0,0.3,11:12,0.0,00:01,0.0,7.1,0.3
1782774592.918,0.0,0.0,0.0,0.3,11:12,0.0,00:01,0.0,7.1,0.3
1782774597.931,0.0,0.0,0.0,0.3,11:12,0.0,00:01,0.0,7.1,0.3
1782774602.946,0.0,0.0,0.0,0.3,11:12,0.0,00:01,0.0,7.1,0.3
1782774607.952,0.0,0.0,0.0,0.3,11:12,0.0,00:01,0.0,7.1,0.3
1782774612.964,0.0,0.0,0.0,0.3,11:12,0.0,00:01,0.0,7.1,0.3
1782774617.975,0.0,0.0,0.0,0.3,11:12,0.0,00:01,0.0,7.1,0.3
1782774622.987,0.0,0.0,0.0,0.3,11:12,0.0,00:01,0.0,7.1,0.3
1782774628.0,0.0,0.0,0.0,0.3,11:12,0.0,00:01,0.0,7.1,0.3
1782774633.008,0.0,0.0,0.0,0.3,11:12,0.0,00:01,0.0,7.1,0.3
1782774638.021,0.0,0.0,0.0,0.3,11:12,0.0,00:01,0.0,7.1,0.3
1782774643.028,0.0,0.0,0.0,0.3,11:12,0.0,00:01,0.0,7.1,0.3
1782774648.038,0.0,0.0,0.0,0.3,11:12,0.0,00:01,0.0,7.1,0.3
1782774653.048,0.0,0.0,0.0,0.3,11:12,0.0,00:01,0.0,7.1,0.3
1782774658.053,0.0,0.0,0.0,0.3,11:12,0.0,00:01,0.0,7.1,0.3
1782774663.062,0.0,0.0,0.0,0.3,11:12,0.0,00:01,0.0,7.1,0.3
1782774668.072,0.0,0.0,0.0,0.3,11:12,0.0,00:01,0.0,7.1,0.3
1782774673.085,0.0,0.0,0.0,0.3,11:12,0.0,00:01,0.0,7.1,0.3
1782774678.089,0.0,0.0,0.0,0.3,11:12,0.0,00:01,0.0,7.1,0.3
1782774683.1,0.0,0.0,0.0,0.3,11:12,0.0,00:01,0.0,7.1,0.3
1782774688.113,0.0,0.0,0.0,0.3,11:12,0.0,00:01,0.0,7.1,0.3
1782774693.121,0.0,0.0,0.0,0.3,11:12,0.0,00:01,0.0,7.1,0.3
1782774698.131,0.0,0.0,0.0,0.3,11:12,0.0,00:01,0.0,7.1,0.3
1782774703.136,0.0,0.0,0.0,0.3,11:12,0.0,00:01,0.0,7.1,0.3
1782774708.148,0.0,0.0,0.0,0.3,11:12,0.0,00:01,0.0,7.1,0.3
1782774713.161,0.0,0.0,0.0,0.3,11:12,0.0,00:01,0.0,7.1,0.3
1782774718.174,0.0,0.0,0.0,0.3,11:12,0.0,00:01,0.0,7.1,0.3
1782774723.188,0.0,0.0,0.0,0.3,11:12,0.0,00:01,0.0,7.1,0.3
1782774728.195,0.0,0.0,0.0,0.3,11:12,0.0,00:01,0.0,7.1,0.3
1782774733.207,0.0,0.0,0.0,0.3,11:12,0.0,00:01,0.0,7.1,0.3
1782774738.217,0.0,0.0,0.0,0.3,11:12,0.0,00:01,0.0,7.1,0.3
1782774743.229,0.0,0.0,0.0,0.3,11:12,0.0,00:01,0.0,7.1,0.3
1782774748.241,0.0,0.0,0.0,0.3,11:12,0.0,00:01,0.0,7.1,0.3
1782774753.249,0.0,0.0,0.0,0.3,11:12,0.0,00:01,0.0,7.1,0.3
1782774758.263,0.0,0.0,0.0,0.3,11:12,0.0,00:01,0.0,7.1,0.3
1782774763.271,0.0,0.0,0.0,0.3,11:12,0.0,00:01,0.0,7.1,0.3
1782774768.285,0.0,0.0,0.0,0.3,11:12,0.0,00:01,0.0,7.1,0.3
1782774773.291,0.0,0.0,0.0,0.3,11:12,0.0,00:01,0.0,7.1,0.3
1782774778.305,0.0,0.0,0.0,0.3,11:12,0.0,00:01,0.0,7.1,0.3
1782774783.318,0.0,0.0,0.0,0.3,11:12,0.0,00:01,0.0,7.1,0.3
1782774788.328,0.0,0.0,0.0,0.3,11:12,0.0,00:01,0.0,7.1,0.3
1782774793.343,0.0,0.0,0.0,0.3,11:12,0.0,00:01,0.0,7.1,0.3
1782774798.347,0.0,0.0,0.0,0.3,11:12,0.0,00:01,0.0,7.1,0.3
1782774803.361,0.0,0.0,0.0,0.3,11:12,0.0,00:01,0.0,7.1,0.3
1782774808.372,0.0,0.0,0.0,0.3,11:12,0.0,00:01,0.0,7.1,0.3
1782774813.384,0.0,0.0,0.0,0.3,11:12,0.0,00:01,0.0,7.1,0.3
1782774818.399,0.0,0.0,0.0,0.3,11:12,0.0,00:01,0.0,7.1,0.3
1782774823.403,0.0,0.0,0.0,0.3,11:12,0.0,00:01,0.0,7.1,0.3
1782774828.41,0.0,0.0,0.0,0.3,11:12,0.0,00:01,0.0,7.1,0.3
1782774833.426,0.0,0.0,0.0,0.3,11:12,0.0,00:01,0.0,7.1,0.3
1782774838.441,0.0,0.0,0.0,0.3,11:12,0.0,00:01,0.0,7.1,0.3
1782774843.453,0.0,0.0,0.0,0.3,11:12,0.0,00:01,0.0,7.1,0.3
1782774848.459,0.0,0.0,0.0,0.3,11:12,0.0,00:01,0.0,7.1,0.3
1782774853.474,0.0,0.0,0.0,0.3,11:12,0.0,00:01,0.0,7.1,0.3
1782774858.487,0.0,0.0,0.0,0.3,11:12,0.0,00:01,0.0,7.1,0.3
1782774863.498,0.0,0.0,0.0,0.3,11:12,0.0,00:01,0.0,7.1,0.3
1782774868.505,0.0,0.0,0.0,0.3,11:12,0.0,00:01,0.0,7.1,0.3
1782774873.519,0.0,0.0,0.0,0.3,11:12,0.0,00:01,0.0,7.1,0.3
1782774878.526,0.0,0.0,0.0,0.3,11:12,0.0,00:01,0.0,7.1,0.3
1782774883.54,0.0,0.0,0.0,0.3,11:12,0.0,00:01,0.0,7.1,0.3
1782774888.553,0.0,0.0,0.0,0.3,11:12,0.0,00:01,0.0,7.1,0.3
1782774893.559,0.0,0.0,0.0,0.3,11:12,0.0,00:01,0.0,7.1,0.3
1782774898.572,0.0,0.0,0.0,0.3,11:12,0.0,00:01,0.0,7.1,0.3
1782774903.582,0.0,0.0,0.0,0.3,11:12,0.0,00:01,0.0,7.1,0.3
1782774908.597,0.0,0.0,0.0,0.3,11:12,0.0,00:01,0.0,7.1,0.3
1782774913.605,0.0,0.0,0.0,0.3,11:12,0.0,00:01,0.0,7.1,0.3
1782774918.611,0.0,0.0,0.0,0.3,11:12,0.0,00:01,0.0,7.1,0.3
1782774923.622,0.0,0.0,0.0,0.3,11:12,0.0,00:01,0.0,7.1,0.3
1782774928.638,0.0,0.0,0.0,0.3,11:12,0.0,00:01,0.0,7.1,0.3
1782774933.649,0.0,0.0,0.0,0.3,11:12,0.0,00:01,0.0,7.1,0.3
1782774938.661,0.0,0.0,0.0,0.3,11:12,0.0,00:01,0.0,7.1,0.3
1782774943.67,0.0,0.0,0.0,0.3,11:12,0.0,00:01,0.0,7.1,0.3
1782774948.68,0.0,0.0,0.0,0.3,11:12,0.0,00:01,0.0,7.1,0.3
1782774953.692,0.0,0.0,0.0,0.3,11:12,0.0,00:01,0.0,7.1,0.3
1782774958.704,0.0,0.0,0.0,0.3,11:12,0.0,00:01,0.0,7.1,0.3
1782774963.711,0.0,0.0,0.0,0.3,11:12,0.0,00:01,0.0,7.1,0.3
1782774968.725,0.0,0.0,0.0,0.3,11:12,0.0,00:01,0.0,7.1,0.3
1782774973.738,0.0,0.0,0.0,0.3,11:12,0.0,00:01,0.0,7.1,0.3
1782774978.752,0.0,0.0,0.0,0.3,11:12,0.0,00:01,0.0,7.1,0.3
1782774983.765,0.0,0.0,0.0,0.3,11:12,0.0,00:01,0.0,7.1,0.3
1782774988.772,0.0,0.0,0.0,0.3,11:12,0.0,00:01,0.0,7.1,0.3
1782774993.784,0.0,0.0,0.0,0.3,11:12,0.0,00:01,0.0,7.1,0.3
1782774998.792,0.0,0.0,0.0,0.3,11:12,0.0,00:01,0.0,7.1,0.3
1782775003.807,0.0,0.0,0.0,0.3,11:12,0.0,00:01,0.0,7.1,0.3
1782775008.817,0.0,0.0,0.0,0.3,11:12,0.0,00:01,0.0,7.1,0.3
1782775013.827,0.0,0.0,0.0,0.3,11:12,0.0,00:01,0.0,7.1,0.3
1782775018.84,0.0,0.0,0.0,0.3,11:12,0.0,00:01,0.0,7.1,0.3
1782775023.851,0.0,0.0,0.0,0.3,11:12,0.0,00:01,0.0,7.1,0.3
1782775028.865,0.0,0.0,0.0,0.3,11:12,0.0,00:01,0.0,7.1,0.3
1782775033.872,0.0,0.0,0.0,0.3,11:12,0.0,00:01,0.0,7.1,0.3
1782775038.884,0.0,0.0,0.0,0.3,11:12,0.0,00:01,0.0,7.1,0.3
1782775043.895,0.0,0.0,0.0,0.3,11:12,0.0,00:01,0.0,7.1,0.3
1782775048.909,0.0,0.0,0.0,0.3,11:12,0.0,00:01,0.0,7.1,0.3
1782775053.917,0.0,0.0,0.0,0.3,11:12,0.0,00:01,0.0,7.1,0.3
1782775058.925,0.0,0.0,0.0,0.3,11:12,0.0,00:01,0.0,7.1,0.3
1782775063.935,0.0,0.0,0.0,0.3,11:12,0.0,00:01,0.0,7.1,0.3
1782775068.946,0.0,0.0,0.0,0.3,11:12,0.0,00:01,0.0,7.1,0.3
1782775073.96,0.0,0.0,0.0,0.3,11:12,0.0,00:01,0.0,7.1,0.3
1782775078.969,0.0,0.0,0.0,0.3,11:12,0.0,00:01,0.0,7.1,0.3
1782775083.976,0.0,0.0,0.0,0.3,11:12,0.0,00:01,0.0,7.1,0.3
1782775088.99,0.0,0.0,0.0,0.3,11:12,0.0,00:01,0.0,7.1,0.3
1782775094.004,0.0,0.0,0.0,0.3,11:12,0.0,00:01,0.0,7.1,0.3
1782775099.015,0.0,0.0,0.0,0.3,11:12,0.0,00:01,0.0,7.1,0.3
1782775104.026,0.0,0.0,0.0,0.3,11:12,0.0,00:01,0.0,7.1,0.3
1782775109.032,0.0,0.0,0.0,0.3,11:12,0.0,00:01,0.0,7.1,0.3
1782775114.042,0.0,0.0,0.0,0.3,11:12,0.0,00:01,0.0,7.1,0.3
1782775119.058,0.0,0.0,0.0,0.3,11:12,0.0,00:01,0.0,7.1,0.3
1782775124.07,0.0,0.0,0.0,0.3,11:12,0.0,00:01,0.0,7.1,0.3
1782775129.076,0.0,0.0,0.0,0.3,11:12,0.0,00:01,0.0,7.1,0.3
1782775134.088,0.0,0.0,0.0,0.3,11:12,0.0,00:01,0.0,7.1,0.3
1782775139.098,0.0,0.0,0.0,0.3,11:12,0.0,00:01,0.0,7.1,0.3
1782775144.11,0.0,0.0,0.0,0.3,11:12,0.0,00:01,0.0,7.1,0.3
1782775149.119,0.0,0.0,0.0,0.3,11:12,0.0,00:01,0.0,7.1,0.3
1782775154.124,0.0,0.0,0.0,0.3,11:12,0.0,00:01,0.0,7.1,0.3
1782775159.135,0.0,0.0,0.0,0.3,11:12,0.0,00:01,0.0,7.1,0.3
1782775164.148,0.0,0.0,0.0,0.3,11:12,0.0,00:01,0.0,7.1,0.3
1782775169.155,0.0,0.0,0.0,0.3,11:12,0.0,00:01,0.0,7.1,0.3
1782775174.166,0.0,0.0,0.0,0.3,11:12,0.0,00:01,0.0,7.1,0.3
1782775179.172,0.0,0.0,0.0,0.3,11:12,0.0,00:01,0.0,7.1,0.3
1782775184.184,0.0,0.0,0.0,0.3,11:12,0.0,00:01,0.0,7.1,0.3
1782775189.201,0.0,0.0,0.0,0.3,11:12,0.0,00:01,0.0,7.1,0.3
1782775194.213,0.0,0.0,0.0,0.3,11:12,0.0,00:01,0.0,7.1,0.3
1782775199.216,0.0,0.0,0.0,0.3,11:12,0.0,00:01,0.0,7.1,0.3
1782775204.224,0.0,0.0,0.0,0.3,11:12,0.0,00:01,0.0,7.1,0.3
1782775209.239,0.0,0.0,0.0,0.3,11:12,0.0,00:01,0.0,7.1,0.3
1782775214.249,0.0,0.0,0.0,0.3,11:12,0.0,00:01,0.0,7.1,0.3
1782775219.261,0.0,0.0,0.0,0.3,11:12,0.0,00:01,0.0,7.1,0.3
1782775224.264,0.0,0.0,0.0,0.3,11:12,0.0,00:01,0.0,7.1,0.3
1782775229.277,0.0,0.0,0.0,0.3,11:12,0.0,00:01,0.0,7.1,0.3
1782775234.293,0.0,0.0,0.0,0.3,11:12,0.0,00:01,0.0,7.1,0.3
1782775239.304,0.0,0.0,0.0,0.3,11:12,0.0,00:01,0.0,7.1,0.3
1782775244.317,0.0,0.0,0.0,0.3,11:12,0.0,00:01,0.0,7.1,0.3
1782775249.324,0.0,0.0,0.0,0.3,11:12,0.0,00:01,0.0,7.1,0.3
1782775254.334,0.0,0.0,0.0,0.3,11:12,0.0,00:01,0.0,7.1,0.3
1782775259.347,0.0,0.0,0.0,0.3,11:12,0.0,00:01,0.0,7.1,0.3
1782775264.358,0.0,0.0,0.0,0.3,11:12,0.0,00:01,0.0,7.1,0.3
1782775269.369,0.0,0.0,0.0,0.3,11:12,0.0,00:01,0.0,7.1,0.3
1782775274.376,0.0,0.0,0.0,0.3,11:12,0.0,00:01,0.0,7.1,0.3
1782775279.389,0.0,0.0,0.0,0.3,11:12,0.0,00:01,0.0,7.1,0.3
1782775284.402,0.0,0.0,0.0,0.3,11:12,0.0,00:01,0.0,7.1,0.3
1782775289.412,0.0,0.0,0.0,0.3,11:12,0.0,00:01,0.0,7.1,0.3
1782775294.419,0.0,0.0,0.0,0.3,11:12,0.0,00:01,0.0,7.1,0.3
1782775299.431,0.0,0.0,0.0,0.3,11:12,0.0,00:01,0.0,7.1,0.3
1782775304.444,0.0,0.0,0.0,0.3,11:12,0.0,00:01,0.0,7.1,0.3
1782775309.45,0.0,0.0,0.0,0.3,11:12,0.0,00:01,0.0,7.1,0.3
1782775314.465,0.0,0.0,0.0,0.3,11:12,0.0,00:01,0.0,7.1,0.3
1782775319.468,0.0,0.0,0.0,0.3,11:12,0.0,00:01,0.0,7.1,0.3
1782775324.477,0.0,0.0,0.0,0.3,11:12,0.0,00:01,0.0,7.1,0.3
1782775329.488,0.0,0.0,0.0,0.3,11:12,0.0,00:01,0.0,7.1,0.3
1782775334.5,0.0,0.0,0.0,0.3,11:12,0.0,00:01,0.0,7.1,0.3
1782775339.512,0.0,0.0,0.0,0.3,11:12,0.0,00:01,0.0,7.1,0.3
1782775344.519,0.0,0.0,0.0,0.3,11:12,0.0,00:01,0.0,7.1,0.3
1782775349.532,0.0,0.0,0.0,0.3,11:12,0.0,00:01,0.0,7.1,0.3
1782775354.542,0.0,0.0,0.0,0.3,11:12,0.0,00:01,0.0,7.1,0.3
1782775359.551,0.0,0.0,0.0,0.3,11:12,0.0,00:01,0.0,7.1,0.3
1782775364.558,0.0,0.0,0.0,0.3,11:12,0.0,00:01,0.0,7.1,0.3
1782775369.57,0.0,0.0,0.0,0.3,11:12,0.0,00:01,0.0,7.1,0.3
1782775374.586,0.0,0.0,0.0,0.3,11:12,0.0,00:01,0.0,7.1,0.3
1782775379.596,0.0,0.0,0.0,0.3,11:12,0.0,00:01,0.0,7.1,0.3
1782775384.604,0.0,0.0,0.0,0.3,11:12,0.0,00:01,0.0,7.1,0.3
1782775389.608,0.0,0.0,0.0,0.3,11:12,0.0,00:01,0.0,7.1,0.3
1782775394.616,0.0,0.0,0.0,0.3,11:12,0.0,00:01,0.0,7.1,0.3
1782775399.627,0.0,0.0,0.0,0.3,11:12,0.0,00:01,0.0,7.1,0.3
1782775404.637,0.0,0.0,0.0,0.3,11:12,0.0,00:01,0.0,7.1,0.3
1782775409.65,0.0,0.0,0.0,0.3,11:12,0.0,00:01,0.0,7.1,0.3
1782775414.66,0.0,0.0,0.0,0.3,11:12,0.0,00:01,0.0,7.1,0.3
1782775419.671,0.0,0.0,0.0,0.3,11:12,0.0,00:01,0.0,7.1,0.3
1782775424.679,0.0,0.0,0.0,0.3,11:12,0.0,00:01,0.0,7.1,0.3
1782775429.689,0.0,0.0,0.0,0.3,11:12,0.0,00:01,0.0,7.1,0.3
1782775434.696,0.0,0.0,0.0,0.3,11:12,0.0,00:01,0.0,7.1,0.3
1782775439.702,0.0,0.0,0.0,0.3,11:12,0.0,00:01,0.0,7.1,0.3
1782775444.711,0.0,0.0,0.0,0.3,11:12,0.0,00:01,0.0,7.1,0.3
1782775449.719,0.0,0.0,0.0,0.3,11:12,0.0,00:01,0.0,7.1,0.3
1782775454.725,0.0,0.0,0.0,0.3,11:12,0.0,00:01,0.0,7.1,0.3
1782775459.732,0.0,0.0,0.0,0.3,11:12,0.0,00:01,0.0,7.1,0.3
1782775464.742,0.0,0.0,0.0,0.3,11:12,0.0,00:01,0.0,7.1,0.3
1782775469.751,0.0,0.0,0.0,0.3,11:12,0.0,00:01,0.0,7.1,0.3
1782775474.761,0.0,0.0,0.0,0.3,11:12,0.0,00:01,0.0,7.1,0.3
1782775479.77,0.0,0.0,0.0,0.3,11:12,0.0,00:01,0.0,7.1,0.3
1782775484.778,0.0,0.0,0.0,0.3,11:12,0.0,00:01,0.0,7.1,0.3
1782775489.788,0.0,0.0,0.0,0.3,11:12,0.0,00:01,0.0,7.1,0.3
1782775494.793,0.0,0.0,0.0,0.3,11:12,0.0,00:01,0.0,7.1,0.3
1782775499.803,0.0,0.0,0.0,0.3,11:12,0.0,00:01,0.0,7.1,0.3
1782775504.813,0.0,0.0,0.0,0.3,11:12,0.0,00:01,0.0,7.1,0.3
1782775509.816,0.0,0.0,0.0,0.3,11:12,0.0,00:01,0.0,7.1,0.3
1782775514.828,0.0,0.0,0.0,0.3,11:12,0.0,00:01,0.0,7.1,0.3
1782775519.838,0.0,0.0,0.0,0.3,11:12,0.0,00:01,0.0,7.1,0.3
1782775524.847,0.0,0.0,0.0,0.3,11:12,0.0,00:01,0.0,7.1,0.3
1782775529.854,0.0,0.0,0.0,0.3,11:12,0.0,00:01,0.0,7.1,0.3
1782775534.863,0.0,0.0,0.0,0.3,11:12,0.0,00:01,0.0,7.1,0.3
1782775539.874,0.0,0.0,0.0,0.3,11:12,0.0,00:01,0.0,7.1,0.3
1782775544.885,0.0,0.0,0.0,0.3,11:12,0.0,00:01,0.0,7.1,0.3
1782775549.895,0.0,0.0,0.0,0.3,11:12,0.0,00:01,0.0,7.1,0.3
1782775554.903,0.0,0.0,0.0,0.3,11:12,0.0,00:01,0.0,7.1,0.3
1782775559.913,0.0,0.0,0.0,0.3,11:12,0.0,00:01,0.0,7.1,0.3
1782775564.919,0.0,0.0,0.0,0.3,11:12,0.0,00:01,0.0,7.1,0.3
1782775569.928,0.0,0.0,0.0,0.3,11:12,0.0,00:01,0.0,7.1,0.3
1782775574.94,0.0,0.0,0.0,0.3,11:12,0.0,00:01,0.0,7.1,0.3
1782775579.947,0.0,0.0,0.0,0.3,11:12,0.0,00:01,0.0,7.1,0.3
1782775584.964,0.0,0.0,0.0,0.3,11:12,0.0,00:01,0.0,7.1,0.3
1782775589.974,0.0,0.0,0.0,0.3,11:12,0.0,00:01,0.0,7.1,0.3
1782775594.982,0.0,0.0,0.0,0.3,11:12,0.0,00:01,0.0,7.1,0.3
1782775599.988,0.0,0.0,0.0,0.3,11:12,0.0,00:01,0.0,7.1,0.3
1782775605.001,0.0,0.0,0.0,0.3,11:12,0.0,00:01,0.0,7.1,0.3
1782775610.013,0.0,0.0,0.0,0.3,11:12,0.0,00:01,0.0,7.1,0.3
1782775615.027,0.0,0.0,0.0,0.3,11:12,0.0,00:01,0.0,7.1,0.3
1782775620.037,0.0,0.0,0.0,0.3,11:12,0.0,00:01,0.0,7.1,0.3
1782775625.04,0.0,0.0,0.0,0.3,11:12,0.0,00:01,0.0,7.1,0.3
1782775630.055,0.0,0.0,0.0,0.3,11:12,0.0,00:01,0.0,7.1,0.3
1782775635.069,0.0,0.0,0.0,0.3,11:12,0.0,00:01,0.0,7.1,0.3
1782775640.081,0.0,0.0,0.0,0.3,11:12,0.0,00:01,0.0,7.1,0.3
1782775645.095,0.0,0.0,0.0,0.3,11:12,0.0,00:01,0.0,7.1,0.3
1782775650.099,0.0,0.0,0.0,0.3,11:12,0.0,00:01,0.0,7.1,0.3
1782775655.115,0.0,0.0,0.0,0.3,11:12,0.0,00:01,0.0,7.1,0.3
1782775660.124,0.0,0.0,0.0,0.3,11:12,0.0,00:01,0.0,7.1,0.3
1782775665.13,0.0,0.0,0.0,0.3,11:12,0.0,00:01,0.0,7.1,0.3
1782775670.142,0.0,0.0,0.0,0.3,11:12,0.0,00:01,0.0,7.1,0.3
1782775675.15,0.0,0.0,0.0,0.3,11:12,0.0,00:01,0.0,7.1,0.3
1782775680.164,0.0,0.0,0.0,0.3,11:12,0.0,00:01,0.0,7.1,0.3
1782775685.175,0.0,0.0,0.0,0.3,11:12,0.0,00:01,0.0,7.1,0.3
1782775690.185,0.0,0.0,0.0,0.3,11:12,0.0,00:01,0.0,7.1,0.3
1782775695.188,0.0,0.0,0.0,0.3,11:12,0.0,00:01,0.0,7.1,0.3
1782775700.204,0.0,0.0,0.0,0.3,11:12,0.0,00:01,0.0,7.1,0.3
1782775705.213,0.0,0.0,0.0,0.3,11:12,0.0,00:01,0.0,7.1,0.3
1782775710.225,0.0,0.0,0.0,0.3,11:12,0.0,00:01,0.0,7.1,0.3
1782775715.235,0.0,0.0,0.0,0.3,11:12,0.0,00:01,0.0,7.1,0.3
1782775720.245,0.0,0.0,0.0,0.3,11:12,0.0,00:01,0.0,7.1,0.3
1782775725.256,0.0,0.0,0.0,0.3,11:12,0.0,00:01,0.0,7.1,0.3
1782775730.268,0.0,0.0,0.0,0.3,11:12,0.0,00:01,0.0,7.1,0.3
1782775735.28,0.0,0.0,0.0,0.3,11:12,0.0,00:01,0.0,7.1,0.3
1782775740.288,0.0,0.0,0.0,0.3,11:12,0.0,00:01,0.0,7.1,0.3
1782775745.296,0.0,0.0,0.0,0.3,11:12,0.0,00:01,0.0,7.1,0.3
1782775750.311,0.0,0.0,0.0,0.3,11:12,0.0,00:01,0.0,7.1,0.3
1782775755.324,0.0,0.0,0.0,0.3,11:12,0.0,00:01,0.0,7.1,0.3
1782775760.335,0.0,0.0,0.0,0.3,11:12,0.0,00:01,0.0,7.1,0.3
1782775765.347,0.0,0.0,0.0,0.3,11:12,0.0,00:01,0.0,7.1,0.3
1782775770.357,0.0,0.0,0.0,0.3,11:12,0.0,00:01,0.0,7.1,0.3
1782775775.365,0.0,0.0,0.0,0.3,11:12,0.0,00:01,0.0,7.1,0.3
1782775780.377,0.0,0.0,0.0,0.3,11:12,0.0,00:01,0.0,7.1,0.3
1782775785.39,0.0,0.0,0.0,0.3,11:12,0.0,00:01,0.0,7.1,0.3
1782775790.396,0.0,0.0,0.0,0.3,11:12,0.0,00:01,0.0,7.1,0.3
1782775795.41,0.0,0.0,0.0,0.3,11:12,0.0,00:01,0.0,7.1,0.3
1782775800.42,0.0,0.0,0.0,0.3,11:12,0.0,00:01,0.0,7.1,0.3
1782775805.429,0.0,0.0,0.0,0.3,11:12,0.0,00:01,0.0,7.1,0.3
1782775810.438,0.0,0.0,0.0,0.3,11:12,0.0,00:01,0.0,7.1,0.3
1782775815.445,0.0,0.0,0.0,0.3,11:12,0.0,00:01,0.0,7.1,0.3
1782775820.454,0.0,0.0,0.0,0.3,11:12,0.0,00:01,0.0,7.1,0.3
1782775825.464,0.0,0.0,0.0,0.3,11:12,0.0,00:01,0.0,7.1,0.3
1782775830.474,0.0,0.0,0.0,0.3,11:12,0.0,00:01,0.0,7.1,0.3
1782775835.48,0.0,0.0,0.0,0.3,11:12,0.0,00:01,0.0,7.1,0.3
1782775840.487,0.0,0.0,0.0,0.3,11:12,0.0,00:01,0.0,7.1,0.3
1782775845.494,0.0,0.0,0.0,0.3,11:12,0.0,00:01,0.0,7.1,0.3
1782775850.502,0.0,0.0,0.0,0.3,11:12,0.0,00:01,0.0,7.1,0.3
1782775855.513,0.0,0.0,0.0,0.3,11:12,0.0,00:01,0.0,7.1,0.3
1782775860.519,0.0,0.0,0.0,0.3,11:12,0.0,00:01,0.0,7.1,0.3
1782775865.53,0.0,0.0,0.0,0.3,11:12,0.0,00:01,0.0,7.1,0.3
1782775870.542,0.0,0.0,0.0,0.3,11:12,0.0,00:01,0.0,7.1,0.3
1782775875.548,0.0,0.0,0.0,0.3,11:12,0.0,00:01,0.0,7.1,0.3
1782775880.556,0.0,0.0,0.0,0.3,11:12,0.0,00:01,0.0,7.1,0.3
1782775885.563,0.0,0.0,0.0,0.3,11:12,0.0,00:01,0.0,7.1,0.3
1782775890.574,0.0,0.0,0.0,0.3,11:12,0.0,00:01,0.0,7.1,0.3
1782775895.582,0.0,0.0,0.0,0.3,11:12,0.0,00:01,0.0,7.1,0.3
1782775900.593,0.0,0.0,0.0,0.3,11:12,0.0,00:01,0.0,7.1,0.3
1782775905.602,0.0,0.0,0.0,0.3,11:12,0.0,00:01,0.0,7.1,0.3
1782775910.61,0.0,0.0,0.0,0.3,11:12,0.0,00:01,0.0,7.1,0.3
1782775915.619,0.0,0.0,0.0,0.3,11:12,0.0,00:01,0.0,7.1,0.3
1782775920.626,0.0,0.0,0.0,0.3,11:12,0.0,00:01,0.0,7.1,0.3
1782775925.637,0.0,0.0,0.0,0.3,11:12,0.0,00:01,0.0,7.1,0.3
1782775930.646,0.0,0.0,0.0,0.3,11:12,0.0,00:01,0.0,7.1,0.3
1782775935.652,0.0,0.0,0.0,0.3,11:12,0.0,00:01,0.0,7.1,0.3
1782775940.662,0.0,0.0,0.0,0.3,11:12,0.0,00:01,0.0,7.1,0.3
1782775945.672,0.0,0.0,0.0,0.3,11:12,0.0,00:01,0.0,7.1,0.3
1782775950.68,0.0,0.0,0.0,0.3,11:12,0.0,00:01,0.0,7.1,0.3
1782775955.684,0.0,0.0,0.0,0.3,11:12,0.0,00:01,0.0,7.1,0.3
1782775960.696,0.0,0.0,0.0,0.3,11:12,0.0,00:01,0.0,7.1,0.3
1782775965.707,0.0,0.0,0.0,0.3,11:12,0.0,00:01,0.0,7.1,0.3
1782775970.72,0.0,0.0,0.0,0.3,11:12,0.0,00:01,0.0,7.1,0.3
1782775975.734,0.0,0.0,0.0,0.3,11:12,0.0,00:01,0.0,7.1,0.3
1782775980.742,0.0,0.0,0.0,0.3,11:12,0.0,00:01,0.0,7.1,0.3
1782775985.757,0.0,0.0,0.0,0.3,11:12,0.0,00:01,0.0,7.1,0.3
1782775990.768,0.0,0.0,0.0,0.3,11:12,0.0,00:01,0.0,7.1,0.3
1782775995.78,0.0,0.0,0.0,0.3,11:12,0.0,00:01,0.0,7.1,0.3
1782776000.789,0.0,0.0,0.0,0.3,11:12,0.0,00:01,0.0,7.1,0.3
1782776005.8,0.0,0.0,0.0,0.3,11:12,0.0,00:01,0.0,7.1,0.3
1782776010.812,0.0,0.0,0.0,0.3,11:12,0.0,00:01,0.0,7.1,0.3
1782776015.821,0.0,0.0,0.0,0.3,11:12,0.0,00:01,0.0,7.1,0.3
1782776020.829,0.0,0.0,0.0,0.3,11:12,0.0,00:01,0.0,7.1,0.3
1782776025.832,0.0,0.0,0.0,0.3,11:12,0.0,00:01,0.0,7.1,0.3
1782776030.847,0.0,0.0,0.0,0.3,11:12,0.0,00:01,0.0,7.1,0.3
1782776035.86,0.0,0.0,0.0,0.3,11:12,0.0,00:01,0.0,7.1,0.3
1782776040.873,0.0,0.0,0.0,0.3,11:12,0.0,00:01,0.0,7.1,0.3
1782776045.885,0.0,0.0,0.0,0.3,11:12,0.0,00:01,0.0,7.1,0.3
1782776050.895,0.0,0.0,0.0,0.3,11:12,0.0,00:01,0.0,7.1,0.3
1782776055.904,0.0,0.0,0.0,0.3,11:12,0.0,00:01,0.0,7.1,0.3
1782776060.915,0.0,0.0,0.0,0.3,11:12,0.0,00:01,0.0,7.1,0.3
1782776065.923,0.0,0.0,0.0,0.3,11:12,0.0,00:01,0.0,7.1,0.3
1782776070.937,0.0,0.0,0.0,0.3,11:12,0.0,00:01,0.0,7.1,0.3
1782776075.948,0.0,0.0,0.0,0.3,11:12,0.0,00:01,0.0,7.1,0.3
1782776080.96,0.0,0.0,0.0,0.3,11:12,0.0,00:01,0.0,7.1,0.3
1782776085.973,0.0,0.0,0.0,0.3,11:12,0.0,00:01,0.0,7.1,0.3
1782776090.985,0.0,0.0,0.0,0.3,11:12,0.0,00:01,0.0,7.1,0.3
1782776095.998,0.0,0.0,0.0,0.3,11:12,0.0,00:01,0.0,7.1,0.3
1782776101.005,0.0,0.0,0.0,0.3,11:12,0.0,00:01,0.0,7.1,0.3
1782776106.016,0.0,0.0,0.0,0.3,11:12,0.0,00:01,0.0,7.1,0.3
1782776111.03,0.0,0.0,0.0,0.3,11:12,0.0,00:01,0.0,7.1,0.3
1782776116.044,0.0,0.0,0.0,0.3,11:12,0.0,00:01,0.0,7.1,0.3
1782776121.048,0.0,0.0,0.0,0.3,11:12,0.0,00:01,0.0,7.1,0.3
1782776126.064,0.0,0.0,0.0,0.3,11:12,0.0,00:01,0.0,7.1,0.3
1782776131.075,0.0,0.0,0.0,0.3,11:12,0.0,00:01,0.0,7.1,0.3
1782776136.086,0.0,0.0,0.0,0.3,11:12,0.0,00:01,0.0,7.1,0.3
1782776141.098,0.0,0.0,0.0,0.3,11:12,0.0,00:01,0.0,7.1,0.3
1782776146.107,0.0,0.0,0.0,0.3,11:12,0.0,00:01,0.0,7.1,0.3
1782776151.119,0.0,0.0,0.0,0.3,11:12,0.0,00:01,0.0,7.1,0.3
1782776156.134,0.0,0.0,0.0,0.3,11:12,0.0,00:01,0.0,7.1,0.3
1782776161.147,0.0,0.0,0.0,0.3,11:12,0.0,00:01,0.0,7.1,0.3
1782776166.158,0.0,0.0,0.0,0.3,11:12,0.0,00:01,0.0,7.1,0.3
1782776171.166,0.0,0.0,0.0,0.3,11:12,0.0,00:01,0.0,7.1,0.3
1782776176.177,0.0,0.0,0.0,0.3,11:12,0.0,00:01,0.0,7.1,0.3
1782776181.191,0.0,0.0,0.0,0.3,11:12,0.0,00:01,0.0,7.1,0.3
1782776186.205,0.0,0.0,0.0,0.3,11:12,0.0,00:01,0.0,7.1,0.3
1782776191.214,0.0,0.0,0.0,0.3,11:12,0.0,00:01,0.0,7.1,0.3
1782776196.228,0.0,0.0,0.0,0.3,11:12,0.0,00:01,0.0,7.1,0.3
1782776201.24,0.0,0.0,0.0,0.3,11:12,0.0,00:01,0.0,7.1,0.3
1782776206.252,0.0,0.0,0.0,0.3,11:12,0.0,00:01,0.0,7.1,0.3
1782776211.264,0.0,0.0,0.0,0.3,11:12,0.0,00:01,0.0,7.1,0.3
1782776216.271,0.0,0.0,0.0,0.3,11:12,0.0,00:01,0.0,7.1,0.3
1782776221.284,0.0,0.0,0.0,0.3,11:12,0.0,00:01,0.0,7.1,0.3
1782776226.298,0.0,0.0,0.0,0.3,11:12,0.0,00:01,0.0,7.1,0.3
1782776231.311,0.0,0.0,0.0,0.3,11:12,0.0,00:01,0.0,7.1,0.3
1782776236.325,0.0,0.0,0.0,0.3,11:12,0.0,00:01,0.0,7.1,0.3
1782776241.331,0.0,0.0,0.0,0.3,11:12,0.0,00:01,0.0,7.1,0.3
1782776246.34,0.0,0.0,0.0,0.3,11:12,0.0,00:01,0.0,7.1,0.3
1782776251.354,0.0,0.0,0.0,0.3,11:12,0.0,00:01,0.0,7.1,0.3
1782776256.368,0.0,0.0,0.0,0.3,11:12,0.0,00:01,0.0,7.1,0.3
1782776261.382,0.0,0.0,0.0,0.3,11:12,0.0,00:01,0.0,7.1,0.3
1782776266.386,0.0,0.0,0.0,0.3,11:12,0.0,00:01,0.0,7.1,0.3
1782776271.4,0.0,0.0,0.0,0.3,11:12,0.0,00:01,0.0,7.1,0.3
1782776276.41,0.0,0.0,0.0,0.3,11:12,0.0,00:01,0.0,7.1,0.3
1782776281.428,0.0,0.0,0.0,0.3,11:12,0.0,00:01,0.0,7.1,0.3
1782776286.435,0.0,0.0,0.0,0.3,11:12,0.0,00:01,0.0,7.1,0.3
1782776291.449,0.0,0.0,0.0,0.3,11:12,0.0,00:01,0.0,7.1,0.3
1782776296.462,0.0,0.0,0.0,0.3,11:12,0.0,00:01,0.0,7.1,0.3
1782776301.474,0.0,0.0,0.0,0.3,11:12,0.0,00:01,0.0,7.1,0.3
1782776306.489,0.0,0.0,0.0,0.3,11:12,0.0,00:01,0.0,7.1,0.3
1782776311.496,0.0,0.0,0.0,0.3,11:12,0.0,00:01,0.0,7.1,0.3
1782776316.508,0.0,0.0,0.0,0.3,11:12,0.0,00:01,0.0,7.1,0.3
1782776321.521,0.0,0.0,0.0,0.3,11:12,0.0,00:01,0.0,7.1,0.3
1782776326.535,0.0,0.0,0.0,0.3,11:12,0.0,00:01,0.0,7.1,0.3
1782776331.55,0.0,0.0,0.0,0.3,11:12,0.0,00:01,0.0,7.1,0.3
1782776336.559,0.0,0.0,0.0,0.3,11:12,0.0,00:01,0.0,7.1,0.3
1782776341.572,0.0,0.0,0.0,0.3,11:12,0.0,00:01,0.0,7.1,0.3
1782776346.582,0.0,0.0,0.0,0.3,11:12,0.0,00:01,0.0,7.1,0.3
1782776351.597,0.0,0.0,0.0,0.3,11:12,0.0,00:01,0.0,7.1,0.3
1782776356.608,0.0,0.0,0.0,0.3,11:12,0.0,00:01,0.0,7.1,0.3
1782776361.615,0.0,0.0,0.0,0.3,11:12,0.0,00:01,0.0,7.1,0.3
1782776366.626,0.0,0.0,0.0,0.3,11:12,0.0,00:01,0.0,7.1,0.3
1782776371.636,0.0,0.0,0.0,0.3,11:12,0.0,00:01,0.0,7.1,0.3
1782776376.65,0.0,0.0,0.0,0.3,11:12,0.0,00:01,0.0,7.1,0.3
1782776381.659,0.0,0.0,0.0,0.3,11:12,0.0,00:01,0.0,7.1,0.3
1782776386.67,0.0,0.0,0.0,0.3,11:12,0.0,00:01,0.0,7.1,0.3
1782776391.682,0.0,0.0,0.0,0.3,11:12,0.0,00:01,0.0,7.1,0.3
1782776396.696,0.0,0.0,0.0,0.3,11:12,0.0,00:01,0.0,7.1,0.3
1782776401.704,0.0,0.0,0.0,0.3,11:12,0.0,00:01,0.0,7.1,0.3
1782776406.711,0.0,0.0,0.0,0.3,11:12,0.0,00:01,0.0,7.1,0.3
1782776411.722,0.0,0.0,0.0,0.3,11:12,0.0,00:01,0.0,7.1,0.3
1782776416.734,0.0,0.0,0.0,0.3,11:12,0.0,00:01,0.0,7.1,0.3
1782776421.743,0.0,0.0,0.0,0.3,11:12,0.0,00:01,0.0,7.1,0.3
1782776426.758,0.0,0.0,0.0,0.3,11:12,0.0,00:01,0.0,7.1,0.3
1782776431.761,0.0,0.0,0.0,0.3,11:12,0.0,00:01,0.0,7.1,0.3
1782776436.774,0.0,0.0,0.0,0.3,11:12,0.0,00:01,0.0,7.1,0.3
1782776441.788,0.0,0.0,0.0,0.3,11:12,0.0,00:01,0.0,7.1,0.3
1782776446.8,0.0,0.0,0.0,0.3,11:12,0.0,00:01,0.0,7.1,0.3
1782776451.804,0.0,0.0,0.0,0.3,11:12,0.0,00:01,0.0,7.1,0.3
1782776456.813,0.0,0.0,0.0,0.3,11:12,0.0,00:01,0.0,7.1,0.3
1782776461.822,0.0,0.0,0.0,0.3,11:12,0.0,00:01,0.0,7.1,0.3
1782776466.834,0.0,0.0,0.0,0.3,11:12,0.0,00:01,0.0,7.1,0.3
1782776471.843,0.0,0.0,0.0,0.3,11:12,0.0,00:01,0.0,7.1,0.3
1782776476.849,0.0,0.0,0.0,0.3,11:12,0.0,00:01,0.0,7.1,0.3
1782776481.86,0.0,0.0,0.0,0.3,11:12,0.0,00:01,0.0,7.1,0.3
1782776486.87,0.0,0.0,0.0,0.3,11:12,0.0,00:01,0.0,7.1,0.3
1782776491.874,0.0,0.0,0.0,0.3,11:12,0.0,00:01,0.0,7.1,0.3
1782776496.883,0.0,0.0,0.0,0.3,11:12,0.0,00:01,0.0,7.1,0.3
1782776501.887,0.0,0.0,0.0,0.3,11:12,0.0,00:01,0.0,7.1,0.3
1782776506.896,0.0,0.0,0.0,0.3,11:12,0.0,00:01,0.0,7.1,0.3
1782776511.903,0.0,0.0,0.0,0.3,11:12,0.0,00:01,0.0,7.1,0.3
1782776516.913,0.0,0.0,0.0,0.3,11:12,0.0,00:01,0.0,7.1,0.3
1782776521.919,0.0,0.0,0.0,0.3,11:12,0.0,00:01,0.0,7.1,0.3
1782776526.924,0.0,0.0,0.0,0.3,11:12,0.0,00:01,0.0,7.1,0.3
1782776531.932,0.0,0.0,0.0,0.3,11:12,0.0,00:01,0.0,7.1,0.3
1782776536.943,0.0,0.0,0.0,0.3,11:12,0.0,00:01,0.0,7.1,0.3
1782776541.947,0.0,0.0,0.0,0.3,11:12,0.0,00:01,0.0,7.1,0.3
1782776546.952,0.0,0.0,0.0,0.3,11:12,0.0,00:01,0.0,7.1,0.3
1782776551.966,0.0,0.0,0.0,0.3,11:12,0.0,00:01,0.0,7.1,0.3
1782776556.979,0.0,0.0,0.0,0.3,11:12,0.0,00:01,0.0,7.1,0.3
1782776561.988,0.0,0.0,0.0,0.3,11:12,0.0,00:01,0.0,7.1,0.3
1782776566.997,0.0,0.0,0.0,0.3,11:12,0.0,00:01,0.0,7.1,0.3
1782776572.004,0.0,0.0,0.0,0.3,11:12,0.0,00:01,0.0,7.1,0.3
1782776577.012,0.0,0.0,0.0,0.3,11:12,0.0,00:01,0.0,7.1,0.3
1782776582.027,0.0,0.0,0.0,0.3,11:12,0.0,00:01,0.0,7.1,0.3
1782776587.037,0.0,0.0,0.0,0.3,11:12,0.0,00:01,0.0,7.1,0.3
1782776592.043,0.0,0.0,0.0,0.3,11:12,0.0,00:01,0.0,7.1,0.3
1782776597.052,0.0,0.0,0.0,0.3,11:12,0.0,00:01,0.0,7.1,0.3
1782776602.061,0.0,0.0,0.0,0.3,11:12,0.0,00:01,0.0,7.1,0.3
1782776607.072,0.0,0.0,0.0,0.3,11:12,0.0,00:01,0.0,7.1,0.3
1782776612.082,0.0,0.0,0.0,0.3,11:12,0.0,00:01,0.0,7.1,0.3
1782776617.088,0.0,0.0,0.0,0.3,11:12,0.0,00:01,0.0,7.1,0.3
1782776622.097,0.0,0.0,0.0,0.3,11:12,0.0,00:01,0.0,7.1,0.3
1782776627.105,0.0,0.0,0.0,0.3,11:12,0.0,00:01,0.0,7.1,0.3
1782776632.115,0.0,0.0,0.0,0.3,11:12,0.0,00:01,0.0,7.1,0.3
1782776637.125,0.0,0.0,0.0,0.3,11:12,0.0,00:01,0.0,7.1,0.3
1782776642.128,0.0,0.0,0.0,0.3,11:12,0.0,00:01,0.0,7.1,0.3
1782776647.143,0.0,0.0,0.0,0.3,11:12,0.0,00:01,0.0,7.1,0.3
1782776652.159,0.0,0.0,0.0,0.3,11:12,0.0,00:01,0.0,7.1,0.3
1782776657.171,0.0,0.0,0.0,0.3,11:12,0.0,00:01,0.0,7.1,0.3
1782776662.18,0.0,0.0,0.0,0.3,11:12,0.0,00:01,0.0,7.1,0.3
1782776667.19,0.0,0.0,0.0,0.3,11:12,0.0,00:01,0.0,7.1,0.3
1782776672.2,0.0,0.0,0.0,0.3,11:12,0.0,00:01,0.0,7.1,0.3
1782776677.214,0.0,0.0,0.0,0.3,11:12,0.0,00:01,0.0,7.1,0.3
1782776682.224,0.0,0.0,0.0,0.3,11:12,0.0,00:01,0.0,7.1,0.3
1782776687.228,0.0,0.0,0.0,0.3,11:12,0.0,00:01,0.0,7.1,0.3
1782776692.238,0.0,0.0,0.0,0.3,11:12,0.0,00:01,0.0,7.1,0.3
1782776697.248,0.0,0.0,0.0,0.3,11:12,0.0,00:01,0.0,7.1,0.3
1782776702.261,0.0,0.0,0.0,0.3,11:12,0.0,00:01,0.0,7.1,0.3
1782776707.269,0.0,0.0,0.0,0.3,11:12,0.0,00:01,0.0,7.1,0.3
1782776712.272,0.0,0.0,0.0,0.3,11:12,0.0,00:01,0.0,7.1,0.3
1782776717.283,0.0,0.0,0.0,0.3,11:12,0.0,00:01,0.0,7.1,0.3
1782776722.297,0.0,0.0,0.0,0.3,11:12,0.0,00:01,0.0,7.1,0.3
1782776727.305,0.0,0.0,0.0,0.3,11:12,0.0,00:01,0.0,7.1,0.3
1782776732.317,0.0,0.0,0.0,0.3,11:12,0.0,00:01,0.0,7.1,0.3
1782776737.328,0.0,0.0,0.0,0.3,11:12,0.0,00:01,0.0,7.1,0.3
1782776742.338,0.0,0.0,0.0,0.3,11:12,0.0,00:01,0.0,7.1,0.3
1782776747.35,0.0,0.0,0.0,0.3,11:12,0.0,00:01,0.0,7.1,0.3
1782776752.363,0.0,0.0,0.0,0.3,11:12,0.0,00:01,0.0,7.1,0.3
1782776757.37,0.0,0.0,0.0,0.3,11:12,0.0,00:01,0.0,7.1,0.3
1782776762.38,0.0,0.0,0.0,0.3,11:12,0.0,00:01,0.0,7.1,0.3
1782776767.391,0.0,0.0,0.0,0.3,11:12,0.0,00:01,0.0,7.1,0.3
1782776772.402,0.0,0.0,0.0,0.3,11:12,0.0,00:01,0.0,7.1,0.3
1782776777.411,0.0,0.0,0.0,0.3,11:12,0.0,00:01,0.0,7.1,0.3
1782776782.413,0.0,0.0,0.0,0.3,11:12,0.0,00:01,0.0,7.1,0.3
1782776787.422,0.0,0.0,0.0,0.3,11:12,0.0,00:01,0.0,7.1,0.3
1782776792.433,0.0,0.0,0.0,0.3,11:12,0.0,00:01,0.0,7.1,0.3
1782776797.44,0.0,0.0,0.0,0.3,11:12,0.0,00:01,0.0,7.1,0.3
1782776802.449,0.0,0.0,0.0,0.3,11:12,0.0,00:01,0.0,7.1,0.3
1782776807.453,0.0,0.0,0.0,0.3,11:12,0.0,00:01,0.0,7.1,0.3
1782776812.46,0.0,0.0,0.0,0.3,11:12,0.0,00:01,0.0,7.1,0.3
1782776817.471,0.0,0.0,0.0,0.3,11:12,0.0,00:01,0.0,7.1,0.3
1782776822.481,0.0,0.0,0.0,0.3,11:12,0.0,00:01,0.0,7.1,0.3
1782776827.485,0.0,0.0,0.0,0.3,11:12,0.0,00:01,0.0,7.1,0.3
1782776832.495,0.0,0.0,0.0,0.3,11:12,0.0,00:01,0.0,7.1,0.3
1782776837.507,0.0,0.0,0.0,0.3,11:12,0.0,00:01,0.0,7.1,0.3
1782776842.522,0.0,0.0,0.0,0.3,11:12,0.0,00:01,0.0,7.1,0.3
1782776847.534,0.0,0.0,0.0,0.3,11:12,0.0,00:01,0.0,7.1,0.3
1782776852.542,0.0,0.0,0.0,0.3,11:12,0.0,00:01,0.0,7.1,0.3
1782776857.553,0.0,0.0,0.0,0.3,11:12,0.0,00:01,0.0,7.1,0.3
1782776862.569,0.0,0.0,0.0,0.3,11:12,0.0,00:01,0.0,7.1,0.3
1782776867.582,0.0,0.0,0.0,0.3,11:12,0.0,00:01,0.0,7.1,0.3
1782776872.595,0.0,0.0,0.0,0.3,11:12,0.0,00:01,0.0,7.1,0.3
1782776877.601,0.0,0.0,0.0,0.3,11:12,0.0,00:01,0.0,7.1,0.3
1782776882.613,0.0,0.0,0.0,0.3,11:12,0.0,00:01,0.0,7.1,0.3
1782776887.627,0.0,0.0,0.0,0.3,11:12,0.0,00:01,0.0,7.1,0.3
1782776892.641,0.0,0.0,0.0,0.3,11:12,0.0,00:01,0.0,7.1,0.3
1782776897.648,0.0,0.0,0.0,0.3,11:12,0.0,00:01,0.0,7.1,0.3
1782776902.66,0.0,0.0,0.0,0.3,11:12,0.0,00:01,0.0,7.1,0.3
1782776907.676,0.0,0.0,0.0,0.3,11:12,0.0,00:01,0.0,7.1,0.3
1782776912.686,0.0,0.0,0.0,0.3,11:12,0.0,00:01,0.0,7.1,0.3
1782776917.698,0.0,0.0,0.0,0.3,11:12,0.0,00:01,0.0,7.1,0.3
1782776922.705,0.0,0.0,0.0,0.3,11:12,0.0,00:01,0.0,7.1,0.3
1782776927.715,0.0,0.0,0.0,0.3,11:12,0.0,00:01,0.0,7.1,0.3
1782776932.728,0.0,0.0,0.0,0.3,11:12,0.0,00:01,0.0,7.1,0.3
1782776937.742,0.0,0.0,0.0,0.3,11:12,0.0,00:01,0.0,7.1,0.3
1782776942.754,0.0,0.0,0.0,0.3,11:12,0.0,00:01,0.0,7.1,0.3
1782776947.76,0.0,0.0,0.0,0.3,11:12,0.0,00:01,0.0,7.1,0.3
1782776952.776,0.0,0.0,0.0,0.3,11:12,0.0,00:01,0.0,7.1,0.3
1782776957.789,0.0,0.0,0.0,0.3,11:12,0.0,00:01,0.0,7.1,0.3
1782776962.8,0.0,0.0,0.0,0.3,11:12,0.0,00:01,0.0,7.1,0.3
1782776967.81,0.0,0.0,0.0,0.3,11:12,0.0,00:01,0.0,7.1,0.3
1782776972.816,0.0,0.0,0.0,0.3,11:12,0.0,00:01,0.0,7.1,0.3
1782776977.832,0.0,0.0,0.0,0.3,11:12,0.0,00:01,0.0,7.1,0.3
1782776982.844,0.0,0.0,0.0,0.3,11:12,0.0,00:01,0.0,7.1,0.3
1782776987.853,0.0,0.0,0.0,0.3,11:12,0.0,00:01,0.0,7.1,0.3
1782776992.863,0.0,0.0,0.0,0.3,11:12,0.0,00:01,0.0,7.1,0.3
1782776997.875,0.0,0.0,0.0,0.3,11:12,0.0,00:01,0.0,7.1,0.3
1782777002.89,0.0,0.0,0.0,0.3,11:12,0.0,00:01,0.0,7.1,0.3
1782777007.903,0.0,0.0,0.0,0.3,11:12,0.0,00:01,0.0,7.1,0.3
1782777012.915,0.0,0.0,0.0,0.3,11:12,0.0,00:01,0.0,7.1,0.3
1782777017.917,0.0,0.0,0.0,0.3,11:12,0.0,00:01,0.0,7.1,0.3
1782777022.928,0.0,0.0,0.0,0.3,11:12,0.0,00:01,0.0,7.1,0.3
1782777027.938,0.0,0.0,0.0,0.3,11:12,0.0,00:01,0.0,7.1,0.3
1782777032.948,0.0,0.0,0.0,0.3,11:12,0.0,00:01,0.0,7.1,0.3
1782777037.959,0.0,0.0,0.0,0.3,11:12,0.0,00:01,0.0,7.1,0.3
1782777042.965,0.0,0.0,0.0,0.3,11:12,0.0,00:01,0.0,7.1,0.3
1782777047.979,0.0,0.0,0.0,0.3,11:12,0.0,00:01,0.0,7.1,0.3
1782777052.992,0.0,0.0,0.0,0.3,11:12,0.0,00:01,0.0,7.1,0.3
1782777058.003,0.0,0.0,0.0,0.3,11:12,0.0,00:01,0.0,7.1,0.3
1782777063.007,0.0,0.0,0.0,0.3,11:12,0.0,00:01,0.0,7.1,0.3
1782777068.02,0.0,0.0,0.0,0.3,11:12,0.0,00:01,0.0,7.1,0.3
1782777073.035,0.0,0.0,0.0,0.3,11:12,0.0,00:01,0.0,7.1,0.3
1782777078.048,0.0,0.0,0.0,0.3,11:12,0.0,00:01,0.0,7.1,0.3
1782777083.062,0.0,0.0,0.0,0.3,11:12,0.0,00:01,0.0,7.1,0.3
1782777088.065,0.0,0.0,0.0,0.3,11:12,0.0,00:01,0.0,7.1,0.3
1782777093.077,0.0,0.0,0.0,0.3,11:12,0.0,00:01,0.0,7.1,0.3
1782777098.092,0.0,0.0,0.0,0.3,11:12,0.0,00:01,0.0,7.1,0.3
1782777103.101,0.0,0.0,0.0,0.3,11:12,0.0,00:01,0.0,7.1,0.3
1782777108.115,0.0,0.0,0.0,0.3,11:12,0.0,00:01,0.0,7.1,0.3
1782777113.119,0.0,0.0,0.0,0.3,11:12,0.0,00:01,0.0,7.1,0.3
1782777118.134,0.0,0.0,0.0,0.3,11:12,0.0,00:01,0.0,7.1,0.3
1782777123.145,0.0,0.0,0.0,0.3,11:12,0.0,00:01,0.0,7.1,0.3
1782777128.157,0.0,0.0,0.0,0.3,11:12,0.0,00:01,0.0,7.1,0.3
1782777133.166,0.0,0.0,0.0,0.3,11:12,0.0,00:01,0.0,7.1,0.3
1782777138.17,0.0,0.0,0.0,0.3,11:12,0.0,00:01,0.0,7.1,0.3
1782777143.186,0.0,0.0,0.0,0.3,11:12,0.0,00:01,0.0,7.1,0.3
1782777148.195,0.0,0.0,0.0,0.3,11:12,0.0,00:01,0.0,7.1,0.3
1782777153.209,0.0,0.0,0.0,0.3,11:12,0.0,00:01,0.0,7.1,0.3
1782777158.216,0.0,0.0,0.0,0.3,11:12,0.0,00:01,0.0,7.1,0.3
1782777163.23,0.0,0.0,0.0,0.3,11:12,0.0,00:01,0.0,7.1,0.3
1782777168.245,0.0,0.0,0.0,0.3,11:12,0.0,00:01,0.0,7.1,0.3
1782777173.255,0.0,0.0,0.0,0.3,11:12,0.0,00:01,0.0,7.1,0.3
1782777178.268,0.0,0.0,0.0,0.3,11:12,0.0,00:01,0.0,7.1,0.3
1782777183.275,0.0,0.0,0.0,0.3,11:12,0.0,00:01,0.0,7.1,0.3
1782777188.29,0.0,0.0,0.0,0.3,11:12,0.0,00:01,0.0,7.1,0.3
1782777193.303,0.0,0.0,0.0,0.3,11:12,0.0,00:01,0.0,7.1,0.3
1782777198.317,0.0,0.0,0.0,0.3,11:12,0.0,00:01,0.0,7.1,0.3
1782777203.33,0.0,0.0,0.0,0.3,11:12,0.0,00:01,0.0,7.1,0.3
1782777208.337,0.0,0.0,0.0,0.3,11:12,0.0,00:01,0.0,7.1,0.3
1782777213.353,0.0,0.0,0.0,0.3,11:12,0.0,00:01,0.0,7.1,0.3
1782777218.365,0.0,0.0,0.0,0.3,11:12,0.0,00:01,0.0,7.1,0.3
1782777223.378,0.0,0.0,0.0,0.3,11:12,0.0,00:01,0.0,7.1,0.3
1782777228.388,0.0,0.0,0.0,0.3,11:12,0.0,00:01,0.0,7.1,0.3
1782777233.395,0.0,0.0,0.0,0.3,11:12,0.0,00:01,0.0,7.1,0.3
1782777238.413,0.0,0.0,0.0,0.3,11:12,0.0,00:01,0.0,7.1,0.3
1782777243.424,0.0,0.0,0.0,0.3,11:12,0.0,00:01,0.0,7.1,0.3
1782777248.431,0.0,0.0,0.0,0.3,11:12,0.0,00:01,0.0,7.1,0.3
1782777253.441,0.0,0.0,0.0,0.3,11:12,0.0,00:01,0.0,7.1,0.3
1782777258.456,0.0,0.0,0.0,0.3,11:12,0.0,00:01,0.0,7.1,0.3
1782777263.471,0.0,0.0,0.0,0.3,11:12,0.0,00:01,0.0,7.1,0.3
1782777268.483,0.0,0.0,0.0,0.3,11:12,0.0,00:01,0.0,7.1,0.3
1782777273.495,0.0,0.0,0.0,0.3,11:12,0.0,00:01,0.0,7.1,0.3
1782777278.504,0.0,0.0,0.0,0.3,11:12,0.0,00:01,0.0,7.1,0.3
1782777283.516,0.0,0.0,0.0,0.3,11:12,0.0,00:01,0.0,7.1,0.3
1782777288.529,0.0,0.0,0.0,0.3,11:12,0.0,00:01,0.0,7.1,0.3
1782777293.543,0.0,0.0,0.0,0.3,11:12,0.0,00:01,0.0,7.1,0.3
1782777298.556,0.0,0.0,0.0,0.3,11:12,0.0,00:01,0.0,7.1,0.3
1782777303.565,0.0,0.0,0.0,0.3,11:12,0.0,00:01,0.0,7.1,0.3
1782777308.581,0.0,0.0,0.0,0.3,11:12,0.0,00:01,0.0,7.1,0.3
1782777313.589,0.0,0.0,0.0,0.3,11:12,0.0,00:01,0.0,7.1,0.3
1782777318.6,0.0,0.0,0.0,0.3,11:12,0.0,00:01,0.0,7.1,0.3
1782777323.606,0.0,0.0,0.0,0.3,11:12,0.0,00:01,0.0,7.1,0.3
1782777328.622,0.0,0.0,0.0,0.3,11:12,0.0,00:01,0.0,7.1,0.3
1782777333.633,0.0,0.0,0.0,0.3,11:12,0.0,00:01,0.0,7.1,0.3
1782777338.646,0.0,0.0,0.0,0.3,11:12,0.0,00:01,0.0,7.1,0.3
1782777343.66,0.0,0.0,0.0,0.3,11:12,0.0,00:01,0.0,7.1,0.3
1782777348.662,0.0,0.0,0.0,0.3,11:12,0.0,00:01,0.0,7.1,0.3
1782777353.679,0.0,0.0,0.0,0.3,11:12,0.0,00:01,0.0,7.1,0.3
1782777358.691,0.0,0.0,0.0,0.3,11:12,0.0,00:01,0.0,7.1,0.3
1782777363.702,0.0,0.0,0.0,0.3,11:12,0.0,00:01,0.0,7.1,0.3
1782777368.714,0.0,0.0,0.0,0.3,11:12,0.0,00:01,0.0,7.1,0.3
1782777373.721,0.0,0.0,0.0,0.3,11:12,0.0,00:01,0.0,7.1,0.3
1782777378.738,0.0,0.0,0.0,0.3,11:12,0.0,00:01,0.0,7.1,0.3
1782777383.751,0.0,0.0,0.0,0.3,11:12,0.0,00:01,0.0,7.1,0.3
1782777388.763,0.0,0.0,0.0,0.3,11:12,0.0,00:01,0.0,7.1,0.3
1782777393.774,0.0,0.0,0.0,0.3,11:12,0.0,00:01,0.0,7.1,0.3
1782777398.784,0.0,0.0,0.0,0.3,11:12,0.0,00:01,0.0,7.1,0.3
1782777403.798,0.0,0.0,0.0,0.3,11:12,0.0,00:01,0.0,7.1,0.3
1782777408.811,0.0,0.0,0.0,0.3,11:12,0.0,00:01,0.0,7.1,0.3
1782777413.819,0.0,0.0,0.0,0.3,11:12,0.0,00:01,0.0,7.1,0.3
1782777418.831,0.0,0.0,0.0,0.3,11:12,0.0,00:01,0.0,7.1,0.3
1782777423.841,0.0,0.0,0.0,0.3,11:12,0.0,00:01,0.0,7.1,0.3
1782777428.848,0.0,0.0,0.0,0.3,11:12,0.0,00:01,0.0,7.1,0.3
1782777433.859,0.0,0.0,0.0,0.3,11:12,0.0,00:01,0.0,7.1,0.3
1782777438.873,0.0,0.0,0.0,0.3,11:12,0.0,00:01,0.0,7.1,0.3
1782777443.879,0.0,0.0,0.0,0.3,11:12,0.0,00:01,0.0,7.1,0.3
1782777448.895,0.0,0.0,0.0,0.3,11:12,0.0,00:01,0.0,7.1,0.3
1782777453.906,0.0,0.0,0.0,0.3,11:12,0.0,00:01,0.0,7.1,0.3
1782777458.915,0.0,0.0,0.0,0.3,11:12,0.0,00:01,0.0,7.1,0.3
1782777463.929,0.0,0.0,0.0,0.3,11:12,0.0,00:01,0.0,7.1,0.3
1782777468.937,0.0,0.0,0.0,0.3,11:12,0.0,00:01,0.0,7.1,0.3
1782777473.95,0.0,0.0,0.0,0.3,11:12,0.0,00:01,0.0,7.1,0.3
1782777478.964,0.0,0.0,0.0,0.3,11:12,0.0,00:01,0.0,7.1,0.3
1782777483.973,0.0,0.0,0.0,0.3,11:12,0.0,00:01,0.0,7.1,0.3
1782777488.984,0.0,0.0,0.0,0.3,11:12,0.0,00:01,0.0,7.1,0.3
1782777493.99,0.0,0.0,0.0,0.3,11:12,0.0,00:01,0.0,7.1,0.3
1782777499.002,0.0,0.0,0.0,0.3,11:12,0.0,00:01,0.0,7.1,0.3
1782777504.015,0.0,0.0,0.0,0.3,11:12,0.0,00:01,0.0,7.1,0.3
1782777509.029,0.0,0.0,0.0,0.3,11:12,0.0,00:01,0.0,7.1,0.3
1782777514.041,0.0,0.0,0.0,0.3,11:12,0.0,00:01,0.0,7.1,0.3
1782777519.05,0.0,0.0,0.0,0.3,11:12,0.0,00:01,0.0,7.1,0.3
1782777524.063,0.0,0.0,0.0,0.3,11:12,0.0,00:01,0.0,7.1,0.3
1782777529.075,0.0,0.0,0.0,0.3,11:12,0.0,00:01,0.0,7.1,0.3
1782777534.085,0.0,0.0,0.0,0.3,11:12,0.0,00:01,0.0,7.1,0.3
1782777539.093,0.0,0.0,0.0,0.3,11:12,0.0,00:01,0.0,7.1,0.3
1782777544.103,0.0,0.0,0.0,0.3,11:12,0.0,00:01,0.0,7.1,0.3
1782777549.112,0.0,0.0,0.0,0.3,11:12,0.0,00:01,0.0,7.1,0.3
1782777554.117,0.0,0.0,0.0,0.3,11:12,0.0,00:01,0.0,7.1,0.3
1782777559.129,0.0,0.0,0.0,0.3,11:12,0.0,00:01,0.0,7.1,0.3
1782777564.141,0.0,0.0,0.0,0.3,11:12,0.0,00:01,0.0,7.1,0.3
1782777569.153,0.0,0.0,0.0,0.3,11:12,0.0,00:01,0.0,7.1,0.3
1782777574.165,0.0,0.0,0.0,0.3,11:12,0.0,00:01,0.0,7.1,0.3
1782777579.173,0.0,0.0,0.0,0.3,11:12,0.0,00:01,0.0,7.1,0.3
1782777584.183,0.0,0.0,0.0,0.3,11:12,0.0,00:01,0.0,7.1,0.3
1782777589.189,0.0,0.0,0.0,0.3,11:12,0.0,00:01,0.0,7.1,0.3
1782777594.204,0.0,0.0,0.0,0.3,11:12,0.0,00:01,0.0,7.1,0.3
1782777599.216,0.0,0.0,0.0,0.3,11:12,0.0,00:01,0.0,7.1,0.3
1782777604.226,0.0,0.0,0.0,0.3,11:12,0.0,00:01,0.0,7.1,0.3
1782777609.239,0.0,0.0,0.0,0.3,11:12,0.0,00:01,0.0,7.1,0.3
1782777614.25,0.0,0.0,0.0,0.3,11:12,0.0,00:01,0.0,7.1,0.3
1782777619.26,0.0,0.0,0.0,0.3,11:12,0.0,00:01,0.0,7.1,0.3
1782777624.274,0.0,0.0,0.0,0.3,11:12,0.0,00:01,0.0,7.1,0.3
1782777629.286,0.0,0.0,0.0,0.3,11:12,0.0,00:01,0.0,7.1,0.3
1782777634.297,0.0,0.0,0.0,0.3,11:12,0.0,00:01,0.0,7.1,0.3
1782777639.308,0.0,0.0,0.0,0.3,11:12,0.0,00:01,0.0,7.1,0.3
1782777644.317,0.0,0.0,0.0,0.3,11:12,0.0,00:01,0.0,7.1,0.3
1782777649.331,0.0,0.0,0.0,0.3,11:12,0.0,00:01,0.0,7.1,0.3
1782777654.347,0.0,0.0,0.0,0.3,11:12,0.0,00:01,0.0,7.1,0.3
1782777659.356,0.0,0.0,0.0,0.3,11:12,0.0,00:01,0.0,7.1,0.3
1782777664.368,0.0,0.0,0.0,0.3,11:12,0.0,00:01,0.0,7.1,0.3
1782777669.38,0.0,0.0,0.0,0.3,11:12,0.0,00:01,0.0,7.1,0.3
1782777674.389,0.0,0.0,0.0,0.3,11:12,0.0,00:01,0.0,7.1,0.3
1782777679.405,0.0,0.0,0.0,0.3,11:12,0.0,00:01,0.0,7.1,0.3
1782777684.411,0.0,0.0,0.0,0.3,11:12,0.0,00:01,0.0,7.1,0.3
1782777689.424,0.0,0.0,0.0,0.3,11:12,0.0,00:01,0.0,7.1,0.3
1782777694.439,0.0,0.0,0.0,0.3,11:12,0.0,00:01,0.0,7.1,0.3
1782777699.452,0.0,0.0,0.0,0.3,11:12,0.0,00:01,0.0,7.1,0.3
1782777704.461,0.0,0.0,0.0,0.3,11:12,0.0,00:01,0.0,7.1,0.3
1782777709.472,0.0,0.0,0.0,0.3,11:12,0.0,00:01,0.0,7.1,0.3
1782777714.485,0.0,0.0,0.0,0.3,11:12,0.0,00:01,0.0,7.1,0.3
1782777719.497,0.0,0.0,0.0,0.3,11:12,0.0,00:01,0.0,7.1,0.3
1782777724.513,0.0,0.0,0.0,0.3,11:12,0.0,00:01,0.0,7.1,0.3
1782777729.517,0.0,0.0,0.0,0.3,11:12,0.0,00:01,0.0,7.1,0.3
1782777734.53,0.0,0.0,0.0,0.3,11:12,0.0,00:01,0.0,7.1,0.3
1782777739.544,0.0,0.0,0.0,0.3,11:12,0.0,00:01,0.0,7.1,0.3
1782777744.556,0.0,0.0,0.0,0.3,11:12,0.0,00:01,0.0,7.1,0.3
1782777749.571,0.0,0.0,0.0,0.3,11:12,0.0,00:01,0.0,7.1,0.3
1782777754.578,0.0,0.0,0.0,0.3,11:12,0.0,00:01,0.0,7.1,0.3
1782777759.591,0.0,0.0,0.0,0.3,11:12,0.0,00:01,0.0,7.1,0.3
1782777764.606,0.0,0.0,0.0,0.3,11:12,0.0,00:01,0.0,7.1,0.3
1782777769.62,0.0,0.0,0.0,0.3,11:12,0.0,00:01,0.0,7.1,0.3
1782777774.627,0.0,0.0,0.0,0.3,11:12,0.0,00:01,0.0,7.1,0.3
1782777779.641,0.0,0.0,0.0,0.3,11:12,0.0,00:01,0.0,7.1,0.3
1782777784.652,0.0,0.0,0.0,0.3,11:12,0.0,00:01,0.0,7.1,0.3
1782777789.661,0.0,0.0,0.0,0.3,11:12,0.0,00:01,0.0,7.1,0.3
1782777794.676,0.0,0.0,0.0,0.3,11:12,0.0,00:01,0.0,7.1,0.3
1782777799.683,0.0,0.0,0.0,0.3,11:12,0.0,00:01,0.0,7.1,0.3
1782777804.695,0.0,0.0,0.0,0.3,11:12,0.0,00:01,0.0,7.1,0.3
1782777809.71,0.0,0.0,0.0,0.3,11:12,0.0,00:01,0.0,7.1,0.3
1782777814.718,0.0,0.0,0.0,0.3,11:12,0.0,00:01,0.0,7.1,0.3
1782777819.733,0.0,0.0,0.0,0.3,11:12,0.0,00:01,0.0,7.1,0.3
1782777824.741,0.0,0.0,0.0,0.3,11:12,0.0,00:01,0.0,7.1,0.3
1782777829.754,0.0,0.0,0.0,0.3,11:12,0.0,00:01,0.0,7.1,0.3
1782777834.768,0.0,0.0,0.0,0.3,11:12,0.0,00:01,0.0,7.1,0.3
1782777839.782,0.0,0.0,0.0,0.3,11:12,0.0,00:01,0.0,7.1,0.3
1782777844.795,0.0,0.0,0.0,0.3,11:12,0.0,00:01,0.0,7.1,0.3
1782777849.799,0.0,0.0,0.0,0.3,11:12,0.0,00:01,0.0,7.1,0.3
1782777854.804,0.0,0.0,0.0,0.3,11:12,0.0,00:01,0.0,7.1,0.3
1782777859.816,0.0,0.0,0.0,0.3,11:12,0.0,00:01,0.0,7.1,0.3
1782777864.832,0.0,0.0,0.0,0.3,11:12,0.0,00:01,0.0,7.1,0.3
1782777869.84,0.0,0.0,0.0,0.3,11:12,0.0,00:01,0.0,7.1,0.3
1782777874.854,0.0,0.0,0.0,0.3,11:12,0.0,00:01,0.0,7.1,0.3
1782777879.868,0.0,0.0,0.0,0.3,11:12,0.0,00:01,0.0,7.1,0.3
1782777884.88,0.0,0.0,0.0,0.3,11:12,0.0,00:01,0.0,7.1,0.3
1782777889.893,0.0,0.0,0.0,0.3,11:12,0.0,00:01,0.0,7.1,0.3
1782777894.899,0.0,0.0,0.0,0.3,11:12,0.0,00:01,0.0,7.1,0.3
1782777899.912,0.0,0.0,0.0,0.3,11:12,0.0,00:01,0.0,7.1,0.3
1782777904.924,0.0,0.0,0.0,0.3,11:12,0.0,00:01,0.0,7.1,0.3
1782777909.942,0.0,0.0,0.0,0.3,11:12,0.0,00:01,0.0,7.1,0.3
1782777914.955,0.0,0.0,0.0,0.3,11:12,0.0,00:01,0.0,7.1,0.3
1782777919.965,0.0,0.0,0.0,0.3,11:12,0.0,00:01,0.0,7.1,0.3
1782777924.977,0.0,0.0,0.0,0.3,11:12,0.0,00:01,0.0,7.1,0.3
1782777929.989,0.0,0.0,0.0,0.3,11:12,0.0,00:01,0.0,7.1,0.3
1782777935.006,0.0,0.0,0.0,0.3,11:12,0.0,00:01,0.0,7.1,0.3
1782777940.018,0.0,0.0,0.0,0.3,11:12,0.0,00:01,0.0,7.1,0.3
1782777945.02,0.0,0.0,0.0,0.3,11:12,0.0,00:01,0.0,7.1,0.3
1782777950.034,0.0,0.0,0.0,0.3,11:12,0.0,00:01,0.0,7.1,0.3
1782777955.049,0.0,0.0,0.0,0.3,11:12,0.0,00:01,0.0,7.1,0.3
1782777960.061,0.0,0.0,0.0,0.3,11:12,0.0,00:01,0.0,7.1,0.3
1782777965.067,0.0,0.0,0.0,0.3,11:12,0.0,00:01,0.0,7.1,0.3
1782777970.079,0.0,0.0,0.0,0.3,11:12,0.0,00:01,0.0,7.1,0.3
1782777975.093,0.0,0.0,0.0,0.3,11:12,0.0,00:01,0.0,7.1,0.3
1782777980.109,0.0,0.0,0.0,0.3,11:12,0.0,00:01,0.0,7.1,0.3
1782777985.121,0.0,0.0,0.0,0.3,11:12,0.0,00:01,0.0,7.1,0.3
1782777990.128,0.0,0.0,0.0,0.3,11:12,0.0,00:01,0.0,7.1,0.3
1782777995.143,0.0,0.0,0.0,0.3,11:12,0.0,00:01,0.0,7.1,0.3
1782778000.153,0.0,0.0,0.0,0.3,11:12,0.0,00:01,0.0,7.1,0.3
1782778005.169,0.0,0.0,0.0,0.3,11:12,0.0,00:01,0.0,7.1,0.3
1782778010.182,0.0,0.0,0.0,0.3,11:12,0.0,00:01,0.0,7.1,0.3
1782778015.184,0.0,0.0,0.0,0.3,11:12,0.0,00:01,0.0,7.1,0.3
1782778020.199,0.0,0.0,0.0,0.3,11:12,0.0,00:01,0.0,7.1,0.3
1782778025.215,0.0,0.0,0.0,0.3,11:12,0.0,00:01,0.0,7.1,0.3
1782778030.226,0.0,0.0,0.0,0.3,11:12,0.0,00:01,0.0,7.1,0.3
1782778035.233,0.0,0.0,0.0,0.3,11:12,0.0,00:01,0.0,7.1,0.3
1782778040.245,0.0,0.0,0.0,0.3,11:12,0.0,00:01,0.0,7.1,0.3
1782778045.259,0.0,0.0,0.0,0.3,11:12,0.0,00:01,0.0,7.1,0.3
1782778050.275,0.0,0.0,0.0,0.3,11:12,0.0,00:01,0.0,7.1,0.3
1782778055.288,0.0,0.0,0.0,0.3,11:12,0.0,00:01,0.0,7.1,0.3
1782778060.291,0.0,0.0,0.0,0.3,11:12,0.0,00:01,0.0,7.1,0.3
1782778065.305,0.0,0.0,0.0,0.3,11:12,0.0,00:01,0.0,7.1,0.3
1782778070.313,0.0,0.0,0.0,0.3,11:12,0.0,00:01,0.0,7.1,0.3
1782778075.326,0.0,0.0,0.0,0.3,11:12,0.0,00:01,0.0,7.1,0.3
1782778080.336,0.0,0.0,0.0,0.3,11:12,0.0,00:01,0.0,7.1,0.3
1782778085.34,0.0,0.0,0.0,0.3,11:12,0.0,00:01,0.0,7.1,0.3
1782778090.354,0.0,0.0,0.0,0.3,11:12,0.0,00:01,0.0,7.1,0.3
1782778095.368,0.0,0.0,0.0,0.3,11:12,0.0,00:01,0.0,7.1,0.3
1782778100.379,0.0,0.0,0.0,0.3,11:12,0.0,00:01,0.0,7.1,0.3
1782778105.387,0.0,0.0,0.0,0.3,11:12,0.0,00:01,0.0,7.1,0.3
1782778110.392,0.0,0.0,0.0,0.3,11:12,0.0,00:01,0.0,7.1,0.3
1782778115.404,0.0,0.0,0.0,0.3,11:12,0.0,00:01,0.0,7.1,0.3
1782778120.421,0.0,0.0,0.0,0.3,11:12,0.0,00:01,0.0,7.1,0.3
1782778125.433,0.0,0.0,0.0,0.3,11:12,0.0,00:01,0.0,7.1,0.3
1782778130.44,0.0,0.0,0.0,0.3,11:12,0.0,00:01,0.0,7.1,0.3
1782778135.455,0.0,0.0,0.0,0.3,11:12,0.0,00:01,0.0,7.1,0.3
1782778140.465,0.0,0.0,0.0,0.3,11:12,0.0,00:01,0.0,7.1,0.3
1782778145.475,0.0,0.0,0.0,0.3,11:12,0.0,00:01,0.0,7.1,0.3
1782778150.485,0.0,0.0,0.0,0.3,11:12,0.0,00:01,0.0,7.1,0.3
1782778155.492,0.0,0.0,0.0,0.3,11:12,0.0,00:01,0.0,7.1,0.3
1782778160.502,0.0,0.0,0.0,0.3,11:12,0.0,00:01,0.0,7.1,0.3
1782778165.519,0.0,0.0,0.0,0.3,11:12,0.0,00:01,0.0,7.1,0.3
1782778170.531,0.0,0.0,0.0,0.3,11:12,0.0,00:01,0.0,7.1,0.3
1782778175.545,0.0,0.0,0.0,0.3,11:12,0.0,00:01,0.0,7.1,0.3
1782778180.552,0.0,0.0,0.0,0.3,11:12,0.0,00:01,0.0,7.1,0.3
1782778185.564,0.0,0.0,0.0,0.3,11:12,0.0,00:01,0.0,7.1,0.3
1782778190.579,0.0,0.0,0.0,0.3,11:12,0.0,00:01,0.0,7.1,0.3
1782778195.592,0.0,0.0,0.0,0.3,11:12,0.0,00:01,0.0,7.1,0.3
1782778200.594,0.0,0.0,0.0,0.3,11:12,0.0,00:01,0.0,7.1,0.3
1782778205.608,0.0,0.0,0.0,0.3,11:12,0.0,00:01,0.0,7.1,0.3
1782778210.617,0.0,0.0,0.0,0.3,11:12,0.0,00:01,0.0,7.1,0.3
1782778215.625,0.0,0.0,0.0,0.3,11:12,0.0,00:01,0.0,7.1,0.3
1782778220.638,0.0,0.0,0.0,0.3,11:12,0.0,00:01,0.0,7.1,0.3
1782778225.646,0.0,0.0,0.0,0.3,11:12,0.0,00:01,0.0,7.1,0.3
1782778230.656,0.0,0.0,0.0,0.3,11:12,0.0,00:01,0.0,7.1,0.3
1782778235.67,0.0,0.0,0.0,0.3,11:12,0.0,00:01,0.0,7.1,0.3
1782778240.682,0.0,0.0,0.0,0.3,11:12,0.0,00:01,0.0,7.1,0.3
1782778245.691,0.0,0.0,0.0,0.3,11:12,0.0,00:01,0.0,7.1,0.3
1782778250.696,0.0,0.0,0.0,0.3,11:12,0.0,00:01,0.0,7.1,0.3
1782778255.709,0.0,0.0,0.0,0.3,11:12,0.0,00:01,0.0,7.1,0.3
1782778260.725,0.0,0.0,0.0,0.3,11:12,0.0,00:01,0.0,7.1,0.3
1782778265.74,0.0,0.0,0.0,0.3,11:12,0.0,00:01,0.0,7.1,0.3
1782778270.752,0.0,0.0,0.0,0.3,11:12,0.0,00:01,0.0,7.1,0.3
1782778275.756,0.0,0.0,0.0,0.3,11:12,0.0,00:01,0.0,7.1,0.3
1782778280.771,0.0,0.0,0.0,0.3,11:12,0.0,00:01,0.0,7.1,0.3
1782778285.785,0.0,0.0,0.0,0.3,11:12,0.0,00:01,0.0,7.1,0.3
1782778290.797,0.0,0.0,0.0,0.3,11:12,0.0,00:01,0.0,7.1,0.3
1782778295.804,0.0,0.0,0.0,0.3,11:12,0.0,00:01,0.0,7.1,0.3
1782778300.817,0.0,0.0,0.0,0.3,11:12,0.0,00:01,0.0,7.1,0.3
1782778305.833,0.0,0.0,0.0,0.3,11:12,0.0,00:01,0.0,7.1,0.3
1782778310.841,0.0,0.0,0.0,0.3,11:12,0.0,00:01,0.0,7.1,0.3
1782778315.853,0.0,0.0,0.0,0.3,11:12,0.0,00:01,0.0,7.1,0.3
1782778320.861,0.0,0.0,0.0,0.3,11:12,0.0,00:01,0.0,7.1,0.3
1782778325.871,0.0,0.0,0.0,0.3,11:12,0.0,00:01,0.0,7.1,0.3
1782778330.888,0.0,0.0,0.0,0.3,11:12,0.0,00:01,0.0,7.1,0.3
1782778335.9,0.0,0.0,0.0,0.3,11:12,0.0,00:01,0.0,7.1,0.3
1782778340.913,0.0,0.0,0.0,0.3,11:12,0.0,00:01,0.0,7.1,0.3
1782778345.916,0.0,0.0,0.0,0.3,11:12,0.0,00:01,0.0,7.1,0.3
1782778350.931,0.0,0.0,0.0,0.3,11:12,0.0,00:01,0.0,7.1,0.3
1782778355.946,0.0,0.0,0.0,0.3,11:12,0.0,00:01,0.0,7.1,0.3
1782778360.956,0.0,0.0,0.0,0.3,11:12,0.0,00:01,0.0,7.1,0.3
1782778365.96,0.0,0.0,0.0,0.3,11:12,0.0,00:01,0.0,7.1,0.3
1782778370.972,0.0,0.0,0.0,0.3,11:12,0.0,00:01,0.0,7.1,0.3
1782778375.987,0.0,0.0,0.0,0.3,11:12,0.0,00:01,0.0,7.1,0.3
1782778381.0,0.0,0.0,0.0,0.3,11:12,0.0,00:01,0.0,7.1,0.3
1782778386.012,0.0,0.0,0.0,0.3,11:12,0.0,00:01,0.0,7.1,0.3
1782778391.018,0.0,0.0,0.0,0.3,11:12,0.0,00:01,0.0,7.1,0.3
1782778396.024,0.0,0.0,0.0,0.3,11:12,0.0,00:01,0.0,7.1,0.3
1782778401.036,0.0,0.0,0.0,0.3,11:12,0.0,00:01,0.0,7.1,0.3
1782778406.05,0.0,0.0,0.0,0.3,11:12,0.0,00:01,0.0,7.1,0.3
1782778411.062,0.0,0.0,0.0,0.3,11:12,0.0,00:01,0.0,7.1,0.3
1782778416.069,0.0,0.0,0.0,0.3,11:12,0.0,00:01,0.0,7.1,0.3
1782778421.085,0.0,0.0,0.0,0.3,11:12,0.0,00:01,0.0,7.1,0.3
1782778426.097,0.0,0.0,0.0,0.3,11:12,0.0,00:01,0.0,7.1,0.3
1782778431.107,0.0,0.0,0.0,0.3,11:12,0.0,00:01,0.0,7.1,0.3
1782778436.121,0.0,0.0,0.0,0.3,11:12,0.0,00:01,0.0,7.1,0.3
1782778441.128,0.0,0.0,0.0,0.3,11:12,0.0,00:01,0.0,7.1,0.3
1782778446.145,0.0,0.0,0.0,0.3,11:12,0.0,00:01,0.0,7.1,0.3
1782778451.159,0.0,0.0,0.0,0.3,11:12,0.0,00:01,0.0,7.1,0.3
1782778456.169,0.0,0.0,0.0,0.3,11:12,0.0,00:01,0.0,7.1,0.3
1782778461.172,0.0,0.0,0.0,0.3,11:12,0.0,00:01,0.0,7.1,0.3
1782778466.181,0.0,0.0,0.0,0.3,11:12,0.0,00:01,0.0,7.1,0.3
1782778471.196,0.0,0.0,0.0,0.3,11:12,0.0,00:01,0.0,7.1,0.3
1782778476.21,0.0,0.0,0.0,0.3,11:12,0.0,00:01,0.0,7.1,0.3
1782778481.222,0.0,0.0,0.0,0.3,11:12,0.0,00:01,0.0,7.1,0.3
1782778486.232,0.0,0.0,0.0,0.3,11:12,0.0,00:01,0.0,7.1,0.3
1782778491.247,0.0,0.0,0.0,0.3,11:12,0.0,00:01,0.0,7.1,0.3
1782778496.26,0.0,0.0,0.0,0.3,11:12,0.0,00:01,0.0,7.1,0.3
1782778501.271,0.0,0.0,0.0,0.3,11:12,0.0,00:01,0.0,7.1,0.3
1782778506.284,0.0,0.0,0.0,0.3,11:12,0.0,00:01,0.0,7.1,0.3
1782778511.291,0.0,0.0,0.0,0.3,11:12,0.0,00:01,0.0,7.1,0.3
1782778516.306,0.0,0.0,0.0,0.3,11:12,0.0,00:01,0.0,7.1,0.3
1782778521.319,0.0,0.0,0.0,0.3,11:12,0.0,00:01,0.0,7.1,0.3
1782778526.331,0.0,0.0,0.0,0.3,11:12,0.0,00:01,0.0,7.1,0.3
1782778531.339,0.0,0.0,0.0,0.3,11:12,0.0,00:01,0.0,7.1,0.3
1782778536.353,0.0,0.0,0.0,0.3,11:12,0.0,00:01,0.0,7.1,0.3
1782778541.367,0.0,0.0,0.0,0.3,11:12,0.0,00:01,0.0,7.1,0.3
1782778546.379,0.0,0.0,0.0,0.3,11:12,0.0,00:01,0.0,7.1,0.3
1782778551.389,0.0,0.0,0.0,0.3,11:12,0.0,00:01,0.0,7.1,0.3
1782778556.392,0.0,0.0,0.0,0.3,11:12,0.0,00:01,0.0,7.1,0.3
1782778561.405,0.0,0.0,0.0,0.3,11:12,0.0,00:01,0.0,7.1,0.3
1782778566.414,0.0,0.0,0.0,0.3,11:12,0.0,00:01,0.0,7.1,0.3
1782778571.424,0.0,0.0,0.0,0.3,11:12,0.0,00:01,0.0,7.1,0.3
1782778576.436,0.0,0.0,0.0,0.3,11:12,0.0,00:01,0.0,7.1,0.3
1782778581.443,0.0,0.0,0.0,0.3,11:12,0.0,00:01,0.0,7.1,0.3
1782778586.46,0.0,0.0,0.0,0.3,11:12,0.0,00:01,0.0,7.1,0.3
1782778591.473,0.0,0.0,0.0,0.3,11:12,0.0,00:01,0.0,7.1,0.3
1782778596.485,0.0,0.0,0.0,0.3,11:12,0.0,00:01,0.0,7.1,0.3
1782778601.497,0.0,0.0,0.0,0.3,11:12,0.0,00:01,0.0,7.1,0.3
1782778606.506,0.0,0.0,0.0,0.3,11:12,0.0,00:01,0.0,7.1,0.3
1782778611.519,0.0,0.0,0.0,0.3,11:12,0.0,00:01,0.0,7.1,0.3
1782778616.529,0.0,0.0,0.0,0.3,11:12,0.0,00:01,0.0,7.1,0.3
1782778621.543,0.0,0.0,0.0,0.3,11:12,0.0,00:01,0.0,7.1,0.3
1782778626.55,0.0,0.0,0.0,0.3,11:12,0.0,00:01,0.0,7.1,0.3
1782778631.565,0.0,0.0,0.0,0.3,11:12,0.0,00:01,0.0,7.1,0.3
1782778636.578,0.0,0.0,0.0,0.3,11:12,0.0,00:01,0.0,7.1,0.3
1782778641.592,0.0,0.0,0.0,0.3,11:12,0.0,00:01,0.0,7.1,0.3
1782778646.604,0.0,0.0,0.0,0.3,11:12,0.0,00:01,0.0,7.1,0.3
1782778651.61,0.0,0.0,0.0,0.3,11:12,0.0,00:01,0.0,7.1,0.3
1782778656.625,0.0,0.0,0.0,0.3,11:12,0.0,00:01,0.0,7.1,0.3
1782778661.639,0.0,0.0,0.0,0.3,11:12,0.0,00:01,0.0,7.1,0.3
1782778666.652,0.0,0.0,0.0,0.3,11:12,0.0,00:01,0.0,7.1,0.3
1782778671.664,0.0,0.0,0.0,0.3,11:12,0.0,00:01,0.0,7.1,0.3
1782778676.674,0.0,0.0,0.0,0.3,11:12,0.0,00:01,0.0,7.1,0.3
1782778681.687,0.0,0.0,0.0,0.3,11:12,0.0,00:01,0.0,7.1,0.3
1782778686.697,0.0,0.0,0.0,0.3,11:12,0.0,00:01,0.0,7.1,0.3
1782778691.712,0.0,0.0,0.0,0.3,11:12,0.0,00:01,0.0,7.1,0.3
1782778696.721,0.0,0.0,0.0,0.3,11:12,0.0,00:01,0.0,7.1,0.3
1782778701.731,0.0,0.0,0.0,0.3,11:12,0.0,00:01,0.0,7.1,0.3
1782778706.741,0.0,0.0,0.0,0.3,11:12,0.0,00:01,0.0,7.1,0.3
1782778711.752,0.0,0.0,0.0,0.3,11:12,0.0,00:01,0.0,7.1,0.3
1782778716.763,0.0,0.0,0.0,0.3,11:12,0.0,00:01,0.0,7.1,0.3
1782778721.767,0.0,0.0,0.0,0.3,11:12,0.0,00:01,0.0,7.1,0.3
1782778726.779,0.0,0.0,0.0,0.3,11:12,0.0,00:01,0.0,7.1,0.3
1782778731.787,0.0,0.0,0.0,0.3,11:12,0.0,00:01,0.0,7.1,0.3
1782778736.801,0.0,0.0,0.0,0.3,11:12,0.0,00:01,0.0,7.1,0.3
1782778741.81,0.0,0.0,0.0,0.3,11:12,0.0,00:01,0.0,7.1,0.3
1782778746.819,0.0,0.0,0.0,0.3,11:12,0.0,00:01,0.0,7.1,0.3
1782778751.835,0.0,0.0,0.0,0.3,11:12,0.0,00:01,0.0,7.1,0.3
1782778756.846,0.0,0.0,0.0,0.3,11:12,0.0,00:01,0.0,7.1,0.3
1782778761.857,0.0,0.0,0.0,0.3,11:12,0.0,00:01,0.0,7.1,0.3
1782778766.87,0.0,0.0,0.0,0.3,11:12,0.0,00:01,0.0,7.1,0.3
1782778771.879,0.0,0.0,0.0,0.3,11:12,0.0,00:01,0.0,7.1,0.3
1782778776.891,0.0,0.0,0.0,0.3,11:12,0.0,00:01,0.0,7.1,0.3
1782778781.902,0.0,0.0,0.0,0.3,11:12,0.0,00:01,0.0,7.1,0.3
1782778786.914,0.0,0.0,0.0,0.3,11:12,0.0,00:01,0.0,7.1,0.3
1782778791.922,0.0,0.0,0.0,0.3,11:12,0.0,00:01,0.0,7.1,0.3
1782778796.939,0.0,0.0,0.0,0.3,11:12,0.0,00:01,0.0,7.1,0.3
1782778801.951,0.0,0.0,0.0,0.3,11:12,0.0,00:01,0.0,7.1,0.3
1782778806.962,0.0,0.0,0.0,0.3,11:12,0.0,00:01,0.0,7.1,0.3
1782778811.974,0.0,0.0,0.0,0.3,11:12,0.0,00:01,0.0,7.1,0.3
1782778816.98,0.0,0.0,0.0,0.3,11:12,0.0,00:01,0.0,7.1,0.3
1782778821.996,0.0,0.0,0.0,0.3,11:12,0.0,00:01,0.0,7.1,0.3
1782778827.004,0.0,0.0,0.0,0.3,11:12,0.0,00:01,0.0,7.1,0.3
1782778832.016,0.0,0.0,0.0,0.3,11:12,0.0,00:01,0.0,7.1,0.3
1782778837.031,0.0,0.0,0.0,0.3,11:12,0.0,00:01,0.0,7.1,0.3
1782778842.041,0.0,0.0,0.0,0.3,11:12,0.0,00:01,0.0,7.1,0.3
1782778847.056,0.0,0.0,0.0,0.3,11:12,0.0,00:01,0.0,7.1,0.3
1782778852.064,0.0,0.0,0.0,0.3,11:12,0.0,00:01,0.0,7.1,0.3
1782778857.077,0.0,0.0,0.0,0.3,11:12,0.0,00:01,0.0,7.1,0.3
1782778862.085,0.0,0.0,0.0,0.3,11:12,0.0,00:01,0.0,7.1,0.3
1782778867.095,0.0,0.0,0.0,0.3,11:12,0.0,00:01,0.0,7.1,0.3
1782778872.107,0.0,0.0,0.0,0.3,11:12,0.0,00:01,0.0,7.1,0.3
1782778877.116,0.0,0.0,0.0,0.3,11:12,0.0,00:01,0.0,7.1,0.3
1782778882.13,0.0,0.0,0.0,0.3,11:12,0.0,00:01,0.0,7.1,0.3
1782778887.133,0.0,0.0,0.0,0.3,11:12,0.0,00:01,0.0,7.1,0.3
1782778892.149,0.0,0.0,0.0,0.3,11:12,0.0,00:01,0.0,7.1,0.3
1782778897.162,0.0,0.0,0.0,0.3,11:12,0.0,00:01,0.0,7.1,0.3
1782778902.174,0.0,0.0,0.0,0.3,11:12,0.0,00:01,0.0,7.1,0.3
1782778907.186,0.0,0.0,0.0,0.3,11:12,0.0,00:01,0.0,7.1,0.3
1782778912.196,0.0,0.0,0.0,0.3,11:12,0.0,00:01,0.0,7.1,0.3
1782778917.209,0.0,0.0,0.0,0.3,11:12,0.0,00:01,0.0,7.1,0.3
1782778922.219,0.0,0.0,0.0,0.3,11:12,0.0,00:01,0.0,7.1,0.3
1782778927.233,0.0,0.0,0.0,0.3,11:12,0.0,00:01,0.0,7.1,0.3
1782778932.244,0.0,0.0,0.0,0.3,11:12,0.0,00:01,0.0,7.1,0.3
1782778937.254,0.0,0.0,0.0,0.3,11:12,0.0,00:01,0.0,7.1,0.3
1782778942.266,0.0,0.0,0.0,0.3,11:12,0.0,00:01,0.0,7.1,0.3
1782778947.282,0.0,0.0,0.0,0.3,11:12,0.0,00:01,0.0,7.1,0.3
1782778952.294,0.0,0.0,0.0,0.3,11:12,0.0,00:01,0.0,7.1,0.3
1782778957.305,0.0,0.0,0.0,0.3,11:12,0.0,00:01,0.0,7.1,0.3
1782778962.314,0.0,0.0,0.0,0.3,11:12,0.0,00:01,0.0,7.1,0.3
1782778967.324,0.0,0.0,0.0,0.3,11:12,0.0,00:01,0.0,7.1,0.3
1782778972.338,0.0,0.0,0.0,0.3,11:12,0.0,00:01,0.0,7.1,0.3
1782778977.348,0.0,0.0,0.0,0.3,11:12,0.0,00:01,0.0,7.1,0.3
1782778982.356,0.0,0.0,0.0,0.3,11:12,0.0,00:01,0.0,7.1,0.3
1782778987.368,0.0,0.0,0.0,0.3,11:12,0.0,00:01,0.0,7.1,0.3
1782778992.378,0.0,0.0,0.0,0.3,11:12,0.0,00:01,0.0,7.1,0.3
1782778997.391,0.0,0.0,0.0,0.3,11:12,0.0,00:01,0.0,7.1,0.3
1782779002.402,0.0,0.0,0.0,0.3,11:12,0.0,00:01,0.0,7.1,0.3
1782779007.412,0.0,0.0,0.0,0.3,11:12,0.0,00:01,0.0,7.1,0.3
1782779012.427,0.0,0.0,0.0,0.3,11:12,0.0,00:01,0.0,7.1,0.3
1782779017.439,0.0,0.0,0.0,0.3,11:12,0.0,00:01,0.0,7.1,0.3
1782779022.452,0.0,0.0,0.0,0.3,11:12,0.0,00:01,0.0,7.1,0.3
1782779027.467,0.0,0.0,0.0,0.3,11:12,0.0,00:01,0.0,7.1,0.3
1782779032.472,0.0,0.0,0.0,0.3,11:12,0.0,00:01,0.0,7.1,0.3
1782779037.484,0.0,0.0,0.0,0.3,11:12,0.0,00:01,0.0,7.1,0.3
1782779042.494,0.0,0.0,0.0,0.3,11:12,0.0,00:01,0.0,7.1,0.3
1782779047.508,0.0,0.0,0.0,0.3,11:12,0.0,00:01,0.0,7.1,0.3
1782779052.518,0.0,0.0,0.0,0.3,11:12,0.0,00:01,0.0,7.1,0.3
1782779057.53,0.0,0.0,0.0,0.3,11:12,0.0,00:01,0.0,7.1,0.3
1782779062.541,0.0,0.0,0.0,0.3,11:12,0.0,00:01,0.0,7.1,0.3
1782779067.552,0.0,0.0,0.0,0.3,11:12,0.0,00:01,0.0,7.1,0.3
1782779072.564,0.0,0.0,0.0,0.3,11:12,0.0,00:01,0.0,7.1,0.3
1782779077.573,0.0,0.0,0.0,0.3,11:12,0.0,00:01,0.0,7.1,0.3
1782779082.586,0.0,0.0,0.0,0.3,11:12,0.0,00:01,0.0,7.1,0.3
1782779087.594,0.0,0.0,0.0,0.3,11:12,0.0,00:01,0.0,7.1,0.3
1782779092.608,0.0,0.0,0.0,0.3,11:12,0.0,00:01,0.0,7.1,0.3
1782779097.621,0.0,0.0,0.0,0.3,11:12,0.0,00:01,0.0,7.1,0.3
1782779102.631,0.0,0.0,0.0,0.3,11:12,0.0,00:01,0.0,7.1,0.3
1782779107.645,0.0,0.0,0.0,0.3,11:12,0.0,00:01,0.0,7.1,0.3
1782779112.656,0.0,0.0,0.0,0.3,11:12,0.0,00:01,0.0,7.1,0.3
1782779117.668,0.0,0.0,0.0,0.3,11:12,0.0,00:01,0.0,7.1,0.3
1782779122.684,0.0,0.0,0.0,0.3,11:12,0.0,00:01,0.0,7.1,0.3
1782779127.689,0.0,0.0,0.0,0.3,11:12,0.0,00:01,0.0,7.1,0.3
1782779132.702,0.0,0.0,0.0,0.3,11:12,0.0,00:01,0.0,7.1,0.3
1782779137.71,0.0,0.0,0.0,0.3,11:12,0.0,00:01,0.0,7.1,0.3
1782779142.719,0.0,0.0,0.0,0.3,11:12,0.0,00:01,0.0,7.1,0.3
1782779147.726,0.0,0.0,0.0,0.3,11:12,0.0,00:01,0.0,7.1,0.3
1782779152.737,0.0,0.0,0.0,0.3,11:12,0.0,00:01,0.0,7.1,0.3
1782779157.747,0.0,0.0,0.0,0.3,11:12,0.0,00:01,0.0,7.1,0.3
1782779162.76,0.0,0.0,0.0,0.3,11:12,0.0,00:01,0.0,7.1,0.3
1782779167.774,0.0,0.0,0.0,0.3,11:12,0.0,00:01,0.0,7.1,0.3
1782779172.78,0.0,0.0,0.0,0.3,11:12,0.0,00:01,0.0,7.1,0.3
1782779177.791,0.0,0.0,0.0,0.3,11:12,0.0,00:01,0.0,7.1,0.3
1782779182.797,0.0,0.0,0.0,0.3,11:12,0.0,00:01,0.0,7.1,0.3
1782779187.811,0.0,0.0,0.0,0.3,11:12,0.0,00:01,0.0,7.1,0.3
1782779192.827,0.0,0.0,0.0,0.3,11:12,0.0,00:01,0.0,7.1,0.3
1782779197.832,0.0,0.0,0.0,0.3,11:12,0.0,00:01,0.0,7.1,0.3
1782779202.846,0.0,0.0,0.0,0.3,11:12,0.0,00:01,0.0,7.1,0.3
1782779207.859,0.0,0.0,0.0,0.3,11:12,0.0,00:01,0.0,7.1,0.3
1782779212.871,0.0,0.0,0.0,0.3,11:12,0.0,00:01,0.0,7.1,0.3
1782779217.88,0.0,0.0,0.0,0.3,11:12,0.0,00:01,0.0,7.1,0.3
1782779222.89,0.0,0.0,0.0,0.3,11:12,0.0,00:01,0.0,7.1,0.3
1782779227.903,0.0,0.0,0.0,0.3,11:12,0.0,00:01,0.0,7.1,0.3
1782779232.919,0.0,0.0,0.0,0.3,11:12,0.0,00:01,0.0,7.1,0.3
1782779237.933,0.0,0.0,0.0,0.3,11:12,0.0,00:01,0.0,7.1,0.3
1782779242.94,0.0,0.0,0.0,0.3,11:12,0.0,00:01,0.0,7.1,0.3
1782779247.954,0.0,0.0,0.0,0.3,11:12,0.0,00:01,0.0,7.1,0.3
1782779252.967,0.0,0.0,0.0,0.3,11:12,0.0,00:01,0.0,7.1,0.3
1782779257.979,0.0,0.0,0.0,0.3,11:12,0.0,00:01,0.0,7.1,0.3
1782779262.995,0.0,0.0,0.0,0.3,11:12,0.0,00:01,0.0,7.1,0.3
1782779268.0,0.0,0.0,0.0,0.3,11:12,0.0,00:01,0.0,7.1,0.3
1782779273.012,0.0,0.0,0.0,0.3,11:12,0.0,00:01,0.0,7.1,0.3
1782779278.029,0.0,0.0,0.0,0.3,11:12,0.0,00:01,0.0,7.1,0.3
1782779283.039,0.0,0.0,0.0,0.3,11:12,0.0,00:01,0.0,7.1,0.3
1782779288.054,0.0,0.0,0.0,0.3,11:12,0.0,00:01,0.0,7.1,0.3
1782779293.061,0.0,0.0,0.0,0.3,11:12,0.0,00:01,0.0,7.1,0.3
1782779298.073,0.0,0.0,0.0,0.3,11:12,0.0,00:01,0.0,7.1,0.3
1782779303.085,0.0,0.0,0.0,0.3,11:12,0.0,00:01,0.0,7.1,0.3
1782779308.099,0.0,0.0,0.0,0.3,11:12,0.0,00:01,0.0,7.1,0.3
1782779313.106,0.0,0.0,0.0,0.3,11:12,0.0,00:01,0.0,7.1,0.3
1782779318.12,0.0,0.0,0.0,0.3,11:12,0.0,00:01,0.0,7.1,0.3
1782779323.129,0.0,0.0,0.0,0.3,11:12,0.0,00:01,0.0,7.1,0.3
1782779328.14,0.0,0.0,0.0,0.3,11:12,0.0,00:01,0.0,7.1,0.3
1782779333.156,0.0,0.0,0.0,0.3,11:12,0.0,00:01,0.0,7.1,0.3
1782779338.163,0.0,0.0,0.0,0.3,11:12,0.0,00:01,0.0,7.1,0.3
1782779343.172,0.0,0.0,0.0,0.3,11:12,0.0,00:01,0.0,7.1,0.3
1782779348.182,0.0,0.0,0.0,0.3,11:12,0.0,00:01,0.0,7.1,0.3
1782779353.187,0.0,0.0,0.0,0.3,11:12,0.0,00:01,0.0,7.1,0.3
1782779358.198,0.0,0.0,0.0,0.3,11:12,0.0,00:01,0.0,7.1,0.3
1782779363.204,0.0,0.0,0.0,0.3,11:12,0.0,00:01,0.0,7.1,0.3
1782779368.213,0.0,0.0,0.0,0.3,11:12,0.0,00:01,0.0,7.1,0.3
1782779373.223,0.0,0.0,0.0,0.3,11:12,0.0,00:01,0.0,7.1,0.3
1782779378.235,0.0,0.0,0.0,0.3,11:12,0.0,00:01,0.0,7.1,0.3
1782779383.244,0.0,0.0,0.0,0.3,11:12,0.0,00:01,0.0,7.1,0.3
1782779388.25,0.0,0.0,0.0,0.3,11:12,0.0,00:01,0.0,7.1,0.3
1782779393.258,0.0,0.0,0.0,0.3,11:12,0.0,00:01,0.0,7.1,0.3
1782779398.264,0.0,0.0,0.0,0.3,11:12,0.0,00:01,0.0,7.1,0.3
1782779403.274,0.0,0.0,0.0,0.3,11:12,0.0,00:01,0.0,7.1,0.3
1782779408.283,0.0,0.0,0.0,0.3,11:12,0.0,00:01,0.0,7.1,0.3
1782779413.295,0.0,0.0,0.0,0.3,11:12,0.0,00:01,0.0,7.1,0.3
1782779418.307,0.0,0.0,0.0,0.3,11:12,0.0,00:01,0.0,7.1,0.3
1782779423.317,0.0,0.0,0.0,0.3,11:12,0.0,00:01,0.0,7.1,0.3
1782779428.323,0.0,0.0,0.0,0.3,11:12,0.0,00:01,0.0,7.1,0.3
1782779433.327,0.0,0.0,0.0,0.3,11:12,0.0,00:01,0.0,7.1,0.3
1782779438.336,0.0,0.0,0.0,0.3,11:12,0.0,00:01,0.0,7.1,0.3
1782779443.346,0.0,0.0,0.0,0.3,11:12,0.0,00:01,0.0,7.1,0.3
1782779448.357,0.0,0.0,0.0,0.3,11:12,0.0,00:01,0.0,7.1,0.3
1782779453.368,0.0,0.0,0.0,0.3,11:12,0.0,00:01,0.0,7.1,0.3
1782779458.374,0.0,0.0,0.0,0.3,11:12,0.0,00:01,0.0,7.1,0.3
1782779463.384,0.0,0.0,0.0,0.3,11:12,0.0,00:01,0.0,7.1,0.3
1782779468.393,0.0,0.0,0.0,0.3,11:12,0.0,00:01,0.0,7.1,0.3
1782779473.404,0.0,0.0,0.0,0.3,11:12,0.0,00:01,0.0,7.1,0.3
1782779478.408,0.0,0.0,0.0,0.3,11:12,0.0,00:01,0.0,7.1,0.3
1782779483.418,0.0,0.0,0.0,0.3,11:12,0.0,00:01,0.0,7.1,0.3
1782779488.427,0.0,0.0,0.0,0.3,11:12,0.0,00:01,0.0,7.1,0.3
1782779493.438,0.0,0.0,0.0,0.3,11:12,0.0,00:01,0.0,7.1,0.3
1782779498.449,0.0,0.0,0.0,0.3,11:12,0.0,00:01,0.0,7.1,0.3
1782779503.457,0.0,0.0,0.0,0.3,11:12,0.0,00:01,0.0,7.1,0.3
1782779508.467,0.0,0.0,0.0,0.3,11:12,0.0,00:01,0.0,7.1,0.3
1782779513.48,0.0,0.0,0.0,0.3,11:12,0.0,00:01,0.0,7.1,0.3
1782779518.496,0.0,0.0,0.0,0.3,11:12,0.0,00:01,0.0,7.1,0.3
1782779523.505,0.0,0.0,0.0,0.3,11:12,0.0,00:01,0.0,7.1,0.3
1782779528.512,0.0,0.0,0.0,0.3,11:12,0.0,00:01,0.0,7.1,0.3
1782779533.526,0.0,0.0,0.0,0.3,11:12,0.0,00:01,0.0,7.1,0.3
1782779538.536,0.0,0.0,0.0,0.3,11:12,0.0,00:01,0.0,7.1,0.3
1782779543.549,0.0,0.0,0.0,0.3,11:12,0.0,00:01,0.0,7.1,0.3
1782779548.562,0.0,0.0,0.0,0.3,11:12,0.0,00:01,0.0,7.1,0.3
1782779553.565,0.0,0.0,0.0,0.3,11:12,0.0,00:01,0.0,7.1,0.3
1782779558.577,0.0,0.0,0.0,0.3,11:12,0.0,00:01,0.0,7.1,0.3
1782779563.592,0.0,0.0,0.0,0.3,11:12,0.0,00:01,0.0,7.1,0.3
1782779568.599,0.0,0.0,0.0,0.3,11:12,0.0,00:01,0.0,7.1,0.3
1782779573.602,0.0,0.0,0.0,0.3,11:12,0.0,00:01,0.0,7.1,0.3
1782779578.613,0.0,0.0,0.0,0.3,11:12,0.0,00:01,0.0,7.1,0.3
1782779583.62,0.0,0.0,0.0,0.3,11:12,0.0,00:01,0.0,7.1,0.3
1782779588.638,0.0,0.0,0.0,0.3,11:12,0.0,00:01,0.0,7.1,0.3
1782779593.651,0.0,0.0,0.0,0.3,11:12,0.0,00:01,0.0,7.1,0.3
1782779598.658,0.0,0.0,0.0,0.3,11:12,0.0,00:01,0.0,7.1,0.3
1782779603.673,0.0,0.0,0.0,0.3,11:12,0.0,00:01,0.0,7.1,0.3
1782779608.685,0.0,0.0,0.0,0.3,11:12,0.0,00:01,0.0,7.1,0.3
1782779613.699,0.0,0.0,0.0,0.3,11:12,0.0,00:01,0.0,7.1,0.3
1782779618.712,0.0,0.0,0.0,0.3,11:12,0.0,00:01,0.0,7.1,0.3
1782779623.717,0.0,0.0,0.0,0.3,11:12,0.0,00:01,0.0,7.1,0.3
1782779628.731,0.0,0.0,0.0,0.3,11:12,0.0,00:01,0.0,7.1,0.3
1782779633.748,0.0,0.0,0.0,0.3,11:12,0.0,00:01,0.0,7.1,0.3
1782779638.76,0.0,0.0,0.0,0.3,11:12,0.0,00:01,0.0,7.1,0.3
1782779643.767,0.0,0.0,0.0,0.3,11:12,0.0,00:01,0.0,7.1,0.3
1782779648.779,0.0,0.0,0.0,0.3,11:12,0.0,00:01,0.0,7.1,0.3
1782779653.792,0.0,0.0,0.0,0.3,11:12,0.0,00:01,0.0,7.1,0.3
1782779658.807,0.0,0.0,0.0,0.3,11:12,0.0,00:01,0.0,7.1,0.3
1782779663.82,0.0,0.0,0.0,0.3,11:12,0.0,00:01,0.0,7.1,0.3
1782779668.827,0.0,0.0,0.0,0.3,11:12,0.0,00:01,0.0,7.1,0.3
1782779673.84,0.0,0.0,0.0,0.3,11:12,0.0,00:01,0.0,7.1,0.3
1782779678.853,0.0,0.0,0.0,0.3,11:12,0.0,00:01,0.0,7.1,0.3
1782779683.859,0.0,0.0,0.0,0.3,11:12,0.0,00:01,0.0,7.1,0.3
1782779688.868,0.0,0.0,0.0,0.3,11:12,0.0,00:01,0.0,7.1,0.3
1782779693.873,0.0,0.0,0.0,0.3,11:12,0.0,00:01,0.0,7.1,0.3
1782779698.883,0.0,0.0,0.0,0.3,11:12,0.0,00:01,0.0,7.1,0.3
1782779703.894,0.0,0.0,0.0,0.3,11:12,0.0,00:01,0.0,7.1,0.3
1782779708.903,0.0,0.0,0.0,0.3,11:12,0.0,00:01,0.0,7.1,0.3
1782779713.914,0.0,0.0,0.0,0.3,11:12,0.0,00:01,0.0,7.1,0.3
1782779718.918,0.0,0.0,0.0,0.3,11:12,0.0,00:01,0.0,7.1,0.3
1782779723.927,0.0,0.0,0.0,0.3,11:12,0.0,00:01,0.0,7.1,0.3
1782779728.938,0.0,0.0,0.0,0.3,11:12,0.0,00:01,0.0,7.1,0.3
1782779733.947,0.0,0.0,0.0,0.3,11:12,0.0,00:01,0.0,7.1,0.3
1782779738.949,0.0,0.0,0.0,0.3,11:12,0.0,00:01,0.0,7.1,0.3
1782779743.959,0.0,0.0,0.0,0.3,11:12,0.0,00:01,0.0,7.1,0.3
1782779748.971,0.0,0.0,0.0,0.3,11:12,0.0,00:01,0.0,7.1,0.3
1782779753.982,0.0,0.0,0.0,0.3,11:12,0.0,00:01,0.0,7.1,0.3
1782779758.995,0.0,0.0,0.0,0.3,11:12,0.0,00:01,0.0,7.1,0.3
1782779764.005,0.0,0.0,0.0,0.3,11:12,0.0,00:01,0.0,7.1,0.3
1782779769.017,0.0,0.0,0.0,0.3,11:12,0.0,00:01,0.0,7.1,0.3
1782779774.029,0.0,0.0,0.0,0.3,11:12,0.0,00:01,0.0,7.1,0.3
1782779779.041,0.0,0.0,0.0,0.3,11:12,0.0,00:01,0.0,7.1,0.3
1782779784.051,0.0,0.0,0.0,0.3,11:12,0.0,00:01,0.0,7.1,0.3
1782779789.06,0.0,0.0,0.0,0.3,11:12,0.0,00:01,0.0,7.1,0.3
1782779794.07,0.0,0.0,0.0,0.3,11:12,0.0,00:01,0.0,7.1,0.3
1782779799.082,0.0,0.0,0.0,0.3,11:12,0.0,00:01,0.0,7.1,0.3
1782779804.093,0.0,0.0,0.0,0.3,11:12,0.0,00:01,0.0,7.1,0.3
1782779809.1,0.0,0.0,0.0,0.3,11:12,0.0,00:01,0.0,7.1,0.3
1782779814.11,0.0,0.0,0.0,0.3,11:12,0.0,00:01,0.0,7.1,0.3
1782779819.126,0.0,0.0,0.0,0.3,11:12,0.0,00:01,0.0,7.1,0.3
1782779824.138,0.0,0.0,0.0,0.3,11:12,0.0,00:01,0.0,7.1,0.3
1782779829.149,0.0,0.0,0.0,0.3,11:12,0.0,00:01,0.0,7.1,0.3
1782779834.157,0.0,0.0,0.0,0.3,11:12,0.0,00:01,0.0,7.1,0.3
1782779839.17,0.0,0.0,0.0,0.3,11:12,0.0,00:01,0.0,7.1,0.3
1782779844.185,0.0,0.0,0.0,0.3,11:12,0.0,00:01,0.0,7.1,0.3
1782779849.2,0.0,0.0,0.0,0.3,11:12,0.0,00:01,0.0,7.1,0.3
1782779854.213,0.0,0.0,0.0,0.3,11:12,0.0,00:01,0.0,7.1,0.3
1782779859.222,0.0,0.0,0.0,0.3,11:12,0.0,00:01,0.0,7.1,0.3
1782779864.232,0.0,0.0,0.0,0.3,11:12,0.0,00:01,0.0,7.1,0.3
1782779869.249,0.0,0.0,0.0,0.3,11:12,0.0,00:01,0.0,7.1,0.3
1782779874.262,0.0,0.0,0.0,0.3,11:12,0.0,00:01,0.0,7.1,0.3
1782779879.271,0.0,0.0,0.0,0.3,11:12,0.0,00:01,0.0,7.1,0.3
1782779884.278,0.0,0.0,0.0,0.3,11:12,0.0,00:01,0.0,7.1,0.3
1782779889.293,0.0,0.0,0.0,0.3,11:12,0.0,00:01,0.0,7.1,0.3
1782779894.309,0.0,0.0,0.0,0.3,11:12,0.0,00:01,0.0,7.1,0.3
1782779899.317,0.0,0.0,0.0,0.3,11:12,0.0,00:01,0.0,7.1,0.3
1782779904.325,0.0,0.0,0.0,0.3,11:12,0.0,00:01,0.0,7.1,0.3
1782779909.338,0.0,0.0,0.0,0.3,11:12,0.0,00:01,0.0,7.1,0.3
1782779914.351,0.0,0.0,0.0,0.3,11:12,0.0,00:01,0.0,7.1,0.3
1782779919.366,0.0,0.0,0.0,0.3,11:12,0.0,00:01,0.0,7.1,0.3
1782779924.378,0.0,0.0,0.0,0.3,11:12,0.0,00:01,0.0,7.1,0.3
1782779929.385,0.0,0.0,0.0,0.3,11:12,0.0,00:01,0.0,7.1,0.3
1782779934.397,0.0,0.0,0.0,0.3,11:12,0.0,00:01,0.0,7.1,0.3
1782779939.414,0.0,0.0,0.0,0.3,11:12,0.0,00:01,0.0,7.1,0.3
1782779944.427,0.0,0.0,0.0,0.3,11:12,0.0,00:01,0.0,7.1,0.3
1782779949.437,0.0,0.0,0.0,0.3,11:12,0.0,00:01,0.0,7.1,0.3
1782779954.444,0.0,0.0,0.0,0.3,11:12,0.0,00:01,0.0,7.1,0.3
1782779959.455,0.0,0.0,0.0,0.3,11:12,0.0,00:01,0.0,7.1,0.3
1782779964.467,0.0,0.0,0.0,0.3,11:12,0.0,00:01,0.0,7.1,0.3
1782779969.476,0.0,0.0,0.0,0.3,11:12,0.0,00:01,0.0,7.1,0.3
1782779974.487,0.0,0.0,0.0,0.3,11:12,0.0,00:01,0.0,7.1,0.3
1782779979.493,0.0,0.0,0.0,0.3,11:12,0.0,00:01,0.0,7.1,0.3
1782779984.503,0.0,0.0,0.0,0.3,11:12,0.0,00:01,0.0,7.1,0.3
1782779989.513,0.0,0.0,0.0,0.3,11:12,0.0,00:01,0.0,7.1,0.3
1782779994.523,0.0,0.0,0.0,0.3,11:12,0.0,00:01,0.0,7.1,0.3
1782779999.529,0.0,0.0,0.0,0.3,11:12,0.0,00:01,0.0,7.1,0.3
1782780004.54,0.0,0.0,0.0,0.3,11:12,0.0,00:01,0.0,7.1,0.3
1782780009.545,0.0,0.0,0.0,0.3,11:12,0.0,00:01,0.0,7.1,0.3
1782780014.555,0.0,0.0,0.0,0.3,11:12,0.0,00:01,0.0,7.1,0.3
1782780019.563,0.0,0.0,0.0,0.3,11:12,0.0,00:01,0.0,7.1,0.3
1782780024.565,0.0,0.0,0.0,0.3,11:12,0.0,00:01,0.0,7.1,0.3
1782780029.572,0.0,0.0,0.0,0.3,11:12,0.0,00:01,0.0,7.1,0.3
1782780034.58,0.0,0.0,0.0,0.3,11:12,0.0,00:01,0.0,7.1,0.3
1782780039.591,0.0,0.0,0.0,0.3,11:12,0.0,00:01,0.0,7.1,0.3
1782780044.603,0.0,0.0,0.0,0.3,11:12,0.0,00:01,0.0,7.1,0.3
1782780049.61,0.0,0.0,0.0,0.3,11:12,0.0,00:01,0.0,7.1,0.3
1782780054.624,0.0,0.0,0.0,0.3,11:12,0.0,00:01,0.0,7.1,0.3
1782780059.638,0.0,0.0,0.0,0.3,11:12,0.0,00:01,0.0,7.1,0.3
1782780064.649,0.0,0.0,0.0,0.3,11:12,0.0,00:01,0.0,7.1,0.3
1782780069.659,0.0,0.0,0.0,0.3,11:12,0.0,00:01,0.0,7.1,0.3
1782780074.669,0.0,0.0,0.0,0.3,11:12,0.0,00:01,0.0,7.1,0.3
1782780079.682,0.0,0.0,0.0,0.3,11:12,0.0,00:01,0.0,7.1,0.3
1782780084.695,0.0,0.0,0.0,0.3,11:12,0.0,00:01,0.0,7.1,0.3
1782780089.704,0.0,0.0,0.0,0.3,11:12,0.0,00:01,0.0,7.1,0.3
1782780094.71,0.0,0.0,0.0,0.3,11:12,0.0,00:01,0.0,7.1,0.3
1782780099.723,0.0,0.0,0.0,0.3,11:12,0.0,00:01,0.0,7.1,0.3
1782780104.739,0.0,0.0,0.0,0.3,11:12,0.0,00:01,0.0,7.1,0.3
1782780109.752,0.0,0.0,0.0,0.3,11:12,0.0,00:01,0.0,7.1,0.3
1782780114.761,0.0,0.0,0.0,0.3,11:12,0.0,00:01,0.0,7.1,0.3
1782780119.768,0.0,0.0,0.0,0.3,11:12,0.0,00:01,0.0,7.1,0.3
1782780124.785,0.0,0.0,0.0,0.3,11:12,0.0,00:01,0.0,7.1,0.3
1782780129.797,0.0,0.0,0.0,0.3,11:12,0.0,00:01,0.0,7.1,0.3
1782780134.81,0.0,0.0,0.0,0.3,11:12,0.0,00:01,0.0,7.1,0.3
1782780139.823,0.0,0.0,0.0,0.3,11:12,0.0,00:01,0.0,7.1,0.3
1782780144.831,0.0,0.0,0.0,0.3,11:12,0.0,00:01,0.0,7.1,0.3
1782780149.844,0.0,0.0,0.0,0.3,11:12,0.0,00:01,0.0,7.1,0.3
1782780154.857,0.0,0.0,0.0,0.3,11:12,0.0,00:01,0.0,7.1,0.3
1782780159.871,0.0,0.0,0.0,0.3,11:12,0.0,00:01,0.0,7.1,0.3
1782780164.878,0.0,0.0,0.0,0.3,11:12,0.0,00:01,0.0,7.1,0.3
1782780169.886,0.0,0.0,0.0,0.3,11:12,0.0,00:01,0.0,7.1,0.3
1782780174.893,0.0,0.0,0.0,0.3,11:12,0.0,00:01,0.0,7.1,0.3
1782780179.902,0.0,0.0,0.0,0.3,11:12,0.0,00:01,0.0,7.1,0.3
1782780184.911,0.0,0.0,0.0,0.3,11:12,0.0,00:01,0.0,7.1,0.3
1782780189.918,0.0,0.0,0.0,0.3,11:12,0.0,00:01,0.0,7.1,0.3
1782780194.929,0.0,0.0,0.0,0.3,11:12,0.0,00:01,0.0,7.1,0.3
1782780199.939,0.0,0.0,0.0,0.3,11:12,0.0,00:01,0.0,7.1,0.3
1782780204.945,0.0,0.0,0.0,0.3,11:12,0.0,00:01,0.0,7.1,0.3
1782780209.951,0.0,0.0,0.0,0.3,11:12,0.0,00:01,0.0,7.1,0.3
1782780214.952,0.0,0.0,0.0,0.3,11:12,0.0,00:01,0.0,7.1,0.3
1782780219.965,0.0,0.0,0.0,0.3,11:12,0.0,00:01,0.0,7.1,0.3
1782780224.974,0.0,0.0,0.0,0.3,11:12,0.0,00:01,0.0,7.1,0.3
1782780229.984,0.0,0.0,0.0,0.3,11:12,0.0,00:01,0.0,7.1,0.3
1782780234.995,0.0,0.0,0.0,0.3,11:12,0.0,00:01,0.0,7.1,0.3
1782780240.001,0.0,0.0,0.0,0.3,11:12,0.0,00:01,0.0,7.1,0.3
1782780245.014,0.0,0.0,0.0,0.3,11:12,0.0,00:01,0.0,7.1,0.3
1782780250.024,0.0,0.0,0.0,0.3,11:12,0.0,00:01,0.0,7.1,0.3
1782780255.033,0.0,0.0,0.0,0.3,11:12,0.0,00:01,0.0,7.1,0.3
1782780260.038,0.0,0.0,0.0,0.3,11:12,0.0,00:01,0.0,7.1,0.3
1782780265.051,0.0,0.0,0.0,0.3,11:12,0.0,00:01,0.0,7.1,0.3
1782780270.061,0.0,0.0,0.0,0.3,11:12,0.0,00:01,0.0,7.1,0.3
1782780275.071,0.0,0.0,0.0,0.3,11:12,0.0,00:01,0.0,7.1,0.3
1782780280.081,0.0,0.0,0.0,0.3,11:12,0.0,00:01,0.0,7.1,0.3
1782780285.087,0.0,0.0,0.0,0.3,11:12,0.0,00:01,0.0,7.1,0.3
1782780290.105,0.0,0.0,0.0,0.3,11:12,0.0,00:01,0.0,7.1,0.3
1782780295.117,0.0,0.0,0.0,0.3,11:12,0.0,00:01,0.0,7.1,0.3
1782780300.129,0.0,0.0,0.0,0.3,11:12,0.0,00:01,0.0,7.1,0.3
1782780305.143,0.0,0.0,0.0,0.3,11:12,0.0,00:01,0.0,7.1,0.3
1782780310.15,0.0,0.0,0.0,0.3,11:12,0.0,00:01,0.0,7.1,0.3
1782780315.165,0.0,0.0,0.0,0.3,11:12,0.0,00:01,0.0,7.1,0.3
1782780320.173,0.0,0.0,0.0,0.3,11:12,0.0,00:01,0.0,7.1,0.3
1782780325.184,0.0,0.0,0.0,0.3,11:12,0.0,00:01,0.0,7.1,0.3
1782780330.191,0.0,0.0,0.0,0.3,11:12,0.0,00:01,0.0,7.1,0.3
1782780335.207,0.0,0.0,0.0,0.3,11:12,0.0,00:01,0.0,7.1,0.3
1782780340.217,0.0,0.0,0.0,0.3,11:12,0.0,00:01,0.0,7.1,0.3
1782780345.23,0.0,0.0,0.0,0.3,11:12,0.0,00:01,0.0,7.1,0.3
1782780350.243,0.0,0.0,0.0,0.3,11:12,0.0,00:01,0.0,7.1,0.3
1782780355.249,0.0,0.0,0.0,0.3,11:12,0.0,00:01,0.0,7.1,0.3
1782780360.266,0.0,0.0,0.0,0.3,11:12,0.0,00:01,0.0,7.1,0.3
1782780365.277,0.0,0.0,0.0,0.3,11:12,0.0,00:01,0.0,7.1,0.3
1782780370.289,0.0,0.0,0.0,0.3,11:12,0.0,00:01,0.0,7.1,0.3
1782780375.302,0.0,0.0,0.0,0.3,11:12,0.0,00:01,0.0,7.1,0.3
1782780380.311,0.0,0.0,0.0,0.3,11:12,0.0,00:01,0.0,7.1,0.3
1782780385.323,0.0,0.0,0.0,0.3,11:12,0.0,00:01,0.0,7.1,0.3
1782780390.337,0.0,0.0,0.0,0.3,11:12,0.0,00:01,0.0,7.1,0.3
1782780395.349,0.0,0.0,0.0,0.3,11:12,0.0,00:01,0.0,7.1,0.3
1782780400.355,0.0,0.0,0.0,0.3,11:12,0.0,00:01,0.0,7.1,0.3
1782780405.363,0.0,0.0,0.0,0.3,11:12,0.0,00:01,0.0,7.1,0.3
1782780410.374,0.0,0.0,0.0,0.3,11:12,0.0,00:01,0.0,7.1,0.3
1782780415.388,0.0,0.0,0.0,0.3,11:12,0.0,00:01,0.0,7.1,0.3
1782780420.4,0.0,0.0,0.0,0.3,11:12,0.0,00:01,0.0,7.1,0.3
1782780425.408,0.0,0.0,0.0,0.3,11:12,0.0,00:01,0.0,7.1,0.3
1782780430.421,0.0,0.0,0.0,0.3,11:12,0.0,00:01,0.0,7.1,0.3
1782780435.433,0.0,0.0,0.0,0.3,11:12,0.0,00:01,0.0,7.1,0.3
1782780440.444,0.0,0.0,0.0,0.3,11:12,0.0,00:01,0.0,7.1,0.3
1782780445.458,0.0,0.0,0.0,0.3,11:12,0.0,00:01,0.0,7.1,0.3
1782780450.463,0.0,0.0,0.0,0.3,11:12,0.0,00:01,0.0,7.1,0.3
1782780455.474,0.0,0.0,0.0,0.3,11:12,0.0,00:01,0.0,7.1,0.3
1782780460.488,0.0,0.0,0.0,0.3,11:12,0.0,00:01,0.0,7.1,0.3
1782780465.5,0.0,0.0,0.0,0.3,11:12,0.0,00:01,0.0,7.1,0.3
1782780470.509,0.0,0.0,0.0,0.3,11:12,0.0,00:01,0.0,7.1,0.3
1782780475.519,0.0,0.0,0.0,0.3,11:12,0.0,00:01,0.0,7.1,0.3
1782780480.532,0.0,0.0,0.0,0.3,11:12,0.0,00:01,0.0,7.1,0.3
1782780485.545,0.0,0.0,0.0,0.3,11:12,0.0,00:01,0.0,7.1,0.3
1782780490.559,0.0,0.0,0.0,0.3,11:12,0.0,00:01,0.0,7.1,0.3
1782780495.563,0.0,0.0,0.0,0.3,11:12,0.0,00:01,0.0,7.1,0.3
1782780500.577,0.0,0.0,0.0,0.3,11:12,0.0,00:01,0.0,7.1,0.3
1782780505.589,0.0,0.0,0.0,0.3,11:12,0.0,00:01,0.0,7.1,0.3
1782780510.601,0.0,0.0,0.0,0.3,11:12,0.0,00:01,0.0,7.1,0.3
1782780515.614,0.0,0.0,0.0,0.3,11:12,0.0,00:01,0.0,7.1,0.3
1782780520.621,0.0,0.0,0.0,0.3,11:12,0.0,00:01,0.0,7.1,0.3
1782780525.632,0.0,0.0,0.0,0.3,11:12,0.0,00:01,0.0,7.1,0.3
1782780530.647,0.0,0.0,0.0,0.3,11:12,0.0,00:01,0.0,7.1,0.3
1782780535.66,0.0,0.0,0.0,0.3,11:12,0.0,00:01,0.0,7.1,0.3
1782780540.672,0.0,0.0,0.0,0.3,11:12,0.0,00:01,0.0,7.1,0.3
1782780545.681,0.0,0.0,0.0,0.3,11:12,0.0,00:01,0.0,7.1,0.3
1782780550.694,0.0,0.0,0.0,0.3,11:12,0.0,00:01,0.0,7.1,0.3
1782780555.708,0.0,0.0,0.0,0.3,11:12,0.0,00:01,0.0,7.1,0.3
1782780560.721,0.0,0.0,0.0,0.3,11:12,0.0,00:01,0.0,7.1,0.3
1782780565.736,0.0,0.0,0.0,0.3,11:12,0.0,00:01,0.0,7.1,0.3
1782780570.743,0.0,0.0,0.0,0.3,11:12,0.0,00:01,0.0,7.1,0.3
1782780575.755,0.0,0.0,0.0,0.3,11:12,0.0,00:01,0.0,7.1,0.3
1782780580.765,0.0,0.0,0.0,0.3,11:12,0.0,00:01,0.0,7.1,0.3
1782780585.779,0.0,0.0,0.0,0.3,11:12,0.0,00:01,0.0,7.1,0.3
1782780590.789,0.0,0.0,0.0,0.3,11:12,0.0,00:01,0.0,7.1,0.3
1782780595.802,0.0,0.0,0.0,0.3,11:12,0.0,00:01,0.0,7.1,0.3
1782780600.815,0.0,0.0,0.0,0.3,11:12,0.0,00:01,0.0,7.1,0.3
1782780605.828,0.0,0.0,0.0,0.3,11:12,0.0,00:01,0.0,7.1,0.3
1782780610.839,0.0,0.0,0.0,0.3,11:12,0.0,00:01,0.0,7.1,0.3
1782780615.848,0.0,0.0,0.0,0.3,11:12,0.0,00:01,0.0,7.1,0.3
1782780620.86,0.0,0.0,0.0,0.3,11:12,0.0,00:01,0.0,7.1,0.3
1782780625.869,0.0,0.0,0.0,0.3,11:12,0.0,00:01,0.0,7.1,0.3
1782780630.879,0.0,0.0,0.0,0.3,11:12,0.0,00:01,0.0,7.1,0.3
1782780635.89,0.0,0.0,0.0,0.3,11:12,0.0,00:01,0.0,7.1,0.3
1782780640.897,0.0,0.0,0.0,0.3,11:12,0.0,00:01,0.0,7.1,0.3
1782780645.912,0.0,0.0,0.0,0.3,11:12,0.0,00:01,0.0,7.1,0.3
1782780650.925,0.0,0.0,0.0,0.3,11:12,0.0,00:01,0.0,7.1,0.3
1782780655.936,0.0,0.0,0.0,0.3,11:12,0.0,00:01,0.0,7.1,0.3
1782780660.951,0.0,0.0,0.0,0.3,11:12,0.0,00:01,0.0,7.1,0.3
1782780665.957,0.0,0.0,0.0,0.3,11:12,0.0,00:01,0.0,7.1,0.3
1782780670.966,0.0,0.0,0.0,0.3,11:12,0.0,00:01,0.0,7.1,0.3
1782780675.979,0.0,0.0,0.0,0.3,11:12,0.0,00:01,0.0,7.1,0.3
1782780680.991,0.0,0.0,0.0,0.3,11:12,0.0,00:01,0.0,7.1,0.3
1782780686.002,0.0,0.0,0.0,0.3,11:12,0.0,00:01,0.0,7.1,0.3
1782780691.014,0.0,0.0,0.0,0.3,11:12,0.0,00:01,0.0,7.1,0.3
1782780696.026,0.0,0.0,0.0,0.3,11:12,0.0,00:01,0.0,7.1,0.3
1782780701.036,0.0,0.0,0.0,0.3,11:12,0.0,00:01,0.0,7.1,0.3
1782780706.042,0.0,0.0,0.0,0.3,11:12,0.0,00:01,0.0,7.1,0.3
1782780711.048,0.0,0.0,0.0,0.3,11:12,0.0,00:01,0.0,7.1,0.3
1782780716.059,0.0,0.0,0.0,0.3,11:12,0.0,00:01,0.0,7.1,0.3
1782780721.068,0.0,0.0,0.0,0.3,11:12,0.0,00:01,0.0,7.1,0.3
1782780726.073,0.0,0.0,0.0,0.3,11:12,0.0,00:01,0.0,7.1,0.3
1782780731.089,0.0,0.0,0.0,0.3,11:12,0.0,00:01,0.0,7.1,0.3
1782780736.093,0.0,0.0,0.0,0.3,11:12,0.0,00:01,0.0,7.1,0.3
1782780741.108,0.0,0.0,0.0,0.3,11:12,0.0,00:01,0.0,7.1,0.3
1782780746.122,0.0,0.0,0.0,0.3,11:12,0.0,00:01,0.0,7.1,0.3
1782780751.134,0.0,0.0,0.0,0.3,11:12,0.0,00:01,0.0,7.1,0.3
1782780756.143,0.0,0.0,0.0,0.3,11:12,0.0,00:01,0.0,7.1,0.3
1782780761.156,0.0,0.0,0.0,0.3,11:12,0.0,00:01,0.0,7.1,0.3
1782780766.168,0.0,0.0,0.0,0.3,11:12,0.0,00:01,0.0,7.1,0.3
1782780771.18,0.0,0.0,0.0,0.3,11:12,0.0,00:01,0.0,7.1,0.3
1782780776.198,0.0,0.0,0.0,0.3,11:12,0.0,00:01,0.0,7.1,0.3
1782780781.205,0.0,0.0,0.0,0.3,11:12,0.0,00:01,0.0,7.1,0.3
1782780786.22,0.0,0.0,0.0,0.3,11:12,0.0,00:01,0.0,7.1,0.3
1782780791.229,0.0,0.0,0.0,0.3,11:12,0.0,00:01,0.0,7.1,0.3
1782780796.24,0.0,0.0,0.0,0.3,11:12,0.0,00:01,0.0,7.1,0.3
1782780801.255,0.0,0.0,0.0,0.3,11:12,0.0,00:01,0.0,7.1,0.3
1782780806.262,0.0,0.0,0.0,0.3,11:12,0.0,00:01,0.0,7.1,0.3
1782780811.275,0.0,0.0,0.0,0.3,11:12,0.0,00:01,0.0,7.1,0.3
1782780816.291,0.0,0.0,0.0,0.3,11:12,0.0,00:01,0.0,7.1,0.3
1782780821.305,0.0,0.0,0.0,0.3,11:12,0.0,00:01,0.0,7.1,0.3
1782780826.313,0.0,0.0,0.0,0.3,11:12,0.0,00:01,0.0,7.1,0.3
1782780831.321,0.0,0.0,0.0,0.3,11:12,0.0,00:01,0.0,7.1,0.3
1782780836.332,0.0,0.0,0.0,0.3,11:12,0.0,00:01,0.0,7.1,0.3
1782780841.345,0.0,0.0,0.0,0.3,11:12,0.0,00:01,0.0,7.1,0.3
1782780846.358,0.0,0.0,0.0,0.3,11:12,0.0,00:01,0.0,7.1,0.3
1782780851.364,0.0,0.0,0.0,0.3,11:12,0.0,00:01,0.0,7.1,0.3
1782780856.377,0.0,0.0,0.0,0.3,11:12,0.0,00:01,0.0,7.1,0.3
1782780861.392,0.0,0.0,0.0,0.3,11:12,0.0,00:01,0.0,7.1,0.3
1782780866.405,0.0,0.0,0.0,0.3,11:12,0.0,00:01,0.0,7.1,0.3
1782780871.418,0.0,0.0,0.0,0.3,11:12,0.0,00:01,0.0,7.1,0.3
1782780876.426,0.0,0.0,0.0,0.3,11:12,0.0,00:01,0.0,7.1,0.3
1782780881.436,0.0,0.0,0.0,0.3,11:12,0.0,00:01,0.0,7.1,0.3
1782780886.449,0.0,0.0,0.0,0.3,11:12,0.0,00:01,0.0,7.1,0.3
1782780891.459,0.0,0.0,0.0,0.3,11:12,0.0,00:01,0.0,7.1,0.3
1782780896.469,0.0,0.0,0.0,0.3,11:12,0.0,00:01,0.0,7.1,0.3
1782780901.473,0.0,0.0,0.0,0.3,11:12,0.0,00:01,0.0,7.1,0.3
1782780906.482,0.0,0.0,0.0,0.3,11:12,0.0,00:01,0.0,7.1,0.3
1782780911.489,0.0,0.0,0.0,0.3,11:12,0.0,00:01,0.0,7.1,0.3
1782780916.501,0.0,0.0,0.0,0.3,11:12,0.0,00:01,0.0,7.1,0.3
1782780921.508,0.0,0.0,0.0,0.3,11:12,0.0,00:01,0.0,7.1,0.3
1782780926.515,0.0,0.0,0.0,0.3,11:12,0.0,00:01,0.0,7.1,0.3
1782780931.529,0.0,0.0,0.0,0.3,11:12,0.0,00:01,0.0,7.1,0.3
1782780936.542,0.0,0.0,0.0,0.3,11:12,0.0,00:01,0.0,7.1,0.3
1782780941.557,0.0,0.0,0.0,0.3,11:12,0.0,00:01,0.0,7.1,0.3
1782780946.564,0.0,0.0,0.0,0.3,11:12,0.0,00:01,0.0,7.1,0.3
1782780951.578,0.0,0.0,0.0,0.3,11:12,0.0,00:01,0.0,7.1,0.3
1782780956.591,0.0,0.0,0.0,0.3,11:12,0.0,00:01,0.0,7.1,0.3
1782780961.607,0.0,0.0,0.0,0.3,11:12,0.0,00:01,0.0,7.1,0.3
1782780966.621,0.0,0.0,0.0,0.3,11:12,0.0,00:01,0.0,7.1,0.3
1782780971.625,0.0,0.0,0.0,0.3,11:12,0.0,00:01,0.0,7.1,0.3
1782780976.635,0.0,0.0,0.0,0.3,11:12,0.0,00:01,0.0,7.1,0.3
1782780981.647,0.0,0.0,0.0,0.3,11:12,0.0,00:01,0.0,7.1,0.3
1782780986.661,0.0,0.0,0.0,0.3,11:12,0.0,00:01,0.0,7.1,0.3
1782780991.674,0.0,0.0,0.0,0.3,11:12,0.0,00:01,0.0,7.1,0.3
1782780996.682,0.0,0.0,0.0,0.3,11:12,0.0,00:01,0.0,7.1,0.3
1782781001.696,0.0,0.0,0.0,0.3,11:12,0.0,00:01,0.0,7.1,0.3
1782781006.709,0.0,0.0,0.0,0.3,11:12,0.0,00:01,0.0,7.1,0.3
1782781011.719,0.0,0.0,0.0,0.3,11:12,0.0,00:01,0.0,7.1,0.3
1782781016.726,0.0,0.0,0.0,0.3,11:12,0.0,00:01,0.0,7.1,0.3
1782781021.739,0.0,0.0,0.0,0.3,11:12,0.0,00:01,0.0,7.1,0.3
1782781026.751,0.0,0.0,0.0,0.3,11:12,0.0,00:01,0.0,7.1,0.3
1782781031.768,0.0,0.0,0.0,0.3,11:12,0.0,00:01,0.0,7.1,0.3
1782781036.781,0.0,0.0,0.0,0.3,11:12,0.0,00:01,0.0,7.1,0.3
1782781041.788,0.0,0.0,0.0,0.3,11:12,0.0,00:01,0.0,7.1,0.3
1782781046.804,0.0,0.0,0.0,0.3,11:12,0.0,00:01,0.0,7.1,0.3
1782781051.815,0.0,0.0,0.0,0.3,11:12,0.0,00:01,0.0,7.1,0.3
1782781056.829,0.0,0.0,0.0,0.3,11:12,0.0,00:01,0.0,7.1,0.3
1782781061.838,0.0,0.0,0.0,0.3,11:12,0.0,00:01,0.0,7.1,0.3
1782781066.845,0.0,0.0,0.0,0.3,11:12,0.0,00:01,0.0,7.1,0.3
1782781071.859,0.0,0.0,0.0,0.3,11:12,0.0,00:01,0.0,7.1,0.3
1782781076.871,0.0,0.0,0.0,0.3,11:12,0.0,00:01,0.0,7.1,0.3
1782781081.885,0.0,0.0,0.0,0.3,11:12,0.0,00:01,0.0,7.1,0.3
1782781086.897,0.0,0.0,0.0,0.3,11:12,0.0,00:01,0.0,7.1,0.3
1782781091.904,0.0,0.0,0.0,0.3,11:12,0.0,00:01,0.0,7.1,0.3
1782781096.916,0.0,0.0,0.0,0.3,11:12,0.0,00:01,0.0,7.1,0.3
1782781101.933,0.0,0.0,0.0,0.3,11:12,0.0,00:01,0.0,7.1,0.3
1782781106.939,0.0,0.0,0.0,0.3,11:12,0.0,00:01,0.0,7.1,0.3
1782781111.945,0.0,0.0,0.0,0.3,11:12,0.0,00:01,0.0,7.1,0.3
1782781116.956,0.0,0.0,0.0,0.3,11:12,0.0,00:01,0.0,7.1,0.3
1782781121.965,0.0,0.0,0.0,0.3,11:12,0.0,00:01,0.0,7.1,0.3
1782781126.977,0.0,0.0,0.0,0.3,11:12,0.0,00:01,0.0,7.1,0.3
1782781131.987,0.0,0.0,0.0,0.3,11:12,0.0,00:01,0.0,7.1,0.3
1782781136.993,0.0,0.0,0.0,0.3,11:12,0.0,00:01,0.0,7.1,0.3
1782781142.003,0.0,0.0,0.0,0.3,11:12,0.0,00:01,0.0,7.1,0.3
1782781147.014,0.0,0.0,0.0,0.3,11:12,0.0,00:01,0.0,7.1,0.3
1782781152.026,0.0,0.0,0.0,0.3,11:12,0.0,00:01,0.0,7.1,0.3
1782781157.034,0.0,0.0,0.0,0.3,11:12,0.0,00:01,0.0,7.1,0.3
1782781162.041,0.0,0.0,0.0,0.3,11:12,0.0,00:01,0.0,7.1,0.3
1782781167.053,0.0,0.0,0.0,0.3,11:12,0.0,00:01,0.0,7.1,0.3
1782781172.062,0.0,0.0,0.0,0.3,11:12,0.0,00:01,0.0,7.1,0.3
1782781177.072,0.0,0.0,0.0,0.3,11:12,0.0,00:01,0.0,7.1,0.3
1782781182.08,0.0,0.0,0.0,0.3,11:12,0.0,00:01,0.0,7.1,0.3
1782781187.087,0.0,0.0,0.0,0.3,11:12,0.0,00:01,0.0,7.1,0.3
1782781192.095,0.0,0.0,0.0,0.3,11:12,0.0,00:01,0.0,7.1,0.3
1782781197.107,0.0,0.0,0.0,0.3,11:12,0.0,00:01,0.0,7.1,0.3
1782781202.114,0.0,0.0,0.0,0.3,11:12,0.0,00:01,0.0,7.1,0.3
1782781207.12,0.0,0.0,0.0,0.3,11:12,0.0,00:01,0.0,7.1,0.3
1782781212.136,0.0,0.0,0.0,0.3,11:12,0.0,00:01,0.0,7.1,0.3
1782781217.147,0.0,0.0,0.0,0.3,11:12,0.0,00:01,0.0,7.1,0.3
1782781222.158,0.0,0.0,0.0,0.3,11:12,0.0,00:01,0.0,7.1,0.3
1782781227.17,0.0,0.0,0.0,0.3,11:12,0.0,00:01,0.0,7.1,0.3
1782781232.177,0.0,0.0,0.0,0.3,11:12,0.0,00:01,0.0,7.1,0.3
1782781237.189,0.0,0.0,0.0,0.3,11:12,0.0,00:01,0.0,7.1,0.3
1782781242.205,0.0,0.0,0.0,0.3,11:12,0.0,00:01,0.0,7.1,0.3
1782781247.219,0.0,0.0,0.0,0.3,11:12,0.0,00:01,0.0,7.1,0.3
1782781252.232,0.0,0.0,0.0,0.3,11:12,0.0,00:01,0.0,7.1,0.3
1782781257.242,0.0,0.0,0.0,0.3,11:12,0.0,00:01,0.0,7.1,0.3
1782781262.255,0.0,0.0,0.0,0.3,11:12,0.0,00:01,0.0,7.1,0.3
1782781267.265,0.0,0.0,0.0,0.3,11:12,0.0,00:01,0.0,7.1,0.3
1782781272.277,0.0,0.0,0.0,0.3,11:12,0.0,00:01,0.0,7.1,0.3
1782781277.284,0.0,0.0,0.0,0.3,11:12,0.0,00:01,0.0,7.1,0.3
1782781282.296,0.0,0.0,0.0,0.3,11:12,0.0,00:01,0.0,7.1,0.3
1782781287.311,0.0,0.0,0.0,0.3,11:12,0.0,00:01,0.0,7.1,0.3
1782781292.325,0.0,0.0,0.0,0.3,11:12,0.0,00:01,0.0,7.1,0.3
1782781297.339,0.0,0.0,0.0,0.3,11:12,0.0,00:01,0.0,7.1,0.3
1782781302.348,0.0,0.0,0.0,0.3,11:12,0.0,00:01,0.0,7.1,0.3
1782781307.36,0.0,0.0,0.0,0.3,11:12,0.0,00:01,0.0,7.1,0.3
1782781312.374,0.0,0.0,0.0,0.3,11:12,0.0,00:01,0.0,7.1,0.3
1782781317.387,0.0,0.0,0.0,0.3,11:12,0.0,00:01,0.0,7.1,0.3
1782781322.4,0.0,0.0,0.0,0.3,11:12,0.0,00:01,0.0,7.1,0.3
1782781327.405,0.0,0.0,0.0,0.3,11:12,0.0,00:01,0.0,7.1,0.3
1782781332.419,0.0,0.0,0.0,0.3,11:12,0.0,00:01,0.0,7.1,0.3
1782781337.431,0.0,0.0,0.0,0.3,11:12,0.0,00:01,0.0,7.1,0.3
1782781342.444,0.0,0.0,0.0,0.3,11:12,0.0,00:01,0.0,7.1,0.3
1782781347.459,0.0,0.0,0.0,0.3,11:12,0.0,00:01,0.0,7.1,0.3
1782781352.466,0.0,0.0,0.0,0.3,11:12,0.0,00:01,0.0,7.1,0.3
1782781357.481,0.0,0.0,0.0,0.3,11:12,0.0,00:01,0.0,7.1,0.3
1782781362.496,0.0,0.0,0.0,0.3,11:12,0.0,00:01,0.0,7.1,0.3
1782781367.504,0.0,0.0,0.0,0.3,11:12,0.0,00:01,0.0,7.1,0.3
1782781372.508,0.0,0.0,0.0,0.3,11:12,0.0,00:01,0.0,7.1,0.3
1782781377.516,0.0,0.0,0.0,0.3,11:12,0.0,00:01,0.0,7.1,0.3
1782781382.528,0.0,0.0,0.0,0.3,11:12,0.0,00:01,0.0,7.1,0.3
1782781387.533,0.0,0.0,0.0,0.3,11:12,0.0,00:01,0.0,7.1,0.3
1782781392.543,0.0,0.0,0.0,0.3,11:12,0.0,00:01,0.0,7.1,0.3
1782781397.549,0.0,0.0,0.0,0.3,11:12,0.0,00:01,0.0,7.1,0.3
1782781402.558,0.0,0.0,0.0,0.3,11:12,0.0,00:01,0.0,7.1,0.3
1782781407.567,0.0,0.0,0.0,0.3,11:12,0.0,00:01,0.0,7.1,0.3
1782781412.575,0.0,0.0,0.0,0.3,11:12,0.0,00:01,0.0,7.1,0.3
1782781417.584,0.0,0.0,0.0,0.3,11:12,0.0,00:01,0.0,7.1,0.3
1782781422.59,0.0,0.0,0.0,0.3,11:12,0.0,00:01,0.0,7.1,0.3
1782781427.596,0.0,0.0,0.0,0.3,11:12,0.0,00:01,0.0,7.1,0.3
1782781432.607,0.0,0.0,0.0,0.3,11:12,0.0,00:01,0.0,7.1,0.3
1782781437.616,0.0,0.0,0.0,0.3,11:12,0.0,00:01,0.0,7.1,0.3
1782781442.624,0.0,0.0,0.0,0.3,11:12,0.0,00:01,0.0,7.1,0.3
1782781447.63,0.0,0.0,0.0,0.3,11:12,0.0,00:01,0.0,7.1,0.3
1782781452.638,0.0,0.0,0.0,0.3,11:12,0.0,00:01,0.0,7.1,0.3
1782781457.647,0.0,0.0,0.0,0.3,11:12,0.0,00:01,0.0,7.1,0.3
1782781462.655,0.0,0.0,0.0,0.3,11:12,0.0,00:01,0.0,7.1,0.3
1782781467.661,0.0,0.0,0.0,0.3,11:12,0.0,00:01,0.0,7.1,0.3
1782781472.672,0.0,0.0,0.0,0.3,11:12,0.0,00:01,0.0,7.1,0.3
1782781477.679,0.0,0.0,0.0,0.3,11:12,0.0,00:01,0.0,7.1,0.3
1782781482.687,0.0,0.0,0.0,0.3,11:12,0.0,00:01,0.0,7.1,0.3
1782781487.697,0.0,0.0,0.0,0.3,11:12,0.0,00:01,0.0,7.1,0.3
1782781492.703,0.0,0.0,0.0,0.3,11:12,0.0,00:01,0.0,7.1,0.3
1782781497.713,0.0,0.0,0.0,0.3,11:12,0.0,00:01,0.0,7.1,0.3
1782781502.726,0.0,0.0,0.0,0.3,11:12,0.0,00:01,0.0,7.1,0.3
1782781507.736,0.0,0.0,0.0,0.3,11:12,0.0,00:01,0.0,7.1,0.3
1782781512.745,0.0,0.0,0.0,0.3,11:12,0.0,00:01,0.0,7.1,0.3
1782781517.747,0.0,0.0,0.0,0.3,11:12,0.0,00:01,0.0,7.1,0.3
1782781522.759,0.0,0.0,0.0,0.3,11:12,0.0,00:01,0.0,7.1,0.3
1782781527.769,0.0,0.0,0.0,0.3,11:12,0.0,00:01,0.0,7.1,0.3
1782781532.779,0.0,0.0,0.0,0.3,11:12,0.0,00:01,0.0,7.1,0.3
1782781537.782,0.0,0.0,0.0,0.3,11:12,0.0,00:01,0.0,7.1,0.3
1782781542.792,0.0,0.0,0.0,0.3,11:12,0.0,00:01,0.0,7.1,0.3
1782781547.799,0.0,0.0,0.0,0.3,11:12,0.0,00:01,0.0,7.1,0.3
1782781552.806,0.0,0.0,0.0,0.3,11:12,0.0,00:01,0.0,7.1,0.3
1782781557.817,0.0,0.0,0.0,0.3,11:12,0.0,00:01,0.0,7.1,0.3
1782781562.822,0.0,0.0,0.0,0.3,11:12,0.0,00:01,0.0,7.1,0.3
1782781567.833,0.0,0.0,0.0,0.3,11:12,0.0,00:01,0.0,7.1,0.3
1782781572.844,0.0,0.0,0.0,0.3,11:12,0.0,00:01,0.0,7.1,0.3
1782781577.851,0.0,0.0,0.0,0.3,11:12,0.0,00:01,0.0,7.1,0.3
1782781582.857,0.0,0.0,0.0,0.3,11:12,0.0,00:01,0.0,7.1,0.3
1782781587.864,0.0,0.0,0.0,0.3,11:12,0.0,00:01,0.0,7.1,0.3
1782781592.876,0.0,0.0,0.0,0.3,11:12,0.0,00:01,0.0,7.1,0.3
1782781597.885,0.0,0.0,0.0,0.3,11:12,0.0,00:01,0.0,7.1,0.3
1782781602.892,0.0,0.0,0.0,0.3,11:12,0.0,00:01,0.0,7.1,0.3
1782781607.899,0.0,0.0,0.0,0.3,11:12,0.0,00:01,0.0,7.1,0.3
1782781612.91,0.0,0.0,0.0,0.3,11:12,0.0,00:01,0.0,7.1,0.3
1782781617.921,0.0,0.0,0.0,0.3,11:12,0.0,00:01,0.0,7.1,0.3
1782781622.927,0.0,0.0,0.0,0.3,11:12,0.0,00:01,0.0,7.1,0.3
1782781627.936,0.0,0.0,0.0,0.3,11:12,0.0,00:01,0.0,7.1,0.3
1782781632.942,0.0,0.0,0.0,0.3,11:12,0.0,00:01,0.0,7.1,0.3
1782781637.951,0.0,0.0,0.0,0.3,11:12,0.0,00:01,0.0,7.1,0.3
1782781642.963,0.0,0.0,0.0,0.3,11:12,0.0,00:01,0.0,7.1,0.3
1782781647.971,0.0,0.0,0.0,0.3,11:12,0.0,00:01,0.0,7.1,0.3
1782781652.974,0.0,0.0,0.0,0.3,11:12,0.0,00:01,0.0,7.1,0.3
1782781657.981,0.0,0.0,0.0,0.3,11:12,0.0,00:01,0.0,7.1,0.3
1782781662.988,0.0,0.0,0.0,0.3,11:12,0.0,00:01,0.0,7.1,0.3
1782781667.995,0.0,0.0,0.0,0.3,11:12,0.0,00:01,0.0,7.1,0.3
1782781673.002,0.0,0.0,0.0,0.3,11:12,0.0,00:01,0.0,7.1,0.3
1782781678.008,0.0,0.0,0.0,0.3,11:12,0.0,00:01,0.0,7.1,0.3
1782781683.018,0.0,0.0,0.0,0.3,11:12,0.0,00:01,0.0,7.1,0.3
1782781688.03,0.0,0.0,0.0,0.3,11:12,0.0,00:01,0.0,7.1,0.3
1782781693.039,0.0,0.0,0.0,0.3,11:12,0.0,00:01,0.0,7.1,0.3
1782781698.048,0.0,0.0,0.0,0.3,11:12,0.0,00:01,0.0,7.1,0.3
1782781703.057,0.0,0.0,0.0,0.3,11:12,0.0,00:01,0.0,7.1,0.3
1782781708.07,0.0,0.0,0.0,0.3,11:12,0.0,00:01,0.0,7.1,0.3
1782781713.086,0.0,0.0,0.0,0.3,11:12,0.0,00:01,0.0,7.1,0.3
1782781718.095,0.0,0.0,0.0,0.3,11:12,0.0,00:01,0.0,7.1,0.3
1782781723.102,0.0,0.0,0.0,0.3,11:12,0.0,00:01,0.0,7.1,0.3
1782781728.113,0.0,0.0,0.0,0.3,11:12,0.0,00:01,0.0,7.1,0.3
1782781733.123,0.0,0.0,0.0,0.3,11:12,0.0,00:01,0.0,7.1,0.3
1782781738.133,0.0,0.0,0.0,0.3,11:12,0.0,00:01,0.0,7.1,0.3
1782781743.147,0.0,0.0,0.0,0.3,11:12,0.0,00:01,0.0,7.1,0.3
1782781748.154,0.0,0.0,0.0,0.3,11:12,0.0,00:01,0.0,7.1,0.3
1782781753.165,0.0,0.0,0.0,0.3,11:12,0.0,00:01,0.0,7.1,0.3
1782781758.181,0.0,0.0,0.0,0.3,11:12,0.0,00:01,0.0,7.1,0.3
1782781763.192,0.0,0.0,0.0,0.3,11:12,0.0,00:01,0.0,7.1,0.3
1782781768.203,0.0,0.0,0.0,0.3,11:12,0.0,00:01,0.0,7.1,0.3
1782781773.209,0.0,0.0,0.0,0.3,11:12,0.0,00:01,0.0,7.1,0.3
1782781778.22,0.0,0.0,0.0,0.3,11:12,0.0,00:01,0.0,7.1,0.3
1782781783.233,0.0,0.0,0.0,0.3,11:12,0.0,00:01,0.0,7.1,0.3
1782781788.243,0.0,0.0,0.0,0.3,11:12,0.0,00:01,0.0,7.1,0.3
1782781793.256,0.0,0.0,0.0,0.3,11:12,0.0,00:01,0.0,7.1,0.3
1782781798.26,0.0,0.0,0.0,0.3,11:12,0.0,00:01,0.0,7.1,0.3
1782781803.274,0.0,0.0,0.0,0.3,11:12,0.0,00:01,0.0,7.1,0.3
1782781808.287,0.0,0.0,0.0,0.3,11:12,0.0,00:01,0.0,7.1,0.3
1782781813.299,0.0,0.0,0.0,0.3,11:12,0.0,00:01,0.0,7.1,0.3
1782781818.306,0.0,0.0,0.0,0.3,11:12,0.0,00:01,0.0,7.1,0.3
1782781823.315,0.0,0.0,0.0,0.3,11:12,0.0,00:01,0.0,7.1,0.3
1782781828.329,0.0,0.0,0.0,0.3,11:12,0.0,00:01,0.0,7.1,0.3
1782781833.338,0.0,0.0,0.0,0.3,11:12,0.0,00:01,0.0,7.1,0.3
1782781838.348,0.0,0.0,0.0,0.3,11:12,0.0,00:01,0.0,7.1,0.3
1782781843.356,0.0,0.0,0.0,0.3,11:12,0.0,00:01,0.0,7.1,0.3
1782781848.37,0.0,0.0,0.0,0.3,11:12,0.0,00:01,0.0,7.1,0.3
1782781853.381,0.0,0.0,0.0,0.3,11:12,0.0,00:01,0.0,7.1,0.3
1782781858.393,0.0,0.0,0.0,0.3,11:12,0.0,00:01,0.0,7.1,0.3
1782781863.405,0.0,0.0,0.0,0.3,11:12,0.0,00:01,0.0,7.1,0.3
1782781868.407,0.0,0.0,0.0,0.3,11:12,0.0,00:01,0.0,7.1,0.3
1782781873.423,0.0,0.0,0.0,0.3,11:12,0.0,00:01,0.0,7.1,0.3
1782781878.435,0.0,0.0,0.0,0.3,11:12,0.0,00:01,0.0,7.1,0.3
1782781883.448,0.0,0.0,0.0,0.3,11:12,0.0,00:01,0.0,7.1,0.3
1782781888.455,0.0,0.0,0.0,0.3,11:12,0.0,00:01,0.0,7.1,0.3
1782781893.46,0.0,0.0,0.0,0.3,11:12,0.0,00:01,0.0,7.1,0.3
1782781898.472,0.0,0.0,0.0,0.3,11:12,0.0,00:01,0.0,7.1,0.3
1782781903.484,0.0,0.0,0.0,0.3,11:12,0.0,00:01,0.0,7.1,0.3
1782781908.497,0.0,0.0,0.0,0.3,11:12,0.0,00:01,0.0,7.1,0.3
1782781913.5,0.0,0.0,0.0,0.3,11:12,0.0,00:01,0.0,7.1,0.3
1782781918.515,0.0,0.0,0.0,0.3,11:12,0.0,00:01,0.0,7.1,0.3
1782781923.524,0.0,0.0,0.0,0.3,11:12,0.0,00:01,0.0,7.1,0.3
1782781928.534,0.0,0.0,0.0,0.3,11:12,0.0,00:01,0.0,7.1,0.3
1782781933.543,0.0,0.0,0.0,0.3,11:12,0.0,00:01,0.0,7.1,0.3
1782781938.546,0.0,0.0,0.0,0.3,11:12,0.0,00:01,0.0,7.1,0.3
1782781943.559,0.0,0.0,0.0,0.3,11:12,0.0,00:01,0.0,7.1,0.3
1782781948.566,0.0,0.0,0.0,0.3,11:12,0.0,00:01,0.0,7.1,0.3
1782781953.575,0.0,0.0,0.0,0.3,11:12,0.0,00:01,0.0,7.1,0.3
1782781958.582,0.0,0.0,0.0,0.3,11:12,0.0,00:01,0.0,7.1,0.3
1782781963.589,0.0,0.0,0.0,0.3,11:12,0.0,00:01,0.0,7.1,0.3
1782781968.599,0.0,0.0,0.0,0.3,11:12,0.0,00:01,0.0,7.1,0.3
1782781973.608,0.0,0.0,0.0,0.3,11:12,0.0,00:01,0.0,7.1,0.3
1782781978.613,0.0,0.0,0.0,0.3,11:12,0.0,00:01,0.0,7.1,0.3
1782781983.616,0.0,0.0,0.0,0.3,11:12,0.0,00:01,0.0,7.1,0.3
1782781988.625,0.0,0.0,0.0,0.3,11:12,0.0,00:01,0.0,7.1,0.3
1782781993.633,0.0,0.0,0.0,0.3,11:12,0.0,00:01,0.0,7.1,0.3
1782781998.643,0.0,0.0,0.0,0.3,11:12,0.0,00:01,0.0,7.1,0.3
1782782003.648,0.0,0.0,0.0,0.3,11:12,0.0,00:01,0.0,7.1,0.3
1782782008.654,0.0,0.0,0.0,0.3,11:12,0.0,00:01,0.0,7.1,0.3
1782782013.666,0.0,0.0,0.0,0.3,11:12,0.0,00:01,0.0,7.1,0.3
1782782018.673,0.0,0.0,0.0,0.3,11:12,0.0,00:01,0.0,7.1,0.3
1782782023.681,0.0,0.0,0.0,0.3,11:12,0.0,00:01,0.0,7.1,0.3
1782782028.689,0.0,0.0,0.0,0.3,11:12,0.0,00:01,0.0,7.1,0.3
1782782033.695,0.0,0.0,0.0,0.3,11:12,0.0,00:01,0.0,7.1,0.3
1782782038.706,0.0,0.0,0.0,0.3,11:12,0.0,00:01,0.0,7.1,0.3
1782782043.714,0.0,0.0,0.0,0.3,11:12,0.0,00:01,0.0,7.1,0.3
1782782048.724,0.0,0.0,0.0,0.3,11:12,0.0,00:01,0.0,7.1,0.3
1782782053.733,0.0,0.0,0.0,0.3,11:12,0.0,00:01,0.0,7.1,0.3
1782782058.748,0.0,0.0,0.0,0.3,11:12,0.0,00:01,0.0,7.1,0.3
1782782063.756,0.0,0.0,0.0,0.3,11:12,0.0,00:01,0.0,7.1,0.3
1782782068.765,0.0,0.0,0.0,0.3,11:12,0.0,00:01,0.0,7.1,0.3
1782782073.774,0.0,0.0,0.0,0.3,11:12,0.0,00:01,0.0,7.1,0.3
1782782078.781,0.0,0.0,0.0,0.3,11:12,0.0,00:01,0.0,7.1,0.3
1782782083.797,0.0,0.0,0.0,0.3,11:12,0.0,00:01,0.0,7.1,0.3
1782782088.808,0.0,0.0,0.0,0.3,11:12,0.0,00:01,0.0,7.1,0.3
1782782093.817,0.0,0.0,0.0,0.3,11:12,0.0,00:01,0.0,7.1,0.3
1782782098.829,0.0,0.0,0.0,0.3,11:12,0.0,00:01,0.0,7.1,0.3
1782782103.836,0.0,0.0,0.0,0.3,11:12,0.0,00:01,0.0,7.1,0.3
1782782108.851,0.0,0.0,0.0,0.3,11:12,0.0,00:01,0.0,7.1,0.3
1782782113.863,0.0,0.0,0.0,0.3,11:12,0.0,00:01,0.0,7.1,0.3
1782782118.873,0.0,0.0,0.0,0.3,11:12,0.0,00:01,0.0,7.1,0.3
1782782123.88,0.0,0.0,0.0,0.3,11:12,0.0,00:01,0.0,7.1,0.3
1782782128.895,0.0,0.0,0.0,0.3,11:12,0.0,00:01,0.0,7.1,0.3
1782782133.908,0.0,0.0,0.0,0.3,11:12,0.0,00:01,0.0,7.1,0.3
1782782138.922,0.0,0.0,0.0,0.3,11:12,0.0,00:01,0.0,7.1,0.3
1782782143.934,0.0,0.0,0.0,0.3,11:12,0.0,00:01,0.0,7.1,0.3
1782782148.939,0.0,0.0,0.0,0.3,11:12,0.0,00:01,0.0,7.1,0.3
1782782153.957,0.0,0.0,0.0,0.3,11:12,0.0,00:01,0.0,7.1,0.3
1782782158.969,0.0,0.0,0.0,0.3,11:12,0.0,00:01,0.0,7.1,0.3
1782782163.978,0.0,0.0,0.0,0.3,11:12,0.0,00:01,0.0,7.1,0.3
1782782168.991,0.0,0.0,0.0,0.3,11:12,0.0,00:01,0.0,7.1,0.3
1782782173.998,0.0,0.0,0.0,0.3,11:12,0.0,00:01,0.0,7.1,0.3
1782782179.013,0.0,0.0,0.0,0.3,11:12,0.0,00:01,0.0,7.1,0.3
1782782184.026,0.0,0.0,0.0,0.3,11:12,0.0,00:01,0.0,7.1,0.3
1782782189.038,0.0,0.0,0.0,0.3,11:12,0.0,00:01,0.0,7.1,0.3
1782782194.046,0.0,0.0,0.0,0.3,11:12,0.0,00:01,0.0,7.1,0.3
1782782199.055,0.0,0.0,0.0,0.3,11:12,0.0,00:01,0.0,7.1,0.3
1782782204.066,0.0,0.0,0.0,0.3,11:12,0.0,00:01,0.0,7.1,0.3
1782782209.078,0.0,0.0,0.0,0.3,11:12,0.0,00:01,0.0,7.1,0.3
1782782214.093,0.0,0.0,0.0,0.3,11:12,0.0,00:01,0.0,7.1,0.3
1782782219.099,0.0,0.0,0.0,0.3,11:12,0.0,00:01,0.0,7.1,0.3
1782782224.115,0.0,0.0,0.0,0.3,11:12,0.0,00:01,0.0,7.1,0.3
1782782229.129,0.0,0.0,0.0,0.3,11:12,0.0,00:01,0.0,7.1,0.3
1782782234.139,0.0,0.0,0.0,0.3,11:12,0.0,00:01,0.0,7.1,0.3
1782782239.151,0.0,0.0,0.0,0.3,11:12,0.0,00:01,0.0,7.1,0.3
1782782244.158,0.0,0.0,0.0,0.3,11:12,0.0,00:01,0.0,7.1,0.3
1782782249.174,0.0,0.0,0.0,0.3,11:12,0.0,00:01,0.0,7.1,0.3
1782782254.184,0.0,0.0,0.0,0.3,11:12,0.0,00:01,0.0,7.1,0.3
1782782259.192,0.0,0.0,0.0,0.3,11:12,0.0,00:01,0.0,7.1,0.3
1782782264.204,0.0,0.0,0.0,0.3,11:12,0.0,00:01,0.0,7.1,0.3
1782782269.215,0.0,0.0,0.0,0.3,11:12,0.0,00:01,0.0,7.1,0.3
1782782274.229,0.0,0.0,0.0,0.3,11:12,0.0,00:01,0.0,7.1,0.3
1782782279.24,0.0,0.0,0.0,0.3,11:12,0.0,00:01,0.0,7.1,0.3
1782782284.254,0.0,0.0,0.0,0.3,11:12,0.0,00:01,0.0,7.1,0.3
1782782289.264,0.0,0.0,0.0,0.3,11:12,0.0,00:01,0.0,7.1,0.3
1782782294.274,0.0,0.0,0.0,0.3,11:12,0.0,00:01,0.0,7.1,0.3
1782782299.287,0.0,0.0,0.0,0.3,11:12,0.0,00:01,0.0,7.1,0.3
1782782304.3,0.0,0.0,0.0,0.3,11:12,0.0,00:01,0.0,7.1,0.3
1782782309.307,0.0,0.0,0.0,0.3,11:12,0.0,00:01,0.0,7.1,0.3
1782782314.316,0.0,0.0,0.0,0.3,11:12,0.0,00:01,0.0,7.1,0.3
1782782319.333,0.0,0.0,0.0,0.3,11:12,0.0,00:01,0.0,7.1,0.3
1782782324.344,0.0,0.0,0.0,0.3,11:12,0.0,00:01,0.0,7.1,0.3
1782782329.358,0.0,0.0,0.0,0.3,11:12,0.0,00:01,0.0,7.1,0.3
1782782334.37,0.0,0.0,0.0,0.3,11:12,0.0,00:01,0.0,7.1,0.3
1782782339.38,0.0,0.0,0.0,0.3,11:12,0.0,00:01,0.0,7.1,0.3
1782782344.391,0.0,0.0,0.0,0.3,11:12,0.0,00:01,0.0,7.1,0.3
1782782349.403,0.0,0.0,0.0,0.3,11:12,0.0,00:01,0.0,7.1,0.3
1782782354.416,0.0,0.0,0.0,0.3,11:12,0.0,00:01,0.0,7.1,0.3
1782782359.426,0.0,0.0,0.0,0.3,11:12,0.0,00:01,0.0,7.1,0.3
1782782364.438,0.0,0.0,0.0,0.3,11:12,0.0,00:01,0.0,7.1,0.3
1782782369.451,0.0,0.0,0.0,0.3,11:12,0.0,00:01,0.0,7.1,0.3
1782782374.46,0.0,0.0,0.0,0.3,11:12,0.0,00:01,0.0,7.1,0.3
1782782379.468,0.0,0.0,0.0,0.3,11:12,0.0,00:01,0.0,7.1,0.3
1782782384.476,0.0,0.0,0.0,0.3,11:12,0.0,00:01,0.0,7.1,0.3
1782782389.487,0.0,0.0,0.0,0.3,11:12,0.0,00:01,0.0,7.1,0.3
1782782394.5,0.0,0.0,0.0,0.3,11:12,0.0,00:01,0.0,7.1,0.3
1782782399.508,0.0,0.0,0.0,0.3,11:12,0.0,00:01,0.0,7.1,0.3
1782782404.522,0.0,0.0,0.0,0.3,11:12,0.0,00:01,0.0,7.1,0.3
1782782409.532,0.0,0.0,0.0,0.3,11:12,0.0,00:01,0.0,7.1,0.3
1782782414.54,0.0,0.0,0.0,0.3,11:12,0.0,00:01,0.0,7.1,0.3
1782782419.551,0.0,0.0,0.0,0.3,11:12,0.0,00:01,0.0,7.1,0.3
1782782424.565,0.0,0.0,0.0,0.3,11:12,0.0,00:01,0.0,7.1,0.3
1782782429.575,0.0,0.0,0.0,0.3,11:12,0.0,00:01,0.0,7.1,0.3
1782782434.583,0.0,0.0,0.0,0.3,11:12,0.0,00:01,0.0,7.1,0.3
1782782439.591,0.0,0.0,0.0,0.3,11:12,0.0,00:01,0.0,7.1,0.3
1782782444.599,0.0,0.0,0.0,0.3,11:12,0.0,00:01,0.0,7.1,0.3
1782782449.606,0.0,0.0,0.0,0.3,11:12,0.0,00:01,0.0,7.1,0.3
1782782454.612,0.0,0.0,0.0,0.3,11:12,0.0,00:01,0.0,7.1,0.3
1782782459.623,0.0,0.0,0.0,0.3,11:12,0.0,00:01,0.0,7.1,0.3
1782782464.632,0.0,0.0,0.0,0.3,11:12,0.0,00:01,0.0,7.1,0.3
1782782469.645,0.0,0.0,0.0,0.3,11:12,0.0,00:01,0.0,7.1,0.3
1782782474.653,0.0,0.0,0.0,0.3,11:12,0.0,00:01,0.0,7.1,0.3
1782782479.659,0.0,0.0,0.0,0.3,11:12,0.0,00:01,0.0,7.1,0.3
1782782484.673,0.0,0.0,0.0,0.3,11:12,0.0,00:01,0.0,7.1,0.3
1782782489.678,0.0,0.0,0.0,0.3,11:12,0.0,00:01,0.0,7.1,0.3
1782782494.692,0.0,0.0,0.0,0.3,11:12,0.0,00:01,0.0,7.1,0.3
1782782499.706,0.0,0.0,0.0,0.3,11:12,0.0,00:01,0.0,7.1,0.3
1782782504.715,0.0,0.0,0.0,0.3,11:12,0.0,00:01,0.0,7.1,0.3
1782782509.729,0.0,0.0,0.0,0.3,11:12,0.0,00:01,0.0,7.1,0.3
1782782514.743,0.0,0.0,0.0,0.3,11:12,0.0,00:01,0.0,7.1,0.3
1782782519.754,0.0,0.0,0.0,0.3,11:12,0.0,00:01,0.0,7.1,0.3
1782782524.769,0.0,0.0,0.0,0.3,11:12,0.0,00:01,0.0,7.1,0.3
1782782529.775,0.0,0.0,0.0,0.3,11:12,0.0,00:01,0.0,7.1,0.3
1782782534.787,0.0,0.0,0.0,0.3,11:12,0.0,00:01,0.0,7.1,0.3
1782782539.802,0.0,0.0,0.0,0.3,11:12,0.0,00:01,0.0,7.1,0.3
1782782544.815,0.0,0.0,0.0,0.3,11:12,0.0,00:01,0.0,7.1,0.3
1782782549.822,0.0,0.0,0.0,0.3,11:12,0.0,00:01,0.0,7.1,0.3
1782782554.834,0.0,0.0,0.0,0.3,11:12,0.0,00:01,0.0,7.1,0.3
1782782559.844,0.0,0.0,0.0,0.3,11:12,0.0,00:01,0.0,7.1,0.3
1782782564.858,0.0,0.0,0.0,0.3,11:12,0.0,00:01,0.0,7.1,0.3
1782782569.872,0.0,0.0,0.0,0.3,11:12,0.0,00:01,0.0,7.1,0.3
1782782574.88,0.0,0.0,0.0,0.3,11:12,0.0,00:01,0.0,7.1,0.3
1782782579.894,0.0,0.0,0.0,0.3,11:12,0.0,00:01,0.0,7.1,0.3
1782782584.908,0.0,0.0,0.0,0.3,11:12,0.0,00:01,0.0,7.1,0.3
1782782589.92,0.0,0.0,0.0,0.3,11:12,0.0,00:01,0.0,7.1,0.3
1782782594.933,0.0,0.0,0.0,0.3,11:12,0.0,00:01,0.0,7.1,0.3
1782782599.942,0.0,0.0,0.0,0.3,11:12,0.0,00:01,0.0,7.1,0.3
1782782604.953,0.0,0.0,0.0,0.3,11:12,0.0,00:01,0.0,7.1,0.3
1782782609.968,0.0,0.0,0.0,0.3,11:12,0.0,00:01,0.0,7.1,0.3
1782782614.981,0.0,0.0,0.0,0.3,11:12,0.0,00:01,0.0,7.1,0.3
1782782619.997,0.0,0.0,0.0,0.3,11:12,0.0,00:01,0.0,7.1,0.3
1782782625.006,0.0,0.0,0.0,0.3,11:12,0.0,00:01,0.0,7.1,0.3
1782782630.017,0.0,0.0,0.0,0.3,11:12,0.0,00:01,0.0,7.1,0.3
1782782635.03,0.0,0.0,0.0,0.3,11:12,0.0,00:01,0.0,7.1,0.3
1782782640.043,0.0,0.0,0.0,0.3,11:12,0.0,00:01,0.0,7.1,0.3
1782782645.052,0.0,0.0,0.0,0.3,11:12,0.0,00:01,0.0,7.1,0.3
1782782650.064,0.0,0.0,0.0,0.3,11:12,0.0,00:01,0.0,7.1,0.3
1782782655.078,0.0,0.0,0.0,0.3,11:12,0.0,00:01,0.0,7.1,0.3
1782782660.086,0.0,0.0,0.0,0.3,11:12,0.0,00:01,0.0,7.1,0.3
1782782665.1,0.0,0.0,0.0,0.3,11:12,0.0,00:01,0.0,7.1,0.3
1782782670.107,0.0,0.0,0.0,0.3,11:12,0.0,00:01,0.0,7.1,0.3
1782782675.118,0.0,0.0,0.0,0.3,11:12,0.0,00:01,0.0,7.1,0.3
1782782680.129,0.0,0.0,0.0,0.3,11:12,0.0,00:01,0.0,7.1,0.3
1782782685.139,0.0,0.0,0.0,0.3,11:12,0.0,00:01,0.0,7.1,0.3
1782782690.153,0.0,0.0,0.0,0.3,11:12,0.0,00:01,0.0,7.1,0.3
1782782695.16,0.0,0.0,0.0,0.3,11:12,0.0,00:01,0.0,7.1,0.3
1782782700.174,0.0,0.0,0.0,0.3,11:12,0.0,00:01,0.0,7.1,0.3
1782782705.183,0.0,0.0,0.0,0.3,11:12,0.0,00:01,0.0,7.1,0.3
1782782710.196,0.0,0.0,0.0,0.3,11:12,0.0,00:01,0.0,7.1,0.3
1782782715.2,0.0,0.0,0.0,0.3,11:12,0.0,00:01,0.0,7.1,0.3
1782782720.214,0.0,0.0,0.0,0.3,11:12,0.0,00:01,0.0,7.1,0.3
1782782725.228,0.0,0.0,0.0,0.3,11:12,0.0,00:01,0.0,7.1,0.3
1782782730.24,0.0,0.0,0.0,0.3,11:12,0.0,00:01,0.0,7.1,0.3
1782782735.251,0.0,0.0,0.0,0.3,11:12,0.0,00:01,0.0,7.1,0.3
1782782740.258,0.0,0.0,0.0,0.3,11:12,0.0,00:01,0.0,7.1,0.3
1782782745.268,0.0,0.0,0.0,0.3,11:12,0.0,00:01,0.0,7.1,0.3
1782782750.276,0.0,0.0,0.0,0.3,11:12,0.0,00:01,0.0,7.1,0.3
1782782755.291,0.0,0.0,0.0,0.3,11:12,0.0,00:01,0.0,7.1,0.3
1782782760.306,0.0,0.0,0.0,0.3,11:12,0.0,00:01,0.0,7.1,0.3
1782782765.312,0.0,0.0,0.0,0.3,11:12,0.0,00:01,0.0,7.1,0.3
1782782770.327,0.0,0.0,0.0,0.3,11:12,0.0,00:01,0.0,7.1,0.3
1782782775.338,0.0,0.0,0.0,0.3,11:12,0.0,00:01,0.0,7.1,0.3
1782782780.35,0.0,0.0,0.0,0.3,11:12,0.0,00:01,0.0,7.1,0.3
1782782785.364,0.0,0.0,0.0,0.3,11:12,0.0,00:01,0.0,7.1,0.3
1782782790.371,0.0,0.0,0.0,0.3,11:12,0.0,00:01,0.0,7.1,0.3
1782782795.378,0.0,0.0,0.0,0.3,11:12,0.0,00:01,0.0,7.1,0.3
1782782800.39,0.0,0.0,0.0,0.3,11:12,0.0,00:01,0.0,7.1,0.3
1782782805.401,0.0,0.0,0.0,0.3,11:12,0.0,00:01,0.0,7.1,0.3
1782782810.408,0.0,0.0,0.0,0.3,11:12,0.0,00:01,0.0,7.1,0.3
1782782815.421,0.0,0.0,0.0,0.3,11:12,0.0,00:01,0.0,7.1,0.3
1782782820.432,0.0,0.0,0.0,0.3,11:12,0.0,00:01,0.0,7.1,0.3
1782782825.448,0.0,0.0,0.0,0.3,11:12,0.0,00:01,0.0,7.1,0.3
1782782830.461,0.0,0.0,0.0,0.3,11:12,0.0,00:01,0.0,7.1,0.3
1782782835.464,0.0,0.0,0.0,0.3,11:12,0.0,00:01,0.0,7.1,0.3
1782782840.474,0.0,0.0,0.0,0.3,11:12,0.0,00:01,0.0,7.1,0.3
1782782845.487,0.0,0.0,0.0,0.3,11:12,0.0,00:01,0.0,7.1,0.3
1782782850.496,0.0,0.0,0.0,0.3,11:12,0.0,00:01,0.0,7.1,0.3
1782782855.508,0.0,0.0,0.0,0.3,11:12,0.0,00:01,0.0,7.1,0.3
1782782860.515,0.0,0.0,0.0,0.3,11:12,0.0,00:01,0.0,7.1,0.3
1782782865.524,0.0,0.0,0.0,0.3,11:12,0.0,00:01,0.0,7.1,0.3
1782782870.536,0.0,0.0,0.0,0.3,11:12,0.0,00:01,0.0,7.1,0.3
1782782875.552,0.0,0.0,0.0,0.3,11:12,0.0,00:01,0.0,7.1,0.3
1782782880.56,0.0,0.0,0.0,0.3,11:12,0.0,00:01,0.0,7.1,0.3
1782782885.567,0.0,0.0,0.0,0.3,11:12,0.0,00:01,0.0,7.1,0.3
1782782890.582,0.0,0.0,0.0,0.3,11:12,0.0,00:01,0.0,7.1,0.3
1782782895.59,0.0,0.0,0.0,0.3,11:12,0.0,00:01,0.0,7.1,0.3
1782782900.605,0.0,0.0,0.0,0.3,11:12,0.0,00:01,0.0,7.1,0.3
1782782905.608,0.0,0.0,0.0,0.3,11:12,0.0,00:01,0.0,7.1,0.3
1782782910.618,0.0,0.0,0.0,0.3,11:12,0.0,00:01,0.0,7.1,0.3
1782782915.63,0.0,0.0,0.0,0.3,11:12,0.0,00:01,0.0,7.1,0.3
1782782920.636,0.0,0.0,0.0,0.3,11:12,0.0,00:01,0.0,7.1,0.3
1782782925.653,0.0,0.0,0.0,0.3,11:12,0.0,00:01,0.0,7.1,0.3
1782782930.656,0.0,0.0,0.0,0.3,11:12,0.0,00:01,0.0,7.1,0.3
1782782935.671,0.0,0.0,0.0,0.3,11:12,0.0,00:01,0.0,7.1,0.3
1782782940.683,0.0,0.0,0.0,0.3,11:12,0.0,00:01,0.0,7.1,0.3
1782782945.698,0.0,0.0,0.0,0.3,11:12,0.0,00:01,0.0,7.1,0.3
1782782950.71,0.0,0.0,0.0,0.3,11:12,0.0,00:01,0.0,7.1,0.3
1782782955.715,0.0,0.0,0.0,0.3,11:12,0.0,00:01,0.0,7.1,0.3
1782782960.726,0.0,0.0,0.0,0.3,11:12,0.0,00:01,0.0,7.1,0.3
1782782965.738,0.0,0.0,0.0,0.3,11:12,0.0,00:01,0.0,7.1,0.3
1782782970.753,0.0,0.0,0.0,0.3,11:12,0.0,00:01,0.0,7.1,0.3
1782782975.762,0.0,0.0,0.0,0.3,11:12,0.0,00:01,0.0,7.1,0.3
1782782980.77,0.0,0.0,0.0,0.3,11:12,0.0,00:01,0.0,7.1,0.3
1782782985.779,0.0,0.0,0.0,0.3,11:12,0.0,00:01,0.0,7.1,0.3
1782782990.786,0.0,0.0,0.0,0.3,11:12,0.0,00:01,0.0,7.1,0.3
1782782995.802,0.0,0.0,0.0,0.3,11:12,0.0,00:01,0.0,7.1,0.3
1782783000.808,0.0,0.0,0.0,0.3,11:12,0.0,00:01,0.0,7.1,0.3
1782783005.816,0.0,0.0,0.0,0.3,11:12,0.0,00:01,0.0,7.1,0.3
1782783010.83,0.0,0.0,0.0,0.3,11:12,0.0,00:01,0.0,7.1,0.3
1782783015.844,0.0,0.0,0.0,0.3,11:12,0.0,00:01,0.0,7.1,0.3
1782783020.857,0.0,0.0,0.0,0.3,11:12,0.0,00:01,0.0,7.1,0.3
1782783025.863,0.0,0.0,0.0,0.3,11:12,0.0,00:01,0.0,7.1,0.3
1782783030.876,0.0,0.0,0.0,0.3,11:12,0.0,00:01,0.0,7.1,0.3
1782783035.888,0.0,0.0,0.0,0.3,11:12,0.0,00:01,0.0,7.1,0.3
1782783040.904,0.0,0.0,0.0,0.3,11:12,0.0,00:01,0.0,7.1,0.3
1782783045.916,0.0,0.0,0.0,0.3,11:12,0.0,00:01,0.0,7.1,0.3
1782783050.919,0.0,0.0,0.0,0.3,11:12,0.0,00:01,0.0,7.1,0.3
1782783055.934,0.0,0.0,0.0,0.3,11:12,0.0,00:01,0.0,7.1,0.3
1782783060.944,0.0,0.0,0.0,0.3,11:12,0.0,00:01,0.0,7.1,0.3
1782783065.96,0.0,0.0,0.0,0.3,11:12,0.0,00:01,0.0,7.1,0.3
1782783070.974,0.0,0.0,0.0,0.3,11:12,0.0,00:01,0.0,7.1,0.3
1782783075.98,0.0,0.0,0.0,0.3,11:12,0.0,00:01,0.0,7.1,0.3
1782783080.99,0.0,0.0,0.0,0.3,11:12,0.0,00:01,0.0,7.1,0.3
1782783086.005,0.0,0.0,0.0,0.3,11:12,0.0,00:01,0.0,7.1,0.3
1782783091.017,0.0,0.0,0.0,0.3,11:12,0.0,00:01,0.0,7.1,0.3
1782783096.024,0.0,0.0,0.0,0.3,11:12,0.0,00:01,0.0,7.1,0.3
1782783101.036,0.0,0.0,0.0,0.3,11:12,0.0,00:01,0.0,7.1,0.3
1782783106.048,0.0,0.0,0.0,0.3,11:12,0.0,00:01,0.0,7.1,0.3
1782783111.065,0.0,0.0,0.0,0.3,11:12,0.0,00:01,0.0,7.1,0.3
1782783116.075,0.0,0.0,0.0,0.3,11:12,0.0,00:01,0.0,7.1,0.3
1782783121.082,0.0,0.0,0.0,0.3,11:12,0.0,00:01,0.0,7.1,0.3
1782783126.096,0.0,0.0,0.0,0.3,11:12,0.0,00:01,0.0,7.1,0.3
1782783131.101,0.0,0.0,0.0,0.3,11:12,0.0,00:01,0.0,7.1,0.3
1782783136.117,0.0,0.0,0.0,0.3,11:12,0.0,00:01,0.0,7.1,0.3
1782783141.13,0.0,0.0,0.0,0.3,11:12,0.0,00:01,0.0,7.1,0.3
1782783146.136,0.0,0.0,0.0,0.3,11:12,0.0,00:01,0.0,7.1,0.3
1782783151.146,0.0,0.0,0.0,0.3,11:12,0.0,00:01,0.0,7.1,0.3
1782783156.162,0.0,0.0,0.0,0.3,11:12,0.0,00:01,0.0,7.1,0.3
1782783161.174,0.0,0.0,0.0,0.3,11:12,0.0,00:01,0.0,7.1,0.3
1782783166.182,0.0,0.0,0.0,0.3,11:12,0.0,00:01,0.0,7.1,0.3
1782783171.19,0.0,0.0,0.0,0.3,11:12,0.0,00:01,0.0,7.1,0.3
1782783176.202,0.0,0.0,0.0,0.3,11:12,0.0,00:01,0.0,7.1,0.3
1782783181.214,0.0,0.0,0.0,0.3,11:12,0.0,00:01,0.0,7.1,0.3
1782783186.225,0.0,0.0,0.0,0.3,11:12,0.0,00:01,0.0,7.1,0.3
1782783191.228,0.0,0.0,0.0,0.3,11:12,0.0,00:01,0.0,7.1,0.3
1782783196.241,0.0,0.0,0.0,0.3,11:12,0.0,00:01,0.0,7.1,0.3
1782783201.249,0.0,0.0,0.0,0.3,11:12,0.0,00:01,0.0,7.1,0.3
1782783206.263,0.0,0.0,0.0,0.3,11:12,0.0,00:01,0.0,7.1,0.3
1782783211.276,0.0,0.0,0.0,0.3,11:12,0.0,00:01,0.0,7.1,0.3
1782783216.283,0.0,0.0,0.0,0.3,11:12,0.0,00:01,0.0,7.1,0.3
1782783221.292,0.0,0.0,0.0,0.3,11:12,0.0,00:01,0.0,7.1,0.3
1782783226.308,0.0,0.0,0.0,0.3,11:12,0.0,00:01,0.0,7.1,0.3
1782783231.321,0.0,0.0,0.0,0.3,11:12,0.0,00:01,0.0,7.1,0.3
1782783236.335,0.0,0.0,0.0,0.3,11:12,0.0,00:01,0.0,7.1,0.3
1782783241.341,0.0,0.0,0.0,0.3,11:12,0.0,00:01,0.0,7.1,0.3
1782783246.352,0.0,0.0,0.0,0.3,11:12,0.0,00:01,0.0,7.1,0.3
1782783251.363,0.0,0.0,0.0,0.3,11:12,0.0,00:01,0.0,7.1,0.3
1782783256.376,0.0,0.0,0.0,0.3,11:12,0.0,00:01,0.0,7.1,0.3
1782783261.38,0.0,0.0,0.0,0.3,11:12,0.0,00:01,0.0,7.1,0.3
1782783266.389,0.0,0.0,0.0,0.3,11:12,0.0,00:01,0.0,7.1,0.3
1782783271.399,0.0,0.0,0.0,0.3,11:12,0.0,00:01,0.0,7.1,0.3
1782783276.404,0.0,0.0,0.0,0.3,11:12,0.0,00:01,0.0,7.1,0.3
1782783281.413,0.0,0.0,0.0,0.3,11:12,0.0,00:01,0.0,7.1,0.3
1782783286.421,0.0,0.0,0.0,0.3,11:12,0.0,00:01,0.0,7.1,0.3
1782783291.43,0.0,0.0,0.0,0.3,11:12,0.0,00:01,0.0,7.1,0.3
1782783296.44,0.0,0.0,0.0,0.3,11:12,0.0,00:01,0.0,7.1,0.3
1782783301.447,0.0,0.0,0.0,0.3,11:12,0.0,00:01,0.0,7.1,0.3
1782783306.456,0.0,0.0,0.0,0.3,11:12,0.0,00:01,0.0,7.1,0.3
1782783311.461,0.0,0.0,0.0,0.3,11:12,0.0,00:01,0.0,7.1,0.3
1782783316.47,0.0,0.0,0.0,0.3,11:12,0.0,00:01,0.0,7.1,0.3
1782783321.481,0.0,0.0,0.0,0.3,11:12,0.0,00:01,0.0,7.1,0.3
1782783326.491,0.0,0.0,0.0,0.3,11:12,0.0,00:01,0.0,7.1,0.3
1782783331.493,0.0,0.0,0.0,0.3,11:12,0.0,00:01,0.0,7.1,0.3
1782783336.508,0.0,0.0,0.0,0.3,11:12,0.0,00:01,0.0,7.1,0.3
1782783341.523,0.0,0.0,0.0,0.3,11:12,0.0,00:01,0.0,7.1,0.3
1782783346.53,0.0,0.0,0.0,0.3,11:12,0.0,00:01,0.0,7.1,0.3
1782783351.544,0.0,0.0,0.0,0.3,11:12,0.0,00:01,0.0,7.1,0.3
1782783356.549,0.0,0.0,0.0,0.3,11:12,0.0,00:01,0.0,7.1,0.3
1782783361.562,0.0,0.0,0.0,0.3,11:12,0.0,00:01,0.0,7.1,0.3
1782783366.576,0.0,0.0,0.0,0.3,11:12,0.0,00:01,0.0,7.1,0.3
1782783371.585,0.0,0.0,0.0,0.3,11:12,0.0,00:01,0.0,7.1,0.3
1782783376.596,0.0,0.0,0.0,0.3,11:12,0.0,00:01,0.0,7.1,0.3
1782783381.604,0.0,0.0,0.0,0.3,11:12,0.0,00:01,0.0,7.1,0.3
1782783386.612,0.0,0.0,0.0,0.3,11:12,0.0,00:01,0.0,7.1,0.3
1782783391.626,0.0,0.0,0.0,0.3,11:12,0.0,00:01,0.0,7.1,0.3
1782783396.64,0.0,0.0,0.0,0.3,11:12,0.0,00:01,0.0,7.1,0.3
1782783401.651,0.0,0.0,0.0,0.3,11:12,0.0,00:01,0.0,7.1,0.3
1782783406.658,0.0,0.0,0.0,0.3,11:12,0.0,00:01,0.0,7.1,0.3
1782783411.674,0.0,0.0,0.0,0.3,11:12,0.0,00:01,0.0,7.1,0.3
1782783416.684,0.0,0.0,0.0,0.3,11:12,0.0,00:01,0.0,7.1,0.3
1782783421.695,0.0,0.0,0.0,0.3,11:12,0.0,00:01,0.0,7.1,0.3
1782783426.699,0.0,0.0,0.0,0.3,11:12,0.0,00:01,0.0,7.1,0.3
1782783431.711,0.0,0.0,0.0,0.3,11:12,0.0,00:01,0.0,7.1,0.3
1782783436.727,0.0,0.0,0.0,0.3,11:12,0.0,00:01,0.0,7.1,0.3
1782783441.74,0.0,0.0,0.0,0.3,11:12,0.0,00:01,0.0,7.1,0.3
1782783446.75,0.0,0.0,0.0,0.3,11:12,0.0,00:01,0.0,7.1,0.3
1782783451.755,0.0,0.0,0.0,0.3,11:12,0.0,00:01,0.0,7.1,0.3
1782783456.765,0.0,0.0,0.0,0.3,11:12,0.0,00:01,0.0,7.1,0.3
1782783461.782,0.0,0.0,0.0,0.3,11:12,0.0,00:01,0.0,7.1,0.3
1782783466.795,0.0,0.0,0.0,0.3,11:12,0.0,00:01,0.0,7.1,0.3
1782783471.806,0.0,0.0,0.0,0.3,11:12,0.0,00:01,0.0,7.1,0.3
1782783476.81,0.0,0.0,0.0,0.3,11:12,0.0,00:01,0.0,7.1,0.3
1782783481.827,0.0,0.0,0.0,0.3,11:12,0.0,00:01,0.0,7.1,0.3
1782783486.84,0.0,0.0,0.0,0.3,11:12,0.0,00:01,0.0,7.1,0.3
1782783491.847,0.0,0.0,0.0,0.3,11:12,0.0,00:01,0.0,7.1,0.3
1782783496.854,0.0,0.0,0.0,0.3,11:12,0.0,00:01,0.0,7.1,0.3
1782783501.862,0.0,0.0,0.0,0.3,11:12,0.0,00:01,0.0,7.1,0.3
1782783506.872,0.0,0.0,0.0,0.3,11:12,0.0,00:01,0.0,7.1,0.3
1782783511.881,0.0,0.0,0.0,0.3,11:12,0.0,00:01,0.0,7.1,0.3
1782783516.89,0.0,0.0,0.0,0.3,11:12,0.0,00:01,0.0,7.1,0.3
1782783521.898,0.0,0.0,0.0,0.3,11:12,0.0,00:01,0.0,7.1,0.3
1782783526.908,0.0,0.0,0.0,0.3,11:12,0.0,00:01,0.0,7.1,0.3
1782783531.923,0.0,0.0,0.0,0.3,11:12,0.0,00:01,0.0,7.1,0.3
1782783536.933,0.0,0.0,0.0,0.3,11:12,0.0,00:01,0.0,7.1,0.3
1782783541.947,0.0,0.0,0.0,0.3,11:12,0.0,00:01,0.0,7.1,0.3
1782783546.956,0.0,0.0,0.0,0.3,11:12,0.0,00:01,0.0,7.1,0.3
1782783551.966,0.0,0.0,0.0,0.3,11:12,0.0,00:01,0.0,7.1,0.3
1782783556.978,0.0,0.0,0.0,0.3,11:12,0.0,00:01,0.0,7.1,0.3
1782783561.988,0.0,0.0,0.0,0.3,11:12,0.0,00:01,0.0,7.1,0.3
1782783567.001,0.0,0.0,0.0,0.3,11:12,0.0,00:01,0.0,7.1,0.3
1782783572.008,0.0,0.0,0.0,0.3,11:12,0.0,00:01,0.0,7.1,0.3
1782783577.023,0.0,0.0,0.0,0.3,11:12,0.0,00:01,0.0,7.1,0.3
1782783582.036,0.0,0.0,0.0,0.3,11:12,0.0,00:01,0.0,7.1,0.3
1782783587.043,0.0,0.0,0.0,0.3,11:12,0.0,00:01,0.0,7.1,0.3
1782783592.052,0.0,0.0,0.0,0.3,11:12,0.0,00:01,0.0,7.1,0.3
1782783597.064,0.0,0.0,0.0,0.3,11:12,0.0,00:01,0.0,7.1,0.3
1782783602.078,0.0,0.0,0.0,0.3,11:12,0.0,00:01,0.0,7.1,0.3
1782783607.087,0.0,0.0,0.0,0.3,11:12,0.0,00:01,0.0,7.1,0.3
1782783612.099,0.0,0.0,0.0,0.3,11:12,0.0,00:01,0.0,7.1,0.3
1782783617.103,0.0,0.0,0.0,0.3,11:12,0.0,00:01,0.0,7.1,0.3
1782783622.117,0.0,0.0,0.0,0.3,11:12,0.0,00:01,0.0,7.1,0.3
1782783627.128,0.0,0.0,0.0,0.3,11:12,0.0,00:01,0.0,7.1,0.3
1782783632.137,0.0,0.0,0.0,0.3,11:12,0.0,00:01,0.0,7.1,0.3
1782783637.151,0.0,0.0,0.0,0.3,11:12,0.0,00:01,0.0,7.1,0.3
1782783642.153,0.0,0.0,0.0,0.3,11:12,0.0,00:01,0.0,7.1,0.3
1782783647.165,0.0,0.0,0.0,0.3,11:12,0.0,00:01,0.0,7.1,0.3
1782783652.176,0.0,0.0,0.0,0.3,11:12,0.0,00:01,0.0,7.1,0.3
1782783657.186,0.0,0.0,0.0,0.3,11:12,0.0,00:01,0.0,7.1,0.3
1782783662.194,0.0,0.0,0.0,0.3,11:12,0.0,00:01,0.0,7.1,0.3
1782783667.2,0.0,0.0,0.0,0.3,11:12,0.0,00:01,0.0,7.1,0.3
1782783672.211,0.0,0.0,0.0,0.3,11:12,0.0,00:01,0.0,7.1,0.3
1782783677.218,0.0,0.0,0.0,0.3,11:12,0.0,00:01,0.0,7.1,0.3
1782783682.227,0.0,0.0,0.0,0.3,11:12,0.0,00:01,0.0,7.1,0.3
1782783687.229,0.0,0.0,0.0,0.3,11:12,0.0,00:01,0.0,7.1,0.3
1782783692.238,0.0,0.0,0.0,0.3,11:12,0.0,00:01,0.0,7.1,0.3
1782783697.248,0.0,0.0,0.0,0.3,11:12,0.0,00:01,0.0,7.1,0.3
1782783702.256,0.0,0.0,0.0,0.3,11:12,0.0,00:01,0.0,7.1,0.3
1782783707.266,0.0,0.0,0.0,0.3,11:12,0.0,00:01,0.0,7.1,0.3
1782783712.269,0.0,0.0,0.0,0.3,11:12,0.0,00:01,0.0,7.1,0.3
1782783717.278,0.0,0.0,0.0,0.3,11:12,0.0,00:01,0.0,7.1,0.3
1782783722.288,0.0,0.0,0.0,0.3,11:12,0.0,00:01,0.0,7.1,0.3
1782783727.302,0.0,0.0,0.0,0.3,11:12,0.0,00:01,0.0,7.1,0.3
1782783732.306,0.0,0.0,0.0,0.3,11:12,0.0,00:01,0.0,7.1,0.3
1782783737.319,0.0,0.0,0.0,0.3,11:12,0.0,00:01,0.0,7.1,0.3
1782783742.329,0.0,0.0,0.0,0.3,11:12,0.0,00:01,0.0,7.1,0.3
1782783747.343,0.0,0.0,0.0,0.3,11:12,0.0,00:01,0.0,7.1,0.3
1782783752.353,0.0,0.0,0.0,0.3,11:12,0.0,00:01,0.0,7.1,0.3
1782783757.356,0.0,0.0,0.0,0.3,11:12,0.0,00:01,0.0,7.1,0.3
1782783762.371,0.0,0.0,0.0,0.3,11:12,0.0,00:01,0.0,7.1,0.3
1782783767.382,0.0,0.0,0.0,0.3,11:12,0.0,00:01,0.0,7.1,0.3
1782783772.394,0.0,0.0,0.0,0.3,11:12,0.0,00:01,0.0,7.1,0.3
1782783777.405,0.0,0.0,0.0,0.3,11:12,0.0,00:01,0.0,7.1,0.3
1782783782.413,0.0,0.0,0.0,0.3,11:12,0.0,00:01,0.0,7.1,0.3
1782783787.428,0.0,0.0,0.0,0.3,11:12,0.0,00:01,0.0,7.1,0.3
1782783792.439,0.0,0.0,0.0,0.3,11:12,0.0,00:01,0.0,7.1,0.3
1782783797.45,0.0,0.0,0.0,0.3,11:12,0.0,00:01,0.0,7.1,0.3
1782783802.462,0.0,0.0,0.0,0.3,11:12,0.0,00:01,0.0,7.1,0.3
1782783807.471,0.0,0.0,0.0,0.3,11:12,0.0,00:01,0.0,7.1,0.3
1782783812.485,0.0,0.0,0.0,0.3,11:12,0.0,00:01,0.0,7.1,0.3
1782783817.494,0.0,0.0,0.0,0.3,11:12,0.0,00:01,0.0,7.1,0.3
1782783822.508,0.0,0.0,0.0,0.3,11:12,0.0,00:01,0.0,7.1,0.3
1782783827.513,0.0,0.0,0.0,0.3,11:12,0.0,00:01,0.0,7.1,0.3
1782783832.523,0.0,0.0,0.0,0.3,11:12,0.0,00:01,0.0,7.1,0.3
1782783837.535,0.0,0.0,0.0,0.3,11:12,0.0,00:01,0.0,7.1,0.3
1782783842.543,0.0,0.0,0.0,0.3,11:12,0.0,00:01,0.0,7.1,0.3
1782783847.553,0.0,0.0,0.0,0.3,11:12,0.0,00:01,0.0,7.1,0.3
1782783852.561,0.0,0.0,0.0,0.3,11:12,0.0,00:01,0.0,7.1,0.3
1782783857.576,0.0,0.0,0.0,0.3,11:12,0.0,00:01,0.0,7.1,0.3
1782783862.588,0.0,0.0,0.0,0.3,11:12,0.0,00:01,0.0,7.1,0.3
1782783867.6,0.0,0.0,0.0,0.3,11:12,0.0,00:01,0.0,7.1,0.3
1782783872.609,0.0,0.0,0.0,0.3,11:12,0.0,00:01,0.0,7.1,0.3
1782783877.617,0.0,0.0,0.0,0.3,11:12,0.0,00:01,0.0,7.1,0.3
1782783882.628,0.0,0.0,0.0,0.3,11:12,0.0,00:01,0.0,7.1,0.3
1782783887.634,0.0,0.0,0.0,0.3,11:12,0.0,00:01,0.0,7.1,0.3
1782783892.642,0.0,0.0,0.0,0.3,11:12,0.0,00:01,0.0,7.1,0.3
1782783897.649,0.0,0.0,0.0,0.3,11:12,0.0,00:01,0.0,7.1,0.3
1782783902.661,0.0,0.0,0.0,0.3,11:12,0.0,00:01,0.0,7.1,0.3
1782783907.672,0.0,0.0,0.0,0.3,11:12,0.0,00:01,0.0,7.1,0.3
1782783912.681,0.0,0.0,0.0,0.3,11:12,0.0,00:01,0.0,7.1,0.3
1782783917.688,0.0,0.0,0.0,0.3,11:12,0.0,00:01,0.0,7.1,0.3
1782783922.693,0.0,0.0,0.0,0.3,11:12,0.0,00:01,0.0,7.1,0.3
1782783927.703,0.0,0.0,0.0,0.3,11:12,0.0,00:01,0.0,7.1,0.3
1782783932.71,0.0,0.0,0.0,0.3,11:12,0.0,00:01,0.0,7.1,0.3
1782783937.719,0.0,0.0,0.0,0.3,11:12,0.0,00:01,0.0,7.1,0.3
1782783942.727,0.0,0.0,0.0,0.3,11:12,0.0,00:01,0.0,7.1,0.3
1782783947.736,0.0,0.0,0.0,0.3,11:12,0.0,00:01,0.0,7.1,0.3
1782783952.746,0.0,0.0,0.0,0.3,11:12,0.0,00:01,0.0,7.1,0.3
1782783957.755,0.0,0.0,0.0,0.3,11:12,0.0,00:01,0.0,7.1,0.3
1782783962.765,0.0,0.0,0.0,0.3,11:12,0.0,00:01,0.0,7.1,0.3
1782783967.772,0.0,0.0,0.0,0.3,11:12,0.0,00:01,0.0,7.1,0.3
1782783972.783,0.0,0.0,0.0,0.3,11:12,0.0,00:01,0.0,7.1,0.3
1782783977.791,0.0,0.0,0.0,0.3,11:12,0.0,00:01,0.0,7.1,0.3
1782783982.797,0.0,0.0,0.0,0.3,11:12,0.0,00:01,0.0,7.1,0.3
1782783987.807,0.0,0.0,0.0,0.3,11:12,0.0,00:01,0.0,7.1,0.3
1782783992.811,0.0,0.0,0.0,0.3,11:12,0.0,00:01,0.0,7.1,0.3
1782783997.822,0.0,0.0,0.0,0.3,11:12,0.0,00:01,0.0,7.1,0.3
1782784002.832,0.0,0.0,0.0,0.3,11:12,0.0,00:01,0.0,7.1,0.3
1782784007.842,0.0,0.0,0.0,0.3,11:12,0.0,00:01,0.0,7.1,0.3
1782784012.852,0.0,0.0,0.0,0.3,11:12,0.0,00:01,0.0,7.1,0.3
1782784017.859,0.0,0.0,0.0,0.3,11:12,0.0,00:01,0.0,7.1,0.3
1782784022.867,0.0,0.0,0.0,0.3,11:12,0.0,00:01,0.0,7.1,0.3
1782784027.872,0.0,0.0,0.0,0.3,11:12,0.0,00:01,0.0,7.1,0.3
1782784032.88,0.0,0.0,0.0,0.3,11:12,0.0,00:01,0.0,7.1,0.3
1782784037.884,0.0,0.0,0.0,0.3,11:12,0.0,00:01,0.0,7.1,0.3
1782784042.895,0.0,0.0,0.0,0.3,11:12,0.0,00:01,0.0,7.1,0.3
1782784047.903,0.0,0.0,0.0,0.3,11:12,0.0,00:01,0.0,7.1,0.3
1782784052.914,0.0,0.0,0.0,0.3,11:12,0.0,00:01,0.0,7.1,0.3
1782784057.924,0.0,0.0,0.0,0.3,11:12,0.0,00:01,0.0,7.1,0.3
1782784062.928,0.0,0.0,0.0,0.3,11:12,0.0,00:01,0.0,7.1,0.3
1782784067.938,0.0,0.0,0.0,0.3,11:12,0.0,00:01,0.0,7.1,0.3
1782784072.947,0.0,0.0,0.0,0.3,11:12,0.0,00:01,0.0,7.1,0.3
1782784077.957,0.0,0.0,0.0,0.3,11:12,0.0,00:01,0.0,7.1,0.3
1782784082.967,0.0,0.0,0.0,0.3,11:12,0.0,00:01,0.0,7.1,0.3
1782784087.975,0.0,0.0,0.0,0.3,11:12,0.0,00:01,0.0,7.1,0.3
1782784092.985,0.0,0.0,0.0,0.3,11:12,0.0,00:01,0.0,7.1,0.3
1782784097.993,0.0,0.0,0.0,0.3,11:12,0.0,00:01,0.0,7.1,0.3
1782784102.997,0.0,0.0,0.0,0.3,11:12,0.0,00:01,0.0,7.1,0.3
1782784108.0,0.0,0.0,0.0,0.3,11:12,0.0,00:01,0.0,7.1,0.3
1782784113.012,0.0,0.0,0.0,0.3,11:12,0.0,00:01,0.0,7.1,0.3
1782784118.022,0.0,0.0,0.0,0.3,11:12,0.0,00:01,0.0,7.1,0.3
1782784123.032,0.0,0.0,0.0,0.3,11:12,0.0,00:01,0.0,7.1,0.3
1782784128.041,0.0,0.0,0.0,0.3,11:12,0.0,00:01,0.0,7.1,0.3
1782784133.047,0.0,0.0,0.0,0.3,11:12,0.0,00:01,0.0,7.1,0.3
1782784138.056,0.0,0.0,0.0,0.3,11:12,0.0,00:01,0.0,7.1,0.3
1782784143.066,0.0,0.0,0.0,0.3,11:12,0.0,00:01,0.0,7.1,0.3
1782784148.076,0.0,0.0,0.0,0.3,11:12,0.0,00:01,0.0,7.1,0.3
1782784153.085,0.0,0.0,0.0,0.3,11:12,0.0,00:01,0.0,7.1,0.3
1782784158.091,0.0,0.0,0.0,0.3,11:12,0.0,00:01,0.0,7.1,0.3
1782784163.103,0.0,0.0,0.0,0.3,11:12,0.0,00:01,0.0,7.1,0.3
1782784168.11,0.0,0.0,0.0,0.3,11:12,0.0,00:01,0.0,7.1,0.3
1782784173.119,0.0,0.0,0.0,0.3,11:12,0.0,00:01,0.0,7.1,0.3
1782784178.123,0.0,0.0,0.0,0.3,11:12,0.0,00:01,0.0,7.1,0.3
1782784183.134,0.0,0.0,0.0,0.3,11:12,0.0,00:01,0.0,7.1,0.3
1782784188.143,0.0,0.0,0.0,0.3,11:12,0.0,00:01,0.0,7.1,0.3
1782784193.15,0.0,0.0,0.0,0.3,11:12,0.0,00:01,0.0,7.1,0.3
1782784198.16,0.0,0.0,0.0,0.3,11:12,0.0,00:01,0.0,7.1,0.3
1782784203.166,0.0,0.0,0.0,0.3,11:12,0.0,00:01,0.0,7.1,0.3
1782784208.175,0.0,0.0,0.0,0.3,11:12,0.0,00:01,0.0,7.1,0.3
1782784213.184,0.0,0.0,0.0,0.3,11:12,0.0,00:01,0.0,7.1,0.3
1782784218.198,0.0,0.0,0.0,0.3,11:12,0.0,00:01,0.0,7.1,0.3
1782784223.211,0.0,0.0,0.0,0.3,11:12,0.0,00:01,0.0,7.1,0.3
1782784228.22,0.0,0.0,0.0,0.3,11:12,0.0,00:01,0.0,7.1,0.3
1782784233.23,0.0,0.0,0.0,0.3,11:12,0.0,00:01,0.0,7.1,0.3
1782784238.238,0.0,0.0,0.0,0.3,11:12,0.0,00:01,0.0,7.1,0.3
1782784243.245,0.0,0.0,0.0,0.3,11:12,0.0,00:01,0.0,7.1,0.3
1782784248.254,0.0,0.0,0.0,0.3,11:12,0.0,00:01,0.0,7.1,0.3
1782784253.271,0.0,0.0,0.0,0.3,11:12,0.0,00:01,0.0,7.1,0.3
1782784258.283,0.0,0.0,0.0,0.3,11:12,0.0,00:01,0.0,7.1,0.3
1782784263.296,0.0,0.0,0.0,0.3,11:12,0.0,00:01,0.0,7.1,0.3
1782784268.309,0.0,0.0,0.0,0.3,11:12,0.0,00:01,0.0,7.1,0.3
1782784273.316,0.0,0.0,0.0,0.3,11:12,0.0,00:01,0.0,7.1,0.3
1782784278.332,0.0,0.0,0.0,0.3,11:12,0.0,00:01,0.0,7.1,0.3
1782784283.338,0.0,0.0,0.0,0.3,11:12,0.0,00:01,0.0,7.1,0.3
1782784288.35,0.0,0.0,0.0,0.3,11:12,0.0,00:01,0.0,7.1,0.3
1782784293.364,0.0,0.0,0.0,0.3,11:12,0.0,00:01,0.0,7.1,0.3
1782784298.375,0.0,0.0,0.0,0.3,11:12,0.0,00:01,0.0,7.1,0.3
1782784303.387,0.0,0.0,0.0,0.3,11:12,0.0,00:01,0.0,7.1,0.3
1782784308.396,0.0,0.0,0.0,0.3,11:12,0.0,00:01,0.0,7.1,0.3
1782784313.404,0.0,0.0,0.0,0.3,11:12,0.0,00:01,0.0,7.1,0.3
1782784318.417,0.0,0.0,0.0,0.3,11:12,0.0,00:01,0.0,7.1,0.3
1782784323.427,0.0,0.0,0.0,0.3,11:12,0.0,00:01,0.0,7.1,0.3
1782784328.439,0.0,0.0,0.0,0.3,11:12,0.0,00:01,0.0,7.1,0.3
1782784333.453,0.0,0.0,0.0,0.3,11:12,0.0,00:01,0.0,7.1,0.3
1782784338.463,0.0,0.0,0.0,0.3,11:12,0.0,00:01,0.0,7.1,0.3
1782784343.466,0.0,0.0,0.0,0.3,11:12,0.0,00:01,0.0,7.1,0.3
1782784348.483,0.0,0.0,0.0,0.3,11:12,0.0,00:01,0.0,7.1,0.3
1782784353.496,0.0,0.0,0.0,0.3,11:12,0.0,00:01,0.0,7.1,0.3
1782784358.508,0.0,0.0,0.0,0.3,11:12,0.0,00:01,0.0,7.1,0.3
1782784363.522,0.0,0.0,0.0,0.3,11:12,0.0,00:01,0.0,7.1,0.3
1782784368.529,0.0,0.0,0.0,0.3,11:12,0.0,00:01,0.0,7.1,0.3
1782784373.541,0.0,0.0,0.0,0.3,11:12,0.0,00:01,0.0,7.1,0.3
1782784378.553,0.0,0.0,0.0,0.3,11:12,0.0,00:01,0.0,7.1,0.3
1782784383.567,0.0,0.0,0.0,0.3,11:12,0.0,00:01,0.0,7.1,0.3
1782784388.574,0.0,0.0,0.0,0.3,11:12,0.0,00:01,0.0,7.1,0.3
1782784393.58,0.0,0.0,0.0,0.3,11:12,0.0,00:01,0.0,7.1,0.3
1782784398.589,0.0,0.0,0.0,0.3,11:12,0.0,00:01,0.0,7.1,0.3
1782784403.604,0.0,0.0,0.0,0.3,11:12,0.0,00:01,0.0,7.1,0.3
1782784408.611,0.0,0.0,0.0,0.3,11:12,0.0,00:01,0.0,7.1,0.3
1782784413.62,0.0,0.0,0.0,0.3,11:12,0.0,00:01,0.0,7.1,0.3
1782784418.628,0.0,0.0,0.0,0.3,11:12,0.0,00:01,0.0,7.1,0.3
1782784423.636,0.0,0.0,0.0,0.3,11:12,0.0,00:01,0.0,7.1,0.3
1782784428.65,0.0,0.0,0.0,0.3,11:12,0.0,00:01,0.0,7.1,0.3
1782784433.663,0.0,0.0,0.0,0.3,11:12,0.0,00:01,0.0,7.1,0.3
1782784438.671,0.0,0.0,0.0,0.3,11:12,0.0,00:01,0.0,7.1,0.3
1782784443.683,0.0,0.0,0.0,0.3,11:12,0.0,00:01,0.0,7.1,0.3
1782784448.699,0.0,0.0,0.0,0.3,11:12,0.0,00:01,0.0,7.1,0.3
1782784453.712,0.0,0.0,0.0,0.3,11:12,0.0,00:01,0.0,7.1,0.3
1782784458.724,0.0,0.0,0.0,0.3,11:12,0.0,00:01,0.0,7.1,0.3
1782784463.734,0.0,0.0,0.0,0.3,11:12,0.0,00:01,0.0,7.1,0.3
1782784468.748,0.0,0.0,0.0,0.3,11:12,0.0,00:01,0.0,7.1,0.3
1782784473.762,0.0,0.0,0.0,0.3,11:12,0.0,00:01,0.0,7.1,0.3
1782784478.774,0.0,0.0,0.0,0.3,11:12,0.0,00:01,0.0,7.1,0.3
1782784483.785,0.0,0.0,0.0,0.3,11:12,0.0,00:01,0.0,7.1,0.3
1782784488.793,0.0,0.0,0.0,0.3,11:12,0.0,00:01,0.0,7.1,0.3
1782784493.8,0.0,0.0,0.0,0.3,11:12,0.0,00:01,0.0,7.1,0.3
1782784498.808,0.0,0.0,0.0,0.3,11:12,0.0,00:01,0.0,7.1,0.3
1782784503.823,0.0,0.0,0.0,0.3,11:12,0.0,00:01,0.0,7.1,0.3
1782784508.838,0.0,0.0,0.0,0.3,11:12,0.0,00:01,0.0,7.1,0.3
1782784513.841,0.0,0.0,0.0,0.3,11:12,0.0,00:01,0.0,7.1,0.3
1782784518.853,0.0,0.0,0.0,0.3,11:12,0.0,00:01,0.0,7.1,0.3
1782784523.864,0.0,0.0,0.0,0.3,11:12,0.0,00:01,0.0,7.1,0.3
1782784528.873,0.0,0.0,0.0,0.3,11:12,0.0,00:01,0.0,7.1,0.3
1782784533.882,0.0,0.0,0.0,0.3,11:12,0.0,00:01,0.0,7.1,0.3
1782784538.891,0.0,0.0,0.0,0.3,11:12,0.0,00:01,0.0,7.1,0.3
1782784543.9,0.0,0.0,0.0,0.3,11:12,0.0,00:01,0.0,7.1,0.3
1782784548.914,0.0,0.0,0.0,0.3,11:12,0.0,00:01,0.0,7.1,0.3
1782784553.929,0.0,0.0,0.0,0.3,11:12,0.0,00:01,0.0,7.1,0.3
1782784558.937,0.0,0.0,0.0,0.3,11:12,0.0,00:01,0.0,7.1,0.3
1782784563.947,0.0,0.0,0.0,0.3,11:12,0.0,00:01,0.0,7.1,0.3
1782784568.956,0.0,0.0,0.0,0.3,11:12,0.0,00:01,0.0,7.1,0.3
1782784573.965,0.0,0.0,0.0,0.3,11:12,0.0,00:01,0.0,7.1,0.3
1782784578.973,0.0,0.0,0.0,0.3,11:12,0.0,00:01,0.0,7.1,0.3
1782784583.979,0.0,0.0,0.0,0.3,11:12,0.0,00:01,0.0,7.1,0.3
1782784588.99,0.0,0.0,0.0,0.3,11:12,0.0,00:01,0.0,7.1,0.3
1782784593.998,0.0,0.0,0.0,0.3,11:12,0.0,00:01,0.0,7.1,0.3
1782784599.005,0.0,0.0,0.0,0.3,11:12,0.0,00:01,0.0,7.1,0.3
1782784604.012,0.0,0.0,0.0,0.3,11:12,0.0,00:01,0.0,7.1,0.3
1782784609.022,0.0,0.0,0.0,0.3,11:12,0.0,00:01,0.0,7.1,0.3
1782784614.032,0.0,0.0,0.0,0.3,11:12,0.0,00:01,0.0,7.1,0.3
1782784619.042,0.0,0.0,0.0,0.3,11:12,0.0,00:01,0.0,7.1,0.3
1782784624.048,0.0,0.0,0.0,0.3,11:12,0.0,00:01,0.0,7.1,0.3
1782784629.054,0.0,0.0,0.0,0.3,11:12,0.0,00:01,0.0,7.1,0.3
1782784634.062,0.0,0.0,0.0,0.3,11:12,0.0,00:01,0.0,7.1,0.3
1782784639.069,0.0,0.0,0.0,0.3,11:12,0.0,00:01,0.0,7.1,0.3
1782784644.074,0.0,0.0,0.0,0.3,11:12,0.0,00:01,0.0,7.1,0.3
1782784649.088,0.0,0.0,0.0,0.3,11:12,0.0,00:01,0.0,7.1,0.3
1782784654.094,0.0,0.0,0.0,0.3,11:12,0.0,00:01,0.0,7.1,0.3
1782784659.106,0.0,0.0,0.0,0.3,11:12,0.0,00:01,0.0,7.1,0.3
1782784664.118,0.0,0.0,0.0,0.3,11:12,0.0,00:01,0.0,7.1,0.3
1782784669.13,0.0,0.0,0.0,0.3,11:12,0.0,00:01,0.0,7.1,0.3
1782784674.142,0.0,0.0,0.0,0.3,11:12,0.0,00:01,0.0,7.1,0.3
1782784679.144,0.0,0.0,0.0,0.3,11:12,0.0,00:01,0.0,7.1,0.3
1782784684.152,0.0,0.0,0.0,0.3,11:12,0.0,00:01,0.0,7.1,0.3
1782784689.162,0.0,0.0,0.0,0.3,11:12,0.0,00:01,0.0,7.1,0.3
1782784694.172,0.0,0.0,0.0,0.3,11:12,0.0,00:01,0.0,7.1,0.3
1782784699.176,0.0,0.0,0.0,0.3,11:12,0.0,00:01,0.0,7.1,0.3
1782784704.189,0.0,0.0,0.0,0.3,11:12,0.0,00:01,0.0,7.1,0.3
1782784709.198,0.0,0.0,0.0,0.3,11:12,0.0,00:01,0.0,7.1,0.3
1782784714.206,0.0,0.0,0.0,0.3,11:12,0.0,00:01,0.0,7.1,0.3
1782784719.222,0.0,0.0,0.0,0.3,11:12,0.0,00:01,0.0,7.1,0.3
1782784724.229,0.0,0.0,0.0,0.3,11:12,0.0,00:01,0.0,7.1,0.3
1782784729.24,0.0,0.0,0.0,0.3,11:12,0.0,00:01,0.0,7.1,0.3
1782784734.254,0.0,0.0,0.0,0.3,11:12,0.0,00:01,0.0,7.1,0.3
1782784739.267,0.0,0.0,0.0,0.3,11:12,0.0,00:01,0.0,7.1,0.3
1782784744.28,0.0,0.0,0.0,0.3,11:12,0.0,00:01,0.0,7.1,0.3
1782784749.284,0.0,0.0,0.0,0.3,11:12,0.0,00:01,0.0,7.1,0.3
1782784754.295,0.0,0.0,0.0,0.3,11:12,0.0,00:01,0.0,7.1,0.3
1782784759.308,0.0,0.0,0.0,0.3,11:12,0.0,00:01,0.0,7.1,0.3
1782784764.32,0.0,0.0,0.0,0.3,11:12,0.0,00:01,0.0,7.1,0.3
1782784769.328,0.0,0.0,0.0,0.3,11:12,0.0,00:01,0.0,7.1,0.3
1782784774.342,0.0,0.0,0.0,0.3,11:12,0.0,00:01,0.0,7.1,0.3
1782784779.352,0.0,0.0,0.0,0.3,11:12,0.0,00:01,0.0,7.1,0.3
1782784784.362,0.0,0.0,0.0,0.3,11:12,0.0,00:01,0.0,7.1,0.3
1782784789.371,0.0,0.0,0.0,0.3,11:12,0.0,00:01,0.0,7.1,0.3
1782784794.376,0.0,0.0,0.0,0.3,11:12,0.0,00:01,0.0,7.1,0.3
1782784799.384,0.0,0.0,0.0,0.3,11:12,0.0,00:01,0.0,7.1,0.3
1782784804.395,0.0,0.0,0.0,0.3,11:12,0.0,00:01,0.0,7.1,0.3
1782784809.402,0.0,0.0,0.0,0.3,11:12,0.0,00:01,0.0,7.1,0.3
1782784814.414,0.0,0.0,0.0,0.3,11:12,0.0,00:01,0.0,7.1,0.3
1782784819.422,0.0,0.0,0.0,0.3,11:12,0.0,00:01,0.0,7.1,0.3
1782784824.437,0.0,0.0,0.0,0.3,11:12,0.0,00:01,0.0,7.1,0.3
1782784829.446,0.0,0.0,0.0,0.3,11:12,0.0,00:01,0.0,7.1,0.3
1782784834.454,0.0,0.0,0.0,0.3,11:12,0.0,00:01,0.0,7.1,0.3
1782784839.467,0.0,0.0,0.0,0.3,11:12,0.0,00:01,0.0,7.1,0.3
1782784844.476,0.0,0.0,0.0,0.3,11:12,0.0,00:01,0.0,7.1,0.3
1782784849.486,0.0,0.0,0.0,0.3,11:12,0.0,00:01,0.0,7.1,0.3
1782784854.496,0.0,0.0,0.0,0.3,11:12,0.0,00:01,0.0,7.1,0.3
1782784859.513,0.0,0.0,0.0,0.3,11:12,0.0,00:01,0.0,7.1,0.3
1782784864.516,0.0,0.0,0.0,0.3,11:12,0.0,00:01,0.0,7.1,0.3
1782784869.529,0.0,0.0,0.0,0.3,11:12,0.0,00:01,0.0,7.1,0.3
1782784874.541,0.0,0.0,0.0,0.3,11:12,0.0,00:01,0.0,7.1,0.3
1782784879.553,0.0,0.0,0.0,0.3,11:12,0.0,00:01,0.0,7.1,0.3
1782784884.567,0.0,0.0,0.0,0.3,11:12,0.0,00:01,0.0,7.1,0.3
1782784889.573,0.0,0.0,0.0,0.3,11:12,0.0,00:01,0.0,7.1,0.3
1782784894.585,0.0,0.0,0.0,0.3,11:12,0.0,00:01,0.0,7.1,0.3
1782784899.596,0.0,0.0,0.0,0.3,11:12,0.0,00:01,0.0,7.1,0.3
1782784904.609,0.0,0.0,0.0,0.3,11:12,0.0,00:01,0.0,7.1,0.3
1782784909.624,0.0,0.0,0.0,0.3,11:12,0.0,00:01,0.0,7.1,0.3
1782784914.63,0.0,0.0,0.0,0.3,11:12,0.0,00:01,0.0,7.1,0.3
1782784919.64,0.0,0.0,0.0,0.3,11:12,0.0,00:01,0.0,7.1,0.3
1782784924.649,0.0,0.0,0.0,0.3,11:12,0.0,00:01,0.0,7.1,0.3
1782784929.665,0.0,0.0,0.0,0.3,11:12,0.0,00:01,0.0,7.1,0.3
1782784934.672,0.0,0.0,0.0,0.3,11:12,0.0,00:01,0.0,7.1,0.3
1782784939.684,0.0,0.0,0.0,0.3,11:12,0.0,00:01,0.0,7.1,0.3
1782784944.699,0.0,0.0,0.0,0.3,11:12,0.0,00:01,0.0,7.1,0.3
1782784949.71,0.0,0.0,0.0,0.3,11:12,0.0,00:01,0.0,7.1,0.3
1782784954.726,0.0,0.0,0.0,0.3,11:12,0.0,00:01,0.0,7.1,0.3
1782784959.732,0.0,0.0,0.0,0.3,11:12,0.0,00:01,0.0,7.1,0.3
1782784964.744,0.0,0.0,0.0,0.3,11:12,0.0,00:01,0.0,7.1,0.3
1782784969.755,0.0,0.0,0.0,0.3,11:12,0.0,00:01,0.0,7.1,0.3
1782784974.77,0.0,0.0,0.0,0.3,11:12,0.0,00:01,0.0,7.1,0.3
1782784979.782,0.0,0.0,0.0,0.3,11:12,0.0,00:01,0.0,7.1,0.3
1782784984.789,0.0,0.0,0.0,0.3,11:12,0.0,00:01,0.0,7.1,0.3
1782784989.803,0.0,0.0,0.0,0.3,11:12,0.0,00:01,0.0,7.1,0.3
1782784994.814,0.0,0.0,0.0,0.3,11:12,0.0,00:01,0.0,7.1,0.3
1782784999.83,0.0,0.0,0.0,0.3,11:12,0.0,00:01,0.0,7.1,0.3
1782785004.84,0.0,0.0,0.0,0.3,11:12,0.0,00:01,0.0,7.1,0.3
1782785009.846,0.0,0.0,0.0,0.3,11:12,0.0,00:01,0.0,7.1,0.3
1782785014.859,0.0,0.0,0.0,0.3,11:12,0.0,00:01,0.0,7.1,0.3
1782785019.871,0.0,0.0,0.0,0.3,11:12,0.0,00:01,0.0,7.1,0.3
1782785024.885,0.0,0.0,0.0,0.3,11:12,0.0,00:01,0.0,7.1,0.3
1782785029.892,0.0,0.0,0.0,0.3,11:12,0.0,00:01,0.0,7.1,0.3
1782785034.904,0.0,0.0,0.0,0.3,11:12,0.0,00:01,0.0,7.1,0.3
1782785039.916,0.0,0.0,0.0,0.3,11:12,0.0,00:01,0.0,7.1,0.3
1782785044.934,0.0,0.0,0.0,0.3,11:12,0.0,00:01,0.0,7.1,0.3
1782785049.945,0.0,0.0,0.0,0.3,11:12,0.0,00:01,0.0,7.1,0.3
1782785054.952,0.0,0.0,0.0,0.3,11:12,0.0,00:01,0.0,7.1,0.3
1782785059.964,0.0,0.0,0.0,0.3,11:12,0.0,00:01,0.0,7.1,0.3
1782785064.977,0.0,0.0,0.0,0.3,11:12,0.0,00:01,0.0,7.1,0.3
1782785069.989,0.0,0.0,0.0,0.3,11:12,0.0,00:01,0.0,7.1,0.3
1782785075.002,0.0,0.0,0.0,0.3,11:12,0.0,00:01,0.0,7.1,0.3
1782785080.009,0.0,0.0,0.0,0.3,11:12,0.0,00:01,0.0,7.1,0.3
1782785085.021,0.0,0.0,0.0,0.3,11:12,0.0,00:01,0.0,7.1,0.3
1782785090.031,0.0,0.0,0.0,0.3,11:12,0.0,00:01,0.0,7.1,0.3
1782785095.045,0.0,0.0,0.0,0.3,11:12,0.0,00:01,0.0,7.1,0.3
1782785100.056,0.0,0.0,0.0,0.3,11:12,0.0,00:01,0.0,7.1,0.3
1782785105.063,0.0,0.0,0.0,0.3,11:12,0.0,00:01,0.0,7.1,0.3
1782785110.075,0.0,0.0,0.0,0.3,11:12,0.0,00:01,0.0,7.1,0.3
1782785115.09,0.0,0.0,0.0,0.3,11:12,0.0,00:01,0.0,7.1,0.3
1782785120.1,0.0,0.0,0.0,0.3,11:12,0.0,00:01,0.0,7.1,0.3
1782785125.103,0.0,0.0,0.0,0.3,11:12,0.0,00:01,0.0,7.1,0.3
1782785130.116,0.0,0.0,0.0,0.3,11:12,0.0,00:01,0.0,7.1,0.3
1782785135.127,0.0,0.0,0.0,0.3,11:12,0.0,00:01,0.0,7.1,0.3
1782785140.14,0.0,0.0,0.0,0.3,11:12,0.0,00:01,0.0,7.1,0.3
1782785145.153,0.0,0.0,0.0,0.3,11:12,0.0,00:01,0.0,7.1,0.3
1782785150.159,0.0,0.0,0.0,0.3,11:12,0.0,00:01,0.0,7.1,0.3
1782785155.168,0.0,0.0,0.0,0.3,11:12,0.0,00:01,0.0,7.1,0.3
1782785160.183,0.0,0.0,0.0,0.3,11:12,0.0,00:01,0.0,7.1,0.3
1782785165.192,0.0,0.0,0.0,0.3,11:12,0.0,00:01,0.0,7.1,0.3
1782785170.205,0.0,0.0,0.0,0.3,11:12,0.0,00:01,0.0,7.1,0.3
1782785175.212,0.0,0.0,0.0,0.3,11:12,0.0,00:01,0.0,7.1,0.3
1782785180.225,0.0,0.0,0.0,0.3,11:12,0.0,00:01,0.0,7.1,0.3
1782785185.24,0.0,0.0,0.0,0.3,11:12,0.0,00:01,0.0,7.1,0.3
1782785190.251,0.0,0.0,0.0,0.3,11:12,0.0,00:01,0.0,7.1,0.3
1782785195.257,0.0,0.0,0.0,0.3,11:12,0.0,00:01,0.0,7.1,0.3
1782785200.27,0.0,0.0,0.0,0.3,11:12,0.0,00:01,0.0,7.1,0.3
1782785205.282,0.0,0.0,0.0,0.3,11:12,0.0,00:01,0.0,7.1,0.3
1782785210.295,0.0,0.0,0.0,0.3,11:12,0.0,00:01,0.0,7.1,0.3
1782785215.31,0.0,0.0,0.0,0.3,11:12,0.0,00:01,0.0,7.1,0.3
1782785220.316,0.0,0.0,0.0,0.3,11:12,0.0,00:01,0.0,7.1,0.3
1782785225.325,0.0,0.0,0.0,0.3,11:12,0.0,00:01,0.0,7.1,0.3
1782785230.337,0.0,0.0,0.0,0.3,11:12,0.0,00:01,0.0,7.1,0.3
1782785235.349,0.0,0.0,0.0,0.3,11:12,0.0,00:01,0.0,7.1,0.3
1782785240.361,0.0,0.0,0.0,0.3,11:12,0.0,00:01,0.0,7.1,0.3
1782785245.366,0.0,0.0,0.0,0.3,11:12,0.0,00:01,0.0,7.1,0.3
1782785250.372,0.0,0.0,0.0,0.3,11:12,0.0,00:01,0.0,7.1,0.3
1782785255.385,0.0,0.0,0.0,0.3,11:12,0.0,00:01,0.0,7.1,0.3
1782785260.399,0.0,0.0,0.0,0.3,11:12,0.0,00:01,0.0,7.1,0.3
1782785265.409,0.0,0.0,0.0,0.3,11:12,0.0,00:01,0.0,7.1,0.3
1782785270.413,0.0,0.0,0.0,0.3,11:12,0.0,00:01,0.0,7.1,0.3
1782785275.425,0.0,0.0,0.0,0.3,11:12,0.0,00:01,0.0,7.1,0.3
1782785280.438,0.0,0.0,0.0,0.3,11:12,0.0,00:01,0.0,7.1,0.3
1782785285.449,0.0,0.0,0.0,0.3,11:12,0.0,00:01,0.0,7.1,0.3
1782785290.457,0.0,0.0,0.0,0.3,11:12,0.0,00:01,0.0,7.1,0.3
1782785295.468,0.0,0.0,0.0,0.3,11:12,0.0,00:01,0.0,7.1,0.3
1782785300.485,0.0,0.0,0.0,0.3,11:12,0.0,00:01,0.0,7.1,0.3
1782785305.498,0.0,0.0,0.0,0.3,11:12,0.0,00:01,0.0,7.1,0.3
1782785310.511,0.0,0.0,0.0,0.3,11:12,0.0,00:01,0.0,7.1,0.3
1782785315.518,0.0,0.0,0.0,0.3,11:12,0.0,00:01,0.0,7.1,0.3
1782785320.526,0.0,0.0,0.0,0.3,11:12,0.0,00:01,0.0,7.1,0.3
1782785325.542,0.0,0.0,0.0,0.3,11:12,0.0,00:01,0.0,7.1,0.3
1782785330.552,0.0,0.0,0.0,0.3,11:12,0.0,00:01,0.0,7.1,0.3
1782785335.565,0.0,0.0,0.0,0.3,11:12,0.0,00:01,0.0,7.1,0.3
1782785340.572,0.0,0.0,0.0,0.3,11:12,0.0,00:01,0.0,7.1,0.3
1782785345.589,0.0,0.0,0.0,0.3,11:12,0.0,00:01,0.0,7.1,0.3
1782785350.597,0.0,0.0,0.0,0.3,11:12,0.0,00:01,0.0,7.1,0.3
1782785355.608,0.0,0.0,0.0,0.3,11:12,0.0,00:01,0.0,7.1,0.3
1782785360.615,0.0,0.0,0.0,0.3,11:12,0.0,00:01,0.0,7.1,0.3
1782785365.628,0.0,0.0,0.0,0.3,11:12,0.0,00:01,0.0,7.1,0.3
1782785370.64,0.0,0.0,0.0,0.3,11:12,0.0,00:01,0.0,7.1,0.3
1782785375.654,0.0,0.0,0.0,0.3,11:12,0.0,00:01,0.0,7.1,0.3
1782785380.666,0.0,0.0,0.0,0.3,11:12,0.0,00:01,0.0,7.1,0.3
1782785385.673,0.0,0.0,0.0,0.3,11:12,0.0,00:01,0.0,7.1,0.3
1782785390.684,0.0,0.0,0.0,0.3,11:12,0.0,00:01,0.0,7.1,0.3
1782785395.701,0.0,0.0,0.0,0.3,11:12,0.0,00:01,0.0,7.1,0.3
1782785400.714,0.0,0.0,0.0,0.3,11:12,0.0,00:01,0.0,7.1,0.3
1782785405.725,0.0,0.0,0.0,0.3,11:12,0.0,00:01,0.0,7.1,0.3
1782785410.731,0.0,0.0,0.0,0.3,11:12,0.0,00:01,0.0,7.1,0.3
1782785415.747,0.0,0.0,0.0,0.3,11:12,0.0,00:01,0.0,7.1,0.3
1782785420.759,0.0,0.0,0.0,0.3,11:12,0.0,00:01,0.0,7.1,0.3
1782785425.771,0.0,0.0,0.0,0.3,11:12,0.0,00:01,0.0,7.1,0.3
1782785430.783,0.0,0.0,0.0,0.3,11:12,0.0,00:01,0.0,7.1,0.3
1782785435.787,0.0,0.0,0.0,0.3,11:12,0.0,00:01,0.0,7.1,0.3
1782785440.797,0.0,0.0,0.0,0.3,11:12,0.0,00:01,0.0,7.1,0.3
1782785445.809,0.0,0.0,0.0,0.3,11:12,0.0,00:01,0.0,7.1,0.3
1782785450.821,0.0,0.0,0.0,0.3,11:12,0.0,00:01,0.0,7.1,0.3
1782785455.828,0.0,0.0,0.0,0.3,11:12,0.0,00:01,0.0,7.1,0.3
1782785460.843,0.0,0.0,0.0,0.3,11:12,0.0,00:01,0.0,7.1,0.3
1782785465.857,0.0,0.0,0.0,0.3,11:12,0.0,00:01,0.0,7.1,0.3
1782785470.869,0.0,0.0,0.0,0.3,11:12,0.0,00:01,0.0,7.1,0.3
1782785475.885,0.0,0.0,0.0,0.3,11:12,0.0,00:01,0.0,7.1,0.3
1782785480.894,0.0,0.0,0.0,0.3,11:12,0.0,00:01,0.0,7.1,0.3
1782785485.907,0.0,0.0,0.0,0.3,11:12,0.0,00:01,0.0,7.1,0.3
1782785490.921,0.0,0.0,0.0,0.3,11:12,0.0,00:01,0.0,7.1,0.3
1782785495.933,0.0,0.0,0.0,0.3,11:12,0.0,00:01,0.0,7.1,0.3
1782785500.944,0.0,0.0,0.0,0.3,11:12,0.0,00:01,0.0,7.1,0.3
1782785505.951,0.0,0.0,0.0,0.3,11:12,0.0,00:01,0.0,7.1,0.3
1782785510.966,0.0,0.0,0.0,0.3,11:12,0.0,00:01,0.0,7.1,0.3
1782785515.98,0.0,0.0,0.0,0.3,11:12,0.0,00:01,0.0,7.1,0.3
1782785520.992,0.0,0.0,0.0,0.3,11:12,0.0,00:01,0.0,7.1,0.3
1782785525.999,0.0,0.0,0.0,0.3,11:12,0.0,00:01,0.0,7.1,0.3
1782785531.015,0.0,0.0,0.0,0.3,11:12,0.0,00:01,0.0,7.1,0.3
1782785536.024,0.0,0.0,0.0,0.3,11:12,0.0,00:01,0.0,7.1,0.3
1782785541.035,0.0,0.0,0.0,0.3,11:12,0.0,00:01,0.0,7.1,0.3
1782785546.048,0.0,0.0,0.0,0.3,11:12,0.0,00:01,0.0,7.1,0.3
1782785551.055,0.0,0.0,0.0,0.3,11:12,0.0,00:01,0.0,7.1,0.3
1782785556.07,0.0,0.0,0.0,0.3,11:12,0.0,00:01,0.0,7.1,0.3
1782785561.083,0.0,0.0,0.0,0.3,11:12,0.0,00:01,0.0,7.1,0.3
1782785566.091,0.0,0.0,0.0,0.3,11:12,0.0,00:01,0.0,7.1,0.3
1782785571.101,0.0,0.0,0.0,0.3,11:12,0.0,00:01,0.0,7.1,0.3
1782785576.105,0.0,0.0,0.0,0.3,11:12,0.0,00:01,0.0,7.1,0.3
1782785581.119,0.0,0.0,0.0,0.3,11:12,0.0,00:01,0.0,7.1,0.3
1782785586.127,0.0,0.0,0.0,0.3,11:12,0.0,00:01,0.0,7.1,0.3
1782785591.137,0.0,0.0,0.0,0.3,11:12,0.0,00:01,0.0,7.1,0.3
1782785596.146,0.0,0.0,0.0,0.3,11:12,0.0,00:01,0.0,7.1,0.3
1782785601.156,0.0,0.0,0.0,0.3,11:12,0.0,00:01,0.0,7.1,0.3
1782785606.164,0.0,0.0,0.0,0.3,11:12,0.0,00:01,0.0,7.1,0.3
1782785611.172,0.0,0.0,0.0,0.3,11:12,0.0,00:01,0.0,7.1,0.3
1782785616.184,0.0,0.0,0.0,0.3,11:12,0.0,00:01,0.0,7.1,0.3
1782785621.188,0.0,0.0,0.0,0.3,11:12,0.0,00:01,0.0,7.1,0.3
1782785626.198,0.0,0.0,0.0,0.3,11:12,0.0,00:01,0.0,7.1,0.3
1782785631.207,0.0,0.0,0.0,0.3,11:12,0.0,00:01,0.0,7.1,0.3
1782785636.214,0.0,0.0,0.0,0.3,11:12,0.0,00:01,0.0,7.1,0.3
1782785641.222,0.0,0.0,0.0,0.3,11:12,0.0,00:01,0.0,7.1,0.3
1782785646.229,0.0,0.0,0.0,0.3,11:12,0.0,00:01,0.0,7.1,0.3
1782785651.242,0.0,0.0,0.0,0.3,11:12,0.0,00:01,0.0,7.1,0.3
1782785656.255,0.0,0.0,0.0,0.3,11:12,0.0,00:01,0.0,7.1,0.3
1782785661.269,0.0,0.0,0.0,0.3,11:12,0.0,00:01,0.0,7.1,0.3
1782785666.282,0.0,0.0,0.0,0.3,11:12,0.0,00:01,0.0,7.1,0.3
1782785671.291,0.0,0.0,0.0,0.3,11:12,0.0,00:01,0.0,7.1,0.3
1782785676.305,0.0,0.0,0.0,0.3,11:12,0.0,00:01,0.0,7.1,0.3
1782785681.314,0.0,0.0,0.0,0.3,11:12,0.0,00:01,0.0,7.1,0.3
1782785686.323,0.0,0.0,0.0,0.3,11:12,0.0,00:01,0.0,7.1,0.3
1782785691.33,0.0,0.0,0.0,0.3,11:12,0.0,00:01,0.0,7.1,0.3
1782785696.347,0.0,0.0,0.0,0.3,11:12,0.0,00:01,0.0,7.1,0.3
1782785701.361,0.0,0.0,0.0,0.3,11:12,0.0,00:01,0.0,7.1,0.3
1782785706.373,0.0,0.0,0.0,0.3,11:12,0.0,00:01,0.0,7.1,0.3
1782785711.384,0.0,0.0,0.0,0.3,11:12,0.0,00:01,0.0,7.1,0.3
1782785716.39,0.0,0.0,0.0,0.3,11:12,0.0,00:01,0.0,7.1,0.3
1782785721.405,0.0,0.0,0.0,0.3,11:12,0.0,00:01,0.0,7.1,0.3
1782785726.416,0.0,0.0,0.0,0.3,11:12,0.0,00:01,0.0,7.1,0.3
1782785731.428,0.0,0.0,0.0,0.3,11:12,0.0,00:01,0.0,7.1,0.3
1782785736.44,0.0,0.0,0.0,0.3,11:12,0.0,00:01,0.0,7.1,0.3
1782785741.447,0.0,0.0,0.0,0.3,11:12,0.0,00:01,0.0,7.1,0.3
1782785746.465,0.0,0.0,0.0,0.3,11:12,0.0,00:01,0.0,7.1,0.3
1782785751.477,0.0,0.0,0.0,0.3,11:12,0.0,00:01,0.0,7.1,0.3
1782785756.489,0.0,0.0,0.0,0.3,11:12,0.0,00:01,0.0,7.1,0.3
1782785761.502,0.0,0.0,0.0,0.3,11:12,0.0,00:01,0.0,7.1,0.3
1782785766.512,0.0,0.0,0.0,0.3,11:12,0.0,00:01,0.0,7.1,0.3
1782785771.522,0.0,0.0,0.0,0.3,11:12,0.0,00:01,0.0,7.1,0.3
1782785776.536,0.0,0.0,0.0,0.3,11:12,0.0,00:01,0.0,7.1,0.3
1782785781.545,0.0,0.0,0.0,0.3,11:12,0.0,00:01,0.0,7.1,0.3
1782785786.552,0.0,0.0,0.0,0.3,11:12,0.0,00:01,0.0,7.1,0.3
1782785791.563,0.0,0.0,0.0,0.3,11:12,0.0,00:01,0.0,7.1,0.3
1782785796.573,0.0,0.0,0.0,0.3,11:12,0.0,00:01,0.0,7.1,0.3
1782785801.586,0.0,0.0,0.0,0.3,11:12,0.0,00:01,0.0,7.1,0.3
1782785806.597,0.0,0.0,0.0,0.3,11:12,0.0,00:01,0.0,7.1,0.3
1782785811.604,0.0,0.0,0.0,0.3,11:12,0.0,00:01,0.0,7.1,0.3
1782785816.621,0.0,0.0,0.0,0.3,11:12,0.0,00:01,0.0,7.1,0.3
1782785821.631,0.0,0.0,0.0,0.3,11:12,0.0,00:01,0.0,7.1,0.3
1782785826.644,0.0,0.0,0.0,0.3,11:12,0.0,00:01,0.0,7.1,0.3
1782785831.657,0.0,0.0,0.0,0.3,11:12,0.0,00:01,0.0,7.1,0.3
1782785836.664,0.0,0.0,0.0,0.3,11:12,0.0,00:01,0.0,7.1,0.3
1782785841.672,0.0,0.0,0.0,0.3,11:12,0.0,00:01,0.0,7.1,0.3
1782785846.686,0.0,0.0,0.0,0.3,11:12,0.0,00:01,0.0,7.1,0.3
1782785851.698,0.0,0.0,0.0,0.3,11:12,0.0,00:01,0.0,7.1,0.3
1782785856.711,0.0,0.0,0.0,0.3,11:12,0.0,00:01,0.0,7.1,0.3
1782785861.719,0.0,0.0,0.0,0.3,11:12,0.0,00:01,0.0,7.1,0.3
1782785866.731,0.0,0.0,0.0,0.3,11:12,0.0,00:01,0.0,7.1,0.3
1782785871.739,0.0,0.0,0.0,0.3,11:12,0.0,00:01,0.0,7.1,0.3
1782785876.755,0.0,0.0,0.0,0.3,11:12,0.0,00:01,0.0,7.1,0.3
1782785881.761,0.0,0.0,0.0,0.3,11:12,0.0,00:01,0.0,7.1,0.3
1782785886.773,0.0,0.0,0.0,0.3,11:12,0.0,00:01,0.0,7.1,0.3
1782785891.785,0.0,0.0,0.0,0.3,11:12,0.0,00:01,0.0,7.1,0.3
1782785896.792,0.0,0.0,0.0,0.3,11:12,0.0,00:01,0.0,7.1,0.3
1782785901.801,0.0,0.0,0.0,0.3,11:12,0.0,00:01,0.0,7.1,0.3
1782785906.812,0.0,0.0,0.0,0.3,11:12,0.0,00:01,0.0,7.1,0.3
1782785911.823,0.0,0.0,0.0,0.3,11:12,0.0,00:01,0.0,7.1,0.3
1782785916.831,0.0,0.0,0.0,0.3,11:12,0.0,00:01,0.0,7.1,0.3
1782785921.844,0.0,0.0,0.0,0.3,11:12,0.0,00:01,0.0,7.1,0.3
1782785926.858,0.0,0.0,0.0,0.3,11:12,0.0,00:01,0.0,7.1,0.3
1782785931.864,0.0,0.0,0.0,0.3,11:12,0.0,00:01,0.0,7.1,0.3
1782785936.876,0.0,0.0,0.0,0.3,11:12,0.0,00:01,0.0,7.1,0.3
1782785941.89,0.0,0.0,0.0,0.3,11:12,0.0,00:01,0.0,7.1,0.3
1782785946.904,0.0,0.0,0.0,0.3,11:12,0.0,00:01,0.0,7.1,0.3
1782785951.912,0.0,0.0,0.0,0.3,11:12,0.0,00:01,0.0,7.1,0.3
1782785956.924,0.0,0.0,0.0,0.3,11:12,0.0,00:01,0.0,7.1,0.3
1782785961.938,0.0,0.0,0.0,0.3,11:12,0.0,00:01,0.0,7.1,0.3
1782785966.947,0.0,0.0,0.0,0.3,11:12,0.0,00:01,0.0,7.1,0.3
1782785971.959,0.0,0.0,0.0,0.3,11:12,0.0,00:01,0.0,7.1,0.3
1782785976.968,0.0,0.0,0.0,0.3,11:12,0.0,00:01,0.0,7.1,0.3
1782785981.98,0.0,0.0,0.0,0.3,11:12,0.0,00:01,0.0,7.1,0.3
1782785986.99,0.0,0.0,0.0,0.3,11:12,0.0,00:01,0.0,7.1,0.3
1782785991.999,0.0,0.0,0.0,0.3,11:12,0.0,00:01,0.0,7.1,0.3
1782785997.015,0.0,0.0,0.0,0.3,11:12,0.0,00:01,0.0,7.1,0.3
1782786002.022,0.0,0.0,0.0,0.3,11:12,0.0,00:01,0.0,7.1,0.3
1782786007.03,0.0,0.0,0.0,0.3,11:12,0.0,00:01,0.0,7.1,0.3
1782786012.044,0.0,0.0,0.0,0.3,11:12,0.0,00:01,0.0,7.1,0.3
1782786017.054,0.0,0.0,0.0,0.3,11:12,0.0,00:01,0.0,7.1,0.3
1782786022.065,0.0,0.0,0.0,0.3,11:12,0.0,00:01,0.0,7.1,0.3
1782786027.071,0.0,0.0,0.0,0.3,11:12,0.0,00:01,0.0,7.1,0.3
1782786032.086,0.0,0.0,0.0,0.3,11:12,0.0,00:01,0.0,7.1,0.3
1782786037.099,0.0,0.0,0.0,0.3,11:12,0.0,00:01,0.0,7.1,0.3
1782786042.107,0.0,0.0,0.0,0.3,11:12,0.0,00:01,0.0,7.1,0.3
1782786047.116,0.0,0.0,0.0,0.3,11:12,0.0,00:01,0.0,7.1,0.3
1782786052.13,0.0,0.0,0.0,0.3,11:12,0.0,00:01,0.0,7.1,0.3
1782786057.143,0.0,0.0,0.0,0.3,11:12,0.0,00:01,0.0,7.1,0.3
1782786062.156,0.0,0.0,0.0,0.3,11:12,0.0,00:01,0.0,7.1,0.3
1782786067.17,0.0,0.0,0.0,0.3,11:12,0.0,00:01,0.0,7.1,0.3
1782786072.178,0.0,0.0,0.0,0.3,11:12,0.0,00:01,0.0,7.1,0.3
1782786077.188,0.0,0.0,0.0,0.3,11:12,0.0,00:01,0.0,7.1,0.3
1782786082.196,0.0,0.0,0.0,0.3,11:12,0.0,00:01,0.0,7.1,0.3
1782786087.211,0.0,0.0,0.0,0.3,11:12,0.0,00:01,0.0,7.1,0.3
1782786092.227,0.0,0.0,0.0,0.3,11:12,0.0,00:01,0.0,7.1,0.3
1782786097.236,0.0,0.0,0.0,0.3,11:12,0.0,00:01,0.0,7.1,0.3
1782786102.249,0.0,0.0,0.0,0.3,11:12,0.0,00:01,0.0,7.1,0.3
1782786107.261,0.0,0.0,0.0,0.3,11:12,0.0,00:01,0.0,7.1,0.3
1782786112.269,0.0,0.0,0.0,0.3,11:12,0.0,00:01,0.0,7.1,0.3
1782786117.276,0.0,0.0,0.0,0.3,11:12,0.0,00:01,0.0,7.1,0.3
1782786122.289,0.0,0.0,0.0,0.3,11:12,0.0,00:01,0.0,7.1,0.3
1782786127.301,0.0,0.0,0.0,0.3,11:12,0.0,00:01,0.0,7.1,0.3
1782786132.315,0.0,0.0,0.0,0.3,11:12,0.0,00:01,0.0,7.1,0.3
1782786137.329,0.0,0.0,0.0,0.3,11:12,0.0,00:01,0.0,7.1,0.3
1782786142.336,0.0,0.0,0.0,0.3,11:12,0.0,00:01,0.0,7.1,0.3
1782786147.348,0.0,0.0,0.0,0.3,11:12,0.0,00:01,0.0,7.1,0.3
1782786152.358,0.0,0.0,0.0,0.3,11:12,0.0,00:01,0.0,7.1,0.3
1782786157.372,0.0,0.0,0.0,0.3,11:12,0.0,00:01,0.0,7.1,0.3
1782786162.385,0.0,0.0,0.0,0.3,11:12,0.0,00:01,0.0,7.1,0.3
1782786167.388,0.0,0.0,0.0,0.3,11:12,0.0,00:01,0.0,7.1,0.3
1782786172.401,0.0,0.0,0.0,0.3,11:12,0.0,00:01,0.0,7.1,0.3
1782786177.414,0.0,0.0,0.0,0.3,11:12,0.0,00:01,0.0,7.1,0.3
1782786182.423,0.0,0.0,0.0,0.3,11:12,0.0,00:01,0.0,7.1,0.3
1782786187.439,0.0,0.0,0.0,0.3,11:12,0.0,00:01,0.0,7.1,0.3
1782786192.444,0.0,0.0,0.0,0.3,11:12,0.0,00:01,0.0,7.1,0.3
1782786197.453,0.0,0.0,0.0,0.3,11:12,0.0,00:01,0.0,7.1,0.3
1782786202.468,0.0,0.0,0.0,0.3,11:12,0.0,00:01,0.0,7.1,0.3
1782786207.48,0.0,0.0,0.0,0.3,11:12,0.0,00:01,0.0,7.1,0.3
1782786212.484,0.0,0.0,0.0,0.3,11:12,0.0,00:01,0.0,7.1,0.3
1782786217.496,0.0,0.0,0.0,0.3,11:12,0.0,00:01,0.0,7.1,0.3
1782786222.506,0.0,0.0,0.0,0.3,11:12,0.0,00:01,0.0,7.1,0.3
1782786227.518,0.0,0.0,0.0,0.3,11:12,0.0,00:01,0.0,7.1,0.3
1782786232.529,0.0,0.0,0.0,0.3,11:12,0.0,00:01,0.0,7.1,0.3
1782786237.532,0.0,0.0,0.0,0.3,11:12,0.0,00:01,0.0,7.1,0.3
1782786242.544,0.0,0.0,0.0,0.3,11:12,0.0,00:01,0.0,7.1,0.3
1782786247.557,0.0,0.0,0.0,0.3,11:12,0.0,00:01,0.0,7.1,0.3
1782786252.571,0.0,0.0,0.0,0.3,11:12,0.0,00:01,0.0,7.1,0.3
1782786257.584,0.0,0.0,0.0,0.3,11:12,0.0,00:01,0.0,7.1,0.3
1782786262.591,0.0,0.0,0.0,0.3,11:12,0.0,00:01,0.0,7.1,0.3
1782786267.604,0.0,0.0,0.0,0.3,11:12,0.0,00:01,0.0,7.1,0.3
1782786272.614,0.0,0.0,0.0,0.3,11:12,0.0,00:01,0.0,7.1,0.3
1782786277.624,0.0,0.0,0.0,0.3,11:12,0.0,00:01,0.0,7.1,0.3
1782786282.63,0.0,0.0,0.0,0.3,11:12,0.0,00:01,0.0,7.1,0.3
1782786287.64,0.0,0.0,0.0,0.3,11:12,0.0,00:01,0.0,7.1,0.3
1782786292.648,0.0,0.0,0.0,0.3,11:12,0.0,00:01,0.0,7.1,0.3
1782786297.658,0.0,0.0,0.0,0.3,11:12,0.0,00:01,0.0,7.1,0.3
1782786302.671,0.0,0.0,0.0,0.3,11:12,0.0,00:01,0.0,7.1,0.3
1782786307.676,0.0,0.0,0.0,0.3,11:12,0.0,00:01,0.0,7.1,0.3
1782786312.684,0.0,0.0,0.0,0.3,11:12,0.0,00:01,0.0,7.1,0.3
1782786317.697,0.0,0.0,0.0,0.3,11:12,0.0,00:01,0.0,7.1,0.3
1782786322.71,0.0,0.0,0.0,0.3,11:12,0.0,00:01,0.0,7.1,0.3
1782786327.721,0.0,0.0,0.0,0.3,11:12,0.0,00:01,0.0,7.1,0.3
1782786332.729,0.0,0.0,0.0,0.3,11:12,0.0,00:01,0.0,7.1,0.3
1782786337.741,0.0,0.0,0.0,0.3,11:12,0.0,00:01,0.0,7.1,0.3
1782786342.756,0.0,0.0,0.0,0.3,11:12,0.0,00:01,0.0,7.1,0.3
1782786347.77,0.0,0.0,0.0,0.3,11:12,0.0,00:01,0.0,7.1,0.3
1782786352.781,0.0,0.0,0.0,0.3,11:12,0.0,00:01,0.0,7.1,0.3
1782786357.792,0.0,0.0,0.0,0.3,11:12,0.0,00:01,0.0,7.1,0.3
1782786362.802,0.0,0.0,0.0,0.3,11:12,0.0,00:01,0.0,7.1,0.3
1782786367.814,0.0,0.0,0.0,0.3,11:12,0.0,00:01,0.0,7.1,0.3
1782786372.83,0.0,0.0,0.0,0.3,11:12,0.0,00:01,0.0,7.1,0.3
1782786377.836,0.0,0.0,0.0,0.3,11:12,0.0,00:01,0.0,7.1,0.3
1782786382.847,0.0,0.0,0.0,0.3,11:12,0.0,00:01,0.0,7.1,0.3
1782786387.859,0.0,0.0,0.0,0.3,11:12,0.0,00:01,0.0,7.1,0.3
1782786392.873,0.0,0.0,0.0,0.3,11:12,0.0,00:01,0.0,7.1,0.3
1782786397.883,0.0,0.0,0.0,0.3,11:12,0.0,00:01,0.0,7.1,0.3
1782786402.888,0.0,0.0,0.0,0.3,11:12,0.0,00:01,0.0,7.1,0.3
1782786407.902,0.0,0.0,0.0,0.3,11:12,0.0,00:01,0.0,7.1,0.3
1782786412.914,0.0,0.0,0.0,0.3,11:12,0.0,00:01,0.0,7.1,0.3
1782786417.93,0.0,0.0,0.0,0.3,11:12,0.0,00:01,0.0,7.1,0.3
1782786422.942,0.0,0.0,0.0,0.3,11:12,0.0,00:01,0.0,7.1,0.3
1782786427.949,0.0,0.0,0.0,0.3,11:12,0.0,00:01,0.0,7.1,0.3
1782786432.959,0.0,0.0,0.0,0.3,11:12,0.0,00:01,0.0,7.1,0.3
1782786437.969,0.0,0.0,0.0,0.3,11:12,0.0,00:01,0.0,7.1,0.3
1782786442.987,0.0,0.0,0.0,0.3,11:12,0.0,00:01,0.0,7.1,0.3
1782786447.995,0.0,0.0,0.0,0.3,11:12,0.0,00:01,0.0,7.1,0.3
1782786453.002,0.0,0.0,0.0,0.3,11:12,0.0,00:01,0.0,7.1,0.3
1782786458.017,0.0,0.0,0.0,0.3,11:12,0.0,00:01,0.0,7.1,0.3
1782786463.024,0.0,0.0,0.0,0.3,11:12,0.0,00:01,0.0,7.1,0.3
1782786468.036,0.0,0.0,0.0,0.3,11:12,0.0,00:01,0.0,7.1,0.3
1782786473.042,0.0,0.0,0.0,0.3,11:12,0.0,00:01,0.0,7.1,0.3
1782786478.056,0.0,0.0,0.0,0.3,11:12,0.0,00:01,0.0,7.1,0.3
1782786483.065,0.0,0.0,0.0,0.3,11:12,0.0,00:01,0.0,7.1,0.3
1782786488.078,0.0,0.0,0.0,0.3,11:12,0.0,00:01,0.0,7.1,0.3
1782786493.085,0.0,0.0,0.0,0.3,11:12,0.0,00:01,0.0,7.1,0.3
1782786498.091,0.0,0.0,0.0,0.3,11:12,0.0,00:01,0.0,7.1,0.3
1782786503.106,0.0,0.0,0.0,0.3,11:12,0.0,00:01,0.0,7.1,0.3
1782786508.114,0.0,0.0,0.0,0.3,11:12,0.0,00:01,0.0,7.1,0.3
1782786513.124,0.0,0.0,0.0,0.3,11:12,0.0,00:01,0.0,7.1,0.3
1782786518.133,0.0,0.0,0.0,0.3,11:12,0.0,00:01,0.0,7.1,0.3
1782786523.136,0.0,0.0,0.0,0.3,11:12,0.0,00:01,0.0,7.1,0.3
1782786528.14,0.0,0.0,0.0,0.3,11:12,0.0,00:01,0.0,7.1,0.3
1782786533.151,0.0,0.0,0.0,0.3,11:12,0.0,00:01,0.0,7.1,0.3
1782786538.16,0.0,0.0,0.0,0.3,11:12,0.0,00:01,0.0,7.1,0.3
1782786543.166,0.0,0.0,0.0,0.3,11:12,0.0,00:01,0.0,7.1,0.3
1782786548.174,0.0,0.0,0.0,0.3,11:12,0.0,00:01,0.0,7.1,0.3
1782786553.184,0.0,0.0,0.0,0.3,11:12,0.0,00:01,0.0,7.1,0.3
1782786558.202,0.0,0.0,0.0,0.3,11:12,0.0,00:01,0.0,7.1,0.3
1782786563.215,0.0,0.0,0.0,0.3,11:12,0.0,00:01,0.0,7.1,0.3
1782786568.22,0.0,0.0,0.0,0.3,11:12,0.0,00:01,0.0,7.1,0.3
1782786573.233,0.0,0.0,0.0,0.3,11:12,0.0,00:01,0.0,7.1,0.3
1782786578.244,0.0,0.0,0.0,0.3,11:12,0.0,00:01,0.0,7.1,0.3
1782786583.258,0.0,0.0,0.0,0.3,11:12,0.0,00:01,0.0,7.1,0.3
1782786588.271,0.0,0.0,0.0,0.3,11:12,0.0,00:01,0.0,7.1,0.3
1782786593.278,0.0,0.0,0.0,0.3,11:12,0.0,00:01,0.0,7.1,0.3
1782786598.291,0.0,0.0,0.0,0.3,11:12,0.0,00:01,0.0,7.1,0.3
1782786603.304,0.0,0.0,0.0,0.3,11:12,0.0,00:01,0.0,7.1,0.3
1782786608.318,0.0,0.0,0.0,0.3,11:12,0.0,00:01,0.0,7.1,0.3
1782786613.327,0.0,0.0,0.0,0.3,11:12,0.0,00:01,0.0,7.1,0.3
1782786618.332,0.0,0.0,0.0,0.3,11:12,0.0,00:01,0.0,7.1,0.3
1782786623.342,0.0,0.0,0.0,0.3,11:12,0.0,00:01,0.0,7.1,0.3
1782786628.351,0.0,0.0,0.0,0.3,11:12,0.0,00:01,0.0,7.1,0.3
1782786633.361,0.0,0.0,0.0,0.3,11:12,0.0,00:01,0.0,7.1,0.3
1782786638.367,0.0,0.0,0.0,0.3,11:12,0.0,00:01,0.0,7.1,0.3
1782786643.378,0.0,0.0,0.0,0.3,11:12,0.0,00:01,0.0,7.1,0.3
1782786648.384,0.0,0.0,0.0,0.3,11:12,0.0,00:01,0.0,7.1,0.3
1782786653.39,0.0,0.0,0.0,0.3,11:12,0.0,00:01,0.0,7.1,0.3
1782786658.4,0.0,0.0,0.0,0.3,11:12,0.0,00:01,0.0,7.1,0.3
1782786663.406,0.0,0.0,0.0,0.3,11:12,0.0,00:01,0.0,7.1,0.3
1782786668.418,0.0,0.0,0.0,0.3,11:12,0.0,00:01,0.0,7.1,0.3
1782786673.431,0.0,0.0,0.0,0.3,11:12,0.0,00:01,0.0,7.1,0.3
1782786678.441,0.0,0.0,0.0,0.3,11:12,0.0,00:01,0.0,7.1,0.3
1782786683.452,0.0,0.0,0.0,0.3,11:12,0.0,00:01,0.0,7.1,0.3
1782786688.459,0.0,0.0,0.0,0.3,11:12,0.0,00:01,0.0,7.1,0.3
1782786693.468,0.0,0.0,0.0,0.3,11:12,0.0,00:01,0.0,7.1,0.3
1782786698.478,0.0,0.0,0.0,0.3,11:12,0.0,00:01,0.0,7.1,0.3
1782786703.488,0.0,0.0,0.0,0.3,11:12,0.0,00:01,0.0,7.1,0.3
1782786708.498,0.0,0.0,0.0,0.3,11:12,0.0,00:01,0.0,7.1,0.3
1782786713.512,0.0,0.0,0.0,0.3,11:12,0.0,00:01,0.0,7.1,0.3
1782786718.524,0.0,0.0,0.0,0.3,11:12,0.0,00:01,0.0,7.1,0.3
1782786723.538,0.0,0.0,0.0,0.3,11:12,0.0,00:01,0.0,7.1,0.3
1782786728.546,0.0,0.0,0.0,0.3,11:12,0.0,00:01,0.0,7.1,0.3
1782786733.553,0.0,0.0,0.0,0.3,11:12,0.0,00:01,0.0,7.1,0.3
1782786738.565,0.0,0.0,0.0,0.3,11:12,0.0,00:01,0.0,7.1,0.3
1782786743.58,0.0,0.0,0.0,0.3,11:12,0.0,00:01,0.0,7.1,0.3
1782786748.592,0.0,0.0,0.0,0.3,11:12,0.0,00:01,0.0,7.1,0.3
1782786753.606,0.0,0.0,0.0,0.3,11:12,0.0,00:01,0.0,7.1,0.3
1782786758.609,0.0,0.0,0.0,0.3,11:12,0.0,00:01,0.0,7.1,0.3
1782786763.624,0.0,0.0,0.0,0.3,11:12,0.0,00:01,0.0,7.1,0.3
1782786768.638,0.0,0.0,0.0,0.3,11:12,0.0,00:01,0.0,7.1,0.3
1782786773.652,0.0,0.0,0.0,0.3,11:12,0.0,00:01,0.0,7.1,0.3
1782786778.664,0.0,0.0,0.0,0.3,11:12,0.0,00:01,0.0,7.1,0.3
1782786783.671,0.0,0.0,0.0,0.3,11:12,0.0,00:01,0.0,7.1,0.3
1782786788.686,0.0,0.0,0.0,0.3,11:12,0.0,00:01,0.0,7.1,0.3
1782786793.697,0.0,0.0,0.0,0.3,11:12,0.0,00:01,0.0,7.1,0.3
1782786798.711,0.0,0.0,0.0,0.3,11:12,0.0,00:01,0.0,7.1,0.3
1782786803.719,0.0,0.0,0.0,0.3,11:12,0.0,00:01,0.0,7.1,0.3
1782786808.732,0.0,0.0,0.0,0.3,11:12,0.0,00:01,0.0,7.1,0.3
1782786813.746,0.0,0.0,0.0,0.3,11:12,0.0,00:01,0.0,7.1,0.3
1782786818.758,0.0,0.0,0.0,0.3,11:12,0.0,00:01,0.0,7.1,0.3
1782786823.769,0.0,0.0,0.0,0.3,11:12,0.0,00:01,0.0,7.1,0.3
1782786828.776,0.0,0.0,0.0,0.3,11:12,0.0,00:01,0.0,7.1,0.3
1782786833.784,0.0,0.0,0.0,0.3,11:12,0.0,00:01,0.0,7.1,0.3
1782786838.794,0.0,0.0,0.0,0.3,11:12,0.0,00:01,0.0,7.1,0.3
1782786843.801,0.0,0.0,0.0,0.3,11:12,0.0,00:01,0.0,7.1,0.3
1782786848.81,0.0,0.0,0.0,0.3,11:12,0.0,00:01,0.0,7.1,0.3
1782786853.816,0.0,0.0,0.0,0.3,11:12,0.0,00:01,0.0,7.1,0.3
1782786858.827,0.0,0.0,0.0,0.3,11:12,0.0,00:01,0.0,7.1,0.3
1782786863.835,0.0,0.0,0.0,0.3,11:12,0.0,00:01,0.0,7.1,0.3
1782786868.843,0.0,0.0,0.0,0.3,11:12,0.0,00:01,0.0,7.1,0.3
1782786873.849,0.0,0.0,0.0,0.3,11:12,0.0,00:01,0.0,7.1,0.3
1782786878.859,0.0,0.0,0.0,0.3,11:12,0.0,00:01,0.0,7.1,0.3
1782786883.866,0.0,0.0,0.0,0.3,11:12,0.0,00:01,0.0,7.1,0.3
1782786888.876,0.0,0.0,0.0,0.3,11:12,0.0,00:01,0.0,7.1,0.3
1782786893.885,0.0,0.0,0.0,0.3,11:12,0.0,00:01,0.0,7.1,0.3
1782786898.893,0.0,0.0,0.0,0.3,11:12,0.0,00:01,0.0,7.1,0.3
1782786903.901,0.0,0.0,0.0,0.3,11:12,0.0,00:01,0.0,7.1,0.3
1782786908.913,0.0,0.0,0.0,0.3,11:12,0.0,00:01,0.0,7.1,0.3
1782786913.925,0.0,0.0,0.0,0.3,11:12,0.0,00:01,0.0,7.1,0.3
1782786918.933,0.0,0.0,0.0,0.3,11:12,0.0,00:01,0.0,7.1,0.3
1782786923.938,0.0,0.0,0.0,0.3,11:12,0.0,00:01,0.0,7.1,0.3
1782786928.95,0.0,0.0,0.0,0.3,11:12,0.0,00:01,0.0,7.1,0.3
1782786933.959,0.0,0.0,0.0,0.3,11:12,0.0,00:01,0.0,7.1,0.3
1782786938.967,0.0,0.0,0.0,0.3,11:12,0.0,00:01,0.0,7.1,0.3
1782786943.974,0.0,0.0,0.0,0.3,11:12,0.0,00:01,0.0,7.1,0.3
1782786948.982,0.0,0.0,0.0,0.3,11:12,0.0,00:01,0.0,7.1,0.3
1782786953.994,0.0,0.0,0.0,0.3,11:12,0.0,00:01,0.0,7.1,0.3
1782786959.002,0.0,0.0,0.0,0.3,11:12,0.0,00:01,0.0,7.1,0.3
1782786964.013,0.0,0.0,0.0,0.3,11:12,0.0,00:01,0.0,7.1,0.3
1782786969.019,0.0,0.0,0.0,0.3,11:12,0.0,00:01,0.0,7.1,0.3
1782786974.03,0.0,0.0,0.0,0.3,11:12,0.0,00:01,0.0,7.1,0.3
1782786979.037,0.0,0.0,0.0,0.3,11:12,0.0,00:01,0.0,7.1,0.3
1782786984.051,0.0,0.0,0.0,0.3,11:12,0.0,00:01,0.0,7.1,0.3
1782786989.063,0.0,0.0,0.0,0.3,11:12,0.0,00:01,0.0,7.1,0.3
1782786994.07,0.0,0.0,0.0,0.3,11:12,0.0,00:01,0.0,7.1,0.3
1782786999.083,0.0,0.0,0.0,0.3,11:12,0.0,00:01,0.0,7.1,0.3
1782787004.091,0.0,0.0,0.0,0.3,11:12,0.0,00:01,0.0,7.1,0.3
1782787009.098,0.0,0.0,0.0,0.3,11:12,0.0,00:01,0.0,7.1,0.3
1782787014.103,0.0,0.0,0.0,0.3,11:12,0.0,00:01,0.0,7.1,0.3
1782787019.113,0.0,0.0,0.0,0.3,11:12,0.0,00:01,0.0,7.1,0.3
1782787024.124,0.0,0.0,0.0,0.3,11:12,0.0,00:01,0.0,7.1,0.3
1782787029.134,0.0,0.0,0.0,0.3,11:12,0.0,00:01,0.0,7.1,0.3
1782787034.146,0.0,0.0,0.0,0.3,11:12,0.0,00:01,0.0,7.1,0.3
1782787039.148,0.0,0.0,0.0,0.3,11:12,0.0,00:01,0.0,7.1,0.3
1782787044.162,0.0,0.0,0.0,0.3,11:12,0.0,00:01,0.0,7.1,0.3
1782787049.174,0.0,0.0,0.0,0.3,11:12,0.0,00:01,0.0,7.1,0.3
1782787054.186,0.0,0.0,0.0,0.3,11:12,0.0,00:01,0.0,7.1,0.3
1782787059.196,0.0,0.0,0.0,0.3,11:12,0.0,00:01,0.0,7.1,0.3
1782787064.206,0.0,0.0,0.0,0.3,11:12,0.0,00:01,0.0,7.1,0.3
1782787069.222,0.0,0.0,0.0,0.3,11:12,0.0,00:01,0.0,7.1,0.3
1782787074.234,0.0,0.0,0.0,0.3,11:12,0.0,00:01,0.0,7.1,0.3
1782787079.246,0.0,0.0,0.0,0.3,11:12,0.0,00:01,0.0,7.1,0.3
1782787084.258,0.0,0.0,0.0,0.3,11:12,0.0,00:01,0.0,7.1,0.3
1782787089.265,0.0,0.0,0.0,0.3,11:12,0.0,00:01,0.0,7.1,0.3
1782787094.279,0.0,0.0,0.0,0.3,11:12,0.0,00:01,0.0,7.1,0.3
1782787099.292,0.0,0.0,0.0,0.3,11:12,0.0,00:01,0.0,7.1,0.3
1782787104.306,0.0,0.0,0.0,0.3,11:12,0.0,00:01,0.0,7.1,0.3
1782787109.308,0.0,0.0,0.0,0.3,11:12,0.0,00:01,0.0,7.1,0.3
1782787114.324,0.0,0.0,0.0,0.3,11:12,0.0,00:01,0.0,7.1,0.3
1782787119.337,0.0,0.0,0.0,0.3,11:12,0.0,00:01,0.0,7.1,0.3
1782787124.344,0.0,0.0,0.0,0.3,11:12,0.0,00:01,0.0,7.1,0.3
1782787129.357,0.0,0.0,0.0,0.3,11:12,0.0,00:01,0.0,7.1,0.3
1782787134.364,0.0,0.0,0.0,0.3,11:12,0.0,00:01,0.0,7.1,0.3
1782787139.38,0.0,0.0,0.0,0.3,11:12,0.0,00:01,0.0,7.1,0.3
1782787144.391,0.0,0.0,0.0,0.3,11:12,0.0,00:01,0.0,7.1,0.3
1782787149.401,0.0,0.0,0.0,0.3,11:12,0.0,00:01,0.0,7.1,0.3
1782787154.413,0.0,0.0,0.0,0.3,11:12,0.0,00:01,0.0,7.1,0.3
1782787159.416,0.0,0.0,0.0,0.3,11:12,0.0,00:01,0.0,7.1,0.3
1782787164.43,0.0,0.0,0.0,0.3,11:12,0.0,00:01,0.0,7.1,0.3
1782787169.441,0.0,0.0,0.0,0.3,11:12,0.0,00:01,0.0,7.1,0.3
1782787174.449,0.0,0.0,0.0,0.3,11:12,0.0,00:01,0.0,7.1,0.3
1782787179.455,0.0,0.0,0.0,0.3,11:12,0.0,00:01,0.0,7.1,0.3
1782787184.465,0.0,0.0,0.0,0.3,11:12,0.0,00:01,0.0,7.1,0.3
1782787189.474,0.0,0.0,0.0,0.3,11:12,0.0,00:01,0.0,7.1,0.3
1782787194.483,0.0,0.0,0.0,0.3,11:12,0.0,00:01,0.0,7.1,0.3
1782787199.492,0.0,0.0,0.0,0.3,11:12,0.0,00:01,0.0,7.1,0.3
1782787204.496,0.0,0.0,0.0,0.3,11:12,0.0,00:01,0.0,7.1,0.3
1782787209.506,0.0,0.0,0.0,0.3,11:12,0.0,00:01,0.0,7.1,0.3
1782787214.515,0.0,0.0,0.0,0.3,11:12,0.0,00:01,0.0,7.1,0.3
1782787219.523,0.0,0.0,0.0,0.3,11:12,0.0,00:01,0.0,7.1,0.3
1782787224.531,0.0,0.0,0.0,0.3,11:12,0.0,00:01,0.0,7.1,0.3
1782787229.536,0.0,0.0,0.0,0.3,11:12,0.0,00:01,0.0,7.1,0.3
1782787234.546,0.0,0.0,0.0,0.3,11:12,0.0,00:01,0.0,7.1,0.3
1782787239.553,0.0,0.0,0.0,0.3,11:12,0.0,00:01,0.0,7.1,0.3
1782787244.562,0.0,0.0,0.0,0.3,11:12,0.0,00:01,0.0,7.1,0.3
1782787249.568,0.0,0.0,0.0,0.3,11:12,0.0,00:01,0.0,7.1,0.3
1782787254.578,0.0,0.0,0.0,0.3,11:12,0.0,00:01,0.0,7.1,0.3
1782787259.586,0.0,0.0,0.0,0.3,11:12,0.0,00:01,0.0,7.1,0.3
1782787264.595,0.0,0.0,0.0,0.3,11:12,0.0,00:01,0.0,7.1,0.3
1782787269.604,0.0,0.0,0.0,0.3,11:12,0.0,00:01,0.0,7.1,0.3
1782787274.608,0.0,0.0,0.0,0.3,11:12,0.0,00:01,0.0,7.1,0.3
1782787279.618,0.0,0.0,0.0,0.3,11:12,0.0,00:01,0.0,7.1,0.3
1782787284.628,0.0,0.0,0.0,0.3,11:12,0.0,00:01,0.0,7.1,0.3
1782787289.635,0.0,0.0,0.0,0.3,11:12,0.0,00:01,0.0,7.1,0.3
1782787294.643,0.0,0.0,0.0,0.3,11:12,0.0,00:01,0.0,7.1,0.3
1782787299.648,0.0,0.0,0.0,0.3,11:12,0.0,00:01,0.0,7.1,0.3
1782787304.658,0.0,0.0,0.0,0.3,11:12,0.0,00:01,0.0,7.1,0.3
1782787309.666,0.0,0.0,0.0,0.3,11:12,0.0,00:01,0.0,7.1,0.3
1782787314.682,0.0,0.0,0.0,0.3,11:12,0.0,00:01,0.0,7.1,0.3
1782787319.684,0.0,0.0,0.0,0.3,11:12,0.0,00:01,0.0,7.1,0.3
1782787324.702,0.0,0.0,0.0,0.3,11:12,0.0,00:01,0.0,7.1,0.3
1782787329.714,0.0,0.0,0.0,0.3,11:12,0.0,00:01,0.0,7.1,0.3
1782787334.724,0.0,0.0,0.0,0.3,11:12,0.0,00:01,0.0,7.1,0.3
1782787339.733,0.0,0.0,0.0,0.3,11:12,0.0,00:01,0.0,7.1,0.3
1782787344.74,0.0,0.0,0.0,0.3,11:12,0.0,00:01,0.0,7.1,0.3
1782787349.755,0.0,0.0,0.0,0.3,11:12,0.0,00:01,0.0,7.1,0.3
1782787354.77,0.0,0.0,0.0,0.3,11:12,0.0,00:01,0.0,7.1,0.3
1782787359.782,0.0,0.0,0.0,0.3,11:12,0.0,00:01,0.0,7.1,0.3
1782787364.795,0.0,0.0,0.0,0.3,11:12,0.0,00:01,0.0,7.1,0.3
1782787369.8,0.0,0.0,0.0,0.3,11:12,0.0,00:01,0.0,7.1,0.3
1782787374.816,0.0,0.0,0.0,0.3,11:12,0.0,00:01,0.0,7.1,0.3
1782787379.828,0.0,0.0,0.0,0.3,11:12,0.0,00:01,0.0,7.1,0.3
1782787384.842,0.0,0.0,0.0,0.3,11:12,0.0,00:01,0.0,7.1,0.3
1782787389.852,0.0,0.0,0.0,0.3,11:12,0.0,00:01,0.0,7.1,0.3
1782787394.853,0.0,0.0,0.0,0.3,11:12,0.0,00:01,0.0,7.1,0.3
1782787399.863,0.0,0.0,0.0,0.3,11:12,0.0,00:01,0.0,7.1,0.3
1782787404.871,0.0,0.0,0.0,0.3,11:12,0.0,00:01,0.0,7.1,0.3
1782787409.878,0.0,0.0,0.0,0.3,11:12,0.0,00:01,0.0,7.1,0.3
1782787414.885,0.0,0.0,0.0,0.3,11:12,0.0,00:01,0.0,7.1,0.3
1782787419.897,0.0,0.0,0.0,0.3,11:12,0.0,00:01,0.0,7.1,0.3
1782787424.903,0.0,0.0,0.0,0.3,11:12,0.0,00:01,0.0,7.1,0.3
1782787429.908,0.0,0.0,0.0,0.3,11:12,0.0,00:01,0.0,7.1,0.3
1782787434.918,0.0,0.0,0.0,0.3,11:12,0.0,00:01,0.0,7.1,0.3
1782787439.924,0.0,0.0,0.0,0.3,11:12,0.0,00:01,0.0,7.1,0.3
1782787444.934,0.0,0.0,0.0,0.3,11:12,0.0,00:01,0.0,7.1,0.3
1782787449.942,0.0,0.0,0.0,0.3,11:12,0.0,00:01,0.0,7.1,0.3
1782787454.952,0.0,0.0,0.0,0.3,11:12,0.0,00:01,0.0,7.1,0.3
1782787459.961,0.0,0.0,0.0,0.3,11:12,0.0,00:01,0.0,7.1,0.3
1782787464.969,0.0,0.0,0.0,0.3,11:12,0.0,00:01,0.0,7.1,0.3
1782787469.982,0.0,0.0,0.0,0.3,11:12,0.0,00:01,0.0,7.1,0.3
1782787474.994,0.0,0.0,0.0,0.3,11:12,0.0,00:01,0.0,7.1,0.3
1782787480.002,0.0,0.0,0.0,0.3,11:12,0.0,00:01,0.0,7.1,0.3
1782787485.008,0.0,0.0,0.0,0.3,11:12,0.0,00:01,0.0,7.1,0.3
1782787490.023,0.0,0.0,0.0,0.3,11:12,0.0,00:01,0.0,7.1,0.3
1782787495.034,0.0,0.0,0.0,0.3,11:12,0.0,00:01,0.0,7.1,0.3
1782787500.047,0.0,0.0,0.0,0.3,11:12,0.0,00:01,0.0,7.1,0.3
1782787505.059,0.0,0.0,0.0,0.3,11:12,0.0,00:01,0.0,7.1,0.3
1782787510.068,0.0,0.0,0.0,0.3,11:12,0.0,00:01,0.0,7.1,0.3
1782787515.079,0.0,0.0,0.0,0.3,11:12,0.0,00:01,0.0,7.1,0.3
1782787520.093,0.0,0.0,0.0,0.3,11:12,0.0,00:01,0.0,7.1,0.3
1782787525.107,0.0,0.0,0.0,0.3,11:12,0.0,00:01,0.0,7.1,0.3
1782787530.117,0.0,0.0,0.0,0.3,11:12,0.0,00:01,0.0,7.1,0.3
1782787535.127,0.0,0.0,0.0,0.3,11:12,0.0,00:01,0.0,7.1,0.3
1782787540.14,0.0,0.0,0.0,0.3,11:12,0.0,00:01,0.0,7.1,0.3
1782787545.153,0.0,0.0,0.0,0.3,11:12,0.0,00:01,0.0,7.1,0.3
1782787550.164,0.0,0.0,0.0,0.3,11:12,0.0,00:01,0.0,7.1,0.3
1782787555.176,0.0,0.0,0.0,0.3,11:12,0.0,00:01,0.0,7.1,0.3
1782787560.185,0.0,0.0,0.0,0.3,11:12,0.0,00:01,0.0,7.1,0.3
1782787565.197,0.0,0.0,0.0,0.3,11:12,0.0,00:01,0.0,7.1,0.3
1782787570.212,0.0,0.0,0.0,0.3,11:12,0.0,00:01,0.0,7.1,0.3
1782787575.221,0.0,0.0,0.0,0.3,11:12,0.0,00:01,0.0,7.1,0.3
1782787580.226,0.0,0.0,0.0,0.3,11:12,0.0,00:01,0.0,7.1,0.3
1782787585.242,0.0,0.0,0.0,0.3,11:12,0.0,00:01,0.0,7.1,0.3
1782787590.256,0.0,0.0,0.0,0.3,11:12,0.0,00:01,0.0,7.1,0.3
1782787595.269,0.0,0.0,0.0,0.3,11:12,0.0,00:01,0.0,7.1,0.3
1782787600.281,0.0,0.0,0.0,0.3,11:12,0.0,00:01,0.0,7.1,0.3
1782787605.291,0.0,0.0,0.0,0.3,11:12,0.0,00:01,0.0,7.1,0.3
1782787610.3,0.0,0.0,0.0,0.3,11:12,0.0,00:01,0.0,7.1,0.3
1782787615.313,0.0,0.0,0.0,0.3,11:12,0.0,00:01,0.0,7.1,0.3
1782787620.325,0.0,0.0,0.0,0.3,11:12,0.0,00:01,0.0,7.1,0.3
1782787625.336,0.0,0.0,0.0,0.3,11:12,0.0,00:01,0.0,7.1,0.3
1782787630.346,0.0,0.0,0.0,0.3,11:12,0.0,00:01,0.0,7.1,0.3
1782787635.356,0.0,0.0,0.0,0.3,11:12,0.0,00:01,0.0,7.1,0.3
1782787640.37,0.0,0.0,0.0,0.3,11:12,0.0,00:01,0.0,7.1,0.3
1782787645.383,0.0,0.0,0.0,0.3,11:12,0.0,00:01,0.0,7.1,0.3
1782787650.388,0.0,0.0,0.0,0.3,11:12,0.0,00:01,0.0,7.1,0.3
1782787655.403,0.0,0.0,0.0,0.3,11:12,0.0,00:01,0.0,7.1,0.3
1782787660.415,0.0,0.0,0.0,0.3,11:12,0.0,00:01,0.0,7.1,0.3
1782787665.425,0.0,0.0,0.0,0.3,11:12,0.0,00:01,0.0,7.1,0.3
1782787670.436,0.0,0.0,0.0,0.3,11:12,0.0,00:01,0.0,7.1,0.3
1782787675.448,0.0,0.0,0.0,0.3,11:12,0.0,00:01,0.0,7.1,0.3
1782787680.463,0.0,0.0,0.0,0.3,11:12,0.0,00:01,0.0,7.1,0.3
1782787685.474,0.0,0.0,0.0,0.3,11:12,0.0,00:01,0.0,7.1,0.3
1782787690.485,0.0,0.0,0.0,0.3,11:12,0.0,00:01,0.0,7.1,0.3
1782787695.498,0.0,0.0,0.0,0.3,11:12,0.0,00:01,0.0,7.1,0.3
1782787700.505,0.0,0.0,0.0,0.3,11:12,0.0,00:01,0.0,7.1,0.3
1782787705.518,0.0,0.0,0.0,0.3,11:12,0.0,00:01,0.0,7.1,0.3
1782787710.531,0.0,0.0,0.0,0.3,11:12,0.0,00:01,0.0,7.1,0.3
1782787715.541,0.0,0.0,0.0,0.3,11:12,0.0,00:01,0.0,7.1,0.3
1782787720.554,0.0,0.0,0.0,0.3,11:12,0.0,00:01,0.0,7.1,0.3
1782787725.561,0.0,0.0,0.0,0.3,11:12,0.0,00:01,0.0,7.1,0.3
1782787730.572,0.0,0.0,0.0,0.3,11:12,0.0,00:01,0.0,7.1,0.3
1782787735.583,0.0,0.0,0.0,0.3,11:12,0.0,00:01,0.0,7.1,0.3
1782787740.592,0.0,0.0,0.0,0.3,11:12,0.0,00:01,0.0,7.1,0.3
1782787745.6,0.0,0.0,0.0,0.3,11:12,0.0,00:01,0.0,7.1,0.3
1782787750.611,0.0,0.0,0.0,0.3,11:12,0.0,00:01,0.0,7.1,0.3
1782787755.625,0.0,0.0,0.0,0.3,11:12,0.0,00:01,0.0,7.1,0.3
1782787760.637,0.0,0.0,0.0,0.3,11:12,0.0,00:01,0.0,7.1,0.3
1782787765.647,0.0,0.0,0.0,0.3,11:12,0.0,00:01,0.0,7.1,0.3
1782787770.656,0.0,0.0,0.0,0.3,11:12,0.0,00:01,0.0,7.1,0.3
1782787775.666,0.0,0.0,0.0,0.3,11:12,0.0,00:01,0.0,7.1,0.3
1782787780.679,0.0,0.0,0.0,0.3,11:12,0.0,00:01,0.0,7.1,0.3
1782787785.689,0.0,0.0,0.0,0.3,11:12,0.0,00:01,0.0,7.1,0.3
1782787790.701,0.0,0.0,0.0,0.3,11:12,0.0,00:01,0.0,7.1,0.3
1782787795.71,0.0,0.0,0.0,0.3,11:12,0.0,00:01,0.0,7.1,0.3
1782787800.72,0.0,0.0,0.0,0.3,11:12,0.0,00:01,0.0,7.1,0.3
1782787805.727,0.0,0.0,0.0,0.3,11:12,0.0,00:01,0.0,7.1,0.3
1782787810.741,0.0,0.0,0.0,0.3,11:12,0.0,00:01,0.0,7.1,0.3
1782787815.748,0.0,0.0,0.0,0.3,11:12,0.0,00:01,0.0,7.1,0.3
1782787820.758,0.0,0.0,0.0,0.3,11:12,0.0,00:01,0.0,7.1,0.3
1782787825.774,0.0,0.0,0.0,0.3,11:12,0.0,00:01,0.0,7.1,0.3
1782787830.784,0.0,0.0,0.0,0.3,11:12,0.0,00:01,0.0,7.1,0.3
1782787835.795,0.0,0.0,0.0,0.3,11:12,0.0,00:01,0.0,7.1,0.3
1782787840.806,0.0,0.0,0.0,0.3,11:12,0.0,00:01,0.0,7.1,0.3
1782787845.815,0.0,0.0,0.0,0.3,11:12,0.0,00:01,0.0,7.1,0.3
1782787850.823,0.0,0.0,0.0,0.3,11:12,0.0,00:01,0.0,7.1,0.3
1782787855.84,0.0,0.0,0.0,0.3,11:12,0.0,00:01,0.0,7.1,0.3
1782787860.853,0.0,0.0,0.0,0.3,11:12,0.0,00:01,0.0,7.1,0.3
1782787865.862,0.0,0.0,0.0,0.3,11:12,0.0,00:01,0.0,7.1,0.3
1782787870.872,0.0,0.0,0.0,0.3,11:12,0.0,00:01,0.0,7.1,0.3
1782787875.884,0.0,0.0,0.0,0.3,11:12,0.0,00:01,0.0,7.1,0.3
1782787880.897,0.0,0.0,0.0,0.3,11:12,0.0,00:01,0.0,7.1,0.3
1782787885.91,0.0,0.0,0.0,0.3,11:12,0.0,00:01,0.0,7.1,0.3
1782787890.916,0.0,0.0,0.0,0.3,11:12,0.0,00:01,0.0,7.1,0.3
1782787895.93,0.0,0.0,0.0,0.3,11:12,0.0,00:01,0.0,7.1,0.3
1782787900.943,0.0,0.0,0.0,0.3,11:12,0.0,00:01,0.0,7.1,0.3
1782787905.954,0.0,0.0,0.0,0.3,11:12,0.0,00:01,0.0,7.1,0.3
1782787910.964,0.0,0.0,0.0,0.3,11:12,0.0,00:01,0.0,7.1,0.3
1782787915.973,0.0,0.0,0.0,0.3,11:12,0.0,00:01,0.0,7.1,0.3
1782787920.984,0.0,0.0,0.0,0.3,11:12,0.0,00:01,0.0,7.1,0.3
1782787925.998,0.0,0.0,0.0,0.3,11:12,0.0,00:01,0.0,7.1,0.3
1782787931.013,0.0,0.0,0.0,0.3,11:12,0.0,00:01,0.0,7.1,0.3
1782787936.02,0.0,0.0,0.0,0.3,11:12,0.0,00:01,0.0,7.1,0.3
1782787941.03,0.0,0.0,0.0,0.3,11:12,0.0,00:01,0.0,7.1,0.3
1782787946.04,0.0,0.0,0.0,0.3,11:12,0.0,00:01,0.0,7.1,0.3
1782787951.051,0.0,0.0,0.0,0.3,11:12,0.0,00:01,0.0,7.1,0.3
1782787956.062,0.0,0.0,0.0,0.3,11:12,0.0,00:01,0.0,7.1,0.3
1782787961.068,0.0,0.0,0.0,0.3,11:12,0.0,00:01,0.0,7.1,0.3
1782787966.078,0.0,0.0,0.0,0.3,11:12,0.0,00:01,0.0,7.1,0.3
1782787971.086,0.0,0.0,0.0,0.3,11:12,0.0,00:01,0.0,7.1,0.3
1782787976.092,0.0,0.0,0.0,0.3,11:12,0.0,00:01,0.0,7.1,0.3
1782787981.104,0.0,0.0,0.0,0.3,11:12,0.0,00:01,0.0,7.1,0.3
1782787986.118,0.0,0.0,0.0,0.3,11:12,0.0,00:01,0.0,7.1,0.3
1782787991.126,0.0,0.0,0.0,0.3,11:12,0.0,00:01,0.0,7.1,0.3
1782787996.135,0.0,0.0,0.0,0.3,11:12,0.0,00:01,0.0,7.1,0.3
1782788001.145,0.0,0.0,0.0,0.3,11:12,0.0,00:01,0.0,7.1,0.3
1782788006.152,0.0,0.0,0.0,0.3,11:12,0.0,00:01,0.0,7.1,0.3
1782788011.166,0.0,0.0,0.0,0.3,11:12,0.0,00:01,0.0,7.1,0.3
1782788016.176,0.0,0.0,0.0,0.3,11:12,0.0,00:01,0.0,7.1,0.3
1782788021.188,0.0,0.0,0.0,0.3,11:12,0.0,00:01,0.0,7.1,0.3
1782788026.2,0.0,0.0,0.0,0.3,11:12,0.0,00:01,0.0,7.1,0.3
1782788031.206,0.0,0.0,0.0,0.3,11:12,0.0,00:01,0.0,7.1,0.3
1782788036.22,0.0,0.0,0.0,0.3,11:12,0.0,00:01,0.0,7.1,0.3
1782788041.231,0.0,0.0,0.0,0.3,11:12,0.0,00:01,0.0,7.1,0.3
1782788046.24,0.0,0.0,0.0,0.3,11:12,0.0,00:01,0.0,7.1,0.3
1782788051.253,0.0,0.0,0.0,0.3,11:12,0.0,00:01,0.0,7.1,0.3
1782788056.256,0.0,0.0,0.0,0.3,11:12,0.0,00:01,0.0,7.1,0.3
1782788061.268,0.0,0.0,0.0,0.3,11:12,0.0,00:01,0.0,7.1,0.3
1782788066.283,0.0,0.0,0.0,0.3,11:12,0.0,00:01,0.0,7.1,0.3
1782788071.297,0.0,0.0,0.0,0.3,11:12,0.0,00:01,0.0,7.1,0.3
1782788076.3,0.0,0.0,0.0,0.3,11:12,0.0,00:01,0.0,7.1,0.3
1782788081.315,0.0,0.0,0.0,0.3,11:12,0.0,00:01,0.0,7.1,0.3
1782788086.322,0.0,0.0,0.0,0.3,11:12,0.0,00:01,0.0,7.1,0.3
1782788091.334,0.0,0.0,0.0,0.3,11:12,0.0,00:01,0.0,7.1,0.3
1782788096.35,0.0,0.0,0.0,0.3,11:12,0.0,00:01,0.0,7.1,0.3
1782788101.356,0.0,0.0,0.0,0.3,11:12,0.0,00:01,0.0,7.1,0.3
1782788106.368,0.0,0.0,0.0,0.3,11:12,0.0,00:01,0.0,7.1,0.3
1782788111.382,0.0,0.0,0.0,0.3,11:12,0.0,00:01,0.0,7.1,0.3
1782788116.395,0.0,0.0,0.0,0.3,11:12,0.0,00:01,0.0,7.1,0.3
1782788121.405,0.0,0.0,0.0,0.3,11:12,0.0,00:01,0.0,7.1,0.3
1782788126.412,0.0,0.0,0.0,0.3,11:12,0.0,00:01,0.0,7.1,0.3
1782788131.426,0.0,0.0,0.0,0.3,11:12,0.0,00:01,0.0,7.1,0.3
1782788136.436,0.0,0.0,0.0,0.3,11:12,0.0,00:01,0.0,7.1,0.3
1782788141.449,0.0,0.0,0.0,0.3,11:12,0.0,00:01,0.0,7.1,0.3
1782788146.452,0.0,0.0,0.0,0.3,11:12,0.0,00:01,0.0,7.1,0.3
1782788151.462,0.0,0.0,0.0,0.3,11:12,0.0,00:01,0.0,7.1,0.3
1782788156.468,0.0,0.0,0.0,0.3,11:12,0.0,00:01,0.0,7.1,0.3
1782788161.482,0.0,0.0,0.0,0.3,11:12,0.0,00:01,0.0,7.1,0.3
1782788166.496,0.0,0.0,0.0,0.3,11:12,0.0,00:01,0.0,7.1,0.3
1782788171.502,0.0,0.0,0.0,0.3,11:12,0.0,00:01,0.0,7.1,0.3
1782788176.514,0.0,0.0,0.0,0.3,11:12,0.0,00:01,0.0,7.1,0.3
1782788181.528,0.0,0.0,0.0,0.3,11:12,0.0,00:01,0.0,7.1,0.3
1782788186.541,0.0,0.0,0.0,0.3,11:12,0.0,00:01,0.0,7.1,0.3
1782788191.553,0.0,0.0,0.0,0.3,11:12,0.0,00:01,0.0,7.1,0.3
1782788196.557,0.0,0.0,0.0,0.3,11:12,0.0,00:01,0.0,7.1,0.3
1782788201.57,0.0,0.0,0.0,0.3,11:12,0.0,00:01,0.0,7.1,0.3
1782788206.582,0.0,0.0,0.0,0.3,11:12,0.0,00:01,0.0,7.1,0.3
1782788211.595,0.0,0.0,0.0,0.3,11:12,0.0,00:01,0.0,7.1,0.3
1782788216.603,0.0,0.0,0.0,0.3,11:12,0.0,00:01,0.0,7.1,0.3
1782788221.612,0.0,0.0,0.0,0.3,11:12,0.0,00:01,0.0,7.1,0.3
1782788226.624,0.0,0.0,0.0,0.3,11:12,0.0,00:01,0.0,7.1,0.3
1782788231.636,0.0,0.0,0.0,0.3,11:12,0.0,00:01,0.0,7.1,0.3
1782788236.651,0.0,0.0,0.0,0.3,11:12,0.0,00:01,0.0,7.1,0.3
1782788241.656,0.0,0.0,0.0,0.3,11:12,0.0,00:01,0.0,7.1,0.3
1782788246.669,0.0,0.0,0.0,0.3,11:12,0.0,00:01,0.0,7.1,0.3
1782788251.684,0.0,0.0,0.0,0.3,11:12,0.0,00:01,0.0,7.1,0.3
1782788256.697,0.0,0.0,0.0,0.3,11:12,0.0,00:01,0.0,7.1,0.3
1782788261.711,0.0,0.0,0.0,0.3,11:12,0.0,00:01,0.0,7.1,0.3
1782788266.718,0.0,0.0,0.0,0.3,11:12,0.0,00:01,0.0,7.1,0.3
1782788271.729,0.0,0.0,0.0,0.3,11:12,0.0,00:01,0.0,7.1,0.3
1782788276.738,0.0,0.0,0.0,0.3,11:12,0.0,00:01,0.0,7.1,0.3
1782788281.755,0.0,0.0,0.0,0.3,11:12,0.0,00:01,0.0,7.1,0.3
1782788286.764,0.0,0.0,0.0,0.3,11:12,0.0,00:01,0.0,7.1,0.3
1782788291.77,0.0,0.0,0.0,0.3,11:12,0.0,00:01,0.0,7.1,0.3
1782788296.781,0.0,0.0,0.0,0.3,11:12,0.0,00:01,0.0,7.1,0.3
1782788301.786,0.0,0.0,0.0,0.3,11:12,0.0,00:01,0.0,7.1,0.3
1782788306.796,0.0,0.0,0.0,0.3,11:12,0.0,00:01,0.0,7.1,0.3
1782788311.803,0.0,0.0,0.0,0.3,11:12,0.0,00:01,0.0,7.1,0.3
1782788316.81,0.0,0.0,0.0,0.3,11:12,0.0,00:01,0.0,7.1,0.3
1782788321.817,0.0,0.0,0.0,0.3,11:12,0.0,00:01,0.0,7.1,0.3
1782788326.826,0.0,0.0,0.0,0.3,11:12,0.0,00:01,0.0,7.1,0.3
1782788331.836,0.0,0.0,0.0,0.3,11:12,0.0,00:01,0.0,7.1,0.3
1782788336.845,0.0,0.0,0.0,0.3,11:12,0.0,00:01,0.0,7.1,0.3
1782788341.857,0.0,0.0,0.0,0.3,11:12,0.0,00:01,0.0,7.1,0.3
1782788346.864,0.0,0.0,0.0,0.3,11:12,0.0,00:01,0.0,7.1,0.3
1782788351.88,0.0,0.0,0.0,0.3,11:12,0.0,00:01,0.0,7.1,0.3
1782788356.888,0.0,0.0,0.0,0.3,11:12,0.0,00:01,0.0,7.1,0.3
1782788361.895,0.0,0.0,0.0,0.3,11:12,0.0,00:01,0.0,7.1,0.3
1782788366.907,0.0,0.0,0.0,0.3,11:12,0.0,00:01,0.0,7.1,0.3
1782788371.916,0.0,0.0,0.0,0.3,11:12,0.0,00:01,0.0,7.1,0.3
1782788376.931,0.0,0.0,0.0,0.3,11:12,0.0,00:01,0.0,7.1,0.3
1782788381.946,0.0,0.0,0.0,0.3,11:12,0.0,00:01,0.0,7.1,0.3
1782788386.951,0.0,0.0,0.0,0.3,11:12,0.0,00:01,0.0,7.1,0.3
1782788391.962,0.0,0.0,0.0,0.3,11:12,0.0,00:01,0.0,7.1,0.3
1782788396.972,0.0,0.0,0.0,0.3,11:12,0.0,00:01,0.0,7.1,0.3
1782788401.986,0.0,0.0,0.0,0.3,11:12,0.0,00:01,0.0,7.1,0.3
1782788406.994,0.0,0.0,0.0,0.3,11:12,0.0,00:01,0.0,7.1,0.3
1782788412.004,0.0,0.0,0.0,0.3,11:12,0.0,00:01,0.0,7.1,0.3
1782788417.016,0.0,0.0,0.0,0.3,11:12,0.0,00:01,0.0,7.1,0.3
1782788422.032,0.0,0.0,0.0,0.3,11:12,0.0,00:01,0.0,7.1,0.3
1782788427.044,0.0,0.0,0.0,0.3,11:12,0.0,00:01,0.0,7.1,0.3
1782788432.048,0.0,0.0,0.0,0.3,11:12,0.0,00:01,0.0,7.1,0.3
1782788437.064,0.0,0.0,0.0,0.3,11:12,0.0,00:01,0.0,7.1,0.3
1782788442.075,0.0,0.0,0.0,0.3,11:12,0.0,00:01,0.0,7.1,0.3
1782788447.088,0.0,0.0,0.0,0.3,11:12,0.0,00:01,0.0,7.1,0.3
1782788452.102,0.0,0.0,0.0,0.3,11:12,0.0,00:01,0.0,7.1,0.3
1782788457.109,0.0,0.0,0.0,0.3,11:12,0.0,00:01,0.0,7.1,0.3
1782788462.12,0.0,0.0,0.0,0.3,11:12,0.0,00:01,0.0,7.1,0.3
1782788467.13,0.0,0.0,0.0,0.3,11:12,0.0,00:01,0.0,7.1,0.3
1782788472.145,0.0,0.0,0.0,0.3,11:12,0.0,00:01,0.0,7.1,0.3
1782788477.152,0.0,0.0,0.0,0.3,11:12,0.0,00:01,0.0,7.1,0.3
1782788482.16,0.0,0.0,0.0,0.3,11:12,0.0,00:01,0.0,7.1,0.3
1782788487.175,0.0,0.0,0.0,0.3,11:12,0.0,00:01,0.0,7.1,0.3
1782788492.19,0.0,0.0,0.0,0.3,11:12,0.0,00:01,0.0,7.1,0.3
1782788497.202,0.0,0.0,0.0,0.3,11:12,0.0,00:01,0.0,7.1,0.3
1782788502.208,0.0,0.0,0.0,0.3,11:12,0.0,00:01,0.0,7.1,0.3
1782788507.222,0.0,0.0,0.0,0.3,11:12,0.0,00:01,0.0,7.1,0.3
1782788512.234,0.0,0.0,0.0,0.3,11:12,0.0,00:01,0.0,7.1,0.3
1782788517.245,0.0,0.0,0.0,0.3,11:12,0.0,00:01,0.0,7.1,0.3
1782788522.257,0.0,0.0,0.0,0.3,11:12,0.0,00:01,0.0,7.1,0.3
1782788527.264,0.0,0.0,0.0,0.3,11:12,0.0,00:01,0.0,7.1,0.3
1782788532.276,0.0,0.0,0.0,0.3,11:12,0.0,00:01,0.0,7.1,0.3
1782788537.29,0.0,0.0,0.0,0.3,11:12,0.0,00:01,0.0,7.1,0.3
1782788542.304,0.0,0.0,0.0,0.3,11:12,0.0,00:01,0.0,7.1,0.3
1782788547.316,0.0,0.0,0.0,0.3,11:12,0.0,00:01,0.0,7.1,0.3
1782788552.32,0.0,0.0,0.0,0.3,11:12,0.0,00:01,0.0,7.1,0.3
1782788557.332,0.0,0.0,0.0,0.3,11:12,0.0,00:01,0.0,7.1,0.3
1782788562.346,0.0,0.0,0.0,0.3,11:12,0.0,00:01,0.0,7.1,0.3
1782788567.359,0.0,0.0,0.0,0.3,11:12,0.0,00:01,0.0,7.1,0.3
1782788572.366,0.0,0.0,0.0,0.3,11:12,0.0,00:01,0.0,7.1,0.3
1782788577.378,0.0,0.0,0.0,0.3,11:12,0.0,00:01,0.0,7.1,0.3
1782788582.393,0.0,0.0,0.0,0.3,11:12,0.0,00:01,0.0,7.1,0.3
1782788587.404,0.0,0.0,0.0,0.3,11:12,0.0,00:01,0.0,7.1,0.3
1782788592.417,0.0,0.0,0.0,0.3,11:12,0.0,00:01,0.0,7.1,0.3
1782788597.424,0.0,0.0,0.0,0.3,11:12,0.0,00:01,0.0,7.1,0.3
1782788602.438,0.0,0.0,0.0,0.3,11:12,0.0,00:01,0.0,7.1,0.3
1782788607.453,0.0,0.0,0.0,0.3,11:12,0.0,00:01,0.0,7.1,0.3
1782788612.467,0.0,0.0,0.0,0.3,11:12,0.0,00:01,0.0,7.1,0.3
1782788617.477,0.0,0.0,0.0,0.3,11:12,0.0,00:01,0.0,7.1,0.3
1782788622.485,0.0,0.0,0.0,0.3,11:12,0.0,00:01,0.0,7.1,0.3
1782788627.492,0.0,0.0,0.0,0.3,11:12,0.0,00:01,0.0,7.1,0.3
1782788632.504,0.0,0.0,0.0,0.3,11:12,0.0,00:01,0.0,7.1,0.3
1782788637.511,0.0,0.0,0.0,0.3,11:12,0.0,00:01,0.0,7.1,0.3
1782788642.516,0.0,0.0,0.0,0.3,11:12,0.0,00:01,0.0,7.1,0.3
1782788647.53,0.0,0.0,0.0,0.3,11:12,0.0,00:01,0.0,7.1,0.3
1782788652.543,0.0,0.0,0.0,0.3,11:12,0.0,00:01,0.0,7.1,0.3
1782788657.558,0.0,0.0,0.0,0.3,11:12,0.0,00:01,0.0,7.1,0.3
1782788662.566,0.0,0.0,0.0,0.3,11:12,0.0,00:01,0.0,7.1,0.3
1782788667.572,0.0,0.0,0.0,0.3,11:12,0.0,00:01,0.0,7.1,0.3
1782788672.584,0.0,0.0,0.0,0.3,11:12,0.0,00:01,0.0,7.1,0.3
1782788677.601,0.0,0.0,0.0,0.3,11:12,0.0,00:01,0.0,7.1,0.3
1782788682.612,0.0,0.0,0.0,0.3,11:12,0.0,00:01,0.0,7.1,0.3
1782788687.623,0.0,0.0,0.0,0.3,11:12,0.0,00:01,0.0,7.1,0.3
1782788692.634,0.0,0.0,0.0,0.3,11:12,0.0,00:01,0.0,7.1,0.3
1782788697.644,0.0,0.0,0.0,0.3,11:12,0.0,00:01,0.0,7.1,0.3
1782788702.657,0.0,0.0,0.0,0.3,11:12,0.0,00:01,0.0,7.1,0.3
1782788707.67,0.0,0.0,0.0,0.3,11:12,0.0,00:01,0.0,7.1,0.3
1782788712.682,0.0,0.0,0.0,0.3,11:12,0.0,00:01,0.0,7.1,0.3
1782788717.689,0.0,0.0,0.0,0.3,11:12,0.0,00:01,0.0,7.1,0.3
1782788722.703,0.0,0.0,0.0,0.3,11:12,0.0,00:01,0.0,7.1,0.3
1782788727.719,0.0,0.0,0.0,0.3,11:12,0.0,00:01,0.0,7.1,0.3
1782788732.731,0.0,0.0,0.0,0.3,11:12,0.0,00:01,0.0,7.1,0.3
1782788737.739,0.0,0.0,0.0,0.3,11:12,0.0,00:01,0.0,7.1,0.3
1782788742.75,0.0,0.0,0.0,0.3,11:12,0.0,00:01,0.0,7.1,0.3
1782788747.762,0.0,0.0,0.0,0.3,11:12,0.0,00:01,0.0,7.1,0.3
1782788752.778,0.0,0.0,0.0,0.3,11:12,0.0,00:01,0.0,7.1,0.3
1782788757.791,0.0,0.0,0.0,0.3,11:12,0.0,00:01,0.0,7.1,0.3
1782788762.797,0.0,0.0,0.0,0.3,11:12,0.0,00:01,0.0,7.1,0.3
1782788767.807,0.0,0.0,0.0,0.3,11:12,0.0,00:01,0.0,7.1,0.3
1782788772.818,0.0,0.0,0.0,0.3,11:12,0.0,00:01,0.0,7.1,0.3
1782788777.83,0.0,0.0,0.0,0.3,11:12,0.0,00:01,0.0,7.1,0.3
1782788782.842,0.0,0.0,0.0,0.3,11:12,0.0,00:01,0.0,7.1,0.3
1782788787.844,0.0,0.0,0.0,0.3,11:12,0.0,00:01,0.0,7.1,0.3
1782788792.86,0.0,0.0,0.0,0.3,11:12,0.0,00:01,0.0,7.1,0.3
1782788797.875,0.0,0.0,0.0,0.3,11:12,0.0,00:01,0.0,7.1,0.3
1782788802.886,0.0,0.0,0.0,0.3,11:12,0.0,00:01,0.0,7.1,0.3
1782788807.894,0.0,0.0,0.0,0.3,11:12,0.0,00:01,0.0,7.1,0.3
1782788812.903,0.0,0.0,0.0,0.3,11:12,0.0,00:01,0.0,7.1,0.3
1782788817.916,0.0,0.0,0.0,0.3,11:12,0.0,00:01,0.0,7.1,0.3
1782788822.93,0.0,0.0,0.0,0.3,11:12,0.0,00:01,0.0,7.1,0.3
1782788827.942,0.0,0.0,0.0,0.3,11:12,0.0,00:01,0.0,7.1,0.3
1782788832.947,0.0,0.0,0.0,0.3,11:12,0.0,00:01,0.0,7.1,0.3
1782788837.956,0.0,0.0,0.0,0.3,11:12,0.0,00:01,0.0,7.1,0.3
1782788842.97,0.0,0.0,0.0,0.3,11:12,0.0,00:01,0.0,7.1,0.3
1782788847.983,0.0,0.0,0.0,0.3,11:12,0.0,00:01,0.0,7.1,0.3
1782788852.992,0.0,0.0,0.0,0.3,11:12,0.0,00:01,0.0,7.1,0.3
1782788857.999,0.0,0.0,0.0,0.3,11:12,0.0,00:01,0.0,7.1,0.3
1782788863.01,0.0,0.0,0.0,0.3,11:12,0.0,00:01,0.0,7.1,0.3
1782788868.025,0.0,0.0,0.0,0.3,11:12,0.0,00:01,0.0,7.1,0.3
1782788873.038,0.0,0.0,0.0,0.3,11:12,0.0,00:01,0.0,7.1,0.3
1782788878.05,0.0,0.0,0.0,0.3,11:12,0.0,00:01,0.0,7.1,0.3
1782788883.057,0.0,0.0,0.0,0.3,11:12,0.0,00:01,0.0,7.1,0.3
1782788888.068,0.0,0.0,0.0,0.3,11:12,0.0,00:01,0.0,7.1,0.3
1782788893.083,0.0,0.0,0.0,0.3,11:12,0.0,00:01,0.0,7.1,0.3
1782788898.092,0.0,0.0,0.0,0.3,11:12,0.0,00:01,0.0,7.1,0.3
1782788903.098,0.0,0.0,0.0,0.3,11:12,0.0,00:01,0.0,7.1,0.3
1782788908.114,0.0,0.0,0.0,0.3,11:12,0.0,00:01,0.0,7.1,0.3
1782788913.123,0.0,0.0,0.0,0.3,11:12,0.0,00:01,0.0,7.1,0.3
1782788918.133,0.0,0.0,0.0,0.3,11:12,0.0,00:01,0.0,7.1,0.3
1782788923.144,0.0,0.0,0.0,0.3,11:12,0.0,00:01,0.0,7.1,0.3
1782788928.15,0.0,0.0,0.0,0.3,11:12,0.0,00:01,0.0,7.1,0.3
1782788933.158,0.0,0.0,0.0,0.3,11:12,0.0,00:01,0.0,7.1,0.3
1782788938.17,0.0,0.0,0.0,0.3,11:12,0.0,00:01,0.0,7.1,0.3
1782788943.178,0.0,0.0,0.0,0.3,11:12,0.0,00:01,0.0,7.1,0.3
1782788948.185,0.0,0.0,0.0,0.3,11:12,0.0,00:01,0.0,7.1,0.3
1782788953.19,0.0,0.0,0.0,0.3,11:12,0.0,00:01,0.0,7.1,0.3
1782788958.198,0.0,0.0,0.0,0.3,11:12,0.0,00:01,0.0,7.1,0.3
1782788963.205,0.0,0.0,0.0,0.3,11:12,0.0,00:01,0.0,7.1,0.3
1782788968.212,0.0,0.0,0.0,0.3,11:12,0.0,00:01,0.0,7.1,0.3
1782788973.218,0.0,0.0,0.0,0.3,11:12,0.0,00:01,0.0,7.1,0.3
1782788978.226,0.0,0.0,0.0,0.3,11:12,0.0,00:01,0.0,7.1,0.3
1782788983.235,0.0,0.0,0.0,0.3,11:12,0.0,00:01,0.0,7.1,0.3
1782788988.244,0.0,0.0,0.0,0.3,11:12,0.0,00:01,0.0,7.1,0.3
1782788993.255,0.0,0.0,0.0,0.3,11:12,0.0,00:01,0.0,7.1,0.3
1782788998.262,0.0,0.0,0.0,0.3,11:12,0.0,00:01,0.0,7.1,0.3
1782789003.27,0.0,0.0,0.0,0.3,11:12,0.0,00:01,0.0,7.1,0.3
1782789008.284,0.0,0.0,0.0,0.3,11:12,0.0,00:01,0.0,7.1,0.3
1782789013.293,0.0,0.0,0.0,0.3,11:12,0.0,00:01,0.0,7.1,0.3
1782789018.303,0.0,0.0,0.0,0.3,11:12,0.0,00:01,0.0,7.1,0.3
1782789023.31,0.0,0.0,0.0,0.3,11:12,0.0,00:01,0.0,7.1,0.3
1782789028.326,0.0,0.0,0.0,0.3,11:12,0.0,00:01,0.0,7.1,0.3
1782789033.336,0.0,0.0,0.0,0.3,11:12,0.0,00:01,0.0,7.1,0.3
1782789038.349,0.0,0.0,0.0,0.3,11:12,0.0,00:01,0.0,7.1,0.3
1782789043.356,0.0,0.0,0.0,0.3,11:12,0.0,00:01,0.0,7.1,0.3
1782789048.372,0.0,0.0,0.0,0.3,11:12,0.0,00:01,0.0,7.1,0.3
1782789053.387,0.0,0.0,0.0,0.3,11:12,0.0,00:01,0.0,7.1,0.3
1782789058.398,0.0,0.0,0.0,0.3,11:12,0.0,00:01,0.0,7.1,0.3
1782789063.412,0.0,0.0,0.0,0.3,11:12,0.0,00:01,0.0,7.1,0.3
1782789068.419,0.0,0.0,0.0,0.3,11:12,0.0,00:01,0.0,7.1,0.3
1782789073.428,0.0,0.0,0.0,0.3,11:12,0.0,00:01,0.0,7.1,0.3
1782789078.442,0.0,0.0,0.0,0.3,11:12,0.0,00:01,0.0,7.1,0.3
1782789083.453,0.0,0.0,0.0,0.3,11:12,0.0,00:01,0.0,7.1,0.3
1782789088.466,0.0,0.0,0.0,0.3,11:12,0.0,00:01,0.0,7.1,0.3
1782789093.472,0.0,0.0,0.0,0.3,11:12,0.0,00:01,0.0,7.1,0.3
1782789098.489,0.0,0.0,0.0,0.3,11:12,0.0,00:01,0.0,7.1,0.3
1782789103.501,0.0,0.0,0.0,0.3,11:12,0.0,00:01,0.0,7.1,0.3
1782789108.514,0.0,0.0,0.0,0.3,11:12,0.0,00:01,0.0,7.1,0.3
1782789113.527,0.0,0.0,0.0,0.3,11:12,0.0,00:01,0.0,7.1,0.3
1782789118.532,0.0,0.0,0.0,0.3,11:12,0.0,00:01,0.0,7.1,0.3
1782789123.547,0.0,0.0,0.0,0.3,11:12,0.0,00:01,0.0,7.1,0.3
1782789128.558,0.0,0.0,0.0,0.3,11:12,0.0,00:01,0.0,7.1,0.3
1782789133.569,0.0,0.0,0.0,0.3,11:12,0.0,00:01,0.0,7.1,0.3
1782789138.576,0.0,0.0,0.0,0.3,11:12,0.0,00:01,0.0,7.1,0.3
1782789143.588,0.0,0.0,0.0,0.3,11:12,0.0,00:01,0.0,7.1,0.3
1782789148.606,0.0,0.0,0.0,0.3,11:12,0.0,00:01,0.0,7.1,0.3
1782789153.619,0.0,0.0,0.0,0.3,11:12,0.0,00:01,0.0,7.1,0.3
1782789158.632,0.0,0.0,0.0,0.3,11:12,0.0,00:01,0.0,7.1,0.3
1782789163.638,0.0,0.0,0.0,0.3,11:12,0.0,00:01,0.0,7.1,0.3
1782789168.653,0.0,0.0,0.0,0.3,11:12,0.0,00:01,0.0,7.1,0.3
1782789173.665,0.0,0.0,0.0,0.3,11:12,0.0,00:01,0.0,7.1,0.3
1782789178.675,0.0,0.0,0.0,0.3,11:12,0.0,00:01,0.0,7.1,0.3
1782789183.687,0.0,0.0,0.0,0.3,11:12,0.0,00:01,0.0,7.1,0.3
1782789188.694,0.0,0.0,0.0,0.3,11:12,0.0,00:01,0.0,7.1,0.3
1782789193.71,0.0,0.0,0.0,0.3,11:12,0.0,00:01,0.0,7.1,0.3
1782789198.718,0.0,0.0,0.0,0.3,11:12,0.0,00:01,0.0,7.1,0.3
1782789203.731,0.0,0.0,0.0,0.3,11:12,0.0,00:01,0.0,7.1,0.3
1782789208.744,0.0,0.0,0.0,0.3,11:12,0.0,00:01,0.0,7.1,0.3
1782789213.751,0.0,0.0,0.0,0.3,11:12,0.0,00:01,0.0,7.1,0.3
1782789218.766,0.0,0.0,0.0,0.3,11:12,0.0,00:01,0.0,7.1,0.3
1782789223.777,0.0,0.0,0.0,0.3,11:12,0.0,00:01,0.0,7.1,0.3
1782789228.789,0.0,0.0,0.0,0.3,11:12,0.0,00:01,0.0,7.1,0.3
1782789233.796,0.0,0.0,0.0,0.3,11:12,0.0,00:01,0.0,7.1,0.3
1782789238.811,0.0,0.0,0.0,0.3,11:12,0.0,00:01,0.0,7.1,0.3
1782789243.823,0.0,0.0,0.0,0.3,11:12,0.0,00:01,0.0,7.1,0.3
1782789248.836,0.0,0.0,0.0,0.3,11:12,0.0,00:01,0.0,7.1,0.3
1782789253.844,0.0,0.0,0.0,0.3,11:12,0.0,00:01,0.0,7.1,0.3
1782789258.848,0.0,0.0,0.0,0.3,11:12,0.0,00:01,0.0,7.1,0.3
1782789263.86,0.0,0.0,0.0,0.3,11:12,0.0,00:01,0.0,7.1,0.3
1782789268.869,0.0,0.0,0.0,0.3,11:12,0.0,00:01,0.0,7.1,0.3
1782789273.877,0.0,0.0,0.0,0.3,11:12,0.0,00:01,0.0,7.1,0.3
1782789278.884,0.0,0.0,0.0,0.3,11:12,0.0,00:01,0.0,7.1,0.3
1782789283.89,0.0,0.0,0.0,0.3,11:12,0.0,00:01,0.0,7.1,0.3
1782789288.901,0.0,0.0,0.0,0.3,11:12,0.0,00:01,0.0,7.1,0.3
1782789293.911,0.0,0.0,0.0,0.3,11:12,0.0,00:01,0.0,7.1,0.3
1782789298.919,0.0,0.0,0.0,0.3,11:12,0.0,00:01,0.0,7.1,0.3
1782789303.924,0.0,0.0,0.0,0.3,11:12,0.0,00:01,0.0,7.1,0.3
1782789308.936,0.0,0.0,0.0,0.3,11:12,0.0,00:01,0.0,7.1,0.3
1782789313.946,0.0,0.0,0.0,0.3,11:12,0.0,00:01,0.0,7.1,0.3
1782789318.957,0.0,0.0,0.0,0.3,11:12,0.0,00:01,0.0,7.1,0.3
1782789323.97,0.0,0.0,0.0,0.3,11:12,0.0,00:01,0.0,7.1,0.3
1782789328.976,0.0,0.0,0.0,0.3,11:12,0.0,00:01,0.0,7.1,0.3
1782789333.987,0.0,0.0,0.0,0.3,11:12,0.0,00:01,0.0,7.1,0.3
1782789338.997,0.0,0.0,0.0,0.3,11:12,0.0,00:01,0.0,7.1,0.3
1782789344.006,0.0,0.0,0.0,0.3,11:12,0.0,00:01,0.0,7.1,0.3
1782789349.016,0.0,0.0,0.0,0.3,11:12,0.0,00:01,0.0,7.1,0.3
1782789354.024,0.0,0.0,0.0,0.3,11:12,0.0,00:01,0.0,7.1,0.3
1782789359.035,0.0,0.0,0.0,0.3,11:12,0.0,00:01,0.0,7.1,0.3
1782789364.044,0.0,0.0,0.0,0.3,11:12,0.0,00:01,0.0,7.1,0.3
1782789369.053,0.0,0.0,0.0,0.3,11:12,0.0,00:01,0.0,7.1,0.3
1782789374.056,0.0,0.0,0.0,0.3,11:12,0.0,00:01,0.0,7.1,0.3
1782789379.067,0.0,0.0,0.0,0.3,11:12,0.0,00:01,0.0,7.1,0.3
1782789384.078,0.0,0.0,0.0,0.3,11:12,0.0,00:01,0.0,7.1,0.3
1782789389.09,0.0,0.0,0.0,0.3,11:12,0.0,00:01,0.0,7.1,0.3
1782789394.105,0.0,0.0,0.0,0.3,11:12,0.0,00:01,0.0,7.1,0.3
1782789399.112,0.0,0.0,0.0,0.3,11:12,0.0,00:01,0.0,7.1,0.3
1782789404.128,0.0,0.0,0.0,0.3,11:12,0.0,00:01,0.0,7.1,0.3
1782789409.136,0.0,0.0,0.0,0.3,11:12,0.0,00:01,0.0,7.1,0.3
1782789414.143,0.0,0.0,0.0,0.3,11:12,0.0,00:01,0.0,7.1,0.3
1782789419.157,0.0,0.0,0.0,0.3,11:12,0.0,00:01,0.0,7.1,0.3
1782789424.167,0.0,0.0,0.0,0.3,11:12,0.0,00:01,0.0,7.1,0.3
1782789429.179,0.0,0.0,0.0,0.3,11:12,0.0,00:01,0.0,7.1,0.3
1782789434.193,0.0,0.0,0.0,0.3,11:12,0.0,00:01,0.0,7.1,0.3
1782789439.205,0.0,0.0,0.0,0.3,11:12,0.0,00:01,0.0,7.1,0.3
1782789444.218,0.0,0.0,0.0,0.3,11:12,0.0,00:01,0.0,7.1,0.3
1782789449.228,0.0,0.0,0.0,0.3,11:12,0.0,00:01,0.0,7.1,0.3
1782789454.239,0.0,0.0,0.0,0.3,11:12,0.0,00:01,0.0,7.1,0.3
1782789459.25,0.0,0.0,0.0,0.3,11:12,0.0,00:01,0.0,7.1,0.3
1782789464.258,0.0,0.0,0.0,0.3,11:12,0.0,00:01,0.0,7.1,0.3
1782789469.263,0.0,0.0,0.0,0.3,11:12,0.0,00:01,0.0,7.1,0.3
1782789474.278,0.0,0.0,0.0,0.3,11:12,0.0,00:01,0.0,7.1,0.3
1782789479.29,0.0,0.0,0.0,0.3,11:12,0.0,00:01,0.0,7.1,0.3
1782789484.298,0.0,0.0,0.0,0.3,11:12,0.0,00:01,0.0,7.1,0.3
1782789489.308,0.0,0.0,0.0,0.3,11:12,0.0,00:01,0.0,7.1,0.3
1782789494.318,0.0,0.0,0.0,0.3,11:12,0.0,00:01,0.0,7.1,0.3
1782789499.33,0.0,0.0,0.0,0.3,11:12,0.0,00:01,0.0,7.1,0.3
1782789504.344,0.0,0.0,0.0,0.3,11:12,0.0,00:01,0.0,7.1,0.3
1782789509.356,0.0,0.0,0.0,0.3,11:12,0.0,00:01,0.0,7.1,0.3
1782789514.369,0.0,0.0,0.0,0.3,11:12,0.0,00:01,0.0,7.1,0.3
1782789519.377,0.0,0.0,0.0,0.3,11:12,0.0,00:01,0.0,7.1,0.3
1782789524.388,0.0,0.0,0.0,0.3,11:12,0.0,00:01,0.0,7.1,0.3
1782789529.4,0.0,0.0,0.0,0.3,11:12,0.0,00:01,0.0,7.1,0.3
1782789534.414,0.0,0.0,0.0,0.3,11:12,0.0,00:01,0.0,7.1,0.3
1782789539.426,0.0,0.0,0.0,0.3,11:12,0.0,00:01,0.0,7.1,0.3
1782789544.432,0.0,0.0,0.0,0.3,11:12,0.0,00:01,0.0,7.1,0.3
1782789549.446,0.0,0.0,0.0,0.3,11:12,0.0,00:01,0.0,7.1,0.3
1782789554.457,0.0,0.0,0.0,0.3,11:12,0.0,00:01,0.0,7.1,0.3
1782789559.469,0.0,0.0,0.0,0.3,11:12,0.0,00:01,0.0,7.1,0.3
1782789564.481,0.0,0.0,0.0,0.3,11:12,0.0,00:01,0.0,7.1,0.3
1782789569.493,0.0,0.0,0.0,0.3,11:12,0.0,00:01,0.0,7.1,0.3
1782789574.506,0.0,0.0,0.0,0.3,11:12,0.0,00:01,0.0,7.1,0.3
1782789579.52,0.0,0.0,0.0,0.3,11:12,0.0,00:01,0.0,7.1,0.3
1782789584.532,0.0,0.0,0.0,0.3,11:12,0.0,00:01,0.0,7.1,0.3
1782789589.539,0.0,0.0,0.0,0.3,11:12,0.0,00:01,0.0,7.1,0.3
1782789594.55,0.0,0.0,0.0,0.3,11:12,0.0,00:01,0.0,7.1,0.3
1782789599.561,0.0,0.0,0.0,0.3,11:12,0.0,00:01,0.0,7.1,0.3
1782789604.575,0.0,0.0,0.0,0.3,11:12,0.0,00:01,0.0,7.1,0.3
1782789609.587,0.0,0.0,0.0,0.3,11:12,0.0,00:01,0.0,7.1,0.3
1782789614.595,0.0,0.0,0.0,0.3,11:12,0.0,00:01,0.0,7.1,0.3
1782789619.609,0.0,0.0,0.0,0.3,11:12,0.0,00:01,0.0,7.1,0.3
1782789624.62,0.0,0.0,0.0,0.3,11:12,0.0,00:01,0.0,7.1,0.3
1782789629.631,0.0,0.0,0.0,0.3,11:12,0.0,00:01,0.0,7.1,0.3
1782789634.641,0.0,0.0,0.0,0.3,11:12,0.0,00:01,0.0,7.1,0.3
1782789639.653,0.0,0.0,0.0,0.3,11:12,0.0,00:01,0.0,7.1,0.3
1782789644.665,0.0,0.0,0.0,0.3,11:12,0.0,00:01,0.0,7.1,0.3
1782789649.68,0.0,0.0,0.0,0.3,11:12,0.0,00:01,0.0,7.1,0.3
1782789654.693,0.0,0.0,0.0,0.3,11:12,0.0,00:01,0.0,7.1,0.3
1782789659.704,0.0,0.0,0.0,0.3,11:12,0.0,00:01,0.0,7.1,0.3
1782789664.716,0.0,0.0,0.0,0.3,11:12,0.0,00:01,0.0,7.1,0.3
1782789669.726,0.0,0.0,0.0,0.3,11:12,0.0,00:01,0.0,7.1,0.3
1782789674.738,0.0,0.0,0.0,0.3,11:12,0.0,00:01,0.0,7.1,0.3
1782789679.753,0.0,0.0,0.0,0.3,11:12,0.0,00:01,0.0,7.1,0.3
1782789684.759,0.0,0.0,0.0,0.3,11:12,0.0,00:01,0.0,7.1,0.3
1782789689.772,0.0,0.0,0.0,0.3,11:12,0.0,00:01,0.0,7.1,0.3
1782789694.781,0.0,0.0,0.0,0.3,11:12,0.0,00:01,0.0,7.1,0.3
1782789699.789,0.0,0.0,0.0,0.3,11:12,0.0,00:01,0.0,7.1,0.3
1782789704.801,0.0,0.0,0.0,0.3,11:12,0.0,00:01,0.0,7.1,0.3
1782789709.809,0.0,0.0,0.0,0.3,11:12,0.0,00:01,0.0,7.1,0.3
1782789714.816,0.0,0.0,0.0,0.3,11:12,0.0,00:01,0.0,7.1,0.3
1782789719.826,0.0,0.0,0.0,0.3,11:12,0.0,00:01,0.0,7.1,0.3
1782789724.836,0.0,0.0,0.0,0.3,11:12,0.0,00:01,0.0,7.1,0.3
1782789729.84,0.0,0.0,0.0,0.3,11:12,0.0,00:01,0.0,7.1,0.3
1782789734.849,0.0,0.0,0.0,0.3,11:12,0.0,00:01,0.0,7.1,0.3
1782789739.854,0.0,0.0,0.0,0.3,11:12,0.0,00:01,0.0,7.1,0.3
1782789744.86,0.0,0.0,0.0,0.3,11:12,0.0,00:01,0.0,7.1,0.3
1782789749.872,0.0,0.0,0.0,0.3,11:12,0.0,00:01,0.0,7.1,0.3
1782789754.876,0.0,0.0,0.0,0.3,11:12,0.0,00:01,0.0,7.1,0.3
1782789759.886,0.0,0.0,0.0,0.3,11:12,0.0,00:01,0.0,7.1,0.3
1782789764.89,0.0,0.0,0.0,0.3,11:12,0.0,00:01,0.0,7.1,0.3
1782789769.899,0.0,0.0,0.0,0.3,11:12,0.0,00:01,0.0,7.1,0.3
1782789774.909,0.0,0.0,0.0,0.3,11:12,0.0,00:01,0.0,7.1,0.3
1782789779.913,0.0,0.0,0.0,0.3,11:12,0.0,00:01,0.0,7.1,0.3
1782789784.921,0.0,0.0,0.0,0.3,11:12,0.0,00:01,0.0,7.1,0.3
1782789789.929,0.0,0.0,0.0,0.3,11:12,0.0,00:01,0.0,7.1,0.3
1782789794.938,0.0,0.0,0.0,0.3,11:12,0.0,00:01,0.0,7.1,0.3
1782789799.944,0.0,0.0,0.0,0.3,11:12,0.0,00:01,0.0,7.1,0.3
1782789804.954,0.0,0.0,0.0,0.3,11:12,0.0,00:01,0.0,7.1,0.3
1782789809.961,0.0,0.0,0.0,0.3,11:12,0.0,00:01,0.0,7.1,0.3
1782789814.969,0.0,0.0,0.0,0.3,11:12,0.0,00:01,0.0,7.1,0.3
1782789819.981,0.0,0.0,0.0,0.3,11:12,0.0,00:01,0.0,7.1,0.3
1782789824.984,0.0,0.0,0.0,0.3,11:12,0.0,00:01,0.0,7.1,0.3
1782789829.993,0.0,0.0,0.0,0.3,11:12,0.0,00:01,0.0,7.1,0.3
1782789835.003,0.0,0.0,0.0,0.3,11:12,0.0,00:01,0.0,7.1,0.3
1782789840.012,0.0,0.0,0.0,0.3,11:12,0.0,00:01,0.0,7.1,0.3
1782789845.02,0.0,0.0,0.0,0.3,11:12,0.0,00:01,0.0,7.1,0.3
1782789850.028,0.0,0.0,0.0,0.3,11:12,0.0,00:01,0.0,7.1,0.3
1782789855.037,0.0,0.0,0.0,0.3,11:12,0.0,00:01,0.0,7.1,0.3
1782789860.046,0.0,0.0,0.0,0.3,11:12,0.0,00:01,0.0,7.1,0.3
1782789865.056,0.0,0.0,0.0,0.3,11:12,0.0,00:01,0.0,7.1,0.3
1782789870.062,0.0,0.0,0.0,0.3,11:12,0.0,00:01,0.0,7.1,0.3
1782789875.069,0.0,0.0,0.0,0.3,11:12,0.0,00:01,0.0,7.1,0.3
1782789880.074,0.0,0.0,0.0,0.3,11:12,0.0,00:01,0.0,7.1,0.3
1782789885.081,0.0,0.0,0.0,0.3,11:12,0.0,00:01,0.0,7.1,0.3
1782789890.091,0.0,0.0,0.0,0.3,11:12,0.0,00:01,0.0,7.1,0.3
1782789895.097,0.0,0.0,0.0,0.3,11:12,0.0,00:01,0.0,7.1,0.3
1782789900.108,0.0,0.0,0.0,0.3,11:12,0.0,00:01,0.0,7.1,0.3
1782789905.119,0.0,0.0,0.0,0.3,11:12,0.0,00:01,0.0,7.1,0.3
1782789910.124,0.0,0.0,0.0,0.3,11:12,0.0,00:01,0.0,7.1,0.3
1782789915.132,0.0,0.0,0.0,0.3,11:12,0.0,00:01,0.0,7.1,0.3
1782789920.141,0.0,0.0,0.0,0.3,11:12,0.0,00:01,0.0,7.1,0.3
1782789925.152,0.0,0.0,0.0,0.3,11:12,0.0,00:01,0.0,7.1,0.3
1782789930.162,0.0,0.0,0.0,0.3,11:12,0.0,00:01,0.0,7.1,0.3
1782789935.172,0.0,0.0,0.0,0.3,11:12,0.0,00:01,0.0,7.1,0.3
1782789940.175,0.0,0.0,0.0,0.3,11:12,0.0,00:01,0.0,7.1,0.3
1782789945.185,0.0,0.0,0.0,0.3,11:12,0.0,00:01,0.0,7.1,0.3
1782789950.194,0.0,0.0,0.0,0.3,11:12,0.0,00:01,0.0,7.1,0.3
1782789955.204,0.0,0.0,0.0,0.3,11:12,0.0,00:01,0.0,7.1,0.3
1782789960.211,0.0,0.0,0.0,0.3,11:12,0.0,00:01,0.0,7.1,0.3
1782789965.218,0.0,0.0,0.0,0.3,11:12,0.0,00:01,0.0,7.1,0.3
1782789970.229,0.0,0.0,0.0,0.3,11:12,0.0,00:01,0.0,7.1,0.3
1782789975.238,0.0,0.0,0.0,0.3,11:12,0.0,00:01,0.0,7.1,0.3
1782789980.247,0.0,0.0,0.0,0.3,11:12,0.0,00:01,0.0,7.1,0.3
1782789985.252,0.0,0.0,0.0,0.3,11:12,0.0,00:01,0.0,7.1,0.3
1782789990.262,0.0,0.0,0.0,0.3,11:12,0.0,00:01,0.0,7.1,0.3
1782789995.271,0.0,0.0,0.0,0.3,11:12,0.0,00:01,0.0,7.1,0.3
1782790000.281,0.0,0.0,0.0,0.3,11:12,0.0,00:01,0.0,7.1,0.3
1782790005.297,0.0,0.0,0.0,0.3,11:12,0.0,00:01,0.0,7.1,0.3
1782790010.304,0.0,0.0,0.0,0.3,11:12,0.0,00:01,0.0,7.1,0.3
1782790015.32,0.0,0.0,0.0,0.3,11:12,0.0,00:01,0.0,7.1,0.3
1782790020.332,0.0,0.0,0.0,0.3,11:12,0.0,00:01,0.0,7.1,0.3
1782790025.343,0.0,0.0,0.0,0.3,11:12,0.0,00:01,0.0,7.1,0.3
1782790030.356,0.0,0.0,0.0,0.3,11:12,0.0,00:01,0.0,7.1,0.3
1782790035.362,0.0,0.0,0.0,0.3,11:12,0.0,00:01,0.0,7.1,0.3
1782790040.375,0.0,0.0,0.0,0.3,11:12,0.0,00:01,0.0,7.1,0.3
1782790045.389,0.0,0.0,0.0,0.3,11:12,0.0,00:01,0.0,7.1,0.3
1782790050.402,0.0,0.0,0.0,0.3,11:12,0.0,00:01,0.0,7.1,0.3
1782790055.413,0.0,0.0,0.0,0.3,11:12,0.0,00:01,0.0,7.1,0.3
1782790060.422,0.0,0.0,0.0,0.3,11:12,0.0,00:01,0.0,7.1,0.3
1782790065.429,0.0,0.0,0.0,0.3,11:12,0.0,00:01,0.0,7.1,0.3
1782790070.441,0.0,0.0,0.0,0.3,11:12,0.0,00:01,0.0,7.1,0.3
1782790075.459,0.0,0.0,0.0,0.3,11:12,0.0,00:01,0.0,7.1,0.3
1782790080.462,0.0,0.0,0.0,0.3,11:12,0.0,00:01,0.0,7.1,0.3
1782790085.474,0.0,0.0,0.0,0.3,11:12,0.0,00:01,0.0,7.1,0.3
1782790090.489,0.0,0.0,0.0,0.3,11:12,0.0,00:01,0.0,7.1,0.3
1782790095.5,0.0,0.0,0.0,0.3,11:12,0.0,00:01,0.0,7.1,0.3
1782790100.515,0.0,0.0,0.0,0.3,11:12,0.0,00:01,0.0,7.1,0.3
1782790105.52,0.0,0.0,0.0,0.3,11:12,0.0,00:01,0.0,7.1,0.3
1782790110.535,0.0,0.0,0.0,0.3,11:12,0.0,00:01,0.0,7.1,0.3
1782790115.549,0.0,0.0,0.0,0.3,11:12,0.0,00:01,0.0,7.1,0.3
1782790120.561,0.0,0.0,0.0,0.3,11:12,0.0,00:01,0.0,7.1,0.3
1782790125.573,0.0,0.0,0.0,0.3,11:12,0.0,00:01,0.0,7.1,0.3
1782790130.582,0.0,0.0,0.0,0.3,11:12,0.0,00:01,0.0,7.1,0.3
1782790135.588,0.0,0.0,0.0,0.3,11:12,0.0,00:01,0.0,7.1,0.3
1782790140.601,0.0,0.0,0.0,0.3,11:12,0.0,00:01,0.0,7.1,0.3
1782790145.618,0.0,0.0,0.0,0.3,11:12,0.0,00:01,0.0,7.1,0.3
1782790150.63,0.0,0.0,0.0,0.3,11:12,0.0,00:01,0.0,7.1,0.3
1782790155.632,0.0,0.0,0.0,0.3,11:12,0.0,00:01,0.0,7.1,0.3
1782790160.646,0.0,0.0,0.0,0.3,11:12,0.0,00:01,0.0,7.1,0.3
1782790165.659,0.0,0.0,0.0,0.3,11:12,0.0,00:01,0.0,7.1,0.3
1782790170.671,0.0,0.0,0.0,0.3,11:12,0.0,00:01,0.0,7.1,0.3
1782790175.678,0.0,0.0,0.0,0.3,11:12,0.0,00:01,0.0,7.1,0.3
1782790180.691,0.0,0.0,0.0,0.3,11:12,0.0,00:01,0.0,7.1,0.3
1782790185.702,0.0,0.0,0.0,0.3,11:12,0.0,00:01,0.0,7.1,0.3
1782790190.716,0.0,0.0,0.0,0.3,11:12,0.0,00:01,0.0,7.1,0.3
1782790195.729,0.0,0.0,0.0,0.3,11:12,0.0,00:01,0.0,7.1,0.3
1782790200.732,0.0,0.0,0.0,0.3,11:12,0.0,00:01,0.0,7.1,0.3
1782790205.744,0.0,0.0,0.0,0.3,11:12,0.0,00:01,0.0,7.1,0.3
1782790210.759,0.0,0.0,0.0,0.3,11:12,0.0,00:01,0.0,7.1,0.3
1782790215.774,0.0,0.0,0.0,0.3,11:12,0.0,00:01,0.0,7.1,0.3
1782790220.782,0.0,0.0,0.0,0.3,11:12,0.0,00:01,0.0,7.1,0.3
1782790225.788,0.0,0.0,0.0,0.3,11:12,0.0,00:01,0.0,7.1,0.3
1782790230.8,0.0,0.0,0.0,0.3,11:12,0.0,00:01,0.0,7.1,0.3
1782790235.814,0.0,0.0,0.0,0.3,11:12,0.0,00:01,0.0,7.1,0.3
1782790240.828,0.0,0.0,0.0,0.3,11:12,0.0,00:01,0.0,7.1,0.3
1782790245.836,0.0,0.0,0.0,0.3,11:12,0.0,00:01,0.0,7.1,0.3
1782790250.846,0.0,0.0,0.0,0.3,11:12,0.0,00:01,0.0,7.1,0.3
1782790255.859,0.0,0.0,0.0,0.3,11:12,0.0,00:01,0.0,7.1,0.3
1782790260.877,0.0,0.0,0.0,0.3,11:12,0.0,00:01,0.0,7.1,0.3
1782790265.89,0.0,0.0,0.0,0.3,11:12,0.0,00:01,0.0,7.1,0.3
1782790270.896,0.0,0.0,0.0,0.3,11:12,0.0,00:01,0.0,7.1,0.3
1782790275.91,0.0,0.0,0.0,0.3,11:12,0.0,00:01,0.0,7.1,0.3
1782790280.922,0.0,0.0,0.0,0.3,11:12,0.0,00:01,0.0,7.1,0.3
1782790285.936,0.0,0.0,0.0,0.3,11:12,0.0,00:01,0.0,7.1,0.3
1782790290.949,0.0,0.0,0.0,0.3,11:12,0.0,00:01,0.0,7.1,0.3
1782790295.956,0.0,0.0,0.0,0.3,11:12,0.0,00:01,0.0,7.1,0.3
1782790300.971,0.0,0.0,0.0,0.3,11:12,0.0,00:01,0.0,7.1,0.3
1782790305.985,0.0,0.0,0.0,0.3,11:12,0.0,00:01,0.0,7.1,0.3
1782790310.998,0.0,0.0,0.0,0.3,11:12,0.0,00:01,0.0,7.1,0.3
1782790316.01,0.0,0.0,0.0,0.3,11:12,0.0,00:01,0.0,7.1,0.3
1782790321.018,0.0,0.0,0.0,0.3,11:12,0.0,00:01,0.0,7.1,0.3
1782790326.03,0.0,0.0,0.0,0.3,11:12,0.0,00:01,0.0,7.1,0.3
1782790331.045,0.0,0.0,0.0,0.3,11:12,0.0,00:01,0.0,7.1,0.3
1782790336.058,0.0,0.0,0.0,0.3,11:12,0.0,00:01,0.0,7.1,0.3
1782790341.064,0.0,0.0,0.0,0.3,11:12,0.0,00:01,0.0,7.1,0.3
1782790346.079,0.0,0.0,0.0,0.3,11:12,0.0,00:01,0.0,7.1,0.3
1782790351.088,0.0,0.0,0.0,0.3,11:12,0.0,00:01,0.0,7.1,0.3
1782790356.099,0.0,0.0,0.0,0.3,11:12,0.0,00:01,0.0,7.1,0.3
1782790361.113,0.0,0.0,0.0,0.3,11:12,0.0,00:01,0.0,7.1,0.3
1782790366.123,0.0,0.0,0.0,0.3,11:12,0.0,00:01,0.0,7.1,0.3
1782790371.136,0.0,0.0,0.0,0.3,11:12,0.0,00:01,0.0,7.1,0.3
1782790376.149,0.0,0.0,0.0,0.3,11:12,0.0,00:01,0.0,7.1,0.3
1782790381.16,0.0,0.0,0.0,0.3,11:12,0.0,00:01,0.0,7.1,0.3
1782790386.172,0.0,0.0,0.0,0.3,11:12,0.0,00:01,0.0,7.1,0.3
1782790391.178,0.0,0.0,0.0,0.3,11:12,0.0,00:01,0.0,7.1,0.3
1782790396.19,0.0,0.0,0.0,0.3,11:12,0.0,00:01,0.0,7.1,0.3
1782790401.204,0.0,0.0,0.0,0.3,11:12,0.0,00:01,0.0,7.1,0.3
1782790406.213,0.0,0.0,0.0,0.3,11:12,0.0,00:01,0.0,7.1,0.3
1782790411.221,0.0,0.0,0.0,0.3,11:12,0.0,00:01,0.0,7.1,0.3
1782790416.233,0.0,0.0,0.0,0.3,11:12,0.0,00:01,0.0,7.1,0.3
1782790421.244,0.0,0.0,0.0,0.3,11:12,0.0,00:01,0.0,7.1,0.3
1782790426.259,0.0,0.0,0.0,0.3,11:12,0.0,00:01,0.0,7.1,0.3
1782790431.27,0.0,0.0,0.0,0.3,11:12,0.0,00:01,0.0,7.1,0.3
1782790436.277,0.0,0.0,0.0,0.3,11:12,0.0,00:01,0.0,7.1,0.3
1782790441.287,0.0,0.0,0.0,0.3,11:12,0.0,00:01,0.0,7.1,0.3
1782790446.304,0.0,0.0,0.0,0.3,11:12,0.0,00:01,0.0,7.1,0.3
1782790451.316,0.0,0.0,0.0,0.3,11:12,0.0,00:01,0.0,7.1,0.3
1782790456.328,0.0,0.0,0.0,0.3,11:12,0.0,00:01,0.0,7.1,0.3
1782790461.336,0.0,0.0,0.0,0.3,11:12,0.0,00:01,0.0,7.1,0.3
1782790466.347,0.0,0.0,0.0,0.3,11:12,0.0,00:01,0.0,7.1,0.3
1782790471.361,0.0,0.0,0.0,0.3,11:12,0.0,00:01,0.0,7.1,0.3
1782790476.374,0.0,0.0,0.0,0.3,11:12,0.0,00:01,0.0,7.1,0.3
1782790481.386,0.0,0.0,0.0,0.3,11:12,0.0,00:01,0.0,7.1,0.3
1782790486.394,0.0,0.0,0.0,0.3,11:12,0.0,00:01,0.0,7.1,0.3
1782790491.409,0.0,0.0,0.0,0.3,11:12,0.0,00:01,0.0,7.1,0.3
1782790496.416,0.0,0.0,0.0,0.3,11:12,0.0,00:01,0.0,7.1,0.3
1782790501.428,0.0,0.0,0.0,0.3,11:12,0.0,00:01,0.0,7.1,0.3
1782790506.435,0.0,0.0,0.0,0.3,11:12,0.0,00:01,0.0,7.1,0.3
1782790511.448,0.0,0.0,0.0,0.3,11:12,0.0,00:01,0.0,7.1,0.3
1782790516.465,0.0,0.0,0.0,0.3,11:12,0.0,00:01,0.0,7.1,0.3
1782790521.477,0.0,0.0,0.0,0.3,11:12,0.0,00:01,0.0,7.1,0.3
1782790526.491,0.0,0.0,0.0,0.3,11:12,0.0,00:01,0.0,7.1,0.3
1782790531.498,0.0,0.0,0.0,0.3,11:12,0.0,00:01,0.0,7.1,0.3
1782790536.51,0.0,0.0,0.0,0.3,11:12,0.0,00:01,0.0,7.1,0.3
1782790541.526,0.0,0.0,0.0,0.3,11:12,0.0,00:01,0.0,7.1,0.3
1782790546.535,0.0,0.0,0.0,0.3,11:12,0.0,00:01,0.0,7.1,0.3
1782790551.546,0.0,0.0,0.0,0.3,11:12,0.0,00:01,0.0,7.1,0.3
1782790556.551,0.0,0.0,0.0,0.3,11:12,0.0,00:01,0.0,7.1,0.3
1782790561.568,0.0,0.0,0.0,0.3,11:12,0.0,00:01,0.0,7.1,0.3
1782790566.581,0.0,0.0,0.0,0.3,11:12,0.0,00:01,0.0,7.1,0.3
1782790571.589,0.0,0.0,0.0,0.3,11:12,0.0,00:01,0.0,7.1,0.3
1782790576.602,0.0,0.0,0.0,0.3,11:12,0.0,00:01,0.0,7.1,0.3
1782790581.608,0.0,0.0,0.0,0.3,11:12,0.0,00:01,0.0,7.1,0.3
1782790586.625,0.0,0.0,0.0,0.3,11:12,0.0,00:01,0.0,7.1,0.3
1782790591.637,0.0,0.0,0.0,0.3,11:12,0.0,00:01,0.0,7.1,0.3
1782790596.65,0.0,0.0,0.0,0.3,11:12,0.0,00:01,0.0,7.1,0.3
1782790601.655,0.0,0.0,0.0,0.3,11:12,0.0,00:01,0.0,7.1,0.3
1782790606.662,0.0,0.0,0.0,0.3,11:12,0.0,00:01,0.0,7.1,0.3
1782790611.674,0.0,0.0,0.0,0.3,11:12,0.0,00:01,0.0,7.1,0.3
1782790616.689,0.0,0.0,0.0,0.3,11:12,0.0,00:01,0.0,7.1,0.3
1782790621.702,0.0,0.0,0.0,0.3,11:12,0.0,00:01,0.0,7.1,0.3
1782790626.708,0.0,0.0,0.0,0.3,11:12,0.0,00:01,0.0,7.1,0.3
1782790631.721,0.0,0.0,0.0,0.3,11:12,0.0,00:01,0.0,7.1,0.3
1782790636.732,0.0,0.0,0.0,0.3,11:12,0.0,00:01,0.0,7.1,0.3
1782790641.744,0.0,0.0,0.0,0.3,11:12,0.0,00:01,0.0,7.1,0.3
1782790646.758,0.0,0.0,0.0,0.3,11:12,0.0,00:01,0.0,7.1,0.3
1782790651.765,0.0,0.0,0.0,0.3,11:12,0.0,00:01,0.0,7.1,0.3
1782790656.78,0.0,0.0,0.0,0.3,11:12,0.0,00:01,0.0,7.1,0.3
1782790661.793,0.0,0.0,0.0,0.3,11:12,0.0,00:01,0.0,7.1,0.3
1782790666.805,0.0,0.0,0.0,0.3,11:12,0.0,00:01,0.0,7.1,0.3
1782790671.814,0.0,0.0,0.0,0.3,11:12,0.0,00:01,0.0,7.1,0.3
1782790676.829,0.0,0.0,0.0,0.3,11:12,0.0,00:01,0.0,7.1,0.3
1782790681.837,0.0,0.0,0.0,0.3,11:12,0.0,00:01,0.0,7.1,0.3
1782790686.851,0.0,0.0,0.0,0.3,11:12,0.0,00:01,0.0,7.1,0.3
1782790691.862,0.0,0.0,0.0,0.3,11:12,0.0,00:01,0.0,7.1,0.3
1782790696.869,0.0,0.0,0.0,0.3,11:12,0.0,00:01,0.0,7.1,0.3
1782790701.885,0.0,0.0,0.0,0.3,11:12,0.0,00:01,0.0,7.1,0.3
1782790706.896,0.0,0.0,0.0,0.3,11:12,0.0,00:01,0.0,7.1,0.3
1782790711.907,0.0,0.0,0.0,0.3,11:12,0.0,00:01,0.0,7.1,0.3
1782790716.918,0.0,0.0,0.0,0.3,11:12,0.0,00:01,0.0,7.1,0.3
1782790721.925,0.0,0.0,0.0,0.3,11:12,0.0,00:01,0.0,7.1,0.3
1782790726.937,0.0,0.0,0.0,0.3,11:12,0.0,00:01,0.0,7.1,0.3
1782790731.95,0.0,0.0,0.0,0.3,11:12,0.0,00:01,0.0,7.1,0.3
1782790736.963,0.0,0.0,0.0,0.3,11:12,0.0,00:01,0.0,7.1,0.3
1782790741.972,0.0,0.0,0.0,0.3,11:12,0.0,00:01,0.0,7.1,0.3
1782790746.983,0.0,0.0,0.0,0.3,11:12,0.0,00:01,0.0,7.1,0.3
1782790751.995,0.0,0.0,0.0,0.3,11:12,0.0,00:01,0.0,7.1,0.3
1782790757.007,0.0,0.0,0.0,0.3,11:12,0.0,00:01,0.0,7.1,0.3
1782790762.017,0.0,0.0,0.0,0.3,11:12,0.0,00:01,0.0,7.1,0.3
1782790767.02,0.0,0.0,0.0,0.3,11:12,0.0,00:01,0.0,7.1,0.3
1782790772.037,0.0,0.0,0.0,0.3,11:12,0.0,00:01,0.0,7.1,0.3
1782790777.05,0.0,0.0,0.0,0.3,11:12,0.0,00:01,0.0,7.1,0.3
1782790782.06,0.0,0.0,0.0,0.3,11:12,0.0,00:01,0.0,7.1,0.3
1782790787.07,0.0,0.0,0.0,0.3,11:12,0.0,00:01,0.0,7.1,0.3
1782790792.076,0.0,0.0,0.0,0.3,11:12,0.0,00:01,0.0,7.1,0.3
1782790797.088,0.0,0.0,0.0,0.3,11:12,0.0,00:01,0.0,7.1,0.3
1782790802.1,0.0,0.0,0.0,0.3,11:12,0.0,00:01,0.0,7.1,0.3
1782790807.114,0.0,0.0,0.0,0.3,11:12,0.0,00:01,0.0,7.1,0.3
1782790812.126,0.0,0.0,0.0,0.3,11:12,0.0,00:01,0.0,7.1,0.3
1782790817.137,0.0,0.0,0.0,0.3,11:12,0.0,00:01,0.0,7.1,0.3
1782790822.15,0.0,0.0,0.0,0.3,11:12,0.0,00:01,0.0,7.1,0.3
1782790827.162,0.0,0.0,0.0,0.3,11:12,0.0,00:01,0.0,7.1,0.3
1782790832.176,0.0,0.0,0.0,0.3,11:12,0.0,00:01,0.0,7.1,0.3
1782790837.189,0.0,0.0,0.0,0.3,11:12,0.0,00:01,0.0,7.1,0.3
1782790842.198,0.0,0.0,0.0,0.3,11:12,0.0,00:01,0.0,7.1,0.3
1782790847.211,0.0,0.0,0.0,0.3,11:12,0.0,00:01,0.0,7.1,0.3
1782790852.22,0.0,0.0,0.0,0.3,11:12,0.0,00:01,0.0,7.1,0.3
1782790857.233,0.0,0.0,0.0,0.3,11:12,0.0,00:01,0.0,7.1,0.3
1782790862.24,0.0,0.0,0.0,0.3,11:12,0.0,00:01,0.0,7.1,0.3
1782790867.251,0.0,0.0,0.0,0.3,11:12,0.0,00:01,0.0,7.1,0.3
1782790872.265,0.0,0.0,0.0,0.3,11:12,0.0,00:01,0.0,7.1,0.3
1782790877.276,0.0,0.0,0.0,0.3,11:12,0.0,00:01,0.0,7.1,0.3
1782790882.286,0.0,0.0,0.0,0.3,11:12,0.0,00:01,0.0,7.1,0.3
1782790887.297,0.0,0.0,0.0,0.3,11:12,0.0,00:01,0.0,7.1,0.3
1782790892.307,0.0,0.0,0.0,0.3,11:12,0.0,00:01,0.0,7.1,0.3
1782790897.321,0.0,0.0,0.0,0.3,11:12,0.0,00:01,0.0,7.1,0.3
1782790902.333,0.0,0.0,0.0,0.3,11:12,0.0,00:01,0.0,7.1,0.3
1782790907.341,0.0,0.0,0.0,0.3,11:12,0.0,00:01,0.0,7.1,0.3
1782790912.352,0.0,0.0,0.0,0.3,11:12,0.0,00:01,0.0,7.1,0.3
1782790917.363,0.0,0.0,0.0,0.3,11:12,0.0,00:01,0.0,7.1,0.3
1782790922.375,0.0,0.0,0.0,0.3,11:12,0.0,00:01,0.0,7.1,0.3
1782790927.386,0.0,0.0,0.0,0.3,11:12,0.0,00:01,0.0,7.1,0.3
1782790932.396,0.0,0.0,0.0,0.3,11:12,0.0,00:01,0.0,7.1,0.3
1782790937.404,0.0,0.0,0.0,0.3,11:12,0.0,00:01,0.0,7.1,0.3
1782790942.415,0.0,0.0,0.0,0.3,11:12,0.0,00:01,0.0,7.1,0.3
1782790947.428,0.0,0.0,0.0,0.3,11:12,0.0,00:01,0.0,7.1,0.3
1782790952.439,0.0,0.0,0.0,0.3,11:12,0.0,00:01,0.0,7.1,0.3
1782790957.448,0.0,0.0,0.0,0.3,11:12,0.0,00:01,0.0,7.1,0.3
1782790962.46,0.0,0.0,0.0,0.3,11:12,0.0,00:01,0.0,7.1,0.3
1782790967.472,0.0,0.0,0.0,0.3,11:12,0.0,00:01,0.0,7.1,0.3
1782790972.486,0.0,0.0,0.0,0.3,11:12,0.0,00:01,0.0,7.1,0.3
1782790977.497,0.0,0.0,0.0,0.3,11:12,0.0,00:01,0.0,7.1,0.3
1782790982.501,0.0,0.0,0.0,0.3,11:12,0.0,00:01,0.0,7.1,0.3
1782790987.51,0.0,0.0,0.0,0.3,11:12,0.0,00:01,0.0,7.1,0.3
1782790992.52,0.0,0.0,0.0,0.3,11:12,0.0,00:01,0.0,7.1,0.3
1782790997.528,0.0,0.0,0.0,0.3,11:12,0.0,00:01,0.0,7.1,0.3
1782791002.537,0.0,0.0,0.0,0.3,11:12,0.0,00:01,0.0,7.1,0.3
1782791007.544,0.0,0.0,0.0,0.3,11:12,0.0,00:01,0.0,7.1,0.3
1782791012.554,0.0,0.0,0.0,0.3,11:12,0.0,00:01,0.0,7.1,0.3
1782791017.565,0.0,0.0,0.0,0.3,11:12,0.0,00:01,0.0,7.1,0.3
1782791022.569,0.0,0.0,0.0,0.3,11:12,0.0,00:01,0.0,7.1,0.3
1782791027.579,0.0,0.0,0.0,0.3,11:12,0.0,00:01,0.0,7.1,0.3
1782791032.588,0.0,0.0,0.0,0.3,11:12,0.0,00:01,0.0,7.1,0.3
1782791037.598,0.0,0.0,0.0,0.3,11:12,0.0,00:01,0.0,7.1,0.3
1782791042.607,0.0,0.0,0.0,0.3,11:12,0.0,00:01,0.0,7.1,0.3
1782791047.623,0.0,0.0,0.0,0.3,11:12,0.0,00:01,0.0,7.1,0.3
1782791052.625,0.0,0.0,0.0,0.3,11:12,0.0,00:01,0.0,7.1,0.3
1782791057.638,0.0,0.0,0.0,0.3,11:12,0.0,00:01,0.0,7.1,0.3
1782791062.649,0.0,0.0,0.0,0.3,11:12,0.0,00:01,0.0,7.1,0.3
1782791067.659,0.0,0.0,0.0,0.3,11:12,0.0,00:01,0.0,7.1,0.3
1782791072.668,0.0,0.0,0.0,0.3,11:12,0.0,00:01,0.0,7.1,0.3
1782791077.682,0.0,0.0,0.0,0.3,11:12,0.0,00:01,0.0,7.1,0.3
1782791082.694,0.0,0.0,0.0,0.3,11:12,0.0,00:01,0.0,7.1,0.3
1782791087.703,0.0,0.0,0.0,0.3,11:12,0.0,00:01,0.0,7.1,0.3
1782791092.715,0.0,0.0,0.0,0.3,11:12,0.0,00:01,0.0,7.1,0.3
1782791097.72,0.0,0.0,0.0,0.3,11:12,0.0,00:01,0.0,7.1,0.3
1782791102.735,0.0,0.0,0.0,0.3,11:12,0.0,00:01,0.0,7.1,0.3
1782791107.745,0.0,0.0,0.0,0.3,11:12,0.0,00:01,0.0,7.1,0.3
1782791112.755,0.0,0.0,0.0,0.3,11:12,0.0,00:01,0.0,7.1,0.3
1782791117.773,0.0,0.0,0.0,0.3,11:12,0.0,00:01,0.0,7.1,0.3
1782791122.779,0.0,0.0,0.0,0.3,11:12,0.0,00:01,0.0,7.1,0.3
1782791127.793,0.0,0.0,0.0,0.3,11:12,0.0,00:01,0.0,7.1,0.3
1782791132.806,0.0,0.0,0.0,0.3,11:12,0.0,00:01,0.0,7.1,0.3
1782791137.815,0.0,0.0,0.0,0.3,11:12,0.0,00:01,0.0,7.1,0.3
1782791142.829,0.0,0.0,0.0,0.3,11:12,0.0,00:01,0.0,7.1,0.3
1782791147.836,0.0,0.0,0.0,0.3,11:12,0.0,00:01,0.0,7.1,0.3
1782791152.848,0.0,0.0,0.0,0.3,11:12,0.0,00:01,0.0,7.1,0.3
1782791157.858,0.0,0.0,0.0,0.3,11:12,0.0,00:01,0.0,7.1,0.3
1782791162.868,0.0,0.0,0.0,0.3,11:12,0.0,00:01,0.0,7.1,0.3
1782791167.875,0.0,0.0,0.0,0.3,11:12,0.0,00:01,0.0,7.1,0.3
1782791172.886,0.0,0.0,0.0,0.3,11:12,0.0,00:01,0.0,7.1,0.3
1782791177.898,0.0,0.0,0.0,0.3,11:12,0.0,00:01,0.0,7.1,0.3
1782791182.909,0.0,0.0,0.0,0.3,11:12,0.0,00:01,0.0,7.1,0.3
1782791187.923,0.0,0.0,0.0,0.3,11:12,0.0,00:01,0.0,7.1,0.3
1782791192.93,0.0,0.0,0.0,0.3,11:12,0.0,00:01,0.0,7.1,0.3
1782791197.94,0.0,0.0,0.0,0.3,11:12,0.0,00:01,0.0,7.1,0.3
1782791202.955,0.0,0.0,0.0,0.3,11:12,0.0,00:01,0.0,7.1,0.3
1782791207.963,0.0,0.0,0.0,0.3,11:12,0.0,00:01,0.0,7.1,0.3
1782791212.976,0.0,0.0,0.0,0.3,11:12,0.0,00:01,0.0,7.1,0.3
1782791217.98,0.0,0.0,0.0,0.3,11:12,0.0,00:01,0.0,7.1,0.3
1782791222.992,0.0,0.0,0.0,0.3,11:12,0.0,00:01,0.0,7.1,0.3
1782791228.006,0.0,0.0,0.0,0.3,11:12,0.0,00:01,0.0,7.1,0.3
1782791233.02,0.0,0.0,0.0,0.3,11:12,0.0,00:01,0.0,7.1,0.3
1782791238.027,0.0,0.0,0.0,0.3,11:12,0.0,00:01,0.0,7.1,0.3
1782791243.042,0.0,0.0,0.0,0.3,11:12,0.0,00:01,0.0,7.1,0.3
1782791248.054,0.0,0.0,0.0,0.3,11:12,0.0,00:01,0.0,7.1,0.3
1782791253.066,0.0,0.0,0.0,0.3,11:12,0.0,00:01,0.0,7.1,0.3
1782791258.082,0.0,0.0,0.0,0.3,11:12,0.0,00:01,0.0,7.1,0.3
1782791263.089,0.0,0.0,0.0,0.3,11:12,0.0,00:01,0.0,7.1,0.3
1782791268.101,0.0,0.0,0.0,0.3,11:12,0.0,00:01,0.0,7.1,0.3
1782791273.116,0.0,0.0,0.0,0.3,11:12,0.0,00:01,0.0,7.1,0.3
1782791278.129,0.0,0.0,0.0,0.3,11:12,0.0,00:01,0.0,7.1,0.3
1782791283.142,0.0,0.0,0.0,0.3,11:12,0.0,00:01,0.0,7.1,0.3
1782791288.149,0.0,0.0,0.0,0.3,11:12,0.0,00:01,0.0,7.1,0.3
1782791293.163,0.0,0.0,0.0,0.3,11:12,0.0,00:01,0.0,7.1,0.3
1782791298.175,0.0,0.0,0.0,0.3,11:12,0.0,00:01,0.0,7.1,0.3
1782791303.19,0.0,0.0,0.0,0.3,11:12,0.0,00:01,0.0,7.1,0.3
1782791308.202,0.0,0.0,0.0,0.3,11:12,0.0,00:01,0.0,7.1,0.3
1782791313.208,0.0,0.0,0.0,0.3,11:12,0.0,00:01,0.0,7.1,0.3
1782791318.222,0.0,0.0,0.0,0.3,11:12,0.0,00:01,0.0,7.1,0.3
1782791323.231,0.0,0.0,0.0,0.3,11:12,0.0,00:01,0.0,7.1,0.3
1782791328.247,0.0,0.0,0.0,0.3,11:12,0.0,00:01,0.0,7.1,0.3
1782791333.255,0.0,0.0,0.0,0.3,11:12,0.0,00:01,0.0,7.1,0.3
1782791338.27,0.0,0.0,0.0,0.3,11:12,0.0,00:01,0.0,7.1,0.3
1782791343.283,0.0,0.0,0.0,0.3,11:12,0.0,00:01,0.0,7.1,0.3
1782791348.298,0.0,0.0,0.0,0.3,11:12,0.0,00:01,0.0,7.1,0.3
1782791353.309,0.0,0.0,0.0,0.3,11:12,0.0,00:01,0.0,7.1,0.3
1782791358.316,0.0,0.0,0.0,0.3,11:12,0.0,00:01,0.0,7.1,0.3
1782791363.328,0.0,0.0,0.0,0.3,11:12,0.0,00:01,0.0,7.1,0.3
1782791368.34,0.0,0.0,0.0,0.3,11:12,0.0,00:01,0.0,7.1,0.3
1782791373.353,0.0,0.0,0.0,0.3,11:12,0.0,00:01,0.0,7.1,0.3
1782791378.366,0.0,0.0,0.0,0.3,11:12,0.0,00:01,0.0,7.1,0.3
1782791383.374,0.0,0.0,0.0,0.3,11:12,0.0,00:01,0.0,7.1,0.3
1782791388.388,0.0,0.0,0.0,0.3,11:12,0.0,00:01,0.0,7.1,0.3
1782791393.397,0.0,0.0,0.0,0.3,11:12,0.0,00:01,0.0,7.1,0.3
1782791398.406,0.0,0.0,0.0,0.3,11:12,0.0,00:01,0.0,7.1,0.3
1782791403.42,0.0,0.0,0.0,0.3,11:12,0.0,00:01,0.0,7.1,0.3
1782791408.427,0.0,0.0,0.0,0.3,11:12,0.0,00:01,0.0,7.1,0.3
1782791413.436,0.0,0.0,0.0,0.3,11:12,0.0,00:01,0.0,7.1,0.3
1782791418.452,0.0,0.0,0.0,0.3,11:12,0.0,00:01,0.0,7.1,0.3
1782791423.466,0.0,0.0,0.0,0.3,11:12,0.0,00:01,0.0,7.1,0.3
1782791428.471,0.0,0.0,0.0,0.3,11:12,0.0,00:01,0.0,7.1,0.3
1782791433.481,0.0,0.0,0.0,0.3,11:12,0.0,00:01,0.0,7.1,0.3
1782791438.495,0.0,0.0,0.0,0.3,11:12,0.0,00:01,0.0,7.1,0.3
1782791443.507,0.0,0.0,0.0,0.3,11:12,0.0,00:01,0.0,7.1,0.3
1782791448.516,0.0,0.0,0.0,0.3,11:12,0.0,00:01,0.0,7.1,0.3
1782791453.519,0.0,0.0,0.0,0.3,11:12,0.0,00:01,0.0,7.1,0.3
1782791458.534,0.0,0.0,0.0,0.3,11:12,0.0,00:01,0.0,7.1,0.3
1782791463.544,0.0,0.0,0.0,0.3,11:12,0.0,00:01,0.0,7.1,0.3
1782791468.561,0.0,0.0,0.0,0.3,11:12,0.0,00:01,0.0,7.1,0.3
1782791473.574,0.0,0.0,0.0,0.3,11:12,0.0,00:01,0.0,7.1,0.3
1782791478.58,0.0,0.0,0.0,0.3,11:12,0.0,00:01,0.0,7.1,0.3
1782791483.595,0.0,0.0,0.0,0.3,11:12,0.0,00:01,0.0,7.1,0.3
1782791488.609,0.0,0.0,0.0,0.3,11:12,0.0,00:01,0.0,7.1,0.3
1782791493.622,0.0,0.0,0.0,0.3,11:12,0.0,00:01,0.0,7.1,0.3
1782791498.624,0.0,0.0,0.0,0.3,11:12,0.0,00:01,0.0,7.1,0.3
1782791503.636,0.0,0.0,0.0,0.3,11:12,0.0,00:01,0.0,7.1,0.3
1782791508.648,0.0,0.0,0.0,0.3,11:12,0.0,00:01,0.0,7.1,0.3
1782791513.667,0.0,0.0,0.0,0.3,11:12,0.0,00:01,0.0,7.1,0.3
1782791518.679,0.0,0.0,0.0,0.3,11:12,0.0,00:01,0.0,7.1,0.3
1782791523.684,0.0,0.0,0.0,0.3,11:12,0.0,00:01,0.0,7.1,0.3
1782791528.699,0.0,0.0,0.0,0.3,11:12,0.0,00:01,0.0,7.1,0.3
1782791533.71,0.0,0.0,0.0,0.3,11:12,0.0,00:01,0.0,7.1,0.3
1782791538.721,0.0,0.0,0.0,0.3,11:12,0.0,00:01,0.0,7.1,0.3
1782791543.735,0.0,0.0,0.0,0.3,11:12,0.0,00:01,0.0,7.1,0.3
1782791548.739,0.0,0.0,0.0,0.3,11:12,0.0,00:01,0.0,7.1,0.3
1782791553.751,0.0,0.0,0.0,0.3,11:12,0.0,00:01,0.0,7.1,0.3
1782791558.765,0.0,0.0,0.0,0.3,11:12,0.0,00:01,0.0,7.1,0.3
1782791563.777,0.0,0.0,0.0,0.3,11:12,0.0,00:01,0.0,7.1,0.3
1782791568.789,0.0,0.0,0.0,0.3,11:12,0.0,00:01,0.0,7.1,0.3
1782791573.796,0.0,0.0,0.0,0.3,11:12,0.0,00:01,0.0,7.1,0.3
1782791578.809,0.0,0.0,0.0,0.3,11:12,0.0,00:01,0.0,7.1,0.3
1782791583.824,0.0,0.0,0.0,0.3,11:12,0.0,00:01,0.0,7.1,0.3
1782791588.838,0.0,0.0,0.0,0.3,11:12,0.0,00:01,0.0,7.1,0.3
1782791593.841,0.0,0.0,0.0,0.3,11:12,0.0,00:01,0.0,7.1,0.3
1782791598.853,0.0,0.0,0.0,0.3,11:12,0.0,00:01,0.0,7.1,0.3
1782791603.87,0.0,0.0,0.0,0.3,11:12,0.0,00:01,0.0,7.1,0.3
1782791608.884,0.0,0.0,0.0,0.3,11:12,0.0,00:01,0.0,7.1,0.3
1782791613.893,0.0,0.0,0.0,0.3,11:12,0.0,00:01,0.0,7.1,0.3
1782791618.9,0.0,0.0,0.0,0.3,11:12,0.0,00:01,0.0,7.1,0.3
1782791623.912,0.0,0.0,0.0,0.3,11:12,0.0,00:01,0.0,7.1,0.3
1782791628.928,0.0,0.0,0.0,0.3,11:12,0.0,00:01,0.0,7.1,0.3
1782791633.94,0.0,0.0,0.0,0.3,11:12,0.0,00:01,0.0,7.1,0.3
1782791638.953,0.0,0.0,0.0,0.3,11:12,0.0,00:01,0.0,7.1,0.3
1782791643.962,0.0,0.0,0.0,0.3,11:12,0.0,00:01,0.0,7.1,0.3
1782791648.974,0.0,0.0,0.0,0.3,11:12,0.0,00:01,0.0,7.1,0.3
1782791653.989,0.0,0.0,0.0,0.3,11:12,0.0,00:01,0.0,7.1,0.3
1782791659.002,0.0,0.0,0.0,0.3,11:12,0.0,00:01,0.0,7.1,0.3
1782791664.014,0.0,0.0,0.0,0.3,11:12,0.0,00:01,0.0,7.1,0.3
1782791669.021,0.0,0.0,0.0,0.3,11:12,0.0,00:01,0.0,7.1,0.3
1782791674.038,0.0,0.0,0.0,0.3,11:12,0.0,00:01,0.0,7.1,0.3
1782791679.049,0.0,0.0,0.0,0.3,11:12,0.0,00:01,0.0,7.1,0.3
1782791684.058,0.0,0.0,0.0,0.3,11:12,0.0,00:01,0.0,7.1,0.3
1782791689.067,0.0,0.0,0.0,0.3,11:12,0.0,00:01,0.0,7.1,0.3
1782791694.075,0.0,0.0,0.0,0.3,11:12,0.0,00:01,0.0,7.1,0.3
1782791699.085,0.0,0.0,0.0,0.3,11:12,0.0,00:01,0.0,7.1,0.3
1782791704.096,0.0,0.0,0.0,0.3,11:12,0.0,00:01,0.0,7.1,0.3
1782791709.103,0.0,0.0,0.0,0.3,11:12,0.0,00:01,0.0,7.1,0.3
1782791714.11,0.0,0.0,0.0,0.3,11:12,0.0,00:01,0.0,7.1,0.3
1782791719.116,0.0,0.0,0.0,0.3,11:12,0.0,00:01,0.0,7.1,0.3
1782791724.127,0.0,0.0,0.0,0.3,11:12,0.0,00:01,0.0,7.1,0.3
1782791729.135,0.0,0.0,0.0,0.3,11:12,0.0,00:01,0.0,7.1,0.3
1782791734.144,0.0,0.0,0.0,0.3,11:12,0.0,00:01,0.0,7.1,0.3
1782791739.149,0.0,0.0,0.0,0.3,11:12,0.0,00:01,0.0,7.1,0.3
1782791744.159,0.0,0.0,0.0,0.3,11:12,0.0,00:01,0.0,7.1,0.3
1782791749.168,0.0,0.0,0.0,0.3,11:12,0.0,00:01,0.0,7.1,0.3
1782791754.178,0.0,0.0,0.0,0.3,11:12,0.0,00:01,0.0,7.1,0.3
1782791759.184,0.0,0.0,0.0,0.3,11:12,0.0,00:01,0.0,7.1,0.3
1782791764.192,0.0,0.0,0.0,0.3,11:12,0.0,00:01,0.0,7.1,0.3
1782791769.202,0.0,0.0,0.0,0.3,11:12,0.0,00:01,0.0,7.1,0.3
1782791774.209,0.0,0.0,0.0,0.3,11:12,0.0,00:01,0.0,7.1,0.3
1782791779.215,0.0,0.0,0.0,0.3,11:12,0.0,00:01,0.0,7.1,0.3
1782791784.223,0.0,0.0,0.0,0.3,11:12,0.0,00:01,0.0,7.1,0.3
1782791789.232,0.0,0.0,0.0,0.3,11:12,0.0,00:01,0.0,7.1,0.3
1782791794.243,0.0,0.0,0.0,0.3,11:12,0.0,00:01,0.0,7.1,0.3
1782791799.248,0.0,0.0,0.0,0.3,11:12,0.0,00:01,0.0,7.1,0.3
1782791804.258,0.0,0.0,0.0,0.3,11:12,0.0,00:01,0.0,7.1,0.3
1782791809.264,0.0,0.0,0.0,0.3,11:12,0.0,00:01,0.0,7.1,0.3
1782791814.281,0.0,0.0,0.0,0.3,11:12,0.0,00:01,0.0,7.1,0.3
1782791819.294,0.0,0.0,0.0,0.3,11:12,0.0,00:01,0.0,7.1,0.3
1782791824.305,0.0,0.0,0.0,0.3,11:12,0.0,00:01,0.0,7.1,0.3
1782791829.312,0.0,0.0,0.0,0.3,11:12,0.0,00:01,0.0,7.1,0.3
1782791834.324,0.0,0.0,0.0,0.3,11:12,0.0,00:01,0.0,7.1,0.3
1782791839.339,0.0,0.0,0.0,0.3,11:12,0.0,00:01,0.0,7.1,0.3
1782791844.349,0.0,0.0,0.0,0.3,11:12,0.0,00:01,0.0,7.1,0.3
1782791849.357,0.0,0.0,0.0,0.3,11:12,0.0,00:01,0.0,7.1,0.3
1782791854.363,0.0,0.0,0.0,0.3,11:12,0.0,00:01,0.0,7.1,0.3
1782791859.373,0.0,0.0,0.0,0.3,11:12,0.0,00:01,0.0,7.1,0.3
1782791864.384,0.0,0.0,0.0,0.3,11:12,0.0,00:01,0.0,7.1,0.3
1782791869.395,0.0,0.0,0.0,0.3,11:12,0.0,00:01,0.0,7.1,0.3
1782791874.41,0.0,0.0,0.0,0.3,11:12,0.0,00:01,0.0,7.1,0.3
1782791879.416,0.0,0.0,0.0,0.3,11:12,0.0,00:01,0.0,7.1,0.3
1782791884.429,0.0,0.0,0.0,0.3,11:12,0.0,00:01,0.0,7.1,0.3
1782791889.437,0.0,0.0,0.0,0.3,11:12,0.0,00:01,0.0,7.1,0.3
1782791894.45,0.0,0.0,0.0,0.3,11:12,0.0,00:01,0.0,7.1,0.3
1782791899.457,0.0,0.0,0.0,0.3,11:12,0.0,00:01,0.0,7.1,0.3
1782791904.469,0.0,0.0,0.0,0.3,11:12,0.0,00:01,0.0,7.1,0.3
1782791909.486,0.0,0.0,0.0,0.3,11:12,0.0,00:01,0.0,7.1,0.3
1782791914.496,0.0,0.0,0.0,0.3,11:12,0.0,00:01,0.0,7.1,0.3
1782791919.508,0.0,0.0,0.0,0.3,11:12,0.0,00:01,0.0,7.1,0.3
1782791924.515,0.0,0.0,0.0,0.3,11:12,0.0,00:01,0.0,7.1,0.3
1782791929.531,0.0,0.0,0.0,0.3,11:12,0.0,00:01,0.0,7.1,0.3
1782791934.543,0.0,0.0,0.0,0.3,11:12,0.0,00:01,0.0,7.1,0.3
1782791939.555,0.0,0.0,0.0,0.3,11:12,0.0,00:01,0.0,7.1,0.3
1782791944.57,0.0,0.0,0.0,0.3,11:12,0.0,00:01,0.0,7.1,0.3
1782791949.576,0.0,0.0,0.0,0.3,11:12,0.0,00:01,0.0,7.1,0.3
1782791954.592,0.0,0.0,0.0,0.3,11:12,0.0,00:01,0.0,7.1,0.3
1782791959.605,0.0,0.0,0.0,0.3,11:12,0.0,00:01,0.0,7.1,0.3
1782791964.618,0.0,0.0,0.0,0.3,11:12,0.0,00:01,0.0,7.1,0.3
1782791969.63,0.0,0.0,0.0,0.3,11:12,0.0,00:01,0.0,7.1,0.3
1782791974.637,0.0,0.0,0.0,0.3,11:12,0.0,00:01,0.0,7.1,0.3
1782791979.651,0.0,0.0,0.0,0.3,11:12,0.0,00:01,0.0,7.1,0.3
1782791984.664,0.0,0.0,0.0,0.3,11:12,0.0,00:01,0.0,7.1,0.3
1782791989.676,0.0,0.0,0.0,0.3,11:12,0.0,00:01,0.0,7.1,0.3
1782791994.684,0.0,0.0,0.0,0.3,11:12,0.0,00:01,0.0,7.1,0.3
1782791999.702,0.0,0.0,0.0,0.3,11:12,0.0,00:01,0.0,7.1,0.3
1782792004.713,0.0,0.0,0.0,0.0,00:01,0.0,00:01,0.0,7.1,0.3
1782792009.724,0.0,0.0,0.0,0.0,00:01,0.0,00:01,0.0,7.1,0.3
1782792014.733,0.0,0.0,0.0,0.0,00:01,0.0,00:01,0.0,7.1,0.3
1782792019.74,0.0,0.0,0.0,0.0,00:01,0.0,00:01,0.0,7.1,0.3
1782792024.756,0.0,0.0,0.0,0.0,00:01,0.0,00:01,0.0,7.1,0.3
1782792029.769,0.0,0.0,0.0,0.0,00:01,0.0,00:01,0.0,7.1,0.3
1782792034.782,0.0,0.0,0.0,0.0,00:01,0.0,00:01,0.0,7.1,0.3
1782792039.793,0.0,0.0,0.0,0.0,00:01,0.0,00:01,0.0,7.1,0.3
1782792044.801,0.0,0.0,0.0,0.0,00:01,0.0,00:01,0.0,7.1,0.3
1782792049.813,0.0,0.0,0.0,0.0,00:01,0.0,00:01,0.0,7.1,0.3
1782792054.826,0.0,0.0,0.0,0.0,00:01,0.0,00:01,0.0,7.1,0.3
1782792059.84,0.0,0.0,0.0,0.0,00:01,0.0,00:01,0.0,7.1,0.3
1782792064.853,0.0,0.0,0.0,0.0,00:01,0.0,00:01,0.0,7.1,0.3
1782792069.864,0.0,0.0,0.0,0.0,00:01,0.0,00:01,0.0,7.1,0.3
1782792074.876,0.0,0.0,0.0,0.0,00:01,0.0,00:01,0.0,7.1,0.3
1782792079.886,0.0,0.0,0.0,0.0,00:01,0.0,00:01,0.0,7.1,0.3
1782792084.901,0.0,0.0,0.0,0.0,00:01,0.0,00:01,0.0,7.1,0.3
1782792089.908,0.0,0.0,0.0,0.0,00:01,0.0,00:01,0.0,7.1,0.3
1782792094.92,0.0,0.0,0.0,0.0,00:01,0.0,00:01,0.0,7.1,0.3
1782792099.935,0.0,0.0,0.0,0.0,00:01,0.0,00:01,0.0,7.1,0.3
1782792104.944,0.0,0.0,0.0,0.0,00:01,0.0,00:01,0.0,7.1,0.3
1782792109.955,0.0,0.0,0.0,0.0,00:01,0.0,00:01,0.0,7.1,0.3
1782792114.966,0.0,0.0,0.0,0.0,00:01,0.0,00:01,0.0,7.1,0.3
1782792119.977,0.0,0.0,0.0,0.0,00:01,0.0,00:01,0.0,7.1,0.3
1782792124.987,0.0,0.0,0.0,0.0,00:01,0.0,00:01,0.0,7.1,0.3
1782792130.0,0.0,0.0,0.0,0.0,00:01,0.0,00:01,0.0,7.1,0.3
1782792135.008,0.0,0.0,0.0,0.0,00:01,0.0,00:01,0.0,7.1,0.3
1782792140.015,0.0,0.0,0.0,0.0,00:01,0.0,00:01,0.0,7.1,0.3
1782792145.023,0.0,0.0,0.0,0.0,00:01,0.0,00:01,0.0,7.1,0.3
1782792150.03,0.0,0.0,0.0,0.0,00:01,0.0,00:01,0.0,7.1,0.3
1782792155.039,0.0,0.0,0.0,0.0,00:01,0.0,00:01,0.0,7.1,0.3
1782792160.046,0.0,0.0,0.0,0.0,00:01,0.0,00:01,0.0,7.1,0.3
1782792165.056,0.0,0.0,0.0,0.0,00:01,0.0,00:01,0.0,7.1,0.3
1782792170.063,0.0,0.0,0.0,0.0,00:01,0.0,00:01,0.0,7.1,0.3
1782792175.072,0.0,0.0,0.0,0.0,00:01,0.0,00:01,0.0,7.1,0.3
1782792180.08,0.0,0.0,0.0,0.0,00:01,0.0,00:01,0.0,7.1,0.3
1782792185.086,0.0,0.0,0.0,0.0,00:01,0.0,00:01,0.0,7.1,0.3
1782792190.094,0.0,0.0,0.0,0.0,00:01,0.0,00:01,0.0,7.1,0.3
1782792195.102,0.0,0.0,0.0,0.0,00:01,0.0,00:01,0.0,7.1,0.3
1782792200.111,0.0,0.0,0.0,0.0,00:01,0.0,00:01,0.0,7.1,0.3
1782792205.12,0.0,0.0,0.0,0.0,00:01,0.0,00:01,0.0,7.1,0.3
1782792210.127,0.0,0.0,0.0,0.0,00:01,0.0,00:01,0.0,7.1,0.3
1782792215.136,0.0,0.0,0.0,0.0,00:01,0.0,00:01,0.0,7.1,0.3
1782792220.141,0.0,0.0,0.0,0.0,00:01,0.0,00:01,0.0,7.1,0.3
1782792225.147,0.0,0.0,0.0,0.0,00:01,0.0,00:01,0.0,7.1,0.3
1782792230.152,0.0,0.0,0.0,0.0,00:01,0.0,00:01,0.0,7.1,0.3
1782792235.162,0.0,0.0,0.0,0.0,00:01,0.0,00:01,0.0,7.1,0.3
1782792240.17,0.0,0.0,0.0,0.0,00:01,0.0,00:01,0.0,7.1,0.3
1782792245.179,0.0,0.0,0.0,0.0,00:01,0.0,00:01,0.0,7.1,0.3
1782792250.187,0.0,0.0,0.0,0.0,00:01,0.0,00:01,0.0,7.1,0.3
1782792255.195,0.0,0.0,0.0,0.0,00:01,0.0,00:01,0.0,7.1,0.3
1782792260.203,0.0,0.0,0.0,0.0,00:01,0.0,00:01,0.0,7.1,0.3
1782792265.212,0.0,0.0,0.0,0.0,00:01,0.0,00:01,0.0,7.1,0.3
1782792270.222,0.0,0.0,0.0,0.0,00:01,0.0,00:01,0.0,7.1,0.3
1782792275.232,0.0,0.0,0.0,0.0,00:01,0.0,00:01,0.0,7.1,0.3
1782792280.238,0.0,0.0,0.0,0.0,00:01,0.0,00:01,0.0,7.1,0.3
1782792285.247,0.0,0.0,0.0,0.0,00:01,0.0,00:01,0.0,7.1,0.3
1782792290.255,0.0,0.0,0.0,0.0,00:01,0.0,00:01,0.0,7.1,0.3
1782792295.264,0.0,0.0,0.0,0.0,00:01,0.0,00:01,0.0,7.1,0.3
1782792300.271,0.0,0.0,0.0,0.0,00:01,0.0,00:01,0.0,7.1,0.3
1782792305.283,0.0,0.0,0.0,0.0,00:01,0.0,00:01,0.0,7.1,0.3
1782792310.291,0.0,0.0,0.0,0.0,00:01,0.0,00:01,0.0,7.1,0.3
1782792315.299,0.0,0.0,0.0,0.0,00:01,0.0,00:01,0.0,7.1,0.3
1782792320.308,0.0,0.0,0.0,0.0,00:01,0.0,00:01,0.0,7.1,0.3
1782792325.317,0.0,0.0,0.0,0.0,00:01,0.0,00:01,0.0,7.1,0.3
1782792330.326,0.0,0.0,0.0,0.0,00:01,0.0,00:01,0.0,7.1,0.3
1782792335.334,0.0,0.0,0.0,0.0,00:01,0.0,00:01,0.0,7.1,0.3
1782792340.345,0.0,0.0,0.0,0.0,00:01,0.0,00:01,0.0,7.1,0.3
1782792345.351,0.0,0.0,0.0,0.0,00:01,0.0,00:01,0.0,7.1,0.3
1782792350.359,0.0,0.0,0.0,0.0,00:01,0.0,00:01,0.0,7.1,0.3
1782792355.368,0.0,0.0,0.0,0.0,00:01,0.0,00:01,0.0,7.1,0.3
1782792360.375,0.0,0.0,0.0,0.0,00:01,0.0,00:01,0.0,7.1,0.3
1782792365.383,0.0,0.0,0.0,0.0,00:01,0.0,00:01,0.0,7.1,0.3
1782792370.39,0.0,0.0,0.0,0.0,00:01,0.0,00:01,0.0,7.1,0.3
1782792375.398,0.0,0.0,0.0,0.0,00:01,0.0,00:01,0.0,7.1,0.3
1782792380.407,0.0,0.0,0.0,0.0,00:01,0.0,00:01,0.0,7.1,0.3
1782792385.415,0.0,0.0,0.0,0.0,00:01,0.0,00:01,0.0,7.1,0.3
1782792390.422,0.0,0.0,0.0,0.0,00:01,0.0,00:01,0.0,7.1,0.3
1782792395.43,0.0,0.0,0.0,0.0,00:01,0.0,00:01,0.0,7.1,0.3
1782792400.439,0.0,0.0,0.0,0.0,00:01,0.0,00:01,0.0,7.1,0.3
1782792405.447,0.0,0.0,0.0,0.0,00:01,0.0,00:01,0.0,7.1,0.3
1782792410.455,0.0,0.0,0.0,0.0,00:01,0.0,00:01,0.0,7.1,0.3
1782792415.468,0.0,0.0,0.0,0.0,00:01,0.0,00:01,0.0,7.1,0.3
1782792420.478,0.0,0.0,0.0,0.0,00:01,0.0,00:01,0.0,7.1,0.3
1782792425.489,0.0,0.0,0.0,0.0,00:01,0.0,00:01,0.0,7.1,0.3
1782792430.499,0.0,0.0,0.0,0.0,00:01,0.0,00:01,0.0,7.1,0.3
1782792435.512,0.0,0.0,0.0,0.0,00:01,0.0,00:01,0.0,7.1,0.3
1782792440.522,0.0,0.0,0.0,0.0,00:01,0.0,00:01,0.0,7.1,0.3
1782792445.535,0.0,0.0,0.0,0.0,00:01,0.0,00:01,0.0,7.1,0.3
1782792450.545,0.0,0.0,0.0,0.0,00:01,0.0,00:01,0.0,7.1,0.3
1782792455.557,0.0,0.0,0.0,0.0,00:01,0.0,00:01,0.0,7.1,0.3
1782792460.566,0.0,0.0,0.0,0.0,00:01,0.0,00:01,0.0,7.1,0.3
1782792465.573,0.0,0.0,0.0,0.0,00:01,0.0,00:01,0.0,7.1,0.3
1782792470.581,0.0,0.0,0.0,0.0,00:01,0.0,00:01,0.0,7.1,0.3
1782792475.589,0.0,0.0,0.0,0.0,00:01,0.0,00:01,0.0,7.1,0.3
1782792480.6,0.0,0.0,0.0,0.0,00:01,0.0,00:01,0.0,7.1,0.3
1782792485.612,0.0,0.0,0.0,0.0,00:01,0.0,00:01,0.0,7.1,0.3
1782792490.618,0.0,0.0,0.0,0.0,00:01,0.0,00:01,0.0,7.1,0.3
1782792495.627,0.0,0.0,0.0,0.0,00:01,0.0,00:01,0.0,7.1,0.3
1782792500.634,0.0,0.0,0.0,0.0,00:01,0.0,00:01,0.0,7.1,0.3
1782792505.644,0.0,0.0,0.0,0.0,00:01,0.0,00:01,0.0,7.1,0.3
1782792510.651,0.0,0.0,0.0,0.0,00:01,0.0,00:01,0.0,7.1,0.3
1782792515.66,0.0,0.0,0.0,0.0,00:01,0.0,00:01,0.0,7.1,0.3
1782792520.67,0.0,0.0,0.0,0.0,00:01,0.0,00:01,0.0,7.1,0.3
1782792525.68,0.0,0.0,0.0,0.0,00:01,0.0,00:01,0.0,7.1,0.3
1782792530.689,0.0,0.0,0.0,0.0,00:01,0.0,00:01,0.0,7.1,0.3
1782792535.697,0.0,0.0,0.0,0.0,00:01,0.0,00:01,0.0,7.1,0.3
1782792540.703,0.0,0.0,0.0,0.0,00:01,0.0,00:01,0.0,7.1,0.3
1782792545.709,0.0,0.0,0.0,0.0,00:01,0.0,00:01,0.0,7.1,0.3
1782792550.72,0.0,0.0,0.0,0.0,00:01,0.0,00:01,0.0,7.1,0.3
1782792555.73,0.0,0.0,0.0,0.0,00:01,0.0,00:01,0.0,7.1,0.3
1782792560.733,0.0,0.0,0.0,0.0,00:01,0.0,00:01,0.0,7.1,0.3
1782792565.744,0.0,0.0,0.0,0.0,00:01,0.0,00:01,0.0,7.1,0.3
1782792570.751,0.0,0.0,0.0,0.0,00:01,0.0,00:01,0.0,7.1,0.3
1782792575.759,0.0,0.0,0.0,0.0,00:01,0.0,00:01,0.0,7.1,0.3
1782792580.767,0.0,0.0,0.0,0.0,00:01,0.0,00:01,0.0,7.1,0.3
1782792585.776,0.0,0.0,0.0,0.0,00:01,0.0,00:01,0.0,7.1,0.3
1782792590.784,0.0,0.0,0.0,0.0,00:01,0.0,00:01,0.0,7.1,0.3
1782792595.794,0.0,0.0,0.0,0.0,00:01,0.0,00:01,0.0,7.1,0.3
1782792600.802,0.0,0.0,0.0,0.0,00:01,0.0,00:01,0.0,7.1,0.3
1782792605.808,0.0,0.0,0.0,0.0,00:01,0.0,00:01,0.0,7.1,0.3
1782792610.818,0.0,0.0,0.0,0.0,00:01,0.0,00:01,0.0,7.1,0.3
1782792615.826,0.0,0.0,0.0,0.0,00:01,0.0,00:01,0.0,7.1,0.3
1782792620.831,0.0,0.0,0.0,0.0,00:01,0.0,00:01,0.0,7.1,0.3
1782792625.84,0.0,0.0,0.0,0.0,00:01,0.0,00:01,0.0,7.1,0.3
1782792630.845,0.0,0.0,0.0,0.0,00:01,0.0,00:01,0.0,7.1,0.3
1782792635.852,0.0,0.0,0.0,0.0,00:01,0.0,00:01,0.0,7.1,0.3
1782792640.861,0.0,0.0,0.0,0.0,00:01,0.0,00:01,0.0,7.1,0.3
1782792645.871,0.0,0.0,0.0,0.0,00:01,0.0,00:01,0.0,7.1,0.3
1782792650.876,0.0,0.0,0.0,0.0,00:01,0.0,00:01,0.0,7.1,0.3
1782792655.886,0.0,0.0,0.0,0.0,00:01,0.0,00:01,0.0,7.1,0.3
1782792660.892,0.0,0.0,0.0,0.0,00:01,0.0,00:01,0.0,7.1,0.3
1782792665.901,0.0,0.0,0.0,0.0,00:01,0.0,00:01,0.0,7.1,0.3
1782792670.909,0.0,0.0,0.0,0.0,00:01,0.0,00:01,0.0,7.1,0.3
1782792675.913,0.0,0.0,0.0,0.0,00:01,0.0,00:01,0.0,7.1,0.3
1782792680.924,0.0,0.0,0.0,0.0,00:01,0.0,00:01,0.0,7.1,0.3
1782792685.931,0.0,0.0,0.0,0.0,00:01,0.0,00:01,0.0,7.1,0.3
1782792690.939,0.0,0.0,0.0,0.0,00:01,0.0,00:01,0.0,7.1,0.3
1782792695.949,0.0,0.0,0.0,0.0,00:01,0.0,00:01,0.0,7.1,0.3
1782792700.955,0.0,0.0,0.0,0.0,00:01,0.0,00:01,0.0,7.1,0.3
1782792705.963,0.0,0.0,0.0,0.0,00:01,0.0,00:01,0.0,7.1,0.3
1782792710.971,0.0,0.0,0.0,0.0,00:01,0.0,00:01,0.0,7.1,0.3
1782792715.98,0.0,0.0,0.0,0.0,00:01,0.0,00:01,0.0,7.1,0.3
1782792720.987,0.0,0.0,0.0,0.0,00:01,0.0,00:01,0.0,7.1,0.3
1782792725.995,0.0,0.0,0.0,0.0,00:01,0.0,00:01,0.0,7.1,0.3
1782792731.004,0.0,0.0,0.0,0.0,00:01,0.0,00:01,0.0,7.1,0.3
1782792736.014,0.0,0.0,0.0,0.0,00:01,0.0,00:01,0.0,7.1,0.3
1782792741.019,0.0,0.0,0.0,0.0,00:01,0.0,00:01,0.0,7.1,0.3
1782792746.029,0.0,0.0,0.0,0.0,00:01,0.0,00:01,0.0,7.1,0.3
1782792751.039,0.0,0.0,0.0,0.0,00:01,0.0,00:01,0.0,7.1,0.3
1782792756.048,0.0,0.0,0.0,0.0,00:01,0.0,00:01,0.0,7.1,0.3
1782792761.057,0.0,0.0,0.0,0.0,00:01,0.0,00:01,0.0,7.1,0.3
1782792766.067,0.0,0.0,0.0,0.0,00:01,0.0,00:01,0.0,7.1,0.3
1782792771.073,0.0,0.0,0.0,0.0,00:01,0.0,00:01,0.0,7.1,0.3
1782792776.081,0.0,0.0,0.0,0.0,00:01,0.0,00:01,0.0,7.1,0.3
1782792781.092,0.0,0.0,0.0,0.0,00:01,0.0,00:01,0.0,7.1,0.3
1782792786.102,0.0,0.0,0.0,0.0,00:01,0.0,00:01,0.0,7.1,0.3
1782792791.108,0.0,0.0,0.0,0.0,00:01,0.0,00:01,0.0,7.1,0.3
1782792796.116,0.0,0.0,0.0,0.0,00:01,0.0,00:01,0.0,7.1,0.3
1782792801.126,0.0,0.0,0.0,0.0,00:01,0.0,00:01,0.0,7.1,0.3
1782792806.134,0.0,0.0,0.0,0.0,00:01,0.0,00:01,0.0,7.1,0.3
1782792811.141,0.0,0.0,0.0,0.0,00:01,0.0,00:01,0.0,7.1,0.3
1782792816.149,0.0,0.0,0.0,0.0,00:01,0.0,00:01,0.0,7.1,0.3
1782792821.159,0.0,0.0,0.0,0.0,00:01,0.0,00:01,0.0,7.1,0.3
1782792826.166,0.0,0.0,0.0,0.0,00:01,0.0,00:01,0.0,7.1,0.3
1782792831.173,0.0,0.0,0.0,0.0,00:01,0.0,00:01,0.0,7.1,0.3
1782792836.18,0.0,0.0,0.0,0.0,00:01,0.0,00:01,0.0,7.1,0.3
1782792841.188,0.0,0.0,0.0,0.0,00:01,0.0,00:01,0.0,7.1,0.3
1782792846.194,0.0,0.0,0.0,0.0,00:01,0.0,00:01,0.0,7.1,0.3
1782792851.204,0.0,0.0,0.0,0.0,00:01,0.0,00:01,0.0,7.1,0.3
1782792856.213,0.0,0.0,0.0,0.0,00:01,0.0,00:01,0.0,7.1,0.3
1782792861.22,0.0,0.0,0.0,0.0,00:01,0.0,00:01,0.0,7.1,0.3
1782792866.231,0.0,0.0,0.0,0.0,00:01,0.0,00:01,0.0,7.1,0.3
1782792871.24,0.0,0.0,0.0,0.0,00:01,0.0,00:01,0.0,7.1,0.3
1782792876.253,0.0,0.0,0.0,0.0,00:01,0.0,00:01,0.0,7.1,0.3
1782792881.264,0.0,0.0,0.0,0.0,00:01,0.0,00:01,0.0,7.1,0.3
1782792886.269,0.0,0.0,0.0,0.0,00:01,0.0,00:01,0.0,7.1,0.3
1782792891.28,0.0,0.0,0.0,0.0,00:01,0.0,00:01,0.0,7.1,0.3
1782792896.291,0.0,0.0,0.0,0.0,00:01,0.0,00:01,0.0,7.1,0.3
1782792901.298,0.0,0.0,0.0,0.0,00:01,0.0,00:01,0.0,7.1,0.3
1782792906.304,0.0,0.0,0.0,0.0,00:01,0.0,00:01,0.0,7.1,0.3
1782792911.312,0.0,0.0,0.0,0.0,00:01,0.0,00:01,0.0,7.1,0.3
1782792916.323,0.0,0.0,0.0,0.0,00:01,0.0,00:01,0.0,7.1,0.3
1782792921.331,0.0,0.0,0.0,0.0,00:01,0.0,00:01,0.0,7.1,0.3
1782792926.34,0.0,0.0,0.0,0.0,00:01,0.0,00:01,0.0,7.1,0.3
1782792931.345,0.0,0.0,0.0,0.0,00:01,0.0,00:01,0.0,7.1,0.3
1782792936.358,0.0,0.0,0.0,0.0,00:01,0.0,00:01,0.0,7.1,0.3
1782792941.366,0.0,0.0,0.0,0.0,00:01,0.0,00:01,0.0,7.1,0.3
1782792946.375,0.0,0.0,0.0,0.0,00:01,0.0,00:01,0.0,7.1,0.3
1782792951.391,0.0,0.0,0.0,0.0,00:01,0.0,00:01,0.0,7.1,0.3
1782792956.398,0.0,0.0,0.0,0.0,00:01,0.0,00:01,0.0,7.1,0.3
1782792961.411,0.0,0.0,0.0,0.0,00:01,0.0,00:01,0.0,7.1,0.3
1782792966.425,0.0,0.0,0.0,0.0,00:01,0.0,00:01,0.0,7.1,0.3
1782792971.438,0.0,0.0,0.0,0.0,00:01,0.0,00:01,0.0,7.1,0.3
1782792976.447,0.0,0.0,0.0,0.0,00:01,0.0,00:01,0.0,7.1,0.3
1782792981.456,0.0,0.0,0.0,0.0,00:01,0.0,00:01,0.0,7.1,0.3
1782792986.464,0.0,0.0,0.0,0.0,00:01,0.0,00:01,0.0,7.1,0.3
1782792991.474,0.0,0.0,0.0,0.0,00:01,0.0,00:01,0.0,7.1,0.3
1782792996.488,0.0,0.0,0.0,0.0,00:01,0.0,00:01,0.0,7.1,0.3
1782793001.492,0.0,0.0,0.0,0.0,00:01,0.0,00:01,0.0,7.1,0.3
1782793006.501,0.0,0.0,0.0,0.0,00:01,0.0,00:01,0.0,7.1,0.3
1782793011.51,0.0,0.0,0.0,0.0,00:01,0.0,00:01,0.0,7.1,0.3
1782793016.518,0.0,0.0,0.0,0.0,00:01,0.0,00:01,0.0,7.1,0.3
1782793021.527,0.0,0.0,0.0,0.0,00:01,0.0,00:01,0.0,7.1,0.3
1782793026.533,0.0,0.0,0.0,0.0,00:01,0.0,00:01,0.0,7.1,0.3
1782793031.538,0.0,0.0,0.0,0.0,00:01,0.0,00:01,0.0,7.1,0.3
1782793036.549,0.0,0.0,0.0,0.0,00:01,0.0,00:01,0.0,7.1,0.3
1782793041.558,0.0,0.0,0.0,0.0,00:01,0.0,00:01,0.0,7.1,0.3
1782793046.565,0.0,0.0,0.0,0.0,00:01,0.0,00:01,0.0,7.1,0.3
1782793051.573,0.0,0.0,0.0,0.0,00:01,0.0,00:01,0.0,7.1,0.3
1782793056.583,0.0,0.0,0.0,0.0,00:01,0.0,00:01,0.0,7.1,0.3
1782793061.593,0.0,0.0,0.0,0.0,00:01,0.0,00:01,0.0,7.1,0.3
1782793066.602,0.0,0.0,0.0,0.0,00:01,0.0,00:01,0.0,7.1,0.3
1782793071.609,0.0,0.0,0.0,0.0,00:01,0.0,00:01,0.0,7.1,0.3
1782793076.621,0.0,0.0,0.0,0.0,00:01,0.0,00:01,0.0,7.1,0.3
1782793081.632,0.0,0.0,0.0,0.0,00:01,0.0,00:01,0.0,7.1,0.3
1782793086.636,0.0,0.0,0.0,0.0,00:01,0.0,00:01,0.0,7.1,0.3
1782793091.651,0.0,0.0,0.0,0.0,00:01,0.0,00:01,0.0,7.1,0.3
1782793096.657,0.0,0.0,0.0,0.0,00:01,0.0,00:01,0.0,7.1,0.3
1782793101.665,0.0,0.0,0.0,0.0,00:01,0.0,00:01,0.0,7.1,0.3
1782793106.676,0.0,0.0,0.0,0.0,00:01,0.0,00:01,0.0,7.1,0.3
1782793111.683,0.0,0.0,0.0,0.0,00:01,0.0,00:01,0.0,7.1,0.3
1782793116.692,0.0,0.0,0.0,0.0,00:01,0.0,00:01,0.0,7.1,0.3
1782793121.704,0.0,0.0,0.0,0.0,00:01,0.0,00:01,0.0,7.1,0.3
1782793126.712,0.0,0.0,0.0,0.0,00:01,0.0,00:01,0.0,7.1,0.3
1782793131.72,0.0,0.0,0.0,0.0,00:01,0.0,00:01,0.0,7.1,0.3
1782793136.73,0.0,0.0,0.0,0.0,00:01,0.0,00:01,0.0,7.1,0.3
1782793141.736,0.0,0.0,0.0,0.0,00:01,0.0,00:01,0.0,7.1,0.3
1782793146.748,0.0,0.0,0.0,0.0,00:01,0.0,00:01,0.0,7.1,0.3
1782793151.757,0.0,0.0,0.0,0.0,00:01,0.0,00:01,0.0,7.1,0.3
1782793156.764,0.0,0.0,0.0,0.0,00:01,0.0,00:01,0.0,7.1,0.3
1782793161.771,0.0,0.0,0.0,0.0,00:01,0.0,00:01,0.0,7.1,0.3
1782793166.776,0.0,0.0,0.0,0.0,00:01,0.0,00:01,0.0,7.1,0.3
1782793171.789,0.0,0.0,0.0,0.0,00:01,0.0,00:01,0.0,7.1,0.3
1782793176.802,0.0,0.0,0.0,0.0,00:01,0.0,00:01,0.0,7.1,0.3
1782793181.811,0.0,0.0,0.0,0.0,00:01,0.0,00:01,0.0,7.1,0.3
1782793186.821,0.0,0.0,0.0,0.0,00:01,0.0,00:01,0.0,7.1,0.3
1782793191.835,0.0,0.0,0.0,0.0,00:01,0.0,00:01,0.0,7.1,0.3
1782793196.846,0.0,0.0,0.0,0.0,00:01,0.0,00:01,0.0,7.1,0.3
1782793201.857,0.0,0.0,0.0,0.0,00:01,0.0,00:01,0.0,7.1,0.3
1782793206.868,0.0,0.0,0.0,0.0,00:01,0.0,00:01,0.0,7.1,0.3
1782793211.871,0.0,0.0,0.0,0.0,00:01,0.0,00:01,0.0,7.1,0.3
1782793216.88,0.0,0.0,0.0,0.0,00:01,0.0,00:01,0.0,7.1,0.3
1782793221.89,0.0,0.0,0.0,0.0,00:01,0.0,00:01,0.0,7.1,0.3
1782793226.898,0.0,0.0,0.0,0.0,00:01,0.0,00:01,0.0,7.1,0.3
1782793231.909,0.0,0.0,0.0,0.0,00:01,0.0,00:01,0.0,7.1,0.3
1782793236.912,0.0,0.0,0.0,0.0,00:01,0.0,00:01,0.0,7.1,0.3
1782793241.92,0.0,0.0,0.0,0.0,00:01,0.0,00:01,0.0,7.1,0.3
1782793246.93,0.0,0.0,0.0,0.0,00:01,0.0,00:01,0.0,7.1,0.3
1782793251.939,0.0,0.0,0.0,0.0,00:01,0.0,00:01,0.0,7.1,0.3
1782793256.947,0.0,0.0,0.0,0.0,00:01,0.0,00:01,0.0,7.1,0.3
1782793261.953,0.0,0.0,0.0,0.0,00:01,0.0,00:01,0.0,7.1,0.3
1782793266.96,0.0,0.0,0.0,0.0,00:01,0.0,00:01,0.0,7.1,0.3
1782793271.971,0.0,0.0,0.0,0.0,00:01,0.0,00:01,0.0,7.1,0.3
1782793276.979,0.0,0.0,0.0,0.0,00:01,0.0,00:01,0.0,7.1,0.3
1782793281.984,0.0,0.0,0.0,0.0,00:01,0.0,00:01,0.0,7.1,0.3
1782793286.991,0.0,0.0,0.0,0.0,00:01,0.0,00:01,0.0,7.1,0.3
1782793292.002,0.0,0.0,0.0,0.0,00:01,0.0,00:01,0.0,7.1,0.3
1782793297.012,0.0,0.0,0.0,0.0,00:01,0.0,00:01,0.0,7.1,0.3
1782793302.02,0.0,0.0,0.0,0.0,00:01,0.0,00:01,0.0,7.1,0.3
1782793307.027,0.0,0.0,0.0,0.0,00:01,0.0,00:01,0.0,7.1,0.3
1782793312.036,0.0,0.0,0.0,0.0,00:01,0.0,00:01,0.0,7.1,0.3
1782793317.047,0.0,0.0,0.0,0.0,00:01,0.0,00:01,0.0,7.1,0.3
1782793322.053,0.0,0.0,0.0,0.0,00:01,0.0,00:01,0.0,7.1,0.3
1782793327.063,0.0,0.0,0.0,0.0,00:01,0.0,00:01,0.0,7.1,0.3
1782793332.069,0.0,0.0,0.0,0.0,00:01,0.0,00:01,0.0,7.1,0.3
1782793337.076,0.0,0.0,0.0,0.0,00:01,0.0,00:01,0.0,7.1,0.3
1782793342.084,0.0,0.0,0.0,0.0,00:01,0.0,00:01,0.0,7.1,0.3
1782793347.096,0.0,0.0,0.0,0.0,00:01,0.0,00:01,0.0,7.1,0.3
1782793352.1,0.0,0.0,0.0,0.0,00:01,0.0,00:01,0.0,7.1,0.3
1782793357.109,0.0,0.0,0.0,0.0,00:01,0.0,00:01,0.0,7.1,0.3
1782793362.119,0.0,0.0,0.0,0.0,00:01,0.0,00:01,0.0,7.1,0.3
1782793367.131,0.0,0.0,0.0,0.0,00:01,0.0,00:01,0.0,7.1,0.3
1782793372.145,0.0,0.0,0.0,0.0,00:01,0.0,00:01,0.0,7.1,0.3
1782793377.153,0.0,0.0,0.0,0.0,00:01,0.0,00:01,0.0,7.1,0.3
1782793382.165,0.0,0.0,0.0,0.0,00:01,0.0,00:01,0.0,7.1,0.3
1782793387.177,0.0,0.0,0.0,0.0,00:01,0.0,00:01,0.0,7.1,0.3
1782793392.192,0.0,0.0,0.0,0.0,00:01,0.0,00:01,0.0,7.1,0.3
1782793397.206,0.0,0.0,0.0,0.0,00:01,0.0,00:01,0.0,7.1,0.3
1782793402.216,0.0,0.0,0.0,0.0,00:01,0.0,00:01,0.0,7.1,0.3
1782793407.226,0.0,0.0,0.0,0.0,00:01,0.0,00:01,0.0,7.1,0.3
1782793412.236,0.0,0.0,0.0,0.0,00:01,0.0,00:01,0.0,7.1,0.3
1782793417.252,0.0,0.0,0.0,0.0,00:01,0.0,00:01,0.0,7.1,0.3
1782793422.255,0.0,0.0,0.0,0.0,00:01,0.0,00:01,0.0,7.1,0.3
1782793427.264,0.0,0.0,0.0,0.0,00:01,0.0,00:01,0.0,7.1,0.3
1782793432.274,0.0,0.0,0.0,0.0,00:01,0.0,00:01,0.0,7.1,0.3
1782793437.283,0.0,0.0,0.0,0.0,00:01,0.0,00:01,0.0,7.1,0.3
1782793442.296,0.0,0.0,0.0,0.0,00:01,0.0,00:01,0.0,7.1,0.3
1782793447.306,0.0,0.0,0.0,0.0,00:01,0.0,00:01,0.0,7.1,0.3
1782793452.318,0.0,0.0,0.0,0.0,00:01,0.0,00:01,0.0,7.1,0.3
1782793457.33,0.0,0.0,0.0,0.0,00:01,0.0,00:01,0.0,7.1,0.3
1782793462.343,0.0,0.0,0.0,0.0,00:01,0.0,00:01,0.0,7.1,0.3
1782793467.357,0.0,0.0,0.0,0.0,00:01,0.0,00:01,0.0,7.1,0.3
1782793472.364,0.0,0.0,0.0,0.0,00:01,0.0,00:01,0.0,7.1,0.3
1782793477.376,0.0,0.0,0.0,0.0,00:01,0.0,00:01,0.0,7.1,0.3
1782793482.384,0.0,0.0,0.0,0.0,00:01,0.0,00:01,0.0,7.1,0.3
1782793487.401,0.0,0.0,0.0,0.0,00:01,0.0,00:01,0.0,7.1,0.3
1782793492.409,0.0,0.0,0.0,0.0,00:01,0.0,00:01,0.0,7.1,0.3
1782793497.421,0.0,0.0,0.0,0.0,00:01,0.0,00:01,0.0,7.1,0.3
1782793502.434,0.0,0.0,0.0,0.0,00:01,0.0,00:01,0.0,7.1,0.3
1782793507.443,0.0,0.0,0.0,0.0,00:01,0.0,00:01,0.0,7.1,0.3
1782793512.453,0.0,0.0,0.0,0.0,00:01,0.0,00:01,0.0,7.1,0.3
1782793517.459,0.0,0.0,0.0,0.0,00:01,0.0,00:01,0.0,7.1,0.3
1782793522.468,0.0,0.0,0.0,0.0,00:01,0.0,00:01,0.0,7.1,0.3
1782793527.479,0.0,0.0,0.0,0.0,00:01,0.0,00:01,0.0,7.1,0.3
1782793532.49,0.0,0.0,0.0,0.0,00:01,0.0,00:01,0.0,7.1,0.3
1782793537.505,0.0,0.0,0.0,0.0,00:01,0.0,00:01,0.0,7.1,0.3
1782793542.51,0.0,0.0,0.0,0.0,00:01,0.0,00:01,0.0,7.1,0.3
1782793547.525,0.0,0.0,0.0,0.0,00:01,0.0,00:01,0.0,7.1,0.3
1782793552.534,0.0,0.0,0.0,0.0,00:01,0.0,00:01,0.0,7.1,0.3
1782793557.549,0.0,0.0,0.0,0.0,00:01,0.0,00:01,0.0,7.1,0.3
1782793562.56,0.0,0.0,0.0,0.0,00:01,0.0,00:01,0.0,7.1,0.3
1782793567.567,0.0,0.0,0.0,0.0,00:01,0.0,00:01,0.0,7.1,0.3
1782793572.579,0.0,0.0,0.0,0.0,00:01,0.0,00:01,0.0,7.1,0.3
1782793577.592,0.0,0.0,0.0,0.0,00:01,0.0,00:01,0.0,7.1,0.3
1782793582.605,0.0,0.0,0.0,0.0,00:01,0.0,00:01,0.0,7.1,0.3
1782793587.612,0.0,0.0,0.0,0.0,00:01,0.0,00:01,0.0,7.1,0.3
1782793592.622,0.0,0.0,0.0,0.0,00:01,0.0,00:01,0.0,7.1,0.3
1782793597.634,0.0,0.0,0.0,0.0,00:01,0.0,00:01,0.0,7.1,0.3
1782793602.646,0.0,0.0,0.0,0.0,00:01,0.0,00:01,0.0,7.1,0.3
1782793607.655,0.0,0.0,0.0,0.0,00:01,0.0,00:01,0.0,7.1,0.3
1782793612.662,0.0,0.0,0.0,0.0,00:01,0.0,00:01,0.0,7.1,0.3
1782793617.676,0.0,0.0,0.0,0.0,00:01,0.0,00:01,0.0,7.1,0.3
1782793622.688,0.0,0.0,0.0,0.0,00:01,0.0,00:01,0.0,7.1,0.3
1782793627.702,0.0,0.0,0.0,0.0,00:01,0.0,00:01,0.0,7.1,0.3
1782793632.713,0.0,0.0,0.0,0.0,00:01,0.0,00:01,0.0,7.1,0.3
1782793637.717,0.0,0.0,0.0,0.0,00:01,0.0,00:01,0.0,7.1,0.3
1782793642.728,0.0,0.0,0.0,0.0,00:01,0.0,00:01,0.0,7.1,0.3
1782793647.739,0.0,0.0,0.0,0.0,00:01,0.0,00:01,0.0,7.1,0.3
1782793652.749,0.0,0.0,0.0,0.0,00:01,0.0,00:01,0.0,7.1,0.3
1782793657.756,0.0,0.0,0.0,0.0,00:01,0.0,00:01,0.0,7.1,0.3
1782793662.764,0.0,0.0,0.0,0.0,00:01,0.0,00:01,0.0,7.1,0.3
1782793667.778,0.0,0.0,0.0,0.0,00:01,0.0,00:01,0.0,7.1,0.3
1782793672.791,0.0,0.0,0.0,0.0,00:01,0.0,00:01,0.0,7.1,0.3
1782793677.805,0.0,0.0,0.0,0.0,00:01,0.0,00:01,0.0,7.1,0.3
1782793682.812,0.0,0.0,0.0,0.0,00:01,0.0,00:01,0.0,7.1,0.3
1782793687.826,0.0,0.0,0.0,0.0,00:01,0.0,00:01,0.0,7.1,0.3
1782793692.838,0.0,0.0,0.0,0.0,00:01,0.0,00:01,0.0,7.1,0.3
1782793697.848,0.0,0.0,0.0,0.0,00:01,0.0,00:01,0.0,7.1,0.3
1782793702.858,0.0,0.0,0.0,0.0,00:01,0.0,00:01,0.0,7.1,0.3
1782793707.864,0.0,0.0,0.0,0.0,00:01,0.0,00:01,0.0,7.1,0.3
1782793712.878,0.0,0.0,0.0,0.0,00:01,0.0,00:01,0.0,7.1,0.3
1782793717.89,0.0,0.0,0.0,0.0,00:01,0.0,00:01,0.0,7.1,0.3
1782793722.899,0.0,0.0,0.0,0.0,00:01,0.0,00:01,0.0,7.1,0.3
1782793727.909,0.0,0.0,0.0,0.0,00:01,0.0,00:01,0.0,7.1,0.3
1782793732.911,0.0,0.0,0.0,0.0,00:01,0.0,00:01,0.0,7.1,0.3
1782793737.919,0.0,0.0,0.0,0.0,00:01,0.0,00:01,0.0,7.1,0.3
1782793742.927,0.0,0.0,0.0,0.0,00:01,0.0,00:01,0.0,7.1,0.3
1782793747.939,0.0,0.0,0.0,0.0,00:01,0.0,00:01,0.0,7.1,0.3
1782793752.944,0.0,0.0,0.0,0.0,00:01,0.0,00:01,0.0,7.1,0.3
1782793757.954,0.0,0.0,0.0,0.0,00:01,0.0,00:01,0.0,7.1,0.3
1782793762.963,0.0,0.0,0.0,0.0,00:01,0.0,00:01,0.0,7.1,0.3
1782793767.968,0.0,0.0,0.0,0.0,00:01,0.0,00:01,0.0,7.1,0.3
1782793772.975,0.0,0.0,0.0,0.0,00:01,0.0,00:01,0.0,7.1,0.3
1782793777.982,0.0,0.0,0.0,0.0,00:01,0.0,00:01,0.0,7.1,0.3
1782793782.994,0.0,0.0,0.0,0.0,00:01,0.0,00:01,0.0,7.1,0.3
1782793788.007,0.0,0.0,0.0,0.0,00:01,0.0,00:01,0.0,7.1,0.3
1782793793.022,0.0,0.0,0.0,0.0,00:01,0.0,00:01,0.0,7.1,0.3
1782793798.034,0.0,0.0,0.0,0.0,00:01,0.0,00:01,0.0,7.1,0.3
1782793803.043,0.0,0.0,0.0,0.0,00:01,0.0,00:01,0.0,7.1,0.3
1782793808.056,0.0,0.0,0.0,0.0,00:01,0.0,00:01,0.0,7.1,0.3
1782793813.064,0.0,0.0,0.0,0.0,00:01,0.0,00:01,0.0,7.1,0.3
1782793818.079,0.0,0.0,0.0,0.0,00:01,0.0,00:01,0.0,7.1,0.3
1782793823.086,0.0,0.0,0.0,0.0,00:01,0.0,00:01,0.0,7.1,0.3
1782793828.099,0.0,0.0,0.0,0.0,00:01,0.0,00:01,0.0,7.1,0.3
1782793833.11,0.0,0.0,0.0,0.0,00:01,0.0,00:01,0.0,7.1,0.3
1782793838.122,0.0,0.0,0.0,0.0,00:01,0.0,00:01,0.0,7.1,0.3
1782793843.135,0.0,0.0,0.0,0.0,00:01,0.0,00:01,0.0,7.1,0.3
1782793848.143,0.0,0.0,0.0,0.0,00:01,0.0,00:01,0.0,7.1,0.3
1782793853.158,0.0,0.0,0.0,0.0,00:01,0.0,00:01,0.0,7.1,0.3
1782793858.171,0.0,0.0,0.0,0.0,00:01,0.0,00:01,0.0,7.1,0.3
1782793863.186,0.0,0.0,0.0,0.0,00:01,0.0,00:01,0.0,7.1,0.3
1782793868.199,0.0,0.0,0.0,0.0,00:01,0.0,00:01,0.0,7.1,0.3
1782793873.208,0.0,0.0,0.0,0.0,00:01,0.0,00:01,0.0,7.1,0.3
1782793878.218,0.0,0.0,0.0,0.0,00:01,0.0,00:01,0.0,7.1,0.3
1782793883.234,0.0,0.0,0.0,0.0,00:01,0.0,00:01,0.0,7.1,0.3
1782793888.248,0.0,0.0,0.0,0.0,00:01,0.0,00:01,0.0,7.1,0.3
1782793893.26,0.0,0.0,0.0,0.0,00:01,0.0,00:01,0.0,7.1,0.3
1782793898.263,0.0,0.0,0.0,0.0,00:01,0.0,00:01,0.0,7.1,0.3
1782793903.275,0.0,0.0,0.0,0.0,00:01,0.0,00:01,0.0,7.1,0.3
1782793908.287,0.0,0.0,0.0,0.0,00:01,0.0,00:01,0.0,7.1,0.3
1782793913.299,0.0,0.0,0.0,0.0,00:01,0.0,00:01,0.0,7.1,0.3
1782793918.304,0.0,0.0,0.0,0.0,00:01,0.0,00:01,0.0,7.1,0.3
1782793923.315,0.0,0.0,0.0,0.0,00:01,0.0,00:01,0.0,7.1,0.3
1782793928.327,0.0,0.0,0.0,0.0,00:01,0.0,00:01,0.0,7.1,0.3
1782793933.341,0.0,0.0,0.0,0.0,00:01,0.0,00:01,0.0,7.1,0.3
1782793938.35,0.0,0.0,0.0,0.0,00:01,0.0,00:01,0.0,7.1,0.3
1782793943.359,0.0,0.0,0.0,0.0,00:01,0.0,00:01,0.0,7.1,0.3
1782793948.368,0.0,0.0,0.0,0.0,00:01,0.0,00:01,0.0,7.1,0.3
1782793953.384,0.0,0.0,0.0,0.0,00:01,0.0,00:01,0.0,7.1,0.3
1782793958.397,0.0,0.0,0.0,0.0,00:01,0.0,00:01,0.0,7.1,0.3
1782793963.409,0.0,0.0,0.0,0.0,00:01,0.0,00:01,0.0,7.1,0.3
1782793968.412,0.0,0.0,0.0,0.0,00:01,0.0,00:01,0.0,7.1,0.3
1782793973.423,0.0,0.0,0.0,0.0,00:01,0.0,00:01,0.0,7.1,0.3
1782793978.438,0.0,0.0,0.0,0.0,00:01,0.0,00:01,0.0,7.1,0.3
1782793983.449,0.0,0.0,0.0,0.0,00:01,0.0,00:01,0.0,7.1,0.3
1782793988.457,0.0,0.0,0.0,0.0,00:01,0.0,00:01,0.0,7.1,0.3
1782793993.466,0.0,0.0,0.0,0.0,00:01,0.0,00:01,0.0,7.1,0.3
1782793998.476,0.0,0.0,0.0,0.0,00:01,0.0,00:01,0.0,7.1,0.3
1782794003.493,0.0,0.0,0.0,0.0,00:01,0.0,00:01,0.0,7.1,0.3
1782794008.505,0.0,0.0,0.0,0.0,00:01,0.0,00:01,0.0,7.1,0.3
1782794013.508,0.0,0.0,0.0,0.0,00:01,0.0,00:01,0.0,7.1,0.3
1782794018.518,0.0,0.0,0.0,0.0,00:01,0.0,00:01,0.0,7.1,0.3
1782794023.527,0.0,0.0,0.0,0.0,00:01,0.0,00:01,0.0,7.1,0.3
1782794028.535,0.0,0.0,0.0,0.0,00:01,0.0,00:01,0.0,7.1,0.3
1782794033.544,0.0,0.0,0.0,0.0,00:01,0.0,00:01,0.0,7.1,0.3
1782794038.548,0.0,0.0,0.0,0.0,00:01,0.0,00:01,0.0,7.1,0.3
1782794043.557,0.0,0.0,0.0,0.0,00:01,0.0,00:01,0.0,7.1,0.3
1782794048.567,0.0,0.0,0.0,0.0,00:01,0.0,00:01,0.0,7.1,0.3
1782794053.575,0.0,0.0,0.0,0.0,00:01,0.0,00:01,0.0,7.1,0.3
1782794058.585,0.0,0.0,0.0,0.0,00:01,0.0,00:01,0.0,7.1,0.3
1782794063.593,0.0,0.0,0.0,0.0,00:01,0.0,00:01,0.0,7.1,0.3
1782794068.602,0.0,0.0,0.0,0.0,00:01,0.0,00:01,0.0,7.1,0.3
1782794073.614,0.0,0.0,0.0,0.0,00:01,0.0,00:01,0.0,7.1,0.3
1782794078.622,0.0,0.0,0.0,0.0,00:01,0.0,00:01,0.0,7.1,0.3
1782794083.626,0.0,0.0,0.0,0.0,00:01,0.0,00:01,0.0,7.1,0.3
1782794088.633,0.0,0.0,0.0,0.0,00:01,0.0,00:01,0.0,7.1,0.3
1782794093.643,0.0,0.0,0.0,0.0,00:01,0.0,00:01,0.0,7.1,0.3
1782794098.652,0.0,0.0,0.0,0.0,00:01,0.0,00:01,0.0,7.1,0.3
1782794103.66,0.0,0.0,0.0,0.0,00:01,0.0,00:01,0.0,7.1,0.3
1782794108.666,0.0,0.0,0.0,0.0,00:01,0.0,00:01,0.0,7.1,0.3
1782794113.675,0.0,0.0,0.0,0.0,00:01,0.0,00:01,0.0,7.1,0.3
1782794118.687,0.0,0.0,0.0,0.0,00:01,0.0,00:01,0.0,7.1,0.3
1782794123.694,0.0,0.0,0.0,0.0,00:01,0.0,00:01,0.0,7.1,0.3
1782794128.699,0.0,0.0,0.0,0.0,00:01,0.0,00:01,0.0,7.1,0.3
1782794133.701,0.0,0.0,0.0,0.0,00:01,0.0,00:01,0.0,7.1,0.3
1782794138.71,0.0,0.0,0.0,0.0,00:01,0.0,00:01,0.0,7.1,0.3
1782794143.723,0.0,0.0,0.0,0.0,00:01,0.0,00:01,0.0,7.1,0.3
1782794148.733,0.0,0.0,0.0,0.0,00:01,0.0,00:01,0.0,7.1,0.3
1782794153.743,0.0,0.0,0.0,0.0,00:01,0.0,00:01,0.0,7.1,0.3
1782794158.754,0.0,0.0,0.0,0.0,00:01,0.0,00:01,0.0,7.1,0.3
1782794163.766,0.0,0.0,0.0,0.0,00:01,0.0,00:01,0.0,7.1,0.3
1782794168.778,0.0,0.0,0.0,0.0,00:01,0.0,00:01,0.0,7.1,0.3
1782794173.789,0.0,0.0,0.0,0.0,00:01,0.0,00:01,0.0,7.1,0.3
1782794178.792,0.0,0.0,0.0,0.0,00:01,0.0,00:01,0.0,7.1,0.3
1782794183.8,0.0,0.0,0.0,0.0,00:01,0.0,00:01,0.0,7.1,0.3
1782794188.812,0.0,0.0,0.0,0.0,00:01,0.0,00:01,0.0,7.1,0.3
1782794193.819,0.0,0.0,0.0,0.0,00:01,0.0,00:01,0.0,7.1,0.3
1782794198.826,0.0,0.0,0.0,0.0,00:01,0.0,00:01,0.0,7.1,0.3
1782794203.833,0.0,0.0,0.0,0.0,00:01,0.0,00:01,0.0,7.1,0.3
1782794208.842,0.0,0.0,0.0,0.0,00:01,0.0,00:01,0.0,7.1,0.3
1782794213.855,0.0,0.0,0.0,0.0,00:01,0.0,00:01,0.0,7.1,0.3
1782794218.864,0.0,0.0,0.0,0.0,00:01,0.0,00:01,0.0,7.1,0.3
1782794223.87,0.0,0.0,0.0,0.0,00:01,0.0,00:01,0.0,7.1,0.3
1782794228.884,0.0,0.0,0.0,0.0,00:01,0.0,00:01,0.0,7.1,0.3
1782794233.894,0.0,0.0,0.0,0.0,00:01,0.0,00:01,0.0,7.1,0.3
1782794238.904,0.0,0.0,0.0,0.0,00:01,0.0,00:01,0.0,7.1,0.3
1782794243.912,0.0,0.0,0.0,0.0,00:01,0.0,00:01,0.0,7.1,0.3
1782794248.916,0.0,0.0,0.0,0.0,00:01,0.0,00:01,0.0,7.1,0.3
1782794253.925,0.0,0.0,0.0,0.0,00:01,0.0,00:01,0.0,7.1,0.3
1782794258.938,0.0,0.0,0.0,0.0,00:01,0.0,00:01,0.0,7.1,0.3
1782794263.944,0.0,0.0,0.0,0.0,00:01,0.0,00:01,0.0,7.1,0.3
1782794268.953,0.0,0.0,0.0,0.0,00:01,0.0,00:01,0.0,7.1,0.3
1782794273.961,0.0,0.0,0.0,0.0,00:01,0.0,00:01,0.0,7.1,0.3
1782794278.978,0.0,0.0,0.0,0.0,00:01,0.0,00:01,0.0,7.1,0.3
1782794283.99,0.0,0.0,0.0,0.0,00:01,0.0,00:01,0.0,7.1,0.3
1782794289.0,0.0,0.0,0.0,0.0,00:01,0.0,00:01,0.0,7.1,0.3
1782794294.007,0.0,0.0,0.0,0.0,00:01,0.0,00:01,0.0,7.1,0.3
1782794299.018,0.0,0.0,0.0,0.0,00:01,0.0,00:01,0.0,7.1,0.3
1782794304.034,0.0,0.0,0.0,0.0,00:01,0.0,00:01,0.0,7.1,0.3
1782794309.045,0.0,0.0,0.0,0.0,00:01,0.0,00:01,0.0,7.1,0.3
1782794314.058,0.0,0.0,0.0,0.0,00:01,0.0,00:01,0.0,7.1,0.3
1782794319.064,0.0,0.0,0.0,0.0,00:01,0.0,00:01,0.0,7.1,0.3
1782794324.073,0.0,0.0,0.0,0.0,00:01,0.0,00:01,0.0,7.1,0.3
1782794329.081,0.0,0.0,0.0,0.0,00:01,0.0,00:01,0.0,7.1,0.3
1782794334.09,0.0,0.0,0.0,0.0,00:01,0.0,00:01,0.0,7.1,0.3
1782794339.097,0.0,0.0,0.0,0.0,00:01,0.0,00:01,0.0,7.1,0.3
1782794344.101,0.0,0.0,0.0,0.0,00:01,0.0,00:01,0.0,7.1,0.3
1782794349.112,0.0,0.0,0.0,0.0,00:01,0.0,00:01,0.0,7.1,0.3
1782794354.117,0.0,0.0,0.0,0.0,00:01,0.0,00:01,0.0,7.1,0.3
1782794359.126,0.0,0.0,0.0,0.0,00:01,0.0,00:01,0.0,7.1,0.3
1782794364.132,0.0,0.0,0.0,0.0,00:01,0.0,00:01,0.0,7.1,0.3
1782794369.141,0.0,0.0,0.0,0.0,00:01,0.0,00:01,0.0,7.1,0.3
1782794374.154,0.0,0.0,0.0,0.0,00:01,0.0,00:01,0.0,7.1,0.3
1782794379.164,0.0,0.0,0.0,0.0,00:01,0.0,00:01,0.0,7.1,0.3
1782794384.176,0.0,0.0,0.0,0.0,00:01,0.0,00:01,0.0,7.1,0.3
1782794389.18,0.0,0.0,0.0,0.0,00:01,0.0,00:01,0.0,7.1,0.3
1782794394.188,0.0,0.0,0.0,0.0,00:01,0.0,00:01,0.0,7.1,0.3
1782794399.204,0.0,0.0,0.0,0.0,00:01,0.0,00:01,0.0,7.1,0.3
1782794404.218,0.0,0.0,0.0,0.0,00:01,0.0,00:01,0.0,7.1,0.3
1782794409.23,0.0,0.0,0.0,0.0,00:01,0.0,00:01,0.0,7.1,0.3
1782794414.237,0.0,0.0,0.0,0.0,00:01,0.0,00:01,0.0,7.1,0.3
1782794419.252,0.0,0.0,0.0,0.0,00:01,0.0,00:01,0.0,7.1,0.3
1782794424.265,0.0,0.0,0.0,0.0,00:01,0.0,00:01,0.0,7.1,0.3
1782794429.276,0.0,0.0,0.0,0.0,00:01,0.0,00:01,0.0,7.1,0.3
1782794434.286,0.0,0.0,0.0,0.0,00:01,0.0,00:01,0.0,7.1,0.3
1782794439.292,0.0,0.0,0.0,0.0,00:01,0.0,00:01,0.0,7.1,0.3
1782794444.303,0.0,0.0,0.0,0.0,00:01,0.0,00:01,0.0,7.1,0.3
1782794449.311,0.0,0.0,0.0,0.0,00:01,0.0,00:01,0.0,7.1,0.3
1782794454.317,0.0,0.0,0.0,0.0,00:01,0.0,00:01,0.0,7.1,0.3
1782794459.324,0.0,0.0,0.0,0.0,00:01,0.0,00:01,0.0,7.1,0.3
1782794464.333,0.0,0.0,0.0,0.0,00:01,0.0,00:01,0.0,7.1,0.3
1782794469.349,0.0,0.0,0.0,0.0,00:01,0.0,00:01,0.0,7.1,0.3
1782794474.36,0.0,0.0,0.0,0.0,00:01,0.0,00:01,0.0,7.1,0.3
1782794479.37,0.0,0.0,0.0,0.0,00:01,0.0,00:01,0.0,7.1,0.3
1782794484.377,0.0,0.0,0.0,0.0,00:01,0.0,00:01,0.0,7.1,0.3
1782794489.39,0.0,0.0,0.0,0.0,00:01,0.0,00:01,0.0,7.1,0.3
1782794494.402,0.0,0.0,0.0,0.0,00:01,0.0,00:01,0.0,7.1,0.3
1782794499.413,0.0,0.0,0.0,0.0,00:01,0.0,00:01,0.0,7.1,0.3
1782794504.421,0.0,0.0,0.0,0.0,00:01,0.0,00:01,0.0,7.1,0.3
1782794509.426,0.0,0.0,0.0,0.0,00:01,0.0,00:01,0.0,7.1,0.3
1782794514.442,0.0,0.0,0.0,0.0,00:01,0.0,00:01,0.0,7.1,0.3
1782794519.453,0.0,0.0,0.0,0.0,00:01,0.0,00:01,0.0,7.1,0.3
1782794524.46,0.0,0.0,0.0,0.0,00:01,0.0,00:01,0.0,7.1,0.3
1782794529.464,0.0,0.0,0.0,0.0,00:01,0.0,00:01,0.0,7.1,0.3
1782794534.476,0.0,0.0,0.0,0.0,00:01,0.0,00:01,0.0,7.1,0.3
1782794539.491,0.0,0.0,0.0,0.0,00:01,0.0,00:01,0.0,7.1,0.3
1782794544.503,0.0,0.0,0.0,0.0,00:01,0.0,00:01,0.0,7.1,0.3
1782794549.513,0.0,0.0,0.0,0.0,00:01,0.0,00:01,0.0,7.1,0.3
1782794554.521,0.0,0.0,0.0,0.0,00:01,0.0,00:01,0.0,7.1,0.3
1782794559.532,0.0,0.0,0.0,0.0,00:01,0.0,00:01,0.0,7.1,0.3
1782794564.542,0.0,0.0,0.0,0.0,00:01,0.0,00:01,0.0,7.1,0.3
1782794569.551,0.0,0.0,0.0,0.0,00:01,0.0,00:01,0.0,7.1,0.3
1782794574.56,0.0,0.0,0.0,0.0,00:01,0.0,00:01,0.0,7.1,0.3
1782794579.564,0.0,0.0,0.0,0.0,00:01,0.0,00:01,0.0,7.1,0.3
1782794584.575,0.0,0.0,0.0,0.0,00:01,0.0,00:01,0.0,7.1,0.3
1782794589.584,0.0,0.0,0.0,0.0,00:01,0.0,00:01,0.0,7.1,0.3
1782794594.594,0.0,0.0,0.0,0.0,00:01,0.0,00:01,0.0,7.1,0.3
1782794599.602,0.0,0.0,0.0,0.0,00:01,0.0,00:01,0.0,7.1,0.3
1782794604.612,0.0,0.0,0.0,0.0,00:01,0.0,00:01,0.0,7.1,0.3
1782794609.628,0.0,0.0,0.0,0.0,00:01,0.0,00:01,0.0,7.1,0.3
1782794614.634,0.0,0.0,0.0,0.0,00:01,0.0,00:01,0.0,7.1,0.3
1782794619.64,0.0,0.0,0.0,0.0,00:01,0.0,00:01,0.0,7.1,0.3
1782794624.645,0.0,0.0,0.0,0.0,00:01,0.0,00:01,0.0,7.1,0.3
1782794629.654,0.0,0.0,0.0,0.0,00:01,0.0,00:01,0.0,7.1,0.3
1782794634.663,0.0,0.0,0.0,0.0,00:01,0.0,00:01,0.0,7.1,0.3
1782794639.678,0.0,0.0,0.0,0.0,00:01,0.0,00:01,0.0,7.1,0.3
1782794644.69,0.0,0.0,0.0,0.0,00:01,0.0,00:01,0.0,7.1,0.3
1782794649.697,0.0,0.0,0.0,0.0,00:01,0.0,00:01,0.0,7.1,0.3
1782794654.709,0.0,0.0,0.0,0.0,00:01,0.0,00:01,0.0,7.1,0.3
1782794659.714,0.0,0.0,0.0,0.0,00:01,0.0,00:01,0.0,7.1,0.3
1782794664.723,0.0,0.0,0.0,0.0,00:01,0.0,00:01,0.0,7.1,0.3
1782794669.73,0.0,0.0,0.0,0.0,00:01,0.0,00:01,0.0,7.1,0.3
1782794674.74,0.0,0.0,0.0,0.0,00:01,0.0,00:01,0.0,7.1,0.3
1782794679.751,0.0,0.0,0.0,0.0,00:01,0.0,00:01,0.0,7.1,0.3
1782794684.759,0.0,0.0,0.0,0.0,00:01,0.0,00:01,0.0,7.1,0.3
1782794689.768,0.0,0.0,0.0,0.0,00:01,0.0,00:01,0.0,7.1,0.3
1782794694.773,0.0,0.0,0.0,0.0,00:01,0.0,00:01,0.0,7.1,0.3
1782794699.785,0.0,0.0,0.0,0.0,00:01,0.0,00:01,0.0,7.1,0.3
1782794704.794,0.0,0.0,0.0,0.0,00:01,0.0,00:01,0.0,7.1,0.3
1782794709.803,0.0,0.0,0.0,0.0,00:01,0.0,00:01,0.0,7.1,0.3
1782794714.811,0.0,0.0,0.0,0.0,00:01,0.0,00:01,0.0,7.1,0.3
1782794719.817,0.0,0.0,0.0,0.0,00:01,0.0,00:01,0.0,7.1,0.3
1782794724.826,0.0,0.0,0.0,0.0,00:01,0.0,00:01,0.0,7.1,0.3
1782794729.831,0.0,0.0,0.0,0.0,00:01,0.0,00:01,0.0,7.1,0.3
1782794734.84,0.0,0.0,0.0,0.0,00:01,0.0,00:01,0.0,7.1,0.3
1782794739.852,0.0,0.0,0.0,0.0,00:01,0.0,00:01,0.0,7.1,0.3
1782794744.859,0.0,0.0,0.0,0.0,00:01,0.0,00:01,0.0,7.1,0.3
1782794749.874,0.0,0.0,0.0,0.0,00:01,0.0,00:01,0.0,7.1,0.3
1782794754.888,0.0,0.0,0.0,0.0,00:01,0.0,00:01,0.0,7.1,0.3
1782794759.897,0.0,0.0,0.0,0.0,00:01,0.0,00:01,0.0,7.1,0.3
1782794764.904,0.0,0.0,0.0,0.0,00:01,0.0,00:01,0.0,7.1,0.3
1782794769.922,0.0,0.0,0.0,0.0,00:01,0.0,00:01,0.0,7.1,0.3
1782794774.933,0.0,0.0,0.0,0.0,00:01,0.0,00:01,0.0,7.1,0.3
1782794779.945,0.0,0.0,0.0,0.0,00:01,0.0,00:01,0.0,7.1,0.3
1782794784.959,0.0,0.0,0.0,0.0,00:01,0.0,00:01,0.0,7.1,0.3
1782794789.966,0.0,0.0,0.0,0.0,00:01,0.0,00:01,0.0,7.1,0.3
1782794794.979,0.0,0.0,0.0,0.0,00:01,0.0,00:01,0.0,7.1,0.3
1782794799.988,0.0,0.0,0.0,0.0,00:01,0.0,00:01,0.0,7.1,0.3
1782794804.998,0.0,0.0,0.0,0.0,00:01,0.0,00:01,0.0,7.1,0.3
1782794810.004,0.0,0.0,0.0,0.0,00:01,0.0,00:01,0.0,7.1,0.3
1782794815.012,0.0,0.0,0.0,0.0,00:01,0.0,00:01,0.0,7.1,0.3
1782794820.021,0.0,0.0,0.0,0.0,00:01,0.0,00:01,0.0,7.1,0.3
1782794825.028,0.0,0.0,0.0,0.0,00:01,0.0,00:01,0.0,7.1,0.3
1782794830.036,0.0,0.0,0.0,0.0,00:01,0.0,00:01,0.0,7.1,0.3
1782794835.04,0.0,0.0,0.0,0.0,00:01,0.0,00:01,0.0,7.1,0.3
1782794840.052,0.0,0.0,0.0,0.0,00:01,0.0,00:01,0.0,7.1,0.3
1782794845.061,0.0,0.0,0.0,0.0,00:01,0.0,00:01,0.0,7.1,0.3
1782794850.066,0.0,0.0,0.0,0.0,00:01,0.0,00:01,0.0,7.1,0.3
1782794855.075,0.0,0.0,0.0,0.0,00:01,0.0,00:01,0.0,7.1,0.3
1782794860.081,0.0,0.0,0.0,0.0,00:01,0.0,00:01,0.0,7.1,0.3
1782794865.09,0.0,0.0,0.0,0.0,00:01,0.0,00:01,0.0,7.1,0.3
1782794870.099,0.0,0.0,0.0,0.0,00:01,0.0,00:01,0.0,7.1,0.3
1782794875.109,0.0,0.0,0.0,0.0,00:01,0.0,00:01,0.0,7.1,0.3
1782794880.115,0.0,0.0,0.0,0.0,00:01,0.0,00:01,0.0,7.1,0.3
1782794885.122,0.0,0.0,0.0,0.0,00:01,0.0,00:01,0.0,7.1,0.3
1782794890.13,0.0,0.0,0.0,0.0,00:01,0.0,00:01,0.0,7.1,0.3
1782794895.139,0.0,0.0,0.0,0.0,00:01,0.0,00:01,0.0,7.1,0.3
1782794900.147,0.0,0.0,0.0,0.0,00:01,0.0,00:01,0.0,7.1,0.3
1782794905.152,0.0,0.0,0.0,0.0,00:01,0.0,00:01,0.0,7.1,0.3
1782794910.163,0.0,0.0,0.0,0.0,00:01,0.0,00:01,0.0,7.1,0.3
1782794915.172,0.0,0.0,0.0,0.0,00:01,0.0,00:01,0.0,7.1,0.3
1782794920.179,0.0,0.0,0.0,0.0,00:01,0.0,00:01,0.0,7.1,0.3
1782794925.188,0.0,0.0,0.0,0.0,00:01,0.0,00:01,0.0,7.1,0.3
1782794930.194,0.0,0.0,0.0,0.0,00:01,0.0,00:01,0.0,7.1,0.3
1782794935.201,0.0,0.0,0.0,0.0,00:01,0.0,00:01,0.0,7.1,0.3
1782794940.212,0.0,0.0,0.0,0.0,00:01,0.0,00:01,0.0,7.1,0.3
1782794945.226,0.0,0.0,0.0,0.0,00:01,0.0,00:01,0.0,7.1,0.3
1782794950.23,0.0,0.0,0.0,0.0,00:01,0.0,00:01,0.0,7.1,0.3
1782794955.246,0.0,0.0,0.0,0.0,00:01,0.0,00:01,0.0,7.1,0.3
1782794960.258,0.0,0.0,0.0,0.0,00:01,0.0,00:01,0.0,7.1,0.3
1782794965.27,0.0,0.0,0.0,0.0,00:01,0.0,00:01,0.0,7.1,0.3
1782794970.282,0.0,0.0,0.0,0.0,00:01,0.0,00:01,0.0,7.1,0.3
1782794975.289,0.0,0.0,0.0,0.0,00:01,0.0,00:01,0.0,7.1,0.3
1782794980.306,0.0,0.0,0.0,0.0,00:01,0.0,00:01,0.0,7.1,0.3
1782794985.315,0.0,0.0,0.0,0.0,00:01,0.0,00:01,0.0,7.1,0.3
1782794990.324,0.0,0.0,0.0,0.0,00:01,0.0,00:01,0.0,7.1,0.3
1782794995.332,0.0,0.0,0.0,0.0,00:01,0.0,00:01,0.0,7.1,0.3
1782795000.348,0.0,0.0,0.0,0.0,00:01,0.0,00:01,0.0,7.1,0.3
1782795005.358,0.0,0.0,0.0,0.0,00:01,0.0,00:01,0.0,7.1,0.3
1782795010.37,0.0,0.0,0.0,0.0,00:01,0.0,00:01,0.0,7.1,0.3
1782795015.381,0.0,0.0,0.0,0.0,00:01,0.0,00:01,0.0,7.1,0.3
1782795020.388,0.0,0.0,0.0,0.0,00:01,0.0,00:01,0.0,7.1,0.3
1782795025.404,0.0,0.0,0.0,0.0,00:01,0.0,00:01,0.0,7.1,0.3
1782795030.415,0.0,0.0,0.0,0.0,00:01,0.0,00:01,0.0,7.1,0.3
1782795035.424,0.0,0.0,0.0,0.0,00:01,0.0,00:01,0.0,7.1,0.3
1782795040.433,0.0,0.0,0.0,0.0,00:01,0.0,00:01,0.0,7.1,0.3
1782795045.438,0.0,0.0,0.0,0.0,00:01,0.0,00:01,0.0,7.1,0.3
1782795050.454,0.0,0.0,0.0,0.0,00:01,0.0,00:01,0.0,7.1,0.3
1782795055.465,0.0,0.0,0.0,0.0,00:01,0.0,00:01,0.0,7.1,0.3
1782795060.476,0.0,0.0,0.0,0.0,00:01,0.0,00:01,0.0,7.1,0.3
1782795065.489,0.0,0.0,0.0,0.0,00:01,0.0,00:01,0.0,7.1,0.3
1782795070.499,0.0,0.0,0.0,0.0,00:01,0.0,00:01,0.0,7.1,0.3
1782795075.513,0.0,0.0,0.0,0.0,00:01,0.0,00:01,0.0,7.1,0.3
1782795080.525,0.0,0.0,0.0,0.0,00:01,0.0,00:01,0.0,7.1,0.3
1782795085.538,0.0,0.0,0.0,0.0,00:01,0.0,00:01,0.0,7.1,0.3
1782795090.546,0.0,0.0,0.0,0.0,00:01,0.0,00:01,0.0,7.1,0.3
1782795095.561,0.0,0.0,0.0,0.0,00:01,0.0,00:01,0.0,7.1,0.3
1782795100.573,0.0,0.0,0.0,0.0,00:01,0.0,00:01,0.0,7.1,0.3
1782795105.583,0.0,0.0,0.0,0.0,00:01,0.0,00:01,0.0,7.1,0.3
1782795110.59,0.0,0.0,0.0,0.0,00:01,0.0,00:01,0.0,7.1,0.3
1782795115.602,0.0,0.0,0.0,0.0,00:01,0.0,00:01,0.0,7.1,0.3
1782795120.619,0.0,0.0,0.0,0.0,00:01,0.0,00:01,0.0,7.1,0.3
1782795125.633,0.0,0.0,0.0,0.0,00:01,0.0,00:01,0.0,7.1,0.3
1782795130.644,0.0,0.0,0.0,0.0,00:01,0.0,00:01,0.0,7.1,0.3
1782795135.652,0.0,0.0,0.0,0.0,00:01,0.0,00:01,0.0,7.1,0.3
1782795140.663,0.0,0.0,0.0,0.0,00:01,0.0,00:01,0.0,7.1,0.3
1782795145.677,0.0,0.0,0.0,0.0,00:01,0.0,00:01,0.0,7.1,0.3
1782795150.685,0.0,0.0,0.0,0.0,00:01,0.0,00:01,0.0,7.1,0.3
1782795155.698,0.0,0.0,0.0,0.0,00:01,0.0,00:01,0.0,7.1,0.3
1782795160.707,0.0,0.0,0.0,0.0,00:01,0.0,00:01,0.0,7.1,0.3
1782795165.72,0.0,0.0,0.0,0.0,00:01,0.0,00:01,0.0,7.1,0.3
1782795170.733,0.0,0.0,0.0,0.0,00:01,0.0,00:01,0.0,7.1,0.3
1782795175.745,0.0,0.0,0.0,0.0,00:01,0.0,00:01,0.0,7.1,0.3
1782795180.757,0.0,0.0,0.0,0.0,00:01,0.0,00:01,0.0,7.1,0.3
1782795185.766,0.0,0.0,0.0,0.0,00:01,0.0,00:01,0.0,7.1,0.3
1782795190.776,0.0,0.0,0.0,0.0,00:01,0.0,00:01,0.0,7.1,0.3
1782795195.788,0.0,0.0,0.0,0.0,00:01,0.0,00:01,0.0,7.1,0.3
1782795200.8,0.0,0.0,0.0,0.0,00:01,0.0,00:01,0.0,7.1,0.3
1782795205.804,0.0,0.0,0.0,0.0,00:01,0.0,00:01,0.0,7.1,0.3
1782795210.818,0.0,0.0,0.0,0.0,00:01,0.0,00:01,0.0,7.1,0.3
1782795215.828,0.0,0.0,0.0,0.0,00:01,0.0,00:01,0.0,7.1,0.3
1782795220.839,0.0,0.0,0.0,0.0,00:01,0.0,00:01,0.0,7.1,0.3
1782795225.85,0.0,0.0,0.0,0.0,00:01,0.0,00:01,0.0,7.1,0.3
1782795230.854,0.0,0.0,0.0,0.0,00:01,0.0,00:01,0.0,7.1,0.3
1782795235.87,0.0,0.0,0.0,0.0,00:01,0.0,00:01,0.0,7.1,0.3
1782795240.877,0.0,0.0,0.0,0.0,00:01,0.0,00:01,0.0,7.1,0.3
1782795245.891,0.0,0.0,0.0,0.0,00:01,0.0,00:01,0.0,7.1,0.3
1782795250.9,0.0,0.0,0.0,0.0,00:01,0.0,00:01,0.0,7.1,0.3
1782795255.907,0.0,0.0,0.0,0.0,00:01,0.0,00:01,0.0,7.1,0.3
1782795260.918,0.0,0.0,0.0,0.0,00:01,0.0,00:01,0.0,7.1,0.3
1782795265.927,0.0,0.0,0.0,0.0,00:01,0.0,00:01,0.0,7.1,0.3
1782795270.936,0.0,0.0,0.0,0.0,00:01,0.0,00:01,0.0,7.1,0.3
1782795275.947,0.0,0.0,0.0,0.0,00:01,0.0,00:01,0.0,7.1,0.3
1782795280.955,0.0,0.0,0.0,0.0,00:01,0.0,00:01,0.0,7.1,0.3
1782795285.963,0.0,0.0,0.0,0.0,00:01,0.0,00:01,0.0,7.1,0.3
1782795290.973,0.0,0.0,0.0,0.0,00:01,0.0,00:01,0.0,7.1,0.3
1782795295.983,0.0,0.0,0.0,0.0,00:01,0.0,00:01,0.0,7.1,0.3
1782795300.985,0.0,0.0,0.0,0.0,00:01,0.0,00:01,0.0,7.1,0.3
1782795305.997,0.0,0.0,0.0,0.0,00:01,0.0,00:01,0.0,7.1,0.3
1782795311.004,0.0,0.0,0.0,0.0,00:01,0.0,00:01,0.0,7.1,0.3
1782795316.012,0.0,0.0,0.0,0.0,00:01,0.0,00:01,0.0,7.1,0.3
1782795321.02,0.0,0.0,0.0,0.0,00:01,0.0,00:01,0.0,7.1,0.3
1782795326.026,0.0,0.0,0.0,0.0,00:01,0.0,00:01,0.0,7.1,0.3
1782795331.038,0.0,0.0,0.0,0.0,00:01,0.0,00:01,0.0,7.1,0.3
1782795336.045,0.0,0.0,0.0,0.0,00:01,0.0,00:01,0.0,7.1,0.3
1782795341.053,0.0,0.0,0.0,0.0,00:01,0.0,00:01,0.0,7.1,0.3
1782795346.063,0.0,0.0,0.0,0.0,00:01,0.0,00:01,0.0,7.1,0.3
1782795351.072,0.0,0.0,0.0,0.0,00:01,0.0,00:01,0.0,7.1,0.3
1782795356.079,0.0,0.0,0.0,0.0,00:01,0.0,00:01,0.0,7.1,0.3
1782795361.089,0.0,0.0,0.0,0.0,00:01,0.0,00:01,0.0,7.1,0.3
1782795366.102,0.0,0.0,0.0,0.0,00:01,0.0,00:01,0.0,7.1,0.3
1782795371.108,0.0,0.0,0.0,0.0,00:01,0.0,00:01,0.0,7.1,0.3
1782795376.117,0.0,0.0,0.0,0.0,00:01,0.0,00:01,0.0,7.1,0.3
1782795381.124,0.0,0.0,0.0,0.0,00:01,0.0,00:01,0.0,7.1,0.3
1782795386.137,0.0,0.0,0.0,0.0,00:01,0.0,00:01,0.0,7.1,0.3
1782795391.151,0.0,0.0,0.0,0.0,00:01,0.0,00:01,0.0,7.1,0.3
1782795396.161,0.0,0.0,0.0,0.0,00:01,0.0,00:01,0.0,7.1,0.3
1782795401.176,0.0,0.0,0.0,0.0,00:01,0.0,00:01,0.0,7.1,0.3
1782795406.189,0.0,0.0,0.0,0.0,00:01,0.0,00:01,0.0,7.1,0.3
1782795411.199,0.0,0.0,0.0,0.0,00:01,0.0,00:01,0.0,7.1,0.3
1782795416.21,0.0,0.0,0.0,0.0,00:01,0.0,00:01,0.0,7.1,0.3
1782795421.215,0.0,0.0,0.0,0.0,00:01,0.0,00:01,0.0,7.1,0.3
1782795426.222,0.0,0.0,0.0,0.0,00:01,0.0,00:01,0.0,7.1,0.3
1782795431.236,0.0,0.0,0.0,0.0,00:01,0.0,00:01,0.0,7.1,0.3
1782795436.245,0.0,0.0,0.0,0.0,00:01,0.0,00:01,0.0,7.1,0.3
1782795441.248,0.0,0.0,0.0,0.0,00:01,0.0,00:01,0.0,7.1,0.3
1782795446.265,0.0,0.0,0.0,0.0,00:01,0.0,00:01,0.0,7.1,0.3
1782795451.276,0.0,0.0,0.0,0.0,00:01,0.0,00:01,0.0,7.1,0.3
1782795456.289,0.0,0.0,0.0,0.0,00:01,0.0,00:01,0.0,7.1,0.3
1782795461.301,0.0,0.0,0.0,0.0,00:01,0.0,00:01,0.0,7.1,0.3
1782795466.308,0.0,0.0,0.0,0.0,00:01,0.0,00:01,0.0,7.1,0.3
1782795471.323,0.0,0.0,0.0,0.0,00:01,0.0,00:01,0.0,7.1,0.3
1782795476.337,0.0,0.0,0.0,0.0,00:01,0.0,00:01,0.0,7.1,0.3
1782795481.349,0.0,0.0,0.0,0.0,00:01,0.0,00:01,0.0,7.1,0.3
1782795486.361,0.0,0.0,0.0,0.0,00:01,0.0,00:01,0.0,7.1,0.3
1782795491.371,0.0,0.0,0.0,0.0,00:01,0.0,00:01,0.0,7.1,0.3
1782795496.382,0.0,0.0,0.0,0.0,00:01,0.0,00:01,0.0,7.1,0.3
1782795501.395,0.0,0.0,0.0,0.0,00:01,0.0,00:01,0.0,7.1,0.3
1782795506.408,0.0,0.0,0.0,0.0,00:01,0.0,00:01,0.0,7.1,0.3
1782795511.42,0.0,0.0,0.0,0.0,00:01,0.0,00:01,0.0,7.1,0.3
1782795516.429,0.0,0.0,0.0,0.0,00:01,0.0,00:01,0.0,7.1,0.3
1782795521.439,0.0,0.0,0.0,0.0,00:01,0.0,00:01,0.0,7.1,0.3
1782795526.448,0.0,0.0,0.0,0.0,00:01,0.0,00:01,0.0,7.1,0.3
1782795531.46,0.0,0.0,0.0,0.0,00:01,0.0,00:01,0.0,7.1,0.3
1782795536.464,0.0,0.0,0.0,0.0,00:01,0.0,00:01,0.0,7.1,0.3
1782795541.479,0.0,0.0,0.0,0.0,00:01,0.0,00:01,0.0,7.1,0.3
1782795546.493,0.0,0.0,0.0,0.0,00:01,0.0,00:01,0.0,7.1,0.3
1782795551.5,0.0,0.0,0.0,0.0,00:01,0.0,00:01,0.0,7.1,0.3
1782795556.51,0.0,0.0,0.0,0.0,00:01,0.0,00:01,0.0,7.1,0.3
1782795561.521,0.0,0.0,0.0,0.0,00:01,0.0,00:01,0.0,7.1,0.3
1782795566.533,0.0,0.0,0.0,0.0,00:01,0.0,00:01,0.0,7.1,0.3
1782795571.544,0.0,0.0,0.0,0.0,00:01,0.0,00:01,0.0,7.1,0.3
1782795576.559,0.0,0.0,0.0,0.0,00:01,0.0,00:01,0.0,7.1,0.3
1782795581.571,0.0,0.0,0.0,0.0,00:01,0.0,00:01,0.0,7.1,0.3
1782795586.582,0.0,0.0,0.0,0.0,00:01,0.0,00:01,0.0,7.1,0.3
1782795591.593,0.0,0.0,0.0,0.0,00:01,0.0,00:01,0.0,7.1,0.3
1782795596.603,0.0,0.0,0.0,0.0,00:01,0.0,00:01,0.0,7.1,0.3
1782795601.614,0.0,0.0,0.0,0.0,00:01,0.0,00:01,0.0,7.1,0.3
1782795606.624,0.0,0.0,0.0,0.0,00:01,0.0,00:01,0.0,7.1,0.3
1782795611.633,0.0,0.0,0.0,0.0,00:01,0.0,00:01,0.0,7.1,0.3
1782795616.643,0.0,0.0,0.0,0.0,00:01,0.0,00:01,0.0,7.1,0.3
1782795621.653,0.0,0.0,0.0,0.0,00:01,0.0,00:01,0.0,7.1,0.3
1782795626.664,0.0,0.0,0.0,0.0,00:01,0.0,00:01,0.0,7.1,0.3
1782795631.674,0.0,0.0,0.0,0.0,00:01,0.0,00:01,0.0,7.1,0.3
1782795645.382,0.0,0.0,0.0,0.0,00:01,0.0,00:01,0.0,7.1,0.3
1782795650.393,0.0,0.0,0.0,0.0,00:01,0.0,00:01,0.0,7.1,0.3
1782795655.405,0.0,0.0,0.0,0.0,00:01,0.0,00:01,0.0,7.1,0.3
1782795660.417,0.0,0.0,0.0,0.0,00:01,0.0,00:01,0.0,7.1,0.3
1782795665.426,0.0,0.0,0.0,0.0,00:01,0.0,00:01,0.0,7.1,0.3
1782795670.435,0.0,0.0,0.0,0.0,00:01,0.0,00:01,0.0,7.1,0.3
1782795675.446,0.0,0.0,0.0,0.0,00:01,0.0,00:01,0.0,7.1,0.3
1782795680.451,0.0,0.0,0.0,0.0,00:01,0.0,00:01,0.0,7.1,0.3
1782795685.465,0.0,0.0,0.0,0.0,00:01,0.0,00:01,0.0,7.1,0.3
1782795690.475,0.0,0.0,0.0,0.0,00:01,0.0,00:01,0.0,7.1,0.3
1782795695.483,0.0,0.0,0.0,0.0,00:01,0.0,00:01,0.0,7.1,0.3
1782795700.492,0.0,0.0,0.0,0.0,00:01,0.0,00:01,0.0,7.1,0.3
1782795705.501,0.0,0.0,0.0,0.0,00:01,0.0,00:01,0.0,7.1,0.3
1782795710.511,0.0,0.0,0.0,0.0,00:01,0.0,00:01,0.0,7.1,0.3
1782795715.519,0.0,0.0,0.0,0.0,00:01,0.0,00:01,0.0,7.1,0.3
1782795720.527,0.0,0.0,0.0,0.0,00:01,0.0,00:01,0.0,7.1,0.3
1782795725.537,0.0,0.0,0.0,0.0,00:01,0.0,00:01,0.0,7.1,0.3
1782795730.545,0.0,0.0,0.0,0.0,00:01,0.0,00:01,0.0,7.1,0.3
1782795735.549,0.0,0.0,0.0,0.0,00:01,0.0,00:01,0.0,7.1,0.3
1782795740.561,0.0,0.0,0.0,0.0,00:01,0.0,00:01,0.0,7.1,0.3
1782795745.572,0.0,0.0,0.0,0.0,00:01,0.0,00:01,0.0,7.1,0.3
1782795750.579,0.0,0.0,0.0,0.0,00:01,0.0,00:01,0.0,7.1,0.3
1782795755.589,0.0,0.0,0.0,0.0,00:01,0.0,00:01,0.0,7.1,0.3
1782795760.598,0.0,0.0,0.0,0.0,00:01,0.0,00:01,0.0,7.1,0.3
1782795765.608,0.0,0.0,0.0,0.0,00:01,0.0,00:01,0.0,7.1,0.3
1782795770.619,0.0,0.0,0.0,0.0,00:01,0.0,00:01,0.0,7.1,0.3
1782795775.634,0.0,0.0,0.0,0.0,00:01,0.0,00:01,0.0,7.1,0.3
1782795780.645,0.0,0.0,0.0,0.0,00:01,0.0,00:01,0.0,7.1,0.3
1782795785.657,0.0,0.0,0.0,0.0,00:01,0.0,00:01,0.0,7.1,0.3
1782795790.668,0.0,0.0,0.0,0.0,00:01,0.0,00:01,0.0,7.1,0.3
1782795795.679,0.0,0.0,0.0,0.0,00:01,0.0,00:01,0.0,7.1,0.3
1782795800.687,0.0,0.0,0.0,0.0,00:01,0.0,00:01,0.0,7.1,0.3
1782795805.693,0.0,0.0,0.0,0.0,00:01,0.0,00:01,0.0,7.1,0.3
1782795810.705,0.0,0.0,0.0,0.0,00:01,0.0,00:01,0.0,7.1,0.3
1782795815.749,0.0,0.0,0.0,0.0,00:01,0.0,00:01,0.0,7.1,0.3
1782795820.801,0.0,0.0,0.0,0.0,00:01,0.0,00:01,0.0,7.1,0.3
1782795825.804,0.0,0.0,0.0,0.0,00:01,0.0,00:01,0.0,7.1,0.3
1782795830.814,0.0,0.0,0.0,0.0,00:01,0.0,00:01,0.0,7.1,0.3
1782795835.822,0.0,0.0,0.0,0.0,00:01,0.0,00:01,0.0,7.1,0.3
1782795840.832,0.0,0.0,0.0,0.0,00:01,0.0,00:01,0.0,7.1,0.3
1782795845.849,0.0,0.0,0.0,0.0,00:01,0.0,00:01,0.0,7.1,0.3
1782795850.856,0.0,0.0,0.0,0.0,00:01,0.0,00:01,0.0,7.1,0.3
1782795855.866,0.0,0.0,0.0,0.0,00:01,0.0,00:01,0.0,7.1,0.3
1782795860.875,0.0,0.0,0.0,0.0,00:01,0.0,00:01,0.0,7.1,0.3
1782795865.888,0.0,0.0,0.0,0.0,00:01,0.0,00:01,0.0,7.1,0.3
1782795870.894,0.0,0.0,0.0,0.0,00:01,0.0,00:01,0.0,7.1,0.3
1782795875.904,0.0,0.0,0.0,0.0,00:01,0.0,00:01,0.0,7.1,0.3
1782795880.914,0.0,0.0,0.0,0.0,00:01,0.0,00:01,0.0,7.1,0.3
1782795885.924,0.0,0.0,0.0,0.0,00:01,0.0,00:01,0.0,7.1,0.3
1782795890.933,0.0,0.0,0.0,0.0,00:01,0.0,00:01,0.0,7.1,0.3
1782795895.94,0.0,0.0,0.0,0.0,00:01,0.0,00:01,0.0,7.1,0.3
1782795900.952,0.0,0.0,0.0,0.0,00:01,0.0,00:01,0.0,7.1,0.3
1782795905.959,0.0,0.0,0.0,0.0,00:01,0.0,00:01,0.0,7.1,0.3
1782795910.971,0.0,0.0,0.0,0.0,00:01,0.0,00:01,0.0,7.1,0.3
1782795915.985,0.0,0.0,0.0,0.0,00:01,0.0,00:01,0.0,7.1,0.3
1782795920.988,0.0,0.0,0.0,0.0,00:01,0.0,00:01,0.0,7.1,0.3
1782795925.996,0.0,0.0,0.0,0.0,00:01,0.0,00:01,0.0,7.1,0.3
1782795931.01,0.0,0.0,0.0,0.0,00:01,0.0,00:01,0.0,7.1,0.3
1782795936.018,0.0,0.0,0.0,0.0,00:01,0.0,00:01,0.0,7.1,0.3
1782795941.033,0.0,0.0,0.0,0.0,00:01,0.0,00:01,0.0,7.1,0.3
1782795946.038,0.0,0.0,0.0,0.0,00:01,0.0,00:01,0.0,7.1,0.3
1782795951.046,0.0,0.0,0.0,0.0,00:01,0.0,00:01,0.0,7.1,0.3
1782795956.056,0.0,0.0,0.0,0.0,00:01,0.0,00:01,0.0,7.1,0.3
1782795961.067,0.0,0.0,0.0,0.0,00:01,0.0,00:01,0.0,7.1,0.3
1782795966.072,0.0,0.0,0.0,0.0,00:01,0.0,00:01,0.0,7.1,0.3
1782795971.086,0.0,0.0,0.0,0.0,00:01,0.0,00:01,0.0,7.1,0.3
1782795976.095,0.0,0.0,0.0,0.0,00:01,0.0,00:01,0.0,7.1,0.3
1782795981.105,0.0,0.0,0.0,0.0,00:01,0.0,00:01,0.0,7.1,0.3
1782795986.117,0.0,0.0,0.0,0.0,00:01,0.0,00:01,0.0,7.1,0.3
1782795991.122,0.0,0.0,0.0,0.0,00:01,0.0,00:01,0.0,7.1,0.3
1782795996.133,0.0,0.0,0.0,0.0,00:01,0.0,00:01,0.0,7.1,0.3
1782796001.145,0.0,0.0,0.0,0.0,00:01,0.0,00:01,0.0,7.1,0.3
1782796006.149,0.0,0.0,0.0,0.0,00:01,0.0,00:01,0.0,7.1,0.3
1782796011.159,0.0,0.0,0.0,0.0,00:01,0.0,00:01,0.0,7.1,0.3
1782796016.165,0.0,0.0,0.0,0.0,00:01,0.0,00:01,0.0,7.1,0.3
1782796021.176,0.0,0.0,0.0,0.0,00:01,0.0,00:01,0.0,7.1,0.3
1782796026.188,0.0,0.0,0.0,0.0,00:01,0.0,00:01,0.0,7.1,0.3
1782796031.228,0.0,0.0,0.0,0.0,00:01,0.0,00:01,0.0,7.1,0.3
1782796036.322,0.0,0.0,0.0,0.0,00:01,0.0,00:01,0.0,7.1,0.3
1782796041.332,0.0,0.0,0.0,0.0,00:01,0.0,00:01,0.0,7.1,0.3
1782796046.345,0.0,0.0,0.0,0.0,00:01,0.0,00:01,0.0,7.1,0.3
1782796051.354,0.0,0.0,0.0,0.0,00:01,0.0,00:01,0.0,7.1,0.3
1782796056.364,0.0,0.0,0.0,0.0,00:01,0.0,00:01,0.0,7.1,0.3
1782796061.369,0.0,0.0,0.0,0.0,00:01,0.0,00:01,0.0,7.1,0.3
1782796066.378,0.0,0.0,0.0,0.0,00:01,0.0,00:01,0.0,7.1,0.3
1782796071.387,0.0,0.0,0.0,0.0,00:01,0.0,00:01,0.0,7.1,0.3
1782796076.397,0.0,0.0,0.0,0.0,00:01,0.0,00:01,0.0,7.1,0.3
1782796081.409,0.0,0.0,0.0,0.0,00:01,0.0,00:01,0.0,7.1,0.3
1782796086.42,0.0,0.0,0.0,0.0,00:01,0.0,00:01,0.0,7.1,0.3
1782796091.43,0.0,0.0,0.0,0.0,00:01,0.0,00:01,0.0,7.1,0.3
1782796104.33,0.0,0.0,0.0,0.0,00:01,0.0,00:01,0.0,7.1,0.3
1782796109.337,0.0,0.0,0.0,0.0,00:01,0.0,00:01,0.0,7.1,0.3
1782796114.348,0.0,0.0,0.0,0.0,00:01,0.0,00:01,0.0,7.1,0.3
1782796119.359,0.0,0.0,0.0,0.0,00:01,0.0,00:01,0.0,7.1,0.3
1782796124.42,0.0,0.0,0.0,0.0,00:01,0.0,00:01,0.0,7.1,0.3
1782796129.431,0.0,0.0,0.0,0.0,00:01,0.0,00:01,0.0,7.1,0.3
1782796134.445,0.0,0.0,0.0,0.0,00:01,0.0,00:01,0.0,7.1,0.3
1782796139.457,0.0,0.0,0.0,0.0,00:01,0.0,00:01,0.0,7.1,0.3
1782796144.468,0.0,0.0,0.0,0.0,00:01,0.0,00:01,0.0,7.1,0.3
1782796149.476,0.0,0.0,0.0,0.0,00:01,0.0,00:01,0.0,7.1,0.3
1782796154.491,0.0,0.0,0.0,0.0,00:01,0.0,00:01,0.0,7.1,0.3
1782796159.501,0.0,0.0,0.0,0.0,00:01,0.0,00:01,0.0,7.1,0.3
1782796164.512,0.0,0.0,0.0,0.0,00:01,0.0,00:01,0.0,7.1,0.3
1782796169.522,0.0,0.0,0.0,0.0,00:01,0.0,00:01,0.0,7.1,0.3
1782796174.528,0.0,0.0,0.0,0.0,00:01,0.0,00:01,0.0,7.1,0.3
1782796179.536,0.0,0.0,0.0,0.0,00:01,0.0,00:01,0.0,7.1,0.3
1782796184.545,0.0,0.0,0.0,0.0,00:01,0.0,00:01,0.0,7.1,0.3
1782796189.557,0.0,0.0,0.0,0.0,00:01,0.0,00:01,0.0,7.1,0.3
1782796194.569,0.0,0.0,0.0,0.0,00:01,0.0,00:01,0.0,7.1,0.3
1782796199.574,0.0,0.0,0.0,0.0,00:01,0.0,00:01,0.0,7.1,0.3
1782796204.586,0.0,0.0,0.0,0.0,00:01,0.0,00:01,0.0,7.1,0.3
1782796209.599,0.0,0.0,0.0,0.0,00:01,0.0,00:01,0.0,7.1,0.3
1782796214.61,0.0,0.0,0.0,0.0,00:01,0.0,00:01,0.0,7.1,0.3
1782796219.615,0.0,0.0,0.0,0.0,00:01,0.0,00:01,0.0,7.1,0.3
1782796224.626,0.0,0.0,0.0,0.0,00:01,0.0,00:01,0.0,7.1,0.3
1782796229.636,0.0,0.0,0.0,0.0,00:01,0.0,00:01,0.0,7.1,0.3
1782796234.643,0.0,0.0,0.0,0.0,00:01,0.0,00:01,0.0,7.1,0.3
1782796239.652,0.0,0.0,0.0,0.0,00:01,0.0,00:01,0.0,7.1,0.3
1782796244.658,0.0,0.0,0.0,0.0,00:01,0.0,00:01,0.0,7.1,0.3
1782796249.671,0.0,0.0,0.0,0.0,00:01,0.0,00:01,0.0,7.1,0.3
1782796254.68,0.0,0.0,0.0,0.0,00:01,0.0,00:01,0.0,7.1,0.3
1782796259.69,0.0,0.0,0.0,0.0,00:01,0.0,00:01,0.0,7.1,0.3
1782796264.701,0.0,0.0,0.0,0.0,00:01,0.0,00:01,0.0,7.1,0.3
1782796269.709,0.0,0.0,0.0,0.0,00:01,0.0,00:01,0.0,7.1,0.3
1782796274.721,0.0,0.0,0.0,0.0,00:01,0.0,00:01,0.0,7.1,0.3
1782796279.733,0.0,0.0,0.0,0.0,00:01,0.0,00:01,0.0,7.1,0.3
1782796284.745,0.0,0.0,0.0,0.0,00:01,0.0,00:01,0.0,7.1,0.3
1782796289.753,0.0,0.0,0.0,0.0,00:01,0.0,00:01,0.0,7.1,0.3
1782796294.762,0.0,0.0,0.0,0.0,00:01,0.0,00:01,0.0,7.1,0.3
1782796299.77,0.0,0.0,0.0,0.0,00:01,0.0,00:01,0.0,7.1,0.3
1782796304.78,0.0,0.0,0.0,0.0,00:01,0.0,00:01,0.0,7.1,0.3
1782796328.435,0.0,0.0,0.0,0.0,00:01,0.0,00:01,0.0,7.1,0.3
1782796333.449,0.0,0.0,0.0,0.0,00:01,0.0,00:01,0.0,7.1,0.3
1782796338.459,0.0,0.0,0.0,0.0,00:01,0.0,00:01,0.0,7.1,0.3
1782796343.468,0.0,0.0,0.0,0.0,00:01,0.0,00:01,0.0,7.1,0.3
1782796348.476,0.0,0.0,0.0,0.0,00:01,0.0,00:01,0.0,7.1,0.3
1782796353.482,0.0,0.0,0.0,0.0,00:01,0.0,00:01,0.0,7.1,0.3
1782796358.489,0.0,0.0,0.0,0.0,00:01,0.0,00:01,0.0,7.1,0.3
1782796363.495,0.0,0.0,0.0,0.0,00:01,0.0,00:01,0.0,7.1,0.3
1782796368.503,0.0,0.0,0.0,0.0,00:01,0.0,00:01,0.0,7.1,0.3
1782796373.518,0.0,0.0,0.0,0.0,00:01,0.0,00:01,0.0,7.1,0.3
1782796378.528,0.0,0.0,0.0,0.0,00:01,0.0,00:01,0.0,7.1,0.3
1782796383.54,0.0,0.0,0.0,0.0,00:01,0.0,00:01,0.0,7.1,0.3
1782796388.554,0.0,0.0,0.0,0.0,00:01,0.0,00:01,0.0,7.1,0.3
1782796393.563,0.0,0.0,0.0,0.0,00:01,0.0,00:01,0.0,7.1,0.3
1782796398.57,0.0,0.0,0.0,0.0,00:01,0.0,00:01,0.0,7.1,0.3
1782796403.581,0.0,0.0,0.0,0.0,00:01,0.0,00:01,0.0,7.1,0.3
1782796408.591,0.0,0.0,0.0,0.0,00:01,0.0,00:01,0.0,7.1,0.3
1782796413.599,0.0,0.0,0.0,0.0,00:01,0.0,00:01,0.0,7.1,0.3
1782796418.609,0.0,0.0,0.0,0.0,00:01,0.0,00:01,0.0,7.1,0.3
1782796423.615,0.0,0.0,0.0,0.0,00:01,0.0,00:01,0.0,7.1,0.3
1782796428.624,0.0,0.0,0.0,0.0,00:01,0.0,00:01,0.0,7.1,0.3
1782796433.636,0.0,0.0,0.0,0.0,00:01,0.0,00:01,0.0,7.1,0.3
1782796438.645,0.0,0.0,0.0,0.0,00:01,0.0,00:01,0.0,7.1,0.3
1782796443.658,0.0,0.0,0.0,0.0,00:01,0.0,00:01,0.0,7.1,0.3
1782796448.666,0.0,0.0,0.0,0.0,00:01,0.0,00:01,0.0,7.1,0.3
1782796453.677,0.0,0.0,0.0,0.0,00:01,0.0,00:01,0.0,7.1,0.3
1782796462.361,0.0,0.0,0.0,0.0,00:01,0.0,00:01,0.0,7.1,0.3
1782796467.374,0.0,0.0,0.0,0.0,00:01,0.0,00:01,0.0,7.1,0.3
1782796472.386,0.0,0.0,0.0,0.0,00:01,0.0,00:01,0.0,7.1,0.3
1782796477.397,0.0,0.0,0.0,0.0,00:01,0.0,00:01,0.0,7.1,0.3
1782796482.407,0.0,0.0,0.0,0.0,00:01,0.0,00:01,0.0,7.1,0.3
1782796487.417,0.0,0.0,0.0,0.0,00:01,0.0,00:01,0.0,7.1,0.3
1782796492.43,0.0,0.0,0.0,0.0,00:01,0.0,00:01,0.0,7.1,0.3
1782796497.437,0.0,0.0,0.0,0.0,00:01,0.0,00:01,0.0,7.1,0.3
1782796502.447,0.0,0.0,0.0,0.0,00:01,0.0,00:01,0.0,7.1,0.3
1782796507.462,0.0,0.0,0.0,0.0,00:01,0.0,00:01,0.0,7.1,0.3
1782796512.472,0.0,0.0,0.0,0.0,00:01,0.0,00:01,0.0,7.1,0.3
1782796517.483,0.0,0.0,0.0,0.0,00:01,0.0,00:01,0.0,7.1,0.3
1782796522.496,0.0,0.0,0.0,0.0,00:01,0.0,00:01,0.0,7.1,0.3
1782796527.506,0.0,0.0,0.0,0.0,00:01,0.0,00:01,0.0,7.1,0.3
1782796532.514,0.0,0.0,0.0,0.0,00:01,0.0,00:01,0.0,7.1,0.3
1782796537.522,0.0,0.0,0.0,0.0,00:01,0.0,00:01,0.0,7.1,0.3
1782796542.529,0.0,0.0,0.0,0.0,00:01,0.0,00:01,0.0,7.1,0.3
1782796547.539,0.0,0.0,0.0,0.0,00:01,0.0,00:01,0.0,7.1,0.3
1782796552.548,0.0,0.0,0.0,0.0,00:01,0.0,00:01,0.0,7.1,0.3
1782796557.554,0.0,0.0,0.0,0.0,00:01,0.0,00:01,0.0,7.1,0.3
1782796562.566,0.0,0.0,0.0,0.0,00:01,0.0,00:01,0.0,7.1,0.3
1782796567.573,0.0,0.0,0.0,0.0,00:01,0.0,00:01,0.0,7.1,0.3
1782796572.582,0.0,0.0,0.0,0.0,00:01,0.0,00:01,0.0,7.1,0.3
1782796577.588,0.0,0.0,0.0,0.0,00:01,0.0,00:01,0.0,7.1,0.3
1782796582.6,0.0,0.0,0.0,0.0,00:01,0.0,00:01,0.0,7.1,0.3
1782796587.607,0.0,0.0,0.0,0.0,00:01,0.0,00:01,0.0,7.1,0.3
1782796592.618,0.0,0.0,0.0,0.0,00:01,0.0,00:01,0.0,7.1,0.3
1782796597.63,0.0,0.0,0.0,0.0,00:01,0.0,00:01,0.0,7.1,0.3
1782796602.639,0.0,0.0,0.0,0.0,00:01,0.0,00:01,0.0,7.1,0.3
1782796607.647,0.0,0.0,0.0,0.0,00:01,0.0,00:01,0.0,7.1,0.3
1782796612.655,0.0,0.0,0.0,0.0,00:01,0.0,00:01,0.0,7.1,0.3
1782796617.664,0.0,0.0,0.0,0.0,00:01,0.0,00:01,0.0,7.1,0.3
1782796622.67,0.0,0.0,0.0,0.0,00:01,0.0,00:01,0.0,7.1,0.3
1782796627.674,0.0,0.0,0.0,0.0,00:01,0.0,00:01,0.0,7.1,0.3
1782796632.683,0.0,0.0,0.0,0.0,00:01,0.0,00:01,0.0,7.1,0.3
1782796637.691,0.0,0.0,0.0,0.0,00:01,0.0,00:01,0.0,7.1,0.3
1782796642.698,0.0,0.0,0.0,0.0,00:01,0.0,00:01,0.0,7.1,0.3
1782796647.704,0.0,0.0,0.0,0.0,00:01,0.0,00:01,0.0,7.1,0.3
1782796652.716,0.0,0.0,0.0,0.0,00:01,0.0,00:01,0.0,7.1,0.3
1782796657.728,0.0,0.0,0.0,0.0,00:01,0.0,00:01,0.0,7.1,0.3
1782796662.736,0.0,0.0,0.0,0.0,00:01,0.0,00:01,0.0,7.1,0.3
1782796667.742,0.0,0.0,0.0,0.0,00:01,0.0,00:01,0.0,7.1,0.3
1782796672.752,0.0,0.0,0.0,0.0,00:01,0.0,00:01,0.0,7.1,0.3
1782796677.758,0.0,0.0,0.0,0.0,00:01,0.0,00:01,0.0,7.1,0.3
1782796682.77,0.0,0.0,0.0,0.0,00:01,0.0,00:01,0.0,7.1,0.3
1782796687.777,0.0,0.0,0.0,0.0,00:01,0.0,00:01,0.0,7.1,0.3
1782796692.79,0.0,0.0,0.0,0.0,00:01,0.0,00:01,0.0,7.1,0.3
1782796697.806,0.0,0.0,0.0,0.0,00:01,0.0,00:01,0.0,7.1,0.3
1782796702.818,0.0,0.0,0.0,0.0,00:01,0.0,00:01,0.0,7.1,0.3
1782796707.836,0.0,0.0,0.0,0.0,00:01,0.0,00:01,0.0,7.1,0.3
1782796712.844,0.0,0.0,0.0,0.0,00:01,0.0,00:01,0.0,7.1,0.3
1782796717.859,0.0,0.0,0.0,0.0,00:01,0.0,00:01,0.0,7.1,0.3
1782796722.874,0.0,0.0,0.0,0.0,00:01,0.0,00:01,0.0,7.1,0.3
1782796727.887,0.0,0.0,0.0,0.0,00:01,0.0,00:01,0.0,7.1,0.3
1782796732.896,0.0,0.0,0.0,0.0,00:01,0.0,00:01,0.0,7.1,0.3
1782796737.922,0.0,0.0,0.0,0.0,00:01,0.0,00:01,0.0,7.1,0.3
1782796742.961,0.0,0.0,0.0,0.0,00:01,0.0,00:01,0.0,7.1,0.3
1782796747.97,0.0,0.0,0.0,0.0,00:01,0.0,00:01,0.0,7.1,0.3
1782796752.982,0.0,0.0,0.0,0.0,00:01,0.0,00:01,0.0,7.1,0.3
1782796757.984,0.0,0.0,0.0,0.0,00:01,0.0,00:01,0.0,7.1,0.3
1782796762.996,0.0,0.0,0.0,0.0,00:01,0.0,00:01,0.0,7.1,0.3
1782796768.012,0.0,0.0,0.0,0.0,00:01,0.0,00:01,0.0,7.1,0.3
1782796773.019,0.0,0.0,0.0,0.0,00:01,0.0,00:01,0.0,7.1,0.3
1782796778.031,0.0,0.0,0.0,0.0,00:01,0.0,00:01,0.0,7.1,0.3
1782796783.036,0.0,0.0,0.0,0.0,00:01,0.0,00:01,0.0,7.1,0.3
1782796788.046,0.0,0.0,0.0,0.0,00:01,0.0,00:01,0.0,7.1,0.3
1782796793.057,0.0,0.0,0.0,0.0,00:01,0.0,00:01,0.0,7.1,0.3
1782796798.067,0.0,0.0,0.0,0.0,00:01,0.0,00:01,0.0,7.1,0.3
1782796803.072,0.0,0.0,0.0,0.0,00:01,0.0,00:01,0.0,7.1,0.3
1782796808.081,0.0,0.0,0.0,0.0,00:01,0.0,00:01,0.0,7.1,0.3
1782796813.092,0.0,0.0,0.0,0.0,00:01,0.0,00:01,0.0,7.1,0.3
1782796818.102,0.0,0.0,0.0,0.0,00:01,0.0,00:01,0.0,7.1,0.3
1782796823.116,0.0,0.0,0.0,0.0,00:01,0.0,00:01,0.0,7.1,0.3
1782796828.12,0.0,0.0,0.0,0.0,00:01,0.0,00:01,0.0,7.1,0.3
1782796833.136,0.0,0.0,0.0,0.0,00:01,0.0,00:01,0.0,7.1,0.3
1782796838.143,0.0,0.0,0.0,0.0,00:01,0.0,00:01,0.0,7.1,0.3
1782796843.15,0.0,0.0,0.0,0.0,00:01,0.0,00:01,0.0,7.1,0.3
1782796848.155,0.0,0.0,0.0,0.0,00:01,0.0,00:01,0.0,7.1,0.3
1782796853.163,0.0,0.0,0.0,0.0,00:01,0.0,00:01,0.0,7.1,0.3
1782796858.173,0.0,0.0,0.0,0.0,00:01,0.0,00:01,0.0,7.1,0.3
1782796863.179,0.0,0.0,0.0,0.0,00:01,0.0,00:01,0.0,7.1,0.3
1782796868.188,0.0,0.0,0.0,0.0,00:01,0.0,00:01,0.0,7.1,0.3
1782796873.194,0.0,0.0,0.0,0.0,00:01,0.0,00:01,0.0,7.1,0.3
1782796878.202,0.0,0.0,0.0,0.0,00:01,0.0,00:01,0.0,7.1,0.3
1782796883.21,0.0,0.0,0.0,0.0,00:01,0.0,00:01,0.0,7.1,0.3
1782796888.217,0.0,0.0,0.0,0.0,00:01,0.0,00:01,0.0,7.1,0.3
1782796893.227,0.0,0.0,0.0,0.0,00:01,0.0,00:01,0.0,7.1,0.3
1782796898.231,0.0,0.0,0.0,0.0,00:01,0.0,00:01,0.0,7.1,0.3
1782796903.24,0.0,0.0,0.0,0.0,00:01,0.0,00:01,0.0,7.1,0.3
1782796908.25,0.0,0.0,0.0,0.0,00:01,0.0,00:01,0.0,7.1,0.3
1782796913.26,0.0,0.0,0.0,0.0,00:01,0.0,00:01,0.0,7.1,0.3
1782796918.27,0.0,0.0,0.0,0.0,00:01,0.0,00:01,0.0,7.1,0.3
1782796923.276,0.0,0.0,0.0,0.0,00:01,0.0,00:01,0.0,7.1,0.3
1782796928.286,0.0,0.0,0.0,0.0,00:01,0.0,00:01,0.0,7.1,0.3
1782796933.294,0.0,0.0,0.0,0.0,00:01,0.0,00:01,0.0,7.1,0.3
1782796938.302,0.0,0.0,0.0,0.0,00:01,0.0,00:01,0.0,7.1,0.3
1782796943.31,0.0,0.0,0.0,0.0,00:01,0.0,00:01,0.0,7.1,0.3
1782796948.32,0.0,0.0,0.0,0.0,00:01,0.0,00:01,0.0,7.1,0.3
1782796953.331,0.0,0.0,0.0,0.0,00:01,0.0,00:01,0.0,7.1,0.3
1782796958.337,0.0,0.0,0.0,0.0,00:01,0.0,00:01,0.0,7.1,0.3
1782796963.348,0.0,0.0,0.0,0.0,00:01,0.0,00:01,0.0,7.1,0.3
1782796968.356,0.0,0.0,0.0,0.0,00:01,0.0,00:01,0.0,7.1,0.3
1782796973.364,0.0,0.0,0.0,0.0,00:01,0.0,00:01,0.0,7.1,0.3
1782796978.375,0.0,0.0,0.0,0.0,00:01,0.0,00:01,0.0,7.1,0.3
1782796983.383,0.0,0.0,0.0,0.0,00:01,0.0,00:01,0.0,7.1,0.3
1782796988.388,0.0,0.0,0.0,0.0,00:01,0.0,00:01,0.0,7.1,0.3
1782796993.399,0.0,0.0,0.0,0.0,00:01,0.0,00:01,0.0,7.1,0.3
1782796998.407,0.0,0.0,0.0,0.0,00:01,0.0,00:01,0.0,7.1,0.3
1782797003.415,0.0,0.0,0.0,0.0,00:01,0.0,00:01,0.0,7.1,0.3
1782797008.503,0.0,0.0,0.0,0.0,00:01,0.0,00:01,0.0,7.1,0.3
1782797013.527,0.0,0.0,0.0,0.0,00:01,0.0,00:01,0.0,7.1,0.3
1782797018.537,0.0,0.0,0.0,0.0,00:01,0.0,00:01,0.0,7.1,0.3
1782797023.547,0.0,0.0,0.0,0.0,00:01,0.0,00:01,0.0,7.1,0.3
1782797028.557,0.0,0.0,0.0,0.0,00:01,0.0,00:01,0.0,7.1,0.3
1782797033.568,0.0,0.0,0.0,0.0,00:01,0.0,00:01,0.0,7.1,0.3
1782797038.573,0.0,0.0,0.0,0.0,00:01,0.0,00:01,0.0,7.1,0.3
1782797043.587,0.0,0.0,0.0,0.0,00:01,0.0,00:01,0.0,7.1,0.3
1782797048.597,0.0,0.0,0.0,0.0,00:01,0.0,00:01,0.0,7.1,0.3
1782797053.608,0.0,0.0,0.0,0.0,00:01,0.0,00:01,0.0,7.1,0.3
1782797058.615,0.0,0.0,0.0,0.0,00:01,0.0,00:01,0.0,7.1,0.3
1782797063.623,0.0,0.0,0.0,0.0,00:01,0.0,00:01,0.0,7.1,0.3
1782797068.636,0.0,0.0,0.0,0.0,00:01,0.0,00:01,0.0,7.1,0.3
1782797073.65,0.0,0.0,0.0,0.0,00:01,0.0,00:01,0.0,7.1,0.3
1782797078.663,0.0,0.0,0.0,0.0,00:01,0.0,00:01,0.0,7.1,0.3
1782797083.67,0.0,0.0,0.0,0.0,00:01,0.0,00:01,0.0,7.1,0.3
1782797088.679,0.0,0.0,0.0,0.0,00:01,0.0,00:01,0.0,7.1,0.3
1782797093.694,0.0,0.0,0.0,0.0,00:01,0.0,00:01,0.0,7.1,0.3
1782797098.704,0.0,0.0,0.0,0.0,00:01,0.0,00:01,0.0,7.1,0.3
1782797103.711,0.0,0.0,0.0,0.0,00:01,0.0,00:01,0.0,7.1,0.3
1782797115.008,0.0,0.0,0.0,0.0,00:01,0.0,00:01,0.0,7.1,0.3
1782797120.019,0.0,0.0,0.0,0.0,00:01,0.0,00:01,0.0,7.1,0.3
1782797125.027,0.0,0.0,0.0,0.0,00:01,0.0,00:01,0.0,7.1,0.3
1782797130.035,0.0,0.0,0.0,0.0,00:01,0.0,00:01,0.0,7.1,0.3
1782797135.045,0.0,0.0,0.0,0.0,00:01,0.0,00:01,0.0,7.1,0.3
1782797140.05,0.0,0.0,0.0,0.0,00:01,0.0,00:01,0.0,7.1,0.3
1782797145.059,0.0,0.0,0.0,0.0,00:01,0.0,00:01,0.0,7.1,0.3
1782797150.067,0.0,0.0,0.0,0.0,00:01,0.0,00:01,0.0,7.1,0.3
1782797155.075,0.0,0.0,0.0,0.0,00:01,0.0,00:01,0.0,7.1,0.3
1782797160.082,0.0,0.0,0.0,0.0,00:01,0.0,00:01,0.0,7.1,0.3
1782797165.087,0.0,0.0,0.0,0.0,00:01,0.0,00:01,0.0,7.1,0.3
1782797170.097,0.0,0.0,0.0,0.0,00:01,0.0,00:01,0.0,7.1,0.3
1782797175.102,0.0,0.0,0.0,0.0,00:01,0.0,00:01,0.0,7.1,0.3
1782797180.11,0.0,0.0,0.0,0.0,00:01,0.0,00:01,0.0,7.1,0.3
1782797185.116,0.0,0.0,0.0,0.0,00:01,0.0,00:01,0.0,7.1,0.3
1782797190.126,0.0,0.0,0.0,0.0,00:01,0.0,00:01,0.0,7.1,0.3
1782797195.135,0.0,0.0,0.0,0.0,00:01,0.0,00:01,0.0,7.1,0.3
1782797200.146,0.0,0.0,0.0,0.0,00:01,0.0,00:01,0.0,7.1,0.3
1782797205.155,0.0,0.0,0.0,0.0,00:01,0.0,00:01,0.0,7.1,0.3
1782797210.162,0.0,0.0,0.0,0.0,00:01,0.0,00:01,0.0,7.1,0.3
1782797215.173,0.0,0.0,0.0,0.0,00:01,0.0,00:01,0.0,7.1,0.3
1782797220.18,0.0,0.0,0.0,0.0,00:01,0.0,00:01,0.0,7.1,0.3
1782797225.186,0.0,0.0,0.0,0.0,00:01,0.0,00:01,0.0,7.1,0.3
1782797230.194,0.0,0.0,0.0,0.0,00:01,0.0,00:01,0.0,7.1,0.3
1782797233.415,0.0,0.0,0.0,0.0,00:01,0.0,00:01,0.0,7.1,0.3
1782797241.975,0.0,0.0,0.0,0.0,00:01,0.0,00:01,0.0,7.1,0.3
1782797246.985,0.0,0.0,0.0,0.0,00:01,0.0,00:01,0.0,7.1,0.3
1782797251.996,0.0,0.0,0.0,0.0,00:01,0.0,00:01,0.0,7.1,0.3
1782797257.008,0.0,0.0,0.0,0.0,00:01,0.0,00:01,0.0,7.1,0.3
1782797262.015,0.0,0.0,0.0,0.0,00:01,0.0,00:01,0.0,7.1,0.3
1782797267.024,0.0,0.0,0.0,0.0,00:01,0.0,00:01,0.0,7.1,0.3
1782797272.038,0.0,0.0,0.0,0.0,00:01,0.0,00:01,0.0,7.1,0.3
1782797277.049,0.0,0.0,0.0,0.0,00:01,0.0,00:01,0.0,7.1,0.3
1782797282.058,0.0,0.0,0.0,0.0,00:01,0.0,00:01,0.0,7.1,0.3
1782797287.072,0.0,0.0,0.0,0.0,00:01,0.0,00:01,0.0,7.1,0.3
1782797292.082,0.0,0.0,0.0,0.0,00:01,0.0,00:01,0.0,7.1,0.3
1782797297.091,0.0,0.0,0.0,0.0,00:01,0.0,00:01,0.0,7.1,0.3
1782797302.104,0.0,0.0,0.0,0.0,00:01,0.0,00:01,0.0,7.1,0.3
1782797307.117,0.0,0.0,0.0,0.0,00:01,0.0,00:01,0.0,7.1,0.3
1782797312.125,0.0,0.0,0.0,0.0,00:01,0.0,00:01,0.0,7.1,0.3
1782797315.593,0.0,0.0,0.0,0.0,00:01,0.0,00:01,0.0,7.1,0.3
1782797324.15,0.0,0.0,0.0,0.0,00:01,0.0,00:01,0.0,7.1,0.3
1782797329.164,0.0,0.0,0.0,0.0,00:01,0.0,00:01,0.0,7.1,0.3
1782797334.178,0.0,0.0,0.0,0.0,00:01,0.0,00:01,0.0,7.1,0.3
1782797339.193,0.0,0.0,0.0,0.0,00:01,0.0,00:01,0.0,7.1,0.3
1782797344.206,0.0,0.0,0.0,0.0,00:01,0.0,00:01,0.0,7.1,0.3
1782797349.214,0.0,0.0,0.0,0.0,00:01,0.0,00:01,0.0,7.1,0.3
1782797354.228,0.0,0.0,0.0,0.0,00:01,0.0,00:01,0.0,7.1,0.3
1782797359.239,0.0,0.0,0.0,0.0,00:01,0.0,00:01,0.0,7.1,0.3
1782797364.253,0.0,0.0,0.0,0.0,00:01,0.0,00:01,0.0,7.1,0.3
1782797369.267,0.0,0.0,0.0,0.0,00:01,0.0,00:01,0.0,7.1,0.3
1782797374.279,0.0,0.0,0.0,0.0,00:01,0.0,00:01,0.0,7.1,0.3
1782797379.29,0.0,0.0,0.0,0.0,00:01,0.0,00:01,0.0,7.1,0.3
1782797384.304,0.0,0.0,0.0,0.0,00:01,0.0,00:01,0.0,7.1,0.3
1782797389.311,0.0,0.0,0.0,0.0,00:01,0.0,00:01,0.0,7.1,0.3
1782797394.316,0.0,0.0,0.0,0.0,00:01,0.0,00:01,0.0,7.1,0.3
1782797399.326,0.0,0.0,0.0,0.0,00:01,0.0,00:01,0.0,7.1,0.3
1782797404.336,0.0,0.0,0.0,0.0,00:01,0.0,00:01,0.0,7.1,0.3
1782797409.346,0.0,0.0,0.0,0.0,00:01,0.0,00:01,0.0,7.1,0.3
1782797414.357,0.0,0.0,0.0,0.0,00:01,0.0,00:01,0.0,7.1,0.3
1782797419.363,0.0,0.0,0.0,0.0,00:01,0.0,00:01,0.0,7.1,0.3
1782797424.373,0.0,0.0,0.0,0.0,00:01,0.0,00:01,0.0,7.1,0.3
1782797429.381,0.0,0.0,0.0,0.0,00:01,0.0,00:01,0.0,7.1,0.3
1782797434.389,0.0,0.0,0.0,0.0,00:01,0.0,00:01,0.0,7.1,0.3
1782797439.399,0.0,0.0,0.0,0.0,00:01,0.0,00:01,0.0,7.1,0.3
1782797444.408,0.0,0.0,0.0,0.0,00:01,0.0,00:01,0.0,7.1,0.3
1782797449.42,0.0,0.0,0.0,0.0,00:01,0.0,00:01,0.0,7.1,0.3
1782797454.432,0.0,0.0,0.0,0.0,00:01,0.0,00:01,0.0,7.1,0.3
1782797459.444,0.0,0.0,0.0,0.0,00:01,0.0,00:01,0.0,7.1,0.3
1782797464.451,0.0,0.0,0.0,0.0,00:01,0.0,00:01,0.0,7.1,0.3
1782797469.462,0.0,0.0,0.0,0.0,00:01,0.0,00:01,0.0,7.1,0.3
1782797474.474,0.0,0.0,0.0,0.0,00:01,0.0,00:01,0.0,7.1,0.3
1782797479.485,0.0,0.0,0.0,0.0,00:01,0.0,00:01,0.0,7.1,0.3
1782797484.499,0.0,0.0,0.0,0.0,00:01,0.0,00:01,0.0,7.1,0.3
1782797489.508,0.0,0.0,0.0,0.0,00:01,0.0,00:01,0.0,7.1,0.3
1782797494.522,0.0,0.0,0.0,0.0,00:01,0.0,00:01,0.0,7.1,0.3
1782797499.533,0.0,0.0,0.0,0.0,00:01,0.0,00:01,0.0,7.1,0.3
1782797504.544,0.0,0.0,0.0,0.0,00:01,0.0,00:01,0.0,7.1,0.3
1782797509.557,0.0,0.0,0.0,0.0,00:01,0.0,00:01,0.0,7.1,0.3
1782797514.566,0.0,0.0,0.0,0.0,00:01,0.0,00:01,0.0,7.1,0.3
1782797519.574,0.0,0.0,0.0,0.0,00:01,0.0,00:01,0.0,7.1,0.3
1782797524.589,0.0,0.0,0.0,0.0,00:01,0.0,00:01,0.0,7.1,0.3
1782797529.602,0.0,0.0,0.0,0.0,00:01,0.0,00:01,0.0,7.1,0.3
1782797534.616,0.0,0.0,0.0,0.0,00:01,0.0,00:01,0.0,7.1,0.3
1782797539.621,0.0,0.0,0.0,0.0,00:01,0.0,00:01,0.0,7.1,0.3
1782797544.636,0.0,0.0,0.0,0.0,00:01,0.0,00:01,0.0,7.1,0.3
1782797549.646,0.0,0.0,0.0,0.0,00:01,0.0,00:01,0.0,7.1,0.3
1782797554.659,0.0,0.0,0.0,0.0,00:01,0.0,00:01,0.0,7.1,0.3
1782797559.666,0.0,0.0,0.0,0.0,00:01,0.0,00:01,0.0,7.1,0.3
1782797564.679,0.0,0.0,0.0,0.0,00:01,0.0,00:01,0.0,7.1,0.3
1782797569.69,0.0,0.0,0.0,0.0,00:01,0.0,00:01,0.0,7.1,0.3
1782797574.698,0.0,0.0,0.0,0.0,00:01,0.0,00:01,0.0,7.1,0.3
1782797579.71,0.0,0.0,0.0,0.0,00:01,0.0,00:01,0.0,7.1,0.3
1782797584.719,0.0,0.0,0.0,0.0,00:01,0.0,00:01,0.0,7.1,0.3
1782797589.734,0.0,0.0,0.0,0.0,00:01,0.0,00:01,0.0,7.1,0.3
1782797594.748,0.0,0.0,0.0,0.0,00:01,0.0,00:01,0.0,7.1,0.3
1782797599.759,0.0,0.0,0.0,0.0,00:01,0.0,00:01,0.0,7.1,0.3
1782797604.773,0.0,0.0,0.0,0.0,00:01,0.0,00:01,0.0,7.1,0.3
1782797609.781,0.0,0.0,0.0,0.0,00:01,0.0,00:01,0.0,7.1,0.3
1782797614.788,0.0,0.0,0.0,0.0,00:01,0.0,00:01,0.0,7.1,0.3
1782797619.801,0.0,0.0,0.0,0.0,00:01,0.0,00:01,0.0,7.1,0.3
1782797624.813,0.0,0.0,0.0,0.0,00:01,0.0,00:01,0.0,7.1,0.3
1782797629.826,0.0,0.0,0.0,0.0,00:01,0.0,00:01,0.0,7.1,0.3
1782797634.835,0.0,0.0,0.0,0.0,00:01,0.0,00:01,0.0,7.1,0.3
1782797639.849,0.0,0.0,0.0,0.0,00:01,0.0,00:01,0.0,7.1,0.3
1782797644.86,0.0,0.0,0.0,0.0,00:01,0.0,00:01,0.0,7.1,0.3
1782797649.874,0.0,0.0,0.0,0.0,00:01,0.0,00:01,0.0,7.1,0.3
1782797654.88,0.0,0.0,0.0,0.0,00:01,0.0,00:01,0.0,7.1,0.3
1782797659.893,0.0,0.0,0.0,0.0,00:01,0.0,00:01,0.0,7.1,0.3
1782797664.908,0.0,0.0,0.0,0.0,00:01,0.0,00:01,0.0,7.1,0.3
1782797669.918,0.0,0.0,0.0,0.0,00:01,0.0,00:01,0.0,7.1,0.3
1782797674.934,0.0,0.0,0.0,0.0,00:01,0.0,00:01,0.0,7.1,0.3
1782797679.941,0.0,0.0,0.0,0.0,00:01,0.0,00:01,0.0,7.1,0.3
1782797684.95,0.0,0.0,0.0,0.0,00:01,0.0,00:01,0.0,7.1,0.3
1782797689.962,0.0,0.0,0.0,0.0,00:01,0.0,00:01,0.0,7.1,0.3
1782797694.977,0.0,0.0,0.0,0.0,00:01,0.0,00:01,0.0,7.1,0.3
1782797699.989,0.0,0.0,0.0,0.0,00:01,0.0,00:01,0.0,7.1,0.3
1782797704.992,0.0,0.0,0.0,0.0,00:01,0.0,00:01,0.0,7.1,0.3
1782797710.007,0.0,0.0,0.0,0.0,00:01,0.0,00:01,0.0,7.1,0.3
1782797715.019,0.0,0.0,0.0,0.0,00:01,0.0,00:01,0.0,7.1,0.3
1782797720.034,0.0,0.0,0.0,0.0,00:01,0.0,00:01,0.0,7.1,0.3
1782797725.042,0.0,0.0,0.0,0.0,00:01,0.0,00:01,0.0,7.1,0.3
1782797730.053,0.0,0.0,0.0,0.0,00:01,0.0,00:01,0.0,7.1,0.3
1782797735.066,0.0,0.0,0.0,0.0,00:01,0.0,00:01,0.0,7.1,0.3
1782797740.073,0.0,0.0,0.0,0.0,00:01,0.0,00:01,0.0,7.1,0.3
1782797745.084,0.0,0.0,0.0,0.0,00:01,0.0,00:01,0.0,7.1,0.3
1782797750.092,0.0,0.0,0.0,0.0,00:01,0.0,00:01,0.0,7.1,0.3
1782797755.102,0.0,0.0,0.0,0.0,00:01,0.0,00:01,0.0,7.1,0.3
1782797760.115,0.0,0.0,0.0,0.0,00:01,0.0,00:01,0.0,7.1,0.3
1782797765.126,0.0,0.0,0.0,0.0,00:01,0.0,00:01,0.0,7.1,0.3
1782797770.136,0.0,0.0,0.0,0.0,00:01,0.0,00:01,0.0,7.1,0.3
1782797775.142,0.0,0.0,0.0,0.0,00:01,0.0,00:01,0.0,7.1,0.3
1782797780.154,0.0,0.0,0.0,0.0,00:01,0.0,00:01,0.0,7.1,0.3
1782797785.168,0.0,0.0,0.0,0.0,00:01,0.0,00:01,0.0,7.1,0.3
1782797790.177,0.0,0.0,0.0,0.0,00:01,0.0,00:01,0.0,7.1,0.3
1782797795.184,0.0,0.0,0.0,0.0,00:01,0.0,00:01,0.0,7.1,0.3
1782797800.193,0.0,0.0,0.0,0.0,00:01,0.0,00:01,0.0,7.1,0.3
1782797805.204,0.0,0.0,0.0,0.0,00:01,0.0,00:01,0.0,7.1,0.3
1782797810.214,0.0,0.0,0.0,0.0,00:01,0.0,00:01,0.0,7.1,0.3
1782797815.226,0.0,0.0,0.0,0.0,00:01,0.0,00:01,0.0,7.1,0.3
1782797820.232,0.0,0.0,0.0,0.0,00:01,0.0,00:01,0.0,7.1,0.3
1782797825.24,0.0,0.0,0.0,0.0,00:01,0.0,00:01,0.0,7.1,0.3
1782797830.251,0.0,0.0,0.0,0.0,00:01,0.0,00:01,0.0,7.1,0.3
1782797835.267,0.0,0.0,0.0,0.0,00:01,0.0,00:01,0.0,7.1,0.3
1782797840.282,0.0,0.0,0.0,0.0,00:01,0.0,00:01,0.0,7.1,0.3
1782797845.285,0.0,0.0,0.0,0.0,00:01,0.0,00:01,0.0,7.1,0.3
1782797850.296,0.0,0.0,0.0,0.0,00:01,0.0,00:01,0.0,7.1,0.3
1782797855.308,0.0,0.0,0.0,0.0,00:01,0.0,00:01,0.0,7.1,0.3
1782797860.321,0.0,0.0,0.0,0.0,00:01,0.0,00:01,0.0,7.1,0.3
1782797865.334,0.0,0.0,0.0,0.0,00:01,0.0,00:01,0.0,7.1,0.3
1782797870.341,0.0,0.0,0.0,0.0,00:01,0.0,00:01,0.0,7.1,0.3
1782797875.354,0.0,0.0,0.0,0.0,00:01,0.0,00:01,0.0,7.1,0.3
1782797880.369,0.0,0.0,0.0,0.0,00:01,0.0,00:01,0.0,7.1,0.3
1782797885.385,0.0,0.0,0.0,0.0,00:01,0.0,00:01,0.0,7.1,0.3
1782797890.392,0.0,0.0,0.0,0.0,00:01,0.0,00:01,0.0,7.1,0.3
1782797895.407,0.0,0.0,0.0,0.0,00:01,0.0,00:01,0.0,7.1,0.3
1782797900.414,0.0,0.0,0.0,0.0,00:01,0.0,00:01,0.0,7.1,0.3
1782797905.425,0.0,0.0,0.0,0.0,00:01,0.0,00:01,0.0,7.1,0.3
1782797910.441,0.0,0.0,0.0,0.0,00:01,0.0,00:01,0.0,7.1,0.3
1782797915.448,0.0,0.0,0.0,0.0,00:01,0.0,00:01,0.0,7.1,0.3
1782797920.46,0.0,0.0,0.0,0.0,00:01,0.0,00:01,0.0,7.1,0.3
1782797925.471,0.0,0.0,0.0,0.0,00:01,0.0,00:01,0.0,7.1,0.3
1782797930.482,0.0,0.0,0.0,0.0,00:01,0.0,00:01,0.0,7.1,0.3
1782797935.493,0.0,0.0,0.0,0.0,00:01,0.0,00:01,0.0,7.1,0.3
1782797940.499,0.0,0.0,0.0,0.0,00:01,0.0,00:01,0.0,7.1,0.3
1782797945.507,0.0,0.0,0.0,0.0,00:01,0.0,00:01,0.0,7.1,0.3
1782797950.516,0.0,0.0,0.0,0.0,00:01,0.0,00:01,0.0,7.1,0.3
1782797955.527,0.0,0.0,0.0,0.0,00:01,0.0,00:01,0.0,7.1,0.3
1782797960.534,0.0,0.0,0.0,0.0,00:01,0.0,00:01,0.0,7.1,0.3
1782797965.544,0.0,0.0,0.0,0.0,00:01,0.0,00:01,0.0,7.1,0.3
1782797970.55,0.0,0.0,0.0,0.0,00:01,0.0,00:01,0.0,7.1,0.3
1782797975.562,0.0,0.0,0.0,0.0,00:01,0.0,00:01,0.0,7.1,0.3
1782797980.573,0.0,0.0,0.0,0.0,00:01,0.0,00:01,0.0,7.1,0.3
1782797985.582,0.0,0.0,0.0,0.0,00:01,0.0,00:01,0.0,7.1,0.3
1782797990.589,0.0,0.0,0.0,0.0,00:01,0.0,00:01,0.0,7.1,0.3
1782797995.6,0.0,0.0,0.0,0.0,00:01,0.0,00:01,0.0,7.1,0.3
1782798000.608,0.0,0.0,0.0,0.0,00:01,0.0,00:01,0.0,7.1,0.3
1782798005.618,0.0,0.0,0.0,0.0,00:01,0.0,00:01,0.0,7.1,0.3
1782798010.622,0.0,0.0,0.0,0.0,00:01,0.0,00:01,0.0,7.1,0.3
1782798015.632,0.0,0.0,0.0,0.0,00:01,0.0,00:01,0.0,7.1,0.3
1782798020.644,0.0,0.0,0.0,0.0,00:01,0.0,00:01,0.0,7.1,0.3
1782798025.659,0.0,0.0,0.0,0.0,00:01,0.0,00:01,0.0,7.1,0.3
1782798030.663,0.0,0.0,0.0,0.0,00:01,0.0,00:01,0.0,7.1,0.3
1782798035.679,0.0,0.0,0.0,0.0,00:01,0.0,00:01,0.0,7.1,0.3
1782798040.69,0.0,0.0,0.0,0.0,00:01,0.0,00:01,0.0,7.1,0.3
1782798045.704,0.0,0.0,0.0,0.0,00:01,0.0,00:01,0.0,7.1,0.3
1782798050.718,0.0,0.0,0.0,0.0,00:01,0.0,00:01,0.0,7.1,0.3
1782798055.724,0.0,0.0,0.0,0.0,00:01,0.0,00:01,0.0,7.1,0.3
1782798060.738,0.0,0.0,0.0,0.0,00:01,0.0,00:01,0.0,7.1,0.3
1782798065.752,0.0,0.0,0.0,0.0,00:01,0.0,00:01,0.0,7.1,0.3
1782798070.769,0.0,0.0,0.0,0.0,00:01,0.0,00:01,0.0,7.1,0.3
1782798075.78,0.0,0.0,0.0,0.0,00:01,0.0,00:01,0.0,7.1,0.3
1782798080.788,0.0,0.0,0.0,0.0,00:01,0.0,00:01,0.0,7.1,0.3
1782798085.801,0.0,0.0,0.0,0.0,00:01,0.0,00:01,0.0,7.1,0.3
1782798090.813,0.0,0.0,0.0,0.0,00:01,0.0,00:01,0.0,7.1,0.3
1782798095.825,0.0,0.0,0.0,0.0,00:01,0.0,00:01,0.0,7.1,0.3
1782798100.832,0.0,0.0,0.0,0.0,00:01,0.0,00:01,0.0,7.1,0.3
1782798105.836,0.0,0.0,0.0,0.0,00:01,0.0,00:01,0.0,7.1,0.3
1782798110.843,0.0,0.0,0.0,0.0,00:01,0.0,00:01,0.0,7.1,0.3
1782798115.849,0.0,0.0,0.0,0.0,00:01,0.0,00:01,0.0,7.1,0.3
1782798120.859,0.0,0.0,0.0,0.0,00:01,0.0,00:01,0.0,7.1,0.3
1782798125.864,0.0,0.0,0.0,0.0,00:01,0.0,00:01,0.0,7.1,0.3
1782798130.876,0.0,0.0,0.0,0.0,00:01,0.0,00:01,0.0,7.1,0.3
1782798135.89,0.0,0.0,0.0,0.0,00:01,0.0,00:01,0.0,7.1,0.3
1782798140.905,0.0,0.0,0.0,0.0,00:01,0.0,00:01,0.0,7.1,0.3
1782798145.912,0.0,0.0,0.0,0.0,00:01,0.0,00:01,0.0,7.1,0.3
1782798150.918,0.0,0.0,0.0,0.0,00:01,0.0,00:01,0.0,7.1,0.3
1782798155.93,0.0,0.0,0.0,0.0,00:01,0.0,00:01,0.0,7.1,0.3
1782798160.943,0.0,0.0,0.0,0.0,00:01,0.0,00:01,0.0,7.1,0.3
1782798165.958,0.0,0.0,0.0,0.0,00:01,0.0,00:01,0.0,7.1,0.3
1782798170.968,0.0,0.0,0.0,0.0,00:01,0.0,00:01,0.0,7.1,0.3
1782798175.974,0.0,0.0,0.0,0.0,00:01,0.0,00:01,0.0,7.1,0.3
1782798180.989,0.0,0.0,0.0,0.0,00:01,0.0,00:01,0.0,7.1,0.3
1782798186.0,0.0,0.0,0.0,0.0,00:01,0.0,00:01,0.0,7.1,0.3
1782798191.014,0.0,0.0,0.0,0.0,00:01,0.0,00:01,0.0,7.1,0.3
1782798196.019,0.0,0.0,0.0,0.0,00:01,0.0,00:01,0.0,7.1,0.3
1782798201.031,0.0,0.0,0.0,0.0,00:01,0.0,00:01,0.0,7.1,0.3
1782798206.048,0.0,0.0,0.0,0.0,00:01,0.0,00:01,0.0,7.1,0.3
1782798211.058,0.0,0.0,0.0,0.0,00:01,0.0,00:01,0.0,7.1,0.3
1782798216.071,0.0,0.0,0.0,0.0,00:01,0.0,00:01,0.0,7.1,0.3
1782798221.078,0.0,0.0,0.0,0.0,00:01,0.0,00:01,0.0,7.1,0.3
1782798226.088,0.0,0.0,0.0,0.0,00:01,0.0,00:01,0.0,7.1,0.3
1782798231.101,0.0,0.0,0.0,0.0,00:01,0.0,00:01,0.0,7.1,0.3
1782798236.111,0.0,0.0,0.0,0.0,00:01,0.0,00:01,0.0,7.1,0.3
1782798241.119,0.0,0.0,0.0,0.0,00:01,0.0,00:01,0.0,7.1,0.3
1782798246.123,0.0,0.0,0.0,0.0,00:01,0.0,00:01,0.0,7.1,0.3
1782798251.135,0.0,0.0,0.0,0.0,00:01,0.0,00:01,0.0,7.1,0.3
1782798256.143,0.0,0.0,0.0,0.0,00:01,0.0,00:01,0.0,7.1,0.3
1782798261.152,0.0,0.0,0.0,0.0,00:01,0.0,00:01,0.0,7.1,0.3
1782798266.16,0.0,0.0,0.0,0.0,00:01,0.0,00:01,0.0,7.1,0.3
1782798271.165,0.0,0.0,0.0,0.0,00:01,0.0,00:01,0.0,7.1,0.3
1782798276.174,0.0,0.0,0.0,0.0,00:01,0.0,00:01,0.0,7.1,0.3
1782798281.182,0.0,0.0,0.0,0.0,00:01,0.0,00:01,0.0,7.1,0.3
1782798286.191,0.0,0.0,0.0,0.0,00:01,0.0,00:01,0.0,7.1,0.3
1782798291.2,0.0,0.0,0.0,0.0,00:01,0.0,00:01,0.0,7.1,0.3
1782798296.212,0.0,0.0,0.0,0.0,00:01,0.0,00:01,0.0,7.1,0.3
1782798301.221,0.0,0.0,0.0,0.0,00:01,0.0,00:01,0.0,7.1,0.3
1782798306.235,0.0,0.0,0.0,0.0,00:01,0.0,00:01,0.0,7.1,0.3
1782798311.24,0.0,0.0,0.0,0.0,00:01,0.0,00:01,0.0,7.1,0.3
1782798316.249,0.0,0.0,0.0,0.0,00:01,0.0,00:01,0.0,7.1,0.3
1782798321.26,0.0,0.0,0.0,0.0,00:01,0.0,00:01,0.0,7.1,0.3
1782798326.27,0.0,0.0,0.0,0.0,00:01,0.0,00:01,0.0,7.1,0.3
1782798331.282,0.0,0.0,0.0,0.0,00:01,0.0,00:01,0.0,7.1,0.3
1782798336.289,0.0,0.0,0.0,0.0,00:01,0.0,00:01,0.0,7.1,0.3
1782798341.302,0.0,0.0,0.0,0.0,00:01,0.0,00:01,0.0,7.1,0.3
1782798346.318,0.0,0.0,0.0,0.0,00:01,0.0,00:01,0.0,7.1,0.3
1782798351.329,0.0,0.0,0.0,0.0,00:01,0.0,00:01,0.0,7.1,0.3
1782798356.332,0.0,0.0,0.0,0.0,00:01,0.0,00:01,0.0,7.1,0.3
1782798361.346,0.0,0.0,0.0,0.0,00:01,0.0,00:01,0.0,7.1,0.3
1782798366.353,0.0,0.0,0.0,0.0,00:01,0.0,00:01,0.0,7.1,0.3
1782798371.369,0.0,0.0,0.0,0.0,00:01,0.0,00:01,0.0,7.1,0.3
1782798376.38,0.0,0.0,0.0,0.0,00:01,0.0,00:01,0.0,7.1,0.3
1782798381.39,0.0,0.0,0.0,0.0,00:01,0.0,00:01,0.0,7.1,0.3
1782798386.401,0.0,0.0,0.0,0.0,00:01,0.0,00:01,0.0,7.1,0.3
1782798391.411,0.0,0.0,0.0,0.0,00:01,0.0,00:01,0.0,7.1,0.3
1782798396.423,0.0,0.0,0.0,0.0,00:01,0.0,00:01,0.0,7.1,0.3
1782798401.431,0.0,0.0,0.0,0.0,00:01,0.0,00:01,0.0,7.1,0.3
1782798406.437,0.0,0.0,0.0,0.0,00:01,0.0,00:01,0.0,7.1,0.3
1782798411.447,0.0,0.0,0.0,0.0,00:01,0.0,00:01,0.0,7.1,0.3
1782798416.46,0.0,0.0,0.0,0.0,00:01,0.0,00:01,0.0,7.1,0.3
1782798421.469,0.0,0.0,0.0,0.0,00:01,0.0,00:01,0.0,7.1,0.3
1782798426.479,0.0,0.0,0.0,0.0,00:01,0.0,00:01,0.0,7.1,0.3
1782798431.486,0.0,0.0,0.0,0.0,00:01,0.0,00:01,0.0,7.1,0.3
1782798436.493,0.0,0.0,0.0,0.0,00:01,0.0,00:01,0.0,7.1,0.3
1782798441.504,0.0,0.0,0.0,0.0,00:01,0.0,00:01,0.0,7.1,0.3
1782798446.511,0.0,0.0,0.0,0.0,00:01,0.0,00:01,0.0,7.1,0.3
1782798451.515,0.0,0.0,0.0,0.0,00:01,0.0,00:01,0.0,7.1,0.3
1782798456.522,0.0,0.0,0.0,0.0,00:01,0.0,00:01,0.0,7.1,0.3
1782798461.534,0.0,0.0,0.0,0.0,00:01,0.0,00:01,0.0,7.1,0.3
1782798466.541,0.0,0.0,0.0,0.0,00:01,0.0,00:01,0.0,7.1,0.3
1782798471.547,0.0,0.0,0.0,0.0,00:01,0.0,00:01,0.0,7.1,0.3
1782798476.554,0.0,0.0,0.0,0.0,00:01,0.0,00:01,0.0,7.1,0.3
1782798481.564,0.0,0.0,0.0,0.0,00:01,0.0,00:01,0.0,7.1,0.3
1782798486.578,0.0,0.0,0.0,0.0,00:01,0.0,00:01,0.0,7.1,0.3
1782798491.589,0.0,0.0,0.0,0.0,00:01,0.0,00:01,0.0,7.1,0.3
1782798496.596,0.0,0.0,0.0,0.0,00:01,0.0,00:01,0.0,7.1,0.3
1782798501.61,0.0,0.0,0.0,0.0,00:01,0.0,00:01,0.0,7.1,0.3
1782798506.627,0.0,0.0,0.0,0.0,00:01,0.0,00:01,0.0,7.1,0.3
1782798511.636,0.0,0.0,0.0,0.0,00:01,0.0,00:01,0.0,7.1,0.3
1782798516.649,0.0,0.0,0.0,0.0,00:01,0.0,00:01,0.0,7.1,0.3
1782798521.652,0.0,0.0,0.0,0.0,00:01,0.0,00:01,0.0,7.1,0.3
1782798526.665,0.0,0.0,0.0,0.0,00:01,0.0,00:01,0.0,7.1,0.3
1782798531.682,0.0,0.0,0.0,0.0,00:01,0.0,00:01,0.0,7.1,0.3
1782798536.695,0.0,0.0,0.0,0.0,00:01,0.0,00:01,0.0,7.1,0.3
1782798541.702,0.0,0.0,0.0,0.0,00:01,0.0,00:01,0.0,7.1,0.3
1782798546.717,0.0,0.0,0.0,0.0,00:01,0.0,00:01,0.0,7.1,0.3
1782798551.731,0.0,0.0,0.0,0.0,00:01,0.0,00:01,0.0,7.1,0.3
1782798556.74,0.0,0.0,0.0,0.0,00:01,0.0,00:01,0.0,7.1,0.3
1782798561.754,0.0,0.0,0.0,0.0,00:01,0.0,00:01,0.0,7.1,0.3
1782798566.756,0.0,0.0,0.0,0.0,00:01,0.0,00:01,0.0,7.1,0.3
1782798571.77,0.0,0.0,0.0,0.0,00:01,0.0,00:01,0.0,7.1,0.3
1782798576.785,0.0,0.0,0.0,0.0,00:01,0.0,00:01,0.0,7.1,0.3
1782798581.797,0.0,0.0,0.0,0.0,00:01,0.0,00:01,0.0,7.1,0.3
1782798586.809,0.0,0.0,0.0,0.0,00:01,0.0,00:01,0.0,7.1,0.3
1782798591.816,0.0,0.0,0.0,0.0,00:01,0.0,00:01,0.0,7.1,0.3
1782798596.827,0.0,0.0,0.0,0.0,00:01,0.0,00:01,0.0,7.1,0.3
1782798601.84,0.0,0.0,0.0,0.0,00:01,0.0,00:01,0.0,7.1,0.3
1782798606.851,0.0,0.0,0.0,0.0,00:01,0.0,00:01,0.0,7.1,0.3
1782798611.856,0.0,0.0,0.0,0.0,00:01,0.0,00:01,0.0,7.1,0.3
1782798616.864,0.0,0.0,0.0,0.0,00:01,0.0,00:01,0.0,7.1,0.3
1782798621.873,0.0,0.0,0.0,0.0,00:01,0.0,00:01,0.0,7.1,0.3
1782798626.889,0.0,0.0,0.0,0.0,00:01,0.0,00:01,0.0,7.1,0.3
1782798631.904,0.0,0.0,0.0,0.0,00:01,0.0,00:01,0.0,7.1,0.3
1782798636.908,0.0,0.0,0.0,0.0,00:01,0.0,00:01,0.0,7.1,0.3
1782798641.922,0.0,0.0,0.0,0.0,00:01,0.0,00:01,0.0,7.1,0.3
1782798646.931,0.0,0.0,0.0,0.0,00:01,0.0,00:01,0.0,7.1,0.3
1782798651.94,0.0,0.0,0.0,0.0,00:01,0.0,00:01,0.0,7.1,0.3
1782798656.953,0.0,0.0,0.0,0.0,00:01,0.0,00:01,0.0,7.1,0.3
1782798661.96,0.0,0.0,0.0,0.0,00:01,0.0,00:01,0.0,7.1,0.3
1782798666.97,0.0,0.0,0.0,0.0,00:01,0.0,00:01,0.0,7.1,0.3
1782798671.982,0.0,0.0,0.0,0.0,00:01,0.0,00:01,0.0,7.1,0.3
1782798676.993,0.0,0.0,0.0,0.0,00:01,0.0,00:01,0.0,7.1,0.3
1782798682.006,0.0,0.0,0.0,0.0,00:01,0.0,00:01,0.0,7.1,0.3
1782798687.011,0.0,0.0,0.0,0.0,00:01,0.0,00:01,0.0,7.1,0.3
1782798692.02,0.0,0.0,0.0,0.0,00:01,0.0,00:01,0.0,7.1,0.3
1782798697.033,0.0,0.0,0.0,0.0,00:01,0.0,00:01,0.0,7.1,0.3
1782798702.046,0.0,0.0,0.0,0.0,00:01,0.0,00:01,0.0,7.1,0.3
1782798707.052,0.0,0.0,0.0,0.0,00:01,0.0,00:01,0.0,7.1,0.3
1782798712.06,0.0,0.0,0.0,0.0,00:01,0.0,00:01,0.0,7.1,0.3
1782798717.075,0.0,0.0,0.0,0.0,00:01,0.0,00:01,0.0,7.1,0.3
1782798722.086,0.0,0.0,0.0,0.0,00:01,0.0,00:01,0.0,7.1,0.3
1782798727.101,0.0,0.0,0.0,0.0,00:01,0.0,00:01,0.0,7.1,0.3
1782798732.111,0.0,0.0,0.0,0.0,00:01,0.0,00:01,0.0,7.1,0.3
1782798737.119,0.0,0.0,0.0,0.0,00:01,0.0,00:01,0.0,7.1,0.3
1782798742.131,0.0,0.0,0.0,0.0,00:01,0.0,00:01,0.0,7.1,0.3
1782798747.144,0.0,0.0,0.0,0.0,00:01,0.0,00:01,0.0,7.1,0.3
1782798752.154,0.0,0.0,0.0,0.0,00:01,0.0,00:01,0.0,7.1,0.3
1782798757.159,0.0,0.0,0.0,0.0,00:01,0.0,00:01,0.0,7.1,0.3
1782798762.165,0.0,0.0,0.0,0.0,00:01,0.0,00:01,0.0,7.1,0.3
1782798767.175,0.0,0.0,0.0,0.0,00:01,0.0,00:01,0.0,7.1,0.3
1782798772.186,0.0,0.0,0.0,0.0,00:01,0.0,00:01,0.0,7.1,0.3
1782798777.188,0.0,0.0,0.0,0.0,00:01,0.0,00:01,0.0,7.1,0.3
1782798782.198,0.0,0.0,0.0,0.0,00:01,0.0,00:01,0.0,7.1,0.3
1782798787.209,0.0,0.0,0.0,0.0,00:01,0.0,00:01,0.0,7.1,0.3
1782798792.219,0.0,0.0,0.0,0.0,00:01,0.0,00:01,0.0,7.1,0.3
1782798797.223,0.0,0.0,0.0,0.0,00:01,0.0,00:01,0.0,7.1,0.3
1782798802.23,0.0,0.0,0.0,0.0,00:01,0.0,00:01,0.0,7.1,0.3
1782798807.239,0.0,0.0,0.0,0.0,00:01,0.0,00:01,0.0,7.1,0.3
1782798812.255,0.0,0.0,0.0,0.0,00:01,0.0,00:01,0.0,7.1,0.3
1782798817.269,0.0,0.0,0.0,0.0,00:01,0.0,00:01,0.0,7.1,0.3
1782798822.281,0.0,0.0,0.0,0.0,00:01,0.0,00:01,0.0,7.1,0.3
1782798827.285,0.0,0.0,0.0,0.0,00:01,0.0,00:01,0.0,7.1,0.3
1782798832.297,0.0,0.0,0.0,0.0,00:01,0.0,00:01,0.0,7.1,0.3
1782798837.31,0.0,0.0,0.0,0.0,00:01,0.0,00:01,0.0,7.1,0.3
1782798842.322,0.0,0.0,0.0,0.0,00:01,0.0,00:01,0.0,7.1,0.3
1782798847.335,0.0,0.0,0.0,0.0,00:01,0.0,00:01,0.0,7.1,0.3
1782798852.341,0.0,0.0,0.0,0.0,00:01,0.0,00:01,0.0,7.1,0.3
1782798857.356,0.0,0.0,0.0,0.0,00:01,0.0,00:01,0.0,7.1,0.3
1782798862.364,0.0,0.0,0.0,0.0,00:01,0.0,00:01,0.0,7.1,0.3
1782798867.373,0.0,0.0,0.0,0.0,00:01,0.0,00:01,0.0,7.1,0.3
1782798872.38,0.0,0.0,0.0,0.0,00:01,0.0,00:01,0.0,7.1,0.3
1782798877.39,0.0,0.0,0.0,0.0,00:01,0.0,00:01,0.0,7.1,0.3
1782798882.401,0.0,0.0,0.0,0.0,00:01,0.0,00:01,0.0,7.1,0.3
1782798887.412,0.0,0.0,0.0,0.0,00:01,0.0,00:01,0.0,7.1,0.3
1782798892.422,0.0,0.0,0.0,0.0,00:01,0.0,00:01,0.0,7.1,0.3
1782798897.428,0.0,0.0,0.0,0.0,00:01,0.0,00:01,0.0,7.1,0.3
1782798902.438,0.0,0.0,0.0,0.0,00:01,0.0,00:01,0.0,7.1,0.3
1782798907.448,0.0,0.0,0.0,0.0,00:01,0.0,00:01,0.0,7.1,0.3
1782798912.458,0.0,0.0,0.0,0.0,00:01,0.0,00:01,0.0,7.1,0.3
1782798917.468,0.0,0.0,0.0,0.0,00:01,0.0,00:01,0.0,7.1,0.3
1782798922.472,0.0,0.0,0.0,0.0,00:01,0.0,00:01,0.0,7.1,0.3
1782798927.485,0.0,0.0,0.0,0.0,00:01,0.0,00:01,0.0,7.1,0.3
1782798932.492,0.0,0.0,0.0,0.0,00:01,0.0,00:01,0.0,7.1,0.3
1782798937.501,0.0,0.0,0.0,0.0,00:01,0.0,00:01,0.0,7.1,0.3
1782798942.503,0.0,0.0,0.0,0.0,00:01,0.0,00:01,0.0,7.1,0.3
1782798947.512,0.0,0.0,0.0,0.0,00:01,0.0,00:01,0.0,7.1,0.3
1782798952.521,0.0,0.0,0.0,0.0,00:01,0.0,00:01,0.0,7.1,0.3
1782798957.53,0.0,0.0,0.0,0.0,00:01,0.0,00:01,0.0,7.1,0.3
1782798962.54,0.0,0.0,0.0,0.0,00:01,0.0,00:01,0.0,7.1,0.3
1782798967.547,0.0,0.0,0.0,0.0,00:01,0.0,00:01,0.0,7.1,0.3
1782798972.558,0.0,0.0,0.0,0.0,00:01,0.0,00:01,0.0,7.1,0.3
1782798977.568,0.0,0.0,0.0,0.0,00:01,0.0,00:01,0.0,7.1,0.3
1782798982.582,0.0,0.0,0.0,0.0,00:01,0.0,00:01,0.0,7.1,0.3
1782798987.594,0.0,0.0,0.0,0.0,00:01,0.0,00:01,0.0,7.1,0.3
1782798992.6,0.0,0.0,0.0,0.0,00:01,0.0,00:01,0.0,7.1,0.3
1782798997.614,0.0,0.0,0.0,0.0,00:01,0.0,00:01,0.0,7.1,0.3
1782799002.625,0.0,0.0,0.0,0.0,00:01,0.0,00:01,0.0,7.1,0.3
1782799007.638,0.0,0.0,0.0,0.0,00:01,0.0,00:01,0.0,7.1,0.3
1782799012.645,0.0,0.0,0.0,0.0,00:01,0.0,00:01,0.0,7.1,0.3
1782799017.656,0.0,0.0,0.0,0.0,00:01,0.0,00:01,0.0,7.1,0.3
1782799022.671,0.0,0.0,0.0,0.0,00:01,0.0,00:01,0.0,7.1,0.3
1782799027.685,0.0,0.0,0.0,0.0,00:01,0.0,00:01,0.0,7.1,0.3
1782799032.696,0.0,0.0,0.0,0.0,00:01,0.0,00:01,0.0,7.1,0.3
1782799037.706,0.0,0.0,0.0,0.0,00:01,0.0,00:01,0.0,7.1,0.3
1782799042.719,0.0,0.0,0.0,0.0,00:01,0.0,00:01,0.0,7.1,0.3
1782799047.734,0.0,0.0,0.0,0.0,00:01,0.0,00:01,0.0,7.1,0.3
1782799052.746,0.0,0.0,0.0,0.0,00:01,0.0,00:01,0.0,7.1,0.3
1782799057.76,0.0,0.0,0.0,0.0,00:01,0.0,00:01,0.0,7.1,0.3
1782799062.762,0.0,0.0,0.0,0.0,00:01,0.0,00:01,0.0,7.1,0.3
1782799067.777,0.0,0.0,0.0,0.0,00:01,0.0,00:01,0.0,7.1,0.3
1782799072.791,0.0,0.0,0.0,0.0,00:01,0.0,00:01,0.0,7.1,0.3
1782799077.804,0.0,0.0,0.0,0.0,00:01,0.0,00:01,0.0,7.1,0.3
1782799082.811,0.0,0.0,0.0,0.0,00:01,0.0,00:01,0.0,7.1,0.3
1782799087.818,0.0,0.0,0.0,0.0,00:01,0.0,00:01,0.0,7.1,0.3
1782799092.832,0.0,0.0,0.0,0.0,00:01,0.0,00:01,0.0,7.1,0.3
1782799097.846,0.0,0.0,0.0,0.0,00:01,0.0,00:01,0.0,7.1,0.3
1782799102.858,0.0,0.0,0.0,0.0,00:01,0.0,00:01,0.0,7.1,0.3
1782799107.861,0.0,0.0,0.0,0.0,00:01,0.0,00:01,0.0,7.1,0.3
1782799112.874,0.0,0.0,0.0,0.0,00:01,0.0,00:01,0.0,7.1,0.3
1782799117.887,0.0,0.0,0.0,0.0,00:01,0.0,00:01,0.0,7.1,0.3
1782799122.898,0.0,0.0,0.0,0.0,00:01,0.0,00:01,0.0,7.1,0.3
1782799127.908,0.0,0.0,0.0,0.0,00:01,0.0,00:01,0.0,7.1,0.3
1782799132.912,0.0,0.0,0.0,0.0,00:01,0.0,00:01,0.0,7.1,0.3
1782799137.923,0.0,0.0,0.0,0.0,00:01,0.0,00:01,0.0,7.1,0.3
1782799142.932,0.0,0.0,0.0,0.0,00:01,0.0,00:01,0.0,7.1,0.3
1782799147.939,0.0,0.0,0.0,0.0,00:01,0.0,00:01,0.0,7.1,0.3
1782799152.948,0.0,0.0,0.0,0.0,00:01,0.0,00:01,0.0,7.1,0.3
1782799157.956,0.0,0.0,0.0,0.0,00:01,0.0,00:01,0.0,7.1,0.3
1782799162.971,0.0,0.0,0.0,0.0,00:01,0.0,00:01,0.0,7.1,0.3
1782799167.985,0.0,0.0,0.0,0.0,00:01,0.0,00:01,0.0,7.1,0.3
1782799172.998,0.0,0.0,0.0,0.0,00:01,0.0,00:01,0.0,7.1,0.3
1782799178.004,0.0,0.0,0.0,0.0,00:01,0.0,00:01,0.0,7.1,0.3
1782799183.018,0.0,0.0,0.0,0.0,00:01,0.0,00:01,0.0,7.1,0.3
1782799188.034,0.0,0.0,0.0,0.0,00:01,0.0,00:01,0.0,7.1,0.3
1782799193.046,0.0,0.0,0.0,0.0,00:01,0.0,00:01,0.0,7.1,0.3
1782799198.059,0.0,0.0,0.0,0.0,00:01,0.0,00:01,0.0,7.1,0.3
1782799203.064,0.0,0.0,0.0,0.0,00:01,0.0,00:01,0.0,7.1,0.3
1782799208.076,0.0,0.0,0.0,0.0,00:01,0.0,00:01,0.0,7.1,0.3
1782799213.089,0.0,0.0,0.0,0.0,00:01,0.0,00:01,0.0,7.1,0.3
1782799218.098,0.0,0.0,0.0,0.0,00:01,0.0,00:01,0.0,7.1,0.3
1782799223.111,0.0,0.0,0.0,0.0,00:01,0.0,00:01,0.0,7.1,0.3
1782799228.118,0.0,0.0,0.0,0.0,00:01,0.0,00:01,0.0,7.1,0.3
1782799233.133,0.0,0.0,0.0,0.0,00:01,0.0,00:01,0.0,7.1,0.3
1782799238.145,0.0,0.0,0.0,0.0,00:01,0.0,00:01,0.0,7.1,0.3
1782799243.16,0.0,0.0,0.0,0.0,00:01,0.0,00:01,0.0,7.1,0.3
1782799248.171,0.0,0.0,0.0,0.0,00:01,0.0,00:01,0.0,7.1,0.3
1782799253.182,0.0,0.0,0.0,0.0,00:01,0.0,00:01,0.0,7.1,0.3
1782799258.196,0.0,0.0,0.0,0.0,00:01,0.0,00:01,0.0,7.1,0.3
1782799263.203,0.0,0.0,0.0,0.0,00:01,0.0,00:01,0.0,7.1,0.3
1782799268.212,0.0,0.0,0.0,0.0,00:01,0.0,00:01,0.0,7.1,0.3
1782799273.216,0.0,0.0,0.0,0.0,00:01,0.0,00:01,0.0,7.1,0.3
1782799278.227,0.0,0.0,0.0,0.0,00:01,0.0,00:01,0.0,7.1,0.3
1782799283.236,0.0,0.0,0.0,0.0,00:01,0.0,00:01,0.0,7.1,0.3
1782799288.245,0.0,0.0,0.0,0.0,00:01,0.0,00:01,0.0,7.1,0.3
1782799293.257,0.0,0.0,0.0,0.0,00:01,0.0,00:01,0.0,7.1,0.3
1782799298.26,0.0,0.0,0.0,0.0,00:01,0.0,00:01,0.0,7.1,0.3
1782799303.271,0.0,0.0,0.0,0.0,00:01,0.0,00:01,0.0,7.1,0.3
1782799308.279,0.0,0.0,0.0,0.0,00:01,0.0,00:01,0.0,7.1,0.3
1782799313.287,0.0,0.0,0.0,0.0,00:01,0.0,00:01,0.0,7.1,0.3
1782799318.296,0.0,0.0,0.0,0.0,00:01,0.0,00:01,0.0,7.1,0.3
1782799323.302,0.0,0.0,0.0,0.0,00:01,0.0,00:01,0.0,7.1,0.3
1782799328.311,0.0,0.0,0.0,0.0,00:01,0.0,00:01,0.0,7.1,0.3
1782799333.318,0.0,0.0,0.0,0.0,00:01,0.0,00:01,0.0,7.1,0.3
1782799338.331,0.0,0.0,0.0,0.0,00:01,0.0,00:01,0.0,7.1,0.3
1782799343.336,0.0,0.0,0.0,0.0,00:01,0.0,00:01,0.0,7.1,0.3
1782799348.352,0.0,0.0,0.0,0.0,00:01,0.0,00:01,0.0,7.1,0.3
1782799353.366,0.0,0.0,0.0,0.0,00:01,0.0,00:01,0.0,7.1,0.3
1782799358.378,0.0,0.0,0.0,0.0,00:01,0.0,00:01,0.0,7.1,0.3
1782799363.387,0.0,0.0,0.0,0.0,00:01,0.0,00:01,0.0,7.1,0.3
1782799368.394,0.0,0.0,0.0,0.0,00:01,0.0,00:01,0.0,7.1,0.3
1782799373.41,0.0,0.0,0.0,0.0,00:01,0.0,00:01,0.0,7.1,0.3
1782799378.423,0.0,0.0,0.0,0.0,00:01,0.0,00:01,0.0,7.1,0.3
1782799383.433,0.0,0.0,0.0,0.0,00:01,0.0,00:01,0.0,7.1,0.3
1782799388.446,0.0,0.0,0.0,0.0,00:01,0.0,00:01,0.0,7.1,0.3
1782799393.457,0.0,0.0,0.0,0.0,00:01,0.0,00:01,0.0,7.1,0.3
1782799398.471,0.0,0.0,0.0,0.0,00:01,0.0,00:01,0.0,7.1,0.3
1782799403.484,0.0,0.0,0.0,0.0,00:01,0.0,00:01,0.0,7.1,0.3
1782799408.492,0.0,0.0,0.0,0.0,00:01,0.0,00:01,0.0,7.1,0.3
1782799413.5,0.0,0.0,0.0,0.0,00:01,0.0,00:01,0.0,7.1,0.3
1782799418.511,0.0,0.0,0.0,0.0,00:01,0.0,00:01,0.0,7.1,0.3
1782799423.518,0.0,0.0,0.0,0.0,00:01,0.0,00:01,0.0,7.1,0.3
1782799428.531,0.0,0.0,0.0,0.0,00:01,0.0,00:01,0.0,7.1,0.3
1782799433.542,0.0,0.0,0.0,0.0,00:01,0.0,00:01,0.0,7.1,0.3
1782799438.55,0.0,0.0,0.0,0.0,00:01,0.0,00:01,0.0,7.1,0.3
1782799443.562,0.0,0.0,0.0,0.0,00:01,0.0,00:01,0.0,7.1,0.3
1782799448.572,0.0,0.0,0.0,0.0,00:01,0.0,00:01,0.0,7.1,0.3
1782799453.586,0.0,0.0,0.0,0.0,00:01,0.0,00:01,0.0,7.1,0.3
1782799458.594,0.0,0.0,0.0,0.0,00:01,0.0,00:01,0.0,7.1,0.3
1782799463.604,0.0,0.0,0.0,0.0,00:01,0.0,00:01,0.0,7.1,0.3
1782799468.618,0.0,0.0,0.0,0.0,00:01,0.0,00:01,0.0,7.1,0.3
1782799473.63,0.0,0.0,0.0,0.0,00:01,0.0,00:01,0.0,7.1,0.3
1782799478.639,0.0,0.0,0.0,0.0,00:01,0.0,00:01,0.0,7.1,0.3
1782799483.645,0.0,0.0,0.0,0.0,00:01,0.0,00:01,0.0,7.1,0.3
1782799488.655,0.0,0.0,0.0,0.0,00:01,0.0,00:01,0.0,7.1,0.3
1782799493.663,0.0,0.0,0.0,0.0,00:01,0.0,00:01,0.0,7.1,0.3
1782799498.673,0.0,0.0,0.0,0.0,00:01,0.0,00:01,0.0,7.1,0.3
1782799503.682,0.0,0.0,0.0,0.0,00:01,0.0,00:01,0.0,7.1,0.3
1782799508.691,0.0,0.0,0.0,0.0,00:01,0.0,00:01,0.0,7.1,0.3
1782799513.699,0.0,0.0,0.0,0.0,00:01,0.0,00:01,0.0,7.1,0.3
1782799518.709,0.0,0.0,0.0,0.0,00:01,0.0,00:01,0.0,7.1,0.3
1782799523.719,0.0,0.0,0.0,0.0,00:01,0.0,00:01,0.0,7.1,0.3
1782799528.727,0.0,0.0,0.0,0.0,00:01,0.0,00:01,0.0,7.1,0.3
1782799533.735,0.0,0.0,0.0,0.0,00:01,0.0,00:01,0.0,7.1,0.3
1782799538.745,0.0,0.0,0.0,0.0,00:01,0.0,00:01,0.0,7.1,0.3
1782799543.754,0.0,0.0,0.0,0.0,00:01,0.0,00:01,0.0,7.1,0.3
1782799548.76,0.0,0.0,0.0,0.0,00:01,0.0,00:01,0.0,7.1,0.3
1782799553.764,0.0,0.0,0.0,0.0,00:01,0.0,00:01,0.0,7.1,0.3
1782799558.774,0.0,0.0,0.0,0.0,00:01,0.0,00:01,0.0,7.1,0.3
1782799563.782,0.0,0.0,0.0,0.0,00:01,0.0,00:01,0.0,7.1,0.3
1782799568.795,0.0,0.0,0.0,0.0,00:01,0.0,00:01,0.0,7.1,0.3
1782799573.806,0.0,0.0,0.0,0.0,00:01,0.0,00:01,0.0,7.1,0.3
1782799578.816,0.0,0.0,0.0,0.0,00:01,0.0,00:01,0.0,7.1,0.3
1782799583.83,0.0,0.0,0.0,0.0,00:01,0.0,00:01,0.0,7.1,0.3
1782799588.841,0.0,0.0,0.0,0.0,00:01,0.0,00:01,0.0,7.1,0.3
1782799593.851,0.0,0.0,0.0,0.0,00:01,0.0,00:01,0.0,7.1,0.3
1782799598.861,0.0,0.0,0.0,0.0,00:01,0.0,00:01,0.0,7.1,0.3
1782799603.867,0.0,0.0,0.0,0.0,00:01,0.0,00:01,0.0,7.1,0.3
1782799608.88,0.0,0.0,0.0,0.0,00:01,0.0,00:01,0.0,7.1,0.3
1782799613.894,0.0,0.0,0.0,0.0,00:01,0.0,00:01,0.0,7.1,0.3
1782799618.903,0.0,0.0,0.0,0.0,00:01,0.0,00:01,0.0,7.1,0.3
1782799623.908,0.0,0.0,0.0,0.0,00:01,0.0,00:01,0.0,7.1,0.3
1782799628.919,0.0,0.0,0.0,0.0,00:01,0.0,00:01,0.0,7.1,0.3
1782799633.929,0.0,0.0,0.0,0.0,00:01,0.0,00:01,0.0,7.1,0.3
1782799638.941,0.0,0.0,0.0,0.0,00:01,0.0,00:01,0.0,7.1,0.3
1782799643.95,0.0,0.0,0.0,0.0,00:01,0.0,00:01,0.0,7.1,0.3
1782799648.96,0.0,0.0,0.0,0.0,00:01,0.0,00:01,0.0,7.1,0.3
1782799653.973,0.0,0.0,0.0,0.0,00:01,0.0,00:01,0.0,7.1,0.3
1782799658.984,0.0,0.0,0.0,0.0,00:01,0.0,00:01,0.0,7.1,0.3
1782799663.996,0.0,0.0,0.0,0.0,00:01,0.0,00:01,0.0,7.1,0.3
1782799669.009,0.0,0.0,0.0,0.0,00:01,0.0,00:01,0.0,7.1,0.3
1782799674.017,0.0,0.0,0.0,0.0,00:01,0.0,00:01,0.0,7.1,0.3
1782799679.029,0.0,0.0,0.0,0.0,00:01,0.0,00:01,0.0,7.1,0.3
1782799684.041,0.0,0.0,0.0,0.0,00:01,0.0,00:01,0.0,7.1,0.3
1782799689.053,0.0,0.0,0.0,0.0,00:01,0.0,00:01,0.0,7.1,0.3
1782799694.063,0.0,0.0,0.0,0.0,00:01,0.0,00:01,0.0,7.1,0.3
1782799699.073,0.0,0.0,0.0,0.0,00:01,0.0,00:01,0.0,7.1,0.3
1782799704.087,0.0,0.0,0.0,0.0,00:01,0.0,00:01,0.0,7.1,0.3
1782799709.101,0.0,0.0,0.0,0.0,00:01,0.0,00:01,0.0,7.1,0.3
1782799714.108,0.0,0.0,0.0,0.0,00:01,0.0,00:01,0.0,7.1,0.3
1782799719.116,0.0,0.0,0.0,0.0,00:01,0.0,00:01,0.0,7.1,0.3
1782799724.13,0.0,0.0,0.0,0.0,00:01,0.0,00:01,0.0,7.1,0.3
1782799729.138,0.0,0.0,0.0,0.0,00:01,0.0,00:01,0.0,7.1,0.3
1782799734.149,0.0,0.0,0.0,0.0,00:01,0.0,00:01,0.0,7.1,0.3
1782799739.165,0.0,0.0,0.0,0.0,00:01,0.0,00:01,0.0,7.1,0.3
1782799744.174,0.0,0.0,0.0,0.0,00:01,0.0,00:01,0.0,7.1,0.3
1782799749.187,0.0,0.0,0.0,0.0,00:01,0.0,00:01,0.0,7.1,0.3
1782799754.2,0.0,0.0,0.0,0.0,00:01,0.0,00:01,0.0,7.1,0.3
1782799759.212,0.0,0.0,0.0,0.0,00:01,0.0,00:01,0.0,7.1,0.3
1782799764.225,0.0,0.0,0.0,0.0,00:01,0.0,00:01,0.0,7.1,0.3
1782799769.228,0.0,0.0,0.0,0.0,00:01,0.0,00:01,0.0,7.1,0.3
1782799774.24,0.0,0.0,0.0,0.0,00:01,0.0,00:01,0.0,7.1,0.3
1782799779.249,0.0,0.0,0.0,0.0,00:01,0.0,00:01,0.0,7.1,0.3
1782799784.259,0.0,0.0,0.0,0.0,00:01,0.0,00:01,0.0,7.1,0.3
1782799789.27,0.0,0.0,0.0,0.0,00:01,0.0,00:01,0.0,7.1,0.3
1782799794.278,0.0,0.0,0.0,0.0,00:01,0.0,00:01,0.0,7.1,0.3
1782799799.284,0.0,0.0,0.0,0.0,00:01,0.0,00:01,0.0,7.1,0.3
1782799804.292,0.0,0.0,0.0,0.0,00:01,0.0,00:01,0.0,7.1,0.3
1782799809.304,0.0,0.0,0.0,0.0,00:01,0.0,00:01,0.0,7.1,0.3
1782799814.313,0.0,0.0,0.0,0.0,00:01,0.0,00:01,0.0,7.1,0.3
1782799819.323,0.0,0.0,0.0,0.0,00:01,0.0,00:01,0.0,7.1,0.3
1782799824.335,0.0,0.0,0.0,0.0,00:01,0.0,00:01,0.0,7.1,0.3
1782799829.346,0.0,0.0,0.0,0.0,00:01,0.0,00:01,0.0,7.1,0.3
1782799834.354,0.0,0.0,0.0,0.0,00:01,0.0,00:01,0.0,7.1,0.3
1782799839.361,0.0,0.0,0.0,0.0,00:01,0.0,00:01,0.0,7.1,0.3
1782799844.371,0.0,0.0,0.0,0.0,00:01,0.0,00:01,0.0,7.1,0.3
1782799849.38,0.0,0.0,0.0,0.0,00:01,0.0,00:01,0.0,7.1,0.3
1782799854.389,0.0,0.0,0.0,0.0,00:01,0.0,00:01,0.0,7.1,0.3
1782799859.403,0.0,0.0,0.0,0.0,00:01,0.0,00:01,0.0,7.1,0.3
1782799864.412,0.0,0.0,0.0,0.0,00:01,0.0,00:01,0.0,7.1,0.3
1782799869.424,0.0,0.0,0.0,0.0,00:01,0.0,00:01,0.0,7.1,0.3
1782799874.433,0.0,0.0,0.0,0.0,00:01,0.0,00:01,0.0,7.1,0.3
1782799879.447,0.0,0.0,0.0,0.0,00:01,0.0,00:01,0.0,7.1,0.3
1782799884.452,0.0,0.0,0.0,0.0,00:01,0.0,00:01,0.0,7.1,0.3
1782799889.462,0.0,0.0,0.0,0.0,00:01,0.0,00:01,0.0,7.1,0.3
1782799894.475,0.0,0.0,0.0,0.0,00:01,0.0,00:01,0.0,7.1,0.3
1782799899.482,0.0,0.0,0.0,0.0,00:01,0.0,00:01,0.0,7.1,0.3
1782799904.495,0.0,0.0,0.0,0.0,00:01,0.0,00:01,0.0,7.1,0.3
1782799909.498,0.0,0.0,0.0,0.0,00:01,0.0,00:01,0.0,7.1,0.3
1782799914.509,0.0,0.0,0.0,0.0,00:01,0.0,00:01,0.0,7.1,0.3
1782799919.522,0.0,0.0,0.0,0.0,00:01,0.0,00:01,0.0,7.1,0.3
1782799924.533,0.0,0.0,0.0,0.0,00:01,0.0,00:01,0.0,7.1,0.3
1782799929.545,0.0,0.0,0.0,0.0,00:01,0.0,00:01,0.0,7.1,0.3
1782799934.552,0.0,0.0,0.0,0.0,00:01,0.0,00:01,0.0,7.1,0.3
1782799939.567,0.0,0.0,0.0,0.0,00:01,0.0,00:01,0.0,7.1,0.3
1782799944.576,0.0,0.0,0.0,0.0,00:01,0.0,00:01,0.0,7.1,0.3
1782799949.586,0.0,0.0,0.0,0.0,00:01,0.0,00:01,0.0,7.1,0.3
1782799954.597,0.0,0.0,0.0,0.0,00:01,0.0,00:01,0.0,7.1,0.3
1782799959.607,0.0,0.0,0.0,0.0,00:01,0.0,00:01,0.0,7.1,0.3
1782799964.621,0.0,0.0,0.0,0.0,00:01,0.0,00:01,0.0,7.1,0.3
1782799969.634,0.0,0.0,0.0,0.0,00:01,0.0,00:01,0.0,7.1,0.3
1782799974.646,0.0,0.0,0.0,0.0,00:01,0.0,00:01,0.0,7.1,0.3
1782799979.65,0.0,0.0,0.0,0.0,00:01,0.0,00:01,0.0,7.1,0.3
1782799984.66,0.0,0.0,0.0,0.0,00:01,0.0,00:01,0.0,7.1,0.3
1782799989.673,0.0,0.0,0.0,0.0,00:01,0.0,00:01,0.0,7.1,0.3
1782799994.686,0.0,0.0,0.0,0.0,00:01,0.0,00:01,0.0,7.1,0.3
1782799999.699,0.0,0.0,0.0,0.0,00:01,0.0,00:01,0.0,7.1,0.3
1782800004.706,0.0,0.0,0.0,0.0,00:01,0.0,00:01,0.0,7.1,0.3
1782800009.721,0.0,0.0,0.0,0.0,00:01,0.0,00:01,0.0,7.1,0.3
1782800014.732,0.0,0.0,0.0,0.0,00:01,0.0,00:01,0.0,7.1,0.3
1782800019.742,0.0,0.0,0.0,0.0,00:01,0.0,00:01,0.0,7.1,0.3
1782800024.753,0.0,0.0,0.0,0.0,00:01,0.0,00:01,0.0,7.1,0.3
1782800029.76,0.0,0.0,0.0,0.0,00:01,0.0,00:01,0.0,7.1,0.3
1782800034.772,0.0,0.0,0.0,0.0,00:01,0.0,00:01,0.0,7.1,0.3
1782800039.783,0.0,0.0,0.0,0.0,00:01,0.0,00:01,0.0,7.1,0.3
1782800044.794,0.0,0.0,0.0,0.0,00:01,0.0,00:01,0.0,7.1,0.3
1782800049.802,0.0,0.0,0.0,0.0,00:01,0.0,00:01,0.0,7.1,0.3
1782800054.808,0.0,0.0,0.0,0.0,00:01,0.0,00:01,0.0,7.1,0.3
1782800059.82,0.0,0.0,0.0,0.0,00:01,0.0,00:01,0.0,7.1,0.3
1782800064.834,0.0,0.0,0.0,0.0,00:01,0.0,00:01,0.0,7.1,0.3
1782800069.845,0.0,0.0,0.0,0.0,00:01,0.0,00:01,0.0,7.1,0.3
1782800074.851,0.0,0.0,0.0,0.0,00:01,0.0,00:01,0.0,7.1,0.3
1782800079.865,0.0,0.0,0.0,0.0,00:01,0.0,00:01,0.0,7.1,0.3
1782800084.876,0.0,0.0,0.0,0.0,00:01,0.0,00:01,0.0,7.1,0.3
1782800089.882,0.0,0.0,0.0,0.0,00:01,0.0,00:01,0.0,7.1,0.3
1782800094.9,0.0,0.0,0.0,0.0,00:01,0.0,00:01,0.0,7.1,0.3
1782800099.907,0.0,0.0,0.0,0.0,00:01,0.0,00:01,0.0,7.1,0.3
1782800104.921,0.0,0.0,0.0,0.0,00:01,0.0,00:01,0.0,7.1,0.3
1782800109.934,0.0,0.0,0.0,0.0,00:01,0.0,00:01,0.0,7.1,0.3
1782800114.948,0.0,0.0,0.0,0.0,00:01,0.0,00:01,0.0,7.1,0.3
1782800119.955,0.0,0.0,0.0,0.0,00:01,0.0,00:01,0.0,7.1,0.3
1782800124.967,0.0,0.0,0.0,0.0,00:01,0.0,00:01,0.0,7.1,0.3
1782800129.976,0.0,0.0,0.0,0.0,00:01,0.0,00:01,0.0,7.1,0.3
1782800134.984,0.0,0.0,0.0,0.0,00:01,0.0,00:01,0.0,7.1,0.3
1782800139.997,0.0,0.0,0.0,0.0,00:01,0.0,00:01,0.0,7.1,0.3
1782800144.999,0.0,0.0,0.0,0.0,00:01,0.0,00:01,0.0,7.1,0.3
1782800150.01,0.0,0.0,0.0,0.0,00:01,0.0,00:01,0.0,7.1,0.3
1782800155.018,0.0,0.0,0.0,0.0,00:01,0.0,00:01,0.0,7.1,0.3
1782800160.022,0.0,0.0,0.0,0.0,00:01,0.0,00:01,0.0,7.1,0.3
1782800165.031,0.0,0.0,0.0,0.0,00:01,0.0,00:01,0.0,7.1,0.3
1782800170.037,0.0,0.0,0.0,0.0,00:01,0.0,00:01,0.0,7.1,0.3
1782800175.047,0.0,0.0,0.0,0.0,00:01,0.0,00:01,0.0,7.1,0.3
1782800180.056,0.0,0.0,0.0,0.0,00:01,0.0,00:01,0.0,7.1,0.3
1782800185.064,0.0,0.0,0.0,0.0,00:01,0.0,00:01,0.0,7.1,0.3
1782800190.068,0.0,0.0,0.0,0.0,00:01,0.0,00:01,0.0,7.1,0.3
1782800195.079,0.0,0.0,0.0,0.0,00:01,0.0,00:01,0.0,7.1,0.3
1782800200.091,0.0,0.0,0.0,0.0,00:01,0.0,00:01,0.0,7.1,0.3
1782800205.098,0.0,0.0,0.0,0.0,00:01,0.0,00:01,0.0,7.1,0.3
1782800210.109,0.0,0.0,0.0,0.0,00:01,0.0,00:01,0.0,7.1,0.3
1782800215.115,0.0,0.0,0.0,0.0,00:01,0.0,00:01,0.0,7.1,0.3
1782800220.123,0.0,0.0,0.0,0.0,00:01,0.0,00:01,0.0,7.1,0.3
1782800225.138,0.0,0.0,0.0,0.0,00:01,0.0,00:01,0.0,7.1,0.3
1782800230.144,0.0,0.0,0.0,0.0,00:01,0.0,00:01,0.0,7.1,0.3
1782800235.162,0.0,0.0,0.0,0.0,00:01,0.0,00:01,0.0,7.1,0.3
1782800240.17,0.0,0.0,0.0,0.0,00:01,0.0,00:01,0.0,7.1,0.3
1782800245.183,0.0,0.0,0.0,0.0,00:01,0.0,00:01,0.0,7.1,0.3
1782800250.191,0.0,0.0,0.0,0.0,00:01,0.0,00:01,0.0,7.1,0.3
1782800255.206,0.0,0.0,0.0,0.0,00:01,0.0,00:01,0.0,7.1,0.3
1782800260.218,0.0,0.0,0.0,0.0,00:01,0.0,00:01,0.0,7.1,0.3
1782800265.226,0.0,0.0,0.0,0.0,00:01,0.0,00:01,0.0,7.1,0.3
1782800270.236,0.0,0.0,0.0,0.0,00:01,0.0,00:01,0.0,7.1,0.3
1782800275.244,0.0,0.0,0.0,0.0,00:01,0.0,00:01,0.0,7.1,0.3
1782800280.255,0.0,0.0,0.0,0.0,00:01,0.0,00:01,0.0,7.1,0.3
1782800285.26,0.0,0.0,0.0,0.0,00:01,0.0,00:01,0.0,7.1,0.3
1782800290.268,0.0,0.0,0.0,0.0,00:01,0.0,00:01,0.0,7.1,0.3
1782800295.278,0.0,0.0,0.0,0.0,00:01,0.0,00:01,0.0,7.1,0.3
1782800300.286,0.0,0.0,0.0,0.0,00:01,0.0,00:01,0.0,7.1,0.3
1782800305.297,0.0,0.0,0.0,0.0,00:01,0.0,00:01,0.0,7.1,0.3
1782800310.304,0.0,0.0,0.0,0.0,00:01,0.0,00:01,0.0,7.1,0.3
1782800315.311,0.0,0.0,0.0,0.0,00:01,0.0,00:01,0.0,7.1,0.3
1782800320.321,0.0,0.0,0.0,0.0,00:01,0.0,00:01,0.0,7.1,0.3
1782800325.333,0.0,0.0,0.0,0.0,00:01,0.0,00:01,0.0,7.1,0.3
1782800330.342,0.0,0.0,0.0,0.0,00:01,0.0,00:01,0.0,7.1,0.3
1782800335.35,0.0,0.0,0.0,0.0,00:01,0.0,00:01,0.0,7.1,0.3
1782800340.354,0.0,0.0,0.0,0.0,00:01,0.0,00:01,0.0,7.1,0.3
1782800345.366,0.0,0.0,0.0,0.0,00:01,0.0,00:01,0.0,7.1,0.3
1782800350.381,0.0,0.0,0.0,0.0,00:01,0.0,00:01,0.0,7.1,0.3
1782800355.384,0.0,0.0,0.0,0.0,00:01,0.0,00:01,0.0,7.1,0.3
1782800360.395,0.0,0.0,0.0,0.0,00:01,0.0,00:01,0.0,7.1,0.3
1782800365.407,0.0,0.0,0.0,0.0,00:01,0.0,00:01,0.0,7.1,0.3
1782800370.418,0.0,0.0,0.0,0.0,00:01,0.0,00:01,0.0,7.1,0.3
1782800375.426,0.0,0.0,0.0,0.0,00:01,0.0,00:01,0.0,7.1,0.3
1782800380.433,0.0,0.0,0.0,0.0,00:01,0.0,00:01,0.0,7.1,0.3
1782800385.442,0.0,0.0,0.0,0.0,00:01,0.0,00:01,0.0,7.1,0.3
1782800390.449,0.0,0.0,0.0,0.0,00:01,0.0,00:01,0.0,7.1,0.3
1782800395.461,0.0,0.0,0.0,0.0,00:01,0.0,00:01,0.0,7.1,0.3
1782800400.466,0.0,0.0,0.0,0.0,00:01,0.0,00:01,0.0,7.1,0.3
1782800405.472,0.0,0.0,0.0,0.0,00:01,0.0,00:01,0.0,7.1,0.3
1782800410.482,0.0,0.0,0.0,0.0,00:01,0.0,00:01,0.0,7.1,0.3
1782800415.489,0.0,0.0,0.0,0.0,00:01,0.0,00:01,0.0,7.1,0.3
1782800420.498,0.0,0.0,0.0,0.0,00:01,0.0,00:01,0.0,7.1,0.3
1782800425.504,0.0,0.0,0.0,0.0,00:01,0.0,00:01,0.0,7.1,0.3
1782800430.512,0.0,0.0,0.0,0.0,00:01,0.0,00:01,0.0,7.1,0.3
1782800435.522,0.0,0.0,0.0,0.0,00:01,0.0,00:01,0.0,7.1,0.3
1782800440.532,0.0,0.0,0.0,0.0,00:01,0.0,00:01,0.0,7.1,0.3
1782800445.541,0.0,0.0,0.0,0.0,00:01,0.0,00:01,0.0,7.1,0.3
1782800450.547,0.0,0.0,0.0,0.0,00:01,0.0,00:01,0.0,7.1,0.3
1782800455.559,0.0,0.0,0.0,0.0,00:01,0.0,00:01,0.0,7.1,0.3
1782800460.566,0.0,0.0,0.0,0.0,00:01,0.0,00:01,0.0,7.1,0.3
1782800465.576,0.0,0.0,0.0,0.0,00:01,0.0,00:01,0.0,7.1,0.3
1782800470.584,0.0,0.0,0.0,0.0,00:01,0.0,00:01,0.0,7.1,0.3
1782800475.589,0.0,0.0,0.0,0.0,00:01,0.0,00:01,0.0,7.1,0.3
1782800480.599,0.0,0.0,0.0,0.0,00:01,0.0,00:01,0.0,7.1,0.3
1782800485.606,0.0,0.0,0.0,0.0,00:01,0.0,00:01,0.0,7.1,0.3
1782800490.615,0.0,0.0,0.0,0.0,00:01,0.0,00:01,0.0,7.1,0.3
1782800495.62,0.0,0.0,0.0,0.0,00:01,0.0,00:01,0.0,7.1,0.3
1782800500.628,0.0,0.0,0.0,0.0,00:01,0.0,00:01,0.0,7.1,0.3
1782800505.636,0.0,0.0,0.0,0.0,00:01,0.0,00:01,0.0,7.1,0.3
1782800510.648,0.0,0.0,0.0,0.0,00:01,0.0,00:01,0.0,7.1,0.3
1782800515.661,0.0,0.0,0.0,0.0,00:01,0.0,00:01,0.0,7.1,0.3
1782800520.668,0.0,0.0,0.0,0.0,00:01,0.0,00:01,0.0,7.1,0.3
1782800525.678,0.0,0.0,0.0,0.0,00:01,0.0,00:01,0.0,7.1,0.3
1782800530.691,0.0,0.0,0.0,0.0,00:01,0.0,00:01,0.0,7.1,0.3
1782800535.707,0.0,0.0,0.0,0.0,00:01,0.0,00:01,0.0,7.1,0.3
1782800540.72,0.0,0.0,0.0,0.0,00:01,0.0,00:01,0.0,7.1,0.3
1782800545.725,0.0,0.0,0.0,0.0,00:01,0.0,00:01,0.0,7.1,0.3
1782800550.736,0.0,0.0,0.0,0.0,00:01,0.0,00:01,0.0,7.1,0.3
1782800555.746,0.0,0.0,0.0,0.0,00:01,0.0,00:01,0.0,7.1,0.3
1782800560.755,0.0,0.0,0.0,0.0,00:01,0.0,00:01,0.0,7.1,0.3
1782800565.761,0.0,0.0,0.0,0.0,00:01,0.0,00:01,0.0,7.1,0.3
1782800570.77,0.0,0.0,0.0,0.0,00:01,0.0,00:01,0.0,7.1,0.3
1782800575.782,0.0,0.0,0.0,0.0,00:01,0.0,00:01,0.0,7.1,0.3
1782800580.793,0.0,0.0,0.0,0.0,00:01,0.0,00:01,0.0,7.1,0.3
1782800585.8,0.0,0.0,0.0,0.0,00:01,0.0,00:01,0.0,7.1,0.3
1782800590.804,0.0,0.0,0.0,0.0,00:01,0.0,00:01,0.0,7.1,0.3
1782800595.813,0.0,0.0,0.0,0.0,00:01,0.0,00:01,0.0,7.1,0.3
1782800600.822,0.0,0.0,0.0,0.0,00:01,0.0,00:01,0.0,7.1,0.3
1782800605.834,0.0,0.0,0.0,0.0,00:01,0.0,00:01,0.0,7.1,0.3
1782800610.838,0.0,0.0,0.0,0.0,00:01,0.0,00:01,0.0,7.1,0.3
1782800615.842,0.0,0.0,0.0,0.0,00:01,0.0,00:01,0.0,7.1,0.3
1782800620.849,0.0,0.0,0.0,0.0,00:01,0.0,00:01,0.0,7.1,0.3
1782800625.858,0.0,0.0,0.0,0.0,00:01,0.0,00:01,0.0,7.1,0.3
1782800630.87,0.0,0.0,0.0,0.0,00:01,0.0,00:01,0.0,7.1,0.3
1782800635.876,0.0,0.0,0.0,0.0,00:01,0.0,00:01,0.0,7.1,0.3
1782800640.887,0.0,0.0,0.0,0.0,00:01,0.0,00:01,0.0,7.1,0.3
1782800645.902,0.0,0.0,0.0,0.0,00:01,0.0,00:01,0.0,7.1,0.3
1782800650.911,0.0,0.0,0.0,0.0,00:01,0.0,00:01,0.0,7.1,0.3
1782800655.917,0.0,0.0,0.0,0.0,00:01,0.0,00:01,0.0,7.1,0.3
1782800660.921,0.0,0.0,0.0,0.0,00:01,0.0,00:01,0.0,7.1,0.3
1782800665.927,0.0,0.0,0.0,0.0,00:01,0.0,00:01,0.0,7.1,0.3
1782800670.936,0.0,0.0,0.0,0.0,00:01,0.0,00:01,0.0,7.1,0.3
1782800675.948,0.0,0.0,0.0,0.0,00:01,0.0,00:01,0.0,7.1,0.3
1782800680.954,0.0,0.0,0.0,0.0,00:01,0.0,00:01,0.0,7.1,0.3
1782800685.958,0.0,0.0,0.0,0.0,00:01,0.0,00:01,0.0,7.1,0.3
1782800690.966,0.0,0.0,0.0,0.0,00:01,0.0,00:01,0.0,7.1,0.3
1782800695.976,0.0,0.0,0.0,0.0,00:01,0.0,00:01,0.0,7.1,0.3
1782800700.983,0.0,0.0,0.0,0.0,00:01,0.0,00:01,0.0,7.1,0.3
1782800705.99,0.0,0.0,0.0,0.0,00:01,0.0,00:01,0.0,7.1,0.3
1782800711.003,0.0,0.0,0.0,0.0,00:01,0.0,00:01,0.0,7.1,0.3
1782800716.015,0.0,0.0,0.0,0.0,00:01,0.0,00:01,0.0,7.1,0.3
1782800721.027,0.0,0.0,0.0,0.0,00:01,0.0,00:01,0.0,7.1,0.3
1782800726.04,0.0,0.0,0.0,0.0,00:01,0.0,00:01,0.0,7.1,0.3
1782800731.046,0.0,0.0,0.0,0.0,00:01,0.0,00:01,0.0,7.1,0.3
1782800736.056,0.0,0.0,0.0,0.0,00:01,0.0,00:01,0.0,7.1,0.3
1782800741.066,0.0,0.0,0.0,0.0,00:01,0.0,00:01,0.0,7.1,0.3
1782800746.076,0.0,0.0,0.0,0.0,00:01,0.0,00:01,0.0,7.1,0.3
1782800751.082,0.0,0.0,0.0,0.0,00:01,0.0,00:01,0.0,7.1,0.3
1782800756.087,0.0,0.0,0.0,0.0,00:01,0.0,00:01,0.0,7.1,0.3
1782800761.099,0.0,0.0,0.0,0.0,00:01,0.0,00:01,0.0,7.1,0.3
1782800766.109,0.0,0.0,0.0,0.0,00:01,0.0,00:01,0.0,7.1,0.3
1782800771.119,0.0,0.0,0.0,0.0,00:01,0.0,00:01,0.0,7.1,0.3
1782800776.127,0.0,0.0,0.0,0.0,00:01,0.0,00:01,0.0,7.1,0.3
1782800781.133,0.0,0.0,0.0,0.0,00:01,0.0,00:01,0.0,7.1,0.3
1782800786.14,0.0,0.0,0.0,0.0,00:01,0.0,00:01,0.0,7.1,0.3
1782800791.15,0.0,0.0,0.0,0.0,00:01,0.0,00:01,0.0,7.1,0.3
1782800796.16,0.0,0.0,0.0,0.0,00:01,0.0,00:01,0.0,7.1,0.3
1782800801.166,0.0,0.0,0.0,0.0,00:01,0.0,00:01,0.0,7.1,0.3
1782800806.172,0.0,0.0,0.0,0.0,00:01,0.0,00:01,0.0,7.1,0.3
1782800811.182,0.0,0.0,0.0,0.0,00:01,0.0,00:01,0.0,7.1,0.3
1782800816.192,0.0,0.0,0.0,0.0,00:01,0.0,00:01,0.0,7.1,0.3
1782800821.201,0.0,0.0,0.0,0.0,00:01,0.0,00:01,0.0,7.1,0.3
1782800826.208,0.0,0.0,0.0,0.0,00:01,0.0,00:01,0.0,7.1,0.3
1782800831.219,0.0,0.0,0.0,0.0,00:01,0.0,00:01,0.0,7.1,0.3
1782800836.227,0.0,0.0,0.0,0.0,00:01,0.0,00:01,0.0,7.1,0.3
1782800841.234,0.0,0.0,0.0,0.0,00:01,0.0,00:01,0.0,7.1,0.3
1782800846.243,0.0,0.0,0.0,0.0,00:01,0.0,00:01,0.0,7.1,0.3
1782800851.254,0.0,0.0,0.0,0.0,00:01,0.0,00:01,0.0,7.1,0.3
1782800856.264,0.0,0.0,0.0,0.0,00:01,0.0,00:01,0.0,7.1,0.3
1782800861.277,0.0,0.0,0.0,0.0,00:01,0.0,00:01,0.0,7.1,0.3
1782800866.287,0.0,0.0,0.0,0.0,00:01,0.0,00:01,0.0,7.1,0.3
1782800871.293,0.0,0.0,0.0,0.0,00:01,0.0,00:01,0.0,7.1,0.3
1782800876.305,0.0,0.0,0.0,0.0,00:01,0.0,00:01,0.0,7.1,0.3
1782800881.314,0.0,0.0,0.0,0.0,00:01,0.0,00:01,0.0,7.1,0.3
1782800886.325,0.0,0.0,0.0,0.0,00:01,0.0,00:01,0.0,7.1,0.3
1782800891.334,0.0,0.0,0.0,0.0,00:01,0.0,00:01,0.0,7.1,0.3
1782800896.339,0.0,0.0,0.0,0.0,00:01,0.0,00:01,0.0,7.1,0.3
1782800901.344,0.0,0.0,0.0,0.0,00:01,0.0,00:01,0.0,7.1,0.3
1782800906.354,0.0,0.0,0.0,0.0,00:01,0.0,00:01,0.0,7.1,0.3
1782800911.363,0.0,0.0,0.0,0.0,00:01,0.0,00:01,0.0,7.1,0.3
1782800916.373,0.0,0.0,0.0,0.0,00:01,0.0,00:01,0.0,7.1,0.3
1782800921.378,0.0,0.0,0.0,0.0,00:01,0.0,00:01,0.0,7.1,0.3
1782800926.387,0.0,0.0,0.0,0.0,00:01,0.0,00:01,0.0,7.1,0.3
1782800931.4,0.0,0.0,0.0,0.0,00:01,0.0,00:01,0.0,7.1,0.3
1782800936.407,0.0,0.0,0.0,0.0,00:01,0.0,00:01,0.0,7.1,0.3
1782800941.415,0.0,0.0,0.0,0.0,00:01,0.0,00:01,0.0,7.1,0.3
1782800946.426,0.0,0.0,0.0,0.0,00:01,0.0,00:01,0.0,7.1,0.3
1782800951.432,0.0,0.0,0.0,0.0,00:01,0.0,00:01,0.0,7.1,0.3
1782800956.443,0.0,0.0,0.0,0.0,00:01,0.0,00:01,0.0,7.1,0.3
1782800961.453,0.0,0.0,0.0,0.0,00:01,0.0,00:01,0.0,7.1,0.3
1782800966.457,0.0,0.0,0.0,0.0,00:01,0.0,00:01,0.0,7.1,0.3
1782800971.466,0.0,0.0,0.0,0.0,00:01,0.0,00:01,0.0,7.1,0.3
1782800976.478,0.0,0.0,0.0,0.0,00:01,0.0,00:01,0.0,7.1,0.3
1782800981.487,0.0,0.0,0.0,0.0,00:01,0.0,00:01,0.0,7.1,0.3
1782800986.497,0.0,0.0,0.0,0.0,00:01,0.0,00:01,0.0,7.1,0.3
1782800991.505,0.0,0.0,0.0,0.0,00:01,0.0,00:01,0.0,7.1,0.3
1782800996.515,0.0,0.0,0.0,0.0,00:01,0.0,00:01,0.0,7.1,0.3
1782801001.524,0.0,0.0,0.0,0.0,00:01,0.0,00:01,0.0,7.1,0.3
1782801006.531,0.0,0.0,0.0,0.0,00:01,0.0,00:01,0.0,7.1,0.3
1782801011.538,0.0,0.0,0.0,0.0,00:01,0.0,00:01,0.0,7.1,0.3
1782801016.548,0.0,0.0,0.0,0.0,00:01,0.0,00:01,0.0,7.1,0.3
1782801021.554,0.0,0.0,0.0,0.0,00:01,0.0,00:01,0.0,7.1,0.3
1782801026.569,0.0,0.0,0.0,0.0,00:01,0.0,00:01,0.0,7.1,0.3
1782801031.575,0.0,0.0,0.0,0.0,00:01,0.0,00:01,0.0,7.1,0.3
1782801036.581,0.0,0.0,0.0,0.0,00:01,0.0,00:01,0.0,7.1,0.3
1782801041.595,0.0,0.0,0.0,0.0,00:01,0.0,00:01,0.0,7.1,0.3
1782801046.609,0.0,0.0,0.0,0.0,00:01,0.0,00:01,0.0,7.1,0.3
1782801051.621,0.0,0.0,0.0,0.0,00:01,0.0,00:01,0.0,7.1,0.3
1782801056.631,0.0,0.0,0.0,0.0,00:01,0.0,00:01,0.0,7.1,0.3
1782801061.637,0.0,0.0,0.0,0.0,00:01,0.0,00:01,0.0,7.1,0.3
1782801066.644,0.0,0.0,0.0,0.0,00:01,0.0,00:01,0.0,7.1,0.3
1782801071.655,0.0,0.0,0.0,0.0,00:01,0.0,00:01,0.0,7.1,0.3
1782801076.663,0.0,0.0,0.0,0.0,00:01,0.0,00:01,0.0,7.1,0.3
1782801081.668,0.0,0.0,0.0,0.0,00:01,0.0,00:01,0.0,7.1,0.3
1782801086.678,0.0,0.0,0.0,0.0,00:01,0.0,00:01,0.0,7.1,0.3
1782801091.682,0.0,0.0,0.0,0.0,00:01,0.0,00:01,0.0,7.1,0.3
1782801096.693,0.0,0.0,0.0,0.0,00:01,0.0,00:01,0.0,7.1,0.3
1782801101.704,0.0,0.0,0.0,0.0,00:01,0.0,00:01,0.0,7.1,0.3
1782801106.705,0.0,0.0,0.0,0.0,00:01,0.0,00:01,0.0,7.1,0.3
1782801111.712,0.0,0.0,0.0,0.0,00:01,0.0,00:01,0.0,7.1,0.3
1782801116.725,0.0,0.0,0.0,0.0,00:01,0.0,00:01,0.0,7.1,0.3
1782801121.731,0.0,0.0,0.0,0.0,00:01,0.0,00:01,0.0,7.1,0.3
1782801126.738,0.0,0.0,0.0,0.0,00:01,0.0,00:01,0.0,7.1,0.3
1782801131.743,0.0,0.0,0.0,0.0,00:01,0.0,00:01,0.0,7.1,0.3
1782801136.754,0.0,0.0,0.0,0.0,00:01,0.0,00:01,0.0,7.1,0.3
1782801141.767,0.0,0.0,0.0,0.0,00:01,0.0,00:01,0.0,7.1,0.3
1782801146.777,0.0,0.0,0.0,0.0,00:01,0.0,00:01,0.0,7.1,0.3
1782801151.784,0.0,0.0,0.0,0.0,00:01,0.0,00:01,0.0,7.1,0.3
1782801156.794,0.0,0.0,0.0,0.0,00:01,0.0,00:01,0.0,7.1,0.3
1782801161.806,0.0,0.0,0.0,0.0,00:01,0.0,00:01,0.0,7.1,0.3
1782801166.815,0.0,0.0,0.0,0.0,00:01,0.0,00:01,0.0,7.1,0.3
1782801171.821,0.0,0.0,0.0,0.0,00:01,0.0,00:01,0.0,7.1,0.3
1782801176.827,0.0,0.0,0.0,0.0,00:01,0.0,00:01,0.0,7.1,0.3
1782801181.837,0.0,0.0,0.0,0.0,00:01,0.0,00:01,0.0,7.1,0.3
1782801186.849,0.0,0.0,0.0,0.0,00:01,0.0,00:01,0.0,7.1,0.3
1782801191.859,0.0,0.0,0.0,0.0,00:01,0.0,00:01,0.0,7.1,0.3
1782801196.87,0.0,0.0,0.0,0.0,00:01,0.0,00:01,0.0,7.1,0.3
1782801201.877,0.0,0.0,0.0,0.0,00:01,0.0,00:01,0.0,7.1,0.3
1782801206.892,0.0,0.0,0.0,0.0,00:01,0.0,00:01,0.0,7.1,0.3
1782801211.907,0.0,0.0,0.0,0.0,00:01,0.0,00:01,0.0,7.1,0.3
1782801216.918,0.0,0.0,0.0,0.0,00:01,0.0,00:01,0.0,7.1,0.3
1782801221.922,0.0,0.0,0.0,0.0,00:01,0.0,00:01,0.0,7.1,0.3
1782801226.934,0.0,0.0,0.0,0.0,00:01,0.0,00:01,0.0,7.1,0.3
1782801231.948,0.0,0.0,0.0,0.0,00:01,0.0,00:01,0.0,7.1,0.3
1782801236.96,0.0,0.0,0.0,0.0,00:01,0.0,00:01,0.0,7.1,0.3
1782801241.973,0.0,0.0,0.0,0.0,00:01,0.0,00:01,0.0,7.1,0.3
1782801246.98,0.0,0.0,0.0,0.0,00:01,0.0,00:01,0.0,7.1,0.3
1782801251.994,0.0,0.0,0.0,0.0,00:01,0.0,00:01,0.0,7.1,0.3
1782801257.009,0.0,0.0,0.0,0.0,00:01,0.0,00:01,0.0,7.1,0.3
1782801262.018,0.0,0.0,0.0,0.0,00:01,0.0,00:01,0.0,7.1,0.3
1782801267.03,0.0,0.0,0.0,0.0,00:01,0.0,00:01,0.0,7.1,0.3
1782801272.036,0.0,0.0,0.0,0.0,00:01,0.0,00:01,0.0,7.1,0.3
1782801277.048,0.0,0.0,0.0,0.0,00:01,0.0,00:01,0.0,7.1,0.3
1782801282.062,0.0,0.0,0.0,0.0,00:01,0.0,00:01,0.0,7.1,0.3
1782801287.074,0.0,0.0,0.0,0.0,00:01,0.0,00:01,0.0,7.1,0.3
1782801292.077,0.0,0.0,0.0,0.0,00:01,0.0,00:01,0.0,7.1,0.3
1782801297.092,0.0,0.0,0.0,0.0,00:01,0.0,00:01,0.0,7.1,0.3
1782801302.108,0.0,0.0,0.0,0.0,00:01,0.0,00:01,0.0,7.1,0.3
1782801307.12,0.0,0.0,0.0,0.0,00:01,0.0,00:01,0.0,7.1,0.3
1782801312.134,0.0,0.0,0.0,0.0,00:01,0.0,00:01,0.0,7.1,0.3
1782801317.14,0.0,0.0,0.0,0.0,00:01,0.0,00:01,0.0,7.1,0.3
1782801322.152,0.0,0.0,0.0,0.0,00:01,0.0,00:01,0.0,7.1,0.3
1782801327.17,0.0,0.0,0.0,0.0,00:01,0.0,00:01,0.0,7.1,0.3
1782801332.18,0.0,0.0,0.0,0.0,00:01,0.0,00:01,0.0,7.1,0.3
1782801337.19,0.0,0.0,0.0,0.0,00:01,0.0,00:01,0.0,7.1,0.3
1782801342.198,0.0,0.0,0.0,0.0,00:01,0.0,00:01,0.0,7.1,0.3
1782801347.207,0.0,0.0,0.0,0.0,00:01,0.0,00:01,0.0,7.1,0.3
1782801352.218,0.0,0.0,0.0,0.0,00:01,0.0,00:01,0.0,7.1,0.3
1782801357.228,0.0,0.0,0.0,0.0,00:01,0.0,00:01,0.0,7.1,0.3
1782801362.236,0.0,0.0,0.0,0.0,00:01,0.0,00:01,0.0,7.1,0.3
1782801367.24,0.0,0.0,0.0,0.0,00:01,0.0,00:01,0.0,7.1,0.3
1782801372.251,0.0,0.0,0.0,0.0,00:01,0.0,00:01,0.0,7.1,0.3
1782801377.26,0.0,0.0,0.0,0.0,00:01,0.0,00:01,0.0,7.1,0.3
1782801382.269,0.0,0.0,0.0,0.0,00:01,0.0,00:01,0.0,7.1,0.3
1782801387.276,0.0,0.0,0.0,0.0,00:01,0.0,00:01,0.0,7.1,0.3
1782801392.288,0.0,0.0,0.0,0.0,00:01,0.0,00:01,0.0,7.1,0.3
1782801397.3,0.0,0.0,0.0,0.0,00:01,0.0,00:01,0.0,7.1,0.3
1782801402.313,0.0,0.0,0.0,0.0,00:01,0.0,00:01,0.0,7.1,0.3
1782801407.321,0.0,0.0,0.0,0.0,00:01,0.0,00:01,0.0,7.1,0.3
1782801412.328,0.0,0.0,0.0,0.0,00:01,0.0,00:01,0.0,7.1,0.3
1782801417.338,0.0,0.0,0.0,0.0,00:01,0.0,00:01,0.0,7.1,0.3
1782801422.351,0.0,0.0,0.0,0.0,00:01,0.0,00:01,0.0,7.1,0.3
1782801427.362,0.0,0.0,0.0,0.0,00:01,0.0,00:01,0.0,7.1,0.3
1782801432.373,0.0,0.0,0.0,0.0,00:01,0.0,00:01,0.0,7.1,0.3
1782801437.38,0.0,0.0,0.0,0.0,00:01,0.0,00:01,0.0,7.1,0.3
1782801442.392,0.0,0.0,0.0,0.0,00:01,0.0,00:01,0.0,7.1,0.3
1782801447.406,0.0,0.0,0.0,0.0,00:01,0.0,00:01,0.0,7.1,0.3
1782801452.413,0.0,0.0,0.0,0.0,00:01,0.0,00:01,0.0,7.1,0.3
1782801457.423,0.0,0.0,0.0,0.0,00:01,0.0,00:01,0.0,7.1,0.3
1782801462.43,0.0,0.0,0.0,0.0,00:01,0.0,00:01,0.0,7.1,0.3
1782801467.443,0.0,0.0,0.0,0.0,00:01,0.0,00:01,0.0,7.1,0.3
1782801472.457,0.0,0.0,0.0,0.0,00:01,0.0,00:01,0.0,7.1,0.3
1782801477.47,0.0,0.0,0.0,0.0,00:01,0.0,00:01,0.0,7.1,0.3
1782801482.474,0.0,0.0,0.0,0.0,00:01,0.0,00:01,0.0,7.1,0.3
1782801487.487,0.0,0.0,0.0,0.0,00:01,0.0,00:01,0.0,7.1,0.3
1782801492.501,0.0,0.0,0.0,0.0,00:01,0.0,00:01,0.0,7.1,0.3
1782801497.514,0.0,0.0,0.0,0.0,00:01,0.0,00:01,0.0,7.1,0.3
1782801502.525,0.0,0.0,0.0,0.0,00:01,0.0,00:01,0.0,7.1,0.3
1782801507.532,0.0,0.0,0.0,0.0,00:01,0.0,00:01,0.0,7.1,0.3
1782801512.55,0.0,0.0,0.0,0.0,00:01,0.0,00:01,0.0,7.1,0.3
1782801517.562,0.0,0.0,0.0,0.0,00:01,0.0,00:01,0.0,7.1,0.3
1782801522.573,0.0,0.0,0.0,0.0,00:01,0.0,00:01,0.0,7.1,0.3
1782801527.581,0.0,0.0,0.0,0.0,00:01,0.0,00:01,0.0,7.1,0.3
1782801532.588,0.0,0.0,0.0,0.0,00:01,0.0,00:01,0.0,7.1,0.3
1782801537.599,0.0,0.0,0.0,0.0,00:01,0.0,00:01,0.0,7.1,0.3
1782801542.612,0.0,0.0,0.0,0.0,00:01,0.0,00:01,0.0,7.1,0.3
1782801547.626,0.0,0.0,0.0,0.0,00:01,0.0,00:01,0.0,7.1,0.3
1782801552.633,0.0,0.0,0.0,0.0,00:01,0.0,00:01,0.0,7.1,0.3
1782801557.647,0.0,0.0,0.0,0.0,00:01,0.0,00:01,0.0,7.1,0.3
1782801562.662,0.0,0.0,0.0,0.0,00:01,0.0,00:01,0.0,7.1,0.3
1782801567.675,0.0,0.0,0.0,0.0,00:01,0.0,00:01,0.0,7.1,0.3
1782801572.687,0.0,0.0,0.0,0.0,00:01,0.0,00:01,0.0,7.1,0.3
1782801577.692,0.0,0.0,0.0,0.0,00:01,0.0,00:01,0.0,7.1,0.3
1782801582.708,0.0,0.0,0.0,0.0,00:01,0.0,00:01,0.0,7.1,0.3
1782801587.72,0.0,0.0,0.0,0.0,00:01,0.0,00:01,0.0,7.1,0.3
1782801592.733,0.0,0.0,0.0,0.0,00:01,0.0,00:01,0.0,7.1,0.3
1782801597.745,0.0,0.0,0.0,0.0,00:01,0.0,00:01,0.0,7.1,0.3
1782801602.755,0.0,0.0,0.0,0.0,00:01,0.0,00:01,0.0,7.1,0.3
1782801607.766,0.0,0.0,0.0,0.0,00:01,0.0,00:01,0.0,7.1,0.3
1782801612.779,0.0,0.0,0.0,0.0,00:01,0.0,00:01,0.0,7.1,0.3
1782801617.791,0.0,0.0,0.0,0.0,00:01,0.0,00:01,0.0,7.1,0.3
1782801622.803,0.0,0.0,0.0,0.0,00:01,0.0,00:01,0.0,7.1,0.3
1782801627.81,0.0,0.0,0.0,0.0,00:01,0.0,00:01,0.0,7.1,0.3
1782801632.82,0.0,0.0,0.0,0.0,00:01,0.0,00:01,0.0,7.1,0.3
1782801637.833,0.0,0.0,0.0,0.0,00:01,0.0,00:01,0.0,7.1,0.3
1782801642.844,0.0,0.0,0.0,0.0,00:01,0.0,00:01,0.0,7.1,0.3
1782801647.852,0.0,0.0,0.0,0.0,00:01,0.0,00:01,0.0,7.1,0.3
1782801652.864,0.0,0.0,0.0,0.0,00:01,0.0,00:01,0.0,7.1,0.3
1782801657.874,0.0,0.0,0.0,0.0,00:01,0.0,00:01,0.0,7.1,0.3
1782801662.887,0.0,0.0,0.0,0.0,00:01,0.0,00:01,0.0,7.1,0.3
1782801667.895,0.0,0.0,0.0,0.0,00:01,0.0,00:01,0.0,7.1,0.3
1782801672.903,0.0,0.0,0.0,0.0,00:01,0.0,00:01,0.0,7.1,0.3
1782801677.915,0.0,0.0,0.0,0.0,00:01,0.0,00:01,0.0,7.1,0.3
1782801682.925,0.0,0.0,0.0,0.0,00:01,0.0,00:01,0.0,7.1,0.3
1782801687.936,0.0,0.0,0.0,0.0,00:01,0.0,00:01,0.0,7.1,0.3
1782801692.948,0.0,0.0,0.0,0.0,00:01,0.0,00:01,0.0,7.1,0.3
1782801697.957,0.0,0.0,0.0,0.0,00:01,0.0,00:01,0.0,7.1,0.3
1782801702.971,0.0,0.0,0.0,0.0,00:01,0.0,00:01,0.0,7.1,0.3
1782801707.979,0.0,0.0,0.0,0.0,00:01,0.0,00:01,0.0,7.1,0.3
1782801712.992,0.0,0.0,0.0,0.0,00:01,0.0,00:01,0.0,7.1,0.3
1782801717.999,0.0,0.0,0.0,0.0,00:01,0.0,00:01,0.0,7.1,0.3
1782801723.011,0.0,0.0,0.0,0.0,00:01,0.0,00:01,0.0,7.1,0.3
1782801728.021,0.0,0.0,0.0,0.0,00:01,0.0,00:01,0.0,7.1,0.3
1782801733.032,0.0,0.0,0.0,0.0,00:01,0.0,00:01,0.0,7.1,0.3
1782801738.041,0.0,0.0,0.0,0.0,00:01,0.0,00:01,0.0,7.1,0.3
1782801743.048,0.0,0.0,0.0,0.0,00:01,0.0,00:01,0.0,7.1,0.3
1782801748.061,0.0,0.0,0.0,0.0,00:01,0.0,00:01,0.0,7.1,0.3
1782801753.074,0.0,0.0,0.0,0.0,00:01,0.0,00:01,0.0,7.1,0.3
1782801758.083,0.0,0.0,0.0,0.0,00:01,0.0,00:01,0.0,7.1,0.3
1782801763.095,0.0,0.0,0.0,0.0,00:01,0.0,00:01,0.0,7.1,0.3
1782801768.099,0.0,0.0,0.0,0.0,00:01,0.0,00:01,0.0,7.1,0.3
1782801773.115,0.0,0.0,0.0,0.0,00:01,0.0,00:01,0.0,7.1,0.3
1782801778.128,0.0,0.0,0.0,0.0,00:01,0.0,00:01,0.0,7.1,0.3
1782801783.141,0.0,0.0,0.0,0.0,00:01,0.0,00:01,0.0,7.1,0.3
1782801788.154,0.0,0.0,0.0,0.0,00:01,0.0,00:01,0.0,7.1,0.3
1782801793.164,0.0,0.0,0.0,0.0,00:01,0.0,00:01,0.0,7.1,0.3
1782801798.178,0.0,0.0,0.0,0.0,00:01,0.0,00:01,0.0,7.1,0.3
1782801803.192,0.0,0.0,0.0,0.0,00:01,0.0,00:01,0.0,7.1,0.3
1782801808.203,0.0,0.0,0.0,0.0,00:01,0.0,00:01,0.0,7.1,0.3
1782801813.21,0.0,0.0,0.0,0.0,00:01,0.0,00:01,0.0,7.1,0.3
1782801818.223,0.0,0.0,0.0,0.0,00:01,0.0,00:01,0.0,7.1,0.3
1782801823.237,0.0,0.0,0.0,0.0,00:01,0.0,00:01,0.0,7.1,0.3
1782801828.25,0.0,0.0,0.0,0.0,00:01,0.0,00:01,0.0,7.1,0.3
1782801833.264,0.0,0.0,0.0,0.0,00:01,0.0,00:01,0.0,7.1,0.3
1782801838.271,0.0,0.0,0.0,0.0,00:01,0.0,00:01,0.0,7.1,0.3
1782801843.284,0.0,0.0,0.0,0.0,00:01,0.0,00:01,0.0,7.1,0.3
1782801848.295,0.0,0.0,0.0,0.0,00:01,0.0,00:01,0.0,7.1,0.3
1782801853.307,0.0,0.0,0.0,0.0,00:01,0.0,00:01,0.0,7.1,0.3
1782801858.322,0.0,0.0,0.0,0.0,00:01,0.0,00:01,0.0,7.1,0.3
1782801863.332,0.0,0.0,0.0,0.0,00:01,0.0,00:01,0.0,7.1,0.3
1782801868.345,0.0,0.0,0.0,0.0,00:01,0.0,00:01,0.0,7.1,0.3
1782801873.351,0.0,0.0,0.0,0.0,00:01,0.0,00:01,0.0,7.1,0.3
1782801878.358,0.0,0.0,0.0,0.0,00:01,0.0,00:01,0.0,7.1,0.3
1782801883.365,0.0,0.0,0.0,0.0,00:01,0.0,00:01,0.0,7.1,0.3
1782801888.372,0.0,0.0,0.0,0.0,00:01,0.0,00:01,0.0,7.1,0.3
1782801893.38,0.0,0.0,0.0,0.0,00:01,0.0,00:01,0.0,7.1,0.3
1782801898.391,0.0,0.0,0.0,0.0,00:01,0.0,00:01,0.0,7.1,0.3
1782801903.401,0.0,0.0,0.0,0.0,00:01,0.0,00:01,0.0,7.1,0.3
1782801908.408,0.0,0.0,0.0,0.0,00:01,0.0,00:01,0.0,7.1,0.3
1782801913.421,0.0,0.0,0.0,0.0,00:01,0.0,00:01,0.0,7.1,0.3
1782801918.431,0.0,0.0,0.0,0.0,00:01,0.0,00:01,0.0,7.1,0.3
1782801923.442,0.0,0.0,0.0,0.0,00:01,0.0,00:01,0.0,7.1,0.3
1782801928.455,0.0,0.0,0.0,0.0,00:01,0.0,00:01,0.0,7.1,0.3
1782801933.463,0.0,0.0,0.0,0.0,00:01,0.0,00:01,0.0,7.1,0.3
1782801938.471,0.0,0.0,0.0,0.0,00:01,0.0,00:01,0.0,7.1,0.3
1782801943.481,0.0,0.0,0.0,0.0,00:01,0.0,00:01,0.0,7.1,0.3
1782801948.491,0.0,0.0,0.0,0.0,00:01,0.0,00:01,0.0,7.1,0.3
1782801953.501,0.0,0.0,0.0,0.0,00:01,0.0,00:01,0.0,7.1,0.3
1782801958.513,0.0,0.0,0.0,0.0,00:01,0.0,00:01,0.0,7.1,0.3
1782801963.525,0.0,0.0,0.0,0.0,00:01,0.0,00:01,0.0,7.1,0.3
1782801968.536,0.0,0.0,0.0,0.0,00:01,0.0,00:01,0.0,7.1,0.3
1782801973.544,0.0,0.0,0.0,0.0,00:01,0.0,00:01,0.0,7.1,0.3
1782801978.557,0.0,0.0,0.0,0.0,00:01,0.0,00:01,0.0,7.1,0.3
1782801983.568,0.0,0.0,0.0,0.0,00:01,0.0,00:01,0.0,7.1,0.3
1782801988.579,0.0,0.0,0.0,0.0,00:01,0.0,00:01,0.0,7.1,0.3
1782801993.59,0.0,0.0,0.0,0.0,00:01,0.0,00:01,0.0,7.1,0.3
1782801998.601,0.0,0.0,0.0,0.0,00:01,0.0,00:01,0.0,7.1,0.3
1782802003.609,0.0,0.0,0.0,0.0,00:01,0.0,00:01,0.0,7.1,0.3
1782802008.62,0.0,0.0,0.0,0.0,00:01,0.0,00:01,0.0,7.1,0.3
1782802013.628,0.0,0.0,0.0,0.0,00:01,0.0,00:01,0.0,7.1,0.3
1782802018.635,0.0,0.0,0.0,0.0,00:01,0.0,00:01,0.0,7.1,0.3
1782802023.643,0.0,0.0,0.0,0.0,00:01,0.0,00:01,0.0,7.1,0.3
1782802028.653,0.0,0.0,0.0,0.0,00:01,0.0,00:01,0.0,7.1,0.3
1782802033.662,0.0,0.0,0.0,0.0,00:01,0.0,00:01,0.0,7.1,0.3
1782802038.672,0.0,0.0,0.0,0.0,00:01,0.0,00:01,0.0,7.1,0.3
1782802043.684,0.0,0.0,0.0,0.0,00:01,0.0,00:01,0.0,7.1,0.3
1782802048.693,0.0,0.0,0.0,0.0,00:01,0.0,00:01,0.0,7.1,0.3
1782802053.702,0.0,0.0,0.0,0.0,00:01,0.0,00:01,0.0,7.1,0.3
1782802058.71,0.0,0.0,0.0,0.0,00:01,0.0,00:01,0.0,7.1,0.3
1782802063.72,0.0,0.0,0.0,0.0,00:01,0.0,00:01,0.0,7.1,0.3
1782802068.727,0.0,0.0,0.0,0.0,00:01,0.0,00:01,0.0,7.1,0.3
1782802073.735,0.0,0.0,0.0,0.0,00:01,0.0,00:01,0.0,7.1,0.3
1782802078.742,0.0,0.0,0.0,0.0,00:01,0.0,00:01,0.0,7.1,0.3
1782802083.751,0.0,0.0,0.0,0.0,00:01,0.0,00:01,0.0,7.1,0.3
1782802088.761,0.0,0.0,0.0,0.0,00:01,0.0,00:01,0.0,7.1,0.3
1782802093.771,0.0,0.0,0.0,0.0,00:01,0.0,00:01,0.0,7.1,0.3
1782802098.778,0.0,0.0,0.0,0.0,00:01,0.0,00:01,0.0,7.1,0.3
1782802103.786,0.0,0.0,0.0,0.0,00:01,0.0,00:01,0.0,7.1,0.3
1782802108.796,0.0,0.0,0.0,0.0,00:01,0.0,00:01,0.0,7.1,0.3
1782802113.803,0.0,0.0,0.0,0.0,00:01,0.0,00:01,0.0,7.1,0.3
1782802118.809,0.0,0.0,0.0,0.0,00:01,0.0,00:01,0.0,7.1,0.3
1782802123.819,0.0,0.0,0.0,0.0,00:01,0.0,00:01,0.0,7.1,0.3
1782802128.827,0.0,0.0,0.0,0.0,00:01,0.0,00:01,0.0,7.1,0.3
1782802133.838,0.0,0.0,0.0,0.0,00:01,0.0,00:01,0.0,7.1,0.3
1782802138.852,0.0,0.0,0.0,0.0,00:01,0.0,00:01,0.0,7.1,0.3
1782802143.86,0.0,0.0,0.0,0.0,00:01,0.0,00:01,0.0,7.1,0.3
1782802148.868,0.0,0.0,0.0,0.0,00:01,0.0,00:01,0.0,7.1,0.3
1782802153.882,0.0,0.0,0.0,0.0,00:01,0.0,00:01,0.0,7.1,0.3
1782802158.895,0.0,0.0,0.0,0.0,00:01,0.0,00:01,0.0,7.1,0.3
1782802163.908,0.0,0.0,0.0,0.0,00:01,0.0,00:01,0.0,7.1,0.3
1782802168.917,0.0,0.0,0.0,0.0,00:01,0.0,00:01,0.0,7.1,0.3
1782802173.929,0.0,0.0,0.0,0.0,00:01,0.0,00:01,0.0,7.1,0.3
1782802178.943,0.0,0.0,0.0,0.0,00:01,0.0,00:01,0.0,7.1,0.3
1782802183.955,0.0,0.0,0.0,0.0,00:01,0.0,00:01,0.0,7.1,0.3
1782802188.963,0.0,0.0,0.0,0.0,00:01,0.0,00:01,0.0,7.1,0.3
1782802193.968,0.0,0.0,0.0,0.0,00:01,0.0,00:01,0.0,7.1,0.3
1782802198.981,0.0,0.0,0.0,0.0,00:01,0.0,00:01,0.0,7.1,0.3
1782802203.991,0.0,0.0,0.0,0.0,00:01,0.0,00:01,0.0,7.1,0.3
1782802209.006,0.0,0.0,0.0,0.0,00:01,0.0,00:01,0.0,7.1,0.3
1782802214.018,0.0,0.0,0.0,0.0,00:01,0.0,00:01,0.0,7.1,0.3
1782802219.02,0.0,0.0,0.0,0.0,00:01,0.0,00:01,0.0,7.1,0.3
1782802224.036,0.0,0.0,0.0,0.0,00:01,0.0,00:01,0.0,7.1,0.3
1782802229.047,0.0,0.0,0.0,0.0,00:01,0.0,00:01,0.0,7.1,0.3
1782802234.058,0.0,0.0,0.0,0.0,00:01,0.0,00:01,0.0,7.1,0.3
1782802239.067,0.0,0.0,0.0,0.0,00:01,0.0,00:01,0.0,7.1,0.3
1782802244.075,0.0,0.0,0.0,0.0,00:01,0.0,00:01,0.0,7.1,0.3
1782802249.087,0.0,0.0,0.0,0.0,00:01,0.0,00:01,0.0,7.1,0.3
1782802254.102,0.0,0.0,0.0,0.0,00:01,0.0,00:01,0.0,7.1,0.3
1782802259.116,0.0,0.0,0.0,0.0,00:01,0.0,00:01,0.0,7.1,0.3
1782802264.125,0.0,0.0,0.0,0.0,00:01,0.0,00:01,0.0,7.1,0.3
1782802269.137,0.0,0.0,0.0,0.0,00:01,0.0,00:01,0.0,7.1,0.3
1782802274.146,0.0,0.0,0.0,0.0,00:01,0.0,00:01,0.0,7.1,0.3
1782802279.153,0.0,0.0,0.0,0.0,00:01,0.0,00:01,0.0,7.1,0.3
1782802284.162,0.0,0.0,0.0,0.0,00:01,0.0,00:01,0.0,7.1,0.3
1782802289.167,0.0,0.0,0.0,0.0,00:01,0.0,00:01,0.0,7.1,0.3
1782802294.176,0.0,0.0,0.0,0.0,00:01,0.0,00:01,0.0,7.1,0.3
1782802299.188,0.0,0.0,0.0,0.0,00:01,0.0,00:01,0.0,7.1,0.3
1782802304.197,0.0,0.0,0.0,0.0,00:01,0.0,00:01,0.0,7.1,0.3
1782802309.205,0.0,0.0,0.0,0.0,00:01,0.0,00:01,0.0,7.1,0.3
1782802314.214,0.0,0.0,0.0,0.0,00:01,0.0,00:01,0.0,7.1,0.3
1782802319.221,0.0,0.0,0.0,0.0,00:01,0.0,00:01,0.0,7.1,0.3
1782802324.232,0.0,0.0,0.0,0.0,00:01,0.0,00:01,0.0,7.1,0.3
1782802329.241,0.0,0.0,0.0,0.0,00:01,0.0,00:01,0.0,7.1,0.3
1782802334.248,0.0,0.0,0.0,0.0,00:01,0.0,00:01,0.0,7.1,0.3
1782802339.259,0.0,0.0,0.0,0.0,00:01,0.0,00:01,0.0,7.1,0.3
1782802344.266,0.0,0.0,0.0,0.0,00:01,0.0,00:01,0.0,7.1,0.3
1782802349.274,0.0,0.0,0.0,0.0,00:01,0.0,00:01,0.0,7.1,0.3
1782802354.284,0.0,0.0,0.0,0.0,00:01,0.0,00:01,0.0,7.1,0.3
1782802359.289,0.0,0.0,0.0,0.0,00:01,0.0,00:01,0.0,7.1,0.3
1782802364.297,0.0,0.0,0.0,0.0,00:01,0.0,00:01,0.0,7.1,0.3
1782802369.31,0.0,0.0,0.0,0.0,00:01,0.0,00:01,0.0,7.1,0.3
1782802374.318,0.0,0.0,0.0,0.0,00:01,0.0,00:01,0.0,7.1,0.3
1782802379.327,0.0,0.0,0.0,0.0,00:01,0.0,00:01,0.0,7.1,0.3
1782802384.337,0.0,0.0,0.0,0.0,00:01,0.0,00:01,0.0,7.1,0.3
1782802389.349,0.0,0.0,0.0,0.0,00:01,0.0,00:01,0.0,7.1,0.3
1782802394.364,0.0,0.0,0.0,0.0,00:01,0.0,00:01,0.0,7.1,0.3
1782802399.377,0.0,0.0,0.0,0.0,00:01,0.0,00:01,0.0,7.1,0.3
1782802404.382,0.0,0.0,0.0,0.0,00:01,0.0,00:01,0.0,7.1,0.3
1782802409.395,0.0,0.0,0.0,0.0,00:01,0.0,00:01,0.0,7.1,0.3
1782802414.406,0.0,0.0,0.0,0.0,00:01,0.0,00:01,0.0,7.1,0.3
1782802419.415,0.0,0.0,0.0,0.0,00:01,0.0,00:01,0.0,7.1,0.3
1782802424.425,0.0,0.0,0.0,0.0,00:01,0.0,00:01,0.0,7.1,0.3
1782802429.431,0.0,0.0,0.0,0.0,00:01,0.0,00:01,0.0,7.1,0.3
1782802434.44,0.0,0.0,0.0,0.0,00:01,0.0,00:01,0.0,7.1,0.3
1782802439.452,0.0,0.0,0.0,0.0,00:01,0.0,00:01,0.0,7.1,0.3
1782802444.462,0.0,0.0,0.0,0.0,00:01,0.0,00:01,0.0,7.1,0.3
1782802449.473,0.0,0.0,0.0,0.0,00:01,0.0,00:01,0.0,7.1,0.3
1782802454.479,0.0,0.0,0.0,0.0,00:01,0.0,00:01,0.0,7.1,0.3
1782802459.487,0.0,0.0,0.0,0.0,00:01,0.0,00:01,0.0,7.1,0.3
1782802464.497,0.0,0.0,0.0,0.0,00:01,0.0,00:01,0.0,7.1,0.3
1782802469.503,0.0,0.0,0.0,0.0,00:01,0.0,00:01,0.0,7.1,0.3
1782802474.51,0.0,0.0,0.0,0.0,00:01,0.0,00:01,0.0,7.1,0.3
1782802479.52,0.0,0.0,0.0,0.0,00:01,0.0,00:01,0.0,7.1,0.3
1782802484.53,0.0,0.0,0.0,0.0,00:01,0.0,00:01,0.0,7.1,0.3
1782802489.54,0.0,0.0,0.0,0.0,00:01,0.0,00:01,0.0,7.1,0.3
1782802494.556,0.0,0.0,0.0,0.0,00:01,0.0,00:01,0.0,7.1,0.3
1782802499.562,0.0,0.0,0.0,0.0,00:01,0.0,00:01,0.0,7.1,0.3
1782802504.572,0.0,0.0,0.0,0.0,00:01,0.0,00:01,0.0,7.1,0.3
1782802509.587,0.0,0.0,0.0,0.0,00:01,0.0,00:01,0.0,7.1,0.3
1782802514.597,0.0,0.0,0.0,0.0,00:01,0.0,00:01,0.0,7.1,0.3
1782802519.611,0.0,0.0,0.0,0.0,00:01,0.0,00:01,0.0,7.1,0.3
1782802524.619,0.0,0.0,0.0,0.0,00:01,0.0,00:01,0.0,7.1,0.3
1782802529.629,0.0,0.0,0.0,0.0,00:01,0.0,00:01,0.0,7.1,0.3
1782802534.638,0.0,0.0,0.0,0.0,00:01,0.0,00:01,0.0,7.1,0.3
1782802539.649,0.0,0.0,0.0,0.0,00:01,0.0,00:01,0.0,7.1,0.3
1782802544.655,0.0,0.0,0.0,0.0,00:01,0.0,00:01,0.0,7.1,0.3
1782802549.668,0.0,0.0,0.0,0.0,00:01,0.0,00:01,0.0,7.1,0.3
1782802554.679,0.0,0.0,0.0,0.0,00:01,0.0,00:01,0.0,7.1,0.3
1782802559.691,0.0,0.0,0.0,0.0,00:01,0.0,00:01,0.0,7.1,0.3
1782802564.705,0.0,0.0,0.0,0.0,00:01,0.0,00:01,0.0,7.1,0.3
1782802569.712,0.0,0.0,0.0,0.0,00:01,0.0,00:01,0.0,7.1,0.3
1782802574.726,0.0,0.0,0.0,0.0,00:01,0.0,00:01,0.0,7.1,0.3
1782802579.74,0.0,0.0,0.0,0.0,00:01,0.0,00:01,0.0,7.1,0.3
1782802584.752,0.0,0.0,0.0,0.0,00:01,0.0,00:01,0.0,7.1,0.3
1782802589.767,0.0,0.0,0.0,0.0,00:01,0.0,00:01,0.0,7.1,0.3
1782802594.776,0.0,0.0,0.0,0.0,00:01,0.0,00:01,0.0,7.1,0.3
1782802599.784,0.0,0.0,0.0,0.0,00:01,0.0,00:01,0.0,7.1,0.3
1782802604.793,0.0,0.0,0.0,0.0,00:01,0.0,00:01,0.0,7.1,0.3
1782802609.805,0.0,0.0,0.0,0.0,00:01,0.0,00:01,0.0,7.1,0.3
1782802614.813,0.0,0.0,0.0,0.0,00:01,0.0,00:01,0.0,7.1,0.3
1782802619.828,0.0,0.0,0.0,0.0,00:01,0.0,00:01,0.0,7.1,0.3
1782802624.842,0.0,0.0,0.0,0.0,00:01,0.0,00:01,0.0,7.1,0.3
1782802629.851,0.0,0.0,0.0,0.0,00:01,0.0,00:01,0.0,7.1,0.3
1782802634.86,0.0,0.0,0.0,0.0,00:01,0.0,00:01,0.0,7.1,0.3
1782802639.866,0.0,0.0,0.0,0.0,00:01,0.0,00:01,0.0,7.1,0.3
1782802644.876,0.0,0.0,0.0,0.0,00:01,0.0,00:01,0.0,7.1,0.3
1782802649.886,0.0,0.0,0.0,0.0,00:01,0.0,00:01,0.0,7.1,0.3
1782802654.898,0.0,0.0,0.0,0.0,00:01,0.0,00:01,0.0,7.1,0.3
1782802659.913,0.0,0.0,0.0,0.0,00:01,0.0,00:01,0.0,7.1,0.3
1782802664.922,0.0,0.0,0.0,0.0,00:01,0.0,00:01,0.0,7.1,0.3
1782802669.934,0.0,0.0,0.0,0.0,00:01,0.0,00:01,0.0,7.1,0.3
1782802674.946,0.0,0.0,0.0,0.0,00:01,0.0,00:01,0.0,7.1,0.3
1782802679.96,0.0,0.0,0.0,0.0,00:01,0.0,00:01,0.0,7.1,0.3
1782802684.974,0.0,0.0,0.0,0.0,00:01,0.0,00:01,0.0,7.1,0.3
1782802689.98,0.0,0.0,0.0,0.0,00:01,0.0,00:01,0.0,7.1,0.3
1782802694.994,0.0,0.0,0.0,0.0,00:01,0.0,00:01,0.0,7.1,0.3
1782802700.007,0.0,0.0,0.0,0.0,00:01,0.0,00:01,0.0,7.1,0.3
1782802705.019,0.0,0.0,0.0,0.0,00:01,0.0,00:01,0.0,7.1,0.3
1782802710.026,0.0,0.0,0.0,0.0,00:01,0.0,00:01,0.0,7.1,0.3
1782802715.038,0.0,0.0,0.0,0.0,00:01,0.0,00:01,0.0,7.1,0.3
1782802720.05,0.0,0.0,0.0,0.0,00:01,0.0,00:01,0.0,7.1,0.3
1782802725.06,0.0,0.0,0.0,0.0,00:01,0.0,00:01,0.0,7.1,0.3
1782802730.072,0.0,0.0,0.0,0.0,00:01,0.0,00:01,0.0,7.1,0.3
1782802735.077,0.0,0.0,0.0,0.0,00:01,0.0,00:01,0.0,7.1,0.3
1782802740.086,0.0,0.0,0.0,0.0,00:01,0.0,00:01,0.0,7.1,0.3
1782802745.092,0.0,0.0,0.0,0.0,00:01,0.0,00:01,0.0,7.1,0.3
1782802750.105,0.0,0.0,0.0,0.0,00:01,0.0,00:01,0.0,7.1,0.3
1782802755.119,0.0,0.0,0.0,0.0,00:01,0.0,00:01,0.0,7.1,0.3
1782802760.125,0.0,0.0,0.0,0.0,00:01,0.0,00:01,0.0,7.1,0.3
1782802765.135,0.0,0.0,0.0,0.0,00:01,0.0,00:01,0.0,7.1,0.3
1782802770.146,0.0,0.0,0.0,0.0,00:01,0.0,00:01,0.0,7.1,0.3
1782802775.162,0.0,0.0,0.0,0.0,00:01,0.0,00:01,0.0,7.1,0.3
1782802780.168,0.0,0.0,0.0,0.0,00:01,0.0,00:01,0.0,7.1,0.3
1782802785.18,0.0,0.0,0.0,0.0,00:01,0.0,00:01,0.0,7.1,0.3
1782802790.192,0.0,0.0,0.0,0.0,00:01,0.0,00:01,0.0,7.1,0.3
1782802795.208,0.0,0.0,0.0,0.0,00:01,0.0,00:01,0.0,7.1,0.3
1782802800.222,0.0,0.0,0.0,0.0,00:01,0.0,00:01,0.0,7.1,0.3
1782802805.229,0.0,0.0,0.0,0.0,00:01,0.0,00:01,0.0,7.1,0.3
1782802810.24,0.0,0.0,0.0,0.0,00:01,0.0,00:01,0.0,7.1,0.3
1782802815.25,0.0,0.0,0.0,0.0,00:01,0.0,00:01,0.0,7.1,0.3
1782802820.264,0.0,0.0,0.0,0.0,00:01,0.0,00:01,0.0,7.1,0.3
1782802825.278,0.0,0.0,0.0,0.0,00:01,0.0,00:01,0.0,7.1,0.3
1782802830.285,0.0,0.0,0.0,0.0,00:01,0.0,00:01,0.0,7.1,0.3
1782802835.297,0.0,0.0,0.0,0.0,00:01,0.0,00:01,0.0,7.1,0.3
1782802840.313,0.0,0.0,0.0,0.0,00:01,0.0,00:01,0.0,7.1,0.3
1782802845.327,0.0,0.0,0.0,0.0,00:01,0.0,00:01,0.0,7.1,0.3
1782802850.338,0.0,0.0,0.0,0.0,00:01,0.0,00:01,0.0,7.1,0.3
1782802855.344,0.0,0.0,0.0,0.0,00:01,0.0,00:01,0.0,7.1,0.3
1782802860.357,0.0,0.0,0.0,0.0,00:01,0.0,00:01,0.0,7.1,0.3
1782802865.37,0.0,0.0,0.0,0.0,00:01,0.0,00:01,0.0,7.1,0.3
1782802870.386,0.0,0.0,0.0,0.0,00:01,0.0,00:01,0.0,7.1,0.3
1782802875.397,0.0,0.0,0.0,0.0,00:01,0.0,00:01,0.0,7.1,0.3
1782802880.406,0.0,0.0,0.0,0.0,00:01,0.0,00:01,0.0,7.1,0.3
1782802885.418,0.0,0.0,0.0,0.0,00:01,0.0,00:01,0.0,7.1,0.3
1782802890.428,0.0,0.0,0.0,0.0,00:01,0.0,00:01,0.0,7.1,0.3
1782802895.441,0.0,0.0,0.0,0.0,00:01,0.0,00:01,0.0,7.1,0.3
1782802900.448,0.0,0.0,0.0,0.0,00:01,0.0,00:01,0.0,7.1,0.3
1782802905.46,0.0,0.0,0.0,0.0,00:01,0.0,00:01,0.0,7.1,0.3
1782802910.474,0.0,0.0,0.0,0.0,00:01,0.0,00:01,0.0,7.1,0.3
1782802915.487,0.0,0.0,0.0,0.0,00:01,0.0,00:01,0.0,7.1,0.3
1782802920.499,0.0,0.0,0.0,0.0,00:01,0.0,00:01,0.0,7.1,0.3
1782802925.507,0.0,0.0,0.0,0.0,00:01,0.0,00:01,0.0,7.1,0.3
1782802930.522,0.0,0.0,0.0,0.0,00:01,0.0,00:01,0.0,7.1,0.3
1782802935.534,0.0,0.0,0.0,0.0,00:01,0.0,00:01,0.0,7.1,0.3
1782802940.546,0.0,0.0,0.0,0.0,00:01,0.0,00:01,0.0,7.1,0.3
1782802945.554,0.0,0.0,0.0,0.0,00:01,0.0,00:01,0.0,7.1,0.3
1782802950.561,0.0,0.0,0.0,0.0,00:01,0.0,00:01,0.0,7.1,0.3
1782802955.572,0.0,0.0,0.0,0.0,00:01,0.0,00:01,0.0,7.1,0.3
1782802960.585,0.0,0.0,0.0,0.0,00:01,0.0,00:01,0.0,7.1,0.3
1782802965.602,0.0,0.0,0.0,0.0,00:01,0.0,00:01,0.0,7.1,0.3
1782802970.614,0.0,0.0,0.0,0.0,00:01,0.0,00:01,0.0,7.1,0.3
1782802975.624,0.0,0.0,0.0,0.0,00:01,0.0,00:01,0.0,7.1,0.3
1782802980.632,0.0,0.0,0.0,0.0,00:01,0.0,00:01,0.0,7.1,0.3
1782802985.647,0.0,0.0,0.0,0.0,00:01,0.0,00:01,0.0,7.1,0.3
1782802990.659,0.0,0.0,0.0,0.0,00:01,0.0,00:01,0.0,7.1,0.3
1782802995.666,0.0,0.0,0.0,0.0,00:01,0.0,00:01,0.0,7.1,0.3
1782803000.677,0.0,0.0,0.0,0.0,00:01,0.0,00:01,0.0,7.1,0.3
1782803005.689,0.0,0.0,0.0,0.0,00:01,0.0,00:01,0.0,7.1,0.3
1782803010.707,0.0,0.0,0.0,0.0,00:01,0.0,00:01,0.0,7.1,0.3
1782803015.717,0.0,0.0,0.0,0.0,00:01,0.0,00:01,0.0,7.1,0.3
1782803020.72,0.0,0.0,0.0,0.0,00:01,0.0,00:01,0.0,7.1,0.3
1782803025.733,0.0,0.0,0.0,0.0,00:01,0.0,00:01,0.0,7.1,0.3
1782803030.744,0.0,0.0,0.0,0.0,00:01,0.0,00:01,0.0,7.1,0.3
1782803035.758,0.0,0.0,0.0,0.0,00:01,0.0,00:01,0.0,7.1,0.3
1782803040.769,0.0,0.0,0.0,0.0,00:01,0.0,00:01,0.0,7.1,0.3
1782803045.776,0.0,0.0,0.0,0.0,00:01,0.0,00:01,0.0,7.1,0.3
1782803050.79,0.0,0.0,0.0,0.0,00:01,0.0,00:01,0.0,7.1,0.3
1782803055.804,0.0,0.0,0.0,0.0,00:01,0.0,00:01,0.0,7.1,0.3
1782803060.818,0.0,0.0,0.0,0.0,00:01,0.0,00:01,0.0,7.1,0.3
1782803065.825,0.0,0.0,0.0,0.0,00:01,0.0,00:01,0.0,7.1,0.3
1782803070.838,0.0,0.0,0.0,0.0,00:01,0.0,00:01,0.0,7.1,0.3
1782803075.852,0.0,0.0,0.0,0.0,00:01,0.0,00:01,0.0,7.1,0.3
1782803080.868,0.0,0.0,0.0,0.0,00:01,0.0,00:01,0.0,7.1,0.3
1782803085.878,0.0,0.0,0.0,0.0,00:01,0.0,00:01,0.0,7.1,0.3
1782803090.885,0.0,0.0,0.0,0.0,00:01,0.0,00:01,0.0,7.1,0.3
1782803095.898,0.0,0.0,0.0,0.0,00:01,0.0,00:01,0.0,7.1,0.3
1782803100.909,0.0,0.0,0.0,0.0,00:01,0.0,00:01,0.0,7.1,0.3
1782803105.923,0.0,0.0,0.0,0.0,00:01,0.0,00:01,0.0,7.1,0.3
1782803110.932,0.0,0.0,0.0,0.0,00:01,0.0,00:01,0.0,7.1,0.3
1782803115.939,0.0,0.0,0.0,0.0,00:01,0.0,00:01,0.0,7.1,0.3
1782803120.949,0.0,0.0,0.0,0.0,00:01,0.0,00:01,0.0,7.1,0.3
1782803125.962,0.0,0.0,0.0,0.0,00:01,0.0,00:01,0.0,7.1,0.3
1782803130.974,0.0,0.0,0.0,0.0,00:01,0.0,00:01,0.0,7.1,0.3
1782803135.986,0.0,0.0,0.0,0.0,00:01,0.0,00:01,0.0,7.1,0.3
1782803140.992,0.0,0.0,0.0,0.0,00:01,0.0,00:01,0.0,7.1,0.3
1782803146.001,0.0,0.0,0.0,0.0,00:01,0.0,00:01,0.0,7.1,0.3
1782803151.013,0.0,0.0,0.0,0.0,00:01,0.0,00:01,0.0,7.1,0.3
1782803156.021,0.0,0.0,0.0,0.0,00:01,0.0,00:01,0.0,7.1,0.3
1782803161.027,0.0,0.0,0.0,0.0,00:01,0.0,00:01,0.0,7.1,0.3
1782803166.037,0.0,0.0,0.0,0.0,00:01,0.0,00:01,0.0,7.1,0.3
1782803171.05,0.0,0.0,0.0,0.0,00:01,0.0,00:01,0.0,7.1,0.3
1782803176.058,0.0,0.0,0.0,0.0,00:01,0.0,00:01,0.0,7.1,0.3
1782803181.068,0.0,0.0,0.0,0.0,00:01,0.0,00:01,0.0,7.1,0.3
1782803186.074,0.0,0.0,0.0,0.0,00:01,0.0,00:01,0.0,7.1,0.3
1782803191.086,0.0,0.0,0.0,0.0,00:01,0.0,00:01,0.0,7.1,0.3
1782803196.102,0.0,0.0,0.0,0.0,00:01,0.0,00:01,0.0,7.1,0.3
1782803201.113,0.0,0.0,0.0,0.0,00:01,0.0,00:01,0.0,7.1,0.3
1782803206.125,0.0,0.0,0.0,0.0,00:01,0.0,00:01,0.0,7.1,0.3
1782803211.128,0.0,0.0,0.0,0.0,00:01,0.0,00:01,0.0,7.1,0.3
1782803216.14,0.0,0.0,0.0,0.0,00:01,0.0,00:01,0.0,7.1,0.3
1782803221.155,0.0,0.0,0.0,0.0,00:01,0.0,00:01,0.0,7.1,0.3
1782803226.17,0.0,0.0,0.0,0.0,00:01,0.0,00:01,0.0,7.1,0.3
1782803231.176,0.0,0.0,0.0,0.0,00:01,0.0,00:01,0.0,7.1,0.3
1782803236.189,0.0,0.0,0.0,0.0,00:01,0.0,00:01,0.0,7.1,0.3
1782803241.201,0.0,0.0,0.0,0.0,00:01,0.0,00:01,0.0,7.1,0.3
1782803246.213,0.0,0.0,0.0,0.0,00:01,0.0,00:01,0.0,7.1,0.3
1782803251.225,0.0,0.0,0.0,0.0,00:01,0.0,00:01,0.0,7.1,0.3
1782803256.228,0.0,0.0,0.0,0.0,00:01,0.0,00:01,0.0,7.1,0.3
1782803261.24,0.0,0.0,0.0,0.0,00:01,0.0,00:01,0.0,7.1,0.3
1782803266.256,0.0,0.0,0.0,0.0,00:01,0.0,00:01,0.0,7.1,0.3
1782803271.269,0.0,0.0,0.0,0.0,00:01,0.0,00:01,0.0,7.1,0.3
1782803276.282,0.0,0.0,0.0,0.0,00:01,0.0,00:01,0.0,7.1,0.3
1782803281.291,0.0,0.0,0.0,0.0,00:01,0.0,00:01,0.0,7.1,0.3
1782803286.302,0.0,0.0,0.0,0.0,00:01,0.0,00:01,0.0,7.1,0.3
1782803291.316,0.0,0.0,0.0,0.0,00:01,0.0,00:01,0.0,7.1,0.3
1782803296.33,0.0,0.0,0.0,0.0,00:01,0.0,00:01,0.0,7.1,0.3
1782803301.339,0.0,0.0,0.0,0.0,00:01,0.0,00:01,0.0,7.1,0.3
1782803306.344,0.0,0.0,0.0,0.0,00:01,0.0,00:01,0.0,7.1,0.3
1782803311.357,0.0,0.0,0.0,0.0,00:01,0.0,00:01,0.0,7.1,0.3
1782803316.364,0.0,0.0,0.0,0.0,00:01,0.0,00:01,0.0,7.1,0.3
1782803321.374,0.0,0.0,0.0,0.0,00:01,0.0,00:01,0.0,7.1,0.3
1782803326.378,0.0,0.0,0.0,0.0,00:01,0.0,00:01,0.0,7.1,0.3
1782803331.392,0.0,0.0,0.0,0.0,00:01,0.0,00:01,0.0,7.1,0.3
1782803336.409,0.0,0.0,0.0,0.0,00:01,0.0,00:01,0.0,7.1,0.3
1782803341.421,0.0,0.0,0.0,0.0,00:01,0.0,00:01,0.0,7.1,0.3
1782803346.426,0.0,0.0,0.0,0.0,00:01,0.0,00:01,0.0,7.1,0.3
1782803351.434,0.0,0.0,0.0,0.0,00:01,0.0,00:01,0.0,7.1,0.3
1782803356.442,0.0,0.0,0.0,0.0,00:01,0.0,00:01,0.0,7.1,0.3
1782803361.451,0.0,0.0,0.0,0.0,00:01,0.0,00:01,0.0,7.1,0.3
1782803366.463,0.0,0.0,0.0,0.0,00:01,0.0,00:01,0.0,7.1,0.3
1782803371.472,0.0,0.0,0.0,0.0,00:01,0.0,00:01,0.0,7.1,0.3
1782803376.474,0.0,0.0,0.0,0.0,00:01,0.0,00:01,0.0,7.1,0.3
1782803381.483,0.0,0.0,0.0,0.0,00:01,0.0,00:01,0.0,7.1,0.3
1782803386.493,0.0,0.0,0.0,0.0,00:01,0.0,00:01,0.0,7.1,0.3
1782803391.498,0.0,0.0,0.0,0.0,00:01,0.0,00:01,0.0,7.1,0.3
1782803396.504,0.0,0.0,0.0,0.0,00:01,0.0,00:01,0.0,7.1,0.3
1782803401.512,0.0,0.0,0.0,0.0,00:01,0.0,00:01,0.0,7.1,0.3
1782803406.524,0.0,0.0,0.0,0.0,00:01,0.0,00:01,0.0,7.1,0.3
1782803411.535,0.0,0.0,0.0,0.0,00:01,0.0,00:01,0.0,7.1,0.3
1782803416.543,0.0,0.0,0.0,0.0,00:01,0.0,00:01,0.0,7.1,0.3
1782803421.55,0.0,0.0,0.0,0.0,00:01,0.0,00:01,0.0,7.1,0.3
1782803426.556,0.0,0.0,0.0,0.0,00:01,0.0,00:01,0.0,7.1,0.3
1782803431.566,0.0,0.0,0.0,0.0,00:01,0.0,00:01,0.0,7.1,0.3
1782803436.576,0.0,0.0,0.0,0.0,00:01,0.0,00:01,0.0,7.1,0.3
1782803441.583,0.0,0.0,0.0,0.0,00:01,0.0,00:01,0.0,7.1,0.3
1782803446.591,0.0,0.0,0.0,0.0,00:01,0.0,00:01,0.0,7.1,0.3
1782803451.605,0.0,0.0,0.0,0.0,00:01,0.0,00:01,0.0,7.1,0.3
1782803456.617,0.0,0.0,0.0,0.0,00:01,0.0,00:01,0.0,7.1,0.3
1782803461.624,0.0,0.0,0.0,0.0,00:01,0.0,00:01,0.0,7.1,0.3
1782803466.629,0.0,0.0,0.0,0.0,00:01,0.0,00:01,0.0,7.1,0.3
1782803471.642,0.0,0.0,0.0,0.0,00:01,0.0,00:01,0.0,7.1,0.3
1782803476.652,0.0,0.0,0.0,0.0,00:01,0.0,00:01,0.0,7.1,0.3
1782803481.666,0.0,0.0,0.0,0.0,00:01,0.0,00:01,0.0,7.1,0.3
1782803486.679,0.0,0.0,0.0,0.0,00:01,0.0,00:01,0.0,7.1,0.3
1782803491.686,0.0,0.0,0.0,0.0,00:01,0.0,00:01,0.0,7.1,0.3
1782803496.697,0.0,0.0,0.0,0.0,00:01,0.0,00:01,0.0,7.1,0.3
1782803501.712,0.0,0.0,0.0,0.0,00:01,0.0,00:01,0.0,7.1,0.3
1782803506.721,0.0,0.0,0.0,0.0,00:01,0.0,00:01,0.0,7.1,0.3
1782803511.733,0.0,0.0,0.0,0.0,00:01,0.0,00:01,0.0,7.1,0.3
1782803516.74,0.0,0.0,0.0,0.0,00:01,0.0,00:01,0.0,7.1,0.3
1782803521.754,0.0,0.0,0.0,0.0,00:01,0.0,00:01,0.0,7.1,0.3
1782803526.764,0.0,0.0,0.0,0.0,00:01,0.0,00:01,0.0,7.1,0.3
1782803531.775,0.0,0.0,0.0,0.0,00:01,0.0,00:01,0.0,7.1,0.3
1782803536.783,0.0,0.0,0.0,0.0,00:01,0.0,00:01,0.0,7.1,0.3
1782803541.794,0.0,0.0,0.0,0.0,00:01,0.0,00:01,0.0,7.1,0.3
1782803546.803,0.0,0.0,0.0,0.0,00:01,0.0,00:01,0.0,7.1,0.3
1782803551.814,0.0,0.0,0.0,0.0,00:01,0.0,00:01,0.0,7.1,0.3
1782803556.823,0.0,0.0,0.0,0.0,00:01,0.0,00:01,0.0,7.1,0.3
1782803561.829,0.0,0.0,0.0,0.0,00:01,0.0,00:01,0.0,7.1,0.3
1782803566.841,0.0,0.0,0.0,0.0,00:01,0.0,00:01,0.0,7.1,0.3
1782803571.851,0.0,0.0,0.0,0.0,00:01,0.0,00:01,0.0,7.1,0.3
1782803576.864,0.0,0.0,0.0,0.0,00:01,0.0,00:01,0.0,7.1,0.3
1782803581.877,0.0,0.0,0.0,0.0,00:01,0.0,00:01,0.0,7.1,0.3
1782803586.886,0.0,0.0,0.0,0.0,00:01,0.0,00:01,0.0,7.1,0.3
1782803591.901,0.0,0.0,0.0,0.0,00:01,0.0,00:01,0.0,7.1,0.3
1782803596.913,0.0,0.0,0.0,0.0,00:01,0.0,00:01,0.0,7.1,0.3
1782803601.922,0.0,0.0,0.0,0.0,00:01,0.0,00:01,0.0,7.1,0.3
1782803606.928,0.0,0.0,0.0,0.0,00:01,0.0,00:01,0.0,7.1,0.3
1782803611.941,0.0,0.0,0.0,0.0,00:01,0.0,00:01,0.0,7.1,0.3
1782803616.955,0.0,0.0,0.0,0.0,00:01,0.0,00:01,0.0,7.1,0.3
1782803621.968,0.0,0.0,0.0,0.0,00:01,0.0,00:01,0.0,7.1,0.3
1782803626.982,0.0,0.0,0.0,0.0,00:01,0.0,00:01,0.0,7.1,0.3
1782803631.988,0.0,0.0,0.0,0.0,00:01,0.0,00:01,0.0,7.1,0.3
1782803637.004,0.0,0.0,0.0,0.0,00:01,0.0,00:01,0.0,7.1,0.3
1782803642.016,0.0,0.0,0.0,0.0,00:01,0.0,00:01,0.0,7.1,0.3
1782803647.025,0.0,0.0,0.0,0.0,00:01,0.0,00:01,0.0,7.1,0.3
1782803652.037,0.0,0.0,0.0,0.0,00:01,0.0,00:01,0.0,7.1,0.3
1782803657.044,0.0,0.0,0.0,0.0,00:01,0.0,00:01,0.0,7.1,0.3
1782803662.056,0.0,0.0,0.0,0.0,00:01,0.0,00:01,0.0,7.1,0.3
1782803667.068,0.0,0.0,0.0,0.0,00:01,0.0,00:01,0.0,7.1,0.3
1782803672.081,0.0,0.0,0.0,0.0,00:01,0.0,00:01,0.0,7.1,0.3
1782803677.093,0.0,0.0,0.0,0.0,00:01,0.0,00:01,0.0,7.1,0.3
1782803682.1,0.0,0.0,0.0,0.0,00:01,0.0,00:01,0.0,7.1,0.3
1782803687.116,0.0,0.0,0.0,0.0,00:01,0.0,00:01,0.0,7.1,0.3
1782803692.129,0.0,0.0,0.0,0.0,00:01,0.0,00:01,0.0,7.1,0.3
1782803697.142,0.0,0.0,0.0,0.0,00:01,0.0,00:01,0.0,7.1,0.3
1782803702.148,0.0,0.0,0.0,0.0,00:01,0.0,00:01,0.0,7.1,0.3
1782803707.162,0.0,0.0,0.0,0.0,00:01,0.0,00:01,0.0,7.1,0.3
1782803712.175,0.0,0.0,0.0,0.0,00:01,0.0,00:01,0.0,7.1,0.3
1782803717.188,0.0,0.0,0.0,0.0,00:01,0.0,00:01,0.0,7.1,0.3
1782803722.202,0.0,0.0,0.0,0.0,00:01,0.0,00:01,0.0,7.1,0.3
1782803727.209,0.0,0.0,0.0,0.0,00:01,0.0,00:01,0.0,7.1,0.3
1782803732.225,0.0,0.0,0.0,0.0,00:01,0.0,00:01,0.0,7.1,0.3
1782803737.239,0.0,0.0,0.0,0.0,00:01,0.0,00:01,0.0,7.1,0.3
1782803742.252,0.0,0.0,0.0,0.0,00:01,0.0,00:01,0.0,7.1,0.3
1782803747.259,0.0,0.0,0.0,0.0,00:01,0.0,00:01,0.0,7.1,0.3
1782803752.267,0.0,0.0,0.0,0.0,00:01,0.0,00:01,0.0,7.1,0.3
1782803757.282,0.0,0.0,0.0,0.0,00:01,0.0,00:01,0.0,7.1,0.3
1782803762.294,0.0,0.0,0.0,0.0,00:01,0.0,00:01,0.0,7.1,0.3
1782803767.304,0.0,0.0,0.0,0.0,00:01,0.0,00:01,0.0,7.1,0.3
1782803772.316,0.0,0.0,0.0,0.0,00:01,0.0,00:01,0.0,7.1,0.3
1782803777.323,0.0,0.0,0.0,0.0,00:01,0.0,00:01,0.0,7.1,0.3
1782803782.339,0.0,0.0,0.0,0.0,00:01,0.0,00:01,0.0,7.1,0.3
1782803787.351,0.0,0.0,0.0,0.0,00:01,0.0,00:01,0.0,7.1,0.3
1782803792.362,0.0,0.0,0.0,0.0,00:01,0.0,00:01,0.0,7.1,0.3
1782803797.368,0.0,0.0,0.0,0.0,00:01,0.0,00:01,0.0,7.1,0.3
1782803802.383,0.0,0.0,0.0,0.0,00:01,0.0,00:01,0.0,7.1,0.3
1782803807.398,0.0,0.0,0.0,0.0,00:01,0.0,00:01,0.0,7.1,0.3
1782803812.41,0.0,0.0,0.0,0.0,00:01,0.0,00:01,0.0,7.1,0.3
1782803817.422,0.0,0.0,0.0,0.0,00:01,0.0,00:01,0.0,7.1,0.3
1782803822.428,0.0,0.0,0.0,0.0,00:01,0.0,00:01,0.0,7.1,0.3
1782803827.44,0.0,0.0,0.0,0.0,00:01,0.0,00:01,0.0,7.1,0.3
1782803832.451,0.0,0.0,0.0,0.0,00:01,0.0,00:01,0.0,7.1,0.3
1782803837.464,0.0,0.0,0.0,0.0,00:01,0.0,00:01,0.0,7.1,0.3
1782803842.478,0.0,0.0,0.0,0.0,00:01,0.0,00:01,0.0,7.1,0.3
1782803847.484,0.0,0.0,0.0,0.0,00:01,0.0,00:01,0.0,7.1,0.3
1782803852.502,0.0,0.0,0.0,0.0,00:01,0.0,00:01,0.0,7.1,0.3
1782803857.513,0.0,0.0,0.0,0.0,00:01,0.0,00:01,0.0,7.1,0.3
1782803862.524,0.0,0.0,0.0,0.0,00:01,0.0,00:01,0.0,7.1,0.3
1782803867.537,0.0,0.0,0.0,0.0,00:01,0.0,00:01,0.0,7.1,0.3
1782803872.543,0.0,0.0,0.0,0.0,00:01,0.0,00:01,0.0,7.1,0.3
1782803877.557,0.0,0.0,0.0,0.0,00:01,0.0,00:01,0.0,7.1,0.3
1782803882.569,0.0,0.0,0.0,0.0,00:01,0.0,00:01,0.0,7.1,0.3
1782803887.581,0.0,0.0,0.0,0.0,00:01,0.0,00:01,0.0,7.1,0.3
1782803892.588,0.0,0.0,0.0,0.0,00:01,0.0,00:01,0.0,7.1,0.3
1782803897.604,0.0,0.0,0.0,0.0,00:01,0.0,00:01,0.0,7.1,0.3
1782803902.616,0.0,0.0,0.0,0.0,00:01,0.0,00:01,0.0,7.1,0.3
1782803907.631,0.0,0.0,0.0,0.0,00:01,0.0,00:01,0.0,7.1,0.3
1782803912.642,0.0,0.0,0.0,0.0,00:01,0.0,00:01,0.0,7.1,0.3
1782803917.648,0.0,0.0,0.0,0.0,00:01,0.0,00:01,0.0,7.1,0.3
1782803922.664,0.0,0.0,0.0,0.0,00:01,0.0,00:01,0.0,7.1,0.3
1782803927.672,0.0,0.0,0.0,0.0,00:01,0.0,00:01,0.0,7.1,0.3
1782803932.684,0.0,0.0,0.0,0.0,00:01,0.0,00:01,0.0,7.1,0.3
1782803937.698,0.0,0.0,0.0,0.0,00:01,0.0,00:01,0.0,7.1,0.3
1782803942.708,0.0,0.0,0.0,0.0,00:01,0.0,00:01,0.0,7.1,0.3
1782803947.72,0.0,0.0,0.0,0.0,00:01,0.0,00:01,0.0,7.1,0.3
1782803952.733,0.0,0.0,0.0,0.0,00:01,0.0,00:01,0.0,7.1,0.3
1782803957.746,0.0,0.0,0.0,0.0,00:01,0.0,00:01,0.0,7.1,0.3
1782803962.757,0.0,0.0,0.0,0.0,00:01,0.0,00:01,0.0,7.1,0.3
1782803967.768,0.0,0.0,0.0,0.0,00:01,0.0,00:01,0.0,7.1,0.3
1782803972.78,0.0,0.0,0.0,0.0,00:01,0.0,00:01,0.0,7.1,0.3
1782803977.794,0.0,0.0,0.0,0.0,00:01,0.0,00:01,0.0,7.1,0.3
1782803982.806,0.0,0.0,0.0,0.0,00:01,0.0,00:01,0.0,7.1,0.3
1782803987.813,0.0,0.0,0.0,0.0,00:01,0.0,00:01,0.0,7.1,0.3
1782803992.829,0.0,0.0,0.0,0.0,00:01,0.0,00:01,0.0,7.1,0.3
1782803997.842,0.0,0.0,0.0,0.0,00:01,0.0,00:01,0.0,7.1,0.3
1782804002.852,0.0,0.0,0.0,0.0,00:01,0.0,00:01,0.0,7.1,0.3
1782804007.864,0.0,0.0,0.0,0.0,00:01,0.0,00:01,0.0,7.1,0.3
1782804012.872,0.0,0.0,0.0,0.0,00:01,0.0,00:01,0.0,7.1,0.3
1782804017.884,0.0,0.0,0.0,0.0,00:01,0.0,00:01,0.0,7.1,0.3
1782804022.898,0.0,0.0,0.0,0.0,00:01,0.0,00:01,0.0,7.1,0.3
1782804027.908,0.0,0.0,0.0,0.0,00:01,0.0,00:01,0.0,7.1,0.3
1782804032.92,0.0,0.0,0.0,0.0,00:01,0.0,00:01,0.0,7.1,0.3
1782804037.929,0.0,0.0,0.0,0.0,00:01,0.0,00:01,0.0,7.1,0.3
1782804042.941,0.0,0.0,0.0,0.0,00:01,0.0,00:01,0.0,7.1,0.3
1782804047.954,0.0,0.0,0.0,0.0,00:01,0.0,00:01,0.0,7.1,0.3
1782804052.965,0.0,0.0,0.0,0.0,00:01,0.0,00:01,0.0,7.1,0.3
1782804057.977,0.0,0.0,0.0,0.0,00:01,0.0,00:01,0.0,7.1,0.3
1782804062.984,0.0,0.0,0.0,0.0,00:01,0.0,00:01,0.0,7.1,0.3
1782804067.995,0.0,0.0,0.0,0.0,00:01,0.0,00:01,0.0,7.1,0.3
1782804073.005,0.0,0.0,0.0,0.0,00:01,0.0,00:01,0.0,7.1,0.3
1782804078.016,0.0,0.0,0.0,0.0,00:01,0.0,00:01,0.0,7.1,0.3
1782804083.025,0.0,0.0,0.0,0.0,00:01,0.0,00:01,0.0,7.1,0.3
1782804088.038,0.0,0.0,0.0,0.0,00:01,0.0,00:01,0.0,7.1,0.3
1782804093.053,0.0,0.0,0.0,0.0,00:01,0.0,00:01,0.0,7.1,0.3
1782804098.067,0.0,0.0,0.0,0.0,00:01,0.0,00:01,0.0,7.1,0.3
1782804103.079,0.0,0.0,0.0,0.0,00:01,0.0,00:01,0.0,7.1,0.3
1782804108.088,0.0,0.0,0.0,0.0,00:01,0.0,00:01,0.0,7.1,0.3
1782804113.1,0.0,0.0,0.0,0.0,00:01,0.0,00:01,0.0,7.1,0.3
1782804118.114,0.0,0.0,0.0,0.0,00:01,0.0,00:01,0.0,7.1,0.3
1782804123.125,0.0,0.0,0.0,0.0,00:01,0.0,00:01,0.0,7.1,0.3
1782804128.136,0.0,0.0,0.0,0.0,00:01,0.0,00:01,0.0,7.1,0.3
1782804133.14,0.0,0.0,0.0,0.0,00:01,0.0,00:01,0.0,7.1,0.3
1782804138.154,0.0,0.0,0.0,0.0,00:01,0.0,00:01,0.0,7.1,0.3
1782804143.164,0.0,0.0,0.0,0.0,00:01,0.0,00:01,0.0,7.1,0.3
1782804148.178,0.0,0.0,0.0,0.0,00:01,0.0,00:01,0.0,7.1,0.3
1782804153.194,0.0,0.0,0.0,0.0,00:01,0.0,00:01,0.0,7.1,0.3
1782804158.203,0.0,0.0,0.0,0.0,00:01,0.0,00:01,0.0,7.1,0.3
1782804163.215,0.0,0.0,0.0,0.0,00:01,0.0,00:01,0.0,7.1,0.3
1782804168.229,0.0,0.0,0.0,0.0,00:01,0.0,00:01,0.0,7.1,0.3
1782804173.24,0.0,0.0,0.0,0.0,00:01,0.0,00:01,0.0,7.1,0.3
1782804178.25,0.0,0.0,0.0,0.0,00:01,0.0,00:01,0.0,7.1,0.3
1782804183.26,0.0,0.0,0.0,0.0,00:01,0.0,00:01,0.0,7.1,0.3
1782804188.268,0.0,0.0,0.0,0.0,00:01,0.0,00:01,0.0,7.1,0.3
1782804193.282,0.0,0.0,0.0,0.0,00:01,0.0,00:01,0.0,7.1,0.3
1782804198.297,0.0,0.0,0.0,0.0,00:01,0.0,00:01,0.0,7.1,0.3
1782804203.307,0.0,0.0,0.0,0.0,00:01,0.0,00:01,0.0,7.1,0.3
1782804208.319,0.0,0.0,0.0,0.0,00:01,0.0,00:01,0.0,7.1,0.3
1782804213.331,0.0,0.0,0.0,0.0,00:01,0.0,00:01,0.0,7.1,0.3
1782804218.342,0.0,0.0,0.0,0.0,00:01,0.0,00:01,0.0,7.1,0.3
1782804223.358,0.0,0.0,0.0,0.0,00:01,0.0,00:01,0.0,7.1,0.3
1782804228.364,0.0,0.0,0.0,0.0,00:01,0.0,00:01,0.0,7.1,0.3
1782804233.376,0.0,0.0,0.0,0.0,00:01,0.0,00:01,0.0,7.1,0.3
1782804238.39,0.0,0.0,0.0,0.0,00:01,0.0,00:01,0.0,7.1,0.3
1782804243.398,0.0,0.0,0.0,0.0,00:01,0.0,00:01,0.0,7.1,0.3
1782804248.414,0.0,0.0,0.0,0.0,00:01,0.0,00:01,0.0,7.1,0.3
1782804253.422,0.0,0.0,0.0,0.0,00:01,0.0,00:01,0.0,7.1,0.3
1782804258.434,0.0,0.0,0.0,0.0,00:01,0.0,00:01,0.0,7.1,0.3
1782804263.447,0.0,0.0,0.0,0.0,00:01,0.0,00:01,0.0,7.1,0.3
1782804268.46,0.0,0.0,0.0,0.0,00:01,0.0,00:01,0.0,7.1,0.3
1782804273.464,0.0,0.0,0.0,0.0,00:01,0.0,00:01,0.0,7.1,0.3
1782804278.478,0.0,0.0,0.0,0.0,00:01,0.0,00:01,0.0,7.1,0.3
1782804283.491,0.0,0.0,0.0,0.0,00:01,0.0,00:01,0.0,7.1,0.3
1782804288.501,0.0,0.0,0.0,0.0,00:01,0.0,00:01,0.0,7.1,0.3
1782804293.517,0.0,0.0,0.0,0.0,00:01,0.0,00:01,0.0,7.1,0.3
1782804298.521,0.0,0.0,0.0,0.0,00:01,0.0,00:01,0.0,7.1,0.3
1782804303.529,0.0,0.0,0.0,0.0,00:01,0.0,00:01,0.0,7.1,0.3
1782804308.538,0.0,0.0,0.0,0.0,00:01,0.0,00:01,0.0,7.1,0.3
1782804313.546,0.0,0.0,0.0,0.0,00:01,0.0,00:01,0.0,7.1,0.3
1782804318.556,0.0,0.0,0.0,0.0,00:01,0.0,00:01,0.0,7.1,0.3
1782804323.56,0.0,0.0,0.0,0.0,00:01,0.0,00:01,0.0,7.1,0.3
1782804328.568,0.0,0.0,0.0,0.0,00:01,0.0,00:01,0.0,7.1,0.3
1782804333.576,0.0,0.0,0.0,0.0,00:01,0.0,00:01,0.0,7.1,0.3
1782804338.588,0.0,0.0,0.0,0.0,00:01,0.0,00:01,0.0,7.1,0.3
1782804343.593,0.0,0.0,0.0,0.0,00:01,0.0,00:01,0.0,7.1,0.3
1782804348.6,0.0,0.0,0.0,0.0,00:01,0.0,00:01,0.0,7.1,0.3
1782804353.611,0.0,0.0,0.0,0.0,00:01,0.0,00:01,0.0,7.1,0.3
1782804358.617,0.0,0.0,0.0,0.0,00:01,0.0,00:01,0.0,7.1,0.3
1782804363.629,0.0,0.0,0.0,0.0,00:01,0.0,00:01,0.0,7.1,0.3
1782804368.636,0.0,0.0,0.0,0.0,00:01,0.0,00:01,0.0,7.1,0.3
1782804373.644,0.0,0.0,0.0,0.0,00:01,0.0,00:01,0.0,7.1,0.3
1782804378.654,0.0,0.0,0.0,0.0,00:01,0.0,00:01,0.0,7.1,0.3
1782804383.665,0.0,0.0,0.0,0.0,00:01,0.0,00:01,0.0,7.1,0.3
1782804388.677,0.0,0.0,0.0,0.0,00:01,0.0,00:01,0.0,7.1,0.3
1782804393.684,0.0,0.0,0.0,0.0,00:01,0.0,00:01,0.0,7.1,0.3
1782804398.692,0.0,0.0,0.0,0.0,00:01,0.0,00:01,0.0,7.1,0.3
1782804403.706,0.0,0.0,0.0,0.0,00:01,0.0,00:01,0.0,7.1,0.3
1782804408.722,0.0,0.0,0.0,0.0,00:01,0.0,00:01,0.0,7.1,0.3
1782804413.728,0.0,0.0,0.0,0.0,00:01,0.0,00:01,0.0,7.1,0.3
1782804418.74,0.0,0.0,0.0,0.0,00:01,0.0,00:01,0.0,7.1,0.3
1782804423.755,0.0,0.0,0.0,0.0,00:01,0.0,00:01,0.0,7.1,0.3
1782804428.768,0.0,0.0,0.0,0.0,00:01,0.0,00:01,0.0,7.1,0.3
1782804433.779,0.0,0.0,0.0,0.0,00:01,0.0,00:01,0.0,7.1,0.3
1782804438.784,0.0,0.0,0.0,0.0,00:01,0.0,00:01,0.0,7.1,0.3
1782804443.796,0.0,0.0,0.0,0.0,00:01,0.0,00:01,0.0,7.1,0.3
1782804448.811,0.0,0.0,0.0,0.0,00:01,0.0,00:01,0.0,7.1,0.3
1782804453.822,0.0,0.0,0.0,0.0,00:01,0.0,00:01,0.0,7.1,0.3
1782804458.834,0.0,0.0,0.0,0.0,00:01,0.0,00:01,0.0,7.1,0.3
1782804463.842,0.0,0.0,0.0,0.0,00:01,0.0,00:01,0.0,7.1,0.3
1782804468.851,0.0,0.0,0.0,0.0,00:01,0.0,00:01,0.0,7.1,0.3
1782804473.864,0.0,0.0,0.0,0.0,00:01,0.0,00:01,0.0,7.1,0.3
1782804478.877,0.0,0.0,0.0,0.0,00:01,0.0,00:01,0.0,7.1,0.3
1782804483.886,0.0,0.0,0.0,0.0,00:01,0.0,00:01,0.0,7.1,0.3
1782804488.893,0.0,0.0,0.0,0.0,00:01,0.0,00:01,0.0,7.1,0.3
1782804493.907,0.0,0.0,0.0,0.0,00:01,0.0,00:01,0.0,7.1,0.3
1782804498.92,0.0,0.0,0.0,0.0,00:01,0.0,00:01,0.0,7.1,0.3
1782804503.933,0.0,0.0,0.0,0.0,00:01,0.0,00:01,0.0,7.1,0.3
1782804508.94,0.0,0.0,0.0,0.0,00:01,0.0,00:01,0.0,7.1,0.3
1782804513.954,0.0,0.0,0.0,0.0,00:01,0.0,00:01,0.0,7.1,0.3
1782804518.966,0.0,0.0,0.0,0.0,00:01,0.0,00:01,0.0,7.1,0.3
1782804523.976,0.0,0.0,0.0,0.0,00:01,0.0,00:01,0.0,7.1,0.3
1782804528.991,0.0,0.0,0.0,0.0,00:01,0.0,00:01,0.0,7.1,0.3
1782804533.998,0.0,0.0,0.0,0.0,00:01,0.0,00:01,0.0,7.1,0.3
1782804539.011,0.0,0.0,0.0,0.0,00:01,0.0,00:01,0.0,7.1,0.3
1782804544.023,0.0,0.0,0.0,0.0,00:01,0.0,00:01,0.0,7.1,0.3
1782804549.04,0.0,0.0,0.0,0.0,00:01,0.0,00:01,0.0,7.1,0.3
1782804554.049,0.0,0.0,0.0,0.0,00:01,0.0,00:01,0.0,7.1,0.3
1782804559.059,0.0,0.0,0.0,0.0,00:01,0.0,00:01,0.0,7.1,0.3
1782804564.07,0.0,0.0,0.0,0.0,00:01,0.0,00:01,0.0,7.1,0.3
1782804569.08,0.0,0.0,0.0,0.0,00:01,0.0,00:01,0.0,7.1,0.3
1782804574.092,0.0,0.0,0.0,0.0,00:01,0.0,00:01,0.0,7.1,0.3
1782804579.106,0.0,0.0,0.0,0.0,00:01,0.0,00:01,0.0,7.1,0.3
1782804584.113,0.0,0.0,0.0,0.0,00:01,0.0,00:01,0.0,7.1,0.3
1782804589.125,0.0,0.0,0.0,0.0,00:01,0.0,00:01,0.0,7.1,0.3
1782804594.14,0.0,0.0,0.0,0.0,00:01,0.0,00:01,0.0,7.1,0.3
1782804599.155,0.0,0.0,0.0,0.0,00:01,0.0,00:01,0.0,7.1,0.3
1782804604.161,0.0,0.0,0.0,0.0,00:01,0.0,00:01,0.0,7.1,0.3
1782804609.175,0.0,0.0,0.0,0.0,00:01,0.0,00:01,0.0,7.1,0.3
1782804614.186,0.0,0.0,0.0,0.0,00:01,0.0,00:01,0.0,7.1,0.3
1782804619.2,0.0,0.0,0.0,0.0,00:01,0.0,00:01,0.0,7.1,0.3
1782804624.209,0.0,0.0,0.0,0.0,00:01,0.0,00:01,0.0,7.1,0.3
1782804629.216,0.0,0.0,0.0,0.0,00:01,0.0,00:01,0.0,7.1,0.3
1782804634.226,0.0,0.0,0.0,0.0,00:01,0.0,00:01,0.0,7.1,0.3
1782804639.241,0.0,0.0,0.0,0.0,00:01,0.0,00:01,0.0,7.1,0.3
1782804644.256,0.0,0.0,0.0,0.0,00:01,0.0,00:01,0.0,7.1,0.3
1782804649.264,0.0,0.0,0.0,0.0,00:01,0.0,00:01,0.0,7.1,0.3
1782804654.268,0.0,0.0,0.0,0.0,00:01,0.0,00:01,0.0,7.1,0.3
1782804659.277,0.0,0.0,0.0,0.0,00:01,0.0,00:01,0.0,7.1,0.3
1782804664.289,0.0,0.0,0.0,0.0,00:01,0.0,00:01,0.0,7.1,0.3
1782804669.304,0.0,0.0,0.0,0.0,00:01,0.0,00:01,0.0,7.1,0.3
1782804674.309,0.0,0.0,0.0,0.0,00:01,0.0,00:01,0.0,7.1,0.3
1782804679.322,0.0,0.0,0.0,0.0,00:01,0.0,00:01,0.0,7.1,0.3
1782804684.332,0.0,0.0,0.0,0.0,00:01,0.0,00:01,0.0,7.1,0.3
1782804689.348,0.0,0.0,0.0,0.0,00:01,0.0,00:01,0.0,7.1,0.3
1782804694.362,0.0,0.0,0.0,0.0,00:01,0.0,00:01,0.0,7.1,0.3
1782804699.368,0.0,0.0,0.0,0.0,00:01,0.0,00:01,0.0,7.1,0.3
1782804704.38,0.0,0.0,0.0,0.0,00:01,0.0,00:01,0.0,7.1,0.3
1782804709.393,0.0,0.0,0.0,0.0,00:01,0.0,00:01,0.0,7.1,0.3
1782804714.41,0.0,0.0,0.0,0.0,00:01,0.0,00:01,0.0,7.1,0.3
1782804719.419,0.0,0.0,0.0,0.0,00:01,0.0,00:01,0.0,7.1,0.3
1782804724.425,0.0,0.0,0.0,0.0,00:01,0.0,00:01,0.0,7.1,0.3
1782804729.436,0.0,0.0,0.0,0.0,00:01,0.0,00:01,0.0,7.1,0.3
1782804734.451,0.0,0.0,0.0,0.0,00:01,0.0,00:01,0.0,7.1,0.3
1782804739.465,0.0,0.0,0.0,0.0,00:01,0.0,00:01,0.0,7.1,0.3
1782804744.478,0.0,0.0,0.0,0.0,00:01,0.0,00:01,0.0,7.1,0.3
1782804749.486,0.0,0.0,0.0,0.0,00:01,0.0,00:01,0.0,7.1,0.3
1782804754.497,0.0,0.0,0.0,0.0,00:01,0.0,00:01,0.0,7.1,0.3
1782804759.513,0.0,0.0,0.0,0.0,00:01,0.0,00:01,0.0,7.1,0.3
1782804764.527,0.0,0.0,0.0,0.0,00:01,0.0,00:01,0.0,7.1,0.3
1782804769.54,0.0,0.0,0.0,0.0,00:01,0.0,00:01,0.0,7.1,0.3
1782804774.547,0.0,0.0,0.0,0.0,00:01,0.0,00:01,0.0,7.1,0.3
1782804779.563,0.0,0.0,0.0,0.0,00:01,0.0,00:01,0.0,7.1,0.3
1782804784.578,0.0,0.0,0.0,0.0,00:01,0.0,00:01,0.0,7.1,0.3
1782804789.589,0.0,0.0,0.0,0.0,00:01,0.0,00:01,0.0,7.1,0.3
1782804794.597,0.0,0.0,0.0,0.0,00:01,0.0,00:01,0.0,7.1,0.3
1782804799.609,0.0,0.0,0.0,0.0,00:01,0.0,00:01,0.0,7.1,0.3
1782804804.617,0.0,0.0,0.0,0.0,00:01,0.0,00:01,0.0,7.1,0.3
1782804809.635,0.0,0.0,0.0,0.0,00:01,0.0,00:01,0.0,7.1,0.3
1782804814.646,0.0,0.0,0.0,0.0,00:01,0.0,00:01,0.0,7.1,0.3
1782804819.652,0.0,0.0,0.0,0.0,00:01,0.0,00:01,0.0,7.1,0.3
1782804824.664,0.0,0.0,0.0,0.0,00:01,0.0,00:01,0.0,7.1,0.3
1782804829.678,0.0,0.0,0.0,0.0,00:01,0.0,00:01,0.0,7.1,0.3
1782804834.69,0.0,0.0,0.0,0.0,00:01,0.0,00:01,0.0,7.1,0.3
1782804839.702,0.0,0.0,0.0,0.0,00:01,0.0,00:01,0.0,7.1,0.3
1782804844.705,0.0,0.0,0.0,0.0,00:01,0.0,00:01,0.0,7.1,0.3
1782804849.718,0.0,0.0,0.0,0.0,00:01,0.0,00:01,0.0,7.1,0.3
1782804854.732,0.0,0.0,0.0,0.0,00:01,0.0,00:01,0.0,7.1,0.3
1782804859.743,0.0,0.0,0.0,0.0,00:01,0.0,00:01,0.0,7.1,0.3
1782804864.748,0.0,0.0,0.0,0.0,00:01,0.0,00:01,0.0,7.1,0.3
1782804869.758,0.0,0.0,0.0,0.0,00:01,0.0,00:01,0.0,7.1,0.3
1782804874.768,0.0,0.0,0.0,0.0,00:01,0.0,00:01,0.0,7.1,0.3
1782804879.775,0.0,0.0,0.0,0.0,00:01,0.0,00:01,0.0,7.1,0.3
1782804884.783,0.0,0.0,0.0,0.0,00:01,0.0,00:01,0.0,7.1,0.3
1782804889.786,0.0,0.0,0.0,0.0,00:01,0.0,00:01,0.0,7.1,0.3
1782804894.795,0.0,0.0,0.0,0.0,00:01,0.0,00:01,0.0,7.1,0.3
1782804899.802,0.0,0.0,0.0,0.0,00:01,0.0,00:01,0.0,7.1,0.3
1782804904.81,0.0,0.0,0.0,0.0,00:01,0.0,00:01,0.0,7.1,0.3
1782804909.82,0.0,0.0,0.0,0.0,00:01,0.0,00:01,0.0,7.1,0.3
1782804914.825,0.0,0.0,0.0,0.0,00:01,0.0,00:01,0.0,7.1,0.3
1782804919.835,0.0,0.0,0.0,0.0,00:01,0.0,00:01,0.0,7.1,0.3
1782804924.845,0.0,0.0,0.0,0.0,00:01,0.0,00:01,0.0,7.1,0.3
1782804929.854,0.0,0.0,0.0,0.0,00:01,0.0,00:01,0.0,7.1,0.3
1782804934.86,0.0,0.0,0.0,0.0,00:01,0.0,00:01,0.0,7.1,0.3
1782804939.872,0.0,0.0,0.0,0.0,00:01,0.0,00:01,0.0,7.1,0.3
1782804944.884,0.0,0.0,0.0,0.0,00:01,0.0,00:01,0.0,7.1,0.3
1782804949.9,0.0,0.0,0.0,0.0,00:01,0.0,00:01,0.0,7.1,0.3
1782804954.914,0.0,0.0,0.0,0.0,00:01,0.0,00:01,0.0,7.1,0.3
1782804959.92,0.0,0.0,0.0,0.0,00:01,0.0,00:01,0.0,7.1,0.3
1782804964.936,0.0,0.0,0.0,0.0,00:01,0.0,00:01,0.0,7.1,0.3
1782804969.949,0.0,0.0,0.0,0.0,00:01,0.0,00:01,0.0,7.1,0.3
1782804974.96,0.0,0.0,0.0,0.0,00:01,0.0,00:01,0.0,7.1,0.3
1782804979.971,0.0,0.0,0.0,0.0,00:01,0.0,00:01,0.0,7.1,0.3
1782804984.976,0.0,0.0,0.0,0.0,00:01,0.0,00:01,0.0,7.1,0.3
1782804989.988,0.0,0.0,0.0,0.0,00:01,0.0,00:01,0.0,7.1,0.3
1782804995.005,0.0,0.0,0.0,0.0,00:01,0.0,00:01,0.0,7.1,0.3
1782805000.017,0.0,0.0,0.0,0.0,00:01,0.0,00:01,0.0,7.1,0.3
1782805005.024,0.0,0.0,0.0,0.0,00:01,0.0,00:01,0.0,7.1,0.3
1782805010.032,0.0,0.0,0.0,0.0,00:01,0.0,00:01,0.0,7.1,0.3
1782805015.044,0.0,0.0,0.0,0.0,00:01,0.0,00:01,0.0,7.1,0.3
1782805020.061,0.0,0.0,0.0,0.0,00:01,0.0,00:01,0.0,7.1,0.3
1782805025.074,0.0,0.0,0.0,0.0,00:01,0.0,00:01,0.0,7.1,0.3
1782805030.08,0.0,0.0,0.0,0.0,00:01,0.0,00:01,0.0,7.1,0.3
1782805035.094,0.0,0.0,0.0,0.0,00:01,0.0,00:01,0.0,7.1,0.3
1782805040.107,0.0,0.0,0.0,0.0,00:01,0.0,00:01,0.0,7.1,0.3
1782805045.117,0.0,0.0,0.0,0.0,00:01,0.0,00:01,0.0,7.1,0.3
1782805050.13,0.0,0.0,0.0,0.0,00:01,0.0,00:01,0.0,7.1,0.3
1782805055.137,0.0,0.0,0.0,0.0,00:01,0.0,00:01,0.0,7.1,0.3
1782805060.146,0.0,0.0,0.0,0.0,00:01,0.0,00:01,0.0,7.1,0.3
1782805065.161,0.0,0.0,0.0,0.0,00:01,0.0,00:01,0.0,7.1,0.3
1782805070.173,0.0,0.0,0.0,0.0,00:01,0.0,00:01,0.0,7.1,0.3
1782805075.185,0.0,0.0,0.0,0.0,00:01,0.0,00:01,0.0,7.1,0.3
1782805080.193,0.0,0.0,0.0,0.0,00:01,0.0,00:01,0.0,7.1,0.3
1782805085.202,0.0,0.0,0.0,0.0,00:01,0.0,00:01,0.0,7.1,0.3
1782805090.214,0.0,0.0,0.0,0.0,00:01,0.0,00:01,0.0,7.1,0.3
1782805095.228,0.0,0.0,0.0,0.0,00:01,0.0,00:01,0.0,7.1,0.3
1782805100.24,0.0,0.0,0.0,0.0,00:01,0.0,00:01,0.0,7.1,0.3
1782805105.25,0.0,0.0,0.0,0.0,00:01,0.0,00:01,0.0,7.1,0.3
1782805110.264,0.0,0.0,0.0,0.0,00:01,0.0,00:01,0.0,7.1,0.3
1782805115.27,0.0,0.0,0.0,0.0,00:01,0.0,00:01,0.0,7.1,0.3
1782805120.284,0.0,0.0,0.0,0.0,00:01,0.0,00:01,0.0,7.1,0.3
1782805125.288,0.0,0.0,0.0,0.0,00:01,0.0,00:01,0.0,7.1,0.3
1782805130.302,0.0,0.0,0.0,0.0,00:01,0.0,00:01,0.0,7.1,0.3
1782805135.318,0.0,0.0,0.0,0.0,00:01,0.0,00:01,0.0,7.1,0.3
1782805140.329,0.0,0.0,0.0,0.0,00:01,0.0,00:01,0.0,7.1,0.3
1782805145.338,0.0,0.0,0.0,0.0,00:01,0.0,00:01,0.0,7.1,0.3
1782805150.345,0.0,0.0,0.0,0.0,00:01,0.0,00:01,0.0,7.1,0.3
1782805155.356,0.0,0.0,0.0,0.0,00:01,0.0,00:01,0.0,7.1,0.3
1782805160.371,0.0,0.0,0.0,0.0,00:01,0.0,00:01,0.0,7.1,0.3
1782805165.386,0.0,0.0,0.0,0.0,00:01,0.0,00:01,0.0,7.1,0.3
1782805170.399,0.0,0.0,0.0,0.0,00:01,0.0,00:01,0.0,7.1,0.3
1782805175.408,0.0,0.0,0.0,0.0,00:01,0.0,00:01,0.0,7.1,0.3
1782805180.422,0.0,0.0,0.0,0.0,00:01,0.0,00:01,0.0,7.1,0.3
1782805185.433,0.0,0.0,0.0,0.0,00:01,0.0,00:01,0.0,7.1,0.3
1782805190.445,0.0,0.0,0.0,0.0,00:01,0.0,00:01,0.0,7.1,0.3
1782805195.459,0.0,0.0,0.0,0.0,00:01,0.0,00:01,0.0,7.1,0.3
1782805200.466,0.0,0.0,0.0,0.0,00:01,0.0,00:01,0.0,7.1,0.3
1782805205.481,0.0,0.0,0.0,0.0,00:01,0.0,00:01,0.0,7.1,0.3
1782805210.492,0.0,0.0,0.0,0.0,00:01,0.0,00:01,0.0,7.1,0.3
1782805215.504,0.0,0.0,0.0,0.0,00:01,0.0,00:01,0.0,7.1,0.3
1782805220.512,0.0,0.0,0.0,0.0,00:01,0.0,00:01,0.0,7.1,0.3
1782805225.527,0.0,0.0,0.0,0.0,00:01,0.0,00:01,0.0,7.1,0.3
1782805230.542,0.0,0.0,0.0,0.0,00:01,0.0,00:01,0.0,7.1,0.3
1782805235.554,0.0,0.0,0.0,0.0,00:01,0.0,00:01,0.0,7.1,0.3
1782805240.566,0.0,0.0,0.0,0.0,00:01,0.0,00:01,0.0,7.1,0.3
1782805245.573,0.0,0.0,0.0,0.0,00:01,0.0,00:01,0.0,7.1,0.3
1782805250.588,0.0,0.0,0.0,0.0,00:01,0.0,00:01,0.0,7.1,0.3
1782805255.6,0.0,0.0,0.0,0.0,00:01,0.0,00:01,0.0,7.1,0.3
1782805260.611,0.0,0.0,0.0,0.0,00:01,0.0,00:01,0.0,7.1,0.3
1782805265.626,0.0,0.0,0.0,0.0,00:01,0.0,00:01,0.0,7.1,0.3
1782805270.632,0.0,0.0,0.0,0.0,00:01,0.0,00:01,0.0,7.1,0.3
1782805275.645,0.0,0.0,0.0,0.0,00:01,0.0,00:01,0.0,7.1,0.3
1782805280.654,0.0,0.0,0.0,0.0,00:01,0.0,00:01,0.0,7.1,0.3
1782805285.666,0.0,0.0,0.0,0.0,00:01,0.0,00:01,0.0,7.1,0.3
1782805290.674,0.0,0.0,0.0,0.0,00:01,0.0,00:01,0.0,7.1,0.3
1782805295.684,0.0,0.0,0.0,0.0,00:01,0.0,00:01,0.0,7.1,0.3
1782805300.699,0.0,0.0,0.0,0.0,00:01,0.0,00:01,0.0,7.1,0.3
1782805305.713,0.0,0.0,0.0,0.0,00:01,0.0,00:01,0.0,7.1,0.3
1782805310.726,0.0,0.0,0.0,0.0,00:01,0.0,00:01,0.0,7.1,0.3
1782805315.73,0.0,0.0,0.0,0.0,00:01,0.0,00:01,0.0,7.1,0.3
1782805320.746,0.0,0.0,0.0,0.0,00:01,0.0,00:01,0.0,7.1,0.3
1782805325.76,0.0,0.0,0.0,0.0,00:01,0.0,00:01,0.0,7.1,0.3
1782805330.771,0.0,0.0,0.0,0.0,00:01,0.0,00:01,0.0,7.1,0.3
1782805335.782,0.0,0.0,0.0,0.0,00:01,0.0,00:01,0.0,7.1,0.3
1782805340.788,0.0,0.0,0.0,0.0,00:01,0.0,00:01,0.0,7.1,0.3
1782805345.804,0.0,0.0,0.0,0.0,00:01,0.0,00:01,0.0,7.1,0.3
1782805350.816,0.0,0.0,0.0,0.0,00:01,0.0,00:01,0.0,7.1,0.3
1782805355.826,0.0,0.0,0.0,0.0,00:01,0.0,00:01,0.0,7.1,0.3
1782805360.838,0.0,0.0,0.0,0.0,00:01,0.0,00:01,0.0,7.1,0.3
1782805365.847,0.0,0.0,0.0,0.0,00:01,0.0,00:01,0.0,7.1,0.3
1782805370.859,0.0,0.0,0.0,0.0,00:01,0.0,00:01,0.0,7.1,0.3
1782805375.872,0.0,0.0,0.0,0.0,00:01,0.0,00:01,0.0,7.1,0.3
1782805380.885,0.0,0.0,0.0,0.0,00:01,0.0,00:01,0.0,7.1,0.3
1782805385.888,0.0,0.0,0.0,0.0,00:01,0.0,00:01,0.0,7.1,0.3
1782805390.904,0.0,0.0,0.0,0.0,00:01,0.0,00:01,0.0,7.1,0.3
1782805395.917,0.0,0.0,0.0,0.0,00:01,0.0,00:01,0.0,7.1,0.3
1782805400.927,0.0,0.0,0.0,0.0,00:01,0.0,00:01,0.0,7.1,0.3
1782805405.939,0.0,0.0,0.0,0.0,00:01,0.0,00:01,0.0,7.1,0.3
1782805410.944,0.0,0.0,0.0,0.0,00:01,0.0,00:01,0.0,7.1,0.3
1782805415.955,0.0,0.0,0.0,0.0,00:01,0.0,00:01,0.0,7.1,0.3
1782805420.968,0.0,0.0,0.0,0.0,00:01,0.0,00:01,0.0,7.1,0.3
1782805425.98,0.0,0.0,0.0,0.0,00:01,0.0,00:01,0.0,7.1,0.3
1782805430.992,0.0,0.0,0.0,0.0,00:01,0.0,00:01,0.0,7.1,0.3
1782805435.996,0.0,0.0,0.0,0.0,00:01,0.0,00:01,0.0,7.1,0.3
1782805441.012,0.0,0.0,0.0,0.0,00:01,0.0,00:01,0.0,7.1,0.3
1782805446.025,0.0,0.0,0.0,0.0,00:01,0.0,00:01,0.0,7.1,0.3
1782805451.038,0.0,0.0,0.0,0.0,00:01,0.0,00:01,0.0,7.1,0.3
1782805456.049,0.0,0.0,0.0,0.0,00:01,0.0,00:01,0.0,7.1,0.3
1782805461.059,0.0,0.0,0.0,0.0,00:01,0.0,00:01,0.0,7.1,0.3
1782805466.073,0.0,0.0,0.0,0.0,00:01,0.0,00:01,0.0,7.1,0.3
1782805471.083,0.0,0.0,0.0,0.0,00:01,0.0,00:01,0.0,7.1,0.3
1782805476.095,0.0,0.0,0.0,0.0,00:01,0.0,00:01,0.0,7.1,0.3
1782805481.101,0.0,0.0,0.0,0.0,00:01,0.0,00:01,0.0,7.1,0.3
1782805486.112,0.0,0.0,0.0,0.0,00:01,0.0,00:01,0.0,7.1,0.3
1782805491.126,0.0,0.0,0.0,0.0,00:01,0.0,00:01,0.0,7.1,0.3
1782805496.138,0.0,0.0,0.0,0.0,00:01,0.0,00:01,0.0,7.1,0.3
1782805501.149,0.0,0.0,0.0,0.0,00:01,0.0,00:01,0.0,7.1,0.3
1782805506.156,0.0,0.0,0.0,0.0,00:01,0.0,00:01,0.0,7.1,0.3
1782805511.172,0.0,0.0,0.0,0.0,00:01,0.0,00:01,0.0,7.1,0.3
1782805516.183,0.0,0.0,0.0,0.0,00:01,0.0,00:01,0.0,7.1,0.3
1782805521.196,0.0,0.0,0.0,0.0,00:01,0.0,00:01,0.0,7.1,0.3
1782805526.21,0.0,0.0,0.0,0.0,00:01,0.0,00:01,0.0,7.1,0.3
1782805531.217,0.0,0.0,0.0,0.0,00:01,0.0,00:01,0.0,7.1,0.3
1782805536.229,0.0,0.0,0.0,0.0,00:01,0.0,00:01,0.0,7.1,0.3
1782805541.238,0.0,0.0,0.0,0.0,00:01,0.0,00:01,0.0,7.1,0.3
1782805546.247,0.0,0.0,0.0,0.0,00:01,0.0,00:01,0.0,7.1,0.3
1782805551.252,0.0,0.0,0.0,0.0,00:01,0.0,00:01,0.0,7.1,0.3
1782805556.264,0.0,0.0,0.0,0.0,00:01,0.0,00:01,0.0,7.1,0.3
1782805561.275,0.0,0.0,0.0,0.0,00:01,0.0,00:01,0.0,7.1,0.3
1782805566.289,0.0,0.0,0.0,0.0,00:01,0.0,00:01,0.0,7.1,0.3
1782805571.3,0.0,0.0,0.0,0.0,00:01,0.0,00:01,0.0,7.1,0.3
1782805576.306,0.0,0.0,0.0,0.0,00:01,0.0,00:01,0.0,7.1,0.3
1782805581.316,0.0,0.0,0.0,0.0,00:01,0.0,00:01,0.0,7.1,0.3
1782805586.329,0.0,0.0,0.0,0.0,00:01,0.0,00:01,0.0,7.1,0.3
1782805591.339,0.0,0.0,0.0,0.0,00:01,0.0,00:01,0.0,7.1,0.3
1782805596.349,0.0,0.0,0.0,0.0,00:01,0.0,00:01,0.0,7.1,0.3
1782805601.356,0.0,0.0,0.0,0.0,00:01,0.0,00:01,0.0,7.1,0.3
1782805606.367,0.0,0.0,0.0,0.0,00:01,0.0,00:01,0.0,7.1,0.3
1782805611.374,0.0,0.0,0.0,0.0,00:01,0.0,00:01,0.0,7.1,0.3
1782805616.383,0.0,0.0,0.0,0.0,00:01,0.0,00:01,0.0,7.1,0.3
1782805621.393,0.0,0.0,0.0,0.0,00:01,0.0,00:01,0.0,7.1,0.3
1782805626.397,0.0,0.0,0.0,0.0,00:01,0.0,00:01,0.0,7.1,0.3
1782805631.407,0.0,0.0,0.0,0.0,00:01,0.0,00:01,0.0,7.1,0.3
1782805636.415,0.0,0.0,0.0,0.0,00:01,0.0,00:01,0.0,7.1,0.3
1782805641.423,0.0,0.0,0.0,0.0,00:01,0.0,00:01,0.0,7.1,0.3
1782805646.43,0.0,0.0,0.0,0.0,00:01,0.0,00:01,0.0,7.1,0.3
1782805651.438,0.0,0.0,0.0,0.0,00:01,0.0,00:01,0.0,7.1,0.3
1782805656.446,0.0,0.0,0.0,0.0,00:01,0.0,00:01,0.0,7.1,0.3
1782805661.455,0.0,0.0,0.0,0.0,00:01,0.0,00:01,0.0,7.1,0.3
1782805666.463,0.0,0.0,0.0,0.0,00:01,0.0,00:01,0.0,7.1,0.3
1782805671.47,0.0,0.0,0.0,0.0,00:01,0.0,00:01,0.0,7.1,0.3
1782805676.478,0.0,0.0,0.0,0.0,00:01,0.0,00:01,0.0,7.1,0.3
1782805681.488,0.0,0.0,0.0,0.0,00:01,0.0,00:01,0.0,7.1,0.3
1782805686.495,0.0,0.0,0.0,0.0,00:01,0.0,00:01,0.0,7.1,0.3
1782805691.502,0.0,0.0,0.0,0.0,00:01,0.0,00:01,0.0,7.1,0.3
1782805696.513,0.0,0.0,0.0,0.0,00:01,0.0,00:01,0.0,7.1,0.3
1782805701.523,0.0,0.0,0.0,0.0,00:01,0.0,00:01,0.0,7.1,0.3
1782805706.532,0.0,0.0,0.0,0.0,00:01,0.0,00:01,0.0,7.1,0.3
1782805711.536,0.0,0.0,0.0,0.0,00:01,0.0,00:01,0.0,7.1,0.3
1782805716.542,0.0,0.0,0.0,0.0,00:01,0.0,00:01,0.0,7.1,0.3
1782805721.551,0.0,0.0,0.0,0.0,00:01,0.0,00:01,0.0,7.1,0.3
1782805726.558,0.0,0.0,0.0,0.0,00:01,0.0,00:01,0.0,7.1,0.3
1782805731.568,0.0,0.0,0.0,0.0,00:01,0.0,00:01,0.0,7.1,0.3
1782805736.576,0.0,0.0,0.0,0.0,00:01,0.0,00:01,0.0,7.1,0.3
1782805741.579,0.0,0.0,0.0,0.0,00:01,0.0,00:01,0.0,7.1,0.3
1782805746.59,0.0,0.0,0.0,0.0,00:01,0.0,00:01,0.0,7.1,0.3
1782805751.597,0.0,0.0,0.0,0.0,00:01,0.0,00:01,0.0,7.1,0.3
1782805756.605,0.0,0.0,0.0,0.0,00:01,0.0,00:01,0.0,7.1,0.3
1782805761.615,0.0,0.0,0.0,0.0,00:01,0.0,00:01,0.0,7.1,0.3
1782805766.622,0.0,0.0,0.0,0.0,00:01,0.0,00:01,0.0,7.1,0.3
1782805771.63,0.0,0.0,0.0,0.0,00:01,0.0,00:01,0.0,7.1,0.3
1782805776.639,0.0,0.0,0.0,0.0,00:01,0.0,00:01,0.0,7.1,0.3
1782805781.649,0.0,0.0,0.0,0.0,00:01,0.0,00:01,0.0,7.1,0.3
1782805786.656,0.0,0.0,0.0,0.0,00:01,0.0,00:01,0.0,7.1,0.3
1782805791.668,0.0,0.0,0.0,0.0,00:01,0.0,00:01,0.0,7.1,0.3
1782805796.676,0.0,0.0,0.0,0.0,00:01,0.0,00:01,0.0,7.1,0.3
1782805801.687,0.0,0.0,0.0,0.0,00:01,0.0,00:01,0.0,7.1,0.3
1782805806.7,0.0,0.0,0.0,0.0,00:01,0.0,00:01,0.0,7.1,0.3
1782805811.707,0.0,0.0,0.0,0.0,00:01,0.0,00:01,0.0,7.1,0.3
1782805816.716,0.0,0.0,0.0,0.0,00:01,0.0,00:01,0.0,7.1,0.3
1782805821.724,0.0,0.0,0.0,0.0,00:01,0.0,00:01,0.0,7.1,0.3
1782805826.733,0.0,0.0,0.0,0.0,00:01,0.0,00:01,0.0,7.1,0.3
1782805831.741,0.0,0.0,0.0,0.0,00:01,0.0,00:01,0.0,7.1,0.3
1782805836.751,0.0,0.0,0.0,0.0,00:01,0.0,00:01,0.0,7.1,0.3
1782805841.763,0.0,0.0,0.0,0.0,00:01,0.0,00:01,0.0,7.1,0.3
1782805846.773,0.0,0.0,0.0,0.0,00:01,0.0,00:01,0.0,7.1,0.3
1782805851.781,0.0,0.0,0.0,0.0,00:01,0.0,00:01,0.0,7.1,0.3
1782805856.788,0.0,0.0,0.0,0.0,00:01,0.0,00:01,0.0,7.1,0.3
1782805861.798,0.0,0.0,0.0,0.0,00:01,0.0,00:01,0.0,7.1,0.3
1782805866.809,0.0,0.0,0.0,0.0,00:01,0.0,00:01,0.0,7.1,0.3
1782805871.819,0.0,0.0,0.0,0.0,00:01,0.0,00:01,0.0,7.1,0.3
1782805876.829,0.0,0.0,0.0,0.0,00:01,0.0,00:01,0.0,7.1,0.3
1782805881.84,0.0,0.0,0.0,0.0,00:01,0.0,00:01,0.0,7.1,0.3
1782805886.847,0.0,0.0,0.0,0.0,00:01,0.0,00:01,0.0,7.1,0.3
1782805891.859,0.0,0.0,0.0,0.0,00:01,0.0,00:01,0.0,7.1,0.3
1782805896.863,0.0,0.0,0.0,0.0,00:01,0.0,00:01,0.0,7.1,0.3
1782805901.873,0.0,0.0,0.0,0.0,00:01,0.0,00:01,0.0,7.1,0.3
1782805906.879,0.0,0.0,0.0,0.0,00:01,0.0,00:01,0.0,7.1,0.3
1782805911.888,0.0,0.0,0.0,0.0,00:01,0.0,00:01,0.0,7.1,0.3
1782805916.899,0.0,0.0,0.0,0.0,00:01,0.0,00:01,0.0,7.1,0.3
1782805921.908,0.0,0.0,0.0,0.0,00:01,0.0,00:01,0.0,7.1,0.3
1782805926.916,0.0,0.0,0.0,0.0,00:01,0.0,00:01,0.0,7.1,0.3
1782805931.926,0.0,0.0,0.0,0.0,00:01,0.0,00:01,0.0,7.1,0.3
1782805936.934,0.0,0.0,0.0,0.0,00:01,0.0,00:01,0.0,7.1,0.3
1782805941.945,0.0,0.0,0.0,0.0,00:01,0.0,00:01,0.0,7.1,0.3
1782805946.959,0.0,0.0,0.0,0.0,00:01,0.0,00:01,0.0,7.1,0.3
1782805951.968,0.0,0.0,0.0,0.0,00:01,0.0,00:01,0.0,7.1,0.3
1782805956.979,0.0,0.0,0.0,0.0,00:01,0.0,00:01,0.0,7.1,0.3
1782805961.994,0.0,0.0,0.0,0.0,00:01,0.0,00:01,0.0,7.1,0.3
1782805967.005,0.0,0.0,0.0,0.0,00:01,0.0,00:01,0.0,7.1,0.3
1782805972.017,0.0,0.0,0.0,0.0,00:01,0.0,00:01,0.0,7.1,0.3
1782805977.025,0.0,0.0,0.0,0.0,00:01,0.0,00:01,0.0,7.1,0.3
1782805982.037,0.0,0.0,0.0,0.0,00:01,0.0,00:01,0.0,7.1,0.3
1782805987.047,0.0,0.0,0.0,0.0,00:01,0.0,00:01,0.0,7.1,0.3
1782805992.055,0.0,0.0,0.0,0.0,00:01,0.0,00:01,0.0,7.1,0.3
1782805997.06,0.0,0.0,0.0,0.0,00:01,0.0,00:01,0.0,7.1,0.3
1782806002.066,0.0,0.0,0.0,0.0,00:01,0.0,00:01,0.0,7.1,0.3
1782806007.073,0.0,0.0,0.0,0.0,00:01,0.0,00:01,0.0,7.1,0.3
1782806012.078,0.0,0.0,0.0,0.0,00:01,0.0,00:01,0.0,7.1,0.3
1782806017.086,0.0,0.0,0.0,0.0,00:01,0.0,00:01,0.0,7.1,0.3
1782806022.092,0.0,0.0,0.0,0.0,00:01,0.0,00:01,0.0,7.1,0.3
1782806027.1,0.0,0.0,0.0,0.0,00:01,0.0,00:01,0.0,7.1,0.3
1782806032.11,0.0,0.0,0.0,0.0,00:01,0.0,00:01,0.0,7.1,0.3
1782806037.119,0.0,0.0,0.0,0.0,00:01,0.0,00:01,0.0,7.1,0.3
1782806042.126,0.0,0.0,0.0,0.0,00:01,0.0,00:01,0.0,7.1,0.3
1782806047.132,0.0,0.0,0.0,0.0,00:01,0.0,00:01,0.0,7.1,0.3
1782806052.14,0.0,0.0,0.0,0.0,00:01,0.0,00:01,0.0,7.1,0.3
1782806057.15,0.0,0.0,0.0,0.0,00:01,0.0,00:01,0.0,7.1,0.3
1782806062.158,0.0,0.0,0.0,0.0,00:01,0.0,00:01,0.0,7.1,0.3
1782806067.164,0.0,0.0,0.0,0.0,00:01,0.0,00:01,0.0,7.1,0.3
1782806072.178,0.0,0.0,0.0,0.0,00:01,0.0,00:01,0.0,7.1,0.3
1782806077.186,0.0,0.0,0.0,0.0,00:01,0.0,00:01,0.0,7.1,0.3
1782806082.194,0.0,0.0,0.0,0.0,00:01,0.0,00:01,0.0,7.1,0.3
1782806087.203,0.0,0.0,0.0,0.0,00:01,0.0,00:01,0.0,7.1,0.3
1782806092.208,0.0,0.0,0.0,0.0,00:01,0.0,00:01,0.0,7.1,0.3
1782806097.216,0.0,0.0,0.0,0.0,00:01,0.0,00:01,0.0,7.1,0.3
1782806102.228,0.0,0.0,0.0,0.0,00:01,0.0,00:01,0.0,7.1,0.3
1782806107.234,0.0,0.0,0.0,0.0,00:01,0.0,00:01,0.0,7.1,0.3
1782806112.243,0.0,0.0,0.0,0.0,00:01,0.0,00:01,0.0,7.1,0.3
1782806117.248,0.0,0.0,0.0,0.0,00:01,0.0,00:01,0.0,7.1,0.3
1782806122.256,0.0,0.0,0.0,0.0,00:01,0.0,00:01,0.0,7.1,0.3
1782806127.268,0.0,0.0,0.0,0.0,00:01,0.0,00:01,0.0,7.1,0.3
1782806132.283,0.0,0.0,0.0,0.0,00:01,0.0,00:01,0.0,7.1,0.3
1782806137.292,0.0,0.0,0.0,0.0,00:01,0.0,00:01,0.0,7.1,0.3
1782806142.3,0.0,0.0,0.0,0.0,00:01,0.0,00:01,0.0,7.1,0.3
1782806147.31,0.0,0.0,0.0,0.0,00:01,0.0,00:01,0.0,7.1,0.3
1782806152.319,0.0,0.0,0.0,0.0,00:01,0.0,00:01,0.0,7.1,0.3
1782806157.332,0.0,0.0,0.0,0.0,00:01,0.0,00:01,0.0,7.1,0.3
1782806162.34,0.0,0.0,0.0,0.0,00:01,0.0,00:01,0.0,7.1,0.3
1782806167.352,0.0,0.0,0.0,0.0,00:01,0.0,00:01,0.0,7.1,0.3
1782806172.365,0.0,0.0,0.0,0.0,00:01,0.0,00:01,0.0,7.1,0.3
1782806177.37,0.0,0.0,0.0,0.0,00:01,0.0,00:01,0.0,7.1,0.3
1782806182.379,0.0,0.0,0.0,0.0,00:01,0.0,00:01,0.0,7.1,0.3
1782806187.385,0.0,0.0,0.0,0.0,00:01,0.0,00:01,0.0,7.1,0.3
1782806192.394,0.0,0.0,0.0,0.0,00:01,0.0,00:01,0.0,7.1,0.3
1782806197.407,0.0,0.0,0.0,0.0,00:01,0.0,00:01,0.0,7.1,0.3
1782806202.419,0.0,0.0,0.0,0.0,00:01,0.0,00:01,0.0,7.1,0.3
1782806207.426,0.0,0.0,0.0,0.0,00:01,0.0,00:01,0.0,7.1,0.3
1782806212.433,0.0,0.0,0.0,0.0,00:01,0.0,00:01,0.0,7.1,0.3
1782806217.447,0.0,0.0,0.0,0.0,00:01,0.0,00:01,0.0,7.1,0.3
1782806222.456,0.0,0.0,0.0,0.0,00:01,0.0,00:01,0.0,7.1,0.3
1782806227.466,0.0,0.0,0.0,0.0,00:01,0.0,00:01,0.0,7.1,0.3
1782806232.476,0.0,0.0,0.0,0.0,00:01,0.0,00:01,0.0,7.1,0.3
1782806237.489,0.0,0.0,0.0,0.0,00:01,0.0,00:01,0.0,7.1,0.3
1782806242.498,0.0,0.0,0.0,0.0,00:01,0.0,00:01,0.0,7.1,0.3
1782806247.508,0.0,0.0,0.0,0.0,00:01,0.0,00:01,0.0,7.1,0.3
1782806252.517,0.0,0.0,0.0,0.0,00:01,0.0,00:01,0.0,7.1,0.3
1782806257.523,0.0,0.0,0.0,0.0,00:01,0.0,00:01,0.0,7.1,0.3
1782806262.532,0.0,0.0,0.0,0.0,00:01,0.0,00:01,0.0,7.1,0.3
1782806267.544,0.0,0.0,0.0,0.0,00:01,0.0,00:01,0.0,7.1,0.3
1782806272.557,0.0,0.0,0.0,0.0,00:01,0.0,00:01,0.0,7.1,0.3
1782806277.573,0.0,0.0,0.0,0.0,00:01,0.0,00:01,0.0,7.1,0.3
1782806282.582,0.0,0.0,0.0,0.0,00:01,0.0,00:01,0.0,7.1,0.3
1782806287.592,0.0,0.0,0.0,0.0,00:01,0.0,00:01,0.0,7.1,0.3
1782806292.603,0.0,0.0,0.0,0.0,00:01,0.0,00:01,0.0,7.1,0.3
1782806297.612,0.0,0.0,0.0,0.0,00:01,0.0,00:01,0.0,7.1,0.3
1782806302.62,0.0,0.0,0.0,0.0,00:01,0.0,00:01,0.0,7.1,0.3
1782806307.632,0.0,0.0,0.0,0.0,00:01,0.0,00:01,0.0,7.1,0.3
1782806312.644,0.0,0.0,0.0,0.0,00:01,0.0,00:01,0.0,7.1,0.3
1782806317.654,0.0,0.0,0.0,0.0,00:01,0.0,00:01,0.0,7.1,0.3
1782806322.663,0.0,0.0,0.0,0.0,00:01,0.0,00:01,0.0,7.1,0.3
1782806327.671,0.0,0.0,0.0,0.0,00:01,0.0,00:01,0.0,7.1,0.3
1782806332.68,0.0,0.0,0.0,0.0,00:01,0.0,00:01,0.0,7.1,0.3
1782806337.691,0.0,0.0,0.0,0.0,00:01,0.0,00:01,0.0,7.1,0.3
1782806342.704,0.0,0.0,0.0,0.0,00:01,0.0,00:01,0.0,7.1,0.3
1782806347.717,0.0,0.0,0.0,0.0,00:01,0.0,00:01,0.0,7.1,0.3
1782806352.724,0.0,0.0,0.0,0.0,00:01,0.0,00:01,0.0,7.1,0.3
1782806357.738,0.0,0.0,0.0,0.0,00:01,0.0,00:01,0.0,7.1,0.3
1782806362.746,0.0,0.0,0.0,0.0,00:01,0.0,00:01,0.0,7.1,0.3
1782806367.756,0.0,0.0,0.0,0.0,00:01,0.0,00:01,0.0,7.1,0.3
1782806372.764,0.0,0.0,0.0,0.0,00:01,0.0,00:01,0.0,7.1,0.3
1782806377.776,0.0,0.0,0.0,0.0,00:01,0.0,00:01,0.0,7.1,0.3
1782806382.79,0.0,0.0,0.0,0.0,00:01,0.0,00:01,0.0,7.1,0.3
1782806387.799,0.0,0.0,0.0,0.0,00:01,0.0,00:01,0.0,7.1,0.3
1782806392.813,0.0,0.0,0.0,0.0,00:01,0.0,00:01,0.0,7.1,0.3
1782806397.815,0.0,0.0,0.0,0.0,00:01,0.0,00:01,0.0,7.1,0.3
1782806402.826,0.0,0.0,0.0,0.0,00:01,0.0,00:01,0.0,7.1,0.3
1782806407.838,0.0,0.0,0.0,0.0,00:01,0.0,00:01,0.0,7.1,0.3
1782806412.851,0.0,0.0,0.0,0.0,00:01,0.0,00:01,0.0,7.1,0.3
1782806417.865,0.0,0.0,0.0,0.0,00:01,0.0,00:01,0.0,7.1,0.3
1782806422.87,0.0,0.0,0.0,0.0,00:01,0.0,00:01,0.0,7.1,0.3
1782806427.883,0.0,0.0,0.0,0.0,00:01,0.0,00:01,0.0,7.1,0.3
1782806432.895,0.0,0.0,0.0,0.0,00:01,0.0,00:01,0.0,7.1,0.3
1782806437.908,0.0,0.0,0.0,0.0,00:01,0.0,00:01,0.0,7.1,0.3
1782806442.921,0.0,0.0,0.0,0.0,00:01,0.0,00:01,0.0,7.1,0.3
1782806447.928,0.0,0.0,0.0,0.0,00:01,0.0,00:01,0.0,7.1,0.3
1782806452.939,0.0,0.0,0.0,0.0,00:01,0.0,00:01,0.0,7.1,0.3
1782806457.948,0.0,0.0,0.0,0.0,00:01,0.0,00:01,0.0,7.1,0.3
1782806462.961,0.0,0.0,0.0,0.0,00:01,0.0,00:01,0.0,7.1,0.3
1782806467.967,0.0,0.0,0.0,0.0,00:01,0.0,00:01,0.0,7.1,0.3
1782806472.978,0.0,0.0,0.0,0.0,00:01,0.0,00:01,0.0,7.1,0.3
1782806477.988,0.0,0.0,0.0,0.0,00:01,0.0,00:01,0.0,7.1,0.3
1782806482.999,0.0,0.0,0.0,0.0,00:01,0.0,00:01,0.0,7.1,0.3
1782806488.01,0.0,0.0,0.0,0.0,00:01,0.0,00:01,0.0,7.1,0.3
1782806493.014,0.0,0.0,0.0,0.0,00:01,0.0,00:01,0.0,7.1,0.3
1782806498.028,0.0,0.0,0.0,0.0,00:01,0.0,00:01,0.0,7.1,0.3
1782806503.038,0.0,0.0,0.0,0.0,00:01,0.0,00:01,0.0,7.1,0.3
1782806508.048,0.0,0.0,0.0,0.0,00:01,0.0,00:01,0.0,7.1,0.3
1782806513.06,0.0,0.0,0.0,0.0,00:01,0.0,00:01,0.0,7.1,0.3
1782806518.065,0.0,0.0,0.0,0.0,00:01,0.0,00:01,0.0,7.1,0.3
1782806523.076,0.0,0.0,0.0,0.0,00:01,0.0,00:01,0.0,7.1,0.3
1782806528.089,0.0,0.0,0.0,0.0,00:01,0.0,00:01,0.0,7.1,0.3
1782806533.1,0.0,0.0,0.0,0.0,00:01,0.0,00:01,0.0,7.1,0.3
1782806538.106,0.0,0.0,0.0,0.0,00:01,0.0,00:01,0.0,7.1,0.3
1782806543.118,0.0,0.0,0.0,0.0,00:01,0.0,00:01,0.0,7.1,0.3
1782806548.126,0.0,0.0,0.0,0.0,00:01,0.0,00:01,0.0,7.1,0.3
1782806553.136,0.0,0.0,0.0,0.0,00:01,0.0,00:01,0.0,7.1,0.3
1782806558.146,0.0,0.0,0.0,0.0,00:01,0.0,00:01,0.0,7.1,0.3
1782806563.152,0.0,0.0,0.0,0.0,00:01,0.0,00:01,0.0,7.1,0.3
1782806568.164,0.0,0.0,0.0,0.0,00:01,0.0,00:01,0.0,7.1,0.3
1782806573.175,0.0,0.0,0.0,0.0,00:01,0.0,00:01,0.0,7.1,0.3
1782806578.19,0.0,0.0,0.0,0.0,00:01,0.0,00:01,0.0,7.1,0.3
1782806583.202,0.0,0.0,0.0,0.0,00:01,0.0,00:01,0.0,7.1,0.3
1782806588.213,0.0,0.0,0.0,0.0,00:01,0.0,00:01,0.0,7.1,0.3
1782806593.225,0.0,0.0,0.0,0.0,00:01,0.0,00:01,0.0,7.1,0.3
1782806598.234,0.0,0.0,0.0,0.0,00:01,0.0,00:01,0.0,7.1,0.3
1782806603.249,0.0,0.0,0.0,0.0,00:01,0.0,00:01,0.0,7.1,0.3
1782806608.256,0.0,0.0,0.0,0.0,00:01,0.0,00:01,0.0,7.1,0.3
1782806613.265,0.0,0.0,0.0,0.0,00:01,0.0,00:01,0.0,7.1,0.3
1782806618.273,0.0,0.0,0.0,0.0,00:01,0.0,00:01,0.0,7.1,0.3
1782806623.283,0.0,0.0,0.0,0.0,00:01,0.0,00:01,0.0,7.1,0.3
1782806628.297,0.0,0.0,0.0,0.0,00:01,0.0,00:01,0.0,7.1,0.3
1782806633.304,0.0,0.0,0.0,0.0,00:01,0.0,00:01,0.0,7.1,0.3
1782806638.315,0.0,0.0,0.0,0.0,00:01,0.0,00:01,0.0,7.1,0.3
1782806643.327,0.0,0.0,0.0,0.0,00:01,0.0,00:01,0.0,7.1,0.3
1782806648.342,0.0,0.0,0.0,0.0,00:01,0.0,00:01,0.0,7.1,0.3
1782806653.351,0.0,0.0,0.0,0.0,00:01,0.0,00:01,0.0,7.1,0.3
1782806658.357,0.0,0.0,0.0,0.0,00:01,0.0,00:01,0.0,7.1,0.3
1782806663.369,0.0,0.0,0.0,0.0,00:01,0.0,00:01,0.0,7.1,0.3
1782806668.379,0.0,0.0,0.0,0.0,00:01,0.0,00:01,0.0,7.1,0.3
1782806673.391,0.0,0.0,0.0,0.0,00:01,0.0,00:01,0.0,7.1,0.3
1782806678.399,0.0,0.0,0.0,0.0,00:01,0.0,00:01,0.0,7.1,0.3
1782806683.407,0.0,0.0,0.0,0.0,00:01,0.0,00:01,0.0,7.1,0.3
1782806688.414,0.0,0.0,0.0,0.0,00:01,0.0,00:01,0.0,7.1,0.3
1782806693.424,0.0,0.0,0.0,0.0,00:01,0.0,00:01,0.0,7.1,0.3
1782806698.434,0.0,0.0,0.0,0.0,00:01,0.0,00:01,0.0,7.1,0.3
1782806703.436,0.0,0.0,0.0,0.0,00:01,0.0,00:01,0.0,7.1,0.3
1782806708.444,0.0,0.0,0.0,0.0,00:01,0.0,00:01,0.0,7.1,0.3
1782806713.454,0.0,0.0,0.0,0.0,00:01,0.0,00:01,0.0,7.1,0.3
1782806718.465,0.0,0.0,0.0,0.0,00:01,0.0,00:01,0.0,7.1,0.3
1782806723.474,0.0,0.0,0.0,0.0,00:01,0.0,00:01,0.0,7.1,0.3
1782806728.48,0.0,0.0,0.0,0.0,00:01,0.0,00:01,0.0,7.1,0.3
1782806733.489,0.0,0.0,0.0,0.0,00:01,0.0,00:01,0.0,7.1,0.3
1782806738.498,0.0,0.0,0.0,0.0,00:01,0.0,00:01,0.0,7.1,0.3
1782806743.506,0.0,0.0,0.0,0.0,00:01,0.0,00:01,0.0,7.1,0.3
1782806748.515,0.0,0.0,0.0,0.0,00:01,0.0,00:01,0.0,7.1,0.3
1782806753.517,0.0,0.0,0.0,0.0,00:01,0.0,00:01,0.0,7.1,0.3
1782806758.528,0.0,0.0,0.0,0.0,00:01,0.0,00:01,0.0,7.1,0.3
1782806763.538,0.0,0.0,0.0,0.0,00:01,0.0,00:01,0.0,7.1,0.3
1782806768.55,0.0,0.0,0.0,0.0,00:01,0.0,00:01,0.0,7.1,0.3
1782806773.556,0.0,0.0,0.0,0.0,00:01,0.0,00:01,0.0,7.1,0.3
1782806778.566,0.0,0.0,0.0,0.0,00:01,0.0,00:01,0.0,7.1,0.3
1782806783.579,0.0,0.0,0.0,0.0,00:01,0.0,00:01,0.0,7.1,0.3
1782806788.594,0.0,0.0,0.0,0.0,00:01,0.0,00:01,0.0,7.1,0.3
1782806793.604,0.0,0.0,0.0,0.0,00:01,0.0,00:01,0.0,7.1,0.3
1782806798.61,0.0,0.0,0.0,0.0,00:01,0.0,00:01,0.0,7.1,0.3
1782806803.62,0.0,0.0,0.0,0.0,00:01,0.0,00:01,0.0,7.1,0.3
1782806808.631,0.0,0.0,0.0,0.0,00:01,0.0,00:01,0.0,7.1,0.3
1782806813.644,0.0,0.0,0.0,0.0,00:01,0.0,00:01,0.0,7.1,0.3
1782806818.654,0.0,0.0,0.0,0.0,00:01,0.0,00:01,0.0,7.1,0.3
1782806823.661,0.0,0.0,0.0,0.0,00:01,0.0,00:01,0.0,7.1,0.3
1782806828.673,0.0,0.0,0.0,0.0,00:01,0.0,00:01,0.0,7.1,0.3
1782806833.683,0.0,0.0,0.0,0.0,00:01,0.0,00:01,0.0,7.1,0.3
1782806838.69,0.0,0.0,0.0,0.0,00:01,0.0,00:01,0.0,7.1,0.3
1782806843.697,0.0,0.0,0.0,0.0,00:01,0.0,00:01,0.0,7.1,0.3
1782806848.712,0.0,0.0,0.0,0.0,00:01,0.0,00:01,0.0,7.1,0.3
1782806853.725,0.0,0.0,0.0,0.0,00:01,0.0,00:01,0.0,7.1,0.3
1782806858.739,0.0,0.0,0.0,0.0,00:01,0.0,00:01,0.0,7.1,0.3
1782806863.751,0.0,0.0,0.0,0.0,00:01,0.0,00:01,0.0,7.1,0.3
1782806868.758,0.0,0.0,0.0,0.0,00:01,0.0,00:01,0.0,7.1,0.3
1782806873.768,0.0,0.0,0.0,0.0,00:01,0.0,00:01,0.0,7.1,0.3
1782806878.778,0.0,0.0,0.0,0.0,00:01,0.0,00:01,0.0,7.1,0.3
1782806883.787,0.0,0.0,0.0,0.0,00:01,0.0,00:01,0.0,7.1,0.3
1782806888.793,0.0,0.0,0.0,0.0,00:01,0.0,00:01,0.0,7.1,0.3
1782806893.796,0.0,0.0,0.0,0.0,00:01,0.0,00:01,0.0,7.1,0.3
1782806898.806,0.0,0.0,0.0,0.0,00:01,0.0,00:01,0.0,7.1,0.3
1782806903.817,0.0,0.0,0.0,0.0,00:01,0.0,00:01,0.0,7.1,0.3
1782806908.822,0.0,0.0,0.0,0.0,00:01,0.0,00:01,0.0,7.1,0.3
1782806913.826,0.0,0.0,0.0,0.0,00:01,0.0,00:01,0.0,7.1,0.3
1782806918.832,0.0,0.0,0.0,0.0,00:01,0.0,00:01,0.0,7.1,0.3
1782806923.84,0.0,0.0,0.0,0.0,00:01,0.0,00:01,0.0,7.1,0.3
1782806928.852,0.0,0.0,0.0,0.0,00:01,0.0,00:01,0.0,7.1,0.3
1782806933.857,0.0,0.0,0.0,0.0,00:01,0.0,00:01,0.0,7.1,0.3
1782806938.866,0.0,0.0,0.0,0.0,00:01,0.0,00:01,0.0,7.1,0.3
1782806943.874,0.0,0.0,0.0,0.0,00:01,0.0,00:01,0.0,7.1,0.3
1782806948.883,0.0,0.0,0.0,0.0,00:01,0.0,00:01,0.0,7.1,0.3
1782806953.894,0.0,0.0,0.0,0.0,00:01,0.0,00:01,0.0,7.1,0.3
1782806958.904,0.0,0.0,0.0,0.0,00:01,0.0,00:01,0.0,7.1,0.3
1782806963.91,0.0,0.0,0.0,0.0,00:01,0.0,00:01,0.0,7.1,0.3
1782806968.916,0.0,0.0,0.0,0.0,00:01,0.0,00:01,0.0,7.1,0.3
1782806973.927,0.0,0.0,0.0,0.0,00:01,0.0,00:01,0.0,7.1,0.3
1782806978.934,0.0,0.0,0.0,0.0,00:01,0.0,00:01,0.0,7.1,0.3
1782806983.937,0.0,0.0,0.0,0.0,00:01,0.0,00:01,0.0,7.1,0.3
1782806988.945,0.0,0.0,0.0,0.0,00:01,0.0,00:01,0.0,7.1,0.3
1782806993.955,0.0,0.0,0.0,0.0,00:01,0.0,00:01,0.0,7.1,0.3
1782806998.963,0.0,0.0,0.0,0.0,00:01,0.0,00:01,0.0,7.1,0.3
1782807003.973,0.0,0.0,0.0,0.0,00:01,0.0,00:01,0.0,7.1,0.3
1782807008.979,0.0,0.0,0.0,0.0,00:01,0.0,00:01,0.0,7.1,0.3
1782807013.988,0.0,0.0,0.0,0.0,00:01,0.0,00:01,0.0,7.1,0.3
1782807018.997,0.0,0.0,0.0,0.0,00:01,0.0,00:01,0.0,7.1,0.3
1782807024.013,0.0,0.0,0.0,0.0,00:01,0.0,00:01,0.0,7.1,0.3
1782807029.026,0.0,0.0,0.0,0.0,00:01,0.0,00:01,0.0,7.1,0.3
1782807034.035,0.0,0.0,0.0,0.0,00:01,0.0,00:01,0.0,7.1,0.3
1782807039.048,0.0,0.0,0.0,0.0,00:01,0.0,00:01,0.0,7.1,0.3
1782807044.059,0.0,0.0,0.0,0.0,00:01,0.0,00:01,0.0,7.1,0.3
1782807049.07,0.0,0.0,0.0,0.0,00:01,0.0,00:01,0.0,7.1,0.3
1782807054.074,0.0,0.0,0.0,0.0,00:01,0.0,00:01,0.0,7.1,0.3
1782807059.084,0.0,0.0,0.0,0.0,00:01,0.0,00:01,0.0,7.1,0.3
1782807064.096,0.0,0.0,0.0,0.0,00:01,0.0,00:01,0.0,7.1,0.3
1782807069.111,0.0,0.0,0.0,0.0,00:01,0.0,00:01,0.0,7.1,0.3
1782807074.124,0.0,0.0,0.0,0.0,00:01,0.0,00:01,0.0,7.1,0.3
1782807079.131,0.0,0.0,0.0,0.0,00:01,0.0,00:01,0.0,7.1,0.3
1782807084.146,0.0,0.0,0.0,0.0,00:01,0.0,00:01,0.0,7.1,0.3
1782807089.154,0.0,0.0,0.0,0.0,00:01,0.0,00:01,0.0,7.1,0.3
1782807094.167,0.0,0.0,0.0,0.0,00:01,0.0,00:01,0.0,7.1,0.3
1782807099.175,0.0,0.0,0.0,0.0,00:01,0.0,00:01,0.0,7.1,0.3
1782807104.181,0.0,0.0,0.0,0.0,00:01,0.0,00:01,0.0,7.1,0.3
1782807109.192,0.0,0.0,0.0,0.0,00:01,0.0,00:01,0.0,7.1,0.3
1782807114.201,0.0,0.0,0.0,0.0,00:01,0.0,00:01,0.0,7.1,0.3
1782807119.207,0.0,0.0,0.0,0.0,00:01,0.0,00:01,0.0,7.1,0.3
1782807124.215,0.0,0.0,0.0,0.0,00:01,0.0,00:01,0.0,7.1,0.3
1782807129.217,0.0,0.0,0.0,0.0,00:01,0.0,00:01,0.0,7.1,0.3
1782807134.226,0.0,0.0,0.0,0.0,00:01,0.0,00:01,0.0,7.1,0.3
1782807139.239,0.0,0.0,0.0,0.0,00:01,0.0,00:01,0.0,7.1,0.3
1782807144.245,0.0,0.0,0.0,0.0,00:01,0.0,00:01,0.0,7.1,0.3
1782807149.251,0.0,0.0,0.0,0.0,00:01,0.0,00:01,0.0,7.1,0.3
1782807154.262,0.0,0.0,0.0,0.0,00:01,0.0,00:01,0.0,7.1,0.3
1782807159.27,0.0,0.0,0.0,0.0,00:01,0.0,00:01,0.0,7.1,0.3
1782807164.279,0.0,0.0,0.0,0.0,00:01,0.0,00:01,0.0,7.1,0.3
1782807169.292,0.0,0.0,0.0,0.0,00:01,0.0,00:01,0.0,7.1,0.3
1782807174.299,0.0,0.0,0.0,0.0,00:01,0.0,00:01,0.0,7.1,0.3
1782807179.31,0.0,0.0,0.0,0.0,00:01,0.0,00:01,0.0,7.1,0.3
1782807184.325,0.0,0.0,0.0,0.0,00:01,0.0,00:01,0.0,7.1,0.3
1782807189.336,0.0,0.0,0.0,0.0,00:01,0.0,00:01,0.0,7.1,0.3
1782807194.343,0.0,0.0,0.0,0.0,00:01,0.0,00:01,0.0,7.1,0.3
1782807199.347,0.0,0.0,0.0,0.0,00:01,0.0,00:01,0.0,7.1,0.3
1782807204.358,0.0,0.0,0.0,0.0,00:01,0.0,00:01,0.0,7.1,0.3
1782807209.367,0.0,0.0,0.0,0.0,00:01,0.0,00:01,0.0,7.1,0.3
1782807214.377,0.0,0.0,0.0,0.0,00:01,0.0,00:01,0.0,7.1,0.3
1782807219.379,0.0,0.0,0.0,0.0,00:01,0.0,00:01,0.0,7.1,0.3
1782807224.389,0.0,0.0,0.0,0.0,00:01,0.0,00:01,0.0,7.1,0.3
1782807229.395,0.0,0.0,0.0,0.0,00:01,0.0,00:01,0.0,7.1,0.3
1782807234.403,0.0,0.0,0.0,0.0,00:01,0.0,00:01,0.0,7.1,0.3
1782807239.411,0.0,0.0,0.0,0.0,00:01,0.0,00:01,0.0,7.1,0.3
1782807244.413,0.0,0.0,0.0,0.0,00:01,0.0,00:01,0.0,7.1,0.3
1782807249.424,0.0,0.0,0.0,0.0,00:01,0.0,00:01,0.0,7.1,0.3
1782807254.435,0.0,0.0,0.0,0.0,00:01,0.0,00:01,0.0,7.1,0.3
1782807259.444,0.0,0.0,0.0,0.0,00:01,0.0,00:01,0.0,7.1,0.3
1782807264.452,0.0,0.0,0.0,0.0,00:01,0.0,00:01,0.0,7.1,0.3
1782807269.46,0.0,0.0,0.0,0.0,00:01,0.0,00:01,0.0,7.1,0.3
1782807274.466,0.0,0.0,0.0,0.0,00:01,0.0,00:01,0.0,7.1,0.3
1782807279.479,0.0,0.0,0.0,0.0,00:01,0.0,00:01,0.0,7.1,0.3
1782807284.491,0.0,0.0,0.0,0.0,00:01,0.0,00:01,0.0,7.1,0.3
1782807289.494,0.0,0.0,0.0,0.0,00:01,0.0,00:01,0.0,7.1,0.3
1782807294.506,0.0,0.0,0.0,0.0,00:01,0.0,00:01,0.0,7.1,0.3
1782807299.516,0.0,0.0,0.0,0.0,00:01,0.0,00:01,0.0,7.1,0.3
1782807304.523,0.0,0.0,0.0,0.0,00:01,0.0,00:01,0.0,7.1,0.3
1782807309.533,0.0,0.0,0.0,0.0,00:01,0.0,00:01,0.0,7.1,0.3
1782807314.537,0.0,0.0,0.0,0.0,00:01,0.0,00:01,0.0,7.1,0.3
1782807319.544,0.0,0.0,0.0,0.0,00:01,0.0,00:01,0.0,7.1,0.3
1782807324.556,0.0,0.0,0.0,0.0,00:01,0.0,00:01,0.0,7.1,0.3
1782807329.562,0.0,0.0,0.0,0.0,00:01,0.0,00:01,0.0,7.1,0.3
1782807334.564,0.0,0.0,0.0,0.0,00:01,0.0,00:01,0.0,7.1,0.3
1782807339.572,0.0,0.0,0.0,0.0,00:01,0.0,00:01,0.0,7.1,0.3
1782807344.577,0.0,0.0,0.0,0.0,00:01,0.0,00:01,0.0,7.1,0.3
1782807349.585,0.0,0.0,0.0,0.0,00:01,0.0,00:01,0.0,7.1,0.3
1782807354.594,0.0,0.0,0.0,0.0,00:01,0.0,00:01,0.0,7.1,0.3
1782807359.597,0.0,0.0,0.0,0.0,00:01,0.0,00:01,0.0,7.1,0.3
1782807364.605,0.0,0.0,0.0,0.0,00:01,0.0,00:01,0.0,7.1,0.3
1782807369.615,0.0,0.0,0.0,0.0,00:01,0.0,00:01,0.0,7.1,0.3
1782807374.62,0.0,0.0,0.0,0.0,00:01,0.0,00:01,0.0,7.1,0.3
1782807379.631,0.0,0.0,0.0,0.0,00:01,0.0,00:01,0.0,7.1,0.3
1782807384.638,0.0,0.0,0.0,0.0,00:01,0.0,00:01,0.0,7.1,0.3
1782807389.648,0.0,0.0,0.0,0.0,00:01,0.0,00:01,0.0,7.1,0.3
1782807394.661,0.0,0.0,0.0,0.0,00:01,0.0,00:01,0.0,7.1,0.3
1782807399.669,0.0,0.0,0.0,0.0,00:01,0.0,00:01,0.0,7.1,0.3
1782807404.676,0.0,0.0,0.0,0.0,00:01,0.0,00:01,0.0,7.1,0.3
1782807409.686,0.0,0.0,0.0,0.0,00:01,0.0,00:01,0.0,7.1,0.3
1782807414.698,0.0,0.0,0.0,0.0,00:01,0.0,00:01,0.0,7.1,0.3
1782807419.713,0.0,0.0,0.0,0.0,00:01,0.0,00:01,0.0,7.1,0.3
1782807424.727,0.0,0.0,0.0,0.0,00:01,0.0,00:01,0.0,7.1,0.3
1782807429.734,0.0,0.0,0.0,0.0,00:01,0.0,00:01,0.0,7.1,0.3
1782807434.744,0.0,0.0,0.0,0.0,00:01,0.0,00:01,0.0,7.1,0.3
1782807439.759,0.0,0.0,0.0,0.0,00:01,0.0,00:01,0.0,7.1,0.3
1782807444.769,0.0,0.0,0.0,0.0,00:01,0.0,00:01,0.0,7.1,0.3
1782807449.779,0.0,0.0,0.0,0.0,00:01,0.0,00:01,0.0,7.1,0.3
1782807454.784,0.0,0.0,0.0,0.0,00:01,0.0,00:01,0.0,7.1,0.3
1782807459.794,0.0,0.0,0.0,0.0,00:01,0.0,00:01,0.0,7.1,0.3
1782807464.807,0.0,0.0,0.0,0.0,00:01,0.0,00:01,0.0,7.1,0.3
1782807469.817,0.0,0.0,0.0,0.0,00:01,0.0,00:01,0.0,7.1,0.3
1782807474.823,0.0,0.0,0.0,0.0,00:01,0.0,00:01,0.0,7.1,0.3
1782807479.83,0.0,0.0,0.0,0.0,00:01,0.0,00:01,0.0,7.1,0.3
1782807484.837,0.0,0.0,0.0,0.0,00:01,0.0,00:01,0.0,7.1,0.3
1782807489.847,0.0,0.0,0.0,0.0,00:01,0.0,00:01,0.0,7.1,0.3
1782807494.854,0.0,0.0,0.0,0.0,00:01,0.0,00:01,0.0,7.1,0.3
1782807499.86,0.0,0.0,0.0,0.0,00:01,0.0,00:01,0.0,7.1,0.3
1782807504.869,0.0,0.0,0.0,0.0,00:01,0.0,00:01,0.0,7.1,0.3
1782807509.885,0.0,0.0,0.0,0.0,00:01,0.0,00:01,0.0,7.1,0.3
1782807514.894,0.0,0.0,0.0,0.0,00:01,0.0,00:01,0.0,7.1,0.3
1782807519.907,0.0,0.0,0.0,0.0,00:01,0.0,00:01,0.0,7.1,0.3
1782807524.913,0.0,0.0,0.0,0.0,00:01,0.0,00:01,0.0,7.1,0.3
1782807529.925,0.0,0.0,0.0,0.0,00:01,0.0,00:01,0.0,7.1,0.3
1782807534.937,0.0,0.0,0.0,0.0,00:01,0.0,00:01,0.0,7.1,0.3
1782807539.947,0.0,0.0,0.0,0.0,00:01,0.0,00:01,0.0,7.1,0.3
1782807544.955,0.0,0.0,0.0,0.0,00:01,0.0,00:01,0.0,7.1,0.3
1782807549.962,0.0,0.0,0.0,0.0,00:01,0.0,00:01,0.0,7.1,0.3
1782807554.971,0.0,0.0,0.0,0.0,00:01,0.0,00:01,0.0,7.1,0.3
1782807559.979,0.0,0.0,0.0,0.0,00:01,0.0,00:01,0.0,7.1,0.3
1782807564.989,0.0,0.0,0.0,0.0,00:01,0.0,00:01,0.0,7.1,0.3
1782807569.993,0.0,0.0,0.0,0.0,00:01,0.0,00:01,0.0,7.1,0.3
1782807575.0,0.0,0.0,0.0,0.0,00:01,0.0,00:01,0.0,7.1,0.3
1782807580.011,0.0,0.0,0.0,0.0,00:01,0.0,00:01,0.0,7.1,0.3
1782807585.021,0.0,0.0,0.0,0.0,00:01,0.0,00:01,0.0,7.1,0.3
1782807590.027,0.0,0.0,0.0,0.0,00:01,0.0,00:01,0.0,7.1,0.3
1782807595.034,0.0,0.0,0.0,0.0,00:01,0.0,00:01,0.0,7.1,0.3
1782807600.045,0.0,0.0,0.0,0.0,00:01,0.0,00:01,0.0,7.1,0.3
1782807605.055,0.0,0.0,0.0,0.0,00:01,0.0,00:01,0.0,7.1,0.3
1782807610.065,0.0,0.0,0.0,0.0,00:01,0.0,00:01,0.0,7.1,0.3
1782807615.071,0.0,0.0,0.0,0.0,00:01,0.0,00:01,0.0,7.1,0.3
1782807620.078,0.0,0.0,0.0,0.0,00:01,0.0,00:01,0.0,7.1,0.3
1782807625.084,0.0,0.0,0.0,0.0,00:01,0.0,00:01,0.0,7.1,0.3
1782807630.1,0.0,0.0,0.0,0.0,00:01,0.0,00:01,0.0,7.1,0.3
1782807635.112,0.0,0.0,0.0,0.0,00:01,0.0,00:01,0.0,7.1,0.3
1782807640.116,0.0,0.0,0.0,0.0,00:01,0.0,00:01,0.0,7.1,0.3
1782807645.129,0.0,0.0,0.0,0.0,00:01,0.0,00:01,0.0,7.1,0.3
1782807650.141,0.0,0.0,0.0,0.0,00:01,0.0,00:01,0.0,7.1,0.3
1782807655.15,0.0,0.0,0.0,0.0,00:01,0.0,00:01,0.0,7.1,0.3
1782807660.161,0.0,0.0,0.0,0.0,00:01,0.0,00:01,0.0,7.1,0.3
1782807665.165,0.0,0.0,0.0,0.0,00:01,0.0,00:01,0.0,7.1,0.3
1782807670.173,0.0,0.0,0.0,0.0,00:01,0.0,00:01,0.0,7.1,0.3
1782807675.185,0.0,0.0,0.0,0.0,00:01,0.0,00:01,0.0,7.1,0.3
1782807680.197,0.0,0.0,0.0,0.0,00:01,0.0,00:01,0.0,7.1,0.3
1782807685.206,0.0,0.0,0.0,0.0,00:01,0.0,00:01,0.0,7.1,0.3
1782807690.214,0.0,0.0,0.0,0.0,00:01,0.0,00:01,0.0,7.1,0.3
1782807695.223,0.0,0.0,0.0,0.0,00:01,0.0,00:01,0.0,7.1,0.3
1782807700.232,0.0,0.0,0.0,0.0,00:01,0.0,00:01,0.0,7.1,0.3
1782807705.237,0.0,0.0,0.0,0.0,00:01,0.0,00:01,0.0,7.1,0.3
1782807710.243,0.0,0.0,0.0,0.0,00:01,0.0,00:01,0.0,7.1,0.3
1782807715.249,0.0,0.0,0.0,0.0,00:01,0.0,00:01,0.0,7.1,0.3
1782807720.266,0.0,0.0,0.0,0.0,00:01,0.0,00:01,0.0,7.1,0.3
1782807725.276,0.0,0.0,0.0,0.0,00:01,0.0,00:01,0.0,7.1,0.3
1782807730.286,0.0,0.0,0.0,0.0,00:01,0.0,00:01,0.0,7.1,0.3
1782807735.292,0.0,0.0,0.0,0.0,00:01,0.0,00:01,0.0,7.1,0.3
1782807740.302,0.0,0.0,0.0,0.0,00:01,0.0,00:01,0.0,7.1,0.3
1782807745.313,0.0,0.0,0.0,0.0,00:01,0.0,00:01,0.0,7.1,0.3
1782807750.323,0.0,0.0,0.0,0.0,00:01,0.0,00:01,0.0,7.1,0.3
1782807755.332,0.0,0.0,0.0,0.0,00:01,0.0,00:01,0.0,7.1,0.3
1782807760.338,0.0,0.0,0.0,0.0,00:01,0.0,00:01,0.0,7.1,0.3
1782807765.345,0.0,0.0,0.0,0.0,00:01,0.0,00:01,0.0,7.1,0.3
1782807770.354,0.0,0.0,0.0,0.0,00:01,0.0,00:01,0.0,7.1,0.3
1782807775.364,0.0,0.0,0.0,0.0,00:01,0.0,00:01,0.0,7.1,0.3
1782807780.368,0.0,0.0,0.0,0.0,00:01,0.0,00:01,0.0,7.1,0.3
1782807785.376,0.0,0.0,0.0,0.0,00:01,0.0,00:01,0.0,7.1,0.3
1782807790.387,0.0,0.0,0.0,0.0,00:01,0.0,00:01,0.0,7.1,0.3
1782807795.397,0.0,0.0,0.0,0.0,00:01,0.0,00:01,0.0,7.1,0.3
1782807800.407,0.0,0.0,0.0,0.0,00:01,0.0,00:01,0.0,7.1,0.3
1782807805.412,0.0,0.0,0.0,0.0,00:01,0.0,00:01,0.0,7.1,0.3
1782807810.419,0.0,0.0,0.0,0.0,00:01,0.0,00:01,0.0,7.1,0.3
1782807815.426,0.0,0.0,0.0,0.0,00:01,0.0,00:01,0.0,7.1,0.3
1782807820.435,0.0,0.0,0.0,0.0,00:01,0.0,00:01,0.0,7.1,0.3
1782807825.44,0.0,0.0,0.0,0.0,00:01,0.0,00:01,0.0,7.1,0.3
1782807830.446,0.0,0.0,0.0,0.0,00:01,0.0,00:01,0.0,7.1,0.3
1782807835.458,0.0,0.0,0.0,0.0,00:01,0.0,00:01,0.0,7.1,0.3
1782807840.47,0.0,0.0,0.0,0.0,00:01,0.0,00:01,0.0,7.1,0.3
1782807845.483,0.0,0.0,0.0,0.0,00:01,0.0,00:01,0.0,7.1,0.3
1782807850.488,0.0,0.0,0.0,0.0,00:01,0.0,00:01,0.0,7.1,0.3
1782807855.5,0.0,0.0,0.0,0.0,00:01,0.0,00:01,0.0,7.1,0.3
1782807860.516,0.0,0.0,0.0,0.0,00:01,0.0,00:01,0.0,7.1,0.3
1782807865.527,0.0,0.0,0.0,0.0,00:01,0.0,00:01,0.0,7.1,0.3
1782807870.54,0.0,0.0,0.0,0.0,00:01,0.0,00:01,0.0,7.1,0.3
1782807875.547,0.0,0.0,0.0,0.0,00:01,0.0,00:01,0.0,7.1,0.3
1782807880.559,0.0,0.0,0.0,0.0,00:01,0.0,00:01,0.0,7.1,0.3
1782807885.574,0.0,0.0,0.0,0.0,00:01,0.0,00:01,0.0,7.1,0.3
1782807890.587,0.0,0.0,0.0,0.0,00:01,0.0,00:01,0.0,7.1,0.3
1782807895.598,0.0,0.0,0.0,0.0,00:01,0.0,00:01,0.0,7.1,0.3
1782807900.604,0.0,0.0,0.0,0.0,00:01,0.0,00:01,0.0,7.1,0.3
1782807905.614,0.0,0.0,0.0,0.0,00:01,0.0,00:01,0.0,7.1,0.3
1782807910.626,0.0,0.0,0.0,0.0,00:01,0.0,00:01,0.0,7.1,0.3
1782807915.636,0.0,0.0,0.0,0.0,00:01,0.0,00:01,0.0,7.1,0.3
1782807920.642,0.0,0.0,0.0,0.0,00:01,0.0,00:01,0.0,7.1,0.3
1782807925.654,0.0,0.0,0.0,0.0,00:01,0.0,00:01,0.0,7.1,0.3
1782807930.666,0.0,0.0,0.0,0.0,00:01,0.0,00:01,0.0,7.1,0.3
1782807935.677,0.0,0.0,0.0,0.0,00:01,0.0,00:01,0.0,7.1,0.3
1782807940.689,0.0,0.0,0.0,0.0,00:01,0.0,00:01,0.0,7.1,0.3
1782807945.698,0.0,0.0,0.0,0.0,00:01,0.0,00:01,0.0,7.1,0.3
1782807950.708,0.0,0.0,0.0,0.0,00:01,0.0,00:01,0.0,7.1,0.3
1782807955.719,0.0,0.0,0.0,0.0,00:01,0.0,00:01,0.0,7.1,0.3
1782807960.727,0.0,0.0,0.0,0.0,00:01,0.0,00:01,0.0,7.1,0.3
1782807965.739,0.0,0.0,0.0,0.0,00:01,0.0,00:01,0.0,7.1,0.3
1782807970.744,0.0,0.0,0.0,0.0,00:01,0.0,00:01,0.0,7.1,0.3
1782807975.758,0.0,0.0,0.0,0.0,00:01,0.0,00:01,0.0,7.1,0.3
1782807980.772,0.0,0.0,0.0,0.0,00:01,0.0,00:01,0.0,7.1,0.3
1782807985.78,0.0,0.0,0.0,0.0,00:01,0.0,00:01,0.0,7.1,0.3
1782807990.791,0.0,0.0,0.0,0.0,00:01,0.0,00:01,0.0,7.1,0.3
1782807995.8,0.0,0.0,0.0,0.0,00:01,0.0,00:01,0.0,7.1,0.3
1782808000.815,0.0,0.0,0.0,0.0,00:01,0.0,00:01,0.0,7.1,0.3
1782808005.824,0.0,0.0,0.0,0.0,00:01,0.0,00:01,0.0,7.1,0.3
1782808010.835,0.0,0.0,0.0,0.0,00:01,0.0,00:01,0.0,7.1,0.3
1782808015.838,0.0,0.0,0.0,0.0,00:01,0.0,00:01,0.0,7.1,0.3
1782808020.851,0.0,0.0,0.0,0.0,00:01,0.0,00:01,0.0,7.1,0.3
1782808025.863,0.0,0.0,0.0,0.0,00:01,0.0,00:01,0.0,7.1,0.3
1782808030.876,0.0,0.0,0.0,0.0,00:01,0.0,00:01,0.0,7.1,0.3
1782808035.884,0.0,0.0,0.0,0.0,00:01,0.0,00:01,0.0,7.1,0.3
1782808040.894,0.0,0.0,0.0,0.0,00:01,0.0,00:01,0.0,7.1,0.3
1782808045.907,0.0,0.0,0.0,0.0,00:01,0.0,00:01,0.0,7.1,0.3
1782808050.921,0.0,0.0,0.0,0.0,00:01,0.0,00:01,0.0,7.1,0.3
1782808055.933,0.0,0.0,0.0,0.0,00:01,0.0,00:01,0.0,7.1,0.3
1782808060.942,0.0,0.0,0.0,0.0,00:01,0.0,00:01,0.0,7.1,0.3
1782808065.947,0.0,0.0,0.0,0.0,00:01,0.0,00:01,0.0,7.1,0.3
1782808070.958,0.0,0.0,0.0,0.0,00:01,0.0,00:01,0.0,7.1,0.3
1782808075.971,0.0,0.0,0.0,0.0,00:01,0.0,00:01,0.0,7.1,0.3
1782808080.977,0.0,0.0,0.0,0.0,00:01,0.0,00:01,0.0,7.1,0.3
1782808085.98,0.0,0.0,0.0,0.0,00:01,0.0,00:01,0.0,7.1,0.3
1782808090.994,0.0,0.0,0.0,0.0,00:01,0.0,00:01,0.0,7.1,0.3
1782808096.004,0.0,0.0,0.0,0.0,00:01,0.0,00:01,0.0,7.1,0.3
1782808101.015,0.0,0.0,0.0,0.0,00:01,0.0,00:01,0.0,7.1,0.3
1782808106.027,0.0,0.0,0.0,0.0,00:01,0.0,00:01,0.0,7.1,0.3
1782808111.033,0.0,0.0,0.0,0.0,00:01,0.0,00:01,0.0,7.1,0.3
1782808116.046,0.0,0.0,0.0,0.0,00:01,0.0,00:01,0.0,7.1,0.3
1782808121.059,0.0,0.0,0.0,0.0,00:01,0.0,00:01,0.0,7.1,0.3
1782808126.066,0.0,0.0,0.0,0.0,00:01,0.0,00:01,0.0,7.1,0.3
1782808131.075,0.0,0.0,0.0,0.0,00:01,0.0,00:01,0.0,7.1,0.3
1782808136.082,0.0,0.0,0.0,0.0,00:01,0.0,00:01,0.0,7.1,0.3
1782808141.096,0.0,0.0,0.0,0.0,00:01,0.0,00:01,0.0,7.1,0.3
1782808146.109,0.0,0.0,0.0,0.0,00:01,0.0,00:01,0.0,7.1,0.3
1782808151.121,0.0,0.0,0.0,0.0,00:01,0.0,00:01,0.0,7.1,0.3
1782808156.133,0.0,0.0,0.0,0.0,00:01,0.0,00:01,0.0,7.1,0.3
1782808161.14,0.0,0.0,0.0,0.0,00:01,0.0,00:01,0.0,7.1,0.3
1782808166.152,0.0,0.0,0.0,0.0,00:01,0.0,00:01,0.0,7.1,0.3
1782808171.163,0.0,0.0,0.0,0.0,00:01,0.0,00:01,0.0,7.1,0.3
1782808176.177,0.0,0.0,0.0,0.0,00:01,0.0,00:01,0.0,7.1,0.3
1782808181.18,0.0,0.0,0.0,0.0,00:01,0.0,00:01,0.0,7.1,0.3
1782808186.188,0.0,0.0,0.0,0.0,00:01,0.0,00:01,0.0,7.1,0.3
1782808191.201,0.0,0.0,0.0,0.0,00:01,0.0,00:01,0.0,7.1,0.3
1782808196.214,0.0,0.0,0.0,0.0,00:01,0.0,00:01,0.0,7.1,0.3
1782808201.224,0.0,0.0,0.0,0.0,00:01,0.0,00:01,0.0,7.1,0.3
1782808206.228,0.0,0.0,0.0,0.0,00:01,0.0,00:01,0.0,7.1,0.3
1782808211.244,0.0,0.0,0.0,0.0,00:01,0.0,00:01,0.0,7.1,0.3
1782808216.258,0.0,0.0,0.0,0.0,00:01,0.0,00:01,0.0,7.1,0.3
1782808221.269,0.0,0.0,0.0,0.0,00:01,0.0,00:01,0.0,7.1,0.3
1782808226.278,0.0,0.0,0.0,0.0,00:01,0.0,00:01,0.0,7.1,0.3
1782808231.285,0.0,0.0,0.0,0.0,00:01,0.0,00:01,0.0,7.1,0.3
1782808236.295,0.0,0.0,0.0,0.0,00:01,0.0,00:01,0.0,7.1,0.3
1782808241.314,0.0,0.0,0.0,0.0,00:01,0.0,00:01,0.0,7.1,0.3
1782808246.327,0.0,0.0,0.0,0.0,00:01,0.0,00:01,0.0,7.1,0.3
1782808251.334,0.0,0.0,0.0,0.0,00:01,0.0,00:01,0.0,7.1,0.3
1782808256.341,0.0,0.0,0.0,0.0,00:01,0.0,00:01,0.0,7.1,0.3
1782808261.353,0.0,0.0,0.0,0.0,00:01,0.0,00:01,0.0,7.1,0.3
1782808266.364,0.0,0.0,0.0,0.0,00:01,0.0,00:01,0.0,7.1,0.3
1782808271.371,0.0,0.0,0.0,0.0,00:01,0.0,00:01,0.0,7.1,0.3
1782808276.373,0.0,0.0,0.0,0.0,00:01,0.0,00:01,0.0,7.1,0.3
1782808281.384,0.0,0.0,0.0,0.0,00:01,0.0,00:01,0.0,7.1,0.3
1782808286.393,0.0,0.0,0.0,0.0,00:01,0.0,00:01,0.0,7.1,0.3
1782808291.403,0.0,0.0,0.0,0.0,00:01,0.0,00:01,0.0,7.1,0.3
1782808296.415,0.0,0.0,0.0,0.0,00:01,0.0,00:01,0.0,7.1,0.3
1782808301.423,0.0,0.0,0.0,0.0,00:01,0.0,00:01,0.0,7.1,0.3
1782808306.437,0.0,0.0,0.0,0.0,00:01,0.0,00:01,0.0,7.1,0.3
1782808311.448,0.0,0.0,0.0,0.0,00:01,0.0,00:01,0.0,7.1,0.3
1782808316.461,0.0,0.0,0.0,0.0,00:01,0.0,00:01,0.0,7.1,0.3
1782808321.469,0.0,0.0,0.0,0.0,00:01,0.0,00:01,0.0,7.1,0.3
1782808326.476,0.0,0.0,0.0,0.0,00:01,0.0,00:01,0.0,7.1,0.3
1782808331.488,0.0,0.0,0.0,0.0,00:01,0.0,00:01,0.0,7.1,0.3
1782808336.498,0.0,0.0,0.0,0.0,00:01,0.0,00:01,0.0,7.1,0.3
1782808341.506,0.0,0.0,0.0,0.0,00:01,0.0,00:01,0.0,7.1,0.3
1782808346.513,0.0,0.0,0.0,0.0,00:01,0.0,00:01,0.0,7.1,0.3
1782808351.523,0.0,0.0,0.0,0.0,00:01,0.0,00:01,0.0,7.1,0.3
1782808356.531,0.0,0.0,0.0,0.0,00:01,0.0,00:01,0.0,7.1,0.3
1782808361.539,0.0,0.0,0.0,0.0,00:01,0.0,00:01,0.0,7.1,0.3
1782808366.547,0.0,0.0,0.0,0.0,00:01,0.0,00:01,0.0,7.1,0.3
1782808371.553,0.0,0.0,0.0,0.0,00:01,0.0,00:01,0.0,7.1,0.3
1782808376.562,0.0,0.0,0.0,0.0,00:01,0.0,00:01,0.0,7.1,0.3
1782808381.57,0.0,0.0,0.0,0.0,00:01,0.0,00:01,0.0,7.1,0.3
1782808386.582,0.0,0.0,0.0,0.0,00:01,0.0,00:01,0.0,7.1,0.3
1782808391.593,0.0,0.0,0.0,0.0,00:01,0.0,00:01,0.0,7.1,0.3
1782808396.598,0.0,0.0,0.0,0.0,00:01,0.0,00:01,0.0,7.1,0.3
1782808401.613,0.0,0.0,0.0,0.0,00:01,0.0,00:01,0.0,7.1,0.3
1782808406.626,0.0,0.0,0.0,0.0,00:01,0.0,00:01,0.0,7.1,0.3
1782808411.636,0.0,0.0,0.0,0.0,00:01,0.0,00:01,0.0,7.1,0.3
1782808416.64,0.0,0.0,0.0,0.0,00:01,0.0,00:01,0.0,7.1,0.3
1782808421.653,0.0,0.0,0.0,0.0,00:01,0.0,00:01,0.0,7.1,0.3
1782808426.665,0.0,0.0,0.0,0.0,00:01,0.0,00:01,0.0,7.1,0.3
1782808431.675,0.0,0.0,0.0,0.0,00:01,0.0,00:01,0.0,7.1,0.3
1782808436.689,0.0,0.0,0.0,0.0,00:01,0.0,00:01,0.0,7.1,0.3
1782808441.696,0.0,0.0,0.0,0.0,00:01,0.0,00:01,0.0,7.1,0.3
1782808446.709,0.0,0.0,0.0,0.0,00:01,0.0,00:01,0.0,7.1,0.3
1782808451.713,0.0,0.0,0.0,0.0,00:01,0.0,00:01,0.0,7.1,0.3
1782808456.723,0.0,0.0,0.0,0.0,00:01,0.0,00:01,0.0,7.1,0.3
1782808461.731,0.0,0.0,0.0,0.0,00:01,0.0,00:01,0.0,7.1,0.3
1782808466.736,0.0,0.0,0.0,0.0,00:01,0.0,00:01,0.0,7.1,0.3
1782808471.747,0.0,0.0,0.0,0.0,00:01,0.0,00:01,0.0,7.1,0.3
1782808476.755,0.0,0.0,0.0,0.0,00:01,0.0,00:01,0.0,7.1,0.3
1782808481.764,0.0,0.0,0.0,0.0,00:01,0.0,00:01,0.0,7.1,0.3
1782808486.771,0.0,0.0,0.0,0.0,00:01,0.0,00:01,0.0,7.1,0.3
1782808491.783,0.0,0.0,0.0,0.0,00:01,0.0,00:01,0.0,7.1,0.3
1782808496.793,0.0,0.0,0.0,0.0,00:01,0.0,00:01,0.0,7.1,0.3
1782808501.804,0.0,0.0,0.0,0.0,00:01,0.0,00:01,0.0,7.1,0.3
1782808506.809,0.0,0.0,0.0,0.0,00:01,0.0,00:01,0.0,7.1,0.3
1782808511.812,0.0,0.0,0.0,0.0,00:01,0.0,00:01,0.0,7.1,0.3
1782808516.823,0.0,0.0,0.0,0.0,00:01,0.0,00:01,0.0,7.1,0.3
1782808521.83,0.0,0.0,0.0,0.0,00:01,0.0,00:01,0.0,7.1,0.3
1782808526.842,0.0,0.0,0.0,0.0,00:01,0.0,00:01,0.0,7.1,0.3
1782808531.853,0.0,0.0,0.0,0.0,00:01,0.0,00:01,0.0,7.1,0.3
1782808536.859,0.0,0.0,0.0,0.0,00:01,0.0,00:01,0.0,7.1,0.3
1782808541.873,0.0,0.0,0.0,0.0,00:01,0.0,00:01,0.0,7.1,0.3
1782808546.889,0.0,0.0,0.0,0.0,00:01,0.0,00:01,0.0,7.1,0.3
1782808551.904,0.0,0.0,0.0,0.0,00:01,0.0,00:01,0.0,7.1,0.3
1782808556.911,0.0,0.0,0.0,0.0,00:01,0.0,00:01,0.0,7.1,0.3
1782808561.924,0.0,0.0,0.0,0.0,00:01,0.0,00:01,0.0,7.1,0.3
1782808566.93,0.0,0.0,0.0,0.0,00:01,0.0,00:01,0.0,7.1,0.3
1782808571.942,0.0,0.0,0.0,0.0,00:01,0.0,00:01,0.0,7.1,0.3
1782808576.951,0.0,0.0,0.0,0.0,00:01,0.0,00:01,0.0,7.1,0.3
1782808581.953,0.0,0.0,0.0,0.0,00:01,0.0,00:01,0.0,7.1,0.3
1782808586.967,0.0,0.0,0.0,0.0,00:01,0.0,00:01,0.0,7.1,0.3
1782808591.978,0.0,0.0,0.0,0.0,00:01,0.0,00:01,0.0,7.1,0.3
1782808596.988,0.0,0.0,0.0,0.0,00:01,0.0,00:01,0.0,7.1,0.3
1782808601.997,0.0,0.0,0.0,0.0,00:01,0.0,00:01,0.0,7.1,0.3
1782808607.004,0.0,0.0,0.0,0.0,00:01,0.0,00:01,0.0,7.1,0.3
1782808612.018,0.0,0.0,0.0,0.0,00:01,0.0,00:01,0.0,7.1,0.3
