timestamp,humidity,temperature
1782748800.822,54.9,25.5
1782748805.836,54.9,25.5
1782748810.845,54.9,25.5
1782748815.857,54.8,25.5
1782748820.869,54.8,25.5
1782748825.878,54.9,25.5
1782748830.887,55.0,25.5
1782748835.898,55.1,25.5
1782748840.9,55.2,25.5
1782748845.913,55.3,25.5
1782748850.923,55.5,25.5
1782748855.932,55.5,25.5
1782748860.944,55.4,25.5
1782748865.95,55.2,25.5
1782748870.962,55.2,25.6
1782748875.974,55.2,25.6
1782748880.985,55.2,25.5
1782748885.993,55.3,25.5
1782748891.0,55.4,25.5
1782748896.014,55.4,25.5
1782748901.025,55.3,25.5
1782748906.036,55.3,25.6
1782748911.048,55.3,25.6
1782748916.061,55.4,25.6
1782748921.074,55.4,25.6
1782748926.084,55.3,25.6
1782748931.096,55.2,25.5
1782748936.108,55.3,25.5
1782748941.12,55.3,25.6
1782748946.13,55.3,25.6
1782748951.142,55.3,25.6
1782748956.15,55.3,25.6
1782748961.16,55.3,25.6
1782748966.172,55.4,25.6
1782748971.18,55.4,25.5
1782748976.19,55.3,25.6
1782748981.2,55.2,25.6
1782748986.211,55.1,25.6
1782748991.221,55.2,25.6
1782748996.229,55.2,25.6
1782749001.242,55.2,25.6
1782749006.252,55.1,25.6
1782749011.264,55.2,25.6
1782749016.276,55.4,25.6
1782749021.288,55.8,25.6
1782749026.295,56.0,25.6
1782749031.306,56.2,25.6
1782749036.32,56.3,25.6
1782749041.331,56.3,25.6
1782749046.34,56.2,25.6
1782749051.352,56.1,25.6
1782749056.363,55.9,25.6
1782749061.378,55.7,25.6
1782749066.39,55.6,25.6
1782749071.395,55.7,25.6
1782749076.405,55.7,25.6
1782749081.415,55.6,25.6
1782749086.429,55.7,25.6
1782749091.441,55.8,25.6
1782749096.449,55.9,25.6
1782749101.463,56.0,25.6
1782749106.47,55.9,25.6
1782749111.482,55.9,25.6
1782749116.49,55.9,25.6
1782749121.499,55.9,25.6
1782749126.509,55.7,25.6
1782749131.523,55.5,25.6
1782749136.535,55.4,25.6
1782749141.542,55.4,25.6
1782749146.555,55.4,25.6
1782749151.561,55.4,25.6
1782749156.576,55.3,25.6
1782749161.585,55.2,25.6
1782749166.597,55.2,25.6
1782749171.611,55.2,25.6
1782749176.617,55.2,25.6
1782749181.627,55.2,25.6
1782749186.641,55.3,25.6
1782749191.652,55.3,25.6
1782749196.662,55.4,25.6
1782749201.667,55.4,25.6
1782749206.672,55.6,25.6
1782749211.684,55.6,25.6
1782749216.696,55.6,25.6
1782749221.704,55.6,25.6
1782749226.715,55.7,25.6
1782749231.725,55.8,25.6
1782749236.734,55.8,25.6
1782749241.742,55.9,25.6
1782749246.755,56.0,25.6
1782749251.761,56.1,25.6
1782749256.774,55.9,25.6
1782749261.784,55.7,25.6
1782749266.796,55.6,25.6
1782749271.81,55.6,25.6
1782749276.823,55.5,25.6
1782749281.83,55.6,25.6
1782749286.844,55.7,25.7
1782749291.854,55.8,25.6
1782749296.865,55.9,25.6
1782749301.872,55.8,25.7
1782749306.882,55.8,25.6
1782749311.891,55.9,25.6
1782749316.9,55.7,25.6
1782749321.911,55.5,25.7
1782749326.922,55.5,25.6
1782749331.931,55.7,25.7
1782749336.938,55.9,25.7
1782749341.946,55.8,25.7
1782749346.959,55.7,25.6
1782749351.966,55.8,25.6
1782749356.98,55.6,25.6
1782749361.985,55.6,25.7
1782749366.999,55.6,25.6
1782749372.012,55.8,25.7
1782749377.023,55.7,25.7
1782749382.03,55.5,25.7
1782749387.044,55.4,25.7
1782749392.059,55.4,25.7
1782749397.067,55.4,25.6
1782749402.075,55.4,25.7
1782749407.086,55.5,25.7
1782749412.097,55.6,25.7
1782749417.112,55.5,25.7
1782749422.122,55.5,25.6
1782749427.132,55.5,25.7
1782749432.146,55.5,25.7
1782749437.156,55.5,25.7
1782749442.168,55.5,25.7
1782749447.178,55.6,25.7
1782749452.187,55.7,25.7
1782749457.194,55.7,25.7
1782749462.206,55.6,25.7
1782749467.212,55.7,25.7
1782749472.222,55.8,25.7
1782749477.228,55.9,25.7
1782749482.237,56.1,25.7
1782749487.248,55.9,25.7
1782749492.258,55.8,25.7
1782749497.266,55.6,25.6
1782749502.275,55.5,25.7
1782749507.281,55.5,25.7
1782749512.29,55.6,25.7
1782749517.299,55.6,25.7
1782749522.309,55.6,25.7
1782749527.32,55.6,25.7
1782749532.33,55.6,25.7
1782749537.338,55.8,25.7
1782749542.344,55.9,25.7
1782749547.356,55.8,25.7
1782749552.368,55.8,25.7
1782749557.372,55.9,25.7
1782749562.384,55.9,25.7
1782749567.392,55.8,25.7
1782749572.406,55.8,25.7
1782749577.416,55.8,25.7
1782749582.431,55.9,25.7
1782749587.444,56.0,25.7
1782749592.459,56.0,25.7
1782749597.47,56.0,25.7
1782749602.482,56.2,25.7
1782749607.489,56.2,25.7
1782749612.501,56.2,25.7
1782749617.513,56.2,25.7
1782749622.524,56.2,25.7
1782749627.534,56.3,25.7
1782749632.543,56.3,25.7
1782749637.553,56.3,25.7
1782749642.567,56.1,25.7
1782749647.579,55.9,25.7
1782749652.591,55.8,25.7
1782749657.603,55.7,25.7
1782749662.61,55.6,25.7
1782749667.622,55.5,25.7
1782749672.634,55.5,25.7
1782749677.646,55.5,25.7
1782749682.654,55.5,25.7
1782749687.662,55.7,25.7
1782749692.676,55.6,25.7
1782749697.685,55.6,25.7
1782749702.697,55.6,25.7
1782749707.707,55.6,25.7
1782749712.715,55.5,25.7
1782749717.725,55.5,25.7
1782749722.735,55.5,25.7
1782749727.748,55.7,25.7
1782749732.758,55.8,25.7
1782749737.768,55.9,25.8
1782749742.783,56.0,25.7
1782749747.796,56.2,25.7
1782749752.806,56.5,25.7
1782749757.816,56.7,25.8
1782749762.821,56.9,25.8
1782749767.832,56.9,25.7
1782749772.842,56.9,25.8
1782749777.851,56.8,25.7
1782749782.86,56.6,25.8
1782749787.874,56.3,25.8
1782749792.884,56.2,25.8
1782749797.897,56.1,25.8
1782749802.905,56.0,25.8
1782749807.913,56.0,25.7
1782749812.925,56.0,25.8
1782749817.928,56.0,25.8
1782749822.939,55.9,25.8
1782749827.949,56.0,25.7
1782749832.955,56.1,25.7
1782749837.966,56.1,25.7
1782749842.979,56.0,25.7
1782749847.987,56.0,25.7
1782749852.996,55.9,25.8
1782749858.006,55.8,25.8
1782749863.015,55.8,25.8
1782749868.02,55.8,25.8
1782749873.029,55.7,25.8
1782749878.036,55.7,25.8
1782749883.044,55.7,25.8
1782749888.059,56.0,25.8
1782749893.068,56.4,25.8
1782749898.079,56.6,25.8
1782749903.087,56.7,25.8
1782749908.094,56.9,25.8
1782749913.103,56.9,25.8
1782749918.108,56.7,25.8
1782749923.116,56.4,25.8
1782749928.126,56.1,25.8
1782749933.136,55.9,25.8
1782749938.146,55.9,25.8
1782749943.153,56.0,25.8
1782749948.157,56.2,25.8
1782749953.165,56.3,25.8
1782749958.175,56.3,25.8
1782749963.18,56.3,25.8
1782749968.186,56.3,25.8
1782749973.195,56.4,25.8
1782749978.204,56.3,25.8
1782749983.216,56.1,25.8
1782749988.225,56.2,25.8
1782749993.235,56.1,25.8
1782749998.242,55.9,25.8
1782750003.253,55.8,25.8
1782750008.262,55.9,25.8
1782750013.267,56.0,25.8
1782750018.271,56.0,25.8
1782750023.28,56.0,25.8
1782750028.292,55.9,25.8
1782750033.297,55.9,25.8
1782750038.306,55.9,25.8
1782750043.315,56.0,25.8
1782750048.325,56.0,25.8
1782750053.334,55.9,25.8
1782750058.34,55.9,25.8
1782750063.347,55.9,25.8
1782750068.351,55.8,25.8
1782750073.36,55.7,25.8
1782750078.369,55.7,25.8
1782750083.378,55.8,25.8
1782750088.385,55.8,25.8
1782750093.39,55.8,25.8
1782750098.4,55.7,25.8
1782750103.405,55.7,25.8
1782750108.413,55.7,25.8
1782750113.423,55.8,25.8
1782750118.428,56.0,25.8
1782750123.437,56.2,25.8
1782750128.444,56.3,25.8
1782750133.452,56.4,25.8
1782750138.46,56.5,25.8
1782750143.469,56.6,25.8
1782750148.477,56.5,25.8
1782750153.484,56.5,25.8
1782750158.493,56.6,25.8
1782750163.502,56.6,25.8
1782750168.504,56.5,25.8
1782750173.512,56.3,25.8
1782750178.52,56.1,25.8
1782750183.531,56.1,25.8
1782750188.538,56.0,25.8
1782750193.548,56.2,25.8
1782750198.558,56.3,25.8
1782750203.568,56.4,25.8
1782750208.574,56.5,25.8
1782750213.584,56.6,25.8
1782750218.588,56.6,25.8
1782750223.598,56.5,25.8
1782750228.604,56.2,25.8
1782750233.612,56.1,25.8
1782750238.625,56.0,25.8
1782750243.634,55.8,25.8
1782750248.643,55.7,25.8
1782750253.652,55.7,25.8
1782750258.658,55.7,25.8
1782750263.667,55.6,25.8
1782750268.672,55.6,25.8
1782750273.677,55.7,25.8
1782750278.684,55.8,25.9
1782750283.696,55.7,25.8
1782750288.702,55.8,25.9
1782750293.712,56.1,25.8
1782750298.718,56.4,25.8
1782750303.727,56.4,25.8
1782750308.735,56.2,25.8
1782750313.744,56.0,25.9
1782750318.748,55.9,25.9
1782750323.755,55.9,25.8
1782750328.761,56.0,25.8
1782750333.769,56.1,25.8
1782750338.779,56.2,25.9
1782750343.788,56.4,25.9
1782750348.799,56.5,25.9
1782750353.813,56.6,25.9
1782750358.821,56.6,25.9
1782750363.832,56.7,25.9
1782750368.839,56.7,25.9
1782750373.848,56.8,25.8
1782750378.863,56.8,25.9
1782750383.868,56.9,25.9
1782750388.883,57.0,25.8
1782750393.894,57.0,25.9
1782750398.906,57.0,25.9
1782750403.916,57.0,25.9
1782750408.929,56.7,25.9
1782750413.941,56.6,25.9
1782750418.948,56.6,25.9
1782750423.961,56.4,25.9
1782750428.968,56.2,25.9
1782750433.98,56.2,25.9
1782750438.991,56.1,25.9
1782750444.002,56.1,25.9
1782750449.015,56.1,25.9
1782750454.028,56.1,25.9
1782750459.036,56.3,25.9
1782750464.047,56.3,25.9
1782750469.053,56.2,25.9
1782750474.061,56.1,25.9
1782750479.075,56.0,25.9
1782750484.08,55.9,25.9
1782750489.093,55.9,25.9
1782750494.106,55.9,25.9
1782750499.114,55.8,25.9
1782750504.123,55.8,25.8
1782750509.131,55.7,25.9
1782750514.138,55.8,25.9
1782750519.144,55.8,25.9
1782750524.146,55.8,25.9
1782750529.156,55.8,25.9
1782750534.168,55.9,25.9
1782750539.183,56.0,25.9
1782750544.191,56.2,25.9
1782750549.205,56.3,25.9
1782750554.216,56.2,25.9
1782750559.228,56.1,25.9
1782750564.239,56.2,25.9
1782750569.252,56.2,25.9
1782750574.258,56.1,25.9
1782750579.273,56.3,25.9
1782750584.285,56.3,25.9
1782750589.294,56.4,25.9
1782750594.306,56.5,25.9
1782750599.316,56.6,25.9
1782750604.327,56.7,25.9
1782750609.339,56.7,25.9
1782750614.348,56.8,25.9
1782750619.357,56.9,25.9
1782750624.364,56.8,25.9
1782750629.376,56.8,25.9
1782750634.393,56.7,25.9
1782750639.403,56.6,25.9
1782750644.412,56.7,25.9
1782750649.424,56.8,25.9
1782750654.431,56.9,25.9
1782750659.441,56.9,25.9
1782750664.456,56.8,25.9
1782750669.464,56.6,25.9
1782750674.468,56.3,25.9
1782750679.476,56.2,25.9
1782750684.489,56.1,25.9
1782750689.5,56.1,25.9
1782750694.509,56.1,25.9
1782750699.518,56.1,25.9
1782750704.523,56.1,25.9
1782750709.531,56.1,25.9
1782750714.541,56.0,25.9
1782750719.549,56.0,25.9
1782750724.552,56.2,25.9
1782750729.56,56.2,25.9
1782750734.572,56.1,25.9
1782750739.58,56.1,25.9
1782750744.592,56.1,25.9
1782750749.604,56.3,25.9
1782750754.613,56.5,25.9
1782750759.623,56.5,25.9
1782750764.636,56.6,25.9
1782750769.648,56.5,25.9
1782750774.655,56.3,25.9
1782750779.665,56.5,25.9
1782750784.673,56.8,25.9
1782750789.685,57.0,25.9
1782750794.697,57.2,25.9
1782750799.708,57.2,25.9
1782750804.721,57.3,25.9
1782750809.729,57.2,25.9
1782750814.74,57.1,25.9
1782750819.752,57.1,25.9
1782750824.756,56.8,25.9
1782750829.765,56.5,25.9
1782750834.781,56.3,25.9
1782750839.79,56.3,25.9
1782750844.802,56.1,25.9
1782750849.811,56.1,25.9
1782750854.822,56.0,25.9
1782750859.833,56.0,25.9
1782750864.844,55.9,25.9
1782750869.853,55.8,25.9
1782750874.856,55.8,25.9
1782750879.865,55.7,25.9
1782750884.879,55.8,25.9
1782750889.891,55.9,25.9
1782750894.905,56.1,25.9
1782750899.917,56.2,26.0
1782750904.929,56.1,25.9
1782750909.943,56.1,26.0
1782750914.955,56.1,25.9
1782750919.965,56.1,25.9
1782750924.979,56.2,25.9
1782750929.986,56.3,26.0
1782750935.003,56.5,25.9
1782750940.014,56.5,25.9
1782750945.026,56.4,26.0
1782750950.041,56.5,25.9
1782750955.054,56.7,25.9
1782750960.065,56.8,26.0
1782750965.077,56.8,25.9
1782750970.087,57.0,26.0
1782750975.096,57.1,26.0
1782750980.103,57.1,26.0
1782750985.115,57.2,26.0
1782750990.127,57.2,26.0
1782750995.14,57.3,26.0
1782751000.149,57.1,26.0
1782751005.158,56.7,26.0
1782751010.171,56.4,25.9
1782751015.178,56.2,26.0
1782751020.191,56.1,26.0
1782751025.201,56.1,26.0
1782751030.21,56.2,26.0
1782751035.222,56.3,26.0
1782751040.233,56.5,26.0
1782751045.247,56.7,26.0
1782751050.256,56.8,26.0
1782751055.263,56.9,26.0
1782751060.273,56.8,26.0
1782751065.287,56.6,26.0
1782751070.296,56.5,26.0
1782751075.305,56.4,26.0
1782751080.32,56.3,26.0
1782751085.323,56.4,26.0
1782751090.337,56.5,26.0
1782751095.344,56.6,26.0
1782751100.354,56.8,26.0
1782751105.365,56.8,26.0
1782751110.373,56.7,26.0
1782751115.381,56.6,26.0
1782751120.391,56.4,26.0
1782751125.403,56.4,26.0
1782751130.417,56.6,26.0
1782751135.42,56.8,26.0
1782751140.434,57.0,26.0
1782751145.445,57.0,26.0
1782751150.458,57.1,26.0
1782751155.464,57.1,26.0
1782751160.477,57.0,26.0
1782751165.49,56.8,26.0
1782751170.499,56.7,26.0
1782751175.509,56.5,26.0
1782751180.524,56.5,26.0
1782751185.53,56.6,26.0
1782751190.542,56.4,26.0
1782751195.551,56.3,26.0
1782751200.564,56.3,26.0
1782751205.577,56.2,26.0
1782751210.586,56.2,26.0
1782751215.597,56.2,26.0
1782751220.609,56.2,26.0
1782751225.619,56.2,26.0
1782751230.63,56.2,26.0
1782751235.637,56.1,26.0
1782751240.649,56.2,26.0
1782751245.656,56.2,26.0
1782751250.667,56.2,26.0
1782751255.676,56.3,26.0
1782751260.687,56.4,26.0
1782751265.699,56.3,26.0
1782751270.709,56.2,26.0
1782751275.72,56.5,26.0
1782751280.731,56.7,26.0
1782751285.737,56.8,26.0
1782751290.752,56.8,26.0
1782751295.76,56.9,26.0
1782751300.772,56.9,26.0
1782751305.788,56.7,26.0
1782751310.798,56.8,26.0
1782751315.807,57.1,26.0
1782751320.821,57.2,26.0
1782751325.833,57.2,26.0
1782751330.846,57.2,26.0
1782751335.852,57.2,26.0
1782751340.86,57.1,26.0
1782751345.868,57.0,26.0
1782751350.878,56.7,26.0
1782751355.887,56.6,26.0
1782751360.897,56.6,26.0
1782751365.91,56.7,26.0
1782751370.92,56.8,26.0
1782751375.936,57.0,26.0
1782751380.945,57.1,26.0
1782751385.957,57.0,26.0
1782751390.966,56.7,26.0
1782751395.977,56.6,26.0
1782751400.986,56.4,26.0
1782751405.998,56.3,26.0
1782751411.004,56.2,26.0
1782751416.012,56.3,26.0
1782751421.022,56.3,26.0
1782751426.032,56.3,26.0
1782751431.039,56.3,26.0
1782751436.048,56.3,26.0
1782751441.054,56.4,26.0
1782751446.064,56.4,26.0
1782751451.074,56.4,26.0
1782751456.086,56.2,26.0
1782751461.097,56.3,26.0
1782751466.107,56.3,26.0
1782751471.117,56.4,26.0
1782751476.131,56.5,26.0
1782751481.143,56.6,26.0
1782751486.155,56.8,26.0
1782751491.163,56.9,26.0
1782751496.173,56.9,26.0
1782751501.185,56.9,26.0
1782751506.199,57.0,26.0
1782751511.209,57.0,26.0
1782751516.224,57.0,26.0
1782751521.239,56.9,26.0
1782751526.251,56.7,26.0
1782751531.262,56.5,26.0
1782751536.275,56.6,26.0
1782751541.283,56.8,26.0
1782751546.296,56.7,26.0
1782751551.304,56.5,26.0
1782751556.312,56.5,26.0
1782751561.327,56.7,26.0
1782751566.337,57.1,26.0
1782751571.348,57.3,26.0
1782751576.358,57.4,26.1
1782751581.368,57.4,26.0
1782751586.378,57.4,26.0
1782751591.384,57.4,26.0
1782751596.392,57.4,26.0
1782751601.4,57.1,26.0
1782751606.41,56.9,26.0
1782751611.422,56.9,26.0
1782751616.435,57.0,26.0
1782751621.449,57.1,26.0
1782751626.457,57.2,26.1
1782751631.469,57.3,26.0
1782751636.478,57.2,26.0
1782751641.48,57.1,26.1
1782751646.494,57.0,26.1
1782751651.5,56.8,26.0
1782751656.512,56.6,26.0
1782751661.524,56.5,26.1
1782751666.535,56.5,26.0
1782751671.545,56.4,26.0
1782751676.557,56.3,26.0
1782751681.563,56.4,26.0
1782751686.569,56.4,26.1
1782751691.572,56.5,26.0
1782751696.582,56.8,26.1
1782751701.591,57.1,26.1
1782751706.607,57.1,26.0
1782751711.616,57.2,26.0
1782751716.625,57.3,26.1
1782751721.64,57.3,26.1
1782751726.649,57.1,26.1
1782751731.662,56.9,26.0
1782751736.675,56.9,26.0
1782751741.679,56.9,26.1
1782751746.685,56.9,26.1
1782751751.7,57.1,26.1
1782751756.709,57.3,26.1
1782751761.718,57.4,26.1
1782751766.731,57.5,26.1
1782751771.742,57.4,26.1
1782751776.755,57.2,26.0
1782751781.767,57.2,26.1
1782751786.777,57.3,26.1
1782751791.784,57.3,26.1
1782751796.798,57.3,26.1
1782751801.805,57.4,26.1
1782751806.815,57.3,26.1
1782751811.827,57.4,26.1
1782751816.842,57.4,26.1
1782751821.852,57.4,26.1
1782751826.861,57.3,26.1
1782751831.867,57.2,26.1
1782751836.876,57.3,26.1
1782751841.882,57.4,26.1
1782751846.891,57.3,26.1
1782751851.9,57.2,26.1
1782751856.909,57.2,26.1
1782751861.92,57.0,26.1
1782751866.929,56.9,26.1
1782751871.935,56.8,26.1
1782751876.943,56.6,26.1
1782751881.952,56.5,26.1
1782751886.959,56.4,26.1
1782751891.965,56.4,26.1
1782751896.972,56.4,26.1
1782751901.981,56.3,26.1
1782751906.988,56.2,26.1
1782751911.995,56.1,26.1
1782751917.008,56.3,26.1
1782751922.013,56.7,26.1
1782751927.022,56.9,26.1
1782751932.032,57.0,26.1
1782751937.044,57.1,26.1
1782751942.051,57.2,26.1
1782751947.057,57.3,26.1
1782751952.065,57.3,26.1
1782751957.074,57.4,26.1
1782751962.086,57.5,26.1
1782751967.091,57.7,26.1
1782751972.1,57.9,26.1
1782751977.111,57.9,26.1
1782751982.119,57.6,26.1
1782751987.129,57.5,26.1
1782751992.13,57.4,26.1
1782751997.137,57.4,26.1
1782752002.145,57.4,26.1
1782752007.152,57.5,26.1
1782752012.161,57.5,26.1
1782752017.172,57.4,26.1
1782752022.179,57.4,26.1
1782752027.186,57.4,26.1
1782752032.196,57.2,26.1
1782752037.205,57.0,26.1
1782752042.21,56.8,26.1
1782752047.219,56.7,26.1
1782752052.229,56.6,26.1
1782752057.241,56.6,26.1
1782752062.251,56.7,26.1
1782752067.259,57.0,26.1
1782752072.271,57.1,26.1
1782752077.28,57.3,26.1
1782752082.293,57.4,26.1
1782752087.301,57.5,26.1
1782752092.304,57.6,26.1
1782752097.312,57.5,26.1
1782752102.327,57.6,26.1
1782752107.338,57.7,26.1
1782752112.347,57.7,26.1
1782752117.36,57.5,26.1
1782752122.368,57.4,26.1
1782752127.381,57.5,26.1
1782752132.393,57.6,26.1
1782752137.404,57.6,26.1
1782752142.408,57.7,26.1
1782752147.416,57.8,26.1
1782752152.426,57.9,26.1
1782752157.435,57.9,26.1
1782752162.447,57.8,26.1
1782752167.455,57.7,26.1
1782752172.469,57.4,26.1
1782752177.477,57.2,26.1
1782752182.485,57.5,26.1
1782752187.498,57.7,26.1
1782752192.504,57.6,26.1
1782752197.514,57.4,26.1
1782752202.525,57.4,26.1
1782752207.534,57.6,26.1
1782752212.548,57.6,26.1
1782752217.562,57.5,26.1
1782752222.572,57.7,26.1
1782752227.584,57.6,26.1
1782752232.591,57.6,26.1
1782752237.598,57.6,26.1
1782752242.601,57.6,26.1
1782752247.609,57.5,26.1
1782752252.618,57.4,26.1
1782752257.63,57.3,26.1
1782752262.638,57.4,26.1
1782752267.647,57.3,26.1
1782752272.655,57.1,26.1
1782752277.664,57.0,26.1
1782752282.671,57.1,26.2
1782752287.68,57.3,26.1
1782752292.684,57.5,26.1
1782752297.692,57.7,26.1
1782752302.7,57.8,26.1
1782752307.71,57.7,26.1
1782752312.718,57.6,26.1
1782752317.727,57.6,26.1
1782752322.734,57.5,26.1
1782752327.744,57.6,26.1
1782752332.751,57.7,26.1
1782752337.76,57.8,26.1
1782752342.764,57.8,26.1
1782752347.772,57.9,26.1
1782752352.78,57.8,26.2
1782752357.792,57.8,26.1
1782752362.8,57.7,26.1
1782752367.809,57.4,26.1
1782752372.821,57.1,26.1
1782752377.829,57.0,26.2
1782752382.838,56.8,26.1
1782752387.852,56.9,26.1
1782752392.856,57.0,26.1
1782752397.868,57.0,26.1
1782752402.88,56.9,26.1
1782752407.896,56.8,26.1
1782752412.903,56.7,26.1
1782752417.913,56.8,26.1
1782752422.919,56.8,26.1
1782752427.932,56.9,26.2
1782752432.946,56.8,26.1
1782752437.954,56.8,26.2
1782752442.96,56.9,26.2
1782752447.968,57.0,26.2
1782752452.979,56.8,26.1
1782752457.997,56.7,26.1
1782752463.006,56.9,26.1
1782752468.015,57.3,26.2
1782752473.023,57.6,26.2
1782752478.032,57.7,26.1
1782752483.038,57.7,26.1
1782752488.047,57.7,26.2
1782752493.053,57.6,26.2
1782752498.064,57.5,26.2
1782752503.074,57.5,26.1
1782752508.084,57.6,26.1
1782752513.094,57.7,26.1
1782752518.1,57.7,26.1
1782752523.106,57.6,26.1
1782752528.113,57.7,26.2
1782752533.122,57.7,26.1
1782752538.127,57.6,26.2
1782752543.132,57.5,26.2
1782752548.14,57.4,26.2
1782752553.15,57.4,26.2
1782752558.159,57.3,26.2
1782752563.167,57.4,26.2
1782752568.176,57.5,26.1
1782752573.186,57.6,26.1
1782752578.195,57.6,26.2
1782752583.205,57.6,26.2
1782752588.212,57.6,26.2
1782752593.216,57.7,26.2
1782752598.227,57.7,26.2
1782752603.238,57.7,26.2
1782752608.246,57.6,26.2
1782752613.255,57.7,26.2
1782752618.262,57.7,26.2
1782752623.271,57.8,26.2
1782752628.28,57.8,26.2
1782752633.29,58.0,26.2
1782752638.299,58.0,26.2
1782752643.307,58.1,26.2
1782752648.315,58.2,26.2
1782752653.327,58.2,26.2
1782752658.334,58.1,26.2
1782752663.342,57.9,26.2
1782752668.351,57.8,26.2
1782752673.359,57.8,26.2
1782752678.366,57.7,26.2
1782752683.375,57.7,26.2
1782752688.379,57.7,26.2
1782752693.386,57.7,26.2
1782752698.395,57.8,26.2
1782752703.406,57.8,26.2
1782752708.415,57.8,26.2
1782752713.425,57.8,26.2
1782752718.432,57.8,26.2
1782752723.441,57.9,26.2
1782752728.453,58.0,26.2
1782752733.46,58.2,26.2
1782752738.472,58.2,26.2
1782752743.479,58.1,26.2
1782752748.49,58.1,26.2
1782752753.505,58.2,26.2
1782752758.514,58.1,26.2
1782752763.528,57.9,26.2
1782752768.541,57.6,26.2
1782752773.549,57.4,26.2
1782752778.558,57.7,26.2
1782752783.574,58.0,26.2
1782752788.586,58.0,26.2
1782752793.59,57.9,26.2
1782752798.602,57.8,26.2
1782752803.616,57.7,26.2
1782752808.63,57.6,26.2
1782752813.645,57.6,26.2
1782752818.651,57.7,26.2
1782752823.663,57.8,26.2
1782752828.672,57.9,26.2
1782752833.683,58.0,26.2
1782752838.695,57.8,26.2
1782752843.708,57.6,26.2
1782752848.715,57.4,26.2
1782752853.731,57.3,26.2
1782752858.742,57.1,26.2
1782752863.753,57.0,26.2
1782752868.766,57.0,26.2
1782752873.779,57.1,26.2
1782752878.791,57.4,26.2
1782752883.8,57.6,26.2
1782752888.812,57.6,26.2
1782752893.821,57.4,26.2
1782752898.829,57.2,26.2
1782752903.847,57.3,26.2
1782752908.858,57.3,26.2
1782752913.87,57.2,26.2
1782752918.882,57.4,26.2
1782752923.895,57.7,26.2
1782752928.904,57.9,26.2
1782752933.916,57.9,26.2
1782752938.93,58.0,26.2
1782752943.94,58.1,26.2
1782752948.946,58.2,26.2
1782752953.961,58.0,26.2
1782752958.971,57.8,26.2
1782752963.979,57.7,26.2
1782752968.987,57.6,26.2
1782752973.995,57.7,26.2
1782752979.006,57.6,26.2
1782752984.02,57.5,26.2
1782752989.031,57.4,26.2
1782752994.042,57.5,26.2
1782752999.053,57.4,26.2
1782753004.065,57.4,26.2
1782753009.075,57.3,26.2
1782753014.082,57.4,26.2
1782753019.09,57.5,26.2
1782753024.105,57.5,26.2
1782753029.115,57.4,26.2
1782753034.126,57.4,26.2
1782753039.134,57.6,26.2
1782753044.143,57.7,26.2
1782753049.148,57.9,26.2
1782753054.156,58.0,26.2
1782753059.168,58.1,26.2
1782753064.181,58.1,26.2
1782753069.195,57.9,26.2
1782753074.201,57.6,26.2
1782753079.21,57.4,26.2
1782753084.218,57.2,26.2
1782753089.226,57.1,26.2
1782753094.235,57.1,26.2
1782753099.242,57.1,26.2
1782753104.251,57.1,26.3
1782753109.261,57.3,26.2
1782753114.27,57.7,26.2
1782753119.277,58.0,26.2
1782753124.286,58.0,26.2
1782753129.293,57.8,26.2
1782753134.301,57.6,26.2
1782753139.31,57.5,26.2
1782753144.319,57.6,26.2
1782753149.324,57.8,26.3
1782753154.332,57.9,26.2
1782753159.34,57.9,26.3
1782753164.35,57.9,26.3
1782753169.358,57.9,26.3
1782753174.364,57.8,26.2
1782753179.373,57.8,26.3
1782753184.382,57.7,26.2
1782753189.39,57.6,26.2
1782753194.398,57.5,26.3
1782753199.404,57.4,26.2
1782753204.412,57.3,26.2
1782753209.424,57.2,26.2
1782753214.432,57.2,26.3
1782753219.44,57.1,26.2
1782753224.451,57.1,26.2
1782753229.46,57.0,26.3
1782753234.471,57.0,26.2
1782753239.483,57.0,26.3
1782753244.498,57.0,26.2
1782753249.501,57.0,26.3
1782753254.516,57.1,26.2
1782753259.525,57.1,26.3
1782753264.54,57.2,26.2
1782753269.549,57.3,26.2
1782753274.561,57.5,26.2
1782753279.576,57.6,26.2
1782753284.588,57.8,26.2
1782753289.599,57.8,26.3
1782753294.616,57.8,26.3
1782753299.623,57.6,26.2
1782753304.635,57.6,26.3
1782753309.647,57.6,26.2
1782753314.659,57.4,26.3
1782753319.668,57.4,26.3
1782753324.677,57.3,26.3
1782753329.686,57.3,26.3
1782753334.694,57.3,26.3
1782753339.7,57.3,26.2
1782753344.707,57.4,26.3
1782753349.716,57.4,26.3
1782753354.722,57.4,26.2
1782753359.732,57.6,26.2
1782753364.742,57.6,26.3
1782753369.748,57.5,26.3
1782753374.755,57.6,26.3
1782753379.762,57.7,26.2
1782753384.771,57.8,26.3
1782753389.777,57.8,26.3
1782753394.787,57.7,26.3
1782753399.792,57.6,26.3
1782753404.8,57.4,26.2
1782753409.808,57.3,26.2
1782753414.816,57.2,26.3
1782753419.825,57.2,26.3
1782753424.835,57.2,26.3
1782753429.841,57.2,26.3
1782753434.85,57.2,26.3
1782753439.857,57.3,26.2
1782753444.869,57.3,26.3
1782753449.875,57.2,26.2
1782753454.884,57.3,26.3
1782753459.894,57.4,26.3
1782753464.904,57.4,26.3
1782753469.909,57.3,26.3
1782753474.918,57.3,26.3
1782753479.926,57.5,26.3
1782753484.934,57.6,26.3
1782753489.941,57.5,26.2
1782753494.951,57.5,26.3
1782753499.956,57.8,26.3
1782753504.964,57.9,26.3
1782753509.972,57.7,26.3
1782753514.981,57.7,26.3
1782753519.99,57.7,26.3
1782753524.998,57.8,26.3
1782753530.006,57.8,26.2
1782753535.016,58.1,26.3
1782753540.026,58.3,26.3
1782753545.037,58.5,26.3
1782753550.043,58.5,26.3
1782753555.052,58.4,26.3
1782753560.058,58.2,26.3
1782753565.068,58.0,26.3
1782753570.075,58.1,26.3
1782753575.084,58.2,26.3
1782753580.09,58.1,26.3
1782753585.099,57.8,26.3
1782753590.104,57.5,26.3
1782753595.11,57.2,26.3
1782753600.116,57.1,26.3
1782753605.127,57.1,26.3
1782753610.134,57.0,26.3
1782753615.14,56.9,26.3
1782753620.154,56.9,26.3
1782753625.165,56.8,26.3
1782753630.172,56.9,26.3
1782753635.185,57.0,26.3
1782753640.199,57.1,26.3
1782753645.21,57.2,26.3
1782753650.216,57.4,26.3
1782753655.231,57.6,26.3
1782753660.24,57.8,26.3
1782753665.25,58.0,26.3
1782753670.26,57.9,26.3
1782753675.267,57.9,26.3
1782753680.277,58.0,26.3
1782753685.287,58.1,26.3
1782753690.297,58.2,26.3
1782753695.307,58.2,26.3
1782753700.308,58.1,26.3
1782753705.319,58.1,26.3
1782753710.328,58.2,26.3
1782753715.339,58.2,26.3
1782753720.352,58.2,26.3
1782753725.365,58.2,26.3
1782753730.377,58.2,26.3
1782753735.387,58.1,26.3
1782753740.397,58.0,26.3
1782753745.408,58.1,26.3
1782753750.417,58.2,26.3
1782753755.428,58.5,26.3
1782753760.439,58.4,26.3
1782753765.451,58.2,26.3
1782753770.462,58.1,26.3
1782753775.474,58.2,26.3
1782753780.485,58.3,26.3
1782753785.496,58.4,26.3
1782753790.505,58.2,26.3
1782753795.518,58.0,26.3
1782753800.525,57.9,26.3
1782753805.532,57.7,26.3
1782753810.545,57.5,26.3
1782753815.557,57.3,26.3
1782753820.572,57.2,26.3
1782753825.582,57.1,26.3
1782753830.592,57.1,26.3
1782753835.605,57.1,26.3
1782753840.618,57.0,26.3
1782753845.629,57.0,26.3
1782753850.642,57.0,26.3
1782753855.645,57.2,26.3
1782753860.654,57.4,26.3
1782753865.66,57.4,26.3
1782753870.669,57.4,26.3
1782753875.677,57.4,26.3
1782753880.683,57.5,26.3
1782753885.691,57.6,26.3
1782753890.703,57.8,26.3
1782753895.713,57.8,26.3
1782753900.722,57.7,26.3
1782753905.724,57.8,26.3
1782753910.732,57.8,26.3
1782753915.741,57.7,26.3
1782753920.75,57.7,26.3
1782753925.756,57.8,26.3
1782753930.764,58.0,26.3
1782753935.775,57.9,26.3
1782753940.781,57.7,26.3
1782753945.79,57.6,26.3
1782753950.799,57.7,26.3
1782753955.805,57.6,26.3
1782753960.814,57.6,26.3
1782753965.821,57.7,26.3
1782753970.834,57.9,26.3
1782753975.844,58.1,26.3
1782753980.853,58.2,26.3
1782753985.865,58.2,26.3
1782753990.881,58.1,26.3
1782753995.893,58.0,26.4
1782754000.904,57.9,26.3
1782754005.912,58.0,26.3
1782754010.92,57.9,26.3
1782754015.928,57.8,26.3
1782754020.933,57.7,26.3
1782754025.942,57.7,26.3
1782754030.953,57.7,26.3
1782754035.962,57.6,26.3
1782754040.972,57.7,26.3
1782754045.982,57.9,26.3
1782754050.988,58.1,26.4
1782754055.992,58.4,26.4
1782754061.002,58.6,26.3
1782754066.009,58.6,26.3
1782754071.016,58.7,26.4
1782754076.027,58.7,26.3
1782754081.033,58.6,26.3
1782754086.042,58.5,26.3
1782754091.053,58.4,26.4
1782754096.057,58.3,26.4
1782754101.063,58.1,26.3
1782754106.068,57.9,26.3
1782754111.076,57.9,26.3
1782754116.086,58.1,26.3
1782754121.092,58.0,26.3
1782754126.102,58.0,26.3
1782754131.11,58.0,26.4
1782754136.12,58.0,26.3
1782754141.127,57.9,26.3
1782754146.136,58.0,26.3
1782754151.145,58.0,26.4
1782754156.148,58.1,26.3
1782754161.156,58.2,26.4
1782754166.165,58.1,26.3
1782754171.174,57.8,26.3
1782754176.182,57.5,26.3
1782754181.187,57.3,26.3
1782754186.195,57.2,26.4
1782754191.203,57.2,26.4
1782754196.212,57.2,26.3
1782754201.219,57.3,26.4
1782754206.224,57.3,26.3
1782754211.232,57.4,26.3
1782754216.243,57.5,26.4
1782754221.25,57.7,26.3
1782754226.258,57.9,26.4
1782754231.267,58.0,26.4
1782754236.275,58.0,26.3
1782754241.282,58.1,26.4
1782754246.292,58.1,26.4
1782754251.298,58.1,26.4
1782754256.307,58.2,26.4
1782754261.317,58.2,26.4
1782754266.326,58.0,26.4
1782754271.332,57.9,26.4
1782754276.337,57.8,26.4
1782754281.347,57.8,26.4
1782754286.353,57.8,26.4
1782754291.359,57.8,26.4
1782754296.368,57.8,26.4
1782754301.372,57.8,26.4
1782754306.38,57.8,26.4
1782754311.391,57.9,26.3
1782754316.4,58.2,26.4
1782754321.406,58.5,26.4
1782754326.418,58.6,26.4
1782754331.434,58.5,26.4
1782754336.447,58.5,26.4
1782754341.459,58.5,26.4
1782754346.472,58.4,26.4
1782754351.475,58.2,26.4
1782754356.491,58.1,26.4
1782754361.499,58.1,26.4
1782754366.511,58.1,26.4
1782754371.524,58.1,26.4
1782754376.533,58.2,26.4
1782754381.541,58.2,26.4
1782754386.555,58.2,26.4
1782754391.566,58.3,26.4
1782754396.575,58.4,26.4
1782754401.582,58.4,26.4
1782754406.59,58.3,26.4
1782754411.603,58.4,26.4
1782754416.614,58.6,26.4
1782754421.623,58.5,26.4
1782754426.632,58.3,26.4
1782754431.645,58.3,26.4
1782754436.657,58.3,26.4
1782754441.666,58.3,26.4
1782754446.678,58.4,26.4
1782754451.689,58.3,26.4
1782754456.694,58.2,26.4
1782754461.706,58.4,26.4
1782754466.715,58.3,26.4
1782754471.729,58.3,26.4
1782754476.741,58.3,26.4
1782754481.753,58.2,26.4
1782754486.765,58.0,26.4
1782754491.773,57.8,26.4
1782754496.78,57.7,26.4
1782754501.793,57.7,26.4
1782754506.799,57.7,26.4
1782754511.807,57.8,26.4
1782754516.816,57.9,26.4
1782754521.826,58.4,26.4
1782754526.836,58.3,26.4
1782754531.846,58.2,26.4
1782754536.854,58.2,26.4
1782754541.861,58.2,26.4
1782754546.867,58.3,26.4
1782754551.875,58.5,26.4
1782754556.88,58.4,26.4
1782754561.888,58.1,26.4
1782754566.896,57.8,26.4
1782754571.911,57.8,26.4
1782754576.918,57.8,26.4
1782754581.927,57.6,26.4
1782754586.94,57.4,26.4
1782754591.95,57.3,26.4
1782754596.96,57.4,26.4
1782754601.973,57.4,26.4
1782754606.976,57.4,26.4
1782754611.986,57.5,26.4
1782754616.995,57.7,26.4
1782754622.006,57.9,26.4
1782754627.014,58.0,26.4
1782754632.028,58.0,26.4
1782754637.035,58.0,26.4
1782754642.045,58.1,26.4
1782754647.054,58.2,26.4
1782754652.066,58.2,26.4
1782754657.072,58.2,26.4
1782754662.082,58.2,26.4
1782754667.094,58.4,26.4
1782754672.106,58.5,26.4
1782754677.112,58.5,26.4
1782754682.127,58.3,26.4
1782754687.142,58.3,26.4
1782754692.148,58.4,26.4
1782754697.157,58.5,26.4
1782754702.169,58.4,26.4
1782754707.173,58.2,26.4
1782754712.189,58.0,26.4
1782754717.197,58.0,26.4
1782754722.21,57.9,26.4
1782754727.223,57.7,26.4
1782754732.235,57.6,26.4
1782754737.249,57.7,26.4
1782754742.262,57.8,26.4
1782754747.274,57.8,26.4
1782754752.284,57.8,26.4
1782754757.296,57.8,26.4
1782754762.303,57.9,26.4
1782754767.315,58.0,26.4
1782754772.328,58.1,26.4
1782754777.341,58.2,26.4
1782754782.356,58.4,26.4
1782754787.366,58.5,26.4
1782754792.377,58.6,26.4
1782754797.387,58.6,26.4
1782754802.396,58.6,26.4
1782754807.406,58.6,26.4
1782754812.412,58.6,26.4
1782754817.42,58.5,26.4
1782754822.431,58.2,26.4
1782754827.447,58.3,26.4
1782754832.459,58.4,26.4
1782754837.47,58.6,26.4
1782754842.481,58.9,26.4
1782754847.49,59.0,26.4
1782754852.5,58.9,26.4
1782754857.51,58.8,26.4
1782754862.516,58.5,26.4
1782754867.526,58.2,26.4
1782754872.538,58.2,26.4
1782754877.55,58.2,26.4
1782754882.561,58.3,26.4
1782754887.571,58.3,26.5
1782754892.578,58.2,26.4
1782754897.585,58.2,26.4
1782754902.591,58.2,26.4
1782754907.598,58.2,26.4
1782754912.604,58.4,26.4
1782754917.612,58.5,26.4
1782754922.621,58.6,26.4
1782754927.632,58.4,26.4
1782754932.639,58.0,26.4
1782754937.647,57.8,26.4
1782754942.655,57.7,26.4
1782754947.665,57.6,26.4
1782754952.674,57.6,26.4
1782754957.68,57.5,26.5
1782754962.684,57.5,26.4
1782754967.694,57.5,26.4
1782754972.703,57.5,26.4
1782754977.71,57.5,26.4
1782754982.718,57.5,26.4
1782754987.727,57.5,26.4
1782754992.734,57.6,26.4
1782754997.74,57.7,26.4
1782755002.747,58.0,26.4
1782755007.757,58.1,26.4
1782755012.76,58.2,26.4
1782755017.769,58.4,26.4
1782755022.776,58.8,26.4
1782755027.787,59.0,26.4
1782755032.794,58.9,26.5
1782755037.803,58.6,26.4
1782755042.812,58.4,26.5
1782755047.82,58.3,26.4
1782755052.83,58.3,26.4
1782755057.835,58.3,26.4
1782755062.841,58.3,26.4
1782755067.85,58.3,26.4
1782755072.856,58.2,26.5
1782755077.871,58.0,26.5
1782755082.884,58.0,26.5
1782755087.892,58.0,26.4
1782755092.904,58.0,26.5
1782755097.914,57.9,26.4
1782755102.926,57.8,26.4
1782755107.936,57.8,26.5
1782755112.944,57.8,26.4
1782755117.956,57.8,26.5
1782755122.97,57.9,26.4
1782755127.983,57.9,26.5
1782755132.995,58.0,26.4
1782755138.009,58.1,26.4
1782755143.022,58.2,26.4
1782755148.032,58.2,26.5
1782755153.042,58.2,26.4
1782755158.053,58.3,26.4
1782755163.06,58.4,26.5
1782755168.072,58.4,26.5
1782755173.084,58.4,26.4
1782755178.095,58.4,26.5
1782755183.11,58.2,26.5
1782755188.121,58.1,26.5
1782755193.133,58.2,26.4
1782755198.145,58.2,26.5
1782755203.157,58.2,26.4
1782755208.169,58.3,26.4
1782755213.176,58.3,26.5
1782755218.188,58.4,26.5
1782755223.202,58.4,26.5
1782755228.213,58.4,26.5
1782755233.224,58.4,26.5
1782755238.231,58.4,26.5
1782755243.24,58.3,26.5
1782755248.246,58.2,26.5
1782755253.255,58.2,26.5
1782755258.264,58.1,26.5
1782755263.27,57.9,26.5
1782755268.281,58.0,26.5
1782755273.296,58.2,26.5
1782755278.308,58.4,26.5
1782755283.317,58.6,26.5
1782755288.322,58.6,26.5
1782755293.329,58.4,26.5
1782755298.339,58.4,26.4
1782755303.349,58.5,26.5
1782755308.355,58.6,26.5
1782755313.361,58.7,26.5
1782755318.37,58.6,26.5
1782755323.378,58.4,26.5
1782755328.386,58.3,26.5
1782755333.396,58.2,26.5
1782755338.406,58.1,26.5
1782755343.417,58.0,26.5
1782755348.429,57.9,26.5
1782755353.443,58.0,26.4
1782755358.455,58.0,26.5
1782755363.462,58.1,26.5
1782755368.472,58.1,26.5
1782755373.486,58.2,26.5
1782755378.497,58.2,26.5
1782755383.509,58.1,26.5
1782755388.52,57.9,26.5
1782755393.533,57.8,26.5
1782755398.541,57.8,26.5
1782755403.552,57.9,26.5
1782755408.565,58.2,26.5
1782755413.568,58.4,26.5
1782755418.576,58.3,26.5
1782755423.59,58.4,26.5
1782755428.598,58.4,26.5
1782755433.606,58.4,26.5
1782755438.615,58.3,26.5
1782755443.624,58.3,26.5
1782755448.633,58.2,26.5
1782755453.641,58.3,26.5
1782755458.65,58.2,26.5
1782755463.656,58.2,26.5
1782755468.664,58.1,26.5
1782755473.679,58.1,26.5
1782755478.688,58.1,26.5
1782755483.696,58.1,26.5
1782755488.707,58.0,26.5
1782755493.717,58.0,26.5
1782755498.727,58.0,26.5
1782755503.734,58.0,26.5
1782755508.744,57.9,26.5
1782755513.751,57.8,26.5
1782755518.764,57.9,26.5
1782755523.779,57.9,26.5
1782755528.789,57.9,26.5
1782755533.8,58.0,26.5
1782755538.809,58.0,26.5
1782755543.817,57.9,26.5
1782755548.825,57.8,26.5
1782755553.837,57.8,26.5
1782755558.849,57.8,26.5
1782755563.854,57.8,26.5
1782755568.864,57.9,26.5
1782755573.876,58.0,26.5
1782755578.888,58.1,26.5
1782755583.899,58.0,26.5
1782755588.909,57.9,26.5
1782755593.92,57.9,26.5
1782755598.928,57.9,26.5
1782755603.941,58.0,26.5
1782755608.953,57.9,26.5
1782755613.959,57.8,26.5
1782755618.964,57.6,26.5
1782755623.977,57.5,26.5
1782755628.99,57.5,26.5
1782755634.002,57.7,26.5
1782755639.014,57.9,26.5
1782755644.023,57.8,26.5
1782755649.036,57.8,26.5
1782755654.045,57.8,26.5
1782755659.054,57.8,26.5
1782755664.066,58.1,26.5
1782755669.075,58.2,26.5
1782755674.085,58.1,26.5
1782755679.098,58.1,26.5
1782755684.107,58.2,26.5
1782755689.118,58.2,26.5
1782755694.129,58.2,26.5
1782755699.141,58.2,26.5
1782755704.151,57.9,26.5
1782755709.16,57.8,26.5
1782755714.172,57.7,26.5
1782755719.181,57.6,26.5
1782755724.195,57.5,26.5
1782755729.205,57.6,26.5
1782755734.213,57.6,26.5
1782755739.224,57.6,26.5
1782755744.231,57.5,26.5
1782755749.241,57.5,26.5
1782755754.251,57.5,26.5
1782755759.261,57.5,26.5
1782755764.27,57.6,26.5
1782755769.281,57.8,26.5
1782755774.291,57.9,26.5
1782755779.303,57.9,26.5
1782755784.314,57.8,26.5
1782755789.322,57.9,26.5
1782755794.333,58.0,26.5
1782755799.342,58.0,26.5
1782755804.348,58.0,26.5
1782755809.355,58.0,26.5
1782755814.361,57.9,26.5
1782755819.366,57.9,26.5
1782755824.376,58.1,26.5
1782755829.38,58.1,26.5
1782755834.387,58.0,26.5
1782755839.399,57.9,26.5
1782755844.409,58.0,26.5
1782755849.421,58.1,26.5
1782755854.433,58.1,26.5
1782755859.444,58.0,26.5
1782755864.453,57.9,26.5
1782755869.459,57.9,26.5
1782755874.468,57.9,26.5
1782755879.48,57.9,26.5
1782755884.487,58.0,26.5
1782755889.496,58.1,26.5
1782755894.505,58.1,26.5
1782755899.513,58.1,26.5
1782755904.522,58.1,26.5
1782755909.536,58.2,26.5
1782755914.548,58.2,26.5
1782755919.552,58.2,26.5
1782755924.56,58.0,26.5
1782755929.57,57.9,26.5
1782755934.586,57.8,26.5
1782755939.596,57.7,26.5
1782755944.606,57.6,26.5
1782755949.618,57.8,26.5
1782755954.629,58.0,26.5
1782755959.639,58.2,26.5
1782755964.654,58.2,26.5
1782755969.66,58.2,26.5
1782755974.672,58.2,26.5
1782755979.682,58.2,26.5
1782755984.692,58.3,26.5
1782755989.702,58.3,26.5
1782755994.716,58.3,26.5
1782755999.727,58.3,26.5
1782756004.74,58.5,26.5
1782756009.753,58.6,26.5
1782756014.767,58.4,26.5
1782756019.771,58.4,26.5
1782756024.782,58.4,26.5
1782756029.796,58.3,26.5
1782756034.808,58.3,26.5
1782756039.818,58.3,26.5
1782756044.828,58.5,26.5
1782756049.841,58.6,26.5
1782756054.853,58.6,26.5
1782756059.862,58.7,26.5
1782756064.878,58.7,26.5
1782756069.885,58.6,26.5
1782756074.896,58.4,26.5
1782756079.905,58.2,26.5
1782756084.917,58.2,26.5
1782756089.929,58.2,26.5
1782756094.942,58.3,26.5
1782756099.954,58.3,26.5
1782756104.963,58.3,26.5
1782756109.975,58.5,26.5
1782756114.989,58.5,26.5
1782756119.996,58.6,26.5
1782756125.007,58.7,26.5
1782756130.02,58.7,26.5
1782756135.031,58.4,26.5
1782756140.041,58.3,26.5
1782756145.055,58.2,26.5
1782756150.067,58.2,26.5
1782756155.079,58.3,26.5
1782756160.089,58.4,26.5
1782756165.102,58.4,26.5
1782756170.115,58.4,26.5
1782756175.119,58.4,26.5
1782756180.128,58.5,26.6
1782756185.137,58.7,26.5
1782756190.147,58.7,26.5
1782756195.157,58.6,26.5
1782756200.167,58.6,26.5
1782756205.178,58.6,26.5
1782756210.188,58.6,26.5
1782756215.202,58.7,26.5
1782756220.215,58.7,26.5
1782756225.22,58.6,26.5
1782756230.227,58.5,26.5
1782756235.238,58.5,26.5
1782756240.25,58.6,26.5
1782756245.262,58.8,26.5
1782756250.275,58.7,26.5
1782756255.285,58.7,26.5
1782756260.295,58.6,26.5
1782756265.31,58.8,26.5
1782756270.321,58.9,26.5
1782756275.326,58.9,26.5
1782756280.338,58.7,26.5
1782756285.349,58.6,26.5
1782756290.361,58.5,26.5
1782756295.372,58.4,26.5
1782756300.38,58.3,26.5
1782756305.393,58.2,26.5
1782756310.406,58.2,26.5
1782756315.419,58.2,26.5
1782756320.431,58.3,26.6
1782756325.436,58.4,26.5
1782756330.448,58.5,26.5
1782756335.46,58.5,26.5
1782756340.47,58.4,26.5
1782756345.476,58.3,26.5
1782756350.488,58.3,26.5
1782756355.499,58.4,26.5
1782756360.512,58.3,26.5
1782756365.525,58.2,26.5
1782756370.537,58.1,26.5
1782756375.543,58.1,26.5
1782756380.552,58.1,26.5
1782756385.563,58.1,26.5
1782756390.574,58.2,26.5
1782756395.585,58.3,26.5
1782756400.595,58.5,26.6
1782756405.607,58.5,26.5
1782756410.617,58.4,26.5
1782756415.628,58.2,26.5
1782756420.639,58.2,26.5
1782756425.644,58.3,26.5
1782756430.656,58.3,26.5
1782756435.665,58.5,26.5
1782756440.675,58.6,26.5
1782756445.682,58.6,26.5
1782756450.691,58.7,26.6
1782756455.699,58.7,26.5
1782756460.708,58.6,26.5
1782756465.719,58.5,26.6
1782756470.727,58.3,26.6
1782756475.733,58.3,26.5
1782756480.743,58.3,26.5
1782756485.752,58.2,26.5
1782756490.761,58.2,26.5
1782756495.768,58.3,26.5
1782756500.777,58.4,26.6
1782756505.787,58.4,26.6
1782756510.795,58.4,26.6
1782756515.803,58.4,26.5
1782756520.812,58.5,26.5
1782756525.816,58.5,26.6
1782756530.824,58.5,26.5
1782756535.836,58.6,26.6
1782756540.848,58.6,26.5
1782756545.858,58.6,26.6
1782756550.866,58.3,26.6
1782756555.875,58.2,26.6
1782756560.884,58.1,26.5
1782756565.893,58.2,26.6
1782756570.899,58.3,26.6
1782756575.905,58.2,26.5
1782756580.912,58.2,26.5
1782756585.92,58.2,26.5
1782756590.929,58.1,26.6
1782756595.938,58.1,26.6
1782756600.946,57.9,26.6
1782756605.958,57.8,26.6
1782756610.972,57.9,26.6
1782756615.984,58.0,26.6
1782756620.997,57.9,26.6
1782756626.004,58.0,26.6
1782756631.016,58.0,26.6
1782756636.024,58.0,26.6
1782756641.038,58.0,26.6
1782756646.047,57.9,26.6
1782756651.058,57.9,26.5
1782756656.064,57.9,26.6
1782756661.08,57.9,26.6
1782756666.09,57.8,26.5
1782756671.1,57.8,26.6
1782756676.109,57.9,26.6
1782756681.112,58.0,26.6
1782756686.124,57.9,26.6
1782756691.136,57.9,26.6
1782756696.145,57.9,26.5
1782756701.156,57.8,26.6
1782756706.169,57.8,26.6
1782756711.184,57.8,26.6
1782756716.195,57.8,26.6
1782756721.207,57.9,26.6
1782756726.215,57.9,26.6
1782756731.223,57.8,26.6
1782756736.234,57.7,26.6
1782756741.243,57.7,26.5
1782756746.255,57.8,26.6
1782756751.262,57.9,26.6
1782756756.273,57.9,26.6
1782756761.291,57.9,26.6
1782756766.299,57.9,26.6
1782756771.31,57.8,26.6
1782756776.321,57.9,26.6
1782756781.328,58.0,26.6
1782756786.337,58.0,26.6
1782756791.349,58.4,26.6
1782756796.361,58.4,26.6
1782756801.372,58.2,26.6
1782756806.386,58.1,26.6
1782756811.395,58.2,26.6
1782756816.406,58.4,26.6
1782756821.414,58.6,26.6
1782756826.424,58.5,26.6
1782756831.433,58.4,26.6
1782756836.44,58.2,26.6
1782756841.452,58.1,26.6
1782756846.466,58.0,26.6
1782756851.476,58.0,26.6
1782756856.485,58.0,26.6
1782756861.499,58.1,26.6
1782756866.509,58.2,26.6
1782756871.518,58.3,26.6
1782756876.532,58.4,26.6
1782756881.542,58.3,26.6
1782756886.544,58.3,26.6
1782756891.556,58.2,26.6
1782756896.568,58.2,26.6
1782756901.581,58.2,26.6
1782756906.593,58.1,26.6
1782756911.606,58.0,26.6
1782756916.615,58.0,26.6
1782756921.627,58.0,26.6
1782756926.64,58.1,26.6
1782756931.647,58.2,26.6
1782756936.652,58.2,26.6
1782756941.664,58.1,26.6
1782756946.677,58.1,26.6
1782756951.689,58.1,26.6
1782756956.696,58.1,26.6
1782756961.712,58.1,26.6
1782756966.72,58.1,26.6
1782756971.728,58.1,26.6
1782756976.741,58.2,26.6
1782756981.753,58.3,26.6
1782756986.763,58.3,26.6
1782756991.771,58.2,26.6
1782756996.782,58.2,26.6
1782757001.794,58.3,26.6
1782757006.804,58.3,26.6
1782757011.818,58.4,26.6
1782757016.831,58.2,26.6
1782757021.845,58.2,26.6
1782757026.854,58.2,26.6
1782757031.867,58.4,26.6
1782757036.878,58.4,26.6
1782757041.883,58.5,26.6
1782757046.892,58.4,26.6
1782757051.904,58.5,26.6
1782757056.912,58.4,26.6
1782757061.928,58.4,26.6
1782757066.939,58.5,26.6
1782757071.948,58.4,26.6
1782757076.96,58.3,26.6
1782757081.972,58.2,26.6
1782757086.981,58.1,26.6
1782757091.988,57.9,26.6
1782757096.998,57.9,26.6
1782757102.008,57.9,26.6
1782757107.017,58.1,26.6
1782757112.028,58.2,26.6
1782757117.042,58.2,26.6
1782757122.049,58.3,26.6
1782757127.058,58.2,26.6
1782757132.066,58.1,26.6
1782757137.079,58.1,26.6
1782757142.085,58.1,26.6
1782757147.097,58.2,26.6
1782757152.108,58.2,26.6
1782757157.116,58.1,26.6
1782757162.132,58.1,26.6
1782757167.143,58.1,26.6
1782757172.155,57.9,26.6
1782757177.166,57.8,26.6
1782757182.178,57.7,26.6
1782757187.189,57.7,26.6
1782757192.195,57.8,26.6
1782757197.207,58.0,26.6
1782757202.221,58.0,26.6
1782757207.23,58.0,26.6
1782757212.243,58.0,26.6
1782757217.255,58.1,26.6
1782757222.266,58.2,26.6
1782757227.276,58.3,26.6
1782757232.29,58.2,26.6
1782757237.302,58.2,26.6
1782757242.308,58.2,26.6
1782757247.32,58.4,26.6
1782757252.33,58.7,26.6
1782757257.344,58.7,26.6
1782757262.357,58.7,26.6
1782757267.366,58.7,26.6
1782757272.378,58.7,26.6
1782757277.39,58.8,26.6
1782757282.403,59.0,26.6
1782757287.415,58.9,26.6
1782757292.426,58.9,26.6
1782757297.428,58.7,26.6
1782757302.443,58.5,26.6
1782757307.448,58.3,26.6
1782757312.462,58.2,26.6
1782757317.473,58.2,26.6
1782757322.485,58.3,26.6
1782757327.496,58.5,26.6
1782757332.51,58.6,26.6
1782757337.521,58.8,26.6
1782757342.531,59.0,26.6
1782757347.534,59.0,26.6
1782757352.547,58.8,26.6
1782757357.559,58.6,26.6
1782757362.574,58.5,26.7
1782757367.585,58.5,26.6
1782757372.596,58.6,26.6
1782757377.608,58.6,26.6
1782757382.62,58.5,26.6
1782757387.631,58.5,26.6
1782757392.641,58.5,26.6
1782757397.644,58.5,26.6
1782757402.656,58.5,26.6
1782757407.668,58.5,26.6
1782757412.683,58.4,26.6
1782757417.696,58.4,26.6
1782757422.708,58.3,26.6
1782757427.72,58.1,26.6
1782757432.729,58.0,26.6
1782757437.741,58.0,26.6
1782757442.747,58.0,26.6
1782757447.752,58.0,26.6
1782757452.76,58.0,26.6
1782757457.771,58.1,26.6
1782757462.781,58.1,26.6
1782757467.794,58.3,26.6
1782757472.807,58.5,26.6
1782757477.819,58.4,26.6
1782757482.829,58.3,26.6
1782757487.839,58.4,26.6
1782757492.852,58.4,26.6
1782757497.856,58.4,26.6
1782757502.866,58.4,26.7
1782757507.88,58.3,26.7
1782757512.886,58.1,26.6
1782757517.894,58.1,26.6
1782757522.903,58.0,26.6
1782757527.91,58.1,26.6
1782757532.918,58.3,26.6
1782757537.93,58.4,26.6
1782757542.941,58.4,26.6
1782757547.947,58.4,26.7
1782757552.959,58.3,26.6
1782757557.974,58.3,26.6
1782757562.986,58.2,26.6
1782757567.997,58.1,26.6
1782757573.009,58.0,26.6
1782757578.021,58.0,26.6
1782757583.031,58.0,26.6
1782757588.047,58.1,26.6
1782757593.055,58.1,26.6
1782757598.067,58.2,26.6
1782757603.073,58.2,26.6
1782757608.088,58.2,26.7
1782757613.101,58.1,26.6
1782757618.113,58.1,26.6
1782757623.123,58.1,26.6
1782757628.134,57.9,26.6
1782757633.146,57.9,26.6
1782757638.157,58.0,26.6
1782757643.169,58.2,26.6
1782757648.181,58.4,26.6
1782757653.188,58.6,26.6
1782757658.205,58.9,26.6
1782757663.215,59.0,26.6
1782757668.226,59.1,26.6
1782757673.24,59.1,26.6
1782757678.25,59.0,26.7
1782757683.263,58.9,26.7
1782757688.276,58.8,26.6
1782757693.288,58.7,26.6
1782757698.298,58.7,26.6
1782757703.311,58.8,26.7
1782757708.319,58.9,26.7
1782757713.33,59.1,26.6
1782757718.338,59.1,26.7
1782757723.343,58.9,26.7
1782757728.353,58.8,26.7
1782757733.363,58.7,26.7
1782757738.371,58.7,26.7
1782757743.38,58.7,26.7
1782757748.385,58.5,26.7
1782757753.396,58.5,26.7
1782757758.404,58.4,26.7
1782757763.414,58.4,26.7
1782757768.426,58.4,26.7
1782757773.439,58.2,26.7
1782757778.45,58.2,26.6
1782757783.462,58.3,26.7
1782757788.472,58.2,26.7
1782757793.481,58.3,26.7
1782757798.492,58.3,26.7
1782757803.505,58.3,26.7
1782757808.514,58.3,26.7
1782757813.527,58.3,26.6
1782757818.537,58.3,26.7
1782757823.551,58.4,26.6
1782757828.563,58.4,26.7
1782757833.575,58.4,26.7
1782757838.584,58.3,26.7
1782757843.597,58.3,26.7
1782757848.61,58.3,26.7
1782757853.622,58.3,26.7
1782757858.631,58.3,26.7
1782757863.636,58.3,26.7
1782757868.644,58.3,26.7
1782757873.656,58.3,26.7
1782757878.664,58.3,26.7
1782757883.676,58.1,26.7
1782757888.691,58.1,26.7
1782757893.703,58.1,26.7
1782757898.714,58.1,26.7
1782757903.727,58.0,26.7
1782757908.741,57.9,26.6
1782757913.75,57.8,26.7
1782757918.761,57.9,26.7
1782757923.768,58.0,26.7
1782757928.782,58.1,26.7
1782757933.794,58.2,26.7
1782757938.804,58.3,26.7
1782757943.82,58.5,26.7
1782757948.831,58.4,26.7
1782757953.842,58.3,26.7
1782757958.853,58.1,26.7
1782757963.861,58.1,26.7
1782757968.868,58.2,26.7
1782757973.876,58.3,26.7
1782757978.885,58.4,26.7
1782757983.894,58.4,26.7
1782757988.905,58.5,26.7
1782757993.914,58.5,26.7
1782757998.923,58.6,26.7
1782758003.933,58.6,26.7
1782758008.943,58.6,26.7
1782758013.95,58.5,26.7
1782758018.955,58.4,26.7
1782758023.96,58.4,26.7
1782758028.969,58.5,26.7
1782758033.977,58.6,26.7
1782758038.988,58.6,26.7
1782758043.998,58.7,26.7
1782758049.005,58.7,26.7
1782758054.012,58.6,26.7
1782758059.025,58.5,26.7
1782758064.031,58.5,26.7
1782758069.042,58.5,26.7
1782758074.049,58.6,26.7
1782758079.059,58.5,26.7
1782758084.068,58.5,26.7
1782758089.079,58.6,26.7
1782758094.086,58.7,26.7
1782758099.097,58.8,26.7
1782758104.106,58.8,26.7
1782758109.122,58.8,26.7
1782758114.128,59.0,26.7
1782758119.14,59.2,26.7
1782758124.152,59.2,26.7
1782758129.168,59.3,26.7
1782758134.179,59.1,26.7
1782758139.188,59.0,26.7
1782758144.199,58.8,26.7
1782758149.211,58.8,26.7
1782758154.222,58.8,26.7
1782758159.234,58.8,26.7
1782758164.241,58.8,26.7
1782758169.255,58.7,26.7
1782758174.264,58.6,26.7
1782758179.278,58.6,26.7
1782758184.286,58.6,26.7
1782758189.297,58.7,26.7
1782758194.307,58.7,26.7
1782758199.321,58.7,26.7
1782758204.336,58.7,26.7
1782758209.348,58.8,26.7
1782758214.354,59.0,26.7
1782758219.364,59.3,26.7
1782758224.374,59.3,26.7
1782758229.387,59.1,26.7
1782758234.392,59.1,26.7
1782758239.404,59.1,26.7
1782758244.415,58.9,26.7
1782758249.428,58.8,26.7
1782758254.441,58.6,26.7
1782758259.454,58.5,26.7
1782758264.462,58.4,26.7
1782758269.469,58.4,26.7
1782758274.478,58.5,26.7
1782758279.486,58.9,26.7
1782758284.493,59.2,26.7
1782758289.502,59.3,26.7
1782758294.509,59.2,26.7
1782758299.519,59.0,26.7
1782758304.53,58.9,26.7
1782758309.539,58.9,26.7
1782758314.548,58.8,26.7
1782758319.553,58.8,26.7
1782758324.561,58.8,26.7
1782758329.571,58.7,26.7
1782758334.578,58.6,26.7
1782758339.588,58.5,26.7
1782758344.601,58.3,26.7
1782758349.611,58.3,26.7
1782758354.623,58.3,26.7
1782758359.63,58.4,26.7
1782758364.64,58.4,26.7
1782758369.644,58.4,26.7
1782758374.653,58.4,26.7
1782758379.663,58.4,26.7
1782758384.673,58.4,26.7
1782758389.678,58.5,26.7
1782758394.687,58.6,26.7
1782758399.697,58.8,26.7
1782758404.708,58.9,26.7
1782758409.714,59.0,26.7
1782758414.725,59.1,26.7
1782758419.728,59.0,26.7
1782758424.734,58.9,26.7
1782758429.744,58.7,26.7
1782758434.755,58.7,26.7
1782758439.763,58.7,26.7
1782758444.772,58.7,26.7
1782758449.779,58.7,26.7
1782758454.791,58.8,26.7
1782758459.801,58.8,26.7
1782758464.811,58.8,26.7
1782758469.817,58.9,26.7
1782758474.822,59.1,26.7
1782758479.831,59.2,26.7
1782758484.844,59.3,26.7
1782758489.852,59.2,26.7
1782758494.86,59.1,26.7
1782758499.871,59.1,26.7
1782758504.879,59.2,26.7
1782758509.887,59.2,26.7
1782758514.896,59.2,26.7
1782758519.9,59.2,26.7
1782758524.91,59.1,26.7
1782758529.916,59.0,26.7
1782758534.925,58.8,26.7
1782758539.933,58.9,26.7
1782758544.943,59.2,26.7
1782758549.951,59.4,26.7
1782758554.959,59.4,26.7
1782758559.971,59.4,26.7
1782758564.98,59.3,26.7
1782758569.986,59.2,26.7
1782758574.995,59.0,26.7
1782758580.006,59.0,26.7
1782758585.014,58.9,26.7
1782758590.024,58.8,26.7
1782758595.033,58.6,26.7
1782758600.045,58.5,26.7
1782758605.059,58.4,26.7
1782758610.07,58.4,26.7
1782758615.079,58.5,26.7
1782758620.085,58.5,26.7
1782758625.097,58.5,26.7
1782758630.105,58.5,26.7
1782758635.112,58.5,26.7
1782758640.122,58.5,26.7
1782758645.132,58.6,26.7
1782758650.146,58.6,26.7
1782758655.161,58.7,26.7
1782758660.173,58.5,26.7
1782758665.184,58.4,26.7
1782758670.19,58.4,26.7
1782758675.196,58.4,26.7
1782758680.206,58.5,26.7
1782758685.212,58.4,26.7
1782758690.224,58.4,26.7
1782758695.239,58.4,26.7
1782758700.252,58.3,26.7
1782758705.263,58.3,26.7
1782758710.276,58.3,26.7
1782758715.286,58.3,26.7
1782758720.292,58.3,26.7
1782758725.304,58.4,26.7
1782758730.312,58.4,26.7
1782758735.32,58.4,26.7
1782758740.33,58.3,26.7
1782758745.341,58.2,26.7
1782758750.35,58.3,26.7
1782758755.363,58.3,26.7
1782758760.373,58.4,26.7
1782758765.385,58.5,26.7
1782758770.393,58.7,26.7
1782758775.404,58.8,26.7
1782758780.415,58.7,26.7
1782758785.424,58.8,26.7
1782758790.436,58.8,26.7
1782758795.45,58.9,26.7
1782758800.463,58.9,26.7
1782758805.471,58.8,26.7
1782758810.483,58.8,26.7
1782758815.494,58.7,26.7
1782758820.5,58.7,26.7
1782758825.508,58.6,26.7
1782758830.521,58.6,26.7
1782758835.534,58.6,26.7
1782758840.547,58.7,26.7
1782758845.558,58.8,26.7
1782758850.571,58.9,26.7
1782758855.583,58.9,26.7
1782758860.596,58.7,26.7
1782758865.608,58.5,26.7
1782758870.611,58.4,26.7
1782758875.623,58.4,26.7
1782758880.637,58.5,26.7
1782758885.649,58.6,26.7
1782758890.656,58.5,26.7
1782758895.668,58.5,26.7
1782758900.681,58.6,26.7
1782758905.693,58.7,26.7
1782758910.704,58.8,26.7
1782758915.714,58.8,26.7
1782758920.722,58.8,26.7
1782758925.729,58.7,26.7
1782758930.742,58.6,26.7
1782758935.752,58.6,26.7
1782758940.764,58.6,26.7
1782758945.771,58.7,26.7
1782758950.786,58.8,26.7
1782758955.799,58.7,26.7
1782758960.811,58.6,26.7
1782758965.822,58.6,26.7
1782758970.834,58.5,26.7
1782758975.837,58.5,26.7
1782758980.851,58.6,26.7
1782758985.856,58.8,26.7
1782758990.864,58.9,26.7
1782758995.878,58.8,26.7
1782759000.887,58.8,26.7
1782759005.896,58.8,26.7
1782759010.907,58.8,26.7
1782759015.916,58.8,26.7
1782759020.922,58.7,26.7
1782759025.93,58.7,26.7
1782759030.936,58.7,26.7
1782759035.943,58.7,26.7
1782759040.952,58.7,26.7
1782759045.964,58.7,26.7
1782759050.978,58.7,26.7
1782759055.989,58.6,26.7
1782759060.997,58.6,26.7
1782759066.008,58.6,26.7
1782759071.019,58.7,26.7
1782759076.025,58.7,26.7
1782759081.035,58.7,26.7
1782759086.047,58.7,26.7
1782759091.059,58.5,26.7
1782759096.076,58.5,26.7
1782759101.086,58.6,26.7
1782759106.097,58.6,26.7
1782759111.11,58.6,26.7
1782759116.121,58.6,26.7
1782759121.133,58.6,26.7
1782759126.143,58.6,26.7
1782759131.149,58.6,26.7
1782759136.163,58.6,26.7
1782759141.172,58.7,26.7
1782759146.189,58.8,26.7
1782759151.201,58.9,26.7
1782759156.214,58.9,26.7
1782759161.222,59.1,26.7
1782759166.231,59.2,26.7
1782759171.245,59.2,26.7
1782759176.257,59.1,26.7
1782759181.264,59.0,26.7
1782759186.276,59.0,26.7
1782759191.291,59.1,26.7
1782759196.301,59.1,26.7
1782759201.306,59.0,26.7
1782759206.318,58.8,26.7
1782759211.33,58.7,26.7
1782759216.342,58.6,26.7
1782759221.353,58.6,26.7
1782759226.366,58.6,26.7
1782759231.372,58.6,26.7
1782759236.384,58.6,26.7
1782759241.395,58.5,26.7
1782759246.408,58.5,26.7
1782759251.421,58.5,26.7
1782759256.432,58.6,26.7
1782759261.44,58.7,26.7
1782759266.45,58.8,26.7
1782759271.461,58.7,26.7
1782759276.472,58.6,26.7
1782759281.485,58.7,26.7
1782759286.489,58.8,26.7
1782759291.498,58.9,26.7
1782759296.512,59.1,26.7
1782759301.523,59.2,26.7
1782759306.535,59.3,26.7
1782759311.547,59.2,26.7
1782759316.552,59.1,26.7
1782759321.56,59.1,26.7
1782759326.569,59.0,26.7
1782759331.579,58.9,26.7
1782759336.587,58.8,26.7
1782759341.594,58.7,26.7
1782759346.608,58.7,26.7
1782759351.621,58.7,26.7
1782759356.633,58.8,26.7
1782759361.645,58.9,26.7
1782759366.654,59.0,26.7
1782759371.665,58.9,26.7
1782759376.674,58.8,26.7
1782759381.686,58.7,26.7
1782759386.692,58.7,26.7
1782759391.704,58.7,26.7
1782759396.715,58.8,26.7
1782759401.727,58.8,26.7
1782759406.737,58.9,26.7
1782759411.749,59.0,26.7
1782759416.76,59.0,26.7
1782759421.771,58.9,26.7
1782759426.783,58.9,26.7
1782759431.797,58.8,26.7
1782759436.804,58.7,26.7
1782759441.816,58.6,26.7
1782759446.828,58.6,26.7
1782759451.845,58.7,26.7
1782759456.852,58.8,26.7
1782759461.864,58.9,26.7
1782759466.875,59.1,26.7
1782759471.884,59.4,26.7
1782759476.894,59.5,26.7
1782759481.907,59.6,26.7
1782759486.918,59.5,26.7
1782759491.924,59.4,26.7
1782759496.936,59.2,26.6
1782759501.947,59.0,26.7
1782759506.959,58.9,26.7
1782759511.967,58.8,26.7
1782759516.975,58.7,26.7
1782759521.988,58.7,26.7
1782759527.0,58.7,26.7
1782759532.012,58.7,26.7
1782759537.024,58.8,26.7
1782759542.028,58.8,26.7
1782759547.038,58.9,26.6
1782759552.052,58.8,26.7
1782759557.063,58.8,26.7
1782759562.073,58.9,26.7
1782759567.087,58.9,26.7
1782759572.096,59.1,26.7
1782759577.107,59.2,26.7
1782759582.118,59.1,26.7
1782759587.129,59.1,26.7
1782759592.135,59.1,26.7
1782759597.147,59.2,26.7
1782759602.162,59.2,26.7
1782759607.173,59.2,26.7
1782759612.179,59.3,26.7
1782759617.192,59.4,26.7
1782759622.202,59.6,26.7
1782759627.213,59.6,26.7
1782759632.219,59.5,26.7
1782759637.228,59.3,26.7
1782759642.237,59.2,26.7
1782759647.243,59.1,26.6
1782759652.257,59.1,26.7
1782759657.269,59.2,26.7
1782759662.28,59.3,26.7
1782759667.294,59.4,26.7
1782759672.302,59.4,26.7
1782759677.311,59.4,26.7
1782759682.323,59.3,26.7
1782759687.336,59.3,26.7
1782759692.343,59.2,26.7
1782759697.348,59.1,26.7
1782759702.361,59.3,26.7
1782759707.373,59.4,26.7
1782759712.385,59.5,26.7
1782759717.395,59.6,26.7
1782759722.409,59.6,26.7
1782759727.42,59.7,26.7
1782759732.43,59.7,26.7
1782759737.444,59.7,26.7
1782759742.456,59.6,26.7
1782759747.462,59.6,26.7
1782759752.472,59.5,26.7
1782759757.482,59.5,26.7
1782759762.492,59.6,26.7
1782759767.501,59.7,26.7
1782759772.511,59.8,26.7
1782759777.521,59.9,26.7
1782759782.529,59.8,26.7
1782759787.537,59.7,26.7
1782759792.545,59.6,26.7
1782759797.554,59.5,26.7
1782759802.565,59.4,26.7
1782759807.575,59.2,26.7
1782759812.583,59.1,26.7
1782759817.594,59.1,26.7
1782759822.603,59.4,26.7
1782759827.61,59.5,26.7
1782759832.619,59.6,26.7
1782759837.629,59.6,26.7
1782759842.635,59.6,26.6
1782759847.641,59.7,26.7
1782759852.65,59.6,26.7
1782759857.659,59.6,26.7
1782759862.666,59.6,26.6
1782759867.671,59.5,26.7
1782759872.679,59.5,26.7
1782759877.689,59.6,26.7
1782759882.698,59.6,26.7
1782759887.706,59.5,26.7
1782759892.716,59.4,26.7
1782759897.723,59.3,26.7
1782759902.73,59.3,26.7
1782759907.738,59.3,26.7
1782759912.746,59.3,26.7
1782759917.754,59.2,26.7
1782759922.764,59.2,26.7
1782759927.772,59.2,26.7
1782759932.776,59.2,26.6
1782759937.786,59.3,26.7
1782759942.795,59.5,26.7
1782759947.803,59.6,26.7
1782759952.81,59.5,26.7
1782759957.819,59.5,26.7
1782759962.826,59.6,26.7
1782759967.835,59.6,26.7
1782759972.846,59.6,26.7
1782759977.854,59.6,26.7
1782759982.863,59.7,26.7
1782759987.867,59.7,26.6
1782759992.878,59.6,26.7
1782759997.886,59.5,26.7
1782760002.894,59.5,26.7
1782760007.902,59.5,26.7
1782760012.912,59.5,26.7
1782760017.921,59.5,26.7
1782760022.931,59.7,26.7
1782760027.935,59.5,26.7
1782760032.942,59.5,26.7
1782760037.951,59.4,26.7
1782760042.96,59.4,26.7
1782760047.964,59.5,26.7
1782760052.97,59.6,26.7
1782760057.978,59.5,26.7
1782760062.987,59.4,26.7
1782760067.995,59.4,26.7
1782760073.003,59.3,26.7
1782760078.011,59.2,26.7
1782760083.015,59.2,26.7
1782760088.022,59.4,26.7
1782760093.032,59.6,26.7
1782760098.038,59.7,26.7
1782760103.047,59.6,26.7
1782760108.055,59.5,26.6
1782760113.059,59.4,26.7
1782760118.067,59.3,26.7
1782760123.074,59.4,26.7
1782760128.082,59.4,26.7
1782760133.091,59.4,26.7
1782760138.099,59.3,26.7
1782760143.108,59.3,26.7
1782760148.115,59.5,26.7
1782760153.122,59.8,26.7
1782760158.131,60.0,26.7
1782760163.14,60.0,26.7
1782760168.146,60.2,26.7
1782760173.155,60.4,26.7
1782760178.163,60.3,26.7
1782760183.172,60.3,26.7
1782760188.179,60.0,26.7
1782760193.188,60.0,26.7
1782760198.195,60.0,26.7
1782760203.206,59.8,26.7
1782760208.21,59.6,26.7
1782760213.218,59.5,26.7
1782760218.227,59.6,26.7
1782760223.233,59.8,26.7
1782760228.239,59.8,26.6
1782760233.247,59.6,26.7
1782760238.256,59.3,26.7
1782760243.262,59.1,26.7
1782760248.271,59.1,26.7
1782760253.28,59.2,26.7
1782760258.289,59.4,26.7
1782760263.296,59.5,26.7
1782760268.304,59.5,26.7
1782760273.312,59.5,26.7
1782760278.321,59.7,26.7
1782760283.33,60.0,26.7
1782760288.339,60.0,26.7
1782760293.347,60.1,26.7
1782760298.354,60.3,26.7
1782760303.362,60.2,26.7
1782760308.37,60.0,26.7
1782760313.38,59.9,26.7
1782760318.39,59.8,26.7
1782760323.395,59.6,26.7
1782760328.404,59.5,26.7
1782760333.412,59.4,26.7
1782760338.419,59.3,26.7
1782760343.428,59.3,26.7
1782760348.436,59.4,26.7
1782760353.442,59.4,26.7
1782760358.451,59.5,26.7
1782760363.458,59.6,26.7
1782760368.467,60.0,26.7
1782760373.476,60.1,26.7
1782760378.483,60.0,26.7
1782760383.49,59.8,26.7
1782760388.499,59.7,26.7
1782760393.507,59.6,26.7
1782760398.515,59.5,26.7
1782760403.523,59.4,26.7
1782760408.531,59.4,26.7
1782760413.546,59.5,26.7
1782760418.558,59.6,26.7
1782760423.567,59.7,26.7
1782760428.58,59.8,26.7
1782760433.593,59.9,26.7
1782760438.606,59.8,26.7
1782760443.618,59.7,26.7
1782760448.624,59.4,26.7
1782760453.632,59.4,26.7
1782760458.643,59.3,26.7
1782760463.653,59.3,26.7
1782760468.66,59.2,26.7
1782760473.674,59.2,26.7
1782760478.682,59.3,26.7
1782760483.694,59.3,26.7
1782760488.705,59.3,26.7
1782760493.718,59.3,26.7
1782760498.722,59.6,26.7
1782760503.732,60.0,26.7
1782760508.746,60.1,26.7
1782760513.758,60.2,26.7
1782760518.766,60.2,26.7
1782760523.774,60.1,26.7
1782760528.783,60.0,26.7
1782760533.795,60.0,26.7
1782760538.806,60.1,26.7
1782760543.818,60.1,26.7
1782760548.824,60.1,26.7
1782760553.839,60.1,26.7
1782760558.85,60.0,26.7
1782760563.86,59.9,26.7
1782760568.872,59.8,26.7
1782760573.886,59.7,26.7
1782760578.896,59.6,26.7
1782760583.91,59.5,26.7
1782760588.924,59.4,26.7
1782760593.938,59.4,26.7
1782760598.949,59.4,26.7
1782760603.958,59.6,26.7
1782760608.964,60.0,26.7
1782760613.975,60.3,26.7
1782760618.981,60.4,26.7
1782760623.989,60.5,26.7
1782760628.999,60.6,26.7
1782760634.006,60.6,26.7
1782760639.015,60.5,26.7
1782760644.024,60.2,26.7
1782760649.031,60.1,26.7
1782760654.037,60.0,26.7
1782760659.044,60.0,26.7
1782760664.049,60.0,26.7
1782760669.056,60.1,26.7
1782760674.072,60.3,26.7
1782760679.083,60.2,26.7
1782760684.095,60.2,26.7
1782760689.107,60.1,26.7
1782760694.12,60.0,26.7
1782760699.128,60.1,26.7
1782760704.134,60.1,26.7
1782760709.147,60.0,26.7
1782760714.161,59.9,26.7
1782760719.17,59.8,26.7
1782760724.178,59.7,26.7
1782760729.189,59.7,26.7
1782760734.2,59.6,26.7
1782760739.21,59.7,26.7
1782760744.225,59.8,26.7
1782760749.238,59.9,26.7
1782760754.244,60.3,26.7
1782760759.257,60.4,26.7
1782760764.269,60.4,26.7
1782760769.284,60.4,26.7
1782760774.298,60.4,26.7
1782760779.305,60.4,26.7
1782760784.316,60.3,26.7
1782760789.33,60.2,26.7
1782760794.344,60.0,26.7
1782760799.354,59.9,26.7
1782760804.361,59.7,26.7
1782760809.374,59.6,26.7
1782760814.387,59.6,26.7
1782760819.399,59.5,26.7
1782760824.409,59.5,26.7
1782760829.425,59.6,26.7
1782760834.433,59.8,26.7
1782760839.445,60.0,26.7
1782760844.46,59.9,26.7
1782760849.472,59.8,26.7
1782760854.485,59.7,26.7
1782760859.491,59.6,26.7
1782760864.505,59.6,26.7
1782760869.514,59.8,26.7
1782760874.521,59.8,26.7
1782760879.528,59.9,26.7
1782760884.538,59.9,26.7
1782760889.55,59.9,26.7
1782760894.56,59.7,26.7
1782760899.567,59.5,26.7
1782760904.577,59.5,26.7
1782760909.581,59.6,26.7
1782760914.59,59.6,26.7
1782760919.598,59.5,26.7
1782760924.607,59.5,26.7
1782760929.618,59.6,26.7
1782760934.627,59.7,26.7
1782760939.636,60.0,26.7
1782760944.648,60.2,26.7
1782760949.654,60.3,26.7
1782760954.662,60.4,26.7
1782760959.668,60.4,26.7
1782760964.675,60.3,26.7
1782760969.684,60.1,26.7
1782760974.694,60.1,26.7
1782760979.701,60.0,26.7
1782760984.712,59.8,26.7
1782760989.718,59.7,26.7
1782760994.727,59.7,26.7
1782760999.736,59.6,26.7
1782761004.746,59.6,26.7
1782761009.748,59.6,26.7
1782761014.758,59.7,26.7
1782761019.764,59.7,26.7
1782761024.772,59.6,26.7
1782761029.788,59.5,26.7
1782761034.796,59.5,26.7
1782761039.81,59.5,26.7
1782761044.823,59.5,26.7
1782761049.835,59.5,26.7
1782761054.844,59.7,26.7
1782761059.848,59.9,26.7
1782761064.858,60.0,26.7
1782761069.873,60.0,26.7
1782761074.88,59.9,26.7
1782761079.891,59.8,26.7
1782761084.903,59.7,26.7
1782761089.917,59.7,26.7
1782761094.928,59.6,26.7
1782761099.937,59.7,26.7
1782761104.95,59.9,26.7
1782761109.956,59.9,26.7
1782761114.966,59.9,26.7
1782761119.976,59.8,26.7
1782761124.991,59.7,26.7
1782761130.004,59.4,26.7
1782761135.012,59.3,26.7
1782761140.027,59.3,26.7
1782761145.041,59.4,26.7
1782761150.053,59.5,26.7
1782761155.063,59.5,26.7
1782761160.07,59.4,26.7
1782761165.08,59.4,26.7
1782761170.096,59.4,26.7
1782761175.103,59.5,26.7
1782761180.113,59.5,26.7
1782761185.128,59.5,26.7
1782761190.143,59.6,26.7
1782761195.155,59.4,26.7
1782761200.165,59.4,26.7
1782761205.174,59.3,26.7
1782761210.186,59.3,26.7
1782761215.188,59.3,26.7
1782761220.2,59.4,26.7
1782761225.208,59.4,26.7
1782761230.223,59.6,26.7
1782761235.233,60.3,26.7
1782761240.241,60.6,26.7
1782761245.256,60.5,26.7
1782761250.268,60.3,26.7
1782761255.279,60.2,26.7
1782761260.288,60.1,26.7
1782761265.294,60.1,26.7
1782761270.304,60.0,26.7
1782761275.312,60.0,26.7
1782761280.322,59.9,26.7
1782761285.333,59.8,26.7
1782761290.345,59.8,26.7
1782761295.351,59.8,26.7
1782761300.361,59.9,26.7
1782761305.371,59.9,26.7
1782761310.378,59.9,26.7
1782761315.384,60.0,26.7
1782761320.394,60.1,26.7
1782761325.403,60.2,26.7
1782761330.414,60.1,26.7
1782761335.423,59.9,26.7
1782761340.434,59.7,26.7
1782761345.444,59.6,26.7
1782761350.453,59.5,26.7
1782761355.464,59.5,26.7
1782761360.474,59.4,26.7
1782761365.481,59.5,26.7
1782761370.496,59.5,26.7
1782761375.506,59.5,26.7
1782761380.519,59.6,26.7
1782761385.531,59.5,26.7
1782761390.541,59.5,26.7
1782761395.553,59.5,26.7
1782761400.565,59.4,26.7
1782761405.578,59.5,26.7
1782761410.589,59.5,26.7
1782761415.6,59.6,26.7
1782761420.607,59.7,26.7
1782761425.619,59.8,26.7
1782761430.634,59.8,26.7
1782761435.642,59.7,26.7
1782761440.655,59.6,26.7
1782761445.664,59.6,26.7
1782761450.675,59.6,26.7
1782761455.691,59.6,26.7
1782761460.702,59.5,26.7
1782761465.714,59.4,26.7
1782761470.716,59.3,26.7
1782761475.728,59.3,26.7
1782761480.738,59.3,26.7
1782761485.751,59.3,26.7
1782761490.764,59.5,26.7
1782761495.772,59.7,26.7
1782761500.784,59.9,26.7
1782761505.796,59.9,26.7
1782761510.807,59.9,26.7
1782761515.818,59.9,26.7
1782761520.822,59.8,26.7
1782761525.834,59.7,26.7
1782761530.845,59.6,26.7
1782761535.856,59.6,26.7
1782761540.873,59.7,26.7
1782761545.885,59.7,26.7
1782761550.896,59.9,26.7
1782761555.906,60.1,26.7
1782761560.915,60.3,26.7
1782761565.923,60.3,26.7
1782761570.932,60.4,26.7
1782761575.936,60.4,26.7
1782761580.944,60.3,26.7
1782761585.954,60.3,26.7
1782761590.965,60.5,26.7
1782761595.976,60.6,26.7
1782761600.989,60.5,26.7
1782761605.998,60.3,26.7
1782761611.007,60.2,26.7
1782761616.017,60.2,26.7
1782761621.026,60.1,26.7
1782761626.03,60.1,26.7
1782761631.04,60.0,26.7
1782761636.053,59.9,26.7
1782761641.065,60.0,26.7
1782761646.077,60.4,26.7
1782761651.088,60.6,26.7
1782761656.101,60.7,26.7
1782761661.112,60.6,26.7
1782761666.122,60.6,26.7
1782761671.133,60.6,26.7
1782761676.14,60.8,26.7
1782761681.151,60.8,26.7
1782761686.165,61.0,26.7
1782761691.181,61.0,26.7
1782761696.194,61.1,26.7
1782761701.208,61.1,26.7
1782761706.215,61.3,26.7
1782761711.225,61.2,26.7
1782761716.239,61.0,26.7
1782761721.248,60.7,26.7
1782761726.258,60.5,26.7
1782761731.269,60.5,26.7
1782761736.282,60.5,26.7
1782761741.293,60.5,26.7
1782761746.304,60.5,26.7
1782761751.311,60.5,26.7
1782761756.325,60.6,26.7
1782761761.337,60.6,26.7
1782761766.345,60.5,26.7
1782761771.356,60.5,26.7
1782761776.362,60.7,26.7
1782761781.374,60.7,26.7
1782761786.387,60.6,26.7
1782761791.397,60.5,26.7
1782761796.41,60.5,26.7
1782761801.423,60.5,26.7
1782761806.433,60.5,26.7
1782761811.444,60.6,26.7
1782761816.458,60.6,26.7
1782761821.469,60.7,26.7
1782761826.476,60.8,26.7
1782761831.489,60.7,26.7
1782761836.499,60.7,26.7
1782761841.514,60.5,26.7
1782761846.525,60.2,26.7
1782761851.537,60.0,26.7
1782761856.552,59.9,26.7
1782761861.564,59.8,26.7
1782761866.575,59.8,26.7
1782761871.584,59.8,26.7
1782761876.597,59.7,26.7
1782761881.604,59.7,26.7
1782761886.616,59.7,26.7
1782761891.628,59.8,26.7
1782761896.639,59.7,26.7
1782761901.649,59.6,26.7
1782761906.655,59.6,26.7
1782761911.663,59.6,26.7
1782761916.673,59.7,26.7
1782761921.684,59.7,26.7
1782761926.692,59.8,26.7
1782761931.699,60.2,26.7
1782761936.715,60.5,26.7
1782761941.725,60.6,26.7
1782761946.733,60.4,26.7
1782761951.743,60.2,26.7
1782761956.755,60.1,26.7
1782761961.767,59.9,26.7
1782761966.776,59.8,26.7
1782761971.789,59.9,26.7
1782761976.799,59.8,26.7
1782761981.806,59.8,26.7
1782761986.816,59.8,26.7
1782761991.826,59.8,26.7
1782761996.833,59.7,26.7
1782762001.843,59.7,26.7
1782762006.851,59.7,26.7
1782762011.861,59.9,26.7
1782762016.865,59.9,26.7
1782762021.872,59.9,26.7
1782762026.882,59.8,26.7
1782762031.888,59.8,26.7
1782762036.899,59.7,26.7
1782762041.909,59.6,26.7
1782762046.917,59.6,26.7
1782762051.929,59.7,26.7
1782762056.941,59.9,26.7
1782762061.948,60.1,26.7
1782762066.961,60.1,26.7
1782762071.973,60.1,26.7
1782762076.985,60.1,26.7
1782762081.991,60.1,26.7
1782762087.007,60.3,26.7
1782762092.019,60.3,26.7
1782762097.034,60.2,26.7
1782762102.045,60.1,26.7
1782762107.056,60.2,26.7
1782762112.069,60.2,26.7
1782762117.082,60.0,26.7
1782762122.088,59.9,26.7
1782762127.102,59.8,26.7
1782762132.105,59.9,26.7
1782762137.12,59.9,26.7
1782762142.134,60.2,26.7
1782762147.143,60.2,26.7
1782762152.151,60.2,26.7
1782762157.166,60.1,26.7
1782762162.178,59.9,26.7
1782762167.19,59.7,26.7
1782762172.203,59.7,26.7
1782762177.217,59.6,26.7
1782762182.224,59.6,26.7
1782762187.235,59.9,26.7
1782762192.248,60.1,26.7
1782762197.26,60.0,26.7
1782762202.271,60.0,26.7
1782762207.283,60.0,26.7
1782762212.294,60.2,26.7
1782762217.307,60.2,26.7
1782762222.317,60.5,26.7
1782762227.325,60.7,26.7
1782762232.337,60.9,26.7
1782762237.348,60.6,26.7
1782762242.359,60.4,26.7
1782762247.363,60.4,26.7
1782762252.375,60.2,26.7
1782762257.391,60.2,26.7
1782762262.401,60.2,26.7
1782762267.409,60.4,26.7
1782762272.421,60.8,26.7
1782762277.431,61.1,26.7
1782762282.447,61.2,26.7
1782762287.453,61.4,26.7
1782762292.465,61.5,26.7
1782762297.48,61.4,26.7
1782762302.488,61.1,26.7
1782762307.502,60.7,26.7
1782762312.515,60.6,26.7
1782762317.527,60.6,26.7
1782762322.532,60.7,26.8
1782762327.548,61.0,26.7
1782762332.562,61.0,26.7
1782762337.564,60.9,26.7
1782762342.576,60.7,26.7
1782762347.585,60.4,26.8
1782762352.599,60.1,26.7
1782762357.61,60.2,26.7
1782762362.621,60.3,26.7
1782762367.63,60.4,26.7
1782762372.641,60.5,26.8
1782762377.654,60.5,26.7
1782762382.668,60.4,26.7
1782762387.671,60.3,26.7
1782762392.683,60.3,26.7
1782762397.698,60.3,26.7
1782762402.709,60.3,26.7
1782762407.716,60.2,26.7
1782762412.73,60.2,26.7
1782762417.743,60.1,26.7
1782762422.755,60.0,26.7
1782762427.768,59.9,26.7
1782762432.782,59.9,26.7
1782762437.788,59.8,26.7
1782762442.796,59.7,26.7
1782762447.811,59.8,26.7
1782762452.821,59.8,26.7
1782762457.836,59.9,26.7
1782762462.841,60.1,26.7
1782762467.855,60.2,26.7
1782762472.865,60.3,26.7
1782762477.878,60.4,26.7
1782762482.893,60.6,26.7
1782762487.903,60.7,26.7
1782762492.91,60.6,26.7
1782762497.915,60.4,26.7
1782762502.922,60.2,26.7
1782762507.932,60.2,26.7
1782762512.946,60.2,26.7
1782762517.96,60.2,26.7
1782762522.97,60.3,26.7
1782762527.983,60.4,26.8
1782762532.998,60.4,26.7
1782762538.01,60.4,26.7
1782762543.018,60.4,26.7
1782762548.028,60.4,26.8
1782762553.04,60.4,26.7
1782762558.054,60.3,26.7
1782762563.064,60.2,26.7
1782762568.079,60.3,26.8
1782762573.088,60.4,26.8
1782762578.094,60.4,26.7
1782762583.11,60.6,26.8
1782762588.117,60.5,26.7
1782762593.124,60.6,26.7
1782762598.139,60.7,26.8
1782762603.145,60.7,26.8
1782762608.155,60.8,26.8
1782762613.172,60.8,26.8
1782762618.182,60.8,26.7
1782762623.193,60.7,26.8
1782762628.206,60.7,26.7
1782762633.217,60.6,26.8
1782762638.229,60.6,26.8
1782762643.236,60.6,26.8
1782762648.248,60.5,26.7
1782762653.261,60.4,26.7
1782762658.273,60.3,26.8
1782762663.288,60.4,26.7
1782762668.298,60.6,26.7
1782762673.309,60.6,26.8
1782762678.322,60.6,26.8
1782762683.338,60.6,26.7
1782762688.347,60.6,26.7
1782762693.355,60.5,26.8
1782762698.36,60.4,26.8
1782762703.37,60.4,26.8
1782762708.384,60.4,26.7
1782762713.395,60.5,26.8
1782762718.4,60.5,26.8
1782762723.409,60.5,26.8
1782762728.421,60.5,26.8
1782762733.429,60.4,26.8
1782762738.435,60.4,26.8
1782762743.442,60.5,26.7
1782762748.444,60.4,26.8
1782762753.455,60.3,26.8
1782762758.461,60.3,26.8
1782762763.469,60.1,26.7
1782762768.48,60.0,26.8
1782762773.49,59.9,26.8
1782762778.499,59.9,26.8
1782762783.509,59.9,26.8
1782762788.515,60.0,26.7
1782762793.523,60.2,26.8
1782762798.528,60.4,26.8
1782762803.541,60.5,26.8
1782762808.551,60.5,26.7
1782762813.559,60.5,26.8
1782762818.565,60.5,26.8
1782762823.575,60.6,26.8
1782762828.589,60.6,26.8
1782762833.602,60.7,26.8
1782762838.614,60.7,26.8
1782762843.627,60.6,26.8
1782762848.634,60.5,26.8
1782762853.647,60.4,26.8
1782762858.657,60.4,26.8
1782762863.669,60.3,26.8
1782762868.683,60.3,26.8
1782762873.697,60.3,26.8
1782762878.709,60.4,26.8
1782762883.721,60.5,26.8
1782762888.733,60.5,26.8
1782762893.745,60.5,26.8
1782762898.753,60.4,26.8
1782762903.761,60.3,26.8
1782762908.773,60.3,26.8
1782762913.787,60.4,26.8
1782762918.798,60.5,26.8
1782762923.814,60.5,26.8
1782762928.827,60.5,26.8
1782762933.839,60.6,26.8
1782762938.85,60.7,26.8
1782762943.864,60.7,26.8
1782762948.868,60.7,26.8
1782762953.883,60.8,26.8
1782762958.891,60.8,26.8
1782762963.9,60.8,26.8
1782762968.916,60.9,26.8
1782762973.93,60.8,26.8
1782762978.941,60.7,26.8
1782762983.953,60.5,26.8
1782762988.965,60.5,26.8
1782762993.979,60.4,26.8
1782762998.985,60.4,26.8
1782763003.997,60.3,26.8
1782763009.009,60.3,26.8
1782763014.022,60.3,26.8
1782763019.03,60.4,26.8
1782763024.045,60.4,26.8
1782763029.057,60.5,26.8
1782763034.063,60.4,26.8
1782763039.078,60.3,26.8
1782763044.091,60.3,26.8
1782763049.103,60.3,26.8
1782763054.112,60.3,26.8
1782763059.12,60.2,26.8
1782763064.135,60.3,26.8
1782763069.149,60.5,26.8
1782763074.162,60.8,26.7
1782763079.173,60.8,26.8
1782763084.183,60.6,26.8
1782763089.196,60.4,26.8
1782763094.206,60.3,26.8
1782763099.219,60.2,26.8
1782763104.226,60.3,26.8
1782763109.241,60.3,26.8
1782763114.251,60.3,26.8
1782763119.261,60.3,26.8
1782763124.276,60.4,26.8
1782763129.289,60.5,26.8
1782763134.302,60.5,26.8
1782763139.315,60.4,26.8
1782763144.328,60.4,26.8
1782763149.34,60.4,26.8
1782763154.352,60.4,26.8
1782763159.356,60.5,26.8
1782763164.366,60.6,26.8
1782763169.381,60.5,26.8
1782763174.391,60.4,26.8
1782763179.403,60.3,26.8
1782763184.412,60.4,26.8
1782763189.42,60.3,26.8
1782763194.431,60.4,26.8
1782763199.445,60.6,26.8
1782763204.454,60.6,26.8
1782763209.461,60.6,26.8
1782763214.473,60.7,26.8
1782763219.484,60.8,26.8
1782763224.498,60.7,26.8
1782763229.509,60.5,26.8
1782763234.518,60.5,26.8
1782763239.528,60.5,26.8
1782763244.54,60.5,26.8
1782763249.549,60.4,26.8
1782763254.561,60.4,26.8
1782763259.568,60.5,26.8
1782763264.58,60.6,26.8
1782763269.594,60.6,26.8
1782763274.605,60.5,26.8
1782763279.616,60.4,26.8
1782763284.63,60.4,26.8
1782763289.641,60.5,26.8
1782763294.651,60.5,26.8
1782763299.665,60.5,26.8
1782763304.677,60.6,26.8
1782763309.68,60.6,26.8
1782763314.69,60.7,26.8
1782763319.706,60.7,26.8
1782763324.719,60.8,26.8
1782763329.731,60.8,26.8
1782763334.74,60.7,26.8
1782763339.754,60.5,26.8
1782763344.767,60.4,26.8
1782763349.78,60.4,26.8
1782763354.79,60.4,26.8
1782763359.796,60.4,26.8
1782763364.808,60.4,26.8
1782763369.826,60.3,26.8
1782763374.835,60.2,26.8
1782763379.843,60.2,26.8
1782763384.856,60.2,26.8
1782763389.868,60.3,26.8
1782763394.878,60.4,26.8
1782763399.891,60.4,26.8
1782763404.902,60.4,26.8
1782763409.913,60.4,26.8
1782763414.921,60.5,26.8
1782763419.937,60.5,26.8
1782763424.949,60.5,26.8
1782763429.957,60.5,26.8
1782763434.97,60.6,26.8
1782763439.983,60.7,26.8
1782763444.993,60.6,26.8
1782763450.004,60.5,26.8
1782763455.017,60.5,26.8
1782763460.029,60.4,26.8
1782763465.035,60.4,26.8
1782763470.048,60.4,26.8
1782763475.058,60.4,26.8
1782763480.069,60.4,26.8
1782763485.082,60.6,26.8
1782763490.094,60.6,26.8
1782763495.107,60.4,26.8
1782763500.12,60.2,26.8
1782763505.133,60.2,26.8
1782763510.144,60.2,26.8
1782763515.148,60.3,26.8
1782763520.163,60.4,26.8
1782763525.173,60.4,26.8
1782763530.182,60.3,26.8
1782763535.191,60.2,26.8
1782763540.199,60.1,26.8
1782763545.209,60.1,26.8
1782763550.216,60.1,26.8
1782763555.225,60.4,26.8
1782763560.237,60.6,26.8
1782763565.243,60.8,26.8
1782763570.255,60.9,26.8
1782763575.263,61.0,26.8
1782763580.274,60.9,26.8
1782763585.289,60.8,26.8
1782763590.296,60.6,26.8
1782763595.31,60.6,26.8
1782763600.321,60.6,26.8
1782763605.33,60.7,26.8
1782763610.341,60.8,26.8
1782763615.349,60.8,26.8
1782763620.362,60.7,26.8
1782763625.375,60.6,26.8
1782763630.387,60.8,26.8
1782763635.398,61.0,26.8
1782763640.409,60.9,26.8
1782763645.421,60.9,26.8
1782763650.43,60.9,26.8
1782763655.443,60.7,26.8
1782763660.453,60.6,26.8
1782763665.458,60.5,26.8
1782763670.47,60.7,26.8
1782763675.478,60.7,26.8
1782763680.489,60.5,26.8
1782763685.498,60.5,26.8
1782763690.505,60.6,26.8
1782763695.516,60.6,26.8
1782763700.526,60.6,26.8
1782763705.535,60.8,26.8
1782763710.544,61.1,26.8
1782763715.553,60.8,26.8
1782763720.556,60.7,26.8
1782763725.566,60.5,26.8
1782763730.572,60.4,26.8
1782763735.576,60.3,26.8
1782763740.585,60.4,26.8
1782763745.593,60.5,26.8
1782763750.602,60.8,26.8
1782763755.609,60.9,26.8
1782763760.614,60.9,26.8
1782763765.621,60.9,26.8
1782763770.629,61.0,26.8
1782763775.636,61.0,26.8
1782763780.647,61.0,26.8
1782763785.653,61.0,26.8
1782763790.66,61.0,26.8
1782763795.671,60.9,26.8
1782763800.678,60.8,26.8
1782763805.686,60.7,26.8
1782763810.694,60.7,26.8
1782763815.704,60.7,26.8
1782763820.708,60.6,26.8
1782763825.72,60.7,26.8
1782763830.732,60.8,26.8
1782763835.744,60.9,26.8
1782763840.759,60.9,26.8
1782763845.766,61.0,26.8
1782763850.779,60.9,26.8
1782763855.789,60.7,26.8
1782763860.801,60.6,26.8
1782763865.814,60.7,26.8
1782763870.821,60.7,26.8
1782763875.833,60.6,26.8
1782763880.844,60.6,26.8
1782763885.848,60.6,26.8
1782763890.857,60.5,26.8
1782763895.868,60.5,26.8
1782763900.875,60.5,26.8
1782763905.877,60.7,26.8
1782763910.889,61.1,26.8
1782763915.898,61.1,26.8
1782763920.9,61.0,26.8
1782763925.908,60.9,26.8
1782763930.914,60.8,26.8
1782763935.922,60.7,26.8
1782763940.93,60.9,26.8
1782763945.938,61.0,26.8
1782763950.946,60.9,26.8
1782763955.955,60.7,26.8
1782763960.961,60.8,26.8
1782763965.964,60.7,26.8
1782763970.972,60.8,26.8
1782763975.982,61.2,26.8
1782763980.99,61.4,26.8
1782763985.997,61.4,26.8
1782763991.004,61.3,26.8
1782763996.013,61.2,26.8
1782764001.022,61.0,26.8
1782764006.031,60.8,26.8
1782764011.042,60.8,26.8
1782764016.044,60.7,26.8
1782764021.053,60.6,26.8
1782764026.061,60.4,26.8
1782764031.069,60.3,26.8
1782764036.078,60.3,26.8
1782764041.085,60.7,26.8
1782764046.092,61.1,26.8
1782764051.102,61.2,26.8
1782764056.11,61.1,26.8
1782764061.119,61.1,26.8
1782764066.126,60.8,26.8
1782764071.135,60.7,26.8
1782764076.145,60.7,26.8
1782764081.153,60.8,26.8
1782764086.16,60.7,26.8
1782764091.169,60.7,26.8
1782764096.179,60.6,26.8
1782764101.187,60.7,26.8
1782764106.195,60.7,26.8
1782764111.204,60.7,26.8
1782764116.209,60.6,26.8
1782764121.22,60.9,26.8
1782764126.228,61.0,26.8
1782764131.237,60.9,26.8
1782764136.242,60.8,26.8
1782764141.251,60.8,26.8
1782764146.262,60.8,26.8
1782764151.275,60.7,26.8
1782764156.288,60.7,26.8
1782764161.298,60.7,26.8
1782764166.306,60.7,26.8
1782764171.316,60.8,26.8
1782764176.327,61.0,26.8
1782764181.337,60.9,26.8
1782764186.344,60.8,26.8
1782764191.359,60.8,26.8
1782764196.37,60.9,26.8
1782764201.379,60.9,26.8
1782764206.389,60.9,26.8
1782764211.4,60.8,26.8
1782764216.408,60.7,26.8
1782764221.418,60.7,26.8
1782764226.427,60.7,26.8
1782764231.436,60.7,26.8
1782764236.449,60.6,26.8
1782764241.46,60.6,26.8
1782764246.473,60.8,26.8
1782764251.486,60.9,26.8
1782764256.492,60.9,26.8
1782764261.508,60.9,26.8
1782764266.518,60.8,26.8
1782764271.524,60.9,26.8
1782764276.539,60.8,26.8
1782764281.548,60.7,26.8
1782764286.562,60.6,26.8
1782764291.575,60.7,26.8
1782764296.587,60.7,26.8
1782764301.596,60.6,26.8
1782764306.611,60.6,26.8
1782764311.621,60.5,26.8
1782764316.63,60.5,26.8
1782764321.636,60.4,26.8
1782764326.644,60.4,26.8
1782764331.654,60.4,26.8
1782764336.668,60.5,26.8
1782764341.678,60.6,26.8
1782764346.687,60.8,26.8
1782764351.702,60.8,26.8
1782764356.717,60.7,26.8
1782764361.73,60.6,26.8
1782764366.742,60.5,26.8
1782764371.745,60.5,26.8
1782764376.759,60.5,26.8
1782764381.771,60.4,26.8
1782764386.78,60.4,26.8
1782764391.791,60.3,26.8
1782764396.803,60.3,26.8
1782764401.812,60.3,26.8
1782764406.83,60.3,26.8
1782764411.842,60.3,26.8
1782764416.853,60.4,26.8
1782764421.856,60.4,26.8
1782764426.868,60.4,26.8
1782764431.876,60.4,26.8
1782764436.89,60.4,26.8
1782764441.9,60.4,26.8
1782764446.91,60.3,26.8
1782764451.928,60.4,26.8
1782764456.94,60.4,26.8
1782764461.952,60.4,26.8
1782764466.964,60.4,26.8
1782764471.971,60.4,26.8
1782764476.985,60.4,26.8
1782764481.991,60.3,26.8
1782764487.003,60.2,26.8
1782764492.018,60.2,26.8
1782764497.027,60.3,26.8
1782764502.042,60.4,26.8
1782764507.048,60.6,26.8
1782764512.057,60.6,26.8
1782764517.064,60.6,26.8
1782764522.07,60.5,26.8
1782764527.075,60.5,26.8
1782764532.084,60.6,26.8
1782764537.092,60.5,26.8
1782764542.1,60.4,26.8
1782764547.112,60.3,26.8
1782764552.123,60.2,26.8
1782764557.131,60.2,26.8
1782764562.14,60.2,26.8
1782764567.15,60.3,26.8
1782764572.154,60.3,26.8
1782764577.163,60.2,26.8
1782764582.172,60.3,26.8
1782764587.181,60.3,26.8
1782764592.193,60.3,26.8
1782764597.198,60.3,26.8
1782764602.208,60.3,26.8
1782764607.216,60.3,26.8
1782764612.224,60.2,26.8
1782764617.231,60.3,26.8
1782764622.236,60.3,26.8
1782764627.246,60.4,26.8
1782764632.259,60.5,26.8
1782764637.264,60.5,26.8
1782764642.274,60.5,26.8
1782764647.282,60.4,26.8
1782764652.291,60.4,26.8
1782764657.298,60.3,26.8
1782764662.308,60.3,26.8
1782764667.318,60.2,26.8
1782764672.324,60.3,26.8
1782764677.333,60.3,26.8
1782764682.342,60.2,26.8
1782764687.354,60.2,26.8
1782764692.364,60.1,26.8
1782764697.375,60.0,26.8
1782764702.388,60.0,26.8
1782764707.401,60.0,26.8
1782764712.409,60.1,26.8
1782764717.421,60.3,26.8
1782764722.424,60.4,26.8
1782764727.437,60.4,26.8
1782764732.451,60.3,26.8
1782764737.462,60.4,26.8
1782764742.469,60.4,26.8
1782764747.483,60.5,26.8
1782764752.494,60.5,26.8
1782764757.502,60.4,26.8
1782764762.515,60.4,26.8
1782764767.527,60.4,26.8
1782764772.538,60.4,26.8
1782764777.545,60.4,26.8
1782764782.553,60.4,26.8
1782764787.562,60.3,26.9
1782764792.57,60.2,26.8
1782764797.576,60.2,26.8
1782764802.586,60.3,26.8
1782764807.595,60.5,26.8
1782764812.603,60.4,26.8
1782764817.612,60.4,26.8
1782764822.62,60.3,26.8
1782764827.625,60.3,26.8
1782764832.633,60.2,26.8
1782764837.64,60.2,26.8
1782764842.648,60.4,26.8
1782764847.658,60.4,26.9
1782764852.668,60.4,26.8
1782764857.675,60.4,26.8
1782764862.685,60.3,26.9
1782764867.695,60.2,26.9
1782764872.698,60.2,26.8
1782764877.708,60.3,26.8
1782764882.72,60.3,26.8
1782764887.732,60.3,26.8
1782764892.746,60.2,26.8
1782764897.756,60.3,26.8
1782764902.77,60.3,26.8
1782764907.782,60.3,26.8
1782764912.793,60.4,26.8
1782764917.802,60.5,26.8
1782764922.809,60.5,26.8
1782764927.817,60.4,26.8
1782764932.831,60.3,26.8
1782764937.841,60.3,26.8
1782764942.854,60.3,26.8
1782764947.867,60.3,26.8
1782764952.878,60.1,26.8
1782764957.885,60.0,26.8
1782764962.897,60.1,26.9
1782764967.905,60.1,26.9
1782764972.916,60.2,26.8
1782764977.924,60.2,26.8
1782764982.936,60.3,26.9
1782764987.944,60.4,26.8
1782764992.96,60.4,26.8
1782764997.973,60.4,26.9
1782765002.986,60.5,26.9
1782765007.997,60.5,26.9
1782765013.005,60.5,26.9
1782765018.02,60.4,26.9
1782765023.03,60.4,26.8
1782765028.035,60.5,26.8
1782765033.05,60.6,26.9
1782765038.06,60.5,26.9
1782765043.072,60.5,26.8
1782765048.087,60.4,26.9
1782765053.097,60.3,26.8
1782765058.109,60.4,26.9
1782765063.12,60.3,26.8
1782765068.134,60.4,26.9
1782765073.145,60.5,26.9
1782765078.152,60.6,26.9
1782765083.161,60.7,26.8
1782765088.175,60.7,26.9
1782765093.183,60.6,26.8
1782765098.195,60.6,26.8
1782765103.208,60.5,26.9
1782765108.22,60.5,26.9
1782765113.229,60.5,26.8
1782765118.242,60.4,26.9
1782765123.251,60.4,26.8
1782765128.262,60.4,26.9
1782765133.268,60.3,26.9
1782765138.278,60.3,26.9
1782765143.288,60.4,26.9
1782765148.304,60.4,26.9
1782765153.311,60.5,26.9
1782765158.324,60.6,26.9
1782765163.338,60.6,26.9
1782765168.349,60.7,26.9
1782765173.357,60.7,26.9
1782765178.369,60.7,26.9
1782765183.372,60.6,26.9
1782765188.386,60.6,26.9
1782765193.396,60.7,26.9
1782765198.411,60.7,26.8
1782765203.423,60.5,26.9
1782765208.434,60.5,26.9
1782765213.445,60.4,26.9
1782765218.458,60.4,26.9
1782765223.469,60.3,26.8
1782765228.475,60.3,26.9
1782765233.48,60.3,26.9
1782765238.488,60.2,26.9
1782765243.497,60.2,26.9
1782765248.51,60.2,26.9
1782765253.521,60.1,26.9
1782765258.531,60.2,26.9
1782765263.542,60.2,26.9
1782765268.553,60.2,26.9
1782765273.564,60.4,26.9
1782765278.577,60.4,26.9
1782765283.58,60.3,26.9
1782765288.59,60.3,26.9
1782765293.6,60.2,26.9
1782765298.615,60.2,26.9
1782765303.626,60.3,26.9
1782765308.639,60.4,26.9
1782765313.645,60.6,26.9
1782765318.658,60.6,26.9
1782765323.672,60.5,26.9
1782765328.682,60.4,26.9
1782765333.695,60.3,26.9
1782765338.698,60.2,26.9
1782765343.711,60.2,26.9
1782765348.725,60.2,26.9
1782765353.733,60.2,26.9
1782765358.743,60.3,26.9
1782765363.757,60.3,26.9
1782765368.764,60.3,26.9
1782765373.777,60.2,26.9
1782765378.788,60.2,26.9
1782765383.801,60.1,26.9
1782765388.808,60.1,26.9
1782765393.824,60.1,26.9
1782765398.836,60.1,26.9
1782765403.848,60.1,26.9
1782765408.859,60.1,26.9
1782765413.87,60.1,26.9
1782765418.883,60.1,26.9
1782765423.894,60.1,26.9
1782765428.903,60.0,26.9
1782765433.917,60.1,26.9
1782765438.923,60.1,26.9
1782765443.936,60.2,26.9
1782765448.946,60.2,26.9
1782765453.957,60.2,26.9
1782765458.971,60.2,26.9
1782765463.982,60.2,26.9
1782765468.994,60.2,26.9
1782765474.008,60.2,26.9
1782765479.019,60.2,26.9
1782765484.03,60.1,26.9
1782765489.037,60.2,26.9
1782765494.049,60.3,26.9
1782765499.059,60.4,26.9
1782765504.073,60.3,26.9
1782765509.083,60.3,26.9
1782765514.091,60.3,26.9
1782765519.101,60.3,26.9
1782765524.112,60.3,26.9
1782765529.117,60.2,26.9
1782765534.125,60.2,26.9
1782765539.134,60.2,26.9
1782765544.142,60.3,26.9
1782765549.151,60.2,26.9
1782765554.158,60.2,26.9
1782765559.167,60.1,26.9
1782765564.176,60.1,26.9
1782765569.183,60.2,26.9
1782765574.192,60.1,26.9
1782765579.198,60.2,26.9
1782765584.205,60.3,26.9
1782765589.208,60.2,26.9
1782765594.221,60.3,26.9
1782765599.231,60.3,26.9
1782765604.245,60.4,26.9
1782765609.257,60.5,26.9
1782765614.269,60.5,26.9
1782765619.284,60.4,26.9
1782765624.296,60.3,26.9
1782765629.304,60.3,26.9
1782765634.32,60.3,26.9
1782765639.334,60.4,26.9
1782765644.338,60.5,26.9
1782765649.348,60.4,26.9
1782765654.36,60.3,26.9
1782765659.372,60.2,26.9
1782765664.381,60.2,26.9
1782765669.39,60.4,26.9
1782765674.404,60.5,26.9
1782765679.414,60.5,26.9
1782765684.419,60.5,26.9
1782765689.427,60.4,26.9
1782765694.432,60.4,26.9
1782765699.44,60.3,26.9
1782765704.448,60.3,26.9
1782765709.456,60.4,26.9
1782765714.464,60.5,26.9
1782765719.476,60.7,26.9
1782765724.483,60.7,26.9
1782765729.499,60.6,26.9
1782765734.511,60.6,26.9
1782765739.525,60.6,26.9
1782765744.532,60.7,26.9
1782765749.547,60.6,26.9
1782765754.558,60.5,26.9
1782765759.57,60.5,26.9
1782765764.58,60.6,26.9
1782765769.59,60.6,26.9
1782765774.607,60.7,26.9
1782765779.619,60.7,26.9
1782765784.629,60.8,26.9
1782765789.641,60.7,26.9
1782765794.645,60.7,26.9
1782765799.659,60.7,26.9
1782765804.667,60.7,26.9
1782765809.676,60.6,26.9
1782765814.687,60.7,26.9
1782765819.701,60.8,26.9
1782765824.71,60.7,26.9
1782765829.719,60.7,26.9
1782765834.732,60.6,26.9
1782765839.742,60.6,26.9
1782765844.751,60.5,26.9
1782765849.761,60.6,26.9
1782765854.768,60.6,26.9
1782765859.782,60.5,26.9
1782765864.792,60.4,26.9
1782765869.807,60.4,26.9
1782765874.822,60.4,26.9
1782765879.834,60.4,26.9
1782765884.845,60.3,26.9
1782765889.859,60.2,26.9
1782765894.862,60.2,26.9
1782765899.875,60.2,26.9
1782765904.884,60.2,26.9
1782765909.892,60.2,26.9
1782765914.903,60.2,26.9
1782765919.913,60.2,26.9
1782765924.923,60.4,26.9
1782765929.932,60.4,26.9
1782765934.939,60.4,26.9
1782765939.951,60.4,26.9
1782765944.957,60.3,26.9
1782765949.966,60.2,26.9
1782765954.975,60.2,26.9
1782765959.985,60.2,26.9
1782765964.993,60.4,26.9
1782765970.001,60.5,26.9
1782765975.006,60.5,26.9
1782765980.015,60.3,26.9
1782765985.023,60.2,26.9
1782765990.033,60.3,26.9
1782765995.039,60.4,26.9
1782766000.049,60.5,26.9
1782766005.056,60.5,26.9
1782766010.065,60.4,26.9
1782766015.074,60.4,26.9
1782766020.082,60.3,26.9
1782766025.088,60.3,26.9
1782766030.097,60.3,26.9
1782766035.107,60.3,26.9
1782766040.116,60.3,26.9
1782766045.121,60.3,26.9
1782766050.127,60.3,26.9
1782766055.136,60.3,26.9
1782766060.147,60.3,26.9
1782766065.156,60.3,26.9
1782766070.164,60.3,26.9
1782766075.175,60.4,26.9
1782766080.185,60.3,26.9
1782766085.193,60.3,26.9
1782766090.201,60.3,26.9
1782766095.206,60.3,26.9
1782766100.215,60.4,26.9
1782766105.225,60.6,26.9
1782766110.233,60.5,26.9
1782766115.244,60.4,26.9
1782766120.248,60.4,26.9
1782766125.254,60.3,26.9
1782766130.262,60.2,26.9
1782766135.273,60.2,26.9
1782766140.283,60.3,26.9
1782766145.291,60.4,26.9
1782766150.306,60.4,26.9
1782766155.316,60.4,26.9
1782766160.329,60.3,26.9
1782766165.341,60.3,26.9
1782766170.356,60.3,26.9
1782766175.37,60.4,26.9
1782766180.381,60.4,26.9
1782766185.397,60.3,26.9
1782766190.409,60.3,26.9
1782766195.41,60.3,26.9
1782766200.424,60.3,26.9
1782766205.436,60.2,26.9
1782766210.449,60.2,26.9
1782766215.463,60.2,26.9
1782766220.474,60.4,26.9
1782766225.487,60.4,26.9
1782766230.5,60.4,26.9
1782766235.515,60.5,26.9
1782766240.526,60.4,26.9
1782766245.538,60.4,27.0
1782766250.542,60.5,26.9
1782766255.555,60.4,26.9
1782766260.565,60.3,26.9
1782766265.576,60.3,26.9
1782766270.59,60.4,26.9
1782766275.602,60.5,26.9
1782766280.613,60.4,26.9
1782766285.628,60.4,26.9
1782766290.64,60.5,26.9
1782766295.653,60.5,26.9
1782766300.659,60.4,26.9
1782766305.671,60.3,27.0
1782766310.683,60.3,26.9
1782766315.699,60.4,26.9
1782766320.709,60.4,26.9
1782766325.721,60.3,26.9
1782766330.732,60.2,26.9
1782766335.742,60.2,26.9
1782766340.753,60.3,27.0
1782766345.766,60.4,26.9
1782766350.773,60.5,26.9
1782766355.787,60.6,26.9
1782766360.797,60.6,26.9
1782766365.811,60.5,26.9
1782766370.825,60.4,26.9
1782766375.835,60.3,26.9
1782766380.845,60.3,26.9
1782766385.861,60.4,26.9
1782766390.874,60.5,27.0
1782766395.886,60.5,27.0
1782766400.888,60.5,26.9
1782766405.898,60.5,26.9
1782766410.912,60.6,26.9
1782766415.926,60.4,26.9
1782766420.932,60.3,27.0
1782766425.941,60.3,26.9
1782766430.954,60.3,26.9
1782766435.963,60.3,27.0
1782766440.971,60.4,26.9
1782766445.98,60.4,27.0
1782766450.986,60.5,26.9
1782766455.997,60.6,26.9
1782766461.004,60.7,26.9
1782766466.008,60.7,27.0
1782766471.018,60.6,26.9
1782766476.027,60.5,26.9
1782766481.035,60.4,26.9
1782766486.043,60.5,26.9
1782766491.052,60.5,27.0
1782766496.061,60.5,26.9
1782766501.065,60.6,26.9
1782766506.072,60.6,27.0
1782766511.08,60.6,27.0
1782766516.088,60.6,27.0
1782766521.098,60.6,27.0
1782766526.105,60.5,26.9
1782766531.116,60.3,26.9
1782766536.125,60.3,27.0
1782766541.13,60.2,27.0
1782766546.135,60.3,26.9
1782766551.141,60.2,26.9
1782766556.15,60.3,27.0
1782766561.156,60.3,27.0
1782766566.164,60.2,26.9
1782766571.173,60.3,26.9
1782766576.182,60.3,27.0
1782766581.193,60.4,26.9
1782766586.199,60.5,27.0
1782766591.208,60.5,26.9
1782766596.215,60.5,27.0
1782766601.222,60.6,26.9
1782766606.231,60.6,27.0
1782766611.242,60.6,26.9
1782766616.247,60.6,27.0
1782766621.255,60.7,26.9
1782766626.263,60.8,26.9
1782766631.271,60.7,26.9
1782766636.28,60.7,26.9
1782766641.289,60.7,26.9
1782766646.3,60.6,26.9
1782766651.306,60.5,27.0
1782766656.313,60.5,26.9
1782766661.32,60.4,27.0
1782766666.331,60.4,26.9
1782766671.338,60.3,26.9
1782766676.347,60.3,27.0
1782766681.355,60.3,27.0
1782766686.363,60.3,27.0
1782766691.373,60.3,26.9
1782766696.386,60.4,27.0
1782766701.392,60.3,26.9
1782766706.404,60.4,26.9
1782766711.419,60.5,26.9
1782766716.431,60.6,27.0
1782766721.443,60.7,26.9
1782766726.454,60.7,26.9
1782766731.468,60.6,27.0
1782766736.475,60.6,27.0
1782766741.489,60.5,26.9
1782766746.498,60.6,27.0
1782766751.5,60.6,26.9
1782766756.512,60.7,26.9
1782766761.527,60.6,27.0
1782766766.538,60.5,26.9
1782766771.545,60.4,26.9
1782766776.551,60.4,26.9
1782766781.563,60.3,26.9
1782766786.572,60.4,26.9
1782766791.58,60.4,26.9
1782766796.59,60.5,27.0
1782766801.592,60.5,26.9
1782766806.601,60.6,26.9
1782766811.616,60.7,26.9
1782766816.625,60.8,27.0
1782766821.638,60.8,27.0
1782766826.653,60.8,26.9
1782766831.668,60.7,27.0
1782766836.68,60.5,26.9
1782766841.693,60.5,27.0
1782766846.705,60.5,27.0
1782766851.717,60.5,26.9
1782766856.727,60.5,27.0
1782766861.734,60.4,27.0
1782766866.742,60.3,27.0
1782766871.748,60.4,27.0
1782766876.756,60.4,27.0
1782766881.767,60.5,27.0
1782766886.777,60.4,27.0
1782766891.786,60.3,26.9
1782766896.796,60.3,27.0
1782766901.805,60.4,27.0
1782766906.812,60.4,26.9
1782766911.821,60.5,26.9
1782766916.831,60.6,27.0
1782766921.836,60.7,27.0
1782766926.848,60.8,27.0
1782766931.855,60.7,27.0
1782766936.863,60.6,27.0
1782766941.873,60.5,27.0
1782766946.88,60.5,26.9
1782766951.886,60.5,26.9
1782766956.896,60.5,27.0
1782766961.904,60.6,27.0
1782766966.913,60.5,27.0
1782766971.92,60.4,27.0
1782766976.931,60.5,27.0
1782766981.939,60.5,26.9
1782766986.948,60.6,27.0
1782766991.954,60.8,26.9
1782766996.965,60.9,26.9
1782767001.968,60.8,26.9
1782767006.976,60.7,26.9
1782767011.984,60.8,27.0
1782767016.992,60.7,26.9
1782767022.004,60.7,26.9
1782767027.015,60.7,26.9
1782767032.021,60.6,27.0
1782767037.031,60.6,26.9
1782767042.039,60.5,26.9
1782767047.048,60.6,26.9
1782767052.052,60.5,27.0
1782767057.06,60.6,26.9
1782767062.069,60.7,27.0
1782767067.08,60.8,26.9
1782767072.085,61.0,27.0
1782767077.095,61.1,27.0
1782767082.105,61.1,27.0
1782767087.111,60.9,27.0
1782767092.119,60.9,27.0
1782767097.129,61.0,27.0
1782767102.136,60.9,26.9
1782767107.146,60.8,27.0
1782767112.156,60.9,27.0
1782767117.165,61.0,27.0
1782767122.173,60.8,27.0
1782767127.183,60.7,27.0
1782767132.19,60.7,27.0
1782767137.2,60.6,26.9
1782767142.208,60.6,27.0
1782767147.216,60.6,27.0
1782767152.22,60.6,27.0
1782767157.228,60.6,27.0
1782767162.238,60.6,27.0
1782767167.246,60.6,27.0
1782767172.252,60.6,27.0
1782767177.262,60.7,27.0
1782767182.273,60.9,26.9
1782767187.282,61.0,27.0
1782767192.292,61.0,27.0
1782767197.301,61.0,27.0
1782767202.307,60.9,26.9
1782767207.317,60.9,27.0
1782767212.324,60.9,27.0
1782767217.333,61.0,27.0
1782767222.345,61.0,27.0
1782767227.355,61.0,27.0
1782767232.365,61.0,26.9
1782767237.375,61.2,27.0
1782767242.385,61.3,27.0
1782767247.394,61.3,27.0
1782767252.402,61.1,26.9
1782767257.408,61.0,27.0
1782767262.417,60.9,27.0
1782767267.424,60.8,27.0
1782767272.434,60.7,26.9
1782767277.444,60.7,27.0
1782767282.451,60.6,27.0
1782767287.459,60.6,27.0
1782767292.468,60.6,26.9
1782767297.476,60.6,26.9
1782767302.48,60.7,26.9
1782767307.489,60.9,27.0
1782767312.497,60.9,27.0
1782767317.504,60.9,26.9
1782767322.517,60.8,26.9
1782767327.526,60.8,27.0
1782767332.535,60.8,27.0
1782767337.545,60.8,27.0
1782767342.553,60.7,27.0
1782767347.563,60.7,27.0
1782767352.569,60.6,27.0
1782767357.578,60.7,26.9
1782767362.589,60.7,27.0
1782767367.595,60.7,27.0
1782767372.607,60.7,27.0
1782767377.615,60.7,27.0
1782767382.623,60.7,27.0
1782767387.63,60.7,27.0
1782767392.639,60.6,27.0
1782767397.648,60.7,27.0
1782767402.653,60.8,27.0
1782767407.662,60.8,27.0
1782767412.674,60.8,26.9
1782767417.687,60.7,27.0
1782767422.702,60.6,27.0
1782767427.711,60.6,26.9
1782767432.723,60.5,27.0
1782767437.733,60.5,27.0
1782767442.745,60.6,27.0
1782767447.753,60.6,26.9
1782767452.756,60.6,27.0
1782767457.768,60.7,27.0
1782767462.782,60.9,27.0
1782767467.794,61.0,27.0
1782767472.809,61.1,27.0
1782767477.822,61.0,27.0
1782767482.832,60.8,27.0
1782767487.845,60.8,26.9
1782767492.859,60.9,26.9
1782767497.871,61.0,27.0
1782767502.874,61.1,27.0
1782767507.886,60.9,26.9
1782767512.9,60.9,27.0
1782767517.91,61.1,27.0
1782767522.924,61.1,26.9
1782767527.934,61.0,26.9
1782767532.948,61.1,27.0
1782767537.961,61.1,26.9
1782767542.971,61.0,27.0
1782767547.984,60.8,27.0
1782767552.994,60.8,27.0
1782767558.0,60.8,27.0
1782767563.014,60.9,26.9
1782767568.023,60.9,27.0
1782767573.039,61.0,26.9
1782767578.051,60.9,27.0
1782767583.064,60.9,26.9
1782767588.075,61.0,26.9
1782767593.089,61.1,27.0
1782767598.096,61.0,27.0
1782767603.108,61.0,27.0
1782767608.115,61.0,27.0
1782767613.127,61.0,27.0
1782767618.144,60.9,27.0
1782767623.155,60.9,27.0
1782767628.166,60.9,27.0
1782767633.181,60.9,27.0
1782767638.193,60.9,27.0
1782767643.204,60.8,27.0
1782767648.214,60.8,27.0
1782767653.226,60.7,27.0
1782767658.231,60.7,27.0
1782767663.24,60.7,27.0
1782767668.255,60.6,27.0
1782767673.264,60.5,27.0
1782767678.279,60.5,27.0
1782767683.29,60.6,27.0
1782767688.3,60.8,27.0
1782767693.314,60.8,27.0
1782767698.324,60.9,26.9
1782767703.335,61.0,27.0
1782767708.343,61.1,27.0
1782767713.355,61.2,27.0
1782767718.37,61.3,27.0
1782767723.38,61.2,27.0
1782767728.393,61.0,27.0
1782767733.406,61.0,27.0
1782767738.418,61.0,27.0
1782767743.427,61.0,27.0
1782767748.437,60.9,27.0
1782767753.449,60.8,27.0
1782767758.455,60.9,27.0
1782767763.467,60.9,27.0
1782767768.482,60.8,27.0
1782767773.491,60.7,27.0
1782767778.501,60.7,27.0
1782767783.512,60.8,27.0
1782767788.524,61.0,27.0
1782767793.537,61.2,27.0
1782767798.55,61.2,27.0
1782767803.561,61.2,27.0
1782767808.571,61.1,27.0
1782767813.582,61.2,26.9
1782767818.596,61.1,27.0
1782767823.607,61.1,27.0
1782767828.617,61.1,27.0
1782767833.629,61.1,27.0
1782767838.64,61.2,27.0
1782767843.653,61.2,27.0
1782767848.666,61.1,27.0
1782767853.678,60.9,27.0
1782767858.69,61.1,27.0
1782767863.699,61.2,27.0
1782767868.711,61.1,27.0
1782767873.723,61.1,27.0
1782767878.732,61.0,27.0
1782767883.74,61.0,27.0
1782767888.748,61.2,27.0
1782767893.763,61.1,27.0
1782767898.772,61.1,27.0
1782767903.781,61.0,27.0
1782767908.792,61.0,26.9
1782767913.801,61.0,26.9
1782767918.812,61.1,27.0
1782767923.822,61.0,27.0
1782767928.83,61.1,26.9
1782767933.842,61.2,27.0
1782767938.853,61.1,27.0
1782767943.862,61.1,27.0
1782767948.875,61.0,27.0
1782767953.883,61.0,27.0
1782767958.895,60.9,26.9
1782767963.902,60.8,27.0
1782767968.912,60.7,26.9
1782767973.923,60.7,26.9
1782767978.936,60.7,27.0
1782767983.946,60.8,26.9
1782767988.961,60.8,26.9
1782767993.973,60.8,27.0
1782767998.984,60.8,27.0
1782768003.994,60.9,27.0
1782768009.007,60.9,26.9
1782768014.014,60.8,26.9
1782768019.025,60.8,27.0
1782768024.035,60.7,26.9
1782768029.043,60.7,26.9
1782768034.058,60.7,26.9
1782768039.069,60.8,26.9
1782768044.08,60.9,27.0
1782768049.09,60.9,27.0
1782768054.098,60.8,27.0
1782768059.109,60.8,26.9
1782768064.117,60.8,27.0
1782768069.13,60.8,27.0
1782768074.142,60.8,27.0
1782768079.151,60.8,27.0
1782768084.164,60.9,27.0
1782768089.174,61.1,27.0
1782768094.183,61.1,27.0
1782768099.194,61.1,27.0
1782768104.209,61.1,26.9
1782768109.223,61.2,27.0
1782768114.228,61.2,27.0
1782768119.24,61.2,27.0
1782768124.248,61.1,27.0
1782768129.262,61.2,27.0
1782768134.271,61.2,27.0
1782768139.276,61.2,27.0
1782768144.287,61.1,26.9
1782768149.299,61.0,27.0
1782768154.314,60.9,27.0
1782768159.325,60.9,27.0
1782768164.328,60.9,27.0
1782768169.34,61.0,27.0
1782768174.356,61.0,27.0
1782768179.366,61.0,26.9
1782768184.376,60.9,27.0
1782768189.39,61.0,26.9
1782768194.402,61.0,27.0
1782768199.414,60.9,27.0
1782768204.431,60.8,27.0
1782768209.441,60.7,27.0
1782768214.449,60.7,27.0
1782768219.453,60.8,27.0
1782768224.464,60.8,27.0
1782768229.472,60.8,26.9
1782768234.487,60.9,27.0
1782768239.497,60.8,27.0
1782768244.512,60.7,27.0
1782768249.524,60.7,27.0
1782768254.537,60.8,26.9
1782768259.544,60.8,27.0
1782768264.559,60.7,27.0
1782768269.564,60.7,27.0
1782768274.579,60.7,26.9
1782768279.588,60.7,27.0
1782768284.596,60.8,27.0
1782768289.606,60.9,27.0
1782768294.62,60.8,26.9
1782768299.63,61.0,27.0
1782768304.642,61.2,27.0
1782768309.649,61.2,27.0
1782768314.658,61.2,27.0
1782768319.663,61.2,27.0
1782768324.672,61.2,27.0
1782768329.68,61.2,27.0
1782768334.69,61.1,27.0
1782768339.698,61.0,27.0
1782768344.71,61.1,27.0
1782768349.723,61.0,27.0
1782768354.737,61.2,27.0
1782768359.744,61.2,27.0
1782768364.752,61.1,27.0
1782768369.756,61.1,27.0
1782768374.767,61.1,27.0
1782768379.775,61.2,27.0
1782768384.784,61.2,27.0
1782768389.794,61.3,27.0
1782768394.802,61.3,27.0
1782768399.808,61.3,27.0
1782768404.819,61.3,27.0
1782768409.827,61.3,27.0
1782768414.835,61.4,26.9
1782768419.841,61.5,27.0
1782768424.85,61.6,27.0
1782768429.858,61.5,27.0
1782768434.865,61.6,27.0
1782768439.873,61.5,27.0
1782768444.882,61.4,27.0
1782768449.891,61.3,27.0
1782768454.899,61.3,27.0
1782768459.907,61.3,27.0
1782768464.915,61.1,27.0
1782768469.92,61.0,27.0
1782768474.928,61.1,27.0
1782768479.938,61.2,27.0
1782768484.948,61.3,27.0
1782768489.957,61.3,27.0
1782768494.965,61.2,27.0
1782768499.972,61.1,27.0
1782768504.981,61.1,27.0
1782768509.99,61.1,27.0
1782768515.0,61.0,27.0
1782768520.005,61.2,27.0
1782768525.014,61.3,27.0
1782768530.022,61.4,27.0
1782768535.028,61.6,27.0
1782768540.037,61.6,27.0
1782768545.048,61.7,27.0
1782768550.055,61.7,27.0
1782768555.064,61.7,27.0
1782768560.074,61.7,27.0
1782768565.084,61.7,27.0
1782768570.091,61.8,27.0
1782768575.105,61.7,27.0
1782768580.112,61.6,27.0
1782768585.124,61.5,27.0
1782768590.134,61.4,27.0
1782768595.143,61.4,27.0
1782768600.157,61.4,27.0
1782768605.169,61.4,27.0
1782768610.179,61.4,27.0
1782768615.191,61.4,27.0
1782768620.197,61.2,27.0
1782768625.209,61.2,27.0
1782768630.223,61.2,27.0
1782768635.233,61.3,27.0
1782768640.244,61.3,27.0
1782768645.254,61.3,27.0
1782768650.264,61.3,27.0
1782768655.275,61.3,27.0
1782768660.287,61.3,27.0
1782768665.297,61.4,27.0
1782768670.304,61.6,27.0
1782768675.316,61.6,27.0
1782768680.327,61.6,27.0
1782768685.336,61.6,27.0
1782768690.352,61.5,27.0
1782768695.362,61.5,27.0
1782768700.372,61.5,27.0
1782768705.378,61.6,27.0
1782768710.383,61.7,27.0
1782768715.394,61.6,27.0
1782768720.403,61.6,27.0
1782768725.408,61.6,27.0
1782768730.417,61.6,27.0
1782768735.424,61.6,27.0
1782768740.433,61.6,27.0
1782768745.443,61.7,27.0
1782768750.45,61.6,27.0
1782768755.458,61.6,27.0
1782768760.467,61.5,27.0
1782768765.475,61.5,27.0
1782768770.48,61.6,27.0
1782768775.488,61.8,27.0
1782768780.496,61.8,27.0
1782768785.508,61.7,27.0
1782768790.517,61.8,27.0
1782768795.523,61.7,27.0
1782768800.535,61.6,27.0
1782768805.543,61.5,27.0
1782768810.552,61.5,27.0
1782768815.566,61.4,27.0
1782768820.572,61.3,27.0
1782768825.584,61.3,27.0
1782768830.597,61.2,27.0
1782768835.61,61.1,27.0
1782768840.619,61.1,27.0
1782768845.632,61.2,27.0
1782768850.646,61.3,27.0
1782768855.66,61.5,27.0
1782768860.672,61.6,27.0
1782768865.685,61.6,27.0
1782768870.696,61.6,27.0
1782768875.703,61.7,27.0
1782768880.717,61.9,27.0
1782768885.727,61.9,27.0
1782768890.737,61.8,27.0
1782768895.749,61.7,27.0
1782768900.763,61.7,27.0
1782768905.773,61.8,27.0
1782768910.78,61.8,27.0
1782768915.793,61.7,27.0
1782768920.805,61.5,27.0
1782768925.807,61.5,27.0
1782768930.82,61.4,27.0
1782768935.828,61.4,27.0
1782768940.838,61.5,27.0
1782768945.849,61.4,27.0
1782768950.859,61.4,27.0
1782768955.873,61.4,27.0
1782768960.885,61.6,27.0
1782768965.897,61.6,27.0
1782768970.906,61.6,27.0
1782768975.911,61.5,27.0
1782768980.923,61.6,27.0
1782768985.936,61.5,27.0
1782768990.946,61.5,27.0
1782768995.962,61.4,27.0
1782769000.976,61.4,27.0
1782769005.985,61.4,27.0
1782769010.993,61.5,27.0
1782769016.006,61.5,27.0
1782769021.016,61.6,27.0
1782769026.022,61.5,27.0
1782769031.028,61.6,27.0
1782769036.034,61.6,27.0
1782769041.048,61.7,27.0
1782769046.061,61.7,27.0
1782769051.073,61.6,27.0
1782769056.087,61.5,27.0
1782769061.097,61.5,27.0
1782769066.107,61.5,27.0
1782769071.122,61.5,27.0
1782769076.135,61.5,27.0
1782769081.14,61.5,27.0
1782769086.154,61.5,27.0
1782769091.164,61.5,27.0
1782769096.178,61.3,27.0
1782769101.191,61.2,27.0
1782769106.202,61.1,27.0
1782769111.214,61.1,27.0
1782769116.229,61.1,27.0
1782769121.241,61.1,27.0
1782769126.247,61.2,27.0
1782769131.254,61.3,27.0
1782769136.267,61.4,27.0
1782769141.279,61.5,27.0
1782769146.289,61.6,27.0
1782769151.299,61.8,27.0
1782769156.312,61.8,27.0
1782769161.32,61.7,27.0
1782769166.333,61.7,27.0
1782769171.346,61.7,27.0
1782769176.358,61.7,27.0
1782769181.365,61.7,27.0
1782769186.38,61.8,27.0
1782769191.39,61.9,27.0
1782769196.406,61.9,27.0
1782769201.419,62.0,27.0
1782769206.43,62.0,27.0
1782769211.443,61.9,27.0
1782769216.454,61.9,27.0
1782769221.466,61.8,27.0
1782769226.478,61.7,27.0
1782769231.486,61.8,27.0
1782769236.498,61.8,27.0
1782769241.51,61.8,27.0
1782769246.523,61.9,27.0
1782769251.534,61.9,27.0
1782769256.549,61.8,27.0
1782769261.558,61.9,27.0
1782769266.566,62.2,27.0
1782769271.579,62.3,27.0
1782769276.592,62.3,27.0
1782769281.598,62.2,27.0
1782769286.61,62.1,27.0
1782769291.625,62.0,27.0
1782769296.634,61.9,27.0
1782769301.644,61.8,27.0
1782769306.653,61.8,27.0
1782769311.665,61.7,27.0
1782769316.679,61.6,27.0
1782769321.691,61.6,27.0
1782769326.701,61.7,27.0
1782769331.716,61.8,27.0
1782769336.722,61.9,27.0
1782769341.738,61.9,27.0
1782769346.75,61.8,27.0
1782769351.763,61.7,27.0
1782769356.777,61.8,27.0
1782769361.786,61.9,27.0
1782769366.796,61.9,27.0
1782769371.809,61.9,27.0
1782769376.82,61.9,27.0
1782769381.829,61.9,27.0
1782769386.832,61.7,27.0
1782769391.847,61.7,27.0
1782769396.859,61.7,27.0
1782769401.874,61.7,27.0
1782769406.883,61.9,27.0
1782769411.894,61.9,27.0
1782769416.908,61.9,27.0
1782769421.92,61.9,27.0
1782769426.932,61.9,27.0
1782769431.945,61.9,27.0
1782769436.952,61.9,27.0
1782769441.968,61.8,27.0
1782769446.981,61.7,27.0
1782769451.989,61.6,27.0
1782769457.001,61.6,27.0
1782769462.01,61.7,27.0
1782769467.02,61.6,27.0
1782769472.032,61.6,27.0
1782769477.044,61.6,27.0
1782769482.052,61.6,27.0
1782769487.06,61.7,27.0
1782769492.068,61.8,27.0
1782769497.077,61.9,27.0
1782769502.083,61.9,27.0
1782769507.091,61.9,27.0
1782769512.098,62.0,27.0
1782769517.109,62.1,27.0
1782769522.115,62.1,27.0
1782769527.124,62.0,27.0
1782769532.132,62.0,27.0
1782769537.138,61.9,27.0
1782769542.151,61.8,27.0
1782769547.159,61.8,27.0
1782769552.169,61.9,27.0
1782769557.179,62.0,27.0
1782769562.188,62.0,27.0
1782769567.198,62.0,27.0
1782769572.209,61.9,27.0
1782769577.215,62.1,27.0
1782769582.224,62.1,27.0
1782769587.23,62.0,27.0
1782769592.241,61.8,27.0
1782769597.251,61.9,27.0
1782769602.26,62.0,27.0
1782769607.269,62.0,27.0
1782769612.28,62.0,27.0
1782769617.29,61.9,27.0
1782769622.296,61.9,27.0
1782769627.303,61.8,27.0
1782769632.312,61.8,27.0
1782769637.316,61.7,27.0
1782769642.326,61.6,27.0
1782769647.334,61.6,27.0
1782769652.342,61.7,27.0
1782769657.353,61.7,27.0
1782769662.359,61.7,27.0
1782769667.368,61.7,27.0
1782769672.378,61.8,27.0
1782769677.385,61.9,27.0
1782769682.395,61.8,27.0
1782769687.402,61.8,27.0
1782769692.413,61.8,27.0
1782769697.424,61.8,27.0
1782769702.43,61.9,27.0
1782769707.441,61.9,27.0
1782769712.451,61.9,27.0
1782769717.461,61.9,27.0
1782769722.466,61.9,27.0
1782769727.477,61.8,27.0
1782769732.487,61.8,27.0
1782769737.493,62.0,27.0
1782769742.504,61.9,27.0
1782769747.514,61.8,27.0
1782769752.524,61.8,27.0
1782769757.534,61.8,27.0
1782769762.545,61.7,27.0
1782769767.555,61.7,27.0
1782769772.567,61.6,27.0
1782769777.579,61.5,27.0
1782769782.591,61.5,27.0
1782769787.598,61.7,27.0
1782769792.614,61.6,27.0
1782769797.628,61.6,27.0
1782769802.638,61.6,27.0
1782769807.65,61.7,27.0
1782769812.662,61.8,27.0
1782769817.674,61.8,27.0
1782769822.677,61.8,27.0
1782769827.689,61.9,27.0
1782769832.699,61.9,27.0
1782769837.709,61.8,27.0
1782769842.716,61.9,27.0
1782769847.727,61.8,27.0
1782769852.737,61.7,27.0
1782769857.743,61.6,27.0
1782769862.749,61.5,27.0
1782769867.76,61.5,27.0
1782769872.77,61.5,27.0
1782769877.779,61.6,27.0
1782769882.787,61.7,27.0
1782769887.799,61.7,27.0
1782769892.806,61.7,27.0
1782769897.818,61.7,27.0
1782769902.828,61.7,27.0
1782769907.836,61.7,27.0
1782769912.848,61.8,27.0
1782769917.86,61.8,27.0
1782769922.873,61.7,27.0
1782769927.882,61.6,27.0
1782769932.894,61.6,27.0
1782769937.908,61.6,27.0
1782769942.915,61.6,27.0
1782769947.928,61.7,27.0
1782769952.942,61.7,27.0
1782769957.953,61.8,27.0
1782769962.965,61.9,27.0
1782769967.98,61.9,27.0
1782769972.992,61.9,27.0
1782769978.003,61.8,27.0
1782769983.017,61.9,27.0
1782769988.03,61.8,27.0
1782769993.036,61.9,27.0
1782769998.049,61.9,27.0
1782770003.061,61.9,27.0
1782770008.073,61.8,27.0
1782770013.089,61.8,27.0
1782770018.1,61.9,27.0
1782770023.111,61.9,27.0
1782770028.125,61.9,27.0
1782770033.137,61.9,27.0
1782770038.147,61.9,27.0
1782770043.154,61.9,27.0
1782770048.167,61.8,27.0
1782770053.181,61.8,27.0
1782770058.191,61.8,27.0
1782770063.207,61.7,27.0
1782770068.22,61.7,27.0
1782770073.228,61.6,27.0
1782770078.232,61.7,27.0
1782770083.248,61.8,27.0
1782770088.261,61.8,27.0
1782770093.274,61.8,27.0
1782770098.281,61.7,27.0
1782770103.292,61.7,27.0
1782770108.299,61.9,27.0
1782770113.309,62.0,27.0
1782770118.318,61.9,27.0
1782770123.326,61.8,27.0
1782770128.337,61.8,27.0
1782770133.345,61.8,27.0
1782770138.351,61.8,27.0
1782770143.361,61.8,27.0
1782770148.367,61.8,27.0
1782770153.378,61.8,27.0
1782770158.387,61.8,27.0
1782770163.394,61.7,27.0
1782770168.404,61.7,27.0
1782770173.414,61.8,27.0
1782770178.422,61.8,27.0
1782770183.432,61.9,27.0
1782770188.442,61.8,27.0
1782770193.45,61.7,27.0
1782770198.454,61.7,27.0
1782770203.465,61.7,27.0
1782770208.473,61.7,27.0
1782770213.485,61.7,27.0
1782770218.492,61.6,27.0
1782770223.503,61.6,27.0
1782770228.512,61.6,27.0
1782770233.522,61.6,27.0
1782770238.531,61.6,27.0
1782770243.541,61.6,27.0
1782770248.547,61.5,27.0
1782770253.554,61.5,27.0
1782770258.564,61.5,27.0
1782770263.573,61.4,27.0
1782770268.584,61.5,27.0
1782770273.594,61.5,27.0
1782770278.603,61.6,27.0
1782770283.615,61.6,27.0
1782770288.621,61.6,27.0
1782770293.632,61.6,27.0
1782770298.639,61.6,27.0
1782770303.652,61.5,27.0
1782770308.665,61.5,27.0
1782770313.675,61.4,27.0
1782770318.687,61.4,27.0
1782770323.703,61.4,27.0
1782770328.716,61.5,27.0
1782770333.729,61.6,27.0
1782770338.742,61.7,27.0
1782770343.754,61.7,27.0
1782770348.767,61.7,27.0
1782770353.774,61.8,27.0
1782770358.786,61.8,27.0
1782770363.798,61.8,27.0
1782770368.815,61.9,27.0
1782770373.826,61.9,27.0
1782770378.838,61.8,27.0
1782770383.851,61.8,27.0
1782770388.862,61.8,27.0
1782770393.875,61.8,27.0
1782770398.886,61.8,27.0
1782770403.892,61.8,27.0
1782770408.907,62.0,27.0
1782770413.917,61.9,27.0
1782770418.93,61.9,27.0
1782770423.944,61.8,27.0
1782770428.955,61.9,27.0
1782770433.968,61.8,27.0
1782770438.982,61.7,27.0
1782770443.995,61.6,27.0
1782770449.007,61.5,27.0
1782770454.014,61.5,27.0
1782770459.027,61.5,27.0
1782770464.037,61.5,27.0
1782770469.051,61.5,27.0
1782770474.06,61.5,27.0
1782770479.072,61.6,27.0
1782770484.089,61.6,27.0
1782770489.101,61.5,27.0
1782770494.116,61.6,27.0
1782770499.128,61.6,27.0
1782770504.14,61.6,27.0
1782770509.147,61.6,27.0
1782770514.154,61.7,27.0
1782770519.167,61.7,27.0
1782770524.182,61.8,27.0
1782770529.192,61.9,27.0
1782770534.208,61.9,27.0
1782770539.222,61.8,27.0
1782770544.232,61.8,27.0
1782770549.242,61.8,27.0
1782770554.257,61.7,27.0
1782770559.264,61.7,27.0
1782770564.276,61.7,27.0
1782770569.288,61.7,27.0
1782770574.3,61.7,27.0
1782770579.311,61.7,27.0
1782770584.33,61.7,27.0
1782770589.34,61.7,27.0
1782770594.353,61.7,27.0
1782770599.365,61.7,27.0
1782770604.377,61.7,27.0
1782770609.39,61.7,27.0
1782770614.396,61.7,27.0
1782770619.409,61.8,27.0
1782770624.422,61.8,27.0
1782770629.434,61.9,27.0
1782770634.448,61.9,27.0
1782770639.461,61.8,27.0
1782770644.469,61.8,27.0
1782770649.48,61.8,27.0
1782770654.494,61.8,27.0
1782770659.507,61.9,27.0
1782770664.514,61.8,27.0
1782770669.527,61.8,27.0
1782770674.539,61.8,27.0
1782770679.554,61.8,27.0
1782770684.569,61.8,27.0
1782770689.579,61.7,27.0
1782770694.592,61.8,27.0
1782770699.605,62.1,27.0
1782770704.616,62.2,27.0
1782770709.628,62.1,27.0
1782770714.635,62.0,27.0
1782770719.647,61.9,27.0
1782770724.66,61.9,27.0
1782770729.669,61.8,27.0
1782770734.681,61.9,27.0
1782770739.69,61.9,27.0
1782770744.7,61.8,27.0
1782770749.709,61.7,27.0
1782770754.723,61.9,27.0
1782770759.736,62.0,27.0
1782770764.749,62.0,27.0
1782770769.755,62.0,27.0
1782770774.77,61.9,27.0
1782770779.78,61.8,27.0
1782770784.797,61.8,27.0
1782770789.808,61.7,27.0
1782770794.824,61.6,27.0
1782770799.836,61.6,27.0
1782770804.848,61.7,27.0
1782770809.86,61.9,27.0
1782770814.87,61.9,27.0
1782770819.879,62.0,27.0
1782770824.892,62.0,27.0
1782770829.905,62.0,27.0
1782770834.913,62.1,27.0
1782770839.927,62.1,27.0
1782770844.941,62.1,27.0
1782770849.952,62.0,27.0
1782770854.964,62.1,27.0
1782770859.976,62.2,27.0
1782770864.987,62.2,27.0
1782770869.992,62.1,27.0
1782770875.002,61.9,27.0
1782770880.015,61.9,27.0
1782770885.029,62.0,27.0
1782770890.039,62.0,27.0
1782770895.054,61.9,27.0
1782770900.066,61.9,27.0
1782770905.077,61.8,27.0
1782770910.09,61.8,27.0
1782770915.104,61.8,27.0
1782770920.107,62.0,27.0
1782770925.119,61.9,27.0
1782770930.132,61.8,27.0
1782770935.145,61.7,27.0
1782770940.16,61.6,27.0
1782770945.171,61.6,27.0
1782770950.184,61.7,27.0
1782770955.195,61.8,27.0
1782770960.207,61.8,27.0
1782770965.218,61.7,27.0
1782770970.231,61.7,27.0
1782770975.238,61.7,27.0
1782770980.25,61.7,27.0
1782770985.259,61.7,27.0
1782770990.269,61.7,27.0
1782770995.283,61.7,27.0
1782771000.295,61.7,27.0
1782771005.306,61.8,27.0
1782771010.321,61.7,27.0
1782771015.333,61.7,27.0
1782771020.341,61.7,27.0
1782771025.344,61.7,27.0
1782771030.359,61.6,27.0
1782771035.373,61.7,27.0
1782771040.385,61.6,27.0
1782771045.391,61.5,27.0
1782771050.403,61.5,27.0
1782771055.413,61.6,27.0
1782771060.427,61.7,27.0
1782771065.438,61.6,27.0
1782771070.452,61.6,27.0
1782771075.461,61.7,27.0
1782771080.47,61.8,27.0
1782771085.48,61.7,27.0
1782771090.493,61.8,27.0
1782771095.505,61.8,27.0
1782771100.513,61.9,27.0
1782771105.519,61.8,27.0
1782771110.525,61.7,27.0
1782771115.531,61.6,27.0
1782771120.54,61.6,27.0
1782771125.546,61.7,27.0
1782771130.558,61.8,27.0
1782771135.566,61.8,27.0
1782771140.574,61.8,27.0
1782771145.583,61.7,27.0
1782771150.593,61.7,27.0
1782771155.604,61.7,27.0
1782771160.611,61.7,27.0
1782771165.62,61.8,27.0
1782771170.628,61.9,27.0
1782771175.636,62.0,27.0
1782771180.643,62.0,27.1
1782771185.65,61.9,27.0
1782771190.658,61.8,27.0
1782771195.667,61.9,27.1
1782771200.675,61.9,27.0
1782771205.686,61.9,27.0
1782771210.696,61.8,27.0
1782771215.704,61.7,27.1
1782771220.71,61.7,27.0
1782771225.716,61.8,27.1
1782771230.726,61.7,27.0
1782771235.734,61.6,27.0
1782771240.742,61.7,27.0
1782771245.751,61.8,27.0
1782771250.76,61.8,27.0
1782771255.768,62.0,27.0
1782771260.775,62.0,27.0
1782771265.784,62.0,27.0
1782771270.791,62.0,27.0
1782771275.797,62.0,27.0
1782771280.804,61.9,27.0
1782771285.814,61.8,27.0
1782771290.822,61.9,27.0
1782771295.833,61.9,27.0
1782771300.842,61.9,27.0
1782771305.852,62.0,27.0
1782771310.866,62.0,27.0
1782771315.88,62.0,27.0
1782771320.889,62.0,27.0
1782771325.896,62.0,27.0
1782771330.906,62.1,27.0
1782771335.921,62.0,27.0
1782771340.93,62.1,27.0
1782771345.942,62.1,27.0
1782771350.954,62.1,27.0
1782771355.967,62.1,27.0
1782771360.976,62.1,27.0
1782771365.992,62.0,27.0
1782771371.003,62.1,27.0
1782771376.018,62.1,27.1
1782771381.024,62.2,27.0
1782771386.036,62.2,27.0
1782771391.05,62.2,27.0
1782771396.058,62.2,27.1
1782771401.068,62.2,27.0
1782771406.076,62.3,27.0
1782771411.087,62.3,27.0
1782771416.096,62.4,27.0
1782771421.108,62.4,27.0
1782771426.124,62.4,27.0
1782771431.131,62.4,27.0
1782771436.146,62.3,27.0
1782771441.156,62.3,27.0
1782771446.168,62.3,27.0
1782771451.185,62.2,27.0
1782771456.198,62.2,27.0
1782771461.211,62.2,27.0
1782771466.225,62.3,27.0
1782771471.235,62.3,27.1
1782771476.25,62.3,27.0
1782771481.256,62.2,27.0
1782771486.268,62.2,27.0
1782771491.28,62.1,27.0
1782771496.292,62.2,27.0
1782771501.303,62.2,27.0
1782771506.318,62.2,27.0
1782771511.331,62.2,27.0
1782771516.342,62.2,27.0
1782771521.358,62.2,27.0
1782771526.369,62.2,27.0
1782771531.381,62.3,27.0
1782771536.39,62.3,27.0
1782771541.4,62.3,27.0
1782771546.412,62.4,27.0
1782771551.426,62.4,27.0
1782771556.438,62.4,27.0
1782771561.449,62.4,27.0
1782771566.463,62.4,27.0
1782771571.477,62.3,27.0
1782771576.486,62.2,27.0
1782771581.501,62.1,27.0
1782771586.508,62.2,27.0
1782771591.52,62.2,27.0
1782771596.528,62.2,27.0
1782771601.543,62.2,27.1
1782771606.553,62.2,27.1
1782771611.565,62.2,27.0
1782771616.574,62.2,27.0
1782771621.591,62.2,27.0
1782771626.605,62.2,27.0
1782771631.618,62.2,27.0
1782771636.625,62.1,27.0
1782771641.637,62.2,27.0
1782771646.646,62.2,27.0
1782771651.659,62.2,27.0
1782771656.669,62.2,27.0
1782771661.68,62.2,27.0
1782771666.694,62.2,27.0
1782771671.706,62.0,27.0
1782771676.714,61.9,27.0
1782771681.727,61.9,27.0
1782771686.734,62.0,27.0
1782771691.747,62.1,27.0
1782771696.762,62.0,27.0
1782771701.774,62.1,27.0
1782771706.786,61.9,27.0
1782771711.799,61.9,27.0
1782771716.813,61.9,27.0
1782771721.828,61.9,27.0
1782771726.84,62.0,27.0
1782771731.853,62.0,27.0
1782771736.855,62.0,27.0
1782771741.862,62.0,27.0
1782771746.877,62.0,27.0
1782771751.889,61.9,27.1
1782771756.899,62.0,27.0
1782771761.912,62.1,27.0
1782771766.928,62.2,27.0
1782771771.94,62.3,27.0
1782771776.951,62.4,27.0
1782771781.964,62.3,27.1
1782771786.976,62.3,27.1
1782771791.982,62.2,27.1
1782771796.994,62.2,27.0
1782771802.006,62.1,27.0
1782771807.02,62.1,27.0
1782771812.031,62.1,27.0
1782771817.044,62.0,27.1
1782771822.058,62.0,27.1
1782771827.069,61.9,27.0
1782771832.08,62.0,27.0
1782771837.092,62.0,27.0
1782771842.1,62.0,27.0
1782771847.109,62.0,27.0
1782771852.12,61.9,27.0
1782771857.126,61.9,27.0
1782771862.139,61.9,27.0
1782771867.155,61.9,27.0
1782771872.166,62.0,27.0
1782771877.178,62.0,27.0
1782771882.19,62.1,27.0
1782771887.199,62.1,27.0
1782771892.206,62.1,27.0
1782771897.214,62.1,27.0
1782771902.223,62.0,27.1
1782771907.233,62.0,27.0
1782771912.242,62.1,27.0
1782771917.251,62.2,27.1
1782771922.261,62.1,27.0
1782771927.27,62.1,27.1
1782771932.278,61.9,27.0
1782771937.288,61.8,27.0
1782771942.291,61.9,27.1
1782771947.295,61.9,27.0
1782771952.304,61.8,27.1
1782771957.315,61.9,27.0
1782771962.322,61.9,27.0
1782771967.331,61.9,27.1
1782771972.339,61.9,27.0
1782771977.346,61.9,27.0
1782771982.356,62.0,27.0
1782771987.366,62.1,27.0
1782771992.372,62.2,27.0
1782771997.384,62.2,27.0
1782772002.394,62.1,27.1
1782772007.406,62.0,27.1
1782772012.418,62.0,27.1
1782772017.427,62.0,27.1
1782772022.439,61.9,27.1
1782772027.452,61.8,27.1
1782772032.463,61.9,27.0
1782772037.476,62.0,27.1
1782772042.482,61.9,27.1
1782772047.493,61.8,27.0
1782772052.507,61.7,27.0
1782772057.513,61.7,27.0
1782772062.53,61.7,27.0
1782772067.542,61.7,27.0
1782772072.553,61.7,27.0
1782772077.568,61.8,27.0
1782772082.58,61.9,27.0
1782772087.593,61.8,27.0
1782772092.594,61.9,27.0
1782772097.609,61.9,27.0
1782772102.614,62.0,27.0
1782772107.629,62.1,27.0
1782772112.641,62.1,27.1
1782772117.652,62.1,27.0
1782772122.666,62.0,27.1
1782772127.678,62.1,27.0
1782772132.689,62.1,27.1
1782772137.703,62.1,27.0
1782772142.715,62.1,27.0
1782772147.724,62.1,27.0
1782772152.734,62.1,27.0
1782772157.741,62.0,27.0
1782772162.757,61.9,27.0
1782772167.768,61.8,27.0
1782772172.781,61.8,27.0
1782772177.792,61.8,27.0
1782772182.804,61.9,27.0
1782772187.813,61.9,27.0
1782772192.825,61.9,27.0
1782772197.832,61.9,27.0
1782772202.845,61.9,27.0
1782772207.859,61.8,27.0
1782772212.872,61.7,27.0
1782772217.884,61.9,27.0
1782772222.895,61.8,27.0
1782772227.903,61.9,27.0
1782772232.913,61.9,27.0
1782772237.922,61.9,27.0
1782772242.928,62.0,27.0
1782772247.936,61.9,27.0
1782772252.94,61.8,27.0
1782772257.949,61.9,27.0
1782772262.962,61.9,27.0
1782772267.972,61.9,27.0
1782772272.977,61.8,27.0
1782772277.986,61.8,27.0
1782772282.995,61.8,27.0
1782772288.005,61.8,27.0
1782772293.015,61.8,27.1
1782772298.021,61.9,27.1
1782772303.031,61.9,27.0
1782772308.041,62.0,27.0
1782772313.056,62.1,27.0
1782772318.068,62.0,27.0
1782772323.081,61.9,27.0
1782772328.092,61.9,27.0
1782772333.103,61.8,27.1
1782772338.112,61.8,27.0
1782772343.121,61.8,27.0
1782772348.128,61.9,27.0
1782772353.137,61.9,27.0
1782772358.147,61.9,27.1
1782772363.157,61.9,27.0
1782772368.165,61.9,27.1
1782772373.175,62.0,27.0
1782772378.185,62.0,27.1
1782772383.192,62.0,27.0
1782772388.201,62.0,27.0
1782772393.212,61.9,27.0
1782772398.218,61.9,27.1
1782772403.23,61.9,27.1
1782772408.248,61.9,27.0
1782772413.258,61.9,27.1
1782772418.27,61.9,27.1
1782772423.281,62.0,27.1
1782772428.294,62.0,27.1
1782772433.307,62.1,27.0
1782772438.319,62.1,27.1
1782772443.331,62.1,27.1
1782772448.343,62.2,27.1
1782772453.346,62.1,27.1
1782772458.358,61.9,27.0
1782772463.372,61.8,27.1
1782772468.382,61.7,27.1
1782772473.393,61.8,27.1
1782772478.408,61.9,27.1
1782772483.42,61.9,27.0
1782772488.431,61.9,27.1
1782772493.445,61.9,27.1
1782772498.451,61.9,27.1
1782772503.459,61.9,27.1
1782772508.474,61.9,27.1
1782772513.487,62.0,27.1
1782772518.5,62.1,27.1
1782772523.515,62.1,27.1
1782772528.525,62.0,27.1
1782772533.539,61.9,27.1
1782772538.549,61.9,27.1
1782772543.56,61.9,27.0
1782772548.574,61.9,27.1
1782772553.587,61.9,27.0
1782772558.597,62.0,27.1
1782772563.611,62.0,27.0
1782772568.622,61.8,27.1
1782772573.636,61.8,27.1
1782772578.65,61.9,27.1
1782772583.66,61.9,27.0
1782772588.67,61.8,27.1
1782772593.684,61.8,27.0
1782772598.697,61.7,27.1
1782772603.708,61.7,27.1
1782772608.718,61.8,27.0
1782772613.731,61.8,27.0
1782772618.744,61.9,27.0
1782772623.758,61.9,27.0
1782772628.77,62.1,27.1
1782772633.78,62.1,27.1
1782772638.788,62.0,27.0
1782772643.801,62.0,27.0
1782772648.811,62.0,27.1
1782772653.824,61.9,27.0
1782772658.832,61.9,27.0
1782772663.844,61.9,27.0
1782772668.858,62.0,27.1
1782772673.868,62.0,27.1
1782772678.882,62.1,27.0
1782772683.893,62.2,27.1
1782772688.905,62.3,27.1
1782772693.918,62.4,27.1
1782772698.927,62.6,27.1
1782772703.939,62.4,27.1
1782772708.952,62.3,27.1
1782772713.958,62.2,27.1
1782772718.973,62.2,27.1
1782772723.983,62.1,27.1
1782772728.995,62.1,27.1
1782772734.01,62.1,27.1
1782772739.022,62.2,27.1
1782772744.032,62.1,27.1
1782772749.043,62.2,27.1
1782772754.055,62.1,27.1
1782772759.065,62.0,27.1
1782772764.072,62.1,27.1
1782772769.082,62.1,27.1
1782772774.094,62.1,27.1
1782772779.109,62.0,27.1
1782772784.116,62.0,27.1
1782772789.131,62.0,27.1
1782772794.141,62.0,27.1
1782772799.153,62.1,27.1
1782772804.164,62.2,27.1
1782772809.179,62.4,27.1
1782772814.187,62.4,27.1
1782772819.2,62.3,27.1
1782772824.21,62.3,27.1
1782772829.223,62.2,27.1
1782772834.239,62.3,27.1
1782772839.247,62.3,27.1
1782772844.255,62.3,27.1
1782772849.269,62.3,27.1
1782772854.28,62.4,27.1
1782772859.296,62.5,27.1
1782772864.308,62.4,27.1
1782772869.315,62.5,27.1
1782772874.327,62.4,27.1
1782772879.34,62.4,27.1
1782772884.351,62.3,27.1
1782772889.362,62.1,27.1
1782772894.374,62.1,27.1
1782772899.385,62.1,27.1
1782772904.397,62.1,27.1
1782772909.415,62.1,27.1
1782772914.428,62.1,27.0
1782772919.434,62.0,27.1
1782772924.444,62.0,27.1
1782772929.457,62.0,27.1
1782772934.469,62.1,27.0
1782772939.477,62.2,27.1
1782772944.49,62.4,27.1
1782772949.502,62.4,27.1
1782772954.516,62.4,27.1
1782772959.53,62.4,27.1
1782772964.543,62.3,27.1
1782772969.55,62.3,27.1
1782772974.561,62.3,27.1
1782772979.576,62.3,27.1
1782772984.586,62.3,27.0
1782772989.594,62.3,27.1
1782772994.609,62.1,27.1
1782772999.619,62.1,27.1
1782773004.634,62.1,27.1
1782773009.65,62.1,27.1
1782773014.663,62.1,27.1
1782773019.675,62.1,27.1
1782773024.679,62.3,27.1
1782773029.689,62.3,27.1
1782773034.7,62.4,27.1
1782773039.707,62.3,27.1
1782773044.719,62.3,27.1
1782773049.735,62.3,27.1
1782773054.746,62.3,27.1
1782773059.758,62.3,27.1
1782773064.768,62.4,27.1
1782773069.779,62.4,27.1
1782773074.785,62.2,27.1
1782773079.798,62.2,27.1
1782773084.809,62.3,27.1
1782773089.819,62.3,27.1
1782773094.835,62.3,27.1
1782773099.842,62.3,27.1
1782773104.858,62.2,27.1
1782773109.87,62.0,27.1
1782773114.88,62.0,27.1
1782773119.893,62.0,27.1
1782773124.899,61.9,27.1
1782773129.912,61.9,27.1
1782773134.926,61.8,27.0
1782773139.935,62.0,27.1
1782773144.949,62.2,27.1
1782773149.959,62.2,27.0
1782773154.973,62.2,27.1
1782773159.979,62.2,27.1
1782773164.993,62.1,27.1
1782773170.005,62.2,27.1
1782773175.008,62.2,27.1
1782773180.019,62.2,27.1
1782773185.031,62.2,27.1
1782773190.046,62.2,27.1
1782773195.059,62.2,27.1
1782773200.07,62.2,27.0
1782773205.084,62.1,27.0
1782773210.095,62.1,27.1
1782773215.108,62.2,27.1
1782773220.12,62.2,27.1
1782773225.125,62.1,27.1
1782773230.136,62.2,27.1
1782773235.148,62.3,27.0
1782773240.16,62.2,27.0
1782773245.173,62.1,27.1
1782773250.185,62.1,27.1
1782773255.197,62.0,27.1
1782773260.207,62.1,27.1
1782773265.217,62.1,27.1
1782773270.226,62.1,27.1
1782773275.232,62.0,27.1
1782773280.244,62.0,27.1
1782773285.258,62.0,27.1
1782773290.272,62.0,27.1
1782773295.283,62.0,27.1
1782773300.289,62.0,27.1
1782773305.305,62.0,27.1
1782773310.317,62.0,27.0
1782773315.325,62.0,27.0
1782773320.337,62.0,27.1
1782773325.345,62.0,27.1
1782773330.348,62.2,27.1
1782773335.363,62.2,27.1
1782773340.372,62.2,27.0
1782773345.38,62.2,27.0
1782773350.394,62.2,27.0
1782773355.403,62.2,27.1
1782773360.412,62.2,27.1
1782773365.422,62.2,27.1
1782773370.434,62.2,27.1
1782773375.444,62.2,27.1
1782773380.453,62.3,27.1
1782773385.462,62.2,27.1
1782773390.47,62.1,27.1
1782773395.476,62.0,27.1
1782773400.487,62.1,27.1
1782773405.496,62.1,27.1
1782773410.505,62.2,27.1
1782773415.511,62.1,27.1
1782773420.519,62.0,27.1
1782773425.527,62.0,27.1
1782773430.533,62.0,27.1
1782773435.54,62.0,27.1
1782773440.548,62.0,27.1
1782773445.556,62.0,27.1
1782773450.567,61.9,27.1
1782773455.576,61.9,27.1
1782773460.583,61.9,27.1
1782773465.592,61.9,27.1
1782773470.599,61.9,27.0
1782773475.608,61.8,27.1
1782773480.614,61.8,27.1
1782773485.624,61.9,27.1
1782773490.635,61.9,27.1
1782773495.643,61.8,27.1
1782773500.655,61.8,27.1
1782773505.663,61.8,27.1
1782773510.669,61.9,27.1
1782773515.676,62.0,27.1
1782773520.687,62.0,27.1
1782773525.692,62.0,27.1
1782773530.699,61.9,27.1
1782773535.708,62.0,27.1
1782773540.716,62.0,27.1
1782773545.727,62.0,27.1
1782773550.735,62.0,27.1
1782773555.74,62.0,27.1
1782773560.75,62.0,27.1
1782773565.759,62.1,27.1
1782773570.769,62.2,27.1
1782773575.772,62.3,27.1
1782773580.78,62.4,27.1
1782773585.788,62.5,27.1
1782773590.801,62.4,27.1
1782773595.812,62.3,27.1
1782773600.826,62.1,27.1
1782773605.838,62.1,27.1
1782773610.85,61.9,27.1
1782773615.862,61.9,27.1
1782773620.873,61.9,27.1
1782773625.885,61.8,27.1
1782773630.892,61.8,27.1
1782773635.904,61.8,27.1
1782773640.918,61.8,27.1
1782773645.93,61.8,27.1
1782773650.945,61.8,27.1
1782773655.956,61.9,27.1
1782773660.969,61.9,27.1
1782773665.983,61.9,27.1
1782773670.992,62.0,27.1
1782773676.002,62.0,27.1
1782773681.008,61.9,27.1
1782773686.021,62.0,27.1
1782773691.032,61.9,27.1
1782773696.04,61.9,27.1
1782773701.056,61.9,27.1
1782773706.069,61.9,27.1
1782773711.08,61.8,27.1
1782773716.086,61.8,27.1
1782773721.097,61.8,27.1
1782773726.11,61.8,27.1
1782773731.118,61.9,27.1
1782773736.129,61.9,27.1
1782773741.141,62.0,27.1
1782773746.155,62.0,27.1
1782773751.165,62.0,27.1
1782773756.178,62.0,27.1
1782773761.192,61.9,27.1
1782773766.201,62.0,27.1
1782773771.212,62.0,27.1
1782773776.225,62.0,27.1
1782773781.231,62.0,27.1
1782773786.243,62.0,27.1
1782773791.254,62.0,27.1
1782773796.268,62.1,27.1
1782773801.28,62.1,27.1
1782773806.294,62.1,27.1
1782773811.303,62.1,27.1
1782773816.315,62.2,27.1
1782773821.329,62.2,27.1
1782773826.34,62.2,27.1
1782773831.349,62.2,27.1
1782773836.357,62.3,27.1
1782773841.369,62.1,27.1
1782773846.385,62.0,27.1
1782773851.393,62.0,27.1
1782773856.407,62.0,27.1
1782773861.421,62.1,27.1
1782773866.432,62.2,27.1
1782773871.442,62.2,27.1
1782773876.452,62.2,27.1
1782773881.46,62.3,27.1
1782773886.467,62.1,27.1
1782773891.477,62.0,27.1
1782773896.488,62.0,27.1
1782773901.5,62.0,27.1
1782773906.514,62.0,27.1
1782773911.524,61.9,27.1
1782773916.534,61.9,27.1
1782773921.547,61.9,27.1
1782773926.56,62.0,27.1
1782773931.568,61.9,27.1
1782773936.575,62.0,27.1
1782773941.588,61.9,27.1
1782773946.601,62.0,27.1
1782773951.612,62.0,27.1
1782773956.622,62.0,27.1
1782773961.636,62.0,27.1
1782773966.647,62.0,27.1
1782773971.654,62.1,27.1
1782773976.668,62.1,27.1
1782773981.679,62.2,27.1
1782773986.682,62.2,27.1
1782773991.688,62.3,27.1
1782773996.698,62.3,27.1
1782774001.705,62.2,27.1
1782774006.715,62.0,27.1
1782774011.722,61.9,27.1
1782774016.731,61.9,27.1
1782774021.739,61.8,27.1
1782774026.749,61.9,27.1
1782774031.755,61.9,27.1
1782774036.76,61.9,27.1
1782774041.77,61.9,27.1
1782774046.78,62.1,27.1
1782774051.791,62.1,27.1
1782774056.804,62.1,27.1
1782774061.813,62.0,27.1
1782774066.824,62.0,27.1
1782774071.832,61.9,27.1
1782774076.84,61.9,27.1
1782774081.847,62.0,27.1
1782774086.854,62.1,27.1
1782774091.867,62.1,27.1
1782774096.882,62.0,27.1
1782774101.895,62.0,27.1
1782774106.907,61.9,27.1
1782774111.919,61.9,27.1
1782774116.932,61.9,27.1
1782774121.944,61.9,27.1
1782774126.955,61.9,27.1
1782774131.967,61.9,27.1
1782774136.975,62.0,27.1
1782774141.991,62.0,27.1
1782774147.003,62.0,27.1
1782774152.015,62.1,27.1
1782774157.027,62.0,27.1
1782774162.042,62.0,27.1
1782774167.048,62.0,27.1
1782774172.06,62.0,27.1
1782774177.073,62.1,27.1
1782774182.085,62.1,27.1
1782774187.097,62.1,27.1
1782774192.106,62.1,27.1
1782774197.117,62.2,27.1
1782774202.13,62.3,27.1
1782774207.143,62.3,27.1
1782774212.155,62.2,27.1
1782774217.166,62.2,27.1
1782774222.174,62.1,27.1
1782774227.185,62.2,27.1
1782774232.199,62.2,27.1
1782774237.21,62.1,27.1
1782774242.215,62.1,27.1
1782774247.223,62.1,27.1
1782774252.233,62.3,27.1
1782774257.245,62.2,27.1
1782774262.258,62.1,27.1
1782774267.269,62.1,27.1
1782774272.277,62.1,27.1
1782774277.29,62.1,27.1
1782774282.303,62.1,27.1
1782774287.311,62.1,27.1
1782774292.317,62.1,27.2
1782774297.329,62.1,27.1
1782774302.342,62.1,27.1
1782774307.35,62.1,27.1
1782774312.36,62.2,27.1
1782774317.374,62.1,27.1
1782774322.386,62.2,27.1
1782774327.4,62.2,27.1
1782774332.413,62.2,27.1
1782774337.425,62.2,27.1
1782774342.439,62.2,27.1
1782774347.442,62.2,27.1
1782774352.456,62.2,27.1
1782774357.464,62.2,27.1
1782774362.478,62.3,27.1
1782774367.488,62.4,27.1
1782774372.5,62.4,27.1
1782774377.511,62.2,27.1
1782774382.521,62.1,27.1
1782774387.534,62.1,27.1
1782774392.548,62.1,27.1
1782774397.552,62.0,27.1
1782774402.566,61.9,27.2
1782774407.572,61.9,27.1
1782774412.582,62.0,27.1
1782774417.596,62.1,27.1
1782774422.608,62.2,27.1
1782774427.618,62.1,27.1
1782774432.627,62.1,27.1
1782774437.639,62.1,27.1
1782774442.651,62.0,27.1
1782774447.66,62.0,27.1
1782774452.672,62.0,27.2
1782774457.684,62.0,27.1
1782774462.696,62.0,27.1
1782774467.71,62.0,27.1
1782774472.719,62.0,27.1
1782774477.73,62.0,27.2
1782774482.738,62.0,27.1
1782774487.746,62.0,27.1
1782774492.753,62.1,27.1
1782774497.763,62.1,27.1
1782774502.768,62.1,27.2
1782774507.776,62.0,27.2
1782774512.786,62.1,27.1
1782774517.794,62.0,27.1
1782774522.803,62.0,27.2
1782774527.808,61.9,27.1
1782774532.819,62.0,27.2
1782774537.829,62.0,27.2
1782774542.839,62.0,27.1
1782774547.842,62.1,27.1
1782774552.85,62.2,27.2
1782774557.861,62.1,27.1
1782774562.868,62.1,27.2
1782774567.877,62.1,27.2
1782774572.884,62.1,27.1
1782774577.893,62.0,27.2
1782774582.901,62.0,27.2
1782774587.915,61.9,27.1
1782774592.923,61.9,27.2
1782774597.928,61.9,27.1
1782774602.94,61.9,27.1
1782774607.954,62.0,27.2
1782774612.966,62.0,27.1
1782774617.973,62.0,27.1
1782774622.984,62.1,27.2
1782774627.996,62.2,27.2
1782774633.012,62.2,27.2
1782774638.024,62.1,27.1
1782774643.031,62.1,27.1
1782774648.036,62.1,27.1
1782774653.044,62.1,27.1
1782774658.054,62.1,27.2
1782774663.06,62.1,27.1
1782774668.07,62.2,27.2
1782774673.082,62.3,27.1
1782774678.093,62.3,27.2
1782774683.103,62.3,27.1
1782774688.115,62.3,27.2
1782774693.124,62.3,27.2
1782774698.128,62.1,27.2
1782774703.138,62.1,27.2
1782774708.146,62.0,27.2
1782774713.158,62.0,27.2
1782774718.173,62.0,27.2
1782774723.183,62.0,27.1
1782774728.197,62.0,27.2
1782774733.208,62.1,27.2
1782774738.222,62.1,27.2
1782774743.23,62.1,27.2
1782774748.24,62.0,27.2
1782774753.248,62.1,27.2
1782774758.262,62.1,27.2
1782774763.268,62.1,27.2
1782774768.28,62.0,27.2
1782774773.296,62.0,27.2
1782774778.309,62.0,27.2
1782774783.32,62.1,27.2
1782774788.331,62.2,27.2
1782774793.342,62.3,27.2
1782774798.353,62.2,27.2
1782774803.357,62.2,27.2
1782774808.37,62.1,27.2
1782774813.38,62.1,27.2
1782774818.395,62.2,27.2
1782774823.405,62.1,27.2
1782774828.412,62.0,27.2
1782774833.427,62.0,27.2
1782774838.44,62.0,27.2
1782774843.452,62.0,27.2
1782774848.465,62.0,27.2
1782774853.472,62.0,27.2
1782774858.486,62.1,27.2
1782774863.492,62.2,27.2
1782774868.507,62.3,27.2
1782774873.521,62.3,27.2
1782774878.529,62.2,27.2
1782774883.536,62.3,27.2
1782774888.552,62.3,27.2
1782774893.565,62.2,27.2
1782774898.576,62.1,27.2
1782774903.586,62.0,27.2
1782774908.591,62.0,27.2
1782774913.601,62.0,27.2
1782774918.613,62.0,27.2
1782774923.624,61.9,27.2
1782774928.637,61.9,27.2
1782774933.646,61.9,27.2
1782774938.659,61.9,27.2
1782774943.674,61.9,27.2
1782774948.686,62.0,27.2
1782774953.694,62.0,27.2
1782774958.699,62.0,27.2
1782774963.713,61.9,27.2
1782774968.723,62.0,27.2
1782774973.737,62.0,27.2
1782774978.747,62.0,27.2
1782774983.759,61.9,27.2
1782774988.777,61.9,27.2
1782774993.79,62.0,27.2
1782774998.796,62.1,27.2
1782775003.808,62.1,27.2
1782775008.812,62.0,27.2
1782775013.824,62.0,27.2
1782775018.837,62.0,27.2
1782775023.846,62.1,27.2
1782775028.861,62.1,27.2
1782775033.875,62.1,27.2
1782775038.888,62.1,27.2
1782775043.899,62.1,27.2
1782775048.911,62.3,27.2
1782775053.919,62.4,27.2
1782775058.931,62.3,27.2
1782775063.934,62.3,27.2
1782775068.942,62.2,27.2
1782775073.956,62.1,27.2
1782775078.964,62.1,27.2
1782775083.978,62.0,27.2
1782775088.994,62.1,27.2
1782775094.006,62.3,27.2
1782775099.014,62.2,27.2
1782775104.025,62.2,27.2
1782775109.037,62.2,27.2
1782775114.04,62.2,27.2
1782775119.053,62.1,27.2
1782775124.065,62.0,27.2
1782775129.08,62.1,27.2
1782775134.092,62.1,27.2
1782775139.101,62.1,27.2
1782775144.11,62.1,27.2
1782775149.119,62.1,27.2
1782775154.127,62.1,27.2
1782775159.137,62.2,27.2
1782775164.143,62.3,27.2
1782775169.152,62.2,27.2
1782775174.162,62.1,27.2
1782775179.174,62.1,27.2
1782775184.188,62.2,27.2
1782775189.2,62.4,27.2
1782775194.212,62.4,27.2
1782775199.22,62.3,27.2
1782775204.23,62.2,27.2
1782775209.241,62.1,27.2
1782775214.246,62.0,27.2
1782775219.256,61.9,27.2
1782775224.266,61.9,27.2
1782775229.278,61.9,27.2
1782775234.29,61.9,27.2
1782775239.303,61.9,27.2
1782775244.316,61.9,27.2
1782775249.329,61.9,27.2
1782775254.339,62.0,27.2
1782775259.348,62.0,27.2
1782775264.352,62.0,27.2
1782775269.364,62.0,27.2
1782775274.378,61.9,27.2
1782775279.385,61.9,27.2
1782775284.401,62.0,27.2
1782775289.411,61.9,27.2
1782775294.423,61.9,27.2
1782775299.434,61.9,27.2
1782775304.445,62.0,27.2
1782775309.452,62.0,27.2
1782775314.459,61.9,27.2
1782775319.47,61.9,27.2
1782775324.475,61.8,27.2
1782775329.486,61.9,27.2
1782775334.498,61.9,27.2
1782775339.51,61.9,27.2
1782775344.525,62.0,27.2
1782775349.533,62.0,27.2
1782775354.543,61.9,27.2
1782775359.552,61.9,27.2
1782775364.56,62.0,27.2
1782775369.568,62.0,27.2
1782775374.58,62.1,27.2
1782775379.593,62.0,27.2
1782775384.602,62.0,27.2
1782775389.611,62.1,27.2
1782775394.62,62.1,27.2
1782775399.629,62.1,27.2
1782775404.638,62.2,27.2
1782775409.649,62.2,27.2
1782775414.656,62.3,27.2
1782775419.668,62.4,27.2
1782775424.676,62.4,27.2
1782775429.688,62.4,27.2
1782775434.694,62.4,27.2
1782775439.704,62.3,27.2
1782775444.712,62.2,27.2
1782775449.72,62.1,27.2
1782775454.725,62.0,27.2
1782775459.736,62.0,27.2
1782775464.74,62.1,27.2
1782775469.749,62.2,27.2
1782775474.758,62.4,27.2
1782775479.769,62.3,27.2
1782775484.78,62.2,27.2
1782775489.789,62.1,27.2
1782775494.794,62.1,27.2
1782775499.803,62.1,27.2
1782775504.812,62.0,27.3
1782775509.819,62.0,27.2
1782775514.825,62.0,27.2
1782775519.834,61.9,27.2
1782775524.844,61.9,27.2
1782775529.857,62.0,27.2
1782775534.866,62.1,27.2
1782775539.875,62.0,27.2
1782775544.885,62.0,27.2
1782775549.894,61.9,27.2
1782775554.905,61.9,27.2
1782775559.914,62.0,27.2
1782775564.916,62.1,27.2
1782775569.925,62.0,27.2
1782775574.934,62.0,27.2
1782775579.951,61.9,27.2
1782775584.966,61.8,27.2
1782775589.973,61.8,27.2
1782775594.98,61.8,27.2
1782775599.994,61.8,27.2
1782775605.006,61.9,27.2
1782775610.014,62.0,27.2
1782775615.028,62.1,27.2
1782775620.032,62.2,27.2
1782775625.043,62.2,27.2
1782775630.057,62.2,27.2
1782775635.068,62.2,27.2
1782775640.08,62.3,27.2
1782775645.094,62.3,27.2
1782775650.103,62.1,27.2
1782775655.116,62.1,27.2
1782775660.125,62.1,27.2
1782775665.132,62.2,27.2
1782775670.137,62.2,27.2
1782775675.147,62.1,27.2
1782775680.162,62.1,27.2
1782775685.174,62.1,27.2
1782775690.183,62.1,27.2
1782775695.193,62.1,27.2
1782775700.206,62.2,27.2
1782775705.215,62.3,27.2
1782775710.226,62.2,27.2
1782775715.236,62.1,27.2
1782775720.243,62.1,27.2
1782775725.252,62.0,27.2
1782775730.265,61.9,27.2
1782775735.278,61.9,27.2
1782775740.287,61.9,27.2
1782775745.302,61.9,27.2
1782775750.312,61.9,27.2
1782775755.326,62.0,27.2
1782775760.336,62.0,27.2
1782775765.345,61.9,27.2
1782775770.352,62.0,27.2
1782775775.36,61.9,27.2
1782775780.376,61.9,27.2
1782775785.389,61.9,27.2
1782775790.4,61.8,27.2
1782775795.411,61.8,27.2
1782775800.42,61.8,27.2
1782775805.43,61.8,27.2
1782775810.438,61.8,27.2
1782775815.448,61.8,27.2
1782775820.452,61.8,27.2
1782775825.461,61.7,27.2
1782775830.473,61.7,27.2
1782775835.478,61.7,27.2
1782775840.488,61.8,27.2
1782775845.495,61.8,27.2
1782775850.503,62.0,27.2
1782775855.512,62.0,27.2
1782775860.522,62.0,27.2
1782775865.532,62.0,27.2
1782775870.538,62.0,27.2
1782775875.544,62.0,27.2
1782775880.556,61.9,27.2
1782775885.567,61.9,27.2
1782775890.575,61.9,27.2
1782775895.582,61.8,27.2
1782775900.592,61.8,27.2
1782775905.601,61.8,27.2
1782775910.61,61.8,27.2
1782775915.621,61.8,27.2
1782775920.628,61.8,27.2
1782775925.635,61.7,27.2
1782775930.645,61.6,27.2
1782775935.652,61.6,27.2
1782775940.662,61.7,27.2
1782775945.671,62.0,27.2
1782775950.679,62.3,27.2
1782775955.688,62.5,27.2
1782775960.699,62.6,27.2
1782775965.709,62.5,27.2
1782775970.722,62.5,27.2
1782775975.728,62.4,27.2
1782775980.744,62.3,27.2
1782775985.755,62.4,27.2
1782775990.767,62.5,27.2
1782775995.779,62.5,27.2
1782776000.788,62.3,27.2
1782776005.801,62.3,27.2
1782776010.813,62.2,27.2
1782776015.822,62.2,27.2
1782776020.83,62.1,27.2
1782776025.834,62.1,27.2
1782776030.846,62.0,27.2
1782776035.859,62.0,27.2
1782776040.872,62.0,27.2
1782776045.882,61.9,27.2
1782776050.896,61.9,27.2
1782776055.905,61.8,27.2
1782776060.917,61.8,27.2
1782776065.924,61.9,27.2
1782776070.936,61.8,27.2
1782776075.947,61.8,27.2
1782776080.959,61.8,27.2
1782776085.971,61.9,27.2
1782776090.983,61.9,27.2
1782776095.995,62.0,27.2
1782776101.008,62.1,27.2
1782776106.018,62.3,27.2
1782776111.032,62.3,27.2
1782776116.043,62.3,27.2
1782776121.051,62.3,27.2
1782776126.06,62.3,27.2
1782776131.073,62.2,27.2
1782776136.084,62.1,27.2
1782776141.097,62.0,27.2
1782776146.109,61.9,27.2
1782776151.121,61.9,27.2
1782776156.135,61.9,27.2
1782776161.146,61.9,27.2
1782776166.153,61.9,27.2
1782776171.169,61.9,27.2
1782776176.183,61.9,27.2
1782776181.189,61.9,27.2
1782776186.201,61.9,27.2
1782776191.216,61.9,27.2
1782776196.23,62.0,27.2
1782776201.241,62.0,27.2
1782776206.25,61.9,27.2
1782776211.261,61.9,27.2
1782776216.275,61.9,27.2
1782776221.289,61.9,27.2
1782776226.302,61.9,27.2
1782776231.308,62.0,27.2
1782776236.32,62.1,27.2
1782776241.334,62.1,27.2
1782776246.343,62.2,27.2
1782776251.352,62.3,27.2
1782776256.366,62.3,27.2
1782776261.379,62.3,27.2
1782776266.388,62.3,27.2
1782776271.404,62.3,27.2
1782776276.416,62.4,27.2
1782776281.425,62.5,27.2
1782776286.437,62.6,27.2
1782776291.447,62.6,27.2
1782776296.461,62.6,27.2
1782776301.471,62.6,27.2
1782776306.483,62.5,27.2
1782776311.499,62.5,27.2
1782776316.512,62.4,27.2
1782776321.525,62.4,27.2
1782776326.538,62.3,27.2
1782776331.544,62.3,27.2
1782776336.556,62.4,27.2
1782776341.569,62.5,27.2
1782776346.58,62.7,27.2
1782776351.593,62.7,27.2
1782776356.606,62.7,27.2
1782776361.617,62.9,27.3
1782776366.631,63.0,27.2
1782776371.639,62.9,27.2
1782776376.651,62.7,27.3
1782776381.656,62.6,27.2
1782776386.668,62.6,27.3
1782776391.68,62.6,27.2
1782776396.692,62.5,27.2
1782776401.699,62.4,27.2
1782776406.713,62.3,27.2
1782776411.723,62.1,27.2
1782776416.738,62.1,27.2
1782776421.745,62.1,27.2
1782776426.757,62.1,27.2
1782776431.767,62.2,27.2
1782776436.772,62.2,27.2
1782776441.785,62.2,27.2
1782776446.795,62.3,27.2
1782776451.805,62.5,27.2
1782776456.815,62.5,27.2
1782776461.823,62.5,27.2
1782776466.833,62.6,27.2
1782776471.843,62.6,27.2
1782776476.852,62.6,27.2
1782776481.862,62.5,27.2
1782776486.867,62.5,27.2
1782776491.872,62.4,27.2
1782776496.881,62.4,27.2
1782776501.888,62.4,27.2
1782776506.897,62.5,27.2
1782776511.902,62.5,27.2
1782776516.913,62.3,27.2
1782776521.921,62.2,27.2
1782776526.928,62.4,27.2
1782776531.935,62.5,27.2
1782776536.941,62.6,27.2
1782776541.944,62.5,27.2
1782776546.955,62.4,27.2
1782776551.967,62.4,27.2
1782776556.978,62.3,27.2
1782776561.984,62.2,27.2
1782776566.996,62.1,27.2
1782776572.009,62.1,27.2
1782776577.017,62.2,27.2
1782776582.027,62.2,27.2
1782776587.034,62.2,27.2
1782776592.045,62.2,27.2
1782776597.054,62.3,27.2
1782776602.06,62.6,27.2
1782776607.069,62.6,27.2
1782776612.08,62.4,27.2
1782776617.091,62.4,27.2
1782776622.099,62.2,27.2
1782776627.107,62.1,27.2
1782776632.117,62.2,27.2
1782776637.121,62.2,27.2
1782776642.13,62.3,27.2
1782776647.14,62.3,27.2
1782776652.156,62.4,27.2
1782776657.166,62.4,27.2
1782776662.178,62.4,27.2
1782776667.193,62.4,27.2
1782776672.205,62.3,27.2
1782776677.215,62.3,27.2
1782776682.225,62.3,27.2
1782776687.23,62.3,27.2
1782776692.236,62.3,27.2
1782776697.244,62.4,27.2
1782776702.256,62.5,27.2
1782776707.266,62.6,27.2
1782776712.277,62.7,27.2
1782776717.287,63.0,27.2
1782776722.298,63.0,27.2
1782776727.306,62.8,27.2
1782776732.316,62.7,27.2
1782776737.324,62.6,27.2
1782776742.336,62.6,27.2
1782776747.346,62.8,27.2
1782776752.36,62.8,27.2
1782776757.373,62.7,27.2
1782776762.383,62.6,27.2
1782776767.393,62.6,27.2
1782776772.402,62.6,27.2
1782776777.41,62.5,27.2
1782776782.417,62.4,27.2
1782776787.42,62.3,27.2
1782776792.43,62.4,27.2
1782776797.436,62.5,27.2
1782776802.446,62.6,27.2
1782776807.454,62.8,27.2
1782776812.463,62.8,27.2
1782776817.472,62.8,27.2
1782776822.48,62.8,27.2
1782776827.489,62.7,27.2
1782776832.5,62.5,27.2
1782776837.504,62.4,27.2
1782776842.516,62.4,27.2
1782776847.529,62.4,27.2
1782776852.545,62.6,27.2
1782776857.555,62.5,27.2
1782776862.568,62.4,27.2
1782776867.581,62.4,27.2
1782776872.594,62.3,27.2
1782776877.607,62.3,27.2
1782776882.617,62.4,27.2
1782776887.629,62.3,27.2
1782776892.638,62.2,27.2
1782776897.65,62.2,27.2
1782776902.662,62.2,27.2
1782776907.675,62.2,27.2
1782776912.684,62.3,27.2
1782776917.695,62.5,27.2
1782776922.708,62.6,27.3
1782776927.721,62.6,27.2
1782776932.73,62.5,27.2
1782776937.743,62.4,27.2
1782776942.748,62.4,27.2
1782776947.762,62.4,27.2
1782776952.773,62.3,27.2
1782776957.785,62.4,27.2
1782776962.799,62.4,27.2
1782776967.809,62.4,27.2
1782776972.82,62.4,27.2
1782776977.833,62.4,27.2
1782776982.845,62.5,27.2
1782776987.854,62.5,27.2
1782776992.861,62.4,27.2
1782776997.873,62.3,27.2
1782777002.886,62.4,27.2
1782777007.9,62.5,27.2
1782777012.913,62.6,27.2
1782777017.92,62.7,27.2
1782777022.93,62.9,27.2
1782777027.94,63.1,27.2
1782777032.949,63.2,27.2
1782777037.958,63.1,27.2
1782777042.97,62.8,27.2
1782777047.976,62.5,27.2
1782777052.987,62.4,27.2
1782777057.996,62.3,27.2
1782777063.012,62.1,27.2
1782777068.026,62.1,27.2
1782777073.036,62.4,27.2
1782777078.05,62.6,27.2
1782777083.061,62.7,27.2
1782777088.071,62.6,27.2
1782777093.08,62.6,27.2
1782777098.087,62.5,27.2
1782777103.097,62.4,27.2
1782777108.112,62.3,27.2
1782777113.124,62.4,27.2
1782777118.136,62.6,27.2
1782777123.143,62.6,27.2
1782777128.156,62.5,27.2
1782777133.163,62.4,27.2
1782777138.175,62.3,27.2
1782777143.188,62.3,27.2
1782777148.191,62.3,27.2
1782777153.203,62.3,27.2
1782777158.218,62.3,27.2
1782777163.233,62.3,27.2
1782777168.244,62.3,27.2
1782777173.254,62.4,27.2
1782777178.267,62.5,27.2
1782777183.281,62.7,27.2
1782777188.293,62.8,27.2
1782777193.305,62.8,27.2
1782777198.311,62.8,27.2
1782777203.324,62.7,27.2
1782777208.34,62.8,27.2
1782777213.352,62.7,27.2
1782777218.364,62.5,27.2
1782777223.377,62.3,27.2
1782777228.385,62.3,27.2
1782777233.4,62.4,27.2
1782777238.414,62.5,27.2
1782777243.426,62.5,27.2
1782777248.433,62.4,27.2
1782777253.443,62.3,27.2
1782777258.452,62.4,27.2
1782777263.469,62.4,27.2
1782777268.48,62.5,27.2
1782777273.493,62.4,27.2
1782777278.507,62.5,27.2
1782777283.519,62.5,27.2
1782777288.53,62.5,27.2
1782777293.544,62.6,27.2
1782777298.555,62.8,27.2
1782777303.563,62.9,27.2
1782777308.576,62.9,27.2
1782777313.587,62.8,27.2
1782777318.599,62.7,27.2
1782777323.612,62.7,27.2
1782777328.623,62.9,27.2
1782777333.634,63.0,27.3
1782777338.648,63.0,27.2
1782777343.658,63.2,27.2
1782777348.666,63.2,27.2
1782777353.674,63.0,27.2
1782777358.687,62.7,27.2
1782777363.7,62.5,27.2
1782777368.711,62.4,27.2
1782777373.725,62.5,27.2
1782777378.739,62.5,27.2
1782777383.752,62.5,27.2
1782777388.762,62.6,27.2
1782777393.773,62.6,27.2
1782777398.787,62.6,27.2
1782777403.794,62.7,27.2
1782777408.808,62.7,27.2
1782777413.817,62.5,27.2
1782777418.829,62.5,27.2
1782777423.843,62.4,27.2
1782777428.849,62.3,27.2
1782777433.858,62.2,27.2
1782777438.871,62.1,27.2
1782777443.885,62.1,27.2
1782777448.896,62.2,27.2
1782777453.901,62.5,27.2
1782777458.914,62.7,27.2
1782777463.928,62.7,27.2
1782777468.938,62.8,27.2
1782777473.951,62.8,27.2
1782777478.963,62.9,27.2
1782777483.972,62.9,27.2
1782777488.981,62.9,27.2
1782777493.993,62.9,27.2
1782777499.005,62.8,27.2
1782777504.018,62.8,27.2
1782777509.027,62.7,27.2
1782777514.038,62.8,27.2
1782777519.051,62.9,27.2
1782777524.062,62.9,27.2
1782777529.073,63.0,27.2
1782777534.084,62.9,27.2
1782777539.095,62.7,27.2
1782777544.104,62.6,27.2
1782777549.112,62.5,27.2
1782777554.118,62.4,27.2
1782777559.127,62.4,27.2
1782777564.142,62.4,27.2
1782777569.151,62.4,27.2
1782777574.164,62.5,27.2
1782777579.172,62.4,27.2
1782777584.181,62.3,27.2
1782777589.191,62.4,27.2
1782777594.205,62.4,27.2
1782777599.217,62.3,27.2
1782777604.229,62.3,27.2
1782777609.241,62.3,27.2
1782777614.248,62.4,27.2
1782777619.259,62.5,27.2
1782777624.27,62.5,27.2
1782777629.283,62.5,27.2
1782777634.299,62.6,27.2
1782777639.311,62.7,27.2
1782777644.319,62.7,27.2
1782777649.332,62.7,27.2
1782777654.344,62.6,27.2
1782777659.354,62.6,27.2
1782777664.365,62.5,27.2
1782777669.377,62.5,27.2
1782777674.387,62.8,27.2
1782777679.401,63.0,27.2
1782777684.414,63.1,27.2
1782777689.426,63.0,27.2
1782777694.44,63.0,27.2
1782777699.451,63.1,27.2
1782777704.463,63.1,27.2
1782777709.476,63.0,27.3
1782777714.482,62.8,27.2
1782777719.494,62.6,27.2
1782777724.507,62.5,27.3
1782777729.518,62.6,27.2
1782777734.532,62.8,27.2
1782777739.543,62.7,27.2
1782777744.553,62.8,27.2
1782777749.568,62.8,27.2
1782777754.584,62.7,27.3
1782777759.596,62.7,27.2
1782777764.603,62.6,27.2
1782777769.615,62.5,27.2
1782777774.63,62.7,27.3
1782777779.642,62.8,27.3
1782777784.65,62.8,27.3
1782777789.659,62.8,27.3
1782777794.673,62.8,27.2
1782777799.686,62.8,27.3
1782777804.7,62.6,27.3
1782777809.713,62.4,27.3
1782777814.722,62.4,27.3
1782777819.729,62.4,27.3
1782777824.742,62.4,27.3
1782777829.752,62.3,27.2
1782777834.767,62.3,27.3
1782777839.779,62.4,27.2
1782777844.789,62.5,27.2
1782777849.8,62.4,27.2
1782777854.81,62.4,27.3
1782777859.821,62.3,27.2
1782777864.833,62.3,27.2
1782777869.842,62.4,27.3
1782777874.852,62.3,27.3
1782777879.867,62.3,27.3
1782777884.877,62.2,27.3
1782777889.889,62.2,27.3
1782777894.903,62.3,27.2
1782777899.914,62.3,27.2
1782777904.929,62.3,27.2
1782777909.943,62.4,27.3
1782777914.954,62.6,27.2
1782777919.964,62.8,27.3
1782777924.974,62.7,27.2
1782777929.987,62.6,27.2
1782777935.002,62.5,27.3
1782777940.012,62.4,27.3
1782777945.022,62.4,27.3
1782777950.036,62.3,27.3
1782777955.05,62.3,27.3
1782777960.059,62.5,27.3
1782777965.073,62.5,27.3
1782777970.084,62.4,27.3
1782777975.091,62.3,27.2
1782777980.103,62.3,27.2
1782777985.115,62.3,27.2
1782777990.13,62.3,27.3
1782777995.144,62.2,27.3
1782778000.154,62.2,27.2
1782778005.167,62.2,27.2
1782778010.181,62.2,27.3
1782778015.191,62.3,27.3
1782778020.202,62.4,27.3
1782778025.209,62.5,27.3
1782778030.22,62.5,27.3
1782778035.236,62.5,27.3
1782778040.247,62.3,27.2
1782778045.256,62.3,27.2
1782778050.271,62.3,27.3
1782778055.287,62.3,27.2
1782778060.295,62.3,27.3
1782778065.308,62.2,27.2
1782778070.318,62.2,27.3
1782778075.322,62.2,27.3
1782778080.33,62.1,27.3
1782778085.342,62.2,27.3
1782778090.352,62.1,27.3
1782778095.365,62.2,27.3
1782778100.374,62.1,27.3
1782778105.386,62.1,27.3
1782778110.397,62.1,27.2
1782778115.41,62.1,27.3
1782778120.422,62.1,27.3
1782778125.428,62.1,27.3
1782778130.442,62.1,27.3
1782778135.454,62.1,27.3
1782778140.462,62.2,27.3
1782778145.47,62.4,27.3
1782778150.484,62.7,27.3
1782778155.497,62.7,27.3
1782778160.507,62.8,27.3
1782778165.52,62.8,27.3
1782778170.532,62.9,27.3
1782778175.539,62.9,27.3
1782778180.55,62.9,27.3
1782778185.562,62.7,27.3
1782778190.574,62.6,27.3
1782778195.589,62.4,27.3
1782778200.598,62.4,27.3
1782778205.612,62.3,27.3
1782778210.62,62.2,27.3
1782778215.627,62.2,27.3
1782778220.64,62.1,27.3
1782778225.652,62.1,27.3
1782778230.655,62.0,27.3
1782778235.667,62.1,27.3
1782778240.677,62.3,27.3
1782778245.685,62.5,27.3
1782778250.702,62.7,27.3
1782778255.715,62.7,27.3
1782778260.726,62.7,27.3
1782778265.739,62.6,27.3
1782778270.751,62.5,27.3
1782778275.76,62.4,27.3
1782778280.768,62.3,27.3
1782778285.78,62.3,27.3
1782778290.794,62.3,27.3
1782778295.806,62.4,27.3
1782778300.821,62.4,27.3
1782778305.834,62.3,27.3
1782778310.84,62.3,27.3
1782778315.851,62.2,27.3
1782778320.864,62.2,27.3
1782778325.877,62.2,27.3
1782778330.883,62.1,27.3
1782778335.895,62.1,27.3
1782778340.907,62.1,27.3
1782778345.919,62.1,27.3
1782778350.935,62.1,27.3
1782778355.943,62.1,27.3
1782778360.955,62.1,27.3
1782778365.965,62.2,27.3
1782778370.977,62.3,27.3
1782778375.989,62.3,27.3
1782778380.994,62.4,27.3
1782778386.007,62.5,27.3
1782778391.019,62.7,27.3
1782778396.026,62.7,27.3
1782778401.035,62.7,27.3
1782778406.049,62.7,27.3
1782778411.061,62.5,27.3
1782778416.073,62.4,27.3
1782778421.086,62.3,27.3
1782778426.098,62.2,27.3
1782778431.104,62.2,27.3
1782778436.115,62.2,27.3
1782778441.13,62.2,27.3
1782778446.14,62.2,27.3
1782778451.157,62.3,27.3
1782778456.166,62.3,27.3
1782778461.176,62.3,27.3
1782778466.187,62.3,27.3
1782778471.199,62.2,27.3
1782778476.211,62.2,27.3
1782778481.223,62.2,27.3
1782778486.23,62.3,27.3
1782778491.244,62.5,27.3
1782778496.254,62.6,27.3
1782778501.269,62.7,27.3
1782778506.283,62.5,27.3
1782778511.297,62.3,27.3
1782778516.307,62.2,27.3
1782778521.321,62.2,27.3
1782778526.332,62.2,27.3
1782778531.344,62.1,27.3
1782778536.351,62.1,27.3
1782778541.363,62.1,27.3
1782778546.375,62.0,27.3
1782778551.388,61.9,27.3
1782778556.395,62.0,27.3
1782778561.407,62.0,27.3
1782778566.415,62.0,27.3
1782778571.425,62.1,27.3
1782778576.435,62.1,27.3
1782778581.448,62.1,27.3
1782778586.455,62.1,27.3
1782778591.47,61.9,27.3
1782778596.479,62.0,27.3
1782778601.495,62.0,27.3
1782778606.509,62.0,27.3
1782778611.522,62.2,27.3
1782778616.528,62.2,27.3
1782778621.542,62.2,27.3
1782778626.556,62.2,27.3
1782778631.566,62.2,27.3
1782778636.579,62.4,27.3
1782778641.586,62.6,27.3
1782778646.599,62.8,27.3
1782778651.614,62.6,27.3
1782778656.626,62.3,27.3
1782778661.638,62.2,27.3
1782778666.651,62.1,27.3
1782778671.662,62.0,27.3
1782778676.677,62.1,27.3
1782778681.689,62.1,27.3
1782778686.7,62.1,27.3
1782778691.707,62.1,27.3
1782778696.716,62.0,27.3
1782778701.732,62.1,27.3
1782778706.74,62.0,27.3
1782778711.75,62.0,27.3
1782778716.762,62.0,27.3
1782778721.772,62.0,27.3
1782778726.781,62.0,27.3
1782778731.788,62.0,27.3
1782778736.802,61.9,27.3
1782778741.805,62.0,27.3
1782778746.817,62.3,27.3
1782778751.833,62.4,27.3
1782778756.845,62.4,27.3
1782778761.856,62.4,27.3
1782778766.869,62.4,27.3
1782778771.88,62.4,27.3
1782778776.892,62.3,27.3
1782778781.904,62.3,27.3
1782778786.915,62.3,27.3
1782778791.928,62.4,27.3
1782778796.934,62.2,27.3
1782778801.95,62.1,27.3
1782778806.961,62.1,27.3
1782778811.972,62.2,27.3
1782778816.984,62.2,27.3
1782778821.997,62.2,27.3
1782778827.007,62.4,27.3
1782778832.018,62.4,27.3
1782778837.03,62.3,27.3
1782778842.043,62.2,27.3
1782778847.052,62.1,27.3
1782778852.062,62.1,27.3
1782778857.075,62.0,27.3
1782778862.084,62.0,27.3
1782778867.098,62.0,27.3
1782778872.108,62.0,27.3
1782778877.117,62.1,27.3
1782778882.128,62.0,27.3
1782778887.138,62.0,27.3
1782778892.15,62.1,27.3
1782778897.16,62.1,27.3
1782778902.173,62.1,27.3
1782778907.184,62.3,27.3
1782778912.197,62.3,27.4
1782778917.21,62.5,27.3
1782778922.22,62.6,27.3
1782778927.23,62.8,27.3
1782778932.242,62.8,27.4
1782778937.256,62.6,27.3
1782778942.269,62.4,27.3
1782778947.279,62.3,27.4
1782778952.292,62.2,27.3
1782778957.303,62.2,27.3
1782778962.315,62.1,27.3
1782778967.326,62.1,27.3
1782778972.336,62.1,27.3
1782778977.347,62.1,27.3
1782778982.36,62.1,27.3
1782778987.37,62.1,27.3
1782778992.379,62.0,27.3
1782778997.388,61.9,27.3
1782779002.4,61.9,27.3
1782779007.415,62.0,27.3
1782779012.425,62.0,27.3
1782779017.437,62.3,27.3
1782779022.451,62.3,27.3
1782779027.461,62.4,27.4
1782779032.473,62.2,27.3
1782779037.486,62.2,27.3
1782779042.497,62.2,27.3
1782779047.511,62.2,27.3
1782779052.52,62.3,27.3
1782779057.528,62.5,27.3
1782779062.54,62.5,27.4
1782779067.548,62.4,27.4
1782779072.561,62.4,27.4
1782779077.577,62.3,27.4
1782779082.589,62.1,27.3
1782779087.596,62.1,27.3
1782779092.609,62.1,27.4
1782779097.622,62.1,27.4
1782779102.629,62.0,27.4
1782779107.642,62.1,27.4
1782779112.654,62.2,27.4
1782779117.666,62.4,27.4
1782779122.681,62.4,27.3
1782779127.692,62.4,27.3
1782779132.703,62.4,27.3
1782779137.71,62.5,27.4
1782779142.72,62.6,27.4
1782779147.729,62.6,27.4
1782779152.735,62.5,27.4
1782779157.745,62.5,27.4
1782779162.759,62.5,27.3
1782779167.768,62.4,27.4
1782779172.782,62.4,27.4
1782779177.792,62.3,27.4
1782779182.8,62.2,27.4
1782779187.809,62.2,27.4
1782779192.823,62.1,27.4
1782779197.838,62.2,27.4
1782779202.844,62.2,27.4
1782779207.856,62.2,27.4
1782779212.868,62.2,27.4
1782779217.883,62.3,27.4
1782779222.894,62.2,27.4
1782779227.905,62.2,27.4
1782779232.917,62.2,27.3
1782779237.93,62.4,27.4
1782779242.944,62.4,27.4
1782779247.958,62.3,27.4
1782779252.965,62.2,27.4
1782779257.977,62.1,27.4
1782779262.991,62.1,27.4
1782779268.002,62.1,27.4
1782779273.014,62.1,27.4
1782779278.027,62.1,27.3
1782779283.036,62.1,27.4
1782779288.048,62.1,27.4
1782779293.066,62.1,27.3
1782779298.078,62.0,27.4
1782779303.09,62.1,27.4
1782779308.094,62.3,27.4
1782779313.108,62.5,27.4
1782779318.122,62.4,27.4
1782779323.126,62.2,27.4
1782779328.138,62.2,27.4
1782779333.153,62.2,27.4
1782779338.167,62.2,27.4
1782779343.175,62.2,27.4
1782779348.184,62.1,27.4
1782779353.189,62.1,27.4
1782779358.195,62.1,27.4
1782779363.205,62.1,27.4
1782779368.212,62.1,27.4
1782779373.222,62.2,27.4
1782779378.233,62.3,27.4
1782779383.241,62.3,27.4
1782779388.251,62.3,27.4
1782779393.26,62.2,27.4
1782779398.267,62.2,27.4
1782779403.274,62.2,27.4
1782779408.28,62.2,27.4
1782779413.293,62.2,27.3
1782779418.306,62.2,27.4
1782779423.314,62.2,27.4
1782779428.32,62.2,27.4
1782779433.329,62.2,27.4
1782779438.339,62.3,27.4
1782779443.348,62.3,27.4
1782779448.358,62.3,27.4
1782779453.367,62.2,27.4
1782779458.373,62.2,27.4
1782779463.382,62.2,27.4
1782779468.392,62.2,27.4
1782779473.402,62.1,27.4
1782779478.41,62.1,27.4
1782779483.419,62.2,27.4
1782779488.429,62.3,27.4
1782779493.44,62.3,27.4
1782779498.449,62.2,27.4
1782779503.458,62.1,27.4
1782779508.464,62.1,27.4
1782779513.477,62.1,27.4
1782779518.492,62.1,27.4
1782779523.499,62.1,27.4
1782779528.514,62.2,27.4
1782779533.527,62.4,27.4
1782779538.537,62.5,27.4
1782779543.548,62.4,27.4
1782779548.561,62.3,27.4
1782779553.57,62.2,27.4
1782779558.582,62.2,27.4
1782779563.588,62.2,27.4
1782779568.594,62.1,27.4
1782779573.605,62.1,27.4
1782779578.616,62.2,27.4
1782779583.623,62.2,27.3
1782779588.635,62.2,27.4
1782779593.649,62.3,27.4
1782779598.663,62.3,27.4
1782779603.676,62.3,27.4
1782779608.688,62.2,27.4
1782779613.695,62.2,27.4
1782779618.709,62.1,27.4
1782779623.719,62.1,27.4
1782779628.729,62.2,27.4
1782779633.745,62.2,27.4
1782779638.755,62.2,27.4
1782779643.771,62.2,27.4
1782779648.785,62.2,27.4
1782779653.797,62.2,27.4
1782779658.808,62.3,27.4
1782779663.813,62.3,27.4
1782779668.828,62.3,27.4
1782779673.838,62.3,27.4
1782779678.85,62.3,27.4
1782779683.856,62.4,27.4
1782779688.866,62.5,27.4
1782779693.877,62.6,27.4
1782779698.886,62.7,27.4
1782779703.894,62.7,27.4
1782779708.904,62.7,27.4
1782779713.91,62.7,27.4
1782779718.916,62.6,27.4
1782779723.926,62.4,27.4
1782779728.936,62.3,27.4
1782779733.945,62.2,27.4
1782779738.951,62.1,27.4
1782779743.962,62.1,27.4
1782779748.974,62.0,27.4
1782779753.983,62.1,27.4
1782779758.994,62.0,27.4
1782779764.003,62.0,27.4
1782779769.015,62.0,27.4
1782779774.026,62.0,27.4
1782779779.036,62.1,27.4
1782779784.045,62.1,27.4
1782779789.061,62.2,27.4
1782779794.076,62.2,27.4
1782779799.083,62.2,27.4
1782779804.092,62.3,27.4
1782779809.106,62.3,27.4
1782779814.116,62.3,27.4
1782779819.123,62.2,27.4
1782779824.132,62.2,27.4
1782779829.145,62.3,27.4
1782779834.161,62.4,27.4
1782779839.171,62.6,27.4
1782779844.187,62.7,27.4
1782779849.199,62.6,27.4
1782779854.212,62.6,27.4
1782779859.225,62.6,27.4
1782779864.237,62.7,27.4
1782779869.244,62.7,27.4
1782779874.259,62.7,27.4
1782779879.266,62.6,27.4
1782779884.281,62.7,27.4
1782779889.297,62.5,27.4
1782779894.308,62.3,27.4
1782779899.315,62.2,27.4
1782779904.331,62.2,27.4
1782779909.343,62.3,27.4
1782779914.354,62.3,27.4
1782779919.361,62.4,27.4
1782779924.373,62.4,27.4
1782779929.387,62.4,27.4
1782779934.401,62.5,27.4
1782779939.413,62.5,27.4
1782779944.425,62.6,27.4
1782779949.436,62.6,27.4
1782779954.448,62.6,27.4
1782779959.457,62.5,27.4
1782779964.467,62.6,27.4
1782779969.473,62.7,27.4
1782779974.485,62.7,27.4
1782779979.494,62.6,27.4
1782779984.5,62.6,27.4
1782779989.512,62.5,27.4
1782779994.521,62.5,27.4
1782779999.532,62.5,27.4
1782780004.542,62.4,27.4
1782780009.547,62.4,27.4
1782780014.555,62.5,27.4
1782780019.564,62.5,27.4
1782780024.567,62.4,27.4
1782780029.571,62.4,27.4
1782780034.576,62.4,27.4
1782780039.589,62.3,27.4
1782780044.602,62.2,27.4
1782780049.616,62.2,27.4
1782780054.625,62.1,27.4
1782780059.639,62.1,27.4
1782780064.65,62.1,27.4
1782780069.658,62.2,27.4
1782780074.666,62.4,27.4
1782780079.678,62.4,27.4
1782780084.69,62.3,27.4
1782780089.703,62.3,27.4
1782780094.715,62.3,27.4
1782780099.727,62.3,27.4
1782780104.741,62.3,27.4
1782780109.753,62.3,27.4
1782780114.76,62.3,27.4
1782780119.773,62.3,27.4
1782780124.78,62.2,27.4
1782780129.793,62.3,27.4
1782780134.805,62.1,27.4
1782780139.82,62.0,27.4
1782780144.834,62.0,27.4
1782780149.847,62.0,27.4
1782780154.858,62.0,27.4
1782780159.87,62.1,27.4
1782780164.881,62.1,27.4
1782780169.887,62.2,27.4
1782780174.889,62.2,27.4
1782780179.899,62.4,27.4
1782780184.91,62.6,27.4
1782780189.921,62.7,27.4
1782780194.93,62.6,27.4
1782780199.939,62.7,27.4
1782780204.944,62.5,27.4
1782780209.951,62.4,27.4
1782780214.955,62.2,27.4
1782780219.966,62.2,27.4
1782780224.972,62.1,27.4
1782780229.983,62.1,27.4
1782780234.993,62.1,27.4
1782780240.004,62.1,27.4
1782780245.013,62.1,27.4
1782780250.023,62.1,27.4
1782780255.032,62.1,27.4
1782780260.044,62.1,27.4
1782780265.054,62.1,27.4
1782780270.063,62.2,27.4
1782780275.065,62.2,27.4
1782780280.075,62.1,27.4
1782780285.092,62.1,27.4
1782780290.104,62.2,27.4
1782780295.116,62.2,27.4
1782780300.128,62.2,27.4
1782780305.142,62.2,27.4
1782780310.154,62.2,27.4
1782780315.166,62.2,27.4
1782780320.174,62.3,27.4
1782780325.185,62.2,27.4
1782780330.194,62.2,27.4
1782780335.205,62.2,27.4
1782780340.216,62.2,27.4
1782780345.229,62.2,27.4
1782780350.24,62.4,27.4
1782780355.253,62.5,27.4
1782780360.267,62.5,27.4
1782780365.28,62.4,27.4
1782780370.29,62.3,27.4
1782780375.303,62.3,27.4
1782780380.308,62.3,27.4
1782780385.322,62.3,27.4
1782780390.334,62.3,27.4
1782780395.346,62.3,27.4
1782780400.354,62.4,27.4
1782780405.365,62.3,27.4
1782780410.375,62.2,27.4
1782780415.39,62.4,27.4
1782780420.402,62.4,27.4
1782780425.414,62.3,27.4
1782780430.416,62.2,27.4
1782780435.431,62.2,27.4
1782780440.443,62.2,27.4
1782780445.456,62.2,27.4
1782780450.464,62.3,27.4
1782780455.476,62.3,27.4
1782780460.489,62.3,27.4
1782780465.499,62.2,27.4
1782780470.507,62.2,27.4
1782780475.521,62.3,27.4
1782780480.528,62.4,27.4
1782780485.543,62.5,27.4
1782780490.556,62.5,27.4
1782780495.567,62.4,27.4
1782780500.578,62.3,27.4
1782780505.59,62.3,27.4
1782780510.6,62.3,27.4
1782780515.613,62.3,27.4
1782780520.624,62.3,27.4
1782780525.635,62.3,27.4
1782780530.644,62.3,27.4
1782780535.656,62.3,27.4
1782780540.669,62.3,27.4
1782780545.685,62.2,27.4
1782780550.696,62.2,27.4
1782780555.706,62.3,27.4
1782780560.72,62.4,27.4
1782780565.733,62.4,27.4
1782780570.745,62.3,27.4
1782780575.757,62.3,27.4
1782780580.771,62.3,27.4
1782780585.777,62.3,27.4
1782780590.792,62.3,27.4
1782780595.805,62.3,27.4
1782780600.814,62.3,27.4
1782780605.827,62.3,27.4
1782780610.836,62.4,27.4
1782780615.851,62.3,27.4
1782780620.864,62.3,27.4
1782780625.873,62.4,27.4
1782780630.882,62.4,27.4
1782780635.884,62.4,27.4
1782780640.899,62.4,27.4
1782780645.911,62.4,27.4
1782780650.921,62.4,27.4
1782780655.933,62.3,27.4
1782780660.947,62.3,27.4
1782780665.961,62.4,27.4
1782780670.968,62.4,27.4
1782780675.98,62.3,27.4
1782780680.994,62.2,27.4
1782780685.999,62.1,27.4
1782780691.012,61.9,27.4
1782780696.024,61.9,27.4
1782780701.036,62.0,27.4
1782780706.039,62.1,27.4
1782780711.049,62.1,27.4
1782780716.06,62.0,27.4
1782780721.069,61.9,27.4
1782780726.074,62.0,27.4
1782780731.088,62.1,27.4
1782780736.099,62.1,27.4
1782780741.106,62.2,27.4
1782780746.118,62.2,27.4
1782780751.131,62.2,27.4
1782780756.145,62.1,27.4
1782780761.159,62.1,27.4
1782780766.17,62.1,27.4
1782780771.182,62.1,27.4
1782780776.195,62.1,27.4
1782780781.211,62.1,27.4
1782780786.223,62.1,27.4
1782780791.226,62.0,27.4
1782780796.238,62.1,27.4
1782780801.252,62.1,27.4
1782780806.265,62.1,27.4
1782780811.277,62.1,27.4
1782780816.29,62.1,27.4
1782780821.302,62.1,27.4
1782780826.308,62.1,27.4
1782780831.325,62.2,27.4
1782780836.338,62.3,27.4
1782780841.343,62.4,27.4
1782780846.352,62.4,27.4
1782780851.366,62.3,27.4
1782780856.379,62.2,27.4
1782780861.391,62.1,27.4
1782780866.401,62.1,27.4
1782780871.414,62.1,27.4
1782780876.43,62.1,27.4
1782780881.441,62.1,27.4
1782780886.451,62.1,27.4
1782780891.455,62.2,27.4
1782780896.465,62.2,27.4
1782780901.474,62.3,27.4
1782780906.48,62.4,27.4
1782780911.488,62.5,27.4
1782780916.499,62.4,27.4
1782780921.511,62.4,27.4
1782780926.52,62.4,27.4
1782780931.533,62.3,27.4
1782780936.546,62.3,27.4
1782780941.553,62.4,27.4
1782780946.566,62.5,27.4
1782780951.576,62.5,27.4
1782780956.589,62.5,27.4
1782780961.604,62.5,27.4
1782780966.614,62.5,27.4
1782780971.626,62.5,27.4
1782780976.641,62.6,27.4
1782780981.653,62.8,27.4
1782780986.662,63.0,27.4
1782780991.673,62.9,27.4
1782780996.68,62.6,27.4
1782781001.695,62.5,27.4
1782781006.705,62.4,27.4
1782781011.714,62.3,27.4
1782781016.73,62.3,27.4
1782781021.742,62.2,27.4
1782781026.754,62.3,27.4
1782781031.769,62.2,27.4
1782781036.78,62.3,27.4
1782781041.792,62.2,27.4
1782781046.8,62.2,27.4
1782781051.813,62.2,27.4
1782781056.825,62.2,27.4
1782781061.832,62.2,27.4
1782781066.847,62.2,27.4
1782781071.86,62.2,27.4
1782781076.872,62.3,27.4
1782781081.882,62.3,27.4
1782781086.896,62.4,27.4
1782781091.909,62.6,27.4
1782781096.921,62.7,27.4
1782781101.928,62.6,27.4
1782781106.936,62.6,27.4
1782781111.947,62.6,27.4
1782781116.957,62.6,27.4
1782781121.966,62.6,27.4
1782781126.976,62.4,27.4
1782781131.987,62.4,27.4
1782781136.997,62.3,27.4
1782781142.006,62.3,27.4
1782781147.016,62.3,27.4
1782781152.022,62.3,27.4
1782781157.032,62.3,27.4
1782781162.043,62.3,27.4
1782781167.051,62.3,27.4
1782781172.06,62.3,27.4
1782781177.071,62.2,27.4
1782781182.078,62.2,27.4
1782781187.089,62.3,27.4
1782781192.098,62.3,27.4
1782781197.109,62.4,27.4
1782781202.111,62.3,27.4
1782781207.123,62.3,27.4
1782781212.134,62.3,27.4
1782781217.146,62.3,27.4
1782781222.152,62.3,27.4
1782781227.168,62.3,27.4
1782781232.183,62.3,27.4
1782781237.195,62.4,27.4
1782781242.206,62.4,27.4
1782781247.22,62.4,27.4
1782781252.227,62.5,27.4
1782781257.239,62.6,27.4
1782781262.252,62.6,27.4
1782781267.26,62.5,27.4
1782781272.274,62.5,27.4
1782781277.29,62.4,27.4
1782781282.3,62.3,27.4
1782781287.314,62.3,27.4
1782781292.327,62.3,27.4
1782781297.34,62.3,27.4
1782781302.346,62.3,27.4
1782781307.358,62.3,27.4
1782781312.37,62.3,27.4
1782781317.384,62.3,27.4
1782781322.394,62.3,27.4
1782781327.409,62.3,27.4
1782781332.422,62.3,27.4
1782781337.434,62.3,27.4
1782781342.445,62.4,27.4
1782781347.458,62.4,27.4
1782781352.472,62.4,27.4
1782781357.478,62.3,27.4
1782781362.491,62.3,27.4
1782781367.5,62.3,27.4
1782781372.51,62.3,27.4
1782781377.52,62.3,27.4
1782781382.528,62.3,27.4
1782781387.534,62.4,27.4
1782781392.543,62.5,27.4
1782781397.552,62.5,27.4
1782781402.559,62.5,27.4
1782781407.564,62.5,27.4
1782781412.572,62.5,27.4
1782781417.582,62.5,27.5
1782781422.592,62.5,27.5
1782781427.599,62.5,27.4
1782781432.607,62.4,27.4
1782781437.615,62.4,27.4
1782781442.623,62.4,27.5
1782781447.634,62.4,27.4
1782781452.639,62.4,27.4
1782781457.645,62.4,27.5
1782781462.652,62.4,27.5
1782781467.663,62.5,27.5
1782781472.673,62.5,27.5
1782781477.679,62.4,27.4
1782781482.686,62.3,27.4
1782781487.697,62.4,27.4
1782781492.707,62.3,27.5
1782781497.716,62.3,27.5
1782781502.723,62.3,27.5
1782781507.732,62.3,27.4
1782781512.742,62.3,27.4
1782781517.749,62.3,27.5
1782781522.758,62.3,27.4
1782781527.768,62.3,27.5
1782781532.778,62.3,27.4
1782781537.784,62.3,27.5
1782781542.794,62.3,27.5
1782781547.8,62.3,27.4
1782781552.804,62.4,27.5
1782781557.813,62.3,27.5
1782781562.824,62.3,27.5
1782781567.831,62.3,27.5
1782781572.843,62.3,27.4
1782781577.85,62.3,27.5
1782781582.86,62.3,27.4
1782781587.868,62.3,27.4
1782781592.877,62.3,27.5
1782781597.886,62.3,27.5
1782781602.889,62.4,27.5
1782781607.9,62.3,27.5
1782781612.909,62.3,27.5
1782781617.917,62.3,27.5
1782781622.926,62.3,27.5
1782781627.935,62.2,27.4
1782781632.945,62.2,27.5
1782781637.954,62.2,27.5
1782781642.964,62.2,27.5
1782781647.972,62.2,27.5
1782781652.976,62.2,27.5
1782781657.979,62.2,27.5
1782781662.985,62.2,27.5
1782781667.992,62.3,27.5
1782781673.001,62.2,27.5
1782781678.011,62.3,27.5
1782781683.02,62.3,27.5
1782781688.03,62.3,27.5
1782781693.039,62.3,27.5
1782781698.048,62.2,27.5
1782781703.055,62.2,27.5
1782781708.068,62.2,27.5
1782781713.082,62.2,27.5
1782781718.09,62.2,27.5
1782781723.106,62.2,27.5
1782781728.116,62.2,27.5
1782781733.125,62.1,27.5
1782781738.134,62.0,27.5
1782781743.146,61.9,27.5
1782781748.16,61.8,27.5
1782781753.163,61.8,27.5
1782781758.176,61.9,27.5
1782781763.188,61.9,27.5
1782781768.199,61.9,27.5
1782781773.215,61.9,27.5
1782781778.225,61.9,27.5
1782781783.234,61.7,27.5
1782781788.242,61.6,27.5
1782781793.255,61.3,27.5
1782781798.264,61.1,27.5
1782781803.276,61.0,27.5
1782781808.283,60.8,27.5
1782781813.296,60.5,27.5
1782781818.308,60.0,27.5
1782781823.32,59.8,27.5
1782781828.33,59.7,27.5
1782781833.338,59.3,27.5
1782781838.347,59.1,27.5
1782781843.361,59.1,27.5
1782781848.372,58.8,27.5
1782781853.382,58.4,27.5
1782781858.388,58.2,27.5
1782781863.4,58.0,27.5
1782781868.409,57.6,27.5
1782781873.424,57.2,27.5
1782781878.434,56.9,27.4
1782781883.447,56.6,27.5
1782781888.455,56.4,27.5
1782781893.464,56.1,27.4
1782781898.473,55.9,27.4
1782781903.485,55.6,27.4
1782781908.492,55.4,27.4
1782781913.503,55.3,27.4
1782781918.512,54.7,27.4
1782781923.523,54.5,27.4
1782781928.533,54.2,27.4
1782781933.542,53.9,27.4
1782781938.549,53.8,27.4
1782781943.559,53.8,27.4
1782781948.567,53.8,27.4
1782781953.576,53.7,27.4
1782781958.579,53.5,27.4
1782781963.588,53.3,27.4
1782781968.599,53.1,27.4
1782781973.606,52.7,27.4
1782781978.612,52.6,27.4
1782781983.62,52.5,27.4
1782781988.626,52.4,27.3
1782781993.634,52.5,27.4
1782781998.643,52.5,27.3
1782782003.648,52.4,27.3
1782782008.653,52.4,27.3
1782782013.663,52.1,27.3
1782782018.672,52.0,27.3
1782782023.681,51.9,27.3
1782782028.688,51.8,27.3
1782782033.698,51.6,27.3
1782782038.707,51.4,27.3
1782782043.715,51.2,27.3
1782782048.723,51.1,27.3
1782782053.737,50.9,27.2
1782782058.743,50.7,27.3
1782782063.751,50.5,27.2
1782782068.764,50.6,27.2
1782782073.771,50.4,27.2
1782782078.785,50.2,27.2
1782782083.798,50.1,27.2
1782782088.809,50.0,27.2
1782782093.816,49.9,27.2
1782782098.828,49.9,27.2
1782782103.842,49.9,27.2
1782782108.848,49.5,27.2
1782782113.858,49.3,27.2
1782782118.871,49.2,27.2
1782782123.885,49.1,27.2
1782782128.898,49.1,27.2
1782782133.909,48.9,27.2
1782782138.921,48.6,27.1
1782782143.933,48.4,27.1
1782782148.945,48.3,27.1
1782782153.958,48.1,27.1
1782782158.964,47.9,27.1
1782782163.973,47.9,27.1
1782782168.99,48.0,27.1
1782782174.002,47.9,27.1
1782782179.014,47.8,27.1
1782782184.025,47.8,27.0
1782782189.037,47.7,27.0
1782782194.043,47.6,27.1
1782782199.058,47.6,27.1
1782782204.068,47.4,27.0
1782782209.074,47.2,27.0
1782782214.086,47.2,27.0
1782782219.104,47.1,27.0
1782782224.116,47.1,27.0
1782782229.128,46.9,27.0
1782782234.138,46.8,27.0
1782782239.15,46.9,27.0
1782782244.164,46.8,27.0
1782782249.176,46.7,26.9
1782782254.185,46.6,26.9
1782782259.193,46.4,26.9
1782782264.199,46.4,26.9
1782782269.217,46.2,26.9
1782782274.227,46.1,26.9
1782782279.239,46.1,26.9
1782782284.253,46.0,26.9
1782782289.263,45.8,26.9
1782782294.275,45.6,26.9
1782782299.288,45.6,26.8
1782782304.301,45.6,26.8
1782782309.308,45.5,26.8
1782782314.318,45.5,26.8
1782782319.331,45.4,26.8
1782782324.343,45.4,26.8
1782782329.356,45.3,26.8
1782782334.368,45.3,26.8
1782782339.381,45.3,26.7
1782782344.394,45.2,26.7
1782782349.404,45.1,26.7
1782782354.417,45.0,26.7
1782782359.425,44.9,26.7
1782782364.433,45.0,26.7
1782782369.448,44.9,26.7
1782782374.457,45.0,26.7
1782782379.467,44.8,26.7
1782782384.481,44.7,26.7
1782782389.488,44.6,26.7
1782782394.501,44.6,26.6
1782782399.509,44.5,26.7
1782782404.521,44.3,26.6
1782782409.533,44.2,26.6
1782782414.539,44.2,26.6
1782782419.55,44.3,26.6
1782782424.564,44.2,26.6
1782782429.573,44.0,26.6
1782782434.584,44.0,26.6
1782782439.591,44.0,26.6
1782782444.599,44.0,26.5
1782782449.605,43.8,26.5
1782782454.616,43.8,26.5
1782782459.624,43.7,26.5
1782782464.631,43.7,26.5
1782782469.643,43.6,26.5
1782782474.651,43.5,26.5
1782782479.66,43.5,26.5
1782782484.675,43.5,26.5
1782782489.68,43.5,26.4
1782782494.69,43.4,26.4
1782782499.704,43.4,26.4
1782782504.718,43.3,26.4
1782782509.73,43.3,26.4
1782782514.738,43.2,26.4
1782782519.751,43.2,26.4
1782782524.765,43.1,26.4
1782782529.777,43.2,26.4
1782782534.789,43.0,26.4
1782782539.801,43.0,26.3
1782782544.813,43.1,26.4
1782782549.824,43.1,26.3
1782782554.836,42.9,26.3
1782782559.848,42.7,26.3
1782782564.856,42.7,26.3
1782782569.869,42.6,26.3
1782782574.883,42.7,26.3
1782782579.892,42.5,26.3
1782782584.907,42.4,26.2
1782782589.917,42.4,26.2
1782782594.929,42.4,26.2
1782782599.945,42.5,26.2
1782782604.958,42.5,26.2
1782782609.972,42.3,26.2
1782782614.985,42.3,26.2
1782782619.992,42.3,26.2
1782782625.005,42.3,26.2
1782782630.015,42.3,26.1
1782782635.027,42.2,26.1
1782782640.042,42.1,26.1
1782782645.056,42.0,26.1
1782782650.066,42.0,26.1
1782782655.08,42.0,26.1
1782782660.089,42.0,26.1
1782782665.101,41.9,26.1
1782782670.105,41.9,26.1
1782782675.116,41.9,26.0
1782782680.127,41.9,26.0
1782782685.138,41.8,26.0
1782782690.148,41.6,26.0
1782782695.163,41.7,26.0
1782782700.176,41.9,26.0
1782782705.187,41.8,26.0
1782782710.197,41.7,26.0
1782782715.205,41.8,26.0
1782782720.212,41.7,26.0
1782782725.227,41.8,25.9
1782782730.237,41.7,25.9
1782782735.245,41.8,25.9
1782782740.261,41.6,25.9
1782782745.272,41.6,25.9
1782782750.278,41.5,25.9
1782782755.292,41.5,25.9
1782782760.305,41.4,25.9
1782782765.318,41.3,25.9
1782782770.324,41.4,25.8
1782782775.336,41.4,25.9
1782782780.348,41.3,25.8
1782782785.36,41.3,25.8
1782782790.372,41.2,25.8
1782782795.381,41.2,25.8
1782782800.391,41.2,25.8
1782782805.396,41.2,25.8
1782782810.414,41.0,25.8
1782782815.426,41.0,25.8
1782782820.437,41.1,25.7
1782782825.447,41.1,25.7
1782782830.456,41.1,25.7
1782782835.466,41.1,25.7
1782782840.475,41.0,25.7
1782782845.484,41.0,25.7
1782782850.494,40.9,25.7
1782782855.505,40.9,25.7
1782782860.52,40.9,25.7
1782782865.528,40.8,25.6
1782782870.539,40.7,25.7
1782782875.546,40.6,25.6
1782782880.557,40.6,25.6
1782782885.569,40.7,25.6
1782782890.58,40.8,25.6
1782782895.588,40.8,25.6
1782782900.602,40.7,25.6
1782782905.611,40.9,25.6
1782782910.622,40.7,25.6
1782782915.634,40.7,25.5
1782782920.642,40.7,25.6
1782782925.648,40.7,25.5
1782782930.658,40.6,25.6
1782782935.669,40.5,25.5
1782782940.682,40.5,25.5
1782782945.692,40.5,25.5
1782782950.705,40.5,25.5
1782782955.718,40.4,25.5
1782782960.731,40.4,25.5
1782782965.743,40.5,25.5
1782782970.754,40.4,25.5
1782782975.756,40.5,25.5
1782782980.769,40.4,25.5
1782782985.776,40.4,25.4
1782782990.784,40.3,25.4
1782782995.799,40.3,25.4
1782783000.811,40.2,25.4
1782783005.818,40.2,25.4
1782783010.833,40.2,25.4
1782783015.845,40.1,25.4
1782783020.856,40.0,25.4
1782783025.87,40.1,25.3
1782783030.874,40.0,25.4
1782783035.886,39.9,25.4
1782783040.901,40.0,25.4
1782783045.911,40.0,25.3
1782783050.921,39.8,25.3
1782783055.935,39.8,25.3
1782783060.949,39.8,25.3
1782783065.959,39.8,25.3
1782783070.972,39.7,25.3
1782783075.985,39.7,25.3
1782783080.988,39.7,25.3
1782783086.0,39.8,25.3
1782783091.012,39.8,25.3
1782783096.028,39.8,25.2
1782783101.038,39.8,25.2
1782783106.05,39.6,25.2
1782783111.064,39.6,25.2
1782783116.074,39.7,25.2
1782783121.086,39.7,25.2
1782783126.099,39.7,25.2
1782783131.106,39.7,25.2
1782783136.113,39.8,25.2
1782783141.125,39.7,25.2
1782783146.138,39.6,25.2
1782783151.148,39.6,25.1
1782783156.159,39.6,25.1
1782783161.172,39.5,25.1
1782783166.18,39.6,25.1
1782783171.195,39.6,25.1
1782783176.208,39.5,25.1
1782783181.215,39.6,25.1
1782783186.219,39.6,25.1
1782783191.229,39.4,25.1
1782783196.24,39.5,25.1
1782783201.245,39.5,25.0
1782783206.258,39.5,25.1
1782783211.275,39.6,25.0
1782783216.289,39.7,25.0
1782783221.296,39.8,25.0
1782783226.309,40.0,25.0
1782783231.322,40.3,25.0
1782783236.328,40.7,25.0
1782783241.339,41.2,25.0
1782783246.35,41.6,25.0
1782783251.359,41.9,25.0
1782783256.372,42.3,25.0
1782783261.383,42.7,25.0
1782783266.391,43.2,25.0
1782783271.4,43.9,25.0
1782783276.406,44.3,25.0
1782783281.414,44.5,25.0
1782783286.419,45.0,25.0
1782783291.429,45.6,24.9
1782783296.438,46.0,25.0
1782783301.444,46.2,25.0
1782783306.452,46.8,25.0
1782783311.464,47.7,25.0
1782783316.473,47.8,24.9
1782783321.482,48.0,24.9
1782783326.492,48.3,24.9
1782783331.499,48.5,24.9
1782783336.505,48.8,24.9
1782783341.518,49.3,24.9
1782783346.527,49.6,24.9
1782783351.54,49.8,24.9
1782783356.553,50.2,24.9
1782783361.566,50.5,24.9
1782783366.576,50.7,24.9
1782783371.584,51.0,24.9
1782783376.594,51.4,24.9
1782783381.607,51.4,24.9
1782783386.609,51.4,24.9
1782783391.622,51.4,24.9
1782783396.636,51.8,24.9
1782783401.646,51.9,24.9
1782783406.66,52.1,24.9
1782783411.675,52.1,24.9
1782783416.682,52.1,24.9
1782783421.694,52.0,24.9
1782783426.704,51.7,24.9
1782783431.716,51.6,24.9
1782783436.728,51.4,24.9
1782783441.735,51.2,24.9
1782783446.744,50.9,24.9
1782783451.756,50.7,24.9
1782783456.769,50.5,24.8
1782783461.78,50.4,24.8
1782783466.794,50.2,24.8
1782783471.805,50.0,24.8
1782783476.815,49.8,24.8
1782783481.828,49.7,24.8
1782783486.841,49.6,24.8
1782783491.845,49.3,24.8
1782783496.855,49.0,24.8
1782783501.864,48.7,24.8
1782783506.871,48.5,24.8
1782783511.881,48.2,24.8
1782783516.887,47.9,24.8
1782783521.902,47.6,24.8
1782783526.914,47.5,24.8
1782783531.926,47.3,24.8
1782783536.935,47.3,24.8
1782783541.941,47.1,24.8
1782783546.954,46.8,24.7
1782783551.963,46.7,24.8
1782783556.976,46.5,24.8
1782783561.987,46.3,24.8
1782783567.0,46.1,24.7
1782783572.013,46.0,24.7
1782783577.024,45.9,24.7
1782783582.037,45.9,24.7
1782783587.044,45.8,24.7
1782783592.051,45.7,24.7
1782783597.061,45.6,24.7
1782783602.074,45.4,24.7
1782783607.085,45.6,24.7
1782783612.098,45.4,24.7
1782783617.107,45.2,24.7
1782783622.119,45.2,24.7
1782783627.13,45.3,24.7
1782783632.139,45.2,24.7
1782783637.15,45.0,24.7
1782783642.159,44.9,24.6
1782783647.161,44.8,24.6
1782783652.174,44.8,24.7
1782783657.184,44.7,24.7
1782783662.193,44.6,24.6
1782783667.204,44.4,24.6
1782783672.212,44.5,24.6
1782783677.219,44.3,24.6
1782783682.227,44.2,24.6
1782783687.233,44.2,24.6
1782783692.239,44.3,24.6
1782783697.245,44.3,24.6
1782783702.253,44.3,24.6
1782783707.265,44.2,24.6
1782783712.272,44.1,24.6
1782783717.279,43.9,24.6
1782783722.289,43.8,24.6
1782783727.301,43.9,24.6
1782783732.31,44.0,24.6
1782783737.322,43.9,24.6
1782783742.332,43.8,24.6
1782783747.338,43.7,24.5
1782783752.348,43.5,24.5
1782783757.36,43.5,24.5
1782783762.372,43.5,24.5
1782783767.381,43.5,24.5
1782783772.392,43.4,24.5
1782783777.404,43.4,24.5
1782783782.419,43.4,24.5
1782783787.431,43.2,24.5
1782783792.44,43.2,24.5
1782783797.445,43.2,24.5
1782783802.456,43.2,24.5
1782783807.474,43.0,24.5
1782783812.484,42.9,24.5
1782783817.493,42.9,24.5
1782783822.507,43.0,24.5
1782783827.518,43.0,24.5
1782783832.525,43.1,24.5
1782783837.536,43.1,24.5
1782783842.544,43.0,24.4
1782783847.549,43.0,24.4
1782783852.563,43.0,24.4
1782783857.575,42.8,24.4
1782783862.587,42.8,24.4
1782783867.599,42.6,24.4
1782783872.608,42.6,24.4
1782783877.618,42.5,24.4
1782783882.628,42.6,24.4
1782783887.635,42.5,24.4
1782783892.643,42.5,24.4
1782783897.651,42.5,24.4
1782783902.659,42.5,24.4
1782783907.671,42.4,24.3
1782783912.68,42.4,24.4
1782783917.687,42.4,24.4
1782783922.696,42.3,24.3
1782783927.704,42.2,24.3
1782783932.711,42.2,24.3
1782783937.72,42.3,24.3
1782783942.727,42.5,24.3
1782783947.733,42.8,24.3
1782783952.743,43.1,24.3
1782783957.754,43.5,24.3
1782783962.764,44.0,24.3
1782783967.775,44.3,24.3
1782783972.784,44.9,24.3
1782783977.792,45.5,24.3
1782783982.797,45.7,24.3
1782783987.805,46.2,24.3
1782783992.814,47.1,24.3
1782783997.824,47.4,24.3
1782784002.83,47.6,24.3
1782784007.842,47.9,24.3
1782784012.851,48.3,24.3
1782784017.86,48.6,24.3
1782784022.868,48.9,24.3
1782784027.872,49.1,24.3
1782784032.88,49.5,24.3
1782784037.888,49.6,24.3
1782784042.897,50.1,24.3
1782784047.904,50.5,24.2
1782784052.908,50.8,24.2
1782784057.922,51.3,24.3
1782784062.932,51.7,24.3
1782784067.939,51.9,24.3
1782784072.946,52.4,24.2
1782784077.957,52.5,24.3
1782784082.966,52.5,24.2
1782784087.976,52.8,24.3
1782784092.986,52.9,24.2
1782784097.989,53.1,24.2
1782784102.995,53.1,24.2
1782784108.003,53.2,24.2
1782784113.013,53.4,24.3
1782784118.021,53.5,24.3
1782784123.032,53.7,24.3
1782784128.04,53.7,24.2
1782784133.049,53.6,24.2
1782784138.058,53.5,24.3
1782784143.067,53.3,24.3
1782784148.072,53.1,24.3
1782784153.083,52.9,24.2
1782784158.092,52.5,24.2
1782784163.102,52.2,24.2
1782784168.109,51.9,24.2
1782784173.118,51.7,24.2
1782784178.126,51.5,24.2
1782784183.135,51.3,24.2
1782784188.144,51.2,24.2
1782784193.151,51.1,24.2
1782784198.156,51.0,24.2
1782784203.169,50.6,24.2
1782784208.174,50.4,24.2
1782784213.183,50.0,24.2
1782784218.197,49.7,24.2
1782784223.21,49.4,24.2
1782784228.222,49.2,24.2
1782784233.232,49.0,24.2
1782784238.24,48.9,24.2
1782784243.247,48.7,24.2
1782784248.256,48.5,24.2
1782784253.27,48.2,24.2
1782784258.282,47.9,24.2
1782784263.295,47.6,24.2
1782784268.306,47.4,24.2
1782784273.321,47.4,24.2
1782784278.333,47.4,24.2
1782784283.341,47.3,24.2
1782784288.351,47.1,24.2
1782784293.363,47.0,24.2
1782784298.371,46.8,24.2
1782784303.386,46.6,24.2
1782784308.394,46.3,24.2
1782784313.401,46.1,24.1
1782784318.416,46.1,24.1
1782784323.43,46.2,24.2
1782784328.441,46.2,24.1
1782784333.455,45.9,24.1
1782784338.462,45.7,24.1
1782784343.473,45.7,24.1
1782784348.485,45.4,24.1
1782784353.495,45.3,24.1
1782784358.507,45.3,24.1
1782784363.521,45.4,24.1
1782784368.531,45.2,24.1
1782784373.543,45.2,24.1
1782784378.555,45.2,24.1
1782784383.564,45.1,24.1
1782784388.572,45.1,24.1
1782784393.583,45.0,24.1
1782784398.595,45.0,24.1
1782784403.602,45.0,24.1
1782784408.608,44.9,24.1
1782784413.616,44.8,24.1
1782784418.629,44.7,24.1
1782784423.638,44.7,24.1
1782784428.648,44.6,24.1
1782784433.662,44.4,24.1
1782784438.674,44.2,24.1
1782784443.686,44.2,24.1
1782784448.702,44.2,24.1
1782784453.709,44.3,24.1
1782784458.722,44.3,24.1
1782784463.737,44.1,24.1
1782784468.75,44.0,24.0
1782784473.759,43.9,24.0
1782784478.774,43.8,24.0
1782784483.782,43.7,24.0
1782784488.793,43.6,24.0
1782784493.803,43.6,24.0
1782784498.814,43.5,24.0
1782784503.82,43.5,24.0
1782784508.832,43.5,24.0
1782784513.843,43.3,24.0
1782784518.852,43.1,24.0
1782784523.86,43.0,24.0
1782784528.872,43.1,24.0
1782784533.885,43.0,24.0
1782784538.894,43.0,24.0
1782784543.902,43.0,24.0
1782784548.918,43.1,24.0
1782784553.931,43.2,24.0
1782784558.936,43.4,24.0
1782784563.946,43.6,24.0
1782784568.955,43.9,23.9
1782784573.963,44.2,24.0
1782784578.971,44.7,24.0
1782784583.981,45.0,24.0
1782784588.991,45.4,24.0
1782784593.998,45.8,24.0
1782784599.007,46.3,24.0
1782784604.016,46.8,24.0
1782784609.021,47.4,24.0
1782784614.03,47.7,23.9
1782784619.041,48.1,23.9
1782784624.044,48.7,23.9
1782784629.055,49.1,23.9
1782784634.062,49.3,23.9
1782784639.071,49.6,24.0
1782784644.076,50.2,23.9
1782784649.087,50.4,23.9
1782784654.098,50.8,23.9
1782784659.105,51.0,23.9
1782784664.115,51.2,24.0
1782784669.126,51.5,23.9
1782784674.14,51.8,23.9
1782784679.147,52.1,24.0
1782784684.154,52.4,24.0
1782784689.163,52.7,23.9
1782784694.17,53.2,23.9
1782784699.18,53.3,23.9
1782784704.193,53.3,23.9
1782784709.196,53.6,23.9
1782784714.204,53.7,24.0
1782784719.219,53.7,23.9
1782784724.231,53.8,23.9
1782784729.242,54.1,24.0
1782784734.255,54.3,23.9
1782784739.264,54.3,23.9
1782784744.276,54.4,24.0
1782784749.289,54.3,24.0
1782784754.3,54.1,24.0
1782784759.306,53.8,23.9
1782784764.316,53.6,23.9
1782784769.33,53.4,23.9
1782784774.343,53.0,24.0
1782784779.354,52.8,23.9
1782784784.361,52.5,23.9
1782784789.369,52.3,23.9
1782784794.379,52.2,23.9
1782784799.387,52.0,23.9
1782784804.397,51.9,23.9
1782784809.4,51.6,23.9
1782784814.41,51.5,23.9
1782784819.424,51.3,23.9
1782784824.434,50.7,23.9
1782784829.444,50.5,23.9
1782784834.454,50.4,23.9
1782784839.462,50.1,23.9
1782784844.477,49.8,23.9
1782784849.49,49.5,23.9
1782784854.502,49.2,23.9
1782784859.508,48.9,23.9
1782784864.518,48.8,23.9
1782784869.527,48.5,23.9
1782784874.54,48.2,23.9
1782784879.55,47.9,23.9
1782784884.561,47.8,23.9
1782784889.576,47.6,23.9
1782784894.588,47.4,23.9
1782784899.6,47.3,23.9
1782784904.613,47.3,23.9
1782784909.625,47.0,23.9
1782784914.627,46.9,23.9
1782784919.637,46.9,23.9
1782784924.647,46.9,23.9
1782784929.661,46.8,23.9
1782784934.675,46.6,23.9
1782784939.686,46.5,23.9
1782784944.7,46.3,23.9
1782784949.714,46.1,23.9
1782784954.727,46.1,23.9
1782784959.737,46.1,23.9
1782784964.742,46.1,23.8
1782784969.753,45.8,23.9
1782784974.767,45.8,23.9
1782784979.777,45.7,23.9
1782784984.791,45.6,23.9
1782784989.805,45.6,23.8
1782784994.817,45.6,23.9
1782784999.829,45.4,23.8
1782785004.839,45.3,23.8
1782785009.851,45.2,23.8
1782785014.857,45.1,23.8
1782785019.868,44.9,23.8
1782785024.88,45.0,23.8
1782785029.895,44.9,23.8
1782785034.908,44.7,23.8
1782785039.918,44.7,23.8
1782785044.933,44.7,23.8
1782785049.944,44.6,23.8
1782785054.956,44.6,23.8
1782785059.967,44.7,23.8
1782785064.974,44.6,23.8
1782785069.985,44.5,23.8
1782785074.998,44.6,23.8
1782785080.011,44.4,23.8
1782785085.023,44.4,23.8
1782785090.03,44.3,23.8
1782785095.043,44.2,23.8
1782785100.054,44.2,23.8
1782785105.068,44.1,23.8
1782785110.08,44.1,23.8
1782785115.087,44.2,23.8
1782785120.095,44.3,23.8
1782785125.106,44.5,23.8
1782785130.118,44.7,23.8
1782785135.124,45.0,23.8
1782785140.136,45.4,23.8
1782785145.152,45.7,23.7
1782785150.165,46.2,23.8
1782785155.173,46.9,23.8
1782785160.184,47.4,23.8
1782785165.193,47.7,23.8
1782785170.2,48.0,23.8
1782785175.214,48.6,23.8
1782785180.223,49.1,23.7
1782785185.235,49.4,23.8
1782785190.249,49.9,23.7
1782785195.262,50.1,23.8
1782785200.274,50.3,23.7
1782785205.286,50.8,23.7
1782785210.298,51.3,23.8
1782785215.311,51.8,23.8
1782785220.314,52.4,23.8
1782785225.323,52.7,23.8
1782785230.334,52.8,23.8
1782785235.344,52.9,23.8
1782785240.356,53.0,23.8
1782785245.369,53.3,23.8
1782785250.377,53.4,23.7
1782785255.386,53.6,23.8
1782785260.4,54.0,23.8
1782785265.408,54.1,23.8
1782785270.411,54.6,23.8
1782785275.421,55.1,23.8
1782785280.433,55.2,23.8
1782785285.445,55.4,23.8
1782785290.46,55.6,23.8
1782785295.473,55.6,23.8
1782785300.486,55.5,23.8
1782785305.499,55.5,23.8
1782785310.51,55.4,23.8
1782785315.52,55.3,23.8
1782785320.531,55.2,23.8
1782785325.538,54.9,23.8
1782785330.549,54.6,23.8
1782785335.559,54.4,23.8
1782785340.574,54.1,23.8
1782785345.59,53.8,23.8
1782785350.595,53.5,23.8
1782785355.606,53.3,23.8
1782785360.621,53.1,23.8
1782785365.634,53.0,23.8
1782785370.641,52.9,23.8
1782785375.649,52.7,23.8
1782785380.661,52.5,23.8
1782785385.674,52.3,23.8
1782785390.689,52.2,23.8
1782785395.7,51.9,23.8
1782785400.713,51.5,23.7
1782785405.724,50.9,23.7
1782785410.735,50.7,23.8
1782785415.748,50.6,23.7
1782785420.76,50.3,23.8
1782785425.766,49.7,23.8
1782785430.778,49.4,23.8
1782785435.789,49.3,23.8
1782785440.796,49.0,23.8
1782785445.808,48.8,23.8
1782785450.819,48.7,23.7
1782785455.833,48.3,23.7
1782785460.847,48.0,23.7
1782785465.86,48.1,23.7
1782785470.871,48.1,23.7
1782785475.879,47.9,23.7
1782785480.892,47.6,23.7
1782785485.902,47.6,23.7
1782785490.918,47.5,23.7
1782785495.931,47.3,23.7
1782785500.943,47.2,23.7
1782785505.956,47.2,23.7
1782785510.967,47.2,23.7
1782785515.981,47.2,23.7
1782785520.993,47.1,23.7
1782785526.005,47.0,23.7
1782785531.012,46.8,23.7
1782785536.02,46.7,23.7
1782785541.034,46.5,23.7
1782785546.047,46.4,23.7
1782785551.059,46.3,23.7
1782785556.071,46.3,23.7
1782785561.084,46.1,23.7
1782785566.091,46.0,23.7
1782785571.1,45.9,23.7
1782785576.111,45.9,23.7
1782785581.116,45.9,23.7
1782785586.124,45.9,23.7
1782785591.136,45.9,23.7
1782785596.143,45.7,23.7
1782785601.157,45.6,23.7
1782785606.165,45.6,23.7
1782785611.17,45.6,23.7
1782785616.183,45.5,23.7
1782785621.193,45.5,23.7
1782785626.199,45.3,23.7
1782785631.204,45.2,23.7
1782785636.21,45.0,23.7
1782785641.219,44.8,23.7
1782785646.234,44.8,23.7
1782785651.243,44.6,23.7
1782785656.254,44.6,23.6
1782785661.268,44.7,23.7
1782785666.281,44.8,23.7
1782785671.293,44.9,23.7
1782785676.307,45.0,23.6
1782785681.31,45.4,23.7
1782785686.32,46.1,23.7
1782785691.335,46.6,23.6
1782785696.348,47.2,23.7
1782785701.36,47.8,23.7
1782785706.372,48.0,23.6
1782785711.381,48.1,23.6
1782785716.395,48.3,23.6
1782785721.407,48.6,23.7
1782785726.419,49.1,23.6
1782785731.429,49.9,23.7
1782785736.434,50.5,23.6
1782785741.451,50.7,23.6
1782785746.464,51.2,23.6
1782785751.475,51.8,23.6
1782785756.488,52.1,23.6
1782785761.501,52.2,23.7
1782785766.515,52.7,23.7
1782785771.523,53.4,23.7
1782785776.537,53.5,23.6
1782785781.546,53.6,23.6
1782785786.555,53.9,23.7
1782785791.562,54.3,23.6
1782785796.571,54.4,23.7
1782785801.585,54.7,23.7
1782785806.595,55.0,23.7
1782785811.609,55.1,23.7
1782785816.622,55.2,23.7
1782785821.634,55.5,23.7
1782785826.645,55.6,23.7
1782785831.656,55.7,23.7
1782785836.66,55.9,23.7
1782785841.671,55.9,23.7
1782785846.684,56.0,23.7
1782785851.696,56.0,23.7
1782785856.708,55.9,23.7
1782785861.721,55.7,23.7
1782785866.732,55.6,23.7
1782785871.741,55.4,23.7
1782785876.754,55.2,23.7
1782785881.763,55.0,23.7
1782785886.774,54.6,23.7
1782785891.783,54.3,23.7
1782785896.791,54.0,23.7
1782785901.8,53.9,23.7
1782785906.813,53.6,23.7
1782785911.824,53.4,23.7
1782785916.832,53.2,23.7
1782785921.842,53.0,23.7
1782785926.852,52.8,23.7
1782785931.868,52.6,23.7
1782785936.883,52.3,23.7
1782785941.888,51.8,23.7
1782785946.9,51.6,23.6
1782785951.914,51.2,23.6
1782785956.926,50.7,23.7
1782785961.939,50.4,23.7
1782785966.944,50.2,23.6
1782785971.958,49.9,23.7
1782785976.972,49.5,23.7
1782785981.983,49.3,23.7
1782785986.993,49.3,23.6
1782785991.996,49.1,23.6
1782785997.008,48.9,23.6
1782786002.023,48.9,23.6
1782786007.028,48.8,23.6
1782786012.042,48.5,23.7
1782786017.053,48.2,23.6
1782786022.062,48.1,23.6
1782786027.074,48.0,23.6
1782786032.087,48.0,23.6
1782786037.101,47.9,23.6
1782786042.112,47.9,23.6
1782786047.118,47.8,23.6
1782786052.128,47.6,23.7
1782786057.14,47.3,23.6
1782786062.154,47.0,23.6
1782786067.164,46.8,23.6
1782786072.18,46.7,23.6
1782786077.191,46.7,23.6
1782786082.198,46.6,23.6
1782786087.212,46.5,23.6
1782786092.226,46.4,23.6
1782786097.234,46.4,23.6
1782786102.248,46.3,23.6
1782786107.258,46.2,23.6
1782786112.267,46.1,23.6
1782786117.28,46.0,23.6
1782786122.291,46.0,23.6
1782786127.303,45.9,23.6
1782786132.316,45.9,23.6
1782786137.326,45.9,23.6
1782786142.34,45.7,23.6
1782786147.345,45.4,23.6
1782786152.356,45.4,23.6
1782786157.37,45.4,23.6
1782786162.38,45.2,23.6
1782786167.39,45.3,23.5
1782786172.403,45.3,23.5
1782786177.416,45.3,23.6
1782786182.421,45.2,23.6
1782786187.438,45.2,23.6
1782786192.45,45.2,23.5
1782786197.458,45.2,23.6
1782786202.465,45.2,23.5
1782786207.476,45.3,23.5
1782786212.486,45.5,23.6
1782786217.5,45.8,23.5
1782786222.508,46.0,23.6
1782786227.516,46.3,23.5
1782786232.528,46.8,23.6
1782786237.536,47.6,23.5
1782786242.548,48.3,23.6
1782786247.56,48.6,23.6
1782786252.567,48.9,23.5
1782786257.581,49.2,23.5
1782786262.593,49.4,23.5
1782786267.602,49.7,23.5
1782786272.613,50.1,23.5
1782786277.622,50.5,23.5
1782786282.631,51.1,23.6
1782786287.642,51.5,23.6
1782786292.652,51.9,23.6
1782786297.662,52.3,23.5
1782786302.668,52.8,23.6
1782786307.677,52.9,23.6
1782786312.683,52.9,23.5
1782786317.695,53.4,23.5
1782786322.705,54.0,23.6
1782786327.716,54.1,23.6
1782786332.733,54.5,23.6
1782786337.747,54.9,23.6
1782786342.759,55.1,23.6
1782786347.771,55.4,23.6
1782786352.776,55.8,23.6
1782786357.791,55.9,23.6
1782786362.8,56.0,23.6
1782786367.812,56.2,23.6
1782786372.826,56.2,23.6
1782786377.839,56.2,23.6
1782786382.849,56.2,23.6
1782786387.862,56.3,23.6
1782786392.874,56.3,23.6
1782786397.884,56.2,23.6
1782786402.893,56.1,23.6
1782786407.9,55.9,23.6
1782786412.912,55.6,23.6
1782786417.927,55.2,23.6
1782786422.937,54.7,23.6
1782786427.951,54.4,23.6
1782786432.961,54.1,23.6
1782786437.974,53.9,23.6
1782786442.986,53.9,23.6
1782786447.994,53.7,23.6
1782786453.007,53.5,23.6
1782786458.016,53.3,23.6
1782786463.02,53.0,23.6
1782786468.03,52.7,23.6
1782786473.047,52.6,23.6
1782786478.057,52.2,23.6
1782786483.067,52.0,23.6
1782786488.078,51.8,23.6
1782786493.085,51.6,23.6
1782786498.096,51.2,23.6
1782786503.109,50.8,23.6
1782786508.112,50.4,23.6
1782786513.12,50.0,23.6
1782786518.128,49.7,23.6
1782786523.137,49.4,23.5
1782786528.142,49.2,23.5
1782786533.15,49.2,23.5
1782786538.158,49.0,23.5
1782786543.17,48.9,23.5
1782786548.179,48.9,23.5
1782786553.19,48.7,23.5
1782786558.196,48.4,23.6
1782786563.208,48.3,23.5
1782786568.222,48.1,23.5
1782786573.235,48.0,23.5
1782786578.242,47.9,23.5
1782786583.254,47.7,23.5
1782786588.27,47.6,23.5
1782786593.285,47.3,23.5
1782786598.295,47.3,23.5
1782786603.308,47.3,23.5
1782786608.312,47.3,23.5
1782786613.324,47.1,23.5
1782786618.333,47.0,23.5
1782786623.34,47.0,23.5
1782786628.349,46.9,23.5
1782786633.359,46.8,23.5
1782786638.37,46.7,23.5
1782786643.38,46.5,23.5
1782786648.386,46.5,23.5
1782786653.392,46.5,23.5
1782786658.397,46.3,23.5
1782786663.407,46.3,23.5
1782786668.415,46.2,23.5
1782786673.43,46.0,23.5
1782786678.436,46.0,23.5
1782786683.446,46.0,23.5
1782786688.464,46.0,23.5
1782786693.473,45.9,23.5
1782786698.479,45.8,23.5
1782786703.489,45.7,23.5
1782786708.496,45.7,23.5
1782786713.511,45.5,23.5
1782786718.521,45.3,23.5
1782786723.533,45.3,23.5
1782786728.543,45.2,23.5
1782786733.556,45.2,23.5
1782786738.569,45.4,23.4
1782786743.584,45.5,23.4
1782786748.594,45.6,23.4
1782786753.605,45.8,23.4
1782786758.615,46.1,23.4
1782786763.622,46.6,23.4
1782786768.634,47.0,23.5
1782786773.649,47.2,23.4
1782786778.659,47.6,23.4
1782786783.675,48.1,23.5
1782786788.689,48.5,23.4
1782786793.7,49.0,23.4
1782786798.71,49.5,23.4
1782786803.726,49.8,23.4
1782786808.737,50.2,23.4
1782786813.742,50.9,23.5
1782786818.753,51.3,23.4
1782786823.764,51.4,23.4
1782786828.777,51.7,23.4
1782786833.788,52.4,23.4
1782786838.794,52.8,23.4
1782786843.8,53.3,23.5
1782786848.809,53.7,23.5
1782786853.819,53.9,23.4
1782786858.829,53.9,23.4
1782786863.831,54.3,23.5
1782786868.84,54.5,23.5
1782786873.851,54.6,23.4
1782786878.86,54.7,23.5
1782786883.867,55.1,23.5
1782786888.875,55.4,23.4
1782786893.884,55.6,23.5
1782786898.895,55.9,23.5
1782786903.904,56.0,23.4
1782786908.914,56.1,23.4
1782786913.919,56.4,23.5
1782786918.928,56.5,23.4
1782786923.941,56.5,23.5
1782786928.949,56.4,23.4
1782786933.958,56.3,23.5
1782786938.967,56.2,23.5
1782786943.978,56.0,23.5
1782786948.985,55.8,23.5
1782786953.994,55.5,23.5
1782786959.003,55.1,23.4
1782786964.009,54.6,23.5
1782786969.02,54.4,23.4
1782786974.028,54.3,23.5
1782786979.035,54.1,23.5
1782786984.05,53.9,23.5
1782786989.062,53.8,23.4
1782786994.074,53.8,23.5
1782786999.083,53.6,23.5
1782787004.091,53.4,23.5
1782787009.099,53.3,23.5
1782787014.104,53.1,23.5
1782787019.112,52.8,23.5
1782787024.121,52.5,23.5
1782787029.133,52.2,23.4
1782787034.143,51.8,23.4
1782787039.152,51.6,23.5
1782787044.165,51.4,23.5
1782787049.176,51.1,23.5
1782787054.187,50.8,23.4
1782787059.198,50.6,23.5
1782787064.204,50.1,23.5
1782787069.218,49.8,23.5
1782787074.228,49.8,23.4
1782787079.243,49.8,23.4
1782787084.257,49.4,23.4
1782787089.27,49.0,23.4
1782787094.28,48.9,23.4
1782787099.293,48.9,23.4
1782787104.305,48.8,23.4
1782787109.314,48.6,23.4
1782787114.32,48.3,23.4
1782787119.333,48.1,23.4
1782787124.34,48.0,23.4
1782787129.356,48.0,23.4
1782787134.369,48.0,23.4
1782787139.381,47.9,23.4
1782787144.392,47.9,23.4
1782787149.4,47.7,23.4
1782787154.412,47.5,23.4
1782787159.421,47.4,23.4
1782787164.425,47.3,23.4
1782787169.438,47.2,23.4
1782787174.445,47.1,23.4
1782787179.457,47.1,23.4
1782787184.467,47.0,23.4
1782787189.476,46.9,23.4
1782787194.482,47.0,23.4
1782787199.491,47.0,23.4
1782787204.5,46.8,23.4
1782787209.507,46.8,23.4
1782787214.512,46.6,23.4
1782787219.52,46.5,23.4
1782787224.528,46.2,23.4
1782787229.539,46.2,23.4
1782787234.547,46.2,23.4
1782787239.552,46.2,23.4
1782787244.562,46.1,23.4
1782787249.571,46.0,23.4
1782787254.58,46.0,23.4
1782787259.587,45.9,23.4
1782787264.592,45.8,23.4
1782787269.601,45.7,23.4
1782787274.61,45.6,23.4
1782787279.619,45.7,23.4
1782787284.627,45.8,23.4
1782787289.634,46.0,23.4
1782787294.642,46.4,23.4
1782787299.651,46.6,23.3
1782787304.659,47.0,23.4
1782787309.667,47.3,23.4
1782787314.676,47.7,23.4
1782787319.686,48.0,23.4
1782787324.698,48.7,23.4
1782787329.711,49.3,23.4
1782787334.723,49.8,23.4
1782787339.732,50.2,23.4
1782787344.746,50.4,23.4
1782787349.756,50.6,23.4
1782787354.771,50.9,23.4
1782787359.783,51.5,23.4
1782787364.789,51.9,23.4
1782787369.798,52.2,23.4
1782787374.81,52.8,23.4
1782787379.827,53.2,23.4
1782787384.84,53.3,23.4
1782787389.85,53.5,23.4
1782787394.856,54.2,23.4
1782787399.864,54.4,23.4
1782787404.873,54.6,23.4
1782787409.879,54.9,23.4
1782787414.888,54.9,23.4
1782787419.894,55.2,23.4
1782787424.901,55.6,23.4
1782787429.907,56.0,23.4
1782787434.917,56.0,23.4
1782787439.928,55.9,23.4
1782787444.936,56.2,23.4
1782787449.943,56.4,23.4
1782787454.953,56.4,23.4
1782787459.96,56.5,23.4
1782787464.964,56.4,23.4
1782787469.977,56.3,23.4
1782787474.992,56.2,23.4
1782787480.001,56.0,23.4
1782787485.013,55.8,23.4
1782787490.024,55.5,23.4
1782787495.035,55.1,23.4
1782787500.046,54.9,23.4
1782787505.058,54.7,23.4
1782787510.071,54.6,23.4
1782787515.082,54.4,23.4
1782787520.089,54.1,23.4
1782787525.106,53.8,23.4
1782787530.115,53.5,23.4
1782787535.129,53.4,23.4
1782787540.141,53.2,23.4
1782787545.152,53.0,23.4
1782787550.163,52.8,23.4
1782787555.175,52.6,23.4
1782787560.188,52.2,23.4
1782787565.199,51.9,23.4
1782787570.207,51.6,23.4
1782787575.219,51.5,23.4
1782787580.231,51.0,23.4
1782787585.245,50.6,23.4
1782787590.254,50.4,23.4
1782787595.268,49.8,23.4
1782787600.28,49.5,23.4
1782787605.292,49.5,23.4
1782787610.301,49.3,23.4
1782787615.314,49.1,23.4
1782787620.321,48.9,23.4
1782787625.333,48.8,23.3
1782787630.347,48.4,23.4
1782787635.355,48.3,23.4
1782787640.368,48.3,23.3
1782787645.38,48.1,23.4
1782787650.392,47.9,23.3
1782787655.406,47.8,23.4
1782787660.417,47.7,23.3
1782787665.426,47.5,23.3
1782787670.437,47.5,23.3
1782787675.449,47.3,23.3
1782787680.462,47.1,23.3
1782787685.471,47.0,23.3
1782787690.484,47.1,23.3
1782787695.497,47.0,23.3
1782787700.508,46.9,23.3
1782787705.519,46.6,23.3
1782787710.532,46.6,23.3
1782787715.542,46.6,23.3
1782787720.553,46.4,23.3
1782787725.558,46.3,23.3
1782787730.571,46.1,23.3
1782787735.582,46.0,23.3
1782787740.591,46.0,23.3
1782787745.601,45.9,23.3
1782787750.613,45.6,23.3
1782787755.626,45.6,23.3
1782787760.638,45.5,23.3
1782787765.644,45.4,23.3
1782787770.659,45.4,23.3
1782787775.664,45.3,23.3
1782787780.678,45.2,23.3
1782787785.686,45.1,23.3
1782787790.696,45.1,23.3
1782787795.712,45.0,23.3
1782787800.723,44.9,23.3
1782787805.729,44.8,23.3
1782787810.74,44.8,23.3
1782787815.751,44.9,23.3
1782787820.761,45.0,23.3
1782787825.77,45.2,23.3
1782787830.781,45.6,23.3
1782787835.792,45.9,23.3
1782787840.808,46.5,23.3
1782787845.817,47.0,23.3
1782787850.825,47.2,23.3
1782787855.839,47.4,23.3
1782787860.85,47.7,23.3
1782787865.864,48.2,23.3
1782787870.875,48.7,23.3
1782787875.882,49.0,23.3
1782787880.896,49.2,23.3
1782787885.904,49.6,23.3
1782787890.918,50.2,23.3
1782787895.932,50.7,23.3
1782787900.94,50.9,23.3
1782787905.952,51.0,23.3
1782787910.968,51.4,23.3
1782787915.978,51.9,23.3
1782787920.988,52.5,23.3
1782787926.002,52.8,23.2
1782787931.008,53.2,23.3
1782787936.022,53.4,23.3
1782787941.028,53.8,23.3
1782787946.038,54.2,23.3
1782787951.05,54.2,23.3
1782787956.058,54.3,23.3
1782787961.07,54.6,23.3
1782787966.079,54.6,23.3
1782787971.089,54.8,23.3
1782787976.099,55.0,23.3
1782787981.106,55.2,23.3
1782787986.116,55.5,23.3
1782787991.124,55.8,23.3
1782787996.134,56.0,23.3
1782788001.14,55.9,23.3
1782788006.155,55.9,23.3
1782788011.167,55.8,23.3
1782788016.18,55.7,23.3
1782788021.192,55.4,23.3
1782788026.201,55.2,23.3
1782788031.204,55.0,23.3
1782788036.219,54.8,23.3
1782788041.228,54.6,23.3
1782788046.236,54.2,23.3
1782788051.25,53.9,23.3
1782788056.26,53.6,23.3
1782788061.27,53.4,23.3
1782788066.284,53.2,23.3
1782788071.296,53.1,23.3
1782788076.306,53.0,23.3
1782788081.312,52.8,23.3
1782788086.32,52.6,23.3
1782788091.332,52.2,23.3
1782788096.347,51.9,23.3
1782788101.358,51.8,23.3
1782788106.37,51.5,23.3
1782788111.384,51.1,23.3
1782788116.394,50.7,23.3
1782788121.404,50.4,23.3
1782788126.418,50.0,23.3
1782788131.424,49.9,23.3
1782788136.434,49.9,23.3
1782788141.444,49.6,23.3
1782788146.454,49.1,23.3
1782788151.463,48.9,23.3
1782788156.473,48.6,23.3
1782788161.48,48.3,23.3
1782788166.494,48.1,23.2
1782788171.508,47.9,23.3
1782788176.518,47.8,23.2
1782788181.525,47.7,23.3
1782788186.537,47.6,23.3
1782788191.548,47.4,23.3
1782788196.561,47.4,23.3
1782788201.572,47.0,23.3
1782788206.58,47.1,23.2
1782788211.591,46.9,23.2
1782788216.6,46.8,23.3
1782788221.615,46.8,23.2
1782788226.628,46.9,23.2
1782788231.634,46.7,23.2
1782788236.648,46.6,23.2
1782788241.658,46.6,23.2
1782788246.671,46.5,23.2
1782788251.683,46.3,23.2
1782788256.696,46.3,23.2
1782788261.706,46.0,23.2
1782788266.721,45.9,23.2
1782788271.735,45.9,23.2
1782788276.743,45.7,23.2
1782788281.756,45.5,23.2
1782788286.76,45.5,23.2
1782788291.771,45.6,23.2
1782788296.779,45.3,23.2
1782788301.784,45.2,23.2
1782788306.793,45.3,23.2
1782788311.805,45.2,23.2
1782788316.811,45.0,23.2
1782788321.819,44.8,23.2
1782788326.827,44.6,23.2
1782788331.837,44.5,23.2
1782788336.843,44.5,23.2
1782788341.855,44.5,23.2
1782788346.861,44.5,23.2
1782788351.876,44.4,23.2
1782788356.883,44.4,23.2
1782788361.897,44.7,23.2
1782788366.908,45.1,23.2
1782788371.922,45.4,23.2
1782788376.933,45.8,23.2
1782788381.945,46.2,23.2
1782788386.95,46.7,23.2
1782788391.96,47.1,23.2
1782788396.968,47.5,23.2
1782788401.98,48.0,23.2
1782788406.996,48.5,23.2
1782788412.008,48.9,23.2
1782788417.018,49.1,23.2
1782788422.034,49.4,23.2
1782788427.043,49.6,23.1
1782788432.053,49.8,23.1
1782788437.06,50.4,23.2
1782788442.072,50.6,23.2
1782788447.084,50.9,23.2
1782788452.098,51.7,23.2
1782788457.111,52.0,23.2
1782788462.122,52.1,23.2
1782788467.132,52.3,23.2
1782788472.144,52.6,23.2
1782788477.156,53.0,23.2
1782788482.166,53.2,23.1
1782788487.172,53.8,23.2
1782788492.186,54.2,23.2
1782788497.196,54.4,23.2
1782788502.21,54.5,23.2
1782788507.223,54.7,23.2
1782788512.235,54.9,23.2
1782788517.24,55.1,23.2
1782788522.256,55.3,23.2
1782788527.269,55.5,23.2
1782788532.281,55.5,23.2
1782788537.287,55.6,23.2
1782788542.299,55.5,23.2
1782788547.311,55.4,23.2
1782788552.323,55.3,23.2
1782788557.329,55.1,23.2
1782788562.342,54.8,23.2
1782788567.358,54.5,23.2
1782788572.371,54.3,23.2
1782788577.382,54.0,23.2
1782788582.396,53.8,23.2
1782788587.4,53.5,23.2
1782788592.414,53.4,23.2
1782788597.426,53.0,23.2
1782788602.436,52.8,23.2
1782788607.451,52.6,23.2
1782788612.463,52.4,23.2
1782788617.474,52.3,23.2
1782788622.488,52.0,23.2
1782788627.496,51.6,23.2
1782788632.504,51.5,23.2
1782788637.512,51.4,23.2
1782788642.518,50.7,23.2
1782788647.528,50.3,23.2
1782788652.54,50.2,23.2
1782788657.553,49.8,23.2
1782788662.562,49.6,23.2
1782788667.579,49.4,23.2
1782788672.589,49.2,23.2
1782788677.602,49.0,23.2
1782788682.614,48.7,23.2
1782788687.624,48.5,23.2
1782788692.63,48.3,23.2
1782788697.642,48.0,23.2
1782788702.652,47.8,23.2
1782788707.667,47.7,23.1
1782788712.677,47.6,23.2
1782788717.693,47.6,23.2
1782788722.707,47.5,23.2
1782788727.72,47.3,23.2
1782788732.73,47.2,23.2
1782788737.744,47.2,23.2
1782788742.749,47.0,23.1
1782788747.76,46.9,23.1
1782788752.773,46.7,23.1
1782788757.785,46.6,23.1
1782788762.798,46.4,23.1
1782788767.812,46.4,23.2
1782788772.819,46.4,23.1
1782788777.828,46.3,23.1
1782788782.841,46.2,23.1
1782788787.85,46.0,23.2
1782788792.857,45.9,23.1
1782788797.869,45.8,23.1
1782788802.882,45.8,23.1
1782788807.897,45.7,23.1
1782788812.905,45.6,23.1
1782788817.917,45.5,23.1
1782788822.929,45.5,23.1
1782788827.941,45.2,23.1
1782788832.951,45.2,23.1
1782788837.96,45.2,23.1
1782788842.966,45.1,23.1
1782788847.978,45.0,23.1
1782788852.987,44.9,23.1
1782788858.001,44.7,23.1
1782788863.013,44.5,23.1
1782788868.024,44.5,23.1
1782788873.035,44.5,23.1
1782788878.049,44.3,23.1
1782788883.062,44.2,23.1
1782788888.071,44.3,23.1
1782788893.078,44.4,23.1
1782788898.088,44.4,23.1
1782788903.101,44.6,23.1
1782788908.115,44.8,23.1
1782788913.122,45.1,23.1
1782788918.131,45.4,23.1
1782788923.143,45.7,23.0
1782788928.153,45.9,23.1
1782788933.161,46.3,23.1
1782788938.171,46.7,23.0
1782788943.178,47.0,23.1
1782788948.182,47.5,23.1
1782788953.192,48.1,23.1
1782788958.195,48.6,23.1
1782788963.204,49.1,23.0
1782788968.211,49.5,23.1
1782788973.221,49.7,23.1
1782788978.228,49.8,23.1
1782788983.236,50.2,23.1
1782788988.245,50.7,23.0
1782788993.251,51.6,23.1
1782788998.263,51.9,23.1
1782789003.268,52.0,23.1
1782789008.282,52.3,23.1
1782789013.291,52.6,23.1
1782789018.302,53.1,23.1
1782789023.316,53.4,23.1
1782789028.328,53.5,23.1
1782789033.337,54.0,23.1
1782789038.35,54.2,23.1
1782789043.361,54.3,23.1
1782789048.37,54.6,23.1
1782789053.381,54.8,23.1
1782789058.394,54.7,23.1
1782789063.411,54.7,23.1
1782789068.425,54.7,23.1
1782789073.432,54.8,23.1
1782789078.443,55.0,23.1
1782789083.454,55.1,23.1
1782789088.463,55.0,23.1
1782789093.478,55.0,23.1
1782789098.484,54.7,23.1
1782789103.496,54.6,23.1
1782789108.508,54.3,23.1
1782789113.524,53.9,23.1
1782789118.535,53.7,23.1
1782789123.548,53.4,23.1
1782789128.559,53.3,23.1
1782789133.568,53.2,23.1
1782789138.581,53.0,23.1
1782789143.594,52.8,23.1
1782789148.601,52.6,23.1
1782789153.613,52.5,23.1
1782789158.626,52.3,23.1
1782789163.643,52.2,23.1
1782789168.654,51.9,23.1
1782789173.667,51.6,23.1
1782789178.674,51.4,23.1
1782789183.686,50.9,23.1
1782789188.698,50.6,23.1
1782789193.712,50.5,23.1
1782789198.714,50.3,23.1
1782789203.726,50.0,23.1
1782789208.742,49.7,23.1
1782789213.756,49.5,23.1
1782789218.767,49.4,23.1
1782789223.776,49.2,23.1
1782789228.787,49.0,23.1
1782789233.802,48.8,23.1
1782789238.814,48.5,23.1
1782789243.826,48.4,23.0
1782789248.832,48.3,23.1
1782789253.84,48.2,23.1
1782789258.851,48.2,23.1
1782789263.859,48.1,23.1
1782789268.868,47.9,23.1
1782789273.876,47.8,23.1
1782789278.883,47.6,23.1
1782789283.893,47.5,23.0
1782789288.902,47.2,23.1
1782789293.912,47.1,23.1
1782789298.919,47.2,23.1
1782789303.926,47.1,23.1
1782789308.935,47.0,23.1
1782789313.944,46.9,23.1
1782789318.956,46.9,23.1
1782789323.969,46.7,23.0
1782789328.98,46.5,23.0
1782789333.988,46.4,23.0
1782789338.998,46.4,23.0
1782789344.007,46.3,23.0
1782789349.017,46.3,23.0
1782789354.023,46.1,23.0
1782789359.034,45.8,23.0
1782789364.043,45.8,23.0
1782789369.05,45.9,23.0
1782789374.059,45.8,23.0
1782789379.069,45.7,23.0
1782789384.081,45.6,23.0
1782789389.091,45.4,23.0
1782789394.104,45.3,23.0
1782789399.117,45.2,23.0
1782789404.125,45.1,23.0
1782789409.134,44.9,23.0
1782789414.141,44.9,23.0
1782789419.156,45.0,23.0
1782789424.168,44.8,23.0
1782789429.181,44.8,23.0
1782789434.194,44.8,23.0
1782789439.204,44.9,23.0
1782789444.216,45.1,23.0
1782789449.23,45.3,23.0
1782789454.236,45.5,23.0
1782789459.249,46.0,23.0
1782789464.256,46.6,23.0
1782789469.267,46.9,23.0
1782789474.28,47.2,23.0
1782789479.291,47.6,23.0
1782789484.297,48.3,23.0
1782789489.307,48.8,23.0
1782789494.32,49.3,23.0
1782789499.333,49.6,23.0
1782789504.338,49.8,23.0
1782789509.354,50.3,23.0
1782789514.366,50.7,23.0
1782789519.379,51.0,23.0
1782789524.389,51.5,23.0
1782789529.399,51.9,23.0
1782789534.413,52.4,23.0
1782789539.425,52.5,23.0
1782789544.434,53.0,23.0
1782789549.448,53.5,23.0
1782789554.458,53.7,23.0
1782789559.467,53.9,23.0
1782789564.482,54.4,23.0
1782789569.494,54.6,23.0
1782789574.505,54.6,23.0
1782789579.519,54.8,23.0
1782789584.53,55.0,23.0
1782789589.54,55.2,23.0
1782789594.552,55.6,23.0
1782789599.564,55.7,23.0
1782789604.576,55.7,23.0
1782789609.581,55.8,23.0
1782789614.593,55.8,23.0
1782789619.608,55.9,23.0
1782789624.616,55.9,23.0
1782789629.629,55.8,23.0
1782789634.645,55.6,23.0
1782789639.657,55.3,23.0
1782789644.668,55.1,23.0
1782789649.681,54.9,23.0
1782789654.696,54.7,23.0
1782789659.702,54.5,23.0
1782789664.714,54.1,23.0
1782789669.724,53.8,23.0
1782789674.736,53.7,23.0
1782789679.75,53.6,23.0
1782789684.761,53.4,23.0
1782789689.772,53.2,23.0
1782789694.782,53.0,23.0
1782789699.791,52.6,23.0
1782789704.801,52.4,23.0
1782789709.807,52.3,23.0
1782789714.814,52.0,23.0
1782789719.825,51.6,23.0
1782789724.833,51.3,23.0
1782789729.841,51.0,23.0
1782789734.85,50.6,23.0
1782789739.856,50.2,23.0
1782789744.862,50.1,23.0
1782789749.87,49.8,23.0
1782789754.88,49.6,23.0
1782789759.885,49.4,23.0
1782789764.888,49.2,23.0
1782789769.896,49.0,23.0
1782789774.907,48.8,23.0
1782789779.915,48.7,23.0
1782789784.923,48.6,23.0
1782789789.93,48.3,23.0
1782789794.937,48.2,23.0
1782789799.945,48.0,23.0
1782789804.956,47.9,23.0
1782789809.96,47.7,23.0
1782789814.968,47.4,23.0
1782789819.979,47.2,23.0
1782789824.985,47.0,23.0
1782789829.995,47.0,23.0
1782789835.002,46.9,23.0
1782789840.01,46.9,23.0
1782789845.022,46.8,23.0
1782789850.031,46.5,23.0
1782789855.041,46.5,23.0
1782789860.044,46.4,23.0
1782789865.052,46.4,23.0
1782789870.063,46.2,23.0
1782789875.07,46.1,23.0
1782789880.073,45.9,23.0
1782789885.08,46.0,23.0
1782789890.089,46.0,23.0
1782789895.1,45.9,23.0
1782789900.11,45.9,23.0
1782789905.117,45.7,23.0
1782789910.122,45.6,22.9
1782789915.133,45.5,22.9
1782789920.142,45.5,22.9
1782789925.15,45.4,23.0
1782789930.161,45.2,22.9
1782789935.17,45.2,22.9
1782789940.176,45.1,22.9
1782789945.186,45.0,22.9
1782789950.196,45.0,22.9
1782789955.202,44.8,22.9
1782789960.208,44.7,22.9
1782789965.219,44.8,22.9
1782789970.228,44.9,22.9
1782789975.237,45.0,22.9
1782789980.244,45.1,22.9
1782789985.254,45.3,22.9
1782789990.264,45.5,22.9
1782789995.276,45.9,22.9
1782790000.285,46.2,22.9
1782790005.292,46.5,22.9
1782790010.306,47.0,22.9
1782790015.319,47.6,22.9
1782790020.329,48.3,22.9
1782790025.341,48.7,22.9
1782790030.354,48.9,22.9
1782790035.365,49.1,22.9
1782790040.377,49.7,22.9
1782790045.393,50.2,22.9
1782790050.403,50.4,22.9
1782790055.412,50.8,22.9
1782790060.42,51.5,22.9
1782790065.428,51.9,22.9
1782790070.439,52.4,22.9
1782790075.455,52.8,22.9
1782790080.464,53.0,22.9
1782790085.476,53.1,22.9
1782790090.49,53.2,22.9
1782790095.504,53.5,22.9
1782790100.513,53.9,22.9
1782790105.526,54.3,22.9
1782790110.533,54.7,22.9
1782790115.547,54.7,22.9
1782790120.556,54.8,22.9
1782790125.567,54.8,22.9
1782790130.583,55.1,22.9
1782790135.592,55.3,23.0
1782790140.603,55.6,23.0
1782790145.617,55.8,22.9
1782790150.629,55.8,23.0
1782790155.636,55.9,22.9
1782790160.643,55.9,22.9
1782790165.655,55.8,23.0
1782790170.667,55.6,22.9
1782790175.682,55.5,23.0
1782790180.693,55.3,22.9
1782790185.705,55.1,22.9
1782790190.713,54.7,22.9
1782790195.728,54.4,22.9
1782790200.736,54.0,22.9
1782790205.75,53.8,22.9
1782790210.757,53.6,22.9
1782790215.771,53.5,22.9
1782790220.779,53.4,23.0
1782790225.79,53.2,22.9
1782790230.802,53.0,23.0
1782790235.813,52.8,23.0
1782790240.827,52.6,23.0
1782790245.841,52.5,23.0
1782790250.852,52.2,22.9
1782790255.865,52.0,22.9
1782790260.872,51.6,23.0
1782790265.884,51.2,23.0
1782790270.898,51.0,22.9
1782790275.911,50.6,22.9
1782790280.92,50.1,22.9
1782790285.931,49.8,22.9
1782790290.948,49.6,23.0
1782790295.962,49.2,22.9
1782790300.974,48.9,22.9
1782790305.986,48.9,22.9
1782790310.999,48.9,22.9
1782790316.007,48.7,22.9
1782790321.016,48.5,22.9
1782790326.028,48.5,22.9
1782790331.042,48.2,22.9
1782790336.052,48.0,22.9
1782790341.068,47.7,22.9
1782790346.082,47.5,22.9
1782790351.093,47.3,22.9
1782790356.101,47.1,22.9
1782790361.114,47.2,22.9
1782790366.121,47.1,22.9
1782790371.134,46.9,22.9
1782790376.145,46.7,22.9
1782790381.155,46.6,22.9
1782790386.167,46.4,22.9
1782790391.184,46.4,22.9
1782790396.195,46.4,22.9
1782790401.205,46.2,22.9
1782790406.214,46.1,22.9
1782790411.226,46.1,22.9
1782790416.229,45.9,22.9
1782790421.242,45.8,22.9
1782790426.255,45.8,22.9
1782790431.267,45.6,22.9
1782790436.282,45.3,22.9
1782790441.291,45.4,22.9
1782790446.305,45.3,22.8
1782790451.317,45.3,22.9
1782790456.327,45.3,22.9
1782790461.341,45.3,22.8
1782790466.344,45.2,22.9
1782790471.357,45.1,22.8
1782790476.368,45.0,22.9
1782790481.381,44.9,22.8
1782790486.397,44.7,22.8
1782790491.41,44.7,22.8
1782790496.417,44.5,22.8
1782790501.427,44.4,22.8
1782790506.441,44.4,22.8
1782790511.453,44.5,22.8
1782790516.46,44.7,22.8
1782790521.472,45.0,22.8
1782790526.484,45.3,22.8
1782790531.501,45.5,22.8
1782790536.514,45.9,22.8
1782790541.524,46.4,22.8
1782790546.534,46.7,22.8
1782790551.545,47.3,22.8
1782790556.556,47.8,22.8
1782790561.569,48.4,22.8
1782790566.576,48.6,22.8
1782790571.585,49.2,22.8
1782790576.597,49.8,22.8
1782790581.612,50.2,22.8
1782790586.624,50.8,22.8
1782790591.636,51.4,22.8
1782790596.647,51.5,22.8
1782790601.66,51.6,22.8
1782790606.667,52.2,22.8
1782790611.677,52.5,22.9
1782790616.69,52.6,22.8
1782790621.696,52.8,22.8
1782790626.71,53.2,22.8
1782790631.72,53.6,22.8
1782790636.731,54.0,22.8
1782790641.743,54.3,22.8
1782790646.757,54.4,22.9
1782790651.77,54.5,22.8
1782790656.781,54.7,22.8
1782790661.794,55.1,22.9
1782790666.806,55.1,22.9
1782790671.816,55.5,22.9
1782790676.824,55.6,22.9
1782790681.836,55.6,22.9
1782790686.85,55.7,22.9
1782790691.861,55.7,22.9
1782790696.873,55.7,22.9
1782790701.887,55.6,22.9
1782790706.898,55.5,22.9
1782790711.908,55.4,22.9
1782790716.919,55.2,22.9
1782790721.924,54.9,22.9
1782790726.932,54.5,22.9
1782790731.947,54.3,22.9
1782790736.96,54.0,22.9
1782790741.971,53.6,22.9
1782790746.987,53.4,22.9
1782790751.997,53.2,22.9
1782790757.008,53.0,22.9
1782790762.016,52.8,22.9
1782790767.026,52.7,22.9
1782790772.032,52.4,22.9
1782790777.047,52.1,22.9
1782790782.059,51.9,22.9
1782790787.069,51.7,22.9
1782790792.08,51.3,22.9
1782790797.089,51.0,22.9
1782790802.101,50.7,22.9
1782790807.113,50.1,22.9
1782790812.124,49.7,22.9
1782790817.139,49.6,22.8
1782790822.146,49.5,22.9
1782790827.161,49.3,22.9
1782790832.174,49.1,22.9
1782790837.186,48.8,22.9
1782790842.2,48.4,22.9
1782790847.212,48.1,22.9
1782790852.219,48.1,22.9
1782790857.232,47.9,22.9
1782790862.243,47.4,22.9
1782790867.254,47.4,22.9
1782790872.266,47.4,22.9
1782790877.274,47.2,22.9
1782790882.284,47.1,22.9
1782790887.298,46.9,22.9
1782790892.309,46.7,22.9
1782790897.319,46.6,22.9
1782790902.332,46.5,22.9
1782790907.34,46.4,22.9
1782790912.353,46.2,22.9
1782790917.364,46.2,22.9
1782790922.378,46.3,22.9
1782790927.384,46.3,22.8
1782790932.398,46.1,22.9
1782790937.406,46.0,22.9
1782790942.413,45.9,22.8
1782790947.427,45.7,22.9
1782790952.436,45.6,22.8
1782790957.45,45.6,22.8
1782790962.463,45.5,22.8
1782790967.475,45.3,22.8
1782790972.488,45.3,22.8
1782790977.494,45.4,22.9
1782790982.502,45.3,22.8
1782790987.51,45.3,22.8
1782790992.518,45.1,22.9
1782790997.527,44.9,22.8
1782791002.539,44.7,22.8
1782791007.547,44.7,22.8
1782791012.555,44.7,22.8
1782791017.565,44.4,22.8
1782791022.571,44.5,22.8
1782791027.577,44.5,22.8
1782791032.587,44.3,22.8
1782791037.596,44.3,22.8
1782791042.605,44.3,22.8
1782791047.62,44.4,22.8
1782791052.626,44.5,22.8
1782791057.639,44.6,22.8
1782791062.65,44.9,22.8
1782791067.66,45.4,22.8
1782791072.674,45.7,22.8
1782791077.68,46.0,22.8
1782791082.692,46.4,22.8
1782791087.702,47.1,22.8
1782791092.712,47.7,22.8
1782791097.723,48.1,22.8
1782791102.736,48.6,22.8
1782791107.748,48.8,22.8
1782791112.757,49.3,22.8
1782791117.77,50.1,22.8
1782791122.785,50.4,22.8
1782791127.79,50.5,22.8
1782791132.803,50.9,22.8
1782791137.812,51.2,22.8
1782791142.826,51.6,22.8
1782791147.84,51.9,22.8
1782791152.85,52.3,22.8
1782791157.86,52.8,22.8
1782791162.866,53.2,22.8
1782791167.877,53.5,22.8
1782791172.89,53.7,22.8
1782791177.896,54.2,22.8
1782791182.907,54.5,22.8
1782791187.92,54.8,22.8
1782791192.932,55.1,22.8
1782791197.942,55.1,22.8
1782791202.954,55.0,22.8
1782791207.96,55.2,22.8
1782791212.972,55.2,22.8
1782791217.986,55.2,22.8
1782791222.997,55.5,22.8
1782791228.002,55.8,22.8
1782791233.015,55.9,22.8
1782791238.029,55.7,22.8
1782791243.043,55.6,22.8
1782791248.052,55.5,22.9
1782791253.064,55.3,22.9
1782791258.079,55.1,22.9
1782791263.092,54.9,22.9
1782791268.105,54.6,22.8
1782791273.12,54.3,22.9
1782791278.132,54.2,22.8
1782791283.136,54.0,22.8
1782791288.15,53.8,22.8
1782791293.161,53.5,22.9
1782791298.173,53.2,22.9
1782791303.187,53.0,22.8
1782791308.196,52.7,22.9
1782791313.211,52.4,22.9
1782791318.225,52.1,22.9
1782791323.236,51.8,22.9
1782791328.248,51.5,22.9
1782791333.258,51.4,22.9
1782791338.268,50.9,22.8
1782791343.282,50.6,22.9
1782791348.293,50.3,22.8
1782791353.303,50.1,22.8
1782791358.319,49.8,22.8
1782791363.334,49.6,22.9
1782791368.344,49.3,22.9
1782791373.354,49.1,22.8
1782791378.365,48.9,22.8
1782791383.372,48.8,22.9
1782791388.384,48.6,22.8
1782791393.394,48.2,22.8
1782791398.403,47.8,22.8
1782791403.416,47.7,22.8
1782791408.429,47.5,22.8
1782791413.439,47.4,22.8
1782791418.453,47.4,22.8
1782791423.465,47.3,22.8
1782791428.476,47.2,22.9
1782791433.48,47.2,22.8
1782791438.493,47.0,22.8
1782791443.506,46.7,22.8
1782791448.511,46.6,22.8
1782791453.522,46.6,22.8
1782791458.535,46.4,22.8
1782791463.55,46.3,22.8
1782791468.559,46.2,22.8
1782791473.573,46.1,22.8
1782791478.586,46.0,22.8
1782791483.592,45.9,22.8
1782791488.604,45.8,22.8
1782791493.616,45.7,22.8
1782791498.626,45.7,22.8
1782791503.639,45.6,22.8
1782791508.65,45.5,22.8
1782791513.666,45.5,22.8
1782791518.678,45.5,22.8
1782791523.69,45.4,22.8
1782791528.702,45.3,22.8
1782791533.713,45.2,22.8
1782791538.718,45.1,22.8
1782791543.732,45.0,22.8
1782791548.741,44.8,22.8
1782791553.753,44.8,22.8
1782791558.762,44.8,22.8
1782791563.776,44.6,22.8
1782791568.787,44.6,22.8
1782791573.802,44.5,22.8
1782791578.814,44.4,22.8
1782791583.825,44.3,22.8
1782791588.833,44.4,22.8
1782791593.843,44.5,22.7
1782791598.855,44.7,22.8
1782791603.865,45.0,22.7
1782791608.879,45.3,22.7
1782791613.892,45.7,22.7
1782791618.905,46.2,22.7
1782791623.916,46.6,22.8
1782791628.929,47.2,22.8
1782791633.941,47.5,22.7
1782791638.948,48.0,22.8
1782791643.96,48.3,22.7
1782791648.972,48.5,22.8
1782791653.984,48.8,22.7
1782791659.001,49.1,22.7
1782791664.012,49.7,22.7
1782791669.025,50.1,22.8
1782791674.039,50.8,22.8
1782791679.051,51.6,22.8
1782791684.059,52.1,22.7
1782791689.066,52.3,22.8
1782791694.073,52.3,22.7
1782791699.083,52.7,22.7
1782791704.092,53.0,22.7
1782791709.102,53.3,22.7
1782791714.112,53.7,22.7
1782791719.12,54.1,22.7
1782791724.128,54.2,22.8
1782791729.135,54.3,22.7
1782791734.143,54.7,22.8
1782791739.148,55.0,22.8
1782791744.156,55.0,22.7
1782791749.164,55.0,22.8
1782791754.173,55.1,22.8
1782791759.187,55.3,22.8
1782791764.195,55.3,22.7
1782791769.203,55.5,22.8
1782791774.21,55.6,22.8
1782791779.215,55.7,22.8
1782791784.225,55.8,22.8
1782791789.231,55.7,22.8
1782791794.24,55.6,22.8
1782791799.246,55.5,22.8
1782791804.252,55.3,22.8
1782791809.269,55.2,22.8
1782791814.283,55.0,22.8
1782791819.293,54.8,22.8
1782791824.303,54.5,22.8
1782791829.317,54.2,22.8
1782791834.33,53.9,22.8
1782791839.336,53.6,22.8
1782791844.346,53.4,22.8
1782791849.354,53.2,22.8
1782791854.365,53.2,22.8
1782791859.376,53.1,22.8
1782791864.383,52.8,22.8
1782791869.394,52.5,22.8
1782791874.409,52.3,22.8
1782791879.422,52.1,22.8
1782791884.43,51.7,22.8
1782791889.438,51.4,22.8
1782791894.445,51.2,22.8
1782791899.46,50.9,22.8
1782791904.472,50.4,22.8
1782791909.485,50.1,22.8
1782791914.495,50.1,22.8
1782791919.507,49.7,22.7
1782791924.519,49.5,22.8
1782791929.532,49.3,22.7
1782791934.545,49.1,22.8
1782791939.557,48.8,22.7
1782791944.564,48.6,22.7
1782791949.578,48.5,22.7
1782791954.591,48.3,22.7
1782791959.604,48.1,22.8
1782791964.616,47.9,22.7
1782791969.629,47.7,22.8
1782791974.643,47.6,22.7
1782791979.652,47.5,22.7
1782791984.665,47.4,22.7
1782791989.677,47.3,22.7
1782791994.687,47.2,22.7
1782791999.698,47.0,22.7
1782792004.711,46.9,22.7
1782792009.723,46.9,22.7
1782792014.732,46.9,22.7
1782792019.745,46.7,22.7
1782792024.757,46.5,22.7
1782792029.77,46.3,22.7
1782792034.783,46.2,22.7
1782792039.791,45.9,22.7
1782792044.806,45.9,22.7
1782792049.809,45.8,22.7
1782792054.825,45.9,22.7
1782792059.837,45.7,22.7
1782792064.85,45.5,22.7
1782792069.865,45.5,22.7
1782792074.877,45.4,22.7
1782792079.888,45.2,22.7
1782792084.9,45.3,22.7
1782792089.914,45.2,22.7
1782792094.923,45.2,22.7
1782792099.93,45.1,22.7
1782792104.942,45.0,22.7
1782792109.952,44.8,22.7
1782792114.968,44.8,22.7
1782792119.979,44.8,22.7
1782792124.986,44.8,22.7
1782792129.999,44.8,22.7
1782792135.007,44.7,22.7
1782792140.015,44.8,22.6
1782792145.024,44.9,22.6
1782792150.027,45.1,22.7
1782792155.038,45.3,22.6
1782792160.048,45.5,22.7
1782792165.057,46.0,22.7
1782792170.063,46.6,22.6
1782792175.071,47.4,22.6
1782792180.078,47.9,22.7
1782792185.088,48.2,22.6
1782792190.095,48.9,22.6
1782792195.103,49.6,22.7
1782792200.108,50.0,22.6
1782792205.119,50.3,22.6
1782792210.128,50.4,22.7
1782792215.135,50.7,22.7
1782792220.139,50.9,22.7
1782792225.146,51.3,22.6
1782792230.155,51.9,22.6
1782792235.164,52.1,22.6
1782792240.171,52.1,22.6
1782792245.18,52.4,22.7
1782792250.184,52.7,22.7
1782792255.195,52.9,22.7
1782792260.202,53.3,22.7
1782792265.211,53.6,22.7
1782792270.221,54.1,22.6
1782792275.231,54.4,22.6
1782792280.239,54.9,22.7
1782792285.248,55.1,22.7
1782792290.255,55.1,22.7
1782792295.265,55.2,22.7
1782792300.273,55.2,22.7
1782792305.282,55.4,22.7
1782792310.29,55.5,22.7
1782792315.299,55.8,22.7
1782792320.306,56.0,22.7
1782792325.318,56.1,22.7
1782792330.327,56.2,22.7
1782792335.336,56.2,22.7
1782792340.346,56.2,22.7
1782792345.35,56.4,22.7
1782792350.358,56.3,22.7
1782792355.367,56.2,22.7
1782792360.374,56.1,22.7
1782792365.382,56.0,22.7
1782792370.391,55.7,22.7
1782792375.399,55.5,22.7
1782792380.408,55.2,22.7
1782792385.416,54.9,22.7
1782792390.421,54.7,22.7
1782792395.43,54.5,22.7
1782792400.438,54.3,22.7
1782792405.446,54.1,22.7
1782792410.455,53.8,22.7
1782792415.465,53.6,22.7
1782792420.479,53.4,22.7
1782792425.49,53.2,22.7
1782792430.5,52.8,22.7
1782792435.51,52.5,22.7
1782792440.525,52.2,22.7
1782792445.538,51.9,22.7
1782792450.544,51.4,22.7
1782792455.555,51.0,22.7
1782792460.564,50.7,22.7
1782792465.575,50.5,22.7
1782792470.582,50.3,22.7
1782792475.591,50.1,22.7
1782792480.599,49.9,22.7
1782792485.609,49.6,22.7
1782792490.62,49.3,22.7
1782792495.627,49.2,22.7
1782792500.632,49.2,22.7
1782792505.641,49.1,22.7
1782792510.653,48.9,22.7
1782792515.662,48.8,22.7
1782792520.668,48.6,22.7
1782792525.679,48.5,22.7
1782792530.689,48.3,22.7
1782792535.698,48.0,22.7
1782792540.704,47.9,22.7
1782792545.711,47.8,22.7
1782792550.719,47.7,22.7
1782792555.727,47.6,22.7
1782792560.734,47.5,22.7
1782792565.742,47.4,22.7
1782792570.75,47.3,22.6
1782792575.757,47.2,22.6
1782792580.768,47.1,22.7
1782792585.778,46.9,22.6
1782792590.786,46.8,22.6
1782792595.795,46.8,22.6
1782792600.8,46.8,22.6
1782792605.81,46.7,22.6
1782792610.817,46.4,22.6
1782792615.824,46.3,22.6
1782792620.83,46.3,22.6
1782792625.838,46.1,22.6
1782792630.847,46.1,22.6
1782792635.854,46.1,22.6
1782792640.862,46.0,22.6
1782792645.873,46.0,22.6
1782792650.877,45.8,22.6
1782792655.884,45.8,22.6
1782792660.89,45.8,22.6
1782792665.9,45.7,22.6
1782792670.908,45.6,22.6
1782792675.914,45.4,22.6
1782792680.924,45.4,22.6
1782792685.932,45.2,22.6
1782792690.941,45.1,22.6
1782792695.948,45.1,22.6
1782792700.953,45.2,22.6
1782792705.962,45.4,22.6
1782792710.97,45.6,22.6
1782792715.978,45.9,22.6
1782792720.988,46.3,22.6
1782792725.997,47.0,22.6
1782792731.006,47.4,22.6
1782792736.015,47.9,22.6
1782792741.018,48.2,22.6
1782792746.029,48.6,22.6
1782792751.039,48.8,22.6
1782792756.045,49.1,22.6
1782792761.055,49.7,22.6
1782792766.065,50.2,22.6
1782792771.075,50.3,22.6
1782792776.082,50.5,22.6
1782792781.092,51.0,22.6
1782792786.101,51.4,22.6
1782792791.109,51.8,22.6
1782792796.114,52.4,22.6
1782792801.124,52.8,22.6
1782792806.132,52.9,22.6
1782792811.139,53.3,22.6
1782792816.15,53.6,22.6
1782792821.16,53.8,22.6
1782792826.166,54.0,22.6
1782792831.171,54.4,22.6
1782792836.183,54.5,22.6
1782792841.19,54.6,22.6
1782792846.192,54.9,22.6
1782792851.202,55.3,22.6
1782792856.211,55.3,22.6
1782792861.221,55.7,22.6
1782792866.232,56.2,22.6
1782792871.241,56.1,22.6
1782792876.251,56.2,22.6
1782792881.263,56.4,22.6
1782792886.272,56.4,22.6
1782792891.281,56.6,22.6
1782792896.288,56.9,22.6
1782792901.296,57.1,22.6
1782792906.306,57.0,22.7
1782792911.313,57.0,22.6
1782792916.322,56.9,22.6
1782792921.33,56.8,22.7
1782792926.339,56.6,22.6
1782792931.347,56.3,22.6
1782792936.36,56.0,22.7
1782792941.369,55.7,22.6
1782792946.373,55.4,22.6
1782792951.386,55.3,22.6
1782792956.401,55.1,22.6
1782792961.41,54.9,22.6
1782792966.424,54.8,22.6
1782792971.435,54.5,22.7
1782792976.449,54.2,22.6
1782792981.459,54.0,22.6
1782792986.467,53.8,22.7
1782792991.478,53.7,22.6
1782792996.485,53.3,22.6
1782793001.493,53.0,22.6
1782793006.5,52.7,22.6
1782793011.508,52.4,22.6
1782793016.516,52.1,22.6
1782793021.525,51.8,22.6
1782793026.535,51.7,22.7
1782793031.539,51.1,22.6
1782793036.549,50.7,22.6
1782793041.56,50.6,22.6
1782793046.566,50.4,22.6
1782793051.572,50.1,22.6
1782793056.581,49.8,22.6
1782793061.592,49.5,22.6
1782793066.601,49.2,22.6
1782793071.61,49.2,22.6
1782793076.622,49.3,22.6
1782793081.633,49.0,22.6
1782793086.639,48.7,22.6
1782793091.65,48.7,22.6
1782793096.656,48.5,22.6
1782793101.664,48.4,22.6
1782793106.675,48.3,22.6
1782793111.68,48.3,22.6
1782793116.694,48.1,22.6
1782793121.707,47.8,22.6
1782793126.714,47.6,22.6
1782793131.721,47.6,22.6
1782793136.73,47.6,22.6
1782793141.74,47.6,22.6
1782793146.747,47.4,22.6
1782793151.754,47.2,22.6
1782793156.762,47.0,22.6
1782793161.769,47.0,22.6
1782793166.78,46.9,22.6
1782793171.791,46.8,22.6
1782793176.803,46.8,22.6
1782793181.81,46.7,22.6
1782793186.823,46.5,22.6
1782793191.838,46.4,22.6
1782793196.844,46.4,22.6
1782793201.855,46.2,22.6
1782793206.864,46.1,22.6
1782793211.872,46.0,22.6
1782793216.882,45.9,22.6
1782793221.89,45.8,22.6
1782793226.896,45.7,22.6
1782793231.907,45.7,22.6
1782793236.915,45.6,22.6
1782793241.923,45.5,22.5
1782793246.928,45.5,22.5
1782793251.937,45.4,22.5
1782793256.943,45.2,22.5
1782793261.954,45.3,22.5
1782793266.961,45.4,22.6
1782793271.97,45.5,22.5
1782793276.977,45.9,22.5
1782793281.987,46.2,22.5
1782793286.994,46.8,22.5
1782793292.004,47.1,22.5
1782793297.01,47.4,22.5
1782793302.018,47.8,22.5
1782793307.028,48.1,22.5
1782793312.037,48.6,22.5
1782793317.047,48.8,22.5
1782793322.053,49.0,22.5
1782793327.06,49.5,22.5
1782793332.07,50.0,22.5
1782793337.08,50.3,22.5
1782793342.088,50.8,22.5
1782793347.092,51.1,22.5
1782793352.102,51.4,22.6
1782793357.107,51.7,22.5
1782793362.118,52.2,22.5
1782793367.128,52.6,22.5
1782793372.14,52.9,22.5
1782793377.157,53.6,22.5
1782793382.169,54.0,22.6
1782793387.182,54.1,22.6
1782793392.195,54.3,22.5
1782793397.201,54.6,22.6
1782793402.215,54.9,22.6
1782793407.222,55.1,22.6
1782793412.235,55.3,22.5
1782793417.249,55.6,22.5
1782793422.258,55.9,22.6
1782793427.266,56.1,22.6
1782793432.275,56.2,22.5
1782793437.286,56.2,22.5
1782793442.298,56.3,22.6
1782793447.304,56.3,22.6
1782793452.316,56.4,22.6
1782793457.328,56.4,22.6
1782793462.342,56.6,22.6
1782793467.351,57.0,22.6
1782793472.366,57.3,22.6
1782793477.377,57.4,22.6
1782793482.39,57.5,22.6
1782793487.402,57.5,22.6
1782793492.414,57.5,22.6
1782793497.419,57.7,22.6
1782793502.433,57.8,22.6
1782793507.44,58.3,22.6
1782793512.448,58.3,22.6
1782793517.462,58.2,22.6
1782793522.471,58.1,22.6
1782793527.482,58.2,22.6
1782793532.493,58.3,22.6
1782793537.504,58.3,22.6
1782793542.516,58.5,22.6
1782793547.522,58.8,22.6
1782793552.532,59.0,22.6
1782793557.543,59.2,22.6
1782793562.557,59.5,22.6
1782793567.569,59.5,22.6
1782793572.581,59.5,22.6
1782793577.593,59.5,22.6
1782793582.6,59.6,22.6
1782793587.618,59.7,22.6
1782793592.627,59.9,22.6
1782793597.632,60.0,22.6
1782793602.645,60.2,22.6
1782793607.65,60.2,22.7
1782793612.664,60.3,22.7
1782793617.678,60.5,22.7
1782793622.686,60.5,22.6
1782793627.698,60.6,22.7
1782793632.71,60.8,22.7
1782793637.722,61.1,22.6
1782793642.732,61.1,22.7
1782793647.742,61.1,22.7
1782793652.744,61.3,22.7
1782793657.752,61.4,22.7
1782793662.766,61.5,22.7
1782793667.776,61.6,22.7
1782793672.79,61.8,22.7
1782793677.801,61.9,22.7
1782793682.816,62.0,22.7
1782793687.83,62.2,22.7
1782793692.84,62.4,22.7
1782793697.85,62.5,22.7
1782793702.852,62.7,22.7
1782793707.867,62.9,22.7
1782793712.877,63.1,22.7
1782793717.89,63.3,22.7
1782793722.896,63.3,22.7
1782793727.905,63.1,22.7
1782793732.915,63.3,22.7
1782793737.923,63.6,22.7
1782793742.93,63.5,22.7
1782793747.94,63.6,22.7
1782793752.945,63.8,22.8
1782793757.953,64.0,22.7
1782793762.961,64.1,22.7
1782793767.966,64.1,22.7
1782793772.973,64.2,22.8
1782793777.985,64.2,22.8
1782793782.997,64.3,22.8
1782793788.011,64.4,22.8
1782793793.023,64.4,22.8
1782793798.033,64.6,22.8
1782793803.041,64.7,22.8
1782793808.054,64.7,22.8
1782793813.062,64.7,22.8
1782793818.076,65.0,22.8
1782793823.089,65.1,22.8
1782793828.1,65.2,22.8
1782793833.113,65.2,22.8
1782793838.125,65.3,22.8
1782793843.134,65.4,22.8
1782793848.149,65.3,22.8
1782793853.155,65.3,22.8
1782793858.17,65.2,22.8
1782793863.18,65.2,22.8
1782793868.193,65.3,22.8
1782793873.209,65.6,22.8
1782793878.221,65.6,22.9
1782793883.235,65.6,22.9
1782793888.247,65.7,22.9
1782793893.259,65.8,22.9
1782793898.268,65.9,22.9
1782793903.272,66.3,22.9
1782793908.282,66.5,22.9
1782793913.294,66.4,22.9
1782793918.307,66.4,22.9
1782793923.317,66.4,22.9
1782793928.331,66.5,22.9
1782793933.34,66.5,22.9
1782793938.348,66.8,22.9
1782793943.363,66.8,22.9
1782793948.374,66.7,22.9
1782793953.38,66.7,22.9
1782793958.394,66.6,22.9
1782793963.404,66.7,22.9
1782793968.414,66.8,22.9
1782793973.424,66.9,22.9
1782793978.437,66.9,22.9
1782793983.448,66.9,23.0
1782793988.462,67.0,23.0
1782793993.471,67.2,23.0
1782793998.48,67.2,23.0
1782794003.494,67.2,23.0
1782794008.5,67.4,23.0
1782794013.51,67.6,23.0
1782794018.52,67.6,23.0
1782794023.524,67.7,23.0
1782794028.534,67.8,23.0
1782794033.543,67.9,23.0
1782794038.551,68.0,23.0
1782794043.56,68.1,23.0
1782794048.568,68.1,23.0
1782794053.576,68.2,23.0
1782794058.582,68.3,23.0
1782794063.591,68.2,23.0
1782794068.601,68.1,23.0
1782794073.612,68.1,23.1
1782794078.62,68.2,23.1
1782794083.628,68.1,23.1
1782794088.635,68.1,23.1
1782794093.644,68.3,23.1
1782794098.653,68.3,23.1
1782794103.656,68.4,23.1
1782794108.664,68.4,23.1
1782794113.674,68.5,23.1
1782794118.684,68.6,23.1
1782794123.69,68.5,23.1
1782794128.699,68.6,23.1
1782794133.704,68.6,23.1
1782794138.713,68.6,23.1
1782794143.723,68.6,23.1
1782794148.734,68.7,23.1
1782794153.741,68.7,23.1
1782794158.751,68.8,23.1
1782794163.761,68.9,23.1
1782794168.774,68.9,23.1
1782794173.786,68.8,23.2
1782794178.795,68.8,23.2
1782794183.803,68.8,23.1
1782794188.813,68.9,23.2
1782794193.821,69.2,23.2
1782794198.826,69.2,23.2
1782794203.832,69.2,23.2
1782794208.84,69.1,23.2
1782794213.852,69.1,23.2
1782794218.859,69.1,23.2
1782794223.874,69.1,23.2
1782794228.887,69.2,23.2
1782794233.896,69.3,23.2
1782794238.903,69.4,23.2
1782794243.911,69.5,23.2
1782794248.92,69.5,23.2
1782794253.924,69.5,23.2
1782794258.934,69.4,23.2
1782794263.94,69.5,23.3
1782794268.949,69.7,23.3
1782794273.968,69.6,23.3
1782794278.979,69.7,23.3
1782794283.989,69.7,23.3
1782794289.0,69.7,23.3
1782794294.013,69.8,23.3
1782794299.022,69.8,23.3
1782794304.028,69.7,23.3
1782794309.041,69.7,23.3
1782794314.055,69.8,23.3
1782794319.065,69.9,23.3
1782794324.076,70.0,23.3
1782794329.081,69.9,23.3
1782794334.089,70.0,23.3
1782794339.095,70.0,23.3
1782794344.104,70.0,23.3
1782794349.113,70.1,23.4
1782794354.115,70.0,23.3
1782794359.123,69.9,23.4
1782794364.134,69.9,23.4
1782794369.142,69.9,23.4
1782794374.153,70.0,23.4
1782794379.163,70.0,23.4
1782794384.175,70.0,23.4
1782794389.185,70.1,23.4
1782794394.193,70.1,23.4
1782794399.206,70.3,23.4
1782794404.212,70.4,23.4
1782794409.225,70.4,23.4
1782794414.239,70.3,23.4
1782794419.248,70.4,23.4
1782794424.264,70.5,23.4
1782794429.276,70.4,23.4
1782794434.285,70.2,23.4
1782794439.295,70.3,23.4
1782794444.303,70.3,23.4
1782794449.312,70.5,23.4
1782794454.318,70.7,23.4
1782794459.326,70.7,23.4
1782794464.331,70.7,23.5
1782794469.345,70.7,23.5
1782794474.358,70.7,23.5
1782794479.367,70.7,23.5
1782794484.383,70.6,23.5
1782794489.392,70.6,23.5
1782794494.404,70.6,23.5
1782794499.414,70.6,23.5
1782794504.42,70.7,23.5
1782794509.424,70.9,23.5
1782794514.436,70.8,23.5
1782794519.449,70.8,23.5
1782794524.459,70.6,23.5
1782794529.469,70.6,23.5
1782794534.48,70.5,23.5
1782794539.492,70.6,23.5
1782794544.504,70.6,23.5
1782794549.513,70.6,23.6
1782794554.523,70.6,23.6
1782794559.529,70.4,23.6
1782794564.539,70.3,23.5
1782794569.549,69.9,23.6
1782794574.558,69.7,23.6
1782794579.567,69.6,23.6
1782794584.577,69.4,23.6
1782794589.585,69.2,23.6
1782794594.593,68.9,23.6
1782794599.608,68.7,23.6
1782794604.618,68.2,23.6
1782794609.625,67.8,23.6
1782794614.631,67.5,23.6
1782794619.639,67.1,23.6
1782794624.647,66.7,23.6
1782794629.657,66.4,23.6
1782794634.665,66.1,23.6
1782794639.676,65.4,23.6
1782794644.689,65.1,23.6
1782794649.7,64.9,23.6
1782794654.709,64.7,23.6
1782794659.711,64.3,23.6
1782794664.72,64.0,23.6
1782794669.733,63.7,23.6
1782794674.742,63.2,23.6
1782794679.752,62.9,23.6
1782794684.758,62.6,23.6
1782794689.767,62.0,23.6
1782794694.777,61.8,23.6
1782794699.786,61.7,23.6
1782794704.796,61.4,23.6
1782794709.801,61.2,23.6
1782794714.808,61.0,23.6
1782794719.82,60.7,23.6
1782794724.825,60.4,23.6
1782794729.831,60.2,23.6
1782794734.839,60.1,23.6
1782794739.851,59.8,23.6
1782794744.864,59.7,23.6
1782794749.875,59.6,23.6
1782794754.889,59.4,23.6
1782794759.892,59.2,23.6
1782794764.906,58.9,23.6
1782794769.919,58.6,23.6
1782794774.931,58.2,23.6
1782794779.944,58.0,23.6
1782794784.958,57.8,23.6
1782794789.97,57.6,23.6
1782794794.98,57.6,23.6
1782794799.989,57.5,23.6
1782794804.998,57.5,23.6
1782794810.0,57.3,23.6
1782794815.01,57.0,23.6
1782794820.02,56.8,23.6
1782794825.027,56.8,23.6
1782794830.034,56.7,23.6
1782794835.043,56.6,23.6
1782794840.053,56.4,23.6
1782794845.063,56.3,23.6
1782794850.067,56.0,23.6
1782794855.076,55.7,23.6
1782794860.08,55.5,23.6
1782794865.088,55.4,23.6
1782794870.098,55.4,23.6
1782794875.107,55.2,23.6
1782794880.114,54.9,23.6
1782794885.124,54.9,23.6
1782794890.131,54.9,23.6
1782794895.139,54.7,23.6
1782794900.147,54.5,23.6
1782794905.156,54.5,23.6
1782794910.16,54.6,23.6
1782794915.168,54.8,23.6
1782794920.178,55.1,23.6
1782794925.187,55.4,23.6
1782794930.197,55.6,23.6
1782794935.202,56.1,23.6
1782794940.213,56.6,23.6
1782794945.225,56.9,23.6
1782794950.234,57.3,23.6
1782794955.242,57.9,23.6
1782794960.254,58.7,23.6
1782794965.269,59.1,23.6
1782794970.279,59.3,23.6
1782794975.294,59.7,23.6
1782794980.307,60.1,23.6
1782794985.317,60.6,23.6
1782794990.326,60.9,23.6
1782794995.335,60.9,23.6
1782795000.344,61.1,23.6
1782795005.357,61.2,23.6
1782795010.367,61.2,23.6
1782795015.379,61.3,23.6
1782795020.394,61.6,23.6
1782795025.406,61.8,23.6
1782795030.416,62.1,23.6
1782795035.425,62.4,23.6
1782795040.432,62.7,23.6
1782795045.436,62.9,23.6
1782795050.448,63.3,23.6
1782795055.464,63.6,23.7
1782795060.475,63.7,23.6
1782795065.488,63.9,23.6
1782795070.5,64.1,23.6
1782795075.514,64.1,23.7
1782795080.526,64.2,23.7
1782795085.537,64.2,23.6
1782795090.55,64.4,23.7
1782795095.557,64.7,23.7
1782795100.569,64.8,23.6
1782795105.582,64.7,23.7
1782795110.594,64.8,23.7
1782795115.607,64.8,23.7
1782795120.62,64.8,23.7
1782795125.632,64.8,23.7
1782795130.643,65.0,23.7
1782795135.657,65.4,23.7
1782795140.665,65.6,23.7
1782795145.672,65.6,23.7
1782795150.68,65.6,23.7
1782795155.695,65.7,23.7
1782795160.71,65.9,23.7
1782795165.721,66.0,23.7
1782795170.732,66.1,23.7
1782795175.744,66.1,23.7
1782795180.756,66.0,23.7
1782795185.767,66.1,23.7
1782795190.777,66.1,23.7
1782795195.789,66.1,23.7
1782795200.796,66.1,23.7
1782795205.809,66.2,23.7
1782795210.819,66.3,23.7
1782795215.827,66.3,23.7
1782795220.838,66.5,23.7
1782795225.848,66.7,23.7
1782795230.858,67.0,23.7
1782795235.872,67.2,23.7
1782795240.88,67.3,23.7
1782795245.892,67.3,23.7
1782795250.895,67.3,23.7
1782795255.908,67.4,23.7
1782795260.917,67.4,23.7
1782795265.926,67.4,23.7
1782795270.935,67.3,23.8
1782795275.946,67.4,23.7
1782795280.956,67.5,23.7
1782795285.964,67.6,23.7
1782795290.974,67.8,23.8
1782795295.984,67.8,23.8
1782795300.987,67.8,23.8
1782795305.996,67.9,23.8
1782795311.003,67.9,23.8
1782795316.012,67.9,23.8
1782795321.02,67.9,23.8
1782795326.029,67.8,23.8
1782795331.039,67.8,23.8
1782795336.046,67.9,23.8
1782795341.054,67.9,23.8
1782795346.063,67.9,23.8
1782795351.07,67.9,23.8
1782795356.078,68.0,23.8
1782795361.088,68.2,23.8
1782795366.099,68.3,23.8
1782795371.111,68.3,23.8
1782795376.119,68.4,23.8
1782795381.127,68.4,23.8
1782795386.138,68.5,23.8
1782795391.152,68.6,23.8
1782795396.158,68.8,23.8
1782795401.173,68.9,23.8
1782795406.186,68.9,23.8
1782795411.197,69.0,23.8
1782795416.209,69.0,23.8
1782795421.217,69.0,23.9
1782795426.223,69.1,23.9
1782795431.237,69.1,23.8
1782795436.244,69.0,23.9
1782795441.252,69.1,23.9
1782795446.266,69.3,23.9
1782795451.272,69.4,23.8
1782795456.287,69.3,23.9
1782795461.3,69.3,23.9
1782795466.312,69.3,23.9
1782795471.324,69.4,23.9
1782795476.338,69.4,23.9
1782795481.347,69.3,23.9
1782795486.359,69.2,23.9
1782795491.373,69.0,23.9
1782795496.384,68.6,23.9
1782795501.39,68.3,23.9
1782795506.406,68.0,23.9
1782795511.418,67.6,23.9
1782795516.43,67.1,23.9
1782795521.438,66.8,23.9
1782795526.447,66.7,23.9
1782795531.459,66.5,23.9
1782795536.47,66.2,23.9
1782795541.48,66.1,23.9
1782795546.494,66.0,23.9
1782795551.497,65.5,23.9
1782795556.509,65.2,23.9
1782795561.521,64.5,23.9
1782795566.532,64.1,23.9
1782795571.543,63.9,23.9
1782795576.557,63.5,23.9
1782795581.569,63.0,23.9
1782795586.583,62.8,23.9
1782795591.595,62.4,23.9
1782795596.607,62.0,23.9
1782795601.615,61.7,23.9
1782795606.622,61.5,23.9
1782795611.632,61.2,23.9
1782795616.643,60.8,23.9
1782795621.651,60.5,23.9
1782795626.662,60.0,23.9
1782795631.677,59.6,23.9
1782795645.38,59.0,23.9
1782795650.392,58.9,23.9
1782795655.404,58.8,23.9
1782795660.416,58.6,23.9
1782795665.423,58.3,23.9
1782795670.436,57.9,23.9
1782795675.446,57.7,23.9
1782795680.453,57.5,23.9
1782795685.463,57.4,23.9
1782795690.477,57.3,23.9
1782795695.48,57.1,23.9
1782795700.491,56.9,23.9
1782795705.5,56.7,23.9
1782795710.509,56.7,23.9
1782795715.52,56.7,23.9
1782795720.529,56.4,23.9
1782795725.538,56.0,23.9
1782795730.544,55.6,23.9
1782795735.553,55.5,23.9
1782795740.559,55.4,23.9
1782795745.57,55.3,23.9
1782795750.578,55.1,23.9
1782795755.588,55.1,23.9
1782795760.601,55.2,23.8
1782795765.609,55.1,23.8
1782795770.621,54.9,23.8
1782795775.633,54.8,23.9
1782795780.644,54.7,23.8
1782795785.658,54.4,23.9
1782795790.67,54.3,23.8
1782795795.678,54.2,23.9
1782795800.687,54.0,23.9
1782795805.696,53.8,23.8
1782795810.706,53.7,23.9
1782795815.786,53.5,23.8
1782795820.8,53.4,23.8
1782795825.805,53.4,23.8
1782795830.815,53.6,23.8
1782795835.824,53.9,23.8
1782795840.835,54.2,23.8
1782795845.843,54.7,23.8
1782795850.854,55.2,23.8
1782795855.864,55.5,23.8
1782795860.874,55.9,23.8
1782795865.884,56.1,23.8
1782795870.895,56.5,23.8
1782795875.907,57.0,23.8
1782795880.916,57.2,23.8
1782795885.925,57.6,23.8
1782795890.934,57.8,23.8
1782795895.938,58.0,23.8
1782795900.951,58.3,23.8
1782795905.956,59.0,23.8
1782795910.969,59.7,23.8
1782795915.982,60.0,23.8
1782795920.991,60.4,23.8
1782795925.999,60.9,23.9
1782795931.011,61.0,23.8
1782795936.02,61.2,23.8
1782795941.028,61.3,23.8
1782795946.036,61.6,23.8
1782795951.044,61.8,23.9
1782795956.053,62.1,23.9
1782795961.064,62.0,23.9
1782795966.074,62.2,23.9
1782795971.087,62.6,23.9
1782795976.096,62.8,23.9
1782795981.107,63.0,23.8
1782795986.114,63.0,23.9
1782795991.124,63.1,23.9
1782795996.131,63.1,23.9
1782796001.143,63.3,23.9
1782796006.147,63.5,23.9
1782796011.156,63.5,23.9
1782796016.169,63.5,23.9
1782796021.179,63.5,23.9
1782796026.19,63.7,23.9
1782796031.252,63.9,23.9
1782796036.323,64.0,23.9
1782796041.331,63.9,23.9
1782796046.341,63.9,23.9
1782796051.352,64.0,23.9
1782796056.361,64.0,23.9
1782796061.371,64.3,23.9
1782796066.379,64.4,23.9
1782796071.388,64.6,23.9
1782796076.399,64.7,23.9
1782796081.41,64.7,23.9
1782796086.417,64.7,23.9
1782796091.429,64.6,23.9
1782796104.328,64.8,23.9
1782796109.336,65.0,23.9
1782796114.347,65.2,23.9
1782796119.358,65.2,23.9
1782796124.409,65.2,23.9
1782796129.433,65.3,23.9
1782796134.446,65.5,23.9
1782796139.458,65.4,23.9
1782796144.467,65.5,23.9
1782796149.481,65.6,23.9
1782796154.493,65.6,23.9
1782796159.499,65.6,23.9
1782796164.511,65.8,23.9
1782796169.52,66.0,23.9
1782796174.53,65.9,23.9
1782796179.537,66.0,23.9
1782796184.546,66.1,23.9
1782796189.556,66.1,23.9
1782796194.568,66.2,23.9
1782796199.576,66.3,23.9
1782796204.587,66.3,23.9
1782796209.594,66.2,23.9
1782796214.609,66.3,23.9
1782796219.618,66.4,23.9
1782796224.627,66.7,24.0
1782796229.636,66.8,23.9
1782796234.642,66.8,23.9
1782796239.651,66.7,24.0
1782796244.661,66.6,24.0
1782796249.672,66.8,24.0
1782796254.681,66.8,24.0
1782796259.687,66.9,24.0
1782796264.699,67.0,24.0
1782796269.71,67.1,24.0
1782796274.722,67.1,24.0
1782796279.732,67.2,24.0
1782796284.743,67.3,24.0
1782796289.752,67.4,24.0
1782796294.765,67.5,24.0
1782796299.773,67.6,24.0
1782796304.781,67.6,24.0
1782796328.433,67.9,24.0
1782796333.448,68.0,24.0
1782796338.458,68.0,24.0
1782796343.467,68.0,24.0
1782796348.475,68.0,24.0
1782796353.483,68.0,24.0
1782796358.49,67.9,24.0
1782796363.497,68.0,24.0
1782796368.504,68.2,24.0
1782796373.517,68.3,24.0
1782796378.525,68.3,24.0
1782796383.539,68.3,24.0
1782796388.551,68.4,24.0
1782796393.56,68.3,24.0
1782796398.571,68.1,24.0
1782796403.583,68.0,24.0
1782796408.591,67.8,24.0
1782796413.6,67.7,24.0
1782796418.609,67.3,24.0
1782796423.617,67.3,24.0
1782796428.62,67.1,24.0
1782796433.634,66.7,24.0
1782796438.645,66.3,24.1
1782796443.656,66.0,24.1
1782796448.667,65.8,24.0
1782796453.679,65.4,24.0
1782796462.359,65.0,24.0
1782796467.373,64.9,24.0
1782796472.385,64.6,24.0
1782796477.396,64.4,24.0
1782796482.404,64.0,24.0
1782796487.418,63.7,24.1
1782796492.431,63.4,24.0
1782796497.44,63.2,24.0
1782796502.449,62.9,24.1
1782796507.461,62.6,24.0
1782796512.468,62.2,24.0
1782796517.483,61.7,24.0
1782796522.493,61.0,24.0
1782796527.505,60.3,24.0
1782796532.516,60.1,24.0
1782796537.524,60.0,24.0
1782796542.53,59.6,24.0
1782796547.539,59.4,24.0
1782796552.547,59.1,24.0
1782796557.556,58.8,24.0
1782796562.562,58.7,24.0
1782796567.57,58.4,24.0
1782796572.581,58.1,24.0
1782796577.592,58.0,24.0
1782796582.601,57.9,24.0
1782796587.608,57.8,24.0
1782796592.617,57.5,24.0
1782796597.629,57.3,24.0
1782796602.64,57.2,24.0
1782796607.644,57.0,24.0
1782796612.654,56.9,24.0
1782796617.663,56.8,24.0
1782796622.668,56.7,24.0
1782796627.675,56.5,24.0
1782796632.683,56.4,24.0
1782796637.691,56.2,24.0
1782796642.698,55.9,24.0
1782796647.708,55.7,24.0
1782796652.718,55.7,24.0
1782796657.724,55.6,24.0
1782796662.734,55.4,24.0
1782796667.744,55.4,24.0
1782796672.753,55.4,24.0
1782796677.759,55.0,24.0
1782796682.769,54.8,24.0
1782796687.782,54.7,24.0
1782796692.788,54.5,24.0
1782796697.8,54.6,24.0
1782796702.813,54.6,24.0
1782796707.828,54.2,24.0
1782796712.85,53.9,24.0
1782796717.86,53.7,24.0
1782796722.873,53.6,24.0
1782796727.886,53.6,24.0
1782796732.894,53.6,24.0
1782796737.941,53.5,23.9
1782796742.958,53.3,24.0
1782796747.968,53.2,24.0
1782796752.979,53.2,23.9
1782796757.988,53.4,24.0
1782796762.998,53.6,23.9
1782796768.011,54.0,24.0
1782796773.019,54.3,24.0
1782796778.029,54.7,24.0
1782796783.039,55.0,24.0
1782796788.047,55.2,24.0
1782796793.054,55.5,24.0
1782796798.063,55.9,24.0
1782796803.074,56.4,23.9
1782796808.082,56.9,24.0
1782796813.091,57.5,24.0
1782796818.101,57.9,24.0
1782796823.115,58.0,24.0
1782796828.125,58.3,24.0
1782796833.138,58.7,24.0
1782796838.144,58.9,24.0
1782796843.146,59.2,24.0
1782796848.152,59.8,23.9
1782796853.163,60.3,23.9
1782796858.172,60.5,24.0
1782796863.178,60.9,24.0
1782796868.188,61.1,24.0
1782796873.198,61.2,24.0
1782796878.203,61.3,24.0
1782796883.211,61.5,24.0
1782796888.218,61.7,24.0
1782796893.224,61.7,24.0
1782796898.229,62.0,24.0
1782796903.237,62.4,24.0
1782796908.249,62.4,24.0
1782796913.259,62.6,24.0
1782796918.268,62.9,24.0
1782796923.278,63.0,24.0
1782796928.288,63.1,24.0
1782796933.295,63.3,24.0
1782796938.303,63.4,24.0
1782796943.308,63.4,24.0
1782796948.318,63.6,24.0
1782796953.33,63.7,24.0
1782796958.336,63.7,24.0
1782796963.347,63.8,24.0
1782796968.361,63.8,24.0
1782796973.368,63.9,24.0
1782796978.375,63.9,24.0
1782796983.383,64.0,24.0
1782796988.389,64.1,24.0
1782796993.398,64.3,24.0
1782796998.404,64.3,24.0
1782797003.412,64.4,24.0
1782797008.472,64.5,24.0
1782797013.53,64.6,24.0
1782797018.539,64.9,24.0
1782797023.548,64.9,24.0
1782797028.558,64.8,24.0
1782797033.567,64.9,24.0
1782797038.578,65.0,24.0
1782797043.584,65.0,24.0
1782797048.595,65.3,24.0
1782797053.603,65.4,24.0
1782797058.614,65.2,24.0
1782797063.626,65.2,24.0
1782797068.638,65.3,24.0
1782797073.649,65.3,24.0
1782797078.662,65.3,24.0
1782797083.675,65.4,24.0
1782797088.682,65.6,24.0
1782797093.688,65.6,24.0
1782797098.7,65.7,24.0
1782797103.708,65.9,24.0
1782797115.005,65.9,24.0
1782797120.018,65.9,24.0
1782797125.026,66.0,24.0
1782797130.035,66.1,24.1
1782797135.043,66.1,24.1
1782797140.051,66.2,24.1
1782797145.059,66.2,24.1
1782797150.069,66.2,24.1
1782797155.076,66.3,24.1
1782797160.081,66.4,24.1
1782797165.084,66.5,24.0
1782797170.096,66.6,24.1
1782797175.101,66.7,24.1
1782797180.109,66.7,24.1
1782797185.12,66.8,24.1
1782797190.127,66.9,24.1
1782797195.136,67.0,24.1
1782797200.146,67.2,24.1
1782797205.154,67.2,24.1
1782797210.164,67.3,24.1
1782797215.169,67.2,24.1
1782797220.179,67.1,24.1
1782797225.185,67.3,24.1
1782797230.194,67.3,24.1
1782797233.416,67.4,24.1
1782797241.973,67.4,24.1
1782797246.984,67.4,24.1
1782797251.995,67.4,24.1
1782797257.007,67.2,24.1
1782797262.013,67.1,24.1
1782797267.026,66.9,24.1
1782797272.039,66.6,24.1
1782797277.052,66.3,24.1
1782797282.059,66.2,24.1
1782797287.071,66.0,24.1
1782797292.079,65.7,24.1
1782797297.09,65.4,24.1
1782797302.102,65.1,24.1
1782797307.114,64.7,24.1
1782797312.128,64.3,24.1
1782797315.596,64.3,24.1
1782797324.148,63.9,24.1
1782797329.163,63.7,24.1
1782797334.177,63.5,24.1
1782797339.191,63.1,24.1
1782797344.203,62.8,24.1
1782797349.215,62.6,24.1
1782797354.23,62.2,24.1
1782797359.242,61.8,24.1
1782797364.254,61.4,24.1
1782797369.266,61.1,24.1
1782797374.274,60.7,24.1
1782797379.288,60.2,24.1
1782797384.301,59.7,24.1
1782797389.31,59.3,24.1
1782797394.319,58.9,24.1
1782797399.327,58.8,24.1
1782797404.337,58.7,24.1
1782797409.347,58.4,24.1
1782797414.356,58.4,24.1
1782797419.364,58.2,24.1
1782797424.374,57.8,24.1
1782797429.379,57.5,24.1
1782797434.388,57.5,24.1
1782797439.399,57.2,24.1
1782797444.409,56.9,24.1
1782797449.421,56.9,24.1
1782797454.431,56.8,24.1
1782797459.443,56.6,24.1
1782797464.455,56.4,24.1
1782797469.464,56.4,24.1
1782797474.476,56.2,24.1
1782797479.485,55.8,24.1
1782797484.496,55.6,24.1
1782797489.509,55.4,24.1
1782797494.523,55.3,24.1
1782797499.532,55.2,24.1
1782797504.542,55.1,24.1
1782797509.556,54.9,24.1
1782797514.57,54.9,24.1
1782797519.578,54.9,24.1
1782797524.592,54.8,24.1
1782797529.599,54.5,24.1
1782797534.611,54.3,24.1
1782797539.625,54.3,24.0
1782797544.634,54.1,24.1
1782797549.644,53.9,24.1
1782797554.658,53.9,24.1
1782797559.67,53.4,24.0
1782797564.68,53.2,24.0
1782797569.691,53.3,24.0
1782797574.704,53.2,24.0
1782797579.709,53.0,24.0
1782797584.721,52.9,24.0
1782797589.732,53.0,24.0
1782797594.746,52.9,24.0
1782797599.756,52.7,24.0
1782797604.769,52.6,24.0
1782797609.783,52.7,24.0
1782797614.792,52.9,24.0
1782797619.803,53.1,24.0
1782797624.817,53.3,24.0
1782797629.82,53.4,24.0
1782797634.832,53.8,24.0
1782797639.845,54.2,24.0
1782797644.857,54.4,24.0
1782797649.87,54.7,24.0
1782797654.884,55.1,24.0
1782797659.895,55.8,24.0
1782797664.91,56.5,24.0
1782797669.919,56.9,24.0
1782797674.933,57.2,24.0
1782797679.938,57.5,24.0
1782797684.948,57.7,24.0
1782797689.96,58.2,24.0
1782797694.975,58.6,24.0
1782797699.984,59.1,24.0
1782797704.994,59.5,24.0
1782797710.008,59.9,24.0
1782797715.021,60.2,24.0
1782797720.033,60.4,24.1
1782797725.048,60.4,24.1
1782797730.059,60.3,24.0
1782797735.064,60.4,24.0
1782797740.07,60.6,24.0
1782797745.079,61.1,24.1
1782797750.093,61.6,24.1
1782797755.106,61.8,24.0
1782797760.117,61.9,24.0
1782797765.126,62.0,24.1
1782797770.135,62.2,24.1
1782797775.147,62.3,24.0
1782797780.157,62.4,24.0
1782797785.164,62.5,24.1
1782797790.174,62.7,24.1
1782797795.188,62.8,24.1
1782797800.195,62.9,24.1
1782797805.205,63.1,24.1
1782797810.214,63.1,24.1
1782797815.224,63.1,24.0
1782797820.235,63.3,24.1
1782797825.244,63.5,24.1
1782797830.257,63.5,24.1
1782797835.266,63.5,24.1
1782797840.276,63.6,24.1
1782797845.288,63.7,24.1
1782797850.297,63.7,24.1
1782797855.307,63.7,24.1
1782797860.317,63.9,24.1
1782797865.331,63.9,24.1
1782797870.347,63.9,24.1
1782797875.36,64.1,24.1
1782797880.372,64.2,24.1
1782797885.38,64.2,24.1
1782797890.394,64.2,24.1
1782797895.406,64.4,24.1
1782797900.412,64.4,24.1
1782797905.422,64.5,24.1
1782797910.438,64.8,24.1
1782797915.45,64.9,24.1
1782797920.463,64.9,24.1
1782797925.474,65.0,24.1
1782797930.483,65.1,24.1
1782797935.491,65.2,24.1
1782797940.497,65.2,24.1
1782797945.505,65.3,24.1
1782797950.516,65.4,24.1
1782797955.524,65.4,24.1
1782797960.536,65.4,24.1
1782797965.545,65.3,24.1
1782797970.554,65.4,24.1
1782797975.562,65.6,24.1
1782797980.575,65.6,24.1
1782797985.58,65.7,24.1
1782797990.588,65.9,24.1
1782797995.598,66.0,24.1
1782798000.605,66.1,24.1
1782798005.614,66.1,24.1
1782798010.625,66.2,24.1
1782798015.634,66.1,24.1
1782798020.647,66.0,24.1
1782798025.66,66.2,24.1
1782798030.668,66.2,24.1
1782798035.675,66.2,24.1
1782798040.688,66.2,24.1
1782798045.7,66.2,24.1
1782798050.714,66.2,24.1
1782798055.727,66.3,24.1
1782798060.74,66.4,24.1
1782798065.754,66.6,24.2
1782798070.767,66.6,24.1
1782798075.778,66.6,24.1
1782798080.794,66.6,24.2
1782798085.806,66.6,24.1
1782798090.811,66.6,24.2
1782798095.822,66.5,24.2
1782798100.828,66.3,24.2
1782798105.837,66.1,24.2
1782798110.844,65.9,24.2
1782798115.846,65.8,24.2
1782798120.858,65.6,24.1
1782798125.87,65.3,24.1
1782798130.881,64.8,24.2
1782798135.893,64.5,24.2
1782798140.9,64.3,24.2
1782798145.908,64.1,24.2
1782798150.921,63.9,24.2
1782798155.932,63.8,24.2
1782798160.941,63.6,24.2
1782798165.955,63.3,24.2
1782798170.967,63.1,24.2
1782798175.979,62.7,24.2
1782798180.992,62.2,24.2
1782798186.003,62.1,24.2
1782798191.01,61.7,24.2
1782798196.021,61.3,24.2
1782798201.033,61.0,24.2
1782798206.046,60.6,24.2
1782798211.055,60.0,24.2
1782798216.068,59.6,24.1
1782798221.084,59.4,24.2
1782798226.094,59.1,24.2
1782798231.103,58.7,24.2
1782798236.112,58.6,24.2
1782798241.116,58.5,24.2
1782798246.125,58.2,24.2
1782798251.135,58.0,24.1
1782798256.14,57.7,24.2
1782798261.15,57.4,24.2
1782798266.159,57.1,24.2
1782798271.168,56.9,24.2
1782798276.176,56.8,24.1
1782798281.183,56.5,24.1
1782798286.186,56.4,24.2
1782798291.198,56.2,24.1
1782798296.209,55.9,24.1
1782798301.217,55.7,24.1
1782798306.231,55.7,24.1
1782798311.243,55.5,24.1
1782798316.254,55.2,24.1
1782798321.262,55.0,24.1
1782798326.272,54.9,24.1
1782798331.283,54.7,24.1
1782798336.287,54.4,24.1
1782798341.3,54.4,24.1
1782798346.314,54.3,24.1
1782798351.323,54.2,24.1
1782798356.335,54.0,24.1
1782798361.35,54.0,24.1
1782798366.359,53.8,24.1
1782798371.37,53.8,24.1
1782798376.382,53.9,24.1
1782798381.388,53.6,24.1
1782798386.399,53.4,24.1
1782798391.408,53.4,24.1
1782798396.417,53.3,24.1
1782798401.429,53.0,24.1
1782798406.44,53.0,24.1
1782798411.45,52.8,24.1
1782798416.46,52.7,24.1
1782798421.47,52.5,24.1
1782798426.478,52.4,24.1
1782798431.488,52.3,24.1
1782798436.492,52.1,24.1
1782798441.501,52.2,24.1
1782798446.509,52.3,24.1
1782798451.517,52.5,24.1
1782798456.524,52.9,24.1
1782798461.536,53.1,24.1
1782798466.54,53.3,24.0
1782798471.546,53.7,24.1
1782798476.558,54.0,24.1
1782798481.567,54.3,24.1
1782798486.575,54.9,24.1
1782798491.584,55.3,24.1
1782798496.598,55.5,24.1
1782798501.612,55.9,24.1
1782798506.623,56.9,24.1
1782798511.635,57.6,24.1
1782798516.648,57.7,24.0
1782798521.658,58.2,24.1
1782798526.67,58.4,24.1
1782798531.677,58.9,24.1
1782798536.689,59.3,24.1
1782798541.704,59.7,24.1
1782798546.719,59.9,24.1
1782798551.727,60.0,24.1
1782798556.739,60.0,24.1
1782798561.753,60.2,24.1
1782798566.761,60.2,24.1
1782798571.774,60.5,24.1
1782798576.786,60.7,24.1
1782798581.792,61.1,24.1
1782798586.804,61.3,24.1
1782798591.818,61.4,24.1
1782798596.824,61.5,24.1
1782798601.838,61.5,24.1
1782798606.849,61.6,24.1
1782798611.859,61.9,24.1
1782798616.87,62.1,24.1
1782798621.879,62.3,24.1
1782798626.89,62.3,24.1
1782798631.899,62.3,24.1
1782798636.91,62.5,24.1
1782798641.922,62.7,24.1
1782798646.928,62.8,24.1
1782798651.938,62.8,24.1
1782798656.952,62.9,24.1
1782798661.964,63.0,24.1
1782798666.973,63.0,24.1
1782798671.983,63.1,24.1
1782798676.994,63.2,24.1
1782798682.001,63.2,24.1
1782798687.009,63.2,24.1
1782798692.018,63.3,24.1
1782798697.028,63.5,24.1
1782798702.042,63.5,24.1
1782798707.056,63.7,24.1
1782798712.063,63.8,24.1
1782798717.076,63.8,24.1
1782798722.089,63.7,24.1
1782798727.102,63.7,24.1
1782798732.109,63.8,24.1
1782798737.118,63.8,24.1
1782798742.128,64.0,24.1
1782798747.138,64.1,24.1
1782798752.148,64.1,24.1
1782798757.163,64.2,24.1
1782798762.169,64.4,24.1
1782798767.176,64.5,24.1
1782798772.185,64.5,24.1
1782798777.195,64.6,24.1
1782798782.197,64.7,24.1
1782798787.205,64.7,24.1
1782798792.216,64.7,24.1
1782798797.221,64.8,24.1
1782798802.233,64.8,24.1
1782798807.244,65.1,24.1
1782798812.257,65.4,24.1
1782798817.268,65.5,24.1
1782798822.28,65.5,24.1
1782798827.289,65.5,24.1
1782798832.295,65.5,24.1
1782798837.305,65.4,24.1
1782798842.318,65.5,24.1
1782798847.329,65.8,24.1
1782798852.346,65.9,24.1
1782798857.357,65.9,24.1
1782798862.363,65.8,24.1
1782798867.373,65.9,24.1
1782798872.384,65.9,24.1
1782798877.393,66.0,24.2
1782798882.403,66.1,24.1
1782798887.409,66.2,24.1
1782798892.419,66.2,24.2
1782798897.431,66.1,24.2
1782798902.442,66.2,24.1
1782798907.447,66.2,24.2
1782798912.457,66.4,24.2
1782798917.467,66.6,24.2
1782798922.475,66.5,24.2
1782798927.485,66.4,24.2
1782798932.488,66.4,24.2
1782798937.498,66.3,24.2
1782798942.505,66.2,24.2
1782798947.513,66.0,24.2
1782798952.521,65.8,24.2
1782798957.529,65.7,24.2
1782798962.538,65.1,24.2
1782798967.551,64.8,24.2
1782798972.561,64.6,24.2
1782798977.57,64.4,24.2
1782798982.576,64.2,24.2
1782798987.588,64.1,24.2
1782798992.602,63.9,24.2
1782798997.61,63.8,24.2
1782799002.623,63.5,24.2
1782799007.635,63.3,24.2
1782799012.65,62.8,24.2
1782799017.662,62.4,24.2
1782799022.672,62.2,24.2
1782799027.686,62.1,24.2
1782799032.698,61.6,24.2
1782799037.704,61.2,24.2
1782799042.716,60.9,24.2
1782799047.728,60.7,24.2
1782799052.745,60.5,24.2
1782799057.759,60.1,24.2
1782799062.766,59.6,24.2
1782799067.779,59.2,24.2
1782799072.792,58.7,24.2
1782799077.805,58.3,24.2
1782799082.81,58.2,24.2
1782799087.816,58.0,24.2
1782799092.828,57.9,24.2
1782799097.842,57.7,24.2
1782799102.855,57.5,24.2
1782799107.866,57.1,24.2
1782799112.878,57.0,24.2
1782799117.89,56.8,24.2
1782799122.899,56.5,24.2
1782799127.908,56.2,24.1
1782799132.916,55.9,24.2
1782799137.92,55.6,24.1
1782799142.928,55.4,24.2
1782799147.933,55.3,24.1
1782799152.947,55.2,24.2
1782799157.962,55.2,24.1
1782799162.972,55.2,24.2
1782799167.987,55.0,24.1
1782799172.997,54.8,24.1
1782799178.01,54.7,24.2
1782799183.022,54.7,24.1
1782799188.028,54.5,24.2
1782799193.041,54.3,24.1
1782799198.055,54.2,24.1
1782799203.067,53.9,24.1
1782799208.076,53.8,24.1
1782799213.088,53.8,24.1
1782799218.097,53.6,24.1
1782799223.108,53.4,24.1
1782799228.123,53.2,24.1
1782799233.136,53.1,24.1
1782799238.146,53.0,24.1
1782799243.155,52.9,24.1
1782799248.166,52.8,24.1
1782799253.183,52.7,24.1
1782799258.195,52.4,24.1
1782799263.202,52.3,24.1
1782799268.211,52.2,24.1
1782799273.219,52.2,24.1
1782799278.228,52.3,24.1
1782799283.237,52.3,24.1
1782799288.246,52.4,24.1
1782799293.251,52.5,24.1
1782799298.261,52.7,24.1
1782799303.27,53.0,24.1
1782799308.278,53.5,24.1
1782799313.286,54.3,24.1
1782799318.294,54.8,24.1
1782799323.303,55.0,24.1
1782799328.312,55.3,24.1
1782799333.32,55.5,24.1
1782799338.332,55.8,24.1
1782799343.339,56.4,24.1
1782799348.351,56.7,24.1
1782799353.365,57.3,24.1
1782799358.375,57.5,24.1
1782799363.385,57.6,24.1
1782799368.4,57.7,24.1
1782799373.413,57.9,24.1
1782799378.424,58.3,24.1
1782799383.434,58.7,24.1
1782799388.445,58.9,24.1
1782799393.453,59.3,24.1
1782799398.469,59.7,24.1
1782799403.482,59.8,24.1
1782799408.491,60.2,24.1
1782799413.505,60.5,24.1
1782799418.512,60.5,24.1
1782799423.519,60.6,24.1
1782799428.533,61.1,24.1
1782799433.541,61.4,24.1
1782799438.553,61.5,24.1
1782799443.558,61.8,24.1
1782799448.57,61.9,24.1
1782799453.584,61.9,24.1
1782799458.591,62.0,24.1
1782799463.606,62.1,24.1
1782799468.619,62.3,24.1
1782799473.632,62.4,24.1
1782799478.638,62.4,24.1
1782799483.648,62.5,24.1
1782799488.653,62.5,24.1
1782799493.662,62.4,24.1
1782799498.671,62.4,24.1
1782799503.681,62.6,24.1
1782799508.692,62.8,24.1
1782799513.701,63.0,24.1
1782799518.71,63.0,24.1
1782799523.719,63.0,24.1
1782799528.727,63.3,24.1
1782799533.737,63.3,24.1
1782799538.742,63.3,24.1
1782799543.753,63.3,24.1
1782799548.759,63.5,24.1
1782799553.768,63.6,24.1
1782799558.775,63.6,24.1
1782799563.783,63.9,24.1
1782799568.794,63.9,24.1
1782799573.805,64.1,24.1
1782799578.818,64.2,24.1
1782799583.824,64.3,24.1
1782799588.84,64.3,24.1
1782799593.85,64.2,24.1
1782799598.859,64.3,24.1
1782799603.868,64.4,24.1
1782799608.881,64.4,24.1
1782799613.893,64.3,24.1
1782799618.901,64.4,24.1
1782799623.914,64.4,24.1
1782799628.922,64.6,24.1
1782799633.925,64.7,24.1
1782799638.939,64.7,24.1
1782799643.948,64.9,24.2
1782799648.961,65.1,24.1
1782799653.974,65.2,24.1
1782799658.983,65.2,24.2
1782799663.995,65.5,24.2
1782799669.008,65.5,24.2
1782799674.02,65.4,24.2
1782799679.03,65.3,24.2
1782799684.042,65.3,24.2
1782799689.051,65.4,24.2
1782799694.062,65.5,24.2
1782799699.074,65.8,24.2
1782799704.086,66.0,24.2
1782799709.1,65.9,24.2
1782799714.107,65.9,24.2
1782799719.118,66.0,24.2
1782799724.131,66.0,24.2
1782799729.141,66.0,24.2
1782799734.153,66.1,24.2
1782799739.162,66.1,24.2
1782799744.176,66.2,24.2
1782799749.185,66.3,24.2
1782799754.199,66.3,24.2
1782799759.208,66.3,24.2
1782799764.22,66.2,24.2
1782799769.232,66.1,24.2
1782799774.243,66.0,24.2
1782799779.25,65.8,24.2
1782799784.26,65.5,24.2
1782799789.266,65.2,24.2
1782799794.278,65.0,24.2
1782799799.282,64.5,24.2
1782799804.29,64.1,24.2
1782799809.303,63.9,24.2
1782799814.316,63.6,24.2
1782799819.325,63.4,24.2
1782799824.336,63.3,24.2
1782799829.347,63.2,24.2
1782799834.356,63.1,24.2
1782799839.36,62.7,24.2
1782799844.37,62.3,24.2
1782799849.379,61.9,24.2
1782799854.388,61.8,24.2
1782799859.397,61.5,24.2
1782799864.413,61.1,24.2
1782799869.425,60.8,24.2
1782799874.435,60.3,24.2
1782799879.446,60.0,24.2
1782799884.458,59.6,24.2
1782799889.46,59.2,24.2
1782799894.474,58.7,24.2
1782799899.48,58.4,24.2
1782799904.49,58.2,24.2
1782799909.501,57.8,24.2
1782799914.512,57.4,24.2
1782799919.524,57.3,24.2
1782799924.531,57.2,24.2
1782799929.542,57.2,24.2
1782799934.556,56.9,24.2
1782799939.564,56.4,24.2
1782799944.574,56.2,24.2
1782799949.584,56.2,24.2
1782799954.599,55.9,24.2
1782799959.609,55.9,24.2
1782799964.622,55.7,24.2
1782799969.633,55.6,24.2
1782799974.64,55.5,24.2
1782799979.652,55.5,24.2
1782799984.667,55.4,24.2
1782799989.671,55.3,24.2
1782799994.684,55.3,24.2
1782799999.693,55.4,24.2
1782800004.709,55.2,24.2
1782800009.722,54.7,24.2
1782800014.728,54.5,24.2
1782800019.74,54.3,24.1
1782800024.75,54.1,24.2
1782800029.763,54.1,24.1
1782800034.774,54.1,24.2
1782800039.781,53.9,24.1
1782800044.79,53.8,24.1
1782800049.802,53.8,24.1
1782800054.809,53.7,24.1
1782800059.818,53.5,24.1
1782800064.833,53.3,24.1
1782800069.842,53.2,24.1
1782800074.853,52.9,24.1
1782800079.866,52.7,24.1
1782800084.879,52.8,24.1
1782800089.887,52.6,24.1
1782800094.894,52.5,24.1
1782800099.909,52.5,24.1
1782800104.919,52.5,24.1
1782800109.933,52.3,24.1
1782800114.943,52.2,24.1
1782800119.957,52.2,24.1
1782800124.97,52.3,24.1
1782800129.98,52.6,24.1
1782800134.987,52.9,24.1
1782800139.998,53.2,24.1
1782800145.0,53.6,24.1
1782800150.01,54.0,24.1
1782800155.016,54.3,24.1
1782800160.021,54.7,24.1
1782800165.029,55.3,24.1
1782800170.039,55.8,24.1
1782800175.048,56.2,24.1
1782800180.058,56.7,24.1
1782800185.065,56.9,24.1
1782800190.07,57.0,24.1
1782800195.077,57.4,24.1
1782800200.089,58.0,24.1
1782800205.097,58.3,24.1
1782800210.107,58.5,24.1
1782800215.117,59.0,24.1
1782800220.125,59.3,24.1
1782800225.139,59.4,24.1
1782800230.149,59.6,24.1
1782800235.161,60.0,24.1
1782800240.169,60.1,24.1
1782800245.181,60.4,24.1
1782800250.19,60.8,24.1
1782800255.2,60.8,24.1
1782800260.213,60.9,24.1
1782800265.228,61.3,24.1
1782800270.239,61.5,24.1
1782800275.246,61.6,24.1
1782800280.255,61.8,24.1
1782800285.264,62.0,24.1
1782800290.271,62.1,24.1
1782800295.276,62.1,24.1
1782800300.284,62.3,24.1
1782800305.293,62.3,24.1
1782800310.306,62.3,24.1
1782800315.312,62.4,24.1
1782800320.322,62.5,24.1
1782800325.331,62.5,24.1
1782800330.341,62.6,24.1
1782800335.353,62.7,24.1
1782800340.357,62.8,24.1
1782800345.364,62.9,24.1
1782800350.375,63.1,24.1
1782800355.385,63.2,24.1
1782800360.397,63.3,24.1
1782800365.406,63.4,24.1
1782800370.414,63.5,24.1
1782800375.423,63.5,24.1
1782800380.436,63.5,24.1
1782800385.446,63.7,24.1
1782800390.452,63.9,24.1
1782800395.457,64.0,24.1
1782800400.463,64.1,24.1
1782800405.473,64.1,24.1
1782800410.481,64.1,24.1
1782800415.488,64.1,24.1
1782800420.496,64.2,24.1
1782800425.507,64.3,24.1
1782800430.514,64.3,24.1
1782800435.523,64.3,24.2
1782800440.533,64.3,24.1
1782800445.539,64.3,24.2
1782800450.548,64.4,24.1
1782800455.557,64.5,24.1
1782800460.564,64.6,24.2
1782800465.574,64.8,24.2
1782800470.58,65.0,24.2
1782800475.591,65.0,24.2
1782800480.601,65.1,24.2
1782800485.61,65.1,24.2
1782800490.616,65.1,24.2
1782800495.622,65.1,24.2
1782800500.626,65.2,24.2
1782800505.635,65.3,24.2
1782800510.643,65.4,24.2
1782800515.655,65.4,24.2
1782800520.671,65.4,24.2
1782800525.684,65.5,24.2
1782800530.695,65.5,24.2
1782800535.708,65.5,24.2
1782800540.719,65.6,24.2
1782800545.722,65.8,24.2
1782800550.733,65.8,24.2
1782800555.744,65.8,24.2
1782800560.753,65.9,24.2
1782800565.763,65.9,24.2
1782800570.772,66.0,24.2
1782800575.784,66.1,24.2
1782800580.794,66.2,24.2
1782800585.799,66.2,24.2
1782800590.808,66.3,24.2
1782800595.812,66.3,24.2
1782800600.821,66.3,24.2
1782800605.832,66.2,24.2
1782800610.835,66.1,24.2
1782800615.843,65.9,24.2
1782800620.85,65.5,24.2
1782800625.861,65.2,24.2
1782800630.869,65.1,24.2
1782800635.88,64.8,24.2
1782800640.893,64.5,24.2
1782800645.902,64.2,24.2
1782800650.908,64.0,24.2
1782800655.914,63.7,24.2
1782800660.922,63.4,24.2
1782800665.93,63.2,24.2
1782800670.937,62.9,24.2
1782800675.947,62.7,24.2
1782800680.953,62.5,24.2
1782800685.961,62.1,24.2
1782800690.967,61.8,24.2
1782800695.972,61.5,24.2
1782800700.98,61.4,24.2
1782800705.994,60.9,24.2
1782800711.005,60.4,24.2
1782800716.017,60.2,24.2
1782800721.024,59.7,24.2
1782800726.037,59.3,24.2
1782800731.049,59.2,24.2
1782800736.06,58.8,24.2
1782800741.069,58.4,24.2
1782800746.072,58.0,24.2
1782800751.079,57.8,24.2
1782800756.089,57.7,24.2
1782800761.1,57.4,24.2
1782800766.107,57.1,24.2
1782800771.118,56.9,24.2
1782800776.127,56.5,24.2
1782800781.136,56.2,24.2
1782800786.143,56.0,24.2
1782800791.151,55.9,24.2
1782800796.156,55.6,24.2
1782800801.167,55.6,24.2
1782800806.173,55.4,24.2
1782800811.18,55.1,24.2
1782800816.19,55.2,24.2
1782800821.201,55.2,24.2
1782800826.211,55.0,24.2
1782800831.221,54.7,24.2
1782800836.227,54.6,24.2
1782800841.237,54.5,24.2
1782800846.245,54.4,24.2
1782800851.253,54.2,24.2
1782800856.262,54.0,24.2
1782800861.275,53.8,24.2
1782800866.283,53.6,24.2
1782800871.296,53.5,24.2
1782800876.307,53.3,24.2
1782800881.317,53.1,24.2
1782800886.326,53.2,24.2
1782800891.335,53.2,24.2
1782800896.337,53.1,24.1
1782800901.344,52.9,24.2
1782800906.348,52.8,24.2
1782800911.36,52.7,24.2
1782800916.371,52.3,24.1
1782800921.382,52.2,24.1
1782800926.39,52.0,24.1
1782800931.401,51.9,24.2
1782800936.408,51.9,24.1
1782800941.414,51.7,24.1
1782800946.424,51.5,24.2
1782800951.431,51.6,24.1
1782800956.44,51.8,24.1
1782800961.451,52.0,24.1
1782800966.459,52.1,24.1
1782800971.469,52.4,24.1
1782800976.479,52.6,24.1
1782800981.488,53.1,24.1
1782800986.496,53.5,24.1
1782800991.503,53.9,24.1
1782800996.513,54.3,24.1
1782801001.522,55.0,24.1
1782801006.528,55.5,24.1
1782801011.539,55.9,24.1
1782801016.55,56.2,24.1
1782801021.56,56.6,24.1
1782801026.567,56.9,24.1
1782801031.575,57.0,24.1
1782801036.587,57.1,24.1
1782801041.593,57.6,24.1
1782801046.604,58.0,24.1
1782801051.616,58.5,24.1
1782801056.628,58.9,24.1
1782801061.639,59.1,24.1
1782801066.647,59.6,24.1
1782801071.655,60.0,24.1
1782801076.663,60.1,24.1
1782801081.671,60.2,24.1
1782801086.68,60.2,24.1
1782801091.681,60.4,24.1
1782801096.691,60.6,24.1
1782801101.702,61.1,24.1
1782801106.707,61.3,24.1
1782801111.714,61.3,24.2
1782801116.724,61.3,24.1
1782801121.73,61.6,24.1
1782801126.737,61.7,24.1
1782801131.748,61.7,24.1
1782801136.758,61.7,24.1
1782801141.764,62.1,24.1
1782801146.773,62.3,24.1
1782801151.785,62.4,24.1
1782801156.795,62.3,24.1
1782801161.803,62.4,24.1
1782801166.814,62.4,24.1
1782801171.82,62.5,24.2
1782801176.831,62.5,24.1
1782801181.839,62.6,24.1
1782801186.85,62.7,24.1
1782801191.856,62.9,24.1
1782801196.865,63.0,24.1
1782801201.879,63.1,24.1
1782801206.89,63.3,24.1
1782801211.903,63.3,24.1
1782801216.917,63.2,24.1
1782801221.926,63.2,24.2
1782801226.937,63.4,24.2
1782801231.95,63.5,24.2
1782801236.963,63.5,24.1
1782801241.968,63.6,24.2
1782801246.982,63.7,24.2
1782801251.992,63.8,24.1
1782801257.006,64.1,24.2
1782801262.012,64.0,24.1
1782801267.028,64.1,24.1
1782801272.042,64.1,24.2
1782801277.054,64.3,24.2
1782801282.063,64.3,24.2
1782801287.075,64.4,24.2
1782801292.083,64.6,24.2
1782801297.09,64.7,24.2
1782801302.103,64.6,24.2
1782801307.115,64.7,24.2
1782801312.13,64.7,24.1
1782801317.146,64.7,24.2
1782801322.157,64.7,24.2
1782801327.171,64.7,24.2
1782801332.181,64.9,24.2
1782801337.19,64.8,24.2
1782801342.2,65.0,24.2
1782801347.206,65.2,24.2
1782801352.215,65.1,24.2
1782801357.226,65.3,24.2
1782801362.233,65.4,24.2
1782801367.243,65.4,24.2
1782801372.252,65.4,24.2
1782801377.261,65.5,24.2
1782801382.269,65.4,24.2
1782801387.283,65.6,24.2
1782801392.293,65.8,24.2
1782801397.296,66.0,24.2
1782801402.308,66.1,24.2
1782801407.316,66.2,24.2
1782801412.33,66.1,24.2
1782801417.344,66.1,24.2
1782801422.353,66.2,24.2
1782801427.361,66.2,24.2
1782801432.372,66.2,24.2
1782801437.385,66.3,24.2
1782801442.393,66.4,24.2
1782801447.399,66.4,24.2
1782801452.408,66.4,24.2
1782801457.42,66.3,24.2
1782801462.434,66.2,24.2
1782801467.445,66.1,24.2
1782801472.456,66.0,24.2
1782801477.468,65.6,24.2
1782801482.479,65.3,24.2
1782801487.492,65.0,24.2
1782801492.503,64.7,24.2
1782801497.51,64.4,24.2
1782801502.52,64.2,24.2
1782801507.534,64.0,24.2
1782801512.549,63.6,24.2
1782801517.559,63.5,24.2
1782801522.572,63.3,24.2
1782801527.58,62.9,24.2
1782801532.593,62.6,24.2
1782801537.601,62.4,24.2
1782801542.614,62.3,24.2
1782801547.62,61.9,24.2
1782801552.635,61.6,24.2
1782801557.646,61.4,24.2
1782801562.661,60.9,24.2
1782801567.674,60.3,24.2
1782801572.686,60.2,24.2
1782801577.696,59.6,24.2
1782801582.709,59.3,24.2
1782801587.722,59.3,24.2
1782801592.734,59.1,24.2
1782801597.747,58.7,24.2
1782801602.753,58.4,24.2
1782801607.761,58.2,24.2
1782801612.778,57.8,24.2
1782801617.789,57.4,24.2
1782801622.801,57.3,24.2
1782801627.812,57.3,24.2
1782801632.823,57.1,24.2
1782801637.834,56.9,24.2
1782801642.845,56.9,24.2
1782801647.857,56.5,24.2
1782801652.86,56.1,24.2
1782801657.868,56.0,24.2
1782801662.884,56.0,24.2
1782801667.893,55.7,24.2
1782801672.908,55.5,24.2
1782801677.916,55.3,24.2
1782801682.926,55.1,24.2
1782801687.935,54.8,24.2
1782801692.946,54.8,24.2
1782801697.961,54.7,24.2
1782801702.967,54.5,24.2
1782801707.975,54.6,24.2
1782801712.991,54.6,24.2
1782801718.004,54.4,24.2
1782801723.012,54.3,24.2
1782801728.022,54.1,24.2
1782801733.031,53.7,24.2
1782801738.04,53.5,24.2
1782801743.054,53.6,24.2
1782801748.063,53.5,24.2
1782801753.07,53.4,24.2
1782801758.078,53.2,24.2
1782801763.093,53.0,24.2
1782801768.104,52.7,24.2
1782801773.118,52.6,24.2
1782801778.127,52.7,24.2
1782801783.14,52.6,24.1
1782801788.153,52.3,24.1
1782801793.166,52.3,24.1
1782801798.179,52.2,24.1
1782801803.186,52.0,24.1
1782801808.199,51.9,24.1
1782801813.216,52.0,24.1
1782801818.224,52.2,24.1
1782801823.235,52.4,24.1
1782801828.249,52.7,24.1
1782801833.262,53.0,24.1
1782801838.275,53.3,24.1
1782801843.286,53.7,24.1
1782801848.298,54.2,24.1
1782801853.308,54.6,24.1
1782801858.316,55.0,24.1
1782801863.333,55.3,24.1
1782801868.344,55.8,24.1
1782801873.35,56.1,24.1
1782801878.356,56.1,24.2
1782801883.364,56.5,24.1
1782801888.374,57.0,24.1
1782801893.381,57.5,24.1
1782801898.392,57.7,24.1
1782801903.401,58.0,24.1
1782801908.409,58.4,24.1
1782801913.419,58.6,24.1
1782801918.43,58.7,24.2
1782801923.44,59.2,24.1
1782801928.454,59.7,24.1
1782801933.465,59.9,24.1
1782801938.472,60.4,24.2
1782801943.482,60.7,24.1
1782801948.492,60.8,24.1
1782801953.502,60.8,24.1
1782801958.512,61.1,24.1
1782801963.524,61.2,24.1
1782801968.534,61.3,24.2
1782801973.542,61.3,24.1
1782801978.554,61.3,24.1
1782801983.569,61.4,24.2
1782801988.582,61.6,24.2
1782801993.591,61.9,24.2
1782801998.601,62.1,24.1
1782802003.611,62.1,24.2
1782802008.619,62.3,24.1
1782802013.626,62.3,24.1
1782802018.633,62.4,24.1
1782802023.642,62.4,24.2
1782802028.655,62.6,24.1
1782802033.663,62.7,24.2
1782802038.673,62.9,24.2
1782802043.683,63.0,24.2
1782802048.692,63.1,24.1
1782802053.703,63.2,24.2
1782802058.709,63.2,24.2
1782802063.719,63.3,24.2
1782802068.727,63.3,24.2
1782802073.736,63.3,24.2
1782802078.743,63.4,24.1
1782802083.752,63.5,24.2
1782802088.76,63.5,24.2
1782802093.769,63.7,24.2
1782802098.78,63.8,24.1
1782802103.788,63.8,24.2
1782802108.795,63.8,24.2
1782802113.802,63.8,24.2
1782802118.808,63.9,24.2
1782802123.82,64.0,24.2
1782802128.828,64.3,24.2
1782802133.837,64.4,24.2
1782802138.851,64.3,24.2
1782802143.863,64.4,24.2
1782802148.872,64.5,24.1
1782802153.883,64.6,24.1
1782802158.892,64.6,24.2
1782802163.905,64.7,24.2
1782802168.92,64.8,24.2
1782802173.931,65.0,24.2
1782802178.941,65.1,24.2
1782802183.954,65.2,24.2
1782802188.962,65.2,24.2
1782802193.97,65.3,24.2
1782802198.982,65.4,24.2
1782802203.995,65.4,24.2
1782802209.004,65.5,24.2
1782802214.012,65.4,24.2
1782802219.022,65.4,24.2
1782802224.035,65.4,24.2
1782802229.046,65.5,24.2
1782802234.055,65.5,24.2
1782802239.07,65.5,24.2
1782802244.078,65.6,24.2
1782802249.091,65.9,24.2
1782802254.104,65.9,24.2
1782802259.113,65.9,24.2
1782802264.127,65.8,24.2
1782802269.136,65.9,24.2
1782802274.144,65.9,24.2
1782802279.152,65.9,24.2
1782802284.16,66.1,24.2
1782802289.168,66.3,24.2
1782802294.178,66.4,24.2
1782802299.188,66.5,24.2
1782802304.199,66.6,24.2
1782802309.204,66.5,24.2
1782802314.212,66.5,24.2
1782802319.22,66.4,24.3
1782802324.231,66.5,24.2
1782802329.239,66.5,24.2
1782802334.25,66.7,24.2
1782802339.26,66.6,24.2
1782802344.267,66.6,24.2
1782802349.275,66.5,24.3
1782802354.283,66.5,24.2
1782802359.288,66.4,24.3
1782802364.296,66.2,24.2
1782802369.306,65.8,24.3
1782802374.314,65.6,24.3
1782802379.328,65.2,24.3
1782802384.34,64.7,24.2
1782802389.351,64.6,24.2
1782802394.365,64.5,24.3
1782802399.376,64.0,24.2
1782802404.389,63.8,24.2
1782802409.392,63.7,24.2
1782802414.404,63.5,24.3
1782802419.413,63.1,24.2
1782802424.423,62.7,24.3
1782802429.432,62.6,24.3
1782802434.442,62.2,24.3
1782802439.453,61.7,24.3
1782802444.461,61.4,24.3
1782802449.469,61.1,24.3
1782802454.482,60.9,24.2
1782802459.486,60.4,24.2
1782802464.495,59.9,24.2
1782802469.501,59.7,24.3
1782802474.512,59.5,24.2
1782802479.522,59.2,24.2
1782802484.531,58.8,24.2
1782802489.538,58.5,24.2
1782802494.553,58.3,24.2
1782802499.565,58.0,24.2
1782802504.578,57.8,24.2
1782802509.584,57.7,24.2
1782802514.593,57.5,24.2
1782802519.605,56.9,24.2
1782802524.62,56.4,24.2
1782802529.627,56.4,24.2
1782802534.636,56.3,24.2
1782802539.647,56.1,24.2
1782802544.659,56.0,24.2
1782802549.67,56.0,24.2
1782802554.683,56.0,24.2
1782802559.688,55.9,24.2
1782802564.7,55.6,24.2
1782802569.714,55.3,24.2
1782802574.724,55.1,24.2
1782802579.738,55.0,24.2
1782802584.751,54.9,24.2
1782802589.761,54.7,24.2
1782802594.778,54.4,24.2
1782802599.788,54.4,24.2
1782802604.798,54.2,24.2
1782802609.806,54.2,24.2
1782802614.816,54.3,24.2
1782802619.826,54.1,24.2
1782802624.841,53.9,24.2
1782802629.847,53.7,24.2
1782802634.857,53.5,24.2
1782802639.869,53.2,24.2
1782802644.879,52.9,24.2
1782802649.887,52.8,24.2
1782802654.901,52.7,24.2
1782802659.914,52.5,24.2
1782802664.92,52.5,24.2
1782802669.932,52.4,24.2
1782802674.945,52.3,24.1
1782802679.957,52.2,24.2
1782802684.97,52.1,24.1
1782802689.982,52.0,24.1
1782802694.995,51.9,24.1
1782802700.008,52.0,24.1
1782802705.02,52.2,24.1
1782802710.031,52.5,24.1
1782802715.036,53.0,24.1
1782802720.048,53.4,24.1
1782802725.059,53.6,24.1
1782802730.067,53.8,24.1
1782802735.079,54.3,24.1
1782802740.087,54.7,24.1
1782802745.096,55.1,24.1
1782802750.104,55.6,24.1
1782802755.118,55.9,24.1
1782802760.129,56.0,24.1
1782802765.134,56.3,24.1
1782802770.143,56.6,24.1
1782802775.156,56.9,24.1
1782802780.171,57.3,24.1
1782802785.182,57.6,24.1
1782802790.194,58.1,24.1
1782802795.207,58.6,24.1
1782802800.221,59.0,24.1
1782802805.233,59.0,24.1
1782802810.243,59.1,24.1
1782802815.248,59.5,24.1
1782802820.26,59.8,24.1
1782802825.272,59.8,24.1
1782802830.287,60.2,24.1
1782802835.299,60.6,24.1
1782802840.312,60.7,24.1
1782802845.322,60.9,24.1
1782802850.337,61.1,24.1
1782802855.35,61.3,24.1
1782802860.362,61.4,24.1
1782802865.374,61.5,24.1
1782802870.38,61.5,24.1
1782802875.392,61.7,24.1
1782802880.408,61.9,24.1
1782802885.416,62.0,24.2
1782802890.424,62.1,24.2
1782802895.437,62.3,24.1
1782802900.453,62.3,24.1
1782802905.464,62.5,24.1
1782802910.478,62.7,24.1
1782802915.488,62.8,24.1
1782802920.495,62.9,24.1
1782802925.509,62.8,24.1
1782802930.52,63.0,24.1
1782802935.532,63.2,24.1
1782802940.542,63.2,24.1
1782802945.548,63.3,24.2
1782802950.565,63.3,24.1
1782802955.579,63.2,24.1
1782802960.59,63.2,24.1
1782802965.603,63.3,24.1
1782802970.613,63.3,24.1
1782802975.621,63.4,24.1
1782802980.631,63.6,24.1
1782802985.641,63.7,24.1
1782802990.654,63.8,24.1
1782802995.669,63.8,24.1
1782803000.68,63.9,24.1
1782803005.694,64.0,24.1
1782803010.708,64.0,24.1
1782803015.716,64.1,24.2
1782803020.724,64.2,24.1
1782803025.73,64.3,24.1
1782803030.742,64.4,24.2
1782803035.753,64.3,24.2
1782803040.766,64.4,24.1
1782803045.779,64.4,24.1
1782803050.791,64.5,24.2
1782803055.805,64.7,24.1
1782803060.815,64.7,24.2
1782803065.831,64.8,24.2
1782803070.843,64.9,24.2
1782803075.85,64.9,24.2
1782803080.865,65.0,24.2
1782803085.873,65.0,24.2
1782803090.887,65.1,24.2
1782803095.899,65.2,24.2
1782803100.913,65.4,24.2
1782803105.922,65.5,24.2
1782803110.931,65.5,24.2
1782803115.944,65.6,24.2
1782803120.953,65.8,24.2
1782803125.958,65.8,24.2
1782803130.969,65.8,24.2
1782803135.981,65.7,24.2
1782803140.993,65.8,24.2
1782803146.0,65.9,24.2
1782803151.012,66.0,24.2
1782803156.02,66.2,24.2
1782803161.031,66.2,24.2
1782803166.04,66.1,24.2
1782803171.05,66.2,24.2
1782803176.059,66.3,24.2
1782803181.064,66.3,24.2
1782803186.076,66.4,24.2
1782803191.084,66.5,24.2
1782803196.099,66.5,24.2
1782803201.111,66.5,24.2
1782803206.123,66.6,24.2
1782803211.134,66.8,24.2
1782803216.146,66.9,24.2
1782803221.156,66.9,24.2
1782803226.171,67.0,24.2
1782803231.178,66.9,24.2
1782803236.188,66.8,24.2
1782803241.196,66.6,24.2
1782803246.208,66.5,24.2
1782803251.224,66.3,24.2
1782803256.234,66.1,24.2
1782803261.244,65.8,24.2
1782803266.258,65.5,24.2
1782803271.27,65.2,24.2
1782803276.281,64.9,24.2
1782803281.289,64.6,24.2
1782803286.3,64.3,24.2
1782803291.312,64.0,24.2
1782803296.327,63.8,24.2
1782803301.338,63.6,24.2
1782803306.347,63.3,24.2
1782803311.358,62.9,24.2
1782803316.367,62.7,24.2
1782803321.373,62.4,24.2
1782803326.384,62.2,24.2
1782803331.39,62.0,24.3
1782803336.405,61.8,24.2
1782803341.416,61.4,24.2
1782803346.423,61.0,24.2
1782803351.436,60.6,24.2
1782803356.446,60.1,24.2
1782803361.452,59.9,24.2
1782803366.462,59.7,24.2
1782803371.471,59.3,24.2
1782803376.478,58.7,24.2
1782803381.48,58.2,24.2
1782803386.49,58.1,24.2
1782803391.495,57.9,24.2
1782803396.507,57.6,24.2
1782803401.515,57.4,24.2
1782803406.525,57.2,24.2
1782803411.534,56.9,24.2
1782803416.542,56.9,24.2
1782803421.552,56.7,24.2
1782803426.56,56.4,24.2
1782803431.563,56.2,24.2
1782803436.572,56.2,24.2
1782803441.585,56.0,24.2
1782803446.593,55.9,24.2
1782803451.604,55.8,24.2
1782803456.615,55.7,24.2
1782803461.623,55.5,24.2
1782803466.635,55.3,24.2
1782803471.647,55.3,24.2
1782803476.653,55.0,24.2
1782803481.66,54.6,24.2
1782803486.672,54.7,24.2
1782803491.688,54.5,24.2
1782803496.694,54.1,24.2
1782803501.71,54.0,24.2
1782803506.72,53.9,24.2
1782803511.732,53.6,24.2
1782803516.743,53.7,24.2
1782803521.755,53.7,24.2
1782803526.764,53.5,24.2
1782803531.771,53.3,24.2
1782803536.784,53.3,24.2
1782803541.792,53.3,24.2
1782803546.801,53.2,24.2
1782803551.813,53.0,24.2
1782803556.82,52.8,24.2
1782803561.834,52.5,24.2
1782803566.844,52.4,24.2
1782803571.854,52.4,24.2
1782803576.866,52.2,24.1
1782803581.878,51.9,24.2
1782803586.884,51.9,24.1
1782803591.898,52.1,24.1
1782803596.908,52.4,24.1
1782803601.919,52.8,24.2
1782803606.934,53.3,24.1
1782803611.946,53.7,24.1
1782803616.957,53.8,24.1
1782803621.97,54.0,24.1
1782803626.98,54.4,24.1
1782803631.994,54.9,24.1
1782803637.0,55.4,24.1
1782803642.012,56.0,24.1
1782803647.02,56.5,24.1
1782803652.036,56.8,24.1
1782803657.048,56.9,24.1
1782803662.058,57.1,24.1
1782803667.07,57.6,24.1
1782803672.08,58.0,24.1
1782803677.091,58.1,24.1
1782803682.106,58.3,24.1
1782803687.112,58.8,24.1
1782803692.126,59.0,24.1
1782803697.136,59.3,24.1
1782803702.153,59.7,24.1
1782803707.166,59.8,24.2
1782803712.178,59.9,24.2
1782803717.187,60.3,24.1
1782803722.201,60.7,24.1
1782803727.215,60.8,24.1
1782803732.227,60.9,24.1
1782803737.24,61.1,24.1
1782803742.247,61.3,24.1
1782803747.256,61.6,24.1
1782803752.273,61.8,24.1
1782803757.283,61.9,24.1
1782803762.293,61.8,24.1
1782803767.303,61.9,24.2
1782803772.314,62.1,24.1
1782803777.327,62.2,24.1
1782803782.341,62.2,24.1
1782803787.354,62.3,24.2
1782803792.358,62.4,24.2
1782803797.37,62.4,24.1
1782803802.384,62.6,24.1
1782803807.396,62.8,24.1
1782803812.407,62.9,24.2
1782803817.419,63.0,24.2
1782803822.434,63.2,24.1
1782803827.442,63.4,24.1
1782803832.452,63.4,24.1
1782803837.465,63.4,24.1
1782803842.472,63.4,24.1
1782803847.49,63.4,24.2
1782803852.499,63.6,24.1
1782803857.511,63.7,24.2
1782803862.523,63.9,24.1
1782803867.536,64.0,24.2
1782803872.544,64.0,24.2
1782803877.559,64.0,24.1
1782803882.57,64.0,24.2
1782803887.582,64.0,24.2
1782803892.59,64.1,24.2
1782803897.603,64.3,24.1
1782803902.615,64.4,24.2
1782803907.63,64.5,24.1
1782803912.639,64.5,24.2
1782803917.652,64.5,24.2
1782803922.665,64.4,24.2
1782803927.674,64.4,24.2
1782803932.685,64.6,24.2
1782803937.697,64.8,24.2
1782803942.704,65.0,24.2
1782803947.719,65.0,24.2
1782803952.731,65.1,24.2
1782803957.743,65.2,24.2
1782803962.755,65.1,24.2
1782803967.771,65.0,24.2
1782803972.782,65.1,24.2
1782803977.796,65.1,24.2
1782803982.805,65.2,24.2
1782803987.818,65.3,24.2
1782803992.83,65.5,24.2
1782803997.84,65.8,24.2
1782804002.851,65.7,24.2
1782804007.863,65.6,24.2
1782804012.874,65.6,24.2
1782804017.886,65.6,24.2
1782804022.899,65.7,24.2
1782804027.907,65.9,24.2
1782804032.917,66.0,24.2
1782804037.933,66.1,24.2
1782804042.945,66.1,24.2
1782804047.952,66.1,24.2
1782804052.962,66.0,24.2
1782804057.971,66.2,24.2
1782804062.985,66.2,24.2
1782804067.996,66.2,24.2
1782804073.003,66.1,24.2
1782804078.015,66.2,24.2
1782804083.029,66.4,24.2
1782804088.042,66.4,24.2
1782804093.057,66.4,24.2
1782804098.064,66.6,24.2
1782804103.076,66.7,24.2
1782804108.092,66.7,24.2
1782804113.103,66.7,24.2
1782804118.113,66.7,24.2
1782804123.124,66.6,24.2
1782804128.134,66.6,24.2
1782804133.142,66.7,24.2
1782804138.156,66.7,24.2
1782804143.171,66.7,24.2
1782804148.176,66.6,24.2
1782804153.188,66.5,24.2
1782804158.201,66.3,24.2
1782804163.213,65.9,24.3
1782804168.227,65.5,24.2
1782804173.236,65.2,24.3
1782804178.251,64.9,24.2
1782804183.264,64.6,24.2
1782804188.272,64.3,24.2
1782804193.286,64.1,24.3
1782804198.298,64.0,24.3
1782804203.304,63.8,24.2
1782804208.318,63.7,24.2
1782804213.328,63.4,24.2
1782804218.34,63.2,24.2
1782804223.354,63.1,24.2
1782804228.367,62.9,24.2
1782804233.379,62.4,24.3
1782804238.391,62.2,24.2
1782804243.402,61.7,24.2
1782804248.411,61.3,24.2
1782804253.42,60.6,24.2
1782804258.432,60.4,24.2
1782804263.444,60.3,24.2
1782804268.456,60.0,24.2
1782804273.466,59.5,24.2
1782804278.48,59.1,24.2
1782804283.492,58.7,24.2
1782804288.503,58.6,24.2
1782804293.516,58.6,24.2
1782804298.524,58.5,24.2
1782804303.528,58.1,24.2
1782804308.536,57.8,24.2
1782804313.544,57.0,24.2
1782804318.552,56.7,24.2
1782804323.563,56.8,24.2
1782804328.569,56.7,24.2
1782804333.578,56.4,24.2
1782804338.586,56.3,24.2
1782804343.596,56.3,24.2
1782804348.603,56.2,24.2
1782804353.608,56.1,24.2
1782804358.616,55.9,24.2
1782804363.627,55.3,24.2
1782804368.637,55.3,24.2
1782804373.645,55.2,24.2
1782804378.654,55.0,24.2
1782804383.663,54.7,24.2
1782804388.672,54.6,24.2
1782804393.688,54.5,24.2
1782804398.698,54.2,24.2
1782804403.704,54.1,24.2
1782804408.716,54.3,24.2
1782804413.731,54.2,24.2
1782804418.742,54.0,24.2
1782804423.754,53.9,24.2
1782804428.764,54.1,24.2
1782804433.775,53.8,24.2
1782804438.788,53.5,24.2
1782804443.802,53.4,24.2
1782804448.815,53.3,24.2
1782804453.818,52.9,24.2
1782804458.828,52.8,24.2
1782804463.843,52.8,24.2
1782804468.849,52.6,24.1
1782804473.861,52.6,24.2
1782804478.874,52.3,24.2
1782804483.882,51.9,24.1
1782804488.895,51.9,24.2
1782804493.911,52.0,24.2
1782804498.923,52.2,24.1
1782804503.928,52.5,24.1
1782804508.942,52.7,24.1
1782804513.952,53.0,24.1
1782804518.964,53.4,24.1
1782804523.975,53.7,24.1
1782804528.985,54.2,24.1
1782804534.001,54.7,24.1
1782804539.014,55.1,24.1
1782804544.03,55.6,24.1
1782804549.041,56.0,24.1
1782804554.05,56.3,24.1
1782804559.058,56.7,24.2
1782804564.068,56.9,24.1
1782804569.078,57.1,24.2
1782804574.088,57.5,24.2
1782804579.102,57.8,24.2
1782804584.116,58.2,24.1
1782804589.127,58.4,24.1
1782804594.144,59.0,24.2
1782804599.154,59.8,24.1
1782804604.165,60.1,24.2
1782804609.173,60.4,24.2
1782804614.184,60.5,24.2
1782804619.196,60.4,24.1
1782804624.206,60.5,24.2
1782804629.218,60.9,24.1
1782804634.228,61.1,24.2
1782804639.242,61.2,24.2
1782804644.254,61.5,24.1
1782804649.263,61.7,24.2
1782804654.272,61.8,24.2
1782804659.276,62.0,24.2
1782804664.285,62.1,24.2
1782804669.298,62.2,24.2
1782804674.311,62.4,24.2
1782804679.323,62.4,24.2
1782804684.335,62.5,24.2
1782804689.347,62.6,24.2
1782804694.361,62.7,24.1
1782804699.374,62.8,24.2
1782804704.384,62.8,24.2
1782804709.397,62.9,24.2
1782804714.404,63.0,24.1
1782804719.416,63.0,24.2
1782804724.428,63.0,24.2
1782804729.438,63.2,24.2
1782804734.45,63.3,24.2
1782804739.464,63.3,24.2
1782804744.475,63.4,24.1
1782804749.49,63.6,24.2
1782804754.503,63.7,24.1
1782804759.515,63.8,24.2
1782804764.522,63.9,24.2
1782804769.534,64.0,24.2
1782804774.55,64.0,24.2
1782804779.562,64.1,24.2
1782804784.572,64.2,24.2
1782804789.587,64.2,24.2
1782804794.602,64.4,24.2
1782804799.615,64.4,24.2
1782804804.622,64.3,24.2
1782804809.636,64.3,24.2
1782804814.64,64.5,24.2
1782804819.654,64.6,24.2
1782804824.662,64.7,24.2
1782804829.674,64.7,24.2
1782804834.687,64.7,24.2
1782804839.701,64.7,24.2
1782804844.709,64.9,24.2
1782804849.722,65.0,24.2
1782804854.734,65.0,24.2
1782804859.745,65.0,24.2
1782804864.75,65.0,24.2
1782804869.757,65.2,24.2
1782804874.766,65.5,24.2
1782804879.773,65.7,24.2
1782804884.78,65.5,24.2
1782804889.789,65.5,24.2
1782804894.797,65.8,24.2
1782804899.803,65.9,24.2
1782804904.811,66.0,24.2
1782804909.82,66.0,24.2
1782804914.824,65.9,24.2
1782804919.834,65.9,24.2
1782804924.841,65.9,24.2
1782804929.848,65.9,24.2
1782804934.864,65.9,24.2
1782804939.877,66.0,24.2
1782804944.888,66.2,24.2
1782804949.902,66.5,24.2
1782804954.913,66.6,24.2
1782804959.926,66.5,24.2
1782804964.932,66.4,24.2
1782804969.944,66.4,24.2
1782804974.956,66.4,24.2
1782804979.968,66.7,24.2
1782804984.979,66.9,24.2
1782804989.992,67.0,24.2
1782804995.006,67.1,24.2
1782805000.016,67.1,24.2
1782805005.023,67.1,24.2
1782805010.038,67.0,24.2
1782805015.051,66.9,24.2
1782805020.058,66.8,24.2
1782805025.068,66.7,24.2
1782805030.082,66.5,24.2
1782805035.095,66.2,24.2
1782805040.108,65.9,24.3
1782805045.116,65.6,24.3
1782805050.129,65.2,24.2
1782805055.143,64.9,24.2
1782805060.151,64.6,24.3
1782805065.162,64.4,24.3
1782805070.168,64.2,24.2
1782805075.18,63.9,24.3
1782805080.194,63.6,24.3
1782805085.2,63.5,24.2
1782805090.213,63.4,24.2
1782805095.227,63.2,24.2
1782805100.238,62.8,24.2
1782805105.253,62.4,24.3
1782805110.265,62.2,24.2
1782805115.272,61.9,24.3
1782805120.279,61.5,24.2
1782805125.29,61.1,24.3
1782805130.3,61.0,24.3
1782805135.315,60.7,24.2
1782805140.327,60.1,24.2
1782805145.335,59.6,24.2
1782805150.351,59.3,24.2
1782805155.362,59.0,24.2
1782805160.373,58.7,24.2
1782805165.387,58.4,24.2
1782805170.394,58.1,24.2
1782805175.406,57.9,24.2
1782805180.417,57.5,24.2
1782805185.429,57.0,24.2
1782805190.444,56.8,24.2
1782805195.458,56.9,24.2
1782805200.47,56.9,24.2
1782805205.482,56.6,24.2
1782805210.494,56.4,24.2
1782805215.506,56.2,24.2
1782805220.518,56.0,24.2
1782805225.524,55.8,24.2
1782805230.538,55.8,24.2
1782805235.553,55.6,24.2
1782805240.563,55.5,24.2
1782805245.577,55.4,24.2
1782805250.589,55.3,24.2
1782805255.602,55.0,24.2
1782805260.612,55.0,24.2
1782805265.625,54.8,24.2
1782805270.637,54.6,24.2
1782805275.64,54.4,24.2
1782805280.648,54.3,24.2
1782805285.664,54.2,24.2
1782805290.677,54.1,24.2
1782805295.69,54.1,24.2
1782805300.701,54.2,24.2
1782805305.712,54.0,24.1
1782805310.725,53.7,24.1
1782805315.736,53.6,24.2
1782805320.747,53.3,24.2
1782805325.754,52.9,24.2
1782805330.767,52.8,24.2
1782805335.781,52.8,24.2
1782805340.792,52.7,24.1
1782805345.805,52.6,24.1
1782805350.815,52.5,24.1
1782805355.823,52.3,24.1
1782805360.835,52.2,24.2
1782805365.849,52.3,24.1
1782805370.862,52.4,24.1
1782805375.873,52.7,24.1
1782805380.88,53.0,24.1
1782805385.893,53.4,24.1
1782805390.906,53.8,24.1
1782805395.915,54.0,24.1
1782805400.926,54.6,24.1
1782805405.937,55.2,24.1
1782805410.948,55.4,24.1
1782805415.957,55.7,24.1
1782805420.97,55.8,24.1
1782805425.982,56.3,24.1
1782805430.988,56.9,24.1
1782805435.999,57.5,24.1
1782805441.011,57.7,24.1
1782805446.023,58.0,24.1
1782805451.036,58.3,24.1
1782805456.047,58.6,24.1
1782805461.06,59.2,24.1
1782805466.074,59.2,24.1
1782805471.085,59.3,24.1
1782805476.096,59.4,24.1
1782805481.1,59.6,24.1
1782805486.111,60.0,24.1
1782805491.125,60.4,24.1
1782805496.136,60.9,24.1
1782805501.147,61.1,24.1
1782805506.162,61.1,24.1
1782805511.174,61.3,24.1
1782805516.184,61.6,24.1
1782805521.198,61.5,24.1
1782805526.209,61.6,24.1
1782805531.213,61.8,24.1
1782805536.227,62.1,24.1
1782805541.237,62.1,24.1
1782805546.246,62.1,24.1
1782805551.256,62.2,24.1
1782805556.265,62.4,24.1
1782805561.276,62.6,24.1
1782805566.29,62.8,24.1
1782805571.299,62.9,24.1
1782805576.308,62.9,24.1
1782805581.312,62.9,24.1
1782805586.328,63.0,24.1
1782805591.339,63.1,24.1
1782805596.348,63.3,24.1
1782805601.357,63.5,24.1
1782805606.368,63.6,24.1
1782805611.375,63.6,24.1
1782805616.383,63.7,24.1
1782805621.393,63.6,24.1
1782805626.399,63.6,24.1
1782805631.404,63.6,24.1
1782805636.414,63.8,24.1
1782805641.422,63.8,24.1
1782805646.431,63.9,24.1
1782805651.439,64.1,24.1
1782805656.447,64.2,24.1
1782805661.455,64.2,24.1
1782805666.463,64.2,24.1
1782805671.472,64.2,24.2
1782805676.479,64.3,24.2
1782805681.484,64.3,24.2
1782805686.494,64.4,24.1
1782805691.505,64.5,24.1
1782805696.514,64.6,24.2
1782805701.522,64.7,24.2
1782805706.531,64.8,24.1
1782805711.536,64.8,24.1
1782805716.543,64.9,24.2
1782805721.553,64.9,24.2
1782805726.559,64.9,24.1
1782805731.568,64.9,24.1
1782805736.574,65.1,24.2
1782805741.58,65.3,24.2
1782805746.589,65.2,24.2
1782805751.595,65.3,24.1
1782805756.605,65.4,24.2
1782805761.614,65.5,24.2
1782805766.624,65.6,24.2
1782805771.631,65.8,24.2
1782805776.64,65.8,24.1
1782805781.647,65.7,24.2
1782805786.657,65.7,24.2
1782805791.665,65.8,24.2
1782805796.675,65.8,24.1
1782805801.686,66.0,24.2
1782805806.698,66.2,24.2
1782805811.708,66.2,24.2
1782805816.717,66.3,24.2
1782805821.725,66.6,24.2
1782805826.734,66.6,24.2
1782805831.739,66.6,24.2
1782805836.75,66.6,24.2
1782805841.762,66.6,24.2
1782805846.772,66.6,24.2
1782805851.779,66.6,24.2
1782805856.789,66.6,24.2
1782805861.799,66.7,24.2
1782805866.811,66.7,24.2
1782805871.82,66.8,24.2
1782805876.83,66.9,24.2
1782805881.839,66.9,24.2
1782805886.844,67.1,24.2
1782805891.858,67.2,24.2
1782805896.861,67.2,24.2
1782805901.871,67.1,24.2
1782805906.881,66.9,24.2
1782805911.89,66.6,24.2
1782805916.9,66.4,24.2
1782805921.909,65.9,24.2
1782805926.918,65.7,24.2
1782805931.924,65.5,24.2
1782805936.932,65.1,24.2
1782805941.943,64.8,24.2
1782805946.958,64.6,24.2
1782805951.97,64.4,24.2
1782805956.982,64.2,24.2
1782805961.995,63.8,24.2
1782805967.004,63.6,24.2
1782805972.013,63.0,24.2
1782805977.03,62.8,24.2
1782805982.035,62.8,24.2
1782805987.046,62.6,24.2
1782805992.053,62.2,24.2
1782805997.061,62.0,24.2
1782806002.067,61.7,24.2
1782806007.074,61.2,24.2
1782806012.077,60.9,24.2
1782806017.085,60.5,24.2
1782806022.094,60.2,24.2
1782806027.103,60.0,24.2
1782806032.108,59.8,24.2
1782806037.116,59.6,24.2
1782806042.124,58.9,24.2
1782806047.135,58.6,24.2
1782806052.141,58.4,24.2
1782806057.149,57.9,24.2
1782806062.157,57.7,24.2
1782806067.168,57.8,24.2
1782806072.179,57.6,24.2
1782806077.188,57.4,24.2
1782806082.193,57.2,24.2
1782806087.203,57.0,24.2
1782806092.21,56.6,24.2
1782806097.218,56.4,24.2
1782806102.227,56.3,24.2
1782806107.234,56.0,24.2
1782806112.24,55.7,24.2
1782806117.251,55.6,24.2
1782806122.26,55.6,24.2
1782806127.273,55.4,24.2
1782806132.28,55.3,24.2
1782806137.293,55.2,24.2
1782806142.301,55.0,24.2
1782806147.309,54.9,24.2
1782806152.318,54.8,24.2
1782806157.331,54.7,24.2
1782806162.344,54.6,24.1
1782806167.354,54.4,24.2
1782806172.366,54.3,24.2
1782806177.372,54.1,24.2
1782806182.376,53.9,24.2
1782806187.387,53.7,24.2
1782806192.393,53.7,24.2
1782806197.405,53.4,24.2
1782806202.418,53.3,24.2
1782806207.427,53.2,24.2
1782806212.435,53.0,24.2
1782806217.448,52.6,24.1
1782806222.461,52.5,24.2
1782806227.467,52.5,24.1
1782806232.478,52.4,24.1
1782806237.488,52.4,24.1
1782806242.497,52.2,24.1
1782806247.505,52.0,24.1
1782806252.512,52.0,24.1
1782806257.524,52.2,24.1
1782806262.535,52.5,24.1
1782806267.546,52.8,24.1
1782806272.56,53.1,24.1
1782806277.572,53.4,24.1
1782806282.58,53.7,24.1
1782806287.588,54.2,24.1
1782806292.6,54.8,24.1
1782806297.608,55.1,24.1
1782806302.623,55.5,24.1
1782806307.635,56.1,24.1
1782806312.646,56.4,24.1
1782806317.654,56.7,24.1
1782806322.663,57.0,24.1
1782806327.672,57.0,24.1
1782806332.678,57.3,24.1
1782806337.688,58.0,24.1
1782806342.703,58.4,24.1
1782806347.712,58.8,24.1
1782806352.726,59.1,24.1
1782806357.739,59.5,24.1
1782806362.747,59.8,24.1
1782806367.752,60.1,24.1
1782806372.77,60.3,24.1
1782806377.782,60.4,24.1
1782806382.788,60.6,24.1
1782806387.796,60.8,24.1
1782806392.808,61.0,24.1
1782806397.818,61.2,24.1
1782806402.83,61.3,24.1
1782806407.84,61.4,24.1
1782806412.849,61.6,24.1
1782806417.862,61.9,24.2
1782806422.875,62.0,24.1
1782806427.886,62.2,24.1
1782806432.892,62.3,24.1
1782806437.904,62.4,24.1
1782806442.918,62.5,24.1
1782806447.93,62.6,24.1
1782806452.937,62.6,24.1
1782806457.947,62.7,24.1
1782806462.958,62.6,24.1
1782806467.97,62.7,24.1
1782806472.981,62.9,24.1
1782806477.993,63.1,24.1
1782806482.995,63.4,24.1
1782806488.004,63.4,24.1
1782806493.016,63.3,24.1
1782806498.026,63.3,24.1
1782806503.038,63.2,24.1
1782806508.043,63.4,24.1
1782806513.058,63.5,24.1
1782806518.07,63.6,24.1
1782806523.082,63.7,24.1
1782806528.092,63.7,24.1
1782806533.1,63.7,24.1
1782806538.107,63.8,24.1
1782806543.117,63.9,24.1
1782806548.125,63.9,24.1
1782806553.134,64.0,24.1
1782806558.144,64.1,24.1
1782806563.155,64.2,24.2
1782806568.168,64.3,24.2
1782806573.179,64.7,24.1
1782806578.191,64.7,24.1
1782806583.201,64.7,24.2
1782806588.211,64.8,24.2
1782806593.223,64.9,24.2
1782806598.233,65.0,24.1
1782806603.243,65.0,24.2
1782806608.258,65.0,24.2
1782806613.266,65.1,24.2
1782806618.275,65.1,24.1
1782806623.285,65.4,24.2
1782806628.296,65.4,24.2
1782806633.31,65.4,24.2
1782806638.313,65.4,24.2
1782806643.324,65.5,24.2
1782806648.336,65.7,24.2
1782806653.348,65.6,24.2
1782806658.36,65.8,24.2
1782806663.371,65.7,24.2
1782806668.383,65.7,24.2
1782806673.391,65.8,24.2
1782806678.399,65.9,24.2
1782806683.409,65.9,24.2
1782806688.412,65.8,24.2
1782806693.422,66.0,24.2
1782806698.432,66.1,24.2
1782806703.437,66.2,24.2
1782806708.446,66.3,24.2
1782806713.455,66.4,24.2
1782806718.464,66.4,24.2
1782806723.473,66.6,24.2
1782806728.483,66.6,24.2
1782806733.493,66.5,24.2
1782806738.496,66.5,24.2
1782806743.502,66.8,24.2
1782806748.512,66.7,24.2
1782806753.519,66.7,24.2
1782806758.529,66.7,24.2
1782806763.536,66.8,24.2
1782806768.548,66.8,24.2
1782806773.56,66.9,24.2
1782806778.571,67.0,24.2
1782806783.582,67.1,24.2
1782806788.589,67.1,24.2
1782806793.6,66.9,24.2
1782806798.614,66.8,24.2
1782806803.622,66.6,24.2
1782806808.63,66.5,24.2
1782806813.642,66.3,24.2
1782806818.653,66.0,24.2
1782806823.665,65.6,24.2
1782806828.676,65.2,24.2
1782806833.683,65.0,24.3
1782806838.687,64.5,24.2
1782806843.7,64.3,24.2
1782806848.71,64.2,24.3
1782806853.724,64.0,24.2
1782806858.736,63.7,24.2
1782806863.746,63.3,24.2
1782806868.761,63.1,24.2
1782806873.773,63.0,24.2
1782806878.781,62.6,24.2
1782806883.788,62.3,24.2
1782806888.789,62.1,24.2
1782806893.795,61.7,24.2
1782806898.806,61.3,24.2
1782806903.813,61.1,24.2
1782806908.82,60.8,24.2
1782806913.83,60.3,24.2
1782806918.835,59.9,24.2
1782806923.843,59.7,24.2
1782806928.853,59.4,24.2
1782806933.858,59.1,24.2
1782806938.865,59.0,24.2
1782806943.872,58.8,24.2
1782806948.882,58.4,24.2
1782806953.893,58.1,24.2
1782806958.902,57.9,24.2
1782806963.913,57.6,24.2
1782806968.918,57.3,24.2
1782806973.928,57.2,24.2
1782806978.935,56.7,24.2
1782806983.941,56.4,24.2
1782806988.944,56.4,24.2
1782806993.953,56.4,24.2
1782806998.961,56.2,24.2
1782807003.969,56.0,24.2
1782807008.98,56.0,24.2
1782807013.991,55.7,24.2
1782807019.001,55.4,24.2
1782807024.014,55.1,24.2
1782807029.025,54.9,24.2
1782807034.033,54.6,24.2
1782807039.045,54.6,24.2
1782807044.054,54.7,24.2
1782807049.066,54.5,24.2
1782807054.078,54.4,24.2
1782807059.086,54.3,24.2
1782807064.1,54.2,24.2
1782807069.112,54.2,24.2
1782807074.123,54.0,24.2
1782807079.135,53.9,24.1
1782807084.149,53.8,24.2
1782807089.152,53.4,24.2
1782807094.164,53.3,24.2
1782807099.172,53.1,24.2
1782807104.183,52.9,24.1
1782807109.193,53.0,24.1
1782807114.2,52.7,24.2
1782807119.206,52.4,24.1
1782807124.214,52.4,24.1
1782807129.22,52.3,24.1
1782807134.23,52.2,24.1
1782807139.236,52.1,24.1
1782807144.241,52.0,24.1
1782807149.252,52.2,24.1
1782807154.263,52.5,24.1
1782807159.269,52.7,24.1
1782807164.278,53.0,24.1
1782807169.291,53.2,24.1
1782807174.305,53.6,24.1
1782807179.314,54.0,24.1
1782807184.326,54.3,24.1
1782807189.332,54.8,24.1
1782807194.341,55.4,24.1
1782807199.348,55.8,24.1
1782807204.356,56.2,24.1
1782807209.365,56.5,24.1
1782807214.377,56.9,24.1
1782807219.381,57.5,24.1
1782807224.391,57.8,24.1
1782807229.398,58.0,24.1
1782807234.405,58.1,24.1
1782807239.408,58.4,24.1
1782807244.415,58.8,24.1
1782807249.422,59.1,24.1
1782807254.433,59.4,24.1
1782807259.44,59.7,24.1
1782807264.454,60.1,24.1
1782807269.463,60.4,24.1
1782807274.469,60.9,24.1
1782807279.48,61.1,24.1
1782807284.492,61.1,24.1
1782807289.496,61.2,24.1
1782807294.506,61.4,24.1
1782807299.514,61.6,24.1
1782807304.52,61.7,24.1
1782807309.531,62.0,24.1
1782807314.54,62.2,24.1
1782807319.547,62.3,24.2
1782807324.557,62.3,24.1
1782807329.563,62.5,24.1
1782807334.567,62.4,24.1
1782807339.57,62.5,24.1
1782807344.576,62.7,24.1
1782807349.583,62.8,24.2
1782807354.593,62.9,24.1
1782807359.598,63.1,24.1
1782807364.607,63.3,24.2
1782807369.615,63.3,24.2
1782807374.621,63.3,24.1
1782807379.63,63.3,24.1
1782807384.637,63.3,24.1
1782807389.646,63.4,24.1
1782807394.655,63.4,24.1
1782807399.664,63.5,24.2
1782807404.677,63.5,24.1
1782807409.689,63.7,24.1
1782807414.702,63.7,24.2
1782807419.714,63.7,24.1
1782807424.726,63.8,24.2
1782807429.739,63.9,24.1
1782807434.747,64.0,24.2
1782807439.754,64.2,24.2
1782807444.764,64.4,24.1
1782807449.776,64.4,24.2
1782807454.786,64.3,24.1
1782807459.795,64.4,24.2
1782807464.806,64.6,24.2
1782807469.816,64.7,24.2
1782807474.821,64.8,24.2
1782807479.832,65.0,24.2
1782807484.841,65.0,24.1
1782807489.845,65.0,24.2
1782807494.851,65.0,24.2
1782807499.861,65.1,24.2
1782807504.871,65.1,24.2
1782807509.882,65.1,24.2
1782807514.892,65.2,24.2
1782807519.905,65.3,24.2
1782807524.918,65.4,24.2
1782807529.93,65.5,24.2
1782807534.938,65.5,24.2
1782807539.944,65.4,24.2
1782807544.952,65.4,24.2
1782807549.963,65.5,24.2
1782807554.97,65.6,24.2
1782807559.976,65.8,24.2
1782807564.988,65.8,24.2
1782807569.996,65.8,24.2
1782807575.003,65.9,24.2
1782807580.013,66.0,24.2
1782807585.022,66.1,24.2
1782807590.024,66.2,24.2
1782807595.035,66.3,24.2
1782807600.043,66.4,24.2
1782807605.054,66.5,24.2
1782807610.063,66.5,24.2
1782807615.07,66.4,24.2
1782807620.08,66.5,24.2
1782807625.09,66.5,24.2
1782807630.102,66.5,24.2
1782807635.113,66.6,24.2
1782807640.118,66.5,24.2
1782807645.127,66.4,24.2
1782807650.138,66.5,24.2
1782807655.144,66.7,24.2
1782807660.159,66.7,24.2
1782807665.168,66.9,24.2
1782807670.177,67.1,24.2
1782807675.187,67.1,24.2
1782807680.198,67.1,24.2
1782807685.205,67.2,24.2
1782807690.214,67.1,24.2
1782807695.22,67.0,24.2
1782807700.23,66.9,24.2
1782807705.235,66.8,24.2
1782807710.247,66.5,24.2
1782807715.253,66.1,24.2
1782807720.267,65.9,24.3
1782807725.278,65.8,24.3
1782807730.284,65.4,24.2
1782807735.295,65.1,24.3
1782807740.3,64.8,24.2
1782807745.309,64.6,24.2
1782807750.321,64.3,24.2
1782807755.328,63.9,24.2
1782807760.34,63.6,24.2
1782807765.347,63.3,24.2
1782807770.355,63.2,24.3
1782807775.363,63.0,24.2
1782807780.371,62.7,24.2
1782807785.38,62.5,24.2
1782807790.384,62.3,24.3
1782807795.392,62.0,24.2
1782807800.404,61.6,24.2
1782807805.415,61.0,24.2
1782807810.422,60.7,24.2
1782807815.427,60.2,24.2
1782807820.435,59.8,24.2
1782807825.439,59.7,24.2
1782807830.449,59.6,24.2
1782807835.454,59.2,24.2
1782807840.467,58.8,24.2
1782807845.478,58.6,24.2
1782807850.49,58.0,24.2
1782807855.501,57.8,24.2
1782807860.517,57.7,24.2
1782807865.526,57.7,24.2
1782807870.537,57.4,24.2
1782807875.552,57.1,24.2
1782807880.564,57.0,24.2
1782807885.576,56.8,24.2
1782807890.582,56.6,24.2
1782807895.594,56.5,24.2
1782807900.605,56.2,24.2
1782807905.614,55.9,24.2
1782807910.624,55.8,24.2
1782807915.635,55.8,24.2
1782807920.648,55.5,24.2
1782807925.657,55.4,24.2
1782807930.667,55.4,24.2
1782807935.678,55.4,24.2
1782807940.684,55.1,24.2
1782807945.698,54.9,24.2
1782807950.706,54.9,24.2
1782807955.716,54.7,24.2
1782807960.727,54.6,24.2
1782807965.738,54.7,24.2
1782807970.748,54.3,24.2
1782807975.761,54.1,24.2
1782807980.773,54.0,24.2
1782807985.781,53.9,24.2
1782807990.786,53.7,24.2
1782807995.798,53.3,24.2
1782808000.811,53.3,24.2
1782808005.82,53.1,24.2
1782808010.833,53.0,24.2
1782808015.843,53.1,24.2
1782808020.856,53.0,24.2
1782808025.865,52.7,24.2
1782808030.877,52.6,24.2
1782808035.885,52.4,24.1
1782808040.892,52.2,24.1
1782808045.906,52.2,24.1
1782808050.916,52.4,24.1
1782808055.931,52.6,24.1
1782808060.941,52.9,24.1
1782808065.952,53.2,24.1
1782808070.959,53.6,24.1
1782808075.972,53.9,24.1
1782808080.978,54.3,24.1
1782808085.986,54.5,24.1
1782808090.993,54.8,24.1
1782808096.0,55.0,24.1
1782808101.011,55.7,24.1
1782808106.026,56.4,24.1
1782808111.037,56.8,24.2
1782808116.048,57.1,24.1
1782808121.06,57.2,24.1
1782808126.068,57.4,24.1
1782808131.075,58.0,24.1
1782808136.087,58.6,24.2
1782808141.094,59.1,24.1
1782808146.105,59.4,24.1
1782808151.116,59.8,24.2
1782808156.13,59.8,24.1
1782808161.143,60.0,24.1
1782808166.154,60.2,24.1
1782808171.164,60.4,24.2
1782808176.176,60.5,24.1
1782808181.183,60.8,24.2
1782808186.191,61.0,24.1
1782808191.196,61.2,24.2
1782808196.208,61.7,24.2
1782808201.22,61.9,24.1
1782808206.233,62.0,24.1
1782808211.245,62.0,24.1
1782808216.257,62.2,24.1
1782808221.268,62.4,24.2
1782808226.276,62.5,24.2
1782808231.288,62.7,24.2
1782808236.3,62.9,24.1
1782808241.31,63.0,24.1
1782808246.322,63.0,24.1
1782808251.335,63.1,24.1
1782808256.343,63.1,24.2
1782808261.352,63.3,24.1
1782808266.361,63.3,24.1
1782808271.37,63.3,24.2
1782808276.376,63.4,24.2
1782808281.386,63.4,24.1
1782808286.394,63.5,24.1
1782808291.399,63.5,24.1
1782808296.409,63.6,24.1
1782808301.425,63.8,24.2
1782808306.435,64.0,24.2
1782808311.447,64.2,24.2
1782808316.46,64.2,24.2
1782808321.468,64.2,24.2
1782808326.479,64.2,24.2
1782808331.489,64.2,24.2
1782808336.498,64.3,24.1
1782808341.507,64.3,24.2
1782808346.515,64.5,24.2
1782808351.52,64.6,24.2
1782808356.53,64.8,24.2
1782808361.539,64.9,24.2
1782808366.546,64.9,24.2
1782808371.555,64.8,24.2
1782808376.564,64.8,24.2
1782808381.571,64.9,24.2
1782808386.583,65.0,24.2
1782808391.588,65.0,24.2
1782808396.596,65.0,24.2
1782808401.61,65.1,24.2
1782808406.624,65.4,24.2
1782808411.635,65.4,24.2
1782808416.644,65.7,24.2
1782808421.655,65.6,24.2
1782808426.666,65.5,24.2
1782808431.676,65.4,24.2
1782808436.688,65.3,24.2
1782808441.694,65.4,24.2
1782808446.705,65.5,24.2
1782808451.711,65.6,24.2
1782808456.723,65.8,24.2
1782808461.731,65.8,24.2
1782808466.739,65.9,24.2
1782808471.747,66.0,24.2
1782808476.756,66.1,24.2
1782808481.762,66.2,24.2
1782808486.774,66.2,24.2
1782808491.78,66.3,24.2
1782808496.79,66.4,24.2
1782808501.802,66.6,24.2
1782808506.808,66.8,24.2
1782808511.815,66.8,24.2
1782808516.823,66.7,24.2
1782808521.831,66.8,24.2
1782808526.841,66.8,24.2
1782808531.852,66.7,24.2
1782808536.864,66.6,24.2
1782808541.87,66.7,24.2
1782808546.88,66.7,24.2
1782808551.899,66.7,24.2
1782808556.916,66.6,24.2
1782808561.925,66.4,24.2
1782808566.931,66.1,24.2
1782808571.941,65.8,24.2
1782808576.951,65.4,24.2
1782808581.956,65.0,24.2
1782808586.967,64.7,24.2
1782808591.974,64.5,24.2
1782808596.985,64.3,24.2
1782808601.996,64.2,24.2
1782808607.007,64.0,24.2
1782808612.019,63.8,24.2
