timestamp,位移X,位移Y,位移Z,加速度X,加速度Y,加速度Z,加速度幅值X,加速度幅值Y,加速度幅值Z,温度,速度X,速度Y,速度Z,频率X,频率Y,频率Z
1783562784.498,0.0,0.0,0.0,0.0,0.0,0.0,0.0,0.0,0.0,28.73,0.0,0.0,0.0,0.0,0.0,0.0
1783562785.502,0.0,0.0,0.0,0.0,0.0,0.0,0.0,0.0,0.0,28.73,0.0,0.0,0.0,0.0,0.0,0.0
1783562786.504,0.0,0.0,0.0,0.0,0.0,0.0,0.0,0.0,0.0,28.73,0.0,0.0,0.0,0.0,0.0,0.0
1783562787.506,0.0,0.0,0.0,0.0,0.0,0.0,0.0,0.0,0.0,28.73,0.0,0.0,0.0,0.0,0.0,0.0
1783562788.508,0.0,0.0,0.0,0.0,0.0,0.0,0.0,0.0,0.0,28.73,0.0,0.0,0.0,0.0,0.0,0.0
1783562789.51,0.0,0.0,0.0,0.0,0.0,0.0,0.0,0.0,0.0,28.73,0.0,0.0,0.0,0.0,0.0,0.0
1783562790.512,0.0,0.0,0.0,0.0,0.0,0.0,0.0,0.0,0.0,28.73,0.0,0.0,0.0,0.0,0.0,0.0
1783562791.515,0.0,0.0,0.0,0.0,0.0,0.0,0.0,0.0,0.0,28.72,0.0,0.0,0.0,0.0,0.0,0.0
1783562792.517,0.0,0.0,0.0,0.0,0.0,0.0,0.0,0.0,0.0,28.73,0.0,0.0,0.0,0.0,0.0,0.0
1783562793.519,0.0,0.0,0.0,0.0,0.0,0.0,0.0,0.0,0.0,28.72,0.0,0.0,0.0,0.0,0.0,0.0
1783562794.521,0.0,0.0,0.0,0.0,0.0,0.0,0.0,0.0,0.0,28.72,0.0,0.0,0.0,0.0,0.0,0.0
1783562795.523,0.0,0.0,0.0,0.0,0.0,0.0,0.0,0.0,0.0,28.72,0.0,0.0,0.0,0.0,0.0,0.0
1783562796.524,0.0,0.0,0.0,0.0,0.0,0.0,0.0,0.0,0.0,28.72,0.0,0.0,0.0,0.0,0.0,0.0
1783562797.527,0.0,0.0,0.0,0.0,0.0,0.0,0.0,0.0,0.0,28.72,0.0,0.0,0.0,0.0,0.0,0.0
1783562798.53,0.0,0.0,0.0,0.0,0.0,0.0,0.0,0.0,0.0,28.72,0.0,0.0,0.0,0.0,0.0,0.0
1783562799.532,0.0,0.0,0.0,0.0,0.0,0.0,0.0,0.0,0.0,28.72,0.0,0.0,0.0,0.0,0.0,0.0
1783562800.535,0.0,0.0,0.0,0.0,0.0,0.0,0.0,0.0,0.0,28.72,0.0,0.0,0.0,0.0,0.0,0.0
1783562801.537,0.0,0.0,0.0,0.0,0.0,0.0,0.0,0.0,0.0,28.72,0.0,0.0,0.0,0.0,0.0,0.0
1783562802.539,0.0,0.0,0.0,0.0,0.0,0.0,0.0,0.0,0.0,28.71,0.0,0.0,0.0,0.0,0.0,0.0
1783562803.541,0.0,0.0,0.0,0.0,0.0,0.0,0.0,0.0,0.0,28.71,0.0,0.0,0.0,0.0,0.0,0.0
1783562804.543,0.0,0.0,0.0,0.0,0.0,0.0,0.0,0.0,0.0,28.71,0.0,0.0,0.0,0.0,0.0,0.0
1783562805.545,0.0,0.0,0.0,0.0,0.0,0.0,0.0,0.0,0.0,28.71,0.0,0.0,0.0,0.0,0.0,0.0
1783562806.547,0.0,0.0,0.0,0.0,0.0,0.0,0.0,0.0,0.0,28.71,0.0,0.0,0.0,0.0,0.0,0.0
1783562807.549,0.0,0.0,0.0,0.0,0.0,0.0,0.0,0.0,0.0,28.71,0.0,0.0,0.0,0.0,0.0,0.0
1783562808.551,0.0,0.0,0.0,0.0,0.0,0.0,0.0,0.0,0.0,28.71,0.0,0.0,0.0,0.0,0.0,0.0
1783562809.552,0.0,0.0,0.0,0.0,0.0,0.0,0.0,0.0,0.0,28.71,0.0,0.0,0.0,0.0,0.0,0.0
1783562810.554,0.0,0.0,0.0,0.0,0.0,0.0,0.0,0.0,0.0,28.71,0.0,0.0,0.0,0.0,0.0,0.0
1783562811.556,0.0,0.0,0.0,0.0,0.0,0.0,0.0,0.0,0.0,28.71,0.0,0.0,0.0,0.0,0.0,0.0
1783562812.558,0.0,0.0,0.0,0.0,0.0,0.0,0.0,0.0,0.0,28.71,0.0,0.0,0.0,0.0,0.0,0.0
1783562813.56,0.0,0.0,0.0,0.0,0.0,0.0,0.0,0.0,0.0,28.71,0.0,0.0,0.0,0.0,0.0,0.0
1783562814.562,0.0,0.0,0.0,0.0,0.0,0.0,0.0,0.0,0.0,28.7,0.0,0.0,0.0,0.0,0.0,0.0
1783562815.564,0.0,0.0,0.0,0.0,0.0,0.0,0.0,0.0,0.0,28.7,0.0,0.0,0.0,0.0,0.0,0.0
1783562816.567,0.0,0.0,0.0,0.0,0.0,0.0,0.0,0.0,0.0,28.71,0.0,0.0,0.0,0.0,0.0,0.0
1783562817.569,0.0,0.0,0.0,0.0,0.0,0.0,0.0,0.0,0.0,28.7,0.0,0.0,0.0,0.0,0.0,0.0
1783562818.571,0.0,0.0,0.0,0.0,0.0,0.0,0.0,0.0,0.0,28.7,0.0,0.0,0.0,0.0,0.0,0.0
1783562819.573,0.0,0.0,0.0,0.0,0.0,0.0,0.0,0.0,0.0,28.7,0.0,0.0,0.0,0.0,0.0,0.0
1783562820.575,0.0,0.0,0.0,0.0,0.0,0.0,0.0,0.0,0.0,28.7,0.0,0.0,0.0,0.0,0.0,0.0
1783562821.577,0.0,0.0,0.0,0.0,0.0,0.0,0.0,0.0,0.0,28.7,0.0,0.0,0.0,0.0,0.0,0.0
1783562822.579,0.0,0.0,0.0,0.0,0.0,0.0,0.0,0.0,0.0,28.7,0.0,0.0,0.0,0.0,0.0,0.0
1783562823.581,0.0,0.0,0.0,0.0,0.0,0.0,0.0,0.0,0.0,28.7,0.0,0.0,0.0,0.0,0.0,0.0
1783562824.583,0.0,0.0,0.0,0.0,0.0,0.0,0.0,0.0,0.0,28.7,0.0,0.0,0.0,0.0,0.0,0.0
1783562825.586,0.0,0.0,0.0,0.0,0.0,0.0,0.0,0.0,0.0,28.7,0.0,0.0,0.0,0.0,0.0,0.0
1783562826.588,0.0,0.0,0.0,0.0,0.0,0.0,0.0,0.0,0.0,28.7,0.0,0.0,0.0,0.0,0.0,0.0
1783562827.59,0.0,0.0,0.0,0.0,0.0,0.0,0.0,0.0,0.0,28.69,0.0,0.0,0.0,0.0,0.0,0.0
1783562828.592,0.0,0.0,0.0,0.0,0.0,0.0,0.0,0.0,0.0,28.69,0.0,0.0,0.0,0.0,0.0,0.0
1783562829.594,0.0,0.0,0.0,0.0,0.0,0.0,0.0,0.0,0.0,28.69,0.0,0.0,0.0,0.0,0.0,0.0
1783562830.596,0.0,0.0,0.0,0.0,0.0,0.0,0.0,0.0,0.0,28.69,0.0,0.0,0.0,0.0,0.0,0.0
1783562831.598,0.0,0.0,0.0,0.0,0.0,0.0,0.0,0.0,0.0,28.69,0.0,0.0,0.0,0.0,0.0,0.0
1783562832.6,0.0,0.0,0.0,0.0,0.0,0.0,0.0,0.0,0.0,28.69,0.0,0.0,0.0,0.0,0.0,0.0
1783562833.602,0.0,0.0,0.0,0.0,0.0,0.0,0.0,0.0,0.0,28.69,0.0,0.0,0.0,0.0,0.0,0.0
1783562834.604,0.0,0.0,0.0,0.0,0.0,0.0,0.0,0.0,0.0,28.69,0.0,0.0,0.0,0.0,0.0,0.0
1783562835.606,0.0,0.0,0.0,0.0,0.0,0.0,0.0,0.0,0.0,28.69,0.0,0.0,0.0,0.0,0.0,0.0
1783562836.608,0.0,0.0,0.0,0.0,0.0,0.0,0.0,0.0,0.0,28.69,0.0,0.0,0.0,0.0,0.0,0.0
1783562837.61,0.0,0.0,0.0,0.0,0.0,0.0,0.0,0.0,0.0,28.69,0.0,0.0,0.0,0.0,0.0,0.0
1783562838.612,0.0,0.0,0.0,0.0,0.0,0.0,0.0,0.0,0.0,28.69,0.0,0.0,0.0,0.0,0.0,0.0
1783562839.614,0.0,0.0,0.0,0.0,0.0,0.0,0.0,0.0,0.0,28.69,0.0,0.0,0.0,0.0,0.0,0.0
1783562840.619,0.0,0.0,0.0,0.0,0.0,0.0,0.0,0.0,0.0,28.69,0.0,0.0,0.0,0.0,0.0,0.0
1783562841.621,0.0,0.0,0.0,0.0,0.0,0.0,0.0,0.0,0.0,28.69,0.0,0.0,0.0,0.0,0.0,0.0
1783562842.623,0.0,0.0,0.0,0.0,0.0,0.0,0.0,0.0,0.0,28.69,0.0,0.0,0.0,0.0,0.0,0.0
1783562843.626,0.0,0.0,0.0,0.0,0.0,0.0,0.0,0.0,0.0,28.68,0.0,0.0,0.0,0.0,0.0,0.0
1783562844.635,0.0,0.0,0.0,0.0,0.0,0.0,0.0,0.0,0.0,28.69,0.0,0.0,0.0,0.0,0.0,0.0
1783562845.664,0.0,0.0,0.0,0.0,0.0,0.0,0.0,0.0,0.0,28.68,0.0,0.0,0.0,0.0,0.0,0.0
1783562846.675,0.0,0.0,0.0,0.0,0.0,0.0,0.0,0.0,0.0,28.68,0.0,0.0,0.0,0.0,0.0,0.0
1783562847.699,0.0,0.0,0.0,0.0,0.0,0.0,0.0,0.0,0.0,28.68,0.0,0.0,0.0,0.0,0.0,0.0
1783562848.714,0.0,0.0,0.0,0.0,0.0,0.0,0.0,0.0,0.0,28.68,0.0,0.0,0.0,0.0,0.0,0.0
1783562849.736,0.0,0.0,0.0,0.0,0.0,0.0,0.0,0.0,0.0,28.68,0.0,0.0,0.0,0.0,0.0,0.0
1783562850.752,0.0,0.0,0.0,0.0,0.0,0.0,0.0,0.0,0.0,28.68,0.0,0.0,0.0,0.0,0.0,0.0
1783562851.763,0.0,0.0,0.0,0.0,0.0,0.0,0.0,0.0,0.0,28.68,0.0,0.0,0.0,0.0,0.0,0.0
1783562852.796,0.0,0.0,0.0,0.0,0.0,0.0,0.0,0.0,0.0,28.68,0.0,0.0,0.0,0.0,0.0,0.0
1783562853.855,0.0,0.0,0.0,0.0,0.0,0.0,0.0,0.0,0.0,28.68,0.0,0.0,0.0,0.0,0.0,0.0
1783562854.859,0.0,0.0,0.0,0.0,0.0,0.0,0.0,0.0,0.0,28.68,0.0,0.0,0.0,0.0,0.0,0.0
1783562855.871,0.0,0.0,0.0,0.0,0.0,0.0,0.0,0.0,0.0,28.68,0.0,0.0,0.0,0.0,0.0,0.0
1783562856.888,0.0,0.0,0.0,0.0,0.0,0.0,0.0,0.0,0.0,28.68,0.0,0.0,0.0,0.0,0.0,0.0
1783562857.906,0.0,0.0,0.0,0.0,0.0,0.0,0.0,0.0,0.0,28.68,0.0,0.0,0.0,0.0,0.0,0.0
1783562858.926,0.0,0.0,0.0,0.0,0.0,0.0,0.0,0.0,0.0,28.68,0.0,0.0,0.0,0.0,0.0,0.0
1783562859.937,0.0,0.0,0.0,0.0,0.0,0.0,0.0,0.0,0.0,28.68,0.0,0.0,0.0,0.0,0.0,0.0
1783563017.85,0.0,0.0,0.0,0.0,0.0,0.0,0.0,0.0,0.0,28.64,0.0,0.0,0.0,0.0,0.0,0.0
1783563018.854,0.0,0.0,0.0,0.0,0.0,0.0,0.0,0.0,0.0,28.64,0.0,0.0,0.0,0.0,0.0,0.0
1783563019.856,0.0,0.0,0.0,0.0,0.0,0.0,0.0,0.0,0.0,28.64,0.0,0.0,0.0,0.0,0.0,0.0
1783563020.859,0.0,0.0,0.0,0.0,0.0,0.0,0.0,0.0,0.0,28.64,0.0,0.0,0.0,0.0,0.0,0.0
1783563021.861,0.0,0.0,0.0,0.0,0.0,0.0,0.0,0.0,0.0,28.64,0.0,0.0,0.0,0.0,0.0,0.0
1783563022.863,0.0,0.0,0.0,0.0,0.0,0.0,0.0,0.0,0.0,28.63,0.0,0.0,0.0,0.0,0.0,0.0
1783563023.865,0.0,0.0,0.0,0.0,0.0,0.0,0.0,0.0,0.0,28.63,0.0,0.0,0.0,0.0,0.0,0.0
1783563024.866,0.0,0.0,0.0,0.0,0.0,0.0,0.0,0.0,0.0,28.63,0.0,0.0,0.0,0.0,0.0,0.0
1783563025.868,0.0,0.0,0.0,0.0,0.0,0.0,0.0,0.0,0.0,28.63,0.0,0.0,0.0,0.0,0.0,0.0
1783563026.87,0.0,0.0,0.0,0.0,0.0,0.0,0.0,0.0,0.0,28.63,0.0,0.0,0.0,0.0,0.0,0.0
1783563027.871,0.0,0.0,0.0,0.0,0.0,0.0,0.0,0.0,0.0,28.63,0.0,0.0,0.0,0.0,0.0,0.0
1783563028.873,0.0,0.0,0.0,0.0,0.0,0.0,0.0,0.0,0.0,28.63,0.0,0.0,0.0,0.0,0.0,0.0
1783563029.875,0.0,0.0,0.0,0.0,0.0,0.0,0.0,0.0,0.0,28.63,0.0,0.0,0.0,0.0,0.0,0.0
1783563030.877,0.0,0.0,0.0,0.0,0.0,0.0,0.0,0.0,0.0,28.63,0.0,0.0,0.0,0.0,0.0,0.0
1783563031.878,0.0,0.0,0.0,0.0,0.0,0.0,0.0,0.0,0.0,28.63,0.0,0.0,0.0,0.0,0.0,0.0
1783563032.88,0.0,0.0,0.0,0.0,0.0,0.0,0.0,0.0,0.0,28.63,0.0,0.0,0.0,0.0,0.0,0.0
1783563033.882,0.0,0.0,0.0,0.0,0.0,0.0,0.0,0.0,0.0,28.63,0.0,0.0,0.0,0.0,0.0,0.0
1783563034.885,0.0,0.0,0.0,0.0,0.0,0.0,0.0,0.0,0.0,28.63,0.0,0.0,0.0,0.0,0.0,0.0
1783563035.887,0.0,0.0,0.0,0.0,0.0,0.0,0.0,0.0,0.0,28.63,0.0,0.0,0.0,0.0,0.0,0.0
1783563036.889,0.0,0.0,0.0,0.0,0.0,0.0,0.0,0.0,0.0,28.63,0.0,0.0,0.0,0.0,0.0,0.0
1783563037.891,0.0,0.0,0.0,0.0,0.0,0.0,0.0,0.0,0.0,28.63,0.0,0.0,0.0,0.0,0.0,0.0
1783563038.893,0.0,0.0,0.0,0.0,0.0,0.0,0.0,0.0,0.0,28.63,0.0,0.0,0.0,0.0,0.0,0.0
1783563039.895,0.0,0.0,0.0,0.0,0.0,0.0,0.0,0.0,0.0,28.63,0.0,0.0,0.0,0.0,0.0,0.0
1783563040.897,0.0,0.0,0.0,0.0,0.0,0.0,0.0,0.0,0.0,28.62,0.0,0.0,0.0,0.0,0.0,0.0
1783563041.898,0.0,0.0,0.0,0.0,0.0,0.0,0.0,0.0,0.0,28.62,0.0,0.0,0.0,0.0,0.0,0.0
1783563042.901,0.0,0.0,0.0,0.0,0.0,0.0,0.0,0.0,0.0,28.63,0.0,0.0,0.0,0.0,0.0,0.0
1783563043.903,0.0,0.0,0.0,0.0,0.0,0.0,0.0,0.0,0.0,28.63,0.0,0.0,0.0,0.0,0.0,0.0
1783563044.905,0.0,0.0,0.0,0.0,0.0,0.0,0.0,0.0,0.0,28.63,0.0,0.0,0.0,0.0,0.0,0.0
1783563045.907,0.0,0.0,0.0,0.0,0.0,0.0,0.0,0.0,0.0,28.62,0.0,0.0,0.0,0.0,0.0,0.0
1783563046.909,0.0,0.0,0.0,0.0,0.0,0.0,0.0,0.0,0.0,28.63,0.0,0.0,0.0,0.0,0.0,0.0
1783563047.911,0.0,0.0,0.0,0.0,0.0,0.0,0.0,0.0,0.0,28.62,0.0,0.0,0.0,0.0,0.0,0.0
1783563048.913,0.0,0.0,0.0,0.0,0.0,0.0,0.0,0.0,0.0,28.62,0.0,0.0,0.0,0.0,0.0,0.0
1783563049.915,0.0,0.0,0.0,0.0,0.0,0.0,0.0,0.0,0.0,28.62,0.0,0.0,0.0,0.0,0.0,0.0
1783563050.917,0.0,0.0,0.0,0.0,0.0,0.0,0.0,0.0,0.0,28.62,0.0,0.0,0.0,0.0,0.0,0.0
1783563051.919,0.0,0.0,0.0,0.0,0.0,0.0,0.0,0.0,0.0,28.62,0.0,0.0,0.0,0.0,0.0,0.0
1783563052.922,0.0,0.0,0.0,0.0,0.0,0.0,0.0,0.0,0.0,28.62,0.0,0.0,0.0,0.0,0.0,0.0
1783563053.924,0.0,0.0,0.0,0.0,0.0,0.0,0.0,0.0,0.0,28.62,0.0,0.0,0.0,0.0,0.0,0.0
1783563054.925,0.0,0.0,0.0,0.0,0.0,0.0,0.0,0.0,0.0,28.62,0.0,0.0,0.0,0.0,0.0,0.0
1783563055.927,0.0,0.0,0.0,0.0,0.0,0.0,0.0,0.0,0.0,28.62,0.0,0.0,0.0,0.0,0.0,0.0
1783563056.929,0.0,0.0,0.0,0.0,0.0,0.0,0.0,0.0,0.0,28.62,0.0,0.0,0.0,0.0,0.0,0.0
1783563057.931,0.0,0.0,0.0,0.0,0.0,0.0,0.0,0.0,0.0,28.62,0.0,0.0,0.0,0.0,0.0,0.0
1783563058.933,0.0,0.0,0.0,0.0,0.0,0.0,0.0,0.0,0.0,28.62,0.0,0.0,0.0,0.0,0.0,0.0
1783563059.937,0.0,0.0,0.0,0.0,0.0,0.0,0.0,0.0,0.0,28.62,0.0,0.0,0.0,0.0,0.0,0.0
1783563060.939,0.0,0.0,0.0,0.0,0.0,0.0,0.0,0.0,0.0,28.62,0.0,0.0,0.0,0.0,0.0,0.0
1783563061.94,0.0,0.0,0.0,0.0,0.0,0.0,0.0,0.0,0.0,28.62,0.0,0.0,0.0,0.0,0.0,0.0
1783563062.942,0.0,0.0,0.0,0.0,0.0,0.0,0.0,0.0,0.0,28.62,0.0,0.0,0.0,0.0,0.0,0.0
1783563063.944,0.0,0.0,0.0,0.0,0.0,0.0,0.0,0.0,0.0,28.62,0.0,0.0,0.0,0.0,0.0,0.0
1783563064.946,0.0,0.0,0.0,0.0,0.0,0.0,0.0,0.0,0.0,28.62,0.0,0.0,0.0,0.0,0.0,0.0
1783563065.948,0.0,0.0,0.0,0.0,0.0,0.0,0.0,0.0,0.0,28.62,0.0,0.0,0.0,0.0,0.0,0.0
1783563066.95,0.0,0.0,0.0,0.0,0.0,0.0,0.0,0.0,0.0,28.62,0.0,0.0,0.0,0.0,0.0,0.0
1783563067.953,0.0,0.0,0.0,0.0,0.0,0.0,0.0,0.0,0.0,28.61,0.0,0.0,0.0,0.0,0.0,0.0
1783563068.955,0.0,0.0,0.0,0.0,0.0,0.0,0.0,0.0,0.0,28.61,0.0,0.0,0.0,0.0,0.0,0.0
1783563069.957,0.0,0.0,0.0,0.0,0.0,0.0,0.0,0.0,0.0,28.61,0.0,0.0,0.0,0.0,0.0,0.0
1783563070.959,0.0,0.0,0.0,0.0,0.0,0.0,0.0,0.0,0.0,28.61,0.0,0.0,0.0,0.0,0.0,0.0
1783563071.961,0.0,0.0,0.0,0.0,0.0,0.0,0.0,0.0,0.0,28.61,0.0,0.0,0.0,0.0,0.0,0.0
1783563072.963,0.0,0.0,0.0,0.0,0.0,0.0,0.0,0.0,0.0,28.61,0.0,0.0,0.0,0.0,0.0,0.0
1783563073.965,0.0,0.0,0.0,0.0,0.0,0.0,0.0,0.0,0.0,28.61,0.0,0.0,0.0,0.0,0.0,0.0
1783563074.968,0.0,0.0,0.0,0.0,0.0,0.0,0.0,0.0,0.0,28.61,0.0,0.0,0.0,0.0,0.0,0.0
1783563075.97,0.0,0.0,0.0,0.0,0.0,0.0,0.0,0.0,0.0,28.61,0.0,0.0,0.0,0.0,0.0,0.0
1783563076.971,0.0,0.0,0.0,0.0,0.0,0.0,0.0,0.0,0.0,28.61,0.0,0.0,0.0,0.0,0.0,0.0
1783563077.978,0.0,0.0,0.0,0.0,0.0,0.0,0.0,0.0,0.0,28.61,0.0,0.0,0.0,0.0,0.0,0.0
1783563078.995,0.0,0.0,0.0,0.0,0.0,0.0,0.0,0.0,0.0,28.61,0.0,0.0,0.0,0.0,0.0,0.0
1783563080.018,0.0,0.0,0.0,0.0,0.0,0.0,0.0,0.0,0.0,28.61,0.0,0.0,0.0,0.0,0.0,0.0
1783563081.026,0.0,0.0,0.0,0.0,0.0,0.0,0.0,0.0,0.0,28.61,0.0,0.0,0.0,0.0,0.0,0.0
1783563082.039,0.0,0.0,0.0,0.0,0.0,0.0,0.0,0.0,0.0,28.61,0.0,0.0,0.0,0.0,0.0,0.0
1783563083.042,0.0,0.0,0.0,0.0,0.0,0.0,0.0,0.0,0.0,28.61,0.0,0.0,0.0,0.0,0.0,0.0
1783563084.052,0.0,0.0,0.0,0.0,0.0,0.0,0.0,0.0,0.0,28.61,0.0,0.0,0.0,0.0,0.0,0.0
1783563085.062,0.0,0.0,0.0,0.0,0.0,0.0,0.0,0.0,0.0,28.61,0.0,0.0,0.0,0.0,0.0,0.0
1783563086.095,0.0,0.0,0.0,0.0,0.0,0.0,0.0,0.0,0.0,28.6,0.0,0.0,0.0,0.0,0.0,0.0
1783563087.102,0.0,0.0,0.0,0.0,0.0,0.0,0.0,0.0,0.0,28.6,0.0,0.0,0.0,0.0,0.0,0.0
1783563088.106,0.0,0.0,0.0,0.0,0.0,0.0,0.0,0.0,0.0,28.6,0.0,0.0,0.0,0.0,0.0,0.0
1783563089.129,0.0,0.0,0.0,0.0,0.0,0.0,0.0,0.0,0.0,28.6,0.0,0.0,0.0,0.0,0.0,0.0
1783563090.157,0.0,0.0,0.0,0.0,0.0,0.0,0.0,0.0,0.0,28.6,0.0,0.0,0.0,0.0,0.0,0.0
1783563091.159,0.0,0.0,0.0,0.0,0.0,0.0,0.0,0.0,0.0,28.6,0.0,0.0,0.0,0.0,0.0,0.0
1783563092.179,0.0,0.0,0.0,0.0,0.0,0.0,0.0,0.0,0.0,28.6,0.0,0.0,0.0,0.0,0.0,0.0
1783563093.21,0.0,0.0,0.0,0.0,0.0,0.0,0.0,0.0,0.0,28.6,0.0,0.0,0.0,0.0,0.0,0.0
1783563094.217,0.0,0.0,0.0,0.0,0.0,0.0,0.0,0.0,0.0,28.6,0.0,0.0,0.0,0.0,0.0,0.0
1783563095.233,0.0,0.0,0.0,0.0,0.0,0.0,0.0,0.0,0.0,28.6,0.0,0.0,0.0,0.0,0.0,0.0
1783563096.256,0.0,0.0,0.0,0.0,0.0,0.0,0.0,0.0,0.0,28.6,0.0,0.0,0.0,0.0,0.0,0.0
1783563097.273,0.0,0.0,0.0,0.0,0.0,0.0,0.0,0.0,0.0,28.59,0.0,0.0,0.0,0.0,0.0,0.0
1783563098.276,0.0,0.0,0.0,0.0,0.0,0.0,0.0,0.0,0.0,28.59,0.0,0.0,0.0,0.0,0.0,0.0
1783563099.284,0.0,0.0,0.0,0.0,0.0,0.0,0.0,0.0,0.0,28.59,0.0,0.0,0.0,0.0,0.0,0.0
1783563100.288,0.0,0.0,0.0,0.0,0.0,0.0,0.0,0.0,0.0,28.59,0.0,0.0,0.0,0.0,0.0,0.0
1783563101.29,0.0,0.0,0.0,0.0,0.0,0.0,0.0,0.0,0.0,28.59,0.0,0.0,0.0,0.0,0.0,0.0
1783563102.405,0.0,0.0,0.0,0.0,0.0,0.0,0.0,0.0,0.0,28.59,0.0,0.0,0.0,0.0,0.0,0.0
1783563103.42,0.0,0.0,0.0,0.0,0.0,0.0,0.0,0.0,0.0,28.59,0.0,0.0,0.0,0.0,0.0,0.0
1783563104.438,0.0,0.0,0.0,0.0,0.0,0.0,0.0,0.0,0.0,28.59,0.0,0.0,0.0,0.0,0.0,0.0
1783563105.454,0.0,0.0,0.0,0.0,0.0,0.0,0.0,0.0,0.0,28.59,0.0,0.0,0.0,0.0,0.0,0.0
1783563106.476,0.0,0.0,0.0,0.0,0.0,0.0,0.0,0.0,0.0,28.59,0.0,0.0,0.0,0.0,0.0,0.0
1783563107.485,0.0,0.0,0.0,0.0,0.0,0.0,0.0,0.0,0.0,28.59,0.0,0.0,0.0,0.0,0.0,0.0
1783563108.492,0.0,0.0,0.0,0.0,0.0,0.0,0.0,0.0,0.0,28.59,0.0,0.0,0.0,0.0,0.0,0.0
1783563109.508,0.0,0.0,0.0,0.0,0.0,0.0,0.0,0.0,0.0,28.58,0.0,0.0,0.0,0.0,0.0,0.0
1783563110.534,0.0,0.0,0.0,0.0,0.0,0.0,0.0,0.0,0.0,28.58,0.0,0.0,0.0,0.0,0.0,0.0
1783563111.566,0.0,0.0,0.0,0.0,0.0,0.0,0.0,0.0,0.0,28.58,0.0,0.0,0.0,0.0,0.0,0.0
1783563112.586,0.0,0.0,0.0,0.0,0.0,0.0,0.0,0.0,0.0,28.58,0.0,0.0,0.0,0.0,0.0,0.0
1783563113.603,0.0,0.0,0.0,0.0,0.0,0.0,0.0,0.0,0.0,28.58,0.0,0.0,0.0,0.0,0.0,0.0
1783563114.613,0.0,0.0,0.0,0.0,0.0,0.0,0.0,0.0,0.0,28.58,0.0,0.0,0.0,0.0,0.0,0.0
1783563115.62,0.0,0.0,0.0,0.0,0.0,0.0,0.0,0.0,0.0,28.58,0.0,0.0,0.0,0.0,0.0,0.0
1783563116.631,0.0,0.0,0.0,0.0,0.0,0.0,0.0,0.0,0.0,28.58,0.0,0.0,0.0,0.0,0.0,0.0
1783563117.644,0.0,0.0,0.0,0.0,0.0,0.0,0.0,0.0,0.0,28.58,0.0,0.0,0.0,0.0,0.0,0.0
1783563118.679,0.0,0.0,0.0,0.0,0.0,0.0,0.0,0.0,0.0,28.58,0.0,0.0,0.0,0.0,0.0,0.0
1783563119.683,0.0,0.0,0.0,0.0,0.0,0.0,0.0,0.0,0.0,28.58,0.0,0.0,0.0,0.0,0.0,0.0
1783563120.692,0.0,0.0,0.0,0.0,0.0,0.0,0.0,0.0,0.0,28.58,0.0,0.0,0.0,0.0,0.0,0.0
1783563121.734,0.0,0.0,0.0,0.0,0.0,0.0,0.0,0.0,0.0,28.58,0.0,0.0,0.0,0.0,0.0,0.0
1783563122.772,0.0,0.0,0.0,0.0,0.0,0.0,0.0,0.0,0.0,28.58,0.0,0.0,0.0,0.0,0.0,0.0
1783563123.791,0.0,0.0,0.0,0.0,0.0,0.0,0.0,0.0,0.0,28.58,0.0,0.0,0.0,0.0,0.0,0.0
1783563124.797,0.0,0.0,0.0,0.0,0.0,0.0,0.0,0.0,0.0,28.57,0.0,0.0,0.0,0.0,0.0,0.0
1783563125.805,0.0,0.0,0.0,0.0,0.0,0.0,0.0,0.0,0.0,28.57,0.0,0.0,0.0,0.0,0.0,0.0
1783563126.806,0.0,0.0,0.0,0.0,0.0,0.0,0.0,0.0,0.0,28.57,0.0,0.0,0.0,0.0,0.0,0.0
1783563127.808,0.0,0.0,0.0,0.0,0.0,0.0,0.0,0.0,0.0,28.57,0.0,0.0,0.0,0.0,0.0,0.0
1783563128.81,0.0,0.0,0.0,0.0,0.0,0.0,0.0,0.0,0.0,28.57,0.0,0.0,0.0,0.0,0.0,0.0
1783563129.812,0.0,0.0,0.0,0.0,0.0,0.0,0.0,0.0,0.0,28.57,0.0,0.0,0.0,0.0,0.0,0.0
1783563130.814,0.0,0.0,0.0,0.0,0.0,0.0,0.0,0.0,0.0,28.57,0.0,0.0,0.0,0.0,0.0,0.0
1783563131.816,0.0,0.0,0.0,0.0,0.0,0.0,0.0,0.0,0.0,28.57,0.0,0.0,0.0,0.0,0.0,0.0
1783563132.818,0.0,0.0,0.0,0.0,0.0,0.0,0.0,0.0,0.0,28.57,0.0,0.0,0.0,0.0,0.0,0.0
1783563133.82,0.0,0.0,0.0,0.0,0.0,0.0,0.0,0.0,0.0,28.57,0.0,0.0,0.0,0.0,0.0,0.0
1783563134.822,0.0,0.0,0.0,0.0,0.0,0.0,0.0,0.0,0.0,28.57,0.0,0.0,0.0,0.0,0.0,0.0
1783563135.824,0.0,0.0,0.0,0.0,0.0,0.0,0.0,0.0,0.0,28.57,0.0,0.0,0.0,0.0,0.0,0.0
1783563136.826,0.0,0.0,0.0,0.0,0.0,0.0,0.0,0.0,0.0,28.57,0.0,0.0,0.0,0.0,0.0,0.0
1783563137.827,0.0,0.0,0.0,0.0,0.0,0.0,0.0,0.0,0.0,28.57,0.0,0.0,0.0,0.0,0.0,0.0
1783563138.829,0.0,0.0,0.0,0.0,0.0,0.0,0.0,0.0,0.0,28.57,0.0,0.0,0.0,0.0,0.0,0.0
1783563139.832,0.0,0.0,0.0,0.0,0.0,0.0,0.0,0.0,0.0,28.57,0.0,0.0,0.0,0.0,0.0,0.0
1783563140.834,0.0,0.0,0.0,0.0,0.0,0.0,0.0,0.0,0.0,28.57,0.0,0.0,0.0,0.0,0.0,0.0
1783563141.836,0.0,0.0,0.0,0.0,0.0,0.0,0.0,0.0,0.0,28.56,0.0,0.0,0.0,0.0,0.0,0.0
1783563142.838,0.0,0.0,0.0,0.0,0.0,0.0,0.0,0.0,0.0,28.56,0.0,0.0,0.0,0.0,0.0,0.0
1783563143.84,0.0,0.0,0.0,0.0,0.0,0.0,0.0,0.0,0.0,28.56,0.0,0.0,0.0,0.0,0.0,0.0
1783563144.842,0.0,0.0,0.0,0.0,0.0,0.0,0.0,0.0,0.0,28.56,0.0,0.0,0.0,0.0,0.0,0.0
1783563145.844,0.0,0.0,0.0,0.0,0.0,0.0,0.0,0.0,0.0,28.56,0.0,0.0,0.0,0.0,0.0,0.0
1783563146.846,0.0,0.0,0.0,0.0,0.0,0.0,0.0,0.0,0.0,28.56,0.0,0.0,0.0,0.0,0.0,0.0
1783563147.848,0.0,0.0,0.0,0.0,0.0,0.0,0.0,0.0,0.0,28.56,0.0,0.0,0.0,0.0,0.0,0.0
1783563148.849,0.0,0.0,0.0,0.0,0.0,0.0,0.0,0.0,0.0,28.56,0.0,0.0,0.0,0.0,0.0,0.0
1783563149.851,0.0,0.0,0.0,0.0,0.0,0.0,0.0,0.0,0.0,28.56,0.0,0.0,0.0,0.0,0.0,0.0
1783563150.852,0.0,0.0,0.0,0.0,0.0,0.0,0.0,0.0,0.0,28.56,0.0,0.0,0.0,0.0,0.0,0.0
1783563151.854,0.0,0.0,0.0,0.0,0.0,0.0,0.0,0.0,0.0,28.56,0.0,0.0,0.0,0.0,0.0,0.0
1783563152.855,0.0,0.0,0.0,0.0,0.0,0.0,0.0,0.0,0.0,28.56,0.0,0.0,0.0,0.0,0.0,0.0
1783563153.857,0.0,0.0,0.0,0.0,0.0,0.0,0.0,0.0,0.0,28.56,0.0,0.0,0.0,0.0,0.0,0.0
1783563154.859,0.0,0.0,0.0,0.0,0.0,0.0,0.0,0.0,0.0,28.56,0.0,0.0,0.0,0.0,0.0,0.0
1783563155.86,0.0,0.0,0.0,0.0,0.0,0.0,0.0,0.0,0.0,28.56,0.0,0.0,0.0,0.0,0.0,0.0
1783563156.862,0.0,0.0,0.0,0.0,0.0,0.0,0.0,0.0,0.0,28.56,0.0,0.0,0.0,0.0,0.0,0.0
1783563157.864,0.0,0.0,0.0,0.0,0.0,0.0,0.0,0.0,0.0,28.56,0.0,0.0,0.0,0.0,0.0,0.0
1783563158.866,0.0,0.0,0.0,0.0,0.0,0.0,0.0,0.0,0.0,28.56,0.0,0.0,0.0,0.0,0.0,0.0
1783563159.868,0.0,0.0,0.0,0.0,0.0,0.0,0.0,0.0,0.0,28.56,0.0,0.0,0.0,0.0,0.0,0.0
1783563160.87,0.0,0.0,0.0,0.0,0.0,0.0,0.0,0.0,0.0,28.55,0.0,0.0,0.0,0.0,0.0,0.0
1783563161.872,0.0,0.0,0.0,0.0,0.0,0.0,0.0,0.0,0.0,28.55,0.0,0.0,0.0,0.0,0.0,0.0
1783563162.875,0.0,0.0,0.0,0.0,0.0,0.0,0.0,0.0,0.0,28.55,0.0,0.0,0.0,0.0,0.0,0.0
1783563163.877,0.0,0.0,0.0,0.0,0.0,0.0,0.0,0.0,0.0,28.55,0.0,0.0,0.0,0.0,0.0,0.0
1783563164.879,0.0,0.0,0.0,0.0,0.0,0.0,0.0,0.0,0.0,28.55,0.0,0.0,0.0,0.0,0.0,0.0
1783563165.88,0.0,0.0,0.0,0.0,0.0,0.0,0.0,0.0,0.0,28.55,0.0,0.0,0.0,0.0,0.0,0.0
1783563166.882,0.0,0.0,0.0,0.0,0.0,0.0,0.0,0.0,0.0,28.55,0.0,0.0,0.0,0.0,0.0,0.0
1783563167.884,0.0,0.0,0.0,0.0,0.0,0.0,0.0,0.0,0.0,28.55,0.0,0.0,0.0,0.0,0.0,0.0
1783563168.886,0.0,0.0,0.0,0.0,0.0,0.0,0.0,0.0,0.0,28.55,0.0,0.0,0.0,0.0,0.0,0.0
1783563169.888,0.0,0.0,0.0,0.0,0.0,0.0,0.0,0.0,0.0,28.55,0.0,0.0,0.0,0.0,0.0,0.0
1783563170.89,0.0,0.0,0.0,0.0,0.0,0.0,0.0,0.0,0.0,28.55,0.0,0.0,0.0,0.0,0.0,0.0
1783563171.892,0.0,0.0,0.0,0.0,0.0,0.0,0.0,0.0,0.0,28.55,0.0,0.0,0.0,0.0,0.0,0.0
1783563172.894,0.0,0.0,0.0,0.0,0.0,0.0,0.0,0.0,0.0,28.55,0.0,0.0,0.0,0.0,0.0,0.0
1783563173.896,0.0,0.0,0.0,0.0,0.0,0.0,0.0,0.0,0.0,28.55,0.0,0.0,0.0,0.0,0.0,0.0
1783563174.897,0.0,0.0,0.0,0.0,0.0,0.0,0.0,0.0,0.0,28.54,0.0,0.0,0.0,0.0,0.0,0.0
1783563175.9,0.0,0.0,0.0,0.0,0.0,0.0,0.0,0.0,0.0,28.54,0.0,0.0,0.0,0.0,0.0,0.0
1783563176.904,0.0,0.0,0.0,0.0,0.0,0.0,0.0,0.0,0.0,28.54,0.0,0.0,0.0,0.0,0.0,0.0
1783563177.906,0.0,0.0,0.0,0.0,0.0,0.0,0.0,0.0,0.0,28.55,0.0,0.0,0.0,0.0,0.0,0.0
1783563178.908,0.0,0.0,0.0,0.0,0.0,0.0,0.0,0.0,0.0,28.54,0.0,0.0,0.0,0.0,0.0,0.0
1783563179.91,0.0,0.0,0.0,0.0,0.0,0.0,0.0,0.0,0.0,28.54,0.0,0.0,0.0,0.0,0.0,0.0
1783563180.912,0.0,0.0,0.0,0.0,0.0,0.0,0.0,0.0,0.0,28.54,0.0,0.0,0.0,0.0,0.0,0.0
1783563181.914,0.0,0.0,0.0,0.0,0.0,0.0,0.0,0.0,0.0,28.54,0.0,0.0,0.0,0.0,0.0,0.0
1783563182.917,0.0,0.0,0.0,0.0,0.0,0.0,0.0,0.0,0.0,28.54,0.0,0.0,0.0,0.0,0.0,0.0
1783563183.919,0.0,0.0,0.0,0.0,0.0,0.0,0.0,0.0,0.0,28.54,0.0,0.0,0.0,0.0,0.0,0.0
1783563184.92,0.0,0.0,0.0,0.0,0.0,0.0,0.0,0.0,0.0,28.54,0.0,0.0,0.0,0.0,0.0,0.0
1783563185.922,0.0,0.0,0.0,0.0,0.0,0.0,0.0,0.0,0.0,28.54,0.0,0.0,0.0,0.0,0.0,0.0
1783563186.923,0.0,0.0,0.0,0.0,0.0,0.0,0.0,0.0,0.0,28.54,0.0,0.0,0.0,0.0,0.0,0.0
1783563187.925,0.0,0.0,0.0,0.0,0.0,0.0,0.0,0.0,0.0,28.54,0.0,0.0,0.0,0.0,0.0,0.0
1783563188.927,0.0,0.0,0.0,0.0,0.0,0.0,0.0,0.0,0.0,28.54,0.0,0.0,0.0,0.0,0.0,0.0
1783563189.928,0.0,0.0,0.0,0.0,0.0,0.0,0.0,0.0,0.0,28.54,0.0,0.0,0.0,0.0,0.0,0.0
1783563190.929,0.0,0.0,0.0,0.0,0.0,0.0,0.0,0.0,0.0,28.54,0.0,0.0,0.0,0.0,0.0,0.0
1783563191.931,0.0,0.0,0.0,0.0,0.0,0.0,0.0,0.0,0.0,28.54,0.0,0.0,0.0,0.0,0.0,0.0
1783563192.935,0.0,0.0,0.0,0.0,0.0,0.0,0.0,0.0,0.0,28.53,0.0,0.0,0.0,0.0,0.0,0.0
1783563193.937,0.0,0.0,0.0,0.0,0.0,0.0,0.0,0.0,0.0,28.54,0.0,0.0,0.0,0.0,0.0,0.0
1783563194.939,0.0,0.0,0.0,0.0,0.0,0.0,0.0,0.0,0.0,28.54,0.0,0.0,0.0,0.0,0.0,0.0
1783563195.94,0.0,0.0,0.0,0.0,0.0,0.0,0.0,0.0,0.0,28.53,0.0,0.0,0.0,0.0,0.0,0.0
1783563196.942,0.0,0.0,0.0,0.0,0.0,0.0,0.0,0.0,0.0,28.53,0.0,0.0,0.0,0.0,0.0,0.0
1783563197.944,0.0,0.0,0.0,0.0,0.0,0.0,0.0,0.0,0.0,28.54,0.0,0.0,0.0,0.0,0.0,0.0
1783563198.946,0.0,0.0,0.0,0.0,0.0,0.0,0.0,0.0,0.0,28.53,0.0,0.0,0.0,0.0,0.0,0.0
1783563199.948,0.0,0.0,0.0,0.0,0.0,0.0,0.0,0.0,0.0,28.53,0.0,0.0,0.0,0.0,0.0,0.0
1783563200.95,0.0,0.0,0.0,0.0,0.0,0.0,0.0,0.0,0.0,28.53,0.0,0.0,0.0,0.0,0.0,0.0
1783563201.952,0.0,0.0,0.0,0.0,0.0,0.0,0.0,0.0,0.0,28.53,0.0,0.0,0.0,0.0,0.0,0.0
1783563202.954,0.0,0.0,0.0,0.0,0.0,0.0,0.0,0.0,0.0,28.53,0.0,0.0,0.0,0.0,0.0,0.0
1783563203.956,0.0,0.0,0.0,0.0,0.0,0.0,0.0,0.0,0.0,28.53,0.0,0.0,0.0,0.0,0.0,0.0
1783563204.957,0.0,0.0,0.0,0.0,0.0,0.0,0.0,0.0,0.0,28.53,0.0,0.0,0.0,0.0,0.0,0.0
1783563205.959,0.0,0.0,0.0,0.0,0.0,0.0,0.0,0.0,0.0,28.53,0.0,0.0,0.0,0.0,0.0,0.0
1783563206.96,0.0,0.0,0.0,0.0,0.0,0.0,0.0,0.0,0.0,28.53,0.0,0.0,0.0,0.0,0.0,0.0
1783563207.962,0.0,0.0,0.0,0.0,0.0,0.0,0.0,0.0,0.0,28.53,0.0,0.0,0.0,0.0,0.0,0.0
1783563208.963,0.0,0.0,0.0,0.0,0.0,0.0,0.0,0.0,0.0,28.53,0.0,0.0,0.0,0.0,0.0,0.0
1783563209.965,0.0,0.0,0.0,0.0,0.0,0.0,0.0,0.0,0.0,28.53,0.0,0.0,0.0,0.0,0.0,0.0
1783563210.967,0.0,0.0,0.0,0.0,0.0,0.0,0.0,0.0,0.0,28.53,0.0,0.0,0.0,0.0,0.0,0.0
1783563211.969,0.0,0.0,0.0,0.0,0.0,0.0,0.0,0.0,0.0,28.53,0.0,0.0,0.0,0.0,0.0,0.0
1783563212.971,0.0,0.0,0.0,0.0,0.0,0.0,0.0,0.0,0.0,28.53,0.0,0.0,0.0,0.0,0.0,0.0
1783563213.973,0.0,0.0,0.0,0.0,0.0,0.0,0.0,0.0,0.0,28.52,0.0,0.0,0.0,0.0,0.0,0.0
1783563214.976,0.0,0.0,0.0,0.0,0.0,0.0,0.0,0.0,0.0,28.53,0.0,0.0,0.0,0.0,0.0,0.0
1783563215.978,0.0,0.0,0.0,0.0,0.0,0.0,0.0,0.0,0.0,28.52,0.0,0.0,0.0,0.0,0.0,0.0
1783563216.98,0.0,0.0,0.0,0.0,0.0,0.0,0.0,0.0,0.0,28.52,0.0,0.0,0.0,0.0,0.0,0.0
1783563217.982,0.0,0.0,0.0,0.0,0.0,0.0,0.0,0.0,0.0,28.52,0.0,0.0,0.0,0.0,0.0,0.0
1783563218.984,0.0,0.0,0.0,0.0,0.0,0.0,0.0,0.0,0.0,28.52,0.0,0.0,0.0,0.0,0.0,0.0
1783563219.986,0.0,0.0,0.0,0.0,0.0,0.0,0.0,0.0,0.0,28.52,0.0,0.0,0.0,0.0,0.0,0.0
1783563220.988,0.0,0.0,0.0,0.0,0.0,0.0,0.0,0.0,0.0,28.52,0.0,0.0,0.0,0.0,0.0,0.0
1783563221.99,0.0,0.0,0.0,0.0,0.0,0.0,0.0,0.0,0.0,28.52,0.0,0.0,0.0,0.0,0.0,0.0
1783563222.992,0.0,0.0,0.0,0.0,0.0,0.0,0.0,0.0,0.0,28.52,0.0,0.0,0.0,0.0,0.0,0.0
1783563223.995,0.0,0.0,0.0,0.0,0.0,0.0,0.0,0.0,0.0,28.52,0.0,0.0,0.0,0.0,0.0,0.0
1783563224.997,0.0,0.0,0.0,0.0,0.0,0.0,0.0,0.0,0.0,28.51,0.0,0.0,0.0,0.0,0.0,0.0
1783563226.001,0.0,0.0,0.0,0.0,0.0,0.0,0.0,0.0,0.0,28.52,0.0,0.0,0.0,0.0,0.0,0.0
1783563227.003,0.0,0.0,0.0,0.0,0.0,0.0,0.0,0.0,0.0,28.51,0.0,0.0,0.0,0.0,0.0,0.0
1783563228.004,0.0,0.0,0.0,0.0,0.0,0.0,0.0,0.0,0.0,28.51,0.0,0.0,0.0,0.0,0.0,0.0
1783563229.006,0.0,0.0,0.0,0.0,0.0,0.0,0.0,0.0,0.0,28.51,0.0,0.0,0.0,0.0,0.0,0.0
1783563230.008,0.0,0.0,0.0,0.0,0.0,0.0,0.0,0.0,0.0,28.51,0.0,0.0,0.0,0.0,0.0,0.0
1783563231.011,0.0,0.0,0.0,0.0,0.0,0.0,0.0,0.0,0.0,28.51,0.0,0.0,0.0,0.0,0.0,0.0
1783563232.013,0.0,0.0,0.0,0.0,0.0,0.0,0.0,0.0,0.0,28.51,0.0,0.0,0.0,0.0,0.0,0.0
1783563233.014,0.0,0.0,0.0,0.0,0.0,0.0,0.0,0.0,0.0,28.51,0.0,0.0,0.0,0.0,0.0,0.0
1783563234.018,0.0,0.0,0.0,0.0,0.0,0.0,0.0,0.0,0.0,28.51,0.0,0.0,0.0,0.0,0.0,0.0
1783563235.02,0.0,0.0,0.0,0.0,0.0,0.0,0.0,0.0,0.0,28.51,0.0,0.0,0.0,0.0,0.0,0.0
1783563236.022,0.0,0.0,0.0,0.0,0.0,0.0,0.0,0.0,0.0,28.51,0.0,0.0,0.0,0.0,0.0,0.0
1783563237.024,0.0,0.0,0.0,0.0,0.0,0.0,0.0,0.0,0.0,28.51,0.0,0.0,0.0,0.0,0.0,0.0
1783563238.026,0.0,0.0,0.0,0.0,0.0,0.0,0.0,0.0,0.0,28.5,0.0,0.0,0.0,0.0,0.0,0.0
1783563239.028,0.0,0.0,0.0,0.0,0.0,0.0,0.0,0.0,0.0,28.5,0.0,0.0,0.0,0.0,0.0,0.0
1783563240.03,0.0,0.0,0.0,0.0,0.0,0.0,0.0,0.0,0.0,28.5,0.0,0.0,0.0,0.0,0.0,0.0
1783563241.032,0.0,0.0,0.0,0.0,0.0,0.0,0.0,0.0,0.0,28.5,0.0,0.0,0.0,0.0,0.0,0.0
1783563242.034,0.0,0.0,0.0,0.0,0.0,0.0,0.0,0.0,0.0,28.5,0.0,0.0,0.0,0.0,0.0,0.0
1783563243.036,0.0,0.0,0.0,0.0,0.0,0.0,0.0,0.0,0.0,28.5,0.0,0.0,0.0,0.0,0.0,0.0
1783563244.037,0.0,0.0,0.0,0.0,0.0,0.0,0.0,0.0,0.0,28.5,0.0,0.0,0.0,0.0,0.0,0.0
1783563245.04,0.0,0.0,0.0,0.0,0.0,0.0,0.0,0.0,0.0,28.5,0.0,0.0,0.0,0.0,0.0,0.0
1783563246.042,0.0,0.0,0.0,0.0,0.0,0.0,0.0,0.0,0.0,28.5,0.0,0.0,0.0,0.0,0.0,0.0
1783563247.044,0.0,0.0,0.0,0.0,0.0,0.0,0.0,0.0,0.0,28.5,0.0,0.0,0.0,0.0,0.0,0.0
1783563248.046,0.0,0.0,0.0,0.0,0.0,0.0,0.0,0.0,0.0,28.5,0.0,0.0,0.0,0.0,0.0,0.0
1783563249.048,0.0,0.0,0.0,0.0,0.0,0.0,0.0,0.0,0.0,28.5,0.0,0.0,0.0,0.0,0.0,0.0
1783563250.05,0.0,0.0,0.0,0.0,0.0,0.0,0.0,0.0,0.0,28.5,0.0,0.0,0.0,0.0,0.0,0.0
1783563251.052,0.0,0.0,0.0,0.0,0.0,0.0,0.0,0.0,0.0,28.49,0.0,0.0,0.0,0.0,0.0,0.0
1783563252.054,0.0,0.0,0.0,0.0,0.0,0.0,0.0,0.0,0.0,28.49,0.0,0.0,0.0,0.0,0.0,0.0
1783563253.056,0.0,0.0,0.0,0.0,0.0,0.0,0.0,0.0,0.0,28.49,0.0,0.0,0.0,0.0,0.0,0.0
1783563254.058,0.0,0.0,0.0,0.0,0.0,0.0,0.0,0.0,0.0,28.49,0.0,0.0,0.0,0.0,0.0,0.0
1783563255.059,0.0,0.0,0.0,0.0,0.0,0.0,0.0,0.0,0.0,28.49,0.0,0.0,0.0,0.0,0.0,0.0
1783563256.061,0.0,0.0,0.0,0.0,0.0,0.0,0.0,0.0,0.0,28.49,0.0,0.0,0.0,0.0,0.0,0.0
1783563257.063,0.0,0.0,0.0,0.0,0.0,0.0,0.0,0.0,0.0,28.49,0.0,0.0,0.0,0.0,0.0,0.0
1783563258.065,0.0,0.0,0.0,0.0,0.0,0.0,0.0,0.0,0.0,28.49,0.0,0.0,0.0,0.0,0.0,0.0
1783563259.067,0.0,0.0,0.0,0.0,0.0,0.0,0.0,0.0,0.0,28.49,0.0,0.0,0.0,0.0,0.0,0.0
1783563260.069,0.0,0.0,0.0,0.0,0.0,0.0,0.0,0.0,0.0,28.49,0.0,0.0,0.0,0.0,0.0,0.0
1783563261.071,0.0,0.0,0.0,0.0,0.0,0.0,0.0,0.0,0.0,28.49,0.0,0.0,0.0,0.0,0.0,0.0
1783563262.073,0.0,0.0,0.0,0.0,0.0,0.0,0.0,0.0,0.0,28.49,0.0,0.0,0.0,0.0,0.0,0.0
1783563263.075,0.0,0.0,0.0,0.0,0.0,0.0,0.0,0.0,0.0,28.49,0.0,0.0,0.0,0.0,0.0,0.0
1783563264.078,0.0,0.0,0.0,0.0,0.0,0.0,0.0,0.0,0.0,28.49,0.0,0.0,0.0,0.0,0.0,0.0
1783563265.079,0.0,0.0,0.0,0.0,0.0,0.0,0.0,0.0,0.0,28.49,0.0,0.0,0.0,0.0,0.0,0.0
1783563266.081,0.0,0.0,0.0,0.0,0.0,0.0,0.0,0.0,0.0,28.49,0.0,0.0,0.0,0.0,0.0,0.0
1783563267.083,0.0,0.0,0.0,0.0,0.0,0.0,0.0,0.0,0.0,28.48,0.0,0.0,0.0,0.0,0.0,0.0
1783563268.084,0.0,0.0,0.0,0.0,0.0,0.0,0.0,0.0,0.0,28.48,0.0,0.0,0.0,0.0,0.0,0.0
1783563269.086,0.0,0.0,0.0,0.0,0.0,0.0,0.0,0.0,0.0,28.48,0.0,0.0,0.0,0.0,0.0,0.0
1783563270.088,0.0,0.0,0.0,0.0,0.0,0.0,0.0,0.0,0.0,28.48,0.0,0.0,0.0,0.0,0.0,0.0
1783563271.089,0.0,0.0,0.0,0.0,0.0,0.0,0.0,0.0,0.0,28.48,0.0,0.0,0.0,0.0,0.0,0.0
1783563272.091,0.0,0.0,0.0,0.0,0.0,0.0,0.0,0.0,0.0,28.48,0.0,0.0,0.0,0.0,0.0,0.0
1783563273.092,0.0,0.0,0.0,0.0,0.0,0.0,0.0,0.0,0.0,28.48,0.0,0.0,0.0,0.0,0.0,0.0
1783563274.094,0.0,0.0,0.0,0.0,0.0,0.0,0.0,0.0,0.0,28.48,0.0,0.0,0.0,0.0,0.0,0.0
1783563275.097,0.0,0.0,0.0,0.0,0.0,0.0,0.0,0.0,0.0,28.48,0.0,0.0,0.0,0.0,0.0,0.0
1783563276.099,0.0,0.0,0.0,0.0,0.0,0.0,0.0,0.0,0.0,28.48,0.0,0.0,0.0,0.0,0.0,0.0
1783563277.105,0.0,0.0,0.0,0.0,0.0,0.0,0.0,0.0,0.0,28.48,0.0,0.0,0.0,0.0,0.0,0.0
1783563278.107,0.0,0.0,0.0,0.0,0.0,0.0,0.0,0.0,0.0,28.48,0.0,0.0,0.0,0.0,0.0,0.0
1783563279.109,0.0,0.0,0.0,0.0,0.0,0.0,0.0,0.0,0.0,28.48,0.0,0.0,0.0,0.0,0.0,0.0
1783563280.11,0.0,0.0,0.0,0.0,0.0,0.0,0.0,0.0,0.0,28.48,0.0,0.0,0.0,0.0,0.0,0.0
1783563281.112,0.0,0.0,0.0,0.0,0.0,0.0,0.0,0.0,0.0,28.48,0.0,0.0,0.0,0.0,0.0,0.0
1783563282.114,0.0,0.0,0.0,0.0,0.0,0.0,0.0,0.0,0.0,28.48,0.0,0.0,0.0,0.0,0.0,0.0
1783563283.116,0.0,0.0,0.0,0.0,0.0,0.0,0.0,0.0,0.0,28.47,0.0,0.0,0.0,0.0,0.0,0.0
1783563284.117,0.0,0.0,0.0,0.0,0.0,0.0,0.0,0.0,0.0,28.47,0.0,0.0,0.0,0.0,0.0,0.0
1783563285.119,0.0,0.0,0.0,0.0,0.0,0.0,0.0,0.0,0.0,28.47,0.0,0.0,0.0,0.0,0.0,0.0
1783563286.121,0.0,0.0,0.0,0.0,0.0,0.0,0.0,0.0,0.0,28.47,0.0,0.0,0.0,0.0,0.0,0.0
1783563287.123,0.0,0.0,0.0,0.0,0.0,0.0,0.0,0.0,0.0,28.47,0.0,0.0,0.0,0.0,0.0,0.0
1783563288.124,0.0,0.0,0.0,0.0,0.0,0.0,0.0,0.0,0.0,28.47,0.0,0.0,0.0,0.0,0.0,0.0
1783563289.126,0.0,0.0,0.0,0.0,0.0,0.0,0.0,0.0,0.0,28.47,0.0,0.0,0.0,0.0,0.0,0.0
1783563290.128,0.0,0.0,0.0,0.0,0.0,0.0,0.0,0.0,0.0,28.47,0.0,0.0,0.0,0.0,0.0,0.0
1783563291.131,0.0,0.0,0.0,0.0,0.0,0.0,0.0,0.0,0.0,28.47,0.0,0.0,0.0,0.0,0.0,0.0
1783563292.132,0.0,0.0,0.0,0.0,0.0,0.0,0.0,0.0,0.0,28.47,0.0,0.0,0.0,0.0,0.0,0.0
1783563293.134,0.0,0.0,0.0,0.0,0.0,0.0,0.0,0.0,0.0,28.47,0.0,0.0,0.0,0.0,0.0,0.0
1783563294.136,0.0,0.0,0.0,0.0,0.0,0.0,0.0,0.0,0.0,28.47,0.0,0.0,0.0,0.0,0.0,0.0
1783563295.137,0.0,0.0,0.0,0.0,0.0,0.0,0.0,0.0,0.0,28.47,0.0,0.0,0.0,0.0,0.0,0.0
1783563296.139,0.0,0.0,0.0,0.0,0.0,0.0,0.0,0.0,0.0,28.47,0.0,0.0,0.0,0.0,0.0,0.0
1783563297.14,0.0,0.0,0.0,0.0,0.0,0.0,0.0,0.0,0.0,28.47,0.0,0.0,0.0,0.0,0.0,0.0
1783563298.142,0.0,0.0,0.0,0.0,0.0,0.0,0.0,0.0,0.0,28.47,0.0,0.0,0.0,0.0,0.0,0.0
1783563299.143,0.0,0.0,0.0,0.0,0.0,0.0,0.0,0.0,0.0,28.47,0.0,0.0,0.0,0.0,0.0,0.0
1783563300.145,0.0,0.0,0.0,0.0,0.0,0.0,0.0,0.0,0.0,28.47,0.0,0.0,0.0,0.0,0.0,0.0
1783563301.147,0.0,0.0,0.0,0.0,0.0,0.0,0.0,0.0,0.0,28.47,0.0,0.0,0.0,0.0,0.0,0.0
1783563302.149,0.0,0.0,0.0,0.0,0.0,0.0,0.0,0.0,0.0,28.46,0.0,0.0,0.0,0.0,0.0,0.0
1783563303.151,0.0,0.0,0.0,0.0,0.0,0.0,0.0,0.0,0.0,28.46,0.0,0.0,0.0,0.0,0.0,0.0
1783563304.154,0.0,0.0,0.0,0.0,0.0,0.0,0.0,0.0,0.0,28.46,0.0,0.0,0.0,0.0,0.0,0.0
1783563305.156,0.0,0.0,0.0,0.0,0.0,0.0,0.0,0.0,0.0,28.46,0.0,0.0,0.0,0.0,0.0,0.0
1783563306.158,0.0,0.0,0.0,0.0,0.0,0.0,0.0,0.0,0.0,28.46,0.0,0.0,0.0,0.0,0.0,0.0
1783563307.168,0.0,0.0,0.0,0.0,0.0,0.0,0.0,0.0,0.0,28.46,0.0,0.0,0.0,0.0,0.0,0.0
1783563308.17,0.0,0.0,0.0,0.0,0.0,0.0,0.0,0.0,0.0,28.46,0.0,0.0,0.0,0.0,0.0,0.0
1783563309.172,0.0,0.0,0.0,0.0,0.0,0.0,0.0,0.0,0.0,28.46,0.0,0.0,0.0,0.0,0.0,0.0
1783563310.174,0.0,0.0,0.0,0.0,0.0,0.0,0.0,0.0,0.0,28.46,0.0,0.0,0.0,0.0,0.0,0.0
1783563311.176,0.0,0.0,0.0,0.0,0.0,0.0,0.0,0.0,0.0,28.46,0.0,0.0,0.0,0.0,0.0,0.0
1783563312.178,0.0,0.0,0.0,0.0,0.0,0.0,0.0,0.0,0.0,28.46,0.0,0.0,0.0,0.0,0.0,0.0
1783563313.18,0.0,0.0,0.0,0.0,0.0,0.0,0.0,0.0,0.0,28.46,0.0,0.0,0.0,0.0,0.0,0.0
1783563314.182,0.0,0.0,0.0,0.0,0.0,0.0,0.0,0.0,0.0,28.46,0.0,0.0,0.0,0.0,0.0,0.0
1783563315.184,0.0,0.0,0.0,0.0,0.0,0.0,0.0,0.0,0.0,28.46,0.0,0.0,0.0,0.0,0.0,0.0
1783563316.186,0.0,0.0,0.0,0.0,0.0,0.0,0.0,0.0,0.0,28.46,0.0,0.0,0.0,0.0,0.0,0.0
1783563317.188,0.0,0.0,0.0,0.0,0.0,0.0,0.0,0.0,0.0,28.46,0.0,0.0,0.0,0.0,0.0,0.0
1783563318.19,0.0,0.0,0.0,0.0,0.0,0.0,0.0,0.0,0.0,28.45,0.0,0.0,0.0,0.0,0.0,0.0
1783563319.192,0.0,0.0,0.0,0.0,0.0,0.0,0.0,0.0,0.0,28.45,0.0,0.0,0.0,0.0,0.0,0.0
1783563320.194,0.0,0.0,0.0,0.0,0.0,0.0,0.0,0.0,0.0,28.45,0.0,0.0,0.0,0.0,0.0,0.0
1783563321.195,0.0,0.0,0.0,0.0,0.0,0.0,0.0,0.0,0.0,28.45,0.0,0.0,0.0,0.0,0.0,0.0
1783563322.197,0.0,0.0,0.0,0.0,0.0,0.0,0.0,0.0,0.0,28.45,0.0,0.0,0.0,0.0,0.0,0.0
1783563323.199,0.0,0.0,0.0,0.0,0.0,0.0,0.0,0.0,0.0,28.45,0.0,0.0,0.0,0.0,0.0,0.0
1783563324.2,0.0,0.0,0.0,0.0,0.0,0.0,0.0,0.0,0.0,28.45,0.0,0.0,0.0,0.0,0.0,0.0
1783563325.202,0.0,0.0,0.0,0.0,0.0,0.0,0.0,0.0,0.0,28.45,0.0,0.0,0.0,0.0,0.0,0.0
1783563326.207,0.0,0.0,0.0,0.0,0.0,0.0,0.0,0.0,0.0,28.45,0.0,0.0,0.0,0.0,0.0,0.0
1783563327.208,0.0,0.0,0.0,0.0,0.0,0.0,0.0,0.0,0.0,28.45,0.0,0.0,0.0,0.0,0.0,0.0
1783563328.21,0.0,0.0,0.0,0.0,0.0,0.0,0.0,0.0,0.0,28.45,0.0,0.0,0.0,0.0,0.0,0.0
1783563329.211,0.0,0.0,0.0,0.0,0.0,0.0,0.0,0.0,0.0,28.45,0.0,0.0,0.0,0.0,0.0,0.0
1783563330.214,0.0,0.0,0.0,0.0,0.0,0.0,0.0,0.0,0.0,28.44,0.0,0.0,0.0,0.0,0.0,0.0
1783563331.216,0.0,0.0,0.0,0.0,0.0,0.0,0.0,0.0,0.0,28.44,0.0,0.0,0.0,0.0,0.0,0.0
1783563332.218,0.0,0.0,0.0,0.0,0.0,0.0,0.0,0.0,0.0,28.44,0.0,0.0,0.0,0.0,0.0,0.0
1783563333.219,0.0,0.0,0.0,0.0,0.0,0.0,0.0,0.0,0.0,28.44,0.0,0.0,0.0,0.0,0.0,0.0
1783563334.221,0.0,0.0,0.0,0.0,0.0,0.0,0.0,0.0,0.0,28.44,0.0,0.0,0.0,0.0,0.0,0.0
1783563335.223,0.0,0.0,0.0,0.0,0.0,0.0,0.0,0.0,0.0,28.44,0.0,0.0,0.0,0.0,0.0,0.0
1783563336.226,0.0,0.0,0.0,0.0,0.0,0.0,0.0,0.0,0.0,28.44,0.0,0.0,0.0,0.0,0.0,0.0
1783563337.228,0.0,0.0,0.0,0.0,0.0,0.0,0.0,0.0,0.0,28.44,0.0,0.0,0.0,0.0,0.0,0.0
1783563338.23,0.0,0.0,0.0,0.0,0.0,0.0,0.0,0.0,0.0,28.44,0.0,0.0,0.0,0.0,0.0,0.0
1783563339.232,0.0,0.0,0.0,0.0,0.0,0.0,0.0,0.0,0.0,28.44,0.0,0.0,0.0,0.0,0.0,0.0
1783563340.234,0.0,0.0,0.0,0.0,0.0,0.0,0.0,0.0,0.0,28.44,0.0,0.0,0.0,0.0,0.0,0.0
1783563341.236,0.0,0.0,0.0,0.0,0.0,0.0,0.0,0.0,0.0,28.43,0.0,0.0,0.0,0.0,0.0,0.0
1783563342.238,0.0,0.0,0.0,0.0,0.0,0.0,0.0,0.0,0.0,28.43,0.0,0.0,0.0,0.0,0.0,0.0
1783563343.24,0.0,0.0,0.0,0.0,0.0,0.0,0.0,0.0,0.0,28.43,0.0,0.0,0.0,0.0,0.0,0.0
1783563344.242,0.0,0.0,0.0,0.0,0.0,0.0,0.0,0.0,0.0,28.43,0.0,0.0,0.0,0.0,0.0,0.0
1783563345.244,0.0,0.0,0.0,0.0,0.0,0.0,0.0,0.0,0.0,28.43,0.0,0.0,0.0,0.0,0.0,0.0
1783563346.246,0.0,0.0,0.0,0.0,0.0,0.0,0.0,0.0,0.0,28.43,0.0,0.0,0.0,0.0,0.0,0.0
1783563347.248,0.0,0.0,0.0,0.0,0.0,0.0,0.0,0.0,0.0,28.43,0.0,0.0,0.0,0.0,0.0,0.0
1783563348.252,0.0,0.0,0.0,0.0,0.0,0.0,0.0,0.0,0.0,28.43,0.0,0.0,0.0,0.0,0.0,0.0
1783563349.254,0.0,0.0,0.0,0.0,0.0,0.0,0.0,0.0,0.0,28.43,0.0,0.0,0.0,0.0,0.0,0.0
1783563350.256,0.0,0.0,0.0,0.0,0.0,0.0,0.0,0.0,0.0,28.42,0.0,0.0,0.0,0.0,0.0,0.0
1783563351.258,0.0,0.0,0.0,0.0,0.0,0.0,0.0,0.0,0.0,28.42,0.0,0.0,0.0,0.0,0.0,0.0
1783563352.26,0.0,0.0,0.0,0.0,0.0,0.0,0.0,0.0,0.0,28.42,0.0,0.0,0.0,0.0,0.0,0.0
1783563353.262,0.0,0.0,0.0,0.0,0.0,0.0,0.0,0.0,0.0,28.42,0.0,0.0,0.0,0.0,0.0,0.0
1783563354.264,0.0,0.0,0.0,0.0,0.0,0.0,0.0,0.0,0.0,28.42,0.0,0.0,0.0,0.0,0.0,0.0
1783563355.267,0.0,0.0,0.0,0.0,0.0,0.0,0.0,0.0,0.0,28.42,0.0,0.0,0.0,0.0,0.0,0.0
1783563356.269,0.0,0.0,0.0,0.0,0.0,0.0,0.0,0.0,0.0,28.42,0.0,0.0,0.0,0.0,0.0,0.0
1783563357.271,0.0,0.0,0.0,0.0,0.0,0.0,0.0,0.0,0.0,28.42,0.0,0.0,0.0,0.0,0.0,0.0
1783563358.273,0.0,0.0,0.0,0.0,0.0,0.0,0.0,0.0,0.0,28.42,0.0,0.0,0.0,0.0,0.0,0.0
1783563359.274,0.0,0.0,0.0,0.0,0.0,0.0,0.0,0.0,0.0,28.41,0.0,0.0,0.0,0.0,0.0,0.0
1783563360.276,0.0,0.0,0.0,0.0,0.0,0.0,0.0,0.0,0.0,28.41,0.0,0.0,0.0,0.0,0.0,0.0
1783563361.278,0.0,0.0,0.0,0.0,0.0,0.0,0.0,0.0,0.0,28.41,0.0,0.0,0.0,0.0,0.0,0.0
1783563362.281,0.0,0.0,0.0,0.0,0.0,0.0,0.0,0.0,0.0,28.41,0.0,0.0,0.0,0.0,0.0,0.0
1783563363.282,0.0,0.0,0.0,0.0,0.0,0.0,0.0,0.0,0.0,28.41,0.0,0.0,0.0,0.0,0.0,0.0
1783563364.284,0.0,0.0,0.0,0.0,0.0,0.0,0.0,0.0,0.0,28.41,0.0,0.0,0.0,0.0,0.0,0.0
1783563365.286,0.0,0.0,0.0,0.0,0.0,0.0,0.0,0.0,0.0,28.41,0.0,0.0,0.0,0.0,0.0,0.0
1783563366.288,0.0,0.0,0.0,0.0,0.0,0.0,0.0,0.0,0.0,28.41,0.0,0.0,0.0,0.0,0.0,0.0
1783563367.291,0.0,0.0,0.0,0.0,0.0,0.0,0.0,0.0,0.0,28.41,0.0,0.0,0.0,0.0,0.0,0.0
1783563368.298,0.0,0.0,0.0,0.0,0.0,0.0,0.0,0.0,0.0,28.41,0.0,0.0,0.0,0.0,0.0,0.0
1783563369.3,0.0,0.0,0.0,0.0,0.0,0.0,0.0,0.0,0.0,28.41,0.0,0.0,0.0,0.0,0.0,0.0
1783563370.302,0.0,0.0,0.0,0.0,0.0,0.0,0.0,0.0,0.0,28.41,0.0,0.0,0.0,0.0,0.0,0.0
1783563371.303,0.0,0.0,0.0,0.0,0.0,0.0,0.0,0.0,0.0,28.41,0.0,0.0,0.0,0.0,0.0,0.0
1783563372.305,0.0,0.0,0.0,0.0,0.0,0.0,0.0,0.0,0.0,28.4,0.0,0.0,0.0,0.0,0.0,0.0
1783563373.308,0.0,0.0,0.0,0.0,0.0,0.0,0.0,0.0,0.0,28.41,0.0,0.0,0.0,0.0,0.0,0.0
1783563374.31,0.0,0.0,0.0,0.0,0.0,0.0,0.0,0.0,0.0,28.41,0.0,0.0,0.0,0.0,0.0,0.0
1783563375.313,0.0,0.0,0.0,0.0,0.0,0.0,0.0,0.0,0.0,28.4,0.0,0.0,0.0,0.0,0.0,0.0
1783563376.315,0.0,0.0,0.0,0.0,0.0,0.0,0.0,0.0,0.0,28.4,0.0,0.0,0.0,0.0,0.0,0.0
1783563377.316,0.0,0.0,0.0,0.0,0.0,0.0,0.0,0.0,0.0,28.4,0.0,0.0,0.0,0.0,0.0,0.0
1783563378.319,0.0,0.0,0.0,0.0,0.0,0.0,0.0,0.0,0.0,28.4,0.0,0.0,0.0,0.0,0.0,0.0
1783563379.321,0.0,0.0,0.0,0.0,0.0,0.0,0.0,0.0,0.0,28.4,0.0,0.0,0.0,0.0,0.0,0.0
1783563380.324,0.0,0.0,0.0,0.0,0.0,0.0,0.0,0.0,0.0,28.4,0.0,0.0,0.0,0.0,0.0,0.0
1783563381.326,0.0,0.0,0.0,0.0,0.0,0.0,0.0,0.0,0.0,28.4,0.0,0.0,0.0,0.0,0.0,0.0
1783563382.328,0.0,0.0,0.0,0.0,0.0,0.0,0.0,0.0,0.0,28.4,0.0,0.0,0.0,0.0,0.0,0.0
1783563383.33,0.0,0.0,0.0,0.0,0.0,0.0,0.0,0.0,0.0,28.4,0.0,0.0,0.0,0.0,0.0,0.0
1783563384.332,0.0,0.0,0.0,0.0,0.0,0.0,0.0,0.0,0.0,28.4,0.0,0.0,0.0,0.0,0.0,0.0
1783563385.334,0.0,0.0,0.0,0.0,0.0,0.0,0.0,0.0,0.0,28.4,0.0,0.0,0.0,0.0,0.0,0.0
1783563386.336,0.0,0.0,0.0,0.0,0.0,0.0,0.0,0.0,0.0,28.4,0.0,0.0,0.0,0.0,0.0,0.0
1783563387.339,0.0,0.0,0.0,0.0,0.0,0.0,0.0,0.0,0.0,28.4,0.0,0.0,0.0,0.0,0.0,0.0
1783563388.341,0.0,0.0,0.0,0.0,0.0,0.0,0.0,0.0,0.0,28.4,0.0,0.0,0.0,0.0,0.0,0.0
1783563389.343,0.0,0.0,0.0,0.0,0.0,0.0,0.0,0.0,0.0,28.4,0.0,0.0,0.0,0.0,0.0,0.0
1783563390.345,0.0,0.0,0.0,0.0,0.0,0.0,0.0,0.0,0.0,28.4,0.0,0.0,0.0,0.0,0.0,0.0
1783563391.346,0.0,0.0,0.0,0.0,0.0,0.0,0.0,0.0,0.0,28.39,0.0,0.0,0.0,0.0,0.0,0.0
1783563392.348,0.0,0.0,0.0,0.0,0.0,0.0,0.0,0.0,0.0,28.4,0.0,0.0,0.0,0.0,0.0,0.0
1783563393.35,0.0,0.0,0.0,0.0,0.0,0.0,0.0,0.0,0.0,28.39,0.0,0.0,0.0,0.0,0.0,0.0
1783563394.351,0.0,0.0,0.0,0.0,0.0,0.0,0.0,0.0,0.0,28.39,0.0,0.0,0.0,0.0,0.0,0.0
1783563395.352,0.0,0.0,0.0,0.0,0.0,0.0,0.0,0.0,0.0,28.39,0.0,0.0,0.0,0.0,0.0,0.0
1783563396.354,0.0,0.0,0.0,0.0,0.0,0.0,0.0,0.0,0.0,28.39,0.0,0.0,0.0,0.0,0.0,0.0
1783563397.356,0.0,0.0,0.0,0.0,0.0,0.0,0.0,0.0,0.0,28.39,0.0,0.0,0.0,0.0,0.0,0.0
1783563398.357,0.0,0.0,0.0,0.0,0.0,0.0,0.0,0.0,0.0,28.39,0.0,0.0,0.0,0.0,0.0,0.0
1783563399.359,0.0,0.0,0.0,0.0,0.0,0.0,0.0,0.0,0.0,28.39,0.0,0.0,0.0,0.0,0.0,0.0
1783563400.361,0.0,0.0,0.0,0.0,0.0,0.0,0.0,0.0,0.0,28.39,0.0,0.0,0.0,0.0,0.0,0.0
1783563401.363,0.0,0.0,0.0,0.0,0.0,0.0,0.0,0.0,0.0,28.39,0.0,0.0,0.0,0.0,0.0,0.0
1783563402.364,0.0,0.0,0.0,0.0,0.0,0.0,0.0,0.0,0.0,28.39,0.0,0.0,0.0,0.0,0.0,0.0
1783563403.368,0.0,0.0,0.0,0.0,0.0,0.0,0.0,0.0,0.0,28.39,0.0,0.0,0.0,0.0,0.0,0.0
1783563404.37,0.0,0.0,0.0,0.0,0.0,0.0,0.0,0.0,0.0,28.39,0.0,0.0,0.0,0.0,0.0,0.0
1783563405.373,0.0,0.0,0.0,0.0,0.0,0.0,0.0,0.0,0.0,28.39,0.0,0.0,0.0,0.0,0.0,0.0
1783563406.375,0.0,0.0,0.0,0.0,0.0,0.0,0.0,0.0,0.0,28.39,0.0,0.0,0.0,0.0,0.0,0.0
1783563407.377,0.0,0.0,0.0,0.0,0.0,0.0,0.0,0.0,0.0,28.39,0.0,0.0,0.0,0.0,0.0,0.0
1783563408.379,0.0,0.0,0.0,0.0,0.0,0.0,0.0,0.0,0.0,28.39,0.0,0.0,0.0,0.0,0.0,0.0
1783563409.381,0.0,0.0,0.0,0.0,0.0,0.0,0.0,0.0,0.0,28.39,0.0,0.0,0.0,0.0,0.0,0.0
1783563410.383,0.0,0.0,0.0,0.0,0.0,0.0,0.0,0.0,0.0,28.39,0.0,0.0,0.0,0.0,0.0,0.0
1783563411.384,0.0,0.0,0.0,0.0,0.0,0.0,0.0,0.0,0.0,28.39,0.0,0.0,0.0,0.0,0.0,0.0
1783563412.386,0.0,0.0,0.0,0.0,0.0,0.0,0.0,0.0,0.0,28.39,0.0,0.0,0.0,0.0,0.0,0.0
1783563413.387,0.0,0.0,0.0,0.0,0.0,0.0,0.0,0.0,0.0,28.39,0.0,0.0,0.0,0.0,0.0,0.0
1783563414.389,0.0,0.0,0.0,0.0,0.0,0.0,0.0,0.0,0.0,28.39,0.0,0.0,0.0,0.0,0.0,0.0
1783563415.391,0.0,0.0,0.0,0.0,0.0,0.0,0.0,0.0,0.0,28.39,0.0,0.0,0.0,0.0,0.0,0.0
1783563416.393,0.0,0.0,0.0,0.0,0.0,0.0,0.0,0.0,0.0,28.39,0.0,0.0,0.0,0.0,0.0,0.0
1783563417.395,0.0,0.0,0.0,0.0,0.0,0.0,0.0,0.0,0.0,28.39,0.0,0.0,0.0,0.0,0.0,0.0
1783563418.398,0.0,0.0,0.0,0.0,0.0,0.0,0.0,0.0,0.0,28.39,0.0,0.0,0.0,0.0,0.0,0.0
1783563419.4,0.0,0.0,0.0,0.0,0.0,0.0,0.0,0.0,0.0,28.39,0.0,0.0,0.0,0.0,0.0,0.0
1783563420.403,0.0,0.0,0.0,0.0,0.0,0.0,0.0,0.0,0.0,28.39,0.0,0.0,0.0,0.0,0.0,0.0
1783563421.405,0.0,0.0,0.0,0.0,0.0,0.0,0.0,0.0,0.0,28.39,0.0,0.0,0.0,0.0,0.0,0.0
1783563422.407,0.0,0.0,0.0,0.0,0.0,0.0,0.0,0.0,0.0,28.38,0.0,0.0,0.0,0.0,0.0,0.0
1783563423.408,0.0,0.0,0.0,0.0,0.0,0.0,0.0,0.0,0.0,28.39,0.0,0.0,0.0,0.0,0.0,0.0
1783563424.41,0.0,0.0,0.0,0.0,0.0,0.0,0.0,0.0,0.0,28.39,0.0,0.0,0.0,0.0,0.0,0.0
1783563425.414,0.0,0.0,0.0,0.0,0.0,0.0,0.0,0.0,0.0,28.39,0.0,0.0,0.0,0.0,0.0,0.0
1783563426.416,0.0,0.0,0.0,0.0,0.0,0.0,0.0,0.0,0.0,28.39,0.0,0.0,0.0,0.0,0.0,0.0
1783563427.418,0.0,0.0,0.0,0.0,0.0,0.0,0.0,0.0,0.0,28.38,0.0,0.0,0.0,0.0,0.0,0.0
1783563428.42,0.0,0.0,0.0,0.0,0.0,0.0,0.0,0.0,0.0,28.39,0.0,0.0,0.0,0.0,0.0,0.0
1783563429.422,0.0,0.0,0.0,0.0,0.0,0.0,0.0,0.0,0.0,28.38,0.0,0.0,0.0,0.0,0.0,0.0
1783564746.819,0.0,0.0,0.0,0.0,0.0,0.0,0.0,0.0,0.0,27.91,0.0,0.0,0.0,0.0,0.0,0.0
1783564747.821,0.0,0.0,0.0,0.0,0.0,0.0,0.0,0.0,0.0,27.91,0.0,0.0,0.0,0.0,0.0,0.0
1783564748.826,0.0,0.0,0.0,0.0,0.0,0.0,0.0,0.0,0.0,27.91,0.0,0.0,0.0,0.0,0.0,0.0
1783564749.827,0.0,0.0,0.0,0.0,0.0,0.0,0.0,0.0,0.0,27.91,0.0,0.0,0.0,0.0,0.0,0.0
1783564750.829,0.0,0.0,0.0,0.0,0.0,0.0,0.0,0.0,0.0,27.9,0.0,0.0,0.0,0.0,0.0,0.0
1783564751.831,0.0,0.0,0.0,0.0,0.0,0.0,0.0,0.0,0.0,27.9,0.0,0.0,0.0,0.0,0.0,0.0
1783564752.833,0.0,0.0,0.0,0.0,0.0,0.0,0.0,0.0,0.0,27.9,0.0,0.0,0.0,0.0,0.0,0.0
1783564753.835,0.0,0.0,0.0,0.0,0.0,0.0,0.0,0.0,0.0,27.91,0.0,0.0,0.0,0.0,0.0,0.0
1783564754.838,0.0,0.0,0.0,0.0,0.0,0.0,0.0,0.0,0.0,27.9,0.0,0.0,0.0,0.0,0.0,0.0
1783564755.84,0.0,0.0,0.0,0.0,0.0,0.0,0.0,0.0,0.0,27.9,0.0,0.0,0.0,0.0,0.0,0.0
1783564756.842,0.0,0.0,0.0,0.0,0.0,0.0,0.0,0.0,0.0,27.9,0.0,0.0,0.0,0.0,0.0,0.0
1783564757.843,0.0,0.0,0.0,0.0,0.0,0.0,0.0,0.0,0.0,27.9,0.0,0.0,0.0,0.0,0.0,0.0
1783564758.846,0.0,0.0,0.0,0.0,0.0,0.0,0.0,0.0,0.0,27.9,0.0,0.0,0.0,0.0,0.0,0.0
1783564759.848,0.0,0.0,0.0,0.0,0.0,0.0,0.0,0.0,0.0,27.9,0.0,0.0,0.0,0.0,0.0,0.0
1783564760.85,0.0,0.0,0.0,0.0,0.0,0.0,0.0,0.0,0.0,27.9,0.0,0.0,0.0,0.0,0.0,0.0
1783564761.851,0.0,0.0,0.0,0.0,0.0,0.0,0.0,0.0,0.0,27.9,0.0,0.0,0.0,0.0,0.0,0.0
1783564762.854,0.0,0.0,0.0,0.0,0.0,0.0,0.0,0.0,0.0,27.9,0.0,0.0,0.0,0.0,0.0,0.0
1783564763.856,0.0,0.0,0.0,0.0,0.0,0.0,0.0,0.0,0.0,27.9,0.0,0.0,0.0,0.0,0.0,0.0
1783564764.858,0.0,0.0,0.0,0.0,0.0,0.0,0.0,0.0,0.0,27.9,0.0,0.0,0.0,0.0,0.0,0.0
1783564765.86,0.0,0.0,0.0,0.0,0.0,0.0,0.0,0.0,0.0,27.9,0.0,0.0,0.0,0.0,0.0,0.0
1783564766.861,0.0,0.0,0.0,0.0,0.0,0.0,0.0,0.0,0.0,27.9,0.0,0.0,0.0,0.0,0.0,0.0
1783564767.863,0.0,0.0,0.0,0.0,0.0,0.0,0.0,0.0,0.0,27.89,0.0,0.0,0.0,0.0,0.0,0.0
1783564768.866,0.0,0.0,0.0,0.0,0.0,0.0,0.0,0.0,0.0,27.9,0.0,0.0,0.0,0.0,0.0,0.0
1783564769.868,0.0,0.0,0.0,0.0,0.0,0.0,0.0,0.0,0.0,27.9,0.0,0.0,0.0,0.0,0.0,0.0
1783564770.87,0.0,0.0,0.0,0.0,0.0,0.0,0.0,0.0,0.0,27.89,0.0,0.0,0.0,0.0,0.0,0.0
1783564771.872,0.0,0.0,0.0,0.0,0.0,0.0,0.0,0.0,0.0,27.89,0.0,0.0,0.0,0.0,0.0,0.0
1783564772.874,0.0,0.0,0.0,0.0,0.0,0.0,0.0,0.0,0.0,27.89,0.0,0.0,0.0,0.0,0.0,0.0
1783564773.877,0.0,0.0,0.0,0.0,0.0,0.0,0.0,0.0,0.0,27.89,0.0,0.0,0.0,0.0,0.0,0.0
1783564774.879,0.0,0.0,0.0,0.0,0.0,0.0,0.0,0.0,0.0,27.89,0.0,0.0,0.0,0.0,0.0,0.0
1783564775.88,0.0,0.0,0.0,0.0,0.0,0.0,0.0,0.0,0.0,27.89,0.0,0.0,0.0,0.0,0.0,0.0
1783564776.882,0.0,0.0,0.0,0.0,0.0,0.0,0.0,0.0,0.0,27.89,0.0,0.0,0.0,0.0,0.0,0.0
1783564777.884,0.0,0.0,0.0,0.0,0.0,0.0,0.0,0.0,0.0,27.89,0.0,0.0,0.0,0.0,0.0,0.0
1783564778.885,0.0,0.0,0.0,0.0,0.0,0.0,0.0,0.0,0.0,27.89,0.0,0.0,0.0,0.0,0.0,0.0
1783564779.887,0.0,0.0,0.0,0.0,0.0,0.0,0.0,0.0,0.0,27.89,0.0,0.0,0.0,0.0,0.0,0.0
1783564780.889,0.0,0.0,0.0,0.0,0.0,0.0,0.0,0.0,0.0,27.89,0.0,0.0,0.0,0.0,0.0,0.0
1783564781.89,0.0,0.0,0.0,0.0,0.0,0.0,0.0,0.0,0.0,27.89,0.0,0.0,0.0,0.0,0.0,0.0
1783564782.892,0.0,0.0,0.0,0.0,0.0,0.0,0.0,0.0,0.0,27.89,0.0,0.0,0.0,0.0,0.0,0.0
1783564783.894,0.0,0.0,0.0,0.0,0.0,0.0,0.0,0.0,0.0,27.89,0.0,0.0,0.0,0.0,0.0,0.0
1783564784.895,0.0,0.0,0.0,0.0,0.0,0.0,0.0,0.0,0.0,27.88,0.0,0.0,0.0,0.0,0.0,0.0
1783564785.897,0.0,0.0,0.0,0.0,0.0,0.0,0.0,0.0,0.0,27.88,0.0,0.0,0.0,0.0,0.0,0.0
1783564786.899,0.0,0.0,0.0,0.0,0.0,0.0,0.0,0.0,0.0,27.88,0.0,0.0,0.0,0.0,0.0,0.0
1783564787.901,0.0,0.0,0.0,0.0,0.0,0.0,0.0,0.0,0.0,27.88,0.0,0.0,0.0,0.0,0.0,0.0
1783564788.903,0.0,0.0,0.0,0.0,0.0,0.0,0.0,0.0,0.0,27.88,0.0,0.0,0.0,0.0,0.0,0.0
1783564789.905,0.0,0.0,0.0,0.0,0.0,0.0,0.0,0.0,0.0,27.89,0.0,0.0,0.0,0.0,0.0,0.0
1783564790.907,0.0,0.0,0.0,0.0,0.0,0.0,0.0,0.0,0.0,27.88,0.0,0.0,0.0,0.0,0.0,0.0
1783564791.909,0.0,0.0,0.0,0.0,0.0,0.0,0.0,0.0,0.0,27.88,0.0,0.0,0.0,0.0,0.0,0.0
1783564792.911,0.0,0.0,0.0,0.0,0.0,0.0,0.0,0.0,0.0,27.88,0.0,0.0,0.0,0.0,0.0,0.0
1783564793.913,0.0,0.0,0.0,0.0,0.0,0.0,0.0,0.0,0.0,27.88,0.0,0.0,0.0,0.0,0.0,0.0
1783564794.915,0.0,0.0,0.0,0.0,0.0,0.0,0.0,0.0,0.0,27.88,0.0,0.0,0.0,0.0,0.0,0.0
1783564795.916,0.0,0.0,0.0,0.0,0.0,0.0,0.0,0.0,0.0,27.88,0.0,0.0,0.0,0.0,0.0,0.0
1783564796.918,0.0,0.0,0.0,0.0,0.0,0.0,0.0,0.0,0.0,27.88,0.0,0.0,0.0,0.0,0.0,0.0
1783564797.921,0.0,0.0,0.0,0.0,0.0,0.0,0.0,0.0,0.0,27.88,0.0,0.0,0.0,0.0,0.0,0.0
1783564798.924,0.0,0.0,0.0,0.0,0.0,0.0,0.0,0.0,0.0,27.88,0.0,0.0,0.0,0.0,0.0,0.0
1783564799.927,0.0,0.0,0.0,0.0,0.0,0.0,0.0,0.0,0.0,27.88,0.0,0.0,0.0,0.0,0.0,0.0
1783564800.929,0.0,0.0,0.0,0.0,0.0,0.0,0.0,0.0,0.0,27.88,0.0,0.0,0.0,0.0,0.0,0.0
1783564801.931,0.0,0.0,0.0,0.0,0.0,0.0,0.0,0.0,0.0,27.88,0.0,0.0,0.0,0.0,0.0,0.0
1783564802.933,0.0,0.0,0.0,0.0,0.0,0.0,0.0,0.0,0.0,27.88,0.0,0.0,0.0,0.0,0.0,0.0
1783564803.935,0.0,0.0,0.0,0.0,0.0,0.0,0.0,0.0,0.0,27.88,0.0,0.0,0.0,0.0,0.0,0.0
1783564804.937,0.0,0.0,0.0,0.0,0.0,0.0,0.0,0.0,0.0,27.88,0.0,0.0,0.0,0.0,0.0,0.0
1783569020.627,0.0,0.0,0.0,0.0,0.0,0.0,0.0,0.0,0.0,27.89,0.0,0.0,0.0,0.0,0.0,0.0
1783569021.629,0.0,0.0,0.0,0.0,0.0,0.0,0.0,0.0,0.0,27.89,0.0,0.0,0.0,0.0,0.0,0.0
1783569022.63,0.0,0.0,0.0,0.0,0.0,0.0,0.0,0.0,0.0,27.89,0.0,0.0,0.0,0.0,0.0,0.0
1783569023.632,0.0,0.0,0.0,0.0,0.0,0.0,0.0,0.0,0.0,27.89,0.0,0.0,0.0,0.0,0.0,0.0
1783569024.634,0.0,0.0,0.0,0.0,0.0,0.0,0.0,0.0,0.0,27.89,0.0,0.0,0.0,0.0,0.0,0.0
1783569025.636,0.0,0.0,0.0,0.0,0.0,0.0,0.0,0.0,0.0,27.89,0.0,0.0,0.0,0.0,0.0,0.0
1783569026.638,0.0,0.0,0.0,0.0,0.0,0.0,0.0,0.0,0.0,27.89,0.0,0.0,0.0,0.0,0.0,0.0
1783569027.64,0.0,0.0,0.0,0.0,0.0,0.0,0.0,0.0,0.0,27.89,0.0,0.0,0.0,0.0,0.0,0.0
1783569028.642,0.0,0.0,0.0,0.0,0.0,0.0,0.0,0.0,0.0,27.89,0.0,0.0,0.0,0.0,0.0,0.0
1783569029.644,0.0,0.0,0.0,0.0,0.0,0.0,0.0,0.0,0.0,27.89,0.0,0.0,0.0,0.0,0.0,0.0
1783569030.646,0.0,0.0,0.0,0.0,0.0,0.0,0.0,0.0,0.0,27.89,0.0,0.0,0.0,0.0,0.0,0.0
1783569031.648,0.0,0.0,0.0,0.0,0.0,0.0,0.0,0.0,0.0,27.89,0.0,0.0,0.0,0.0,0.0,0.0
1783569032.65,0.0,0.0,0.0,0.0,0.0,0.0,0.0,0.0,0.0,27.89,0.0,0.0,0.0,0.0,0.0,0.0
1783569033.653,0.0,0.0,0.0,0.0,0.0,0.0,0.0,0.0,0.0,27.89,0.0,0.0,0.0,0.0,0.0,0.0
1783569034.655,0.0,0.0,0.0,0.0,0.0,0.0,0.0,0.0,0.0,27.89,0.0,0.0,0.0,0.0,0.0,0.0
1783569035.656,0.0,0.0,0.0,0.0,0.0,0.0,0.0,0.0,0.0,27.89,0.0,0.0,0.0,0.0,0.0,0.0
1783569036.658,0.0,0.0,0.0,0.0,0.0,0.0,0.0,0.0,0.0,27.89,0.0,0.0,0.0,0.0,0.0,0.0
1783569037.66,0.0,0.0,0.0,0.0,0.0,0.0,0.0,0.0,0.0,27.89,0.0,0.0,0.0,0.0,0.0,0.0
1783569038.662,0.0,0.0,0.0,0.0,0.0,0.0,0.0,0.0,0.0,27.89,0.0,0.0,0.0,0.0,0.0,0.0
1783569039.664,0.0,0.0,0.0,0.0,0.0,0.0,0.0,0.0,0.0,27.89,0.0,0.0,0.0,0.0,0.0,0.0
1783569040.666,0.0,0.0,0.0,0.0,0.0,0.0,0.0,0.0,0.0,27.89,0.0,0.0,0.0,0.0,0.0,0.0
1783569041.668,0.0,0.0,0.0,0.0,0.0,0.0,0.0,0.0,0.0,27.89,0.0,0.0,0.0,0.0,0.0,0.0
1783569042.67,0.0,0.0,0.0,0.0,0.0,0.0,0.0,0.0,0.0,27.89,0.0,0.0,0.0,0.0,0.0,0.0
1783569043.672,0.0,0.0,0.0,0.0,0.0,0.0,0.0,0.0,0.0,27.89,0.0,0.0,0.0,0.0,0.0,0.0
1783569044.674,0.0,0.0,0.0,0.0,0.0,0.0,0.0,0.0,0.0,27.89,0.0,0.0,0.0,0.0,0.0,0.0
1783569045.675,0.0,0.0,0.0,0.0,0.0,0.0,0.0,0.0,0.0,27.89,0.0,0.0,0.0,0.0,0.0,0.0
1783569046.678,0.0,0.0,0.0,0.0,0.0,0.0,0.0,0.0,0.0,27.89,0.0,0.0,0.0,0.0,0.0,0.0
1783569047.681,0.0,0.0,0.0,0.0,0.0,0.0,0.0,0.0,0.0,27.89,0.0,0.0,0.0,0.0,0.0,0.0
1783569048.683,0.0,0.0,0.0,0.0,0.0,0.0,0.0,0.0,0.0,27.9,0.0,0.0,0.0,0.0,0.0,0.0
1783569049.685,0.0,0.0,0.0,0.0,0.0,0.0,0.0,0.0,0.0,27.9,0.0,0.0,0.0,0.0,0.0,0.0
1783569050.686,0.0,0.0,0.0,0.0,0.0,0.0,0.0,0.0,0.0,27.89,0.0,0.0,0.0,0.0,0.0,0.0
1783569051.688,0.0,0.0,0.0,0.0,0.0,0.0,0.0,0.0,0.0,27.89,0.0,0.0,0.0,0.0,0.0,0.0
1783569052.69,0.0,0.0,0.0,0.0,0.0,0.0,0.0,0.0,0.0,27.89,0.0,0.0,0.0,0.0,0.0,0.0
1783569053.691,0.0,0.0,0.0,0.0,0.0,0.0,0.0,0.0,0.0,27.89,0.0,0.0,0.0,0.0,0.0,0.0
1783569054.692,0.0,0.0,0.0,0.0,0.0,0.0,0.0,0.0,0.0,27.9,0.0,0.0,0.0,0.0,0.0,0.0
1783569055.694,0.0,0.0,0.0,0.0,0.0,0.0,0.0,0.0,0.0,27.89,0.0,0.0,0.0,0.0,0.0,0.0
1783569056.695,0.0,0.0,0.0,0.0,0.0,0.0,0.0,0.0,0.0,27.89,0.0,0.0,0.0,0.0,0.0,0.0
1783569057.696,0.0,0.0,0.0,0.0,0.0,0.0,0.0,0.0,0.0,27.89,0.0,0.0,0.0,0.0,0.0,0.0
1783569058.698,0.0,0.0,0.0,0.0,0.0,0.0,0.0,0.0,0.0,27.9,0.0,0.0,0.0,0.0,0.0,0.0
1783569059.699,0.0,0.0,0.0,0.0,0.0,0.0,0.0,0.0,0.0,27.9,0.0,0.0,0.0,0.0,0.0,0.0
1783569060.701,0.0,0.0,0.0,0.0,0.0,0.0,0.0,0.0,0.0,27.9,0.0,0.0,0.0,0.0,0.0,0.0
1783569061.703,0.0,0.0,0.0,0.0,0.0,0.0,0.0,0.0,0.0,27.89,0.0,0.0,0.0,0.0,0.0,0.0
1783569062.705,0.0,0.0,0.0,0.0,0.0,0.0,0.0,0.0,0.0,27.9,0.0,0.0,0.0,0.0,0.0,0.0
1783569063.707,0.0,0.0,0.0,0.0,0.0,0.0,0.0,0.0,0.0,27.9,0.0,0.0,0.0,0.0,0.0,0.0
1783569064.709,0.0,0.0,0.0,0.0,0.0,0.0,0.0,0.0,0.0,27.9,0.0,0.0,0.0,0.0,0.0,0.0
1783569065.711,0.0,0.0,0.0,0.0,0.0,0.0,0.0,0.0,0.0,27.9,0.0,0.0,0.0,0.0,0.0,0.0
1783569066.713,0.0,0.0,0.0,0.0,0.0,0.0,0.0,0.0,0.0,27.9,0.0,0.0,0.0,0.0,0.0,0.0
1783569067.715,0.0,0.0,0.0,0.0,0.0,0.0,0.0,0.0,0.0,27.9,0.0,0.0,0.0,0.0,0.0,0.0
1783569068.717,0.0,0.0,0.0,0.0,0.0,0.0,0.0,0.0,0.0,27.9,0.0,0.0,0.0,0.0,0.0,0.0
1783569069.718,0.0,0.0,0.0,0.0,0.0,0.0,0.0,0.0,0.0,27.9,0.0,0.0,0.0,0.0,0.0,0.0
1783569070.721,0.0,0.0,0.0,0.0,0.0,0.0,0.0,0.0,0.0,27.9,0.0,0.0,0.0,0.0,0.0,0.0
1783569071.727,0.0,0.0,0.0,0.0,0.0,0.0,0.0,0.0,0.0,27.9,0.0,0.0,0.0,0.0,0.0,0.0
1783569072.731,0.0,0.0,0.0,0.0,0.0,0.0,0.0,0.0,0.0,27.9,0.0,0.0,0.0,0.0,0.0,0.0
1783569073.735,0.0,0.0,0.0,0.0,0.0,0.0,0.0,0.0,0.0,27.89,0.0,0.0,0.0,0.0,0.0,0.0
1783569074.736,0.0,0.0,0.0,0.0,0.0,0.0,0.0,0.0,0.0,27.9,0.0,0.0,0.0,0.0,0.0,0.0
1783569075.738,0.0,0.0,0.0,0.0,0.0,0.0,0.0,0.0,0.0,27.9,0.0,0.0,0.0,0.0,0.0,0.0
1783569076.74,0.0,0.0,0.0,0.0,0.0,0.0,0.0,0.0,0.0,27.9,0.0,0.0,0.0,0.0,0.0,0.0
1783569832.56,0.0,0.0,0.0,0.0,0.0,0.0,0.0,0.0,0.0,27.94,0.0,0.0,0.0,0.0,0.0,0.0
1783569833.563,0.0,0.0,0.0,0.0,0.0,0.0,0.0,0.0,0.0,27.94,0.0,0.0,0.0,0.0,0.0,0.0
1783569834.564,0.0,0.0,0.0,0.0,0.0,0.0,0.0,0.0,0.0,27.94,0.0,0.0,0.0,0.0,0.0,0.0
1783569835.566,0.0,0.0,0.0,0.0,0.0,0.0,0.0,0.0,0.0,27.94,0.0,0.0,0.0,0.0,0.0,0.0
1783569836.568,0.0,0.0,0.0,0.0,0.0,0.0,0.0,0.0,0.0,27.94,0.0,0.0,0.0,0.0,0.0,0.0
1783569837.57,0.0,0.0,0.0,0.0,0.0,0.0,0.0,0.0,0.0,27.94,0.0,0.0,0.0,0.0,0.0,0.0
1783569838.572,0.0,0.0,0.0,0.0,0.0,0.0,0.0,0.0,0.0,27.94,0.0,0.0,0.0,0.0,0.0,0.0
1783569839.573,0.0,0.0,0.0,0.0,0.0,0.0,0.0,0.0,0.0,27.94,0.0,0.0,0.0,0.0,0.0,0.0
1783569840.575,0.0,0.0,0.0,0.0,0.0,0.0,0.0,0.0,0.0,27.94,0.0,0.0,0.0,0.0,0.0,0.0
1783569841.577,0.0,0.0,0.0,0.0,0.0,0.0,0.0,0.0,0.0,27.93,0.0,0.0,0.0,0.0,0.0,0.0
1783569842.579,0.0,0.0,0.0,0.0,0.0,0.0,0.0,0.0,0.0,27.94,0.0,0.0,0.0,0.0,0.0,0.0
1783569843.581,0.0,0.0,0.0,0.0,0.0,0.0,0.0,0.0,0.0,27.94,0.0,0.0,0.0,0.0,0.0,0.0
1783569844.583,0.0,0.0,0.0,0.0,0.0,0.0,0.0,0.0,0.0,27.94,0.0,0.0,0.0,0.0,0.0,0.0
1783569845.586,0.0,0.0,0.0,0.0,0.0,0.0,0.0,0.0,0.0,27.94,0.0,0.0,0.0,0.0,0.0,0.0
1783569846.588,0.0,0.0,0.0,0.0,0.0,0.0,0.0,0.0,0.0,27.94,0.0,0.0,0.0,0.0,0.0,0.0
1783569847.589,0.0,0.0,0.0,0.0,0.0,0.0,0.0,0.0,0.0,27.94,0.0,0.0,0.0,0.0,0.0,0.0
1783569848.591,0.0,0.0,0.0,0.0,0.0,0.0,0.0,0.0,0.0,27.93,0.0,0.0,0.0,0.0,0.0,0.0
1783569849.593,0.0,0.0,0.0,0.0,0.0,0.0,0.0,0.0,0.0,27.94,0.0,0.0,0.0,0.0,0.0,0.0
1783569850.595,0.0,0.0,0.0,0.0,0.0,0.0,0.0,0.0,0.0,27.94,0.0,0.0,0.0,0.0,0.0,0.0
1783569851.597,0.0,0.0,0.0,0.0,0.0,0.0,0.0,0.0,0.0,27.94,0.0,0.0,0.0,0.0,0.0,0.0
1783569852.599,0.0,0.0,0.0,0.0,0.0,0.0,0.0,0.0,0.0,27.93,0.0,0.0,0.0,0.0,0.0,0.0
1783569853.601,0.0,0.0,0.0,0.0,0.0,0.0,0.0,0.0,0.0,27.94,0.0,0.0,0.0,0.0,0.0,0.0
1783569854.603,0.0,0.0,0.0,0.0,0.0,0.0,0.0,0.0,0.0,27.94,0.0,0.0,0.0,0.0,0.0,0.0
1783569855.605,0.0,0.0,0.0,0.0,0.0,0.0,0.0,0.0,0.0,27.94,0.0,0.0,0.0,0.0,0.0,0.0
1783569856.607,0.0,0.0,0.0,0.0,0.0,0.0,0.0,0.0,0.0,27.94,0.0,0.0,0.0,0.0,0.0,0.0
1783569857.609,0.0,0.0,0.0,0.0,0.0,0.0,0.0,0.0,0.0,27.94,0.0,0.0,0.0,0.0,0.0,0.0
1783569858.611,0.0,0.0,0.0,0.0,0.0,0.0,0.0,0.0,0.0,27.94,0.0,0.0,0.0,0.0,0.0,0.0
1783569859.613,0.0,0.0,0.0,0.0,0.0,0.0,0.0,0.0,0.0,27.94,0.0,0.0,0.0,0.0,0.0,0.0
1783569860.615,0.0,0.0,0.0,0.0,0.0,0.0,0.0,0.0,0.0,27.94,0.0,0.0,0.0,0.0,0.0,0.0
1783569861.617,0.0,0.0,0.0,0.0,0.0,0.0,0.0,0.0,0.0,27.94,0.0,0.0,0.0,0.0,0.0,0.0
1783569862.619,0.0,0.0,0.0,0.0,0.0,0.0,0.0,0.0,0.0,27.93,0.0,0.0,0.0,0.0,0.0,0.0
1783569863.621,0.0,0.0,0.0,0.0,0.0,0.0,0.0,0.0,0.0,27.93,0.0,0.0,0.0,0.0,0.0,0.0
1783569864.623,0.0,0.0,0.0,0.0,0.0,0.0,0.0,0.0,0.0,27.93,0.0,0.0,0.0,0.0,0.0,0.0
1783569865.625,0.0,0.0,0.0,0.0,0.0,0.0,0.0,0.0,0.0,27.93,0.0,0.0,0.0,0.0,0.0,0.0
1783569866.626,0.0,0.0,0.0,0.0,0.0,0.0,0.0,0.0,0.0,27.93,0.0,0.0,0.0,0.0,0.0,0.0
1783569867.628,0.0,0.0,0.0,0.0,0.0,0.0,0.0,0.0,0.0,27.93,0.0,0.0,0.0,0.0,0.0,0.0
1783569868.63,0.0,0.0,0.0,0.0,0.0,0.0,0.0,0.0,0.0,27.93,0.0,0.0,0.0,0.0,0.0,0.0
1783569869.631,0.0,0.0,0.0,0.0,0.0,0.0,0.0,0.0,0.0,27.93,0.0,0.0,0.0,0.0,0.0,0.0
1783569870.633,0.0,0.0,0.0,0.0,0.0,0.0,0.0,0.0,0.0,27.93,0.0,0.0,0.0,0.0,0.0,0.0
1783569871.635,0.0,0.0,0.0,0.0,0.0,0.0,0.0,0.0,0.0,27.93,0.0,0.0,0.0,0.0,0.0,0.0
1783569872.637,0.0,0.0,0.0,0.0,0.0,0.0,0.0,0.0,0.0,27.93,0.0,0.0,0.0,0.0,0.0,0.0
1783569873.639,0.0,0.0,0.0,0.0,0.0,0.0,0.0,0.0,0.0,27.93,0.0,0.0,0.0,0.0,0.0,0.0
1783569874.641,0.0,0.0,0.0,0.0,0.0,0.0,0.0,0.0,0.0,27.93,0.0,0.0,0.0,0.0,0.0,0.0
1783569875.643,0.0,0.0,0.0,0.0,0.0,0.0,0.0,0.0,0.0,27.93,0.0,0.0,0.0,0.0,0.0,0.0
1783569876.645,0.0,0.0,0.0,0.0,0.0,0.0,0.0,0.0,0.0,27.93,0.0,0.0,0.0,0.0,0.0,0.0
1783569877.647,0.0,0.0,0.0,0.0,0.0,0.0,0.0,0.0,0.0,27.93,0.0,0.0,0.0,0.0,0.0,0.0
1783569878.648,0.0,0.0,0.0,0.0,0.0,0.0,0.0,0.0,0.0,27.92,0.0,0.0,0.0,0.0,0.0,0.0
1783569879.65,0.0,0.0,0.0,0.0,0.0,0.0,0.0,0.0,0.0,27.92,0.0,0.0,0.0,0.0,0.0,0.0
1783569880.652,0.0,0.0,0.0,0.0,0.0,0.0,0.0,0.0,0.0,27.92,0.0,0.0,0.0,0.0,0.0,0.0
1783569881.654,0.0,0.0,0.0,0.0,0.0,0.0,0.0,0.0,0.0,27.92,0.0,0.0,0.0,0.0,0.0,0.0
1783569882.656,0.0,0.0,0.0,0.0,0.0,0.0,0.0,0.0,0.0,27.92,0.0,0.0,0.0,0.0,0.0,0.0
1783569883.658,0.0,0.0,0.0,0.0,0.0,0.0,0.0,0.0,0.0,27.92,0.0,0.0,0.0,0.0,0.0,0.0
1783569884.662,0.0,0.0,0.0,0.0,0.0,0.0,0.0,0.0,0.0,27.92,0.0,0.0,0.0,0.0,0.0,0.0
1783569885.663,0.0,0.0,0.0,0.0,0.0,0.0,0.0,0.0,0.0,27.92,0.0,0.0,0.0,0.0,0.0,0.0
1783569886.665,0.0,0.0,0.0,0.0,0.0,0.0,0.0,0.0,0.0,27.92,0.0,0.0,0.0,0.0,0.0,0.0
1783570728.238,0.0,0.0,0.0,0.0,0.0,0.0,0.0,0.0,0.0,27.88,0.0,0.0,0.0,0.0,0.0,0.0
1783570729.24,0.0,0.0,0.0,0.0,0.0,0.0,0.0,0.0,0.0,27.88,0.0,0.0,0.0,0.0,0.0,0.0
1783570730.243,0.0,0.0,0.0,0.0,0.0,0.0,0.0,0.0,0.0,27.88,0.0,0.0,0.0,0.0,0.0,0.0
1783570731.244,0.0,0.0,0.0,0.0,0.0,0.0,0.0,0.0,0.0,27.88,0.0,0.0,0.0,0.0,0.0,0.0
1783570732.246,0.0,0.0,0.0,0.0,0.0,0.0,0.0,0.0,0.0,27.88,0.0,0.0,0.0,0.0,0.0,0.0
1783570733.248,0.0,0.0,0.0,0.0,0.0,0.0,0.0,0.0,0.0,27.88,0.0,0.0,0.0,0.0,0.0,0.0
1783570734.25,0.0,0.0,0.0,0.0,0.0,0.0,0.0,0.0,0.0,27.88,0.0,0.0,0.0,0.0,0.0,0.0
1783570735.253,0.0,0.0,0.0,0.0,0.0,0.0,0.0,0.0,0.0,27.88,0.0,0.0,0.0,0.0,0.0,0.0
1783570736.255,0.0,0.0,0.0,0.0,0.0,0.0,0.0,0.0,0.0,27.88,0.0,0.0,0.0,0.0,0.0,0.0
1783570737.257,0.0,0.0,0.0,0.0,0.0,0.0,0.0,0.0,0.0,27.88,0.0,0.0,0.0,0.0,0.0,0.0
1783570738.258,0.0,0.0,0.0,0.0,0.0,0.0,0.0,0.0,0.0,27.88,0.0,0.0,0.0,0.0,0.0,0.0
1783570739.26,0.0,0.0,0.0,0.0,0.0,0.0,0.0,0.0,0.0,27.88,0.0,0.0,0.0,0.0,0.0,0.0
1783570740.261,0.0,0.0,0.0,0.0,0.0,0.0,0.0,0.0,0.0,27.88,0.0,0.0,0.0,0.0,0.0,0.0
1783570741.264,0.0,0.0,0.0,0.0,0.0,0.0,0.0,0.0,0.0,27.88,0.0,0.0,0.0,0.0,0.0,0.0
1783570742.266,0.0,0.0,0.0,0.0,0.0,0.0,0.0,0.0,0.0,27.88,0.0,0.0,0.0,0.0,0.0,0.0
1783570743.268,0.0,0.0,0.0,0.0,0.0,0.0,0.0,0.0,0.0,27.88,0.0,0.0,0.0,0.0,0.0,0.0
1783570744.27,0.0,0.0,0.0,0.0,0.0,0.0,0.0,0.0,0.0,27.88,0.0,0.0,0.0,0.0,0.0,0.0
1783570745.272,0.0,0.0,0.0,0.0,0.0,0.0,0.0,0.0,0.0,27.88,0.0,0.0,0.0,0.0,0.0,0.0
1783570746.274,0.0,0.0,0.0,0.0,0.0,0.0,0.0,0.0,0.0,27.88,0.0,0.0,0.0,0.0,0.0,0.0
1783570747.276,0.0,0.0,0.0,0.0,0.0,0.0,0.0,0.0,0.0,27.88,0.0,0.0,0.0,0.0,0.0,0.0
1783570748.277,0.0,0.0,0.0,0.0,0.0,0.0,0.0,0.0,0.0,27.88,0.0,0.0,0.0,0.0,0.0,0.0
1783570749.279,0.0,0.0,0.0,0.0,0.0,0.0,0.0,0.0,0.0,27.88,0.0,0.0,0.0,0.0,0.0,0.0
1783570750.281,0.0,0.0,0.0,0.0,0.0,0.0,0.0,0.0,0.0,27.88,0.0,0.0,0.0,0.0,0.0,0.0
1783570751.283,0.0,0.0,0.0,0.0,0.0,0.0,0.0,0.0,0.0,27.88,0.0,0.0,0.0,0.0,0.0,0.0
1783570752.284,0.0,0.0,0.0,0.0,0.0,0.0,0.0,0.0,0.0,27.88,0.0,0.0,0.0,0.0,0.0,0.0
1783570753.286,0.0,0.0,0.0,0.0,0.0,0.0,0.0,0.0,0.0,27.88,0.0,0.0,0.0,0.0,0.0,0.0
1783570754.288,0.0,0.0,0.0,0.0,0.0,0.0,0.0,0.0,0.0,27.88,0.0,0.0,0.0,0.0,0.0,0.0
1783570755.29,0.0,0.0,0.0,0.0,0.0,0.0,0.0,0.0,0.0,27.88,0.0,0.0,0.0,0.0,0.0,0.0
1783570756.292,0.0,0.0,0.0,0.0,0.0,0.0,0.0,0.0,0.0,27.88,0.0,0.0,0.0,0.0,0.0,0.0
1783570757.294,0.0,0.0,0.0,0.0,0.0,0.0,0.0,0.0,0.0,27.88,0.0,0.0,0.0,0.0,0.0,0.0
1783570758.296,0.0,0.0,0.0,0.0,0.0,0.0,0.0,0.0,0.0,27.88,0.0,0.0,0.0,0.0,0.0,0.0
1783570759.299,0.0,0.0,0.0,0.0,0.0,0.0,0.0,0.0,0.0,27.88,0.0,0.0,0.0,0.0,0.0,0.0
1783570760.301,0.0,0.0,0.0,0.0,0.0,0.0,0.0,0.0,0.0,27.88,0.0,0.0,0.0,0.0,0.0,0.0
1783570761.303,0.0,0.0,0.0,0.0,0.0,0.0,0.0,0.0,0.0,27.87,0.0,0.0,0.0,0.0,0.0,0.0
1783570762.304,0.0,0.0,0.0,0.0,0.0,0.0,0.0,0.0,0.0,27.88,0.0,0.0,0.0,0.0,0.0,0.0
1783570763.306,0.0,0.0,0.0,0.0,0.0,0.0,0.0,0.0,0.0,27.87,0.0,0.0,0.0,0.0,0.0,0.0
1783570764.308,0.0,0.0,0.0,0.0,0.0,0.0,0.0,0.0,0.0,27.87,0.0,0.0,0.0,0.0,0.0,0.0
1783570765.31,0.0,0.0,0.0,0.0,0.0,0.0,0.0,0.0,0.0,27.87,0.0,0.0,0.0,0.0,0.0,0.0
1783570766.312,0.0,0.0,0.0,0.0,0.0,0.0,0.0,0.0,0.0,27.87,0.0,0.0,0.0,0.0,0.0,0.0
1783570767.314,0.0,0.0,0.0,0.0,0.0,0.0,0.0,0.0,0.0,27.87,0.0,0.0,0.0,0.0,0.0,0.0
1783570768.316,0.0,0.0,0.0,0.0,0.0,0.0,0.0,0.0,0.0,27.87,0.0,0.0,0.0,0.0,0.0,0.0
1783570769.318,0.0,0.0,0.0,0.0,0.0,0.0,0.0,0.0,0.0,27.87,0.0,0.0,0.0,0.0,0.0,0.0
1783570770.32,0.0,0.0,0.0,0.0,0.0,0.0,0.0,0.0,0.0,27.87,0.0,0.0,0.0,0.0,0.0,0.0
1783570771.322,0.0,0.0,0.0,0.0,0.0,0.0,0.0,0.0,0.0,27.87,0.0,0.0,0.0,0.0,0.0,0.0
1783570772.324,0.0,0.0,0.0,0.0,0.0,0.0,0.0,0.0,0.0,27.87,0.0,0.0,0.0,0.0,0.0,0.0
1783570773.326,0.0,0.0,0.0,0.0,0.0,0.0,0.0,0.0,0.0,27.87,0.0,0.0,0.0,0.0,0.0,0.0
1783570774.329,0.0,0.0,0.0,0.0,0.0,0.0,0.0,0.0,0.0,27.87,0.0,0.0,0.0,0.0,0.0,0.0
1783570775.331,0.0,0.0,0.0,0.0,0.0,0.0,0.0,0.0,0.0,27.87,0.0,0.0,0.0,0.0,0.0,0.0
1783570776.332,0.0,0.0,0.0,0.0,0.0,0.0,0.0,0.0,0.0,27.87,0.0,0.0,0.0,0.0,0.0,0.0
1783570777.334,0.0,0.0,0.0,0.0,0.0,0.0,0.0,0.0,0.0,27.87,0.0,0.0,0.0,0.0,0.0,0.0
1783570778.336,0.0,0.0,0.0,0.0,0.0,0.0,0.0,0.0,0.0,27.87,0.0,0.0,0.0,0.0,0.0,0.0
1783570779.337,0.0,0.0,0.0,0.0,0.0,0.0,0.0,0.0,0.0,27.87,0.0,0.0,0.0,0.0,0.0,0.0
1783570780.339,0.0,0.0,0.0,0.0,0.0,0.0,0.0,0.0,0.0,27.87,0.0,0.0,0.0,0.0,0.0,0.0
1783570781.34,0.0,0.0,0.0,0.0,0.0,0.0,0.0,0.0,0.0,27.87,0.0,0.0,0.0,0.0,0.0,0.0
1783570782.342,0.0,0.0,0.0,0.0,0.0,0.0,0.0,0.0,0.0,27.87,0.0,0.0,0.0,0.0,0.0,0.0
1783570854.594,0.0,0.0,0.0,0.0,0.0,0.0,0.0,0.0,0.0,27.84,0.0,0.0,0.0,0.0,0.0,0.0
1783570855.597,0.0,0.0,0.0,0.0,0.0,0.0,0.0,0.0,0.0,27.84,0.0,0.0,0.0,0.0,0.0,0.0
1783570856.6,0.0,0.0,0.0,0.0,0.0,0.0,0.0,0.0,0.0,27.84,0.0,0.0,0.0,0.0,0.0,0.0
1783570857.602,0.0,0.0,0.0,0.0,0.0,0.0,0.0,0.0,0.0,27.84,0.0,0.0,0.0,0.0,0.0,0.0
1783570858.604,0.0,0.0,0.0,0.0,0.0,0.0,0.0,0.0,0.0,27.84,0.0,0.0,0.0,0.0,0.0,0.0
1783570859.606,0.0,0.0,0.0,0.0,0.0,0.0,0.0,0.0,0.0,27.84,0.0,0.0,0.0,0.0,0.0,0.0
1783570860.608,0.0,0.0,0.0,0.0,0.0,0.0,0.0,0.0,0.0,27.84,0.0,0.0,0.0,0.0,0.0,0.0
1783570861.609,0.0,0.0,0.0,0.0,0.0,0.0,0.0,0.0,0.0,27.84,0.0,0.0,0.0,0.0,0.0,0.0
1783570862.611,0.0,0.0,0.0,0.0,0.0,0.0,0.0,0.0,0.0,27.84,0.0,0.0,0.0,0.0,0.0,0.0
1783570863.613,0.0,0.0,0.0,0.0,0.0,0.0,0.0,0.0,0.0,27.84,0.0,0.0,0.0,0.0,0.0,0.0
1783570864.615,0.0,0.0,0.0,0.0,0.0,0.0,0.0,0.0,0.0,27.84,0.0,0.0,0.0,0.0,0.0,0.0
1783570865.616,0.0,0.0,0.0,0.0,0.0,0.0,0.0,0.0,0.0,27.84,0.0,0.0,0.0,0.0,0.0,0.0
1783570866.618,0.0,0.0,0.0,0.0,0.0,0.0,0.0,0.0,0.0,27.84,0.0,0.0,0.0,0.0,0.0,0.0
1783570867.62,0.0,0.0,0.0,0.0,0.0,0.0,0.0,0.0,0.0,27.84,0.0,0.0,0.0,0.0,0.0,0.0
1783570868.622,0.0,0.0,0.0,0.0,0.0,0.0,0.0,0.0,0.0,27.84,0.0,0.0,0.0,0.0,0.0,0.0
1783570869.623,0.0,0.0,0.0,0.0,0.0,0.0,0.0,0.0,0.0,27.84,0.0,0.0,0.0,0.0,0.0,0.0
1783570870.625,0.0,0.0,0.0,0.0,0.0,0.0,0.0,0.0,0.0,27.84,0.0,0.0,0.0,0.0,0.0,0.0
1783570871.627,0.0,0.0,0.0,0.0,0.0,0.0,0.0,0.0,0.0,27.84,0.0,0.0,0.0,0.0,0.0,0.0
1783570872.629,0.0,0.0,0.0,0.0,0.0,0.0,0.0,0.0,0.0,27.84,0.0,0.0,0.0,0.0,0.0,0.0
1783570873.631,0.0,0.0,0.0,0.0,0.0,0.0,0.0,0.0,0.0,27.84,0.0,0.0,0.0,0.0,0.0,0.0
1783570874.633,0.0,0.0,0.0,0.0,0.0,0.0,0.0,0.0,0.0,27.84,0.0,0.0,0.0,0.0,0.0,0.0
1783570875.635,0.0,0.0,0.0,0.0,0.0,0.0,0.0,0.0,0.0,27.84,0.0,0.0,0.0,0.0,0.0,0.0
1783570876.637,0.0,0.0,0.0,0.0,0.0,0.0,0.0,0.0,0.0,27.84,0.0,0.0,0.0,0.0,0.0,0.0
1783570877.639,0.0,0.0,0.0,0.0,0.0,0.0,0.0,0.0,0.0,27.84,0.0,0.0,0.0,0.0,0.0,0.0
1783570878.641,0.0,0.0,0.0,0.0,0.0,0.0,0.0,0.0,0.0,27.84,0.0,0.0,0.0,0.0,0.0,0.0
1783570879.642,0.0,0.0,0.0,0.0,0.0,0.0,0.0,0.0,0.0,27.84,0.0,0.0,0.0,0.0,0.0,0.0
1783570880.645,0.0,0.0,0.0,0.0,0.0,0.0,0.0,0.0,0.0,27.84,0.0,0.0,0.0,0.0,0.0,0.0
1783570881.648,0.0,0.0,0.0,0.0,0.0,0.0,0.0,0.0,0.0,27.84,0.0,0.0,0.0,0.0,0.0,0.0
1783570882.65,0.0,0.0,0.0,0.0,0.0,0.0,0.0,0.0,0.0,27.84,0.0,0.0,0.0,0.0,0.0,0.0
1783570883.652,0.0,0.0,0.0,0.0,0.0,0.0,0.0,0.0,0.0,27.84,0.0,0.0,0.0,0.0,0.0,0.0
1783570884.653,0.0,0.0,0.0,0.0,0.0,0.0,0.0,0.0,0.0,27.84,0.0,0.0,0.0,0.0,0.0,0.0
1783570885.655,0.0,0.0,0.0,0.0,0.0,0.0,0.0,0.0,0.0,27.84,0.0,0.0,0.0,0.0,0.0,0.0
1783570886.657,0.0,0.0,0.0,0.0,0.0,0.0,0.0,0.0,0.0,27.84,0.0,0.0,0.0,0.0,0.0,0.0
1783570887.659,0.0,0.0,0.0,0.0,0.0,0.0,0.0,0.0,0.0,27.84,0.0,0.0,0.0,0.0,0.0,0.0
1783570888.661,0.0,0.0,0.0,0.0,0.0,0.0,0.0,0.0,0.0,27.84,0.0,0.0,0.0,0.0,0.0,0.0
1783570889.663,0.0,0.0,0.0,0.0,0.0,0.0,0.0,0.0,0.0,27.83,0.0,0.0,0.0,0.0,0.0,0.0
1783570890.665,0.0,0.0,0.0,0.0,0.0,0.0,0.0,0.0,0.0,27.83,0.0,0.0,0.0,0.0,0.0,0.0
1783570891.667,0.0,0.0,0.0,0.0,0.0,0.0,0.0,0.0,0.0,27.83,0.0,0.0,0.0,0.0,0.0,0.0
1783570892.669,0.0,0.0,0.0,0.0,0.0,0.0,0.0,0.0,0.0,27.83,0.0,0.0,0.0,0.0,0.0,0.0
1783570893.671,0.0,0.0,0.0,0.0,0.0,0.0,0.0,0.0,0.0,27.83,0.0,0.0,0.0,0.0,0.0,0.0
1783570894.673,0.0,0.0,0.0,0.0,0.0,0.0,0.0,0.0,0.0,27.83,0.0,0.0,0.0,0.0,0.0,0.0
1783570895.675,0.0,0.0,0.0,0.0,0.0,0.0,0.0,0.0,0.0,27.83,0.0,0.0,0.0,0.0,0.0,0.0
1783570896.679,0.0,0.0,0.0,0.0,0.0,0.0,0.0,0.0,0.0,27.83,0.0,0.0,0.0,0.0,0.0,0.0
1783570897.68,0.0,0.0,0.0,0.0,0.0,0.0,0.0,0.0,0.0,27.83,0.0,0.0,0.0,0.0,0.0,0.0
1783570898.682,0.0,0.0,0.0,0.0,0.0,0.0,0.0,0.0,0.0,27.83,0.0,0.0,0.0,0.0,0.0,0.0
1783570899.683,0.0,0.0,0.0,0.0,0.0,0.0,0.0,0.0,0.0,27.83,0.0,0.0,0.0,0.0,0.0,0.0
1783570900.685,0.0,0.0,0.0,0.0,0.0,0.0,0.0,0.0,0.0,27.83,0.0,0.0,0.0,0.0,0.0,0.0
1783570901.687,0.0,0.0,0.0,0.0,0.0,0.0,0.0,0.0,0.0,27.83,0.0,0.0,0.0,0.0,0.0,0.0
1783570902.688,0.0,0.0,0.0,0.0,0.0,0.0,0.0,0.0,0.0,27.83,0.0,0.0,0.0,0.0,0.0,0.0
1783570903.69,0.0,0.0,0.0,0.0,0.0,0.0,0.0,0.0,0.0,27.83,0.0,0.0,0.0,0.0,0.0,0.0
1783570904.694,0.0,0.0,0.0,0.0,0.0,0.0,0.0,0.0,0.0,27.83,0.0,0.0,0.0,0.0,0.0,0.0
1783570905.696,0.0,0.0,0.0,0.0,0.0,0.0,0.0,0.0,0.0,27.83,0.0,0.0,0.0,0.0,0.0,0.0
1783570906.7,0.0,0.0,0.0,0.0,0.0,0.0,0.0,0.0,0.0,27.83,0.0,0.0,0.0,0.0,0.0,0.0
1783570907.702,0.0,0.0,0.0,0.0,0.0,0.0,0.0,0.0,0.0,27.83,0.0,0.0,0.0,0.0,0.0,0.0
1783570908.704,0.0,0.0,0.0,0.0,0.0,0.0,0.0,0.0,0.0,27.83,0.0,0.0,0.0,0.0,0.0,0.0
1783571314.286,0.0,0.0,0.0,0.0,0.0,0.0,0.0,0.0,0.0,27.9,0.0,0.0,0.0,0.0,0.0,0.0
1783571315.288,0.0,0.0,0.0,0.0,0.0,0.0,0.0,0.0,0.0,27.9,0.0,0.0,0.0,0.0,0.0,0.0
1783571316.292,0.0,0.0,0.0,0.0,0.0,0.0,0.0,0.0,0.0,27.9,0.0,0.0,0.0,0.0,0.0,0.0
1783571317.294,0.0,0.0,0.0,0.0,0.0,0.0,0.0,0.0,0.0,27.9,0.0,0.0,0.0,0.0,0.0,0.0
1783571318.296,0.0,0.0,0.0,0.0,0.0,0.0,0.0,0.0,0.0,27.9,0.0,0.0,0.0,0.0,0.0,0.0
1783571319.298,0.0,0.0,0.0,0.0,0.0,0.0,0.0,0.0,0.0,27.9,0.0,0.0,0.0,0.0,0.0,0.0
1783571320.3,0.0,0.0,0.0,0.0,0.0,0.0,0.0,0.0,0.0,27.9,0.0,0.0,0.0,0.0,0.0,0.0
1783571321.302,0.0,0.0,0.0,0.0,0.0,0.0,0.0,0.0,0.0,27.9,0.0,0.0,0.0,0.0,0.0,0.0
1783571322.304,0.0,0.0,0.0,0.0,0.0,0.0,0.0,0.0,0.0,27.9,0.0,0.0,0.0,0.0,0.0,0.0
1783571323.306,0.0,0.0,0.0,0.0,0.0,0.0,0.0,0.0,0.0,27.9,0.0,0.0,0.0,0.0,0.0,0.0
1783571324.308,0.0,0.0,0.0,0.0,0.0,0.0,0.0,0.0,0.0,27.9,0.0,0.0,0.0,0.0,0.0,0.0
1783571325.31,0.0,0.0,0.0,0.0,0.0,0.0,0.0,0.0,0.0,27.9,0.0,0.0,0.0,0.0,0.0,0.0
1783571326.313,0.0,0.0,0.0,0.0,0.0,0.0,0.0,0.0,0.0,27.9,0.0,0.0,0.0,0.0,0.0,0.0
1783571327.315,0.0,0.0,0.0,0.0,0.0,0.0,0.0,0.0,0.0,27.9,0.0,0.0,0.0,0.0,0.0,0.0
1783571328.319,0.0,0.0,0.0,0.0,0.0,0.0,0.0,0.0,0.0,27.9,0.0,0.0,0.0,0.0,0.0,0.0
1783571329.32,0.0,0.0,0.0,0.0,0.0,0.0,0.0,0.0,0.0,27.9,0.0,0.0,0.0,0.0,0.0,0.0
1783571330.322,0.0,0.0,0.0,0.0,0.0,0.0,0.0,0.0,0.0,27.9,0.0,0.0,0.0,0.0,0.0,0.0
1783571331.324,0.0,0.0,0.0,0.0,0.0,0.0,0.0,0.0,0.0,27.9,0.0,0.0,0.0,0.0,0.0,0.0
1783571332.326,0.0,0.0,0.0,0.0,0.0,0.0,0.0,0.0,0.0,27.9,0.0,0.0,0.0,0.0,0.0,0.0
1783571333.328,0.0,0.0,0.0,0.0,0.0,0.0,0.0,0.0,0.0,27.9,0.0,0.0,0.0,0.0,0.0,0.0
1783571334.33,0.0,0.0,0.0,0.0,0.0,0.0,0.0,0.0,0.0,27.9,0.0,0.0,0.0,0.0,0.0,0.0
1783571335.332,0.0,0.0,0.0,0.0,0.0,0.0,0.0,0.0,0.0,27.9,0.0,0.0,0.0,0.0,0.0,0.0
1783571336.334,0.0,0.0,0.0,0.0,0.0,0.0,0.0,0.0,0.0,27.9,0.0,0.0,0.0,0.0,0.0,0.0
1783571337.336,0.0,0.0,0.0,0.0,0.0,0.0,0.0,0.0,0.0,27.9,0.0,0.0,0.0,0.0,0.0,0.0
1783571338.338,0.0,0.0,0.0,0.0,0.0,0.0,0.0,0.0,0.0,27.9,0.0,0.0,0.0,0.0,0.0,0.0
1783571339.34,0.0,0.0,0.0,0.0,0.0,0.0,0.0,0.0,0.0,27.9,0.0,0.0,0.0,0.0,0.0,0.0
1783571340.342,0.0,0.0,0.0,0.0,0.0,0.0,0.0,0.0,0.0,27.9,0.0,0.0,0.0,0.0,0.0,0.0
1783571341.344,0.0,0.0,0.0,0.0,0.0,0.0,0.0,0.0,0.0,27.9,0.0,0.0,0.0,0.0,0.0,0.0
1783571342.346,0.0,0.0,0.0,0.0,0.0,0.0,0.0,0.0,0.0,27.9,0.0,0.0,0.0,0.0,0.0,0.0
1783571343.348,0.0,0.0,0.0,0.0,0.0,0.0,0.0,0.0,0.0,27.9,0.0,0.0,0.0,0.0,0.0,0.0
1783571344.35,0.0,0.0,0.0,0.0,0.0,0.0,0.0,0.0,0.0,27.9,0.0,0.0,0.0,0.0,0.0,0.0
1783571345.352,0.0,0.0,0.0,0.0,0.0,0.0,0.0,0.0,0.0,27.9,0.0,0.0,0.0,0.0,0.0,0.0
1783571346.354,0.0,0.0,0.0,0.0,0.0,0.0,0.0,0.0,0.0,27.9,0.0,0.0,0.0,0.0,0.0,0.0
1783571347.356,0.0,0.0,0.0,0.0,0.0,0.0,0.0,0.0,0.0,27.9,0.0,0.0,0.0,0.0,0.0,0.0
1783571348.357,0.0,0.0,0.0,0.0,0.0,0.0,0.0,0.0,0.0,27.9,0.0,0.0,0.0,0.0,0.0,0.0
1783571349.359,0.0,0.0,0.0,0.0,0.0,0.0,0.0,0.0,0.0,27.89,0.0,0.0,0.0,0.0,0.0,0.0
1783571350.36,0.0,0.0,0.0,0.0,0.0,0.0,0.0,0.0,0.0,27.9,0.0,0.0,0.0,0.0,0.0,0.0
1783571351.362,0.0,0.0,0.0,0.0,0.0,0.0,0.0,0.0,0.0,27.9,0.0,0.0,0.0,0.0,0.0,0.0
1783571352.363,0.0,0.0,0.0,0.0,0.0,0.0,0.0,0.0,0.0,27.9,0.0,0.0,0.0,0.0,0.0,0.0
1783571353.365,0.0,0.0,0.0,0.0,0.0,0.0,0.0,0.0,0.0,27.89,0.0,0.0,0.0,0.0,0.0,0.0
1783571354.366,0.0,0.0,0.0,0.0,0.0,0.0,0.0,0.0,0.0,27.9,0.0,0.0,0.0,0.0,0.0,0.0
1783571355.369,0.0,0.0,0.0,0.0,0.0,0.0,0.0,0.0,0.0,27.9,0.0,0.0,0.0,0.0,0.0,0.0
1783571356.371,0.0,0.0,0.0,0.0,0.0,0.0,0.0,0.0,0.0,27.9,0.0,0.0,0.0,0.0,0.0,0.0
1783571357.372,0.0,0.0,0.0,0.0,0.0,0.0,0.0,0.0,0.0,27.89,0.0,0.0,0.0,0.0,0.0,0.0
1783571358.374,0.0,0.0,0.0,0.0,0.0,0.0,0.0,0.0,0.0,27.89,0.0,0.0,0.0,0.0,0.0,0.0
1783571359.375,0.0,0.0,0.0,0.0,0.0,0.0,0.0,0.0,0.0,27.89,0.0,0.0,0.0,0.0,0.0,0.0
1783571360.376,0.0,0.0,0.0,0.0,0.0,0.0,0.0,0.0,0.0,27.89,0.0,0.0,0.0,0.0,0.0,0.0
1783571361.378,0.0,0.0,0.0,0.0,0.0,0.0,0.0,0.0,0.0,27.89,0.0,0.0,0.0,0.0,0.0,0.0
1783571362.38,0.0,0.0,0.0,0.0,0.0,0.0,0.0,0.0,0.0,27.89,0.0,0.0,0.0,0.0,0.0,0.0
1783571363.384,0.0,0.0,0.0,0.0,0.0,0.0,0.0,0.0,0.0,27.89,0.0,0.0,0.0,0.0,0.0,0.0
1783571364.388,0.0,0.0,0.0,0.0,0.0,0.0,0.0,0.0,0.0,27.89,0.0,0.0,0.0,0.0,0.0,0.0
1783571365.392,0.0,0.0,0.0,0.0,0.0,0.0,0.0,0.0,0.0,27.89,0.0,0.0,0.0,0.0,0.0,0.0
1783571366.393,0.0,0.0,0.0,0.0,0.0,0.0,0.0,0.0,0.0,27.89,0.0,0.0,0.0,0.0,0.0,0.0
1783571367.397,0.0,0.0,0.0,0.0,0.0,0.0,0.0,0.0,0.0,27.89,0.0,0.0,0.0,0.0,0.0,0.0
1783571368.399,0.0,0.0,0.0,0.0,0.0,0.0,0.0,0.0,0.0,27.89,0.0,0.0,0.0,0.0,0.0,0.0
1783571595.612,0.0,0.0,0.0,0.0,0.0,0.0,0.0,0.0,0.0,27.84,0.0,0.0,0.0,0.0,0.0,0.0
1783571596.614,0.0,0.0,0.0,0.0,0.0,0.0,0.0,0.0,0.0,27.84,0.0,0.0,0.0,0.0,0.0,0.0
1783571597.616,0.0,0.0,0.0,0.0,0.0,0.0,0.0,0.0,0.0,27.83,0.0,0.0,0.0,0.0,0.0,0.0
1783571598.62,0.0,0.0,0.0,0.0,0.0,0.0,0.0,0.0,0.0,27.84,0.0,0.0,0.0,0.0,0.0,0.0
1783571599.623,0.0,0.0,0.0,0.0,0.0,0.0,0.0,0.0,0.0,27.83,0.0,0.0,0.0,0.0,0.0,0.0
1783571600.625,0.0,0.0,0.0,0.0,0.0,0.0,0.0,0.0,0.0,27.83,0.0,0.0,0.0,0.0,0.0,0.0
1783571601.627,0.0,0.0,0.0,0.0,0.0,0.0,0.0,0.0,0.0,27.83,0.0,0.0,0.0,0.0,0.0,0.0
1783571602.629,0.0,0.0,0.0,0.0,0.0,0.0,0.0,0.0,0.0,27.83,0.0,0.0,0.0,0.0,0.0,0.0
1783571603.63,0.0,0.0,0.0,0.0,0.0,0.0,0.0,0.0,0.0,27.83,0.0,0.0,0.0,0.0,0.0,0.0
1783571604.632,0.0,0.0,0.0,0.0,0.0,0.0,0.0,0.0,0.0,27.83,0.0,0.0,0.0,0.0,0.0,0.0
1783571605.634,0.0,0.0,0.0,0.0,0.0,0.0,0.0,0.0,0.0,27.83,0.0,0.0,0.0,0.0,0.0,0.0
1783571606.636,0.0,0.0,0.0,0.0,0.0,0.0,0.0,0.0,0.0,27.83,0.0,0.0,0.0,0.0,0.0,0.0
1783571607.638,0.0,0.0,0.0,0.0,0.0,0.0,0.0,0.0,0.0,27.83,0.0,0.0,0.0,0.0,0.0,0.0
1783571608.64,0.0,0.0,0.0,0.0,0.0,0.0,0.0,0.0,0.0,27.83,0.0,0.0,0.0,0.0,0.0,0.0
1783571609.643,0.0,0.0,0.0,0.0,0.0,0.0,0.0,0.0,0.0,27.83,0.0,0.0,0.0,0.0,0.0,0.0
1783571610.645,0.0,0.0,0.0,0.0,0.0,0.0,0.0,0.0,0.0,27.83,0.0,0.0,0.0,0.0,0.0,0.0
1783571611.647,0.0,0.0,0.0,0.0,0.0,0.0,0.0,0.0,0.0,27.83,0.0,0.0,0.0,0.0,0.0,0.0
1783571612.65,0.0,0.0,0.0,0.0,0.0,0.0,0.0,0.0,0.0,27.83,0.0,0.0,0.0,0.0,0.0,0.0
1783571613.651,0.0,0.0,0.0,0.0,0.0,0.0,0.0,0.0,0.0,27.83,0.0,0.0,0.0,0.0,0.0,0.0
1783571614.654,0.0,0.0,0.0,0.0,0.0,0.0,0.0,0.0,0.0,27.83,0.0,0.0,0.0,0.0,0.0,0.0
1783571615.655,0.0,0.0,0.0,0.0,0.0,0.0,0.0,0.0,0.0,27.83,0.0,0.0,0.0,0.0,0.0,0.0
1783571616.657,0.0,0.0,0.0,0.0,0.0,0.0,0.0,0.0,0.0,27.83,0.0,0.0,0.0,0.0,0.0,0.0
1783571617.659,0.0,0.0,0.0,0.0,0.0,0.0,0.0,0.0,0.0,27.83,0.0,0.0,0.0,0.0,0.0,0.0
1783571618.66,0.0,0.0,0.0,0.0,0.0,0.0,0.0,0.0,0.0,27.82,0.0,0.0,0.0,0.0,0.0,0.0
1783571619.662,0.0,0.0,0.0,0.0,0.0,0.0,0.0,0.0,0.0,27.82,0.0,0.0,0.0,0.0,0.0,0.0
1783571620.664,0.0,0.0,0.0,0.0,0.0,0.0,0.0,0.0,0.0,27.82,0.0,0.0,0.0,0.0,0.0,0.0
1783571621.666,0.0,0.0,0.0,0.0,0.0,0.0,0.0,0.0,0.0,27.82,0.0,0.0,0.0,0.0,0.0,0.0
1783571622.669,0.0,0.0,0.0,0.0,0.0,0.0,0.0,0.0,0.0,27.82,0.0,0.0,0.0,0.0,0.0,0.0
1783571623.671,0.0,0.0,0.0,0.0,0.0,0.0,0.0,0.0,0.0,27.82,0.0,0.0,0.0,0.0,0.0,0.0
1783571624.673,0.0,0.0,0.0,0.0,0.0,0.0,0.0,0.0,0.0,27.82,0.0,0.0,0.0,0.0,0.0,0.0
1783571625.675,0.0,0.0,0.0,0.0,0.0,0.0,0.0,0.0,0.0,27.82,0.0,0.0,0.0,0.0,0.0,0.0
1783571626.677,0.0,0.0,0.0,0.0,0.0,0.0,0.0,0.0,0.0,27.82,0.0,0.0,0.0,0.0,0.0,0.0
1783571627.679,0.0,0.0,0.0,0.0,0.0,0.0,0.0,0.0,0.0,27.82,0.0,0.0,0.0,0.0,0.0,0.0
1783571628.681,0.0,0.0,0.0,0.0,0.0,0.0,0.0,0.0,0.0,27.82,0.0,0.0,0.0,0.0,0.0,0.0
1783571629.683,0.0,0.0,0.0,0.0,0.0,0.0,0.0,0.0,0.0,27.82,0.0,0.0,0.0,0.0,0.0,0.0
1783571630.685,0.0,0.0,0.0,0.0,0.0,0.0,0.0,0.0,0.0,27.82,0.0,0.0,0.0,0.0,0.0,0.0
1783571631.687,0.0,0.0,0.0,0.0,0.0,0.0,0.0,0.0,0.0,27.82,0.0,0.0,0.0,0.0,0.0,0.0
1783571632.689,0.0,0.0,0.0,0.0,0.0,0.0,0.0,0.0,0.0,27.82,0.0,0.0,0.0,0.0,0.0,0.0
1783571633.691,0.0,0.0,0.0,0.0,0.0,0.0,0.0,0.0,0.0,27.82,0.0,0.0,0.0,0.0,0.0,0.0
1783571634.694,0.0,0.0,0.0,0.0,0.0,0.0,0.0,0.0,0.0,27.82,0.0,0.0,0.0,0.0,0.0,0.0
1783571635.696,0.0,0.0,0.0,0.0,0.0,0.0,0.0,0.0,0.0,27.82,0.0,0.0,0.0,0.0,0.0,0.0
1783571636.699,0.0,0.0,0.0,0.0,0.0,0.0,0.0,0.0,0.0,27.82,0.0,0.0,0.0,0.0,0.0,0.0
1783571637.701,0.0,0.0,0.0,0.0,0.0,0.0,0.0,0.0,0.0,27.82,0.0,0.0,0.0,0.0,0.0,0.0
1783571638.702,0.0,0.0,0.0,0.0,0.0,0.0,0.0,0.0,0.0,27.81,0.0,0.0,0.0,0.0,0.0,0.0
1783571639.704,0.0,0.0,0.0,0.0,0.0,0.0,0.0,0.0,0.0,27.82,0.0,0.0,0.0,0.0,0.0,0.0
1783571640.706,0.0,0.0,0.0,0.0,0.0,0.0,0.0,0.0,0.0,27.81,0.0,0.0,0.0,0.0,0.0,0.0
1783571641.708,0.0,0.0,0.0,0.0,0.0,0.0,0.0,0.0,0.0,27.82,0.0,0.0,0.0,0.0,0.0,0.0
1783571642.709,0.0,0.0,0.0,0.0,0.0,0.0,0.0,0.0,0.0,27.82,0.0,0.0,0.0,0.0,0.0,0.0
1783571643.71,0.0,0.0,0.0,0.0,0.0,0.0,0.0,0.0,0.0,27.81,0.0,0.0,0.0,0.0,0.0,0.0
1783571644.712,0.0,0.0,0.0,0.0,0.0,0.0,0.0,0.0,0.0,27.82,0.0,0.0,0.0,0.0,0.0,0.0
1783571645.715,0.0,0.0,0.0,0.0,0.0,0.0,0.0,0.0,0.0,27.82,0.0,0.0,0.0,0.0,0.0,0.0
1783571646.718,0.0,0.0,0.0,0.0,0.0,0.0,0.0,0.0,0.0,27.81,0.0,0.0,0.0,0.0,0.0,0.0
1783571647.72,0.0,0.0,0.0,0.0,0.0,0.0,0.0,0.0,0.0,27.81,0.0,0.0,0.0,0.0,0.0,0.0
1783571648.722,0.0,0.0,0.0,0.0,0.0,0.0,0.0,0.0,0.0,27.81,0.0,0.0,0.0,0.0,0.0,0.0
1783571649.724,0.0,0.0,0.0,0.0,0.0,0.0,0.0,0.0,0.0,27.81,0.0,0.0,0.0,0.0,0.0,0.0
1783572306.791,0.0,0.0,0.0,0.0,0.0,0.0,0.0,0.0,0.0,27.89,0.0,0.0,0.0,0.0,0.0,0.0
1783572307.792,0.0,0.0,0.0,0.0,0.0,0.0,0.0,0.0,0.0,27.89,0.0,0.0,0.0,0.0,0.0,0.0
1783572308.796,0.0,0.0,0.0,0.0,0.0,0.0,0.0,0.0,0.0,27.89,0.0,0.0,0.0,0.0,0.0,0.0
1783572309.798,0.0,0.0,0.0,0.0,0.0,0.0,0.0,0.0,0.0,27.89,0.0,0.0,0.0,0.0,0.0,0.0
1783572310.8,0.0,0.0,0.0,0.0,0.0,0.0,0.0,0.0,0.0,27.89,0.0,0.0,0.0,0.0,0.0,0.0
1783572311.803,0.0,0.0,0.0,0.0,0.0,0.0,0.0,0.0,0.0,27.89,0.0,0.0,0.0,0.0,0.0,0.0
1783572312.805,0.0,0.0,0.0,0.0,0.0,0.0,0.0,0.0,0.0,27.89,0.0,0.0,0.0,0.0,0.0,0.0
1783572313.807,0.0,0.0,0.0,0.0,0.0,0.0,0.0,0.0,0.0,27.89,0.0,0.0,0.0,0.0,0.0,0.0
1783572314.808,0.0,0.0,0.0,0.0,0.0,0.0,0.0,0.0,0.0,27.89,0.0,0.0,0.0,0.0,0.0,0.0
1783572315.81,0.0,0.0,0.0,0.0,0.0,0.0,0.0,0.0,0.0,27.89,0.0,0.0,0.0,0.0,0.0,0.0
1783572316.812,0.0,0.0,0.0,0.0,0.0,0.0,0.0,0.0,0.0,27.89,0.0,0.0,0.0,0.0,0.0,0.0
1783572317.814,0.0,0.0,0.0,0.0,0.0,0.0,0.0,0.0,0.0,27.89,0.0,0.0,0.0,0.0,0.0,0.0
1783572318.816,0.0,0.0,0.0,0.0,0.0,0.0,0.0,0.0,0.0,27.89,0.0,0.0,0.0,0.0,0.0,0.0
1783572319.818,0.0,0.0,0.0,0.0,0.0,0.0,0.0,0.0,0.0,27.89,0.0,0.0,0.0,0.0,0.0,0.0
1783572320.82,0.0,0.0,0.0,0.0,0.0,0.0,0.0,0.0,0.0,27.89,0.0,0.0,0.0,0.0,0.0,0.0
1783572321.822,0.0,0.0,0.0,0.0,0.0,0.0,0.0,0.0,0.0,27.89,0.0,0.0,0.0,0.0,0.0,0.0
1783572322.824,0.0,0.0,0.0,0.0,0.0,0.0,0.0,0.0,0.0,27.89,0.0,0.0,0.0,0.0,0.0,0.0
1783572323.825,0.0,0.0,0.0,0.0,0.0,0.0,0.0,0.0,0.0,27.89,0.0,0.0,0.0,0.0,0.0,0.0
1783572324.827,0.0,0.0,0.0,0.0,0.0,0.0,0.0,0.0,0.0,27.89,0.0,0.0,0.0,0.0,0.0,0.0
1783572325.828,0.0,0.0,0.0,0.0,0.0,0.0,0.0,0.0,0.0,27.89,0.0,0.0,0.0,0.0,0.0,0.0
1783572326.83,0.0,0.0,0.0,0.0,0.0,0.0,0.0,0.0,0.0,27.89,0.0,0.0,0.0,0.0,0.0,0.0
1783572327.831,0.0,0.0,0.0,0.0,0.0,0.0,0.0,0.0,0.0,27.89,0.0,0.0,0.0,0.0,0.0,0.0
1783572328.833,0.0,0.0,0.0,0.0,0.0,0.0,0.0,0.0,0.0,27.89,0.0,0.0,0.0,0.0,0.0,0.0
1783572329.835,0.0,0.0,0.0,0.0,0.0,0.0,0.0,0.0,0.0,27.89,0.0,0.0,0.0,0.0,0.0,0.0
1783572330.836,0.0,0.0,0.0,0.0,0.0,0.0,0.0,0.0,0.0,27.89,0.0,0.0,0.0,0.0,0.0,0.0
1783572331.838,0.0,0.0,0.0,0.0,0.0,0.0,0.0,0.0,0.0,27.89,0.0,0.0,0.0,0.0,0.0,0.0
1783572332.84,0.0,0.0,0.0,0.0,0.0,0.0,0.0,0.0,0.0,27.89,0.0,0.0,0.0,0.0,0.0,0.0
1783572333.842,0.0,0.0,0.0,0.0,0.0,0.0,0.0,0.0,0.0,27.89,0.0,0.0,0.0,0.0,0.0,0.0
1783572334.843,0.0,0.0,0.0,0.0,0.0,0.0,0.0,0.0,0.0,27.89,0.0,0.0,0.0,0.0,0.0,0.0
1783572335.845,0.0,0.0,0.0,0.0,0.0,0.0,0.0,0.0,0.0,27.89,0.0,0.0,0.0,0.0,0.0,0.0
1783572336.847,0.0,0.0,0.0,0.0,0.0,0.0,0.0,0.0,0.0,27.89,0.0,0.0,0.0,0.0,0.0,0.0
1783572337.848,0.0,0.0,0.0,0.0,0.0,0.0,0.0,0.0,0.0,27.89,0.0,0.0,0.0,0.0,0.0,0.0
1783572338.85,0.0,0.0,0.0,0.0,0.0,0.0,0.0,0.0,0.0,27.89,0.0,0.0,0.0,0.0,0.0,0.0
1783572339.851,0.0,0.0,0.0,0.0,0.0,0.0,0.0,0.0,0.0,27.89,0.0,0.0,0.0,0.0,0.0,0.0
1783572340.853,0.0,0.0,0.0,0.0,0.0,0.0,0.0,0.0,0.0,27.89,0.0,0.0,0.0,0.0,0.0,0.0
1783572341.855,0.0,0.0,0.0,0.0,0.0,0.0,0.0,0.0,0.0,27.89,0.0,0.0,0.0,0.0,0.0,0.0
1783572342.856,0.0,0.0,0.0,0.0,0.0,0.0,0.0,0.0,0.0,27.89,0.0,0.0,0.0,0.0,0.0,0.0
1783572343.858,0.0,0.0,0.0,0.0,0.0,0.0,0.0,0.0,0.0,27.89,0.0,0.0,0.0,0.0,0.0,0.0
1783572344.86,0.0,0.0,0.0,0.0,0.0,0.0,0.0,0.0,0.0,27.89,0.0,0.0,0.0,0.0,0.0,0.0
1783572345.862,0.0,0.0,0.0,0.0,0.0,0.0,0.0,0.0,0.0,27.89,0.0,0.0,0.0,0.0,0.0,0.0
1783572346.864,0.0,0.0,0.0,0.0,0.0,0.0,0.0,0.0,0.0,27.89,0.0,0.0,0.0,0.0,0.0,0.0
1783572347.866,0.0,0.0,0.0,0.0,0.0,0.0,0.0,0.0,0.0,27.89,0.0,0.0,0.0,0.0,0.0,0.0
1783572348.868,0.0,0.0,0.0,0.0,0.0,0.0,0.0,0.0,0.0,27.89,0.0,0.0,0.0,0.0,0.0,0.0
1783572349.869,0.0,0.0,0.0,0.0,0.0,0.0,0.0,0.0,0.0,27.89,0.0,0.0,0.0,0.0,0.0,0.0
1783572350.871,0.0,0.0,0.0,0.0,0.0,0.0,0.0,0.0,0.0,27.88,0.0,0.0,0.0,0.0,0.0,0.0
1783572351.872,0.0,0.0,0.0,0.0,0.0,0.0,0.0,0.0,0.0,27.89,0.0,0.0,0.0,0.0,0.0,0.0
1783572352.874,0.0,0.0,0.0,0.0,0.0,0.0,0.0,0.0,0.0,27.89,0.0,0.0,0.0,0.0,0.0,0.0
1783572353.876,0.0,0.0,0.0,0.0,0.0,0.0,0.0,0.0,0.0,27.89,0.0,0.0,0.0,0.0,0.0,0.0
1783572354.878,0.0,0.0,0.0,0.0,0.0,0.0,0.0,0.0,0.0,27.88,0.0,0.0,0.0,0.0,0.0,0.0
1783572355.882,0.0,0.0,0.0,0.0,0.0,0.0,0.0,0.0,0.0,27.89,0.0,0.0,0.0,0.0,0.0,0.0
1783572356.884,0.0,0.0,0.0,0.0,0.0,0.0,0.0,0.0,0.0,27.89,0.0,0.0,0.0,0.0,0.0,0.0
1783572357.888,0.0,0.0,0.0,0.0,0.0,0.0,0.0,0.0,0.0,27.88,0.0,0.0,0.0,0.0,0.0,0.0
1783572358.89,0.0,0.0,0.0,0.0,0.0,0.0,0.0,0.0,0.0,27.88,0.0,0.0,0.0,0.0,0.0,0.0
1783572359.892,0.0,0.0,0.0,0.0,0.0,0.0,0.0,0.0,0.0,27.88,0.0,0.0,0.0,0.0,0.0,0.0
1783572360.893,0.0,0.0,0.0,0.0,0.0,0.0,0.0,0.0,0.0,27.88,0.0,0.0,0.0,0.0,0.0,0.0
1783572604.135,0.0,0.0,0.0,0.0,0.0,0.0,0.0,0.0,0.0,27.92,0.0,0.0,0.0,0.0,0.0,0.0
1783572605.137,0.0,0.0,0.0,0.0,0.0,0.0,0.0,0.0,0.0,27.93,0.0,0.0,0.0,0.0,0.0,0.0
1783572606.139,0.0,0.0,0.0,0.0,0.0,0.0,0.0,0.0,0.0,27.92,0.0,0.0,0.0,0.0,0.0,0.0
1783572607.141,0.0,0.0,0.0,0.0,0.0,0.0,0.0,0.0,0.0,27.93,0.0,0.0,0.0,0.0,0.0,0.0
1783572608.143,0.0,0.0,0.0,0.0,0.0,0.0,0.0,0.0,0.0,27.93,0.0,0.0,0.0,0.0,0.0,0.0
1783572609.146,0.0,0.0,0.0,0.0,0.0,0.0,0.0,0.0,0.0,27.93,0.0,0.0,0.0,0.0,0.0,0.0
1783572610.148,0.0,0.0,0.0,0.0,0.0,0.0,0.0,0.0,0.0,27.93,0.0,0.0,0.0,0.0,0.0,0.0
1783572611.15,0.0,0.0,0.0,0.0,0.0,0.0,0.0,0.0,0.0,27.93,0.0,0.0,0.0,0.0,0.0,0.0
1783572612.152,0.0,0.0,0.0,0.0,0.0,0.0,0.0,0.0,0.0,27.93,0.0,0.0,0.0,0.0,0.0,0.0
1783572613.154,0.0,0.0,0.0,0.0,0.0,0.0,0.0,0.0,0.0,27.93,0.0,0.0,0.0,0.0,0.0,0.0
1783572614.156,0.0,0.0,0.0,0.0,0.0,0.0,0.0,0.0,0.0,27.93,0.0,0.0,0.0,0.0,0.0,0.0
1783572615.158,0.0,0.0,0.0,0.0,0.0,0.0,0.0,0.0,0.0,27.93,0.0,0.0,0.0,0.0,0.0,0.0
1783572616.16,0.0,0.0,0.0,0.0,0.0,0.0,0.0,0.0,0.0,27.93,0.0,0.0,0.0,0.0,0.0,0.0
1783572617.163,0.0,0.0,0.0,0.0,0.0,0.0,0.0,0.0,0.0,27.93,0.0,0.0,0.0,0.0,0.0,0.0
1783572618.165,0.0,0.0,0.0,0.0,0.0,0.0,0.0,0.0,0.0,27.93,0.0,0.0,0.0,0.0,0.0,0.0
1783572619.167,0.0,0.0,0.0,0.0,0.0,0.0,0.0,0.0,0.0,27.93,0.0,0.0,0.0,0.0,0.0,0.0
1783572620.169,0.0,0.0,0.0,0.0,0.0,0.0,0.0,0.0,0.0,27.93,0.0,0.0,0.0,0.0,0.0,0.0
1783572621.171,0.0,0.0,0.0,0.0,0.0,0.0,0.0,0.0,0.0,27.93,0.0,0.0,0.0,0.0,0.0,0.0
1783572622.173,0.0,0.0,0.0,0.0,0.0,0.0,0.0,0.0,0.0,27.93,0.0,0.0,0.0,0.0,0.0,0.0
1783572623.175,0.0,0.0,0.0,0.0,0.0,0.0,0.0,0.0,0.0,27.93,0.0,0.0,0.0,0.0,0.0,0.0
1783572624.177,0.0,0.0,0.0,0.0,0.0,0.0,0.0,0.0,0.0,27.93,0.0,0.0,0.0,0.0,0.0,0.0
1783572625.179,0.0,0.0,0.0,0.0,0.0,0.0,0.0,0.0,0.0,27.93,0.0,0.0,0.0,0.0,0.0,0.0
1783572626.182,0.0,0.0,0.0,0.0,0.0,0.0,0.0,0.0,0.0,27.93,0.0,0.0,0.0,0.0,0.0,0.0
1783572627.183,0.0,0.0,0.0,0.0,0.0,0.0,0.0,0.0,0.0,27.93,0.0,0.0,0.0,0.0,0.0,0.0
1783572628.185,0.0,0.0,0.0,0.0,0.0,0.0,0.0,0.0,0.0,27.94,0.0,0.0,0.0,0.0,0.0,0.0
1783572629.187,0.0,0.0,0.0,0.0,0.0,0.0,0.0,0.0,0.0,27.94,0.0,0.0,0.0,0.0,0.0,0.0
1783572630.188,0.0,0.0,0.0,0.0,0.0,0.0,0.0,0.0,0.0,27.94,0.0,0.0,0.0,0.0,0.0,0.0
1783572631.191,0.0,0.0,0.0,0.0,0.0,0.0,0.0,0.0,0.0,27.94,0.0,0.0,0.0,0.0,0.0,0.0
1783572632.194,0.0,0.0,0.0,0.0,0.0,0.0,0.0,0.0,0.0,27.94,0.0,0.0,0.0,0.0,0.0,0.0
1783572633.195,0.0,0.0,0.0,0.0,0.0,0.0,0.0,0.0,0.0,27.94,0.0,0.0,0.0,0.0,0.0,0.0
1783572634.197,0.0,0.0,0.0,0.0,0.0,0.0,0.0,0.0,0.0,27.94,0.0,0.0,0.0,0.0,0.0,0.0
1783572635.199,0.0,0.0,0.0,0.0,0.0,0.0,0.0,0.0,0.0,27.94,0.0,0.0,0.0,0.0,0.0,0.0
1783572636.2,0.0,0.0,0.0,0.0,0.0,0.0,0.0,0.0,0.0,27.94,0.0,0.0,0.0,0.0,0.0,0.0
1783572637.202,0.0,0.0,0.0,0.0,0.0,0.0,0.0,0.0,0.0,27.94,0.0,0.0,0.0,0.0,0.0,0.0
1783572638.204,0.0,0.0,0.0,0.0,0.0,0.0,0.0,0.0,0.0,27.94,0.0,0.0,0.0,0.0,0.0,0.0
1783572639.205,0.0,0.0,0.0,0.0,0.0,0.0,0.0,0.0,0.0,27.94,0.0,0.0,0.0,0.0,0.0,0.0
1783572640.207,0.0,0.0,0.0,0.0,0.0,0.0,0.0,0.0,0.0,27.94,0.0,0.0,0.0,0.0,0.0,0.0
1783572641.209,0.0,0.0,0.0,0.0,0.0,0.0,0.0,0.0,0.0,27.94,0.0,0.0,0.0,0.0,0.0,0.0
1783572642.21,0.0,0.0,0.0,0.0,0.0,0.0,0.0,0.0,0.0,27.94,0.0,0.0,0.0,0.0,0.0,0.0
1783572643.212,0.0,0.0,0.0,0.0,0.0,0.0,0.0,0.0,0.0,27.94,0.0,0.0,0.0,0.0,0.0,0.0
1783572644.214,0.0,0.0,0.0,0.0,0.0,0.0,0.0,0.0,0.0,27.94,0.0,0.0,0.0,0.0,0.0,0.0
1783572645.216,0.0,0.0,0.0,0.0,0.0,0.0,0.0,0.0,0.0,27.95,0.0,0.0,0.0,0.0,0.0,0.0
1783572646.22,0.0,0.0,0.0,0.0,0.0,0.0,0.0,0.0,0.0,27.94,0.0,0.0,0.0,0.0,0.0,0.0
1783572647.222,0.0,0.0,0.0,0.0,0.0,0.0,0.0,0.0,0.0,27.95,0.0,0.0,0.0,0.0,0.0,0.0
1783572648.223,0.0,0.0,0.0,0.0,0.0,0.0,0.0,0.0,0.0,27.95,0.0,0.0,0.0,0.0,0.0,0.0
1783572649.226,0.0,0.0,0.0,0.0,0.0,0.0,0.0,0.0,0.0,27.95,0.0,0.0,0.0,0.0,0.0,0.0
1783572650.227,0.0,0.0,0.0,0.0,0.0,0.0,0.0,0.0,0.0,27.95,0.0,0.0,0.0,0.0,0.0,0.0
1783572651.229,0.0,0.0,0.0,0.0,0.0,0.0,0.0,0.0,0.0,27.95,0.0,0.0,0.0,0.0,0.0,0.0
1783572652.231,0.0,0.0,0.0,0.0,0.0,0.0,0.0,0.0,0.0,27.95,0.0,0.0,0.0,0.0,0.0,0.0
1783572653.233,0.0,0.0,0.0,0.0,0.0,0.0,0.0,0.0,0.0,27.95,0.0,0.0,0.0,0.0,0.0,0.0
1783572654.235,0.0,0.0,0.0,0.0,0.0,0.0,0.0,0.0,0.0,27.95,0.0,0.0,0.0,0.0,0.0,0.0
1783572655.238,0.0,0.0,0.0,0.0,0.0,0.0,0.0,0.0,0.0,27.95,0.0,0.0,0.0,0.0,0.0,0.0
1783572656.241,0.0,0.0,0.0,0.0,0.0,0.0,0.0,0.0,0.0,27.95,0.0,0.0,0.0,0.0,0.0,0.0
1783572657.243,0.0,0.0,0.0,0.0,0.0,0.0,0.0,0.0,0.0,27.95,0.0,0.0,0.0,0.0,0.0,0.0
1783572658.245,0.0,0.0,0.0,0.0,0.0,0.0,0.0,0.0,0.0,27.95,0.0,0.0,0.0,0.0,0.0,0.0
1783572829.692,0.0,0.0,0.0,0.0,0.0,0.0,0.0,0.0,0.0,27.99,0.0,0.0,0.0,0.0,0.0,0.0
1783572830.694,0.0,0.0,0.0,0.0,0.0,0.0,0.0,0.0,0.0,27.99,0.0,0.0,0.0,0.0,0.0,0.0
1783572831.696,0.0,0.0,0.0,0.0,0.0,0.0,0.0,0.0,0.0,27.99,0.0,0.0,0.0,0.0,0.0,0.0
1783572832.698,0.0,0.0,0.0,0.0,0.0,0.0,0.0,0.0,0.0,27.99,0.0,0.0,0.0,0.0,0.0,0.0
1783572833.7,0.0,0.0,0.0,0.0,0.0,0.0,0.0,0.0,0.0,27.99,0.0,0.0,0.0,0.0,0.0,0.0
1783572834.702,0.0,0.0,0.0,0.0,0.0,0.0,0.0,0.0,0.0,27.99,0.0,0.0,0.0,0.0,0.0,0.0
1783572835.704,0.0,0.0,0.0,0.0,0.0,0.0,0.0,0.0,0.0,27.99,0.0,0.0,0.0,0.0,0.0,0.0
1783572836.706,0.0,0.0,0.0,0.0,0.0,0.0,0.0,0.0,0.0,27.99,0.0,0.0,0.0,0.0,0.0,0.0
1783572837.708,0.0,0.0,0.0,0.0,0.0,0.0,0.0,0.0,0.0,27.99,0.0,0.0,0.0,0.0,0.0,0.0
1783572838.71,0.0,0.0,0.0,0.0,0.0,0.0,0.0,0.0,0.0,27.99,0.0,0.0,0.0,0.0,0.0,0.0
1783572839.712,0.0,0.0,0.0,0.0,0.0,0.0,0.0,0.0,0.0,27.99,0.0,0.0,0.0,0.0,0.0,0.0
1783572840.714,0.0,0.0,0.0,0.0,0.0,0.0,0.0,0.0,0.0,27.99,0.0,0.0,0.0,0.0,0.0,0.0
1783572841.717,0.0,0.0,0.0,0.0,0.0,0.0,0.0,0.0,0.0,27.99,0.0,0.0,0.0,0.0,0.0,0.0
1783572842.719,0.0,0.0,0.0,0.0,0.0,0.0,0.0,0.0,0.0,27.99,0.0,0.0,0.0,0.0,0.0,0.0
1783572843.721,0.0,0.0,0.0,0.0,0.0,0.0,0.0,0.0,0.0,27.99,0.0,0.0,0.0,0.0,0.0,0.0
1783572844.723,0.0,0.0,0.0,0.0,0.0,0.0,0.0,0.0,0.0,27.99,0.0,0.0,0.0,0.0,0.0,0.0
1783572845.725,0.0,0.0,0.0,0.0,0.0,0.0,0.0,0.0,0.0,27.99,0.0,0.0,0.0,0.0,0.0,0.0
1783572846.727,0.0,0.0,0.0,0.0,0.0,0.0,0.0,0.0,0.0,27.99,0.0,0.0,0.0,0.0,0.0,0.0
1783572847.729,0.0,0.0,0.0,0.0,0.0,0.0,0.0,0.0,0.0,27.99,0.0,0.0,0.0,0.0,0.0,0.0
1783572848.731,0.0,0.0,0.0,0.0,0.0,0.0,0.0,0.0,0.0,27.99,0.0,0.0,0.0,0.0,0.0,0.0
1783572849.733,0.0,0.0,0.0,0.0,0.0,0.0,0.0,0.0,0.0,27.99,0.0,0.0,0.0,0.0,0.0,0.0
1783572850.734,0.0,0.0,0.0,0.0,0.0,0.0,0.0,0.0,0.0,27.98,0.0,0.0,0.0,0.0,0.0,0.0
1783572851.736,0.0,0.0,0.0,0.0,0.0,0.0,0.0,0.0,0.0,27.98,0.0,0.0,0.0,0.0,0.0,0.0
1783572852.739,0.0,0.0,0.0,0.0,0.0,0.0,0.0,0.0,0.0,27.98,0.0,0.0,0.0,0.0,0.0,0.0
1783572853.74,0.0,0.0,0.0,0.0,0.0,0.0,0.0,0.0,0.0,27.98,0.0,0.0,0.0,0.0,0.0,0.0
1783572854.742,0.0,0.0,0.0,0.0,0.0,0.0,0.0,0.0,0.0,27.99,0.0,0.0,0.0,0.0,0.0,0.0
1783572855.744,0.0,0.0,0.0,0.0,0.0,0.0,0.0,0.0,0.0,27.99,0.0,0.0,0.0,0.0,0.0,0.0
1783572856.746,0.0,0.0,0.0,0.0,0.0,0.0,0.0,0.0,0.0,27.99,0.0,0.0,0.0,0.0,0.0,0.0
1783572857.748,0.0,0.0,0.0,0.0,0.0,0.0,0.0,0.0,0.0,27.98,0.0,0.0,0.0,0.0,0.0,0.0
1783572858.75,0.0,0.0,0.0,0.0,0.0,0.0,0.0,0.0,0.0,27.98,0.0,0.0,0.0,0.0,0.0,0.0
1783572859.753,0.0,0.0,0.0,0.0,0.0,0.0,0.0,0.0,0.0,27.98,0.0,0.0,0.0,0.0,0.0,0.0
1783572860.755,0.0,0.0,0.0,0.0,0.0,0.0,0.0,0.0,0.0,27.98,0.0,0.0,0.0,0.0,0.0,0.0
1783572861.757,0.0,0.0,0.0,0.0,0.0,0.0,0.0,0.0,0.0,27.98,0.0,0.0,0.0,0.0,0.0,0.0
1783572862.758,0.0,0.0,0.0,0.0,0.0,0.0,0.0,0.0,0.0,27.98,0.0,0.0,0.0,0.0,0.0,0.0
1783572863.76,0.0,0.0,0.0,0.0,0.0,0.0,0.0,0.0,0.0,27.98,0.0,0.0,0.0,0.0,0.0,0.0
1783572864.762,0.0,0.0,0.0,0.0,0.0,0.0,0.0,0.0,0.0,27.98,0.0,0.0,0.0,0.0,0.0,0.0
1783572865.764,0.0,0.0,0.0,0.0,0.0,0.0,0.0,0.0,0.0,27.98,0.0,0.0,0.0,0.0,0.0,0.0
1783572866.766,0.0,0.0,0.0,0.0,0.0,0.0,0.0,0.0,0.0,27.98,0.0,0.0,0.0,0.0,0.0,0.0
1783572867.768,0.0,0.0,0.0,0.0,0.0,0.0,0.0,0.0,0.0,27.98,0.0,0.0,0.0,0.0,0.0,0.0
1783572868.77,0.0,0.0,0.0,0.0,0.0,0.0,0.0,0.0,0.0,27.98,0.0,0.0,0.0,0.0,0.0,0.0
1783572869.772,0.0,0.0,0.0,0.0,0.0,0.0,0.0,0.0,0.0,27.98,0.0,0.0,0.0,0.0,0.0,0.0
1783572870.774,0.0,0.0,0.0,0.0,0.0,0.0,0.0,0.0,0.0,27.98,0.0,0.0,0.0,0.0,0.0,0.0
1783572871.776,0.0,0.0,0.0,0.0,0.0,0.0,0.0,0.0,0.0,27.98,0.0,0.0,0.0,0.0,0.0,0.0
1783572872.778,0.0,0.0,0.0,0.0,0.0,0.0,0.0,0.0,0.0,27.98,0.0,0.0,0.0,0.0,0.0,0.0
1783572873.78,0.0,0.0,0.0,0.0,0.0,0.0,0.0,0.0,0.0,27.98,0.0,0.0,0.0,0.0,0.0,0.0
1783572874.782,0.0,0.0,0.0,0.0,0.0,0.0,0.0,0.0,0.0,27.98,0.0,0.0,0.0,0.0,0.0,0.0
1783572875.784,0.0,0.0,0.0,0.0,0.0,0.0,0.0,0.0,0.0,27.98,0.0,0.0,0.0,0.0,0.0,0.0
1783572876.786,0.0,0.0,0.0,0.0,0.0,0.0,0.0,0.0,0.0,27.98,0.0,0.0,0.0,0.0,0.0,0.0
1783572877.788,0.0,0.0,0.0,0.0,0.0,0.0,0.0,0.0,0.0,27.98,0.0,0.0,0.0,0.0,0.0,0.0
1783572878.79,0.0,0.0,0.0,0.0,0.0,0.0,0.0,0.0,0.0,27.98,0.0,0.0,0.0,0.0,0.0,0.0
1783572879.794,0.0,0.0,0.0,0.0,0.0,0.0,0.0,0.0,0.0,27.98,0.0,0.0,0.0,0.0,0.0,0.0
1783572880.8,0.0,0.0,0.0,0.0,0.0,0.0,0.0,0.0,0.0,27.98,0.0,0.0,0.0,0.0,0.0,0.0
1783572881.802,0.0,0.0,0.0,0.0,0.0,0.0,0.0,0.0,0.0,27.98,0.0,0.0,0.0,0.0,0.0,0.0
1783572882.804,0.0,0.0,0.0,0.0,0.0,0.0,0.0,0.0,0.0,27.98,0.0,0.0,0.0,0.0,0.0,0.0
1783572883.806,0.0,0.0,0.0,0.0,0.0,0.0,0.0,0.0,0.0,27.98,0.0,0.0,0.0,0.0,0.0,0.0
1783581047.692,0.0,0.0,0.0,0.0,0.0,0.0,0.0,0.0,0.0,26.69,0.0,0.0,0.0,0.0,0.0,0.0
1783581048.695,0.0,0.0,0.0,0.0,0.0,0.0,0.0,0.0,0.0,26.69,0.0,0.0,0.0,0.0,0.0,0.0
1783581049.698,0.0,0.0,0.0,0.0,0.0,0.0,0.0,0.0,0.0,26.69,0.0,0.0,0.0,0.0,0.0,0.0
1783581050.7,0.0,0.0,0.0,0.0,0.0,0.0,0.0,0.0,0.0,26.69,0.0,0.0,0.0,0.0,0.0,0.0
1783581051.702,0.0,0.0,0.0,0.0,0.0,0.0,0.0,0.0,0.0,26.69,0.0,0.0,0.0,0.0,0.0,0.0
1783581052.704,0.0,0.0,0.0,0.0,0.0,0.0,0.0,0.0,0.0,26.69,0.0,0.0,0.0,0.0,0.0,0.0
1783581053.705,0.0,0.0,0.0,0.0,0.0,0.0,0.0,0.0,0.0,26.69,0.0,0.0,0.0,0.0,0.0,0.0
1783581054.706,0.0,0.0,0.0,0.0,0.0,0.0,0.0,0.0,0.0,26.69,0.0,0.0,0.0,0.0,0.0,0.0
1783581055.708,0.0,0.0,0.0,0.0,0.0,0.0,0.0,0.0,0.0,26.69,0.0,0.0,0.0,0.0,0.0,0.0
1783581056.709,0.0,0.0,0.0,0.0,0.0,0.0,0.0,0.0,0.0,26.69,0.0,0.0,0.0,0.0,0.0,0.0
1783581057.711,0.0,0.0,0.0,0.0,0.0,0.0,0.0,0.0,0.0,26.69,0.0,0.0,0.0,0.0,0.0,0.0
1783581058.712,0.0,0.0,0.0,0.0,0.0,0.0,0.0,0.0,0.0,26.69,0.0,0.0,0.0,0.0,0.0,0.0
1783581059.714,0.0,0.0,0.0,0.0,0.0,0.0,0.0,0.0,0.0,26.69,0.0,0.0,0.0,0.0,0.0,0.0
1783581060.716,0.0,0.0,0.0,0.0,0.0,0.0,0.0,0.0,0.0,26.69,0.0,0.0,0.0,0.0,0.0,0.0
1783581061.718,0.0,0.0,0.0,0.0,0.0,0.0,0.0,0.0,0.0,26.69,0.0,0.0,0.0,0.0,0.0,0.0
1783581062.72,0.0,0.0,0.0,0.0,0.0,0.0,0.0,0.0,0.0,26.69,0.0,0.0,0.0,0.0,0.0,0.0
1783581063.722,0.0,0.0,0.0,0.0,0.0,0.0,0.0,0.0,0.0,26.69,0.0,0.0,0.0,0.0,0.0,0.0
1783581064.724,0.0,0.0,0.0,0.0,0.0,0.0,0.0,0.0,0.0,26.69,0.0,0.0,0.0,0.0,0.0,0.0
1783581065.726,0.0,0.0,0.0,0.0,0.0,0.0,0.0,0.0,0.0,26.69,0.0,0.0,0.0,0.0,0.0,0.0
1783581066.728,0.0,0.0,0.0,0.0,0.0,0.0,0.0,0.0,0.0,26.69,0.0,0.0,0.0,0.0,0.0,0.0
1783581067.73,0.0,0.0,0.0,0.0,0.0,0.0,0.0,0.0,0.0,26.69,0.0,0.0,0.0,0.0,0.0,0.0
1783581068.732,0.0,0.0,0.0,0.0,0.0,0.0,0.0,0.0,0.0,26.69,0.0,0.0,0.0,0.0,0.0,0.0
1783581069.733,0.0,0.0,0.0,0.0,0.0,0.0,0.0,0.0,0.0,26.69,0.0,0.0,0.0,0.0,0.0,0.0
1783581070.735,0.0,0.0,0.0,0.0,0.0,0.0,0.0,0.0,0.0,26.69,0.0,0.0,0.0,0.0,0.0,0.0
1783581071.737,0.0,0.0,0.0,0.0,0.0,0.0,0.0,0.0,0.0,26.69,0.0,0.0,0.0,0.0,0.0,0.0
1783581072.738,0.0,0.0,0.0,0.0,0.0,0.0,0.0,0.0,0.0,26.69,0.0,0.0,0.0,0.0,0.0,0.0
1783581073.74,0.0,0.0,0.0,0.0,0.0,0.0,0.0,0.0,0.0,26.69,0.0,0.0,0.0,0.0,0.0,0.0
1783581074.742,0.0,0.0,0.0,0.0,0.0,0.0,0.0,0.0,0.0,26.69,0.0,0.0,0.0,0.0,0.0,0.0
1783581075.744,0.0,0.0,0.0,0.0,0.0,0.0,0.0,0.0,0.0,26.69,0.0,0.0,0.0,0.0,0.0,0.0
1783581076.746,0.0,0.0,0.0,0.0,0.0,0.0,0.0,0.0,0.0,26.69,0.0,0.0,0.0,0.0,0.0,0.0
1783581435.656,0.0,0.0,0.0,0.0,0.0,0.0,0.0,0.0,0.0,26.65,0.0,0.0,0.0,0.0,0.0,0.0
1783581436.658,0.0,0.0,0.0,0.0,0.0,0.0,0.0,0.0,0.0,26.65,0.0,0.0,0.0,0.0,0.0,0.0
1783581437.662,0.0,0.0,0.0,0.0,0.0,0.0,0.0,0.0,0.0,26.65,0.0,0.0,0.0,0.0,0.0,0.0
1783581438.664,0.0,0.0,0.0,0.0,0.0,0.0,0.0,0.0,0.0,26.65,0.0,0.0,0.0,0.0,0.0,0.0
1783581439.666,0.0,0.0,0.0,0.0,0.0,0.0,0.0,0.0,0.0,26.65,0.0,0.0,0.0,0.0,0.0,0.0
1783581440.668,0.0,0.0,0.0,0.0,0.0,0.0,0.0,0.0,0.0,26.65,0.0,0.0,0.0,0.0,0.0,0.0
1783581441.67,0.0,0.0,0.0,0.0,0.0,0.0,0.0,0.0,0.0,26.65,0.0,0.0,0.0,0.0,0.0,0.0
1783581442.672,0.0,0.0,0.0,0.0,0.0,0.0,0.0,0.0,0.0,26.65,0.0,0.0,0.0,0.0,0.0,0.0
1783581443.674,0.0,0.0,0.0,0.0,0.0,0.0,0.0,0.0,0.0,26.65,0.0,0.0,0.0,0.0,0.0,0.0
1783581444.676,0.0,0.0,0.0,0.0,0.0,0.0,0.0,0.0,0.0,26.65,0.0,0.0,0.0,0.0,0.0,0.0
1783581445.678,0.0,0.0,0.0,0.0,0.0,0.0,0.0,0.0,0.0,26.65,0.0,0.0,0.0,0.0,0.0,0.0
1783581446.681,0.0,0.0,0.0,0.0,0.0,0.0,0.0,0.0,0.0,26.65,0.0,0.0,0.0,0.0,0.0,0.0
1783581447.683,0.0,0.0,0.0,0.0,0.0,0.0,0.0,0.0,0.0,26.65,0.0,0.0,0.0,0.0,0.0,0.0
1783581448.686,0.0,0.0,0.0,0.0,0.0,0.0,0.0,0.0,0.0,26.65,0.0,0.0,0.0,0.0,0.0,0.0
1783581449.688,0.0,0.0,0.0,0.0,0.0,0.0,0.0,0.0,0.0,26.65,0.0,0.0,0.0,0.0,0.0,0.0
1783581450.69,0.0,0.0,0.0,0.0,0.0,0.0,0.0,0.0,0.0,26.65,0.0,0.0,0.0,0.0,0.0,0.0
1783581451.692,0.0,0.0,0.0,0.0,0.0,0.0,0.0,0.0,0.0,26.65,0.0,0.0,0.0,0.0,0.0,0.0
1783581452.694,0.0,0.0,0.0,0.0,0.0,0.0,0.0,0.0,0.0,26.65,0.0,0.0,0.0,0.0,0.0,0.0
1783581453.696,0.0,0.0,0.0,0.0,0.0,0.0,0.0,0.0,0.0,26.65,0.0,0.0,0.0,0.0,0.0,0.0
1783581454.698,0.0,0.0,0.0,0.0,0.0,0.0,0.0,0.0,0.0,26.65,0.0,0.0,0.0,0.0,0.0,0.0
1783581455.7,0.0,0.0,0.0,0.0,0.0,0.0,0.0,0.0,0.0,26.65,0.0,0.0,0.0,0.0,0.0,0.0
1783581456.701,0.0,0.0,0.0,0.0,0.0,0.0,0.0,0.0,0.0,26.65,0.0,0.0,0.0,0.0,0.0,0.0
1783581457.703,0.0,0.0,0.0,0.0,0.0,0.0,0.0,0.0,0.0,26.65,0.0,0.0,0.0,0.0,0.0,0.0
1783581458.704,0.0,0.0,0.0,0.0,0.0,0.0,0.0,0.0,0.0,26.65,0.0,0.0,0.0,0.0,0.0,0.0
1783581459.706,0.0,0.0,0.0,0.0,0.0,0.0,0.0,0.0,0.0,26.65,0.0,0.0,0.0,0.0,0.0,0.0
1783581460.708,0.0,0.0,0.0,0.0,0.0,0.0,0.0,0.0,0.0,26.65,0.0,0.0,0.0,0.0,0.0,0.0
1783581461.71,0.0,0.0,0.0,0.0,0.0,0.0,0.0,0.0,0.0,26.65,0.0,0.0,0.0,0.0,0.0,0.0
1783581462.712,0.0,0.0,0.0,0.0,0.0,0.0,0.0,0.0,0.0,26.65,0.0,0.0,0.0,0.0,0.0,0.0
1783581463.714,0.0,0.0,0.0,0.0,0.0,0.0,0.0,0.0,0.0,26.65,0.0,0.0,0.0,0.0,0.0,0.0
1783581464.716,0.0,0.0,0.0,0.0,0.0,0.0,0.0,0.0,0.0,26.65,0.0,0.0,0.0,0.0,0.0,0.0
1783581465.718,0.0,0.0,0.0,0.0,0.0,0.0,0.0,0.0,0.0,26.65,0.0,0.0,0.0,0.0,0.0,0.0
1783581466.72,0.0,0.0,0.0,0.0,0.0,0.0,0.0,0.0,0.0,26.65,0.0,0.0,0.0,0.0,0.0,0.0
1783581467.722,0.0,0.0,0.0,0.0,0.0,0.0,0.0,0.0,0.0,26.65,0.0,0.0,0.0,0.0,0.0,0.0
1783581468.724,0.0,0.0,0.0,0.0,0.0,0.0,0.0,0.0,0.0,26.65,0.0,0.0,0.0,0.0,0.0,0.0
1783581469.726,0.0,0.0,0.0,0.0,0.0,0.0,0.0,0.0,0.0,26.65,0.0,0.0,0.0,0.0,0.0,0.0
1783581470.728,0.0,0.0,0.0,0.0,0.0,0.0,0.0,0.0,0.0,26.65,0.0,0.0,0.0,0.0,0.0,0.0
1783581471.73,0.0,0.0,0.0,0.0,0.0,0.0,0.0,0.0,0.0,26.65,0.0,0.0,0.0,0.0,0.0,0.0
1783581472.732,0.0,0.0,0.0,0.0,0.0,0.0,0.0,0.0,0.0,26.65,0.0,0.0,0.0,0.0,0.0,0.0
1783581473.734,0.0,0.0,0.0,0.0,0.0,0.0,0.0,0.0,0.0,26.65,0.0,0.0,0.0,0.0,0.0,0.0
1783581474.736,0.0,0.0,0.0,0.0,0.0,0.0,0.0,0.0,0.0,26.65,0.0,0.0,0.0,0.0,0.0,0.0
1783581475.738,0.0,0.0,0.0,0.0,0.0,0.0,0.0,0.0,0.0,26.64,0.0,0.0,0.0,0.0,0.0,0.0
1783581476.741,0.0,0.0,0.0,0.0,0.0,0.0,0.0,0.0,0.0,26.64,0.0,0.0,0.0,0.0,0.0,0.0
1783581477.743,0.0,0.0,0.0,0.0,0.0,0.0,0.0,0.0,0.0,26.65,0.0,0.0,0.0,0.0,0.0,0.0
1783581478.745,0.0,0.0,0.0,0.0,0.0,0.0,0.0,0.0,0.0,26.65,0.0,0.0,0.0,0.0,0.0,0.0
1783581479.747,0.0,0.0,0.0,0.0,0.0,0.0,0.0,0.0,0.0,26.65,0.0,0.0,0.0,0.0,0.0,0.0
1783581480.749,0.0,0.0,0.0,0.0,0.0,0.0,0.0,0.0,0.0,26.65,0.0,0.0,0.0,0.0,0.0,0.0
1783581481.75,0.0,0.0,0.0,0.0,0.0,0.0,0.0,0.0,0.0,26.65,0.0,0.0,0.0,0.0,0.0,0.0
1783581482.752,0.0,0.0,0.0,0.0,0.0,0.0,0.0,0.0,0.0,26.65,0.0,0.0,0.0,0.0,0.0,0.0
1783581483.754,0.0,0.0,0.0,0.0,0.0,0.0,0.0,0.0,0.0,26.65,0.0,0.0,0.0,0.0,0.0,0.0
1783581484.756,0.0,0.0,0.0,0.0,0.0,0.0,0.0,0.0,0.0,26.65,0.0,0.0,0.0,0.0,0.0,0.0
1783581485.758,0.0,0.0,0.0,0.0,0.0,0.0,0.0,0.0,0.0,26.64,0.0,0.0,0.0,0.0,0.0,0.0
1783581486.761,0.0,0.0,0.0,0.0,0.0,0.0,0.0,0.0,0.0,26.65,0.0,0.0,0.0,0.0,0.0,0.0
1783581487.763,0.0,0.0,0.0,0.0,0.0,0.0,0.0,0.0,0.0,26.65,0.0,0.0,0.0,0.0,0.0,0.0
1783581488.765,0.0,0.0,0.0,0.0,0.0,0.0,0.0,0.0,0.0,26.64,0.0,0.0,0.0,0.0,0.0,0.0
1783581489.767,0.0,0.0,0.0,0.0,0.0,0.0,0.0,0.0,0.0,26.65,0.0,0.0,0.0,0.0,0.0,0.0
1783581490.768,0.0,0.0,0.0,0.0,0.0,0.0,0.0,0.0,0.0,26.64,0.0,0.0,0.0,0.0,0.0,0.0
1783581491.77,0.0,0.0,0.0,0.0,0.0,0.0,0.0,0.0,0.0,26.64,0.0,0.0,0.0,0.0,0.0,0.0
1783581492.772,0.0,0.0,0.0,0.0,0.0,0.0,0.0,0.0,0.0,26.64,0.0,0.0,0.0,0.0,0.0,0.0
1783581493.774,0.0,0.0,0.0,0.0,0.0,0.0,0.0,0.0,0.0,26.64,0.0,0.0,0.0,0.0,0.0,0.0
1783581494.778,0.0,0.0,0.0,0.0,0.0,0.0,0.0,0.0,0.0,26.65,0.0,0.0,0.0,0.0,0.0,0.0
1783581495.783,0.0,0.0,0.0,0.0,0.0,0.0,0.0,0.0,0.0,26.64,0.0,0.0,0.0,0.0,0.0,0.0
1783581496.803,0.0,0.0,0.0,0.0,0.0,0.0,0.0,0.0,0.0,26.64,0.0,0.0,0.0,0.0,0.0,0.0
1783581497.809,0.0,0.0,0.0,0.0,0.0,0.0,0.0,0.0,0.0,26.65,0.0,0.0,0.0,0.0,0.0,0.0
1783581498.818,0.0,0.0,0.0,0.0,0.0,0.0,0.0,0.0,0.0,26.64,0.0,0.0,0.0,0.0,0.0,0.0
1783581499.826,0.0,0.0,0.0,0.0,0.0,0.0,0.0,0.0,0.0,26.64,0.0,0.0,0.0,0.0,0.0,0.0
1783581500.837,0.0,0.0,0.0,0.0,0.0,0.0,0.0,0.0,0.0,26.64,0.0,0.0,0.0,0.0,0.0,0.0
1783581501.839,0.0,0.0,0.0,0.0,0.0,0.0,0.0,0.0,0.0,26.64,0.0,0.0,0.0,0.0,0.0,0.0
1783581502.85,0.0,0.0,0.0,0.0,0.0,0.0,0.0,0.0,0.0,26.64,0.0,0.0,0.0,0.0,0.0,0.0
1783581503.856,0.0,0.0,0.0,0.0,0.0,0.0,0.0,0.0,0.0,26.64,0.0,0.0,0.0,0.0,0.0,0.0
1783581504.884,0.0,0.0,0.0,0.0,0.0,0.0,0.0,0.0,0.0,26.65,0.0,0.0,0.0,0.0,0.0,0.0
1783581505.891,0.0,0.0,0.0,0.0,0.0,0.0,0.0,0.0,0.0,26.65,0.0,0.0,0.0,0.0,0.0,0.0
1783581506.907,0.0,0.0,0.0,0.0,0.0,0.0,0.0,0.0,0.0,26.64,0.0,0.0,0.0,0.0,0.0,0.0
1783581507.918,0.0,0.0,0.0,0.0,0.0,0.0,0.0,0.0,0.0,26.64,0.0,0.0,0.0,0.0,0.0,0.0
1783581508.934,0.0,0.0,0.0,0.0,0.0,0.0,0.0,0.0,0.0,26.64,0.0,0.0,0.0,0.0,0.0,0.0
1783581509.952,0.0,0.0,0.0,0.0,0.0,0.0,0.0,0.0,0.0,26.64,0.0,0.0,0.0,0.0,0.0,0.0
1783581510.968,0.0,0.0,0.0,0.0,0.0,0.0,0.0,0.0,0.0,26.64,0.0,0.0,0.0,0.0,0.0,0.0
1783581511.994,0.0,0.0,0.0,0.0,0.0,0.0,0.0,0.0,0.0,26.64,0.0,0.0,0.0,0.0,0.0,0.0
1783581513.034,0.0,0.0,0.0,0.0,0.0,0.0,0.0,0.0,0.0,26.64,0.0,0.0,0.0,0.0,0.0,0.0
1783581514.045,0.0,0.0,0.0,0.0,0.0,0.0,0.0,0.0,0.0,26.64,0.0,0.0,0.0,0.0,0.0,0.0
1783581515.06,0.0,0.0,0.0,0.0,0.0,0.0,0.0,0.0,0.0,26.64,0.0,0.0,0.0,0.0,0.0,0.0
1783582842.697,0.0,0.0,0.0,0.0,0.0,0.0,0.0,0.0,0.0,26.67,0.0,0.0,0.0,0.0,0.0,0.0
1783582843.7,0.0,0.0,0.0,0.0,0.0,0.0,0.0,0.0,0.0,26.66,0.0,0.0,0.0,0.0,0.0,0.0
1783582844.703,0.0,0.0,0.0,0.0,0.0,0.0,0.0,0.0,0.0,26.66,0.0,0.0,0.0,0.0,0.0,0.0
1783582845.706,0.0,0.0,0.0,0.0,0.0,0.0,0.0,0.0,0.0,26.67,0.0,0.0,0.0,0.0,0.0,0.0
1783582846.708,0.0,0.0,0.0,0.0,0.0,0.0,0.0,0.0,0.0,26.66,0.0,0.0,0.0,0.0,0.0,0.0
1783582847.71,0.0,0.0,0.0,0.0,0.0,0.0,0.0,0.0,0.0,26.67,0.0,0.0,0.0,0.0,0.0,0.0
1783582848.712,0.0,0.0,0.0,0.0,0.0,0.0,0.0,0.0,0.0,26.67,0.0,0.0,0.0,0.0,0.0,0.0
1783582849.714,0.0,0.0,0.0,0.0,0.0,0.0,0.0,0.0,0.0,26.66,0.0,0.0,0.0,0.0,0.0,0.0
1783582850.716,0.0,0.0,0.0,0.0,0.0,0.0,0.0,0.0,0.0,26.67,0.0,0.0,0.0,0.0,0.0,0.0
1783582851.718,0.0,0.0,0.0,0.0,0.0,0.0,0.0,0.0,0.0,26.67,0.0,0.0,0.0,0.0,0.0,0.0
1783582852.719,0.0,0.0,0.0,0.0,0.0,0.0,0.0,0.0,0.0,26.67,0.0,0.0,0.0,0.0,0.0,0.0
1783582853.721,0.0,0.0,0.0,0.0,0.0,0.0,0.0,0.0,0.0,26.66,0.0,0.0,0.0,0.0,0.0,0.0
1783582854.723,0.0,0.0,0.0,0.0,0.0,0.0,0.0,0.0,0.0,26.67,0.0,0.0,0.0,0.0,0.0,0.0
1783582855.724,0.0,0.0,0.0,0.0,0.0,0.0,0.0,0.0,0.0,26.66,0.0,0.0,0.0,0.0,0.0,0.0
1783582856.726,0.0,0.0,0.0,0.0,0.0,0.0,0.0,0.0,0.0,26.67,0.0,0.0,0.0,0.0,0.0,0.0
1783582857.728,0.0,0.0,0.0,0.0,0.0,0.0,0.0,0.0,0.0,26.67,0.0,0.0,0.0,0.0,0.0,0.0
1783582858.729,0.0,0.0,0.0,0.0,0.0,0.0,0.0,0.0,0.0,26.67,0.0,0.0,0.0,0.0,0.0,0.0
1783582859.731,0.0,0.0,0.0,0.0,0.0,0.0,0.0,0.0,0.0,26.67,0.0,0.0,0.0,0.0,0.0,0.0
1783582860.733,0.0,0.0,0.0,0.0,0.0,0.0,0.0,0.0,0.0,26.67,0.0,0.0,0.0,0.0,0.0,0.0
1783582861.735,0.0,0.0,0.0,0.0,0.0,0.0,0.0,0.0,0.0,26.67,0.0,0.0,0.0,0.0,0.0,0.0
1783582862.736,0.0,0.0,0.0,0.0,0.0,0.0,0.0,0.0,0.0,26.67,0.0,0.0,0.0,0.0,0.0,0.0
1783582863.738,0.0,0.0,0.0,0.0,0.0,0.0,0.0,0.0,0.0,26.67,0.0,0.0,0.0,0.0,0.0,0.0
1783582864.74,0.0,0.0,0.0,0.0,0.0,0.0,0.0,0.0,0.0,26.67,0.0,0.0,0.0,0.0,0.0,0.0
1783582865.742,0.0,0.0,0.0,0.0,0.0,0.0,0.0,0.0,0.0,26.67,0.0,0.0,0.0,0.0,0.0,0.0
1783582866.744,0.0,0.0,0.0,0.0,0.0,0.0,0.0,0.0,0.0,26.67,0.0,0.0,0.0,0.0,0.0,0.0
1783582867.746,0.0,0.0,0.0,0.0,0.0,0.0,0.0,0.0,0.0,26.67,0.0,0.0,0.0,0.0,0.0,0.0
1783582868.748,0.0,0.0,0.0,0.0,0.0,0.0,0.0,0.0,0.0,26.67,0.0,0.0,0.0,0.0,0.0,0.0
1783582869.751,0.0,0.0,0.0,0.0,0.0,0.0,0.0,0.0,0.0,26.67,0.0,0.0,0.0,0.0,0.0,0.0
1783582870.753,0.0,0.0,0.0,0.0,0.0,0.0,0.0,0.0,0.0,26.67,0.0,0.0,0.0,0.0,0.0,0.0
1783582871.755,0.0,0.0,0.0,0.0,0.0,0.0,0.0,0.0,0.0,26.67,0.0,0.0,0.0,0.0,0.0,0.0
1783582872.756,0.0,0.0,0.0,0.0,0.0,0.0,0.0,0.0,0.0,26.67,0.0,0.0,0.0,0.0,0.0,0.0
1783582873.758,0.0,0.0,0.0,0.0,0.0,0.0,0.0,0.0,0.0,26.67,0.0,0.0,0.0,0.0,0.0,0.0
1783582874.76,0.0,0.0,0.0,0.0,0.0,0.0,0.0,0.0,0.0,26.67,0.0,0.0,0.0,0.0,0.0,0.0
1783582875.762,0.0,0.0,0.0,0.0,0.0,0.0,0.0,0.0,0.0,26.67,0.0,0.0,0.0,0.0,0.0,0.0
1783582876.764,0.0,0.0,0.0,0.0,0.0,0.0,0.0,0.0,0.0,26.67,0.0,0.0,0.0,0.0,0.0,0.0
1783582877.766,0.0,0.0,0.0,0.0,0.0,0.0,0.0,0.0,0.0,26.67,0.0,0.0,0.0,0.0,0.0,0.0
1783582878.767,0.0,0.0,0.0,0.0,0.0,0.0,0.0,0.0,0.0,26.67,0.0,0.0,0.0,0.0,0.0,0.0
1783582879.769,0.0,0.0,0.0,0.0,0.0,0.0,0.0,0.0,0.0,26.67,0.0,0.0,0.0,0.0,0.0,0.0
1783582880.774,0.0,0.0,0.0,0.0,0.0,0.0,0.0,0.0,0.0,26.67,0.0,0.0,0.0,0.0,0.0,0.0
1783582881.781,0.0,0.0,0.0,0.0,0.0,0.0,0.0,0.0,0.0,26.67,0.0,0.0,0.0,0.0,0.0,0.0
1783582882.783,0.0,0.0,0.0,0.0,0.0,0.0,0.0,0.0,0.0,26.67,0.0,0.0,0.0,0.0,0.0,0.0
1783582883.785,0.0,0.0,0.0,0.0,0.0,0.0,0.0,0.0,0.0,26.67,0.0,0.0,0.0,0.0,0.0,0.0
1783582884.787,0.0,0.0,0.0,0.0,0.0,0.0,0.0,0.0,0.0,26.67,0.0,0.0,0.0,0.0,0.0,0.0
1783582885.788,0.0,0.0,0.0,0.0,0.0,0.0,0.0,0.0,0.0,26.67,0.0,0.0,0.0,0.0,0.0,0.0
1783582886.79,0.0,0.0,0.0,0.0,0.0,0.0,0.0,0.0,0.0,26.67,0.0,0.0,0.0,0.0,0.0,0.0
1783582887.792,0.0,0.0,0.0,0.0,0.0,0.0,0.0,0.0,0.0,26.67,0.0,0.0,0.0,0.0,0.0,0.0
1783582888.793,0.0,0.0,0.0,0.0,0.0,0.0,0.0,0.0,0.0,26.67,0.0,0.0,0.0,0.0,0.0,0.0
1783582889.795,0.0,0.0,0.0,0.0,0.0,0.0,0.0,0.0,0.0,26.67,0.0,0.0,0.0,0.0,0.0,0.0
1783582890.796,0.0,0.0,0.0,0.0,0.0,0.0,0.0,0.0,0.0,26.67,0.0,0.0,0.0,0.0,0.0,0.0
1783582891.798,0.0,0.0,0.0,0.0,0.0,0.0,0.0,0.0,0.0,26.67,0.0,0.0,0.0,0.0,0.0,0.0
1783582892.8,0.0,0.0,0.0,0.0,0.0,0.0,0.0,0.0,0.0,26.67,0.0,0.0,0.0,0.0,0.0,0.0
1783582893.802,0.0,0.0,0.0,0.0,0.0,0.0,0.0,0.0,0.0,26.67,0.0,0.0,0.0,0.0,0.0,0.0
1783582894.804,0.0,0.0,0.0,0.0,0.0,0.0,0.0,0.0,0.0,26.67,0.0,0.0,0.0,0.0,0.0,0.0
1783582895.806,0.0,0.0,0.0,0.0,0.0,0.0,0.0,0.0,0.0,26.67,0.0,0.0,0.0,0.0,0.0,0.0
1783582896.808,0.0,0.0,0.0,0.0,0.0,0.0,0.0,0.0,0.0,26.66,0.0,0.0,0.0,0.0,0.0,0.0
1783592786.355,0.0,0.0,0.0,0.0,0.0,0.0,0.0,0.0,0.0,26.05,0.0,0.0,0.0,0.0,0.0,0.0
1783592787.357,0.0,0.0,0.0,0.0,0.0,0.0,0.0,0.0,0.0,26.05,0.0,0.0,0.0,0.0,0.0,0.0
1783592788.358,0.0,0.0,0.0,0.0,0.0,0.0,0.0,0.0,0.0,26.05,0.0,0.0,0.0,0.0,0.0,0.0
1783592789.361,0.0,0.0,0.0,0.0,0.0,0.0,0.0,0.0,0.0,26.05,0.0,0.0,0.0,0.0,0.0,0.0
1783592790.363,0.0,0.0,0.0,0.0,0.0,0.0,0.0,0.0,0.0,26.05,0.0,0.0,0.0,0.0,0.0,0.0
1783592791.364,0.0,0.0,0.0,0.0,0.0,0.0,0.0,0.0,0.0,26.05,0.0,0.0,0.0,0.0,0.0,0.0
1783592792.365,0.0,0.0,0.0,0.0,0.0,0.0,0.0,0.0,0.0,26.05,0.0,0.0,0.0,0.0,0.0,0.0
1783592793.367,0.0,0.0,0.0,0.0,0.0,0.0,0.0,0.0,0.0,26.05,0.0,0.0,0.0,0.0,0.0,0.0
1783592794.368,0.0,0.0,0.0,0.0,0.0,0.0,0.0,0.0,0.0,26.05,0.0,0.0,0.0,0.0,0.0,0.0
1783592795.37,0.0,0.0,0.0,0.0,0.0,0.0,0.0,0.0,0.0,26.05,0.0,0.0,0.0,0.0,0.0,0.0
1783592796.372,0.0,0.0,0.0,0.0,0.0,0.0,0.0,0.0,0.0,26.05,0.0,0.0,0.0,0.0,0.0,0.0
1783592797.374,0.0,0.0,0.0,0.0,0.0,0.0,0.0,0.0,0.0,26.05,0.0,0.0,0.0,0.0,0.0,0.0
1783592798.376,0.0,0.0,0.0,0.0,0.0,0.0,0.0,0.0,0.0,26.05,0.0,0.0,0.0,0.0,0.0,0.0
1783592799.378,0.0,0.0,0.0,0.0,0.0,0.0,0.0,0.0,0.0,26.05,0.0,0.0,0.0,0.0,0.0,0.0
1783592800.38,0.0,0.0,0.0,0.0,0.0,0.0,0.0,0.0,0.0,26.05,0.0,0.0,0.0,0.0,0.0,0.0
1783592801.382,0.0,0.0,0.0,0.0,0.0,0.0,0.0,0.0,0.0,26.05,0.0,0.0,0.0,0.0,0.0,0.0
1783592802.384,0.0,0.0,0.0,0.0,0.0,0.0,0.0,0.0,0.0,26.05,0.0,0.0,0.0,0.0,0.0,0.0
1783592803.386,0.0,0.0,0.0,0.0,0.0,0.0,0.0,0.0,0.0,26.05,0.0,0.0,0.0,0.0,0.0,0.0
1783592804.388,0.0,0.0,0.0,0.0,0.0,0.0,0.0,0.0,0.0,26.05,0.0,0.0,0.0,0.0,0.0,0.0
1783592805.39,0.0,0.0,0.0,0.0,0.0,0.0,0.0,0.0,0.0,26.05,0.0,0.0,0.0,0.0,0.0,0.0
1783592806.391,0.0,0.0,0.0,0.0,0.0,0.0,0.0,0.0,0.0,26.05,0.0,0.0,0.0,0.0,0.0,0.0
1783592807.392,0.0,0.0,0.0,0.0,0.0,0.0,0.0,0.0,0.0,26.05,0.0,0.0,0.0,0.0,0.0,0.0
1783592808.394,0.0,0.0,0.0,0.0,0.0,0.0,0.0,0.0,0.0,26.05,0.0,0.0,0.0,0.0,0.0,0.0
1783592809.395,0.0,0.0,0.0,0.0,0.0,0.0,0.0,0.0,0.0,26.05,0.0,0.0,0.0,0.0,0.0,0.0
1783592810.397,0.0,0.0,0.0,0.0,0.0,0.0,0.0,0.0,0.0,26.05,0.0,0.0,0.0,0.0,0.0,0.0
1783592811.399,0.0,0.0,0.0,0.0,0.0,0.0,0.0,0.0,0.0,26.05,0.0,0.0,0.0,0.0,0.0,0.0
1783592812.401,0.0,0.0,0.0,0.0,0.0,0.0,0.0,0.0,0.0,26.05,0.0,0.0,0.0,0.0,0.0,0.0
1783592813.402,0.0,0.0,0.0,0.0,0.0,0.0,0.0,0.0,0.0,26.05,0.0,0.0,0.0,0.0,0.0,0.0
1783592814.404,0.0,0.0,0.0,0.0,0.0,0.0,0.0,0.0,0.0,26.05,0.0,0.0,0.0,0.0,0.0,0.0
1783592815.41,0.0,0.0,0.0,0.0,0.0,0.0,0.0,0.0,0.0,26.05,0.0,0.0,0.0,0.0,0.0,0.0
1783592816.413,0.0,0.0,0.0,0.0,0.0,0.0,0.0,0.0,0.0,26.05,0.0,0.0,0.0,0.0,0.0,0.0
1783592817.416,0.0,0.0,0.0,0.0,0.0,0.0,0.0,0.0,0.0,26.05,0.0,0.0,0.0,0.0,0.0,0.0
1783592818.418,0.0,0.0,0.0,0.0,0.0,0.0,0.0,0.0,0.0,26.05,0.0,0.0,0.0,0.0,0.0,0.0
1783592819.42,0.0,0.0,0.0,0.0,0.0,0.0,0.0,0.0,0.0,26.05,0.0,0.0,0.0,0.0,0.0,0.0
1783592820.422,0.0,0.0,0.0,0.0,0.0,0.0,0.0,0.0,0.0,26.05,0.0,0.0,0.0,0.0,0.0,0.0
1783592821.424,0.0,0.0,0.0,0.0,0.0,0.0,0.0,0.0,0.0,26.05,0.0,0.0,0.0,0.0,0.0,0.0
1783592822.426,0.0,0.0,0.0,0.0,0.0,0.0,0.0,0.0,0.0,26.05,0.0,0.0,0.0,0.0,0.0,0.0
1783592823.427,0.0,0.0,0.0,0.0,0.0,0.0,0.0,0.0,0.0,26.05,0.0,0.0,0.0,0.0,0.0,0.0
1783592824.429,0.0,0.0,0.0,0.0,0.0,0.0,0.0,0.0,0.0,26.05,0.0,0.0,0.0,0.0,0.0,0.0
1783592825.43,0.0,0.0,0.0,0.0,0.0,0.0,0.0,0.0,0.0,26.05,0.0,0.0,0.0,0.0,0.0,0.0
1783592826.432,0.0,0.0,0.0,0.0,0.0,0.0,0.0,0.0,0.0,26.05,0.0,0.0,0.0,0.0,0.0,0.0
1783592827.434,0.0,0.0,0.0,0.0,0.0,0.0,0.0,0.0,0.0,26.05,0.0,0.0,0.0,0.0,0.0,0.0
1783592828.438,0.0,0.0,0.0,0.0,0.0,0.0,0.0,0.0,0.0,26.05,0.0,0.0,0.0,0.0,0.0,0.0
1783592829.44,0.0,0.0,0.0,0.0,0.0,0.0,0.0,0.0,0.0,26.05,0.0,0.0,0.0,0.0,0.0,0.0
1783592830.442,0.0,0.0,0.0,0.0,0.0,0.0,0.0,0.0,0.0,26.05,0.0,0.0,0.0,0.0,0.0,0.0
1783592831.444,0.0,0.0,0.0,0.0,0.0,0.0,0.0,0.0,0.0,26.05,0.0,0.0,0.0,0.0,0.0,0.0
1783592832.446,0.0,0.0,0.0,0.0,0.0,0.0,0.0,0.0,0.0,26.05,0.0,0.0,0.0,0.0,0.0,0.0
1783592833.448,0.0,0.0,0.0,0.0,0.0,0.0,0.0,0.0,0.0,26.05,0.0,0.0,0.0,0.0,0.0,0.0
1783592834.45,0.0,0.0,0.0,0.0,0.0,0.0,0.0,0.0,0.0,26.05,0.0,0.0,0.0,0.0,0.0,0.0
1783592835.452,0.0,0.0,0.0,0.0,0.0,0.0,0.0,0.0,0.0,26.05,0.0,0.0,0.0,0.0,0.0,0.0
1783592836.455,0.0,0.0,0.0,0.0,0.0,0.0,0.0,0.0,0.0,26.05,0.0,0.0,0.0,0.0,0.0,0.0
1783592837.458,0.0,0.0,0.0,0.0,0.0,0.0,0.0,0.0,0.0,26.05,0.0,0.0,0.0,0.0,0.0,0.0
1783592838.46,0.0,0.0,0.0,0.0,0.0,0.0,0.0,0.0,0.0,26.05,0.0,0.0,0.0,0.0,0.0,0.0
1783592839.462,0.0,0.0,0.0,0.0,0.0,0.0,0.0,0.0,0.0,26.05,0.0,0.0,0.0,0.0,0.0,0.0
1783592840.464,0.0,0.0,0.0,0.0,0.0,0.0,0.0,0.0,0.0,26.05,0.0,0.0,0.0,0.0,0.0,0.0
1783592841.466,0.0,0.0,0.0,0.0,0.0,0.0,0.0,0.0,0.0,26.05,0.0,0.0,0.0,0.0,0.0,0.0
1783592842.468,0.0,0.0,0.0,0.0,0.0,0.0,0.0,0.0,0.0,26.05,0.0,0.0,0.0,0.0,0.0,0.0
1783592843.47,0.0,0.0,0.0,0.0,0.0,0.0,0.0,0.0,0.0,26.05,0.0,0.0,0.0,0.0,0.0,0.0
1783592844.472,0.0,0.0,0.0,0.0,0.0,0.0,0.0,0.0,0.0,26.05,0.0,0.0,0.0,0.0,0.0,0.0
1783592845.475,0.0,0.0,0.0,0.0,0.0,0.0,0.0,0.0,0.0,26.05,0.0,0.0,0.0,0.0,0.0,0.0
1783592846.489,0.0,0.0,0.0,0.0,0.0,0.0,0.0,0.0,0.0,26.05,0.0,0.0,0.0,0.0,0.0,0.0
1783592847.505,0.0,0.0,0.0,0.0,0.0,0.0,0.0,0.0,0.0,26.05,0.0,0.0,0.0,0.0,0.0,0.0
1783592848.525,0.0,0.0,0.0,0.0,0.0,0.0,0.0,0.0,0.0,26.04,0.0,0.0,0.0,0.0,0.0,0.0
1783592849.542,0.0,0.0,0.0,0.0,0.0,0.0,0.0,0.0,0.0,26.05,0.0,0.0,0.0,0.0,0.0,0.0
1783592850.548,0.0,0.0,0.0,0.0,0.0,0.0,0.0,0.0,0.0,26.05,0.0,0.0,0.0,0.0,0.0,0.0
1783592851.563,0.0,0.0,0.0,0.0,0.0,0.0,0.0,0.0,0.0,26.05,0.0,0.0,0.0,0.0,0.0,0.0
1783592852.589,0.0,0.0,0.0,0.0,0.0,0.0,0.0,0.0,0.0,26.05,0.0,0.0,0.0,0.0,0.0,0.0
1783592853.595,0.0,0.0,0.0,0.0,0.0,0.0,0.0,0.0,0.0,26.05,0.0,0.0,0.0,0.0,0.0,0.0
1783592854.611,0.0,0.0,0.0,0.0,0.0,0.0,0.0,0.0,0.0,26.04,0.0,0.0,0.0,0.0,0.0,0.0
1783592855.625,0.0,0.0,0.0,0.0,0.0,0.0,0.0,0.0,0.0,26.04,0.0,0.0,0.0,0.0,0.0,0.0
1783592856.637,0.0,0.0,0.0,0.0,0.0,0.0,0.0,0.0,0.0,26.04,0.0,0.0,0.0,0.0,0.0,0.0
1783592857.66,0.0,0.0,0.0,0.0,0.0,0.0,0.0,0.0,0.0,26.05,0.0,0.0,0.0,0.0,0.0,0.0
1783592858.668,0.0,0.0,0.0,0.0,0.0,0.0,0.0,0.0,0.0,26.05,0.0,0.0,0.0,0.0,0.0,0.0
1783592859.682,0.0,0.0,0.0,0.0,0.0,0.0,0.0,0.0,0.0,26.05,0.0,0.0,0.0,0.0,0.0,0.0
1783592860.686,0.0,0.0,0.0,0.0,0.0,0.0,0.0,0.0,0.0,26.05,0.0,0.0,0.0,0.0,0.0,0.0
1783592861.699,0.0,0.0,0.0,0.0,0.0,0.0,0.0,0.0,0.0,26.05,0.0,0.0,0.0,0.0,0.0,0.0
1783592862.71,0.0,0.0,0.0,0.0,0.0,0.0,0.0,0.0,0.0,26.05,0.0,0.0,0.0,0.0,0.0,0.0
1783592863.718,0.0,0.0,0.0,0.0,0.0,0.0,0.0,0.0,0.0,26.04,0.0,0.0,0.0,0.0,0.0,0.0
1783592864.728,0.0,0.0,0.0,0.0,0.0,0.0,0.0,0.0,0.0,26.04,0.0,0.0,0.0,0.0,0.0,0.0
1783592865.741,0.0,0.0,0.0,0.0,0.0,0.0,0.0,0.0,0.0,26.04,0.0,0.0,0.0,0.0,0.0,0.0
1783592866.757,0.0,0.0,0.0,0.0,0.0,0.0,0.0,0.0,0.0,26.05,0.0,0.0,0.0,0.0,0.0,0.0
