timestamp,humidity,temperature
1783920735.805,62.4,25.4
1783920736.827,62.4,25.4
1783920737.85,62.4,25.4
1783920738.875,62.4,25.4
1783920739.898,62.4,25.4
1783920740.92,62.4,25.4
1783920741.942,62.4,25.4
1783920742.965,62.4,25.4
1783920743.987,62.4,25.4
1783920745.009,62.5,25.4
1783920746.032,62.5,25.4
1783920747.054,62.5,25.4
1783920748.076,62.5,25.4
1783920749.099,62.5,25.4
1783920750.121,62.5,25.4
1783920751.144,62.4,25.4
1783920752.167,62.5,25.4
1783920753.191,62.5,25.4
1783920754.213,62.4,25.4
1783920755.235,62.4,25.4
1783920756.257,62.4,25.4
1783920757.28,62.4,25.4
1783920758.302,62.5,25.4
1783920759.324,62.5,25.4
1783920760.346,62.5,25.4
1783920761.369,62.5,25.4
1783920762.391,62.5,25.4
1783920763.413,62.5,25.4
1783920764.435,62.5,25.4
1783920765.458,62.5,25.4
1783920766.48,62.5,25.4
1783920767.502,62.5,25.4
1783920768.524,62.5,25.4
1783920769.547,62.5,25.4
1783920770.569,62.6,25.4
1783920771.591,62.6,25.4
1783920772.616,62.6,25.4
1783920773.642,62.6,25.4
1783920774.665,62.6,25.4
1783920775.687,62.6,25.4
1783920776.71,62.7,25.4
1783920777.732,62.7,25.4
1783920778.755,62.7,25.4
1783920779.777,62.7,25.4
1783920780.8,62.7,25.4
1783920781.823,62.8,25.4
1783920782.845,62.8,25.4
1783920783.868,62.8,25.4
1783920784.891,62.8,25.4
1783920785.914,62.9,25.4
1783920786.936,62.9,25.4
1783920787.959,62.9,25.4
1783920788.981,62.9,25.4
1783920790.004,62.9,25.4
1783920791.026,62.9,25.4
1783920792.048,63.0,25.4
1783920793.07,63.0,25.4
1783920794.096,63.0,25.4
1783920795.121,63.0,25.4
1783920796.148,63.0,25.4
1783920797.171,63.0,25.4
1783920798.193,63.0,25.4
1783920799.215,63.0,25.4
1783920800.237,63.0,25.4
1783920801.259,63.0,25.4
1783920802.281,63.0,25.4
1783920803.303,63.1,25.4
1783920804.325,63.1,25.4
1783920805.348,63.1,25.4
1783920806.37,63.1,25.4
1783920807.392,63.1,25.4
1783920808.415,63.2,25.4
1783920809.438,63.2,25.4
1783920810.46,63.2,25.4
1783920811.483,63.2,25.4
1783920812.506,63.3,25.4
1783920813.531,63.3,25.4
1783920814.553,63.3,25.4
1783920815.575,63.3,25.4
1783920816.598,63.3,25.4
1783920817.621,63.3,25.4
1783920818.643,63.3,25.4
1783920819.666,63.3,25.4
1783920820.689,63.3,25.4
1783920821.712,63.3,25.4
1783920822.734,63.3,25.4
1783920823.757,63.4,25.4
1783920824.779,63.4,25.4
1783920825.802,63.4,25.4
1783920826.825,63.4,25.4
1783920827.847,63.4,25.4
1783920828.869,63.4,25.4
1783920829.891,63.4,25.4
1783920830.914,63.4,25.4
1783920831.936,63.4,25.4
1783920832.962,63.4,25.4
1783920833.988,63.5,25.4
1783920835.011,63.4,25.4
1783920836.033,63.4,25.4
1783920837.056,63.4,25.4
1783920838.078,63.4,25.4
1783920839.101,63.4,25.4
1783920840.122,63.4,25.4
1783920841.145,63.5,25.4
1783920842.167,63.5,25.4
1783920843.189,63.5,25.4
1783920844.212,63.4,25.4
1783920845.234,63.5,25.4
1783920846.256,63.5,25.4
1783920847.279,63.5,25.4
1783920848.302,63.5,25.4
1783920849.324,63.6,25.4
1783920850.347,63.6,25.4
1783920851.369,63.6,25.4
1783920852.395,63.6,25.4
1783920853.423,63.7,25.4
1783920854.445,63.6,25.4
1783920855.467,63.6,25.4
1783920856.489,63.6,25.4
1783920857.512,63.6,25.4
1783920858.534,63.6,25.4
1783920859.556,63.7,25.4
1783920860.578,63.6,25.4
1783920861.6,63.7,25.4
1783920862.623,63.7,25.4
1783920863.645,63.7,25.4
1783920864.667,63.7,25.4
1783920865.689,63.7,25.4
1783920866.712,63.7,25.4
1783920867.734,63.7,25.4
1783920868.757,63.8,25.4
1783920869.78,63.8,25.4
1783920870.802,63.8,25.4
1783920871.825,63.8,25.4
1783920872.848,63.9,25.4
1783920873.87,63.9,25.4
1783920874.892,63.9,25.4
1783920875.915,63.9,25.4
1783920876.938,63.9,25.4
1783920877.96,63.9,25.4
1783920878.983,63.9,25.4
1783920880.005,63.9,25.4
1783920881.028,63.9,25.4
1783920882.05,64.0,25.4
1783920883.073,64.0,25.4
1783920884.096,64.0,25.4
1783920885.118,64.0,25.4
1783920886.14,64.0,25.4
1783920887.162,64.0,25.4
1783920888.185,64.0,25.4
1783920889.207,64.0,25.4
1783920890.23,64.1,25.4
1783920891.252,64.1,25.5
1783920892.277,64.1,25.4
1783920893.301,64.1,25.4
1783920894.325,64.1,25.5
1783920895.348,64.1,25.4
1783920896.37,64.1,25.4
1783920897.392,64.1,25.4
1783920898.415,64.1,25.5
1783920899.437,64.1,25.4
1783920900.46,64.2,25.5
1783920901.483,64.2,25.5
1783920902.505,64.2,25.5
1783920903.528,64.2,25.4
1783920904.55,64.1,25.5
1783920905.573,64.1,25.4
1783920906.596,64.1,25.4
1783920907.618,64.1,25.5
1783920908.641,64.1,25.5
1783920909.663,64.1,25.5
1783920910.687,64.1,25.4
1783920911.71,64.2,25.5
1783920912.735,64.2,25.5
1783920913.758,64.1,25.4
1783920914.781,64.2,25.5
1783920915.804,64.2,25.5
1783920916.826,64.2,25.5
1783920917.848,64.2,25.5
1783920918.871,64.2,25.5
1783920919.892,64.2,25.5
1783920920.914,64.2,25.5
1783920921.936,64.3,25.5
1783920922.958,64.3,25.4
1783920923.98,64.3,25.5
1783920925.003,64.3,25.5
1783920926.025,64.3,25.4
1783920927.048,64.4,25.5
1783920928.07,64.3,25.5
1783920929.093,64.4,25.5
1783920930.115,64.4,25.5
1783920931.139,64.4,25.5
1783920932.161,64.4,25.5
1783920933.185,64.5,25.5
1783920934.208,64.5,25.5
1783920938.104,64.6,25.5
1783920939.127,64.6,25.5
1783920940.149,64.6,25.5
1783920941.172,64.6,25.5
1783920942.195,64.6,25.5
1783920943.219,64.6,25.5
1783920944.242,64.6,25.5
1783920945.264,64.6,25.5
1783920946.286,64.6,25.5
1783920947.309,64.6,25.5
1783920948.331,64.6,25.5
1783920949.354,64.6,25.5
1783920950.376,64.6,25.5
1783920951.399,64.6,25.5
1783920952.422,64.5,25.5
1783920953.444,64.6,25.5
1783920954.467,64.5,25.5
1783920955.491,64.6,25.5
1783920956.515,64.6,25.5
1783920957.538,64.5,25.5
1783920958.56,64.5,25.5
1783920959.583,64.5,25.5
1783920960.606,64.5,25.5
1783920961.628,64.5,25.5
1783920962.651,64.4,25.5
1783920963.674,64.4,25.5
1783920964.696,64.4,25.5
1783920965.719,64.3,25.5
1783920966.742,64.3,25.5
1783920967.764,64.3,25.5
1783920968.787,64.3,25.5
1783920969.809,64.2,25.5
1783920970.832,64.2,25.5
1783920971.854,64.2,25.5
1783920972.877,64.2,25.5
1783920973.9,64.1,25.5
1783920974.923,64.2,25.5
1783920975.947,64.1,25.5
1783920976.969,64.1,25.5
1783920977.991,64.1,25.4
1783920979.015,64.0,25.5
1783920980.037,64.0,25.5
1783920981.06,64.0,25.5
1783920982.082,63.9,25.5
1783920983.105,63.9,25.5
1783920984.128,63.8,25.5
1783920985.15,63.8,25.5
1783920986.173,63.7,25.5
1783920987.195,63.6,25.5
1783920988.217,63.6,25.5
1783920989.24,63.5,25.5
1783920990.262,63.4,25.5
1783920991.287,63.3,25.5
1783920992.31,63.1,25.5
1783920993.332,62.9,25.5
1783920994.355,62.8,25.5
1783920995.381,62.7,25.5
1783920996.405,62.5,25.5
1783920997.427,62.4,25.5
1783920998.449,62.4,25.5
1783920999.471,62.3,25.5
1783921000.494,62.2,25.5
1783921001.517,62.1,25.5
1783921002.539,62.1,25.5
1783921003.562,62.1,25.5
1783921004.584,62.1,25.5
1783921005.607,62.0,25.5
1783921006.63,62.0,25.5
1783921007.652,62.0,25.5
1783921008.675,62.0,25.5
1783921009.697,61.9,25.5
1783921010.72,61.8,25.5
1783921011.743,61.7,25.5
1783921012.765,61.7,25.5
1783921013.788,61.6,25.5
1783921014.81,61.4,25.5
1783921015.835,61.3,25.5
1783921016.857,61.2,25.5
1783921017.879,61.0,25.5
1783921018.902,60.8,25.5
1783921019.924,60.7,25.5
1783921020.946,60.6,25.5
1783921021.968,60.5,25.5
1783921022.99,60.4,25.5
1783921024.013,60.3,25.5
1783921025.036,60.3,25.5
1783921026.058,60.2,25.5
1783921027.08,60.1,25.5
1783921028.103,60.0,25.5
1783921029.125,60.0,25.5
1783921030.147,59.9,25.5
1783921031.17,59.8,25.4
1783921032.192,59.8,25.5
1783921033.214,59.8,25.5
1783921034.236,59.7,25.4
1783921035.259,59.5,25.5
1783921036.282,59.5,25.5
1783921037.304,59.4,25.5
1783921038.327,59.3,25.5
1783921039.349,59.2,25.5
1783921040.372,59.1,25.5
1783921041.393,58.9,25.5
1783921042.417,58.8,25.5
1783921043.439,58.7,25.5
1783921044.46,58.5,25.5
1783921045.483,58.4,25.5
1783921046.505,58.3,25.5
1783921047.528,58.2,25.5
1783921048.55,58.2,25.5
1783921049.572,58.2,25.5
1783921050.595,58.1,25.5
1783921051.617,58.1,25.5
1783921052.64,58.0,25.4
1783921053.662,58.0,25.5
1783921054.689,57.9,25.4
1783921055.714,57.9,25.5
1783921056.736,57.8,25.5
1783921057.759,57.7,25.5
1783921058.781,57.6,25.5
1783921059.804,57.5,25.5
1783921060.827,57.4,25.5
1783921061.849,57.4,25.5
1783921062.872,57.3,25.4
1783921063.894,57.3,25.5
1783921064.916,57.3,25.5
1783921065.939,57.3,25.4
1783921066.961,57.2,25.5
1783921067.984,57.2,25.4
1783921069.006,57.1,25.5
1783921070.029,57.0,25.5
1783921071.051,57.0,25.5
1783921072.074,56.9,25.4
1783921073.096,56.9,25.5
1783921074.12,56.9,25.5
1783921075.144,56.9,25.5
1783921076.168,56.8,25.5
1783921077.191,56.8,25.5
1783921078.214,56.7,25.5
1783921079.236,56.6,25.4
1783921080.259,56.5,25.4
1783921081.281,56.4,25.4
1783921082.304,56.3,25.5
1783921083.326,56.2,25.4
1783921084.349,56.1,25.4
1783921085.372,56.1,25.4
1783921086.394,56.0,25.4
1783921087.416,55.9,25.4
1783921088.438,55.9,25.4
1783921089.461,55.8,25.4
1783921090.484,55.8,25.4
1783921091.506,55.8,25.4
1783921092.528,55.8,25.5
1783921093.551,55.8,25.4
1783921094.574,55.8,25.4
1783921095.597,55.7,25.4
1783921096.619,55.5,25.5
1783921097.642,55.5,25.4
1783921098.664,55.3,25.4
1783921099.687,55.2,25.4
1783921100.709,55.2,25.4
1783921101.732,55.1,25.4
1783921102.754,55.1,25.4
1783921103.776,55.0,25.4
1783921104.799,55.0,25.4
1783921105.821,55.0,25.4
1783921106.843,55.0,25.4
1783921107.865,55.0,25.4
1783921108.888,55.0,25.4
1783921109.91,55.0,25.4
1783921110.932,54.9,25.4
1783921111.954,54.9,25.4
1783921112.976,54.8,25.4
1783921113.999,54.7,25.4
1783921115.022,54.6,25.4
1783921116.046,54.6,25.4
1783921117.068,54.5,25.4
1783921118.091,54.4,25.4
1783921119.113,54.4,25.4
1783921120.136,54.4,25.4
1783921121.159,54.4,25.4
1783921122.181,54.3,25.4
1783921123.204,54.3,25.4
1783921124.227,54.3,25.4
1783921125.25,54.2,25.4
1783921126.272,54.2,25.4
1783921127.294,54.2,25.4
1783921128.317,54.2,25.4
1783921129.34,54.1,25.4
1783921130.362,54.1,25.4
1783921131.385,54.0,25.4
1783921132.408,53.9,25.4
1783921133.432,53.9,25.4
1783921134.458,53.9,25.4
1783921135.48,53.8,25.4
1783921136.502,53.8,25.4
1783921137.524,53.8,25.4
1783921138.546,53.8,25.4
1783921139.569,53.7,25.4
1783921140.591,53.6,25.4
1783921141.613,53.6,25.4
1783921142.635,53.5,25.4
1783921143.658,53.4,25.4
1783921144.68,53.4,25.4
1783921145.702,53.3,25.4
1783921146.725,53.3,25.4
1783921147.747,53.3,25.4
1783921148.77,53.3,25.4
1783921149.793,53.2,25.4
1783921150.816,53.2,25.4
1783921151.838,53.2,25.4
1783921152.861,53.2,25.4
1783921153.884,53.2,25.4
1783921154.908,53.2,25.4
1783921155.931,53.1,25.4
1783921156.953,53.1,25.4
1783921157.976,53.0,25.4
1783921158.998,53.0,25.4
1783921160.021,52.9,25.4
1783921161.044,52.9,25.4
1783921162.067,52.8,25.4
1783921163.089,52.8,25.4
1783921164.112,52.7,25.4
1783921165.135,52.7,25.4
1783921166.158,52.7,25.4
1783921167.181,52.7,25.4
1783921168.203,52.6,25.4
1783921169.226,52.6,25.4
1783921170.249,52.6,25.4
1783921171.272,52.5,25.4
1783921172.294,52.5,25.4
1783921173.316,52.5,25.4
1783921174.341,52.6,25.4
1783921175.363,52.6,25.4
1783921176.386,52.6,25.4
1783921177.408,52.6,25.4
1783921178.43,52.6,25.4
1783921179.452,52.6,25.4
1783921180.474,52.6,25.4
1783921181.496,52.6,25.4
1783921182.518,52.5,25.4
1783921183.54,52.5,25.4
1783921184.563,52.5,25.4
1783921185.585,52.5,25.4
1783921186.608,52.4,25.4
1783921187.631,52.4,25.4
1783921188.653,52.3,25.4
1783921189.676,52.3,25.4
1783921190.698,52.2,25.4
1783921191.719,52.2,25.4
1783921192.742,52.1,25.4
1783921193.765,52.1,25.4
1783921194.788,52.0,25.4
1783921195.809,52.0,25.4
1783921196.832,52.0,25.4
1783921197.855,52.1,25.4
1783921198.878,52.1,25.4
1783921199.901,52.1,25.4
1783921200.923,52.1,25.4
1783921201.945,52.1,25.4
1783921202.968,52.0,25.4
1783921203.99,52.0,25.4
1783921205.012,51.9,25.4
1783921206.035,51.9,25.4
1783921207.057,51.8,25.4
1783921208.079,51.8,25.4
1783921209.102,51.7,25.4
1783921210.125,51.8,25.4
1783921211.147,51.7,25.4
1783921212.17,51.7,25.4
1783921213.194,51.7,25.4
1783921214.219,51.8,25.4
1783921215.242,51.8,25.4
1783921216.264,51.7,25.4
1783921217.286,51.7,25.4
1783921218.308,51.7,25.4
1783921219.33,51.7,25.4
1783921220.352,51.6,25.4
1783921221.374,51.6,25.3
1783921222.396,51.6,25.4
1783921223.419,51.5,25.4
1783921224.44,51.5,25.4
1783921225.462,51.5,25.4
1783921226.484,51.4,25.4
1783921227.506,51.4,25.4
1783921228.528,51.3,25.4
1783921229.551,51.2,25.4
1783921230.573,51.2,25.4
1783921231.596,51.1,25.4
1783921232.619,51.1,25.4
1783921233.644,51.1,25.4
1783921234.666,51.1,25.4
1783921235.688,51.1,25.4
1783921236.711,51.1,25.4
1783921237.733,51.1,25.4
1783921238.756,51.1,25.4
1783921239.779,51.2,25.4
1783921240.821,51.2,25.4
1783921241.88,51.2,25.4
1783921242.903,51.2,25.4
1783921243.925,51.2,25.4
1783921244.948,51.2,25.4
1783921245.97,51.2,25.4
1783921246.992,51.2,25.4
1783921248.015,51.2,25.4
1783921249.037,51.1,25.4
1783921250.059,51.1,25.4
1783921251.081,51.0,25.4
1783921252.104,51.0,25.4
1783921253.128,50.9,25.4
1783921254.152,50.9,25.4
1783921255.179,50.9,25.4
1783921256.202,50.9,25.4
1783921257.224,50.9,25.3
1783921258.247,50.9,25.4
1783921259.27,50.8,25.3
1783921260.292,50.9,25.4
1783921261.314,50.9,25.3
1783921262.337,50.9,25.3
1783921263.36,51.0,25.3
1783921264.382,50.9,25.4
1783921265.405,50.9,25.4
1783921266.428,50.9,25.4
1783921267.45,50.9,25.3
1783921268.472,50.9,25.4
1783921269.495,50.9,25.3
1783921270.517,50.8,25.3
1783921271.54,50.8,25.3
1783921272.563,50.8,25.3
1783921273.588,50.8,25.4
1783921274.612,50.8,25.3
1783921275.634,50.7,25.4
1783921276.656,50.7,25.3
1783921277.678,50.6,25.4
1783921278.7,50.6,25.3
1783921279.722,50.5,25.4
1783921280.745,50.6,25.3
1783921281.767,50.6,25.4
1783921282.79,50.6,25.3
1783921283.812,50.6,25.3
1783921284.834,50.6,25.3
1783921285.858,50.6,25.3
1783921286.88,50.6,25.3
1783921287.902,50.6,25.3
1783921288.924,50.6,25.3
1783921289.947,50.6,25.3
1783921290.969,50.7,25.3
1783921291.992,50.7,25.4
1783921293.014,50.7,25.4
1783921294.038,50.6,25.3
1783921295.062,50.7,25.3
1783921296.084,50.7,25.3
1783921297.107,50.7,25.4
1783921298.129,50.7,25.3
1783921299.154,50.6,25.3
1783921300.179,50.6,25.3
1783921301.204,50.5,25.3
1783921302.227,50.5,25.3
1783921303.249,50.5,25.3
1783921304.271,50.5,25.3
1783921305.294,50.4,25.3
1783921306.316,50.4,25.3
1783921307.338,50.4,25.3
1783921308.36,50.5,25.3
1783921309.383,50.4,25.3
1783921310.405,50.4,25.3
1783921311.428,50.4,25.3
1783921312.45,50.4,25.3
1783921313.474,50.4,25.3
1783921314.497,50.4,25.3
1783921315.52,50.4,25.3
1783921316.543,50.5,25.3
1783921317.566,50.4,25.3
1783921318.588,50.4,25.3
1783921319.611,50.4,25.3
1783921320.656,50.5,25.3
1783921321.684,50.5,25.3
1783921322.706,50.5,25.3
1783921323.728,50.5,25.3
1783921324.75,50.5,25.3
1783921325.772,50.5,25.3
1783921326.794,50.5,25.3
1783921327.816,50.5,25.3
1783921328.838,50.5,25.3
1783921329.86,50.6,25.3
1783921330.882,50.6,25.3
1783921331.904,50.6,25.3
1783921332.926,50.7,25.3
1783921333.952,50.8,25.3
1783921334.979,50.9,25.3
1783921336.001,51.0,25.3
1783921337.024,51.1,25.3
1783921338.046,51.2,25.3
1783921339.069,51.3,25.3
1783921340.091,51.4,25.3
1783921341.114,51.5,25.3
1783921342.137,51.5,25.3
1783921343.159,51.6,25.3
1783921344.182,51.7,25.3
1783921345.204,51.8,25.3
1783921346.226,51.8,25.3
1783921347.248,51.9,25.3
1783921348.27,51.9,25.3
1783921349.292,52.0,25.3
1783921350.315,52.0,25.3
1783921351.337,52.1,25.3
1783921352.36,52.1,25.3
1783921353.382,52.2,25.3
1783921354.406,52.3,25.3
1783921355.428,52.3,25.3
1783921356.451,52.4,25.3
1783921357.473,52.5,25.3
1783921358.495,52.6,25.3
1783921359.517,52.7,25.3
1783921360.539,52.8,25.3
1783921361.564,52.9,25.3
1783921362.587,53.0,25.3
1783921363.61,53.0,25.3
1783921364.632,53.1,25.3
1783921365.654,53.2,25.3
1783921366.676,53.3,25.3
1783921367.698,53.4,25.3
1783921368.72,53.5,25.3
1783921369.742,53.5,25.3
1783921370.764,53.6,25.3
1783921371.786,53.7,25.3
1783921372.809,53.8,25.3
1783921373.834,53.8,25.3
1783921374.856,53.9,25.3
1783921375.878,54.1,25.3
1783921376.901,54.1,25.3
1783921377.923,54.2,25.3
1783921378.945,54.3,25.3
1783921379.968,54.4,25.3
1783921380.99,54.5,25.3
1783921382.013,54.6,25.3
1783921383.036,54.7,25.3
1783921384.059,54.7,25.3
1783921385.081,54.8,25.3
1783921386.104,54.8,25.3
1783921387.127,54.8,25.3
1783921388.149,54.9,25.3
1783921389.172,54.9,25.3
1783921390.194,54.9,25.3
1783921391.216,55.0,25.3
1783921392.238,55.1,25.3
1783921393.263,55.2,25.3
1783921394.288,55.3,25.3
1783921395.313,55.4,25.3
1783921396.335,55.5,25.3
1783921397.358,55.6,25.3
1783921398.38,55.7,25.3
1783921399.403,55.8,25.3
1783921400.426,55.8,25.3
1783921401.448,55.9,25.3
1783921402.471,56.0,25.3
1783921403.494,56.1,25.3
1783921404.517,56.1,25.3
1783921405.539,56.2,25.3
1783921406.562,56.2,25.3
1783921407.584,56.3,25.3
1783921408.606,56.4,25.3
1783921409.629,56.5,25.3
1783921410.652,56.7,25.3
1783921411.674,56.8,25.3
1783921412.696,56.9,25.3
1783921413.722,57.1,25.3
1783921414.745,57.2,25.3
1783921415.768,57.4,25.3
1783921416.79,57.5,25.3
1783921417.812,57.6,25.3
1783921418.835,57.7,25.3
1783921419.857,57.7,25.3
1783921420.88,57.7,25.3
1783921421.913,57.7,25.3
1783921422.936,57.8,25.3
1783921423.959,57.8,25.3
1783921424.982,57.8,25.3
1783921426.004,57.9,25.3
1783921427.027,58.0,25.3
1783921428.049,58.0,25.3
1783921429.072,58.1,25.3
1783921430.095,58.1,25.3
1783921431.117,58.2,25.3
1783921432.14,58.3,25.3
1783921433.166,58.3,25.3
1783921434.193,58.3,25.3
1783921435.218,58.4,25.3
1783921436.241,58.4,25.3
1783921437.263,58.4,25.3
1783921438.286,58.5,25.3
1783921439.308,58.6,25.3
1783921440.331,58.7,25.3
1783921441.353,58.7,25.3
1783921442.376,58.8,25.3
1783921443.398,58.9,25.3
1783921444.42,59.0,25.3
1783921445.442,59.1,25.3
1783921446.465,59.2,25.3
1783921447.488,59.3,25.3
1783921448.51,59.4,25.3
1783921449.532,59.4,25.3
1783921450.555,59.4,25.3
1783921451.578,59.5,25.3
1783921452.6,59.5,25.3
1783921453.625,59.6,25.3
1783921454.651,59.6,25.3
1783921455.674,59.7,25.3
1783921456.696,59.7,25.3
1783921457.719,59.8,25.3
1783921458.742,59.8,25.3
1783921459.764,59.8,25.3
1783921460.787,59.9,25.3
1783921461.809,59.9,25.3
1783921462.831,59.9,25.3
1783921463.854,60.0,25.3
1783921464.876,60.1,25.3
1783921465.899,60.2,25.3
1783921466.921,60.3,25.3
1783921467.943,60.4,25.3
1783921468.966,60.4,25.3
1783921469.988,60.5,25.3
1783921471.01,60.6,25.3
1783921472.032,60.6,25.3
1783921473.056,60.6,25.3
1783921474.083,60.6,25.3
1783921475.106,60.6,25.3
1783921476.129,60.6,25.3
1783921477.151,60.6,25.3
1783921478.174,60.6,25.3
1783921479.197,60.6,25.3
1783921480.219,60.6,25.3
1783921481.242,60.7,25.3
1783921482.267,60.7,25.3
1783921483.289,60.7,25.3
1783921484.312,60.7,25.3
1783921485.334,60.7,25.3
1783921486.357,60.8,25.3
1783921487.379,60.8,25.3
1783921488.401,60.8,25.3
1783921489.423,60.8,25.3
1783921490.446,60.8,25.3
1783921491.468,60.8,25.3
1783921492.491,60.8,25.3
1783921493.514,60.7,25.3
1783921494.537,60.8,25.3
1783921495.558,60.7,25.3
1783921496.581,60.8,25.3
1783921497.604,60.8,25.3
1783921498.626,60.7,25.3
1783921499.648,60.8,25.3
1783921500.677,60.7,25.3
1783921501.7,60.7,25.3
1783921502.722,60.8,25.3
1783921503.745,60.8,25.3
1783921504.768,60.7,25.3
1783921505.789,60.8,25.3
1783921506.812,60.8,25.3
1783921507.834,60.8,25.3
1783921508.856,60.8,25.3
1783921509.879,60.9,25.3
1783921510.901,60.9,25.3
1783921511.924,60.9,25.3
1783921512.947,60.9,25.3
1783921513.973,60.9,25.3
1783921514.995,60.9,25.3
1783921516.018,60.9,25.3
1783921517.041,61.0,25.3
1783921518.063,61.0,25.3
1783921519.086,61.0,25.3
1783921520.109,61.0,25.3
1783921521.131,61.1,25.3
1783921522.154,61.1,25.3
1783921523.176,61.2,25.3
1783921524.199,61.2,25.3
1783921525.221,61.2,25.3
1783921526.244,61.2,25.3
1783921527.267,61.2,25.3
1783921528.289,61.3,25.3
1783921529.312,61.3,25.4
1783921530.334,61.3,25.3
1783921531.357,61.3,25.3
1783921532.379,61.4,25.4
1783921533.402,61.4,25.3
1783921534.428,61.4,25.3
1783921535.45,61.5,25.3
1783921536.473,61.5,25.3
1783921537.495,61.5,25.3
1783921538.517,61.5,25.3
1783921539.54,61.6,25.3
1783921540.562,61.6,25.3
1783921541.585,61.6,25.3
1783921542.607,61.7,25.3
1783921543.629,61.7,25.3
1783921544.652,61.7,25.3
1783921545.675,61.7,25.3
1783921546.698,61.7,25.3
1783921547.72,61.7,25.3
1783921548.743,61.7,25.3
1783921549.765,61.7,25.3
1783921550.788,61.7,25.3
1783921551.811,61.7,25.3
1783921552.834,61.7,25.3
1783921553.862,61.7,25.3
1783921554.884,61.8,25.3
1783921555.907,61.8,25.3
1783921556.929,61.8,25.3
1783921557.952,61.8,25.3
1783921558.974,61.9,25.3
1783921559.997,61.9,25.3
1783921561.02,61.9,25.4
1783921562.042,61.9,25.3
1783921563.065,61.9,25.3
1783921564.088,61.9,25.3
1783921565.109,61.9,25.3
1783921566.132,61.9,25.3
1783921567.155,61.9,25.3
1783921568.177,62.0,25.3
1783921569.2,62.0,25.4
1783921570.222,61.9,25.3
1783921571.244,62.0,25.3
1783921572.268,62.0,25.3
1783921573.29,62.0,25.3
1783921574.314,62.0,25.3
1783921575.336,62.0,25.3
1783921576.358,62.1,25.3
1783921577.38,62.1,25.4
1783921578.403,62.1,25.3
1783921579.424,62.1,25.3
1783921580.447,62.1,25.3
1783921581.468,62.1,25.3
1783921582.49,62.1,25.3
1783921583.513,62.2,25.3
1783921584.536,62.2,25.3
1783921585.559,62.2,25.3
1783921586.581,62.2,25.4
1783921587.603,62.2,25.3
1783921588.626,62.3,25.3
1783921589.648,62.3,25.4
1783921590.67,62.3,25.3
1783921591.692,62.4,25.3
1783921592.716,62.4,25.3
1783921593.738,62.4,25.3
1783921594.762,62.5,25.3
1783921595.785,62.5,25.3
1783921596.807,62.5,25.4
1783921597.83,62.6,25.4
1783921598.852,62.6,25.3
1783921599.876,62.6,25.3
1783921600.899,62.6,25.3
1783921601.92,62.6,25.3
1783921602.943,62.7,25.3
1783921603.965,62.7,25.3
1783921604.988,62.7,25.3
1783921606.01,62.7,25.4
1783921607.032,62.7,25.4
1783921608.055,62.7,25.4
1783921609.077,62.7,25.4
1783921610.1,62.7,25.3
1783921611.122,62.7,25.3
1783921612.146,62.7,25.3
1783921613.168,62.8,25.4
1783921614.19,62.7,25.4
1783921615.213,62.8,25.4
1783921616.235,62.8,25.4
1783921617.257,62.8,25.4
1783921618.279,62.8,25.4
1783921619.302,62.9,25.4
1783921620.325,62.9,25.3
1783921621.347,62.9,25.4
1783921622.369,62.9,25.3
1783921623.391,62.9,25.3
1783921624.413,62.9,25.4
1783921625.436,62.9,25.3
1783921626.458,62.8,25.4
1783921627.481,62.9,25.4
1783921628.504,62.9,25.4
1783921629.526,62.9,25.3
1783921630.548,62.9,25.4
1783921631.573,62.9,25.4
1783921632.598,62.9,25.3
1783921633.62,62.9,25.4
1783921634.643,62.9,25.4
1783921635.665,62.9,25.4
1783921636.687,62.9,25.4
1783921637.709,62.9,25.4
1783921638.732,63.0,25.4
1783921639.754,62.9,25.4
1783921640.776,63.0,25.4
1783921641.799,63.0,25.4
1783921642.821,63.0,25.3
1783921643.844,63.0,25.4
1783921644.867,63.0,25.4
1783921645.889,63.0,25.4
1783921646.912,63.0,25.4
1783921647.934,63.0,25.4
1783921648.956,63.0,25.4
1783921649.979,63.0,25.4
1783921651.002,63.0,25.4
1783921652.026,63.0,25.4
1783921653.051,63.0,25.4
1783921654.074,63.0,25.4
1783921655.096,63.0,25.4
1783921656.119,63.1,25.4
1783921657.141,63.1,25.4
1783921658.164,63.1,25.4
1783921659.187,63.1,25.4
1783921660.209,63.1,25.3
1783921661.232,63.2,25.4
1783921662.254,63.2,25.4
1783921663.277,63.3,25.4
1783921664.3,63.3,25.4
1783921665.322,63.3,25.4
1783921666.344,63.3,25.3
1783921667.366,63.3,25.4
1783921668.388,63.3,25.4
1783921669.411,63.4,25.4
1783921670.432,63.4,25.4
1783921671.455,63.4,25.4
1783921672.478,63.4,25.4
1783921673.5,63.4,25.4
1783921674.522,63.4,25.4
1783921675.544,63.4,25.4
1783921676.566,63.4,25.4
1783921677.588,63.4,25.4
1783921678.61,63.4,25.4
1783921679.632,63.4,25.4
1783921680.655,63.4,25.4
1783921681.677,63.4,25.4
1783921682.7,63.4,25.4
1783921683.722,63.4,25.4
1783921684.745,63.4,25.4
1783921685.767,63.4,25.4
1783921686.79,63.4,25.4
1783921687.812,63.4,25.4
1783921688.834,63.5,25.4
1783921689.856,63.5,25.4
1783921690.879,63.5,25.4
1783921691.901,63.6,25.4
1783921692.924,63.6,25.4
1783921693.946,63.6,25.4
1783921694.968,63.6,25.4
1783921695.991,63.6,25.4
1783921697.013,63.6,25.4
1783921698.036,63.7,25.4
1783921699.059,63.7,25.4
1783921700.081,63.7,25.4
1783921701.104,63.7,25.4
1783921702.126,63.7,25.4
1783921703.148,63.7,25.4
1783921704.17,63.7,25.4
1783921705.192,63.7,25.4
1783921706.214,63.7,25.4
1783921707.236,63.7,25.4
1783921708.259,63.7,25.4
1783921709.281,63.8,25.4
1783921710.304,63.7,25.4
1783921711.328,63.8,25.4
1783921712.351,63.8,25.4
1783921713.373,63.9,25.4
1783921714.396,63.9,25.4
1783921715.418,63.9,25.4
1783921716.441,63.9,25.4
1783921717.464,63.9,25.4
1783921718.486,63.9,25.4
1783921719.508,63.9,25.4
1783921720.53,64.0,25.4
1783921721.552,64.0,25.4
1783921722.575,64.1,25.4
1783921723.596,64.1,25.4
1783921724.619,64.1,25.4
1783921725.641,64.1,25.4
1783921726.663,64.1,25.4
1783921727.686,64.1,25.4
1783921728.708,64.1,25.4
1783921729.731,64.1,25.4
1783921730.757,64.2,25.4
1783921731.783,64.2,25.4
1783921732.805,64.2,25.4
1783921733.827,64.2,25.4
1783921734.85,64.2,25.4
1783921735.872,64.1,25.4
1783921736.894,64.1,25.4
1783921737.916,64.1,25.4
1783921738.938,64.1,25.4
1783921739.96,64.1,25.4
1783921740.982,64.1,25.4
1783921742.005,64.1,25.4
1783921743.028,64.1,25.4
1783921744.05,64.1,25.4
1783921745.073,64.1,25.4
1783921746.095,64.0,25.4
1783921747.117,64.0,25.4
1783921748.14,64.0,25.4
1783921749.163,64.0,25.4
1783921750.185,64.1,25.4
1783921751.209,64.1,25.4
1783921752.232,64.1,25.4
1783921753.254,64.1,25.4
1783921754.277,64.1,25.4
1783921755.299,64.1,25.4
1783921756.321,64.1,25.4
1783921757.344,64.1,25.4
1783921758.366,64.1,25.4
1783921759.388,64.1,25.4
1783921760.41,64.1,25.4
1783921761.432,64.1,25.4
1783921762.454,64.1,25.4
1783921763.477,64.2,25.4
1783921764.5,64.2,25.4
1783921765.522,64.2,25.4
1783921766.544,64.2,25.4
1783921767.567,64.2,25.4
1783921768.589,64.3,25.4
1783921769.612,64.3,25.4
1783921770.636,64.3,25.4
1783921771.661,64.3,25.4
1783921772.683,64.3,25.4
1783921773.705,64.3,25.4
1783921774.728,64.3,25.4
1783921775.75,64.3,25.4
1783921776.772,64.4,25.4
1783921777.794,64.3,25.4
1783921778.817,64.4,25.4
1783921779.839,64.4,25.4
1783921780.862,64.4,25.4
1783921781.884,64.4,25.4
1783921782.906,64.4,25.4
1783921783.928,64.4,25.4
1783921784.95,64.4,25.4
1783921785.973,64.4,25.4
1783921786.995,64.4,25.4
1783921788.017,64.5,25.4
1783921789.04,64.4,25.4
1783921790.062,64.5,25.4
1783921791.086,64.5,25.4
1783921792.11,64.5,25.4
1783921793.132,64.5,25.4
1783921794.154,64.5,25.4
1783921795.176,64.5,25.4
1783921796.198,64.5,25.4
1783921797.22,64.5,25.4
1783921798.243,64.5,25.4
1783921799.265,64.5,25.4
1783921800.288,64.6,25.4
1783921801.311,64.6,25.4
1783921802.333,64.6,25.4
1783921803.355,64.6,25.4
1783921804.378,64.6,25.4
1783921805.401,64.6,25.4
1783921806.424,64.7,25.4
1783921807.446,64.7,25.4
1783921808.469,64.7,25.4
1783921809.492,64.7,25.4
1783921810.515,64.7,25.4
1783921811.54,64.7,25.4
1783921812.562,64.7,25.4
1783921813.585,64.7,25.4
1783921814.607,64.7,25.4
1783921815.63,64.7,25.5
1783921816.652,64.7,25.4
1783921817.674,64.7,25.4
1783921818.697,64.7,25.4
1783921819.72,64.7,25.4
1783921820.742,64.7,25.4
1783921821.764,64.7,25.4
1783921822.786,64.7,25.4
1783921823.808,64.7,25.4
1783921824.83,64.7,25.4
1783921825.852,64.7,25.4
1783921826.874,64.7,25.4
1783921827.896,64.6,25.4
1783921828.919,64.6,25.4
1783921829.942,64.5,25.4
1783921830.965,64.5,25.4
1783921831.987,64.5,25.4
1783921833.009,64.4,25.4
1783921834.031,64.4,25.4
1783921835.053,64.4,25.4
1783921836.076,64.4,25.4
1783921837.098,64.3,25.4
1783921838.119,64.3,25.4
1783921839.141,64.3,25.4
1783921840.163,64.3,25.4
1783921841.186,64.2,25.4
1783921842.208,64.2,25.4
1783921843.231,64.2,25.4
1783921844.254,64.2,25.4
1783921845.276,64.2,25.4
1783921846.299,64.1,25.4
1783921847.321,64.1,25.4
1783921848.344,64.1,25.4
1783921849.368,64.1,25.4
1783921850.391,64.0,25.4
1783921851.413,63.9,25.4
1783921852.436,63.8,25.4
1783921853.458,63.8,25.4
1783921854.481,63.7,25.4
1783921855.503,63.6,25.4
1783921856.525,63.6,25.4
1783921857.548,63.5,25.4
1783921858.57,63.4,25.4
1783921859.593,63.4,25.4
1783921860.615,63.4,25.4
1783921861.638,63.4,25.4
1783921862.66,63.4,25.4
1783921863.683,63.4,25.4
1783921864.705,63.3,25.4
1783921865.728,63.2,25.4
1783921866.75,63.1,25.4
1783921867.773,63.0,25.4
1783921868.796,62.9,25.4
1783921869.822,62.8,25.4
1783921870.846,62.7,25.4
1783921871.868,62.6,25.4
1783921872.891,62.5,25.4
1783921873.913,62.4,25.4
1783921874.935,62.4,25.4
1783921875.957,62.3,25.4
1783921876.98,62.3,25.4
1783921878.002,62.3,25.4
1783921879.024,62.2,25.4
1783921880.046,62.2,25.4
1783921881.068,62.2,25.4
1783921882.091,62.1,25.4
1783921883.113,62.0,25.4
1783921884.135,61.9,25.4
1783921885.157,61.7,25.4
1783921886.179,61.7,25.4
1783921887.202,61.6,25.4
1783921888.227,61.5,25.4
1783921889.251,61.3,25.4
1783921890.273,61.3,25.4
1783921891.296,61.2,25.4
1783921892.318,61.2,25.4
1783921893.34,61.1,25.4
1783921894.362,61.1,25.4
1783921895.384,61.1,25.4
1783921896.406,61.2,25.4
1783921897.428,61.1,25.4
1783921898.451,61.1,25.4
1783921899.473,60.9,25.4
1783921900.496,60.8,25.4
1783921901.519,60.6,25.4
1783921902.542,60.5,25.4
1783921903.564,60.5,25.4
1783921904.587,60.4,25.4
1783921905.61,60.3,25.4
1783921906.632,60.3,25.4
1783921907.655,60.2,25.4
1783921908.679,60.2,25.4
1783921909.708,60.1,25.4
1783921910.73,60.0,25.4
1783921911.753,60.0,25.4
1783921912.776,59.8,25.4
1783921913.798,59.6,25.4
1783921914.821,59.4,25.4
1783921915.842,59.2,25.4
1783921916.864,59.0,25.4
1783921917.887,58.9,25.4
1783921918.909,58.7,25.4
1783921919.932,58.7,25.4
1783921920.955,58.7,25.4
1783921921.977,58.6,25.4
1783921923.0,58.6,25.4
1783921924.023,58.6,25.4
1783921925.046,58.5,25.4
1783921926.068,58.5,25.4
1783921927.091,58.4,25.4
1783921928.118,58.4,25.4
1783921929.143,58.4,25.4
1783921930.166,58.4,25.4
1783921931.188,58.4,25.4
1783921932.211,58.4,25.4
1783921933.234,58.3,25.4
1783921934.256,58.1,25.4
1783921935.279,58.1,25.4
1783921936.302,57.9,25.4
1783921937.324,57.8,25.4
1783921938.347,57.7,25.4
1783921939.369,57.6,25.4
1783921940.392,57.5,25.4
1783921941.414,57.4,25.4
1783921942.436,57.4,25.4
1783921943.459,57.3,25.4
1783921944.481,57.1,25.4
1783921945.504,57.0,25.4
1783921946.526,56.8,25.4
1783921947.549,56.7,25.4
1783921948.575,56.6,25.4
1783921949.598,56.4,25.4
1783921950.62,56.4,25.4
1783921951.643,56.3,25.4
1783921952.665,56.3,25.4
1783921953.688,56.2,25.4
1783921954.711,56.2,25.4
1783921955.733,56.3,25.4
1783921956.756,56.3,25.4
1783921957.778,56.3,25.4
1783921958.8,56.3,25.4
1783921959.822,56.4,25.4
1783921960.844,56.4,25.4
1783921961.867,56.4,25.4
1783921962.889,56.4,25.4
1783921963.912,56.4,25.4
1783921964.934,56.4,25.4
1783921965.956,56.4,25.4
1783921966.978,56.4,25.4
1783921968.003,56.4,25.4
1783921969.027,56.4,25.4
1783921970.052,56.3,25.4
1783921971.074,56.2,25.4
1783921972.097,56.1,25.4
1783921973.119,56.0,25.4
1783921974.141,55.9,25.4
1783921975.164,55.8,25.4
1783921976.186,55.6,25.4
1783921977.209,55.5,25.4
1783921978.231,55.3,25.4
1783921979.254,55.1,25.4
1783921980.277,55.0,25.4
1783921981.299,54.9,25.4
1783921982.322,54.9,25.4
1783921983.345,54.8,25.4
1783921984.367,54.8,25.4
1783921985.389,54.7,25.4
1783921986.411,54.7,25.4
1783921987.436,54.6,25.4
1783921988.46,54.5,25.4
1783921989.482,54.5,25.4
1783921990.504,54.5,25.4
1783921991.527,54.5,25.4
1783921992.549,54.6,25.4
1783921993.572,54.6,25.4
1783921994.594,54.6,25.4
1783921995.616,54.6,25.4
1783921996.639,54.7,25.4
1783921997.661,54.6,25.4
1783921998.684,54.6,25.4
1783921999.707,54.6,25.4
1783922000.729,54.6,25.4
1783922001.752,54.5,25.4
1783922002.775,54.4,25.4
1783922003.797,54.4,25.4
1783922004.82,54.3,25.4
1783922005.842,54.3,25.4
1783922006.865,54.2,25.4
1783922007.889,54.2,25.4
1783922008.912,54.2,25.4
1783922009.935,54.1,25.4
1783922010.958,54.1,25.4
1783922011.98,54.1,25.4
1783922013.003,54.1,25.4
1783922014.026,54.1,25.4
1783922015.048,54.0,25.4
1783922016.071,54.0,25.4
1783922017.094,54.0,25.4
1783922018.116,53.9,25.4
1783922019.139,53.8,25.4
1783922020.162,53.8,25.4
1783922021.184,53.7,25.4
1783922022.207,53.7,25.4
1783922023.23,53.7,25.4
1783922024.252,53.6,25.4
1783922025.275,53.6,25.4
1783922026.297,53.6,25.4
1783922027.322,53.6,25.4
1783922028.346,53.6,25.4
1783922029.37,53.6,25.4
1783922030.392,53.5,25.4
1783922031.415,53.5,25.4
1783922032.438,53.5,25.4
1783922033.46,53.4,25.4
1783922034.483,53.4,25.4
1783922035.506,53.3,25.4
1783922036.528,53.3,25.4
1783922037.551,53.2,25.4
1783922038.573,53.2,25.4
1783922039.596,53.2,25.4
1783922040.618,53.2,25.4
1783922041.64,53.2,25.4
1783922042.663,53.2,25.4
1783922043.684,53.2,25.4
1783922044.707,53.2,25.4
1783922045.729,53.1,25.4
1783922046.755,53.1,25.4
1783922047.779,53.1,25.4
1783922048.802,53.1,25.4
1783922049.824,53.1,25.4
1783922050.846,53.0,25.4
1783922051.868,53.0,25.4
1783922052.89,53.0,25.4
1783922053.912,52.9,25.4
1783922054.935,52.9,25.4
1783922055.957,52.8,25.4
1783922056.98,52.8,25.4
1783922058.003,52.8,25.4
1783922059.025,52.8,25.4
1783922060.048,52.8,25.4
1783922061.07,52.7,25.4
1783922062.092,52.7,25.4
1783922063.115,52.7,25.4
1783922064.138,52.7,25.4
1783922065.16,52.7,25.4
1783922066.183,52.7,25.4
1783922067.206,52.7,25.4
1783922068.229,52.6,25.4
1783922069.252,52.7,25.4
1783922070.274,52.6,25.4
1783922071.297,52.6,25.4
1783922072.319,52.5,25.4
1783922073.342,52.5,25.4
1783922074.365,52.4,25.4
1783922075.387,52.4,25.4
1783922076.41,52.3,25.4
1783922077.432,52.3,25.4
1783922078.455,52.2,25.4
1783922079.478,52.1,25.4
1783922080.5,51.9,25.3
1783922081.523,51.9,25.4
1783922082.546,51.9,25.4
1783922083.568,51.9,25.4
1783922084.591,51.9,25.4
1783922085.613,51.9,25.4
1783922086.638,52.0,25.4
1783922087.662,52.0,25.4
1783922088.685,52.0,25.4
1783922089.708,52.0,25.4
1783922090.73,52.0,25.4
1783922091.752,52.0,25.4
1783922092.774,51.9,25.4
1783922093.797,52.0,25.4
1783922094.827,52.0,25.4
1783922095.849,51.9,25.4
1783922096.872,51.9,25.4
1783922097.894,51.8,25.4
1783922098.916,51.7,25.4
1783922099.938,51.7,25.4
1783922100.96,51.6,25.4
1783922101.983,51.6,25.4
1783922103.005,51.6,25.4
1783922104.027,51.6,25.4
1783922105.05,51.7,25.4
1783922106.072,51.7,25.4
1783922107.095,51.6,25.4
1783922108.118,51.7,25.4
1783922109.14,51.6,25.3
1783922110.163,51.7,25.4
1783922111.185,51.6,25.4
1783922112.207,51.6,25.3
1783922113.229,51.6,25.4
1783922114.251,51.6,25.4
1783922115.274,51.6,25.4
1783922116.295,51.6,25.3
1783922117.318,51.6,25.4
1783922118.34,51.7,25.4
1783922119.362,51.6,25.4
1783922120.384,51.6,25.4
1783922121.406,51.7,25.3
1783922122.428,51.6,25.3
1783922123.45,51.6,25.3
1783922124.472,51.6,25.4
1783922125.495,51.7,25.4
1783922126.518,51.6,25.4
1783922127.542,51.6,25.4
1783922128.565,51.6,25.4
1783922129.588,51.6,25.4
1783922130.61,51.6,25.4
1783922131.632,51.6,25.4
1783922132.655,51.6,25.3
1783922133.678,51.6,25.4
1783922134.701,51.5,25.3
1783922135.723,51.5,25.4
1783922136.745,51.5,25.3
1783922137.768,51.4,25.3
1783922138.79,51.3,25.3
1783922139.812,51.3,25.3
1783922140.834,51.2,25.3
1783922141.856,51.1,25.3
1783922142.878,51.1,25.4
1783922143.9,51.1,25.4
1783922144.923,51.1,25.4
1783922145.946,51.1,25.4
1783922146.97,51.1,25.3
1783922147.993,51.1,25.4
1783922149.015,51.0,25.3
1783922150.038,51.1,25.3
1783922151.06,51.1,25.3
1783922152.082,51.0,25.3
1783922153.104,51.1,25.4
1783922154.127,51.0,25.3
1783922155.148,51.0,25.3
1783922156.17,51.0,25.3
1783922157.192,51.0,25.4
1783922158.214,50.9,25.3
1783922159.236,50.9,25.3
1783922160.259,50.9,25.4
1783922161.281,50.8,25.3
1783922162.304,50.8,25.3
1783922163.326,50.8,25.3
1783922164.348,50.8,25.3
1783922165.372,50.8,25.3
1783922166.397,50.8,25.3
1783922167.42,50.8,25.3
1783922168.443,50.7,25.4
1783922169.464,50.7,25.3
1783922170.486,50.7,25.3
1783922171.509,50.7,25.3
1783922172.532,50.7,25.3
1783922173.554,50.6,25.3
1783922174.576,50.5,25.3
1783922175.599,50.5,25.3
1783922176.621,50.5,25.3
1783922177.644,50.6,25.3
1783922178.666,50.6,25.3
1783922179.688,50.6,25.3
1783922180.711,50.6,25.3
1783922181.733,50.6,25.3
1783922182.756,50.6,25.3
1783922183.778,50.6,25.3
1783922184.8,50.7,25.3
1783922185.823,50.7,25.3
1783922186.847,50.7,25.3
1783922187.87,50.7,25.3
1783922188.893,50.8,25.3
1783922189.916,50.8,25.3
1783922190.938,50.8,25.3
1783922191.961,50.8,25.3
1783922192.983,50.8,25.3
1783922194.006,50.8,25.3
1783922195.028,50.9,25.3
1783922196.051,50.9,25.3
1783922197.073,50.9,25.3
1783922198.096,50.9,25.3
1783922199.118,51.0,25.3
1783922200.141,51.0,25.3
1783922201.164,51.0,25.3
1783922202.186,51.1,25.3
1783922203.208,51.1,25.3
1783922204.231,51.2,25.3
1783922205.253,51.3,25.3
1783922206.276,51.4,25.3
1783922207.302,51.5,25.3
1783922208.324,51.6,25.3
1783922209.347,51.7,25.3
1783922210.369,51.8,25.3
1783922211.392,51.9,25.3
1783922212.414,52.0,25.3
1783922213.437,52.1,25.3
1783922214.46,52.1,25.3
1783922215.482,52.2,25.3
1783922216.505,52.2,25.3
1783922217.528,52.3,25.3
1783922218.55,52.3,25.3
1783922219.573,52.3,25.3
1783922220.596,52.3,25.3
1783922221.619,52.4,25.3
1783922222.641,52.4,25.3
1783922223.663,52.4,25.3
1783922224.685,52.5,25.3
1783922225.708,52.6,25.3
1783922226.732,52.7,25.3
1783922227.755,52.8,25.3
1783922228.778,52.9,25.3
1783922229.801,53.0,25.3
1783922230.824,53.2,25.3
1783922231.847,53.3,25.3
1783922232.869,53.4,25.3
1783922233.892,53.5,25.3
1783922234.916,53.5,25.3
1783922235.938,53.6,25.3
1783922236.96,53.6,25.3
1783922237.983,53.7,25.3
1783922239.006,53.8,25.3
1783922240.028,53.8,25.3
1783922241.051,53.9,25.3
1783922242.072,54.0,25.3
1783922243.095,54.1,25.3
1783922244.117,54.3,25.3
1783922245.141,54.4,25.3
1783922246.166,54.6,25.3
1783922247.188,54.7,25.3
1783922248.211,54.8,25.3
1783922249.233,54.9,25.3
1783922250.255,55.0,25.3
1783922251.278,55.1,25.3
1783922252.3,55.1,25.3
1783922253.322,55.2,25.3
1783922254.344,55.2,25.3
1783922255.366,55.3,25.3
1783922256.388,55.3,25.3
1783922257.41,55.4,25.3
1783922258.433,55.4,25.3
1783922259.456,55.4,25.3
1783922260.479,55.4,25.3
1783922261.501,55.5,25.3
1783922262.524,55.5,25.3
1783922263.547,55.6,25.3
1783922264.57,55.7,25.3
1783922265.594,55.8,25.3
1783922266.616,55.8,25.3
1783922267.644,55.9,25.3
1783922268.667,55.9,25.3
1783922269.69,56.0,25.3
1783922270.712,56.1,25.3
1783922271.735,56.1,25.3
1783922272.757,56.2,25.3
1783922273.779,56.2,25.3
1783922274.801,56.3,25.3
1783922275.823,56.4,25.3
1783922276.846,56.4,25.3
1783922277.868,56.5,25.3
1783922278.89,56.5,25.3
1783922279.912,56.6,25.3
1783922280.934,56.6,25.3
1783922281.956,56.7,25.3
1783922282.978,56.8,25.3
1783922284.001,56.9,25.3
1783922285.024,57.0,25.3
1783922286.047,57.1,25.3
1783922287.07,57.2,25.3
1783922288.092,57.2,25.3
1783922289.115,57.3,25.3
1783922290.137,57.4,25.4
1783922291.16,57.5,25.3
1783922292.182,57.5,25.3
1783922293.205,57.6,25.3
1783922294.227,57.6,25.3
1783922295.25,57.7,25.3
1783922296.273,57.8,25.3
1783922297.295,57.9,25.3
1783922298.318,58.0,25.3
1783922299.34,58.1,25.3
1783922300.363,58.2,25.3
1783922301.385,58.2,25.3
1783922302.408,58.3,25.3
1783922303.431,58.3,25.3
1783922304.454,58.4,25.3
1783922305.478,58.4,25.3
1783922306.5,58.5,25.3
1783922307.523,58.5,25.3
1783922308.545,58.5,25.3
1783922309.568,58.6,25.3
1783922310.591,58.6,25.3
1783922311.613,58.7,25.3
1783922312.636,58.7,25.3
1783922313.659,58.8,25.3
1783922314.681,58.9,25.4
1783922315.704,59.0,25.3
1783922316.727,59.1,25.3
1783922317.75,59.2,25.3
1783922318.772,59.3,25.3
1783922319.794,59.4,25.3
1783922320.817,59.4,25.3
1783922321.84,59.5,25.3
1783922322.863,59.6,25.3
1783922323.886,59.7,25.3
1783922324.91,59.8,25.3
1783922325.933,59.9,25.3
1783922326.956,59.9,25.3
1783922327.984,60.0,25.3
1783922329.008,60.0,25.3
1783922330.03,60.1,25.3
1783922331.053,60.2,25.3
1783922332.075,60.2,25.3
1783922333.098,60.2,25.3
1783922334.119,60.2,25.3
1783922335.141,60.3,25.3
1783922336.163,60.3,25.3
1783922337.186,60.3,25.3
1783922338.208,60.4,25.3
1783922339.231,60.3,25.3
1783922340.253,60.3,25.3
1783922341.276,60.4,25.3
1783922342.299,60.4,25.3
1783922343.322,60.4,25.3
1783922344.345,60.4,25.3
1783922345.368,60.4,25.3
1783922346.39,60.5,25.3
1783922347.412,60.5,25.3
1783922348.434,60.5,25.3
1783922349.457,60.5,25.3
1783922350.48,60.5,25.3
1783922351.502,60.5,25.3
1783922352.524,60.6,25.3
1783922353.547,60.5,25.3
1783922354.569,60.6,25.3
1783922355.591,60.6,25.3
1783922356.613,60.6,25.3
1783922357.636,60.6,25.3
1783922358.658,60.7,25.3
1783922359.68,60.7,25.3
1783922360.703,60.7,25.3
1783922361.725,60.7,25.3
1783922362.75,60.7,25.3
1783922363.773,60.8,25.3
1783922364.796,60.8,25.3
1783922365.818,60.8,25.3
1783922366.84,60.8,25.3
1783922367.862,60.9,25.3
1783922368.885,60.9,25.3
1783922369.907,61.0,25.3
1783922370.929,61.0,25.3
1783922371.952,61.1,25.3
1783922372.975,61.1,25.3
1783922373.997,61.1,25.3
1783922375.02,61.2,25.3
1783922376.042,61.2,25.3
1783922377.065,61.3,25.3
1783922378.087,61.2,25.3
1783922379.11,61.2,25.3
1783922380.132,61.3,25.3
1783922381.155,61.3,25.3
1783922382.177,61.3,25.3
1783922383.202,61.3,25.4
1783922384.226,61.2,25.3
1783922385.25,61.2,25.3
1783922386.272,61.3,25.3
1783922387.295,61.2,25.3
1783922388.317,61.3,25.3
1783922389.34,61.3,25.3
1783922390.362,61.3,25.3
1783922391.385,61.3,25.4
1783922392.407,61.4,25.3
1783922393.429,61.4,25.4
1783922394.451,61.4,25.3
1783922395.474,61.5,25.4
1783922396.496,61.5,25.3
1783922397.518,61.6,25.3
1783922398.54,61.5,25.3
1783922399.562,61.5,25.3
1783922400.585,61.5,25.3
1783922401.607,61.6,25.3
1783922402.63,61.5,25.3
1783922403.653,61.6,25.3
1783922404.675,61.6,25.3
1783922405.698,61.6,25.3
1783922406.72,61.6,25.3
1783922407.743,61.6,25.3
1783922408.765,61.6,25.3
1783922409.788,61.6,25.3
1783922410.811,61.7,25.3
1783922411.834,61.7,25.3
1783922412.856,61.7,25.3
1783922413.878,61.7,25.3
1783922414.9,61.7,25.4
1783922415.922,61.7,25.3
1783922416.944,61.8,25.3
1783922417.966,61.8,25.3
1783922418.988,61.8,25.3
1783922420.01,61.8,25.3
1783922421.032,61.9,25.3
1783922422.055,61.8,25.3
1783922423.078,61.9,25.3
1783922424.1,61.9,25.3
1783922425.122,61.8,25.3
1783922426.144,61.9,25.4
1783922427.166,61.9,25.3
1783922428.189,61.9,25.3
1783922429.211,61.9,25.3
1783922430.233,61.9,25.3
1783922431.255,62.0,25.3
1783922432.278,62.0,25.3
1783922433.3,62.0,25.3
1783922434.322,62.1,25.3
1783922435.344,62.1,25.4
1783922436.366,62.1,25.3
1783922437.389,62.1,25.3
1783922438.411,62.2,25.3
1783922439.433,62.2,25.3
1783922440.455,62.2,25.3
1783922441.477,62.2,25.3
1783922442.503,62.2,25.3
1783922443.526,62.2,25.3
1783922444.548,62.2,25.4
1783922445.57,62.2,25.3
1783922446.592,62.2,25.3
1783922447.615,62.2,25.3
1783922448.637,62.2,25.3
1783922449.682,62.2,25.4
1783922450.713,62.2,25.3
1783922451.736,62.2,25.4
1783922452.758,62.3,25.3
1783922453.781,62.3,25.3
1783922454.803,62.4,25.4
1783922455.826,62.4,25.3
1783922456.848,62.4,25.3
1783922457.871,62.4,25.3
1783922458.893,62.5,25.3
1783922459.916,62.5,25.3
1783922460.973,62.5,25.3
1783922462.011,62.5,25.3
1783922463.034,62.5,25.4
1783922464.057,62.5,25.3
1783922465.079,62.5,25.3
1783922466.102,62.6,25.4
1783922467.124,62.6,25.4
1783922468.146,62.6,25.4
1783922469.168,62.6,25.4
1783922470.191,62.6,25.3
1783922471.212,62.6,25.3
1783922472.235,62.6,25.4
1783922473.258,62.6,25.3
1783922474.28,62.6,25.4
1783922475.303,62.6,25.3
1783922476.325,62.6,25.4
1783922477.348,62.7,25.3
1783922478.371,62.7,25.4
1783922479.393,62.7,25.3
1783922480.417,62.7,25.4
1783922481.444,62.7,25.3
1783922482.466,62.6,25.3
1783922483.488,62.7,25.4
1783922484.511,62.7,25.4
1783922485.533,62.7,25.4
1783922486.555,62.7,25.4
1783922487.578,62.7,25.3
1783922488.601,62.8,25.4
1783922489.624,62.7,25.3
1783922490.646,62.7,25.4
1783922491.668,62.7,25.4
1783922495.461,62.7,25.3
1783922496.49,62.8,25.3
1783922497.519,62.8,25.3
1783922498.557,62.8,25.4
1783922499.595,62.8,25.4
1783922500.71,62.8,25.4
1783922501.745,62.8,25.4
1783922502.777,62.9,25.4
1783922503.807,62.9,25.4
1783922504.836,62.9,25.3
1783922505.866,62.9,25.3
1783922506.896,62.9,25.4
1783922507.926,63.0,25.4
1783922508.964,63.0,25.4
1783922510.002,63.0,25.4
1783922511.04,63.0,25.4
1783922512.077,63.0,25.4
1783922513.115,63.0,25.4
1783922514.154,63.0,25.3
1783922515.183,63.1,25.4
1783922516.216,63.0,25.3
1783922517.254,63.1,25.4
1783922518.284,63.1,25.3
1783922519.314,63.1,25.4
1783922520.352,63.1,25.4
1783922521.39,63.2,25.4
1783922522.428,63.2,25.4
1783922523.457,63.2,25.4
1783922524.496,63.3,25.3
1783922525.534,63.2,25.4
1783922526.572,63.2,25.4
1783922527.6,63.2,25.4
1783922528.63,63.3,25.4
1783922529.666,63.3,25.4
1783922530.703,63.3,25.4
1783922531.74,63.3,25.4
1783922532.778,63.3,25.4
1783922533.807,63.3,25.4
1783922534.845,63.3,25.4
1783922535.875,63.3,25.4
1783922536.907,63.4,25.4
1783922537.936,63.4,25.4
1783922538.966,63.4,25.4
1783922539.996,63.4,25.4
1783922541.025,63.4,25.4
1783922542.055,63.5,25.4
1783922543.094,63.5,25.4
1783922544.132,63.5,25.4
1783922545.17,63.6,25.4
1783922546.208,63.6,25.4
1783922547.237,63.6,25.4
1783922548.266,63.6,25.4
1783922549.294,63.7,25.4
1783922550.331,63.7,25.4
1783922551.367,63.7,25.4
1783922552.395,63.7,25.4
1783922553.424,63.7,25.4
1783922554.452,63.8,25.4
1783922555.496,63.8,25.4
1783922556.527,63.8,25.4
1783922557.556,63.8,25.4
1783922558.581,63.8,25.4
1783922559.614,63.8,25.4
1783922560.648,63.8,25.4
1783922561.681,63.8,25.4
1783922562.705,63.9,25.4
1783922563.738,63.9,25.4
1783922564.771,63.9,25.4
1783922565.804,63.9,25.4
1783922566.836,63.9,25.4
1783922567.87,63.9,25.4
1783922568.912,63.9,25.4
1783922569.946,63.9,25.4
1783922570.979,64.0,25.4
1783922572.003,64.0,25.4
1783922573.036,64.0,25.4
1783922574.06,64.0,25.4
1783922575.094,64.0,25.4
1783922576.119,64.0,25.4
1783922577.145,64.0,25.4
1783922578.178,64.0,25.4
1783922579.203,64.0,25.4
1783922580.235,64.0,25.4
1783922581.268,64.0,25.4
1783922582.302,64.0,25.4
1783922583.326,64.0,25.4
1783922584.35,64.1,25.4
1783922585.374,64.1,25.4
1783922586.398,64.1,25.4
1783922587.431,64.2,25.4
1783922588.463,64.2,25.4
1783922589.488,64.2,25.4
1783922590.521,64.3,25.4
1783922591.554,64.2,25.4
1783922592.586,64.2,25.4
1783922593.619,64.2,25.4
1783922594.654,64.2,25.4
1783922595.682,64.2,25.4
1783922596.71,64.2,25.4
1783922597.743,64.2,25.4
1783922598.776,64.2,25.4
1783922599.809,64.2,25.4
1783922600.834,64.2,25.4
1783922601.866,64.3,25.4
1783922602.892,64.3,25.4
1783922603.926,64.3,25.4
1783922604.95,64.3,25.4
1783922605.974,64.4,25.4
1783922606.998,64.4,25.4
1783922608.022,64.4,25.4
1783922609.046,64.5,25.4
1783922610.071,64.5,25.4
1783922611.095,64.6,25.4
1783922612.119,64.6,25.4
1783922613.145,64.6,25.4
1783922614.181,64.6,25.4
1783922615.208,64.6,25.4
1783922616.235,64.6,25.4
1783922617.268,64.6,25.4
1783922618.301,64.6,25.4
1783922619.334,64.6,25.4
1783922620.367,64.6,25.4
1783922621.399,64.5,25.4
1783922622.432,64.5,25.4
1783922623.464,64.5,25.4
1783922624.496,64.5,25.4
1783922625.529,64.5,25.4
1783922626.562,64.5,25.4
1783922627.587,64.5,25.4
1783922628.611,64.6,25.4
1783922629.636,64.6,25.4
1783922630.663,64.6,25.4
1783922631.696,64.6,25.4
1783922632.728,64.6,25.4
1783922633.761,64.7,25.4
1783922634.796,64.6,25.4
1783922638.564,64.7,25.4
1783922639.604,64.6,25.4
1783922640.64,64.6,25.4
1783922641.683,64.6,25.4
1783922642.724,64.6,25.4
1783922643.753,64.6,25.4
1783922644.79,64.6,25.4
1783922645.819,64.6,25.4
1783922646.847,64.6,25.4
1783922647.876,64.6,25.4
1783922648.904,64.6,25.4
1783922649.934,64.6,25.4
1783922650.963,64.6,25.4
1783922652.001,64.6,25.4
1783922653.031,64.6,25.4
1783922654.068,64.6,25.4
1783922655.105,64.6,25.4
1783922656.141,64.6,25.4
1783922657.177,64.6,25.4
1783922658.209,64.6,25.4
1783922659.246,64.6,25.4
1783922660.283,64.6,25.4
1783922661.319,64.6,25.4
1783922662.356,64.7,25.4
1783922663.384,64.7,25.4
1783922664.42,64.7,25.4
1783922665.456,64.8,25.5
1783922666.492,64.8,25.4
1783922667.528,64.8,25.4
1783922668.564,64.9,25.4
1783922669.6,64.9,25.4
1783922670.637,64.9,25.4
1783922671.674,65.0,25.4
1783922672.71,64.9,25.4
1783922673.746,65.0,25.5
1783922674.783,65.0,25.4
1783922675.82,65.0,25.4
1783922676.857,65.0,25.4
1783922677.884,65.0,25.4
1783922678.913,65.0,25.4
1783922679.942,65.0,25.4
1783922680.971,65.0,25.4
1783922681.999,65.0,25.4
1783922683.028,65.0,25.4
1783922684.064,64.9,25.4
1783922685.098,65.0,25.4
1783922686.131,65.0,25.4
1783922687.164,65.0,25.4
1783922688.188,65.0,25.4
1783922689.212,65.0,25.4
1783922690.271,65.0,25.4
1783922691.304,65.0,25.4
1783922692.337,64.9,25.4
1783922693.36,64.9,25.4
1783922694.385,64.9,25.4
1783922695.41,64.9,25.4
1783922696.434,64.9,25.5
1783922697.46,64.9,25.5
1783922698.49,64.9,25.4
1783922699.516,64.9,25.4
1783922700.545,64.8,25.4
1783922701.582,64.8,25.4
1783922702.618,64.7,25.4
1783922703.649,64.6,25.4
1783922704.748,64.6,25.4
1783922705.873,64.5,25.4
1783922707.009,64.4,25.4
1783922708.058,64.3,25.4
1783922709.083,64.3,25.4
1783922710.117,64.3,25.4
1783922711.151,64.2,25.4
1783922712.178,64.2,25.4
1783922713.204,64.2,25.4
1783922714.229,64.2,25.4
1783922715.264,64.1,25.4
1783922716.298,64.1,25.5
1783922717.331,64.1,25.4
1783922718.365,64.1,25.5
1783922719.392,64.1,25.5
1783922720.417,64.0,25.4
1783922721.443,64.0,25.5
1783922722.468,64.0,25.5
1783922723.507,64.0,25.4
1783922724.54,64.0,25.4
1783922725.574,63.9,25.5
1783922726.608,63.9,25.4
1783922727.642,63.8,25.5
1783922728.677,63.8,25.4
1783922729.711,63.7,25.5
1783922730.746,63.6,25.4
1783922731.78,63.6,25.5
1783922732.811,63.5,25.4
1783922733.839,63.5,25.4
1783922734.874,63.4,25.4
1783922735.908,63.3,25.4
1783922736.944,63.2,25.4
1783922737.978,63.0,25.4
1783922739.013,62.8,25.5
1783922740.038,62.7,25.4
1783922741.073,62.6,25.4
1783922742.098,62.5,25.4
1783922743.133,62.4,25.4
1783922744.166,62.3,25.4
1783922745.191,62.2,25.4
1783922746.216,62.1,25.4
1783922747.241,62.0,25.4
1783922748.267,62.0,25.4
1783922749.292,61.9,25.4
1783922750.318,61.9,25.4
1783922751.345,61.9,25.4
1783922752.373,61.9,25.4
1783922753.403,61.9,25.4
1783922758.029,61.5,25.4
1783922759.078,61.5,25.4
1783922760.115,61.4,25.4
1783922761.154,61.4,25.4
1783922762.192,61.4,25.4
1783922763.258,61.3,25.4
1783922764.288,61.2,25.4
1783922765.316,61.2,25.4
1783922766.344,61.1,25.4
1783922767.374,61.1,25.4
1783922768.404,61.0,25.4
1783922769.435,61.0,25.4
1783922770.473,60.9,25.4
1783922771.51,60.8,25.4
1783922772.539,60.7,25.4
1783922773.57,60.6,25.4
1783922774.599,60.5,25.4
1783922775.637,60.4,25.4
1783922776.675,60.3,25.4
1783922777.708,60.3,25.5
1783922778.744,60.2,25.4
1783922779.773,60.1,25.4
1783922780.803,60.0,25.4
1783922781.84,59.9,25.4
1783922782.878,59.9,25.4
1783922783.915,59.8,25.4
1783922784.954,59.7,25.4
1783922785.992,59.5,25.5
1783922787.03,59.3,25.4
1783922788.067,59.2,25.4
1783922789.105,59.1,25.4
1783922790.143,59.0,25.4
1783922791.179,58.8,25.4
1783922792.217,58.8,25.4
1783922793.253,58.7,25.4
1783922794.293,58.6,25.4
1783922795.329,58.6,25.4
1783922796.366,58.5,25.4
1783922797.403,58.4,25.4
1783922798.432,58.4,25.4
1783922799.462,58.4,25.4
1783922800.508,58.4,25.4
1783922801.546,58.4,25.4
1783922802.575,58.4,25.4
1783922803.605,58.3,25.4
1783922804.635,58.3,25.4
1783922805.665,58.2,25.4
1783922806.694,58.1,25.4
1783922807.732,58.0,25.4
1783922808.78,57.9,25.4
1783922809.81,57.9,25.4
1783922810.838,57.8,25.4
1783922811.867,57.7,25.4
1783922812.896,57.6,25.4
1783922813.926,57.6,25.4
1783922814.961,57.5,25.4
1783922815.992,57.4,25.4
1783922817.021,57.4,25.4
1783922818.052,57.3,25.4
1783922819.106,57.2,25.4
1783922820.223,57.0,25.4
1783922821.534,56.9,25.4
1783922822.7,56.8,25.4
1783922823.862,56.7,25.4
1783922824.958,56.7,25.4
1783922826.024,56.6,25.4
1783922827.061,56.5,25.4
1783922828.1,56.4,25.4
1783922829.198,56.3,25.4
1783922830.296,56.3,25.4
1783922831.391,56.1,25.4
1783922832.637,56.1,25.4
1783922833.727,56.1,25.4
1783922834.826,56.1,25.4
1783922835.996,56.1,25.4
1783922837.2,56.0,25.4
1783922838.403,55.9,25.4
1783922839.525,55.7,25.4
1783922840.617,55.6,25.4
1783922841.761,55.6,25.4
1783922842.852,55.5,25.4
1783922844.31,55.5,25.4
1783922845.417,55.5,25.4
1783922846.456,55.4,25.4
1783922847.567,55.4,25.4
1783922848.676,55.3,25.4
1783922849.978,55.2,25.4
1783922851.106,55.1,25.4
1783922852.248,55.0,25.4
1783922853.42,55.0,25.4
1783922854.557,55.0,25.4
1783922855.722,55.0,25.4
1783922856.859,55.0,25.4
1783922858.028,55.0,25.4
1783922859.109,55.0,25.4
1783922860.236,55.0,25.4
1783922861.321,54.9,25.4
1783922862.396,54.8,25.4
1783922863.562,54.8,25.4
1783922864.676,54.8,25.4
1783922866.022,54.8,25.4
1783922867.141,54.8,25.4
1783922868.273,54.8,25.4
1783922869.437,54.7,25.4
1783922870.506,54.7,25.4
1783922871.619,54.7,25.4
1783922872.764,54.6,25.4
1783922873.876,54.5,25.4
1783922874.94,54.4,25.4
1783922875.987,54.3,25.4
1783922877.099,54.2,25.4
1783922878.188,54.1,25.4
1783922879.307,54.1,25.4
1783922880.377,54.1,25.4
1783922881.478,54.1,25.4
1783922882.574,54.0,25.4
1783922883.781,54.0,25.4
1783922884.927,53.9,25.4
1783922886.02,53.8,25.4
1783922887.138,53.8,25.4
1783922888.284,53.7,25.4
1783922890.031,53.6,25.4
1783922891.115,53.5,25.4
1783922892.196,53.4,25.4
1783922893.281,53.4,25.4
1783922894.398,53.3,25.4
1783922895.779,53.3,25.4
1783922896.844,53.3,25.4
1783922897.98,53.3,25.4
1783922899.16,53.3,25.4
1783922900.197,53.2,25.4
1783922901.23,53.2,25.4
1783922902.264,53.2,25.4
1783922903.327,53.2,25.4
1783922904.382,53.1,25.4
1783922905.514,53.2,25.4
1783922906.615,53.1,25.4
1783922907.69,53.1,25.4
1783922908.768,53.0,25.4
1783922909.868,53.0,25.4
1783922910.996,53.0,25.4
1783922912.066,53.0,25.4
1783922913.183,53.0,25.4
1783922914.305,53.0,25.4
1783922915.4,53.0,25.4
1783922916.537,52.9,25.4
1783922917.658,52.8,25.4
1783922918.73,52.8,25.4
1783922919.838,52.7,25.4
1783922921.02,52.7,25.3
1783922922.143,52.8,25.4
1783922923.214,52.8,25.4
1783922924.42,52.8,25.4
1783922925.556,52.8,25.4
1783922926.662,52.8,25.4
1783922927.738,52.8,25.4
1783922928.786,52.8,25.4
1783922929.873,52.7,25.4
1783922930.951,52.7,25.4
1783922932.089,52.7,25.4
1783922933.185,52.7,25.4
1783922934.299,52.7,25.4
1783922935.412,52.7,25.3
1783922936.533,52.7,25.3
1783922937.658,52.7,25.3
1783922938.767,52.7,25.4
1783922939.893,52.7,25.4
1783922941.031,52.7,25.4
1783922942.138,52.6,25.3
1783922943.231,52.6,25.4
1783922944.367,52.6,25.4
1783922945.504,52.6,25.4
1783922946.628,52.6,25.3
1783922947.75,52.6,25.4
1783922948.86,52.6,25.3
1783922949.972,52.6,25.4
1783922951.176,52.5,25.4
1783922952.401,52.5,25.4
1783922953.527,52.4,25.3
1783922954.749,52.3,25.4
1783922955.881,52.3,25.3
1783922957.32,52.3,25.4
1783922958.567,52.2,25.3
1783922959.868,52.2,25.4
1783922961.052,52.2,25.3
1783922962.199,52.1,25.4
1783922963.929,52.1,25.3
1783922965.123,52.1,25.3
1783922966.301,52.1,25.3
1783922967.732,52.0,25.4
1783922969.119,52.0,25.4
1783922970.624,51.9,25.4
1783922971.859,51.9,25.4
1783922972.982,51.9,25.3
1783922974.414,51.9,25.3
1783922975.645,51.9,25.3
1783922977.383,51.8,25.3
1783922978.724,51.8,25.3
1783922979.872,51.7,25.3
1783922981.154,51.6,25.3
1783922982.389,51.5,25.3
1783922983.653,51.5,25.3
1783922984.979,51.5,25.3
1783922986.174,51.4,25.3
1783922987.494,51.3,25.3
1783922988.72,51.4,25.3
1783922989.969,51.4,25.3
1783922991.163,51.4,25.3
1783922992.383,51.4,25.3
1783922993.717,51.4,25.3
1783922994.955,51.4,25.3
1783922996.238,51.4,25.3
1783922997.444,51.3,25.3
1783922998.608,51.3,25.3
1783922999.737,51.3,25.3
1783923000.854,51.3,25.3
1783923001.983,51.3,25.3
1783923003.107,51.3,25.3
1783923004.236,51.3,25.3
1783923005.333,51.2,25.3
1783923006.42,51.3,25.3
1783923007.513,51.3,25.3
1783923008.631,51.2,25.3
1783923009.686,51.2,25.3
1783923010.786,51.1,25.3
1783923011.846,51.1,25.3
1783923012.89,51.0,25.3
1783923013.93,51.0,25.3
1783923014.958,51.0,25.3
1783923015.997,50.9,25.3
1783923017.035,51.0,25.3
1783923018.061,51.0,25.3
1783923019.095,50.9,25.3
1783923020.128,50.9,25.3
1783923021.162,50.9,25.3
1783923022.196,50.9,25.3
1783923023.221,50.8,25.3
1783923024.256,50.8,25.3
1783923025.29,50.8,25.3
1783923026.325,50.8,25.3
1783923027.36,50.7,25.3
1783923028.395,50.7,25.3
1783923029.431,50.7,25.3
1783923030.465,50.7,25.3
1783923031.499,50.6,25.3
1783923032.526,50.7,25.3
1783923033.553,50.6,25.3
1783923034.579,50.6,25.3
1783923035.604,50.5,25.3
1783923036.639,50.5,25.3
1783923037.675,50.5,25.3
1783923038.702,50.6,25.3
1783923039.727,50.6,25.3
1783923040.753,50.6,25.3
1783923041.778,50.6,25.3
1783923042.803,50.7,25.3
1783923043.828,50.7,25.3
1783923044.853,50.7,25.3
1783923045.878,50.8,25.3
1783923046.913,50.8,25.3
1783923047.947,50.8,25.3
1783923048.981,50.8,25.3
1783923050.006,50.8,25.3
1783923051.041,50.8,25.3
1783923052.066,50.8,25.3
1783923053.102,50.8,25.3
1783923054.131,50.8,25.3
1783923055.157,50.8,25.3
1783923056.191,50.8,25.3
1783923057.225,50.8,25.3
1783923058.26,50.8,25.3
1783923059.295,50.8,25.3
1783923060.329,50.8,25.3
1783923061.363,50.8,25.3
1783923062.397,50.9,25.3
1783923063.431,50.9,25.3
1783923064.46,50.9,25.3
1783923065.494,51.0,25.3
1783923066.53,51.0,25.3
1783923067.565,51.0,25.3
1783923068.599,51.0,25.3
1783923069.633,51.0,25.3
1783923070.668,51.1,25.3
1783923071.702,51.1,25.3
1783923072.765,51.1,25.3
1783923073.886,51.2,25.3
1783923074.966,51.2,25.3
1783923076.18,51.2,25.3
1783923077.293,51.3,25.3
1783923078.549,51.4,25.3
1783923079.661,51.5,25.3
1783923080.758,51.5,25.3
1783923081.87,51.6,25.3
1783923082.98,51.9,25.3
1783923088.84,52.3,25.3
1783923089.879,52.3,25.3
1783923090.915,52.4,25.3
1783923091.952,52.5,25.3
1783923092.996,52.6,25.3
1783923094.11,52.6,25.3
1783923095.142,52.8,25.3
1783923096.172,52.9,25.3
1783923097.201,53.0,25.3
1783923098.238,53.1,25.3
1783923099.274,53.1,25.3
1783923100.311,53.2,25.3
1783923101.348,53.3,25.3
1783923102.385,53.4,25.3
1783923103.422,53.5,25.3
1783923104.459,53.6,25.3
1783923105.496,53.7,25.3
1783923106.538,53.8,25.3
1783923107.585,53.8,25.3
1783923108.617,53.9,25.3
1783923109.648,53.9,25.3
1783923110.676,54.0,25.3
1783923111.713,54.1,25.3
1783923112.75,54.4,25.3
1783923113.786,54.6,25.3
1783923114.823,54.9,25.3
1783923115.86,55.1,25.3
1783923116.897,55.2,25.3
1783923117.934,55.3,25.3
1783923118.971,55.4,25.3
1783923120.0,55.5,25.3
1783923121.037,55.6,25.3
1783923122.074,55.6,25.3
1783923123.111,55.6,25.3
1783923124.148,55.7,25.3
1783923125.176,55.7,25.3
1783923126.213,55.7,25.3
1783923127.242,55.7,25.3
1783923128.281,55.7,25.3
1783923129.313,55.8,25.3
1783923130.343,55.8,25.3
1783923131.371,55.8,25.3
1783923132.401,55.8,25.3
1783923133.43,55.9,25.3
1783923134.458,56.0,25.3
1783923135.496,56.1,25.3
1783923136.532,56.2,25.3
1783923137.569,56.3,25.3
1783923138.598,56.5,25.3
1783923139.626,56.5,25.3
1783923140.663,56.7,25.3
1783923141.7,56.7,25.3
1783923142.737,56.8,25.3
1783923143.765,56.8,25.3
1783923144.795,56.9,25.3
1783923145.824,56.9,25.3
1783923146.853,56.9,25.3
1783923147.885,57.0,25.3
1783923148.924,57.0,25.3
1783923149.99,57.1,25.3
1783923151.133,57.2,25.3
1783923152.25,57.3,25.3
1783923153.389,57.4,25.3
1783923154.545,57.5,25.3
1783923155.696,57.5,25.3
1783923156.767,57.6,25.3
1783923157.835,57.6,25.3
1783923158.999,57.7,25.3
1783923160.124,57.8,25.3
1783923161.223,57.8,25.3
1783923162.345,57.8,25.3
1783923163.472,57.9,25.3
1783923164.566,57.9,25.3
1783923165.665,58.0,25.3
1783923166.918,58.0,25.3
1783923168.035,58.0,25.3
1783923169.107,58.1,25.3
1783923170.23,58.2,25.3
1783923171.31,58.3,25.3
1783923172.397,58.4,25.3
1783923173.478,58.5,25.3
1783923174.593,58.5,25.3
1783923175.894,58.6,25.3
1783923177.051,58.6,25.3
1783923178.146,58.7,25.3
1783923179.52,58.8,25.3
1783923180.599,58.9,25.3
1783923181.692,58.9,25.3
1783923182.786,59.0,25.3
1783923183.954,59.0,25.3
1783923185.086,59.0,25.3
1783923186.205,59.1,25.3
1783923187.301,59.0,25.3
1783923188.417,59.1,25.3
1783923189.592,59.2,25.3
1783923190.774,59.2,25.3
1783923191.919,59.2,25.3
1783923193.044,59.3,25.3
1783923194.167,59.3,25.3
1783923195.398,59.3,25.3
1783923196.488,59.4,25.3
1783923197.6,59.5,25.3
1783923198.698,59.6,25.3
1783923199.755,59.6,25.3
1783923200.802,59.7,25.3
1783923201.838,59.8,25.3
1783923202.863,59.8,25.3
1783923203.89,59.9,25.3
1783923204.925,59.9,25.3
1783923205.959,60.0,25.3
1783923206.994,60.0,25.3
1783923208.028,60.1,25.3
1783923209.062,60.1,25.3
1783923210.096,60.0,25.3
1783923211.121,60.1,25.3
1783923212.147,60.1,25.3
1783923213.172,60.0,25.3
1783923214.197,60.0,25.3
1783923215.238,60.1,25.3
1783923216.272,60.1,25.3
1783923217.307,60.1,25.3
1783923218.342,60.2,25.3
1783923219.376,60.2,25.3
1783923220.411,60.3,25.3
1783923221.445,60.3,25.3
1783923222.482,60.4,25.3
1783923223.51,60.4,25.3
1783923224.537,60.5,25.3
1783923225.562,60.5,25.3
1783923226.587,60.6,25.3
1783923227.614,60.6,25.3
1783923228.639,60.7,25.3
1783923229.665,60.7,25.3
1783923230.699,60.7,25.3
1783923231.734,60.8,25.3
1783923232.768,60.9,25.3
1783923233.803,60.8,25.3
1783923234.836,60.9,25.3
1783923235.87,60.9,25.3
1783923236.903,60.9,25.3
1783923237.936,60.9,25.3
1783923238.969,60.9,25.3
1783923240.003,60.9,25.3
1783923241.036,60.9,25.3
1783923242.071,60.9,25.3
1783923243.108,61.0,25.3
1783923244.134,61.0,25.3
1783923245.161,61.0,25.3
1783923246.195,61.1,25.3
1783923247.229,61.1,25.3
1783923248.261,61.1,25.3
1783923249.294,61.1,25.3
1783923250.327,61.2,25.3
1783923251.36,61.1,25.3
1783923252.393,61.2,25.3
1783923253.427,61.2,25.3
1783923254.46,61.2,25.3
1783923255.493,61.2,25.3
1783923256.527,61.2,25.3
1783923257.562,61.3,25.3
1783923258.596,61.3,25.3
1783923259.623,61.3,25.3
1783923260.658,61.4,25.3
1783923261.734,61.4,25.3
1783923262.833,61.4,25.3
1783923263.903,61.4,25.3
1783923265.115,61.4,25.3
1783923266.267,61.5,25.3
1783923267.442,61.5,25.3
1783923268.572,61.5,25.3
1783923269.664,61.5,25.3
1783923270.825,61.4,25.3
1783923271.95,61.5,25.3
1783923273.033,61.5,25.3
1783923274.13,61.5,25.3
1783923275.274,61.5,25.3
1783923276.41,61.5,25.3
1783923277.505,61.6,25.3
1783923278.82,61.6,25.3
1783923279.906,61.6,25.3
1783923280.966,61.7,25.3
1783923282.045,61.7,25.3
1783923283.135,61.7,25.3
1783923284.285,61.8,25.3
1783923285.372,61.8,25.3
1783923286.484,61.8,25.3
1783923287.7,61.8,25.3
1783923288.933,61.8,25.3
1783923290.035,61.9,25.3
1783923291.152,61.9,25.3
1783923292.266,62.0,25.3
1783923293.368,62.0,25.3
1783923294.431,62.1,25.3
1783923295.494,62.1,25.3
1783923299.104,62.1,25.3
1783923300.147,62.2,25.3
1783923301.181,62.2,25.3
1783923302.206,62.2,25.3
1783923303.231,62.3,25.3
1783923304.34,62.3,25.3
1783923305.373,62.4,25.3
1783923306.413,62.3,25.3
1783923307.447,62.4,25.3
1783923308.48,62.3,25.3
1783923309.514,62.4,25.3
1783923310.546,62.4,25.3
1783923311.579,62.3,25.3
1783923312.602,62.4,25.3
1783923313.636,62.4,25.3
1783923314.67,62.4,25.3
1783923315.703,62.4,25.3
1783923316.728,62.4,25.3
1783923317.753,62.4,25.3
1783923318.783,62.5,25.3
1783923319.809,62.5,25.3
1783923320.843,62.5,25.3
1783923321.877,62.5,25.3
1783923322.911,62.6,25.3
1783923323.945,62.6,25.3
1783923324.979,62.6,25.3
1783923326.013,62.6,25.3
1783923327.047,62.6,25.3
1783923328.08,62.6,25.3
1783923329.114,62.6,25.3
1783923330.148,62.6,25.3
1783923331.182,62.6,25.3
1783923332.215,62.6,25.3
1783923333.248,62.6,25.3
1783923334.282,62.5,25.3
1783923335.316,62.5,25.3
1783923336.35,62.5,25.3
1783923337.384,62.6,25.3
1783923338.419,62.6,25.3
1783923339.455,62.6,25.3
1783923340.48,62.6,25.3
1783923341.505,62.7,25.3
1783923342.542,62.7,25.3
1783923343.576,62.7,25.3
1783923344.602,62.8,25.3
1783923345.627,62.8,25.3
1783923346.652,62.8,25.3
1783923347.678,62.9,25.3
1783923348.712,62.9,25.3
1783923349.747,62.9,25.3
1783923350.772,62.9,25.4
1783923351.798,62.9,25.3
1783923352.822,62.9,25.3
1783923353.848,63.0,25.3
1783923354.873,63.0,25.3
1783923355.899,63.0,25.3
1783923356.923,63.0,25.3
1783923357.95,63.0,25.3
1783923358.975,63.0,25.3
1783923360.004,63.0,25.3
1783923361.073,63.0,25.4
1783923362.211,63.0,25.3
1783923363.306,63.0,25.3
1783923364.344,63.0,25.3
1783923365.424,63.0,25.3
1783923366.451,63.0,25.3
1783923367.484,63.1,25.3
1783923368.518,63.1,25.3
1783923369.552,63.1,25.3
1783923370.577,63.1,25.3
1783923371.611,63.1,25.3
1783923372.636,63.1,25.3
1783923373.661,63.1,25.3
1783923374.695,63.1,25.3
1783923375.722,63.1,25.3
1783923376.749,63.2,25.3
1783923377.775,63.2,25.3
1783923378.81,63.2,25.3
1783923379.844,63.2,25.3
1783923380.869,63.3,25.3
1783923381.894,63.3,25.3
1783923382.919,63.3,25.3
1783923383.946,63.4,25.3
1783923384.98,63.4,25.3
1783923386.014,63.4,25.3
1783923387.039,63.4,25.3
1783923388.063,63.4,25.4
1783923389.088,63.4,25.3
1783923390.114,63.4,25.4
1783923391.149,63.4,25.3
1783923392.183,63.4,25.4
1783923393.216,63.4,25.3
1783923394.253,63.4,25.3
1783923395.289,63.4,25.3
1783923396.315,63.5,25.3
1783923397.343,63.5,25.3
1783923398.376,63.5,25.3
1783923399.409,63.5,25.3
1783923400.442,63.4,25.3
1783923401.475,63.5,25.4
1783923402.508,63.5,25.3
1783923403.54,63.5,25.3
1783923404.564,63.5,25.3
1783923405.589,63.6,25.4
1783923406.613,63.6,25.3
1783923407.636,63.6,25.3
1783923408.66,63.6,25.3
1783923409.683,63.6,25.3
1783923410.707,63.7,25.3
1783923411.731,63.7,25.3
1783923412.756,63.8,25.3
1783923413.79,63.8,25.3
1783923414.816,63.8,25.3
1783923415.843,63.9,25.3
1783923416.876,63.9,25.3
1783923417.91,63.9,25.4
1783923418.944,63.9,25.4
1783923419.978,63.9,25.3
1783923421.014,64.0,25.4
1783923422.048,64.0,25.4
1783923423.083,64.0,25.3
1783923424.118,64.0,25.3
1783923425.153,64.0,25.3
1783923426.188,64.0,25.4
1783923427.229,63.9,25.3
1783923428.663,64.0,25.4
1783923429.775,64.0,25.4
1783923430.877,64.0,25.3
1783923432.001,64.0,25.4
1783923433.063,64.0,25.4
1783923434.106,64.0,25.4
1783923435.215,64.0,25.3
1783923436.336,64.0,25.4
1783923437.436,63.9,25.4
1783923438.461,64.0,25.4
1783923439.486,63.9,25.4
1783923440.511,63.9,25.3
1783923441.539,63.9,25.4
1783923442.566,63.9,25.4
1783923443.594,63.9,25.4
1783923444.627,63.9,25.3
1783923445.661,63.9,25.4
1783923446.695,63.9,25.4
1783923447.73,63.9,25.4
1783923448.757,63.9,25.4
1783923449.791,63.9,25.4
1783923450.825,63.8,25.4
1783923451.86,63.8,25.4
1783923452.892,63.8,25.4
1783923453.924,63.7,25.4
1783923454.957,63.7,25.4
1783923455.989,63.7,25.4
1783923457.023,63.7,25.4
1783923458.056,63.6,25.4
1783923459.088,63.6,25.4
1783923460.121,63.6,25.4
1783923461.156,63.5,25.4
1783923462.192,63.6,25.4
1783923463.219,63.5,25.4
1783923464.246,63.5,25.4
1783923465.279,63.5,25.4
1783923466.312,63.4,25.4
1783923467.344,63.3,25.4
1783923468.376,63.3,25.4
1783923469.4,63.2,25.4
1783923470.426,63.1,25.4
1783923471.461,63.1,25.4
1783923472.495,63.1,25.4
1783923473.52,63.0,25.4
1783923474.554,63.1,25.4
1783923475.579,63.0,25.4
1783923476.614,63.0,25.4
1783923477.648,63.0,25.4
1783923478.682,63.0,25.4
1783923479.716,63.0,25.4
1783923480.751,63.0,25.4
1783923481.775,63.1,25.4
1783923482.81,63.1,25.4
1783923483.836,63.1,25.4
1783923484.863,63.1,25.4
1783923485.896,63.1,25.4
1783923486.92,63.1,25.4
1783923487.949,63.1,25.4
1783923488.972,63.1,25.4
1783923489.996,63.1,25.4
1783923491.022,63.1,25.4
1783923492.047,63.2,25.4
1783923493.072,63.2,25.4
1783923494.1,63.2,25.4
1783923495.134,63.2,25.4
1783923496.168,63.2,25.4
1783923497.203,63.2,25.4
1783923498.262,63.2,25.4
1783923502.608,63.1,25.4
1783923503.66,63.1,25.4
1783923504.697,63.1,25.4
1783923505.726,63.1,25.4
1783923506.766,63.0,25.4
1783923507.796,63.0,25.5
1783923508.826,63.0,25.4
1783923509.856,62.9,25.4
1783923510.886,62.9,25.4
1783923511.916,62.9,25.4
1783923512.946,62.9,25.4
1783923513.976,62.9,25.4
1783923515.006,62.9,25.4
1783923516.036,62.8,25.4
1783923517.073,62.8,25.4
1783923518.111,62.8,25.4
1783923519.15,62.8,25.4
1783923520.182,62.7,25.5
1783923521.213,62.7,25.4
1783923522.251,62.7,25.5
1783923523.289,62.6,25.5
1783923524.327,62.6,25.4
1783923525.365,62.6,25.4
1783923526.404,62.5,25.5
1783923527.443,62.5,25.5
1783923528.481,62.5,25.5
1783923529.519,62.4,25.4
1783923530.557,62.4,25.5
1783923531.585,62.4,25.5
1783923532.623,62.4,25.5
1783923533.66,62.4,25.5
1783923534.699,62.3,25.5
1783923535.737,62.3,25.5
1783923536.766,62.3,25.5
1783923537.803,62.3,25.5
1783923538.841,62.2,25.5
1783923539.879,62.2,25.5
1783923540.908,62.2,25.5
1783923541.94,62.2,25.5
1783923542.978,62.2,25.5
1783923544.007,62.2,25.5
1783923545.038,62.2,25.5
1783923546.068,62.2,25.5
1783923547.105,62.2,25.5
1783923548.144,62.2,25.5
1783923549.172,62.2,25.5
1783923550.202,62.1,25.5
1783923551.239,62.1,25.5
1783923552.276,62.0,25.5
1783923553.313,61.9,25.5
1783923554.35,61.8,25.5
1783923555.386,61.8,25.5
1783923556.424,61.8,25.5
1783923557.452,61.7,25.5
1783923558.48,61.7,25.5
1783923559.516,61.7,25.5
1783923560.553,61.7,25.5
1783923561.583,61.8,25.5
1783923562.611,61.8,25.5
1783923563.767,61.8,25.5
1783923564.991,61.6,25.5
1783923566.074,61.5,25.5
1783923567.169,61.4,25.5
1783923568.262,61.3,25.5
1783923569.357,61.2,25.5
1783923570.717,61.2,25.5
1783923571.831,61.1,25.5
1783923572.907,61.1,25.5
1783923574.033,61.1,25.5
1783923575.104,61.1,25.5
1783923576.189,61.1,25.5
1783923577.29,61.1,25.5
1783923578.395,61.1,25.5
1783923579.536,61.2,25.5
1783923580.787,61.2,25.5
1783923581.895,61.2,25.5
1783923582.969,61.2,25.5
1783923584.162,61.2,25.5
1783923585.272,61.2,25.5
1783923586.331,61.1,25.5
1783923587.433,61.1,25.6
1783923588.59,61.1,25.6
1783923589.675,61.2,25.6
1783923590.828,61.2,25.5
1783923591.903,61.1,25.5
1783923592.953,61.1,25.6
1783923594.043,61.1,25.6
1783923595.216,61.1,25.6
1783923596.313,61.0,25.5
1783923597.376,61.0,25.6
1783923598.445,60.8,25.5
1783923599.554,60.7,25.6
1783923600.624,60.5,25.6
1783923601.672,60.3,25.6
1783923602.775,60.2,25.6
1783923603.809,60.2,25.5
1783923604.835,60.2,25.6
1783923605.86,60.1,25.6
1783923606.886,60.1,25.6
1783923607.92,60.1,25.6
1783923608.954,60.1,25.6
1783923609.978,60.1,25.6
1783923611.012,60.1,25.6
1783923612.046,60.2,25.6
1783923613.071,60.2,25.6
1783923614.106,60.2,25.6
1783923615.14,60.2,25.6
1783923616.175,60.1,25.6
1783923617.21,60.2,25.6
1783923618.235,60.2,25.6
1783923619.26,60.2,25.6
1783923620.295,60.2,25.6
1783923621.33,60.2,25.6
1783923622.364,60.2,25.6
1783923623.399,60.2,25.6
1783923624.435,60.2,25.6
1783923625.471,60.1,25.6
1783923626.502,60.1,25.6
1783923627.531,60.0,25.6
1783923628.566,60.0,25.6
1783923629.592,60.0,25.6
1783923630.616,60.0,25.6
1783923631.641,60.0,25.6
1783923632.667,60.0,25.6
1783923633.692,60.0,25.6
1783923634.718,60.0,25.6
1783923635.743,59.9,25.6
1783923636.768,59.9,25.6
1783923637.794,59.8,25.6
1783923638.828,59.7,25.6
1783923639.863,59.7,25.6
1783923640.888,59.6,25.6
1783923641.913,59.6,25.6
1783923642.94,59.6,25.6
1783923643.965,59.6,25.6
1783923644.991,59.6,25.6
1783923646.018,59.5,25.6
1783923647.053,59.5,25.6
1783923648.087,59.6,25.6
1783923649.122,59.6,25.6
1783923650.156,59.6,25.6
1783923651.181,59.6,25.6
1783923652.216,59.6,25.6
1783923653.251,59.6,25.6
1783923654.284,59.5,25.6
1783923655.319,59.5,25.6
1783923656.354,59.5,25.6
1783923657.388,59.4,25.6
1783923658.423,59.4,25.6
1783923659.457,59.4,25.6
1783923660.483,59.4,25.6
1783923661.517,59.4,25.6
1783923662.558,59.4,25.6
1783923663.715,59.4,25.6
1783923664.867,59.4,25.6
1783923665.99,59.4,25.6
1783923667.112,59.3,25.6
1783923668.208,59.3,25.6
1783923669.332,59.3,25.6
1783923670.436,59.3,25.6
1783923671.481,59.3,25.6
1783923676.6,59.2,25.6
1783923677.664,59.1,25.6
1783923678.801,59.1,25.6
1783923679.873,59.1,25.6
1783923681.023,59.0,25.6
1783923682.126,59.0,25.6
1783923683.21,59.0,25.6
1783923684.356,59.0,25.6
1783923685.459,59.0,25.6
1783923686.507,59.0,25.6
1783923687.585,59.0,25.6
1783923688.704,58.9,25.6
1783923689.773,58.9,25.7
1783923690.855,58.8,25.6
1783923691.907,58.8,25.7
1783923692.988,58.7,25.7
1783923694.112,58.6,25.7
1783923695.182,58.6,25.7
1783923696.336,58.5,25.6
1783923697.444,58.5,25.7
1783923698.507,58.5,25.7
1783923699.63,58.4,25.7
1783923700.735,58.5,25.7
1783923701.9,58.4,25.6
1783923703.024,58.5,25.7
1783923704.314,58.4,25.7
1783923705.458,58.5,25.6
1783923706.563,58.5,25.7
1783923707.66,58.5,25.7
1783923708.797,58.5,25.6
1783923709.908,58.5,25.7
1783923711.061,58.5,25.7
1783923712.168,58.5,25.7
1783923713.312,58.5,25.7
1783923714.377,58.4,25.6
1783923715.433,58.4,25.7
1783923716.544,58.3,25.7
1783923717.651,58.2,25.7
1783923718.797,58.1,25.6
1783923719.905,58.0,25.7
1783923721.025,57.9,25.7
1783923722.141,57.8,25.7
1783923723.266,57.6,25.7
1783923724.375,57.5,25.7
1783923725.481,57.5,25.7
1783923726.582,57.4,25.6
1783923727.695,57.4,25.7
1783923728.785,57.3,25.7
1783923729.962,57.3,25.7
1783923731.358,57.3,25.7
1783923732.477,57.2,25.7
1783923733.606,57.2,25.6
1783923734.757,57.2,25.7
1783923735.824,57.1,25.7
1783923736.913,57.1,25.7
1783923738.088,57.1,25.7
1783923739.139,57.1,25.7
1783923740.304,57.1,25.7
1783923741.431,57.1,25.7
1783923742.551,57.1,25.7
1783923743.654,57.1,25.7
1783923744.687,57.1,25.7
1783923745.719,57.1,25.7
1783923746.747,57.1,25.7
1783923747.78,57.1,25.7
1783923748.855,57.1,25.7
1783923749.983,57.1,25.7
1783923751.105,57.0,25.7
1783923752.185,57.0,25.7
1783923753.308,56.9,25.7
1783923754.446,56.8,25.7
1783923755.563,56.8,25.7
1783923756.613,56.7,25.7
1783923757.707,56.7,25.7
1783923758.787,56.6,25.7
1783923759.919,56.6,25.7
1783923760.999,56.5,25.7
1783923762.354,56.4,25.7
1783923763.494,56.4,25.7
1783923764.588,56.4,25.7
1783923765.671,56.4,25.7
1783923766.76,56.4,25.7
1783923767.831,56.5,25.7
1783923768.962,56.5,25.7
1783923770.168,56.5,25.7
1783923771.274,56.5,25.7
1783923772.369,56.6,25.7
1783923773.509,56.6,25.7
1783923774.616,56.6,25.7
1783923775.742,56.6,25.7
1783923776.838,56.6,25.7
1783923777.963,56.6,25.7
1783923779.1,56.6,25.7
1783923780.2,56.6,25.7
1783923781.305,56.6,25.7
1783923782.393,56.5,25.7
1783923783.497,56.5,25.7
1783923784.543,56.4,25.7
1783923785.612,56.3,25.7
1783923786.69,56.3,25.7
1783923787.813,56.3,25.7
1783923788.914,56.3,25.7
1783923789.992,56.3,25.7
1783923791.078,56.3,25.7
1783923792.158,56.3,25.7
1783923793.307,56.3,25.7
1783923794.436,56.3,25.7
1783923795.502,56.3,25.7
1783923796.646,56.3,25.7
1783923797.793,56.3,25.7
1783923798.963,56.3,25.7
1783923800.069,56.3,25.7
1783923801.168,56.3,25.7
1783923802.303,56.3,25.7
1783923803.387,56.2,25.7
1783923804.666,56.2,25.7
1783923805.77,56.2,25.7
1783923806.832,56.2,25.7
1783923807.904,56.1,25.7
1783923809.086,56.1,25.7
1783923810.188,56.0,25.7
1783923811.291,56.0,25.7
1783923812.673,56.0,25.7
1783923813.746,55.9,25.7
1783923814.772,55.9,25.7
1783923815.796,55.9,25.7
1783923816.82,55.9,25.7
1783923817.846,55.9,25.7
1783923818.889,55.8,25.7
1783923820.017,55.8,25.7
1783923821.11,55.7,25.7
1783923822.256,55.7,25.7
1783923823.381,55.7,25.7
1783923824.472,55.7,25.7
1783923825.596,55.7,25.7
1783923826.641,55.7,25.7
1783923827.727,55.7,25.7
1783923828.843,55.7,25.7
1783923829.999,55.7,25.7
1783923831.09,55.7,25.7
1783923832.176,55.7,25.7
1783923833.289,55.7,25.7
1783923834.391,55.7,25.7
1783923835.533,55.7,25.7
1783923836.609,55.7,25.7
1783923837.68,55.7,25.7
1783923838.794,55.7,25.7
1783923839.859,55.6,25.8
1783923841.001,55.6,25.7
1783923842.205,55.7,25.7
1783923843.406,55.6,25.7
1783923844.507,55.6,25.7
1783923845.628,55.6,25.7
1783923846.788,55.6,25.7
1783923847.885,55.5,25.7
1783923849.036,55.5,25.7
1783923850.172,55.5,25.7
1783923851.504,55.4,25.7
1783923852.623,55.3,25.7
1783923853.719,55.2,25.7
1783923854.862,55.1,25.7
1783923855.957,55.1,25.7
1783923857.018,55.1,25.7
1783923858.116,55.1,25.7
1783923859.198,55.1,25.8
1783923860.243,55.1,25.8
1783923861.329,55.0,25.7
1783923862.433,55.0,25.7
1783923863.534,55.1,25.7
1783923864.645,55.0,25.7
1783923865.767,55.1,25.7
1783923867.098,55.1,25.7
1783923868.239,55.1,25.7
1783923869.33,55.1,25.8
1783923870.454,55.1,25.8
1783923871.58,55.1,25.7
1783923872.642,55.2,25.7
1783923873.766,55.2,25.8
1783923874.834,55.2,25.8
1783923875.929,55.2,25.7
1783923877.027,55.2,25.7
1783923878.067,55.2,25.8
1783923879.128,55.2,25.8
1783923880.193,55.2,25.7
1783923881.338,55.2,25.8
1783923882.438,55.2,25.7
1783923883.538,55.3,25.7
1783923884.644,55.3,25.8
1783923885.766,55.3,25.7
1783923886.814,55.4,25.8
1783923887.84,55.4,25.8
1783923888.869,55.4,25.8
1783923889.896,55.4,25.8
1783923890.921,55.5,25.8
1783923891.968,55.5,25.8
1783923893.069,55.5,25.8
1783923894.218,55.5,25.8
1783923895.301,55.5,25.8
1783923896.428,55.6,25.8
1783923897.522,55.6,25.8
1783923898.66,55.6,25.8
1783923899.737,55.6,25.8
1783923900.811,55.7,25.8
1783923901.867,55.7,25.8
1783923903.0,55.7,25.8
1783923904.118,55.7,25.8
1783923905.256,55.7,25.8
1783923906.37,55.8,25.8
1783923907.483,55.8,25.8
1783923908.554,55.8,25.8
1783923909.683,55.9,25.8
1783923910.859,55.9,25.8
1783923911.932,55.9,25.8
1783923912.986,56.0,25.8
1783923914.135,56.0,25.8
1783923915.241,56.1,25.8
1783923916.315,56.1,25.8
1783923917.43,56.1,25.8
1783923918.557,56.1,25.8
1783923919.685,56.1,25.8
1783923920.866,56.1,25.8
1783923922.006,56.1,25.8
1783923923.123,56.2,25.8
1783923924.243,56.2,25.8
1783923925.383,56.2,25.8
1783923926.602,56.2,25.8
1783923927.678,56.2,25.8
1783923928.724,56.2,25.8
1783923929.814,56.3,25.8
1783923930.963,56.2,25.8
1783923932.098,56.3,25.8
1783923933.192,56.3,25.8
1783923934.297,56.3,25.8
1783923935.424,56.4,25.8
1783923936.485,56.4,25.8
1783923937.646,56.4,25.8
1783923938.754,56.4,25.8
1783923939.935,56.5,25.8
1783923941.073,56.5,25.8
1783923942.204,56.5,25.8
1783923943.364,56.5,25.8
1783923944.617,56.5,25.8
1783923945.744,56.5,25.8
1783923946.854,56.5,25.8
1783923947.941,56.5,25.8
1783923949.082,56.5,25.8
1783923950.128,56.5,25.8
1783923951.214,56.5,25.8
1783923952.316,56.6,25.8
1783923953.387,56.6,25.8
1783923954.479,56.6,25.8
1783923955.566,56.7,25.8
1783923956.719,56.7,25.8
1783923957.8,56.7,25.8
1783923958.834,56.8,25.8
1783923959.868,56.8,25.8
1783923960.902,56.8,25.8
1783923961.936,56.8,25.8
1783923962.998,56.9,25.8
1783923964.118,56.9,25.8
1783923965.254,56.9,25.8
1783923966.34,56.9,25.8
1783923967.45,56.9,25.8
1783923968.588,56.9,25.8
1783923969.829,56.9,25.8
1783923970.938,56.9,25.8
1783923972.016,56.9,25.8
1783923973.105,56.9,25.8
1783923974.214,57.0,25.8
1783923975.326,57.0,25.9
1783923976.451,57.0,25.8
1783923977.579,57.0,25.9
1783923978.695,57.0,25.9
1783923979.846,57.1,25.8
1783923980.979,57.1,25.8
1783923982.063,57.1,25.9
1783923983.173,57.1,25.8
1783923984.257,57.1,25.8
1783923985.403,57.2,25.9
1783923986.472,57.2,25.8
1783923987.605,57.2,25.9
1783923988.68,57.2,25.9
1783923989.818,57.2,25.9
1783923990.929,57.2,25.9
1783923992.147,57.1,25.9
1783923993.252,57.1,25.9
1783923994.393,57.1,25.9
1783923995.481,57.1,25.9
1783923996.636,57.1,25.9
1783923997.735,57.1,25.9
1783923998.859,57.1,25.9
1783923999.915,57.1,25.8
1783924000.987,57.1,25.9
1783924002.086,57.1,25.9
1783924003.195,57.1,25.9
1783924004.44,57.1,25.9
1783924005.513,57.2,25.9
1783924006.598,57.2,25.9
1783924007.681,57.2,25.9
1783924008.786,57.2,25.9
1783924010.095,57.3,25.9
1783924011.206,57.3,25.9
1783924012.295,57.3,25.9
1783924013.39,57.3,25.9
1783924014.57,57.4,25.9
1783924015.647,57.4,25.9
1783924016.768,57.4,25.9
1783924017.847,57.5,25.9
1783924018.952,57.6,25.9
1783924020.078,57.6,25.9
1783924021.174,57.6,25.9
1783924022.251,57.6,25.9
1783924023.388,57.7,25.9
1783924024.476,57.7,25.9
1783924025.623,57.7,25.9
1783924026.758,57.7,25.9
1783924027.856,57.6,25.9
1783924028.954,57.7,25.9
1783924029.989,57.6,25.9
1783924031.024,57.6,25.9
1783924032.051,57.6,25.9
1783924033.076,57.6,25.9
1783924034.127,57.6,25.9
1783924035.326,57.6,25.9
1783924036.622,57.6,25.9
1783924037.71,57.6,25.9
1783924038.82,57.6,25.9
1783924039.923,57.6,25.9
1783924041.059,57.6,25.9
1783924042.157,57.6,25.9
1783924043.286,57.6,25.9
1783924044.45,57.7,25.9
1783924045.568,57.7,25.9
1783924046.669,57.7,25.9
1783924047.939,57.7,25.9
1783924049.074,57.7,25.9
1783924050.167,57.7,25.9
1783924051.255,57.8,25.9
1783924052.358,57.8,26.0
1783924053.432,57.8,25.9
1783924054.529,57.8,26.0
1783924055.602,57.9,25.9
1783924056.687,57.9,26.0
1783924057.781,57.9,26.0
1783924058.832,57.9,26.0
1783924059.922,57.9,26.0
1783924061.07,57.9,26.0
1783924062.238,57.9,26.0
1783924063.359,57.9,26.0
1783924064.547,57.9,25.9
1783924065.606,57.9,26.0
1783924066.724,57.9,26.0
1783924067.823,57.9,26.0
1783924068.934,57.9,26.0
1783924070.06,57.9,26.0
1783924071.199,57.9,26.0
1783924072.311,57.9,26.0
1783924073.397,57.9,26.0
1783924074.533,57.9,26.0
1783924075.595,57.9,26.0
1783924076.769,57.9,26.0
1783924077.896,57.9,26.0
1783924079.069,57.9,26.0
1783924080.322,57.9,26.0
1783924081.465,58.0,26.0
1783924082.542,58.0,26.0
1783924083.606,58.0,26.0
1783924084.705,58.0,26.0
1783924085.784,58.0,26.0
1783924086.85,58.0,26.0
1783924088.026,58.1,26.0
1783924089.16,58.1,26.0
1783924090.184,58.1,26.0
1783924091.218,58.1,26.0
1783924092.253,58.1,26.0
1783924093.288,58.2,26.0
1783924094.342,58.2,26.0
1783924095.384,58.2,26.0
1783924096.417,58.2,26.0
1783924097.45,58.2,26.0
1783924098.482,58.2,26.0
1783924099.516,58.2,26.0
1783924100.55,58.2,26.0
1783924101.583,58.2,26.0
1783924102.616,58.3,26.0
1783924103.65,58.3,26.0
1783924104.684,58.3,26.0
1783924105.719,58.3,26.0
1783924106.754,58.3,26.0
1783924107.783,58.4,26.0
1783924108.811,58.4,26.0
1783924109.838,58.4,26.0
1783924110.872,58.4,26.0
1783924111.905,58.4,26.0
1783924112.939,58.4,26.1
1783924113.973,58.4,26.0
1783924115.008,58.4,26.0
1783924116.042,58.4,26.0
1783924117.076,58.4,26.0
1783924118.111,58.4,26.0
1783924119.144,58.5,26.1
1783924120.168,58.5,26.1
1783924121.191,58.5,26.1
1783924122.215,58.5,26.1
1783924123.239,58.5,26.1
1783924124.267,58.6,26.0
1783924125.292,58.6,26.1
1783924126.316,58.6,26.1
1783924127.342,58.6,26.1
1783924128.371,58.6,26.1
1783924129.402,58.6,26.1
1783924130.428,58.6,26.1
1783924131.461,58.6,26.1
1783924132.486,58.6,26.1
1783924133.512,58.5,26.1
1783924134.546,58.6,26.1
1783924135.58,58.6,26.1
1783924136.606,58.6,26.1
1783924137.64,58.6,26.1
1783924138.668,58.6,26.1
1783924139.703,58.6,26.1
1783924140.736,58.6,26.1
1783924141.77,58.6,26.1
1783924142.803,58.6,26.1
1783924143.837,58.7,26.1
1783924144.872,58.7,26.1
1783924145.906,58.7,26.1
1783924146.94,58.7,26.1
1783924147.976,58.7,26.1
1783924149.007,58.7,26.1
1783924150.032,58.7,26.1
1783924151.066,58.7,26.1
1783924152.099,58.7,26.1
1783924153.133,58.7,26.1
1783924154.168,58.7,26.1
1783924155.195,58.7,26.1
1783924156.228,58.7,26.1
1783924157.262,58.7,26.1
1783924158.296,58.7,26.1
1783924159.33,58.7,26.1
1783924160.364,58.7,26.1
1783924161.398,58.7,26.1
1783924162.425,58.7,26.1
1783924163.45,58.7,26.1
1783924164.476,58.7,26.1
1783924165.5,58.7,26.1
1783924166.535,58.7,26.1
1783924167.569,58.7,26.1
1783924168.606,58.7,26.1
1783924169.631,58.7,26.1
1783924170.657,58.7,26.1
1783924171.691,58.7,26.1
1783924172.724,58.7,26.1
1783924173.758,58.7,26.2
1783924174.793,58.7,26.1
1783924175.826,58.7,26.1
1783924176.851,58.7,26.2
1783924177.877,58.7,26.1
1783924178.902,58.7,26.2
1783924179.927,58.7,26.2
1783924180.952,58.7,26.2
1783924181.977,58.7,26.1
1783924183.003,58.7,26.1
1783924184.04,58.7,26.2
1783924185.074,58.7,26.2
1783924186.109,58.7,26.2
1783924187.143,58.7,26.2
1783924188.176,58.7,26.2
1783924189.202,58.8,26.2
1783924190.229,58.8,26.2
1783924191.264,58.8,26.2
1783924192.298,58.8,26.2
1783924193.332,58.9,26.2
1783924194.366,58.9,26.2
1783924195.4,58.9,26.2
1783924196.434,58.9,26.2
1783924197.459,58.9,26.2
1783924198.492,58.9,26.2
1783924199.527,58.9,26.2
1783924200.561,58.9,26.2
1783924201.595,58.9,26.2
1783924202.619,58.9,26.2
1783924203.653,58.9,26.2
1783924204.687,58.9,26.2
1783924205.722,58.9,26.2
1783924206.748,58.9,26.2
1783924207.773,58.8,26.2
1783924208.799,58.8,26.2
1783924209.828,58.8,26.2
1783924210.855,58.8,26.2
1783924211.889,58.8,26.2
1783924212.924,58.8,26.2
1783924213.959,58.8,26.2
1783924215.029,58.7,26.2
1783924216.144,58.7,26.2
1783924217.168,58.7,26.2
1783924218.192,58.7,26.2
1783924219.225,58.7,26.2
1783924220.259,58.7,26.2
1783924221.293,58.7,26.2
1783924222.317,58.7,26.2
1783924223.343,58.7,26.2
1783924224.368,58.7,26.2
1783924225.392,58.7,26.2
1783924226.417,58.7,26.2
1783924227.444,58.7,26.2
1783924228.471,58.7,26.2
1783924229.498,58.6,26.2
1783924230.526,58.6,26.2
1783924231.561,58.6,26.2
1783924232.596,58.6,26.2
1783924233.63,58.6,26.2
1783924234.665,58.6,26.2
1783924235.699,58.6,26.2
1783924236.734,58.5,26.2
1783924237.768,58.5,26.2
1783924238.8,58.5,26.2
1783924239.832,58.5,26.3
1783924240.865,58.5,26.2
1783924241.898,58.5,26.3
1783924242.931,58.5,26.2
1783924243.964,58.5,26.2
1783924244.996,58.4,26.2
1783924246.029,58.5,26.2
1783924247.064,58.4,26.3
1783924248.097,58.4,26.3
1783924249.13,58.4,26.3
1783924250.158,58.4,26.3
1783924251.185,58.4,26.3
1783924252.216,58.4,26.3
1783924253.248,58.4,26.3
1783924254.272,58.4,26.3
1783924255.297,58.3,26.2
1783924256.32,58.3,26.3
1783924257.355,58.3,26.3
1783924258.388,58.3,26.3
1783924259.412,58.3,26.3
1783924260.436,58.3,26.3
1783924261.468,58.2,26.3
1783924262.495,58.2,26.2
1783924263.519,58.1,26.3
1783924264.544,58.1,26.2
1783924265.568,58.0,26.3
1783924266.599,58.0,26.3
1783924267.623,58.0,26.3
1783924268.649,58.0,26.3
1783924269.677,58.0,26.2
1783924270.703,57.9,26.3
1783924271.736,57.9,26.3
1783924272.769,57.8,26.3
1783924273.812,57.8,26.3
1783924274.836,57.8,26.3
1783924275.859,57.8,26.3
1783924276.883,57.7,26.3
1783924277.906,57.7,26.3
1783924278.93,57.6,26.3
1783924279.955,57.6,26.3
1783924280.988,57.6,26.3
1783924282.02,57.5,26.3
1783924283.053,57.4,26.3
1783924284.085,57.4,26.3
1783924285.119,57.3,26.3
1783924286.154,57.2,26.3
1783924287.185,57.2,26.3
1783924288.219,57.1,26.3
1783924289.252,57.0,26.3
1783924290.278,57.0,26.3
1783924291.303,57.0,26.3
1783924292.336,57.0,26.3
1783924293.368,57.0,26.3
1783924294.4,57.0,26.3
1783924295.434,57.0,26.3
1783924296.468,57.0,26.3
1783924297.495,57.0,26.3
1783924298.52,57.0,26.3
1783924299.545,57.0,26.3
1783924300.57,57.0,26.3
1783924301.604,57.1,26.3
1783924302.638,57.0,26.3
1783924303.672,57.0,26.3
1783924304.707,57.1,26.3
1783924305.74,57.0,26.3
1783924306.765,57.0,26.3
1783924307.8,57.0,26.3
1783924308.835,57.0,26.3
1783924309.862,57.0,26.3
1783924310.887,56.9,26.3
1783924311.911,56.9,26.3
1783924312.936,56.9,26.3
1783924313.961,56.9,26.3
1783924314.996,56.8,26.3
1783924316.03,56.8,26.3
1783924317.055,56.8,26.3
1783924318.082,56.8,26.3
1783924319.118,56.8,26.3
1783924320.152,56.8,26.3
1783924321.186,56.8,26.3
1783924322.22,56.7,26.3
1783924323.254,56.7,26.3
1783924324.29,56.7,26.3
1783924325.321,56.7,26.3
1783924326.345,56.8,26.3
1783924327.371,56.7,26.3
1783924328.398,56.7,26.3
1783924329.425,56.7,26.3
1783924330.454,56.6,26.3
1783924331.481,56.6,26.3
1783924332.506,56.6,26.3
1783924333.533,56.5,26.3
1783924334.567,56.5,26.3
1783924335.601,56.5,26.3
1783924336.636,56.4,26.3
1783924337.672,56.4,26.3
1783924338.707,56.4,26.3
1783924339.741,56.4,26.3
1783924340.767,56.4,26.3
1783924341.792,56.4,26.3
1783924342.818,56.4,26.3
1783924343.842,56.4,26.3
1783924344.868,56.4,26.3
1783924345.902,56.4,26.3
1783924346.937,56.3,26.3
1783924347.971,56.2,26.3
1783924349.008,56.1,26.3
1783924350.04,56.0,26.3
1783924351.065,55.9,26.3
1783924352.099,55.8,26.3
1783924353.135,55.7,26.3
1783924354.16,55.7,26.3
1783924355.185,55.7,26.3
1783924356.22,55.6,26.3
1783924357.255,55.6,26.3
1783924358.288,55.6,26.3
1783924359.312,55.6,26.3
1783924360.336,55.7,26.3
1783924361.368,55.6,26.3
1783924362.4,55.7,26.3
1783924363.424,55.6,26.3
1783924364.456,55.6,26.3
1783924365.488,55.6,26.3
1783924366.522,55.6,26.3
1783924367.555,55.6,26.3
1783924368.587,55.6,26.3
1783924369.621,55.5,26.3
1783924370.644,55.5,26.3
1783924371.67,55.4,26.3
1783924372.702,55.3,26.3
1783924373.735,55.2,26.3
1783924374.768,55.2,26.3
1783924375.802,55.2,26.3
1783924376.836,55.1,26.3
1783924377.871,55.1,26.4
1783924378.904,55.1,26.3
1783924379.93,55.2,26.4
1783924380.955,55.2,26.4
1783924381.98,55.1,26.3
1783924383.006,55.1,26.3
1783924384.031,55.2,26.3
1783924385.055,55.1,26.3
1783924386.08,55.1,26.4
1783924387.104,55.1,26.3
1783924388.129,55.1,26.3
1783924389.158,55.1,26.3
1783924390.186,55.0,26.3
1783924391.212,55.0,26.3
1783924392.236,55.0,26.3
1783924393.271,55.0,26.3
1783924394.304,55.0,26.3
1783924395.328,55.0,26.4
1783924396.353,55.0,26.3
1783924397.377,55.0,26.3
1783924398.412,55.0,26.3
1783924399.445,55.1,26.3
1783924400.479,55.1,26.3
1783924401.504,55.1,26.4
1783924402.538,55.0,26.3
1783924403.562,55.0,26.3
1783924404.596,55.0,26.4
1783924405.631,55.0,26.3
1783924406.656,54.9,26.3
1783924407.683,54.9,26.3
1783924408.707,54.9,26.3
1783924409.737,54.8,26.4
1783924410.763,54.8,26.3
1783924411.789,54.8,26.4
1783924412.816,54.7,26.3
1783924413.851,54.6,26.3
1783924414.885,54.6,26.4
1783924415.919,54.6,26.4
1783924416.953,54.6,26.3
1783924417.988,54.6,26.4
1783924419.022,54.6,26.4
1783924420.055,54.6,26.3
1783924421.089,54.6,26.4
1783924422.123,54.6,26.4
1783924423.158,54.6,26.4
1783924424.192,54.6,26.4
1783924425.226,54.6,26.4
1783924426.26,54.5,26.4
1783924430.176,54.5,26.3
1783924431.228,54.5,26.4
1783924432.256,54.4,26.4
1783924433.294,54.4,26.4
1783924434.331,54.3,26.4
1783924435.368,54.3,26.3
1783924436.407,54.3,26.4
1783924437.437,54.2,26.3
1783924438.467,54.1,26.4
1783924439.496,54.0,26.4
1783924440.526,53.9,26.4
1783924441.556,53.8,26.4
1783924442.585,53.8,26.4
1783924443.616,53.8,26.4
1783924444.653,53.8,26.4
1783924445.691,53.8,26.4
1783924446.722,53.8,26.4
1783924447.753,53.8,26.4
1783924448.786,53.7,26.4
1783924449.824,53.8,26.4
1783924450.862,53.8,26.4
1783924451.899,53.8,26.3
1783924452.928,53.8,26.4
1783924453.966,53.8,26.4
1783924455.004,53.8,26.4
1783924456.042,53.8,26.4
1783924457.08,53.9,26.4
1783924458.118,53.9,26.4
1783924459.155,53.9,26.4
1783924460.192,53.9,26.4
1783924461.23,53.9,26.4
1783924462.267,53.9,26.4
1783924463.303,53.8,26.4
1783924464.34,53.8,26.4
1783924465.376,53.8,26.4
1783924466.412,53.7,26.4
1783924467.449,53.7,26.4
1783924468.487,53.6,26.4
1783924469.523,53.5,26.4
1783924470.556,53.5,26.4
1783924471.584,53.4,26.4
1783924472.612,53.4,26.4
1783924473.64,53.4,26.4
1783924474.669,53.4,26.4
1783924475.708,53.5,26.4
1783924476.735,53.5,26.4
1783924477.764,53.4,26.4
1783924478.793,53.4,26.4
1783924479.831,53.3,26.3
1783924480.86,53.2,26.4
1783924481.887,53.2,26.3
1783924482.915,53.2,26.4
1783924483.944,53.2,26.3
1783924484.981,53.2,26.4
1783924486.019,53.2,26.4
1783924487.05,53.2,26.4
1783924488.084,53.2,26.4
1783924489.114,53.2,26.4
1783924490.156,53.2,26.4
1783924491.192,53.2,26.4
1783924492.221,53.2,26.4
1783924493.251,53.2,26.4
1783924494.278,53.2,26.4
1783924495.303,53.2,26.4
1783924496.328,53.2,26.4
1783924497.352,53.1,26.4
1783924498.378,53.1,26.3
1783924499.412,53.0,26.3
1783924500.438,53.0,26.4
1783924501.472,53.0,26.3
1783924502.506,52.9,26.4
1783924503.54,52.9,26.3
1783924504.574,52.9,26.4
1783924505.608,52.9,26.4
1783924506.642,52.9,26.3
1783924507.677,52.9,26.3
1783924508.704,52.9,26.4
1783924509.729,52.8,26.4
1783924510.763,52.8,26.3
1783924511.797,52.7,26.3
1783924512.823,52.8,26.4
1783924513.848,52.8,26.4
1783924514.873,52.8,26.3
1783924515.898,52.8,26.4
1783924516.924,52.7,26.4
1783924517.951,52.7,26.4
1783924518.976,52.7,26.4
1783924520.002,52.7,26.3
1783924521.036,52.7,26.4
1783924522.06,52.7,26.4
1783924523.094,52.7,26.3
1783924524.12,52.7,26.4
1783924525.145,52.7,26.4
1783924526.178,52.7,26.4
1783924527.204,52.6,26.4
1783924528.228,52.6,26.4
1783924529.253,52.5,26.4
1783924530.278,52.5,26.4
1783924531.312,52.5,26.4
1783924532.346,52.5,26.4
1783924533.38,52.4,26.3
1783924534.405,52.3,26.4
1783924535.431,52.3,26.4
1783924536.466,52.3,26.4
1783924537.5,52.3,26.3
1783924538.534,52.3,26.4
1783924539.568,52.4,26.4
1783924540.602,52.4,26.4
1783924541.636,52.4,26.4
1783924542.67,52.4,26.4
1783924543.704,52.4,26.4
1783924544.737,52.4,26.4
1783924545.772,52.3,26.4
1783924546.799,52.3,26.4
1783924547.83,52.4,26.4
1783924548.857,52.4,26.4
1783924549.882,52.4,26.3
1783924550.906,52.4,26.4
1783924551.931,52.4,26.4
1783924552.958,52.4,26.4
1783924553.991,52.3,26.4
1783924555.025,52.3,26.4
1783924556.05,52.2,26.4
1783924557.078,52.2,26.4
1783924558.103,52.2,26.4
1783924559.128,52.1,26.3
1783924560.161,52.1,26.4
1783924561.195,52.2,26.4
1783924562.22,52.3,26.4
1783924563.244,52.3,26.4
1783924564.276,52.3,26.4
1783924565.309,52.4,26.4
1783924566.333,52.4,26.4
1783924567.361,52.4,26.4
1783924568.386,52.4,26.3
1783924569.419,52.4,26.3
1783924570.452,52.5,26.3
1783924571.476,52.5,26.4
1783924572.502,52.5,26.4
1783924573.526,52.6,26.4
1783924574.55,52.6,26.4
1783924575.583,52.6,26.4
1783924576.607,52.6,26.4
1783924577.631,52.6,26.4
1783924578.664,52.6,26.4
1783924579.687,52.6,26.3
1783924580.711,52.7,26.4
1783924581.735,52.7,26.4
1783924582.759,52.8,26.4
1783924583.791,52.8,26.4
1783924584.815,52.8,26.4
1783924585.841,52.8,26.4
1783924586.872,52.8,26.4
1783924587.898,52.9,26.3
1783924588.931,52.9,26.3
1783924589.964,52.8,26.4
1783924590.996,52.9,26.4
1783924592.02,52.9,26.4
1783924593.053,52.9,26.4
1783924594.086,52.9,26.4
1783924595.119,53.0,26.4
1783924596.151,53.0,26.4
1783924597.184,53.0,26.4
1783924598.209,53.1,26.4
1783924599.233,53.1,26.4
1783924600.257,53.1,26.4
1783924601.281,53.2,26.4
1783924602.305,53.2,26.4
1783924603.329,53.3,26.4
1783924604.354,53.3,26.4
1783924605.385,53.3,26.4
1783924606.41,53.4,26.4
1783924607.548,53.4,26.4
1783924608.581,53.5,26.4
1783924609.607,53.5,26.4
1783924610.632,53.5,26.4
1783924611.666,53.5,26.3
1783924612.691,53.5,26.4
1783924613.715,53.5,26.4
1783924614.749,53.6,26.4
1783924615.783,53.6,26.4
1783924616.817,53.6,26.4
1783924617.851,53.6,26.4
1783924618.877,53.7,26.4
1783924619.908,53.7,26.4
1783924620.94,53.8,26.4
1783924621.973,53.8,26.4
1783924623.005,53.8,26.4
1783924624.038,53.8,26.4
1783924625.071,53.8,26.4
1783924626.104,53.8,26.4
1783924627.136,53.8,26.4
1783924628.17,53.8,26.4
1783924629.198,53.9,26.4
1783924630.223,53.9,26.4
1783924631.256,54.0,26.4
1783924632.288,54.0,26.4
1783924633.321,54.1,26.4
1783924634.354,54.1,26.4
1783924635.388,54.1,26.4
1783924636.422,54.2,26.4
1783924637.455,54.3,26.4
1783924638.489,54.3,26.4
1783924639.523,54.3,26.4
1783924640.557,54.4,26.4
1783924641.591,54.4,26.4
1783924642.625,54.4,26.4
1783924643.66,54.4,26.4
1783924644.686,54.4,26.4
1783924645.711,54.5,26.4
1783924646.736,54.4,26.4
1783924647.762,54.4,26.4
1783924648.79,54.5,26.4
1783924649.823,54.5,26.4
1783924650.849,54.5,26.4
1783924651.883,54.5,26.4
1783924652.909,54.5,26.4
1783924653.934,54.6,26.4
1783924654.968,54.6,26.4
1783924655.993,54.6,26.4
1783924657.018,54.6,26.4
1783924658.044,54.6,26.4
1783924659.069,54.6,26.4
1783924660.103,54.6,26.4
1783924661.13,54.6,26.4
1783924662.157,54.6,26.4
1783924663.191,54.6,26.4
1783924664.225,54.5,26.4
1783924665.259,54.5,26.4
1783924666.294,54.5,26.4
1783924667.328,54.5,26.4
1783924668.362,54.5,26.4
1783924669.391,54.5,26.4
1783924670.421,54.5,26.4
1783924671.449,54.5,26.4
1783924672.477,54.5,26.4
1783924673.512,54.5,26.4
1783924674.546,54.5,26.4
1783924675.58,54.5,26.4
1783924676.613,54.4,26.4
1783924677.647,54.5,26.4
1783924678.682,54.5,26.4
1783924679.716,54.5,26.4
1783924680.75,54.5,26.4
1783924681.784,54.5,26.4
1783924682.822,54.6,26.4
1783924683.856,54.6,26.4
1783924684.88,54.6,26.4
1783924685.914,54.6,26.4
1783924686.948,54.7,26.4
1783924687.982,54.7,26.4
1783924689.017,54.7,26.4
1783924690.045,54.7,26.4
1783924691.071,54.7,26.4
1783924692.096,54.7,26.4
1783924693.12,54.8,26.4
1783924694.15,54.8,26.4
1783924695.185,54.8,26.4
1783924696.21,54.7,26.4
1783924697.234,54.8,26.4
1783924698.259,54.8,26.4
1783924699.283,54.8,26.4
1783924700.308,54.8,26.4
1783924701.332,54.8,26.4
1783924702.357,54.8,26.4
1783924703.383,54.9,26.4
1783924704.417,54.9,26.4
1783924705.451,54.9,26.4
1783924706.485,55.0,26.4
1783924707.519,55.0,26.4
1783924708.546,55.0,26.4
1783924709.572,55.0,26.4
1783924710.61,55.1,26.4
1783924711.643,55.1,26.4
1783924712.676,55.1,26.4
1783924713.71,55.1,26.4
1783924714.742,55.1,26.4
1783924715.775,55.1,26.4
1783924716.81,55.1,26.4
1783924717.843,55.1,26.4
1783924718.876,55.1,26.4
1783924719.91,55.1,26.4
1783924720.935,55.2,26.4
1783924721.968,55.1,26.4
1783924723.002,55.2,26.4
1783924724.028,55.2,26.4
1783924725.062,55.2,26.4
1783924726.087,55.2,26.4
1783924727.121,55.2,26.4
1783924728.155,55.2,26.4
1783924729.181,55.2,26.4
1783924730.21,55.3,26.4
1783924731.237,55.2,26.4
1783924732.262,55.3,26.4
1783924733.286,55.3,26.4
1783924734.311,55.3,26.4
1783924735.337,55.4,26.4
1783924736.362,55.4,26.4
1783924737.396,55.5,26.4
1783924738.43,55.5,26.4
1783924739.454,55.6,26.4
1783924740.479,55.6,26.4
1783924741.505,55.6,26.5
1783924742.539,55.7,26.4
1783924743.564,55.7,26.4
1783924744.588,55.8,26.4
1783924745.621,55.8,26.4
1783924746.645,55.8,26.5
1783924747.668,55.7,26.4
1783924748.694,55.8,26.4
1783924749.723,55.8,26.4
1783924750.75,55.8,26.4
1783924751.775,55.8,26.4
1783924752.808,55.8,26.4
1783924753.84,55.8,26.4
1783924754.872,55.8,26.5
1783924755.905,55.8,26.5
1783924756.938,55.8,26.5
1783924757.971,55.8,26.5
1783924759.004,55.8,26.4
1783924760.036,55.9,26.4
1783924761.068,55.9,26.5
1783924762.101,55.9,26.5
1783924763.134,55.9,26.5
1783924764.167,55.9,26.5
1783924765.2,55.8,26.4
1783924766.232,55.9,26.5
1783924767.264,55.8,26.5
1783924768.296,55.9,26.5
1783924769.328,55.9,26.5
1783924770.355,55.9,26.5
1783924771.382,55.9,26.5
1783924772.415,55.9,26.4
1783924773.442,55.9,26.5
1783924774.475,55.9,26.4
1783924775.507,55.9,26.5
1783924776.532,55.9,26.5
1783924777.555,55.9,26.5
1783924778.579,55.9,26.5
1783924779.604,55.9,26.5
1783924780.636,56.0,26.5
1783924781.66,56.0,26.5
1783924782.692,56.0,26.5
1783924783.716,56.0,26.5
1783924784.75,56.0,26.5
1783924785.784,56.1,26.5
1783924786.808,56.1,26.5
1783924787.84,56.1,26.5
1783924788.873,56.1,26.5
1783924789.904,56.2,26.5
1783924790.928,56.2,26.5
1783924791.953,56.2,26.5
1783924792.978,56.2,26.5
1783924794.001,56.3,26.5
1783924795.026,56.3,26.5
1783924796.05,56.3,26.5
1783924797.074,56.3,26.5
1783924798.106,56.3,26.5
1783924799.139,56.4,26.5
1783924800.172,56.4,26.5
1783924801.204,56.4,26.5
1783924802.236,56.4,26.5
1783924803.269,56.4,26.5
1783924804.302,56.4,26.5
1783924805.335,56.4,26.5
1783924806.369,56.4,26.5
1783924807.404,56.4,26.5
1783924808.443,56.4,26.5
1783924809.477,56.4,26.5
1783924810.507,56.4,26.5
1783924811.532,56.4,26.5
1783924812.565,56.4,26.5
1783924813.598,56.4,26.5
1783924814.633,56.4,26.5
1783924815.667,56.4,26.5
1783924816.7,56.4,26.5
1783924817.733,56.4,26.5
1783924818.766,56.4,26.5
1783924819.799,56.4,26.5
1783924820.825,56.4,26.5
1783924821.85,56.4,26.5
1783924822.874,56.4,26.5
1783924823.898,56.4,26.5
1783924824.93,56.4,26.5
1783924825.954,56.3,26.5
1783924826.988,56.3,26.5
1783924828.02,56.3,26.5
1783924829.045,56.4,26.5
1783924830.075,56.4,26.5
1783924831.1,56.4,26.6
1783924832.132,56.4,26.5
1783924833.164,56.4,26.5
1783924834.188,56.4,26.5
1783924835.212,56.5,26.5
1783924836.236,56.5,26.5
1783924837.271,56.5,26.5
1783924838.296,56.5,26.5
1783924839.321,56.5,26.5
1783924840.347,56.6,26.5
1783924841.371,56.6,26.5
1783924842.396,56.7,26.5
1783924843.421,56.7,26.5
1783924844.446,56.8,26.5
1783924845.48,56.8,26.5
1783924846.514,56.8,26.5
1783924847.548,56.8,26.5
1783924848.582,56.9,26.5
1783924849.608,56.9,26.5
1783924850.64,56.9,26.5
1783924851.664,56.9,26.5
1783924852.699,56.9,26.6
1783924853.733,56.9,26.6
1783924854.767,56.9,26.6
1783924855.802,57.0,26.6
1783924856.836,57.0,26.5
1783924857.87,57.0,26.5
1783924858.904,57.0,26.6
1783924859.938,57.0,26.6
1783924860.972,57.0,26.5
1783924861.996,57.0,26.5
1783924863.023,57.0,26.5
1783924864.048,57.0,26.6
1783924865.074,57.0,26.5
1783924866.1,57.0,26.6
1783924867.128,57.0,26.6
1783924868.157,57.1,26.6
1783924869.183,57.1,26.6
1783924870.208,57.1,26.6
1783924871.242,57.1,26.6
1783924872.276,57.1,26.6
1783924873.301,57.1,26.6
1783924874.335,57.1,26.6
1783924875.36,57.1,26.6
1783924876.394,57.1,26.6
1783924877.428,57.2,26.6
1783924878.452,57.2,26.6
1783924879.478,57.2,26.6
1783924880.502,57.2,26.6
1783924881.536,57.2,26.5
1783924882.57,57.1,26.6
1783924883.597,57.1,26.6
1783924884.627,57.1,26.5
1783924885.66,57.1,26.6
1783924886.695,57.1,26.6
1783924887.73,57.1,26.6
1783924888.758,57.1,26.6
1783924889.786,57.1,26.6
1783924890.82,57.1,26.6
1783924891.844,57.1,26.6
1783924892.868,57.1,26.6
1783924893.894,57.2,26.6
1783924894.919,57.2,26.6
1783924895.944,57.2,26.6
1783924896.969,57.2,26.6
1783924897.995,57.2,26.6
1783924899.02,57.2,26.6
1783924900.045,57.2,26.6
1783924901.079,57.2,26.6
1783924902.113,57.2,26.6
1783924903.148,57.2,26.6
1783924904.182,57.2,26.6
1783924905.216,57.2,26.6
1783924906.243,57.2,26.6
1783924907.271,57.4,26.6
1783924908.299,57.4,26.6
1783924909.324,57.5,26.6
1783924910.358,57.5,26.6
1783924911.394,57.5,26.6
1783924912.422,57.5,26.6
1783924913.456,57.5,26.6
1783924914.491,57.5,26.6
1783924915.515,57.5,26.6
1783924916.549,57.5,26.6
1783924917.575,57.5,26.6
1783924918.6,57.5,26.6
1783924919.634,57.5,26.6
1783924920.659,57.5,26.6
1783924921.694,57.5,26.6
1783924922.718,57.5,26.6
1783924923.752,57.5,26.6
1783924924.779,57.5,26.6
1783924925.804,57.5,26.6
1783924926.837,57.5,26.6
1783924927.865,57.5,26.6
1783924928.891,57.5,26.6
1783924929.916,57.5,26.6
1783924930.94,57.5,26.6
1783924931.974,57.5,26.6
1783924932.999,57.5,26.6
1783924934.031,57.5,26.6
1783924935.064,57.5,26.6
1783924936.096,57.5,26.6
1783924937.128,57.5,26.6
1783924938.16,57.5,26.6
1783924939.192,57.5,26.6
1783924940.225,57.5,26.6
1783924941.258,57.5,26.6
1783924942.282,57.5,26.6
1783924943.314,57.6,26.6
1783924944.347,57.6,26.6
1783924945.379,57.6,26.6
1783924946.412,57.6,26.6
1783924947.439,57.6,26.6
1783924948.466,57.7,26.6
1783924949.494,57.6,26.6
1783924950.518,57.6,26.6
1783924951.543,57.6,26.6
1783924952.567,57.7,26.6
1783924953.591,57.7,26.6
1783924954.624,57.7,26.6
1783924955.656,57.7,26.6
1783924956.69,57.7,26.6
1783924957.722,57.8,26.6
1783924958.755,57.8,26.6
1783924959.787,57.8,26.6
1783924960.82,57.8,26.6
1783924961.853,57.8,26.6
1783924962.877,57.8,26.6
1783924963.91,57.8,26.6
1783924964.934,57.8,26.6
1783924965.967,57.8,26.6
1783924967.0,57.8,26.6
1783924968.024,57.9,26.6
1783924969.049,57.8,26.6
1783924970.073,57.8,26.6
1783924971.097,57.8,26.6
1783924972.13,57.8,26.6
1783924973.155,57.8,26.6
1783924974.187,57.8,26.6
1783924975.211,57.9,26.6
1783924976.236,57.8,26.6
1783924977.27,57.8,26.6
1783924978.295,57.8,26.6
1783924979.319,57.8,26.6
1783924980.343,57.8,26.7
1783924981.375,57.8,26.6
1783924982.408,57.8,26.6
1783924983.432,57.8,26.6
1783924984.465,57.7,26.7
1783924985.497,57.7,26.6
1783924986.532,57.7,26.6
1783924987.565,57.7,26.6
1783924988.589,57.7,26.6
1783924989.623,57.7,26.6
1783924990.658,57.7,26.6
1783924991.692,57.7,26.6
1783924992.726,57.7,26.7
1783924993.76,57.7,26.6
1783924994.794,57.6,26.7
1783924995.82,57.6,26.6
1783924996.848,57.6,26.6
1783924997.875,57.6,26.7
1783924998.9,57.6,26.6
1783924999.924,57.6,26.6
1783925000.948,57.6,26.7
1783925001.972,57.6,26.7
1783925002.996,57.5,26.7
1783925004.027,57.5,26.6
1783925005.07,57.5,26.6
1783925006.106,57.4,26.7
1783925007.133,57.4,26.7
1783925008.159,57.4,26.7
1783925009.185,57.4,26.7
1783925010.219,57.3,26.7
1783925011.252,57.3,26.7
1783925012.286,57.3,26.6
1783925013.321,57.3,26.6
1783925014.346,57.2,26.7
1783925015.38,57.2,26.7
1783925016.404,57.2,26.6
1783925017.438,57.2,26.7
1783925018.472,57.2,26.7
1783925019.497,57.2,26.7
1783925020.522,57.2,26.7
1783925021.547,57.2,26.7
1783925022.572,57.2,26.7
1783925023.607,57.2,26.7
1783925024.632,57.2,26.7
1783925025.667,57.2,26.7
1783925026.693,57.2,26.7
1783925027.72,57.2,26.7
1783925028.754,57.2,26.7
1783925029.788,57.1,26.7
1783925030.822,57.1,26.7
1783925031.846,57.1,26.7
1783925032.871,57.1,26.7
1783925033.904,57.1,26.7
1783925034.938,57.1,26.7
1783925035.971,57.1,26.7
1783925037.005,57.1,26.7
1783925038.039,57.1,26.7
1783925039.066,57.1,26.7
1783925040.091,57.1,26.7
1783925041.116,57.1,26.7
1783925042.141,57.1,26.7
1783925043.176,57.1,26.7
1783925044.21,57.1,26.7
1783925045.244,57.0,26.7
1783925046.279,57.0,26.7
1783925047.305,56.9,26.7
1783925048.329,56.9,26.7
1783925049.363,56.8,26.7
1783925050.398,56.8,26.7
1783925051.426,56.8,26.7
1783925052.451,56.7,26.7
1783925053.476,56.5,26.7
1783925054.501,56.2,26.7
1783925055.526,56.0,26.7
1783925056.551,55.9,26.7
1783925057.577,55.9,26.7
1783925058.603,55.8,26.7
1783925059.628,55.8,26.7
1783925060.662,55.8,26.7
1783925061.686,55.8,26.7
1783925062.72,55.8,26.7
1783925063.754,55.8,26.7
1783925064.779,55.8,26.7
1783925065.803,55.8,26.7
1783925066.83,55.7,26.7
1783925067.854,55.8,26.7
1783925068.879,55.8,26.7
1783925069.904,55.8,26.7
1783925070.928,55.7,26.7
1783925071.953,55.7,26.7
1783925072.987,55.6,26.7
1783925074.02,55.6,26.7
1783925075.045,55.5,26.7
1783925076.078,55.5,26.7
1783925077.103,55.4,26.7
1783925078.136,55.4,26.7
1783925079.162,55.4,26.7
1783925080.187,55.4,26.7
1783925081.213,55.4,26.7
1783925082.237,55.4,26.7
1783925083.274,55.5,26.7
1783925084.308,55.5,26.7
1783925085.335,55.5,26.7
1783925086.36,55.5,26.7
1783925087.395,55.5,26.7
1783925088.428,55.5,26.7
1783925089.452,55.5,26.7
1783925090.486,55.5,26.7
1783925091.52,55.5,26.7
1783925092.554,55.5,26.7
1783925093.588,55.5,26.7
1783925094.623,55.5,26.7
1783925095.656,55.5,26.7
1783925096.69,55.4,26.7
1783925097.723,55.4,26.7
1783925098.758,55.4,26.7
1783925099.792,55.4,26.7
1783925100.824,55.4,26.7
1783925101.858,55.4,26.7
1783925102.883,55.4,26.7
1783925103.91,55.4,26.7
1783925104.944,55.4,26.7
1783925105.981,55.4,26.7
1783925107.007,55.4,26.7
1783925108.036,55.4,26.7
1783925109.065,55.5,26.7
1783925110.089,55.5,26.7
1783925111.112,55.5,26.7
1783925112.136,55.4,26.7
1783925113.16,55.4,26.7
1783925114.184,55.4,26.7
1783925115.208,55.3,26.7
1783925116.234,55.2,26.7
1783925117.259,55.2,26.7
1783925118.283,55.1,26.7
1783925119.308,55.1,26.7
1783925120.333,55.1,26.7
1783925121.358,55.1,26.7
1783925122.383,55.0,26.7
1783925123.408,55.0,26.7
1783925124.433,55.0,26.7
1783925125.458,55.0,26.7
1783925126.485,55.0,26.7
1783925127.509,55.0,26.7
1783925128.541,55.0,26.7
1783925129.566,55.0,26.7
1783925130.591,55.0,26.7
1783925131.615,55.0,26.7
1783925132.64,55.0,26.7
1783925133.664,55.0,26.7
1783925134.688,55.0,26.7
1783925135.712,55.0,26.7
1783925136.736,55.0,26.7
1783925137.768,55.0,26.7
1783925138.792,55.0,26.7
1783925139.816,55.0,26.7
1783925140.84,55.0,26.7
1783925141.873,55.0,26.7
1783925142.897,54.9,26.7
1783925143.922,54.9,26.7
1783925144.954,54.9,26.7
1783925145.988,54.8,26.7
1783925147.012,54.8,26.7
1783925148.045,54.8,26.7
1783925149.07,54.8,26.7
1783925150.103,54.7,26.7
1783925151.136,54.7,26.7
1783925152.168,54.7,26.7
1783925153.201,54.6,26.7
1783925154.233,54.6,26.7
1783925155.266,54.6,26.7
1783925156.299,54.5,26.7
1783925157.331,54.5,26.7
1783925158.363,54.4,26.7
1783925159.387,54.4,26.7
1783925160.411,54.4,26.7
1783925161.436,54.4,26.7
1783925162.46,54.3,26.7
1783925163.484,54.3,26.7
1783925164.508,54.3,26.7
1783925165.534,54.3,26.7
1783925166.559,54.3,26.7
1783925167.587,54.2,26.7
1783925168.612,54.1,26.7
1783925169.637,54.1,26.7
1783925170.664,54.1,26.7
1783925171.699,54.1,26.7
1783925172.733,54.1,26.7
1783925173.768,54.1,26.7
1783925174.792,54.1,26.7
1783925175.826,54.1,26.7
1783925176.861,54.1,26.7
1783925177.885,54.1,26.7
1783925178.91,54.1,26.7
1783925179.934,54.1,26.7
1783925180.959,54.1,26.7
1783925181.984,54.0,26.7
1783925183.009,54.0,26.7
1783925184.038,54.0,26.7
1783925185.068,54.0,26.7
1783925186.093,53.9,26.7
1783925187.12,53.8,26.7
1783925188.146,53.7,26.7
1783925189.172,53.6,26.7
1783925190.198,53.6,26.7
1783925191.223,53.5,26.7
1783925192.248,53.4,26.7
1783925193.272,53.3,26.7
1783925194.305,53.2,26.7
1783925195.33,53.1,26.7
1783925196.363,53.1,26.7
1783925197.387,53.1,26.7
1783925198.412,53.1,26.7
1783925199.436,53.0,26.7
1783925200.46,53.0,26.7
1783925201.492,53.0,26.7
1783925202.516,53.0,26.7
1783925203.549,53.0,26.7
1783925204.582,53.0,26.7
1783925205.607,53.0,26.7
1783925206.632,53.1,26.7
1783925207.657,53.0,26.7
1783925208.681,52.9,26.7
1783925209.706,52.8,26.7
1783925210.732,52.7,26.7
1783925211.757,52.7,26.7
1783925212.781,52.7,26.7
1783925213.805,52.7,26.7
1783925214.83,52.8,26.7
1783925215.854,52.8,26.7
1783925216.879,52.9,26.7
1783925217.912,52.9,26.7
1783925218.938,52.9,26.7
1783925219.97,52.9,26.7
1783925220.997,52.9,26.7
1783925222.032,52.9,26.7
1783925223.066,52.9,26.7
1783925224.1,53.0,26.7
1783925225.135,52.9,26.7
1783925226.178,52.8,26.7
1783925227.204,52.8,26.7
1783925228.236,52.7,26.7
1783925229.271,52.7,26.7
1783925230.306,52.7,26.7
1783925231.34,52.8,26.7
1783925232.373,52.8,26.7
1783925233.398,52.8,26.7
1783925234.434,52.8,26.7
1783925235.468,52.8,26.7
1783925236.501,52.8,26.7
1783925237.536,52.8,26.7
1783925238.57,52.7,26.7
1783925239.604,52.8,26.7
1783925240.638,52.8,26.7
1783925241.663,52.8,26.7
1783925242.696,52.8,26.7
1783925243.73,52.8,26.7
1783925244.764,52.8,26.7
1783925245.788,52.9,26.7
1783925246.814,52.8,26.7
1783925247.842,52.8,26.7
1783925248.882,52.8,26.7
1783925249.915,52.7,26.7
1783925250.949,52.6,26.7
1783925251.974,52.5,26.7
1783925253.0,52.5,26.7
1783925254.023,52.4,26.7
1783925255.048,52.3,26.7
1783925256.073,52.3,26.7
1783925257.096,52.4,26.7
1783925258.12,52.3,26.7
1783925259.15,52.3,26.7
1783925260.175,52.3,26.7
1783925261.2,52.4,26.7
1783925262.225,52.3,26.7
1783925263.251,52.3,26.7
1783925264.276,52.3,26.7
1783925265.312,52.2,26.7
1783925266.35,52.2,26.7
1783925267.376,52.1,26.7
1783925268.411,52.1,26.7
1783925269.445,52.1,26.7
1783925270.48,52.0,26.7
1783925271.515,52.0,26.7
1783925272.55,52.0,26.7
1783925273.583,52.0,26.7
1783925274.607,51.9,26.7
1783925275.64,51.9,26.7
1783925276.664,52.0,26.7
1783925277.688,52.0,26.7
1783925278.72,51.8,26.7
1783925279.745,51.7,26.7
1783925280.778,51.7,26.7
1783925281.811,51.7,26.7
1783925282.845,51.7,26.7
1783925283.879,51.7,26.6
1783925284.912,51.7,26.7
1783925285.945,51.8,26.7
1783925286.97,51.7,26.7
1783925287.997,51.7,26.7
1783925289.026,51.7,26.7
1783925290.05,51.6,26.7
1783925291.083,51.5,26.7
1783925292.108,51.5,26.7
1783925293.133,51.5,26.7
1783925294.168,51.5,26.7
1783925295.202,51.5,26.7
1783925296.237,51.5,26.7
1783925297.262,51.5,26.7
1783925298.287,51.5,26.6
1783925299.313,51.5,26.7
1783925300.336,51.4,26.7
1783925301.369,51.4,26.7
1783925302.401,51.5,26.7
1783925303.426,51.5,26.7
1783925304.46,51.4,26.7
1783925305.486,51.4,26.7
1783925306.51,51.4,26.7
1783925307.538,51.4,26.7
1783925308.564,51.5,26.7
1783925309.589,51.5,26.7
1783925310.613,51.5,26.7
1783925311.637,51.5,26.7
1783925312.661,51.5,26.7
1783925313.687,51.4,26.7
1783925314.719,51.4,26.7
1783925315.752,51.4,26.7
1783925316.784,51.4,26.7
1783925317.817,51.4,26.7
1783925318.849,51.3,26.7
1783925319.882,51.3,26.7
1783925320.914,51.3,26.7
1783925321.946,51.2,26.7
1783925322.979,51.2,26.7
1783925324.013,51.2,26.7
1783925325.045,51.2,26.6
1783925326.078,51.2,26.7
1783925327.104,51.2,26.7
1783925328.131,51.3,26.7
1783925329.164,51.3,26.7
1783925330.196,51.3,26.7
1783925331.228,51.3,26.7
1783925332.252,51.2,26.7
1783925333.284,51.3,26.7
1783925334.316,51.3,26.6
1783925335.348,51.3,26.7
1783925336.38,51.3,26.7
1783925337.412,51.3,26.7
1783925338.445,51.4,26.6
1783925339.478,51.4,26.7
1783925340.502,51.4,26.7
1783925341.527,51.4,26.7
1783925342.551,51.4,26.7
1783925343.575,51.4,26.7
1783925344.599,51.4,26.7
1783925345.632,51.4,26.7
1783925346.657,51.4,26.7
1783925347.684,51.4,26.7
1783925348.716,51.4,26.7
1783925349.749,51.4,26.7
1783925350.773,51.4,26.7
1783925351.805,51.5,26.7
1783925352.829,51.5,26.7
1783925353.853,51.5,26.7
1783925354.886,51.6,26.6
1783925355.91,51.6,26.7
1783925356.934,51.6,26.6
1783925357.958,51.7,26.7
1783925358.983,51.7,26.7
1783925360.008,51.7,26.7
1783925361.032,51.7,26.6
1783925362.056,51.8,26.6
1783925363.08,51.8,26.7
1783925364.104,51.9,26.7
1783925365.137,51.9,26.7
1783925366.163,51.9,26.6
1783925367.188,52.0,26.7
1783925368.22,52.1,26.7
1783925369.252,52.1,26.7
1783925370.284,52.1,26.7
1783925371.308,52.2,26.7
1783925372.332,52.2,26.7
1783925373.364,52.3,26.7
1783925374.396,52.4,26.7
1783925375.428,52.4,26.6
1783925376.46,52.4,26.6
1783925377.484,52.5,26.6
1783925378.516,52.5,26.7
1783925379.549,52.5,26.6
1783925380.582,52.6,26.7
1783925381.605,52.6,26.7
1783925382.629,52.6,26.7
1783925383.653,52.6,26.7
1783925384.684,52.7,26.7
1783925385.717,52.7,26.7
1783925386.741,52.7,26.7
1783925387.768,52.7,26.7
1783925388.8,52.7,26.7
1783925389.833,52.7,26.7
1783925390.866,52.7,26.7
1783925391.898,52.7,26.7
1783925392.931,52.7,26.7
1783925393.964,52.7,26.7
1783925394.988,52.6,26.7
1783925396.02,52.6,26.7
1783925397.058,52.6,26.6
1783925398.091,52.6,26.7
1783925399.123,52.7,26.7
1783925400.147,52.7,26.7
1783925401.181,52.7,26.7
1783925402.206,52.8,26.7
1783925403.231,52.8,26.7
1783925404.256,52.8,26.7
1783925405.282,52.9,26.6
1783925406.309,52.9,26.7
1783925407.336,52.9,26.7
1783925408.36,53.0,26.7
1783925409.385,53.1,26.7
1783925410.41,53.1,26.7
1783925411.444,53.1,26.7
1783925412.469,53.1,26.7
1783925413.503,53.2,26.7
1783925414.538,53.2,26.7
1783925415.571,53.2,26.7
1783925416.604,53.2,26.7
1783925417.638,53.2,26.7
1783925418.672,53.2,26.7
1783925419.706,53.3,26.6
1783925420.74,53.3,26.7
1783925421.775,53.3,26.7
1783925422.809,53.3,26.7
1783925423.836,53.3,26.7
1783925424.86,53.4,26.7
1783925425.886,53.4,26.7
1783925426.912,53.4,26.7
1783925427.943,53.4,26.7
1783925428.977,53.4,26.7
1783925430.011,53.4,26.7
1783925431.045,53.4,26.7
1783925432.079,53.4,26.7
1783925433.112,53.5,26.7
1783925434.148,53.4,26.7
1783925435.173,53.4,26.7
1783925436.208,53.5,26.7
1783925437.232,53.5,26.7
1783925438.266,53.5,26.7
1783925439.3,53.4,26.6
1783925440.335,53.4,26.7
1783925441.369,53.5,26.7
1783925442.394,53.5,26.6
1783925443.419,53.6,26.7
1783925444.452,53.5,26.7
1783925445.486,53.6,26.7
1783925446.513,53.6,26.7
1783925447.544,53.6,26.7
1783925448.569,53.6,26.7
1783925449.594,53.6,26.7
1783925450.628,53.6,26.7
1783925451.665,53.6,26.7
1783925452.69,53.6,26.7
1783925453.714,53.6,26.7
1783925454.739,53.6,26.7
1783925455.765,53.6,26.7
1783925456.79,53.7,26.7
1783925457.815,53.7,26.7
1783925458.849,53.7,26.7
1783925459.884,53.7,26.7
1783925460.918,53.7,26.7
1783925461.952,53.7,26.7
1783925462.986,53.7,26.7
1783925464.02,53.7,26.7
1783925465.054,53.7,26.7
1783925466.082,53.7,26.7
1783925467.108,53.7,26.7
1783925468.136,53.7,26.7
1783925469.161,53.7,26.7
1783925470.186,53.8,26.7
1783925471.22,53.8,26.7
1783925472.254,53.8,26.7
1783925473.288,53.8,26.7
1783925474.322,53.9,26.7
1783925475.354,53.9,26.7
1783925476.388,53.9,26.7
1783925477.423,54.0,26.7
1783925478.456,53.9,26.7
1783925479.49,54.0,26.7
1783925480.524,54.0,26.7
1783925481.558,54.1,26.7
1783925482.592,54.2,26.7
1783925483.627,54.2,26.7
1783925484.661,54.3,26.7
1783925485.697,54.3,26.7
1783925486.722,54.4,26.7
1783925487.749,54.4,26.7
1783925488.783,54.4,26.7
1783925489.807,54.5,26.7
1783925490.84,54.5,26.7
1783925491.872,54.5,26.7
1783925492.905,54.5,26.7
1783925493.93,54.5,26.7
1783925494.962,54.5,26.7
1783925495.995,54.5,26.7
1783925497.028,54.5,26.7
1783925498.054,54.5,26.7
1783925499.086,54.5,26.7
1783925500.12,54.5,26.7
1783925501.144,54.4,26.7
1783925502.168,54.4,26.7
1783925503.192,54.3,26.7
1783925504.216,54.3,26.7
1783925505.24,54.3,26.7
1783925506.265,54.3,26.7
1783925507.292,54.3,26.7
1783925508.319,54.2,26.7
1783925509.351,54.3,26.7
1783925510.384,54.3,26.7
1783925511.417,54.3,26.7
1783925512.45,54.3,26.7
1783925513.478,54.3,26.7
1783925514.502,54.3,26.7
1783925515.526,54.3,26.7
1783925516.551,54.3,26.7
1783925517.583,54.3,26.7
1783925518.615,54.3,26.7
1783925519.648,54.3,26.7
1783925520.682,54.3,26.7
1783925521.706,54.3,26.7
1783925522.739,54.4,26.7
1783925523.772,54.5,26.7
1783925524.804,54.5,26.7
1783925525.837,54.5,26.7
1783925526.862,54.6,26.7
1783925527.888,54.6,26.7
1783925528.922,54.6,26.7
1783925529.947,54.7,26.7
1783925530.979,54.7,26.7
1783925532.003,54.7,26.7
1783925533.036,54.8,26.7
1783925534.069,54.8,26.7
1783925535.101,54.8,26.7
1783925536.133,54.9,26.7
1783925537.158,54.9,26.7
1783925538.19,54.9,26.7
1783925539.214,55.0,26.7
1783925540.239,55.0,26.7
1783925541.271,55.0,26.7
1783925542.304,55.0,26.7
1783925543.338,55.0,26.7
1783925544.37,55.0,26.7
1783925545.402,55.0,26.7
1783925546.437,55.0,26.7
1783925547.465,55.1,26.7
1783925548.491,55.0,26.7
1783925549.524,55.0,26.7
1783925550.557,55.0,26.7
1783925551.588,55.0,26.7
1783925552.621,55.0,26.8
1783925553.65,55.0,26.8
1783925554.674,55.0,26.8
1783925555.698,55.0,26.7
1783925556.722,55.0,26.8
1783925557.746,55.0,26.7
1783925558.77,55.0,26.8
1783925559.794,55.0,26.7
1783925560.82,55.1,26.8
1783925561.853,55.0,26.8
1783925562.886,55.1,26.8
1783925563.909,55.1,26.8
1783925564.942,55.1,26.8
1783925565.975,55.1,26.8
1783925567.0,55.1,26.8
1783925568.026,55.1,26.8
1783925569.058,55.1,26.8
1783925570.091,55.2,26.8
1783925571.124,55.2,26.8
1783925572.16,55.2,26.8
1783925573.193,55.2,26.8
1783925574.226,55.3,26.8
1783925575.258,55.3,26.8
1783925576.291,55.3,26.7
1783925577.324,55.3,26.8
1783925578.357,55.3,26.8
1783925579.381,55.3,26.8
1783925580.405,55.3,26.8
1783925581.429,55.3,26.8
1783925582.461,55.3,26.8
1783925583.485,55.3,26.8
1783925584.509,55.3,26.8
1783925585.533,55.3,26.8
1783925586.558,55.3,26.8
1783925587.585,55.3,26.8
1783925588.61,55.3,26.8
1783925589.635,55.3,26.8
1783925590.66,55.3,26.8
1783925591.684,55.3,26.8
1783925592.717,55.3,26.8
1783925593.75,55.3,26.8
1783925594.783,55.3,26.8
1783925595.816,55.3,26.8
1783925596.848,55.3,26.8
1783925597.881,55.4,26.8
1783925598.913,55.4,26.8
1783925599.946,55.4,26.8
1783925600.978,55.4,26.8
1783925602.003,55.4,26.8
1783925603.027,55.4,26.8
1783925604.052,55.4,26.8
1783925605.076,55.4,26.8
1783925606.107,55.4,26.8
1783925607.137,55.5,26.8
1783925608.162,55.5,26.8
1783925609.186,55.5,26.8
1783925610.21,55.6,26.8
1783925611.235,55.6,26.8
1783925612.26,55.6,26.8
1783925613.284,55.7,26.8
1783925614.308,55.7,26.8
1783925615.333,55.7,26.8
1783925616.358,55.7,26.8
1783925617.384,55.8,26.8
1783925618.418,55.8,26.8
1783925619.453,55.8,26.8
1783925620.488,55.8,26.8
1783925621.522,55.8,26.8
1783925622.557,55.8,26.8
1783925623.591,55.9,26.8
1783925624.625,55.8,26.8
1783925625.66,55.9,26.8
1783925626.689,55.8,26.8
1783925627.714,55.8,26.8
1783925628.748,55.8,26.8
1783925629.782,55.8,26.8
1783925630.816,55.8,26.8
1783925631.85,55.8,26.8
1783925632.884,55.8,26.8
1783925633.918,55.8,26.8
1783925634.946,55.7,26.8
1783925635.972,55.7,26.8
1783925637.007,55.7,26.8
1783925638.031,55.7,26.8
1783925639.065,55.7,26.8
1783925640.098,55.7,26.8
1783925641.132,55.8,26.8
1783925642.166,55.8,26.8
1783925643.191,55.8,26.8
1783925644.215,55.8,26.8
1783925645.242,55.8,26.8
1783925646.268,55.9,26.9
1783925647.296,55.9,26.9
1783925648.33,55.9,26.9
1783925649.364,55.9,26.9
1783925650.399,55.9,26.8
1783925651.434,55.9,26.9
1783925652.467,55.8,26.8
1783925653.502,55.9,26.9
1783925654.528,55.9,26.9
1783925655.562,55.9,26.9
1783925656.597,55.8,26.9
1783925657.631,55.9,26.9
1783925658.657,55.9,26.8
1783925659.691,55.9,26.8
1783925660.716,56.0,26.9
1783925661.74,55.9,26.9
1783925662.765,56.0,26.8
1783925663.791,56.0,26.8
1783925664.816,56.0,26.8
1783925665.845,56.0,26.9
1783925666.874,56.0,26.9
1783925667.901,56.0,26.9
1783925668.927,56.0,26.9
1783925669.96,56.0,26.9
1783925670.995,56.0,26.9
1783925672.029,56.0,26.9
1783925673.062,55.9,26.9
1783925674.087,56.0,26.9
1783925675.122,55.9,26.9
1783925676.155,55.9,26.9
1783925677.187,55.9,26.9
1783925678.222,55.9,26.9
1783925679.247,55.9,26.9
1783925680.271,55.9,26.9
1783925681.296,55.9,26.9
1783925682.33,55.9,26.9
1783925683.355,55.9,26.9
1783925684.389,56.0,26.9
1783925685.427,56.0,26.9
1783925686.455,56.0,26.9
1783925687.482,56.0,26.9
1783925688.507,56.0,26.9
1783925689.531,56.1,26.9
1783925690.566,56.1,26.9
1783925691.598,56.2,26.9
1783925692.631,56.2,26.9
1783925693.663,56.3,26.9
1783925694.696,56.3,26.9
1783925695.728,56.3,26.9
1783925696.76,56.3,26.9
1783925697.792,56.3,26.9
1783925698.825,56.3,26.9
1783925699.858,56.3,26.9
1783925700.89,56.3,26.9
1783925701.923,56.4,26.9
1783925702.955,56.3,26.9
1783925703.988,56.3,26.9
1783925705.02,56.3,26.9
1783925706.044,56.3,26.9
1783925707.072,56.3,26.9
1783925708.1,56.3,26.9
1783925709.124,56.3,26.9
1783925710.156,56.3,26.9
1783925711.18,56.3,26.9
1783925712.212,56.3,26.9
1783925713.235,56.3,26.9
1783925714.268,56.3,26.9
1783925715.298,56.3,26.9
1783925716.322,56.3,26.9
1783925717.347,56.3,26.9
1783925718.37,56.3,26.9
1783925719.394,56.3,26.9
1783925720.418,56.2,26.9
1783925721.445,56.3,26.9
1783925722.468,56.2,26.9
1783925723.501,56.3,26.9
1783925724.534,56.3,26.9
1783925725.562,56.2,26.9
1783925726.591,56.2,26.9
1783925727.617,56.2,26.9
1783925728.65,56.2,26.9
1783925729.683,56.2,26.9
1783925730.708,56.2,26.9
1783925731.732,56.1,26.9
1783925732.756,56.1,26.9
1783925733.78,56.2,26.9
1783925734.804,56.2,26.9
1783925735.836,56.2,26.9
1783925736.868,56.1,26.9
1783925737.9,56.1,26.9
1783925738.933,56.1,26.9
1783925739.965,56.1,26.9
1783925740.998,56.1,26.9
1783925742.03,56.1,27.0
1783925743.063,56.1,26.9
1783925744.096,56.1,26.9
1783925745.128,56.1,26.9
1783925746.152,56.1,26.9
1783925747.176,56.1,27.0
1783925748.209,56.1,26.9
1783925749.242,56.0,26.9
1783925750.274,56.0,26.9
1783925751.311,56.0,26.9
1783925752.347,56.0,26.9
1783925753.38,55.9,26.9
1783925754.412,55.8,26.9
1783925755.436,55.8,26.9
1783925756.469,55.7,26.9
1783925757.501,55.7,26.9
1783925758.534,55.6,27.0
1783925759.567,55.6,27.0
1783925760.6,55.6,26.9
1783925761.632,55.5,26.9
1783925762.664,55.5,27.0
1783925763.696,55.5,27.0
1783925764.731,55.5,27.0
1783925765.76,55.5,27.0
1783925766.789,55.5,27.0
1783925767.815,55.5,26.9
1783925768.84,55.5,27.0
1783925769.864,55.5,26.9
1783925770.888,55.5,27.0
1783925771.92,55.5,26.9
1783925772.953,55.5,27.0
1783925773.986,55.4,26.9
1783925775.019,55.4,27.0
1783925776.051,55.3,27.0
1783925777.083,55.3,27.0
1783925778.107,55.3,27.0
1783925779.13,55.3,27.0
1783925780.154,55.2,27.0
1783925781.178,55.2,27.0
1783925782.211,55.2,27.0
1783925783.244,55.2,27.0
1783925784.276,55.2,27.0
1783925785.308,55.2,27.0
1783925786.343,55.2,27.0
1783925787.368,55.3,27.0
1783925788.394,55.2,27.0
1783925789.428,55.2,27.0
1783925790.462,55.2,27.0
1783925791.497,55.2,27.0
1783925792.529,55.2,27.0
1783925793.564,55.3,27.0
1783925794.592,55.2,27.0
1783925795.624,55.2,27.0
1783925796.656,55.2,27.0
1783925797.688,55.2,27.0
1783925798.721,55.2,27.0
1783925799.744,55.1,27.0
1783925800.776,55.1,27.0
1783925801.808,55.1,27.0
1783925802.84,55.0,27.0
1783925803.872,55.0,27.0
1783925804.896,55.0,27.0
1783925805.928,54.9,27.0
1783925806.961,54.8,27.0
1783925807.989,54.7,27.0
1783925809.013,54.6,27.0
1783925810.036,54.7,27.0
1783925811.06,54.7,27.0
1783925812.084,54.7,27.0
1783925813.111,54.7,27.0
1783925814.138,54.7,27.0
1783925815.162,54.6,27.0
1783925816.188,54.6,27.0
1783925817.212,54.6,27.0
1783925818.236,54.6,27.0
1783925819.259,54.6,27.0
1783925820.283,54.7,27.0
1783925821.308,54.7,27.0
1783925822.333,54.6,27.0
1783925823.357,54.6,27.0
1783925824.391,54.5,27.0
1783925825.423,54.5,27.0
1783925826.451,54.4,27.0
1783925827.476,54.3,27.0
1783925828.509,54.4,27.0
1783925829.541,54.3,27.0
1783925830.574,54.3,27.0
1783925831.607,54.3,27.0
1783925832.64,54.2,27.0
1783925833.673,54.2,27.0
1783925834.706,54.1,27.0
1783925835.738,54.1,27.0
1783925836.771,54.1,27.0
1783925837.804,54.0,27.0
1783925838.836,54.0,27.0
1783925839.868,53.9,27.0
1783925840.901,53.9,27.0
1783925841.935,53.9,27.0
1783925842.969,53.9,27.0
1783925844.0,53.9,27.0
1783925845.034,54.0,27.0
1783925846.068,53.9,27.0
1783925847.095,54.0,27.0
1783925848.12,54.0,27.0
1783925849.154,54.0,27.0
1783925850.188,53.9,27.0
1783925851.222,53.9,27.0
1783925852.257,53.9,27.0
1783925853.282,53.8,27.0
1783925854.316,53.8,27.0
1783925855.35,53.7,27.0
1783925856.385,53.7,27.0
1783925857.409,53.6,27.0
1783925858.434,53.5,27.0
1783925859.468,53.4,27.0
1783925860.503,53.3,27.0
1783925861.528,53.3,27.0
1783925862.554,53.4,27.0
1783925863.579,53.4,27.0
1783925864.604,53.4,27.0
1783925865.629,53.4,27.0
1783925866.656,53.4,27.0
1783925867.682,53.4,27.0
1783925868.708,53.4,27.0
1783925869.742,53.5,27.0
1783925870.776,53.5,27.0
1783925871.81,53.5,27.0
1783925872.844,53.5,27.0
1783925873.878,53.5,27.0
1783925874.912,53.6,27.0
1783925875.946,53.5,27.0
1783925876.98,53.5,27.0
1783925878.014,53.5,27.0
1783925879.048,53.5,27.0
1783925880.082,53.5,27.0
1783925881.116,53.4,27.0
1783925882.15,53.5,27.0
1783925883.175,53.4,27.0
1783925884.21,53.4,27.0
1783925885.244,53.4,27.0
1783925886.271,53.4,27.0
1783925887.307,53.3,27.0
1783925888.332,53.3,27.0
1783925889.362,53.3,26.9
1783925890.396,53.3,27.0
1783925891.431,53.3,26.9
1783925892.465,53.4,27.0
1783925893.499,53.3,27.0
1783925894.532,53.3,27.0
1783925895.556,53.3,27.0
1783925896.591,53.3,27.0
1783925897.625,53.3,27.0
1783925898.659,53.2,27.0
1783925899.693,53.2,27.0
1783925900.728,53.1,27.0
1783925901.753,53.0,26.9
1783925902.778,52.9,27.0
1783925903.812,52.9,27.0
1783925904.846,52.9,27.0
1783925905.88,52.9,27.0
1783925906.915,52.9,27.0
1783925907.941,52.9,27.0
1783925908.968,53.0,27.0
1783925909.994,52.9,26.9
1783925911.019,52.9,26.9
1783925912.044,52.9,27.0
1783925913.069,53.0,26.9
1783925914.094,52.9,27.0
1783925915.125,52.8,27.0
1783925916.159,52.8,26.9
1783925917.193,52.8,26.9
1783925918.227,52.7,26.9
1783925919.262,52.7,26.9
1783925920.296,52.6,27.0
1783925921.328,52.5,26.9
1783925922.36,52.5,26.9
1783925923.392,52.5,26.9
1783925924.416,52.5,26.9
1783925925.449,52.5,26.9
1783925926.482,52.5,26.9
1783925927.515,52.5,26.9
1783925928.541,52.5,26.9
1783925929.57,52.5,26.9
1783925930.604,52.5,26.9
1783925931.638,52.5,26.9
1783925932.663,52.6,26.9
1783925933.687,52.6,26.9
1783925934.721,52.5,26.9
1783925935.746,52.5,26.9
1783925936.781,52.5,26.9
1783925937.806,52.5,27.0
1783925938.841,52.4,27.0
1783925939.875,52.3,26.9
1783925940.909,52.3,26.9
1783925941.943,52.3,27.0
1783925942.977,52.2,26.9
1783925944.012,52.2,27.0
1783925945.046,52.2,26.9
1783925946.08,52.1,26.9
1783925947.105,52.1,26.9
1783925948.13,52.1,26.9
1783925949.154,52.0,26.9
1783925950.183,52.0,26.9
1783925951.217,51.9,26.9
1783925952.252,51.9,26.9
1783925953.284,51.8,26.9
1783925954.316,51.7,26.9
1783925955.349,51.7,26.9
1783925956.381,51.7,26.9
1783925957.406,51.6,26.9
1783925958.43,51.6,26.9
1783925959.454,51.5,26.9
1783925960.478,51.6,26.9
1783925961.502,51.6,26.9
1783925962.526,51.6,26.9
1783925963.549,51.6,26.9
1783925964.573,51.6,26.9
1783925965.597,51.6,26.9
1783925966.63,51.6,26.9
1783925967.659,51.6,26.9
1783925968.689,51.5,26.9
1783925969.714,51.5,26.9
1783925970.747,51.5,26.9
1783925971.781,51.4,26.9
1783925972.806,51.4,26.9
1783925973.842,51.4,26.9
1783925974.876,51.4,26.9
1783925975.91,51.4,26.9
1783925976.935,51.4,26.9
1783925977.96,51.4,26.9
1783925978.994,51.4,26.9
1783925980.028,51.4,26.9
1783925981.062,51.3,26.9
1783925982.088,51.3,26.9
1783925983.115,51.3,26.9
1783925984.149,51.2,26.9
1783925985.183,51.2,26.9
1783925986.217,51.1,26.9
1783925987.25,51.0,26.9
1783925988.284,51.0,26.9
1783925989.309,50.9,26.9
1783925990.336,50.8,26.9
1783925991.361,50.8,26.9
1783925992.386,50.7,26.9
1783925993.413,50.7,26.9
1783925994.451,50.7,26.9
1783925995.485,50.7,26.9
1783925996.519,50.7,26.9
1783925997.553,50.7,26.9
1783925998.586,50.7,26.9
1783925999.61,50.6,26.9
1783926000.635,50.6,26.9
1783926001.659,50.6,26.9
1783926002.683,50.6,26.9
1783926003.716,50.6,26.9
1783926004.748,50.6,26.9
1783926005.78,50.7,26.9
1783926006.814,50.6,26.9
1783926007.847,50.7,26.9
1783926008.875,50.7,26.9
1783926009.9,50.7,26.9
1783926010.932,50.7,26.9
1783926011.964,50.7,26.9
1783926012.997,50.8,26.9
1783926014.021,50.8,26.9
1783926015.045,50.7,26.9
1783926016.07,50.8,26.9
1783926017.094,50.8,26.9
1783926018.117,50.8,26.9
1783926019.141,50.9,26.9
1783926020.164,50.8,26.9
1783926021.188,50.8,26.9
1783926022.22,50.8,26.9
1783926023.252,50.8,26.8
1783926024.284,50.8,26.8
1783926025.308,50.8,26.9
1783926026.341,50.8,26.9
1783926027.373,50.8,26.9
1783926028.397,50.8,26.8
1783926029.422,50.7,26.9
1783926030.446,50.6,26.8
1783926031.47,50.6,26.8
1783926032.503,50.5,26.9
1783926033.527,50.4,26.9
1783926034.56,50.3,26.9
1783926035.584,50.3,26.8
1783926036.617,50.3,26.9
1783926037.642,50.3,26.9
1783926038.667,50.2,26.9
1783926039.699,50.3,26.8
1783926040.732,50.3,26.8
1783926041.764,50.3,26.8
1783926042.788,50.3,26.8
1783926043.812,50.3,26.9
1783926044.836,50.3,26.8
1783926045.86,50.3,26.8
1783926046.893,50.4,26.8
1783926047.918,50.4,26.8
1783926048.942,50.4,26.8
1783926049.975,50.4,26.8
1783926051.007,50.4,26.8
1783926052.055,50.4,26.8
1783926053.148,50.4,26.8
1783926054.216,50.4,26.8
1783926055.295,50.3,26.8
1783926056.328,50.3,26.8
1783926057.353,50.2,26.8
1783926058.386,50.3,26.8
1783926059.419,50.3,26.8
1783926060.445,50.3,26.8
1783926061.478,50.3,26.8
1783926062.511,50.3,26.8
1783926063.536,50.2,26.8
1783926064.568,50.3,26.8
1783926065.601,50.3,26.8
1783926066.626,50.3,26.8
1783926067.652,50.3,26.8
1783926068.676,50.2,26.8
1783926069.7,50.2,26.8
1783926070.724,50.2,26.8
1783926071.748,50.2,26.8
1783926072.773,50.2,26.8
1783926073.798,50.2,26.8
1783926074.823,50.2,26.8
1783926075.85,50.2,26.8
1783926076.884,50.2,26.8
1783926077.917,50.2,26.8
1783926078.951,50.3,26.8
1783926079.986,50.2,26.8
1783926081.02,50.3,26.8
1783926082.054,50.3,26.8
1783926083.088,50.3,26.8
1783926084.114,50.3,26.8
1783926085.142,50.3,26.8
1783926086.173,50.3,26.8
1783926087.2,50.3,26.8
1783926088.224,50.4,26.8
1783926089.248,50.4,26.8
1783926090.282,50.5,26.8
1783926091.317,50.4,26.8
1783926092.351,50.5,26.8
1783926093.375,50.5,26.8
1783926094.399,50.5,26.8
1783926095.432,50.5,26.8
1783926096.456,50.6,26.8
1783926097.489,50.6,26.8
1783926098.513,50.6,26.8
1783926099.537,50.7,26.8
1783926100.57,50.7,26.8
1783926101.603,50.7,26.8
1783926102.635,50.8,26.8
1783926103.659,50.8,26.8
1783926104.684,50.9,26.8
1783926105.709,50.9,26.8
1783926106.735,50.9,26.8
1783926107.767,50.9,26.8
1783926108.792,51.0,26.8
1783926109.817,51.0,26.8
1783926110.851,51.0,26.8
1783926111.876,51.1,26.8
1783926112.91,51.1,26.8
1783926113.935,51.1,26.8
1783926114.961,51.2,26.8
1783926115.996,51.2,26.8
1783926117.03,51.2,26.8
1783926118.055,51.2,26.8
1783926119.089,51.2,26.8
1783926120.123,51.3,26.8
1783926121.157,51.2,26.8
1783926122.191,51.3,26.8
1783926123.22,51.3,26.8
1783926124.244,51.3,26.8
1783926125.27,51.3,26.8
1783926126.298,51.3,26.8
1783926127.323,51.4,26.8
1783926128.347,51.5,26.8
1783926129.372,51.5,26.8
1783926130.398,51.5,26.8
1783926131.423,51.5,26.8
1783926132.456,51.5,26.8
1783926133.48,51.6,26.8
1783926134.504,51.6,26.8
1783926135.538,51.6,26.8
1783926136.572,51.6,26.8
1783926137.606,51.6,26.8
1783926138.64,51.7,26.8
1783926139.674,51.7,26.8
1783926140.707,51.7,26.8
1783926141.733,51.8,26.8
1783926142.767,51.8,26.8
1783926143.802,51.8,26.8
1783926144.838,51.8,26.8
1783926145.866,51.9,26.8
1783926146.893,51.9,26.8
1783926147.927,51.9,26.8
1783926148.962,52.0,26.8
1783926149.996,52.0,26.8
1783926151.02,52.0,26.8
1783926152.044,52.1,26.8
1783926153.078,52.1,26.8
1783926154.112,52.1,26.8
1783926155.147,52.2,26.8
1783926156.173,52.2,26.8
1783926157.199,52.2,26.8
1783926158.232,52.3,26.8
1783926159.266,52.3,26.8
1783926160.301,52.3,26.8
1783926161.335,52.3,26.8
1783926162.37,52.4,26.8
1783926163.404,52.4,26.8
1783926164.438,52.4,26.8
1783926165.472,52.4,26.8
1783926166.502,52.4,26.8
1783926167.53,52.5,26.8
1783926168.555,52.5,26.8
1783926169.588,52.5,26.8
1783926170.622,52.6,26.8
1783926171.656,52.6,26.8
1783926172.68,52.7,26.8
1783926173.707,52.7,26.8
1783926174.732,52.8,26.8
1783926175.755,52.8,26.8
1783926176.78,52.8,26.8
1783926177.805,52.9,26.8
1783926178.83,52.9,26.8
1783926179.856,52.9,26.8
1783926180.882,53.0,26.8
1783926181.916,52.9,26.8
1783926182.951,52.9,26.8
1783926183.975,52.9,26.8
1783926185.009,52.9,26.8
1783926186.037,53.0,26.8
1783926187.066,53.0,26.8
1783926188.1,53.1,26.8
1783926189.125,53.1,26.8
1783926190.158,53.1,26.8
1783926191.19,53.1,26.8
1783926192.215,53.1,26.8
1783926193.249,53.1,26.8
1783926194.274,53.1,26.8
1783926195.308,53.1,26.8
1783926196.342,53.1,26.8
1783926197.368,53.1,26.8
1783926198.402,53.1,26.8
1783926199.427,53.0,26.8
1783926200.461,53.1,26.8
1783926201.496,53.0,26.8
1783926202.53,53.0,26.8
1783926203.564,53.0,26.8
1783926204.598,53.0,26.8
1783926205.623,53.0,26.8
1783926206.65,53.0,26.8
1783926207.684,53.0,26.8
1783926208.718,53.1,26.8
1783926209.753,53.1,26.8
1783926210.787,53.1,26.8
1783926211.813,53.2,26.8
1783926212.847,53.2,26.8
1783926213.882,53.2,26.8
1783926214.907,53.2,26.8
1783926215.932,53.2,26.8
1783926216.956,53.2,26.8
1783926217.98,53.2,26.8
1783926219.007,53.2,26.8
1783926220.04,53.2,26.8
1783926221.066,53.2,26.8
1783926222.092,53.3,26.8
1783926223.117,53.3,26.8
1783926224.145,53.4,26.8
1783926225.173,53.4,26.8
1783926226.2,53.5,26.8
1783926227.225,53.5,26.8
1783926228.25,53.6,26.8
1783926229.275,53.6,26.8
1783926230.309,53.5,26.8
1783926231.343,53.6,26.8
1783926232.378,53.6,26.8
1783926233.413,53.5,26.8
1783926234.438,53.5,26.8
1783926235.473,53.5,26.8
1783926236.507,53.6,26.8
1783926237.54,53.5,26.8
1783926238.574,53.5,26.8
1783926239.608,53.4,26.8
1783926240.642,53.5,26.8
1783926241.676,53.5,26.8
1783926242.711,53.5,26.8
1783926243.745,53.5,26.8
1783926244.778,53.5,26.8
1783926245.806,53.5,26.8
1783926246.833,53.6,26.8
1783926247.867,53.6,26.8
1783926248.903,53.5,26.8
1783926249.936,53.6,26.8
1783926250.968,53.6,26.8
1783926252.002,53.6,26.8
1783926253.028,53.6,26.8
1783926254.062,53.6,26.8
1783926255.095,53.7,26.8
1783926256.127,53.7,26.8
1783926257.16,53.7,26.8
1783926258.192,53.7,26.8
1783926259.216,53.7,26.8
1783926260.24,53.8,26.8
1783926261.265,53.8,26.8
1783926262.295,53.8,26.8
1783926263.328,53.8,26.8
1783926264.358,53.8,26.8
1783926265.384,53.8,26.8
1783926266.41,53.9,26.8
1783926267.443,53.9,26.8
1783926268.476,53.9,26.9
1783926269.504,53.9,26.8
1783926270.529,53.9,26.8
1783926271.554,54.0,26.8
1783926272.578,54.0,26.8
1783926273.602,54.1,26.8
1783926274.627,54.2,26.8
1783926275.651,54.2,26.8
1783926276.675,54.2,26.8
1783926277.708,54.2,26.8
1783926278.741,54.2,26.8
1783926279.774,54.2,26.8
1783926280.806,54.2,26.8
1783926281.831,54.2,26.8
1783926282.863,54.2,26.8
1783926283.897,54.2,26.8
1783926284.932,54.2,26.8
1783926285.961,54.2,26.9
1783926286.988,54.2,26.9
1783926288.02,54.2,26.8
1783926289.054,54.2,26.8
1783926290.087,54.2,26.8
1783926291.12,54.3,26.8
1783926292.153,54.3,26.8
1783926293.185,54.3,26.8
1783926294.217,54.3,26.9
1783926295.25,54.3,26.9
1783926296.283,54.3,26.9
1783926297.316,54.3,26.8
1783926298.349,54.3,26.8
1783926299.383,54.3,26.8
1783926300.411,54.3,26.8
1783926301.445,54.4,26.8
1783926302.478,54.3,26.8
1783926303.502,54.4,26.9
1783926304.526,54.3,26.8
1783926305.551,54.3,26.8
1783926306.591,54.3,26.9
1783926307.617,54.4,26.9
1783926308.643,54.4,26.9
1783926309.67,54.4,26.9
1783926310.694,54.4,26.9
1783926311.727,54.4,26.9
1783926312.76,54.4,26.8
1783926313.783,54.4,26.8
1783926314.809,54.4,26.9
1783926315.834,54.4,26.9
1783926316.866,54.4,26.9
1783926317.899,54.4,26.9
1783926318.922,54.5,26.9
1783926319.955,54.5,26.9
1783926320.98,54.7,26.8
1783926322.012,54.7,26.8
1783926323.036,54.7,26.9
1783926324.06,54.7,26.9
1783926325.087,54.8,26.9
1783926326.112,54.7,26.9
1783926327.14,54.8,26.9
1783926328.165,54.8,26.8
1783926329.19,54.8,26.8
1783926330.225,54.9,26.9
1783926331.25,54.9,26.9
1783926332.283,54.9,26.9
1783926333.316,54.9,26.9
1783926334.34,54.9,26.9
1783926335.373,54.9,26.9
1783926336.398,54.9,26.9
1783926337.431,54.9,26.9
1783926338.464,54.8,26.9
1783926339.497,54.9,26.9
1783926340.531,54.8,26.9
1783926341.563,54.8,26.9
1783926342.596,54.8,26.9
1783926343.629,54.8,26.9
1783926344.663,54.8,26.9
1783926345.69,54.9,26.9
1783926346.716,54.9,26.8
1783926347.741,54.9,26.9
1783926348.766,54.9,26.9
1783926349.799,55.0,26.9
1783926350.833,55.0,26.9
1783926351.875,55.0,26.9
1783926352.913,55.0,26.9
1783926353.948,55.0,26.9
1783926354.983,55.0,26.9
1783926356.02,55.1,26.9
1783926357.055,55.0,26.9
1783926358.091,55.1,26.9
1783926359.125,55.1,26.9
1783926360.15,55.1,26.9
1783926361.174,55.1,26.9
1783926362.209,55.1,26.9
1783926363.243,55.1,26.9
1783926364.277,55.1,26.9
1783926365.312,55.2,26.9
1783926366.34,55.1,26.9
1783926367.367,55.2,26.9
1783926368.396,55.1,26.9
1783926369.43,55.2,26.9
1783926370.455,55.2,26.9
1783926371.49,55.2,26.9
1783926372.524,55.2,26.9
1783926373.55,55.2,26.9
1783926374.575,55.2,26.9
1783926375.6,55.2,26.9
1783926376.626,55.2,26.9
1783926377.653,55.2,26.9
1783926378.679,55.3,26.9
1783926379.704,55.3,26.9
1783926380.731,55.3,26.9
1783926381.765,55.3,26.9
1783926382.8,55.3,26.9
1783926383.836,55.3,26.9
1783926384.862,55.3,26.9
1783926385.897,55.3,26.9
1783926386.926,55.3,26.9
1783926387.952,55.4,26.9
1783926388.979,55.4,26.9
1783926390.005,55.4,26.9
1783926391.03,55.4,26.9
1783926392.054,55.3,26.9
1783926393.088,55.4,26.9
1783926394.122,55.4,26.9
1783926395.157,55.4,26.9
1783926396.191,55.5,26.9
1783926397.226,55.5,26.9
1783926398.261,55.5,26.9
1783926399.295,55.5,26.9
1783926400.32,55.5,26.9
1783926401.355,55.5,26.9
1783926402.388,55.5,26.9
1783926403.422,55.5,26.9
1783926404.456,55.5,26.9
1783926405.481,55.5,26.9
1783926406.508,55.5,26.9
1783926407.533,55.5,26.9
1783926408.566,55.6,26.9
1783926409.601,55.6,26.9
1783926410.628,55.6,26.9
1783926411.666,55.6,26.9
1783926412.699,55.6,26.9
1783926413.732,55.6,26.9
1783926414.766,55.6,26.9
1783926415.8,55.6,26.9
1783926416.834,55.6,26.9
1783926417.869,55.6,26.9
1783926418.904,55.6,26.9
1783926419.939,55.6,26.9
1783926420.972,55.6,26.9
1783926422.004,55.6,26.9
1783926423.037,55.7,26.9
1783926424.07,55.6,26.9
1783926425.103,55.7,26.9
1783926426.127,55.7,26.9
1783926427.151,55.7,26.9
1783926428.183,55.7,26.9
1783926429.208,55.6,26.9
1783926430.232,55.7,26.9
1783926431.257,55.6,26.9
1783926432.282,55.7,26.9
1783926433.316,55.7,26.9
1783926434.349,55.6,26.9
1783926435.382,55.7,26.9
1783926436.406,55.7,26.9
1783926437.43,55.7,26.9
1783926438.454,55.7,26.9
1783926439.478,55.7,26.9
1783926440.512,55.7,26.9
1783926441.537,55.7,26.9
1783926442.57,55.7,26.9
1783926443.603,55.7,26.9
1783926444.637,55.7,26.9
1783926445.672,55.8,26.9
1783926446.7,55.8,26.9
1783926447.724,55.8,26.9
1783926448.758,55.8,26.9
1783926449.793,55.8,26.9
1783926450.818,55.8,26.9
1783926451.844,55.7,26.9
1783926452.879,55.8,26.9
1783926453.908,55.8,26.9
1783926454.942,55.8,27.0
1783926455.976,55.8,26.9
1783926457.01,55.8,26.9
1783926458.044,55.8,26.9
1783926459.079,55.8,26.9
1783926460.112,55.8,27.0
1783926461.146,55.8,26.9
1783926462.18,55.8,26.9
1783926463.205,55.8,26.9
1783926464.239,55.8,26.9
1783926465.273,55.8,26.9
1783926466.307,55.8,27.0
1783926467.334,55.8,26.9
1783926468.36,55.8,26.9
1783926469.394,55.8,27.0
1783926470.429,55.8,27.0
1783926471.463,55.8,26.9
1783926472.497,55.9,26.9
1783926473.522,55.8,26.9
1783926474.556,55.9,27.0
1783926475.591,55.9,27.0
1783926476.625,55.9,27.0
1783926477.659,56.0,27.0
1783926478.684,56.0,26.9
1783926479.71,56.0,27.0
1783926480.735,56.1,27.0
1783926481.76,56.1,27.0
1783926482.786,56.1,27.0
1783926483.811,56.1,27.0
1783926484.835,56.1,27.0
1783926485.86,56.1,26.9
1783926486.894,56.1,26.9
1783926487.924,56.1,27.0
1783926488.948,56.2,27.0
1783926489.982,56.2,27.0
1783926491.01,56.2,27.0
1783926492.044,56.2,27.0
1783926493.078,56.2,26.9
1783926494.112,56.2,26.9
1783926495.146,56.2,26.9
1783926496.17,56.2,27.0
1783926497.194,56.2,27.0
1783926498.227,56.2,27.0
1783926499.261,56.2,27.0
1783926500.295,56.2,27.0
1783926501.33,56.3,27.0
1783926502.364,56.2,27.0
1783926503.402,56.2,27.0
1783926504.436,56.2,27.0
1783926505.472,56.2,27.0
1783926506.506,56.2,27.0
1783926507.541,56.2,27.0
1783926508.578,56.2,27.0
1783926509.608,56.2,27.0
1783926510.633,56.3,27.0
1783926511.658,56.2,27.0
1783926512.692,56.2,27.0
1783926513.726,56.2,27.0
1783926514.752,56.2,27.0
1783926515.786,56.2,27.0
1783926516.812,56.3,27.0
1783926517.846,56.3,27.0
1783926518.88,56.2,27.0
1783926519.915,56.2,27.0
1783926520.948,56.3,27.0
1783926521.974,56.3,27.0
1783926523.008,56.2,27.0
1783926524.041,56.2,27.0
1783926525.074,56.2,27.0
1783926526.1,56.2,27.0
1783926527.126,56.2,27.0
1783926528.152,56.2,27.0
1783926529.18,56.1,27.0
1783926530.211,56.1,27.0
1783926531.237,56.0,27.0
1783926532.262,56.0,27.0
1783926533.286,56.0,27.0
1783926534.312,56.0,27.0
1783926535.339,55.9,27.0
1783926536.378,56.0,27.0
1783926537.412,55.9,27.0
1783926538.446,56.0,27.0
1783926539.48,56.0,27.0
1783926540.505,56.0,27.0
1783926541.531,55.9,27.0
1783926542.556,56.0,27.0
1783926543.59,56.0,27.0
1783926544.624,56.0,27.0
1783926545.658,56.0,27.0
1783926546.692,56.0,27.0
1783926547.736,56.0,27.0
1783926548.764,56.0,27.0
1783926549.789,55.9,27.0
1783926550.823,55.9,27.0
1783926551.857,55.9,26.9
1783926552.891,55.9,27.0
1783926553.926,55.9,27.0
1783926554.96,55.9,27.0
1783926555.985,55.9,27.0
1783926557.019,55.9,27.0
1783926558.052,55.9,27.0
1783926559.086,55.8,27.0
1783926560.12,55.9,27.0
1783926561.145,55.8,27.0
1783926562.178,55.8,27.0
1783926563.212,55.8,27.0
1783926564.245,55.8,27.0
1783926565.279,55.8,27.0
1783926566.316,55.8,27.0
1783926567.35,55.8,27.0
1783926568.384,55.8,27.0
1783926569.41,55.7,27.0
1783926570.437,55.7,27.0
1783926571.461,55.7,27.0
1783926572.486,55.7,27.0
1783926573.511,55.7,27.0
1783926574.541,55.7,27.0
1783926575.576,55.7,27.0
1783926576.61,55.5,27.0
1783926577.644,55.4,27.0
1783926578.676,55.3,27.0
1783926579.705,55.3,27.0
1783926580.728,55.3,27.0
1783926581.752,55.3,27.0
1783926582.776,55.3,27.0
1783926583.8,55.3,27.0
1783926584.824,55.3,27.0
1783926585.848,55.2,27.0
1783926586.872,55.2,27.0
1783926587.9,55.3,27.0
1783926588.925,55.3,27.0
1783926589.958,55.2,27.0
1783926590.99,55.2,27.0
1783926592.023,55.2,27.0
1783926593.056,55.2,27.0
1783926594.088,55.2,27.0
1783926595.121,55.2,27.0
1783926596.153,55.1,27.0
1783926597.177,55.1,27.0
1783926598.211,55.1,27.0
1783926599.246,55.0,27.0
1783926600.28,54.9,27.0
1783926601.314,54.8,27.0
1783926602.338,54.8,27.0
1783926603.372,54.7,27.0
1783926604.406,54.7,27.0
1783926605.44,54.6,27.0
1783926606.474,54.6,27.0
1783926607.507,54.6,27.0
1783926608.54,54.6,27.0
1783926609.566,54.4,27.0
1783926610.591,54.3,27.0
1783926611.624,54.3,27.0
1783926612.658,54.3,27.0
1783926613.692,54.2,27.0
1783926614.719,54.2,27.0
1783926615.744,54.3,27.0
1783926616.768,54.3,27.0
1783926617.793,54.3,27.0
1783926618.827,54.3,27.0
1783926619.861,54.3,27.0
1783926620.895,54.4,27.0
1783926621.92,54.3,27.0
1783926622.954,54.4,27.0
1783926623.988,54.4,27.0
1783926625.013,54.4,27.0
1783926626.048,54.4,27.0
1783926627.072,54.3,27.0
1783926628.099,54.2,27.0
1783926629.134,54.1,27.0
1783926630.16,54.0,27.0
1783926631.185,54.0,27.0
1783926632.21,53.9,27.0
1783926633.235,53.9,27.0
1783926634.26,53.9,27.0
1783926635.285,53.9,27.0
1783926636.311,54.0,27.0
1783926637.345,54.0,27.0
1783926638.379,54.0,27.0
1783926639.413,54.1,27.0
1783926640.447,54.1,27.0
1783926641.481,54.1,27.0
1783926642.505,54.1,27.0
1783926643.53,54.1,27.0
1783926644.562,54.1,27.0
1783926645.595,54.0,27.0
1783926646.628,54.0,27.0
1783926647.653,53.9,27.0
1783926648.678,53.8,27.0
1783926649.704,53.8,27.0
1783926650.737,53.8,27.0
1783926651.77,53.8,27.0
1783926652.794,53.8,27.0
1783926653.826,53.8,27.0
1783926654.859,53.8,27.0
1783926655.891,53.8,27.0
1783926656.924,53.8,27.0
1783926657.957,53.8,27.0
1783926658.981,53.8,27.0
1783926660.005,53.8,27.0
1783926661.029,53.8,27.0
1783926662.052,53.7,27.0
1783926663.086,53.8,27.0
1783926664.12,53.7,27.0
1783926665.154,53.7,27.0
1783926666.188,53.7,27.0
1783926667.222,53.7,27.0
1783926668.25,53.7,27.0
1783926669.275,53.7,27.0
1783926670.309,53.7,27.0
1783926671.343,53.6,27.0
1783926672.377,53.6,27.0
1783926673.402,53.6,27.0
1783926674.436,53.6,27.0
1783926675.47,53.6,27.0
1783926676.504,53.6,27.0
1783926677.531,53.6,27.0
1783926678.565,53.5,27.0
1783926679.6,53.6,27.0
1783926680.625,53.5,27.0
1783926681.65,53.5,27.0
1783926682.675,53.5,27.0
1783926683.7,53.5,27.0
1783926684.724,53.5,27.0
1783926685.749,53.4,27.0
1783926686.774,53.3,27.0
1783926687.799,53.1,27.0
1783926688.825,53.0,27.0
1783926689.851,53.0,27.0
1783926690.876,53.0,27.0
1783926691.9,53.0,27.0
1783926692.926,52.9,27.0
1783926693.952,52.9,27.0
1783926694.978,53.0,27.0
1783926696.004,53.0,27.0
1783926697.031,53.0,27.0
1783926698.056,53.0,27.0
1783926699.079,53.0,27.0
1783926700.104,53.0,27.0
1783926701.13,52.9,27.0
1783926702.154,52.9,27.0
1783926703.179,52.9,27.0
1783926704.204,52.8,27.0
1783926705.229,52.8,27.0
1783926706.254,52.7,27.0
1783926707.278,52.7,27.0
1783926708.304,52.7,27.0
1783926709.33,52.6,27.0
1783926710.356,52.6,27.0
1783926711.381,52.6,27.0
1783926712.406,52.6,27.0
1783926713.435,52.6,27.0
1783926714.46,52.5,27.0
1783926715.483,52.5,27.0
1783926716.508,52.5,27.0
1783926717.532,52.5,27.0
1783926718.556,52.4,27.0
1783926719.581,52.4,27.0
1783926720.606,52.4,27.0
1783926721.632,52.3,27.0
1783926722.657,52.3,27.0
1783926723.683,52.3,27.0
1783926724.708,52.3,27.0
1783926725.733,52.3,27.0
1783926726.758,52.3,27.0
1783926727.786,52.3,27.0
1783926728.81,52.3,27.0
1783926729.836,52.3,27.0
1783926730.868,52.2,27.0
1783926731.892,52.2,27.0
1783926732.918,52.2,27.0
1783926733.943,52.2,27.0
1783926734.969,52.1,27.0
1783926735.994,51.9,27.0
1783926737.019,51.8,27.0
1783926738.044,51.7,27.0
1783926739.078,51.6,27.0
1783926740.105,51.6,27.0
1783926741.139,51.6,27.0
1783926742.173,51.5,27.0
1783926743.208,51.5,27.0
1783926744.241,51.4,27.0
1783926745.275,51.5,27.0
1783926746.3,51.5,27.0
1783926747.328,51.5,27.0
1783926748.355,51.5,27.0
1783926749.381,51.5,27.0
1783926750.412,51.5,27.0
1783926751.446,51.5,27.0
1783926752.472,51.5,27.0
1783926753.498,51.5,27.0
1783926754.524,51.4,27.0
1783926755.558,51.4,27.0
1783926756.584,51.4,26.9
1783926757.617,51.4,27.0
1783926758.643,51.4,27.0
1783926759.669,51.4,27.0
1783926760.694,51.4,27.0
1783926761.72,51.4,27.0
1783926762.745,51.4,27.0
1783926763.771,51.4,27.0
1783926764.806,51.4,27.0
1783926765.831,51.4,27.0
1783926766.866,51.4,27.0
1783926767.892,51.4,27.0
1783926768.919,51.4,27.0
1783926769.959,51.3,27.0
1783926770.985,51.3,27.0
1783926772.011,51.2,27.0
1783926773.037,51.1,27.0
1783926774.062,51.1,26.9
1783926775.086,51.0,27.0
1783926776.111,51.0,27.0
1783926777.136,51.0,27.0
1783926778.163,51.0,27.0
1783926779.197,51.0,27.0
1783926780.222,51.0,27.0
1783926781.248,51.0,27.0
1783926782.273,51.0,26.9
1783926783.297,51.0,26.9
1783926784.32,51.0,27.0
1783926785.344,51.0,27.0
1783926786.368,51.0,27.0
1783926787.393,51.0,27.0
1783926788.42,51.0,27.0
1783926789.446,51.1,27.0
1783926790.47,51.1,27.0
1783926791.494,51.1,27.0
1783926792.518,51.2,27.0
1783926793.542,51.2,27.0
1783926794.566,51.2,27.0
1783926795.598,51.3,27.0
1783926796.631,51.3,27.0
1783926797.655,51.3,26.9
1783926798.679,51.3,27.0
1783926799.703,51.3,26.9
1783926800.727,51.2,26.9
1783926801.76,51.2,27.0
1783926802.784,51.2,27.0
1783926803.816,51.2,26.9
1783926804.84,51.1,26.9
1783926805.874,51.1,27.0
1783926806.9,51.0,27.0
1783926807.925,50.9,27.0
1783926808.953,50.9,27.0
1783926809.987,50.8,27.0
1783926811.022,50.8,26.9
1783926812.047,50.8,27.0
1783926813.072,50.8,27.0
1783926814.096,50.8,27.0
1783926815.13,50.8,27.0
1783926816.156,50.8,27.0
1783926817.182,50.8,27.0
1783926818.216,50.8,27.0
1783926819.241,50.8,27.0
1783926820.266,50.7,26.9
1783926821.291,50.7,27.0
1783926822.316,50.7,27.0
1783926823.34,50.7,27.0
1783926824.366,50.6,26.9
1783926825.4,50.6,27.0
1783926826.434,50.6,27.0
1783926827.46,50.5,27.0
1783926828.486,50.5,27.0
1783926829.513,50.5,26.9
1783926830.548,50.4,27.0
1783926831.581,50.5,27.0
1783926832.616,50.5,26.9
1783926833.641,50.4,27.0
1783926834.666,50.5,26.9
1783926835.691,50.4,26.9
1783926836.716,50.5,27.0
1783926837.741,50.5,26.9
1783926838.766,50.5,26.9
1783926839.802,50.5,26.9
1783926840.836,50.5,27.0
1783926841.862,50.4,26.9
1783926842.896,50.4,26.9
1783926843.931,50.4,27.0
1783926844.965,50.3,26.9
1783926845.999,50.3,26.9
1783926847.034,50.2,26.9
1783926848.068,50.2,26.9
1783926849.107,50.2,26.9
1783926850.135,50.2,27.0
1783926851.161,50.1,26.9
1783926852.187,50.1,26.9
1783926853.221,50.0,26.9
1783926854.256,49.9,26.9
1783926855.281,49.9,26.9
1783926856.316,49.9,26.9
1783926857.341,49.8,27.0
1783926858.376,49.8,26.9
1783926859.41,49.7,26.9
1783926860.445,49.7,26.9
1783926861.479,49.7,26.9
1783926862.504,49.7,26.9
1783926863.539,49.7,26.9
1783926864.577,49.8,26.9
1783926865.611,49.8,26.9
1783926866.636,49.8,26.9
1783926867.671,49.9,26.9
1783926868.695,49.9,26.9
1783926869.721,49.8,26.9
1783926870.746,49.9,26.9
1783926871.775,49.9,26.9
1783926872.801,49.9,26.9
1783926873.826,49.9,26.9
1783926874.852,49.9,26.9
1783926875.876,49.9,26.9
1783926876.9,49.9,26.9
1783926877.924,49.9,26.9
1783926878.948,49.9,26.9
1783926879.972,50.0,26.9
1783926880.996,50.0,26.9
1783926882.02,49.9,26.9
1783926883.044,50.0,26.9
1783926884.072,50.0,26.9
1783926885.096,50.0,26.9
1783926886.12,50.0,26.9
1783926887.144,50.0,26.9
1783926888.168,50.1,26.9
1783926889.192,50.1,26.9
1783926890.217,50.1,26.9
1783926891.242,50.1,26.9
1783926892.268,50.1,26.9
1783926893.293,50.2,26.9
1783926894.318,50.2,26.9
1783926895.342,50.2,26.9
1783926896.366,50.3,26.9
1783926897.391,50.3,26.9
1783926898.415,50.3,26.9
1783926899.44,50.4,26.9
1783926900.469,50.4,26.9
1783926901.495,50.4,26.9
1783926902.52,50.4,26.9
1783926903.543,50.4,26.9
1783926904.569,50.5,26.9
1783926905.594,50.5,26.9
1783926906.619,50.5,26.9
1783926907.643,50.5,26.9
1783926908.667,50.6,26.9
1783926909.692,50.7,26.9
1783926910.72,50.8,26.9
1783926911.747,50.9,26.9
1783926912.772,51.0,26.9
1783926913.797,51.0,26.9
1783926914.823,51.0,26.9
1783926915.849,51.1,26.9
1783926916.876,51.2,26.9
1783926917.902,51.2,26.9
1783926918.928,51.3,26.9
1783926919.952,51.3,26.9
1783926920.977,51.3,26.9
1783926922.003,51.3,26.9
1783926923.027,51.3,26.9
1783926924.052,51.3,26.9
1783926925.078,51.3,26.9
1783926926.103,51.4,26.9
1783926927.127,51.3,26.9
1783926928.152,51.3,26.9
1783926929.179,51.3,26.9
1783926930.205,51.3,26.9
1783926931.231,51.3,26.9
1783926932.256,51.4,26.9
1783926933.281,51.4,26.9
1783926934.306,51.4,26.9
1783926935.331,51.4,26.9
1783926936.357,51.4,26.9
1783926937.382,51.5,26.9
1783926938.407,51.5,26.9
1783926939.441,51.5,26.9
1783926940.467,51.5,26.9
1783926941.493,51.6,26.9
1783926942.528,51.6,26.9
1783926943.566,51.7,26.9
1783926944.603,51.7,26.9
1783926945.628,51.7,26.9
1783926946.654,51.8,26.9
1783926947.681,51.8,26.9
1783926948.709,51.9,26.9
1783926949.735,51.9,26.9
1783926950.77,51.9,26.9
1783926951.804,51.9,26.9
1783926952.829,52.0,26.9
1783926953.855,52.0,26.9
1783926954.881,52.0,26.9
1783926955.906,52.0,26.9
1783926956.932,52.0,26.9
1783926957.958,52.0,26.9
1783926958.982,52.0,26.9
1783926960.007,52.1,26.9
1783926961.04,52.1,26.9
1783926962.072,52.1,26.9
1783926963.105,52.2,26.9
1783926964.131,52.3,26.9
1783926965.164,52.3,26.9
1783926966.188,52.4,26.9
1783926967.221,52.4,26.9
1783926968.246,52.4,26.9
1783926969.272,52.4,26.9
1783926970.298,52.4,26.9
1783926971.323,52.4,26.9
1783926972.347,52.4,26.9
1783926973.372,52.4,26.9
1783926974.396,52.3,26.9
1783926975.43,52.4,26.9
1783926976.454,52.4,26.9
1783926977.479,52.4,26.9
1783926978.504,52.4,26.9
1783926979.527,52.3,26.9
1783926980.552,52.4,26.9
1783926981.585,52.4,26.9
1783926982.617,52.5,26.9
1783926983.641,52.5,26.9
1783926984.666,52.5,26.9
1783926985.69,52.5,26.9
1783926986.715,52.5,26.9
1783926987.739,52.5,26.9
1783926988.764,52.5,26.9
1783926989.79,52.5,26.9
1783926990.823,52.5,26.9
1783926991.848,52.5,26.9
1783926992.872,52.5,26.9
1783926993.904,52.5,26.9
1783926994.929,52.5,26.9
1783926995.962,52.5,26.9
1783926996.996,52.5,26.9
1783926998.023,52.5,26.9
1783926999.056,52.5,26.9
1783927000.091,52.5,26.9
1783927001.117,52.5,26.9
1783927002.144,52.5,26.9
1783927003.179,52.5,26.9
1783927004.213,52.5,26.9
1783927005.247,52.5,26.9
1783927006.273,52.5,26.9
1783927007.307,52.6,26.9
1783927008.332,52.6,26.9
1783927009.357,52.5,26.9
1783927010.386,52.5,26.9
1783927011.412,52.5,26.9
1783927012.446,52.5,26.9
1783927013.481,52.5,26.9
1783927014.506,52.5,26.9
1783927015.532,52.5,26.9
1783927016.557,52.6,26.9
1783927017.583,52.6,26.9
1783927018.608,52.7,26.9
1783927019.633,52.7,26.9
1783927020.658,52.7,26.9
1783927021.683,52.7,26.9
1783927022.708,52.8,26.9
1783927023.732,52.8,26.9
1783927024.765,52.8,26.9
1783927025.798,52.9,26.9
1783927026.823,52.9,26.9
1783927027.848,53.0,26.9
1783927028.874,52.9,26.9
1783927029.9,53.0,26.9
1783927030.927,53.0,26.9
1783927031.952,53.0,26.9
1783927032.976,53.0,26.9
1783927034.002,53.1,26.9
1783927035.037,53.1,26.9
1783927036.061,53.1,26.9
1783927037.086,53.1,26.9
1783927038.112,53.1,26.9
1783927039.137,53.2,26.9
1783927040.164,53.3,26.9
1783927041.19,53.3,26.9
1783927042.216,53.3,26.9
1783927043.244,53.3,26.9
1783927044.271,53.4,26.9
1783927045.296,53.4,26.9
1783927046.323,53.4,26.9
1783927047.351,53.4,26.9
1783927048.376,53.4,26.9
1783927049.404,53.5,26.9
1783927050.43,53.5,26.9
1783927051.464,53.6,26.9
1783927052.497,53.6,26.9
1783927053.532,53.6,26.9
1783927054.558,53.6,26.9
1783927055.592,53.6,26.9
1783927056.626,53.6,26.9
1783927057.652,53.6,26.9
1783927058.677,53.6,26.9
1783927059.702,53.7,26.9
1783927060.726,53.7,26.9
1783927061.752,53.8,26.9
1783927062.787,53.8,26.9
1783927063.82,53.8,26.9
1783927064.846,53.8,26.9
1783927065.871,53.9,26.9
1783927066.906,53.9,26.9
1783927067.931,53.9,26.9
1783927068.961,53.9,26.9
1783927069.987,53.9,26.9
1783927071.012,53.8,26.9
1783927072.038,53.9,26.9
1783927073.063,53.9,26.9
1783927074.089,53.9,26.9
1783927075.124,53.8,26.9
1783927076.149,53.9,26.9
1783927077.174,53.8,26.9
1783927078.199,53.8,26.9
1783927079.232,53.9,26.9
1783927080.264,53.8,26.9
1783927081.296,53.9,26.9
1783927082.32,53.9,26.9
1783927083.344,53.9,26.9
1783927084.376,54.0,26.9
1783927085.408,54.0,26.9
1783927086.44,54.0,26.9
1783927087.464,54.1,26.9
1783927088.491,54.1,26.9
1783927089.518,54.1,26.9
1783927090.543,54.1,26.9
1783927091.568,54.1,26.9
1783927092.593,54.1,26.9
1783927093.618,54.1,26.9
1783927094.644,54.1,26.9
1783927095.678,54.2,26.9
1783927096.712,54.2,26.9
1783927097.739,54.2,26.9
1783927098.773,54.2,26.9
1783927099.799,54.2,26.9
1783927100.824,54.2,26.9
1783927101.85,54.2,26.9
1783927102.875,54.2,26.9
1783927103.909,54.2,26.9
1783927104.936,54.2,26.9
1783927105.962,54.2,26.9
1783927106.987,54.2,26.9
1783927108.022,54.2,26.9
1783927109.051,54.1,26.9
1783927110.076,54.1,26.9
1783927111.101,54.1,26.9
1783927112.126,54.2,26.9
1783927113.16,54.2,26.9
1783927114.184,54.2,26.9
1783927115.217,54.2,27.0
1783927116.243,54.2,26.9
1783927117.277,54.2,26.9
1783927118.311,54.3,26.9
1783927119.337,54.3,26.9
1783927120.361,54.3,26.9
1783927121.388,54.3,27.0
1783927122.422,54.3,26.9
1783927123.447,54.3,27.0
1783927124.481,54.3,27.0
1783927125.507,54.3,27.0
1783927126.532,54.3,26.9
1783927127.566,54.3,26.9
1783927128.592,54.4,26.9
1783927129.617,54.6,27.0
1783927130.651,54.6,26.9
1783927131.689,54.7,26.9
1783927132.723,54.7,27.0
1783927133.749,54.7,27.0
1783927134.774,54.7,27.0
1783927135.808,54.7,26.9
1783927136.833,54.7,27.0
1783927137.858,54.7,27.0
1783927138.883,54.7,26.9
1783927139.919,54.7,27.0
1783927140.943,54.7,26.9
1783927141.967,54.8,26.9
1783927142.992,54.8,27.0
1783927144.018,54.8,27.0
1783927145.044,54.8,26.9
1783927146.069,54.8,27.0
1783927147.102,54.8,27.0
1783927148.129,54.8,27.0
1783927149.155,54.8,27.0
1783927150.181,54.9,26.9
1783927151.213,54.9,27.0
1783927152.245,54.9,27.0
1783927153.278,54.9,27.0
1783927154.311,54.9,27.0
1783927155.335,54.9,27.0
1783927156.367,54.9,26.9
1783927157.393,54.9,27.0
1783927158.426,55.0,27.0
1783927159.459,55.0,27.0
1783927160.491,55.0,27.0
1783927161.524,55.0,27.0
1783927162.548,55.0,27.0
1783927163.581,55.0,27.0
1783927164.614,55.0,27.0
1783927165.637,55.0,27.0
1783927166.662,55.1,27.0
1783927167.694,55.1,27.0
1783927168.736,55.1,27.0
1783927169.767,55.1,27.0
1783927170.805,55.0,27.0
1783927171.833,55.1,27.0
1783927172.865,55.1,27.0
1783927173.898,55.1,27.0
1783927174.93,55.0,27.0
1783927175.963,55.0,27.0
1783927176.996,55.0,27.0
1783927178.028,55.0,27.0
1783927179.061,55.0,27.0
1783927180.093,55.0,27.0
1783927181.126,55.0,27.0
1783927182.159,55.0,27.0
1783927183.191,55.1,27.0
1783927184.22,55.1,27.0
1783927185.252,55.1,27.0
1783927186.276,55.1,27.0
1783927187.3,55.1,27.0
1783927188.326,55.1,27.0
1783927189.352,55.1,27.0
1783927190.379,55.1,27.0
1783927191.407,55.1,27.0
1783927192.437,55.2,27.0
1783927193.462,55.2,27.0
1783927194.491,55.1,27.0
1783927195.524,55.2,27.0
1783927196.558,55.2,27.0
1783927197.592,55.2,27.0
1783927198.625,55.2,27.0
1783927199.648,55.3,27.0
1783927200.681,55.3,27.0
1783927201.713,55.3,27.0
1783927202.746,55.3,27.0
1783927203.779,55.4,27.0
1783927204.803,55.4,27.0
1783927205.836,55.4,27.0
1783927206.861,55.4,27.0
1783927207.895,55.4,27.0
1783927208.929,55.4,27.0
1783927209.963,55.5,27.0
1783927210.989,55.5,27.0
1783927212.015,55.5,27.0
1783927213.05,55.5,27.0
1783927214.083,55.5,27.0
1783927215.108,55.5,27.0
1783927216.141,55.5,27.0
1783927217.175,55.5,27.0
1783927218.2,55.5,27.0
1783927219.234,55.6,27.0
1783927220.268,55.6,27.0
1783927221.293,55.6,27.0
1783927222.317,55.6,27.0
1783927223.35,55.6,27.0
1783927224.385,55.7,27.0
1783927225.41,55.7,27.0
1783927226.444,55.7,27.0
1783927227.468,55.7,27.0
1783927228.502,55.8,27.0
1783927229.536,55.8,27.0
1783927230.561,55.8,27.0
1783927231.587,55.9,27.0
1783927232.613,55.9,27.0
1783927233.647,55.9,27.0
1783927234.681,55.9,27.0
1783927235.714,56.0,27.0
1783927236.739,55.9,27.0
1783927237.764,55.9,27.0
1783927238.789,55.9,27.0
1783927239.814,55.9,27.0
1783927240.839,55.9,27.0
1783927241.865,55.9,27.0
1783927242.892,55.9,27.0
1783927243.916,55.9,27.0
1783927244.949,55.9,27.0
1783927245.975,55.9,27.0
1783927247.008,55.8,27.0
1783927248.032,55.8,27.0
1783927249.066,55.8,27.0
1783927250.099,55.8,27.0
1783927251.125,55.8,27.0
1783927252.152,55.8,27.0
1783927253.185,55.8,27.0
1783927254.21,55.8,27.0
1783927255.235,55.8,27.0
1783927256.26,55.8,27.0
1783927257.296,55.8,27.0
1783927258.33,55.8,27.0
1783927259.364,55.8,27.0
1783927260.389,55.9,27.0
1783927261.415,55.8,27.0
1783927262.44,55.9,27.0
1783927263.474,55.9,27.0
1783927264.498,56.0,27.0
1783927265.531,56.0,27.0
1783927266.565,56.0,27.0
1783927267.599,56.1,27.0
1783927268.625,56.0,27.0
1783927269.659,56.0,27.0
1783927270.694,56.1,27.0
1783927271.727,56.1,27.0
1783927272.754,56.1,27.0
1783927273.788,56.1,27.0
1783927274.823,56.0,27.0
1783927275.856,56.1,27.0
1783927276.882,56.2,27.0
1783927277.916,56.2,27.0
1783927278.94,56.2,27.0
1783927279.974,56.3,27.1
1783927281.009,56.3,27.0
1783927282.036,56.3,27.1
1783927283.07,56.3,27.1
1783927284.095,56.3,27.0
1783927285.119,56.3,27.0
1783927286.144,56.3,27.0
1783927287.168,56.3,27.0
1783927288.191,56.3,27.0
1783927289.215,56.3,27.0
1783927290.247,56.3,27.1
1783927291.271,56.3,27.0
1783927292.3,56.3,27.0
1783927293.324,56.3,27.1
1783927294.348,56.4,27.1
1783927295.372,56.4,27.1
1783927296.396,56.3,27.1
1783927297.433,56.3,27.0
1783927298.457,56.3,27.1
1783927299.49,56.3,27.1
1783927300.516,56.3,27.1
1783927301.54,56.4,27.1
1783927302.565,56.4,27.1
1783927303.589,56.3,27.1
1783927304.622,56.3,27.0
1783927305.646,56.3,27.1
1783927306.671,56.3,27.1
1783927307.704,56.3,27.1
1783927308.728,56.3,27.0
1783927309.76,56.2,27.0
1783927310.786,56.2,27.1
1783927311.813,56.3,27.1
1783927312.851,56.3,27.1
1783927313.875,56.2,27.1
1783927314.899,56.2,27.1
1783927315.923,56.2,27.1
1783927316.947,56.2,27.1
1783927317.98,56.2,27.0
1783927319.004,56.2,27.1
1783927320.038,56.2,27.1
1783927321.063,56.2,27.1
1783927322.087,56.1,27.1
1783927323.12,56.1,27.1
1783927324.15,56.1,27.1
1783927325.174,56.1,27.1
1783927326.198,56.1,27.0
1783927327.222,56.1,27.1
1783927328.254,56.1,27.1
1783927329.287,56.1,27.1
1783927330.315,56.1,27.1
1783927331.344,56.1,27.1
1783927332.37,56.1,27.1
1783927333.396,56.1,27.1
1783927334.431,56.0,27.1
1783927335.464,56.0,27.0
1783927336.497,56.0,27.1
1783927337.531,56.0,27.1
1783927338.564,56.0,27.1
1783927339.59,56.0,27.1
1783927340.624,56.0,27.1
1783927341.65,56.0,27.1
1783927342.683,56.0,27.1
1783927343.708,56.0,27.1
1783927344.733,56.0,27.0
1783927345.757,56.0,27.1
1783927346.78,55.9,27.1
1783927347.805,55.9,27.0
1783927348.828,55.9,27.0
1783927349.853,55.9,27.1
1783927350.877,55.9,27.1
1783927351.906,55.9,27.1
1783927352.931,55.8,27.1
1783927353.955,55.8,27.1
1783927354.979,55.8,27.1
1783927356.005,55.8,27.1
1783927357.04,55.8,27.1
1783927358.065,55.8,27.1
1783927359.1,55.8,27.1
1783927360.126,55.8,27.1
1783927361.16,55.8,27.1
1783927362.184,55.8,27.1
1783927363.217,55.8,27.1
1783927364.242,55.7,27.1
1783927365.276,55.7,27.1
1783927366.301,55.6,27.1
1783927367.326,55.6,27.1
1783927368.352,55.5,27.1
1783927369.377,55.5,27.1
1783927370.405,55.5,27.1
1783927371.431,55.5,27.1
1783927372.458,55.5,27.1
1783927373.482,55.4,27.1
1783927374.508,55.5,27.1
1783927375.541,55.5,27.1
1783927376.567,55.4,27.1
1783927377.591,55.4,27.1
1783927378.624,55.4,27.1
1783927379.659,55.2,27.1
1783927380.692,55.1,27.1
1783927381.719,55.0,27.1
1783927382.753,55.0,27.1
1783927383.787,55.0,27.1
1783927384.821,55.0,27.1
1783927385.856,55.0,27.1
1783927386.89,55.0,27.1
1783927387.925,55.1,27.1
1783927388.95,55.1,27.1
1783927389.984,55.0,27.1
1783927391.019,55.0,27.1
1783927392.063,55.0,27.1
1783927393.09,55.0,27.1
1783927394.119,55.0,27.1
1783927395.144,54.9,27.1
1783927396.169,54.9,27.1
1783927397.193,54.8,27.1
1783927398.218,54.8,27.1
1783927399.252,54.7,27.1
1783927400.286,54.7,27.1
1783927401.32,54.7,27.1
1783927402.346,54.7,27.1
1783927403.38,54.7,27.1
1783927404.405,54.7,27.1
1783927405.439,54.7,27.1
1783927406.473,54.6,27.1
1783927407.507,54.6,27.1
1783927408.541,54.6,27.1
1783927409.575,54.7,27.1
1783927410.61,54.7,27.1
1783927411.644,54.6,27.1
1783927412.67,54.4,27.1
1783927413.696,54.3,27.1
1783927414.721,54.2,27.1
1783927415.746,54.1,27.1
1783927416.773,54.1,27.1
1783927417.798,54.1,27.1
1783927418.832,54.0,27.1
1783927419.856,54.1,27.1
1783927420.882,54.0,27.1
1783927421.907,54.0,27.1
1783927422.932,54.0,27.1
1783927423.967,54.0,27.1
1783927424.992,54.0,27.1
1783927426.016,54.0,27.1
1783927427.048,54.1,27.1
1783927428.08,54.1,27.1
1783927429.113,54.1,27.1
1783927430.137,54.2,27.1
1783927431.17,54.2,27.0
1783927432.2,54.2,27.1
1783927433.226,54.2,27.1
1783927434.256,54.1,27.1
1783927435.28,54.1,27.1
1783927436.312,54.1,27.1
1783927437.336,54.1,27.1
1783927438.36,54.1,27.0
1783927439.384,54.0,27.1
1783927440.408,54.0,27.1
1783927441.441,54.0,27.1
1783927442.464,54.0,27.1
1783927443.488,54.0,27.1
1783927444.512,54.0,27.1
1783927445.537,54.0,27.1
1783927446.561,54.0,27.1
1783927447.585,54.0,27.1
1783927448.609,54.0,27.1
1783927449.635,54.0,27.1
1783927450.66,54.0,27.1
1783927451.69,53.9,27.1
1783927452.718,53.9,27.1
1783927453.751,53.9,27.1
1783927454.776,53.9,27.1
1783927455.8,53.8,27.1
1783927456.824,53.7,27.1
1783927457.848,53.6,27.1
1783927458.872,53.5,27.1
1783927459.895,53.4,27.1
1783927460.919,53.4,27.1
1783927461.952,53.3,27.1
1783927462.976,53.4,27.1
1783927464.009,53.4,27.1
1783927465.034,53.4,27.1
1783927466.058,53.4,27.1
1783927467.091,53.4,27.1
1783927468.123,53.5,27.1
1783927469.148,53.4,27.1
1783927470.172,53.4,27.1
1783927471.198,53.4,27.1
1783927472.226,53.4,27.1
1783927473.252,53.4,27.1
1783927474.277,53.4,27.1
1783927475.302,53.4,27.1
1783927476.327,53.4,27.1
1783927477.354,53.4,27.1
1783927478.379,53.4,27.1
1783927479.405,53.4,27.1
1783927480.43,53.4,27.1
1783927481.456,53.4,27.1
1783927482.481,53.3,27.1
1783927483.515,53.3,27.1
1783927484.541,53.3,27.1
1783927485.567,53.4,27.1
1783927486.601,53.4,27.1
1783927487.628,53.4,27.1
1783927488.653,53.4,27.1
1783927489.687,53.3,27.1
1783927490.719,53.3,27.1
1783927491.746,53.2,27.1
1783927492.772,53.1,27.1
1783927493.798,53.0,27.1
1783927494.832,53.0,27.1
1783927495.865,52.9,27.0
1783927496.89,53.0,27.1
1783927497.916,52.9,27.0
1783927498.941,52.9,27.1
1783927499.965,53.0,27.1
1783927500.99,52.9,27.1
1783927502.015,52.9,27.1
1783927503.042,52.8,27.1
1783927504.076,52.8,27.1
1783927505.109,52.8,27.1
1783927506.134,52.9,27.1
1783927507.168,52.9,27.0
1783927508.193,52.9,27.1
1783927509.218,52.9,27.1
1783927510.252,52.9,27.1
1783927511.279,52.9,27.0
1783927512.308,52.8,27.1
1783927513.34,52.8,27.1
1783927514.374,52.8,27.1
1783927515.408,52.8,27.0
1783927516.442,52.8,27.1
1783927517.476,52.7,27.0
1783927518.501,52.6,27.1
1783927519.527,52.5,27.0
1783927520.561,52.5,27.0
1783927521.595,52.4,27.0
1783927522.629,52.3,27.0
1783927523.654,52.3,27.1
1783927524.689,52.2,27.1
1783927525.715,52.2,27.1
1783927526.749,52.1,27.1
1783927527.783,52.1,27.0
1783927528.808,52.1,27.1
1783927529.842,52.1,27.1
1783927530.876,52.1,27.1
1783927531.9,52.1,27.1
1783927532.926,52.1,27.1
1783927533.951,52.0,27.1
1783927534.975,52.1,27.1
1783927536.01,52.1,27.1
1783927537.044,52.1,27.1
1783927538.068,52.1,27.1
1783927539.092,52.1,27.0
1783927540.117,52.1,27.0
1783927541.14,52.1,27.1
1783927542.167,52.0,27.0
1783927543.192,52.0,27.0
1783927544.216,52.0,27.0
1783927545.241,51.9,27.0
1783927546.266,51.9,27.0
1783927547.291,51.9,27.1
1783927548.323,51.9,27.0
1783927549.356,51.9,27.1
1783927550.38,51.9,27.1
1783927551.407,51.8,27.0
1783927552.436,51.6,27.0
1783927553.461,51.5,27.0
1783927554.486,51.6,27.0
1783927555.511,51.5,27.1
1783927556.536,51.6,27.0
1783927557.56,51.6,27.0
1783927558.584,51.5,27.0
1783927559.608,51.5,27.0
1783927560.632,51.5,27.1
1783927561.667,51.5,27.0
1783927562.691,51.4,27.0
1783927563.715,51.4,27.1
1783927564.739,51.4,27.0
1783927565.764,51.4,27.0
1783927566.788,51.4,27.0
1783927567.821,51.3,27.0
1783927568.847,51.3,27.0
1783927569.871,51.3,27.0
1783927570.904,51.2,27.1
1783927571.929,51.2,27.0
1783927572.954,51.2,27.0
1783927573.98,51.2,27.0
1783927575.006,51.1,27.0
1783927576.031,51.1,27.0
1783927577.056,51.1,27.0
1783927578.08,51.1,27.0
1783927579.104,51.1,27.0
1783927580.128,51.1,27.0
1783927581.153,51.1,27.0
1783927582.179,51.1,27.0
1783927583.204,51.1,27.0
1783927584.232,51.1,27.0
1783927585.257,51.1,27.0
1783927586.281,51.1,27.0
1783927587.306,51.2,27.0
1783927588.331,51.2,27.0
1783927589.356,51.1,27.0
1783927590.38,51.1,27.0
1783927591.416,51.1,27.0
1783927592.44,51.1,27.0
1783927593.466,51.1,27.0
1783927594.499,51.1,27.0
1783927595.524,51.1,27.0
1783927596.548,51.1,27.0
1783927597.572,51.0,27.0
1783927598.607,51.0,27.0
1783927599.642,50.9,27.0
1783927600.667,50.9,27.0
1783927601.692,50.9,27.0
1783927602.716,50.8,27.0
1783927603.741,50.7,27.0
1783927604.766,50.7,27.0
1783927605.791,50.7,27.0
1783927606.816,50.6,27.0
1783927607.84,50.6,27.0
1783927608.864,50.6,27.0
1783927609.898,50.6,27.0
1783927610.931,50.5,27.0
1783927611.957,50.5,27.0
1783927612.989,50.6,27.0
1783927614.016,50.5,27.0
1783927615.05,50.6,27.0
1783927616.084,50.6,27.0
1783927617.117,50.5,27.0
1783927618.142,50.6,27.0
1783927619.168,50.5,27.0
1783927620.192,50.5,27.0
1783927621.226,50.5,27.0
1783927622.252,50.5,27.0
1783927623.276,50.5,27.0
1783927624.302,50.4,27.0
1783927625.335,50.3,27.0
1783927626.369,50.2,27.0
1783927627.396,50.2,27.0
1783927628.421,50.2,27.0
1783927629.446,50.2,27.0
1783927630.472,50.2,27.0
1783927631.499,50.2,27.0
1783927632.524,50.2,27.0
1783927633.548,50.1,27.0
1783927634.575,50.1,27.0
1783927635.607,50.0,27.0
1783927636.64,49.8,27.0
1783927637.674,49.8,27.0
1783927638.699,49.7,27.0
1783927639.728,49.7,27.0
1783927640.762,49.7,27.0
1783927641.796,49.7,27.0
1783927642.83,49.7,27.0
1783927643.861,49.7,27.0
1783927644.887,49.7,27.0
1783927645.92,49.8,27.0
1783927646.954,49.8,27.0
1783927647.98,49.8,27.0
1783927649.005,49.9,27.0
1783927650.03,49.9,27.0
1783927651.057,49.9,27.0
1783927652.083,49.9,27.0
1783927653.112,49.9,27.0
1783927654.147,50.0,27.0
1783927655.171,50.0,27.0
1783927656.196,50.0,27.0
1783927657.221,50.1,27.0
1783927658.246,50.0,27.0
1783927659.271,50.1,27.0
1783927660.296,50.1,27.0
1783927661.32,50.1,27.0
1783927662.346,50.1,27.0
1783927663.38,50.1,27.0
1783927664.404,50.1,27.0
1783927665.438,50.2,27.0
1783927666.464,50.2,27.0
1783927667.498,50.2,27.0
1783927668.534,50.2,27.0
1783927669.559,50.2,27.0
1783927670.587,50.2,27.0
1783927671.613,50.2,27.0
1783927672.637,50.3,27.0
1783927673.661,50.3,27.0
1783927674.696,50.3,27.0
1783927675.72,50.3,27.0
1783927676.754,50.3,27.0
1783927677.788,50.4,27.0
1783927678.823,50.4,27.0
1783927679.848,50.4,27.0
1783927680.872,50.4,27.0
1783927681.907,50.4,27.0
1783927682.932,50.4,27.0
1783927683.955,50.5,27.0
1783927684.988,50.4,27.0
1783927686.012,50.5,27.0
1783927687.036,50.5,27.0
1783927688.069,50.5,27.0
1783927689.102,50.5,27.0
1783927690.128,50.5,27.0
1783927691.152,50.5,27.0
1783927692.18,50.5,27.0
1783927693.212,50.6,27.0
1783927694.244,50.6,27.0
1783927695.277,50.6,27.0
1783927696.309,50.6,27.0
1783927697.344,50.6,27.0
1783927698.376,50.6,27.0
1783927699.408,50.7,27.0
1783927700.44,50.6,27.0
1783927701.472,50.7,27.0
1783927702.496,50.7,27.0
1783927703.52,50.7,27.0
1783927704.544,50.7,27.0
1783927705.568,50.7,27.0
1783927706.592,50.8,27.0
1783927707.617,50.7,27.0
1783927708.641,50.8,27.0
1783927709.667,50.8,27.0
1783927710.691,50.9,27.0
1783927711.715,50.9,27.0
1783927712.743,50.9,27.0
1783927713.772,51.0,27.0
1783927714.796,51.0,27.0
1783927715.82,51.0,27.0
1783927716.844,51.0,27.0
1783927717.868,51.0,27.0
1783927718.892,51.1,27.0
1783927719.916,51.1,27.0
1783927720.949,51.1,27.0
1783927721.973,51.1,27.0
1783927722.998,51.1,27.0
1783927724.022,51.2,27.0
1783927725.046,51.2,27.0
1783927726.07,51.2,27.0
1783927727.102,51.2,27.0
1783927728.135,51.3,27.0
1783927729.159,51.3,27.0
1783927730.185,51.3,27.0
1783927731.212,51.3,27.0
1783927732.237,51.3,27.0
1783927733.263,51.3,27.0
1783927734.287,51.4,27.0
1783927735.311,51.4,27.0
1783927736.344,51.5,27.0
1783927737.376,51.5,27.0
1783927738.408,51.5,27.0
1783927739.432,51.5,27.0
1783927740.459,51.6,27.0
1783927741.491,51.6,27.0
1783927742.524,51.6,27.0
1783927743.548,51.7,27.0
1783927744.572,51.7,27.0
1783927745.604,51.7,27.0
1783927746.636,51.8,27.0
1783927747.66,51.9,27.0
1783927748.693,51.9,26.9
1783927749.716,51.9,26.9
1783927750.749,52.0,27.0
1783927751.781,52.1,27.0
1783927752.807,52.1,27.0
1783927753.831,52.1,27.0
1783927754.855,52.1,27.0
1783927755.888,52.2,27.0
1783927756.92,52.1,27.0
1783927757.951,52.2,27.0
1783927758.975,52.3,27.0
1783927759.999,52.3,27.0
1783927761.022,52.3,27.0
1783927762.046,52.4,27.0
1783927763.069,52.4,27.0
1783927764.093,52.4,27.0
1783927765.119,52.5,27.0
1783927766.143,52.5,27.0
1783927767.167,52.5,27.0
1783927768.191,52.5,27.0
1783927769.215,52.5,27.0
1783927770.24,52.5,27.0
1783927771.267,52.5,27.0
1783927772.293,52.5,27.0
1783927773.316,52.5,27.0
1783927774.34,52.5,27.0
1783927775.365,52.5,27.0
1783927776.39,52.5,27.0
1783927777.416,52.4,27.0
1783927778.441,52.5,27.0
1783927779.465,52.5,27.0
1783927780.489,52.5,27.0
1783927781.513,52.5,27.0
1783927782.537,52.5,27.0
1783927783.561,52.5,27.0
1783927784.585,52.5,27.0
1783927785.61,52.5,27.0
1783927786.634,52.5,27.0
1783927787.658,52.5,27.0
1783927788.682,52.5,27.0
1783927789.707,52.5,26.9
1783927790.733,52.5,27.0
1783927791.76,52.6,27.0
1783927792.784,52.6,27.0
1783927793.808,52.6,27.0
1783927794.832,52.6,27.0
1783927795.857,52.7,26.9
1783927796.882,52.7,27.0
1783927797.908,52.7,27.0
1783927798.933,52.7,27.0
1783927799.958,52.7,27.0
1783927800.982,52.7,27.0
1783927802.007,52.7,27.0
1783927803.031,52.7,27.0
1783927804.056,52.7,27.0
1783927805.08,52.7,27.0
1783927806.104,52.7,27.0
1783927807.128,52.7,27.0
1783927808.154,52.7,27.0
1783927809.179,52.7,27.0
1783927810.207,52.7,27.0
1783927811.236,52.7,27.0
1783927812.261,52.7,27.0
1783927813.286,52.8,27.0
1783927814.31,52.8,27.0
1783927815.334,52.9,27.0
1783927816.359,52.9,27.0
1783927817.383,53.0,27.0
1783927818.408,53.0,26.9
1783927819.432,53.0,27.0
1783927820.456,53.0,27.0
1783927821.48,53.0,27.0
1783927822.505,53.0,27.0
1783927823.529,53.0,27.0
1783927824.553,53.0,27.0
1783927825.578,53.0,27.0
1783927826.604,52.9,27.0
1783927827.629,53.0,27.0
1783927828.654,53.0,27.0
1783927829.68,53.0,27.0
1783927830.706,53.0,27.0
1783927831.731,53.0,27.0
1783927832.755,53.0,27.0
1783927833.779,53.1,27.0
1783927834.803,53.1,27.0
1783927835.828,53.1,27.0
1783927836.852,53.2,27.0
1783927837.876,53.2,27.0
1783927838.9,53.3,27.0
1783927839.925,53.3,27.0
1783927840.949,53.3,27.0
1783927841.974,53.3,27.0
1783927842.999,53.3,27.0
1783927844.024,53.4,27.0
1783927845.048,53.3,27.0
1783927846.073,53.3,27.0
1783927847.099,53.4,27.0
1783927848.124,53.4,27.0
1783927849.149,53.4,27.0
1783927850.176,53.4,27.0
1783927851.202,53.4,27.0
1783927852.228,53.5,27.0
1783927853.266,53.5,27.0
1783927854.333,53.5,27.0
1783927855.39,53.5,27.0
1783927856.418,53.6,27.0
1783927857.452,53.6,27.0
1783927858.477,53.6,27.0
1783927859.512,53.6,27.0
1783927860.538,53.7,27.0
1783927861.563,53.7,27.0
1783927862.59,53.8,27.0
1783927863.623,53.8,27.0
1783927864.647,53.9,27.0
1783927865.673,53.9,27.0
1783927866.698,53.9,27.0
1783927867.724,53.9,27.0
1783927868.757,54.0,27.0
1783927869.783,53.9,27.0
1783927870.808,54.0,27.0
1783927871.833,54.0,27.0
1783927872.858,54.0,27.0
1783927873.883,53.9,27.0
1783927874.908,53.9,27.0
1783927875.933,53.9,27.0
1783927876.967,53.9,27.0
1783927877.991,53.9,27.0
1783927879.026,54.0,27.0
1783927880.052,54.0,27.0
1783927881.076,54.0,27.0
1783927882.109,54.1,27.0
1783927883.142,54.1,27.0
1783927884.166,54.1,27.0
1783927885.193,54.1,27.0
1783927886.218,54.1,27.0
1783927887.244,54.1,27.0
1783927888.27,54.1,27.0
1783927889.296,54.0,27.0
1783927890.32,54.1,27.0
1783927891.344,54.1,27.0
1783927892.368,54.1,27.0
1783927893.392,54.1,27.0
1783927894.416,54.1,27.0
1783927895.439,54.1,27.0
1783927896.464,54.1,27.0
1783927897.488,54.1,27.0
1783927898.512,54.1,27.0
1783927899.536,54.2,27.0
1783927900.561,54.2,27.0
1783927901.586,54.2,27.0
1783927902.619,54.2,27.0
1783927903.652,54.2,27.0
1783927904.676,54.2,27.0
1783927905.7,54.2,27.0
1783927906.733,54.3,27.0
1783927907.758,54.3,27.0
1783927908.785,54.3,27.0
1783927909.818,54.3,27.0
1783927910.843,54.2,27.0
1783927911.868,54.2,27.0
1783927912.894,54.3,27.0
1783927913.928,54.3,27.0
1783927914.96,54.3,27.0
1783927915.992,54.3,27.0
1783927917.016,54.3,27.0
1783927918.04,54.3,27.0
1783927919.064,54.3,27.0
1783927920.088,54.3,27.0
1783927921.112,54.3,27.0
1783927922.137,54.3,27.0
1783927923.161,54.3,27.0
1783927924.186,54.3,27.0
1783927925.211,54.3,27.0
1783927926.244,54.3,27.0
1783927927.27,54.4,27.0
1783927928.297,54.3,27.0
1783927929.321,54.4,27.0
1783927930.345,54.4,27.0
1783927931.369,54.4,27.0
1783927932.398,54.4,27.0
1783927933.431,54.5,27.0
1783927934.464,54.6,27.0
1783927935.496,54.6,27.0
1783927936.52,54.6,27.0
1783927937.553,54.6,27.0
1783927938.589,54.7,27.0
1783927939.618,54.7,27.0
1783927940.642,54.7,27.0
1783927941.667,54.7,27.0
1783927942.691,54.7,27.0
1783927943.724,54.7,27.0
1783927944.748,54.7,27.0
1783927945.772,54.7,27.0
1783927946.799,54.8,27.0
1783927947.826,54.8,27.0
1783927948.852,54.8,27.0
1783927949.876,54.8,27.0
1783927950.908,54.8,27.0
1783927951.94,54.8,27.0
1783927952.965,54.8,27.0
1783927953.989,54.8,27.0
1783927955.013,54.8,27.0
1783927956.038,54.8,27.0
1783927957.063,54.8,27.0
1783927958.096,54.8,27.0
1783927959.129,54.8,27.0
1783927960.161,54.9,27.0
1783927961.186,54.8,27.0
1783927962.219,54.8,27.0
1783927963.243,54.9,27.0
1783927964.27,54.8,27.0
1783927965.294,54.9,27.0
1783927966.318,54.8,27.0
1783927967.343,54.9,27.0
1783927968.367,54.9,27.0
1783927969.394,54.9,27.0
1783927970.42,54.9,27.0
1783927971.445,54.9,27.0
1783927972.47,54.9,27.0
1783927973.494,54.9,27.0
1783927974.519,54.9,27.0
1783927975.543,54.9,27.0
1783927976.568,54.9,27.0
1783927977.593,54.9,27.0
1783927978.619,54.9,27.0
1783927979.644,55.0,27.0
1783927980.67,55.0,27.0
1783927981.695,55.0,27.0
1783927982.72,55.0,27.0
1783927983.745,55.0,27.0
1783927984.769,55.0,27.0
1783927985.796,55.0,27.0
1783927986.825,55.0,27.0
1783927987.852,55.1,27.0
1783927988.877,55.1,27.0
1783927989.902,55.1,27.0
1783927990.927,55.1,27.0
1783927991.952,55.1,27.0
1783927992.978,55.1,27.0
1783927994.012,55.1,27.0
1783927995.046,55.1,27.0
1783927996.073,55.1,27.0
1783927997.099,55.2,27.0
1783927998.133,55.2,27.0
1783927999.167,55.2,27.0
1783928000.201,55.2,27.0
1783928001.237,55.2,27.0
1783928002.265,55.3,27.0
1783928003.299,55.3,27.0
1783928004.334,55.3,27.0
1783928005.359,55.3,27.0
1783928006.385,55.3,27.0
1783928007.411,55.4,27.0
1783928008.439,55.4,27.0
1783928009.473,55.4,27.0
1783928010.508,55.4,27.0
1783928011.542,55.5,27.0
1783928012.576,55.5,27.0
1783928013.611,55.5,27.0
1783928014.636,55.6,27.0
1783928015.662,55.6,27.0
1783928016.696,55.6,27.0
1783928017.721,55.7,27.0
1783928018.747,55.7,27.1
1783928019.771,55.7,27.0
1783928020.794,55.7,27.0
1783928021.821,55.7,27.0
1783928022.847,55.7,27.1
1783928023.871,55.7,27.0
1783928024.896,55.7,27.0
1783928025.92,55.7,27.0
1783928026.947,55.7,27.0
1783928027.976,55.6,27.0
1783928029.003,55.6,27.1
1783928030.027,55.6,27.0
1783928031.052,55.6,27.0
1783928032.076,55.6,27.0
1783928033.101,55.6,27.1
1783928034.127,55.6,27.1
1783928035.152,55.6,27.0
1783928036.183,55.6,27.0
1783928037.207,55.6,27.0
1783928038.231,55.7,27.0
1783928039.264,55.7,27.1
1783928040.288,55.7,27.1
1783928041.312,55.8,27.1
1783928042.345,55.8,27.1
1783928043.369,55.8,27.1
1783928044.394,55.8,27.0
1783928045.419,55.8,27.0
1783928046.444,55.8,27.1
1783928047.47,55.8,27.0
1783928048.498,55.8,27.1
1783928049.522,55.8,27.1
1783928050.547,55.8,27.1
1783928051.581,55.8,27.1
1783928052.606,55.8,27.0
1783928053.63,55.8,27.1
1783928054.664,55.7,27.1
1783928055.688,55.8,27.0
1783928056.72,55.7,27.0
1783928057.752,55.7,27.0
1783928058.785,55.8,27.1
1783928059.81,55.8,27.0
1783928060.844,55.8,27.1
1783928061.87,55.8,27.1
1783928062.894,55.8,27.1
1783928063.919,55.8,27.1
1783928064.944,55.8,27.0
1783928065.968,55.8,27.1
1783928067.002,55.8,27.1
1783928068.029,55.8,27.0
1783928069.054,55.9,27.1
1783928070.087,55.9,27.1
1783928071.112,55.9,27.1
1783928072.136,55.9,27.0
1783928073.161,55.9,27.1
1783928074.185,55.9,27.1
1783928075.209,55.9,27.1
1783928076.234,56.0,27.1
1783928077.26,56.0,27.0
1783928078.284,56.0,27.1
1783928079.308,56.0,27.0
1783928080.335,56.0,27.1
1783928081.36,56.0,27.1
1783928082.384,56.1,27.1
1783928083.408,56.1,27.1
1783928084.442,56.1,27.1
1783928085.467,56.1,27.1
1783928086.491,56.1,27.1
1783928087.517,56.2,27.1
1783928088.541,56.2,27.1
1783928089.575,56.2,27.1
1783928090.599,56.2,27.1
1783928091.624,56.2,27.1
1783928092.648,56.2,27.1
1783928093.672,56.2,27.1
1783928094.7,56.2,27.1
1783928095.725,56.2,27.1
1783928096.75,56.3,27.1
1783928097.782,56.3,27.1
1783928098.816,56.3,27.1
1783928099.842,56.2,27.1
1783928100.868,56.2,27.1
1783928101.893,56.2,27.1
1783928102.918,56.2,27.1
1783928103.944,56.2,27.1
1783928104.968,56.1,27.1
1783928105.994,56.1,27.1
1783928107.02,56.1,27.1
1783928108.047,56.1,27.1
1783928109.076,56.1,27.1
1783928110.109,56.1,27.1
1783928111.135,56.1,27.1
1783928112.159,56.0,27.1
1783928113.183,56.0,27.1
1783928114.217,56.0,27.1
1783928115.25,56.0,27.1
1783928116.274,56.0,27.1
1783928117.3,56.0,27.1
1783928118.325,56.0,27.1
1783928119.35,55.9,27.1
1783928120.376,55.9,27.1
1783928121.401,55.9,27.1
1783928122.427,55.9,27.1
1783928123.453,55.9,27.1
1783928124.478,55.8,27.1
1783928125.504,55.8,27.1
1783928126.532,55.8,27.1
1783928127.562,55.8,27.1
1783928128.587,55.8,27.1
1783928129.615,55.7,27.1
1783928130.64,55.6,27.1
1783928131.666,55.6,27.1
1783928132.692,55.6,27.1
1783928133.718,55.5,27.1
1783928134.752,55.5,27.1
1783928135.778,55.4,27.1
1783928136.803,55.4,27.1
1783928137.828,55.4,27.1
1783928138.852,55.4,27.1
1783928139.886,55.4,27.1
1783928140.912,55.4,27.1
1783928141.939,55.4,27.1
1783928142.972,55.4,27.1
1783928143.997,55.4,27.1
1783928145.023,55.4,27.1
1783928146.049,55.4,27.1
1783928147.076,55.4,27.1
1783928148.101,55.4,27.1
1783928149.126,55.3,27.1
1783928150.153,55.4,27.1
1783928151.2,55.3,27.1
1783928152.225,55.3,27.1
1783928153.254,55.3,27.1
1783928154.279,55.3,27.1
1783928155.305,55.3,27.1
1783928156.33,55.3,27.1
1783928157.356,55.3,27.1
1783928158.381,55.2,27.1
1783928159.407,55.2,27.1
1783928160.436,55.2,27.1
1783928161.463,55.2,27.1
1783928162.488,55.2,27.1
1783928163.514,55.2,27.1
1783928164.539,55.2,27.1
1783928165.563,55.2,27.1
1783928166.588,55.2,27.1
1783928167.616,55.2,27.1
1783928168.64,55.2,27.1
1783928169.666,55.2,27.1
1783928170.691,55.2,27.1
1783928171.715,55.2,27.1
1783928172.742,55.1,27.1
1783928173.767,55.1,27.1
1783928174.792,55.1,27.1
1783928175.816,55.1,27.1
1783928176.84,55.1,27.1
1783928177.864,55.1,27.1
1783928178.888,55.1,27.1
1783928179.914,55.1,27.1
1783928180.938,55.0,27.1
1783928181.963,55.1,27.1
1783928182.99,55.0,27.1
1783928184.02,55.0,27.1
1783928185.054,55.0,27.1
1783928186.08,54.9,27.1
1783928187.107,54.9,27.1
1783928188.134,54.9,27.1
1783928189.159,54.8,27.1
1783928190.183,54.8,27.1
1783928191.216,54.7,27.1
1783928192.24,54.7,27.1
1783928193.265,54.7,27.1
1783928194.289,54.6,27.1
1783928195.312,54.7,27.1
1783928196.345,54.6,27.1
1783928197.378,54.6,27.1
1783928198.402,54.6,27.1
1783928199.427,54.6,27.1
1783928200.45,54.6,27.1
1783928201.475,54.6,27.1
1783928202.5,54.5,27.1
1783928203.533,54.5,27.1
1783928204.558,54.5,27.1
1783928205.592,54.4,27.1
1783928206.618,54.4,27.2
1783928207.646,54.4,27.1
1783928208.67,54.3,27.1
1783928209.703,54.3,27.1
1783928210.728,54.2,27.1
1783928211.76,54.2,27.1
1783928212.793,54.2,27.1
1783928213.827,54.1,27.1
1783928214.86,54.1,27.1
1783928215.887,54.1,27.1
1783928216.922,54.0,27.1
1783928217.946,53.9,27.1
1783928218.979,53.9,27.1
1783928220.012,53.9,27.1
1783928221.036,53.9,27.1
1783928222.07,53.9,27.1
1783928223.105,53.9,27.1
1783928224.14,53.9,27.1
1783928225.166,53.9,27.1
1783928226.191,53.9,27.1
1783928227.218,53.9,27.1
1783928228.251,53.9,27.1
1783928229.278,53.9,27.1
1783928230.303,53.9,27.1
1783928231.328,53.9,27.1
1783928232.354,54.0,27.1
1783928233.38,54.0,27.1
1783928234.407,54.0,27.1
1783928235.432,54.0,27.1
1783928236.456,53.9,27.1
1783928237.482,53.8,27.1
1783928238.507,53.8,27.1
1783928239.531,53.7,27.1
1783928240.565,53.7,27.1
1783928241.599,53.7,27.1
1783928242.633,53.6,27.1
1783928243.667,53.6,27.1
1783928244.701,53.6,27.1
1783928245.735,53.5,27.1
1783928246.761,53.5,27.1
1783928247.787,53.6,27.1
1783928248.82,53.6,27.1
1783928249.854,53.6,27.1
1783928250.888,53.6,27.1
1783928251.915,53.6,27.1
1783928252.949,53.6,27.1
1783928253.983,53.6,27.1
1783928255.008,53.7,27.1
1783928256.042,53.6,27.1
1783928257.065,53.6,27.1
1783928258.099,53.6,27.1
1783928259.132,53.5,27.1
1783928260.166,53.5,27.1
1783928261.2,53.4,27.1
1783928262.235,53.3,27.1
1783928263.27,53.2,27.1
1783928264.304,53.1,27.1
1783928265.338,53.1,27.1
1783928266.373,53.0,27.1
1783928267.408,53.0,27.1
1783928268.436,53.0,27.1
1783928269.462,53.0,27.1
1783928270.496,53.0,27.1
1783928271.523,53.0,27.1
1783928272.557,52.9,27.1
1783928273.591,52.9,27.1
1783928274.616,52.9,27.1
1783928275.648,52.9,27.1
1783928276.68,52.9,27.1
1783928277.704,52.9,27.1
1783928278.728,52.9,27.1
1783928279.752,52.9,27.1
1783928280.776,52.9,27.1
1783928281.801,52.9,27.1
1783928282.827,53.0,27.1
1783928283.849,52.9,27.1
1783928284.873,52.9,27.1
1783928285.906,52.9,27.1
1783928286.939,52.9,27.1
1783928287.964,52.9,27.1
1783928288.989,52.8,27.1
1783928290.012,52.8,27.1
1783928291.046,52.8,27.1
1783928292.08,52.8,27.1
1783928293.113,52.8,27.1
1783928294.147,52.8,27.1
1783928295.182,52.7,27.1
1783928296.216,52.6,27.1
1783928297.25,52.6,27.1
1783928298.284,52.6,27.1
1783928299.309,52.5,27.1
1783928300.343,52.4,27.1
1783928301.368,52.4,27.1
1783928302.393,52.4,27.1
1783928303.426,52.3,27.1
1783928304.452,52.3,27.1
1783928305.486,52.2,27.1
1783928306.52,52.1,27.1
1783928307.554,52.1,27.1
1783928308.587,52.1,27.1
1783928309.614,52.1,27.1
1783928310.649,52.0,27.1
1783928311.683,52.0,27.1
1783928312.716,52.0,27.1
1783928313.751,51.9,27.1
1783928314.785,51.9,27.1
1783928315.82,51.9,27.1
1783928316.846,51.9,27.1
1783928317.872,52.0,27.1
1783928318.906,52.0,27.1
1783928319.94,52.0,27.1
1783928320.973,51.9,27.1
1783928322.007,52.0,27.1
1783928323.033,51.9,27.1
1783928324.059,51.9,27.1
1783928325.084,51.9,27.1
1783928326.11,51.9,27.1
1783928327.136,51.9,27.1
1783928328.161,52.0,27.1
1783928329.189,51.9,27.1
1783928330.216,51.9,27.1
1783928331.24,51.9,27.1
1783928332.267,51.8,27.1
1783928333.3,51.8,27.1
1783928334.326,51.8,27.1
1783928335.358,51.8,27.1
1783928336.391,51.8,27.1
1783928337.423,51.8,27.1
1783928338.448,51.7,27.1
1783928339.481,51.6,27.1
1783928340.506,51.5,27.1
1783928341.531,51.5,27.1
1783928342.561,51.5,27.1
1783928343.586,51.4,27.1
1783928344.62,51.4,27.1
1783928345.654,51.3,27.1
1783928346.679,51.3,27.1
1783928347.706,51.2,27.1
1783928348.739,51.2,27.1
1783928349.764,51.2,27.1
1783928350.798,51.2,27.1
1783928351.824,51.2,27.1
1783928352.848,51.2,27.1
1783928353.872,51.2,27.1
1783928354.897,51.2,27.1
1783928355.922,51.2,27.1
1783928356.947,51.2,27.1
1783928357.972,51.1,27.1
1783928358.996,51.0,27.1
1783928360.03,51.0,27.1
1783928361.063,50.9,27.1
1783928362.088,51.0,27.1
1783928363.112,51.0,27.1
1783928364.136,50.9,27.1
1783928365.17,50.9,27.1
1783928366.204,50.9,27.1
1783928367.228,50.9,27.1
1783928368.256,50.8,27.1
1783928369.282,50.8,27.1
1783928370.307,50.9,27.1
1783928371.332,50.9,27.1
1783928372.357,50.9,27.1
1783928373.385,50.9,27.1
1783928374.411,50.9,27.0
1783928375.436,50.9,27.1
1783928376.471,50.9,27.0
1783928377.505,50.9,27.1
1783928378.54,50.9,27.1
1783928379.568,50.9,27.1
1783928380.592,50.8,27.1
1783928381.617,50.8,27.1
1783928382.643,50.8,27.1
1783928383.668,50.8,27.0
1783928384.692,50.8,27.1
1783928385.719,50.8,27.0
1783928386.745,50.8,27.0
1783928387.776,50.8,27.1
1783928388.805,50.7,27.0
1783928389.84,50.7,27.1
1783928390.866,50.5,27.0
1783928391.891,50.4,27.1
1783928392.915,50.4,27.0
1783928393.949,50.4,27.0
1783928394.977,50.3,27.0
1783928396.002,50.3,27.1
1783928397.038,50.4,27.1
1783928398.064,50.4,27.1
1783928399.087,50.4,27.0
1783928400.12,50.4,27.0
1783928401.153,50.4,27.1
1783928402.185,50.4,27.1
1783928403.218,50.4,27.1
1783928404.25,50.3,27.0
1783928405.275,50.2,27.1
1783928406.307,50.2,27.1
1783928407.333,50.2,27.0
1783928408.364,50.2,27.1
1783928409.396,50.2,27.1
1783928410.428,50.3,27.0
1783928411.46,50.3,27.0
1783928412.485,50.3,27.1
1783928413.51,50.3,27.1
1783928414.534,50.3,27.0
1783928415.561,50.3,27.0
1783928416.595,50.3,27.1
1783928417.622,50.3,27.0
1783928418.649,50.4,27.1
1783928419.674,50.4,27.0
1783928420.699,50.4,27.0
1783928421.724,50.4,27.1
1783928422.758,50.3,27.0
1783928423.783,50.2,27.1
1783928424.809,50.1,27.1
1783928425.835,50.1,27.0
1783928426.865,50.1,27.0
1783928427.892,50.0,27.0
1783928428.925,50.0,27.0
1783928429.95,50.0,27.1
1783928430.975,50.1,27.1
1783928432.0,50.1,27.0
1783928433.024,50.0,27.1
1783928434.052,50.0,27.0
1783928435.077,50.0,27.1
1783928436.102,50.0,27.0
1783928437.135,50.0,27.0
1783928438.16,50.0,27.1
1783928439.184,49.9,27.0
1783928440.216,49.9,27.0
1783928441.248,49.9,27.0
1783928442.28,49.8,27.0
1783928443.312,49.8,27.0
1783928444.344,49.8,27.0
1783928445.376,49.8,27.0
1783928446.403,49.8,27.0
1783928447.432,49.8,27.0
1783928448.457,49.8,27.0
1783928449.49,49.9,27.0
1783928450.527,49.9,27.0
1783928451.562,49.9,27.0
1783928452.587,49.9,27.0
1783928453.612,49.9,27.0
1783928454.637,49.9,27.0
1783928455.662,49.9,27.0
1783928456.688,50.0,27.0
1783928457.725,50.0,27.1
1783928458.758,50.0,27.0
1783928459.783,50.0,27.0
1783928460.808,50.0,27.0
1783928461.832,49.9,27.0
1783928462.865,49.9,27.0
1783928463.888,49.9,27.0
1783928464.912,49.9,27.0
1783928465.939,49.9,27.0
1783928466.971,50.0,27.0
1783928468.001,50.0,27.0
1783928469.035,50.0,27.0
1783928470.07,50.1,27.0
1783928471.104,50.1,27.0
1783928472.128,50.1,27.0
1783928473.153,50.1,27.0
1783928474.188,50.1,27.0
1783928475.222,50.2,27.0
1783928476.247,50.2,27.0
1783928477.272,50.1,27.0
1783928478.299,50.1,27.0
1783928479.333,50.1,27.0
1783928480.368,50.1,27.0
1783928481.402,50.0,27.0
1783928482.43,49.9,27.0
1783928483.456,49.9,27.0
1783928484.481,49.8,27.0
1783928485.507,49.7,27.0
1783928486.533,49.7,27.0
1783928487.56,49.7,27.0
1783928488.586,49.7,27.0
1783928489.613,49.7,27.0
1783928490.648,49.8,27.0
1783928491.682,49.8,27.0
1783928492.716,49.9,27.0
1783928493.751,49.9,27.0
1783928494.785,49.9,27.0
1783928495.811,50.0,27.0
1783928496.836,50.0,27.0
1783928497.861,50.1,27.0
1783928498.886,50.1,27.0
1783928499.912,50.1,27.0
1783928500.94,50.2,27.0
1783928501.964,50.3,27.0
1783928502.988,50.4,27.0
1783928504.013,50.5,27.0
1783928505.047,50.6,27.0
1783928506.078,50.6,27.0
1783928507.107,50.6,27.0
1783928508.137,50.6,27.0
1783928509.16,50.6,27.0
1783928510.184,50.6,27.0
1783928511.208,50.7,27.0
1783928512.24,50.7,27.0
1783928513.274,50.7,27.0
1783928514.299,50.7,27.0
1783928515.332,50.8,27.0
1783928516.366,50.8,27.0
1783928517.399,50.9,27.0
1783928518.432,51.0,27.0
1783928519.464,51.0,27.0
1783928520.491,51.1,27.0
1783928521.524,51.2,27.0
1783928522.556,51.2,27.0
1783928523.58,51.3,27.0
1783928524.613,51.4,27.0
1783928525.645,51.4,27.0
1783928526.67,51.4,27.0
1783928527.696,51.5,27.0
1783928528.719,51.5,27.0
1783928529.752,51.5,27.0
1783928530.784,51.5,27.0
1783928531.816,51.6,27.0
1783928532.841,51.6,27.0
1783928533.866,51.6,27.0
1783928534.899,51.7,27.0
1783928535.925,51.7,27.0
1783928536.95,51.7,27.0
1783928537.975,51.8,27.0
1783928539.001,51.8,27.0
1783928540.028,51.9,27.0
1783928541.052,51.9,27.0
1783928542.076,51.9,27.0
1783928543.1,51.9,27.0
1783928544.136,51.9,27.0
1783928545.161,52.0,27.0
1783928546.189,52.0,27.0
1783928547.215,52.1,27.0
1783928548.242,52.1,27.0
1783928549.276,52.1,27.0
1783928550.301,52.2,27.0
1783928551.335,52.2,27.0
1783928552.369,52.2,27.0
1783928553.403,52.2,27.0
1783928554.43,52.2,27.0
1783928555.455,52.3,27.0
1783928556.489,52.3,27.0
1783928557.523,52.3,27.0
1783928558.558,52.3,27.0
1783928559.584,52.3,27.0
1783928560.619,52.3,27.0
1783928561.653,52.3,27.0
1783928562.688,52.3,27.0
1783928563.722,52.3,27.0
1783928564.757,52.3,27.0
1783928565.791,52.3,27.0
1783928566.826,52.3,27.0
1783928567.855,52.3,27.0
1783928568.88,52.3,27.0
1783928569.906,52.3,27.0
1783928570.94,52.3,27.0
1783928571.966,52.3,27.0
1783928573.0,52.3,27.0
1783928574.028,52.3,27.0
1783928575.052,52.3,27.0
1783928576.081,52.3,27.0
1783928577.115,52.3,27.0
1783928578.149,52.3,27.0
1783928579.174,52.3,27.0
1783928580.208,52.3,27.0
1783928581.243,52.3,27.0
1783928582.276,52.3,27.0
1783928583.31,52.3,27.0
1783928584.336,52.3,27.0
1783928585.362,52.3,27.0
1783928586.393,52.4,27.0
1783928587.421,52.3,27.0
1783928588.447,52.4,27.0
1783928589.472,52.4,27.0
1783928590.506,52.4,27.0
1783928591.54,52.4,27.0
1783928592.564,52.4,27.0
1783928593.598,52.4,27.0
1783928594.632,52.4,27.0
1783928595.666,52.5,27.0
1783928596.7,52.5,27.0
1783928597.734,52.5,27.0
1783928598.768,52.5,27.0
1783928599.793,52.5,27.0
1783928600.819,52.5,27.0
1783928601.844,52.5,27.0
1783928602.868,52.6,27.0
1783928603.895,52.6,27.0
1783928604.92,52.6,27.0
1783928605.954,52.6,27.0
1783928606.983,52.6,27.0
1783928608.01,52.7,27.0
1783928609.044,52.7,27.0
1783928610.068,52.7,27.0
1783928611.092,52.7,27.0
1783928612.126,52.7,27.0
1783928613.159,52.7,27.0
1783928614.194,52.8,27.0
1783928615.219,52.8,27.0
1783928616.252,52.8,27.0
1783928617.276,52.8,27.0
1783928618.311,52.9,27.0
1783928619.345,53.0,27.0
1783928620.37,53.1,27.0
1783928621.404,53.1,27.0
1783928622.438,53.1,27.0
1783928623.472,53.1,27.0
1783928624.506,53.1,27.0
1783928625.53,53.2,27.0
1783928626.566,53.2,27.0
1783928627.594,53.2,27.0
1783928628.62,53.2,27.0
1783928629.655,53.3,27.0
1783928630.684,53.4,27.0
1783928631.708,53.4,27.0
1783928632.733,53.4,27.0
1783928633.758,53.5,27.0
1783928634.787,53.5,27.0
1783928635.816,53.5,27.0
1783928636.842,53.6,27.0
1783928637.868,53.6,27.0
1783928638.893,53.6,27.0
1783928639.918,53.6,27.0
1783928640.942,53.6,27.0
1783928641.966,53.6,27.0
1783928642.99,53.6,27.0
1783928644.014,53.6,27.0
1783928645.047,53.6,27.0
1783928646.071,53.6,27.0
1783928647.095,53.6,27.0
1783928648.123,53.7,27.0
1783928649.148,53.7,27.0
1783928650.172,53.7,27.0
1783928651.196,53.8,27.0
1783928652.228,53.7,27.0
1783928653.262,53.8,27.0
1783928654.294,53.8,27.0
1783928655.327,53.7,27.0
1783928656.354,53.7,27.0
1783928657.38,53.8,27.0
1783928658.404,53.7,27.0
1783928659.439,53.7,27.0
1783928660.471,53.7,27.0
1783928661.495,53.7,27.0
1783928662.521,53.7,27.0
1783928663.554,53.7,27.0
1783928664.583,53.7,27.0
1783928665.608,53.7,27.0
1783928666.636,53.7,27.0
1783928667.661,53.7,27.0
1783928668.698,53.7,27.0
1783928669.723,53.7,27.0
1783928670.758,53.7,27.0
1783928671.792,53.7,27.0
1783928672.816,53.7,27.0
1783928673.842,53.8,27.0
1783928674.867,53.8,27.0
1783928675.892,53.7,27.0
1783928676.927,53.8,27.0
1783928677.952,53.8,27.0
1783928678.978,53.8,27.0
1783928680.012,53.8,27.0
1783928681.037,53.8,27.0
1783928682.062,53.8,27.0
1783928683.087,53.8,27.0
1783928684.112,53.8,27.0
1783928685.138,53.9,27.0
1783928686.164,53.9,27.0
1783928687.19,53.9,27.0
1783928688.222,54.0,27.0
1783928689.257,54.0,27.0
1783928690.288,54.0,27.0
1783928691.312,54.0,27.0
1783928692.337,54.0,27.0
1783928693.362,54.0,27.0
1783928694.392,54.0,27.0
1783928695.418,54.0,27.0
1783928696.444,54.0,27.0
1783928697.468,54.0,27.0
1783928698.501,54.0,27.0
1783928699.527,54.0,27.0
1783928700.552,54.0,27.0
1783928701.581,54.0,27.0
1783928702.605,54.0,27.0
1783928703.63,54.0,27.0
1783928704.663,54.0,27.0
1783928705.688,54.0,27.0
1783928706.715,54.0,27.0
1783928707.748,54.1,27.0
1783928708.782,54.1,27.0
1783928709.807,54.1,27.0
1783928710.833,54.1,27.0
1783928711.859,54.1,27.0
1783928712.884,54.2,27.0
1783928713.918,54.2,27.0
1783928714.943,54.2,27.0
1783928715.977,54.3,27.0
1783928717.002,54.3,27.0
1783928718.027,54.3,27.0
1783928719.052,54.4,27.0
1783928720.077,54.3,27.0
1783928721.102,54.4,27.1
1783928722.127,54.4,27.0
1783928723.151,54.4,27.0
1783928724.176,54.4,27.0
1783928725.201,54.4,27.0
1783928726.227,54.4,27.0
1783928727.254,54.5,27.0
1783928728.283,54.5,27.0
1783928729.308,54.5,27.0
1783928730.342,54.5,27.0
1783928731.368,54.5,27.0
1783928732.393,54.5,27.0
1783928733.428,54.6,27.0
1783928734.452,54.6,27.0
1783928735.478,54.7,27.0
1783928736.502,54.8,27.1
1783928737.528,54.8,27.0
1783928738.552,54.8,27.1
1783928739.58,54.8,27.0
1783928740.605,54.8,27.1
1783928741.63,54.8,27.0
1783928742.656,54.8,27.1
1783928743.68,54.8,27.1
1783928744.704,54.8,27.0
1783928745.735,54.8,27.1
1783928746.765,54.8,27.0
1783928747.794,54.7,27.0
1783928748.828,54.8,27.1
1783928749.862,54.7,27.0
1783928750.886,54.7,27.0
1783928751.91,54.8,27.1
1783928752.934,54.8,27.1
1783928753.962,54.8,27.1
1783928754.986,54.8,27.1
1783928756.01,54.8,27.1
1783928757.034,54.8,27.1
1783928758.058,54.9,27.0
1783928759.083,54.9,27.1
1783928760.107,54.9,27.1
1783928761.131,54.9,27.0
1783928762.156,54.9,27.1
1783928763.179,54.9,27.1
1783928764.206,55.0,27.1
1783928765.23,54.9,27.1
1783928766.256,54.9,27.1
1783928771.237,55.1,27.1
1783928772.28,55.1,27.1
1783928773.309,55.1,27.1
1783928774.337,55.1,27.1
1783928775.365,55.2,27.1
1783928776.396,55.2,27.1
1783928777.425,55.2,27.1
1783928778.452,55.2,27.0
1783928779.48,55.2,27.1
1783928780.51,55.2,27.1
1783928781.54,55.2,27.1
1783928782.569,55.2,27.1
1783928783.6,55.2,27.1
1783928784.63,55.3,27.1
1783928785.659,55.3,27.1
1783928786.687,55.3,27.1
1783928787.722,55.3,27.1
1783928788.751,55.3,27.1
1783928789.783,55.4,27.1
1783928790.813,55.3,27.1
1783928791.843,55.4,27.1
1783928792.872,55.4,27.1
1783928793.904,55.4,27.1
1783928794.933,55.3,27.1
1783928795.971,55.3,27.1
1783928797.008,55.3,27.1
1783928798.046,55.3,27.1
1783928799.085,55.3,27.1
1783928800.124,55.3,27.1
1783928801.154,55.2,27.1
1783928802.183,55.2,27.1
1783928803.211,55.2,27.1
1783928804.239,55.2,27.1
1783928805.267,55.2,27.1
1783928806.3,55.2,27.1
1783928807.328,55.2,27.1
1783928808.356,55.3,27.1
1783928809.387,55.3,27.1
1783928810.416,55.3,27.1
1783928811.446,55.3,27.1
1783928812.476,55.3,27.1
1783928813.505,55.4,27.1
1783928814.535,55.4,27.1
1783928815.566,55.4,27.1
1783928816.605,55.4,27.1
1783928817.634,55.5,27.1
1783928818.663,55.5,27.1
1783928819.7,55.5,27.1
1783928820.729,55.6,27.1
1783928821.756,55.7,27.1
1783928822.79,55.8,27.1
1783928823.819,55.8,27.1
1783928824.853,55.7,27.1
1783928825.882,55.8,27.1
1783928826.912,55.8,27.1
1783928827.936,55.8,27.1
1783928828.961,55.7,27.1
1783928829.989,55.7,27.1
1783928831.014,55.7,27.1
1783928832.039,55.7,27.1
1783928833.064,55.7,27.1
1783928834.088,55.7,27.1
1783928835.122,55.6,27.1
1783928836.147,55.6,27.1
1783928837.172,55.6,27.1
1783928838.197,55.6,27.1
1783928839.222,55.6,27.1
1783928840.247,55.6,27.1
1783928841.272,55.5,27.1
1783928842.297,55.6,27.1
1783928843.322,55.5,27.1
1783928844.347,55.5,27.1
1783928845.373,55.5,27.1
1783928846.396,55.5,27.1
1783928847.422,55.5,27.1
1783928848.446,55.5,27.1
1783928849.472,55.5,27.1
1783928850.5,55.5,27.1
1783928851.526,55.5,27.1
1783928852.552,55.5,27.1
1783928853.576,55.5,27.1
1783928854.602,55.5,27.1
1783928855.626,55.5,27.1
1783928856.651,55.5,27.1
1783928857.675,55.5,27.1
1783928858.699,55.4,27.1
1783928859.723,55.4,27.1
1783928860.755,55.5,27.1
1783928861.779,55.4,27.1
1783928862.812,55.4,27.1
1783928863.836,55.4,27.1
1783928864.859,55.4,27.1
1783928865.893,55.4,27.1
1783928866.918,55.4,27.1
1783928867.952,55.4,27.1
1783928868.976,55.4,27.1
1783928870.003,55.4,27.2
1783928871.036,55.4,27.1
1783928872.061,55.4,27.1
1783928873.096,55.4,27.1
1783928874.122,55.4,27.1
1783928875.147,55.3,27.1
1783928876.176,55.4,27.1
1783928877.21,55.3,27.1
1783928878.244,55.3,27.1
1783928879.279,55.3,27.1
1783928880.304,55.3,27.1
1783928881.328,55.3,27.1
1783928882.353,55.3,27.1
1783928883.378,55.3,27.1
1783928884.403,55.2,27.1
1783928885.428,55.2,27.1
1783928886.453,55.2,27.1
1783928887.479,55.2,27.1
1783928888.513,55.2,27.1
1783928889.54,55.2,27.1
1783928890.568,55.1,27.1
1783928891.603,55.1,27.1
1783928892.639,55.0,27.1
1783928893.674,55.0,27.1
1783928898.358,54.9,27.1
1783928899.396,54.9,27.1
1783928900.426,54.9,27.1
1783928901.46,54.9,27.1
1783928902.499,54.9,27.1
1783928903.537,54.9,27.2
1783928904.568,54.9,27.1
1783928905.607,54.9,27.1
1783928906.648,54.9,27.1
1783928907.677,54.9,27.1
1783928908.707,54.9,27.1
1783928909.742,54.8,27.1
1783928910.772,54.8,27.1
1783928911.802,54.7,27.1
1783928912.832,54.7,27.1
1783928913.862,54.7,27.1
1783928914.892,54.6,27.1
1783928915.923,54.6,27.1
1783928916.955,54.6,27.1
1783928917.985,54.6,27.2
1783928919.024,54.6,27.1
1783928920.062,54.5,27.1
1783928921.1,54.5,27.1
1783928922.139,54.5,27.2
1783928923.177,54.5,27.1
1783928924.214,54.5,27.1
1783928925.243,54.6,27.2
1783928926.28,54.6,27.1
1783928927.309,54.5,27.1
1783928928.341,54.5,27.1
1783928929.379,54.5,27.1
1783928930.408,54.5,27.1
1783928931.445,54.5,27.1
1783928932.483,54.4,27.1
1783928933.519,54.4,27.2
1783928934.556,54.4,27.2
1783928935.592,54.4,27.1
1783928936.629,54.3,27.1
1783928937.657,54.2,27.1
1783928938.688,54.1,27.1
1783928939.716,54.0,27.1
1783928940.744,54.0,27.1
1783928941.773,53.9,27.1
1783928942.806,53.9,27.1
1783928943.843,53.9,27.1
1783928944.879,53.9,27.1
1783928945.916,53.9,27.1
1783928946.952,53.9,27.1
1783928947.981,53.8,27.2
1783928949.01,53.8,27.1
1783928950.049,53.8,27.1
1783928951.078,53.8,27.1
1783928952.114,53.8,27.1
1783928953.143,53.7,27.1
1783928954.179,53.7,27.1
1783928955.207,53.7,27.1
1783928956.241,53.6,27.1
1783928957.268,53.6,27.1
1783928958.294,53.6,27.1
1783928959.319,53.5,27.1
1783928960.345,53.6,27.1
1783928961.37,53.5,27.1
1783928962.394,53.6,27.1
1783928963.418,53.6,27.1
1783928964.443,53.6,27.1
1783928965.476,53.5,27.2
1783928966.509,53.4,27.1
1783928967.535,53.3,27.1
1783928968.56,53.2,27.2
1783928969.593,53.1,27.1
1783928970.627,53.1,27.1
1783928971.66,53.1,27.1
1783928972.693,53.0,27.1
1783928973.726,53.0,27.1
1783928974.76,52.9,27.1
1783928975.794,53.0,27.1
1783928976.821,53.0,27.1
1783928977.846,53.0,27.1
1783928978.882,53.0,27.1
1783928979.914,53.0,27.1
1783928980.94,53.0,27.1
1783928981.973,53.1,27.1
1783928982.997,53.2,27.1
1783928984.024,53.2,27.1
1783928985.051,53.2,27.1
1783928986.077,53.3,27.1
1783928987.102,53.2,27.1
1783928988.135,53.3,27.1
1783928989.169,53.3,27.1
1783928990.204,53.3,27.1
1783928991.238,53.2,27.1
1783928992.272,53.2,27.2
1783928993.31,53.2,27.1
1783928994.344,53.1,27.1
1783928995.368,53.1,27.1
1783928996.402,53.1,27.1
1783928997.427,53.0,27.1
1783928998.454,53.0,27.1
1783928999.488,53.0,27.1
1783929000.513,53.0,27.1
1783929001.538,53.0,27.1
1783929002.572,53.0,27.1
1783929003.606,53.0,27.1
1783929004.631,53.0,27.1
1783929005.656,52.9,27.1
1783929006.691,52.9,27.1
1783929007.725,52.9,27.1
1783929008.76,52.8,27.1
1783929009.784,52.8,27.2
1783929010.809,52.8,27.1
1783929011.835,52.7,27.2
1783929012.859,52.7,27.2
1783929013.884,52.7,27.1
1783929014.908,52.6,27.1
1783929015.933,52.5,27.1
1783929016.959,52.5,27.1
1783929017.987,52.4,27.1
1783929019.014,52.3,27.1
1783929020.039,52.3,27.1
1783929021.064,52.2,27.1
1783929022.09,52.1,27.1
1783929023.116,52.1,27.1
1783929024.142,52.0,27.1
1783929025.168,52.0,27.1
1783929026.194,52.0,27.1
1783929027.218,52.1,27.1
1783929028.242,52.1,27.1
1783929029.266,52.1,27.1
1783929030.291,52.1,27.1
1783929031.316,52.0,27.1
1783929032.339,52.0,27.2
1783929033.364,52.0,27.1
1783929034.396,52.0,27.1
1783929035.426,52.0,27.1
1783929036.453,52.0,27.1
1783929037.48,52.0,27.1
1783929038.505,52.1,27.1
1783929039.531,52.0,27.1
1783929040.557,52.1,27.1
1783929041.582,52.1,27.1
1783929042.608,52.1,27.1
1783929043.633,52.0,27.1
1783929044.659,51.9,27.1
1783929045.694,51.8,27.1
1783929046.729,51.7,27.1
1783929047.757,51.7,27.1
1783929048.784,51.6,27.1
1783929049.82,51.6,27.1
1783929050.846,51.6,27.1
1783929051.871,51.7,27.1
1783929052.905,51.7,27.1
1783929053.94,51.7,27.1
1783929054.975,51.7,27.1
1783929056.009,51.7,27.1
1783929057.036,51.7,27.1
1783929058.064,51.7,27.1
1783929059.098,51.6,27.1
1783929060.132,51.6,27.1
1783929061.167,51.6,27.1
1783929062.201,51.5,27.1
1783929063.227,51.5,27.1
1783929064.252,51.5,27.1
1783929065.277,51.4,27.1
1783929066.303,51.4,27.1
1783929067.328,51.4,27.1
1783929068.354,51.3,27.1
1783929069.383,51.3,27.1
1783929070.408,51.3,27.1
1783929071.432,51.3,27.1
1783929072.457,51.2,27.1
1783929073.483,51.2,27.1
1783929074.518,51.2,27.1
1783929075.544,51.1,27.1
1783929076.568,51.1,27.1
1783929077.594,51.0,27.1
1783929078.619,51.0,27.1
1783929079.644,51.0,27.1
1783929080.669,50.9,27.1
1783929081.703,50.9,27.1
1783929082.738,50.9,27.1
1783929083.771,50.8,27.1
1783929084.797,50.8,27.1
1783929085.822,50.7,27.1
1783929086.856,50.8,27.1
1783929087.89,50.7,27.1
1783929088.915,50.6,27.1
1783929089.949,50.6,27.1
1783929090.984,50.6,27.1
1783929092.01,50.5,27.1
1783929093.046,50.5,27.1
1783929094.07,50.3,27.1
1783929095.104,50.3,27.1
1783929096.137,50.2,27.1
1783929097.163,50.2,27.1
1783929098.188,50.2,27.1
1783929099.221,50.2,27.1
1783929100.255,50.2,27.1
1783929101.28,50.2,27.1
1783929102.312,50.2,27.1
1783929103.345,50.3,27.1
1783929104.377,50.2,27.1
1783929105.411,50.3,27.1
1783929106.444,50.2,27.1
1783929107.478,50.2,27.1
1783929108.503,50.2,27.1
1783929109.537,50.2,27.1
1783929110.571,50.2,27.1
1783929111.606,50.2,27.1
1783929112.64,50.2,27.1
1783929113.667,50.1,27.1
1783929114.692,50.2,27.1
1783929115.717,50.2,27.1
1783929116.742,50.2,27.1
1783929117.771,50.3,27.1
1783929118.807,50.4,27.1
1783929119.844,50.4,27.1
1783929120.869,50.5,27.1
1783929121.894,50.5,27.1
1783929122.919,50.6,27.1
1783929123.944,50.6,27.1
1783929124.969,50.6,27.1
1783929125.994,50.6,27.1
1783929127.019,50.6,27.1
1783929128.044,50.6,27.1
1783929129.078,50.5,27.1
1783929130.112,50.4,27.1
1783929131.146,50.4,27.1
1783929132.18,50.4,27.1
1783929133.209,50.3,27.1
1783929134.244,50.4,27.1
1783929135.279,50.3,27.1
1783929136.304,50.3,27.1
1783929137.33,50.2,27.1
1783929138.364,50.2,27.1
1783929139.398,50.2,27.0
1783929140.432,50.1,27.1
1783929141.466,50.1,27.0
1783929142.49,50.0,27.1
1783929143.524,50.0,27.1
1783929144.558,49.9,27.0
1783929145.591,49.8,27.1
1783929146.616,49.8,27.1
1783929147.65,49.7,27.1
1783929148.676,49.6,27.1
1783929149.71,49.5,27.1
1783929150.744,49.4,27.1
1783929151.769,49.4,27.1
1783929152.803,49.4,27.0
1783929153.837,49.4,27.1
1783929154.872,49.5,27.1
1783929155.906,49.5,27.1
1783929156.933,49.5,27.1
1783929157.958,49.5,27.0
1783929158.983,49.6,27.0
1783929160.007,49.6,27.0
1783929161.041,49.6,27.1
1783929162.075,49.6,27.0
1783929163.109,49.6,27.1
1783929164.142,49.7,27.1
1783929165.167,49.7,27.0
1783929166.2,49.7,27.0
1783929167.234,49.8,27.0
1783929168.268,49.8,27.0
1783929169.302,49.8,27.0
1783929170.336,49.8,27.1
1783929171.361,49.9,27.0
1783929172.385,49.9,27.0
1783929173.41,49.9,27.0
1783929174.435,49.9,27.0
1783929175.464,49.9,27.0
1783929176.493,49.9,27.0
1783929177.519,49.9,27.1
1783929178.546,49.8,27.0
1783929179.58,49.8,27.0
1783929180.605,49.7,27.0
1783929181.64,49.7,27.0
1783929182.664,49.6,27.0
1783929183.699,49.6,27.0
1783929184.731,49.6,27.0
1783929185.764,49.6,27.0
1783929186.796,49.6,27.0
1783929187.82,49.7,27.0
1783929188.844,49.6,27.0
1783929189.876,49.7,27.0
1783929190.909,49.7,27.0
1783929191.932,49.7,27.0
1783929192.964,49.8,27.0
1783929193.997,49.8,27.0
1783929195.03,49.8,27.0
1783929196.064,49.9,27.0
1783929197.088,49.9,27.0
1783929198.115,50.0,27.0
1783929199.147,50.0,27.0
1783929200.18,50.0,27.0
1783929201.212,50.0,27.0
1783929202.236,50.0,27.0
1783929203.259,50.0,27.0
1783929204.284,50.0,27.0
1783929205.308,50.0,27.0
1783929206.34,50.1,27.0
1783929207.364,50.0,27.0
1783929208.396,50.1,27.0
1783929209.429,50.1,27.0
1783929210.461,50.1,27.0
1783929211.494,50.2,27.0
1783929212.518,50.2,27.0
1783929213.551,50.2,27.0
1783929214.584,50.3,27.0
1783929215.616,50.3,27.0
1783929216.643,50.3,27.0
1783929217.669,50.4,27.0
1783929218.701,50.4,27.0
1783929219.733,50.4,27.0
1783929220.756,50.4,27.0
1783929221.788,50.5,27.0
1783929222.821,50.5,27.0
1783929223.844,50.5,27.0
1783929224.868,50.6,27.0
1783929225.892,50.6,27.0
1783929226.916,50.6,27.0
1783929227.939,50.7,27.0
1783929228.964,50.7,27.0
1783929229.987,50.7,27.0
1783929231.012,50.7,27.0
1783929232.039,50.8,27.0
1783929233.074,50.8,27.0
1783929234.108,50.8,27.0
1783929235.141,50.9,27.0
1783929236.166,50.9,27.0
1783929237.191,51.0,27.0
1783929238.215,51.0,27.0
1783929239.247,51.1,27.0
1783929240.28,51.1,27.0
1783929241.313,51.2,27.0
1783929242.345,51.2,27.0
1783929243.378,51.2,27.0
1783929244.41,51.3,27.0
1783929245.443,51.3,27.0
1783929246.468,51.4,27.0
1783929247.492,51.4,27.0
1783929248.517,51.4,27.0
1783929249.542,51.4,27.0
1783929250.575,51.5,27.0
1783929251.608,51.5,27.0
1783929252.641,51.5,27.0
1783929253.675,51.6,27.0
1783929254.7,51.6,27.0
1783929255.734,51.6,27.0
1783929256.76,51.6,27.0
1783929257.786,51.7,27.0
1783929258.82,51.7,27.0
1783929259.846,51.7,27.0
1783929260.87,51.7,27.0
1783929261.903,51.7,27.0
1783929262.928,51.8,27.0
1783929263.962,51.8,27.0
1783929264.987,51.8,27.0
1783929266.02,51.8,27.0
1783929267.054,51.9,27.0
1783929268.088,51.9,27.0
1783929269.112,51.9,27.0
1783929270.14,52.0,27.0
1783929271.164,52.0,27.0
1783929272.198,52.0,27.0
1783929273.232,52.0,27.0
1783929274.265,52.1,27.0
1783929275.299,52.1,27.0
1783929276.327,52.1,27.0
1783929277.354,52.1,27.0
1783929278.379,52.0,27.0
1783929279.404,52.1,27.0
1783929280.428,52.1,27.0
1783929281.452,52.1,27.0
1783929282.476,52.1,27.0
1783929283.501,52.1,27.0
1783929284.535,52.1,27.0
1783929285.569,52.1,27.0
1783929286.603,52.1,27.0
1783929287.636,52.2,27.0
1783929288.669,52.2,27.0
1783929289.703,52.2,27.0
1783929290.737,52.2,27.0
1783929291.762,52.2,27.0
1783929292.786,52.2,27.0
1783929293.811,52.3,27.0
1783929294.847,52.3,27.0
1783929295.872,52.4,27.0
1783929296.9,52.3,27.0
1783929297.938,52.4,27.0
1783929298.963,52.4,27.0
1783929299.996,52.5,27.0
1783929301.029,52.5,27.0
1783929302.063,52.6,27.0
1783929303.097,52.6,27.0
1783929304.122,52.6,27.0
1783929305.156,52.6,27.0
1783929306.19,52.7,27.0
1783929307.224,52.7,27.0
1783929308.258,52.7,27.0
1783929309.282,52.8,27.0
1783929310.316,52.8,27.0
1783929311.35,52.8,27.0
1783929312.383,52.8,27.0
1783929313.415,52.8,27.0
1783929314.44,52.8,27.0
1783929315.475,52.9,27.0
1783929316.503,52.8,27.0
1783929317.528,52.8,27.0
1783929318.552,52.8,27.0
1783929319.585,52.8,27.0
1783929320.624,52.8,27.0
1783929321.659,52.8,27.0
1783929322.693,52.8,27.0
1783929323.717,52.8,27.0
1783929324.753,52.8,27.0
1783929325.778,52.8,27.0
1783929326.803,52.8,27.0
1783929327.828,52.8,27.0
1783929328.852,52.8,27.0
1783929329.877,52.8,27.0
1783929330.902,52.8,27.0
1783929331.936,52.8,27.0
1783929332.97,52.8,27.0
1783929333.997,52.9,27.0
1783929335.022,52.9,27.0
1783929336.049,52.9,27.0
1783929337.075,53.0,27.0
1783929338.11,53.1,27.0
1783929339.144,53.1,27.0
1783929340.176,53.1,27.0
1783929341.2,53.2,27.0
1783929342.232,53.1,27.0
1783929343.264,53.2,27.0
1783929344.296,53.2,27.0
1783929345.328,53.2,27.0
1783929346.353,53.2,27.0
1783929347.387,53.3,27.0
1783929348.42,53.2,27.0
1783929349.453,53.3,27.0
1783929350.486,53.3,27.0
1783929351.51,53.3,27.0
1783929352.544,53.3,27.0
1783929353.576,53.3,27.0
1783929354.609,53.3,27.0
1783929355.636,53.3,27.0
1783929356.663,53.3,27.0
1783929357.696,53.3,27.0
1783929358.728,53.3,27.0
1783929359.76,53.3,27.0
1783929360.793,53.3,27.0
1783929361.825,53.3,27.0
1783929362.858,53.3,27.0
1783929363.891,53.3,27.0
1783929364.923,53.3,27.0
1783929365.956,53.4,27.0
1783929366.989,53.3,27.0
1783929368.021,53.3,27.0
1783929369.045,53.3,27.0
1783929370.069,53.4,27.0
1783929371.1,53.4,27.0
1783929372.124,53.4,27.0
1783929373.148,53.5,27.0
1783929374.173,53.5,27.0
1783929375.198,53.5,27.0
1783929376.223,53.5,27.0
1783929377.249,53.5,27.0
1783929378.291,53.6,27.0
1783929379.315,53.6,27.0
1783929380.341,53.6,27.0
1783929381.365,53.6,27.0
1783929382.398,53.6,27.0
1783929383.431,53.6,27.0
1783929384.464,53.6,27.0
1783929385.496,53.6,27.0
1783929386.529,53.6,27.0
1783929387.562,53.6,27.0
1783929388.586,53.6,27.0
1783929389.618,53.6,27.0
1783929390.651,53.6,27.0
1783929391.684,53.6,27.0
1783929392.716,53.6,27.0
1783929393.74,53.7,27.0
1783929394.772,53.6,27.0
1783929395.807,53.7,27.0
1783929396.836,53.7,27.0
1783929397.861,53.7,27.0
1783929398.886,53.7,27.0
1783929399.919,53.8,27.0
1783929400.944,53.9,27.0
1783929401.976,53.9,27.0
1783929403.008,53.9,27.0
1783929404.033,54.0,27.0
1783929405.066,54.0,27.0
1783929406.099,54.0,27.0
1783929407.131,54.0,27.0
1783929408.168,54.0,27.0
1783929409.202,54.1,27.0
1783929410.237,54.1,27.0
1783929411.271,54.1,27.0
1783929412.307,54.1,27.0
1783929413.341,54.1,27.0
1783929414.374,54.1,27.0
1783929415.407,54.1,27.0
1783929416.44,54.2,27.0
1783929417.475,54.2,27.0
1783929418.499,54.2,27.0
1783929419.523,54.2,27.0
1783929420.547,54.2,27.0
1783929421.571,54.2,27.0
1783929422.596,54.3,27.0
1783929423.62,54.3,27.0
1783929424.644,54.3,27.0
1783929425.668,54.3,27.0
1783929426.692,54.3,27.0
1783929427.724,54.4,27.0
1783929428.756,54.4,27.0
1783929429.789,54.6,27.0
1783929430.822,54.6,27.0
1783929431.854,54.6,27.0
1783929432.89,54.6,27.0
1783929433.924,54.7,27.0
1783929434.959,54.8,27.0
1783929435.984,54.8,27.0
1783929437.009,54.8,27.0
1783929438.034,54.8,27.0
1783929439.059,54.8,27.0
1783929440.083,54.8,27.0
1783929441.108,54.8,27.0
1783929442.142,54.9,27.0
1783929443.176,54.9,27.0
1783929444.21,54.9,27.0
1783929445.244,54.9,27.0
1783929446.268,54.9,27.0
1783929447.302,54.8,27.0
1783929448.328,54.8,27.0
1783929449.362,54.8,27.0
1783929450.396,54.8,27.0
1783929451.43,54.8,27.0
1783929452.465,54.8,27.0
1783929453.498,54.8,27.0
1783929454.532,54.8,27.0
1783929455.567,54.8,27.0
1783929456.594,54.9,27.0
1783929457.622,54.8,27.0
1783929458.656,54.9,27.0
1783929459.689,54.9,27.0
1783929460.723,54.9,27.0
1783929461.756,54.9,27.0
1783929462.79,54.9,27.0
1783929463.824,54.9,27.0
1783929464.848,54.9,27.0
1783929465.874,55.0,27.0
1783929466.899,55.0,27.0
1783929467.924,55.0,27.0
1783929468.949,55.1,27.0
1783929469.974,55.0,27.0
1783929470.999,55.1,27.0
1783929472.025,55.1,27.0
1783929473.057,55.1,27.0
1783929474.091,55.1,27.0
1783929475.125,55.1,27.0
1783929476.159,55.1,27.0
1783929477.187,55.1,27.0
1783929478.212,55.1,27.0
1783929479.246,55.1,27.0
1783929480.28,55.1,27.0
1783929481.314,55.1,27.0
1783929482.348,55.1,27.0
1783929483.372,55.1,27.0
1783929484.407,55.1,27.0
1783929485.44,55.1,27.0
1783929486.474,55.1,27.0
1783929487.508,55.1,27.0
1783929488.542,55.1,27.0
1783929489.576,55.0,27.0
1783929490.61,55.0,27.0
1783929491.644,55.1,27.0
1783929492.679,55.1,27.0
1783929493.704,55.1,27.0
1783929494.738,55.1,27.0
1783929495.772,55.1,27.0
1783929496.807,55.1,27.0
1783929497.835,55.1,27.0
1783929498.865,55.1,27.1
1783929499.918,55.1,27.1
1783929500.951,55.1,27.0
1783929501.986,55.0,27.0
1783929503.02,55.0,27.0
1783929504.045,55.1,27.1
1783929505.079,55.1,27.0
1783929506.113,55.1,27.0
1783929507.147,55.1,27.0
1783929508.181,55.2,27.0
1783929509.206,55.2,27.0
1783929510.232,55.3,27.0
1783929511.256,55.3,27.0
1783929512.282,55.3,27.0
1783929513.307,55.4,27.1
1783929514.335,55.4,27.0
1783929515.361,55.4,27.1
1783929516.385,55.4,27.0
1783929517.412,55.5,27.0
1783929518.44,55.5,27.0
1783929519.474,55.5,27.0
1783929520.499,55.5,27.0
1783929521.534,55.5,27.0
1783929522.568,55.6,27.1
1783929523.602,55.7,27.1
1783929524.635,55.7,27.0
1783929525.67,55.7,27.1
1783929526.705,55.7,27.0
1783929527.739,55.7,27.0
1783929528.772,55.8,27.1
1783929529.807,55.8,27.0
1783929530.84,55.8,27.0
1783929531.872,55.8,27.1
1783929532.896,55.8,27.0
1783929533.92,55.8,27.0
1783929534.952,55.8,27.1
1783929535.976,55.8,27.1
1783929537.001,55.8,27.0
1783929538.026,55.8,27.1
1783929539.05,55.9,27.1
1783929540.082,55.9,27.0
1783929541.115,55.9,27.1
1783929542.147,55.9,27.1
1783929543.179,55.9,27.0
1783929544.211,55.9,27.1
1783929545.244,55.9,27.1
1783929546.276,55.9,27.1
1783929547.308,55.9,27.1
1783929548.34,55.9,27.1
1783929549.364,55.8,27.1
1783929550.396,55.9,27.1
1783929551.428,55.9,27.1
1783929552.46,55.9,27.1
1783929553.492,55.9,27.1
1783929554.516,55.9,27.1
1783929555.54,55.9,27.1
1783929556.565,55.9,27.1
1783929557.591,55.9,27.1
1783929558.618,55.9,27.0
1783929559.643,55.9,27.1
1783929560.667,55.9,27.1
1783929561.694,56.0,27.1
1783929562.742,56.0,27.1
1783929563.774,56.0,27.1
1783929564.806,56.0,27.1
1783929565.839,56.0,27.1
1783929566.872,56.0,27.1
1783929567.905,56.0,27.1
1783929568.938,56.0,27.1
1783929569.971,56.0,27.1
1783929571.003,56.1,27.1
1783929572.036,56.1,27.1
1783929573.068,56.1,27.1
1783929574.1,56.2,27.1
1783929575.132,56.2,27.1
1783929576.164,56.2,27.1
1783929577.196,56.2,27.1
1783929578.229,56.2,27.1
1783929579.26,56.2,27.1
1783929580.286,56.2,27.1
1783929581.318,56.2,27.1
1783929582.351,56.3,27.1
1783929583.384,56.2,27.1
1783929584.418,56.2,27.1
1783929585.451,56.2,27.1
1783929586.484,56.2,27.1
1783929587.516,56.3,27.1
1783929588.548,56.3,27.1
1783929589.582,56.3,27.1
1783929590.615,56.3,27.1
1783929591.647,56.3,27.1
1783929592.68,56.3,27.1
1783929593.704,56.3,27.1
1783929594.736,56.3,27.1
1783929595.769,56.3,27.1
1783929596.802,56.3,27.1
1783929597.836,56.3,27.1
1783929598.865,56.3,27.1
1783929599.892,56.2,27.1
1783929600.92,56.2,27.1
1783929601.944,56.2,27.1
1783929602.969,56.2,27.1
1783929603.994,56.2,27.1
1783929605.019,56.2,27.1
1783929606.044,56.2,27.1
1783929607.077,56.1,27.1
1783929608.111,56.1,27.1
1783929609.145,56.1,27.1
1783929610.179,56.1,27.1
1783929611.213,56.1,27.1
1783929612.247,56.0,27.1
1783929613.271,56.0,27.1
1783929614.306,56.0,27.1
1783929615.34,56.0,27.1
1783929616.373,56.0,27.1
1783929617.407,56.0,27.1
1783929618.431,56.0,27.1
1783929619.479,56.0,27.1
1783929620.581,56.0,27.1
1783929621.686,56.0,27.1
1783929622.767,55.9,27.1
1783929623.8,55.9,27.1
1783929624.834,55.9,27.1
1783929625.868,55.9,27.1
1783929626.902,55.9,27.1
1783929627.935,55.9,27.1
1783929628.969,55.9,27.1
1783929630.003,55.8,27.1
1783929631.028,55.8,27.1
1783929632.062,55.9,27.1
1783929633.096,55.9,27.1
1783929634.132,55.8,27.1
1783929635.157,55.8,27.1
1783929636.181,55.8,27.1
1783929637.215,55.8,27.1
1783929638.24,55.8,27.1
1783929639.273,55.8,27.1
1783929640.308,55.8,27.1
1783929641.336,55.8,27.1
1783929642.363,55.7,27.1
1783929643.388,55.7,27.1
1783929644.422,55.7,27.1
1783929645.456,55.7,27.1
1783929646.482,55.6,27.1
1783929647.516,55.6,27.1
1783929648.548,55.5,27.1
1783929649.582,55.6,27.1
1783929650.618,55.5,27.1
1783929651.643,55.5,27.1
1783929652.668,55.5,27.1
1783929653.693,55.4,27.1
1783929654.719,55.5,27.1
1783929655.745,55.5,27.1
1783929656.77,55.4,27.1
1783929657.797,55.3,27.1
1783929658.831,55.3,27.1
1783929659.864,55.3,27.1
1783929660.898,55.3,27.1
1783929661.934,55.2,27.1
1783929662.966,55.2,27.1
1783929663.993,55.2,27.1
1783929665.027,55.2,27.1
1783929666.061,55.2,27.1
1783929667.094,55.2,27.1
1783929668.128,55.2,27.1
1783929669.162,55.2,27.1
1783929670.195,55.2,27.1
1783929671.23,55.2,27.1
1783929672.264,55.2,27.1
1783929673.288,55.1,27.1
1783929674.322,55.1,27.1
1783929675.355,55.1,27.1
1783929676.389,55.1,27.1
1783929677.424,55.1,27.1
1783929678.448,55.1,27.1
1783929679.483,55.1,27.1
1783929680.507,55.1,27.1
1783929681.533,55.1,27.1
1783929682.561,55.0,27.1
1783929683.588,55.0,27.2
1783929684.613,55.0,27.1
1783929685.64,55.0,27.1
1783929686.674,55.0,27.1
1783929687.708,54.8,27.1
1783929688.742,54.8,27.1
1783929689.776,54.8,27.2
1783929690.81,54.7,27.1
1783929691.844,54.7,27.1
1783929692.878,54.7,27.1
1783929693.903,54.7,27.2
1783929694.928,54.7,27.1
1783929695.952,54.7,27.1
1783929696.976,54.6,27.1
1783929698.01,54.6,27.1
1783929699.048,54.6,27.1
1783929700.082,54.6,27.1
1783929701.116,54.6,27.1
1783929702.152,54.6,27.1
1783929703.182,54.6,27.1
1783929704.208,54.6,27.1
1783929705.242,54.7,27.1
1783929706.265,54.6,27.1
1783929707.29,54.7,27.1
1783929708.315,54.7,27.2
1783929709.34,54.7,27.1
1783929710.364,54.7,27.1
1783929711.391,54.7,27.1
1783929712.416,54.7,27.1
1783929713.44,54.7,27.1
1783929714.465,54.7,27.1
1783929715.489,54.6,27.1
1783929716.523,54.6,27.1
1783929717.558,54.6,27.1
1783929718.592,54.6,27.1
1783929719.626,54.5,27.1
1783929720.651,54.5,27.1
1783929721.699,54.5,27.1
1783929722.726,54.4,27.1
1783929723.752,54.4,27.1
1783929724.786,54.3,27.1
1783929725.812,54.2,27.1
1783929726.836,54.1,27.1
1783929727.868,54.0,27.1
1783929728.9,53.9,27.1
1783929729.932,53.8,27.1
1783929730.965,53.7,27.1
1783929731.997,53.7,27.1
1783929733.029,53.7,27.1
1783929734.062,53.7,27.1
1783929735.094,53.7,27.1
1783929736.127,53.7,27.1
1783929737.16,53.7,27.1
1783929738.183,53.7,27.1
1783929739.208,53.7,27.1
1783929740.246,53.7,27.1
1783929741.274,53.7,27.1
1783929742.304,53.7,27.1
1783929743.336,53.7,27.1
1783929744.372,53.7,27.1
1783929745.405,53.7,27.1
1783929746.438,53.7,27.1
1783929747.472,53.6,27.1
1783929748.506,53.6,27.1
1783929749.53,53.5,27.1
1783929750.563,53.5,27.1
1783929751.587,53.5,27.1
1783929752.612,53.5,27.1
1783929753.644,53.5,27.1
1783929754.677,53.5,27.1
1783929755.71,53.3,27.1
1783929756.734,53.2,27.1
1783929757.757,53.1,27.1
1783929758.79,53.1,27.1
1783929759.819,53.0,27.1
1783929760.842,53.0,27.1
1783929761.867,53.1,27.1
1783929762.891,53.1,27.1
1783929763.917,53.1,27.1
1783929764.941,53.0,27.1
1783929765.965,53.0,27.1
1783929766.988,53.0,27.1
1783929768.012,52.9,27.1
1783929769.044,53.0,27.1
1783929770.076,53.0,27.1
1783929771.1,52.9,27.1
1783929772.124,52.8,27.1
1783929773.148,52.7,27.1
1783929774.18,52.5,27.1
1783929775.204,52.5,27.1
1783929776.236,52.5,27.1
1783929777.26,52.4,27.1
1783929778.284,52.5,27.1
1783929779.308,52.5,27.1
1783929780.332,52.5,27.1
1783929781.357,52.5,27.1
1783929782.381,52.5,27.1
1783929783.405,52.5,27.1
1783929784.438,52.5,27.1
1783929785.47,52.5,27.1
1783929786.503,52.5,27.1
1783929787.527,52.5,27.1
1783929788.551,52.5,27.1
1783929789.584,52.5,27.1
1783929790.616,52.5,27.1
1783929791.648,52.5,27.1
1783929792.68,52.5,27.1
1783929793.712,52.5,27.1
1783929794.744,52.5,27.1
1783929795.777,52.4,27.1
1783929796.809,52.4,27.1
1783929797.842,52.3,27.1
1783929798.875,52.3,27.1
1783929799.907,52.3,27.1
1783929800.94,52.2,27.1
1783929801.966,52.2,27.1
1783929802.995,52.2,27.1
1783929804.032,52.2,27.1
1783929805.064,52.3,27.1
1783929806.096,52.3,27.1
1783929807.128,52.2,27.1
1783929808.16,52.2,27.1
1783929809.193,52.1,27.1
1783929810.225,52.0,27.1
1783929811.258,52.0,27.1
1783929812.291,51.9,27.1
1783929813.325,51.8,27.1
1783929814.362,51.8,27.1
1783929815.386,51.8,27.1
1783929816.41,51.7,27.1
1783929817.435,51.7,27.1
1783929818.458,51.7,27.1
1783929819.482,51.7,27.1
1783929820.507,51.7,27.1
1783929821.54,51.7,27.1
1783929822.566,51.7,27.1
1783929823.592,51.7,27.1
1783929824.616,51.7,27.1
1783929825.64,51.7,27.1
1783929826.663,51.7,27.1
1783929827.687,51.6,27.1
1783929828.713,51.6,27.1
1783929829.737,51.6,27.1
1783929830.761,51.6,27.1
1783929831.794,51.5,27.1
1783929832.826,51.5,27.1
1783929833.859,51.5,27.1
1783929834.883,51.4,27.1
1783929835.908,51.4,27.1
1783929836.942,51.4,27.1
1783929837.977,51.4,27.1
1783929839.012,51.5,27.1
1783929840.047,51.5,27.1
1783929841.082,51.5,27.1
1783929842.106,51.5,27.1
1783929843.134,51.5,27.1
1783929844.168,51.5,27.1
1783929845.202,51.5,27.1
1783929846.237,51.5,27.1
1783929847.272,51.5,27.1
1783929848.306,51.3,27.1
1783929849.341,51.3,27.1
1783929850.374,51.2,27.1
1783929851.406,51.1,27.1
1783929852.439,51.0,27.1
1783929853.472,50.9,27.1
1783929854.506,50.9,27.1
1783929855.539,50.9,27.1
1783929856.573,50.8,27.1
1783929857.608,50.8,27.1
1783929858.642,50.7,27.1
1783929859.676,50.6,27.1
1783929860.71,50.5,27.1
1783929861.737,50.4,27.1
1783929862.763,50.3,27.1
1783929863.796,50.2,27.1
1783929864.827,50.1,27.1
1783929865.852,50.1,27.1
1783929866.879,50.1,27.1
1783929867.913,50.1,27.1
1783929868.947,50.0,27.1
1783929869.981,50.0,27.1
1783929871.015,50.0,27.1
1783929872.041,50.0,27.1
1783929873.065,50.0,27.1
1783929874.09,50.0,27.1
1783929875.115,50.0,27.1
1783929876.15,50.1,27.1
1783929877.184,50.1,27.0
1783929878.218,50.1,27.1
1783929879.252,50.1,27.1
1783929880.286,50.1,27.1
1783929881.32,50.1,27.1
1783929882.354,50.1,27.0
1783929883.379,50.1,27.1
1783929884.406,50.0,27.1
1783929885.441,50.0,27.0
1783929886.475,50.0,27.1
1783929887.508,50.0,27.0
1783929888.542,50.0,27.0
1783929889.576,50.1,27.1
1783929890.61,50.1,27.1
1783929891.644,50.2,27.1
1783929892.668,50.2,27.0
1783929893.692,50.2,27.0
1783929894.726,50.1,27.1
1783929895.76,50.0,27.1
1783929896.794,49.9,27.0
1783929897.819,49.9,27.1
1783929898.844,49.9,27.0
1783929899.878,49.9,27.0
1783929900.912,49.9,27.0
1783929901.936,49.9,27.0
1783929902.961,50.0,27.0
1783929903.986,50.0,27.0
1783929905.012,50.0,27.0
1783929906.047,50.1,27.0
1783929907.072,50.1,27.0
1783929908.099,50.2,27.0
1783929909.125,50.2,27.0
1783929910.159,50.2,27.0
1783929911.193,50.2,27.0
1783929912.227,50.1,27.0
1783929913.261,50.0,27.0
1783929914.286,49.9,27.0
1783929915.31,49.8,27.0
1783929916.335,49.7,27.0
1783929917.36,49.7,27.0
1783929918.384,49.7,27.0
1783929919.408,49.8,27.0
1783929920.433,49.8,27.0
1783929921.458,49.9,27.0
1783929922.487,50.0,27.0
1783929923.515,50.0,27.0
1783929924.549,50.0,27.0
1783929925.583,50.1,27.0
1783929926.617,50.1,27.0
1783929927.654,50.1,27.0
1783929928.688,50.1,27.0
1783929929.722,50.2,27.0
1783929930.756,50.2,27.0
1783929931.79,50.1,27.0
1783929932.824,50.1,27.0
1783929933.856,50.0,27.0
1783929934.885,50.0,27.0
1783929935.91,49.9,27.0
1783929936.944,49.9,27.0
1783929937.978,49.9,27.0
1783929939.003,49.9,27.0
1783929940.028,49.9,27.0
1783929941.054,49.9,27.0
1783929942.087,49.9,27.0
1783929943.114,50.0,27.0
1783929944.14,50.0,27.0
1783929945.165,50.0,27.0
1783929946.19,50.0,27.0
1783929947.224,50.0,27.0
1783929948.258,50.1,27.0
1783929949.283,50.1,27.0
1783929950.308,50.1,27.0
1783929951.332,50.1,27.0
1783929952.359,50.1,27.0
1783929953.384,50.2,27.0
1783929954.409,50.2,27.0
1783929955.434,50.2,27.0
1783929956.458,50.2,27.0
1783929957.482,50.3,27.0
1783929958.507,50.3,27.0
1783929959.532,50.3,27.0
1783929960.556,50.3,27.0
1783929961.581,50.3,27.0
1783929962.609,50.4,27.0
1783929963.643,50.4,27.0
1783929964.668,50.4,27.0
1783929965.693,50.4,27.0
1783929966.718,50.4,27.0
1783929967.743,50.4,27.0
1783929968.775,50.4,27.0
1783929969.799,50.5,27.0
1783929970.824,50.5,27.0
1783929971.848,50.5,27.0
1783929972.881,50.5,27.0
1783929973.904,50.6,27.0
1783929974.928,50.6,27.0
1783929975.951,50.6,27.0
1783929976.976,50.7,27.0
1783929978.0,50.7,27.0
1783929979.024,50.7,27.0
1783929980.056,50.7,27.0
1783929981.08,50.8,27.0
1783929982.104,50.8,27.0
1783929983.136,50.9,27.0
1783929984.168,50.9,27.0
1783929985.202,50.9,27.0
1783929986.234,51.0,27.0
1783929987.267,51.0,27.0
1783929988.3,51.0,27.0
1783929989.332,51.0,27.0
1783929990.364,51.1,27.0
1783929991.396,51.1,27.0
1783929992.428,51.1,27.0
1783929993.461,51.2,27.0
1783929994.494,51.2,27.0
1783929995.527,51.2,27.0
1783929996.559,51.3,27.0
1783929997.584,51.3,27.0
1783929998.608,51.3,27.0
1783929999.633,51.4,27.0
1783930000.661,51.4,27.0
1783930001.689,51.4,27.0
1783930002.713,51.5,27.0
1783930003.738,51.4,27.0
1783930004.772,51.5,27.0
1783930005.806,51.5,27.0
1783930006.839,51.6,27.0
1783930007.864,51.6,27.0
1783930008.89,51.6,27.0
1783930009.924,51.6,26.9
1783930010.958,51.6,27.0
1783930011.992,51.6,27.0
1783930013.016,51.6,27.0
1783930014.041,51.6,27.0
1783930015.075,51.6,27.0
1783930016.108,51.6,27.0
1783930017.142,51.6,27.0
1783930018.166,51.7,27.0
1783930019.191,51.7,27.0
1783930020.217,51.8,27.0
1783930021.243,51.8,27.0
1783930022.276,51.8,27.0
1783930023.3,51.9,27.0
1783930024.325,51.9,27.0
1783930025.359,51.9,26.9
1783930026.393,52.0,27.0
1783930027.429,52.0,27.0
1783930028.453,52.0,27.0
1783930029.477,52.0,27.0
1783930030.502,52.0,27.0
1783930031.527,52.0,27.0
1783930032.551,52.0,27.0
1783930033.576,52.0,26.9
1783930034.61,52.1,27.0
1783930035.644,52.1,27.0
1783930036.678,52.1,27.0
1783930037.711,52.1,27.0
1783930038.744,52.2,27.0
1783930039.77,52.2,27.0
1783930040.795,52.2,26.9
1783930041.82,52.2,26.9
1783930042.846,52.2,27.0
1783930043.88,52.3,27.0
1783930044.905,52.3,27.0
1783930045.941,52.3,27.0
1783930046.976,52.3,27.0
1783930048.012,52.3,27.0
1783930049.036,52.3,27.0
1783930050.072,52.4,27.0
1783930051.106,52.4,27.0
1783930052.14,52.5,27.0
1783930053.165,52.5,27.0
1783930054.192,52.6,27.0
1783930055.216,52.6,27.0
1783930056.25,52.7,27.0
1783930057.283,52.7,26.9
1783930058.315,52.7,27.0
1783930059.34,52.7,27.0
1783930060.368,52.7,27.0
1783930061.4,52.7,27.0
1783930062.432,52.7,27.0
1783930063.465,52.7,26.9
1783930064.489,52.7,26.9
1783930065.512,52.6,27.0
1783930066.544,52.6,27.0
1783930067.576,52.6,27.0
1783930068.608,52.7,26.9
1783930069.632,52.7,27.0
1783930070.656,52.7,27.0
1783930071.688,52.7,27.0
1783930072.72,52.7,27.0
1783930073.752,52.7,27.0
1783930074.784,52.7,26.9
1783930075.808,52.8,27.0
1783930076.84,52.7,27.0
1783930077.873,52.7,27.0
1783930078.896,52.7,27.0
1783930079.921,52.8,26.9
1783930080.954,52.7,27.0
1783930081.989,52.7,27.0
1783930083.012,52.7,27.0
1783930084.038,52.7,27.0
1783930085.062,52.7,27.0
1783930086.088,52.7,27.0
1783930087.112,52.7,27.0
1783930088.136,52.8,27.0
1783930089.16,52.8,27.0
1783930090.185,52.9,27.0
1783930091.218,52.9,27.0
1783930092.25,52.9,27.0
1783930093.275,53.0,27.0
1783930094.3,52.9,27.0
1783930095.332,52.9,26.9
1783930096.365,52.9,27.0
1783930097.397,52.9,27.0
1783930098.421,52.9,27.0
1783930099.452,52.9,26.9
1783930100.484,52.9,27.0
1783930101.509,52.9,27.0
1783930102.539,52.9,27.0
1783930103.571,52.9,27.0
1783930104.605,52.9,27.0
1783930105.638,53.0,27.0
1783930106.662,53.0,26.9
1783930107.686,53.1,27.0
1783930108.718,53.1,27.0
1783930109.751,53.2,27.0
1783930110.784,53.2,27.0
1783930111.808,53.2,27.0
1783930112.832,53.2,27.0
1783930113.864,53.3,27.0
1783930114.896,53.2,27.0
1783930115.929,53.3,27.0
1783930116.953,53.3,27.0
1783930117.977,53.3,27.0
1783930119.004,53.3,27.0
1783930120.03,53.4,27.0
1783930121.062,53.4,27.0
1783930122.086,53.4,27.0
1783930123.109,53.4,27.0
1783930124.133,53.4,27.0
1783930125.156,53.4,27.0
1783930126.18,53.4,27.0
1783930127.204,53.4,27.0
1783930128.228,53.4,27.0
1783930129.252,53.5,27.0
1783930130.276,53.4,27.0
1783930131.31,53.4,27.0
1783930132.334,53.4,27.0
1783930133.358,53.4,27.0
1783930134.39,53.4,27.0
1783930135.423,53.4,27.0
1783930136.456,53.4,27.0
1783930137.482,53.4,27.0
1783930138.507,53.4,27.0
1783930139.54,53.4,27.0
1783930140.564,53.5,27.0
1783930141.588,53.6,27.0
1783930142.612,53.6,27.0
1783930143.636,53.7,27.0
1783930144.66,53.7,27.0
1783930145.684,53.7,27.0
1783930146.708,53.8,27.0
1783930147.74,53.8,27.0
1783930148.764,53.8,27.0
1783930149.788,53.8,27.0
1783930150.82,53.9,27.0
1783930151.852,53.9,27.0
1783930152.884,53.9,27.0
1783930153.908,53.9,27.0
1783930154.94,53.9,27.0
1783930155.973,53.9,27.0
1783930157.01,53.9,27.0
1783930158.036,53.9,27.0
1783930159.068,54.0,27.0
1783930160.101,53.9,27.0
1783930161.133,54.0,27.0
1783930162.166,53.9,27.0
1783930163.199,53.9,27.0
1783930164.231,53.9,27.0
1783930165.264,53.9,27.0
1783930166.296,53.9,27.0
1783930167.32,53.9,27.0
1783930168.344,53.9,27.0
1783930169.368,53.9,27.0
1783930170.397,53.9,27.0
1783930171.43,54.0,27.0
1783930172.462,54.0,27.0
1783930173.495,54.1,27.0
1783930174.519,54.2,27.0
1783930175.552,54.2,27.0
1783930176.585,54.2,27.0
1783930177.61,54.2,27.0
1783930178.636,54.2,27.0
1783930179.66,54.3,27.0
1783930180.692,54.3,27.0
1783930181.724,54.3,27.0
1783930182.756,54.3,27.0
1783930183.789,54.3,27.0
1783930184.814,54.3,27.0
1783930185.838,54.3,27.0
1783930186.871,54.3,27.0
1783930187.904,54.3,27.0
1783930188.937,54.3,27.0
1783930189.963,54.3,27.0
1783930190.99,54.3,27.0
1783930192.024,54.4,27.0
1783930193.049,54.3,27.0
1783930194.074,54.4,27.0
1783930195.099,54.4,27.0
1783930196.126,54.4,27.0
1783930197.152,54.5,27.0
1783930198.18,54.5,27.0
1783930199.213,54.5,27.0
1783930200.247,54.6,27.0
1783930201.281,54.7,27.0
1783930202.314,54.7,27.0
1783930203.348,54.8,27.0
1783930204.382,54.8,27.0
1783930205.415,54.8,27.0
1783930206.448,54.7,27.0
1783930207.482,54.7,27.0
1783930208.516,54.7,27.0
1783930209.55,54.7,27.0
1783930210.575,54.7,27.0
1783930211.6,54.7,27.0
1783930212.625,54.7,27.0
1783930213.654,54.6,27.0
1783930214.687,54.6,27.0
1783930215.721,54.6,27.0
1783930216.756,54.6,27.0
1783930217.784,54.6,27.0
1783930218.81,54.6,27.0
1783930219.898,54.6,27.0
1783930220.938,54.7,27.0
1783930221.972,54.6,27.0
1783930223.006,54.6,27.0
1783930224.039,54.6,27.0
1783930225.073,54.7,27.1
1783930226.106,54.7,27.0
1783930227.14,54.7,27.0
1783930228.174,54.7,27.0
1783930229.208,54.7,27.1
1783930230.242,54.7,27.1
1783930231.276,54.7,27.0
1783930232.31,54.7,27.0
1783930233.344,54.7,27.0
1783930234.382,54.7,27.0
1783930235.407,54.7,27.0
1783930236.432,54.8,27.0
1783930237.456,54.8,27.0
1783930238.481,54.8,27.1
1783930239.512,54.9,27.0
1783930240.536,54.9,27.1
1783930241.57,54.9,27.1
1783930242.604,55.0,27.0
1783930243.638,55.1,27.1
1783930244.672,55.1,27.0
1783930245.706,55.1,27.0
1783930246.74,55.2,27.0
1783930247.774,55.2,27.1
1783930248.808,55.1,27.1
1783930249.842,55.2,27.1
1783930250.867,55.2,27.1
1783930251.892,55.1,27.1
1783930252.916,55.1,27.0
1783930253.95,55.1,27.0
1783930254.984,55.1,27.1
1783930256.018,55.1,27.1
1783930257.052,55.1,27.1
1783930258.086,55.1,27.0
1783930259.12,55.2,27.1
1783930260.146,55.2,27.1
1783930261.172,55.2,27.1
1783930262.197,55.2,27.0
1783930263.222,55.2,27.0
1783930264.255,55.2,27.1
1783930265.29,55.3,27.1
1783930266.324,55.3,27.1
1783930267.357,55.3,27.1
1783930268.391,55.3,27.1
1783930269.425,55.3,27.1
1783930270.459,55.3,27.1
1783930271.492,55.3,27.1
1783930272.526,55.3,27.1
1783930273.559,55.3,27.0
1783930274.592,55.3,27.1
1783930275.616,55.3,27.1
1783930276.64,55.4,27.1
1783930277.672,55.4,27.1
1783930278.704,55.4,27.1
1783930279.74,55.4,27.1
1783930280.764,55.4,27.1
1783930281.788,55.4,27.1
1783930282.812,55.4,27.1
1783930283.836,55.4,27.1
1783930284.86,55.4,27.1
1783930285.885,55.5,27.1
1783930286.909,55.5,27.1
1783930287.942,55.5,27.1
1783930288.975,55.5,27.1
1783930290.007,55.5,27.1
1783930291.031,55.6,27.1
1783930292.055,55.6,27.1
1783930293.088,55.6,27.1
1783930294.12,55.6,27.1
1783930295.152,55.6,27.1
1783930296.176,55.6,27.1
1783930297.2,55.6,27.1
1783930298.232,55.6,27.1
1783930299.264,55.6,27.1
1783930300.289,55.6,27.1
1783930301.316,55.6,27.1
1783930302.34,55.6,27.1
1783930303.364,55.6,27.1
1783930304.388,55.6,27.1
1783930305.411,55.6,27.1
1783930306.435,55.6,27.1
1783930307.459,55.6,27.1
1783930308.491,55.6,27.1
1783930309.523,55.6,27.1
1783930310.548,55.6,27.1
1783930311.58,55.6,27.1
1783930312.612,55.6,27.1
1783930313.645,55.6,27.1
1783930314.677,55.5,27.1
1783930315.709,55.5,27.1
1783930316.742,55.5,27.1
1783930317.774,55.5,27.1
1783930318.807,55.5,27.1
1783930319.834,55.5,27.1
1783930320.858,55.5,27.1
1783930321.891,55.5,27.1
1783930322.923,55.5,27.1
1783930323.956,55.5,27.1
1783930324.99,55.6,27.1
1783930326.022,55.6,27.1
1783930327.055,55.7,27.1
1783930328.087,55.7,27.1
1783930329.114,55.7,27.1
1783930330.138,55.8,27.1
1783930331.162,55.8,27.1
1783930332.186,55.9,27.1
1783930333.21,55.9,27.1
1783930334.234,55.9,27.1
1783930335.259,55.9,27.1
1783930336.291,55.9,27.1
1783930337.324,55.9,27.1
1783930338.356,55.9,27.1
1783930339.389,55.9,27.1
1783930340.416,55.9,27.1
1783930341.441,56.0,27.1
1783930342.48,55.9,27.1
1783930343.504,55.9,27.1
1783930344.528,55.9,27.1
1783930345.56,55.9,27.1
1783930346.592,56.0,27.1
1783930347.625,56.0,27.1
1783930348.649,55.9,27.1
1783930349.682,55.9,27.1
1783930350.714,55.9,27.1
1783930351.747,55.9,27.1
1783930352.771,55.9,27.2
1783930353.795,56.0,27.1
1783930354.828,56.0,27.1
1783930355.86,56.0,27.1
1783930356.892,56.0,27.1
1783930357.925,56.0,27.1
1783930358.958,56.0,27.1
1783930359.983,56.0,27.2
1783930361.008,56.0,27.1
1783930362.04,56.0,27.1
1783930363.064,56.0,27.1
1783930364.096,56.0,27.2
1783930365.128,56.0,27.2
1783930366.16,55.9,27.2
1783930367.192,55.9,27.1
1783930368.224,55.9,27.2
1783930369.256,55.9,27.2
1783930370.288,55.9,27.1
1783930371.32,55.9,27.2
1783930372.353,55.9,27.2
1783930373.385,55.9,27.2
1783930374.418,55.9,27.2
1783930375.443,55.9,27.2
1783930376.467,55.8,27.1
1783930377.491,55.8,27.1
1783930378.515,55.8,27.2
1783930379.54,55.8,27.1
1783930380.565,55.8,27.2
1783930381.591,55.8,27.2
1783930382.623,55.8,27.2
1783930383.656,55.8,27.1
1783930384.679,55.8,27.2
1783930385.703,55.7,27.2
1783930386.727,55.7,27.2
1783930387.75,55.7,27.2
1783930388.776,55.6,27.2
1783930389.808,55.6,27.2
1783930390.84,55.6,27.2
1783930391.873,55.6,27.2
1783930392.905,55.6,27.2
1783930393.938,55.6,27.2
1783930394.972,55.6,27.2
1783930395.996,55.6,27.2
1783930397.03,55.6,27.2
1783930398.064,55.6,27.2
1783930399.099,55.6,27.2
1783930400.124,55.6,27.2
1783930401.149,55.6,27.2
1783930402.183,55.6,27.2
1783930403.217,55.6,27.2
1783930404.252,55.6,27.2
1783930405.286,55.6,27.2
1783930406.32,55.6,27.2
1783930407.354,55.6,27.2
1783930408.388,55.6,27.2
1783930409.422,55.5,27.2
1783930410.456,55.5,27.2
1783930411.489,55.5,27.2
1783930412.524,55.5,27.2
1783930413.557,55.4,27.2
1783930414.591,55.4,27.2
1783930415.624,55.4,27.2
1783930416.658,55.3,27.2
1783930417.691,55.3,27.2
1783930418.725,55.2,27.2
1783930419.759,55.2,27.2
1783930420.784,55.2,27.2
1783930421.809,55.2,27.2
1783930422.836,55.2,27.2
1783930423.862,55.2,27.2
1783930424.887,55.2,27.2
1783930425.912,55.2,27.2
1783930426.936,55.2,27.2
1783930427.97,55.2,27.2
1783930429.003,55.1,27.2
1783930430.037,55.1,27.2
1783930431.062,55.1,27.2
1783930432.086,55.1,27.2
1783930433.112,55.1,27.2
1783930434.136,55.1,27.2
1783930435.169,55.1,27.2
1783930436.194,55.0,27.2
1783930437.228,55.0,27.2
1783930438.252,55.0,27.2
1783930439.286,55.0,27.2
1783930440.314,55.0,27.2
1783930441.338,54.9,27.2
1783930442.373,54.9,27.2
1783930443.401,54.9,27.2
1783930444.435,54.8,27.2
1783930445.469,54.8,27.2
1783930446.503,54.7,27.2
1783930447.536,54.7,27.2
1783930448.57,54.7,27.2
1783930449.604,54.7,27.2
1783930450.638,54.7,27.2
1783930451.672,54.7,27.2
1783930452.705,54.7,27.2
1783930453.74,54.7,27.2
1783930454.774,54.6,27.2
1783930455.808,54.6,27.2
1783930456.842,54.6,27.2
1783930457.875,54.6,27.2
1783930458.909,54.6,27.2
1783930459.943,54.6,27.2
1783930460.968,54.6,27.2
1783930461.993,54.5,27.2
1783930463.02,54.5,27.2
1783930464.054,54.5,27.2
1783930465.088,54.4,27.2
1783930466.112,54.3,27.2
1783930467.136,54.2,27.2
1783930468.17,54.2,27.2
1783930469.204,54.1,27.2
1783930470.238,54.1,27.2
1783930471.263,54.0,27.2
1783930472.288,54.1,27.2
1783930473.314,54.0,27.2
1783930474.34,53.9,27.2
1783930475.363,53.9,27.2
1783930476.387,53.9,27.2
1783930477.411,53.8,27.2
1783930478.434,53.7,27.2
1783930479.467,53.7,27.2
1783930480.492,53.7,27.2
1783930481.521,53.7,27.2
1783930482.544,53.7,27.2
1783930483.576,53.8,27.2
1783930484.609,53.8,27.2
1783930485.633,53.8,27.2
1783930486.656,53.8,27.2
1783930487.688,53.8,27.2
1783930488.713,53.9,27.2
1783930489.746,53.9,27.2
1783930490.778,53.9,27.2
1783930491.811,53.9,27.2
1783930492.844,53.9,27.2
1783930493.876,53.9,27.2
1783930494.909,53.8,27.2
1783930495.942,53.8,27.2
1783930496.974,53.7,27.2
1783930498.007,53.7,27.2
1783930499.039,53.7,27.2
1783930500.073,53.7,27.2
1783930501.106,53.8,27.2
1783930502.131,53.8,27.2
1783930503.158,53.8,27.2
1783930504.19,53.7,27.2
1783930505.223,53.7,27.2
1783930506.255,53.7,27.2
1783930507.288,53.7,27.2
1783930508.32,53.6,27.2
1783930509.353,53.5,27.2
1783930510.386,53.4,27.2
1783930511.409,53.3,27.2
1783930512.433,53.3,27.2
1783930513.46,53.3,27.2
1783930514.492,53.3,27.2
1783930515.525,53.3,27.2
1783930516.557,53.3,27.2
1783930517.59,53.3,27.2
1783930518.614,53.3,27.2
1783930519.637,53.3,27.2
1783930520.662,53.3,27.2
1783930521.687,53.3,27.2
1783930522.718,53.3,27.2
1783930523.743,53.3,27.2
1783930524.767,53.3,27.2
1783930525.791,53.3,27.2
1783930526.824,53.3,27.2
1783930527.848,53.3,27.2
1783930528.871,53.3,27.2
1783930529.904,53.3,27.2
1783930530.928,53.3,27.2
1783930531.96,53.4,27.2
1783930532.984,53.4,27.2
1783930534.016,53.4,27.2
1783930535.05,53.4,27.2
1783930536.075,53.4,27.2
1783930537.106,53.4,27.2
1783930538.131,53.5,27.2
1783930539.164,53.4,27.2
1783930540.197,53.5,27.2
1783930541.229,53.5,27.2
1783930542.255,53.5,27.2
1783930543.288,53.4,27.2
1783930544.32,53.4,27.2
1783930545.352,53.3,27.2
1783930546.385,53.3,27.2
1783930547.418,53.2,27.2
1783930548.451,53.2,27.2
1783930549.484,53.2,27.2
1783930550.517,53.3,27.2
1783930551.55,53.3,27.2
1783930552.583,53.2,27.2
1783930553.616,53.3,27.2
1783930554.648,53.2,27.2
1783930555.68,53.2,27.2
1783930556.706,53.1,27.2
1783930557.731,53.1,27.2
1783930558.763,53.1,27.2
1783930559.788,53.1,27.2
1783930560.82,53.1,27.2
1783930561.846,53.1,27.2
1783930562.87,53.1,27.2
1783930563.895,53.1,27.2
1783930564.92,53.1,27.2
1783930565.947,53.1,27.2
1783930566.97,53.1,27.2
1783930568.004,53.1,27.2
1783930569.038,53.0,27.2
1783930570.063,52.9,27.2
1783930571.095,52.9,27.2
1783930572.119,52.9,27.2
1783930573.152,52.9,27.2
1783930574.185,52.9,27.2
1783930575.209,52.8,27.2
1783930576.233,52.8,27.2
1783930577.256,52.8,27.2
1783930578.28,52.8,27.2
1783930579.304,52.9,27.2
1783930580.328,52.9,27.2
1783930581.354,52.9,27.2
1783930582.379,52.9,27.2
1783930583.411,52.8,27.2
1783930584.444,52.8,27.2
1783930585.469,52.8,27.2
1783930586.501,52.8,27.2
1783930587.526,52.7,27.2
1783930588.559,52.7,27.2
1783930589.596,52.6,27.2
1783930590.629,52.6,27.2
1783930591.661,52.6,27.2
1783930592.694,52.7,27.2
1783930593.727,52.7,27.2
1783930594.759,52.7,27.2
1783930595.792,52.7,27.2
1783930596.824,52.8,27.2
1783930597.849,52.8,27.2
1783930598.882,52.8,27.2
1783930599.914,52.8,27.2
1783930600.948,52.8,27.2
1783930601.975,52.8,27.2
1783930603.007,52.8,27.2
1783930604.031,52.8,27.2
1783930605.064,52.9,27.2
1783930606.096,52.9,27.2
1783930607.129,52.9,27.2
1783930608.161,52.9,27.2
1783930609.185,53.0,27.2
1783930610.209,53.0,27.2
1783930611.233,53.1,27.2
1783930612.259,53.1,27.2
1783930613.292,53.1,27.2
1783930614.319,53.1,27.2
1783930615.353,53.2,27.2
1783930616.387,53.2,27.2
1783930617.412,53.2,27.2
1783930618.446,53.2,27.2
1783930619.471,53.1,27.2
1783930620.497,53.1,27.2
1783930621.525,53.1,27.2
1783930622.551,53.1,27.2
1783930623.585,53.1,27.2
1783930624.61,53.1,27.2
1783930625.644,53.2,27.2
1783930626.678,53.2,27.2
1783930627.703,53.3,27.2
1783930628.737,53.3,27.2
1783930629.761,53.4,27.2
1783930630.785,53.4,27.2
1783930631.81,53.4,27.2
1783930632.835,53.5,27.2
1783930633.86,53.5,27.2
1783930634.884,53.4,27.2
1783930635.909,53.4,27.2
1783930636.934,53.4,27.2
1783930637.959,53.4,27.1
1783930638.993,53.5,27.1
1783930640.027,53.5,27.1
1783930641.052,53.5,27.2
1783930642.077,53.6,27.2
1783930643.111,53.6,27.2
1783930644.145,53.5,27.2
1783930645.179,53.4,27.2
1783930646.213,53.3,27.2
1783930647.238,53.3,27.1
1783930648.264,53.3,27.1
1783930649.298,53.3,27.2
1783930650.332,53.3,27.1
1783930651.356,53.4,27.1
1783930652.381,53.4,27.2
1783930653.407,53.3,27.1
1783930654.432,53.4,27.1
1783930655.465,53.4,27.2
1783930656.499,53.4,27.1
1783930657.533,53.5,27.1
1783930658.567,53.6,27.2
1783930659.602,53.7,27.1
1783930660.628,53.7,27.2
1783930661.657,53.7,27.2
1783930662.69,53.6,27.1
1783930663.718,53.6,27.2
1783930664.752,53.5,27.1
1783930665.776,53.5,27.1
1783930666.801,53.3,27.2
1783930667.835,53.2,27.2
1783930668.869,53.1,27.1
1783930669.894,52.9,27.1
1783930670.919,52.8,27.1
1783930671.944,52.7,27.1
1783930672.978,52.7,27.1
1783930674.012,52.7,27.2
1783930675.037,52.7,27.1
1783930676.062,52.6,27.2
1783930677.087,52.7,27.1
1783930678.111,52.7,27.1
1783930679.15,52.7,27.1
1783930680.176,52.6,27.1
1783930681.204,52.6,27.1
1783930682.229,52.6,27.1
1783930683.263,52.6,27.1
1783930684.288,52.6,27.1
1783930685.313,52.6,27.1
1783930686.338,52.5,27.1
1783930687.362,52.5,27.1
1783930688.397,52.4,27.1
1783930689.422,52.3,27.1
1783930690.447,52.2,27.1
1783930691.472,52.1,27.1
1783930692.496,52.1,27.1
1783930693.521,52.1,27.1
1783930694.546,52.1,27.1
1783930695.572,52.1,27.1
1783930696.605,52.1,27.1
1783930697.629,52.0,27.1
1783930698.653,52.0,27.1
1783930699.693,51.9,27.1
1783930700.717,51.8,27.1
1783930701.75,51.7,27.1
1783930702.783,51.6,27.1
1783930703.816,51.6,27.1
1783930704.841,51.6,27.1
1783930705.875,51.6,27.1
1783930706.909,51.6,27.1
1783930707.944,51.6,27.1
1783930708.977,51.6,27.1
1783930710.011,51.6,27.1
1783930711.045,51.6,27.1
1783930712.079,51.6,27.1
1783930713.105,51.6,27.1
1783930714.14,51.6,27.1
1783930715.174,51.6,27.1
1783930716.208,51.7,27.1
1783930717.232,51.6,27.1
1783930718.266,51.7,27.1
1783930719.3,51.6,27.1
1783930720.326,51.7,27.1
1783930721.354,51.7,27.1
1783930722.379,51.7,27.1
1783930723.403,51.7,27.1
1783930724.438,51.7,27.1
1783930725.471,51.7,27.1
1783930726.505,51.7,27.1
1783930727.531,51.7,27.1
1783930728.564,51.8,27.1
1783930729.596,51.8,27.1
1783930730.629,51.8,27.1
1783930731.661,51.8,27.1
1783930732.694,51.9,27.1
1783930733.718,51.9,27.1
1783930734.742,51.9,27.1
1783930735.766,52.0,27.1
1783930736.79,52.0,27.1
1783930737.823,52.0,27.1
1783930738.853,52.1,27.1
1783930739.879,52.1,27.1
1783930740.904,52.1,27.1
1783930741.927,52.2,27.1
1783930742.952,52.2,27.1
1783930743.978,52.3,27.1
1783930745.012,52.3,27.1
1783930746.046,52.3,27.1
1783930747.08,52.4,27.1
1783930748.114,52.4,27.1
1783930749.148,52.4,27.1
1783930750.182,52.5,27.1
1783930751.216,52.5,27.1
1783930752.25,52.5,27.1
1783930753.275,52.6,27.1
1783930754.309,52.6,27.1
1783930755.343,52.6,27.1
1783930756.377,52.7,27.1
1783930757.411,52.7,27.1
1783930758.436,52.8,27.1
1783930759.47,52.8,27.1
1783930760.498,52.8,27.1
1783930761.523,52.8,27.1
1783930762.557,52.9,27.1
1783930763.591,52.9,27.1
1783930764.626,52.9,27.1
1783930765.66,52.9,27.1
1783930766.694,52.9,27.1
1783930767.728,53.0,27.1
1783930768.762,52.9,27.1
1783930769.796,53.0,27.1
1783930770.83,53.0,27.1
1783930771.865,53.0,27.1
1783930772.899,53.1,27.1
1783930773.933,53.2,27.1
1783930774.966,53.1,27.1
1783930776.0,53.2,27.1
1783930777.035,53.2,27.1
1783930778.07,53.2,27.1
1783930779.095,53.2,27.1
1783930780.13,53.2,27.1
1783930781.159,53.2,27.1
1783930782.186,53.3,27.1
1783930783.21,53.3,27.1
1783930784.236,53.3,27.1
1783930785.262,53.3,27.1
1783930786.286,53.4,27.1
1783930787.31,53.4,27.1
1783930788.334,53.5,27.1
1783930789.358,53.5,27.1
1783930790.382,53.5,27.1
1783930791.406,53.5,27.1
1783930792.43,53.5,27.1
1783930793.454,53.5,27.1
1783930794.487,53.5,27.1
1783930795.519,53.5,27.1
1783930796.551,53.5,27.1
1783930797.584,53.5,27.1
1783930798.617,53.5,27.1
1783930799.65,53.6,27.1
1783930800.674,53.6,27.1
1783930801.703,53.6,27.1
1783930802.736,53.6,27.1
1783930803.769,53.6,27.1
1783930804.801,53.7,27.0
1783930805.834,53.8,27.1
1783930806.867,53.8,27.1
1783930807.9,53.8,27.1
1783930808.932,53.8,27.1
1783930809.964,53.9,27.1
1783930810.997,53.9,27.1
1783930812.03,54.0,27.1
1783930813.062,54.0,27.1
1783930814.093,54.0,27.1
1783930815.127,54.1,27.1
1783930816.159,54.2,27.1
1783930817.194,54.2,27.1
1783930818.218,54.3,27.1
1783930819.251,54.3,27.1
1783930820.299,54.3,27.1
1783930821.378,54.4,27.1
1783930822.404,54.4,27.1
1783930823.428,54.4,27.1
1783930824.452,54.5,27.1
1783930825.477,54.5,27.1
1783930826.51,54.6,27.1
1783930827.534,54.6,27.1
1783930828.558,54.6,27.1
1783930829.582,54.6,27.1
1783930830.606,54.6,27.1
1783930831.639,54.6,27.1
1783930832.671,54.7,27.1
1783930833.695,54.7,27.1
1783930834.719,54.7,27.1
1783930835.742,54.7,27.1
1783930836.766,54.7,27.0
1783930837.79,54.7,27.1
1783930838.814,54.7,27.1
1783930839.839,54.7,27.1
1783930840.869,54.7,27.1
1783930841.895,54.7,27.1
1783930842.919,54.7,27.1
1783930843.952,54.7,27.1
1783930844.975,54.7,27.1
1783930846.007,54.8,27.1
1783930847.04,54.7,27.1
1783930848.064,54.7,27.1
1783930849.087,54.8,27.1
1783930850.111,54.8,27.1
1783930851.143,54.8,27.1
1783930852.176,54.8,27.1
1783930853.2,54.8,27.1
1783930854.232,54.8,27.1
1783930855.255,54.8,27.1
1783930856.288,54.8,27.1
1783930857.32,54.8,27.1
1783930858.345,54.8,27.1
1783930859.372,54.8,27.1
1783930860.397,54.8,27.1
1783930861.431,54.9,27.1
1783930862.465,54.9,27.1
1783930863.49,54.9,27.1
1783930864.524,54.9,27.1
1783930865.549,54.9,27.1
1783930866.583,54.9,27.1
1783930867.609,54.9,27.1
1783930868.634,54.9,27.1
1783930869.659,54.9,27.1
1783930870.684,54.9,27.1
1783930871.72,54.9,27.1
1783930872.754,54.9,27.1
1783930873.782,54.9,27.1
1783930874.807,54.9,27.1
1783930875.831,54.9,27.1
1783930876.865,55.0,27.1
1783930877.899,55.0,27.1
1783930878.934,55.1,27.1
1783930879.963,55.1,27.1
1783930880.991,55.1,27.1
1783930882.025,55.1,27.1
1783930883.059,55.2,27.1
1783930884.094,55.1,27.1
1783930885.129,55.1,27.1
1783930886.168,55.2,27.1
1783930887.2,55.2,27.1
1783930888.233,55.3,27.1
1783930889.257,55.3,27.1
1783930890.28,55.3,27.1
1783930891.304,55.3,27.1
1783930892.328,55.4,27.1
1783930893.352,55.4,27.1
1783930894.378,55.4,27.1
1783930895.402,55.5,27.1
1783930896.426,55.5,27.1
1783930897.45,55.5,27.1
1783930898.475,55.5,27.1
1783930899.504,55.5,27.1
1783930900.529,55.5,27.1
1783930901.554,55.4,27.1
1783930902.589,55.4,27.1
1783930903.623,55.4,27.1
1783930904.648,55.4,27.1
1783930905.682,55.4,27.1
1783930906.706,55.4,27.1
1783930907.74,55.4,27.1
1783930908.774,55.4,27.1
1783930909.799,55.4,27.1
1783930910.825,55.4,27.1
1783930911.85,55.4,27.1
1783930912.875,55.4,27.1
1783930913.9,55.4,27.1
1783930914.925,55.4,27.1
1783930915.959,55.4,27.1
1783930916.984,55.4,27.1
1783930918.018,55.5,27.1
1783930919.042,55.5,27.1
1783930920.069,55.5,27.1
1783930921.103,55.5,27.1
1783930922.13,55.5,27.1
1783930923.163,55.5,27.1
1783930924.193,55.5,27.1
1783930925.227,55.5,27.1
1783930926.262,55.5,27.1
1783930927.296,55.6,27.1
1783930928.33,55.6,27.1
1783930929.363,55.6,27.1
1783930930.396,55.7,27.1
1783930931.43,55.7,27.1
1783930932.464,55.7,27.1
1783930933.498,55.7,27.1
1783930934.532,55.7,27.1
1783930935.566,55.7,27.1
1783930936.599,55.7,27.1
1783930937.633,55.7,27.1
1783930938.667,55.7,27.1
1783930939.693,55.7,27.1
1783930940.726,55.7,27.1
1783930941.76,55.7,27.1
1783930942.794,55.7,27.1
1783930943.827,55.7,27.1
1783930944.86,55.7,27.1
1783930945.894,55.8,27.1
1783930946.928,55.8,27.1
1783930947.952,55.8,27.1
1783930948.976,55.8,27.1
1783930950.0,55.8,27.1
1783930951.024,55.8,27.1
1783930952.048,55.8,27.1
1783930953.075,55.8,27.1
1783930954.1,55.8,27.1
1783930955.124,55.8,27.1
1783930956.149,55.8,27.1
1783930957.174,55.9,27.1
1783930958.21,55.9,27.1
1783930959.236,55.9,27.1
1783930960.263,55.9,27.1
1783930961.297,55.9,27.1
1783930962.322,55.9,27.1
1783930963.357,55.9,27.1
1783930964.392,55.9,27.1
1783930965.416,55.9,27.1
1783930966.45,55.9,27.1
1783930967.484,55.9,27.1
1783930968.518,55.9,27.1
1783930969.544,55.9,27.1
1783930970.578,55.9,27.1
1783930971.612,56.0,27.1
1783930972.646,56.0,27.1
1783930973.68,56.0,27.1
1783930974.704,56.0,27.1
1783930975.738,56.0,27.1
1783930976.772,56.0,27.1
1783930977.806,56.0,27.1
1783930978.841,56.0,27.1
1783930979.874,56.0,27.1
1783930980.9,56.0,27.1
1783930981.934,56.0,27.1
1783930982.967,56.0,27.1
1783930983.992,56.0,27.1
1783930985.025,56.0,27.1
1783930986.058,56.1,27.1
1783930987.09,56.1,27.1
1783930988.123,56.1,27.1
1783930989.156,56.1,27.1
1783930990.19,56.2,27.1
1783930991.224,56.2,27.1
1783930992.258,56.2,27.1
1783930993.292,56.3,27.1
1783930994.326,56.3,27.1
1783930995.36,56.3,27.1
1783930996.394,56.4,27.1
1783930997.428,56.4,27.1
1783930998.454,56.4,27.1
1783930999.481,56.5,27.1
1783931000.51,56.5,27.1
1783931001.538,56.5,27.2
1783931002.562,56.5,27.1
1783931003.587,56.4,27.1
1783931004.612,56.5,27.2
1783931005.639,56.4,27.1
1783931006.664,56.4,27.1
1783931007.698,56.5,27.2
1783931008.732,56.5,27.1
1783931009.757,56.5,27.1
1783931010.782,56.5,27.2
1783931011.816,56.5,27.1
1783931012.85,56.5,27.1
1783931013.884,56.5,27.1
1783931014.919,56.5,27.2
1783931015.952,56.6,27.1
1783931016.986,56.5,27.1
1783931018.02,56.6,27.1
1783931019.045,56.5,27.2
1783931020.076,56.6,27.2
1783931021.104,56.6,27.1
1783931022.129,56.7,27.1
1783931023.163,56.7,27.2
1783931024.188,56.8,27.2
1783931025.212,56.8,27.2
1783931026.246,56.8,27.2
1783931027.271,56.8,27.2
1783931028.304,56.7,27.2
1783931029.329,56.7,27.1
1783931030.353,56.7,27.2
1783931031.387,56.7,27.2
1783931032.411,56.7,27.2
1783931033.445,56.6,27.2
1783931034.47,56.7,27.2
1783931035.494,56.6,27.2
1783931036.529,56.6,27.2
1783931037.553,56.6,27.1
1783931038.578,56.6,27.2
1783931039.603,56.6,27.2
1783931040.629,56.6,27.1
1783931041.654,56.7,27.2
1783931042.68,56.7,27.2
1783931043.705,56.7,27.2
1783931044.73,56.7,27.2
1783931045.755,56.7,27.2
1783931046.787,56.8,27.2
1783931047.811,56.8,27.2
1783931048.844,56.8,27.2
1783931049.868,56.8,27.1
1783931050.892,56.8,27.2
1783931051.924,56.9,27.2
1783931052.948,56.9,27.2
1783931053.98,56.9,27.2
1783931055.004,56.9,27.1
1783931056.028,56.9,27.2
1783931057.053,57.0,27.2
1783931058.079,57.0,27.2
1783931059.102,57.0,27.2
1783931060.126,57.0,27.2
1783931061.152,57.1,27.2
1783931062.184,57.1,27.2
1783931063.216,57.2,27.2
1783931064.248,57.2,27.2
1783931065.28,57.2,27.2
1783931066.312,57.2,27.2
1783931067.344,57.2,27.2
1783931068.368,57.2,27.2
1783931069.392,57.2,27.2
1783931070.424,57.1,27.2
1783931071.458,57.1,27.2
1783931072.49,57.1,27.2
1783931073.523,57.1,27.2
1783931074.555,57.1,27.2
1783931075.587,57.1,27.2
1783931076.62,57.1,27.2
1783931077.645,57.1,27.2
1783931078.671,57.0,27.2
1783931079.704,57.1,27.2
1783931080.735,57.0,27.2
1783931081.76,57.0,27.2
1783931082.784,57.0,27.2
1783931083.807,57.1,27.2
1783931084.831,57.1,27.2
1783931085.855,57.1,27.2
1783931086.888,57.0,27.2
1783931087.912,57.1,27.2
1783931088.936,57.1,27.2
1783931089.96,57.1,27.2
1783931090.984,57.1,27.2
1783931092.016,57.1,27.2
1783931093.04,57.0,27.2
1783931094.064,57.1,27.2
1783931095.088,57.0,27.2
1783931096.114,57.0,27.2
1783931097.14,57.0,27.2
1783931098.164,57.0,27.2
1783931099.188,57.0,27.2
1783931100.212,57.0,27.2
1783931101.236,57.0,27.2
1783931102.269,57.0,27.2
1783931103.293,57.0,27.2
1783931104.317,57.0,27.2
1783931105.341,57.0,27.2
1783931106.365,57.0,27.2
1783931107.389,57.0,27.2
1783931108.413,57.0,27.2
1783931109.437,56.9,27.2
1783931110.461,56.9,27.2
1783931111.486,56.9,27.2
1783931112.51,56.8,27.2
1783931113.535,56.8,27.2
1783931114.562,56.8,27.2
1783931115.589,56.8,27.2
1783931116.615,56.7,27.2
1783931117.647,56.7,27.2
1783931118.672,56.8,27.2
1783931119.695,56.7,27.2
1783931120.719,56.7,27.2
1783931121.743,56.7,27.2
1783931122.769,56.7,27.2
1783931123.792,56.7,27.2
1783931124.817,56.7,27.2
1783931125.841,56.7,27.2
1783931126.865,56.6,27.2
1783931127.898,56.6,27.2
1783931128.923,56.7,27.2
1783931129.947,56.7,27.2
1783931130.973,56.6,27.2
1783931131.998,56.7,27.2
1783931133.033,56.6,27.2
1783931134.059,56.7,27.2
1783931135.083,56.6,27.2
1783931136.108,56.6,27.2
1783931137.132,56.6,27.2
1783931138.165,56.7,27.2
1783931139.189,56.7,27.2
1783931140.213,56.6,27.2
1783931141.237,56.6,27.2
1783931142.261,56.7,27.2
1783931143.294,56.6,27.2
1783931144.317,56.6,27.2
1783931145.341,56.6,27.2
1783931146.365,56.6,27.2
1783931147.388,56.6,27.2
1783931148.421,56.6,27.2
1783931149.445,56.6,27.2
1783931150.469,56.5,27.2
1783931151.495,56.6,27.2
1783931152.521,56.5,27.2
1783931153.547,56.5,27.2
1783931154.573,56.5,27.2
1783931155.607,56.5,27.2
1783931156.641,56.5,27.2
1783931157.668,56.5,27.2
1783931158.693,56.4,27.2
1783931159.718,56.4,27.2
1783931160.743,56.3,27.2
1783931161.771,56.3,27.2
1783931162.805,56.2,27.2
1783931163.839,56.2,27.2
1783931164.866,56.2,27.2
1783931165.89,56.1,27.2
1783931166.915,56.1,27.2
1783931167.94,56.1,27.2
1783931168.965,56.1,27.2
1783931169.99,56.1,27.2
1783931171.015,56.1,27.2
1783931172.059,56.1,27.2
1783931173.086,56.1,27.2
1783931174.124,56.1,27.2
1783931175.159,56.1,27.2
1783931176.193,56.1,27.2
1783931177.227,56.1,27.2
1783931178.263,56.1,27.2
1783931179.297,56.0,27.2
1783931180.324,56.0,27.2
1783931181.353,55.9,27.2
1783931182.387,55.8,27.2
1783931183.421,55.8,27.2
1783931184.455,55.7,27.2
1783931185.479,55.7,27.2
1783931186.503,55.7,27.2
1783931187.537,55.6,27.2
1783931188.56,55.6,27.2
1783931189.584,55.7,27.2
1783931190.61,55.7,27.2
1783931191.643,55.7,27.2
1783931192.668,55.7,27.2
1783931193.693,55.7,27.2
1783931194.727,55.7,27.2
1783931195.752,55.7,27.2
1783931196.787,55.7,27.2
1783931197.821,55.7,27.2
1783931198.855,55.6,27.2
1783931199.89,55.6,27.2
1783931200.925,55.5,27.2
1783931201.959,55.4,27.2
1783931202.984,55.4,27.2
1783931204.008,55.4,27.2
1783931205.033,55.3,27.2
1783931206.059,55.3,27.2
1783931207.084,55.3,27.2
1783931208.119,55.3,27.2
1783931209.153,55.2,27.2
1783931210.187,55.1,27.2
1783931211.221,55.0,27.2
1783931212.257,54.9,27.2
1783931213.285,54.9,27.2
1783931214.311,54.8,27.2
1783931215.345,54.8,27.2
1783931216.379,54.8,27.2
1783931217.412,54.8,27.2
1783931218.446,54.8,27.2
1783931219.482,54.8,27.2
1783931220.508,54.8,27.2
1783931221.533,54.8,27.2
1783931222.558,54.8,27.2
1783931223.583,54.7,27.2
1783931224.607,54.6,27.2
1783931225.632,54.6,27.2
1783931226.659,54.5,27.2
1783931227.683,54.5,27.2
1783931228.715,54.5,27.2
1783931229.748,54.5,27.2
1783931230.78,54.5,27.2
1783931231.813,54.5,27.2
1783931232.839,54.5,27.2
1783931233.864,54.6,27.2
1783931234.897,54.6,27.2
1783931235.93,54.6,27.2
1783931236.964,54.6,27.2
1783931237.988,54.6,27.2
1783931239.02,54.6,27.2
1783931240.053,54.6,27.2
1783931241.085,54.7,27.2
1783931242.118,54.6,27.2
1783931243.144,54.6,27.2
1783931244.17,54.5,27.2
1783931245.204,54.5,27.2
1783931246.231,54.5,27.2
1783931247.256,54.4,27.2
1783931248.282,54.3,27.2
1783931249.309,54.2,27.2
1783931250.338,54.2,27.2
1783931251.365,54.2,27.2
1783931252.39,54.2,27.2
1783931253.414,54.2,27.2
1783931254.439,54.2,27.2
1783931255.474,54.2,27.2
1783931256.508,54.2,27.2
1783931257.542,54.1,27.2
1783931258.576,54.0,27.2
1783931259.61,53.9,27.2
1783931260.644,53.7,27.2
1783931261.678,53.5,27.2
1783931262.712,53.4,27.2
1783931263.746,53.3,27.2
1783931264.78,53.2,27.2
1783931265.814,53.2,27.2
1783931266.848,53.2,27.2
1783931267.883,53.2,27.2
1783931268.916,53.2,27.2
1783931269.95,53.2,27.2
1783931270.984,53.3,27.2
1783931272.009,53.3,27.2
1783931273.034,53.4,27.2
1783931274.064,53.4,27.2
1783931275.088,53.5,27.2
1783931276.113,53.5,27.2
1783931277.138,53.5,27.2
1783931278.163,53.5,27.2
1783931279.188,53.5,27.2
1783931280.214,53.5,27.2
1783931281.248,53.5,27.2
1783931282.273,53.4,27.2
1783931283.308,53.4,27.2
1783931284.333,53.5,27.2
1783931285.367,53.4,27.2
1783931286.401,53.4,27.2
1783931287.428,53.4,27.2
1783931288.452,53.4,27.2
1783931289.477,53.3,27.2
1783931290.502,53.4,27.2
1783931291.528,53.3,27.2
1783931292.555,53.3,27.2
1783931293.584,53.3,27.2
1783931294.619,53.4,27.2
1783931295.652,53.3,27.2
1783931296.676,53.3,27.2
1783931297.7,53.3,27.2
1783931298.732,53.3,27.2
1783931299.766,53.3,27.2
1783931300.801,53.2,27.2
1783931301.835,53.2,27.2
1783931302.869,53.1,27.2
1783931303.903,53.0,27.2
1783931304.937,52.9,27.2
1783931305.974,52.9,27.2
1783931307.01,52.8,27.2
1783931308.033,52.8,27.2
1783931309.067,52.8,27.2
1783931310.101,52.8,27.2
1783931311.135,52.7,27.2
1783931312.169,52.8,27.2
1783931313.195,52.8,27.2
1783931314.261,52.8,27.2
1783931315.295,52.8,27.2
1783931316.32,52.8,27.2
1783931317.354,52.7,27.2
1783931318.387,52.6,27.2
1783931319.412,52.5,27.2
1783931320.445,52.5,27.2
1783931321.47,52.5,27.2
1783931322.504,52.5,27.2
1783931323.543,52.4,27.2
1783931324.568,52.5,27.2
1783931325.593,52.4,27.2
1783931326.617,52.4,27.2
1783931327.642,52.4,27.2
1783931328.667,52.4,27.1
1783931329.692,52.3,27.2
1783931330.726,52.3,27.2
1783931331.76,52.3,27.2
1783931332.794,52.2,27.2
1783931333.83,52.2,27.2
1783931334.857,52.2,27.2
1783931335.882,52.1,27.2
1783931336.906,52.1,27.2
1783931337.931,52.1,27.2
1783931338.956,52.1,27.2
1783931339.99,52.1,27.2
1783931341.024,52.1,27.2
1783931342.049,52.1,27.1
1783931343.074,52.2,27.1
1783931344.108,52.2,27.2
1783931345.142,52.2,27.2
1783931346.176,52.3,27.1
1783931347.21,52.3,27.2
1783931348.244,52.2,27.2
1783931349.278,52.2,27.1
1783931350.305,52.2,27.1
1783931351.339,52.2,27.1
1783931352.374,52.2,27.2
1783931353.399,52.2,27.1
1783931354.424,52.1,27.2
1783931355.45,52.0,27.1
1783931356.484,52.0,27.1
1783931357.52,51.9,27.1
1783931358.554,51.9,27.1
1783931359.588,51.9,27.1
1783931360.613,51.9,27.1
1783931361.647,51.9,27.1
1783931362.681,52.0,27.1
1783931363.715,51.9,27.1
1783931364.749,51.9,27.1
1783931365.776,51.9,27.1
1783931366.81,51.9,27.1
1783931367.843,51.8,27.1
1783931368.868,51.8,27.1
1783931369.902,51.8,27.1
1783931370.936,51.7,27.1
1783931371.97,51.7,27.1
1783931373.004,51.7,27.1
1783931374.03,51.6,27.1
1783931375.055,51.6,27.1
1783931376.08,51.6,27.1
1783931377.105,51.6,27.1
1783931378.129,51.6,27.1
1783931379.154,51.6,27.1
1783931380.177,51.5,27.1
1783931381.201,51.5,27.1
1783931382.225,51.5,27.1
1783931383.249,51.5,27.1
1783931384.282,51.5,27.1
1783931385.315,51.5,27.1
1783931386.347,51.5,27.1
1783931387.371,51.4,27.1
1783931388.395,51.4,27.1
1783931389.427,51.4,27.1
1783931390.46,51.3,27.1
1783931391.492,51.3,27.1
1783931392.516,51.3,27.1
1783931393.546,51.3,27.1
1783931394.572,51.3,27.1
1783931395.606,51.3,27.1
1783931396.64,51.3,27.1
1783931397.674,51.3,27.1
1783931398.708,51.2,27.1
1783931399.742,51.2,27.1
1783931400.767,51.2,27.1
1783931401.801,51.2,27.1
1783931402.827,51.2,27.1
1783931403.862,51.2,27.1
1783931404.896,51.2,27.1
1783931405.921,51.1,27.1
1783931406.956,51.1,27.1
1783931407.99,51.1,27.1
1783931409.024,51.1,27.1
1783931410.058,51.1,27.1
1783931411.084,51.1,27.1
1783931412.118,51.0,27.1
1783931413.152,51.1,27.1
1783931414.179,51.0,27.1
1783931415.203,51.0,27.1
1783931416.238,51.0,27.1
1783931417.272,51.0,27.1
1783931418.306,51.0,27.1
1783931419.34,51.0,27.1
1783931420.366,51.0,27.1
1783931421.409,51.0,27.1
1783931422.434,51.0,27.1
1783931423.459,50.9,27.1
1783931424.486,50.9,27.1
1783931425.519,50.9,27.1
1783931426.555,50.9,27.1
1783931427.579,50.9,27.1
1783931428.604,51.0,27.1
1783931429.63,51.0,27.1
1783931430.655,51.0,27.1
1783931431.679,51.0,27.1
1783931432.703,51.0,27.1
1783931433.726,51.0,27.1
1783931434.75,50.9,27.1
1783931435.774,50.9,27.1
1783931436.806,50.9,27.1
1783931437.839,50.8,27.1
1783931438.872,50.8,27.1
1783931439.904,50.7,27.1
1783931440.936,50.6,27.1
1783931441.969,50.5,27.1
1783931442.993,50.5,27.1
1783931444.019,50.5,27.1
1783931445.044,50.5,27.1
1783931446.078,50.5,27.1
1783931447.112,50.5,27.0
1783931448.138,50.5,27.1
1783931449.164,50.5,27.1
1783931450.189,50.5,27.1
1783931451.216,50.5,27.1
1783931452.243,50.5,27.1
1783931453.278,50.5,27.1
1783931454.314,50.5,27.0
1783931455.339,50.4,27.0
1783931456.364,50.4,27.1
1783931457.396,50.3,27.0
1783931458.42,50.3,27.0
1783931459.445,50.2,27.1
1783931460.473,50.3,27.1
1783931461.5,50.2,27.1
1783931462.524,50.3,27.0
1783931463.548,50.3,27.0
1783931464.574,50.3,27.1
1783931465.6,50.3,27.0
1783931466.627,50.4,27.0
1783931467.652,50.4,27.0
1783931468.676,50.5,27.0
1783931469.7,50.5,27.0
1783931470.726,50.5,27.0
1783931471.752,50.6,27.0
1783931472.78,50.6,27.0
1783931473.812,50.6,27.0
1783931474.846,50.6,27.0
1783931475.878,50.7,27.0
1783931476.902,50.7,27.1
1783931477.935,50.7,27.0
1783931478.968,50.8,27.0
1783931479.993,50.8,27.0
1783931481.016,50.8,27.0
1783931482.04,50.8,27.0
1783931483.064,50.8,27.0
1783931484.088,50.9,27.0
1783931485.112,50.9,27.0
1783931486.136,50.9,27.0
1783931487.16,51.0,27.0
1783931488.192,51.0,27.0
1783931489.224,51.0,27.0
1783931490.256,51.1,27.0
1783931491.282,51.1,27.0
1783931492.31,51.2,27.0
1783931493.342,51.2,27.0
1783931494.366,51.2,27.0
1783931495.399,51.2,27.0
1783931496.433,51.3,27.0
1783931497.467,51.3,27.0
1783931498.494,51.3,27.0
1783931499.529,51.3,27.0
1783931500.563,51.3,27.0
1783931501.598,51.4,27.0
1783931502.633,51.5,27.0
1783931503.668,51.6,27.0
1783931504.703,51.6,27.0
1783931505.729,51.7,27.0
1783931506.764,51.7,27.0
1783931507.798,51.7,27.0
1783931508.833,51.7,27.0
1783931509.86,51.7,27.0
1783931510.887,51.7,27.0
1783931511.917,51.8,27.0
1783931512.944,51.8,27.0
1783931513.973,51.8,27.0
1783931515.007,51.8,27.0
1783931516.033,51.8,27.0
1783931517.058,51.9,27.0
1783931518.083,51.8,27.0
1783931519.109,51.8,27.0
1783931520.135,51.8,27.0
1783931521.163,51.9,27.0
1783931522.188,51.9,27.0
1783931523.214,52.0,27.0
1783931524.239,52.0,27.0
1783931525.273,52.0,27.0
1783931526.307,52.0,27.0
1783931527.336,52.0,27.0
1783931528.363,52.0,27.0
1783931529.389,52.0,27.0
1783931530.418,52.0,27.0
1783931531.452,52.1,27.0
1783931532.476,52.1,27.0
1783931533.501,52.1,27.0
1783931534.527,52.1,27.0
1783931535.553,52.1,27.0
1783931536.578,52.2,27.0
1783931537.604,52.2,27.0
1783931538.639,52.2,27.0
1783931539.674,52.2,27.0
1783931540.699,52.3,27.0
1783931541.725,52.3,27.0
1783931542.751,52.4,27.0
1783931543.776,52.4,27.0
1783931544.801,52.4,27.0
1783931545.835,52.5,27.0
1783931546.869,52.5,27.0
1783931547.904,52.6,27.0
1783931548.932,52.6,27.0
1783931549.96,52.7,27.0
1783931550.989,52.6,27.0
1783931552.02,52.7,27.0
1783931553.046,52.7,27.0
1783931554.071,52.7,27.0
1783931555.106,52.7,27.0
1783931556.139,52.8,27.0
1783931557.174,52.8,27.0
1783931558.2,52.8,27.0
1783931559.234,52.8,27.0
1783931560.259,52.8,27.0
1783931561.294,52.9,27.0
1783931562.328,52.9,27.0
1783931563.362,52.8,27.0
1783931564.388,52.9,27.0
1783931565.413,52.9,27.0
1783931566.446,53.0,27.0
1783931567.48,53.0,27.0
1783931568.514,53.0,27.0
1783931569.542,53.0,27.0
1783931570.57,53.0,27.0
1783931571.598,53.0,27.0
1783931572.632,53.0,27.0
1783931573.658,53.1,27.0
1783931574.693,53.1,27.0
1783931575.718,53.1,27.0
1783931576.743,53.2,27.0
1783931577.776,53.2,27.0
1783931578.802,53.2,27.0
1783931579.828,53.2,27.0
1783931580.854,53.2,27.0
1783931581.881,53.2,27.0
1783931582.908,53.2,27.0
1783931583.932,53.2,27.0
1783931584.967,53.1,27.0
1783931586.004,53.1,27.0
1783931587.039,53.1,27.0
1783931588.073,53.1,27.0
1783931589.107,53.0,27.0
1783931590.145,53.0,27.0
1783931591.178,53.0,27.0
1783931592.206,53.0,27.0
1783931593.24,53.0,27.0
1783931594.266,53.1,27.0
1783931595.292,53.1,27.0
1783931596.317,53.1,27.0
1783931597.342,53.1,27.0
1783931598.377,53.1,27.0
1783931599.411,53.1,27.0
1783931600.446,53.1,27.0
1783931601.472,53.1,27.0
1783931602.497,53.1,27.0
1783931603.532,53.1,27.0
1783931604.566,53.1,27.0
1783931605.6,53.2,27.0
1783931606.627,53.2,27.0
1783931607.656,53.1,27.0
1783931608.69,53.1,27.0
1783931609.717,53.1,27.0
1783931610.746,53.1,27.0
1783931611.773,53.2,27.0
1783931612.798,53.2,27.0
1783931613.831,53.2,27.0
1783931614.855,53.2,27.0
1783931615.889,53.3,27.0
1783931616.914,53.3,27.0
1783931617.947,53.3,27.0
1783931618.98,53.3,27.0
1783931620.017,53.3,27.0
1783931621.054,53.4,27.0
1783931622.087,53.3,27.0
1783931623.12,53.4,27.0
1783931624.154,53.4,27.0
1783931625.204,53.4,27.0
1783931626.237,53.4,27.0
1783931627.271,53.4,27.0
1783931628.295,53.5,27.0
1783931629.319,53.5,27.0
1783931630.343,53.5,27.0
1783931631.371,53.5,27.0
1783931632.398,53.5,27.0
1783931633.423,53.5,27.0
1783931634.456,53.5,27.0
1783931635.48,53.5,27.0
1783931636.513,53.6,27.0
1783931637.546,53.6,27.0
1783931638.579,53.5,27.0
1783931639.612,53.6,27.0
1783931640.636,53.6,27.0
1783931641.66,53.6,27.0
1783931642.684,53.6,27.0
1783931643.708,53.7,27.0
1783931644.732,53.7,27.0
1783931645.758,53.8,27.0
1783931646.782,53.8,27.0
1783931647.815,53.8,27.0
1783931648.839,53.8,27.0
1783931649.863,53.9,27.0
1783931650.89,53.9,27.0
1783931651.919,53.9,27.0
1783931652.954,53.9,27.0
1783931653.98,54.0,27.0
1783931655.005,54.0,27.0
1783931656.03,54.0,27.0
1783931657.064,54.0,27.0
1783931658.089,54.0,27.0
1783931659.114,54.0,27.0
1783931660.139,54.0,27.0
1783931661.173,54.0,27.0
1783931662.199,54.1,27.0
1783931663.226,54.1,27.0
1783931664.251,54.1,27.0
1783931665.276,54.1,27.0
1783931666.301,54.1,27.0
1783931667.326,54.1,27.0
1783931668.352,54.1,27.0
1783931669.377,54.2,27.0
1783931670.403,54.1,27.0
1783931671.43,54.2,27.0
1783931672.455,54.2,27.0
1783931673.48,54.2,27.0
1783931674.504,54.2,27.0
1783931675.529,54.2,27.0
1783931676.555,54.2,27.0
1783931677.58,54.3,27.0
1783931678.604,54.3,27.0
1783931679.631,54.3,27.0
1783931680.656,54.3,27.0
1783931681.681,54.4,27.0
1783931682.706,54.4,27.0
1783931683.732,54.4,27.0
1783931684.756,54.4,27.0
1783931685.781,54.5,27.0
1783931686.807,54.4,27.0
1783931687.832,54.5,27.0
1783931688.861,54.4,27.0
1783931689.89,54.5,27.0
1783931690.917,54.5,27.0
1783931691.951,54.6,27.0
1783931692.985,54.6,27.0
1783931694.019,54.6,27.0
1783931695.044,54.6,27.0
1783931696.068,54.6,27.0
1783931697.099,54.6,27.0
1783931698.132,54.7,27.0
1783931699.166,54.7,27.0
1783931700.202,54.7,27.0
1783931701.266,54.7,27.0
1783931702.341,54.7,27.0
1783931703.367,54.7,27.0
1783931704.392,54.7,27.0
1783931705.418,54.7,27.0
1783931706.452,54.7,27.0
1783931707.479,54.7,27.0
1783931708.513,54.7,27.0
1783931709.541,54.7,27.0
1783931710.572,54.7,27.0
1783931711.604,54.7,27.0
1783931712.637,54.7,27.0
1783931713.669,54.8,27.0
1783931714.702,54.8,27.0
1783931715.726,54.9,27.0
1783931716.759,54.8,27.1
1783931717.792,54.9,27.0
1783931718.824,54.9,27.0
1783931719.849,54.9,27.0
1783931720.874,54.9,27.0
1783931721.9,54.8,27.0
1783931722.924,54.8,27.0
1783931723.947,54.8,27.0
1783931724.973,54.8,27.0
1783931725.997,54.8,27.0
1783931727.022,54.8,27.0
1783931728.047,54.9,27.0
1783931729.072,54.9,27.0
1783931730.099,54.9,27.0
1783931731.127,55.0,27.0
1783931732.16,55.0,27.1
1783931733.187,55.0,27.0
1783931734.212,55.0,27.0
1783931735.236,55.0,27.0
1783931736.261,55.0,27.1
1783931737.285,55.0,27.0
1783931738.309,55.1,27.1
1783931739.333,55.0,27.0
1783931740.356,55.1,27.1
1783931741.38,55.1,27.0
1783931742.413,55.2,27.0
1783931743.438,55.3,27.1
1783931744.472,55.3,27.1
1783931745.507,55.3,27.0
1783931746.541,55.3,27.0
1783931747.566,55.3,27.1
1783931748.6,55.3,27.1
1783931749.63,55.3,27.1
1783931750.658,55.4,27.1
1783931751.692,55.4,27.1
1783931752.727,55.3,27.0
1783931753.762,55.4,27.1
1783931754.787,55.3,27.1
1783931755.812,55.3,27.1
1783931756.84,55.3,27.1
1783931757.876,55.3,27.1
1783931758.911,55.3,27.1
1783931759.935,55.4,27.1
1783931760.969,55.3,27.0
1783931762.003,55.3,27.1
1783931763.038,55.2,27.0
1783931764.072,55.1,27.1
1783931765.097,55.2,27.1
1783931766.131,55.1,27.1
1783931767.166,55.1,27.1
1783931768.201,55.1,27.1
1783931769.228,55.1,27.1
1783931770.258,55.1,27.0
1783931771.284,55.1,27.1
1783931772.309,55.2,27.1
1783931773.335,55.2,27.1
1783931774.369,55.1,27.1
1783931775.403,55.2,27.0
1783931776.436,55.1,27.1
1783931777.47,55.1,27.1
1783931778.503,55.2,27.1
1783931779.537,55.2,27.1
1783931780.571,55.2,27.1
1783931781.605,55.2,27.1
1783931782.639,55.3,27.1
1783931783.663,55.3,27.0
1783931784.688,55.4,27.1
1783931785.714,55.4,27.1
1783931786.738,55.4,27.1
1783931787.763,55.4,27.1
1783931788.789,55.4,27.1
1783931789.818,55.4,27.1
1783931790.843,55.4,27.1
1783931791.875,55.5,27.1
1783931792.908,55.5,27.1
1783931793.932,55.6,27.1
1783931794.966,55.6,27.1
1783931795.999,55.6,27.1
1783931797.033,55.6,27.1
1783931798.067,55.6,27.1
1783931799.102,55.7,27.1
1783931800.136,55.7,27.1
1783931801.17,55.7,27.1
1783931802.195,55.7,27.1
1783931803.228,55.7,27.1
1783931804.253,55.7,27.1
1783931805.287,55.6,27.1
1783931806.311,55.6,27.1
1783931807.344,55.6,27.1
1783931808.378,55.6,27.1
1783931809.416,55.6,27.1
1783931810.446,55.6,27.1
1783931811.474,55.6,27.1
1783931812.509,55.6,27.1
1783931813.533,55.6,27.1
1783931814.558,55.6,27.1
1783931815.585,55.6,27.1
1783931816.61,55.6,27.1
1783931817.644,55.7,27.1
1783931818.671,55.6,27.1
1783931819.705,55.7,27.1
1783931820.731,55.7,27.1
1783931821.756,55.8,27.1
1783931822.783,55.8,27.1
1783931823.818,55.7,27.1
1783931824.852,55.8,27.1
1783931825.886,55.8,27.1
1783931826.92,55.8,27.1
1783931827.954,55.8,27.1
1783931828.99,55.9,27.1
1783931830.019,55.9,27.1
1783931831.049,56.0,27.1
1783931832.075,55.9,27.1
1783931833.099,56.0,27.1
1783931834.125,56.0,27.1
1783931835.15,56.0,27.1
1783931836.174,56.0,27.1
1783931837.199,56.0,27.1
1783931838.225,56.0,27.1
1783931839.25,56.0,27.1
1783931840.279,56.0,27.1
1783931841.313,56.0,27.1
1783931842.348,56.0,27.1
1783931843.383,56.0,27.1
1783931844.417,56.0,27.1
1783931845.451,56.0,27.1
1783931846.486,56.0,27.1
1783931847.522,56.0,27.1
1783931848.558,56.0,27.1
1783931849.589,56.0,27.1
1783931850.618,55.9,27.1
1783931851.652,55.9,27.1
1783931852.687,56.0,27.1
1783931853.723,56.0,27.1
1783931854.758,56.0,27.1
1783931855.784,56.0,27.1
1783931856.809,56.0,27.1
1783931857.834,56.0,27.1
1783931858.859,56.0,27.1
1783931859.888,56.1,27.1
1783931860.925,56.1,27.1
1783931861.96,56.1,27.1
1783931862.995,56.1,27.1
1783931864.029,56.1,27.1
1783931865.063,56.1,27.1
1783931866.098,56.2,27.1
1783931867.132,56.2,27.1
1783931868.167,56.2,27.1
1783931869.205,56.2,27.1
1783931870.232,56.2,27.1
1783931871.257,56.2,27.1
1783931872.292,56.2,27.1
1783931873.327,56.2,27.1
1783931874.361,56.3,27.1
1783931875.386,56.3,27.1
1783931876.419,56.3,27.1
1783931877.447,56.4,27.1
1783931878.485,56.4,27.1
1783931879.511,56.3,27.1
1783931880.535,56.3,27.1
1783931881.56,56.3,27.1
1783931882.585,56.3,27.1
1783931883.611,56.3,27.1
1783931884.636,56.3,27.1
1783931885.66,56.3,27.1
1783931886.694,56.2,27.1
1783931887.719,56.2,27.1
1783931888.755,56.2,27.1
1783931889.785,56.2,27.1
1783931890.812,56.2,27.1
1783931891.846,56.1,27.1
1783931892.881,56.1,27.1
1783931893.915,56.1,27.1
1783931894.95,56.1,27.1
1783931895.984,56.1,27.1
1783931897.019,56.1,27.1
1783931898.053,56.1,27.1
1783931899.088,56.1,27.1
1783931900.122,56.0,27.1
1783931901.147,56.0,27.1
1783931902.171,56.0,27.1
1783931903.194,56.0,27.1
1783931904.218,56.0,27.1
1783931905.251,56.0,27.1
1783931906.283,56.0,27.1
1783931907.317,55.9,27.1
1783931908.353,55.9,27.1
1783931909.39,56.0,27.1
1783931910.416,56.0,27.1
1783931911.442,55.9,27.1
1783931912.476,55.9,27.2
1783931913.51,55.9,27.1
1783931914.536,56.0,27.1
1783931915.57,55.9,27.1
1783931916.604,55.9,27.1
1783931917.629,55.9,27.1
1783931918.655,55.9,27.1
1783931919.68,55.9,27.1
1783931920.714,55.9,27.1
1783931921.748,55.9,27.2
1783931922.773,55.9,27.2
1783931923.807,55.9,27.1
1783931924.832,55.9,27.1
1783931925.867,55.9,27.2
1783931926.892,55.8,27.1
1783931927.917,55.8,27.2
1783931928.95,55.8,27.1
1783931929.978,55.8,27.2
1783931931.005,55.7,27.1
1783931932.031,55.6,27.1
1783931933.057,55.6,27.2
1783931934.082,55.6,27.2
1783931935.107,55.6,27.1
1783931936.133,55.6,27.2
1783931937.167,55.6,27.1
1783931938.193,55.6,27.1
1783931939.231,55.6,27.1
1783931940.266,55.6,27.1
1783931941.299,55.6,27.2
1783931942.334,55.6,27.1
1783931943.369,55.5,27.2
1783931944.393,55.6,27.1
1783931945.418,55.5,27.1
1783931946.444,55.5,27.2
1783931947.469,55.5,27.2
1783931948.504,55.5,27.2
1783931949.531,55.4,27.1
1783931950.559,55.4,27.2
1783931951.594,55.4,27.2
1783931952.629,55.4,27.1
1783931953.663,55.4,27.2
1783931954.698,55.4,27.1
1783931955.732,55.4,27.1
1783931956.766,55.3,27.2
1783931957.801,55.4,27.2
1783931958.826,55.3,27.1
1783931959.86,55.3,27.2
1783931960.895,55.2,27.1
1783931961.938,55.2,27.2
1783931962.973,55.1,27.2
1783931963.998,55.0,27.1
1783931965.023,55.1,27.1
1783931966.057,55.1,27.1
1783931967.092,55.1,27.1
1783931968.126,55.1,27.1
1783931969.152,55.0,27.2
1783931970.183,55.0,27.2
1783931971.208,54.9,27.2
1783931972.243,54.9,27.2
1783931973.271,54.8,27.2
1783931974.31,54.8,27.1
1783931975.343,54.8,27.2
1783931976.377,54.7,27.1
1783931977.411,54.7,27.1
1783931978.445,54.7,27.2
1783931979.478,54.6,27.1
1783931980.503,54.5,27.2
1783931981.528,54.4,27.2
1783931982.553,54.4,27.2
1783931983.577,54.3,27.1
1783931984.602,54.2,27.1
1783931985.627,54.1,27.1
1783931986.652,54.1,27.1
1783931987.678,54.1,27.1
1783931988.705,54.1,27.1
1783931989.739,54.1,27.2
1783931990.763,54.0,27.2
1783931991.798,53.8,27.1
1783931992.832,53.7,27.2
1783931993.866,53.6,27.1
1783931994.9,53.5,27.2
1783931995.935,53.5,27.1
1783931996.96,53.3,27.2
1783931997.995,53.3,27.2
1783931999.029,53.3,27.1
1783932000.063,53.2,27.2
1783932001.089,53.3,27.1
1783932002.113,53.3,27.1
1783932003.146,53.3,27.1
1783932004.18,53.4,27.2
1783932005.206,53.4,27.2
1783932006.23,53.5,27.1
1783932007.256,53.6,27.2
1783932008.291,53.7,27.2
1783932009.322,53.8,27.1
1783932010.348,53.8,27.1
1783932011.373,53.8,27.1
1783932012.398,53.9,27.2
1783932013.432,53.8,27.2
1783932014.466,53.9,27.2
1783932015.499,53.8,27.2
1783932016.524,53.8,27.2
1783932017.548,53.8,27.2
1783932018.573,53.7,27.1
1783932019.606,53.7,27.1
1783932020.639,53.6,27.2
1783932021.672,53.6,27.1
1783932022.696,53.5,27.1
1783932023.72,53.5,27.1
1783932024.744,53.5,27.2
1783932025.768,53.5,27.1
1783932026.793,53.6,27.1
1783932027.82,53.6,27.1
1783932028.853,53.6,27.1
1783932029.887,53.6,27.1
1783932030.92,53.6,27.1
1783932031.953,53.6,27.1
1783932032.985,53.6,27.1
1783932034.019,53.6,27.1
1783932035.045,53.6,27.1
1783932036.069,53.6,27.1
1783932037.094,53.6,27.2
1783932038.118,53.6,27.2
1783932039.142,53.5,27.1
1783932040.167,53.5,27.1
1783932041.191,53.4,27.2
1783932042.215,53.3,27.1
1783932043.243,53.3,27.1
1783932044.276,53.3,27.1
1783932045.311,53.3,27.1
1783932046.336,53.3,27.1
1783932047.36,53.3,27.1
1783932048.393,53.3,27.1
1783932049.428,53.3,27.1
1783932050.461,53.3,27.1
1783932051.494,53.4,27.1
1783932052.527,53.3,27.1
1783932053.56,53.3,27.1
1783932054.593,53.3,27.1
1783932055.626,53.3,27.1
1783932056.658,53.3,27.1
1783932057.691,53.3,27.1
1783932058.716,53.2,27.1
1783932059.748,53.2,27.1
1783932060.78,53.2,27.1
1783932061.812,53.2,27.1
1783932062.844,53.2,27.2
1783932063.877,53.1,27.1
1783932064.91,53.1,27.1
1783932065.943,53.1,27.1
1783932066.971,53.1,27.1
1783932068.014,53.0,27.1
1783932069.042,53.0,27.1
1783932070.065,53.0,27.1
1783932071.089,53.0,27.1
1783932072.114,52.9,27.1
1783932073.143,52.9,27.1
1783932074.168,52.8,27.1
1783932075.202,52.8,27.1
1783932076.235,52.8,27.1
1783932077.271,52.8,27.1
1783932078.305,52.7,27.1
1783932079.34,52.7,27.1
1783932080.374,52.7,27.1
1783932081.408,52.7,27.1
1783932082.442,52.7,27.1
1783932083.477,52.6,27.1
1783932084.512,52.6,27.1
1783932085.538,52.6,27.1
1783932086.569,52.6,27.1
1783932087.599,52.6,27.1
1783932088.626,52.5,27.1
1783932089.651,52.5,27.1
1783932090.677,52.4,27.1
1783932091.703,52.4,27.1
1783932092.728,52.4,27.1
1783932093.754,52.4,27.1
1783932094.779,52.4,27.1
1783932095.804,52.3,27.1
1783932096.83,52.4,27.1
1783932097.864,52.4,27.1
1783932098.889,52.4,27.1
1783932099.917,52.4,27.1
1783932100.944,52.4,27.1
1783932101.979,52.4,27.1
1783932103.013,52.4,27.1
1783932104.038,52.3,27.1
1783932105.066,52.2,27.1
1783932106.095,52.1,27.1
1783932107.123,52.1,27.1
1783932108.15,52.1,27.1
1783932109.176,52.0,27.1
1783932110.201,52.0,27.1
1783932111.227,52.1,27.1
1783932112.252,52.0,27.1
1783932113.277,52.1,27.1
1783932114.302,52.1,27.1
1783932115.328,52.1,27.1
1783932116.355,52.1,27.1
1783932117.392,52.1,27.1
1783932118.426,52.1,27.1
1783932119.46,52.1,27.1
1783932120.486,52.1,27.1
1783932121.52,52.1,27.1
1783932122.554,52.1,27.1
1783932123.579,52.1,27.1
1783932124.606,52.1,27.1
1783932125.635,52.1,27.1
1783932126.661,52.1,27.1
1783932127.694,52.1,27.1
1783932128.728,52.1,27.1
1783932129.761,52.0,27.1
1783932130.795,52.0,27.1
1783932131.829,51.9,27.1
1783932132.863,51.9,27.1
1783932133.897,51.8,27.1
1783932134.932,51.8,27.1
1783932135.966,51.7,27.1
1783932136.999,51.7,27.1
1783932138.024,51.7,27.1
1783932139.056,51.6,27.1
1783932140.088,51.5,27.1
1783932141.122,51.5,27.1
1783932142.156,51.5,27.1
1783932143.189,51.5,27.1
1783932144.223,51.5,27.1
1783932145.257,51.5,27.1
1783932146.281,51.6,27.1
1783932147.308,51.6,27.1
1783932148.334,51.6,27.1
1783932149.358,51.6,27.1
1783932150.383,51.6,27.1
1783932151.408,51.6,27.1
1783932152.442,51.6,27.1
1783932153.466,51.5,27.1
1783932154.499,51.5,27.1
1783932155.527,51.4,27.1
1783932156.552,51.4,27.1
1783932157.577,51.4,27.1
1783932158.602,51.3,27.1
1783932159.627,51.3,27.1
1783932160.66,51.3,27.1
1783932161.694,51.3,27.0
1783932162.729,51.3,27.1
1783932163.764,51.3,27.1
1783932164.801,51.3,27.1
1783932165.829,51.3,27.1
1783932166.858,51.3,27.1
1783932167.893,51.3,27.1
1783932168.918,51.2,27.1
1783932169.944,51.2,27.1
1783932170.978,51.1,27.1
1783932172.013,51.1,27.1
1783932173.047,51.0,27.1
1783932174.081,51.0,27.1
1783932175.116,50.9,27.1
1783932176.15,50.9,27.1
1783932177.184,50.9,27.1
1783932178.218,50.9,27.1
1783932179.252,50.9,27.0
1783932180.286,50.9,27.1
1783932181.32,50.9,27.1
1783932182.354,50.9,27.0
1783932183.379,50.9,27.0
1783932184.413,50.9,27.0
1783932185.45,50.9,27.1
1783932186.477,51.0,27.0
1783932187.507,50.9,27.0
1783932188.541,51.0,27.1
1783932189.576,50.9,27.0
1783932190.61,50.9,27.0
1783932191.644,50.8,27.0
1783932192.678,50.8,27.0
1783932193.712,50.7,27.0
1783932194.74,50.7,27.0
1783932195.765,50.7,27.0
1783932196.79,50.7,27.1
1783932197.815,50.7,27.1
1783932198.84,50.7,27.0
1783932199.865,50.6,27.0
1783932200.891,50.5,27.0
1783932201.916,50.4,27.0
1783932202.941,50.2,27.0
1783932203.968,50.1,27.0
1783932204.995,50.0,27.0
1783932206.024,49.9,27.0
1783932207.052,49.9,27.0
1783932208.078,49.9,27.0
1783932209.112,49.9,27.0
1783932210.146,49.9,27.0
1783932211.18,49.9,27.0
1783932212.214,50.0,27.0
1783932213.247,50.0,27.0
1783932214.281,50.1,27.0
1783932215.315,50.1,27.0
1783932216.349,50.2,27.0
1783932217.384,50.2,27.0
1783932218.418,50.2,27.0
1783932219.443,50.2,27.0
1783932220.469,50.2,27.0
1783932221.494,50.2,27.0
1783932222.528,50.3,27.0
1783932223.552,50.3,27.0
1783932224.588,50.3,27.0
1783932225.617,50.2,27.0
1783932226.646,50.3,27.0
1783932227.68,50.2,27.0
1783932228.715,50.2,27.0
1783932229.75,50.2,27.0
1783932230.784,50.2,27.0
1783932231.81,50.2,27.0
1783932232.844,50.2,27.0
1783932233.879,50.2,27.0
1783932234.912,50.2,27.0
1783932235.946,50.2,27.0
1783932236.971,50.3,27.0
1783932238.006,50.3,27.0
1783932239.031,50.2,27.0
1783932240.065,50.3,27.0
1783932241.1,50.3,27.0
1783932242.134,50.3,27.0
1783932243.168,50.3,27.0
1783932244.203,50.3,27.0
1783932245.237,50.3,27.0
1783932246.273,50.3,27.0
1783932247.299,50.3,27.0
1783932248.327,50.3,27.0
1783932249.352,50.2,27.0
1783932250.378,50.2,27.0
1783932251.402,50.2,27.0
1783932252.427,50.3,27.0
1783932253.452,50.2,27.0
1783932254.476,50.3,27.0
1783932255.501,50.3,27.0
1783932256.524,50.3,27.0
1783932257.549,50.3,27.0
1783932258.582,50.3,27.0
1783932259.615,50.4,27.0
1783932260.648,50.5,27.0
1783932261.681,50.5,27.0
1783932262.707,50.5,27.0
1783932263.739,50.6,27.0
1783932264.767,50.6,27.0
1783932265.795,50.6,27.0
1783932266.821,50.6,27.0
1783932267.847,50.6,27.0
1783932268.881,50.6,27.0
1783932269.915,50.7,27.0
1783932270.95,50.7,27.0
1783932271.984,50.6,27.0
1783932273.01,50.7,27.0
1783932274.044,50.7,27.0
1783932275.078,50.7,27.0
1783932276.113,50.7,27.0
1783932277.147,50.7,27.0
1783932278.182,50.7,26.9
1783932279.216,50.7,27.0
1783932280.251,50.7,27.0
1783932281.285,50.7,27.0
1783932282.319,50.7,27.0
1783932283.354,50.7,26.9
1783932284.388,50.7,27.0
1783932285.424,50.8,27.0
1783932286.458,50.8,26.9
1783932287.486,50.8,27.0
1783932288.512,50.8,27.0
1783932289.546,50.8,26.9
1783932290.571,50.9,26.9
1783932291.596,50.8,26.9
1783932292.621,50.9,27.0
1783932293.645,50.9,27.0
1783932294.679,50.9,27.0
1783932295.713,50.9,26.9
1783932296.748,51.0,27.0
1783932297.782,51.0,27.0
1783932298.808,51.0,27.0
1783932299.832,51.1,26.9
1783932300.867,51.1,26.9
1783932301.9,51.1,27.0
1783932302.934,51.2,26.9
1783932303.963,51.2,27.0
1783932304.988,51.2,27.0
1783932306.017,51.3,27.0
1783932307.045,51.3,26.9
1783932308.075,51.3,27.0
1783932309.1,51.4,26.9
1783932310.126,51.4,27.0
1783932311.151,51.5,26.9
1783932312.184,51.5,27.0
1783932313.217,51.6,26.9
1783932314.251,51.6,27.0
1783932315.284,51.6,26.9
1783932316.319,51.6,26.9
1783932317.352,51.7,27.0
1783932318.386,51.7,26.9
1783932319.421,51.7,26.9
1783932320.454,51.8,26.9
1783932321.488,51.8,27.0
1783932322.513,51.8,26.9
1783932323.54,51.8,27.0
1783932324.574,51.8,26.9
1783932325.608,51.8,26.9
1783932326.642,51.8,27.0
1783932327.667,51.9,26.9
1783932328.702,51.9,26.9
1783932329.738,51.9,26.9
1783932330.772,51.9,26.9
1783932331.806,51.9,26.9
1783932332.84,51.9,26.9
1783932333.865,52.0,26.9
1783932334.89,51.9,26.9
1783932335.915,52.0,27.0
1783932336.94,52.0,26.9
1783932337.974,51.9,26.9
1783932339.008,52.0,26.9
1783932340.042,52.0,26.9
1783932341.068,52.1,26.9
1783932342.093,52.1,27.0
1783932343.128,52.1,26.9
1783932344.162,52.2,26.9
1783932345.19,52.2,26.9
1783932346.218,52.3,26.9
1783932347.248,52.3,26.9
1783932348.282,52.3,26.9
1783932349.316,52.3,26.9
1783932350.348,52.4,26.9
1783932351.374,52.4,27.0
1783932352.399,52.4,26.9
1783932353.434,52.4,26.9
1783932354.467,52.4,26.9
1783932355.491,52.4,26.9
1783932356.515,52.5,26.9
1783932357.54,52.5,26.9
1783932358.564,52.5,26.9
1783932359.588,52.5,26.9
1783932360.612,52.5,26.9
1783932361.649,52.5,26.9
1783932362.682,52.6,26.9
1783932363.716,52.6,26.9
1783932364.749,52.6,26.9
1783932365.785,52.6,26.9
1783932366.813,52.6,26.9
1783932367.84,52.6,26.9
1783932368.872,52.6,26.9
1783932369.904,52.6,26.9
1783932370.937,52.7,26.9
1783932371.969,52.7,26.9
1783932373.002,52.7,26.9
1783932374.034,52.7,26.9
1783932375.066,52.7,26.9
1783932376.098,52.7,26.9
1783932377.123,52.7,26.9
1783932378.147,52.7,26.9
1783932379.171,52.7,26.9
1783932380.196,52.8,26.9
1783932381.22,52.7,26.9
1783932382.245,52.8,26.9
1783932383.278,52.7,26.9
1783932384.302,52.7,26.9
1783932385.335,52.8,26.9
1783932386.367,52.8,26.9
1783932387.395,52.8,26.9
1783932388.428,52.8,26.9
1783932389.453,52.8,26.9
1783932390.485,52.8,26.9
1783932391.518,52.8,26.9
1783932392.542,52.8,26.9
1783932393.575,52.7,26.9
1783932394.6,52.8,26.9
1783932395.632,52.7,26.9
1783932396.657,52.7,26.9
1783932397.681,52.7,26.9
1783932398.714,52.7,26.9
1783932399.738,52.7,26.9
1783932400.772,52.8,26.9
1783932401.805,52.8,26.9
1783932402.83,52.8,26.9
1783932403.863,52.9,26.9
1783932404.891,53.0,26.9
1783932405.92,53.0,26.9
1783932406.949,53.0,26.9
1783932407.974,53.1,26.9
1783932409.0,53.1,26.9
1783932410.026,53.1,26.9
1783932411.051,53.2,26.9
1783932412.076,53.2,26.9
1783932413.11,53.2,26.9
1783932414.145,53.3,26.9
1783932415.179,53.3,26.9
1783932416.213,53.3,26.9
1783932417.246,53.3,26.9
1783932418.279,53.4,26.9
1783932419.312,53.4,26.9
1783932420.338,53.5,26.9
1783932421.362,53.5,26.9
1783932422.387,53.6,26.9
1783932423.411,53.6,26.9
1783932424.445,53.6,26.9
1783932425.47,53.6,26.9
1783932426.494,53.6,26.9
1783932427.527,53.7,26.9
1783932428.561,53.7,26.9
1783932429.594,53.7,26.9
1783932430.619,53.7,26.9
1783932431.649,53.7,26.9
1783932432.684,53.7,26.9
1783932433.719,53.8,26.9
1783932434.754,53.8,26.9
1783932435.779,53.8,26.9
1783932436.803,53.8,26.9
1783932437.838,53.8,26.9
1783932438.863,53.9,26.9
1783932439.888,53.9,26.9
1783932440.914,53.9,26.9
1783932441.939,54.0,26.9
1783932442.974,54.0,27.0
1783932444.009,54.0,26.9
1783932445.04,54.1,26.9
1783932446.066,54.1,26.9
1783932447.092,54.1,26.9
1783932448.118,54.1,26.9
1783932449.152,54.1,26.9
1783932450.177,54.2,26.9
1783932451.201,54.2,26.9
1783932452.228,54.2,26.9
1783932453.254,54.2,26.9
1783932454.28,54.2,26.9
1783932455.306,54.2,27.0
1783932456.332,54.2,26.9
1783932457.356,54.2,26.9
1783932458.381,54.2,26.9
1783932459.406,54.2,26.9
1783932460.431,54.2,27.0
1783932461.456,54.3,26.9
1783932462.483,54.2,27.0
1783932463.509,54.3,26.9
1783932464.537,54.2,26.9
1783932465.572,54.2,27.0
1783932466.606,54.2,26.9
1783932467.64,54.2,26.9
1783932468.674,54.2,27.0
1783932469.708,54.2,26.9
1783932470.743,54.2,26.9
1783932471.777,54.2,26.9
1783932472.812,54.2,27.0
1783932473.846,54.2,26.9
1783932474.88,54.2,27.0
1783932475.915,54.3,26.9
1783932476.949,54.3,27.0
1783932477.984,54.4,27.0
1783932479.018,54.4,27.0
1783932480.052,54.5,27.0
1783932481.077,54.5,27.0
1783932482.103,54.5,26.9
1783932483.139,54.5,27.0
1783932484.168,54.5,27.0
1783932485.196,54.6,27.0
1783932486.23,54.6,27.0
1783932487.256,54.5,26.9
1783932488.29,54.5,26.9
1783932489.325,54.5,27.0
1783932490.35,54.5,27.0
1783932491.384,54.5,27.0
1783932492.41,54.5,26.9
1783932493.435,54.5,27.0
1783932494.469,54.5,27.0
1783932495.503,54.6,27.0
1783932496.536,54.6,27.0
1783932497.569,54.6,27.0
1783932498.603,54.6,26.9
1783932499.636,54.7,27.0
1783932500.67,54.7,27.0
1783932501.699,54.8,27.0
1783932502.725,54.7,27.0
1783932503.752,54.7,27.0
1783932504.78,54.7,27.0
1783932505.808,54.8,27.0
1783932506.834,54.8,27.0
1783932507.86,54.8,27.0
1783932508.892,54.8,27.0
1783932509.925,54.8,27.0
1783932510.959,54.9,26.9
1783932511.991,54.8,27.0
1783932513.024,54.9,27.0
1783932514.059,54.9,27.0
1783932515.093,54.9,27.0
1783932516.127,54.9,27.0
1783932517.162,55.0,27.0
1783932518.187,55.0,27.0
1783932519.213,55.0,27.0
1783932520.247,55.1,27.0
1783932521.281,55.1,27.0
1783932522.316,55.1,27.0
1783932523.344,55.1,27.0
1783932524.371,55.1,27.0
1783932525.401,55.1,27.0
1783932526.435,55.1,27.0
1783932527.469,55.1,27.0
1783932528.493,55.1,27.0
1783932529.518,55.1,27.0
1783932530.552,55.2,27.0
1783932531.586,55.2,27.0
1783932532.62,55.2,27.0
1783932533.645,55.2,27.0
1783932534.67,55.2,27.0
1783932535.705,55.3,27.0
1783932536.739,55.3,27.0
1783932537.772,55.3,27.0
1783932538.806,55.3,27.0
1783932539.841,55.3,27.0
1783932540.875,55.3,27.0
1783932541.909,55.3,27.0
1783932542.944,55.3,27.0
1783932543.98,55.3,27.0
1783932545.008,55.3,27.0
1783932546.035,55.4,27.0
1783932547.064,55.4,27.0
1783932548.089,55.4,27.0
1783932549.112,55.4,27.0
1783932550.136,55.4,27.0
1783932551.161,55.4,27.0
1783932552.186,55.4,27.0
1783932553.21,55.4,27.0
1783932554.244,55.4,27.0
1783932555.277,55.4,27.0
1783932556.31,55.4,27.0
1783932557.343,55.4,27.0
1783932558.377,55.3,27.0
1783932559.41,55.4,27.0
1783932560.443,55.4,27.0
1783932561.477,55.3,27.0
1783932562.514,55.3,27.0
1783932563.549,55.4,27.0
1783932564.58,55.4,27.0
1783932565.604,55.4,27.0
1783932566.637,55.3,27.0
1783932567.671,55.3,27.0
1783932568.695,55.4,27.0
1783932569.728,55.4,27.0
1783932570.752,55.4,27.0
1783932571.776,55.4,27.0
1783932572.808,55.4,27.0
1783932573.833,55.4,27.0
1783932574.866,55.4,27.0
1783932575.898,55.5,27.0
1783932576.931,55.5,27.0
1783932577.964,55.5,27.0
1783932578.996,55.5,27.0
1783932580.031,55.5,27.0
1783932581.067,55.5,27.0
1783932582.091,55.5,27.0
1783932583.126,55.6,27.0
1783932584.162,55.6,27.0
1783932585.191,55.5,27.0
1783932586.217,55.6,27.0
1783932587.25,55.5,27.0
1783932588.284,55.6,27.0
1783932589.317,55.6,27.0
1783932590.349,55.6,27.0
1783932591.382,55.6,27.0
1783932592.407,55.6,27.0
1783932593.431,55.6,27.0
1783932594.465,55.6,27.0
1783932595.488,55.6,27.0
1783932596.512,55.5,27.0
1783932597.538,55.5,27.0
1783932598.562,55.5,27.0
1783932599.586,55.5,27.0
1783932600.611,55.5,27.0
1783932601.644,55.5,27.0
1783932602.678,55.5,27.0
1783932603.706,55.5,27.0
1783932604.735,55.5,27.0
1783932605.76,55.5,27.0
1783932606.793,55.5,27.0
1783932607.819,55.6,27.0
1783932608.844,55.6,27.0
1783932609.868,55.6,27.0
1783932610.892,55.6,27.0
1783932611.927,55.6,27.0
1783932612.961,55.6,27.1
1783932613.986,55.6,27.0
1783932615.022,55.6,27.0
1783932616.05,55.7,27.0
1783932617.083,55.6,27.0
1783932618.108,55.6,27.0
1783932619.132,55.6,27.0
1783932620.167,55.6,27.0
1783932621.193,55.6,27.0
1783932622.229,55.6,27.0
1783932623.263,55.6,27.0
1783932624.298,55.6,27.0
1783932625.329,55.6,27.0
1783932626.354,55.6,27.0
1783932627.387,55.7,27.0
1783932628.42,55.6,27.0
1783932629.444,55.7,27.1
1783932630.477,55.7,27.0
1783932631.51,55.7,27.1
1783932632.535,55.7,27.0
1783932633.567,55.8,27.0
1783932634.6,55.8,27.0
1783932635.632,55.8,27.0
1783932636.666,55.8,27.0
1783932637.701,55.8,27.0
1783932638.726,55.8,27.0
1783932639.751,55.9,27.0
1783932640.777,55.8,27.0
1783932641.801,55.8,27.0
1783932642.836,55.8,27.0
1783932643.871,55.8,27.0
1783932644.899,55.9,27.1
1783932645.923,55.9,27.0
1783932646.957,56.0,27.0
1783932647.987,56.0,27.0
1783932649.011,56.0,27.1
1783932650.036,56.0,27.0
1783932651.06,56.0,27.1
1783932652.085,56.0,27.0
1783932653.11,56.1,27.1
1783932654.136,56.1,27.0
1783932655.16,56.1,27.0
1783932656.187,56.1,27.1
1783932657.22,56.1,27.1
1783932658.248,56.1,27.0
1783932659.283,56.1,27.1
1783932660.308,56.0,27.1
1783932661.342,56.1,27.0
1783932662.377,56.0,27.0
1783932663.41,56.0,27.1
1783932664.438,56.0,27.1
1783932665.464,56.0,27.1
1783932666.497,56.0,27.1
1783932667.532,56.0,27.1
1783932668.566,56.0,27.0
1783932669.6,56.0,27.1
1783932670.624,56.0,27.0
1783932671.658,56.1,27.1
1783932672.692,56.1,27.1
1783932673.726,56.1,27.1
1783932674.76,56.1,27.1
1783932675.795,56.0,27.1
1783932676.829,56.1,27.1
1783932677.863,56.0,27.1
1783932678.889,56.0,27.1
1783932679.914,56.1,27.1
1783932680.94,56.2,27.1
1783932681.965,56.2,27.1
1783932683.002,56.3,27.1
1783932684.029,56.3,27.1
1783932685.055,56.3,27.1
1783932686.09,56.3,27.0
1783932687.124,56.4,27.1
1783932688.161,56.4,27.1
1783932689.196,56.4,27.1
1783932690.23,56.4,27.1
1783932691.265,56.4,27.1
1783932692.29,56.4,27.1
1783932693.325,56.5,27.1
1783932694.35,56.4,27.1
1783932695.376,56.4,27.1
1783932696.411,56.4,27.1
1783932697.436,56.4,27.1
1783932698.461,56.4,27.1
1783932699.487,56.4,27.1
1783932700.512,56.4,27.1
1783932701.537,56.4,27.1
1783932702.564,56.4,27.1
1783932703.592,56.4,27.1
1783932704.619,56.4,27.1
1783932705.653,56.4,27.1
1783932706.687,56.4,27.1
1783932707.714,56.3,27.1
1783932708.748,56.3,27.1
1783932709.782,56.3,27.1
1783932710.817,56.3,27.1
1783932711.851,56.2,27.1
1783932712.886,56.2,27.1
1783932713.919,56.2,27.1
1783932714.953,56.2,27.1
1783932715.987,56.2,27.1
1783932717.021,56.1,27.1
1783932718.055,56.1,27.1
1783932719.091,56.1,27.1
1783932720.125,56.1,27.1
1783932721.16,56.0,27.1
1783932722.197,56.0,27.1
1783932723.235,56.0,27.1
1783932724.264,56.0,27.1
1783932725.292,56.0,27.1
1783932726.318,56.0,27.1
1783932727.342,55.9,27.1
1783932728.367,55.9,27.1
1783932729.393,55.9,27.1
1783932730.43,55.9,27.1
1783932731.466,55.8,27.1
1783932732.5,55.8,27.1
1783932733.535,55.8,27.1
1783932734.56,55.8,27.1
1783932735.594,55.7,27.1
1783932736.629,55.7,27.1
1783932737.663,55.7,27.1
1783932738.687,55.7,27.1
1783932739.712,55.7,27.1
1783932740.745,55.7,27.1
1783932741.778,55.7,27.1
1783932742.807,55.6,27.1
1783932743.836,55.7,27.1
1783932744.862,55.6,27.1
1783932745.887,55.6,27.1
1783932746.91,55.6,27.1
1783932747.934,55.6,27.1
1783932748.958,55.6,27.1
1783932749.991,55.5,27.1
1783932751.028,55.5,27.1
1783932752.063,55.4,27.1
1783932753.096,55.4,27.1
1783932754.129,55.4,27.1
1783932755.162,55.4,27.1
1783932756.195,55.4,27.1
1783932757.228,55.4,27.1
1783932758.262,55.4,27.1
1783932759.294,55.4,27.1
1783932760.327,55.4,27.1
1783932761.359,55.4,27.1
1783932762.392,55.4,27.1
1783932763.425,55.4,27.1
1783932764.451,55.4,27.1
1783932765.476,55.4,27.1
1783932766.503,55.4,27.1
1783932767.527,55.4,27.1
1783932768.55,55.3,27.1
1783932769.575,55.3,27.1
1783932770.6,55.3,27.1
1783932771.633,55.2,27.1
1783932772.666,55.2,27.1
1783932773.699,55.1,27.1
1783932774.732,55.1,27.1
1783932775.765,55.1,27.1
1783932776.788,55.0,27.1
1783932777.821,55.0,27.1
1783932778.854,54.9,27.1
1783932779.888,54.8,27.1
1783932780.92,54.7,27.1
1783932781.945,54.7,27.1
1783932782.978,54.6,27.1
1783932784.025,54.6,27.1
1783932785.051,54.6,27.1
1783932786.078,54.6,27.1
1783932787.112,54.7,27.1
1783932788.145,54.7,27.1
1783932789.178,54.7,27.1
1783932790.211,54.7,27.1
1783932791.244,54.6,27.1
1783932792.27,54.6,27.1
1783932793.294,54.6,27.1
1783932794.319,54.6,27.1
1783932795.343,54.6,27.1
1783932796.367,54.6,27.1
1783932797.391,54.7,27.1
1783932798.415,54.7,27.1
1783932799.44,54.7,27.1
1783932800.472,54.7,27.1
1783932801.504,54.7,27.1
1783932802.537,54.7,27.1
1783932803.572,54.7,27.1
1783932804.609,54.7,27.1
1783932805.641,54.8,27.1
1783932806.666,54.7,27.1
1783932807.701,54.8,27.1
1783932808.735,54.8,27.1
1783932809.77,54.7,27.1
1783932810.804,54.7,27.1
1783932811.829,54.7,27.1
1783932812.855,54.7,27.1
1783932813.88,54.6,27.1
1783932814.905,54.6,27.1
1783932815.939,54.5,27.1
1783932816.973,54.4,27.1
1783932818.008,54.4,27.1
1783932819.032,54.3,27.1
1783932820.071,54.3,27.1
1783932821.108,54.2,27.1
1783932822.143,54.2,27.1
1783932823.177,54.2,27.1
1783932824.207,54.2,27.1
1783932825.237,54.1,27.1
1783932826.266,54.1,27.1
1783932827.292,54.1,27.1
1783932828.326,54.1,27.1
1783932829.36,54.1,27.1
1783932830.396,54.0,27.1
1783932831.43,53.9,27.1
1783932832.464,53.9,27.1
1783932833.499,53.8,27.1
1783932834.524,53.8,27.1
1783932835.549,53.8,27.1
1783932836.584,53.9,27.1
1783932837.611,53.9,27.1
1783932838.646,53.9,27.1
1783932839.68,53.8,27.1
1783932840.714,53.8,27.1
1783932841.748,53.8,27.1
1783932842.778,53.8,27.1
1783932843.803,53.7,27.1
1783932844.828,53.8,27.1
1783932845.853,53.7,27.1
1783932846.88,53.7,27.1
1783932847.905,53.8,27.1
1783932848.93,53.7,27.1
1783932849.955,53.8,27.1
1783932850.989,53.8,27.1
1783932852.023,53.8,27.1
1783932853.048,53.8,27.1
1783932854.083,53.8,27.1
1783932855.108,53.8,27.1
1783932856.134,53.8,27.1
1783932857.159,53.8,27.1
1783932858.185,53.7,27.1
1783932859.219,53.7,27.1
1783932860.245,53.6,27.1
1783932861.28,53.6,27.1
1783932862.314,53.5,27.1
1783932863.349,53.5,27.1
1783932864.386,53.4,27.1
1783932865.415,53.4,27.1
1783932866.443,53.4,27.1
1783932867.478,53.3,27.1
1783932868.512,53.3,27.1
1783932869.546,53.3,27.1
1783932870.58,53.3,27.1
1783932871.614,53.3,27.1
1783932872.648,53.3,27.1
1783932873.683,53.3,27.1
1783932874.717,53.3,27.1
1783932875.751,53.3,27.1
1783932876.785,53.3,27.1
1783932877.819,53.3,27.1
1783932878.844,53.3,27.1
1783932879.869,53.2,27.1
1783932880.896,53.2,27.1
1783932881.932,53.1,27.1
1783932882.966,52.9,27.1
1783932884.0,52.8,27.1
1783932885.025,52.6,27.1
1783932886.051,52.6,27.1
1783932887.076,52.5,27.1
1783932888.111,52.5,27.1
1783932889.145,52.6,27.1
1783932890.179,52.6,27.1
1783932891.203,52.6,27.1
1783932892.238,52.7,27.1
1783932893.272,52.7,27.1
1783932894.307,52.7,27.1
1783932895.341,52.7,27.1
1783932896.38,52.7,27.1
1783932897.412,52.7,27.1
1783932898.437,52.8,27.1
1783932899.462,52.7,27.1
1783932900.49,52.7,27.1
1783932901.519,52.7,27.1
1783932902.544,52.6,27.1
1783932903.579,52.6,27.1
1783932904.613,52.6,27.1
1783932905.651,52.7,27.1
1783932906.68,52.6,27.1
1783932907.71,52.6,27.1
1783932908.744,52.6,27.1
1783932909.779,52.6,27.1
1783932910.813,52.5,27.1
1783932911.847,52.5,27.1
1783932912.882,52.5,27.1
1783932913.916,52.4,27.1
1783932914.951,52.4,27.1
1783932915.985,52.4,27.1
1783932917.019,52.4,27.1
1783932918.05,52.4,27.1
1783932919.084,52.3,27.1
1783932920.119,52.3,27.1
1783932921.153,52.2,27.1
1783932922.188,52.2,27.1
1783932923.212,52.2,27.1
1783932924.247,52.2,27.1
1783932925.272,52.2,27.1
1783932926.297,52.2,27.1
1783932927.334,52.2,27.1
1783932928.364,52.2,27.1
1783932929.39,52.1,27.1
1783932930.423,52.1,27.1
1783932931.447,52.0,27.1
1783932932.481,51.9,27.1
1783932933.505,51.9,27.1
1783932934.539,51.9,27.1
1783932935.572,51.9,27.1
1783932936.605,51.8,27.1
1783932937.638,51.8,27.1
1783932938.671,51.7,27.1
1783932939.704,51.6,27.1
1783932940.737,51.6,27.1
1783932941.771,51.6,27.1
1783932942.804,51.6,27.1
1783932943.838,51.6,27.1
1783932944.871,51.6,27.1
1783932945.906,51.6,27.1
1783932946.934,51.5,27.1
1783932947.966,51.4,27.1
1783932948.993,51.4,27.1
1783932950.019,51.3,27.1
1783932951.048,51.3,27.1
1783932952.074,51.3,27.1
1783932953.098,51.4,27.1
1783932954.132,51.3,27.1
1783932955.167,51.3,27.1
1783932956.192,51.4,27.1
1783932957.23,51.4,27.1
1783932958.263,51.4,27.1
1783932959.289,51.4,27.1
1783932960.314,51.4,27.1
1783932961.347,51.3,27.1
1783932962.38,51.3,27.1
1783932963.413,51.3,27.1
1783932964.447,51.3,27.1
1783932965.471,51.3,27.1
1783932966.506,51.3,27.1
1783932967.535,51.4,27.1
1783932968.56,51.4,27.1
1783932969.593,51.4,27.0
1783932970.617,51.4,27.0
1783932971.64,51.4,27.0
1783932972.672,51.2,27.0
1783932973.704,51.1,27.1
1783932974.736,51.1,27.0
1783932975.76,51.0,27.1
1783932976.792,50.8,27.0
1783932977.823,50.8,27.1
1783932978.855,50.7,27.0
1783932979.888,50.7,27.1
1783932980.92,50.7,27.1
1783932981.952,50.7,27.0
1783932982.976,50.7,27.1
1783932984.0,50.6,27.0
1783932985.034,50.6,27.1
1783932986.062,50.5,27.0
1783932987.089,50.5,27.0
1783932988.119,50.5,27.0
1783932989.152,50.5,27.1
1783932990.186,50.4,27.0
1783932991.211,50.4,27.0
1783932992.235,50.4,27.0
1783932993.26,50.3,27.0
1783932994.284,50.3,27.0
1783932995.317,50.3,27.0
1783932996.35,50.2,27.0
1783932997.383,50.2,27.0
1783932998.416,50.3,27.0
1783932999.449,50.3,27.0
1783933000.473,50.4,27.0
1783933001.498,50.3,27.0
1783933002.523,50.4,27.0
1783933003.547,50.4,27.0
1783933004.571,50.4,27.0
1783933005.595,50.4,27.0
1783933006.622,50.4,27.0
1783933007.649,50.5,27.0
1783933008.682,50.4,27.0
1783933009.715,50.4,27.0
1783933010.748,50.4,27.0
1783933011.781,50.4,27.0
1783933012.805,50.4,27.0
1783933013.837,50.4,27.0
1783933014.869,50.4,27.0
1783933015.902,50.3,27.0
1783933016.925,50.4,27.0
1783933017.95,50.4,27.0
1783933018.983,50.4,27.0
1783933020.016,50.4,27.0
1783933021.051,50.4,27.0
1783933022.075,50.4,27.0
1783933023.1,50.3,27.0
1783933024.133,50.3,27.0
1783933025.166,50.2,27.0
1783933026.195,50.1,27.0
1783933027.223,50.1,27.0
1783933028.256,50.0,27.0
1783933029.289,50.0,27.0
1783933030.322,49.9,27.0
1783933031.352,49.9,27.0
1783933032.385,49.9,27.0
1783933033.418,49.8,27.0
1783933034.443,49.8,27.0
1783933035.468,49.8,27.0
1783933036.492,49.8,27.0
1783933037.516,49.7,27.0
1783933038.551,49.7,27.0
1783933039.586,49.6,27.0
1783933040.621,49.6,27.0
1783933041.656,49.6,27.0
1783933042.692,49.5,27.0
1783933043.726,49.5,27.0
1783933044.761,49.5,27.0
1783933045.796,49.5,27.0
1783933046.822,49.4,27.0
1783933047.849,49.4,27.0
1783933048.875,49.4,27.0
1783933049.91,49.4,27.0
1783933050.945,49.4,27.0
1783933051.979,49.4,27.0
1783933053.013,49.4,27.0
1783933054.037,49.4,27.0
1783933055.061,49.5,27.0
1783933056.084,49.5,27.0
1783933057.108,49.5,27.0
1783933058.132,49.5,27.0
1783933059.156,49.5,27.0
1783933060.181,49.6,27.0
1783933061.206,49.6,27.0
1783933062.23,49.6,27.0
1783933063.257,49.6,27.0
1783933064.294,49.6,26.9
1783933065.32,49.6,27.0
1783933066.347,49.6,27.0
1783933067.375,49.6,26.9
1783933068.409,49.6,27.0
1783933069.444,49.5,27.0
1783933070.47,49.5,26.9
1783933071.495,49.5,27.0
1783933072.52,49.5,27.0
1783933073.557,49.5,27.0
1783933074.592,49.5,27.0
1783933075.629,49.6,26.9
1783933076.664,49.6,27.0
1783933077.689,49.6,26.9
1783933078.714,49.6,27.0
1783933079.739,49.6,26.9
1783933080.768,49.6,26.9
1783933081.802,49.6,27.0
1783933082.84,49.7,27.0
1783933083.875,49.7,26.9
1783933084.91,49.7,26.9
1783933085.936,49.7,26.9
1783933086.964,49.8,26.9
1783933087.998,49.8,27.0
1783933089.034,49.8,27.0
1783933090.068,49.8,27.0
1783933091.103,49.9,26.9
1783933092.134,49.9,27.0
1783933093.168,49.9,27.0
1783933094.202,49.9,26.9
1783933095.237,50.0,26.9
1783933096.263,50.0,26.9
1783933097.288,50.1,27.0
1783933098.323,50.1,26.9
1783933099.358,50.2,26.9
1783933100.392,50.2,26.9
1783933101.417,50.3,26.9
1783933102.442,50.3,26.9
1783933103.477,50.4,26.9
1783933104.511,50.4,26.9
1783933105.547,50.4,26.9
1783933106.574,50.5,26.9
1783933107.602,50.5,26.9
1783933108.636,50.7,26.9
1783933109.674,50.7,26.9
1783933110.699,50.8,26.9
1783933111.723,50.9,26.9
1783933112.748,51.0,26.9
1783933113.772,51.1,27.0
1783933114.797,51.2,26.9
1783933115.822,51.2,26.9
1783933116.848,51.3,26.9
1783933117.874,51.3,27.0
1783933118.899,51.4,26.9
1783933119.928,51.4,26.9
1783933120.957,51.4,26.9
1783933121.982,51.4,26.9
1783933123.009,51.4,26.9
1783933124.044,51.5,26.9
1783933125.074,51.5,26.9
1783933126.102,51.5,26.9
1783933127.136,51.6,26.9
1783933128.166,51.6,26.9
1783933129.202,51.7,26.9
1783933130.235,51.8,26.9
1783933131.27,51.9,26.9
1783933132.305,51.9,26.9
1783933133.339,52.0,26.9
1783933134.374,52.0,26.9
1783933135.408,52.0,26.9
1783933136.434,52.1,26.9
1783933137.469,52.1,27.0
1783933138.504,52.1,26.9
1783933139.538,52.2,26.9
1783933140.563,52.2,26.9
1783933141.588,52.2,26.9
1783933142.623,52.2,26.9
1783933143.657,52.2,26.9
1783933144.691,52.2,26.9
1783933145.729,52.3,26.9
1783933146.76,52.3,26.9
1783933147.786,52.3,26.9
1783933148.819,52.3,26.9
1783933149.854,52.3,26.9
1783933150.889,52.3,26.9
1783933151.923,52.3,26.9
1783933152.948,52.3,26.9
1783933153.981,52.3,26.9
1783933155.016,52.3,26.9
1783933156.05,52.3,26.9
1783933157.084,52.3,26.9
1783933158.119,52.3,26.9
1783933159.154,52.3,26.9
1783933160.192,52.3,26.9
1783933161.218,52.4,26.9
1783933162.244,52.4,26.9
1783933163.269,52.4,26.9
1783933164.295,52.4,26.9
1783933165.322,52.4,26.9
1783933166.35,52.4,26.9
1783933167.379,52.4,26.9
1783933168.405,52.5,26.9
1783933169.439,52.5,26.9
1783933170.473,52.6,26.9
1783933171.506,52.6,26.9
1783933172.54,52.6,26.9
1783933173.574,52.7,26.9
1783933174.609,52.7,26.9
1783933175.642,52.7,26.9
1783933176.666,52.7,26.9
1783933177.69,52.7,26.9
1783933178.724,52.7,26.9
1783933179.757,52.8,26.9
1783933180.79,52.8,26.9
1783933181.823,52.8,26.9
1783933182.856,52.9,26.9
1783933183.879,52.9,26.9
1783933184.904,52.9,26.9
1783933185.938,52.9,26.9
1783933186.965,52.9,26.9
1783933187.989,52.9,26.9
1783933189.022,53.0,26.9
1783933190.055,52.9,26.9
1783933191.087,53.0,26.9
1783933192.119,53.0,26.9
1783933193.152,52.9,26.9
1783933194.185,53.0,26.9
1783933195.218,53.0,26.9
1783933196.242,52.9,26.9
1783933197.283,53.0,26.9
1783933198.316,53.0,26.9
1783933199.349,53.0,26.9
1783933200.382,53.0,26.9
1783933201.415,53.0,26.9
1783933202.448,53.0,26.9
1783933203.481,53.0,26.9
1783933204.515,53.0,26.9
1783933205.551,53.0,26.9
1783933206.575,53.0,26.9
1783933207.601,53.0,26.9
1783933208.628,53.0,26.9
1783933209.652,53.0,26.9
1783933210.676,53.0,26.9
1783933211.7,53.0,26.9
1783933212.725,53.0,26.9
1783933213.75,53.0,26.9
1783933214.784,53.1,26.9
1783933215.819,53.1,26.9
1783933216.844,53.1,26.9
1783933217.877,53.1,26.9
1783933218.911,53.2,26.9
1783933219.944,53.2,26.9
1783933220.978,53.2,26.9
1783933222.037,53.2,26.9
1783933223.145,53.2,26.9
1783933224.253,53.2,26.9
1783933225.401,53.2,26.9
1783933226.47,53.2,26.9
1783933227.504,53.2,26.9
1783933228.529,53.1,26.9
1783933229.556,53.2,26.9
1783933230.59,53.2,26.9
1783933231.625,53.2,26.9
1783933232.66,53.2,26.9
1783933233.694,53.2,26.9
1783933234.73,53.3,26.9
1783933235.755,53.3,26.9
1783933236.788,53.3,26.9
1783933237.814,53.4,26.9
1783933238.839,53.4,26.9
1783933239.873,53.5,26.9
1783933240.898,53.5,26.9
1783933241.932,53.5,26.9
1783933242.956,53.6,26.9
1783933243.98,53.5,26.9
1783933245.005,53.6,26.9
1783933246.03,53.6,26.9
1783933247.064,53.6,26.9
1783933248.09,53.6,26.9
1783933249.117,53.7,26.9
1783933250.15,53.8,26.9
1783933251.174,53.8,26.9
1783933252.209,53.9,26.9
1783933253.234,53.9,26.9
1783933254.268,53.9,26.9
1783933255.305,53.9,26.9
1783933256.332,53.9,26.9
1783933257.362,54.0,26.9
1783933258.387,54.0,26.9
1783933259.412,54.0,26.9
1783933260.438,54.0,26.9
1783933261.463,54.0,26.9
1783933262.488,54.1,26.9
1783933263.513,54.1,26.9
1783933264.548,54.1,26.9
1783933265.582,54.1,26.9
1783933266.618,54.2,26.9
1783933267.648,54.2,26.9
1783933268.676,54.2,26.9
1783933269.709,54.2,26.9
1783933270.742,54.2,26.9
1783933271.775,54.2,27.0
1783933272.808,54.2,26.9
1783933273.841,54.3,27.0
1783933274.874,54.3,26.9
1783933275.905,54.4,27.0
1783933276.938,54.4,27.0
1783933277.97,54.4,26.9
1783933279.002,54.5,26.9
1783933280.035,54.5,26.9
1783933281.067,54.5,26.9
1783933282.099,54.5,26.9
1783933283.124,54.5,27.0
1783933284.156,54.6,27.0
1783933285.189,54.6,26.9
1783933286.221,54.6,27.0
1783933287.254,54.6,26.9
1783933288.293,54.6,26.9
1783933289.321,54.6,27.0
1783933290.347,54.6,27.0
1783933291.38,54.6,27.0
1783933292.415,54.6,27.0
1783933293.455,54.6,27.0
1783933294.49,54.6,27.0
1783933295.525,54.6,27.0
1783933296.559,54.6,26.9
1783933297.596,54.6,27.0
1783933298.631,54.6,27.0
1783933299.666,54.6,27.0
1783933300.699,54.6,27.0
1783933301.732,54.7,27.0
1783933302.769,54.7,27.0
1783933303.793,54.8,27.0
1783933304.818,54.8,27.0
1783933305.842,54.8,26.9
1783933306.866,54.8,27.0
1783933307.893,54.8,27.0
1783933308.919,54.9,27.0
1783933309.95,54.9,26.9
1783933310.978,54.8,27.0
1783933312.006,54.8,27.0
1783933313.039,54.8,27.0
1783933314.072,54.8,27.0
1783933315.105,54.8,27.0
1783933316.13,54.8,27.0
1783933317.156,54.9,27.0
1783933318.188,54.9,27.0
1783933319.221,54.9,27.0
1783933320.254,54.9,27.0
1783933321.287,54.9,27.0
1783933322.311,54.9,27.0
1783933323.336,54.9,27.0
1783933324.36,54.9,27.0
1783933325.393,54.9,27.0
1783933326.418,54.9,27.0
1783933327.451,54.9,27.0
1783933328.478,54.9,27.0
1783933329.506,55.0,27.0
1783933330.53,55.0,27.0
1783933331.554,55.0,27.0
1783933332.586,55.0,27.0
1783933333.619,55.1,27.0
1783933334.643,55.1,27.0
1783933335.676,55.1,27.0
1783933336.701,55.1,27.0
1783933337.733,55.2,27.0
1783933338.757,55.2,27.0
1783933339.781,55.2,27.0
1783933340.813,55.2,27.0
1783933341.838,55.2,27.0
1783933342.875,55.2,27.0
1783933343.908,55.2,27.0
1783933344.94,55.2,27.0
1783933345.972,55.2,27.0
1783933347.004,55.2,27.0
1783933348.036,55.2,27.0
1783933349.07,55.2,27.0
1783933350.1,55.2,27.0
1783933351.124,55.2,27.0
1783933352.157,55.2,27.0
1783933353.182,55.2,27.0
1783933354.206,55.2,27.0
1783933355.23,55.2,27.0
1783933356.255,55.2,27.0
1783933357.28,55.2,27.0
1783933358.305,55.2,27.0
1783933359.332,55.2,27.0
1783933360.357,55.3,27.0
1783933361.381,55.3,27.0
1783933362.406,55.3,27.0
1783933363.43,55.3,27.0
1783933364.455,55.3,27.0
1783933365.48,55.3,27.0
1783933366.513,55.3,27.0
1783933367.549,55.4,27.0
1783933368.577,55.4,27.0
1783933369.602,55.4,27.0
1783933370.636,55.4,27.0
1783933371.669,55.4,27.0
1783933372.702,55.5,27.0
1783933373.728,55.5,27.0
1783933374.761,55.5,27.0
1783933375.794,55.4,27.0
1783933376.827,55.4,27.0
1783933377.862,55.4,27.0
1783933378.885,55.5,27.0
1783933379.918,55.5,27.0
1783933380.95,55.5,27.0
1783933381.974,55.5,27.0
1783933383.007,55.5,27.0
1783933384.031,55.5,27.0
1783933385.064,55.6,27.0
1783933386.097,55.6,27.0
1783933387.121,55.6,27.0
1783933388.155,55.6,27.0
1783933389.186,55.5,27.0
1783933390.213,55.5,27.0
1783933391.246,55.5,27.0
1783933392.279,55.5,27.0
1783933393.305,55.5,27.0
1783933394.329,55.5,27.0
1783933395.353,55.5,27.0
1783933396.378,55.5,27.0
1783933397.404,55.5,27.0
1783933398.437,55.5,27.0
1783933399.471,55.6,27.0
1783933400.504,55.6,27.1
1783933401.538,55.6,27.0
1783933402.571,55.6,27.0
1783933403.605,55.6,27.0
1783933404.638,55.6,27.1
1783933405.672,55.6,27.0
1783933406.706,55.6,27.0
1783933407.74,55.6,27.0
1783933408.777,55.6,27.0
1783933409.806,55.6,27.0
1783933410.831,55.6,27.0
1783933411.855,55.6,27.1
1783933412.88,55.6,27.0
1783933413.905,55.6,27.0
1783933414.929,55.5,27.0
1783933415.954,55.6,27.0
1783933416.98,55.5,27.1
1783933418.005,55.6,27.0
1783933419.03,55.6,27.0
1783933420.055,55.6,27.1
1783933421.091,55.6,27.1
1783933422.125,55.6,27.0
1783933423.152,55.6,27.0
1783933424.187,55.6,27.1
1783933425.221,55.6,27.1
1783933426.247,55.7,27.1
1783933427.281,55.7,27.1
1783933428.319,55.7,27.1
1783933429.347,55.7,27.0
1783933430.373,55.8,27.0
1783933431.408,55.8,27.0
1783933432.442,55.7,27.1
1783933433.467,55.7,27.1
1783933434.494,55.7,27.1
1783933435.519,55.8,27.0
1783933436.544,55.8,27.1
1783933437.57,55.9,27.1
1783933438.594,55.9,27.0
1783933439.619,55.9,27.0
1783933440.644,55.9,27.0
1783933441.668,55.9,27.0
1783933442.703,55.9,27.1
1783933443.738,56.0,27.1
1783933444.772,55.9,27.1
1783933445.807,56.0,27.1
1783933446.841,56.0,27.1
1783933447.867,55.9,27.1
1783933448.894,56.0,27.1
1783933449.929,55.9,27.0
1783933450.964,56.0,27.1
1783933451.998,56.0,27.1
1783933453.032,56.0,27.1
1783933454.066,56.0,27.1
1783933455.099,56.0,27.1
1783933456.133,56.0,27.1
1783933457.168,56.0,27.1
1783933458.202,56.0,27.1
1783933459.236,56.0,27.1
1783933460.27,56.0,27.1
1783933461.303,56.0,27.1
1783933462.337,56.0,27.1
1783933463.372,56.0,27.1
1783933464.406,56.0,27.1
1783933465.441,56.0,27.1
1783933466.468,56.0,27.1
1783933467.493,56.0,27.1
1783933468.52,56.1,27.1
1783933469.548,56.1,27.1
1783933470.576,56.1,27.1
1783933471.6,56.1,27.1
1783933472.625,56.1,27.1
1783933473.652,56.1,27.1
1783933474.686,56.1,27.1
1783933475.714,56.1,27.1
1783933476.748,56.1,27.1
1783933477.783,56.2,27.1
1783933478.817,56.2,27.1
1783933479.851,56.2,27.1
1783933480.88,56.2,27.1
1783933481.904,56.2,27.1
1783933482.928,56.2,27.1
1783933483.952,56.2,27.1
1783933484.976,56.2,27.0
1783933486.0,56.2,27.1
1783933487.033,56.2,27.1
1783933488.065,56.2,27.1
1783933489.093,56.2,27.1
1783933490.119,56.3,27.1
1783933491.151,56.3,27.1
1783933492.184,56.3,27.1
1783933493.216,56.3,27.1
1783933494.249,56.3,27.1
1783933495.282,56.3,27.1
1783933496.314,56.4,27.1
1783933497.338,56.3,27.1
1783933498.37,56.4,27.1
1783933499.403,56.3,27.1
1783933500.435,56.4,27.1
1783933501.468,56.4,27.1
1783933502.501,56.4,27.1
1783933503.534,56.4,27.1
1783933504.567,56.4,27.1
1783933505.592,56.4,27.1
1783933506.625,56.5,27.1
1783933507.658,56.5,27.1
1783933508.693,56.4,27.1
1783933509.722,56.4,27.1
1783933510.75,56.4,27.1
1783933511.783,56.4,27.1
1783933512.816,56.4,27.1
1783933513.849,56.4,27.1
1783933514.883,56.4,27.1
1783933515.907,56.4,27.1
1783933516.94,56.4,27.1
1783933517.973,56.4,27.1
1783933518.997,56.4,27.1
1783933520.021,56.4,27.1
1783933521.046,56.4,27.1
1783933522.078,56.4,27.1
1783933523.107,56.4,27.1
1783933524.142,56.4,27.1
1783933525.175,56.4,27.1
1783933526.208,56.4,27.1
1783933527.24,56.4,27.1
1783933528.266,56.4,27.1
1783933529.294,56.4,27.1
1783933530.325,56.4,27.1
1783933531.353,56.4,27.1
1783933532.385,56.3,27.1
1783933533.418,56.3,27.1
1783933534.451,56.3,27.1
1783933535.484,56.3,27.1
1783933536.517,56.2,27.1
1783933537.55,56.2,27.1
1783933538.583,56.2,27.1
1783933539.616,56.2,27.1
1783933540.649,56.2,27.1
1783933541.674,56.2,27.1
1783933542.698,56.1,27.1
1783933543.731,56.1,27.1
1783933544.764,56.1,27.1
1783933545.797,56.2,27.1
1783933546.821,56.1,27.1
1783933547.854,56.1,27.1
1783933548.888,56.1,27.1
1783933549.921,56.1,27.1
1783933550.946,56.2,27.1
1783933551.971,56.1,27.1
1783933552.996,56.1,27.1
1783933554.029,56.1,27.1
1783933555.062,56.1,27.1
1783933556.087,56.1,27.1
1783933557.111,56.1,27.1
1783933558.135,56.1,27.1
1783933559.168,56.1,27.1
1783933560.202,56.1,27.1
1783933561.227,56.0,27.1
1783933562.252,56.0,27.1
1783933563.276,56.1,27.1
1783933564.31,56.0,27.1
1783933565.343,56.0,27.1
1783933566.376,56.0,27.2
1783933567.409,56.0,27.1
1783933568.442,56.0,27.1
1783933569.477,56.0,27.1
1783933570.507,56.0,27.1
1783933571.532,56.0,27.1
1783933572.556,55.9,27.1
1783933573.581,55.9,27.1
1783933574.606,55.9,27.1
1783933575.632,55.9,27.1
1783933576.656,55.9,27.1
1783933577.682,55.9,27.1
1783933578.714,55.9,27.1
1783933579.747,55.8,27.2
1783933580.771,55.8,27.1
1783933581.804,55.8,27.1
1783933582.837,55.8,27.1
1783933583.862,55.7,27.1
1783933584.894,55.7,27.2
1783933585.926,55.7,27.1
1783933586.959,55.7,27.1
1783933587.983,55.7,27.1
1783933589.018,55.7,27.1
1783933590.047,55.7,27.1
1783933591.074,55.6,27.1
1783933592.107,55.6,27.1
1783933593.142,55.5,27.1
1783933594.179,55.4,27.1
1783933595.203,55.4,27.1
1783933596.236,55.3,27.1
1783933597.27,55.3,27.1
1783933598.296,55.3,27.1
1783933599.32,55.2,27.1
1783933600.354,55.1,27.1
1783933601.388,55.0,27.1
1783933602.423,55.0,27.1
1783933603.448,55.0,27.1
1783933604.483,55.0,27.1
1783933605.518,55.0,27.1
1783933606.552,54.9,27.1
1783933607.587,55.0,27.1
1783933608.621,55.0,27.1
1783933609.657,55.0,27.1
1783933610.684,55.0,27.1
1783933611.71,55.0,27.1
1783933612.744,55.0,27.1
1783933613.771,55.0,27.1
1783933614.804,55.0,27.1
1783933615.829,55.0,27.1
1783933616.854,55.1,27.1
1783933617.88,55.1,27.1
1783933618.914,55.0,27.1
1783933619.949,54.9,27.1
1783933620.983,54.9,27.1
1783933622.023,54.9,27.1
1783933623.047,54.8,27.2
1783933624.073,54.8,27.1
1783933625.097,54.8,27.1
1783933626.124,54.8,27.1
1783933627.149,54.7,27.1
1783933628.175,54.7,27.1
1783933629.207,54.7,27.1
1783933630.235,54.7,27.1
1783933631.265,54.6,27.1
1783933632.3,54.6,27.1
1783933633.335,54.6,27.1
1783933634.369,54.6,27.1
1783933635.394,54.6,27.1
1783933636.419,54.5,27.1
1783933637.453,54.4,27.1
1783933638.486,54.2,27.1
1783933639.52,54.2,27.1
1783933640.545,54.2,27.1
1783933641.569,54.2,27.1
1783933642.603,54.2,27.1
1783933643.628,54.2,27.1
1783933644.663,54.2,27.1
1783933645.69,54.3,27.1
1783933646.724,54.3,27.1
1783933647.758,54.2,27.1
1783933648.793,54.3,27.1
1783933649.82,54.2,27.1
1783933650.847,54.3,27.1
1783933651.882,54.3,27.2
1783933652.916,54.2,27.1
1783933653.95,54.2,27.1
1783933654.984,54.0,27.1
1783933656.019,53.8,27.1
1783933657.053,53.7,27.1
1783933658.089,53.7,27.1
1783933659.114,53.6,27.1
1783933660.139,53.5,27.1
1783933661.166,53.5,27.1
1783933662.192,53.6,27.1
1783933663.226,53.6,27.1
1783933664.261,53.6,27.1
1783933665.295,53.6,27.1
1783933666.33,53.6,27.1
1783933667.365,53.6,27.1
1783933668.399,53.6,27.1
1783933669.427,53.6,27.1
1783933670.453,53.6,27.1
1783933671.478,53.6,27.1
1783933672.507,53.6,27.1
1783933673.532,53.6,27.1
1783933674.557,53.6,27.1
1783933675.582,53.6,27.1
1783933676.606,53.6,27.1
1783933677.633,53.6,27.1
1783933678.661,53.6,27.1
1783933679.696,53.6,27.1
1783933680.731,53.5,27.1
1783933681.756,53.6,27.1
1783933682.789,53.5,27.1
1783933683.813,53.5,27.1
1783933684.845,53.5,27.1
1783933685.878,53.6,27.1
1783933686.902,53.5,27.1
1783933687.938,53.5,27.1
1783933688.964,53.4,27.1
1783933689.992,53.2,27.1
1783933691.024,53.1,27.1
1783933692.049,53.1,27.1
1783933693.081,53.1,27.1
1783933694.114,53.1,27.1
1783933695.146,53.1,27.1
1783933696.178,53.1,27.1
1783933697.211,53.0,27.1
1783933698.244,53.0,27.1
1783933699.276,53.0,27.1
1783933700.309,53.0,27.1
1783933701.343,53.1,27.1
1783933702.369,53.1,27.1
1783933703.394,53.1,27.1
1783933704.418,52.9,27.1
1783933705.442,52.8,27.1
1783933706.474,52.6,27.1
1783933707.509,52.5,27.1
1783933708.545,52.4,27.1
1783933709.577,52.3,27.1
1783933710.602,52.4,27.1
1783933711.635,52.4,27.1
1783933712.669,52.5,27.1
1783933713.702,52.5,27.1
1783933714.726,52.5,27.1
1783933715.759,52.5,27.1
1783933716.784,52.6,27.1
1783933717.817,52.7,27.1
1783933718.841,52.7,27.1
1783933719.874,52.7,27.1
1783933720.9,52.8,27.1
1783933721.924,52.8,27.1
1783933722.947,52.8,27.1
1783933723.972,52.8,27.1
1783933724.996,52.8,27.1
1783933726.02,52.7,27.1
1783933727.044,52.6,27.1
1783933728.069,52.5,27.1
1783933729.1,52.5,27.1
1783933730.129,52.5,27.1
1783933731.162,52.5,27.1
1783933732.186,52.5,27.1
1783933733.219,52.4,27.1
1783933734.244,52.5,27.1
1783933735.268,52.4,27.1
1783933736.302,52.4,27.1
1783933737.326,52.5,27.1
1783933738.359,52.4,27.1
1783933739.383,52.4,27.1
1783933740.416,52.3,27.1
1783933741.449,52.4,27.1
1783933742.475,52.4,27.1
1783933743.5,52.4,27.1
1783933744.525,52.4,27.1
1783933745.55,52.4,27.1
1783933746.588,52.3,27.1
1783933747.623,52.3,27.1
1783933748.651,52.3,27.1
1783933749.677,52.3,27.1
1783933750.71,52.3,27.1
1783933751.743,52.2,27.1
1783933752.777,52.3,27.1
1783933753.809,52.3,27.1
1783933754.842,52.3,27.1
1783933755.874,52.2,27.1
1783933756.907,52.2,27.1
1783933757.94,52.2,27.1
1783933758.972,52.2,27.1
1783933760.006,52.2,27.1
1783933761.039,52.2,27.1
1783933762.072,52.2,27.1
1783933763.105,52.1,27.1
1783933764.138,52.0,27.1
1783933765.17,51.9,27.1
1783933766.203,51.9,27.1
1783933767.236,51.9,27.1
1783933768.27,51.8,27.1
1783933769.298,51.8,27.1
1783933770.323,51.8,27.1
1783933771.357,51.8,27.1
1783933772.382,51.8,27.1
1783933773.416,51.8,27.1
1783933774.44,51.8,27.1
1783933775.464,51.7,27.1
1783933776.488,51.6,27.1
1783933777.512,51.6,27.1
1783933778.536,51.6,27.1
1783933779.56,51.6,27.1
1783933780.584,51.6,27.1
1783933781.607,51.5,27.1
1783933782.631,51.5,27.1
1783933783.655,51.4,27.1
1783933784.68,51.3,27.1
1783933785.715,51.3,27.1
1783933786.751,51.2,27.1
1783933787.776,51.2,27.1
1783933788.805,51.2,27.1
1783933789.834,51.1,27.1
1783933790.857,51.0,27.1
1783933791.882,51.0,27.1
1783933792.914,51.0,27.1
1783933793.938,51.0,27.1
1783933794.971,51.0,27.1
1783933796.003,51.0,27.1
1783933797.036,50.9,27.1
1783933798.068,50.9,27.0
1783933799.101,50.9,27.1
1783933800.133,50.9,27.1
1783933801.166,50.8,27.1
1783933802.199,50.9,27.1
1783933803.227,50.9,27.1
1783933804.26,50.9,27.0
1783933805.293,51.0,27.1
1783933806.326,51.0,27.0
1783933807.361,51.0,27.0
1783933808.39,51.0,27.0
1783933809.415,51.1,27.0
1783933810.448,51.1,27.1
1783933811.481,51.1,27.1
1783933812.514,51.1,27.1
1783933813.547,51.1,27.1
1783933814.579,51.1,27.1
1783933815.613,51.1,27.0
1783933816.646,51.1,27.0
1783933817.679,51.1,27.0
1783933818.712,51.0,27.0
1783933819.736,51.0,27.0
1783933820.768,50.9,27.0
1783933821.801,50.9,27.0
1783933822.836,51.0,27.1
1783933823.874,50.9,27.1
1783933824.898,50.9,27.0
1783933825.923,50.9,27.1
1783933826.949,50.8,27.0
1783933827.979,50.8,27.0
1783933829.003,50.8,27.0
1783933830.027,50.8,27.0
1783933831.051,50.8,27.1
1783933832.074,50.7,27.0
1783933833.103,50.7,27.0
1783933834.129,50.7,27.0
1783933835.162,50.7,27.0
1783933836.195,50.7,27.0
1783933837.228,50.7,27.0
1783933838.261,50.7,27.0
1783933839.3,50.7,27.0
1783933840.333,50.7,27.0
1783933841.367,50.7,27.0
1783933842.401,50.7,27.0
1783933843.435,50.7,27.0
1783933844.468,50.7,27.1
1783933845.502,50.7,27.0
1783933846.537,50.6,27.0
1783933847.563,50.6,27.0
1783933848.59,50.6,27.0
1783933849.624,50.6,27.0
1783933850.658,50.5,27.0
1783933851.692,50.5,27.0
1783933852.717,50.5,27.0
1783933853.752,50.5,27.0
1783933854.785,50.4,27.0
1783933855.82,50.5,27.0
1783933856.854,50.5,27.0
1783933857.887,50.5,27.0
1783933858.922,50.5,27.0
1783933859.956,50.5,27.0
1783933860.99,50.5,27.0
1783933862.026,50.5,27.0
1783933863.06,50.5,27.0
1783933864.094,50.5,27.0
1783933865.129,50.4,27.0
1783933866.154,50.5,27.0
1783933867.188,50.4,27.0
1783933868.224,50.4,27.0
1783933869.254,50.4,27.0
1783933870.279,50.3,27.0
1783933871.304,50.2,27.0
1783933872.329,50.2,27.0
1783933873.355,50.2,27.0
1783933874.379,50.2,27.0
1783933875.404,50.1,27.0
1783933876.429,50.1,27.0
1783933877.455,50.1,27.0
1783933878.489,50.1,27.0
1783933879.524,50.1,27.0
1783933880.558,50.1,27.0
1783933881.592,50.1,27.0
1783933882.626,50.1,27.0
1783933883.652,50.0,27.0
1783933884.677,50.0,27.0
1783933885.711,50.0,27.0
1783933886.745,50.0,27.0
1783933887.771,50.0,27.0
1783933888.799,49.9,27.0
1783933889.824,49.9,27.0
1783933890.849,49.9,27.0
1783933891.884,49.9,27.0
1783933892.918,49.9,27.0
1783933893.952,49.9,27.0
1783933894.987,49.9,27.0
1783933896.012,49.9,27.0
1783933897.038,49.9,27.0
1783933898.073,50.0,27.0
1783933899.107,50.0,27.0
1783933900.142,49.9,27.0
1783933901.167,50.0,27.0
1783933902.191,50.1,27.0
1783933903.215,50.1,27.0
1783933904.248,50.1,27.0
1783933905.282,50.1,27.0
1783933906.309,50.2,27.0
1783933907.339,50.2,27.0
1783933908.366,50.2,27.0
1783933909.391,50.3,27.0
1783933910.426,50.3,27.0
1783933911.46,50.4,27.0
1783933912.495,50.4,27.0
1783933913.529,50.4,27.0
1783933914.566,50.5,27.0
1783933915.6,50.5,27.0
1783933916.626,50.5,27.0
1783933917.651,50.6,27.0
1783933918.676,50.6,27.0
1783933919.702,50.6,27.0
1783933920.737,50.7,27.0
1783933921.764,50.7,27.0
1783933922.789,50.7,27.0
1783933923.814,50.8,27.0
1783933924.839,50.8,27.0
1783933925.864,50.9,27.0
1783933926.89,50.9,27.0
1783933927.92,50.9,27.0
1783933928.945,50.9,27.0
1783933929.978,50.9,27.0
1783933931.012,51.0,27.0
1783933932.045,51.0,27.0
1783933933.078,51.0,27.0
1783933934.111,51.1,27.0
1783933935.145,51.1,27.0
1783933936.179,51.2,27.0
1783933937.214,51.2,27.0
1783933938.247,51.2,27.0
1783933939.283,51.2,26.9
1783933940.317,51.3,27.0
1783933941.342,51.3,27.0
1783933942.376,51.3,27.0
1783933943.411,51.4,27.0
1783933944.436,51.4,26.9
1783933945.471,51.4,27.0
1783933946.505,51.4,27.0
1783933947.54,51.4,27.0
1783933948.567,51.5,27.0
1783933949.595,51.5,27.0
1783933950.63,51.5,27.0
1783933951.663,51.5,27.0
1783933952.697,51.5,27.0
1783933953.731,51.6,27.0
1783933954.766,51.6,26.9
1783933955.8,51.6,27.0
1783933956.834,51.6,27.0
1783933957.869,51.6,26.9
1783933958.894,51.6,26.9
1783933959.921,51.7,27.0
1783933960.948,51.7,27.0
1783933961.972,51.8,27.0
1783933963.004,51.8,26.9
1783933964.037,51.8,27.0
1783933965.062,51.9,27.0
1783933966.095,51.9,27.0
1783933967.128,52.0,27.0
1783933968.162,52.0,27.0
1783933969.188,52.0,27.0
1783933970.214,52.0,26.9
1783933971.238,52.1,27.0
1783933972.261,52.1,27.0
1783933973.285,52.1,26.9
1783933974.31,52.2,27.0
1783933975.336,52.2,27.0
1783933976.361,52.2,26.9
1783933977.396,52.2,27.0
1783933978.43,52.1,26.9
1783933979.463,52.2,27.0
1783933980.492,52.2,27.0
1783933981.517,52.2,26.9
1783933982.541,52.2,26.9
1783933983.576,52.3,26.9
1783933984.61,52.3,26.9
1783933985.644,52.3,26.9
1783933986.67,52.4,26.9
1783933987.706,52.3,26.9
1783933988.737,52.4,26.9
1783933989.767,52.4,27.0
1783933990.801,52.4,26.9
1783933991.828,52.5,27.0
1783933992.862,52.5,26.9
1783933993.896,52.5,27.0
1783933994.931,52.5,26.9
1783933995.965,52.6,27.0
1783933996.999,52.5,26.9
1783933998.034,52.6,27.0
1783933999.068,52.6,27.0
1783934000.102,52.6,27.0
1783934001.138,52.6,26.9
1783934002.164,52.5,26.9
1783934003.19,52.6,27.0
1783934004.214,52.6,26.9
1783934005.238,52.6,27.0
1783934006.264,52.6,26.9
1783934007.298,52.6,26.9
1783934008.327,52.6,26.9
1783934009.353,52.6,26.9
1783934010.387,52.6,27.0
1783934011.422,52.6,26.9
1783934012.456,52.6,26.9
1783934013.49,52.6,26.9
1783934014.516,52.5,27.0
1783934015.54,52.5,26.9
1783934016.564,52.5,27.0
1783934017.597,52.5,26.9
1783934018.63,52.4,26.9
1783934019.654,52.5,26.9
1783934020.687,52.5,26.9
1783934021.711,52.5,27.0
1783934022.743,52.5,26.9
1783934023.77,52.5,26.9
1783934024.794,52.5,26.9
1783934025.818,52.6,26.9
1783934026.844,52.6,26.9
1783934027.871,52.7,27.0
1783934028.897,52.7,26.9
1783934029.923,52.7,26.9
1783934030.947,52.8,26.9
1783934031.972,52.8,26.9
1783934033.005,52.8,27.0
1783934034.038,52.8,26.9
1783934035.071,52.8,26.9
1783934036.095,52.8,26.9
1783934037.119,52.8,26.9
1783934038.152,52.8,26.9
1783934039.184,52.8,27.0
1783934040.216,52.9,27.0
1783934041.248,52.9,27.0
1783934042.281,52.9,26.9
1783934043.313,52.9,27.0
1783934044.338,52.9,26.9
1783934045.364,52.9,26.9
1783934046.39,52.9,27.0
1783934047.415,52.8,27.0
1783934048.441,52.9,26.9
1783934049.467,52.9,26.9
1783934050.5,52.9,26.9
1783934051.533,52.8,27.0
1783934052.566,52.9,26.9
1783934053.598,52.9,26.9
1783934054.631,52.9,26.9
1783934055.664,52.9,26.9
1783934056.696,52.9,27.0
1783934057.729,52.9,26.9
1783934058.761,52.9,26.9
1783934059.784,52.9,26.9
1783934060.808,53.0,27.0
1783934061.84,53.0,26.9
1783934062.873,53.0,27.0
1783934063.906,53.0,26.9
1783934064.938,53.0,26.9
1783934065.962,53.0,26.9
1783934066.996,53.0,26.9
1783934068.024,53.1,26.9
1783934069.051,53.1,27.0
1783934070.084,53.2,26.9
1783934071.116,53.2,27.0
1783934072.149,53.2,27.0
1783934073.183,53.3,26.9
1783934074.206,53.3,26.9
1783934075.24,53.3,26.9
1783934076.273,53.3,26.9
1783934077.297,53.4,27.0
1783934078.321,53.4,26.9
1783934079.346,53.5,27.0
1783934080.37,53.5,27.0
1783934081.394,53.5,26.9
1783934082.418,53.5,27.0
1783934083.444,53.6,26.9
1783934084.476,53.6,26.9
1783934085.501,53.6,26.9
1783934086.535,53.6,26.9
1783934087.563,53.7,26.9
1783934088.59,53.8,26.9
1783934089.615,53.8,26.9
1783934090.64,53.8,26.9
1783934091.664,53.8,27.0
1783934092.69,53.9,27.0
1783934093.725,53.9,26.9
1783934094.759,53.9,27.0
1783934095.793,53.9,27.0
1783934096.825,54.0,27.0
1783934097.86,54.0,27.0
1783934098.894,53.9,27.0
1783934099.929,54.0,27.0
1783934100.964,54.0,27.0
1783934101.998,54.0,26.9
1783934103.036,54.0,26.9
1783934104.07,54.0,26.9
1783934105.104,54.0,27.0
1783934106.139,54.0,27.0
1783934107.174,54.0,27.0
1783934108.204,54.0,27.0
1783934109.229,54.0,27.0
1783934110.253,54.0,27.0
1783934111.278,54.0,27.0
1783934112.312,54.0,26.9
1783934113.346,54.1,27.0
1783934114.38,54.1,27.0
1783934115.415,54.1,27.0
1783934116.44,54.1,27.0
1783934117.474,54.1,27.0
1783934118.507,54.1,27.0
1783934119.54,54.1,27.0
1783934120.574,54.2,27.0
1783934121.598,54.2,27.0
1783934122.633,54.3,27.0
1783934123.679,54.3,27.0
1783934124.712,54.3,26.9
1783934125.745,54.3,27.0
1783934126.778,54.3,27.0
1783934127.811,54.4,27.0
1783934128.839,54.4,27.0
1783934129.865,54.3,27.0
1783934130.889,54.3,27.0
1783934131.914,54.4,27.0
1783934132.938,54.4,27.0
1783934133.963,54.3,27.0
1783934134.988,54.4,27.0
1783934136.013,54.3,27.0
1783934137.039,54.3,27.0
1783934138.064,54.3,27.0
1783934139.098,54.3,27.0
1783934140.132,54.3,27.0
1783934141.167,54.4,27.0
1783934142.201,54.4,27.0
1783934143.235,54.4,27.0
1783934144.269,54.4,27.0
1783934145.303,54.4,27.0
1783934146.368,54.3,27.0
1783934147.408,54.4,27.0
1783934148.433,54.4,27.0
1783934149.458,54.4,27.0
1783934150.498,54.4,27.0
1783934151.532,54.4,27.0
1783934152.566,54.5,27.0
1783934153.591,54.5,27.0
1783934154.616,54.6,27.0
1783934155.64,54.6,27.0
1783934156.665,54.7,27.0
1783934157.691,54.7,27.0
1783934158.716,54.8,27.0
1783934159.75,54.8,27.0
1783934160.789,54.8,27.0
1783934161.823,54.9,27.0
1783934162.858,54.9,27.0
1783934163.892,54.9,27.0
1783934164.926,54.9,27.0
1783934165.962,54.9,27.0
1783934166.996,54.9,27.0
1783934168.03,54.9,27.0
1783934169.061,54.9,27.0
1783934170.088,55.0,27.0
1783934171.123,55.0,27.0
1783934172.158,55.1,27.0
1783934173.192,55.2,27.0
1783934174.227,55.2,27.0
1783934175.263,55.2,27.0
1783934176.298,55.2,27.0
1783934177.332,55.3,27.0
1783934178.367,55.3,27.0
1783934179.392,55.3,27.0
1783934180.417,55.3,27.0
1783934181.442,55.3,27.0
1783934182.468,55.3,27.0
1783934183.493,55.3,27.0
1783934184.518,55.3,27.0
1783934185.544,55.4,27.0
1783934186.577,55.4,27.0
1783934187.612,55.4,27.0
1783934188.646,55.4,27.0
1783934189.674,55.5,27.0
1783934190.699,55.5,27.0
1783934191.733,55.4,27.0
1783934192.767,55.4,27.0
1783934193.802,55.5,27.0
1783934194.836,55.5,27.0
1783934195.871,55.5,27.0
1783934196.904,55.5,27.0
1783934197.939,55.5,27.0
1783934198.973,55.5,27.0
1783934200.015,55.5,27.0
1783934201.046,55.5,27.0
1783934202.072,55.5,27.0
1783934203.107,55.5,27.0
1783934204.141,55.5,27.0
1783934205.176,55.5,27.0
1783934206.21,55.5,27.0
1783934207.244,55.5,27.0
1783934208.279,55.5,27.0
1783934209.316,55.5,27.0
1783934210.346,55.5,27.0
1783934211.373,55.4,27.0
1783934212.398,55.4,27.0
1783934213.432,55.4,27.0
1783934214.467,55.4,27.0
1783934215.502,55.4,27.0
1783934216.535,55.4,27.0
1783934217.571,55.4,27.0
1783934218.605,55.4,27.0
1783934219.64,55.5,27.0
1783934220.673,55.5,27.0
1783934221.705,55.5,27.0
1783934222.738,55.5,27.0
1783934223.77,55.6,27.0
1783934224.804,55.6,27.0
1783934225.838,55.6,27.0
1783934226.864,55.6,27.0
1783934227.888,55.7,27.0
1783934228.914,55.6,27.0
1783934229.943,55.7,27.0
1783934230.975,55.6,27.0
1783934232.0,55.6,27.0
1783934233.026,55.7,27.0
1783934234.06,55.7,27.0
1783934235.094,55.7,27.0
1783934236.128,55.8,27.0
1783934237.162,55.7,27.0
1783934238.197,55.8,27.0
1783934239.232,55.8,27.0
1783934240.266,55.8,27.0
1783934241.301,55.8,27.0
1783934242.335,55.8,27.0
1783934243.369,55.9,27.0
1783934244.403,55.9,27.0
1783934245.438,55.9,27.0
1783934246.462,55.9,27.0
1783934247.488,55.9,27.0
1783934248.514,55.9,27.0
1783934249.55,55.9,27.0
1783934250.586,55.9,27.0
1783934251.615,56.0,27.0
1783934252.64,56.0,27.0
1783934253.665,56.0,27.0
1783934254.699,56.0,27.0
1783934255.733,56.0,27.0
1783934256.767,56.0,27.0
1783934257.801,56.0,27.0
1783934258.828,56.0,27.0
1783934259.854,56.0,27.0
1783934260.891,56.0,27.0
1783934261.924,56.0,27.0
1783934262.959,56.0,27.0
1783934263.992,56.0,27.1
1783934265.025,56.0,27.0
1783934266.059,56.0,27.1
1783934267.093,56.0,27.0
1783934268.127,56.1,27.0
1783934269.161,56.1,27.0
1783934270.195,56.1,27.0
1783934271.231,56.1,27.0
1783934272.26,56.1,27.0
1783934273.285,56.1,27.0
1783934274.319,56.2,27.1
1783934275.354,56.2,27.0
1783934276.379,56.3,27.1
1783934277.405,56.3,27.1
1783934278.43,56.4,27.1
1783934279.463,56.3,27.0
1783934280.488,56.3,27.1
1783934281.514,56.4,27.1
1783934282.539,56.3,27.0
1783934283.563,56.3,27.1
1783934284.588,56.3,27.0
1783934285.613,56.3,27.0
1783934286.638,56.4,27.1
1783934287.662,56.3,27.1
1783934288.694,56.3,27.0
1783934289.727,56.3,27.0
1783934290.759,56.3,27.0
1783934291.787,56.3,27.0
1783934292.811,56.3,27.0
1783934293.835,56.3,27.1
1783934294.867,56.3,27.1
1783934295.891,56.4,27.0
1783934296.924,56.4,27.1
1783934297.949,56.4,27.1
1783934298.981,56.4,27.0
1783934300.013,56.5,27.0
1783934301.037,56.4,27.0
1783934302.069,56.4,27.0
1783934303.102,56.5,27.1
1783934304.134,56.5,27.1
1783934305.167,56.5,27.0
1783934306.2,56.4,27.1
1783934307.232,56.4,27.0
1783934308.266,56.5,27.0
1783934309.299,56.5,27.1
1783934310.333,56.5,27.1
1783934311.362,56.5,27.0
1783934312.389,56.5,27.0
1783934313.422,56.6,27.0
1783934314.455,56.6,27.0
1783934315.488,56.6,27.1
1783934316.52,56.6,27.1
1783934317.544,56.6,27.1
1783934318.567,56.6,27.1
1783934319.591,56.6,27.1
1783934320.614,56.6,27.1
1783934321.647,56.6,27.1
1783934322.679,56.6,27.1
1783934323.703,56.6,27.1
1783934324.736,56.6,27.1
1783934325.769,56.6,27.1
1783934326.802,56.5,27.1
1783934327.835,56.6,27.1
1783934328.868,56.6,27.1
1783934329.901,56.6,27.1
1783934330.928,56.6,27.1
1783934331.958,56.6,27.1
1783934332.983,56.6,27.1
1783934334.016,56.6,27.1
1783934335.05,56.6,27.1
1783934336.074,56.6,27.1
1783934337.098,56.7,27.1
1783934338.123,56.7,27.1
1783934339.148,56.7,27.1
1783934340.172,56.7,27.1
1783934341.196,56.7,27.1
1783934342.221,56.7,27.1
1783934343.246,56.8,27.1
1783934344.28,56.8,27.1
1783934345.313,56.8,27.1
1783934346.346,56.8,27.1
1783934347.371,56.8,27.1
1783934348.395,56.8,27.1
1783934349.431,56.8,27.1
1783934350.46,56.8,27.1
1783934351.486,56.9,27.1
1783934352.511,56.9,27.1
1783934353.536,56.9,27.1
1783934354.569,56.9,27.1
1783934355.602,56.9,27.1
1783934356.635,56.9,27.1
1783934357.667,56.9,27.1
1783934358.7,57.0,27.1
1783934359.726,56.9,27.1
1783934360.75,56.9,27.1
1783934361.775,56.9,27.1
1783934362.81,56.9,27.1
1783934363.836,56.9,27.1
1783934364.869,56.9,27.1
1783934365.901,56.8,27.1
1783934366.933,56.8,27.1
1783934367.959,56.8,27.1
1783934368.996,56.8,27.1
1783934370.024,56.8,27.1
1783934371.05,56.8,27.1
1783934372.085,56.7,27.1
1783934373.11,56.7,27.1
1783934374.145,56.6,27.1
1783934375.181,56.6,27.1
1783934376.217,56.5,27.1
1783934377.25,56.5,27.1
1783934378.283,56.5,27.1
1783934379.308,56.5,27.1
1783934380.332,56.4,27.1
1783934381.366,56.4,27.1
1783934382.4,56.4,27.1
1783934383.425,56.4,27.1
1783934384.448,56.3,27.1
1783934385.472,56.3,27.1
1783934386.497,56.3,27.1
1783934387.521,56.3,27.1
1783934388.55,56.3,27.1
1783934389.578,56.3,27.1
1783934390.605,56.3,27.1
1783934391.638,56.3,27.1
1783934392.672,56.3,27.1
1783934393.696,56.3,27.1
1783934394.72,56.3,27.1
1783934395.754,56.3,27.1
1783934396.788,56.3,27.1
1783934397.822,56.3,27.1
1783934398.856,56.3,27.1
1783934399.881,56.3,27.1
1783934400.915,56.2,27.1
1783934401.949,56.3,27.1
1783934402.984,56.2,27.1
1783934404.007,56.2,27.1
1783934405.032,56.1,27.1
1783934406.057,56.0,27.1
1783934407.083,56.0,27.1
1783934408.121,56.0,27.1
1783934409.149,56.0,27.1
1783934410.177,56.0,27.1
1783934411.219,56.0,27.1
1783934412.254,56.0,27.1
1783934413.28,55.9,27.1
1783934414.314,55.9,27.1
1783934415.349,55.9,27.1
1783934416.384,55.9,27.1
1783934417.42,55.9,27.1
1783934418.454,55.9,27.1
1783934419.489,55.9,27.1
1783934420.514,55.8,27.1
1783934421.548,55.8,27.1
1783934422.583,55.7,27.1
1783934423.617,55.7,27.1
1783934424.643,55.7,27.1
1783934425.668,55.6,27.1
1783934426.702,55.6,27.1
1783934427.736,55.6,27.1
1783934428.774,55.6,27.1
1783934429.803,55.5,27.1
1783934430.83,55.5,27.1
1783934431.855,55.5,27.1
1783934432.88,55.5,27.1
1783934433.906,55.5,27.1
1783934434.932,55.4,27.1
1783934435.957,55.4,27.1
1783934436.982,55.4,27.1
1783934438.017,55.3,27.1
1783934439.045,55.2,27.1
1783934440.08,55.1,27.1
1783934441.118,55.1,27.1
1783934442.152,55.1,27.1
1783934443.187,55.1,27.1
1783934444.222,55.1,27.1
1783934445.257,55.1,27.1
1783934446.284,55.1,27.1
1783934447.309,55.1,27.1
1783934448.337,55.1,27.1
1783934449.362,55.1,27.1
1783934450.389,55.0,27.1
1783934451.424,55.0,27.1
1783934452.458,55.0,27.1
1783934453.493,55.0,27.1
1783934454.527,55.0,27.1
1783934455.561,54.9,27.1
1783934456.596,54.9,27.1
1783934457.63,54.8,27.1
1783934458.664,54.8,27.1
1783934459.699,54.8,27.1
1783934460.724,54.7,27.1
1783934461.759,54.8,27.1
1783934462.783,54.7,27.1
1783934463.817,54.7,27.1
1783934464.852,54.7,27.1
1783934465.885,54.6,27.1
1783934466.91,54.6,27.1
1783934467.935,54.6,27.1
1783934468.97,54.5,27.1
1783934469.996,54.5,27.1
1783934471.02,54.5,27.1
1783934472.052,54.5,27.1
1783934473.076,54.5,27.1
1783934474.109,54.5,27.1
1783934475.142,54.4,27.1
1783934476.175,54.4,27.1
1783934477.208,54.4,27.1
1783934478.232,54.4,27.1
1783934479.258,54.4,27.1
1783934480.282,54.3,27.1
1783934481.306,54.3,27.1
1783934482.331,54.2,27.1
1783934483.357,54.2,27.1
1783934484.383,54.2,27.1
1783934485.408,54.1,27.1
1783934486.442,54.1,27.1
1783934487.475,54.1,27.1
1783934488.509,54.1,27.1
1783934489.538,54.1,27.1
1783934490.563,54.1,27.1
1783934491.588,54.1,27.1
1783934492.612,54.1,27.1
1783934493.64,54.1,27.1
1783934494.673,54.0,27.1
1783934495.706,54.0,27.1
1783934496.74,54.0,27.1
1783934497.774,53.9,27.1
1783934498.808,53.9,27.1
1783934499.842,53.8,27.1
1783934500.883,53.8,27.1
1783934501.918,53.8,27.1
1783934502.954,53.8,27.1
1783934503.979,53.8,27.1
1783934505.013,53.8,27.1
1783934506.038,53.7,27.1
1783934507.073,53.6,27.1
1783934508.108,53.6,27.1
1783934509.136,53.5,27.1
1783934510.163,53.4,27.1
1783934511.188,53.3,27.1
1783934512.223,53.3,27.1
1783934513.257,53.3,27.1
1783934514.283,53.3,27.1
1783934515.316,53.3,27.1
1783934516.351,53.3,27.1
1783934517.389,53.4,27.1
1783934518.423,53.4,27.1
1783934519.462,53.4,27.1
1783934520.486,53.3,27.1
1783934521.512,53.3,27.1
1783934522.546,53.3,27.1
1783934523.571,53.2,27.1
1783934524.595,53.3,27.1
1783934525.63,53.2,27.1
1783934526.669,53.2,27.1
1783934527.694,53.2,27.1
1783934528.722,53.2,27.1
1783934529.753,53.2,27.1
1783934530.778,53.2,27.1
1783934531.804,53.2,27.1
1783934532.838,53.1,27.1
1783934533.864,53.1,27.1
1783934534.889,53.1,27.1
1783934535.913,53.1,27.1
1783934536.938,53.1,27.1
1783934537.972,53.0,27.1
1783934539.007,53.0,27.1
1783934540.04,53.0,27.1
1783934541.075,53.0,27.1
1783934542.11,53.0,27.1
1783934543.135,53.0,27.1
1783934544.16,53.0,27.1
1783934545.185,52.9,27.1
1783934546.213,52.9,27.1
1783934547.247,52.8,27.1
1783934548.283,52.8,27.1
1783934549.312,52.7,27.1
1783934550.339,52.7,27.1
1783934551.365,52.7,27.1
1783934552.399,52.7,27.1
1783934553.432,52.8,27.1
1783934554.465,52.7,27.1
1783934555.498,52.7,27.1
1783934556.522,52.7,27.1
1783934557.556,52.7,27.1
1783934558.589,52.7,27.1
1783934559.623,52.7,27.1
1783934560.658,52.7,27.1
1783934561.684,52.6,27.1
1783934562.717,52.6,27.1
1783934563.752,52.6,27.1
1783934564.786,52.5,27.1
1783934565.82,52.5,27.1
1783934566.853,52.5,27.1
1783934567.888,52.5,27.1
1783934568.914,52.5,27.1
1783934569.943,52.5,27.1
1783934570.968,52.5,27.1
1783934572.002,52.5,27.1
1783934573.037,52.4,27.1
1783934574.072,52.4,27.0
1783934575.107,52.3,27.1
1783934576.136,52.3,27.0
1783934577.164,52.2,27.1
1783934578.189,52.1,27.0
1783934579.214,52.1,27.1
1783934580.239,52.0,27.0
1783934581.268,52.0,27.0
1783934582.292,52.0,27.1
1783934583.318,52.0,27.0
1783934584.343,51.9,27.0
1783934585.368,51.9,27.1
1783934586.393,51.9,27.1
1783934587.418,51.9,27.0
1783934588.444,51.8,27.1
1783934589.473,51.9,27.1
1783934590.5,51.9,27.1
1783934591.534,51.9,27.0
1783934592.558,51.7,27.1
1783934593.583,51.6,27.1
1783934594.616,51.6,27.0
1783934595.65,51.5,27.1
1783934596.685,51.5,27.1
1783934597.71,51.5,27.0
1783934598.736,51.5,27.1
1783934599.771,51.4,27.1
1783934600.804,51.5,27.1
1783934601.841,51.5,27.1
1783934602.866,51.5,27.0
1783934603.892,51.5,27.0
1783934604.925,51.5,27.0
1783934605.959,51.5,27.0
1783934606.994,51.5,27.1
1783934608.028,51.5,27.0
1783934609.063,51.4,27.1
1783934610.088,51.3,27.0
1783934611.118,51.3,27.0
1783934612.152,51.3,27.1
1783934613.186,51.3,27.0
1783934614.225,51.3,27.1
1783934615.259,51.3,27.0
1783934616.293,51.2,27.0
1783934617.328,51.2,27.0
1783934618.356,51.2,27.0
1783934619.382,51.2,27.1
1783934620.407,51.1,27.0
1783934621.431,51.1,27.1
1783934622.465,51.1,27.0
1783934623.499,51.1,27.0
1783934624.532,51.1,27.0
1783934625.565,51.1,27.0
1783934626.599,51.1,27.0
1783934627.632,51.1,27.0
1783934628.669,51.1,27.0
1783934629.7,51.1,27.0
1783934630.728,51.1,27.0
1783934631.761,51.1,27.0
1783934632.795,51.0,27.0
1783934633.829,51.1,27.0
1783934634.863,51.1,27.0
1783934635.888,51.0,27.0
1783934636.913,51.0,27.0
1783934637.936,51.0,27.0
1783934638.961,51.0,27.0
1783934639.987,51.0,27.0
1783934641.012,51.0,27.0
1783934642.037,50.9,27.0
1783934643.062,50.8,27.0
1783934644.087,50.7,27.0
1783934645.112,50.6,27.0
1783934646.136,50.4,27.0
1783934647.17,50.2,27.0
1783934648.203,50.1,27.0
1783934649.232,50.1,27.0
1783934650.26,50.0,27.0
1783934651.293,50.0,27.0
1783934652.326,50.1,27.0
1783934653.359,50.0,27.0
1783934654.392,50.1,27.0
1783934655.425,50.1,27.0
1783934656.459,50.1,27.0
1783934657.492,50.2,27.0
1783934658.525,50.2,27.0
1783934659.558,50.3,27.0
1783934660.591,50.3,27.0
1783934661.625,50.3,27.0
1783934662.659,50.3,27.0
1783934663.696,50.4,27.0
1783934664.721,50.4,27.0
1783934665.744,50.3,27.0
1783934666.768,50.2,27.0
1783934667.798,50.2,27.0
1783934668.828,50.2,27.0
1783934669.855,50.2,27.0
1783934670.88,50.2,27.0
1783934671.915,50.2,27.0
1783934672.949,50.3,27.0
1783934673.982,50.3,27.0
1783934675.01,50.4,27.0
1783934676.045,50.4,27.0
1783934677.071,50.4,27.0
1783934678.095,50.3,27.0
1783934679.129,50.3,27.0
1783934680.162,50.2,27.0
1783934681.196,50.2,27.0
1783934682.219,50.2,27.0
1783934683.244,50.1,27.0
1783934684.278,50.1,27.0
1783934685.311,50.1,27.0
1783934686.345,50.0,27.0
1783934687.38,50.0,27.0
1783934688.416,50.0,27.0
1783934689.444,49.9,27.0
1783934690.472,49.9,27.0
1783934691.506,49.9,27.0
1783934692.532,49.9,27.0
1783934693.557,49.9,27.0
1783934694.582,49.9,27.0
1783934695.608,49.9,27.0
1783934696.632,49.9,27.0
1783934697.657,49.9,27.0
1783934698.682,49.9,27.0
1783934699.707,49.8,27.0
1783934700.731,49.7,27.0
1783934701.766,49.7,27.0
1783934702.8,49.6,27.0
1783934703.835,49.5,27.0
1783934704.86,49.5,27.0
1783934705.884,49.4,27.0
1783934706.909,49.4,27.0
1783934707.934,49.4,27.0
1783934708.962,49.4,27.0
1783934709.988,49.4,27.0
1783934711.021,49.5,27.0
1783934712.053,49.5,27.0
1783934713.086,49.6,27.0
1783934714.119,49.6,27.0
1783934715.152,49.6,27.0
1783934716.184,49.6,27.0
1783934717.217,49.6,27.0
1783934718.241,49.6,27.0
1783934719.266,49.6,27.0
1783934720.29,49.6,27.0
1783934721.314,49.6,27.0
1783934722.347,49.5,26.9
1783934723.38,49.5,26.9
1783934724.404,49.5,27.0
1783934725.43,49.5,27.0
1783934726.455,49.5,27.0
1783934727.48,49.5,26.9
1783934728.511,49.5,26.9
1783934729.537,49.5,27.0
1783934730.562,49.5,27.0
1783934731.587,49.6,26.9
1783934732.624,49.6,26.9
1783934733.658,49.7,27.0
1783934734.683,49.7,27.0
1783934735.708,49.8,27.0
1783934736.742,49.8,27.0
1783934737.777,49.9,26.9
1783934738.811,49.9,26.9
1783934739.836,50.0,26.9
1783934740.861,50.0,26.9
1783934741.887,50.0,27.0
1783934742.923,50.0,27.0
1783934743.958,50.1,26.9
1783934744.985,50.1,26.9
1783934746.009,50.1,26.9
1783934747.037,50.2,26.9
1783934748.067,50.2,26.9
1783934749.092,50.2,27.0
1783934750.126,50.2,26.9
1783934751.16,50.3,26.9
1783934752.195,50.2,26.9
1783934753.233,50.2,26.9
1783934754.259,50.3,26.9
1783934755.284,50.3,26.9
1783934756.311,50.3,26.9
1783934757.337,50.3,26.9
1783934758.362,50.3,27.0
1783934759.387,50.3,26.9
1783934760.412,50.3,26.9
1783934761.437,50.3,26.9
1783934762.472,50.2,26.9
1783934763.498,50.2,26.9
1783934764.532,50.2,26.9
1783934765.568,50.1,26.9
1783934766.605,50.1,26.9
1783934767.634,50.1,26.9
1783934768.661,50.1,26.9
1783934769.696,50.2,26.9
1783934770.721,50.2,26.9
1783934771.746,50.3,26.9
1783934772.78,50.4,26.9
1783934773.815,50.5,26.9
1783934774.85,50.5,26.9
1783934775.883,50.6,26.9
1783934776.908,50.6,26.9
1783934777.941,50.6,26.9
1783934778.975,50.6,26.9
1783934780.009,50.7,26.9
1783934781.043,50.8,26.9
1783934782.068,50.8,26.9
1783934783.102,50.9,26.9
1783934784.136,50.9,26.9
1783934785.171,51.0,26.9
1783934786.206,51.1,26.9
1783934787.235,51.1,26.9
1783934788.26,51.2,26.9
1783934789.292,51.2,26.9
1783934790.316,51.2,26.9
1783934791.342,51.1,26.9
1783934792.366,51.1,26.9
1783934793.4,51.0,26.9
1783934794.435,50.9,26.9
1783934795.469,50.8,26.9
1783934796.504,50.8,26.9
1783934797.539,50.7,26.9
1783934798.573,50.8,26.9
1783934799.608,50.9,26.9
1783934800.643,51.1,26.9
1783934801.678,51.2,26.9
1783934802.712,51.3,26.9
1783934803.737,51.5,26.9
1783934804.771,51.7,26.9
1783934805.805,51.8,26.9
1783934806.832,52.0,26.9
1783934807.859,52.1,26.9
1783934808.884,52.2,26.9
1783934809.908,52.3,26.9
1783934810.932,52.4,26.9
1783934811.957,52.4,26.9
1783934812.983,52.5,26.9
1783934814.009,52.5,26.9
1783934815.034,52.6,26.9
1783934816.068,52.6,26.9
1783934817.101,52.6,26.9
1783934818.126,52.7,26.9
1783934819.15,52.7,26.9
1783934820.183,52.8,26.9
1783934821.208,52.7,26.9
1783934822.232,52.8,26.9
1783934823.256,52.9,26.9
1783934824.281,52.9,26.9
1783934825.305,52.9,26.9
1783934826.342,53.0,26.9
1783934827.367,53.0,26.9
1783934828.398,53.0,26.9
1783934829.423,53.0,26.9
1783934830.456,53.1,26.9
1783934831.481,53.1,26.9
1783934832.504,53.1,26.9
1783934833.529,53.1,26.9
1783934834.552,53.1,26.9
1783934835.579,53.1,26.9
1783934836.612,53.1,26.9
1783934837.645,53.1,26.9
1783934838.669,53.1,26.9
1783934839.694,53.1,26.9
1783934840.727,53.1,26.9
1783934841.76,53.0,26.9
1783934842.793,53.0,26.9
1783934843.826,53.0,26.9
1783934844.851,53.0,26.9
1783934845.885,53.0,26.9
1783934846.911,53.0,26.9
1783934847.939,53.0,26.9
1783934848.971,53.0,26.9
1783934850.003,53.0,26.9
1783934851.036,53.0,26.9
1783934852.068,53.0,26.9
1783934853.093,52.9,26.9
1783934854.129,53.0,26.9
1783934855.164,53.0,26.9
1783934856.198,53.0,26.9
1783934857.23,53.1,26.9
1783934858.265,53.0,26.9
1783934859.299,53.1,26.9
1783934860.334,53.1,26.9
1783934861.368,53.1,26.9
1783934862.402,53.2,26.9
1783934863.435,53.2,26.9
1783934864.462,53.2,26.8
1783934865.486,53.2,26.9
1783934866.515,53.2,26.9
1783934867.546,53.2,26.9
1783934868.573,53.3,26.9
1783934869.598,53.3,26.9
1783934870.625,53.3,26.9
1783934871.66,53.4,26.9
1783934872.685,53.4,26.9
1783934873.719,53.5,26.9
1783934874.754,53.5,26.9
1783934875.78,53.5,26.9
1783934876.809,53.6,26.9
1783934877.835,53.5,26.9
1783934878.86,53.6,26.9
1783934879.894,53.6,26.9
1783934880.928,53.6,26.9
1783934881.961,53.6,26.9
1783934882.995,53.6,26.9
1783934884.03,53.6,26.9
1783934885.064,53.6,26.9
1783934886.098,53.6,26.9
1783934887.128,53.5,26.9
1783934888.154,53.6,26.9
1783934889.188,53.6,26.9
1783934890.221,53.6,26.9
1783934891.255,53.6,26.9
1783934892.288,53.6,26.9
1783934893.322,53.6,26.9
1783934894.356,53.7,26.9
1783934895.389,53.7,26.9
1783934896.417,53.7,26.9
1783934897.452,53.8,26.9
1783934898.487,53.8,26.9
1783934899.521,53.8,26.9
1783934900.554,53.9,26.9
1783934901.579,53.9,26.9
1783934902.613,53.9,26.9
1783934903.647,54.0,26.9
1783934904.672,54.0,26.9
1783934905.705,54.0,26.9
1783934906.73,54.0,26.9
1783934907.756,54.0,26.9
1783934908.783,54.0,26.9
1783934909.817,54.0,26.9
1783934910.852,54.0,26.9
1783934911.877,54.0,26.9
1783934912.903,54.0,26.9
1783934913.927,54.0,26.9
1783934914.953,54.0,26.9
1783934915.978,54.0,26.9
1783934917.004,54.0,26.9
1783934918.029,54.0,26.9
1783934919.055,54.0,26.9
1783934920.081,54.0,26.9
1783934921.108,54.0,26.9
1783934922.135,54.0,26.9
1783934923.166,54.0,26.9
1783934924.2,54.0,26.9
1783934925.235,54.0,26.9
1783934926.264,54.0,26.9
1783934927.288,54.0,26.9
1783934928.322,54.0,26.9
1783934929.356,54.0,26.9
1783934930.39,54.0,26.9
1783934931.423,54.0,26.9
1783934932.457,54.0,26.9
1783934933.491,54.1,26.9
1783934934.527,54.1,26.9
1783934935.561,54.1,26.9
1783934936.596,54.2,26.9
1783934937.63,54.2,26.9
1783934938.664,54.2,26.9
1783934939.688,54.3,26.9
1783934940.722,54.3,26.9
1783934941.756,54.4,26.9
1783934942.781,54.4,26.9
1783934943.816,54.4,26.9
1783934944.84,54.5,26.9
1783934945.874,54.5,26.9
1783934946.901,54.5,26.9
1783934947.929,54.5,26.9
1783934948.964,54.5,26.9
1783934949.989,54.5,26.9
1783934951.023,54.5,26.9
1783934952.059,54.5,26.9
1783934953.084,54.5,26.9
1783934954.119,54.5,26.9
1783934955.145,54.5,26.9
1783934956.18,54.6,26.9
1783934957.214,54.6,26.9
1783934958.25,54.6,26.9
1783934959.284,54.7,26.9
1783934960.314,54.6,26.9
1783934961.342,54.7,26.9
1783934962.369,54.6,26.9
1783934963.406,54.7,26.9
1783934964.432,54.7,26.9
1783934965.458,54.7,26.9
1783934966.484,54.7,26.9
1783934967.513,54.7,26.9
1783934968.548,54.7,26.9
1783934969.582,54.7,26.9
1783934970.615,54.7,26.9
1783934971.65,54.7,26.9
1783934972.684,54.7,26.9
1783934973.719,54.7,26.9
1783934974.753,54.7,26.9
1783934975.786,54.8,26.9
1783934976.82,54.7,26.9
1783934977.855,54.8,26.9
1783934978.881,54.8,26.9
1783934979.906,54.8,26.9
1783934980.935,54.8,26.9
1783934981.969,54.8,26.9
1783934982.994,54.8,26.9
1783934984.02,54.8,26.9
1783934985.046,54.8,26.9
1783934986.073,54.8,26.9
1783934987.101,54.8,26.9
1783934988.129,54.8,26.9
1783934989.154,54.8,26.9
1783934990.18,54.8,26.9
1783934991.205,54.8,26.9
1783934992.239,54.8,26.9
1783934993.274,54.8,26.9
1783934994.299,54.8,26.9
1783934995.324,54.8,26.9
1783934996.349,54.8,26.9
1783934997.383,54.8,26.9
1783934998.418,54.8,26.9
1783934999.451,54.8,26.9
1783935000.476,54.8,26.9
1783935001.509,54.8,26.9
1783935002.534,54.9,26.9
1783935003.559,54.9,26.9
1783935004.583,54.9,26.9
1783935005.61,55.0,26.9
1783935006.635,55.0,26.9
1783935007.659,55.0,26.9
1783935008.684,55.0,26.9
1783935009.717,55.0,26.9
1783935010.741,55.0,26.9
1783935011.766,55.0,26.9
1783935012.79,55.0,26.9
1783935013.814,55.1,26.9
1783935014.838,55.1,26.9
1783935015.863,55.1,26.9
1783935016.889,55.0,26.9
1783935017.923,55.1,26.9
1783935018.956,55.1,26.9
1783935019.989,55.1,27.0
1783935021.021,55.1,26.9
1783935022.055,55.2,26.9
1783935023.087,55.2,26.9
1783935024.154,55.2,26.9
1783935025.238,55.3,26.9
1783935026.275,55.3,26.9
1783935027.305,55.4,26.9
1783935028.328,55.3,26.9
1783935029.36,55.4,26.9
1783935030.393,55.4,26.9
1783935031.419,55.4,26.9
1783935032.452,55.4,26.9
1783935033.484,55.4,26.9
1783935034.517,55.5,26.9
1783935035.549,55.5,26.9
1783935036.573,55.5,27.0
1783935037.607,55.5,26.9
1783935038.641,55.5,26.9
1783935039.675,55.6,26.9
1783935040.709,55.6,26.9
1783935041.744,55.5,26.9
1783935042.778,55.6,27.0
1783935043.812,55.6,27.0
1783935044.845,55.5,26.9
1783935045.872,55.6,26.9
1783935046.901,55.5,26.9
1783935047.927,55.5,26.9
1783935048.952,55.5,27.0
1783935049.986,55.6,27.0
1783935051.02,55.6,26.9
1783935052.055,55.6,27.0
1783935053.081,55.6,26.9
1783935054.107,55.6,27.0
1783935055.137,55.6,26.9
1783935056.172,55.6,26.9
1783935057.199,55.6,27.0
1783935058.236,55.6,26.9
1783935059.265,55.6,27.0
1783935060.29,55.5,27.0
1783935061.314,55.6,27.0
1783935062.339,55.6,27.0
1783935063.364,55.6,27.0
1783935064.389,55.6,27.0
1783935065.419,55.6,27.0
1783935066.447,55.6,27.0
1783935067.477,55.7,27.0
1783935068.51,55.7,27.0
1783935069.535,55.7,27.0
1783935070.56,55.7,27.0
1783935071.594,55.6,27.0
1783935072.628,55.7,27.0
1783935073.663,55.7,27.0
1783935074.688,55.7,27.0
1783935075.715,55.7,27.0
1783935076.748,55.7,27.0
1783935077.782,55.7,27.0
1783935078.816,55.7,27.0
1783935079.85,55.7,27.0
1783935080.884,55.8,27.0
1783935081.919,55.8,27.0
1783935082.953,55.8,27.0
1783935083.987,55.8,27.0
1783935085.022,55.8,27.0
1783935086.058,55.7,27.0
1783935087.084,55.8,27.0
1783935088.111,55.7,27.0
1783935089.135,55.7,27.0
1783935090.16,55.7,27.0
1783935091.185,55.7,27.0
1783935092.212,55.7,27.0
1783935093.247,55.7,27.0
1783935094.273,55.7,27.0
1783935095.308,55.7,27.0
1783935096.342,55.7,27.0
1783935097.376,55.7,27.0
1783935098.411,55.7,27.0
1783935099.436,55.7,27.0
1783935100.47,55.7,27.0
1783935101.496,55.7,27.0
1783935102.521,55.7,27.0
1783935103.546,55.7,27.0
1783935104.571,55.7,27.0
1783935105.606,55.8,27.0
1783935106.636,55.8,27.0
1783935107.661,55.8,27.0
1783935108.695,55.8,27.0
1783935109.728,55.8,27.0
1783935110.762,55.8,27.0
1783935111.786,55.9,27.0
1783935112.811,55.9,27.0
1783935113.846,55.9,27.0
1783935114.87,56.0,27.0
1783935115.894,56.0,27.0
1783935116.919,56.1,27.0
1783935117.944,56.1,27.0
1783935118.971,56.1,27.0
1783935119.996,56.1,27.0
1783935121.021,56.1,27.0
1783935122.047,56.1,27.0
1783935123.073,56.2,27.0
1783935124.108,56.1,27.0
1783935125.143,56.1,27.0
1783935126.17,56.1,27.0
1783935127.2,56.1,27.0
1783935128.234,56.1,27.0
1783935129.268,56.1,27.0
1783935130.302,56.1,27.0
1783935131.327,56.1,27.0
1783935132.352,56.1,27.0
1783935133.376,56.1,27.0
1783935134.401,56.1,27.0
1783935135.436,56.1,27.0
1783935136.47,56.1,27.0
1783935137.504,56.1,27.0
1783935138.539,56.1,27.0
1783935139.572,56.1,27.0
1783935140.607,56.1,27.0
1783935141.641,56.1,27.0
1783935142.674,56.1,27.0
1783935143.709,56.2,27.0
1783935144.745,56.1,27.0
1783935145.774,56.2,27.0
1783935146.802,56.2,27.0
1783935147.836,56.2,27.0
1783935148.87,56.2,27.0
1783935149.903,56.3,27.0
1783935150.937,56.3,27.0
1783935151.971,56.3,27.0
1783935152.997,56.3,27.0
1783935154.024,56.3,27.0
1783935155.048,56.3,27.0
1783935156.083,56.3,27.0
1783935157.119,56.3,27.0
1783935158.155,56.3,27.0
1783935159.19,56.3,27.0
1783935160.224,56.3,27.0
1783935161.259,56.4,27.0
1783935162.293,56.4,27.0
1783935163.328,56.5,27.1
1783935164.362,56.5,27.0
1783935165.396,56.5,27.0
1783935166.434,56.5,27.0
1783935167.465,56.5,27.0
1783935168.491,56.5,27.0
1783935169.515,56.5,27.0
1783935170.54,56.5,27.0
1783935171.565,56.5,27.0
1783935172.589,56.4,27.0
1783935173.614,56.5,27.0
1783935174.64,56.5,27.0
1783935175.664,56.4,27.0
1783935176.688,56.4,27.0
1783935177.713,56.5,27.1
1783935178.743,56.5,27.0
1783935179.776,56.5,27.0
1783935180.81,56.5,27.0
1783935181.844,56.5,27.0
1783935182.878,56.6,27.1
1783935183.913,56.6,27.0
1783935184.947,56.6,27.1
1783935185.977,56.6,27.1
1783935187.006,56.7,27.1
1783935188.04,56.7,27.1
1783935189.075,56.7,27.1
1783935190.112,56.8,27.1
1783935191.137,56.8,27.1
1783935192.161,56.7,27.1
1783935193.195,56.7,27.1
1783935194.228,56.8,27.0
1783935195.262,56.8,27.1
1783935196.288,56.8,27.1
1783935197.314,56.9,27.1
1783935198.348,56.9,27.1
1783935199.373,56.9,27.1
1783935200.398,56.9,27.1
1783935201.422,56.9,27.1
1783935202.448,56.9,27.1
1783935203.483,56.9,27.1
1783935204.509,56.9,27.1
1783935205.546,56.9,27.1
1783935206.577,56.9,27.1
1783935207.604,56.9,27.1
1783935208.638,56.9,27.1
1783935209.673,56.9,27.1
1783935210.707,56.9,27.1
1783935211.742,56.9,27.1
1783935212.776,56.9,27.1
1783935213.81,56.9,27.1
1783935214.844,56.8,27.1
1783935215.879,56.8,27.1
1783935216.913,56.8,27.1
1783935217.947,56.8,27.1
1783935218.971,56.8,27.1
1783935219.997,56.7,27.1
1783935221.023,56.7,27.1
1783935222.046,56.7,27.1
1783935223.071,56.7,27.1
1783935224.096,56.7,27.1
1783935225.121,56.7,27.1
1783935226.149,56.7,27.1
1783935227.174,56.6,27.1
1783935228.206,56.6,27.1
1783935229.23,56.6,27.1
1783935230.263,56.5,27.1
1783935231.295,56.5,27.1
1783935232.319,56.5,27.1
1783935233.351,56.5,27.1
1783935234.375,56.5,27.1
1783935235.407,56.5,27.1
1783935236.44,56.5,27.1
1783935237.465,56.4,27.1
1783935238.497,56.5,27.1
1783935239.52,56.4,27.1
1783935240.546,56.4,27.1
1783935241.579,56.5,27.1
1783935242.603,56.5,27.1
1783935243.636,56.5,27.1
1783935244.663,56.4,27.1
1783935245.69,56.4,27.1
1783935246.717,56.4,27.1
1783935247.743,56.4,27.1
1783935248.768,56.4,27.1
1783935249.792,56.3,27.1
1783935250.815,56.3,27.1
1783935251.847,56.3,27.1
1783935252.872,56.3,27.1
1783935253.904,56.3,27.1
1783935254.937,56.3,27.1
1783935255.97,56.3,27.1
1783935257.003,56.3,27.1
1783935258.036,56.3,27.1
1783935259.061,56.3,27.1
1783935260.085,56.3,27.1
1783935261.11,56.3,27.1
1783935262.134,56.3,27.1
1783935263.167,56.2,27.1
1783935264.202,56.2,27.1
1783935265.231,56.1,27.1
1783935266.259,56.0,27.1
1783935267.292,56.0,27.1
1783935268.326,56.0,27.1
1783935269.359,56.0,27.1
1783935270.383,56.0,27.1
1783935271.417,56.0,27.1
1783935272.45,56.0,27.1
1783935273.473,55.9,27.1
1783935274.506,56.0,27.1
1783935275.539,55.9,27.1
1783935276.563,55.8,27.1
1783935277.588,55.8,27.1
1783935278.612,55.8,27.1
1783935279.636,55.8,27.1
1783935280.66,55.7,27.1
1783935281.684,55.7,27.1
1783935282.709,55.7,27.2
1783935283.734,55.7,27.1
1783935284.761,55.7,27.1
1783935285.786,55.6,27.1
1783935286.819,55.6,27.1
1783935287.853,55.6,27.1
1783935288.887,55.6,27.1
1783935289.92,55.7,27.2
1783935290.953,55.7,27.1
1783935291.988,55.7,27.1
1783935293.022,55.6,27.1
1783935294.055,55.6,27.1
1783935295.089,55.6,27.1
1783935296.123,55.6,27.1
1783935297.157,55.6,27.1
1783935298.192,55.6,27.1
1783935299.226,55.6,27.1
1783935300.251,55.6,27.1
1783935301.276,55.6,27.1
1783935302.3,55.5,27.1
1783935303.326,55.5,27.1
1783935304.354,55.5,27.2
1783935305.383,55.4,27.1
1783935306.41,55.4,27.1
1783935307.445,55.3,27.1
1783935308.479,55.3,27.2
1783935309.514,55.2,27.1
1783935310.548,55.2,27.2
1783935311.574,55.2,27.1
1783935312.609,55.2,27.2
1783935313.644,55.1,27.1
1783935314.679,55.1,27.1
1783935315.713,55.0,27.1
1783935316.748,54.9,27.2
1783935317.782,54.9,27.1
1783935318.816,54.9,27.1
1783935319.85,54.9,27.1
1783935320.883,54.8,27.1
1783935321.917,54.8,27.2
1783935322.951,54.8,27.2
1783935323.986,54.8,27.1
1783935325.02,54.8,27.1
1783935326.047,54.8,27.1
1783935327.072,54.8,27.1
1783935328.098,54.7,27.1
1783935329.135,54.7,27.1
1783935330.159,54.7,27.1
1783935331.185,54.7,27.1
1783935332.21,54.7,27.2
1783935333.236,54.7,27.1
1783935334.275,54.7,27.1
1783935335.302,54.6,27.1
1783935336.336,54.6,27.1
1783935337.37,54.5,27.1
1783935338.404,54.4,27.1
1783935339.437,54.3,27.1
1783935340.472,54.3,27.2
1783935341.504,54.3,27.1
1783935342.537,54.2,27.1
1783935343.561,54.2,27.1
1783935344.595,54.2,27.1
1783935345.625,54.1,27.1
1783935346.652,54.1,27.1
1783935347.677,54.1,27.1
1783935348.701,54.1,27.1
1783935349.725,54.1,27.1
1783935350.758,54.1,27.1
1783935351.791,54.2,27.1
1783935352.824,54.2,27.1
1783935353.857,54.2,27.1
1783935354.893,54.2,27.1
1783935355.927,54.2,27.1
1783935356.961,54.2,27.1
1783935357.988,54.2,27.1
1783935359.023,54.2,27.1
1783935360.056,54.2,27.1
1783935361.082,54.2,27.1
1783935362.117,54.1,27.1
1783935363.142,54.0,27.1
1783935364.176,54.0,27.1
1783935365.213,54.0,27.1
1783935366.24,54.0,27.1
1783935367.269,53.9,27.1
1783935368.295,53.9,27.1
1783935369.33,53.9,27.1
1783935370.364,53.9,27.1
1783935371.39,53.8,27.1
1783935372.424,53.8,27.1
1783935373.452,53.7,27.1
1783935374.486,53.7,27.1
1783935375.52,53.6,27.1
1783935376.554,53.7,27.1
1783935377.589,53.7,27.1
1783935378.624,53.6,27.1
1783935379.658,53.5,27.1
1783935380.692,53.4,27.1
1783935381.719,53.3,27.1
1783935382.744,53.3,27.1
1783935383.77,53.2,27.1
1783935384.8,53.2,27.1
1783935385.829,53.2,27.1
1783935386.859,53.2,27.1
1783935387.885,53.1,27.1
1783935388.919,53.2,27.1
1783935389.952,53.1,27.1
1783935390.977,53.2,27.1
1783935392.001,53.1,27.1
1783935393.028,53.2,27.1
1783935394.057,53.2,27.1
1783935395.096,53.2,27.1
1783935396.129,53.2,27.1
1783935397.163,53.2,27.1
1783935398.196,53.2,27.1
1783935399.221,53.2,27.1
1783935400.256,53.1,27.1
1783935401.281,53.1,27.1
1783935402.316,53.0,27.1
1783935403.341,53.0,27.1
1783935404.375,53.0,27.1
1783935405.404,52.9,27.1
1783935406.437,52.8,27.1
1783935407.462,52.8,27.1
1783935408.487,52.7,27.1
1783935409.521,52.7,27.1
1783935410.547,52.6,27.1
1783935411.582,52.6,27.1
1783935412.616,52.6,27.1
1783935413.643,52.6,27.1
1783935414.678,52.5,27.1
1783935415.712,52.5,27.1
1783935416.747,52.5,27.1
1783935417.781,52.5,27.1
1783935418.815,52.5,27.1
1783935419.849,52.5,27.1
1783935420.884,52.5,27.1
1783935421.913,52.5,27.1
1783935422.947,52.5,27.1
1783935423.982,52.4,27.1
1783935425.017,52.4,27.1
1783935426.052,52.4,27.1
1783935427.08,52.4,27.1
1783935428.109,52.5,27.1
1783935429.143,52.5,27.1
1783935430.176,52.4,27.1
1783935431.21,52.5,27.1
1783935432.244,52.5,27.1
1783935433.277,52.5,27.1
1783935434.301,52.5,27.1
1783935435.326,52.5,27.1
1783935436.352,52.5,27.1
1783935437.376,52.5,27.1
1783935438.401,52.5,27.1
1783935439.425,52.5,27.1
1783935440.45,52.4,27.1
1783935441.474,52.3,27.1
1783935442.499,52.3,27.1
1783935443.532,52.2,27.1
1783935444.565,52.1,27.1
1783935445.594,52.1,27.1
1783935446.621,52.1,27.1
1783935447.646,52.1,27.1
1783935448.681,52.0,27.1
1783935449.715,52.0,27.1
1783935450.741,51.9,27.1
1783935451.775,51.9,27.1
1783935452.8,51.9,27.1
1783935453.834,51.9,27.1
1783935454.869,51.9,27.1
1783935455.903,51.9,27.1
1783935456.939,51.9,27.1
1783935457.973,51.8,27.1
1783935459.008,51.8,27.1
1783935460.035,51.8,27.1
1783935461.075,51.8,27.1
1783935462.11,51.8,27.1
1783935463.135,51.8,27.1
1783935464.169,51.7,27.1
1783935465.208,51.6,27.1
1783935466.236,51.5,27.1
1783935467.264,51.4,27.1
1783935468.297,51.4,27.1
1783935469.329,51.4,27.1
1783935470.362,51.4,27.1
1783935471.396,51.4,27.1
1783935472.429,51.4,27.1
1783935473.462,51.4,27.1
1783935474.495,51.4,27.1
1783935475.528,51.5,27.1
1783935476.566,51.5,27.1
1783935477.593,51.5,27.1
1783935478.618,51.5,27.1
1783935479.643,51.6,27.1
1783935480.668,51.5,27.1
1783935481.702,51.5,27.1
1783935482.731,51.5,27.1
1783935483.757,51.4,27.1
1783935484.784,51.4,27.0
1783935485.81,51.3,27.1
1783935486.841,51.3,27.1
1783935487.867,51.2,27.1
1783935488.894,51.2,27.1
1783935489.922,51.2,27.0
1783935490.956,51.2,27.1
1783935491.99,51.2,27.1
1783935493.025,51.3,27.1
1783935494.059,51.2,27.1
1783935495.094,51.2,27.1
1783935496.128,51.2,27.1
1783935497.162,51.3,27.1
1783935498.196,51.3,27.1
1783935499.231,51.3,27.1
1783935500.266,51.3,27.0
1783935501.3,51.2,27.1
1783935502.334,51.0,27.1
1783935503.369,50.9,27.1
1783935504.402,50.8,27.1
1783935505.437,50.8,27.0
1783935506.474,50.7,27.1
1783935507.506,50.8,27.1
1783935508.534,50.8,27.1
1783935509.569,50.9,27.1
1783935510.604,50.8,27.1
1783935511.637,50.8,27.1
1783935512.672,50.8,27.0
1783935513.696,50.8,27.1
1783935514.731,50.8,27.1
1783935515.765,50.8,27.1
1783935516.799,50.8,27.1
1783935517.834,50.8,27.1
1783935518.868,50.8,27.0
1783935519.902,50.7,27.1
1783935520.937,50.7,27.0
1783935521.971,50.7,27.1
1783935522.997,50.7,27.0
1783935524.022,50.7,27.1
1783935525.048,50.7,27.0
1783935526.081,50.7,27.1
1783935527.109,50.7,27.0
1783935528.139,50.7,27.0
1783935529.166,50.7,27.0
1783935530.192,50.7,27.1
1783935531.218,50.7,27.0
1783935532.242,50.7,27.1
1783935533.269,50.7,27.0
1783935534.304,50.7,27.1
1783935535.337,50.7,27.0
1783935536.373,50.7,27.0
1783935537.412,50.7,27.1
1783935538.446,50.7,27.0
1783935539.48,50.7,27.0
1783935540.507,50.6,27.0
1783935541.541,50.6,27.0
1783935542.575,50.6,27.0
1783935543.61,50.6,27.0
1783935544.644,50.5,27.0
1783935545.679,50.4,27.0
1783935546.714,50.4,27.0
1783935547.74,50.3,27.0
1783935548.772,50.3,27.0
1783935549.799,50.3,27.0
1783935550.833,50.3,27.0
1783935551.868,50.3,27.0
1783935552.895,50.3,27.0
1783935553.928,50.3,27.0
1783935554.962,50.2,27.0
1783935555.996,50.3,27.0
1783935557.03,50.2,27.0
1783935558.064,50.2,27.0
1783935559.099,50.2,27.0
1783935560.132,50.1,27.0
1783935561.166,50.1,27.0
1783935562.191,50.1,27.0
1783935563.226,50.1,27.0
1783935564.259,50.0,27.0
1783935565.284,50.0,27.0
1783935566.31,50.0,27.0
1783935567.336,50.0,27.0
1783935568.36,50.0,27.0
1783935569.384,49.9,27.0
1783935570.418,50.0,27.0
1783935571.452,50.0,27.0
1783935572.486,50.0,27.0
1783935573.514,50.0,27.0
1783935574.538,50.0,27.0
1783935575.565,50.1,27.0
1783935576.591,50.1,27.0
1783935577.616,50.1,27.0
1783935578.642,50.2,27.0
1783935579.668,50.2,27.0
1783935580.703,50.1,27.0
1783935581.737,50.1,27.0
1783935582.772,50.0,27.0
1783935583.808,50.0,27.0
1783935584.842,50.0,27.0
1783935585.875,50.0,27.0
1783935586.908,50.1,27.0
1783935587.936,50.1,27.0
1783935588.96,50.1,27.0
1783935589.993,50.2,27.0
1783935591.028,50.1,27.0
1783935592.061,50.2,27.0
1783935593.094,50.2,27.0
1783935594.128,50.3,27.0
1783935595.16,50.3,27.0
1783935596.192,50.4,27.0
1783935597.224,50.4,27.0
1783935598.256,50.4,27.0
1783935599.288,50.5,27.0
1783935600.32,50.5,27.0
1783935601.352,50.5,27.0
1783935602.385,50.5,27.0
1783935603.418,50.6,27.0
1783935604.451,50.6,27.0
1783935605.484,50.6,27.0
1783935606.517,50.6,27.0
1783935607.55,50.6,27.0
1783935608.583,50.6,27.0
1783935609.613,50.7,27.0
1783935610.64,50.7,27.0
1783935611.664,50.7,27.0
1783935612.689,50.7,27.0
1783935613.719,50.8,27.0
1783935614.752,50.8,27.0
1783935615.785,50.8,27.0
1783935616.81,50.8,27.0
1783935617.843,50.8,27.0
1783935618.867,50.9,27.0
1783935619.891,50.9,27.0
1783935620.914,51.0,27.0
1783935621.939,51.0,27.0
1783935622.962,51.0,27.0
1783935624.0,51.0,27.0
1783935625.03,51.0,27.0
1783935626.054,51.1,27.0
1783935627.079,51.1,26.9
1783935628.113,51.1,27.0
1783935629.142,51.1,27.0
1783935630.169,51.2,27.0
1783935631.202,51.2,27.0
1783935632.226,51.2,27.0
1783935633.259,51.2,27.0
1783935634.284,51.2,27.0
1783935635.308,51.2,27.0
1783935636.341,51.3,27.0
1783935637.365,51.3,27.0
1783935638.401,51.3,27.0
1783935639.435,51.4,27.0
1783935640.459,51.3,27.0
1783935641.492,51.4,27.0
1783935642.516,51.4,27.0
1783935643.54,51.5,27.0
1783935644.573,51.5,27.0
1783935645.606,51.6,27.0
1783935646.64,51.6,27.0
1783935647.674,51.7,27.0
1783935648.7,51.7,27.0
1783935649.727,51.7,27.0
1783935650.752,51.7,27.0
1783935651.777,51.8,27.0
1783935652.802,51.8,27.0
1783935653.836,51.8,27.0
1783935654.87,51.8,27.0
1783935655.904,51.9,27.0
1783935656.929,52.0,27.0
1783935657.963,52.0,27.0
1783935658.998,52.0,27.0
1783935660.032,52.0,27.0
1783935661.066,52.1,27.0
1783935662.1,52.1,27.0
1783935663.135,52.1,27.0
1783935664.17,52.1,27.0
1783935665.195,52.2,27.0
1783935666.23,52.2,27.0
1783935667.257,52.3,27.0
1783935668.286,52.3,27.0
1783935669.313,52.3,27.0
1783935670.338,52.3,27.0
1783935671.363,52.3,27.0
1783935672.388,52.3,27.0
1783935673.412,52.3,27.0
1783935674.436,52.3,27.0
1783935675.461,52.3,27.0
1783935676.486,52.3,27.0
1783935677.511,52.3,27.0
1783935678.545,52.3,27.0
1783935679.57,52.3,27.0
1783935680.604,52.3,27.0
1783935681.638,52.3,27.0
1783935682.663,52.3,27.0
1783935683.697,52.4,27.0
1783935684.722,52.3,27.0
1783935685.756,52.4,27.0
1783935686.792,52.4,27.0
1783935687.82,52.4,27.0
1783935688.846,52.4,27.0
1783935689.88,52.4,27.0
1783935690.915,52.4,27.0
1783935691.942,52.4,27.0
1783935692.971,52.5,27.0
1783935693.997,52.4,27.0
1783935695.022,52.4,27.0
1783935696.053,52.4,27.0
1783935697.088,52.4,27.0
1783935698.123,52.5,27.0
1783935699.157,52.5,27.0
1783935700.195,52.5,27.0
1783935701.234,52.5,27.0
1783935702.268,52.5,27.0
1783935703.293,52.5,26.9
1783935704.327,52.5,27.0
1783935705.365,52.5,27.0
1783935706.4,52.5,27.0
1783935707.437,52.5,27.0
1783935708.467,52.5,27.0
1783935709.496,52.5,27.0
1783935710.531,52.6,27.0
1783935711.565,52.6,27.0
1783935712.6,52.6,27.0
1783935713.626,52.7,27.0
1783935714.65,52.7,27.0
1783935715.674,52.7,27.0
1783935716.706,52.6,27.0
1783935717.731,52.7,27.0
1783935718.755,52.7,27.0
1783935719.78,52.7,27.0
1783935720.804,52.7,27.0
1783935721.829,52.7,27.0
1783935722.853,52.7,27.0
1783935723.878,52.8,27.0
1783935724.911,52.8,26.9
1783935725.936,52.8,27.0
1783935726.972,52.8,27.0
1783935728.001,52.8,27.0
1783935729.027,52.8,27.0
1783935730.06,52.8,27.0
1783935731.085,52.8,27.0
1783935732.118,52.8,27.0
1783935733.152,52.9,27.0
1783935734.185,52.9,27.0
1783935735.219,52.9,27.0
1783935736.253,52.9,27.0
1783935737.288,53.0,27.0
1783935738.313,53.0,27.0
1783935739.337,53.0,27.0
1783935740.362,53.0,27.0
1783935741.394,53.0,27.0
1783935742.43,53.0,27.0
1783935743.465,53.0,27.0
1783935744.5,53.0,27.0
1783935745.535,53.1,27.0
1783935746.569,53.0,27.0
1783935747.597,53.0,27.0
1783935748.623,53.0,27.0
1783935749.656,53.1,27.0
1783935750.69,53.1,27.0
1783935751.715,53.1,27.0
1783935752.75,53.1,27.0
1783935753.784,53.1,27.0
1783935754.818,53.2,27.0
1783935755.844,53.2,27.0
1783935756.869,53.1,27.0
1783935757.904,53.2,27.0
1783935758.938,53.2,27.0
1783935759.965,53.2,27.0
1783935760.996,53.2,27.0
1783935762.021,53.3,27.0
1783935763.058,53.3,27.0
1783935764.092,53.3,27.0
1783935765.126,53.3,27.0
1783935766.153,53.3,27.0
1783935767.182,53.3,27.0
1783935768.209,53.3,27.0
1783935769.235,53.3,27.0
1783935770.261,53.3,27.0
1783935771.286,53.3,27.0
1783935772.313,53.3,27.0
1783935773.347,53.3,27.0
1783935774.381,53.3,27.0
1783935775.415,53.3,27.0
1783935776.449,53.3,27.0
1783935777.484,53.2,27.0
1783935778.518,53.3,27.0
1783935779.553,53.3,27.0
1783935780.578,53.3,27.0
1783935781.602,53.2,27.0
1783935782.628,53.2,26.9
1783935783.653,53.2,27.0
1783935784.687,53.2,27.0
1783935785.724,53.3,27.0
1783935786.751,53.2,27.0
1783935787.777,53.2,27.0
1783935788.811,53.3,27.0
1783935789.845,53.3,27.0
1783935790.879,53.3,27.0
1783935791.914,53.3,27.0
1783935792.948,53.3,26.9
1783935793.975,53.3,27.0
1783935795.009,53.3,27.0
1783935796.044,53.4,27.0
1783935797.077,53.4,27.0
1783935798.102,53.4,27.0
1783935799.126,53.4,27.0
1783935800.159,53.4,27.0
1783935801.193,53.5,27.0
1783935802.227,53.5,27.0
1783935803.252,53.5,27.0
1783935804.277,53.5,27.0
1783935805.312,53.6,27.0
1783935806.349,53.6,27.0
1783935807.379,53.6,27.0
1783935808.405,53.6,27.0
1783935809.44,53.6,27.0
1783935810.474,53.7,27.0
1783935811.507,53.8,27.0
1783935812.541,53.8,27.0
1783935813.576,53.8,27.0
1783935814.599,53.8,27.0
1783935815.624,53.8,27.0
1783935816.649,53.8,27.0
1783935817.674,53.9,27.0
1783935818.699,53.9,27.0
1783935819.724,53.9,27.0
1783935820.758,53.9,27.0
1783935821.792,53.9,27.0
1783935822.817,53.9,27.0
1783935823.842,53.9,27.0
1783935824.868,53.9,27.0
1783935825.895,53.9,27.0
1783935826.921,54.0,27.0
1783935827.947,54.0,27.0
1783935828.981,54.0,27.0
1783935830.015,54.1,27.0
1783935831.05,54.1,27.0
1783935832.074,54.1,27.0
1783935833.109,54.1,27.0
1783935834.143,54.2,27.0
1783935835.17,54.2,27.0
1783935836.197,54.2,27.0
1783935837.233,54.2,27.0
1783935838.266,54.2,27.0
1783935839.299,54.2,27.0
1783935840.323,54.2,27.0
1783935841.347,54.2,27.0
1783935842.38,54.2,27.0
1783935843.412,54.2,27.0
1783935844.444,54.3,27.0
1783935845.47,54.3,27.0
1783935846.497,54.3,27.0
1783935847.522,54.3,27.0
1783935848.551,54.3,27.0
1783935849.575,54.4,27.0
1783935850.599,54.4,27.0
1783935851.623,54.5,27.0
1783935852.656,54.5,27.0
1783935853.691,54.5,27.0
1783935854.726,54.6,27.0
1783935855.752,54.6,27.0
1783935856.779,54.6,27.0
1783935857.813,54.6,27.0
1783935858.847,54.6,27.0
1783935859.882,54.6,27.0
1783935860.916,54.6,27.0
1783935861.95,54.6,27.0
1783935862.988,54.6,27.0
1783935864.015,54.7,27.0
1783935865.043,54.6,27.0
1783935866.073,54.7,27.0
1783935867.102,54.7,27.0
1783935868.132,54.7,27.0
1783935869.156,54.8,27.0
1783935870.181,54.8,27.0
1783935871.214,54.8,27.0
1783935872.249,54.8,27.0
1783935873.285,54.8,27.0
1783935874.309,54.8,27.0
1783935875.344,54.8,27.0
1783935876.378,54.8,27.0
1783935877.412,54.7,27.0
1783935878.447,54.7,27.0
1783935879.481,54.7,27.0
1783935880.516,54.7,27.0
1783935881.55,54.7,27.0
1783935882.583,54.7,27.0
1783935883.609,54.7,27.0
1783935884.643,54.7,27.0
1783935885.682,54.7,27.0
1783935886.713,54.7,27.0
1783935887.742,54.8,27.0
1783935888.767,54.8,27.0
1783935889.801,54.8,27.0
1783935890.835,54.8,27.0
1783935891.869,54.9,27.0
1783935892.903,54.9,27.0
1783935893.937,54.9,27.0
1783935894.972,54.9,27.0
1783935896.006,55.0,27.0
1783935897.04,55.1,27.0
1783935898.074,55.1,27.0
1783935899.108,55.1,27.0
1783935900.142,55.1,27.0
1783935901.176,55.1,27.0
1783935902.211,55.1,27.0
1783935903.244,55.1,27.0
1783935904.279,55.1,27.0
1783935905.313,55.1,27.0
1783935906.339,55.2,27.0
1783935907.374,55.2,27.0
1783935908.406,55.2,27.0
1783935909.443,55.2,27.0
1783935910.469,55.2,27.0
1783935911.494,55.2,27.0
1783935912.52,55.2,27.0
1783935913.544,55.2,27.0
1783935914.57,55.2,27.0
1783935915.596,55.2,27.0
1783935916.621,55.2,27.0
1783935917.656,55.2,27.0
1783935918.69,55.3,27.0
1783935919.724,55.2,27.0
1783935920.758,55.2,27.0
1783935921.783,55.2,27.0
1783935922.818,55.2,27.0
1783935923.852,55.2,27.0
1783935924.886,55.2,27.0
1783935925.921,55.2,27.0
1783935926.957,55.2,27.0
1783935927.986,55.2,27.0
1783935929.015,55.1,27.0
1783935930.05,55.2,27.0
1783935931.084,55.1,27.0
1783935932.119,55.1,27.0
1783935933.154,55.2,27.0
1783935934.183,55.2,27.0
1783935935.216,55.1,27.0
1783935936.25,55.2,27.0
1783935937.284,55.2,27.0
1783935938.309,55.3,27.0
1783935939.344,55.2,27.0
1783935940.378,55.2,27.0
1783935941.412,55.3,27.0
1783935942.446,55.2,27.0
1783935943.479,55.3,27.0
1783935944.512,55.3,27.0
1783935945.544,55.3,27.0
1783935946.576,55.3,27.1
1783935947.61,55.3,27.0
1783935948.641,55.3,27.0
1783935949.669,55.3,27.0
1783935950.702,55.3,27.0
1783935951.735,55.3,27.0
1783935952.768,55.3,27.1
1783935953.801,55.4,27.0
1783935954.834,55.3,27.0
1783935955.858,55.3,27.0
1783935956.882,55.3,27.0
1783935957.907,55.4,27.0
1783935958.931,55.4,27.1
1783935959.955,55.4,27.0
1783935960.98,55.4,27.0
1783935962.006,55.4,27.0
1783935963.038,55.4,27.1
1783935964.071,55.4,27.1
1783935965.104,55.4,27.0
1783935966.137,55.5,27.0
1783935967.173,55.5,27.1
1783935968.201,55.5,27.1
1783935969.229,55.5,27.1
1783935970.263,55.5,27.1
1783935971.296,55.5,27.0
1783935972.329,55.5,27.1
1783935973.362,55.5,27.1
1783935974.395,55.6,27.0
1783935975.428,55.6,27.1
1783935976.46,55.6,27.1
1783935977.493,55.6,27.1
1783935978.527,55.6,27.0
1783935979.56,55.6,27.1
1783935980.593,55.6,27.1
1783935981.626,55.6,27.0
1783935982.659,55.6,27.1
1783935983.682,55.6,27.1
1783935984.715,55.7,27.1
1783935985.748,55.7,27.0
1783935986.781,55.7,27.1
1783935987.814,55.7,27.0
1783935988.841,55.7,27.1
1783935989.866,55.7,27.1
1783935990.901,55.7,27.1
1783935991.934,55.7,27.1
1783935992.961,55.8,27.0
1783935993.986,55.8,27.1
1783935995.019,55.8,27.1
1783935996.053,55.8,27.1
1783935997.087,55.9,27.1
1783935998.121,55.8,27.1
1783935999.155,55.8,27.1
1783936000.188,55.9,27.1
1783936001.212,55.9,27.1
1783936002.238,55.9,27.1
1783936003.263,55.9,27.1
1783936004.288,55.9,27.1
1783936005.314,55.9,27.1
1783936006.338,55.9,27.1
1783936007.364,55.9,27.1
1783936008.391,55.9,27.1
1783936009.422,55.9,27.1
1783936010.454,55.9,27.1
1783936011.487,55.9,27.1
1783936012.52,55.9,27.1
1783936013.552,55.9,27.1
1783936014.586,55.9,27.1
1783936015.609,55.9,27.1
1783936016.641,55.9,27.1
1783936017.674,55.9,27.1
1783936018.707,55.9,27.1
1783936019.74,55.9,27.1
1783936020.768,55.9,27.1
1783936021.8,55.9,27.1
1783936022.833,55.9,27.1
1783936023.866,55.9,27.1
1783936024.9,55.9,27.1
1783936025.925,55.8,27.1
1783936026.959,55.8,27.1
1783936027.994,55.9,27.1
1783936029.03,55.8,27.1
1783936030.058,55.8,27.1
1783936031.085,55.9,27.1
1783936032.119,55.8,27.1
1783936033.154,55.8,27.1
1783936034.188,55.8,27.1
1783936035.222,55.8,27.1
1783936036.256,55.8,27.1
1783936037.29,55.8,27.1
1783936038.325,55.8,27.1
1783936039.359,55.7,27.1
1783936040.393,55.7,27.1
1783936041.428,55.7,27.1
1783936042.461,55.6,27.1
1783936043.496,55.6,27.1
1783936044.529,55.6,27.1
1783936045.564,55.6,27.1
1783936046.588,55.6,27.1
1783936047.614,55.6,27.1
1783936048.642,55.6,27.1
1783936049.675,55.5,27.1
1783936050.702,55.5,27.1
1783936051.728,55.5,27.1
1783936052.754,55.5,27.1
1783936053.787,55.5,27.1
1783936054.821,55.5,27.1
1783936055.855,55.5,27.1
1783936056.89,55.5,27.1
1783936057.916,55.5,27.1
1783936058.95,55.5,27.1
1783936059.985,55.5,27.1
1783936061.021,55.5,27.1
1783936062.056,55.5,27.1
1783936063.082,55.5,27.1
1783936064.116,55.4,27.1
1783936065.141,55.4,27.1
1783936066.176,55.4,27.1
1783936067.211,55.4,27.1
1783936068.248,55.5,27.1
1783936069.277,55.4,27.1
1783936070.308,55.4,27.1
1783936071.343,55.4,27.1
1783936072.377,55.3,27.1
1783936073.412,55.3,27.1
1783936074.446,55.3,27.1
1783936075.48,55.3,27.1
1783936076.516,55.3,27.1
1783936077.551,55.3,27.1
1783936078.585,55.2,27.1
1783936079.619,55.1,27.1
1783936080.645,55.0,27.1
1783936081.679,54.9,27.1
1783936082.713,54.9,27.1
1783936083.747,54.9,27.1
1783936084.773,54.9,27.1
1783936085.807,54.9,27.1
1783936086.841,54.9,27.1
1783936087.876,54.9,27.1
1783936088.91,54.9,27.1
1783936089.945,54.9,27.1
1783936090.973,54.9,27.1
1783936092.001,54.9,27.1
1783936093.026,54.9,27.1
1783936094.059,54.9,27.1
1783936095.084,54.9,27.1
1783936096.11,54.9,27.1
1783936097.136,54.8,27.1
1783936098.161,54.8,27.1
1783936099.186,54.8,27.1
1783936100.211,54.8,27.1
1783936101.245,54.8,27.1
1783936102.28,54.7,27.1
1783936103.306,54.6,27.1
1783936104.34,54.5,27.1
1783936105.368,54.3,27.1
1783936106.396,54.3,27.1
1783936107.43,54.2,27.1
1783936108.464,54.3,27.1
1783936109.499,54.3,27.1
1783936110.528,54.3,27.1
1783936111.555,54.3,27.2
1783936112.589,54.4,27.1
1783936113.624,54.3,27.1
1783936114.658,54.4,27.2
1783936115.693,54.3,27.1
1783936116.728,54.3,27.1
1783936117.762,54.3,27.1
1783936118.796,54.3,27.1
1783936119.831,54.2,27.1
1783936120.867,54.2,27.1
1783936121.904,54.2,27.1
1783936122.938,54.1,27.1
1783936123.973,54.0,27.1
1783936125.007,54.1,27.1
1783936126.032,54.1,27.1
1783936127.066,54.1,27.1
1783936128.101,54.1,27.1
1783936129.135,54.1,27.1
1783936130.17,54.0,27.1
1783936131.202,53.8,27.1
1783936132.231,53.7,27.1
1783936133.266,53.7,27.1
1783936134.3,53.7,27.1
1783936135.335,53.7,27.1
1783936136.37,53.8,27.2
1783936137.395,53.7,27.1
1783936138.42,53.7,27.1
1783936139.455,53.6,27.1
1783936140.486,53.6,27.1
1783936141.51,53.6,27.1
1783936142.535,53.6,27.1
1783936143.559,53.6,27.1
1783936144.584,53.6,27.1
1783936145.608,53.6,27.1
1783936146.632,53.6,27.1
1783936147.658,53.5,27.1
1783936148.691,53.3,27.1
1783936149.724,53.2,27.1
1783936150.752,53.1,27.1
1783936151.781,53.0,27.1
1783936152.814,53.0,27.1
1783936153.847,53.0,27.1
1783936154.88,52.9,27.1
1783936155.913,52.9,27.1
1783936156.946,53.0,27.2
1783936157.979,53.1,27.1
1783936159.012,53.1,27.1
1783936160.044,53.1,27.1
1783936161.078,53.1,27.1
1783936162.111,53.1,27.1
1783936163.136,53.1,27.1
1783936164.168,53.2,27.1
1783936165.202,53.1,27.1
1783936166.235,53.2,27.1
1783936167.268,53.2,27.1
1783936168.292,53.1,27.1
1783936169.325,53.2,27.1
1783936170.358,53.1,27.1
1783936171.387,53.1,27.1
1783936172.416,53.1,27.1
1783936173.44,53.1,27.1
1783936174.464,53.0,27.1
1783936175.488,53.0,27.1
1783936176.52,52.9,27.1
1783936177.553,53.0,27.1
1783936178.587,53.0,27.1
1783936179.62,53.0,27.1
1783936180.653,53.0,27.1
1783936181.685,53.0,27.1
1783936182.718,53.0,27.1
1783936183.751,53.0,27.1
1783936184.784,53.0,27.1
1783936185.808,53.0,27.1
1783936186.832,52.9,27.1
1783936187.857,52.9,27.1
1783936188.882,52.8,27.1
1783936189.916,52.8,27.1
1783936190.943,52.8,27.1
1783936191.971,52.7,27.1
1783936193.004,52.7,27.1
1783936194.039,52.7,27.1
1783936195.063,52.6,27.1
1783936196.089,52.6,27.1
1783936197.114,52.5,27.1
1783936198.137,52.5,27.1
1783936199.161,52.5,27.1
1783936200.186,52.5,27.1
1783936201.21,52.5,27.1
1783936202.235,52.5,27.1
1783936203.26,52.5,27.1
1783936204.294,52.5,27.1
1783936205.329,52.5,27.1
1783936206.362,52.4,27.1
1783936207.395,52.4,27.1
1783936208.428,52.4,27.1
1783936209.461,52.3,27.1
1783936210.496,52.3,27.1
1783936211.523,52.3,27.1
1783936212.552,52.2,27.1
1783936213.577,52.2,27.1
1783936214.61,52.2,27.1
1783936215.644,52.3,27.1
1783936216.677,52.2,27.1
1783936217.71,52.2,27.1
1783936218.743,52.2,27.1
1783936219.776,52.2,27.1
1783936220.808,52.2,27.1
1783936221.84,52.1,27.1
1783936222.872,52.1,27.1
1783936223.904,52.1,27.1
1783936224.938,52.1,27.1
1783936225.967,52.0,27.1
1783936226.991,52.0,27.1
1783936228.016,51.9,27.1
1783936229.04,51.9,27.1
1783936230.067,51.9,27.1
1783936231.095,51.8,27.1
1783936232.13,51.8,27.1
1783936233.165,51.8,27.1
1783936234.191,51.8,27.1
1783936235.226,51.9,27.1
1783936236.261,51.9,27.1
1783936237.297,51.9,27.1
1783936238.322,51.8,27.1
1783936239.347,51.7,27.1
1783936240.381,51.5,27.1
1783936241.415,51.4,27.1
1783936242.45,51.4,27.1
1783936243.484,51.3,27.1
1783936244.519,51.3,27.1
1783936245.553,51.3,27.1
1783936246.587,51.4,27.1
1783936247.621,51.4,27.1
1783936248.657,51.4,27.1
1783936249.686,51.3,27.1
1783936250.714,51.3,27.1
1783936251.742,51.3,27.1
1783936252.767,51.3,27.1
1783936253.791,51.3,27.1
1783936254.816,51.2,27.1
1783936255.841,51.2,27.1
1783936256.866,51.1,27.1
1783936257.893,51.1,27.1
1783936258.919,51.0,27.1
1783936259.953,51.0,27.1
1783936260.988,51.0,27.1
1783936262.022,51.0,27.1
1783936263.056,50.9,27.1
1783936264.089,50.9,27.1
1783936265.123,50.9,27.1
1783936266.156,50.9,27.1
1783936267.189,50.9,27.1
1783936268.224,50.9,27.1
1783936269.261,50.9,27.1
1783936270.291,50.9,27.1
1783936271.319,50.8,27.1
1783936272.344,50.8,27.1
1783936273.368,50.8,27.1
1783936274.393,50.8,27.1
1783936275.427,50.8,27.1
1783936276.462,50.8,27.1
1783936277.496,50.8,27.1
1783936278.531,50.8,27.1
1783936279.565,50.8,27.1
1783936280.599,50.8,27.1
1783936281.632,50.8,27.1
1783936282.666,50.7,27.1
1783936283.691,50.8,27.1
1783936284.716,50.7,27.1
1783936285.75,50.8,27.1
1783936286.785,50.7,27.1
1783936287.819,50.7,27.1
1783936288.845,50.7,27.1
1783936289.87,50.6,27.1
1783936290.896,50.6,27.1
1783936291.931,50.5,27.1
1783936292.959,50.5,27.1
1783936293.99,50.4,27.1
1783936295.024,50.3,27.0
1783936296.059,50.2,27.0
1783936297.093,50.2,27.0
1783936298.128,50.2,27.1
1783936299.154,50.1,27.1
1783936300.19,50.1,27.1
1783936301.227,50.2,27.1
1783936302.264,50.1,27.0
1783936303.291,50.2,27.0
1783936304.316,50.2,27.0
1783936305.341,50.2,27.0
1783936306.367,50.1,27.0
1783936307.392,50.1,27.0
1783936308.418,50.1,27.0
1783936309.448,50.1,27.1
1783936310.479,50.1,27.0
1783936311.508,50.1,27.0
1783936312.542,50.1,27.0
1783936313.57,50.1,27.0
1783936314.604,50.1,27.0
1783936315.63,50.1,27.0
1783936316.654,50.0,27.0
1783936317.679,50.1,27.0
1783936318.702,50.1,27.0
1783936319.736,50.1,27.0
1783936320.77,50.1,27.0
1783936321.804,50.1,27.1
1783936322.838,50.0,27.0
1783936323.873,50.0,27.0
1783936324.907,50.0,27.0
1783936325.932,49.9,27.0
1783936326.967,49.8,27.0
1783936328.001,49.8,27.0
1783936329.04,49.7,27.0
1783936330.068,49.7,27.0
1783936331.097,49.7,27.0
1783936332.132,49.7,27.0
1783936333.164,49.7,27.0
1783936334.188,49.7,27.0
1783936335.22,49.7,27.0
1783936336.244,49.7,27.0
1783936337.276,49.8,27.0
1783936338.308,49.7,27.0
1783936339.341,49.7,27.0
1783936340.372,49.7,27.0
1783936341.404,49.7,27.0
1783936342.436,49.7,27.0
1783936343.468,49.6,27.0
1783936344.5,49.7,27.0
1783936345.524,49.6,27.0
1783936346.548,49.7,27.0
1783936347.581,49.8,27.0
1783936348.614,49.7,27.0
1783936349.647,49.7,27.0
1783936350.673,49.7,27.0
1783936351.698,49.8,27.0
1783936352.732,49.7,27.0
1783936353.765,49.8,27.0
1783936354.798,49.8,27.0
1783936355.825,49.8,27.0
1783936356.848,49.8,27.0
1783936357.872,49.8,27.0
1783936358.897,49.8,27.0
1783936359.921,49.8,27.0
1783936360.947,49.8,27.0
1783936361.971,49.8,27.0
1783936363.014,49.8,27.0
1783936364.047,49.7,27.0
1783936365.08,49.7,27.0
1783936366.113,49.7,27.0
1783936367.146,49.7,27.0
1783936368.179,49.7,27.0
1783936369.213,49.7,27.0
1783936370.24,49.7,27.0
1783936371.268,49.6,27.0
1783936372.293,49.6,27.0
1783936373.326,49.6,27.0
1783936374.351,49.6,27.0
1783936375.384,49.6,27.0
1783936376.417,49.6,27.0
1783936377.442,49.6,27.0
1783936378.466,49.6,27.0
1783936379.5,49.6,27.0
1783936380.525,49.7,27.0
1783936381.558,49.7,27.0
1783936382.583,49.7,27.0
1783936383.607,49.6,27.0
1783936384.633,49.6,27.0
1783936385.657,49.6,27.0
1783936386.69,49.6,27.0
1783936387.723,49.6,27.0
1783936388.758,49.5,27.0
1783936389.789,49.6,27.0
1783936390.817,49.7,27.0
1783936391.858,49.7,27.0
1783936392.891,49.8,27.0
1783936393.916,49.8,27.0
1783936394.948,49.9,27.0
1783936395.983,49.9,27.0
1783936397.017,49.9,27.0
1783936398.051,50.0,27.0
1783936399.086,50.1,27.0
1783936400.12,50.1,27.0
1783936401.154,50.1,27.0
1783936402.188,50.1,27.0
1783936403.215,50.2,27.0
1783936404.24,50.2,27.0
1783936405.266,50.3,27.0
1783936406.291,50.3,27.0
1783936407.326,50.3,27.0
1783936408.355,50.3,27.0
1783936409.38,50.3,27.0
1783936410.407,50.3,27.0
1783936411.434,50.3,26.9
1783936412.459,50.4,27.0
1783936413.484,50.4,27.0
1783936414.512,50.4,27.0
1783936415.538,50.4,26.9
1783936416.572,50.4,27.0
1783936417.597,50.5,27.0
1783936418.632,50.5,27.0
1783936419.666,50.5,26.9
1783936420.691,50.6,27.0
1783936421.726,50.6,27.0
1783936422.752,50.7,27.0
1783936423.786,50.7,27.0
1783936424.821,50.8,27.0
1783936425.846,50.8,27.0
1783936426.871,50.8,27.0
1783936427.896,50.8,27.0
1783936428.93,50.8,27.0
1783936429.959,50.8,27.0
1783936430.988,50.8,27.0
1783936432.023,50.9,27.0
1783936433.057,50.9,27.0
1783936434.092,51.0,27.0
1783936435.118,51.0,27.0
1783936436.143,51.1,27.0
1783936437.178,51.1,27.0
1783936438.212,51.2,27.0
1783936439.244,51.2,27.0
1783936440.278,51.2,26.9
1783936441.312,51.2,27.0
1783936442.346,51.2,27.0
1783936443.381,51.2,26.9
1783936444.415,51.2,26.9
1783936445.44,51.2,27.0
1783936446.466,51.2,27.0
1783936447.493,51.2,26.9
1783936448.526,51.2,27.0
1783936449.563,51.3,26.9
1783936450.591,51.3,27.0
1783936451.62,51.3,26.9
1783936452.654,51.3,26.9
1783936453.688,51.3,27.0
1783936454.723,51.4,27.0
1783936455.757,51.4,26.9
1783936456.791,51.4,27.0
1783936457.816,51.5,26.9
1783936458.851,51.5,27.0
1783936459.884,51.5,26.9
1783936460.919,51.6,27.0
1783936461.96,51.6,27.0
1783936462.986,51.6,26.9
1783936464.012,51.6,27.0
1783936465.037,51.7,27.0
1783936466.062,51.7,27.0
1783936467.087,51.7,27.0
1783936468.113,51.7,26.9
1783936469.149,51.7,27.0
1783936470.185,51.7,26.9
1783936471.215,51.7,27.0
1783936472.241,51.7,26.9
1783936473.275,51.7,27.0
1783936474.309,51.7,27.0
1783936475.344,51.7,27.0
1783936476.379,51.7,26.9
1783936477.413,51.6,26.9
1783936478.448,51.6,27.0
1783936479.477,51.7,26.9
1783936480.502,51.6,27.0
1783936481.527,51.6,27.0
1783936482.562,51.6,26.9
1783936483.596,51.7,26.9
1783936484.631,51.7,26.9
1783936485.665,51.7,27.0
1783936486.7,51.7,26.9
1783936487.733,51.7,26.9
1783936488.768,51.7,26.9
1783936489.792,51.7,27.0
1783936490.82,51.7,26.9
1783936491.849,51.8,27.0
1783936492.875,51.7,26.9
1783936493.91,51.7,27.0
1783936494.944,51.8,26.9
1783936495.979,51.8,27.0
1783936497.004,51.8,26.9
1783936498.038,51.8,26.9
1783936499.072,51.8,26.9
1783936500.098,51.8,27.0
1783936501.132,51.8,26.9
1783936502.167,51.8,26.9
1783936503.201,51.8,26.9
1783936504.236,51.8,27.0
1783936505.271,51.8,26.9
1783936506.307,51.8,26.9
1783936507.341,51.9,26.9
1783936508.375,51.9,26.9
1783936509.409,51.8,26.9
1783936510.445,51.9,26.9
1783936511.472,51.9,26.9
1783936512.499,51.9,26.9
1783936513.524,51.9,26.9
1783936514.55,51.9,26.9
1783936515.575,51.9,26.9
1783936516.6,52.0,26.9
1783936517.626,52.0,26.9
1783936518.651,52.0,26.9
1783936519.676,52.1,27.0
1783936520.703,52.1,26.9
1783936521.737,52.1,27.0
1783936522.771,52.1,26.9
1783936523.805,52.1,26.9
1783936524.839,52.1,26.9
1783936525.874,52.2,27.0
1783936526.898,52.2,26.9
1783936527.931,52.2,27.0
1783936528.964,52.3,27.0
1783936529.997,52.4,26.9
1783936531.025,52.4,26.9
1783936532.051,52.5,26.9
1783936533.085,52.5,26.9
1783936534.12,52.5,26.9
1783936535.145,52.6,26.9
1783936536.168,52.6,26.9
1783936537.192,52.6,26.9
1783936538.221,52.6,27.0
1783936539.256,52.6,26.9
1783936540.289,52.6,27.0
1783936541.321,52.6,26.9
1783936542.347,52.6,26.9
1783936543.381,52.6,26.9
1783936544.414,52.5,27.0
1783936545.439,52.6,26.9
1783936546.473,52.5,26.9
1783936547.507,52.5,26.9
1783936548.542,52.5,26.9
1783936549.576,52.5,26.9
1783936550.61,52.5,26.9
1783936551.637,52.5,26.9
1783936552.66,52.5,26.9
1783936553.692,52.5,26.9
1783936554.724,52.5,27.0
1783936555.756,52.5,27.0
1783936556.789,52.5,26.9
1783936557.822,52.6,26.9
1783936558.854,52.6,26.9
1783936559.886,52.6,26.9
1783936560.919,52.6,27.0
1783936561.95,52.6,26.9
1783936562.983,52.6,26.9
1783936564.015,52.6,27.0
1783936565.047,52.6,26.9
1783936566.071,52.6,27.0
1783936567.105,52.7,27.0
1783936568.129,52.7,27.0
1783936569.153,52.7,26.9
1783936570.18,52.7,26.9
1783936571.208,52.7,27.0
1783936572.236,52.7,26.9
1783936573.263,52.7,27.0
1783936574.287,52.7,26.9
1783936575.32,52.7,26.9
1783936576.344,52.7,26.9
1783936577.368,52.8,26.9
1783936578.401,52.8,26.9
1783936579.433,52.8,26.9
1783936580.457,52.9,26.9
1783936581.482,52.9,27.0
1783936582.506,52.9,27.0
1783936583.53,52.9,27.0
1783936584.554,52.9,27.0
1783936585.586,53.0,27.0
1783936586.61,53.0,27.0
1783936587.635,53.0,27.0
1783936588.668,52.9,27.0
1783936589.693,53.0,27.0
1783936590.725,53.0,27.0
1783936591.751,53.0,27.0
1783936592.775,53.0,26.9
1783936593.808,53.1,27.0
1783936594.832,53.1,26.9
1783936595.863,53.1,27.0
1783936596.896,53.1,27.0
1783936597.928,53.1,26.9
1783936598.96,53.2,27.0
1783936599.994,53.2,27.0
1783936601.028,53.2,27.0
1783936602.062,53.2,27.0
1783936603.098,53.2,27.0
1783936604.13,53.3,27.0
1783936605.155,53.3,27.0
1783936606.187,53.3,27.0
1783936607.22,53.3,27.0
1783936608.252,53.3,27.0
1783936609.285,53.2,27.0
1783936610.32,53.3,27.0
1783936611.35,53.3,27.0
1783936612.378,53.2,27.0
1783936613.412,53.2,27.0
1783936614.445,53.2,27.0
1783936615.478,53.2,27.0
1783936616.51,53.2,26.9
1783936617.543,53.2,26.9
1783936618.577,53.2,27.0
1783936619.61,53.2,27.0
1783936620.636,53.2,27.0
1783936621.66,53.2,27.0
1783936622.684,53.2,27.0
1783936623.709,53.2,27.0
1783936624.733,53.2,27.0
1783936625.757,53.3,27.0
1783936626.785,53.3,27.0
1783936627.809,53.3,27.0
1783936628.842,53.4,27.0
1783936629.875,53.4,26.9
1783936630.903,53.5,27.0
1783936631.928,53.5,27.0
1783936632.952,53.5,27.0
1783936633.984,53.5,27.0
1783936635.018,53.6,27.0
1783936636.052,53.6,27.0
1783936637.087,53.6,27.0
1783936638.122,53.6,27.0
1783936639.156,53.6,27.0
1783936640.19,53.6,27.0
1783936641.224,53.7,27.0
1783936642.258,53.6,27.0
1783936643.292,53.7,27.0
1783936644.326,53.7,27.0
1783936645.36,53.7,27.0
1783936646.395,53.7,27.0
1783936647.429,53.7,27.0
1783936648.464,53.7,27.0
1783936649.498,53.8,27.0
1783936650.533,53.8,27.0
1783936651.566,53.8,27.0
1783936652.589,53.8,27.0
1783936653.618,53.8,27.0
1783936654.652,53.8,27.0
1783936655.676,53.9,27.0
1783936656.71,53.9,27.0
1783936657.743,53.9,27.0
1783936658.777,53.8,27.0
1783936659.812,53.9,27.0
1783936660.845,53.9,27.0
1783936661.879,53.9,27.0
1783936662.915,53.9,27.0
1783936663.948,54.0,27.0
1783936664.982,53.9,27.0
1783936666.016,54.0,27.0
1783936667.047,54.0,27.0
1783936668.071,54.0,27.0
1783936669.097,54.0,27.0
1783936670.126,54.1,27.0
1783936671.154,54.1,27.0
1783936672.181,54.1,27.0
1783936673.213,54.1,27.0
1783936674.247,54.1,27.0
1783936675.281,54.1,27.0
1783936676.316,54.1,27.0
1783936677.35,54.1,27.0
1783936678.384,54.1,27.0
1783936679.419,54.2,27.0
1783936680.454,54.1,27.0
1783936681.488,54.1,27.0
1783936682.523,54.2,27.0
1783936683.557,54.2,27.0
1783936684.582,54.2,27.0
1783936685.616,54.2,27.0
1783936686.649,54.2,27.0
1783936687.684,54.2,27.0
1783936688.718,54.2,27.0
1783936689.744,54.2,27.0
1783936690.778,54.2,27.0
1783936691.814,54.3,27.0
1783936692.84,54.3,27.0
1783936693.868,54.3,27.0
1783936694.894,54.3,27.0
1783936695.929,54.4,27.0
1783936696.962,54.4,27.0
1783936697.997,54.4,27.0
1783936699.03,54.5,27.0
1783936700.064,54.5,27.0
1783936701.098,54.6,27.0
1783936702.133,54.6,27.0
1783936703.167,54.7,27.0
1783936704.201,54.6,27.0
1783936705.235,54.7,27.0
1783936706.27,54.7,27.0
1783936707.304,54.6,27.0
1783936708.339,54.7,27.0
1783936709.375,54.6,27.0
1783936710.401,54.7,27.0
1783936711.426,54.6,27.0
1783936712.452,54.6,27.0
1783936713.478,54.6,27.0
1783936714.504,54.7,27.0
1783936715.528,54.6,27.0
1783936716.553,54.6,27.0
1783936717.578,54.6,27.0
1783936718.613,54.6,27.0
1783936719.647,54.6,27.0
1783936720.682,54.6,27.0
1783936721.707,54.6,27.0
1783936722.741,54.6,27.0
1783936723.766,54.6,27.0
1783936724.791,54.6,27.0
1783936725.817,54.6,27.0
1783936726.842,54.6,27.0
1783936727.877,54.7,27.0
1783936728.912,54.7,27.0
1783936729.947,54.7,27.0
1783936730.983,54.7,27.0
1783936732.012,54.8,27.0
1783936733.037,54.8,27.0
1783936734.062,54.8,27.0
1783936735.096,54.8,27.0
1783936736.13,54.8,27.0
1783936737.156,54.8,27.0
1783936738.191,54.8,27.0
1783936739.225,54.8,27.0
1783936740.26,54.8,27.0
1783936741.294,54.8,27.0
1783936742.328,54.9,27.0
1783936743.363,54.8,27.0
1783936744.396,54.8,27.0
1783936745.421,54.9,27.0
1783936746.455,54.9,27.0
1783936747.49,54.9,27.0
1783936748.524,54.9,27.0
1783936749.559,54.9,27.0
1783936750.593,54.9,27.0
1783936751.628,54.9,27.1
1783936752.665,55.0,27.1
1783936753.698,55.0,27.0
1783936754.724,55.0,27.0
1783936755.759,55.1,27.0
1783936756.792,55.1,27.0
1783936757.822,55.1,27.0
1783936758.848,55.2,27.0
1783936759.872,55.2,27.0
1783936760.897,55.2,27.1
1783936761.922,55.2,27.0
1783936762.948,55.1,27.0
1783936763.973,55.2,27.0
1783936765.007,55.1,27.1
1783936766.042,55.1,27.0
1783936767.076,55.1,27.1
1783936768.109,55.1,27.0
1783936769.134,55.1,27.0
1783936770.169,55.1,27.1
1783936771.203,55.1,27.0
1783936772.229,55.0,27.0
1783936773.253,55.0,27.0
1783936774.279,55.0,27.1
1783936775.311,55.0,27.1
1783936776.343,55.0,27.1
1783936777.376,55.0,27.1
1783936778.408,55.0,27.0
1783936779.441,55.0,27.1
1783936780.474,54.9,27.0
1783936781.507,55.0,27.1
1783936782.542,54.9,27.0
1783936783.566,54.9,27.1
1783936784.599,54.9,27.1
1783936785.632,54.9,27.0
1783936786.665,54.9,27.0
1783936787.697,54.9,27.1
1783936788.73,54.9,27.0
1783936789.762,54.9,27.1
1783936790.795,54.9,27.1
1783936791.821,54.9,27.1
1783936792.859,54.9,27.0
1783936793.885,54.9,27.1
1783936794.913,54.9,27.1
1783936795.946,54.9,27.1
1783936796.979,54.9,27.1
1783936798.003,54.9,27.1
1783936799.027,54.9,27.1
1783936800.059,54.9,27.1
1783936801.092,54.9,27.1
1783936802.116,55.0,27.1
1783936803.141,54.9,27.1
1783936804.167,54.9,27.1
1783936805.191,54.9,27.1
1783936806.215,54.9,27.0
1783936807.239,54.9,27.1
1783936808.264,54.9,27.1
1783936809.288,54.9,27.1
1783936810.312,54.9,27.1
1783936811.337,54.9,27.1
1783936812.366,55.0,27.1
1783936813.393,55.0,27.1
1783936814.427,55.0,27.1
1783936815.46,55.1,27.1
1783936816.485,55.1,27.1
1783936817.522,55.1,27.1
1783936818.556,55.2,27.1
1783936819.591,55.2,27.1
1783936820.624,55.2,27.1
1783936821.65,55.2,27.1
1783936822.684,55.2,27.1
1783936823.718,55.2,27.1
1783936824.752,55.2,27.1
1783936825.789,55.2,27.1
1783936826.854,55.2,27.0
1783936827.961,55.2,27.0
1783936829.02,55.2,27.1
1783936830.051,55.2,27.1
1783936831.078,55.2,27.1
1783936832.112,55.2,27.1
1783936833.146,55.2,27.1
1783936834.172,55.2,27.1
1783936835.2,55.2,27.1
1783936836.235,55.2,27.1
1783936837.269,55.2,27.1
1783936838.294,55.2,27.1
1783936839.32,55.2,27.1
1783936840.346,55.2,27.1
1783936841.371,55.2,27.1
1783936842.404,55.2,27.1
1783936843.439,55.1,27.1
1783936844.473,55.1,27.1
1783936845.507,55.1,27.1
1783936846.542,55.1,27.1
1783936847.574,55.1,27.1
1783936848.607,55.1,27.1
1783936849.638,55.1,27.1
1783936850.663,55.1,27.1
1783936851.697,55.1,27.1
1783936852.732,55.1,27.1
1783936853.766,55.1,27.1
1783936854.801,55.0,27.1
1783936855.836,55.1,27.1
1783936856.87,55.1,27.1
1783936857.905,55.0,27.1
1783936858.929,55.0,27.1
1783936859.954,55.1,27.1
1783936860.979,55.1,27.1
1783936862.003,55.0,27.1
1783936863.029,55.0,27.1
1783936864.053,55.0,27.1
1783936865.078,55.0,27.1
1783936866.104,55.1,27.1
1783936867.129,55.0,27.1
1783936868.154,55.1,27.1
1783936869.186,55.1,27.1
1783936870.215,55.1,27.1
1783936871.24,55.1,27.1
1783936872.272,55.0,27.1
1783936873.304,55.0,27.1
1783936874.328,55.0,27.1
1783936875.353,55.0,27.1
1783936876.386,55.0,27.1
1783936877.418,55.0,27.1
1783936878.451,54.9,27.1
1783936879.476,54.9,27.1
1783936880.499,54.9,27.1
1783936881.524,54.9,27.1
1783936882.549,54.7,27.1
1783936883.573,54.6,27.1
1783936884.598,54.6,27.1
1783936885.63,54.5,27.1
1783936886.654,54.5,27.1
1783936887.687,54.5,27.1
1783936888.712,54.5,27.1
1783936889.738,54.5,27.1
1783936890.771,54.5,27.1
1783936891.803,54.5,27.1
1783936892.836,54.5,27.1
1783936893.868,54.4,27.1
1783936894.901,54.4,27.1
1783936895.934,54.4,27.1
1783936896.968,54.4,27.1
1783936898.003,54.4,27.1
1783936899.037,54.4,27.1
1783936900.072,54.4,27.1
1783936901.107,54.3,27.1
1783936902.142,54.3,27.1
1783936903.177,54.2,27.1
1783936904.212,54.1,27.1
1783936905.245,54.1,27.1
1783936906.278,54.1,27.1
1783936907.312,54.1,27.1
1783936908.345,54.1,27.1
1783936909.381,54.2,27.1
1783936910.408,54.1,27.1
1783936911.442,54.1,27.1
1783936912.466,54.1,27.1
1783936913.491,54.1,27.1
1783936914.515,54.1,27.1
1783936915.539,54.1,27.1
1783936916.563,54.1,27.1
1783936917.587,54.1,27.1
1783936918.612,54.1,27.1
1783936919.644,54.0,27.1
1783936920.668,54.0,27.1
1783936921.7,54.0,27.1
1783936922.732,54.0,27.1
1783936923.764,54.0,27.1
1783936924.788,53.9,27.1
1783936925.811,53.9,27.1
1783936926.835,53.9,27.1
1783936927.861,53.9,27.1
1783936928.887,53.9,27.1
1783936929.912,53.9,27.1
1783936930.944,53.9,27.1
1783936931.968,53.9,27.1
1783936933.0,53.9,27.1
1783936934.033,54.0,27.1
1783936935.065,54.0,27.1
1783936936.098,54.0,27.1
1783936937.13,53.9,27.1
1783936938.163,53.9,27.1
1783936939.195,54.0,27.1
1783936940.229,54.0,27.1
1783936941.262,53.9,27.1
1783936942.294,54.0,27.1
1783936943.327,53.9,27.1
1783936944.359,53.9,27.1
1783936945.392,53.9,27.1
1783936946.424,53.9,27.1
1783936947.456,53.9,27.1
1783936948.489,53.9,27.1
1783936949.517,53.9,27.1
1783936950.544,53.9,27.1
1783936951.577,53.9,27.1
1783936952.607,53.9,27.1
1783936953.64,53.7,27.1
1783936954.673,53.6,27.1
1783936955.706,53.5,27.1
1783936956.74,53.4,27.1
1783936957.772,53.4,27.1
1783936958.805,53.4,27.1
1783936959.833,53.4,27.1
1783936960.857,53.4,27.1
1783936961.88,53.4,27.1
1783936962.906,53.5,27.1
1783936963.936,53.5,27.1
1783936964.96,53.5,27.1
1783936965.984,53.5,27.1
1783936967.016,53.5,27.1
1783936968.041,53.5,27.1
1783936969.068,53.6,27.1
1783936970.1,53.6,27.1
1783936971.125,53.7,27.1
1783936972.158,53.6,27.1
1783936973.191,53.6,27.1
1783936974.215,53.6,27.1
1783936975.248,53.6,27.1
1783936976.274,53.6,27.1
1783936977.307,53.6,27.1
1783936978.34,53.6,27.1
1783936979.365,53.5,27.1
1783936980.398,53.5,27.1
1783936981.43,53.5,27.1
1783936982.463,53.5,27.1
1783936983.496,53.5,27.1
1783936984.529,53.5,27.1
1783936985.562,53.5,27.1
1783936986.594,53.6,27.1
1783936987.627,53.5,27.1
1783936988.66,53.5,27.1
1783936989.695,53.5,27.1
1783936990.722,53.5,27.1
1783936991.746,53.6,27.1
1783936992.779,53.6,27.1
1783936993.812,53.6,27.1
1783936994.845,53.6,27.1
1783936995.879,53.6,27.1
1783936996.912,53.6,27.1
1783936997.945,53.6,27.1
1783936998.978,53.6,27.1
1783937000.011,53.6,27.1
1783937001.044,53.6,27.1
1783937002.077,53.6,27.1
1783937003.11,53.6,27.1
1783937004.143,53.6,27.1
1783937005.177,53.5,27.1
1783937006.202,53.5,27.1
1783937007.228,53.5,27.1
1783937008.253,53.5,27.1
1783937009.278,53.5,27.1
1783937010.305,53.5,27.1
1783937011.332,53.5,27.1
1783937012.362,53.5,27.1
1783937013.387,53.4,27.1
1783937014.412,53.4,27.1
1783937015.439,53.4,27.1
1783937016.463,53.4,27.1
1783937017.498,53.4,27.1
1783937018.532,53.4,27.1
1783937019.566,53.4,27.1
1783937020.601,53.3,27.1
1783937021.636,53.2,27.1
1783937022.67,53.2,27.1
1783937023.705,53.2,27.1
1783937024.739,53.1,27.1
1783937025.772,53.0,27.1
1783937026.806,53.0,27.1
1783937027.84,53.0,27.1
1783937028.865,53.0,27.1
1783937029.901,52.9,27.1
1783937030.926,52.9,27.1
1783937031.953,52.9,27.1
1783937032.988,52.9,27.1
1783937034.022,52.9,27.1
1783937035.057,52.9,27.1
1783937036.091,52.9,27.1
1783937037.125,52.9,27.1
1783937038.151,52.9,27.1
1783937039.176,52.9,27.1
1783937040.211,52.9,27.1
1783937041.244,52.9,27.1
1783937042.27,52.9,27.1
1783937043.304,52.9,27.1
1783937044.339,52.9,27.1
1783937045.373,52.9,27.1
1783937046.408,52.8,27.1
1783937047.435,52.8,27.1
1783937048.469,52.8,27.1
1783937049.503,52.7,27.1
1783937050.538,52.7,27.1
1783937051.569,52.6,27.1
1783937052.597,52.6,27.1
1783937053.633,52.6,27.1
1783937054.658,52.6,27.1
1783937055.683,52.6,27.1
1783937056.708,52.6,27.1
1783937057.734,52.6,27.1
1783937058.759,52.5,27.1
1783937059.784,52.4,27.1
1783937060.81,52.3,27.1
1783937061.835,52.2,27.1
1783937062.87,52.1,27.1
1783937063.904,52.1,27.1
1783937064.948,52.0,27.1
1783937065.994,52.0,27.1
1783937067.028,52.0,27.1
1783937068.062,51.9,27.1
1783937069.095,51.9,27.1
1783937070.12,51.8,27.1
1783937071.145,51.8,27.0
1783937072.173,51.6,27.1
1783937073.207,51.5,27.1
1783937074.242,51.6,27.1
1783937075.276,51.5,27.1
1783937076.31,51.6,27.1
1783937077.344,51.6,27.1
1783937078.378,51.7,27.1
1783937079.403,51.7,27.1
1783937080.437,51.7,27.1
1783937081.471,51.7,27.1
1783937082.496,51.8,27.1
1783937083.521,51.8,27.1
1783937084.545,51.7,27.1
1783937085.57,51.7,27.1
1783937086.594,51.7,27.1
1783937087.628,51.8,27.1
1783937088.662,51.7,27.1
1783937089.699,51.7,27.1
1783937090.725,51.8,27.1
1783937091.752,51.8,27.1
1783937092.786,51.8,27.1
1783937093.821,51.8,27.1
1783937094.855,51.8,27.1
1783937095.889,51.8,27.1
1783937096.923,51.8,27.1
1783937097.957,51.7,27.1
1783937098.992,51.6,27.0
1783937100.026,51.6,27.1
1783937101.051,51.5,27.0
1783937102.076,51.5,27.1
1783937103.1,51.6,27.1
1783937104.123,51.6,27.0
1783937105.147,51.6,27.1
1783937106.171,51.6,27.1
1783937107.196,51.7,27.0
1783937108.22,51.7,27.1
1783937109.246,51.7,27.1
1783937110.276,51.7,27.0
1783937111.303,51.7,27.1
1783937112.336,51.6,27.0
1783937113.369,51.5,27.1
1783937114.394,51.5,27.0
1783937115.427,51.5,27.0
1783937116.46,51.4,27.1
1783937117.493,51.4,27.0
1783937118.527,51.4,27.0
1783937119.552,51.4,27.1
1783937120.585,51.4,27.0
1783937121.618,51.4,27.0
1783937122.65,51.3,27.1
1783937123.683,51.3,27.0
1783937124.708,51.2,27.1
1783937125.741,51.0,27.0
1783937126.766,50.8,27.0
1783937127.799,50.7,27.0
1783937128.833,50.6,27.0
1783937129.867,50.6,27.0
1783937130.898,50.6,27.0
1783937131.928,50.6,27.0
1783937132.956,50.6,27.0
1783937133.988,50.6,27.0
1783937135.021,50.7,27.0
1783937136.055,50.7,27.0
1783937137.088,50.8,27.0
1783937138.12,50.8,27.0
1783937139.152,50.9,27.0
1783937140.177,50.9,27.0
1783937141.211,50.9,27.0
1783937142.244,50.9,27.0
1783937143.276,50.9,27.0
1783937144.308,50.9,27.0
1783937145.332,51.0,27.0
1783937146.356,51.0,27.0
1783937147.38,51.0,27.1
1783937148.407,51.0,27.0
1783937149.44,50.9,27.0
1783937150.474,50.9,27.0
1783937151.504,50.9,27.0
1783937152.532,50.8,27.0
1783937153.56,50.8,27.0
1783937154.584,50.8,27.0
1783937155.608,50.8,27.0
1783937156.632,50.8,27.0
1783937157.656,50.7,27.0
1783937158.68,50.7,27.0
1783937159.704,50.7,27.0
1783937160.729,50.6,27.0
1783937161.762,50.5,27.0
1783937162.795,50.4,27.0
1783937163.819,50.3,27.0
1783937164.852,50.2,27.0
1783937165.885,50.0,27.0
1783937166.918,49.9,27.0
1783937167.951,49.7,27.0
1783937168.976,49.5,27.0
1783937170.01,49.4,27.0
1783937171.047,49.4,27.0
1783937172.077,49.3,27.0
1783937173.102,49.3,27.0
1783937174.126,49.3,27.0
1783937175.159,49.3,27.0
1783937176.192,49.3,27.0
1783937177.226,49.4,27.0
1783937178.259,49.4,27.0
1783937179.292,49.5,27.0
1783937180.325,49.5,27.0
1783937181.358,49.5,27.0
1783937182.391,49.5,27.0
1783937183.424,49.5,27.0
1783937184.457,49.6,27.0
1783937185.491,49.6,27.0
1783937186.524,49.6,27.0
1783937187.558,49.6,27.0
1783937188.582,49.6,27.0
1783937189.605,49.6,27.0
1783937190.629,49.7,27.0
1783937191.656,49.7,27.0
1783937192.683,49.7,27.0
1783937193.716,49.8,27.0
1783937194.749,49.8,27.0
1783937195.772,49.8,27.0
1783937196.796,49.9,27.0
1783937197.82,49.9,27.0
1783937198.853,49.9,27.0
1783937199.886,49.9,27.0
1783937200.919,50.0,27.0
1783937201.943,50.0,27.0
1783937202.976,50.0,27.0
1783937204.008,50.1,27.0
1783937205.036,50.1,27.0
1783937206.059,50.2,27.0
1783937207.083,50.2,27.0
1783937208.107,50.2,27.0
1783937209.13,50.2,27.0
1783937210.156,50.3,26.9
1783937211.187,50.3,27.0
1783937212.212,50.3,27.0
1783937213.237,50.4,27.0
1783937214.271,50.4,27.0
1783937215.304,50.4,27.0
1783937216.328,50.4,27.0
1783937217.361,50.5,26.9
1783937218.396,50.5,27.0
1783937219.429,50.6,26.9
1783937220.452,50.7,27.0
1783937221.476,50.8,27.0
1783937222.509,50.8,27.0
1783937223.543,50.9,26.9
1783937224.567,50.9,26.9
1783937225.6,50.9,26.9
1783937226.624,50.9,26.9
1783937227.658,51.0,26.9
1783937228.692,51.0,27.0
1783937229.727,51.1,26.9
1783937230.754,51.1,26.9
1783937231.78,51.1,27.0
1783937232.805,51.2,26.9
1783937233.831,51.1,26.9
1783937234.861,51.1,26.9
1783937235.895,51.1,26.9
1783937236.93,51.1,26.9
1783937237.965,51.1,26.9
1783937238.999,51.1,27.0
1783937240.034,51.0,26.9
1783937241.068,51.0,27.0
1783937242.103,51.0,26.9
1783937243.137,51.0,26.9
1783937244.17,51.0,26.9
1783937245.207,51.0,27.0
1783937246.236,51.1,26.9
1783937247.26,51.1,26.9
1783937248.285,51.2,26.9
1783937249.319,51.2,26.9
1783937250.356,51.3,26.9
1783937251.383,51.3,26.9
1783937252.411,51.4,26.9
1783937253.445,51.5,26.9
1783937254.48,51.5,26.9
1783937255.515,51.5,26.9
1783937256.549,51.6,26.9
1783937257.574,51.7,26.9
1783937258.6,51.7,26.9
1783937259.634,51.8,26.9
1783937260.659,51.8,26.9
1783937261.684,51.8,26.9
1783937262.709,51.8,26.9
1783937263.736,51.8,26.9
1783937264.764,51.9,26.9
1783937265.789,51.9,26.9
1783937266.813,51.9,26.9
1783937267.838,52.0,26.9
1783937268.867,52.0,26.9
1783937269.902,52.0,26.9
1783937270.93,52.1,26.9
1783937271.954,52.1,26.9
1783937272.987,52.2,27.0
1783937274.021,52.2,26.9
1783937275.046,52.1,26.9
1783937276.071,52.2,26.9
1783937277.097,52.1,26.9
1783937278.129,52.1,26.9
1783937279.163,52.1,26.9
1783937280.198,52.1,26.9
1783937281.233,52.1,26.9
1783937282.268,52.1,26.9
1783937283.302,52.1,26.9
1783937284.335,52.2,26.9
1783937285.37,52.2,26.9
1783937286.404,52.2,26.9
1783937287.439,52.2,26.9
1783937288.472,52.2,26.9
1783937289.51,52.3,26.9
1783937290.542,52.3,26.9
1783937291.568,52.3,26.9
1783937292.593,52.4,26.9
1783937293.617,52.4,26.9
1783937294.652,52.5,26.9
1783937295.686,52.5,26.9
1783937296.72,52.6,26.9
1783937297.754,52.6,26.9
1783937298.788,52.6,26.9
1783937299.813,52.6,26.9
1783937300.846,52.6,26.9
1783937301.88,52.7,26.9
1783937302.914,52.8,26.9
1783937303.938,52.9,26.9
1783937304.962,52.9,26.9
1783937305.995,53.0,26.9
1783937307.03,53.0,26.9
1783937308.064,53.1,26.9
1783937309.098,53.1,26.9
1783937310.136,53.2,26.9
1783937311.164,53.3,26.9
1783937312.19,53.3,26.9
1783937313.222,53.3,26.9
1783937314.254,53.3,26.9
1783937315.277,53.3,26.9
1783937316.301,53.3,26.9
1783937317.324,53.4,26.9
1783937318.348,53.4,26.9
1783937319.372,53.4,26.9
1783937320.396,53.4,26.9
1783937321.42,53.3,26.9
1783937322.444,53.3,26.9
1783937323.477,53.4,26.9
1783937324.51,53.3,26.9
1783937325.543,53.3,26.9
1783937326.576,53.4,26.9
1783937327.608,53.4,26.9
1783937328.642,53.3,26.9
1783937329.677,53.4,26.9
1783937330.705,53.4,26.9
1783937331.731,53.4,26.9
1783937332.763,53.4,26.9
1783937333.795,53.4,26.9
1783937334.828,53.4,26.9
1783937335.86,53.3,26.9
1783937336.885,53.4,26.9
1783937337.908,53.4,26.9
1783937338.932,53.4,26.9
1783937339.956,53.4,26.9
1783937340.989,53.4,26.9
1783937342.013,53.3,26.9
1783937343.037,53.3,26.9
1783937344.061,53.3,26.9
1783937345.085,53.3,26.9
1783937346.119,53.3,26.9
1783937347.144,53.3,26.9
1783937348.168,53.3,26.9
1783937349.192,53.3,26.9
1783937350.22,53.3,26.9
1783937351.255,53.3,26.9
1783937352.28,53.3,26.9
1783937353.313,53.3,26.9
1783937354.346,53.3,26.9
1783937355.379,53.3,26.9
1783937356.412,53.3,26.9
1783937357.436,53.3,26.9
1783937358.47,53.3,26.9
1783937359.503,53.3,26.9
1783937360.54,53.3,26.9
1783937361.573,53.3,26.9
1783937362.606,53.3,26.9
1783937363.629,53.3,26.9
1783937364.653,53.4,26.9
1783937365.676,53.4,26.9
1783937366.7,53.5,26.9
1783937367.734,53.6,26.9
1783937368.759,53.7,26.9
1783937369.787,53.7,26.9
1783937370.813,53.8,26.9
1783937371.838,53.9,26.9
1783937372.863,53.9,26.9
1783937373.887,53.9,26.9
1783937374.911,54.0,26.9
1783937375.943,54.0,26.9
1783937376.975,54.1,26.9
1783937378.008,54.1,26.9
1783937379.04,54.2,26.9
1783937380.072,54.2,26.9
1783937381.104,54.2,26.9
1783937382.136,54.3,26.9
1783937383.169,54.3,26.9
1783937384.192,54.3,26.9
1783937385.225,54.3,26.9
1783937386.258,54.3,26.9
1783937387.291,54.4,26.9
1783937388.324,54.4,26.9
1783937389.359,54.4,26.9
1783937390.386,54.4,26.9
1783937391.414,54.4,26.9
1783937392.447,54.4,26.9
1783937393.471,54.4,26.9
1783937394.495,54.4,26.9
1783937395.528,54.4,26.9
1783937396.561,54.4,26.9
1783937397.594,54.4,26.9
1783937398.627,54.4,26.9
1783937399.659,54.4,26.9
1783937400.692,54.4,26.9
1783937401.727,54.4,26.9
1783937402.76,54.4,26.9
1783937403.795,54.4,26.9
1783937404.829,54.3,26.9
1783937405.854,54.4,26.9
1783937406.878,54.4,26.9
1783937407.902,54.3,26.9
1783937408.928,54.4,26.9
1783937409.955,54.4,26.9
1783937410.985,54.4,26.9
1783937412.019,54.4,26.9
1783937413.052,54.4,26.9
1783937414.084,54.4,26.9
1783937415.118,54.4,26.9
1783937416.151,54.4,26.9
1783937417.184,54.4,26.9
1783937418.221,54.5,26.9
1783937419.246,54.5,26.9
1783937420.27,54.6,26.9
1783937421.294,54.6,26.9
1783937422.318,54.7,26.9
1783937423.343,54.7,26.9
1783937424.367,54.7,26.9
1783937425.396,54.8,26.9
1783937426.45,54.8,26.9
1783937427.483,54.8,26.9
1783937428.51,54.8,26.9
1783937429.54,54.8,26.9
1783937430.567,54.8,26.9
1783937431.599,54.8,26.9
1783937432.632,54.8,26.9
1783937433.664,54.8,26.9
1783937434.697,54.8,26.9
1783937435.729,54.9,26.9
1783937436.762,54.9,26.9
1783937437.795,54.9,26.9
1783937438.829,54.9,26.9
1783937439.853,54.9,26.9
1783937440.886,55.0,26.9
1783937441.919,55.0,26.9
1783937442.952,55.0,26.9
1783937443.976,55.0,26.9
1783937445.008,54.9,26.9
1783937446.041,54.9,26.9
1783937447.074,54.9,26.9
1783937448.107,54.9,26.9
1783937449.14,54.8,26.9
1783937450.166,54.9,26.9
1783937451.192,54.8,26.9
1783937452.218,54.8,26.9
1783937453.242,54.8,26.9
1783937454.276,54.8,26.9
1783937455.31,54.7,26.9
1783937456.345,54.8,26.9
1783937457.378,54.7,26.9
1783937458.411,54.7,26.9
1783937459.445,54.7,26.9
1783937460.478,54.7,26.9
1783937461.512,54.8,26.9
1783937462.536,54.7,26.9
1783937463.57,54.8,26.9
1783937464.604,54.8,26.9
1783937465.638,54.8,26.9
1783937466.672,54.9,26.9
1783937467.707,54.9,26.9
1783937468.74,55.0,26.9
1783937469.775,55.1,26.9
1783937470.814,55.1,26.9
1783937471.846,55.2,26.9
1783937472.875,55.2,26.9
1783937473.9,55.2,26.9
1783937474.926,55.2,26.9
1783937475.951,55.2,26.9
1783937476.976,55.2,26.9
1783937478.012,55.2,26.9
1783937479.047,55.2,26.9
1783937480.081,55.2,26.9
1783937481.116,55.1,26.9
1783937482.15,55.1,26.9
1783937483.185,55.2,26.9
1783937484.21,55.2,26.9
1783937485.235,55.1,26.9
1783937486.27,55.2,26.9
1783937487.304,55.2,26.9
1783937488.338,55.2,26.9
1783937489.364,55.2,26.9
1783937490.4,55.2,26.9
1783937491.438,55.2,26.9
1783937492.468,55.2,26.9
1783937493.493,55.2,26.9
1783937494.527,55.2,26.9
1783937495.562,55.2,26.9
1783937496.596,55.2,26.9
1783937497.622,55.2,26.9
1783937498.647,55.2,26.9
1783937499.672,55.2,26.9
1783937500.696,55.2,26.9
1783937501.731,55.2,26.9
1783937502.764,55.2,26.9
1783937503.798,55.3,26.9
1783937504.832,55.4,27.0
1783937505.865,55.4,26.9
1783937506.89,55.5,26.9
1783937507.925,55.5,26.9
1783937508.959,55.5,27.0
1783937509.985,55.5,26.9
1783937511.024,55.5,27.0
1783937512.055,55.5,27.0
1783937513.082,55.5,26.9
1783937514.117,55.5,26.9
1783937515.142,55.5,26.9
1783937516.176,55.5,26.9
1783937517.211,55.5,27.0
1783937518.246,55.4,26.9
1783937519.28,55.4,27.0
1783937520.314,55.4,26.9
1783937521.349,55.4,26.9
1783937522.384,55.3,26.9
1783937523.409,55.3,26.9
1783937524.434,55.3,27.0
1783937525.459,55.3,26.9
1783937526.484,55.3,26.9
1783937527.509,55.3,26.9
1783937528.535,55.3,27.0
1783937529.561,55.3,27.0
1783937530.586,55.3,27.0
1783937531.613,55.3,27.0
1783937532.639,55.3,27.0
1783937533.665,55.3,26.9
1783937534.693,55.3,27.0
1783937535.731,55.3,26.9
1783937536.765,55.4,26.9
1783937537.8,55.3,26.9
1783937538.835,55.3,27.0
1783937539.86,55.4,26.9
1783937540.894,55.5,27.0
1783937541.919,55.6,27.0
1783937542.944,55.6,27.0
1783937543.968,55.7,27.0
1783937545.001,55.8,27.0
1783937546.034,55.8,27.0
1783937547.06,55.9,27.0
1783937548.085,55.9,27.0
1783937549.119,55.8,26.9
1783937550.144,55.9,27.0
1783937551.169,55.9,26.9
1783937552.198,55.8,27.0
1783937553.223,55.8,27.0
1783937554.258,55.8,27.0
1783937555.292,55.8,27.0
1783937556.327,55.9,27.0
1783937557.352,55.8,27.0
1783937558.377,55.9,27.0
1783937559.411,55.9,27.0
1783937560.446,55.9,27.0
1783937561.471,55.9,27.0
1783937562.496,55.9,27.0
1783937563.531,55.9,27.0
1783937564.565,55.9,27.0
1783937565.599,56.0,27.0
1783937566.634,56.0,27.0
1783937567.668,56.0,27.0
1783937568.703,56.0,27.0
1783937569.738,55.9,27.0
1783937570.773,55.9,27.0
1783937571.798,55.9,27.0
1783937572.825,55.9,27.0
1783937573.86,55.9,27.0
1783937574.894,55.9,27.0
1783937575.928,55.9,27.0
1783937576.955,55.9,27.0
1783937577.98,55.9,27.0
1783937579.004,55.9,27.0
1783937580.028,55.9,27.0
1783937581.052,55.8,27.0
1783937582.076,55.8,27.0
1783937583.099,55.8,27.0
1783937584.123,55.8,27.0
1783937585.148,55.8,27.0
1783937586.173,55.8,27.0
1783937587.207,55.8,27.0
1783937588.24,55.8,27.0
1783937589.274,55.8,27.0
1783937590.303,55.8,27.0
1783937591.328,55.8,27.0
1783937592.36,55.8,27.0
1783937593.389,55.8,27.0
1783937594.422,55.8,27.0
1783937595.456,55.8,27.0
1783937596.49,55.7,27.0
1783937597.523,55.8,27.0
1783937598.557,55.8,27.0
1783937599.583,55.8,27.0
1783937600.617,55.7,27.0
1783937601.651,55.7,27.0
1783937602.677,55.7,27.0
1783937603.703,55.7,27.0
1783937604.729,55.7,27.0
1783937605.764,55.7,27.0
1783937606.798,55.7,27.0
1783937607.833,55.8,27.0
1783937608.866,55.7,27.0
1783937609.904,55.7,27.0
1783937610.932,55.7,27.0
1783937611.96,55.7,27.0
1783937612.994,55.7,27.0
1783937614.029,55.7,27.0
1783937615.064,55.7,27.0
1783937616.098,55.7,27.0
1783937617.133,55.7,27.0
1783937618.167,55.7,27.0
1783937619.201,55.7,27.0
1783937620.236,55.7,27.0
1783937621.275,55.6,27.0
1783937622.308,55.6,27.0
1783937623.343,55.6,27.0
1783937624.378,55.5,27.0
1783937625.403,55.5,27.0
1783937626.427,55.5,27.0
1783937627.453,55.5,27.0
1783937628.477,55.5,27.0
1783937629.505,55.4,27.0
1783937630.532,55.4,27.0
1783937631.559,55.5,27.0
1783937632.593,55.5,27.0
1783937633.627,55.5,27.0
1783937634.661,55.4,27.0
1783937635.686,55.2,27.0
1783937636.711,55.2,27.0
1783937637.745,55.1,27.0
1783937638.779,55.0,27.0
1783937639.813,55.0,27.0
1783937640.838,55.0,27.0
1783937641.871,55.0,27.0
1783937642.904,55.0,27.0
1783937643.938,55.1,27.0
1783937644.971,55.1,27.0
1783937646.004,55.0,27.0
1783937647.037,55.0,27.0
1783937648.07,55.1,27.0
1783937649.103,55.0,27.0
1783937650.135,55.1,27.0
1783937651.161,55.1,27.0
1783937652.185,55.0,27.0
1783937653.219,55.1,27.0
1783937654.252,55.1,27.0
1783937655.285,55.0,27.0
1783937656.318,55.0,27.0
1783937657.351,55.0,27.0
1783937658.384,55.1,27.0
1783937659.418,55.0,27.0
1783937660.451,55.0,27.0
1783937661.484,55.0,27.0
1783937662.517,55.0,27.1
1783937663.55,55.0,27.0
1783937664.582,54.9,27.0
1783937665.615,54.9,27.0
1783937666.638,54.8,27.0
1783937667.662,54.8,27.0
1783937668.695,54.8,27.0
1783937669.729,54.7,27.0
1783937670.756,54.7,27.0
1783937671.786,54.6,27.0
1783937672.813,54.6,27.0
1783937673.837,54.5,27.0
1783937674.862,54.4,27.0
1783937675.886,54.4,27.0
1783937676.91,54.3,27.0
1783937677.942,54.2,27.0
1783937678.975,54.2,27.0
1783937680.008,54.2,27.0
1783937681.041,54.1,27.0
1783937682.074,54.1,27.0
1783937683.108,54.0,27.0
1783937684.141,54.1,27.0
1783937685.174,54.1,27.0
1783937686.207,54.1,27.0
1783937687.24,54.1,27.0
1783937688.273,54.1,27.0
1783937689.306,54.1,27.0
1783937690.34,54.1,27.0
1783937691.374,54.1,27.0
1783937692.401,54.1,27.0
1783937693.428,54.1,27.0
1783937694.46,54.1,27.0
1783937695.493,54.1,27.0
1783937696.525,54.1,27.0
1783937697.558,54.1,27.0
1783937698.591,54.1,27.0
1783937699.624,54.1,27.0
1783937700.648,54.1,27.0
1783937701.672,54.1,27.0
1783937702.696,54.0,27.0
1783937703.729,54.0,27.0
1783937704.762,53.9,27.0
1783937705.787,53.9,27.0
1783937706.811,53.9,27.0
1783937707.836,53.9,27.0
1783937708.869,53.8,27.0
1783937709.903,53.8,27.0
1783937710.928,53.8,27.0
1783937711.957,53.8,27.0
1783937712.982,53.8,27.0
1783937714.015,53.7,27.0
1783937715.048,53.7,27.0
1783937716.082,53.7,27.0
1783937717.107,53.7,27.0
1783937718.131,53.7,27.0
1783937719.156,53.7,27.0
1783937720.179,53.7,27.0
1783937721.212,53.7,27.0
1783937722.237,53.6,27.0
1783937723.263,53.6,27.0
1783937724.288,53.6,27.0
1783937725.313,53.5,27.0
1783937726.338,53.5,27.0
1783937727.364,53.4,27.0
1783937728.391,53.3,27.0
1783937729.429,53.3,27.0
1783937730.466,53.3,27.0
1783937731.494,53.3,27.0
1783937732.529,53.3,27.0
1783937733.564,53.2,27.0
1783937734.598,53.2,27.0
1783937735.633,53.2,27.0
1783937736.668,53.2,27.0
1783937737.702,53.2,27.0
1783937738.736,53.2,27.0
1783937739.77,53.2,27.0
1783937740.804,53.2,27.0
1783937741.83,53.1,27.0
1783937742.864,53.1,27.0
1783937743.891,53.1,27.0
1783937744.928,53.0,27.0
1783937745.966,53.0,27.0
1783937747.001,53.0,27.0
1783937748.035,53.0,27.0
1783937749.07,53.0,27.0
1783937750.103,53.0,27.0
1783937751.138,53.0,27.0
1783937752.167,52.9,27.0
1783937753.194,52.9,27.0
1783937754.227,53.0,27.0
1783937755.252,53.0,27.0
1783937756.284,52.9,27.0
1783937757.317,52.9,27.0
1783937758.349,52.9,27.0
1783937759.383,52.9,27.0
1783937760.416,52.9,27.0
1783937761.44,52.9,27.0
1783937762.465,52.9,27.0
1783937763.488,52.8,27.0
1783937764.524,52.8,27.0
1783937765.56,52.7,27.0
1783937766.595,52.6,27.0
1783937767.623,52.5,27.0
1783937768.649,52.5,27.0
1783937769.674,52.4,27.0
1783937770.701,52.5,27.0
1783937771.734,52.5,27.0
1783937772.76,52.4,27.0
1783937773.786,52.4,27.0
1783937774.811,52.4,27.0
1783937775.839,52.4,27.0
1783937776.874,52.3,27.0
1783937777.908,52.3,27.0
1783937778.943,52.3,27.0
1783937779.977,52.2,27.0
1783937781.011,52.1,27.0
1783937782.046,52.1,27.0
1783937783.08,52.0,27.0
1783937784.114,51.9,27.0
1783937785.149,51.9,27.0
1783937786.185,51.9,27.0
1783937787.219,51.9,27.0
1783937788.254,51.9,27.0
1783937789.288,51.9,27.0
1783937790.323,51.9,27.0
1783937791.358,51.9,27.0
1783937792.396,51.9,27.0
1783937793.425,51.9,27.0
1783937794.454,51.9,27.0
1783937795.479,51.8,27.0
1783937796.513,51.8,27.0
1783937797.548,51.8,27.0
1783937798.582,51.7,27.0
1783937799.616,51.7,27.0
1783937800.65,51.7,27.0
1783937801.678,51.7,27.0
1783937802.712,51.7,27.0
1783937803.747,51.6,27.0
1783937804.781,51.6,27.0
1783937805.808,51.7,27.0
1783937806.833,51.6,27.0
1783937807.858,51.6,27.0
1783937808.884,51.5,27.0
1783937809.918,51.4,27.0
1783937810.954,51.4,27.0
1783937811.979,51.4,27.0
1783937813.006,51.4,27.0
1783937814.041,51.4,27.0
1783937815.065,51.3,27.0
1783937816.09,51.3,27.0
1783937817.116,51.3,27.0
1783937818.14,51.4,27.0
1783937819.166,51.4,27.0
1783937820.19,51.4,27.0
1783937821.215,51.4,27.0
1783937822.25,51.4,27.0
1783937823.274,51.4,27.0
1783937824.308,51.4,27.0
1783937825.332,51.4,27.0
1783937826.366,51.4,27.0
1783937827.391,51.4,27.0
1783937828.426,51.4,27.0
1783937829.461,51.4,27.0
1783937830.489,51.3,27.0
1783937831.516,51.3,27.0
1783937832.545,51.3,27.0
1783937833.57,51.3,27.0
1783937834.604,51.3,27.0
1783937835.629,51.3,27.0
1783937836.664,51.4,27.0
1783937837.698,51.3,27.0
1783937838.732,51.4,27.0
1783937839.766,51.4,27.0
1783937840.8,51.4,27.0
1783937841.834,51.4,27.0
1783937842.869,51.4,27.0
1783937843.903,51.3,27.0
1783937844.939,51.3,27.0
1783937845.965,51.2,27.0
1783937846.99,51.1,27.0
1783937848.016,51.1,27.0
1783937849.04,51.1,27.0
1783937850.068,51.1,27.0
1783937851.096,51.1,27.0
1783937852.127,51.1,27.0
1783937853.161,51.0,27.0
1783937854.187,51.0,27.0
1783937855.215,51.0,27.0
1783937856.248,51.0,27.0
1783937857.281,50.9,27.0
1783937858.314,50.8,27.0
1783937859.349,50.8,27.0
1783937860.383,50.7,27.0
1783937861.408,50.7,27.0
1783937862.436,50.6,27.0
1783937863.461,50.6,27.0
1783937864.496,50.6,27.0
1783937865.532,50.5,27.0
1783937866.557,50.5,27.0
1783937867.583,50.5,27.0
1783937868.608,50.6,27.0
1783937869.635,50.6,27.0
1783937870.663,50.6,27.0
1783937871.69,50.6,27.0
1783937872.716,50.6,27.0
1783937873.742,50.6,27.0
1783937874.776,50.6,27.0
1783937875.81,50.6,27.0
1783937876.844,50.6,27.0
1783937877.87,50.5,27.0
1783937878.895,50.5,27.0
1783937879.93,50.4,27.0
1783937880.964,50.4,27.0
1783937881.989,50.4,27.0
1783937883.014,50.4,27.0
1783937884.048,50.4,27.0
1783937885.084,50.4,27.0
1783937886.108,50.4,27.0
1783937887.132,50.4,27.0
1783937888.157,50.4,27.0
1783937889.185,50.4,27.0
1783937890.218,50.4,27.0
1783937891.25,50.4,27.0
1783937892.284,50.4,27.0
1783937893.31,50.4,27.0
1783937894.344,50.3,27.0
1783937895.378,50.3,26.9
1783937896.413,50.3,27.0
1783937897.447,50.2,27.0
1783937898.482,50.2,27.0
1783937899.516,50.2,27.0
1783937900.55,50.2,27.0
1783937901.584,50.2,27.0
1783937902.617,50.1,27.0
1783937903.649,50.1,27.0
1783937904.683,50.1,27.0
1783937905.746,50.1,27.0
1783937906.78,50.1,27.0
1783937907.812,50.0,26.9
1783937908.837,50.0,27.0
1783937909.871,50.0,27.0
1783937910.907,50.0,27.0
1783937911.944,49.9,27.0
1783937912.971,49.9,27.0
1783937913.997,49.8,27.0
1783937915.022,49.8,27.0
1783937916.047,49.7,27.0
1783937917.072,49.8,27.0
1783937918.099,49.7,26.9
1783937919.134,49.7,26.9
1783937920.161,49.7,26.9
1783937921.201,49.7,26.9
1783937922.235,49.6,26.9
1783937923.268,49.6,26.9
1783937924.301,49.6,27.0
1783937925.336,49.6,27.0
1783937926.37,49.6,27.0
1783937927.402,49.7,26.9
1783937928.435,49.7,26.9
1783937929.468,49.7,26.9
1783937930.501,49.6,26.9
1783937931.535,49.7,26.9
1783937932.563,49.7,27.0
1783937933.587,49.6,26.9
1783937934.619,49.6,26.9
1783937935.643,49.6,26.9
1783937936.67,49.6,26.9
1783937937.695,49.5,27.0
1783937938.719,49.5,26.9
1783937939.752,49.5,26.9
1783937940.776,49.5,26.9
1783937941.801,49.5,26.9
1783937942.833,49.5,26.9
1783937943.866,49.5,26.9
1783937944.899,49.5,26.9
1783937945.924,49.5,26.9
1783937946.957,49.5,26.9
1783937947.99,49.5,26.9
1783937949.014,49.6,26.9
1783937950.04,49.6,26.9
1783937951.066,49.6,26.9
1783937952.093,49.6,26.9
1783937953.126,49.6,26.9
1783937954.159,49.7,26.9
1783937955.192,49.7,26.9
1783937956.217,49.8,26.9
1783937957.25,49.8,26.9
1783937958.274,49.9,26.9
1783937959.299,49.9,26.9
1783937960.332,49.9,26.9
1783937961.361,50.0,26.9
1783937962.385,50.1,26.9
1783937963.41,50.1,26.9
1783937964.435,50.1,26.9
1783937965.46,50.1,26.9
1783937966.484,50.2,26.9
1783937967.509,50.2,26.9
1783937968.542,50.2,26.9
1783937969.575,50.2,26.9
1783937970.608,50.3,26.9
1783937971.637,50.3,26.9
1783937972.661,50.4,26.9
1783937973.694,50.4,26.9
1783937974.726,50.4,26.9
1783937975.759,50.5,26.9
1783937976.792,50.5,26.9
1783937977.816,50.5,26.9
1783937978.84,50.5,26.9
1783937979.864,50.6,26.9
1783937980.889,50.6,26.9
1783937981.922,50.6,26.9
1783937982.954,50.6,26.9
1783937983.987,50.6,26.9
1783937985.019,50.6,26.9
1783937986.05,50.6,26.9
1783937987.083,50.6,26.9
1783937988.115,50.7,26.9
1783937989.148,50.7,26.9
1783937990.181,50.7,26.9
1783937991.206,50.7,26.9
1783937992.232,50.7,26.9
1783937993.265,50.7,26.9
1783937994.297,50.7,26.9
1783937995.33,50.7,26.9
1783937996.363,50.6,26.9
1783937997.388,50.7,26.9
1783937998.42,50.6,26.9
1783937999.452,50.6,26.9
1783938000.485,50.6,26.9
1783938001.518,50.6,26.9
1783938002.543,50.6,26.9
1783938003.567,50.6,26.9
1783938004.592,50.6,26.9
1783938005.624,50.6,26.9
1783938006.659,50.5,26.9
1783938007.684,50.5,26.9
1783938008.71,50.5,26.9
1783938009.735,50.5,26.9
1783938010.77,50.5,26.9
1783938011.795,50.5,26.9
1783938012.822,50.6,26.9
1783938013.854,50.7,26.9
1783938014.879,50.7,26.9
1783938015.903,50.8,26.9
1783938016.927,50.9,26.9
1783938017.95,50.9,26.9
1783938018.974,50.9,26.9
1783938019.998,51.0,26.9
1783938021.022,51.0,26.9
1783938022.046,51.1,26.9
1783938023.074,51.1,26.9
1783938024.106,51.2,26.9
1783938025.138,51.2,26.9
1783938026.174,51.2,26.9
1783938027.219,51.2,26.9
1783938028.251,51.2,26.9
1783938029.286,51.3,26.9
1783938030.311,51.3,26.9
1783938031.339,51.3,26.9
1783938032.372,51.4,26.9
1783938033.407,51.4,26.9
1783938034.442,51.4,26.9
1783938035.476,51.4,26.9
1783938036.509,51.5,26.9
1783938037.544,51.5,26.9
1783938038.568,51.5,26.9
1783938039.603,51.5,26.9
1783938040.637,51.6,26.9
1783938041.672,51.6,26.9
1783938042.706,51.6,26.9
1783938043.732,51.7,26.9
1783938044.766,51.7,26.9
1783938045.791,51.7,26.9
1783938046.826,51.8,26.9
1783938047.86,51.8,26.9
1783938048.886,51.8,26.9
1783938049.92,51.9,26.9
1783938050.95,51.9,26.9
1783938051.977,51.9,26.9
1783938053.012,51.9,26.9
1783938054.036,52.0,26.9
1783938055.062,52.0,26.9
1783938056.097,52.0,26.9
1783938057.131,52.0,26.9
1783938058.166,52.0,26.9
1783938059.2,52.0,26.9
1783938060.234,52.0,26.9
1783938061.269,52.0,26.9
1783938062.294,52.0,26.9
1783938063.32,52.0,26.9
1783938064.345,52.0,26.9
1783938065.378,52.0,26.9
1783938066.412,52.0,26.9
1783938067.447,52.0,26.9
1783938068.482,52.0,26.9
1783938069.517,52.0,26.9
1783938070.553,52.0,26.9
1783938071.582,51.9,26.9
1783938072.612,51.9,26.9
1783938073.637,52.0,26.9
1783938074.662,51.9,26.9
1783938075.688,51.9,26.9
1783938076.712,52.0,26.9
1783938077.737,52.0,26.9
1783938078.763,52.1,26.9
1783938079.788,52.3,26.9
1783938080.823,52.4,26.9
1783938081.857,52.5,26.9
1783938082.892,52.6,26.9
1783938083.926,52.7,26.9
1783938084.951,52.8,26.9
1783938085.984,52.8,26.9
1783938087.01,52.8,26.9
1783938088.036,52.9,26.9
1783938089.07,53.0,26.9
1783938090.1,53.1,26.9
1783938091.129,53.2,26.9
1783938092.154,53.3,26.9
1783938093.188,53.4,26.9
1783938094.222,53.5,26.9
1783938095.249,53.6,26.9
1783938096.283,53.6,26.9
1783938097.318,53.7,26.9
1783938098.352,53.7,26.9
1783938099.388,53.7,26.9
1783938100.413,53.8,26.9
1783938101.44,53.8,26.9
1783938102.466,53.8,26.9
1783938103.49,53.8,26.9
1783938104.516,53.8,26.9
1783938105.541,53.8,26.9
1783938106.566,53.8,26.9
1783938107.599,53.8,26.9
1783938108.632,53.8,26.9
1783938109.665,53.7,26.9
1783938110.69,53.7,26.9
1783938111.716,53.8,26.9
1783938112.748,53.7,26.9
1783938113.78,53.7,26.9
1783938114.813,53.7,26.9
1783938115.847,53.7,26.9
1783938116.88,53.7,26.9
1783938117.914,53.7,26.9
1783938118.944,53.7,26.9
1783938119.977,53.7,26.9
1783938121.01,53.7,26.9
1783938122.033,53.7,26.9
1783938123.066,53.7,26.9
1783938124.098,53.7,26.9
1783938125.131,53.7,26.9
1783938126.163,53.6,26.9
1783938127.188,53.6,26.9
1783938128.212,53.6,26.9
1783938129.236,53.6,26.9
1783938130.264,53.6,26.9
1783938131.291,53.6,26.9
1783938132.317,53.6,26.9
1783938133.341,53.6,26.9
1783938134.366,53.5,26.9
1783938135.391,53.5,26.9
1783938136.418,53.5,26.8
1783938137.442,53.5,26.9
1783938138.476,53.5,26.9
1783938139.5,53.4,26.9
1783938140.534,53.5,26.9
1783938141.567,53.4,26.9
1783938142.595,53.4,26.9
1783938143.629,53.4,26.9
1783938144.663,53.4,26.9
1783938145.688,53.4,26.9
1783938146.712,53.4,26.9
1783938147.739,53.4,26.9
1783938148.765,53.4,26.9
1783938149.795,53.4,26.9
1783938150.825,53.4,26.9
1783938151.86,53.4,26.8
1783938152.894,53.4,26.8
1783938153.928,53.4,26.9
1783938154.954,53.4,26.9
1783938155.979,53.4,26.9
1783938157.013,53.4,26.9
1783938158.048,53.4,26.9
1783938159.082,53.4,26.9
1783938160.111,53.4,26.9
1783938161.148,53.4,26.8
1783938162.183,53.4,26.9
1783938163.218,53.4,26.9
1783938164.253,53.4,26.9
1783938165.289,53.5,26.9
1783938166.314,53.4,26.9
1783938167.349,53.5,26.8
1783938168.383,53.5,26.9
1783938169.411,53.5,26.8
1783938170.441,53.5,26.9
1783938171.469,53.5,26.8
1783938172.503,53.4,26.9
1783938173.538,53.5,26.9
1783938174.572,53.4,26.8
1783938175.606,53.4,26.8
1783938176.641,53.5,26.9
1783938177.676,53.5,26.9
1783938178.71,53.5,26.9
1783938179.746,53.5,26.8
1783938180.772,53.5,26.9
1783938181.797,53.6,26.9
1783938182.823,53.6,26.9
1783938183.848,53.6,26.9
1783938184.873,53.7,26.9
1783938185.898,53.7,26.9
1783938186.924,53.8,26.9
1783938187.958,53.8,26.8
1783938188.986,53.8,26.9
1783938190.018,53.8,26.9
1783938191.044,53.9,26.9
1783938192.07,53.9,26.9
1783938193.11,53.9,26.9
1783938194.144,53.9,26.8
1783938195.18,53.9,26.9
1783938196.214,53.9,26.9
1783938197.248,54.0,26.9
1783938198.283,54.0,26.8
1783938199.316,54.0,26.9
1783938200.34,54.0,26.9
1783938201.375,54.0,26.9
1783938202.409,54.1,26.9
1783938203.444,54.1,26.9
1783938204.478,54.1,26.9
1783938205.502,54.1,26.9
1783938206.527,54.1,26.9
1783938207.561,54.1,26.9
1783938208.595,54.1,26.9
1783938209.623,54.1,26.9
1783938210.654,54.1,26.9
1783938211.681,54.1,26.9
1783938212.715,54.2,26.9
1783938213.75,54.2,26.9
1783938214.784,54.2,26.9
1783938215.81,54.2,26.9
1783938216.844,54.3,26.9
1783938217.879,54.3,26.9
1783938218.914,54.3,26.9
1783938219.948,54.5,26.9
1783938220.982,54.5,26.9
1783938222.016,54.5,26.9
1783938223.05,54.6,26.9
1783938224.084,54.7,26.9
1783938225.118,54.7,26.9
1783938226.152,54.8,26.9
1783938227.186,54.8,26.9
1783938228.221,54.9,26.9
1783938229.255,55.0,26.9
1783938230.29,55.1,26.9
1783938231.331,55.2,26.8
1783938232.357,55.4,26.9
1783938233.383,55.4,26.9
1783938234.408,55.5,26.9
1783938235.434,55.5,26.9
1783938236.46,55.5,26.9
1783938237.485,55.5,26.9
1783938238.51,55.6,26.9
1783938239.538,55.6,26.9
1783938240.566,55.6,26.9
1783938241.6,55.6,26.9
1783938242.634,55.6,26.9
1783938243.669,55.6,26.9
1783938244.703,55.6,26.9
1783938245.737,55.6,26.9
1783938246.762,55.6,26.9
1783938247.796,55.6,26.9
1783938248.829,55.6,26.9
1783938249.864,55.6,26.9
1783938250.889,55.6,26.9
1783938251.917,55.5,26.9
1783938252.944,55.5,26.9
1783938253.979,55.5,26.9
1783938255.013,55.5,26.9
1783938256.048,55.5,26.9
1783938257.083,55.4,26.9
1783938258.117,55.4,26.9
1783938259.152,55.5,26.9
1783938260.185,55.5,26.9
1783938261.219,55.5,26.9
1783938262.253,55.5,26.9
1783938263.287,55.4,26.9
1783938264.322,55.5,26.9
1783938265.356,55.5,26.9
1783938266.391,55.5,26.9
1783938267.426,55.5,26.9
1783938268.46,55.5,26.9
1783938269.495,55.4,26.9
1783938270.529,55.4,26.9
1783938271.566,55.5,26.9
1783938272.595,55.5,26.9
1783938273.623,55.4,26.9
1783938274.658,55.4,26.9
1783938275.691,55.4,26.9
1783938276.726,55.4,26.9
1783938277.759,55.4,26.9
1783938278.792,55.4,26.9
1783938279.824,55.4,26.9
1783938280.855,55.4,26.9
1783938281.879,55.4,26.9
1783938282.904,55.4,26.9
1783938283.928,55.4,26.9
1783938284.952,55.4,26.9
1783938285.976,55.4,26.9
1783938287.0,55.4,26.9
1783938288.025,55.4,26.9
1783938289.058,55.4,26.9
1783938290.091,55.4,26.9
1783938291.126,55.4,26.9
1783938292.151,55.4,26.9
1783938293.176,55.4,26.9
1783938294.209,55.4,26.9
1783938295.242,55.4,26.9
1783938296.266,55.5,26.9
1783938297.293,55.5,26.9
1783938298.327,55.5,26.9
1783938299.362,55.6,26.9
1783938300.396,55.6,26.9
1783938301.431,55.6,26.9
1783938302.466,55.7,26.9
1783938303.5,55.8,26.9
1783938304.534,55.8,26.9
1783938305.567,55.9,26.9
1783938306.601,55.9,26.9
1783938307.635,55.9,26.9
1783938308.67,55.9,27.0
1783938309.705,55.9,26.9
1783938310.739,56.0,26.9
1783938311.774,55.9,26.9
1783938312.801,55.9,26.9
1783938313.828,56.0,26.9
1783938314.862,56.0,26.9
1783938315.897,56.0,26.9
1783938316.932,56.0,26.9
1783938317.957,56.0,26.9
1783938318.991,56.0,26.9
1783938320.025,56.0,26.9
1783938321.06,56.0,26.9
1783938322.094,56.0,26.9
1783938323.128,56.0,26.9
1783938324.163,56.0,26.9
1783938325.188,56.0,26.9
1783938326.222,56.0,26.9
1783938327.248,56.0,26.9
1783938328.274,56.0,26.9
1783938329.299,56.0,27.0
1783938330.339,56.0,26.9
1783938331.374,56.0,26.9
1783938332.411,56.0,26.9
1783938333.438,55.9,26.9
1783938334.463,56.0,26.9
1783938335.489,55.9,27.0
1783938336.514,55.9,26.9
1783938337.539,55.9,27.0
1783938338.565,55.9,27.0
1783938339.59,55.9,26.9
1783938340.615,55.9,26.9
1783938341.642,55.9,26.9
1783938342.674,55.9,27.0
1783938343.708,55.9,27.0
1783938344.74,55.9,27.0
1783938345.773,55.9,26.9
1783938346.806,55.9,27.0
1783938347.831,55.9,26.9
1783938348.864,55.9,27.0
1783938349.897,55.9,27.0
1783938350.93,55.9,26.9
1783938351.963,55.9,27.0
1783938352.996,55.9,27.0
1783938354.021,55.9,27.0
1783938355.054,55.9,26.9
1783938356.087,55.9,27.0
1783938357.12,55.9,27.0
1783938358.154,55.9,27.0
1783938359.186,55.9,27.0
1783938360.218,55.9,27.0
1783938361.252,55.9,27.0
1783938362.287,55.8,27.0
1783938363.321,55.8,27.0
1783938364.355,55.8,27.0
1783938365.389,55.8,27.0
1783938366.423,55.7,26.9
1783938367.458,55.7,26.9
1783938368.492,55.7,27.0
1783938369.52,55.7,27.0
1783938370.546,55.7,27.0
1783938371.572,55.7,27.0
1783938372.6,55.7,27.0
1783938373.631,55.7,26.9
1783938374.668,55.7,27.0
1783938375.703,55.7,27.0
1783938376.738,55.7,27.0
1783938377.772,55.7,27.0
1783938378.795,55.7,27.0
1783938379.829,55.7,27.0
1783938380.865,55.7,27.0
1783938381.894,55.6,27.0
1783938382.919,55.6,26.9
1783938383.944,55.6,27.0
1783938384.97,55.5,27.0
1783938385.995,55.5,27.0
1783938387.019,55.5,27.0
1783938388.044,55.5,27.0
1783938389.069,55.4,27.0
1783938390.103,55.4,27.0
1783938391.138,55.4,27.0
1783938392.17,55.4,27.0
1783938393.199,55.4,27.0
1783938394.231,55.3,27.0
1783938395.265,55.3,27.0
1783938396.3,55.3,27.0
1783938397.334,55.3,27.0
1783938398.369,55.3,27.0
1783938399.403,55.3,27.0
1783938400.438,55.3,27.0
1783938401.463,55.2,27.0
1783938402.489,55.2,27.0
1783938403.523,55.2,27.0
1783938404.558,55.2,27.0
1783938405.592,55.2,27.0
1783938406.628,55.2,27.0
1783938407.662,55.1,27.0
1783938408.697,55.2,27.0
1783938409.731,55.1,26.9
1783938410.765,55.1,27.0
1783938411.8,55.1,27.0
1783938412.83,55.0,27.0
1783938413.856,55.0,27.0
1783938414.882,55.0,27.0
1783938415.907,54.9,27.0
1783938416.939,54.9,27.0
1783938417.972,54.9,27.0
1783938419.006,54.9,27.0
1783938420.04,54.8,27.0
1783938421.064,54.8,27.0
1783938422.098,54.6,27.0
1783938423.131,54.5,27.0
1783938424.165,54.4,27.0
1783938425.199,54.4,27.0
1783938426.224,54.3,27.0
1783938427.249,54.3,27.0
1783938428.284,54.2,27.0
1783938429.309,54.2,27.0
1783938430.332,54.2,27.0
1783938431.359,54.2,27.0
1783938432.388,54.3,27.0
1783938433.417,54.3,27.0
1783938434.442,54.3,27.0
1783938435.467,54.3,27.0
1783938436.494,54.3,27.0
1783938437.527,54.3,27.0
1783938438.562,54.3,27.0
1783938439.597,54.3,27.0
1783938440.632,54.3,27.0
1783938441.666,54.3,27.0
1783938442.701,54.3,27.0
1783938443.735,54.2,27.0
1783938444.77,54.1,27.0
1783938445.804,54.1,27.0
1783938446.839,54.0,27.0
1783938447.873,54.0,27.0
1783938448.908,54.0,27.0
1783938449.942,54.0,27.0
1783938450.976,54.0,27.0
1783938452.001,54.0,27.0
1783938453.04,54.0,27.0
1783938454.068,54.0,27.0
1783938455.095,54.0,27.0
1783938456.13,53.9,27.0
1783938457.155,53.9,27.0
1783938458.18,53.8,27.0
1783938459.204,53.8,27.0
1783938460.231,53.8,27.0
1783938461.258,53.8,27.0
1783938462.291,53.8,27.0
1783938463.315,53.7,27.0
1783938464.348,53.7,27.0
1783938465.381,53.7,27.0
1783938466.406,53.7,27.0
1783938467.439,53.7,27.0
1783938468.464,53.6,27.0
1783938469.497,53.6,27.0
1783938470.53,53.6,27.0
1783938471.564,53.6,27.0
1783938472.599,53.4,27.0
1783938473.629,53.3,27.0
1783938474.658,53.2,27.0
1783938475.691,53.1,27.0
1783938476.724,53.1,27.0
1783938477.748,53.0,27.0
1783938478.772,53.0,27.0
1783938479.796,53.0,27.0
1783938480.819,53.0,27.0
1783938481.843,53.0,27.0
1783938482.867,53.1,27.0
1783938483.893,53.1,27.0
1783938484.925,53.1,27.0
1783938485.958,53.1,27.0
1783938486.992,53.2,27.0
1783938488.025,53.2,27.0
1783938489.058,53.2,27.0
1783938490.091,53.2,27.0
1783938491.124,53.3,27.0
1783938492.157,53.3,27.0
1783938493.183,53.2,27.0
1783938494.209,53.3,27.0
1783938495.242,53.3,27.0
1783938496.275,53.3,27.0
1783938497.308,53.3,27.0
1783938498.34,53.3,27.0
1783938499.374,53.2,27.0
1783938500.4,53.3,27.0
1783938501.425,53.3,27.0
1783938502.451,53.3,27.0
1783938503.477,53.3,27.0
1783938504.511,53.3,27.0
1783938505.537,53.3,27.0
1783938506.569,53.3,27.0
1783938507.603,53.3,27.0
1783938508.64,53.4,27.0
1783938509.675,53.3,27.0
1783938510.7,53.4,27.0
1783938511.734,53.4,27.0
1783938512.765,53.3,27.0
1783938513.792,53.2,27.0
1783938514.818,53.2,27.0
1783938515.843,53.1,27.0
1783938516.87,53.0,27.0
1783938517.905,53.0,27.0
1783938518.94,52.9,27.0
1783938519.974,52.9,27.0
1783938521.008,53.0,27.0
1783938522.043,53.0,27.0
1783938523.078,53.0,27.0
1783938524.103,53.1,27.0
1783938525.137,53.1,27.0
1783938526.163,53.1,27.0
1783938527.188,53.0,27.0
1783938528.213,53.0,27.0
1783938529.239,53.0,27.0
1783938530.265,53.0,27.0
1783938531.292,53.0,27.0
1783938532.32,52.9,27.0
1783938533.351,52.9,27.0
1783938534.376,52.9,27.0
1783938535.41,52.8,27.0
1783938536.445,52.7,27.0
1783938537.48,52.7,27.0
1783938538.514,52.7,27.0
1783938539.549,52.7,27.0
1783938540.574,52.7,27.0
1783938541.608,52.6,27.0
1783938542.635,52.6,27.0
1783938543.66,52.5,27.0
1783938544.686,52.5,27.0
1783938545.71,52.5,26.9
1783938546.744,52.5,27.0
1783938547.77,52.5,27.0
1783938548.804,52.5,26.9
1783938549.839,52.5,26.9
1783938550.873,52.4,27.0
1783938551.909,52.4,27.0
1783938552.935,52.3,26.9
1783938553.965,52.3,26.9
1783938554.999,52.3,26.9
1783938556.033,52.3,26.9
1783938557.068,52.2,26.9
1783938558.094,52.3,27.0
1783938559.128,52.2,26.9
1783938560.163,52.3,27.0
1783938561.198,52.2,27.0
1783938562.232,52.2,26.9
1783938563.267,52.1,26.9
1783938564.302,52.1,26.9
1783938565.335,52.1,27.0
1783938566.368,52.0,26.9
1783938567.394,52.0,27.0
1783938568.419,52.0,26.9
1783938569.453,52.0,26.9
1783938570.487,52.1,26.9
1783938571.52,52.0,26.9
1783938572.558,52.0,26.9
1783938573.588,52.0,27.0
1783938574.614,52.0,26.9
1783938575.639,52.0,26.9
1783938576.664,52.0,26.9
1783938577.689,52.0,26.9
1783938578.714,51.9,27.0
1783938579.738,51.9,26.9
1783938580.773,51.9,26.9
1783938581.808,51.9,26.9
1783938582.842,51.9,26.9
1783938583.877,51.9,26.9
1783938584.911,51.9,26.9
1783938585.946,51.8,26.9
1783938586.972,51.8,26.9
1783938587.999,51.8,26.9
1783938589.025,51.7,26.9
1783938590.05,51.7,26.9
1783938591.084,51.7,26.9
1783938592.118,51.7,26.9
1783938593.146,51.7,26.9
1783938594.171,51.6,26.9
1783938595.205,51.6,26.9
1783938596.239,51.5,26.9
1783938597.273,51.4,26.9
1783938598.307,51.3,26.9
1783938599.342,51.2,26.9
1783938600.376,51.2,26.9
1783938601.411,51.1,26.9
1783938602.436,51.0,26.9
1783938603.47,50.9,26.9
1783938604.504,50.8,26.9
1783938605.539,50.6,26.9
1783938606.573,50.6,26.9
1783938607.61,50.6,26.9
1783938608.644,50.5,26.9
1783938609.679,50.6,26.9
1783938610.713,50.6,26.9
1783938611.747,50.5,26.9
1783938612.781,50.5,26.9
1783938613.809,50.4,26.9
1783938614.838,50.4,26.9
1783938615.872,50.3,26.9
1783938616.906,50.4,26.9
1783938617.94,50.4,26.9
1783938618.965,50.4,26.9
1783938619.99,50.5,26.9
1783938621.016,50.5,26.9
1783938622.041,50.5,26.9
1783938623.07,50.5,26.9
1783938624.098,50.5,26.9
1783938625.123,50.5,26.9
1783938626.157,50.5,26.9
1783938627.224,50.5,26.9
1783938628.316,50.5,26.9
1783938629.351,50.5,26.9
1783938630.385,50.5,26.9
1783938631.41,50.5,26.9
1783938632.435,50.5,26.9
1783938633.464,50.5,26.9
1783938634.489,50.5,26.9
1783938635.516,50.5,26.9
1783938636.55,50.5,26.9
1783938637.584,50.6,26.9
1783938638.619,50.7,26.9
1783938639.648,50.7,26.9
1783938640.682,50.8,26.9
1783938641.715,50.8,26.9
1783938642.74,50.8,26.9
1783938643.765,50.8,26.9
1783938644.79,50.8,26.9
1783938645.825,50.9,26.9
1783938646.858,50.8,26.9
1783938647.883,50.8,26.9
1783938648.916,50.9,26.9
1783938649.94,50.9,26.9
1783938650.973,50.9,26.9
1783938652.006,51.0,26.9
1783938653.033,50.9,26.9
1783938654.06,51.0,26.9
1783938655.087,51.0,26.9
1783938656.119,51.0,26.9
1783938657.151,51.0,26.9
1783938658.175,51.0,26.9
1783938659.207,51.0,26.9
1783938660.232,51.0,26.9
1783938661.265,51.0,26.9
1783938662.298,51.0,26.8
1783938663.332,50.9,26.9
1783938664.366,50.8,26.9
1783938665.391,50.8,26.9
1783938666.426,50.7,26.9
1783938667.451,50.5,26.9
1783938668.476,50.4,26.9
1783938669.5,50.3,26.9
1783938670.525,50.2,26.9
1783938671.55,50.2,26.8
1783938672.576,50.1,26.9
1783938673.607,50.1,26.9
1783938674.635,50.1,26.8
1783938675.659,50.1,26.9
1783938676.684,50.1,26.9
1783938677.708,50.1,26.9
1783938678.741,50.1,26.8
1783938679.774,50.1,26.8
1783938680.807,50.1,26.8
1783938681.84,50.1,26.8
1783938682.873,50.1,26.8
1783938683.906,50.1,26.9
1783938684.94,50.1,26.8
1783938685.973,50.2,26.8
1783938687.005,50.2,26.8
1783938688.038,50.2,26.8
1783938689.073,50.3,26.8
1783938690.099,50.3,26.8
1783938691.133,50.3,26.8
1783938692.168,50.4,26.8
1783938693.202,50.4,26.8
1783938694.232,50.5,26.8
1783938695.259,50.5,26.8
1783938696.293,50.5,26.8
1783938697.328,50.6,26.8
1783938698.362,50.6,26.8
1783938699.387,50.6,26.8
1783938700.413,50.7,26.8
1783938701.447,50.7,26.8
1783938702.481,50.8,26.8
1783938703.516,50.9,26.8
1783938704.551,50.9,26.8
1783938705.586,51.0,26.8
1783938706.621,51.1,26.8
1783938707.655,51.2,26.8
1783938708.689,51.3,26.8
1783938709.723,51.5,26.8
1783938710.747,51.5,26.8
1783938711.781,51.6,26.8
1783938712.816,51.7,26.8
1783938713.841,51.7,26.8
1783938714.867,51.8,26.8
1783938715.896,51.9,26.8
1783938716.921,51.9,26.8
1783938717.946,52.1,26.8
1783938718.98,52.1,26.8
1783938720.006,52.2,26.8
1783938721.03,52.2,26.8
1783938722.055,52.3,26.8
1783938723.08,52.3,26.8
1783938724.114,52.4,26.8
1783938725.148,52.4,26.8
1783938726.182,52.4,26.8
1783938727.216,52.4,26.8
1783938728.251,52.5,26.8
1783938729.285,52.5,26.8
1783938730.319,52.5,26.8
1783938731.352,52.5,26.8
1783938732.377,52.6,26.8
1783938733.403,52.6,26.8
1783938734.432,52.7,26.8
1783938735.462,52.7,26.8
1783938736.496,52.7,26.8
1783938737.525,52.7,26.8
1783938738.56,52.7,26.8
1783938739.594,52.7,26.8
1783938740.628,52.7,26.8
1783938741.662,52.7,26.8
1783938742.697,52.7,26.8
1783938743.731,52.7,26.8
1783938744.766,52.7,26.8
1783938745.8,52.7,26.8
1783938746.834,52.7,26.8
1783938747.869,52.6,26.8
1783938748.904,52.7,26.8
1783938749.937,52.7,26.8
1783938750.971,52.7,26.8
1783938752.005,52.7,26.8
1783938753.039,52.7,26.8
1783938754.074,52.7,26.8
1783938755.108,52.7,26.8
1783938756.137,52.7,26.8
1783938757.162,52.7,26.8
1783938758.196,52.8,26.8
1783938759.221,52.8,26.8
1783938760.248,52.8,26.8
1783938761.276,52.8,26.8
1783938762.301,52.8,26.8
1783938763.326,52.8,26.8
1783938764.351,52.8,26.8
1783938765.376,52.8,26.8
1783938766.402,52.9,26.8
1783938767.427,52.9,26.8
1783938768.462,52.9,26.8
1783938769.488,53.0,26.8
1783938770.522,53.1,26.8
1783938771.556,53.2,26.8
1783938772.591,53.2,26.8
1783938773.624,53.3,26.8
1783938774.654,53.4,26.8
1783938775.682,53.5,26.8
1783938776.712,53.5,26.8
1783938777.746,53.6,26.8
1783938778.78,53.6,26.8
1783938779.814,53.6,26.8
1783938780.848,53.7,26.8
1783938781.882,53.7,26.8
1783938782.917,53.7,26.8
1783938783.95,53.7,26.8
1783938784.984,53.7,26.8
1783938786.018,53.7,26.8
1783938787.052,53.8,26.8
1783938788.085,53.7,26.8
1783938789.119,53.8,26.8
1783938790.152,53.7,26.8
1783938791.185,53.8,26.8
1783938792.219,53.8,26.8
1783938793.249,53.8,26.8
1783938794.282,53.8,26.8
1783938795.316,53.8,26.8
1783938796.343,53.8,26.8
1783938797.368,53.8,26.8
1783938798.394,53.7,26.8
1783938799.428,53.8,26.8
1783938800.455,53.7,26.8
1783938801.481,53.8,26.8
1783938802.515,53.8,26.8
1783938803.549,53.8,26.8
1783938804.584,53.8,26.8
1783938805.619,53.9,26.8
1783938806.643,53.8,26.8
1783938807.672,53.9,26.8
1783938808.699,53.9,26.8
1783938809.724,53.9,26.8
1783938810.748,53.9,26.8
1783938811.773,53.9,26.8
1783938812.8,54.0,26.8
1783938813.827,54.0,26.8
1783938814.854,54.0,26.8
1783938815.884,54.0,26.8
1783938816.918,54.0,26.8
1783938817.951,54.0,26.8
1783938818.985,53.9,26.8
1783938820.019,53.9,26.8
1783938821.052,53.9,26.8
1783938822.086,53.9,26.8
1783938823.121,53.9,26.8
1783938824.154,53.9,26.8
1783938825.188,53.9,26.8
1783938826.222,53.9,26.8
1783938827.256,53.8,26.8
1783938828.29,53.8,26.8
1783938829.324,53.8,26.8
1783938830.358,53.8,26.8
1783938831.39,53.8,26.8
1783938832.425,53.8,26.8
1783938833.458,53.8,26.8
1783938834.493,53.8,26.8
1783938835.529,53.8,26.8
1783938836.56,53.8,26.8
1783938837.587,53.8,26.8
1783938838.621,53.8,26.8
1783938839.655,53.8,26.8
1783938840.68,53.8,26.8
1783938841.714,53.8,26.8
1783938842.748,53.8,26.8
1783938843.783,53.8,26.8
1783938844.817,53.8,26.8
1783938845.841,53.8,26.8
1783938846.866,53.8,26.8
1783938847.9,53.9,26.8
1783938848.935,53.9,26.8
1783938849.969,53.9,26.8
1783938851.003,53.9,26.8
1783938852.037,53.9,26.8
1783938853.071,53.9,26.8
1783938854.097,54.0,26.8
1783938855.123,54.0,26.8
1783938856.151,54.0,26.8
1783938857.179,54.1,26.8
1783938858.204,54.1,26.8
1783938859.238,54.2,26.8
1783938860.264,54.2,26.8
1783938861.29,54.3,26.8
1783938862.315,54.4,26.8
1783938863.34,54.4,26.8
1783938864.366,54.5,26.8
1783938865.391,54.6,26.8
1783938866.42,54.6,26.8
1783938867.446,54.7,26.8
1783938868.471,54.8,26.8
1783938869.498,54.8,26.8
1783938870.532,54.9,26.8
1783938871.567,54.9,26.8
1783938872.6,54.8,26.8
1783938873.635,54.8,26.8
1783938874.67,54.9,26.8
1783938875.702,54.9,26.8
1783938876.728,55.0,26.8
1783938877.762,55.0,26.8
1783938878.794,55.0,26.8
1783938879.827,55.1,26.8
1783938880.851,55.1,26.8
1783938881.876,55.1,26.8
1783938882.908,55.1,26.8
1783938883.942,55.1,26.8
1783938884.975,55.1,26.8
1783938886.007,55.1,26.8
1783938887.032,55.1,26.8
1783938888.065,55.1,26.8
1783938889.098,55.2,26.8
1783938890.131,55.2,26.8
1783938891.164,55.2,26.8
1783938892.196,55.2,26.8
1783938893.228,55.2,26.8
1783938894.261,55.2,26.8
1783938895.296,55.2,26.8
1783938896.326,55.2,26.8
1783938897.354,55.2,26.8
1783938898.378,55.2,26.8
1783938899.403,55.2,26.8
1783938900.428,55.2,26.8
1783938901.461,55.2,26.8
1783938902.494,55.2,26.8
1783938903.527,55.2,26.8
1783938904.559,55.3,26.8
1783938905.591,55.4,26.8
1783938906.623,55.4,26.8
1783938907.655,55.4,26.8
1783938908.688,55.5,26.8
1783938909.72,55.5,26.8
1783938910.752,55.5,26.8
1783938911.775,55.5,26.8
1783938912.808,55.6,26.8
1783938913.832,55.6,26.8
1783938914.858,55.6,26.9
1783938915.887,55.6,26.9
1783938916.912,55.5,26.8
1783938917.936,55.5,26.8
1783938918.961,55.5,26.8
1783938919.985,55.5,26.9
1783938921.01,55.5,26.9
1783938922.034,55.5,26.8
1783938923.067,55.5,26.9
1783938924.1,55.5,26.8
1783938925.132,55.4,26.8
1783938926.165,55.4,26.8
1783938927.188,55.5,26.8
1783938928.22,55.5,26.8
1783938929.252,55.5,26.8
1783938930.285,55.5,26.8
1783938931.317,55.5,26.9
1783938932.341,55.5,26.8
1783938933.374,55.5,26.8
1783938934.408,55.5,26.9
1783938935.438,55.6,26.8
1783938936.463,55.6,26.8
1783938937.495,55.6,26.8
1783938938.528,55.6,26.9
1783938939.56,55.7,26.8
1783938940.594,55.7,26.8
1783938941.622,55.7,26.9
1783938942.648,55.7,26.8
1783938943.673,55.8,26.8
1783938944.698,55.8,26.8
1783938945.732,55.8,26.8
1783938946.757,55.8,26.8
1783938947.785,55.8,26.8
1783938948.821,55.8,26.8
1783938949.856,55.8,26.8
1783938950.89,55.8,26.8
1783938951.924,55.8,26.9
1783938952.959,55.8,26.8
1783938953.985,55.9,26.8
1783938955.012,55.9,26.8
1783938956.038,55.9,26.9
1783938957.073,56.0,26.8
1783938958.107,56.1,26.9
1783938959.136,56.2,26.9
1783938960.17,56.2,26.9
1783938961.204,56.3,26.9
1783938962.229,56.3,26.8
1783938963.264,56.3,26.8
1783938964.299,56.4,26.9
1783938965.332,56.4,26.9
1783938966.357,56.4,26.8
1783938967.394,56.4,26.8
1783938968.418,56.4,26.9
1783938969.443,56.4,26.8
1783938970.469,56.4,26.9
1783938971.494,56.4,26.9
1783938972.519,56.4,26.9
1783938973.545,56.4,26.9
1783938974.573,56.4,26.8
1783938975.598,56.5,26.9
1783938976.631,56.5,26.9
1783938977.656,56.5,26.9
1783938978.69,56.5,26.9
1783938979.724,56.4,26.9
1783938980.758,56.4,26.9
1783938981.791,56.4,26.9
1783938982.825,56.4,26.9
1783938983.859,56.4,26.9
1783938984.885,56.3,26.9
1783938985.91,56.4,26.8
1783938986.935,56.4,26.9
1783938987.96,56.4,26.9
1783938988.994,56.4,26.8
1783938990.029,56.4,26.9
1783938991.063,56.4,26.9
1783938992.087,56.4,26.9
1783938993.112,56.5,26.9
1783938994.143,56.5,26.9
1783938995.169,56.5,26.9
1783938996.202,56.6,26.9
1783938997.227,56.6,26.9
1783938998.26,56.6,26.9
1783938999.292,56.6,26.9
1783939000.324,56.6,26.9
1783939001.357,56.7,26.9
1783939002.39,56.7,26.9
1783939003.424,56.6,26.9
1783939004.457,56.6,26.9
1783939005.49,56.6,26.9
1783939006.523,56.6,26.9
1783939007.556,56.7,26.9
1783939008.59,56.7,26.9
1783939009.625,56.8,26.9
1783939010.66,56.7,26.9
1783939011.694,56.8,26.9
1783939012.728,56.8,26.9
1783939013.754,56.8,26.9
1783939014.785,56.7,26.9
1783939015.811,56.7,26.9
1783939016.836,56.7,26.9
1783939017.862,56.7,26.9
1783939018.896,56.8,26.9
1783939019.931,56.7,26.9
1783939020.966,56.8,26.9
1783939021.991,56.8,26.9
1783939023.016,56.8,26.9
1783939024.04,56.9,26.9
1783939025.064,56.8,26.9
1783939026.09,56.9,26.9
1783939027.117,56.9,26.9
1783939028.143,56.9,26.9
1783939029.168,56.9,26.9
1783939030.193,56.9,26.9
1783939031.218,56.9,26.9
1783939032.253,56.9,26.9
1783939033.279,56.9,26.9
1783939034.307,56.9,26.9
1783939035.342,56.9,26.9
1783939036.376,56.9,26.9
1783939037.41,56.9,26.9
1783939038.443,56.9,26.9
1783939039.477,56.9,26.9
1783939040.511,56.9,26.9
1783939041.546,56.9,26.9
1783939042.571,56.9,26.9
1783939043.597,56.9,26.9
1783939044.631,56.9,26.9
1783939045.666,56.9,26.9
1783939046.7,56.9,26.9
1783939047.727,56.9,26.9
1783939048.752,56.9,26.9
1783939049.786,56.9,26.9
1783939050.821,56.9,26.9
1783939051.855,56.9,26.9
1783939052.882,56.9,26.9
1783939053.922,56.9,26.9
1783939054.952,56.8,26.9
1783939055.981,56.8,26.9
1783939057.015,56.7,26.9
1783939058.04,56.7,26.9
1783939059.074,56.7,26.9
1783939060.108,56.6,26.9
1783939061.143,56.6,26.9
1783939062.177,56.6,26.9
1783939063.211,56.5,26.9
1783939064.246,56.5,26.9
1783939065.28,56.6,26.9
1783939066.314,56.5,26.9
1783939067.348,56.5,26.9
1783939068.382,56.5,26.9
1783939069.417,56.5,26.9
1783939070.451,56.5,26.9
1783939071.485,56.5,26.9
1783939072.511,56.5,26.9
1783939073.539,56.4,26.9
1783939074.567,56.5,26.9
1783939075.592,56.4,27.0
1783939076.617,56.4,26.9
1783939077.643,56.4,27.0
1783939078.668,56.4,26.9
1783939079.692,56.4,26.9
1783939080.726,56.4,27.0
1783939081.761,56.4,26.9
1783939082.794,56.4,27.0
1783939083.828,56.4,27.0
1783939084.853,56.4,27.0
1783939085.887,56.3,27.0
1783939086.921,56.3,26.9
1783939087.946,56.3,27.0
1783939088.971,56.3,27.0
1783939089.996,56.3,27.0
1783939091.03,56.2,27.0
1783939092.065,56.2,27.0
1783939093.092,56.1,26.9
1783939094.129,56.1,26.9
1783939095.158,56.1,26.9
1783939096.183,56.1,27.0
1783939097.216,56.1,27.0
1783939098.251,56.1,27.0
1783939099.284,56.2,27.0
1783939100.318,56.1,27.0
1783939101.352,56.1,27.0
1783939102.386,56.2,27.0
1783939103.42,56.2,27.0
1783939104.454,56.2,27.0
1783939105.488,56.2,27.0
1783939106.531,56.1,27.0
1783939107.571,56.1,27.0
1783939108.605,56.0,27.0
1783939109.639,55.9,26.9
1783939110.673,55.8,26.9
1783939111.707,55.8,27.0
1783939112.735,55.7,27.0
1783939113.769,55.7,27.0
1783939114.803,55.7,27.0
1783939115.839,55.8,27.0
1783939116.868,55.8,27.0
1783939117.896,55.8,27.0
1783939118.93,55.8,27.0
1783939119.956,55.8,27.0
1783939120.98,55.9,26.9
1783939122.005,55.9,27.0
1783939123.029,55.9,27.0
1783939124.062,55.9,27.0
1783939125.095,55.9,27.0
1783939126.12,55.9,26.9
1783939127.144,55.9,27.0
1783939128.168,55.9,27.0
1783939129.192,55.9,27.0
1783939130.216,55.9,27.0
1783939131.241,55.9,27.0
1783939132.265,55.9,27.0
1783939133.292,55.8,27.0
1783939134.321,55.8,27.0
1783939135.35,55.8,26.9
1783939136.379,55.7,27.0
1783939137.406,55.8,27.0
1783939138.431,55.7,27.0
1783939139.458,55.6,27.0
1783939140.492,55.5,27.0
1783939141.518,55.4,27.0
1783939142.544,55.3,27.0
1783939143.579,55.3,27.0
1783939144.614,55.2,27.0
1783939145.648,55.2,27.0
1783939146.682,55.2,27.0
1783939147.716,55.2,27.0
1783939148.749,55.2,27.0
1783939149.783,55.2,27.0
1783939150.818,55.2,27.0
1783939151.852,55.2,27.0
1783939152.886,55.2,27.0
1783939153.92,55.2,27.0
1783939154.955,55.2,27.0
1783939155.991,55.2,27.0
1783939157.019,55.1,27.0
1783939158.046,55.0,27.0
1783939159.081,54.9,27.0
1783939160.106,54.8,27.0
1783939161.131,54.8,27.0
1783939162.156,54.8,27.0
1783939163.181,54.8,27.0
1783939164.216,54.8,27.0
1783939165.251,54.8,27.0
1783939166.285,54.8,27.0
1783939167.319,54.8,27.0
1783939168.354,54.7,27.0
1783939169.379,54.8,27.0
1783939170.414,54.8,27.0
1783939171.448,54.9,27.0
1783939172.483,54.9,27.0
1783939173.508,54.9,27.0
1783939174.533,54.8,27.0
1783939175.569,54.7,27.0
1783939176.599,54.7,27.0
1783939177.624,54.7,27.0
1783939178.658,54.6,27.0
1783939179.682,54.7,27.0
1783939180.708,54.7,27.0
1783939181.733,54.7,27.0
1783939182.759,54.6,27.0
1783939183.784,54.7,27.0
1783939184.809,54.7,27.0
1783939185.834,54.7,27.0
1783939186.861,54.7,27.0
1783939187.895,54.8,27.0
1783939188.93,54.8,27.0
1783939189.964,54.8,27.0
1783939190.998,54.9,27.0
1783939192.031,54.8,27.0
1783939193.064,54.8,27.0
1783939194.098,54.7,27.0
1783939195.137,54.7,27.0
1783939196.167,54.6,27.0
1783939197.195,54.6,27.0
1783939198.229,54.6,27.0
1783939199.264,54.5,27.0
1783939200.288,54.5,26.9
1783939201.323,54.6,27.0
1783939202.357,54.5,26.9
1783939203.386,54.6,27.0
1783939204.411,54.6,27.0
1783939205.436,54.6,27.0
1783939206.462,54.6,27.0
1783939207.496,54.6,27.0
1783939208.521,54.7,27.0
1783939209.557,54.6,27.0
1783939210.591,54.7,27.0
1783939211.616,54.7,27.0
1783939212.651,54.7,27.0
1783939213.677,54.7,26.9
1783939214.713,54.7,27.0
1783939215.743,54.7,27.0
1783939216.77,54.6,27.0
1783939217.806,54.6,27.0
1783939218.833,54.5,27.0
1783939219.867,54.4,27.0
1783939220.902,54.4,27.0
1783939221.934,54.4,27.0
1783939222.968,54.3,27.0
1783939224.002,54.2,27.0
1783939225.037,54.1,27.0
1783939226.072,54.0,27.0
1783939227.096,53.9,26.9
1783939228.122,53.7,27.0
1783939229.147,53.6,27.0
1783939230.172,53.6,27.0
1783939231.196,53.5,27.0
1783939232.22,53.5,27.0
1783939233.244,53.5,27.0
1783939234.269,53.5,27.0
1783939235.304,53.5,27.0
1783939236.336,53.5,27.0
1783939237.364,53.5,27.0
1783939238.398,53.5,27.0
1783939239.431,53.5,27.0
1783939240.465,53.5,27.0
1783939241.498,53.5,27.0
1783939242.533,53.5,27.0
1783939243.567,53.5,27.0
1783939244.6,53.4,27.0
1783939245.633,53.3,27.0
1783939246.657,53.3,27.0
1783939247.682,53.2,27.0
1783939248.708,53.2,26.9
1783939249.736,53.1,27.0
1783939250.76,53.1,27.0
1783939251.793,53.1,27.0
1783939252.828,53.1,27.0
1783939253.852,53.2,27.0
1783939254.884,53.2,27.0
1783939255.91,53.2,26.9
1783939256.934,53.2,27.0
1783939257.967,53.3,26.9
1783939258.992,53.3,27.0
1783939260.025,53.3,26.9
1783939261.049,53.3,27.0
1783939262.082,53.3,27.0
1783939263.116,53.3,27.0
1783939264.14,53.3,27.0
1783939265.173,53.3,27.0
1783939266.206,53.3,27.0
1783939267.239,53.3,27.0
1783939268.272,53.3,26.9
1783939269.305,53.3,27.0
1783939270.338,53.3,27.0
1783939271.371,53.3,27.0
1783939272.404,53.3,27.0
1783939273.437,53.2,27.0
1783939274.47,53.3,27.0
1783939275.504,53.2,27.0
1783939276.534,53.3,27.0
1783939277.562,53.3,27.0
1783939278.586,53.3,26.9
1783939279.611,53.3,27.0
1783939280.635,53.2,27.0
1783939281.66,53.2,27.0
1783939282.684,53.2,27.0
1783939283.717,53.2,27.0
1783939284.75,53.2,27.0
1783939285.783,53.1,27.0
1783939286.816,53.1,27.0
1783939287.841,53.1,27.0
1783939288.865,53.1,27.0
1783939289.888,53.1,27.0
1783939290.911,53.1,27.0
1783939291.935,53.1,27.0
1783939292.969,53.1,26.9
1783939294.004,53.0,27.0
1783939295.04,52.8,27.0
1783939296.067,52.7,27.0
1783939297.093,52.6,27.0
1783939298.125,52.6,27.0
1783939299.15,52.6,27.0
1783939300.175,52.5,26.9
1783939301.2,52.6,26.9
1783939302.233,52.6,27.0
1783939303.266,52.5,27.0
1783939304.299,52.4,26.9
1783939305.332,52.5,27.0
1783939306.357,52.4,26.9
1783939307.391,52.4,27.0
1783939308.426,52.5,26.9
1783939309.46,52.5,26.9
1783939310.494,52.5,27.0
1783939311.529,52.5,27.0
1783939312.563,52.6,27.0
1783939313.598,52.6,27.0
1783939314.633,52.6,26.9
1783939315.67,52.7,26.9
1783939316.702,52.6,27.0
1783939317.729,52.6,27.0
1783939318.763,52.5,26.9
1783939319.798,52.4,26.9
1783939320.832,52.3,26.9
1783939321.866,52.3,27.0
1783939322.901,52.3,27.0
1783939323.935,52.3,27.0
1783939324.971,52.3,26.9
1783939325.996,52.3,26.9
1783939327.021,52.3,26.9
1783939328.046,52.3,26.9
1783939329.071,52.3,26.9
1783939330.098,52.3,27.0
1783939331.123,52.2,26.9
1783939332.148,52.1,26.9
1783939333.173,52.1,27.0
1783939334.199,52.1,26.9
1783939335.226,52.1,26.9
1783939336.253,52.1,26.9
1783939337.278,52.1,26.9
1783939338.312,52.1,26.9
1783939339.346,52.1,26.9
1783939340.38,52.1,26.9
1783939341.414,52.1,26.9
1783939342.449,52.1,27.0
1783939343.483,52.1,27.0
1783939344.517,52.0,26.9
1783939345.552,51.9,26.9
1783939346.586,51.8,26.9
1783939347.621,51.8,26.9
1783939348.655,51.8,26.9
1783939349.689,51.8,26.9
1783939350.723,51.8,26.9
1783939351.76,51.8,26.9
1783939352.797,51.8,26.9
1783939353.838,51.8,26.9
1783939354.873,51.8,26.9
1783939355.908,51.9,26.9
1783939356.937,51.8,26.9
1783939357.962,51.9,26.9
1783939358.996,52.0,26.9
1783939360.031,52.0,26.9
1783939361.065,52.0,26.9
1783939362.099,52.0,26.9
1783939363.133,52.0,26.9
1783939364.159,52.0,26.9
1783939365.193,52.0,26.9
1783939366.218,52.0,26.9
1783939367.253,51.9,26.9
1783939368.287,51.9,26.9
1783939369.321,51.9,26.9
1783939370.346,51.9,26.9
1783939371.372,51.9,26.9
1783939372.397,51.8,26.9
1783939373.422,51.8,26.9
1783939374.447,51.8,26.9
1783939375.474,51.9,26.9
1783939376.501,51.8,26.9
1783939377.529,51.8,26.9
1783939378.559,51.8,26.9
1783939379.583,51.9,26.9
1783939380.609,51.9,26.9
1783939381.634,51.9,26.9
1783939382.668,51.8,26.9
1783939383.701,51.8,26.9
1783939384.734,51.8,26.9
1783939385.766,51.8,26.9
1783939386.8,51.7,26.9
1783939387.834,51.7,26.9
1783939388.866,51.7,26.9
1783939389.899,51.7,26.9
1783939390.932,51.6,26.9
1783939391.965,51.6,26.9
1783939392.989,51.6,26.9
1783939394.022,51.6,26.9
1783939395.055,51.5,26.9
1783939396.088,51.5,26.9
1783939397.115,51.5,26.9
1783939398.142,51.5,26.9
1783939399.176,51.6,26.9
1783939400.211,51.5,26.9
1783939401.236,51.6,26.9
1783939402.269,51.6,26.9
1783939403.303,51.6,26.9
1783939404.338,51.6,26.9
1783939405.372,51.6,26.9
1783939406.397,51.6,26.9
1783939407.432,51.6,26.9
1783939408.457,51.7,26.9
1783939409.491,51.7,26.9
1783939410.525,51.7,26.9
1783939411.559,51.7,26.9
1783939412.592,51.7,26.9
1783939413.626,51.7,26.9
1783939414.66,51.7,26.9
1783939415.694,51.7,26.9
1783939416.722,51.8,26.9
1783939417.748,51.8,26.9
1783939418.776,51.8,26.9
1783939419.8,51.9,26.9
1783939420.825,51.9,26.9
1783939421.85,52.0,26.9
1783939422.874,51.9,26.9
1783939423.902,52.0,26.9
1783939424.927,52.0,26.9
1783939425.953,52.0,26.9
1783939426.983,52.1,26.9
1783939428.018,52.1,26.9
1783939429.052,52.1,26.9
1783939430.089,52.1,26.9
1783939431.123,52.1,26.9
1783939432.157,52.2,26.9
1783939433.192,52.2,26.9
1783939434.226,52.2,26.9
1783939435.26,52.2,26.9
1783939436.297,52.2,26.9
1783939437.327,52.3,26.9
1783939438.353,52.3,26.9
1783939439.387,52.3,26.9
1783939440.417,52.4,26.9
1783939441.452,52.4,26.9
1783939442.486,52.4,26.9
1783939443.511,52.4,26.9
1783939444.536,52.4,26.9
1783939445.569,52.5,26.9
1783939446.603,52.5,26.9
1783939447.637,52.5,26.9
1783939448.671,52.5,26.9
1783939449.704,52.6,26.9
1783939450.737,52.6,26.9
1783939451.77,52.6,26.9
1783939452.805,52.6,26.9
1783939453.839,52.6,26.9
1783939454.873,52.6,26.9
1783939455.907,52.7,26.9
1783939456.941,52.8,26.9
1783939457.966,52.8,26.9
1783939458.996,52.8,26.9
1783939460.03,52.8,26.9
1783939461.059,52.9,26.9
1783939462.085,52.8,26.9
1783939463.119,52.8,26.9
1783939464.154,52.9,26.9
1783939465.191,52.8,26.9
1783939466.216,52.8,26.9
1783939467.241,52.9,26.9
1783939468.266,52.9,26.9
1783939469.292,52.8,26.9
1783939470.318,52.8,26.9
1783939471.344,52.8,26.9
1783939472.369,52.8,26.9
1783939473.403,52.8,26.9
1783939474.438,52.8,26.9
1783939475.472,52.9,26.9
1783939476.506,52.9,26.9
1783939477.533,52.9,26.9
1783939478.561,52.9,26.9
1783939479.595,53.0,26.9
1783939480.629,53.0,26.9
1783939481.663,53.0,26.9
1783939482.696,53.0,26.9
1783939483.73,53.1,26.9
1783939484.763,53.1,26.9
1783939485.788,53.1,26.9
1783939486.822,53.2,26.9
1783939487.856,53.2,26.9
1783939488.891,53.3,26.9
1783939489.925,53.3,26.9
1783939490.952,53.3,26.9
1783939491.979,53.4,26.9
1783939493.014,53.4,26.9
1783939494.048,53.5,26.9
1783939495.082,53.5,26.9
1783939496.116,53.5,26.9
1783939497.153,53.5,26.9
1783939498.18,53.5,26.9
1783939499.208,53.5,26.9
1783939500.241,53.5,26.9
1783939501.275,53.5,26.9
1783939502.309,53.5,26.9
1783939503.341,53.5,26.9
1783939504.374,53.5,26.9
1783939505.406,53.5,26.9
1783939506.439,53.4,26.9
1783939507.471,53.4,26.9
1783939508.504,53.4,26.9
1783939509.536,53.4,26.9
1783939510.568,53.4,26.9
1783939511.591,53.4,26.9
1783939512.615,53.4,26.9
1783939513.638,53.4,26.9
1783939514.662,53.4,26.9
1783939515.687,53.4,26.9
1783939516.713,53.5,26.9
1783939517.746,53.5,26.9
1783939518.771,53.5,26.9
1783939519.804,53.5,26.9
1783939520.838,53.5,26.9
1783939521.863,53.6,26.9
1783939522.897,53.5,26.9
1783939523.932,53.6,26.9
1783939524.966,53.6,26.9
1783939526.0,53.7,26.9
1783939527.026,53.7,26.9
1783939528.05,53.7,26.9
1783939529.075,53.7,26.9
1783939530.11,53.7,26.9
1783939531.143,53.7,26.9
1783939532.171,53.7,26.9
1783939533.205,53.8,26.9
1783939534.24,53.7,26.9
1783939535.265,53.8,26.9
1783939536.299,53.8,26.9
1783939537.335,53.8,26.9
1783939538.367,53.8,26.9
1783939539.395,53.9,26.9
1783939540.429,53.9,26.9
1783939541.466,54.0,26.9
1783939542.5,54.0,26.9
1783939543.534,54.1,26.9
1783939544.568,54.1,26.9
1783939545.603,54.1,26.9
1783939546.637,54.2,26.9
1783939547.672,54.2,26.9
1783939548.707,54.2,26.9
1783939549.741,54.3,26.9
1783939550.766,54.2,26.9
1783939551.8,54.2,26.9
1783939552.825,54.2,26.9
1783939553.86,54.2,26.9
1783939554.895,54.2,26.9
1783939555.921,54.2,26.9
1783939556.946,54.2,26.9
1783939557.975,54.3,26.9
1783939559.003,54.3,26.9
1783939560.033,54.3,26.9
1783939561.058,54.3,26.9
1783939562.085,54.4,26.9
1783939563.11,54.4,26.9
1783939564.137,54.4,26.9
1783939565.171,54.4,26.9
1783939566.206,54.4,26.9
1783939567.241,54.5,26.9
1783939568.268,54.5,26.9
1783939569.294,54.4,26.9
1783939570.328,54.4,26.9
1783939571.363,54.4,26.9
1783939572.396,54.4,26.9
1783939573.43,54.4,26.9
1783939574.465,54.4,26.9
1783939575.5,54.4,26.9
1783939576.534,54.4,26.9
1783939577.57,54.4,26.9
1783939578.6,54.4,26.9
1783939579.627,54.4,26.9
1783939580.662,54.4,26.9
1783939581.697,54.5,26.9
1783939582.722,54.5,26.9
1783939583.756,54.5,26.9
1783939584.79,54.6,26.9
1783939585.825,54.7,26.9
1783939586.859,54.7,26.9
1783939587.893,54.8,26.9
1783939588.928,54.8,26.9
1783939589.963,54.9,26.9
1783939590.996,54.9,26.9
1783939592.031,55.0,26.9
1783939593.066,55.0,26.9
1783939594.102,55.1,26.9
1783939595.136,55.1,26.9
1783939596.173,55.1,26.9
1783939597.207,55.1,26.9
1783939598.232,55.2,26.9
1783939599.259,55.2,27.0
1783939600.286,55.2,26.9
1783939601.322,55.3,26.9
1783939602.348,55.3,26.9
1783939603.373,55.3,26.9
1783939604.398,55.3,26.9
1783939605.423,55.3,26.9
1783939606.448,55.3,26.9
1783939607.474,55.4,27.0
1783939608.508,55.4,26.9
1783939609.543,55.4,26.9
1783939610.581,55.4,27.0
1783939611.615,55.4,27.0
1783939612.647,55.4,27.0
1783939613.68,55.4,26.9
1783939614.712,55.4,26.9
1783939615.745,55.4,27.0
1783939616.778,55.4,26.9
1783939617.813,55.4,27.0
1783939618.848,55.4,27.0
1783939619.876,55.4,27.0
1783939620.901,55.4,27.0
1783939621.934,55.4,27.0
1783939622.966,55.4,26.9
1783939623.999,55.5,26.9
1783939625.032,55.6,27.0
1783939626.056,55.6,26.9
1783939627.088,55.7,27.0
1783939628.12,55.7,27.0
1783939629.152,55.7,27.0
1783939630.184,55.7,27.0
1783939631.208,55.7,27.0
1783939632.243,55.7,26.9
1783939633.267,55.7,27.0
1783939634.3,55.7,27.0
1783939635.333,55.7,27.0
1783939636.358,55.7,27.0
1783939637.391,55.7,27.0
1783939638.424,55.7,27.0
1783939639.457,55.8,27.0
1783939640.482,55.8,27.0
1783939641.509,55.8,27.0
1783939642.534,55.8,27.0
1783939643.558,55.8,27.0
1783939644.592,55.8,27.0
1783939645.616,55.8,27.0
1783939646.648,55.8,27.0
1783939647.681,55.9,27.0
1783939648.714,55.9,27.0
1783939649.738,55.9,27.0
1783939650.762,55.9,27.0
1783939651.787,55.9,27.0
1783939652.81,55.9,27.0
1783939653.836,55.9,27.0
1783939654.86,56.0,27.0
1783939655.884,56.0,27.0
1783939656.908,56.0,27.0
1783939657.941,56.0,27.0
1783939658.968,56.0,27.0
1783939659.994,56.0,27.0
1783939661.027,56.0,27.0
1783939662.059,56.0,27.0
1783939663.092,56.0,27.0
1783939664.126,56.0,27.0
1783939665.16,56.0,27.0
1783939666.194,56.0,27.0
1783939667.228,56.0,27.0
1783939668.262,56.0,27.0
1783939669.296,56.0,27.0
1783939670.33,56.0,27.0
1783939671.365,56.0,27.0
1783939672.391,56.0,27.0
1783939673.426,56.0,27.0
1783939674.46,56.0,27.0
1783939675.494,56.0,27.0
1783939676.527,56.0,27.0
1783939677.55,56.0,27.0
1783939678.583,56.0,27.0
1783939679.608,56.0,27.0
1783939680.634,56.0,27.0
1783939681.667,56.0,27.0
1783939682.692,56.0,27.0
1783939683.725,56.0,27.0
1783939684.758,56.0,27.0
1783939685.791,56.0,27.0
1783939686.824,56.0,27.0
1783939687.859,56.0,27.0
1783939688.884,56.1,27.0
1783939689.919,56.1,27.0
1783939690.952,56.1,27.0
1783939691.98,56.1,27.0
1783939693.005,56.2,27.0
1783939694.031,56.3,27.0
1783939695.058,56.3,27.0
1783939696.084,56.3,27.0
1783939697.118,56.4,27.0
1783939698.153,56.4,27.0
1783939699.188,56.4,27.0
1783939700.217,56.5,27.0
1783939701.247,56.5,27.0
1783939702.282,56.5,27.0
1783939703.315,56.6,27.0
1783939704.344,56.7,27.0
1783939705.369,56.7,27.0
1783939706.393,56.7,27.0
1783939707.418,56.7,27.0
1783939708.444,56.8,27.0
1783939709.469,56.8,27.0
1783939710.495,56.8,27.0
1783939711.52,56.8,27.0
1783939712.545,56.8,27.0
1783939713.571,56.8,27.0
1783939714.605,56.8,27.0
1783939715.639,56.8,27.0
1783939716.673,56.8,27.0
1783939717.707,56.8,27.0
1783939718.745,56.7,27.0
1783939719.772,56.7,27.0
1783939720.797,56.7,27.0
1783939721.832,56.7,27.0
1783939722.866,56.7,27.0
1783939723.901,56.7,27.0
1783939724.926,56.7,27.0
1783939725.961,56.7,27.0
1783939726.995,56.7,27.0
1783939728.03,56.7,27.1
1783939729.064,56.7,27.1
1783939730.099,56.8,27.0
1783939731.134,56.8,27.0
1783939732.163,56.8,27.0
1783939733.197,56.8,27.0
1783939734.223,56.8,27.1
1783939735.248,56.8,27.0
1783939736.274,56.8,27.0
1783939737.299,56.8,27.0
1783939738.332,56.9,27.0
1783939739.362,56.9,27.0
1783939740.389,56.9,27.0
1783939741.423,56.9,27.0
1783939742.458,56.9,27.0
1783939743.492,56.9,27.1
1783939744.527,56.8,27.1
1783939745.562,56.8,27.0
1783939746.593,56.8,27.1
1783939747.627,56.8,27.0
1783939748.662,56.7,27.0
1783939749.696,56.8,27.1
1783939750.721,56.8,27.1
1783939751.747,56.7,27.0
1783939752.78,56.7,27.1
1783939753.814,56.7,27.0
1783939754.848,56.7,27.1
1783939755.883,56.7,27.1
1783939756.908,56.6,27.1
1783939757.942,56.6,27.1
1783939758.978,56.6,27.0
1783939760.005,56.6,27.1
1783939761.032,56.6,27.0
1783939762.058,56.6,27.1
1783939763.083,56.5,27.1
1783939764.108,56.5,27.1
1783939765.133,56.5,27.1
1783939766.16,56.4,27.1
1783939767.196,56.4,27.1
1783939768.222,56.4,27.1
1783939769.256,56.4,27.0
1783939770.291,56.3,27.1
1783939771.324,56.3,27.1
1783939772.357,56.3,27.0
1783939773.391,56.2,27.1
1783939774.425,56.2,27.1
1783939775.46,56.2,27.1
1783939776.494,56.2,27.0
1783939777.529,56.2,27.1
1783939778.563,56.2,27.1
1783939779.591,56.1,27.0
1783939780.622,56.1,27.1
1783939781.649,56.1,27.1
1783939782.674,56.2,27.1
1783939783.699,56.1,27.0
1783939784.726,56.2,27.1
1783939785.761,56.2,27.0
1783939786.786,56.1,27.1
1783939787.82,56.2,27.1
1783939788.855,56.1,27.0
1783939789.89,56.1,27.0
1783939790.927,56.2,27.1
1783939791.961,56.2,27.1
1783939792.995,56.1,27.0
1783939794.029,56.1,27.1
1783939795.053,56.1,27.1
1783939796.088,56.1,27.1
1783939797.122,56.1,27.1
1783939798.156,56.1,27.1
1783939799.192,56.1,27.1
1783939800.22,56.1,27.1
1783939801.244,56.1,27.1
1783939802.277,56.1,27.1
1783939803.31,56.1,27.1
1783939804.343,56.1,27.0
1783939805.376,56.1,27.1
1783939806.409,56.1,27.1
1783939807.442,56.1,27.1
1783939808.475,56.0,27.1
1783939809.508,56.0,27.1
1783939810.541,55.9,27.1
1783939811.57,55.9,27.1
1783939812.594,55.9,27.1
1783939813.619,55.9,27.1
1783939814.643,55.9,27.1
1783939815.667,55.8,27.1
1783939816.691,55.8,27.1
1783939817.716,55.8,27.1
1783939818.741,55.9,27.1
1783939819.769,55.9,27.1
1783939820.794,55.9,27.1
1783939821.827,55.9,27.1
1783939822.861,55.9,27.1
1783939823.894,55.9,27.1
1783939824.919,55.9,27.1
1783939825.943,55.8,27.1
1783939826.968,55.7,27.1
1783939827.994,55.6,27.1
1783939829.027,55.6,27.1
1783939830.051,55.6,27.1
1783939831.083,55.6,27.1
1783939832.115,55.6,27.1
1783939833.148,55.6,27.1
1783939834.172,55.6,27.1
1783939835.196,55.6,27.1
1783939836.22,55.6,27.1
1783939837.254,55.6,27.1
1783939838.279,55.5,27.1
1783939839.307,55.4,27.1
1783939840.341,55.2,27.1
1783939841.373,55.1,27.1
1783939842.405,55.0,27.1
1783939843.438,54.9,27.1
1783939844.47,54.8,27.1
1783939845.502,54.8,27.1
1783939846.526,54.8,27.1
1783939847.558,54.8,27.1
1783939848.591,54.8,27.1
1783939849.623,54.9,27.1
1783939850.656,54.9,27.1
1783939851.689,54.9,27.1
1783939852.722,54.9,27.1
1783939853.755,54.9,27.1
1783939854.788,54.9,27.1
1783939855.821,55.0,27.1
1783939856.854,54.9,27.1
1783939857.887,54.9,27.1
1783939858.923,54.8,27.1
1783939859.953,54.7,27.1
1783939860.977,54.6,27.1
1783939862.01,54.5,27.1
1783939863.045,54.5,27.1
1783939864.07,54.5,27.1
1783939865.095,54.5,27.1
1783939866.121,54.5,27.1
1783939867.146,54.5,27.1
1783939868.171,54.5,27.1
1783939869.196,54.4,27.1
1783939870.221,54.5,27.1
1783939871.247,54.4,27.1
1783939872.272,54.4,27.1
1783939873.297,54.4,27.1
1783939874.331,54.4,27.1
1783939875.364,54.4,27.1
1783939876.397,54.3,27.1
1783939877.433,54.3,27.1
1783939878.464,54.3,27.1
1783939879.495,54.3,27.1
1783939880.528,54.3,27.1
1783939881.561,54.3,27.1
1783939882.594,54.3,27.1
1783939883.628,54.3,27.1
1783939884.653,54.2,27.1
1783939885.677,54.2,27.1
1783939886.71,54.2,27.1
1783939887.742,54.3,27.1
1783939888.766,54.3,27.1
1783939889.799,54.3,27.1
1783939890.831,54.3,27.1
1783939891.864,54.3,27.1
1783939892.89,54.4,27.1
1783939893.924,54.4,27.1
1783939894.956,54.4,27.1
1783939895.988,54.4,27.1
1783939897.02,54.4,27.1
1783939898.055,54.4,27.1
1783939899.083,54.4,27.1
1783939900.11,54.4,27.1
1783939901.145,54.4,27.1
1783939902.18,54.4,27.1
1783939903.215,54.3,27.1
1783939904.25,54.3,27.1
1783939905.285,54.2,27.1
1783939906.32,54.2,27.1
1783939907.354,54.2,27.1
1783939908.388,54.1,27.1
1783939909.413,54.2,27.1
1783939910.446,54.1,27.1
1783939911.48,54.1,27.0
1783939912.514,54.0,27.1
1783939913.548,54.0,27.0
1783939914.574,54.0,27.1
1783939915.599,54.0,27.1
1783939916.625,54.0,27.1
1783939917.653,54.0,27.1
1783939918.68,53.9,27.1
1783939919.705,53.9,27.1
1783939920.734,53.8,27.1
1783939921.759,53.8,27.1
1783939922.785,53.7,27.1
1783939923.81,53.7,27.1
1783939924.844,53.7,27.1
1783939925.869,53.6,27.1
1783939926.894,53.6,27.1
1783939927.928,53.6,27.1
1783939928.962,53.6,27.1
1783939929.986,53.6,27.0
1783939931.012,53.6,27.1
1783939932.046,53.6,27.0
1783939933.081,53.6,27.1
1783939934.115,53.6,27.1
1783939935.15,53.6,27.1
1783939936.184,53.6,27.1
1783939937.219,53.6,27.0
1783939938.256,53.6,27.1
1783939939.291,53.6,27.1
1783939940.316,53.7,27.1
1783939941.35,53.7,27.1
1783939942.39,53.7,27.1
1783939943.424,53.8,27.1
1783939944.458,53.8,27.1
1783939945.493,53.7,27.1
1783939946.526,53.5,27.1
1783939947.561,53.5,27.1
1783939948.595,53.5,27.1
1783939949.629,53.5,27.1
1783939950.664,53.5,27.1
1783939951.698,53.5,27.1
1783939952.732,53.4,27.1
1783939953.757,53.4,27.1
1783939954.791,53.4,27.1
1783939955.824,53.4,27.1
1783939956.858,53.4,27.1
1783939957.883,53.3,27.0
1783939958.909,53.3,27.1
1783939959.937,53.4,27.1
1783939960.967,53.4,27.1
1783939961.994,53.4,27.1
1783939963.02,53.4,27.1
1783939964.054,53.4,27.1
1783939965.088,53.4,27.1
1783939966.123,53.4,27.1
1783939967.157,53.4,27.1
1783939968.191,53.4,27.1
1783939969.226,53.4,27.1
1783939970.252,53.3,27.0
1783939971.278,53.3,27.1
1783939972.302,53.3,27.1
1783939973.328,53.3,27.0
1783939974.353,53.3,27.0
1783939975.377,53.3,27.1
1783939976.403,53.4,27.1
1783939977.43,53.3,27.1
1783939978.458,53.3,27.1
1783939979.483,53.2,27.1
1783939980.508,53.1,27.1
1783939981.542,53.0,27.1
1783939982.576,53.0,27.1
1783939983.61,53.0,27.0
1783939984.644,53.0,27.0
1783939985.677,53.0,27.1
1783939986.711,53.0,27.1
1783939987.745,53.0,27.1
1783939988.779,53.1,27.1
1783939989.812,53.1,27.0
1783939990.836,53.2,27.1
1783939991.87,53.2,27.1
1783939992.904,53.2,27.1
1783939993.938,53.2,27.1
1783939994.972,53.2,27.0
1783939996.008,53.1,27.1
1783939997.032,53.0,27.1
1783939998.067,52.9,27.0
1783939999.092,52.8,27.0
1783940000.119,52.8,27.0
1783940001.144,52.8,27.0
1783940002.167,52.6,27.0
1783940003.192,52.5,27.1
1783940004.225,52.3,27.1
1783940005.25,52.2,27.0
1783940006.283,52.0,27.0
1783940007.33,51.9,27.0
1783940008.372,51.8,27.0
1783940009.405,51.7,27.0
1783940010.438,51.7,27.0
1783940011.471,51.7,27.0
1783940012.504,51.6,27.0
1783940013.537,51.6,27.0
1783940014.57,51.6,27.0
1783940015.603,51.6,27.0
1783940016.635,51.6,27.0
1783940017.668,51.6,27.0
1783940018.701,51.5,27.0
1783940019.734,51.5,27.0
1783940020.763,51.5,27.0
1783940021.79,51.5,27.0
1783940022.814,51.5,27.0
1783940023.839,51.5,27.0
1783940024.864,51.6,27.0
1783940025.887,51.5,27.0
1783940026.92,51.6,27.0
1783940027.953,51.6,27.0
1783940028.986,51.7,27.0
1783940030.019,51.7,27.0
1783940031.043,51.7,27.0
1783940032.076,51.7,27.0
1783940033.109,51.7,27.0
1783940034.142,51.8,27.0
1783940035.175,51.8,27.0
1783940036.2,51.8,27.0
1783940037.233,51.8,27.0
1783940038.266,51.7,27.0
1783940039.299,51.7,27.0
1783940040.326,51.7,27.0
1783940041.354,51.7,27.0
1783940042.387,51.7,27.0
1783940043.42,51.7,27.0
1783940044.452,51.7,27.0
1783940045.485,51.7,27.0
1783940046.518,51.7,27.0
1783940047.544,51.7,27.0
1783940048.568,51.7,27.0
1783940049.592,51.7,27.0
1783940050.616,51.7,27.0
1783940051.65,51.7,27.0
1783940052.683,51.6,27.0
1783940053.72,51.7,27.0
1783940054.755,51.6,27.0
1783940055.788,51.6,27.0
1783940056.821,51.6,27.0
1783940057.854,51.6,27.0
1783940058.887,51.5,27.0
1783940059.923,51.5,27.0
1783940060.952,51.4,27.0
1783940061.981,51.4,27.0
1783940063.008,51.4,27.0
1783940064.04,51.4,27.0
1783940065.073,51.4,27.0
1783940066.101,51.3,27.0
1783940067.126,51.2,27.0
1783940068.149,51.2,27.0
1783940069.173,51.2,27.0
1783940070.196,51.1,27.0
1783940071.22,51.1,27.0
1783940072.244,51.0,27.0
1783940073.269,51.0,27.0
1783940074.303,51.0,27.0
1783940075.338,50.9,27.0
1783940076.372,51.0,27.0
1783940077.397,51.0,27.0
1783940078.423,51.0,27.0
1783940079.458,51.0,27.0
1783940080.486,51.0,27.0
1783940081.514,51.0,27.0
1783940082.538,51.0,27.0
1783940083.563,51.0,27.0
1783940084.597,51.0,27.0
1783940085.631,51.1,27.0
1783940086.665,51.1,27.0
1783940087.69,51.1,27.0
1783940088.726,51.1,27.0
1783940089.76,51.1,27.0
1783940090.786,51.1,27.0
1783940091.812,51.1,27.0
1783940092.836,51.1,27.0
1783940093.862,51.2,27.0
1783940094.896,51.2,27.0
1783940095.931,51.2,27.0
1783940096.965,51.3,27.0
1783940097.991,51.3,27.0
1783940099.025,51.3,27.0
1783940100.053,51.3,27.0
1783940101.078,51.3,27.0
1783940102.112,51.3,27.0
1783940103.146,51.3,27.0
1783940104.181,51.3,27.0
1783940105.215,51.3,27.0
1783940106.25,51.3,27.0
1783940107.285,51.3,27.0
1783940108.319,51.3,27.0
1783940109.354,51.4,27.0
1783940110.388,51.4,27.0
1783940111.423,51.4,27.0
1783940112.457,51.4,27.0
1783940113.483,51.5,27.0
1783940114.518,51.5,27.0
1783940115.552,51.5,27.0
1783940116.576,51.5,27.0
1783940117.6,51.6,27.0
1783940118.626,51.6,27.0
1783940119.653,51.6,27.0
1783940120.679,51.6,27.0
1783940121.708,51.6,27.0
1783940122.746,51.7,27.0
1783940123.771,51.7,27.0
1783940124.805,51.7,26.9
1783940125.839,51.7,27.0
1783940126.873,51.8,27.0
1783940127.908,51.7,26.9
1783940128.942,51.7,27.0
1783940129.976,51.8,26.9
1783940131.011,51.7,27.0
1783940132.045,51.7,27.0
1783940133.078,51.7,27.0
1783940134.104,51.7,27.0
1783940135.129,51.7,27.0
1783940136.154,51.7,26.9
1783940137.183,51.7,27.0
1783940138.217,51.7,26.9
1783940139.251,51.8,26.9
1783940140.297,51.8,27.0
1783940141.323,51.7,26.9
1783940142.35,51.8,27.0
1783940143.384,51.8,27.0
1783940144.419,51.8,26.9
1783940145.453,51.8,27.0
1783940146.487,51.8,26.9
1783940147.512,51.8,27.0
1783940148.537,51.9,27.0
1783940149.572,51.9,27.0
1783940150.597,51.9,27.0
1783940151.631,51.9,27.0
1783940152.665,52.0,27.0
1783940153.7,52.0,27.0
1783940154.734,52.1,26.9
1783940155.758,52.1,27.0
1783940156.792,52.2,26.9
1783940157.818,52.3,27.0
1783940158.843,52.4,27.0
1783940159.877,52.4,26.9
1783940160.904,52.5,26.9
1783940161.931,52.5,26.9
1783940162.955,52.5,26.9
1783940163.98,52.5,27.0
1783940165.004,52.6,26.9
1783940166.028,52.6,26.9
1783940167.053,52.6,27.0
1783940168.08,52.6,27.0
1783940169.114,52.7,27.0
1783940170.148,52.8,27.0
1783940171.183,52.9,26.9
1783940172.217,52.9,27.0
1783940173.252,53.0,27.0
1783940174.286,53.1,27.0
1783940175.321,53.1,26.9
1783940176.346,53.2,27.0
1783940177.37,53.2,27.0
1783940178.396,53.2,26.9
1783940179.423,53.3,26.9
1783940180.45,53.3,27.0
1783940181.481,53.3,26.9
1783940182.516,53.3,26.9
1783940183.55,53.3,27.0
1783940184.584,53.3,27.0
1783940185.618,53.3,26.9
1783940186.651,53.3,26.9
1783940187.685,53.3,26.9
1783940188.719,53.3,26.9
1783940189.753,53.4,27.0
1783940190.787,53.4,27.0
1783940191.821,53.4,26.9
1783940192.846,53.4,27.0
1783940193.88,53.5,26.9
1783940194.913,53.5,26.9
1783940195.948,53.5,26.9
1783940196.982,53.5,27.0
1783940198.008,53.6,26.9
1783940199.044,53.6,27.0
1783940200.081,53.6,26.9
1783940201.111,53.6,27.0
1783940202.14,53.7,26.9
1783940203.174,53.7,27.0
1783940204.209,53.7,27.0
1783940205.243,53.7,27.0
1783940206.278,53.7,27.0
1783940207.303,53.6,27.0
1783940208.328,53.7,26.9
1783940209.352,53.7,26.9
1783940210.375,53.7,27.0
1783940211.399,53.8,26.9
1783940212.423,53.7,26.9
1783940213.446,53.8,27.0
1783940214.47,53.8,27.0
1783940215.502,53.8,27.0
1783940216.535,53.8,26.9
1783940217.567,53.8,27.0
1783940218.601,53.8,26.9
1783940219.635,53.8,26.9
1783940220.661,53.8,26.9
1783940221.689,53.8,27.0
1783940222.714,53.8,27.0
1783940223.738,53.8,27.0
1783940224.771,53.9,27.0
1783940225.805,53.9,26.9
1783940226.839,53.9,26.9
1783940227.873,53.9,27.0
1783940228.907,54.0,26.9
1783940229.932,54.0,26.9
1783940230.966,54.0,27.0
1783940231.999,54.0,27.0
1783940233.031,54.0,27.0
1783940234.063,54.0,27.0
1783940235.087,54.0,27.0
1783940236.12,54.0,27.0
1783940237.144,54.1,27.0
1783940238.176,54.1,27.0
1783940239.209,54.1,27.0
1783940240.235,54.1,27.0
1783940241.26,54.1,27.0
1783940242.294,54.2,26.9
1783940243.327,54.2,27.0
1783940244.36,54.2,27.0
1783940245.385,54.3,27.0
1783940246.418,54.3,27.0
1783940247.451,54.3,27.0
1783940248.484,54.3,27.0
1783940249.517,54.4,27.0
1783940250.551,54.3,27.0
1783940251.584,54.3,27.0
1783940252.616,54.4,27.0
1783940253.648,54.4,27.0
1783940254.681,54.4,27.0
1783940255.706,54.4,27.0
1783940256.73,54.4,27.0
1783940257.755,54.4,27.0
1783940258.781,54.4,27.0
1783940259.807,54.4,27.0
1783940260.837,54.4,27.0
1783940261.862,54.4,27.0
1783940262.895,54.4,27.0
1783940263.928,54.5,27.0
1783940264.953,54.5,27.0
1783940265.977,54.5,27.0
1783940267.002,54.5,27.0
1783940268.026,54.6,27.0
1783940269.059,54.6,27.0
1783940270.092,54.6,27.0
1783940271.125,54.6,27.0
1783940272.158,54.7,27.0
1783940273.191,54.7,27.0
1783940274.224,54.7,27.0
1783940275.257,54.8,27.0
1783940276.289,54.8,27.0
1783940277.314,54.8,27.0
1783940278.347,54.9,27.0
1783940279.379,55.0,27.0
1783940280.407,55.0,27.0
1783940281.434,55.0,27.0
1783940282.46,55.0,27.0
1783940283.493,55.0,27.0
1783940284.526,55.1,27.0
1783940285.559,55.2,27.0
1783940286.592,55.2,27.0
1783940287.616,55.3,27.0
1783940288.649,55.2,27.0
1783940289.682,55.3,27.0
1783940290.716,55.3,27.0
1783940291.749,55.3,27.0
1783940292.782,55.3,27.0
1783940293.815,55.3,27.0
1783940294.848,55.4,27.0
1783940295.881,55.4,27.0
1783940296.914,55.4,27.0
1783940297.948,55.4,27.0
1783940298.981,55.4,27.0
1783940300.013,55.4,27.0
1783940301.049,55.5,27.0
1783940302.077,55.4,27.0
1783940303.105,55.4,27.0
1783940304.129,55.4,27.0
1783940305.153,55.4,27.0
1783940306.177,55.4,27.0
1783940307.202,55.4,27.0
1783940308.227,55.4,27.0
1783940309.251,55.4,27.0
1783940310.275,55.4,27.0
1783940311.299,55.3,27.0
1783940312.324,55.4,27.0
1783940313.356,55.4,27.0
1783940314.389,55.3,27.0
1783940315.422,55.3,27.0
1783940316.457,55.3,27.0
1783940317.488,55.3,27.0
1783940318.521,55.4,27.0
1783940319.554,55.4,27.0
1783940320.587,55.3,27.0
1783940321.617,55.3,27.0
1783940322.649,55.4,27.0
1783940323.684,55.3,27.0
1783940324.719,55.4,27.0
1783940325.754,55.4,27.0
1783940326.789,55.4,27.0
1783940327.824,55.4,27.0
1783940328.859,55.5,27.0
1783940329.894,55.5,27.0
1783940330.929,55.5,27.0
1783940331.964,55.4,27.0
1783940332.999,55.5,27.0
1783940334.034,55.5,27.0
1783940335.062,55.5,27.0
1783940336.096,55.5,27.0
1783940337.128,55.5,27.0
1783940338.16,55.6,27.0
1783940339.194,55.6,27.1
1783940340.229,55.6,27.0
1783940341.264,55.6,27.0
1783940342.292,55.6,27.0
1783940343.319,55.6,27.0
1783940344.354,55.6,27.0
1783940345.388,55.5,27.0
1783940346.422,55.5,27.0
1783940347.457,55.5,27.0
1783940348.481,55.5,27.0
1783940349.506,55.5,27.0
1783940350.53,55.6,27.0
1783940351.555,55.6,27.0
1783940352.58,55.6,27.0
1783940353.604,55.6,27.0
1783940354.628,55.6,27.0
1783940355.652,55.6,27.0
1783940356.676,55.6,27.0
1783940357.701,55.6,27.0
1783940358.735,55.6,27.0
1783940359.773,55.7,27.0
1783940360.8,55.7,27.0
1783940361.827,55.7,27.0
1783940362.862,55.7,27.0
1783940363.896,55.8,27.1
1783940364.931,55.7,27.0
1783940365.965,55.8,27.0
1783940366.991,55.7,27.0
1783940368.024,55.8,27.0
1783940369.06,55.8,27.1
1783940370.094,55.8,27.0
1783940371.129,55.9,27.0
1783940372.164,55.9,27.0
1783940373.198,55.9,27.0
1783940374.232,56.0,27.1
1783940375.266,56.0,27.1
1783940376.301,56.1,27.1
1783940377.336,56.1,27.0
1783940378.37,56.1,27.1
1783940379.403,56.1,27.1
1783940380.436,56.1,27.1
1783940381.473,56.1,27.0
1783940382.501,56.2,27.1
1783940383.527,56.2,27.1
1783940384.561,56.2,27.1
1783940385.595,56.2,27.1
1783940386.629,56.2,27.1
1783940387.662,56.3,27.1
1783940388.696,56.3,27.1
1783940389.731,56.3,27.1
1783940390.765,56.3,27.1
1783940391.8,56.3,27.1
1783940392.834,56.3,27.1
1783940393.867,56.3,27.1
1783940394.892,56.3,27.1
1783940395.917,56.3,27.1
1783940396.943,56.3,27.1
1783940397.968,56.3,27.1
1783940398.992,56.3,27.1
1783940400.018,56.3,27.1
1783940401.046,56.3,27.1
1783940402.076,56.3,27.1
1783940403.103,56.3,27.1
1783940404.138,56.3,27.1
1783940405.172,56.3,27.1
1783940406.206,56.3,27.1
1783940407.24,56.4,27.1
1783940408.274,56.3,27.1
1783940409.308,56.4,27.1
1783940410.342,56.4,27.1
1783940411.376,56.4,27.1
1783940412.411,56.4,27.1
1783940413.446,56.4,27.1
1783940414.48,56.4,27.1
1783940415.514,56.4,27.1
1783940416.549,56.4,27.1
1783940417.582,56.4,27.1
1783940418.616,56.4,27.1
1783940419.649,56.3,27.1
1783940420.684,56.3,27.1
1783940421.718,56.3,27.1
1783940422.743,56.3,27.1
1783940423.77,56.2,27.1
1783940424.804,56.3,27.1
1783940425.838,56.2,27.1
1783940426.872,56.2,27.1
1783940427.934,56.2,27.1
1783940429.033,56.2,27.1
1783940430.12,56.1,27.1
1783940431.245,56.1,27.1
1783940432.315,56.1,27.1
1783940433.35,56.1,27.1
1783940434.384,56.1,27.1
1783940435.418,56.1,27.1
1783940436.452,56.1,27.1
1783940437.485,56.1,27.1
1783940438.519,56.1,27.1
1783940439.544,56.0,27.1
1783940440.569,56.0,27.1
1783940441.594,56.0,27.1
1783940442.619,56.0,27.1
1783940443.644,56.0,27.1
1783940444.67,56.0,27.1
1783940445.696,55.9,27.1
1783940446.73,55.8,27.1
1783940447.765,55.8,27.1
1783940448.79,55.7,27.1
1783940449.816,55.7,27.1
1783940450.84,55.7,27.1
1783940451.867,55.6,27.1
1783940452.9,55.6,27.1
1783940453.939,55.6,27.1
1783940454.972,55.6,27.1
1783940456.006,55.6,27.1
1783940457.04,55.6,27.1
1783940458.075,55.6,27.1
1783940459.109,55.6,27.1
1783940460.144,55.6,27.1
1783940461.178,55.6,27.1
1783940462.204,55.6,27.1
1783940463.24,55.6,27.1
1783940464.266,55.6,27.1
1783940465.292,55.6,27.1
1783940466.324,55.6,27.1
1783940467.356,55.5,27.1
1783940468.388,55.5,27.1
1783940469.42,55.5,27.1
1783940470.452,55.5,27.1
1783940471.484,55.5,27.1
1783940472.516,55.4,27.1
1783940473.548,55.4,27.1
1783940474.58,55.4,27.2
1783940475.612,55.4,27.1
1783940476.644,55.4,27.1
1783940477.676,55.3,27.1
1783940478.708,55.3,27.1
1783940479.74,55.3,27.1
1783940480.772,55.3,27.1
1783940481.804,55.3,27.1
1783940482.836,55.2,27.1
1783940483.868,55.2,27.1
1783940484.898,55.2,27.2
1783940485.932,55.2,27.2
1783940486.956,55.1,27.1
1783940487.98,55.1,27.1
1783940489.004,55.1,27.1
1783940490.03,55.1,27.1
1783940491.053,55.1,27.1
1783940492.086,55.1,27.1
1783940493.119,55.1,27.1
1783940494.144,55.1,27.1
1783940495.167,55.1,27.1
1783940496.191,55.1,27.2
1783940497.214,55.0,27.1
1783940498.247,55.0,27.1
1783940499.28,54.9,27.2
1783940500.313,54.9,27.1
1783940501.336,54.8,27.1
1783940502.369,54.8,27.1
1783940503.402,54.8,27.1
1783940504.43,54.7,27.1
1783940505.456,54.7,27.1
1783940506.489,54.7,27.1
1783940507.524,54.6,27.2
1783940508.558,54.6,27.1
1783940509.583,54.5,27.1
1783940510.618,54.4,27.1
1783940511.652,54.4,27.2
1783940512.687,54.4,27.2
1783940513.721,54.3,27.1
1783940514.753,54.3,27.1
1783940515.788,54.3,27.1
1783940516.822,54.3,27.2
1783940517.857,54.3,27.1
1783940518.892,54.2,27.1
1783940519.926,54.2,27.1
1783940520.96,54.2,27.1
1783940521.994,54.2,27.2
1783940523.027,54.1,27.1
1783940524.061,54.0,27.2
1783940525.097,54.0,27.1
1783940526.126,53.9,27.2
1783940527.154,53.8,27.1
1783940528.188,53.8,27.1
1783940529.221,53.8,27.2
1783940530.246,53.8,27.1
1783940531.272,53.8,27.1
1783940532.297,53.8,27.1
1783940533.322,53.8,27.2
1783940534.348,53.9,27.1
1783940535.374,53.9,27.1
1783940536.399,53.9,27.1
1783940537.424,54.0,27.2
1783940538.45,54.0,27.2
1783940539.475,54.0,27.2
1783940540.501,54.0,27.2
1783940541.528,54.0,27.1
1783940542.563,54.0,27.2
1783940543.6,54.0,27.1
1783940544.631,53.9,27.1
1783940545.657,53.8,27.2
1783940546.68,53.8,27.1
1783940547.722,53.8,27.2
1783940548.76,53.7,27.2
1783940549.795,53.7,27.2
1783940550.83,53.8,27.1
1783940551.865,53.8,27.2
1783940552.902,53.8,27.1
1783940553.936,53.7,27.1
1783940554.96,53.7,27.2
1783940555.996,53.7,27.2
1783940557.031,53.5,27.1
1783940558.066,53.2,27.2
1783940559.1,53.1,27.2
1783940560.135,52.9,27.1
1783940561.17,52.9,27.2
1783940562.204,52.9,27.2
1783940563.229,52.8,27.1
1783940564.262,52.9,27.1
1783940565.295,52.9,27.1
1783940566.32,52.9,27.2
1783940567.346,52.9,27.1
1783940568.372,53.0,27.1
1783940569.405,53.0,27.1
1783940570.43,53.0,27.1
1783940571.463,53.0,27.1
1783940572.496,53.0,27.2
1783940573.529,53.0,27.2
1783940574.562,52.8,27.1
1783940575.586,52.7,27.1
1783940576.619,52.7,27.1
1783940577.652,52.7,27.2
1783940578.685,52.7,27.1
1783940579.709,52.7,27.2
1783940580.734,52.7,27.1
1783940581.758,52.7,27.2
1783940582.782,52.7,27.1
1783940583.808,52.7,27.2
1783940584.834,52.7,27.2
1783940585.866,52.7,27.1
1783940586.896,52.7,27.2
1783940587.928,52.7,27.1
1783940588.96,52.7,27.1
1783940589.992,52.7,27.1
1783940591.025,52.7,27.2
1783940592.057,52.7,27.2
1783940593.08,52.7,27.2
1783940594.115,52.7,27.1
1783940595.149,52.6,27.1
1783940596.183,52.6,27.1
1783940597.218,52.6,27.1
1783940598.252,52.6,27.2
1783940599.286,52.6,27.1
1783940600.321,52.6,27.1
1783940601.356,52.7,27.1
1783940602.39,52.7,27.1
1783940603.423,52.6,27.1
1783940604.456,52.7,27.1
1783940605.49,52.7,27.1
1783940606.523,52.7,27.1
1783940607.548,52.7,27.2
1783940608.581,52.7,27.1
1783940609.615,52.7,27.2
1783940610.648,52.7,27.1
1783940611.68,52.7,27.1
1783940612.713,52.7,27.1
1783940613.746,52.7,27.1
1783940614.779,52.7,27.1
1783940615.812,52.7,27.1
1783940616.845,52.7,27.1
1783940617.878,52.7,27.1
1783940618.911,52.7,27.2
1783940619.944,52.7,27.1
1783940620.978,52.7,27.1
1783940622.003,52.7,27.1
1783940623.027,52.8,27.1
1783940624.051,52.7,27.1
1783940625.077,52.7,27.1
1783940626.103,52.7,27.1
1783940627.132,52.7,27.2
1783940628.157,52.7,27.1
1783940629.181,52.6,27.1
1783940630.205,52.6,27.1
1783940631.229,52.6,27.1
1783940632.253,52.6,27.1
1783940633.277,52.6,27.1
1783940634.31,52.6,27.1
1783940635.343,52.5,27.1
1783940636.376,52.5,27.1
1783940637.409,52.5,27.2
1783940638.441,52.4,27.1
1783940639.474,52.4,27.1
1783940640.507,52.3,27.1
1783940641.54,52.4,27.1
1783940642.573,52.3,27.2
1783940643.606,52.3,27.1
1783940644.639,52.2,27.1
1783940645.673,52.2,27.1
1783940646.7,52.2,27.2
1783940647.725,52.2,27.1
1783940648.758,52.1,27.1
1783940649.793,52.1,27.1
1783940650.826,52.1,27.1
1783940651.851,52.0,27.1
1783940652.884,52.0,27.1
1783940653.916,52.0,27.1
1783940654.95,52.0,27.1
1783940655.983,52.0,27.1
1783940657.008,52.0,27.2
1783940658.033,52.0,27.1
1783940659.066,52.0,27.1
1783940660.099,52.0,27.1
1783940661.134,52.0,27.1
1783940662.16,52.0,27.1
1783940663.193,52.0,27.1
1783940664.226,52.0,27.1
1783940665.258,51.9,27.1
1783940666.291,51.9,27.1
1783940667.43,51.8,27.1
1783940668.455,51.8,27.1
1783940669.48,51.8,27.1
1783940670.507,51.8,27.1
1783940671.53,51.8,27.1
1783940672.554,51.8,27.1
1783940673.578,51.9,27.1
1783940674.611,51.9,27.1
1783940675.643,51.9,27.1
1783940676.676,51.8,27.1
1783940677.709,51.8,27.1
1783940678.742,51.8,27.1
1783940679.767,51.6,27.1
1783940680.791,51.5,27.1
1783940681.816,51.4,27.1
1783940682.84,51.4,27.1
1783940683.872,51.3,27.1
1783940684.904,51.3,27.1
1783940685.936,51.3,27.1
1783940686.969,51.3,27.1
1783940688.003,51.3,27.1
1783940689.033,51.3,27.1
1783940690.058,51.3,27.1
1783940691.091,51.3,27.1
1783940692.125,51.3,27.1
1783940693.161,51.3,27.1
1783940694.193,51.4,27.1
1783940695.226,51.3,27.1
1783940696.259,51.2,27.1
1783940697.291,51.0,27.1
1783940698.324,50.8,27.1
1783940699.356,50.7,27.1
1783940700.389,50.7,27.1
1783940701.422,50.8,27.1
1783940702.456,50.8,27.1
1783940703.489,50.8,27.1
1783940704.522,50.8,27.1
1783940705.555,50.9,27.1
1783940706.588,50.9,27.1
1783940707.621,50.9,27.1
1783940708.646,50.9,27.1
1783940709.672,50.9,27.1
1783940710.698,50.8,27.1
1783940711.722,50.8,27.1
1783940712.746,50.8,27.1
1783940713.78,50.8,27.1
1783940714.807,50.7,27.1
1783940715.831,50.8,27.1
1783940716.856,50.7,27.1
1783940717.88,50.7,27.1
1783940718.904,50.7,27.1
1783940719.929,50.7,27.1
1783940720.955,50.7,27.1
1783940721.989,50.7,27.1
1783940723.015,50.7,27.1
1783940724.039,50.7,27.1
1783940725.063,50.6,27.1
1783940726.089,50.6,27.1
1783940727.123,50.6,27.1
1783940728.15,50.6,27.1
1783940729.175,50.6,27.1
1783940730.209,50.6,27.1
1783940731.242,50.6,27.1
1783940732.276,50.6,27.1
1783940733.31,50.6,27.1
1783940734.345,50.6,27.1
1783940735.379,50.6,27.1
1783940736.414,50.6,27.1
1783940737.448,50.6,27.1
1783940738.483,50.6,27.1
1783940739.518,50.5,27.1
1783940740.554,50.5,27.1
1783940741.588,50.5,27.1
1783940742.622,50.5,27.1
1783940743.657,50.5,27.1
1783940744.691,50.5,27.1
1783940745.725,50.5,27.1
1783940746.759,50.5,27.1
1783940747.794,50.5,27.1
1783940748.829,50.5,27.1
1783940749.857,50.5,27.1
1783940750.884,50.4,27.1
1783940751.918,50.5,27.1
1783940752.953,50.4,27.1
1783940753.987,50.4,27.1
1783940755.022,50.4,27.1
1783940756.056,50.3,27.1
1783940757.091,50.2,27.1
1783940758.116,50.2,27.1
1783940759.15,50.2,27.1
1783940760.176,50.3,27.1
1783940761.21,50.3,27.1
1783940762.236,50.3,27.1
1783940763.262,50.3,27.1
1783940764.287,50.4,27.1
1783940765.312,50.5,27.1
1783940766.337,50.5,27.1
1783940767.362,50.6,27.1
1783940768.39,50.6,27.1
1783940769.42,50.6,27.1
1783940770.448,50.6,27.1
1783940771.486,50.6,27.1
1783940772.522,50.6,27.1
1783940773.557,50.6,27.1
1783940774.591,50.6,27.1
1783940775.625,50.6,27.1
1783940776.659,50.6,27.1
1783940777.694,50.6,27.1
1783940778.728,50.6,27.1
1783940779.762,50.6,27.1
1783940780.798,50.6,27.1
1783940781.832,50.6,27.1
1783940782.867,50.6,27.1
1783940783.901,50.6,27.0
1783940784.936,50.6,27.1
1783940785.971,50.7,27.1
1783940787.005,50.7,27.1
1783940788.031,50.7,27.1
1783940789.058,50.8,27.1
1783940790.085,50.8,27.1
1783940791.116,50.8,27.1
1783940792.143,50.8,27.1
1783940793.168,50.8,27.1
1783940794.202,50.8,27.0
1783940795.227,50.9,27.1
1783940796.261,50.9,27.1
1783940797.298,50.9,27.1
1783940798.333,51.0,27.1
1783940799.367,51.0,27.1
1783940800.394,51.0,27.1
1783940801.428,51.0,27.1
1783940802.452,51.1,27.1
1783940803.476,51.1,27.1
1783940804.509,51.1,27.1
1783940805.542,51.1,27.1
1783940806.575,51.2,27.1
1783940807.608,51.2,27.1
1783940808.641,51.2,27.1
1783940809.674,51.3,27.1
1783940810.708,51.3,27.1
1783940811.733,51.4,27.1
1783940812.759,51.4,27.1
1783940813.785,51.5,27.1
1783940814.81,51.5,27.1
1783940815.834,51.5,27.1
1783940816.858,51.6,27.1
1783940817.882,51.6,27.1
1783940818.906,51.7,27.1
1783940819.93,51.7,27.1
1783940820.954,51.7,27.1
1783940821.987,51.7,27.1
1783940823.02,51.8,27.1
1783940824.053,51.8,27.1
1783940825.086,51.8,27.1
1783940826.119,51.9,27.1
1783940827.152,51.9,27.1
1783940828.185,51.9,27.1
1783940829.217,52.0,27.1
1783940830.252,52.0,27.1
1783940831.28,52.0,27.1
1783940832.304,52.0,27.1
1783940833.336,52.1,27.1
1783940834.369,52.1,27.1
1783940835.402,52.1,27.1
1783940836.435,52.1,27.1
1783940837.468,52.1,27.1
1783940838.501,52.1,27.1
1783940839.534,52.1,27.1
1783940840.558,52.2,27.1
1783940841.591,52.2,27.1
1783940842.624,52.2,27.1
1783940843.658,52.2,27.1
1783940844.69,52.2,27.1
1783940845.723,52.3,27.1
1783940846.756,52.3,27.1
1783940847.788,52.3,27.1
1783940848.82,52.3,27.1
1783940849.852,52.4,27.1
1783940850.886,52.4,27.1
1783940851.913,52.4,27.1
1783940852.94,52.4,27.1
1783940853.967,52.5,27.1
1783940854.999,52.5,27.1
1783940856.033,52.5,27.1
1783940857.065,52.6,27.1
1783940858.089,52.6,27.1
1783940859.113,52.6,27.1
1783940860.136,52.6,27.1
1783940861.16,52.6,27.1
1783940862.192,52.7,27.1
1783940863.225,52.7,27.1
1783940864.249,52.6,27.1
1783940865.282,52.7,27.1
1783940866.307,52.6,27.1
1783940867.331,52.7,27.1
1783940868.355,52.7,27.1
1783940869.379,52.7,27.1
1783940870.407,52.7,27.1
1783940871.434,52.8,27.1
1783940872.461,52.8,27.1
1783940873.485,52.8,27.1
1783940874.518,52.8,27.1
1783940875.551,52.8,27.1
1783940876.583,52.8,27.1
1783940877.616,52.8,27.1
1783940878.649,52.8,27.1
1783940879.682,52.8,27.1
1783940880.706,52.8,27.0
1783940881.739,52.8,27.1
1783940882.772,52.8,27.1
1783940883.805,52.8,27.1
1783940884.838,52.8,27.1
1783940885.871,52.8,27.1
1783940886.904,52.9,27.1
1783940887.937,53.0,27.1
1783940888.97,53.1,27.1
1783940890.003,53.1,27.1
1783940891.036,53.2,27.1
1783940892.072,53.2,27.1
1783940893.1,53.2,27.1
1783940894.125,53.2,27.1
1783940895.157,53.2,27.1
1783940896.189,53.2,27.1
1783940897.221,53.2,27.1
1783940898.245,53.1,27.1
1783940899.268,53.1,27.1
1783940900.3,53.1,27.1
1783940901.333,53.1,27.1
1783940902.358,53.0,27.1
1783940903.382,53.0,27.1
1783940904.406,53.0,27.0
1783940905.431,53.0,27.1
1783940906.464,53.0,27.1
1783940907.497,53.0,27.1
1783940908.53,53.0,27.1
1783940909.563,53.0,27.1
1783940910.596,53.1,27.1
1783940911.631,53.1,27.1
1783940912.657,53.1,27.1
1783940913.684,53.1,27.1
1783940914.717,53.1,27.1
1783940915.75,53.1,27.1
1783940916.783,53.2,27.1
1783940917.816,53.2,27.1
1783940918.84,53.2,27.1
1783940919.864,53.2,27.1
1783940920.887,53.3,27.1
1783940921.912,53.2,27.1
1783940922.936,53.2,27.1
1783940923.96,53.3,27.1
1783940924.984,53.3,27.1
1783940926.01,53.3,27.1
1783940927.035,53.3,27.1
1783940928.06,53.3,27.1
1783940929.085,53.3,27.1
1783940930.12,53.3,27.1
1783940931.16,53.3,27.1
1783940932.192,53.3,27.1
1783940933.221,53.4,27.1
1783940934.246,53.4,27.1
1783940935.28,53.5,27.1
1783940936.314,53.5,27.1
1783940937.348,53.5,27.1
1783940938.382,53.5,27.1
1783940939.406,53.5,27.1
1783940940.441,53.6,27.1
1783940941.476,53.6,27.1
1783940942.51,53.7,27.1
1783940943.539,53.7,27.1
1783940944.573,53.7,27.1
1783940945.598,53.7,27.1
1783940946.622,53.8,27.1
1783940947.647,53.7,27.1
1783940948.671,53.7,27.1
1783940949.697,53.8,27.1
1783940950.733,53.7,27.1
1783940951.766,53.8,27.1
1783940952.792,53.8,27.1
1783940953.826,53.8,27.1
1783940954.86,53.8,27.1
1783940955.895,53.9,27.1
1783940956.93,53.9,27.1
1783940957.965,53.9,27.1
1783940958.999,53.9,27.1
1783940960.033,53.9,27.1
1783940961.068,54.0,27.1
1783940962.102,54.0,27.1
1783940963.136,54.0,27.1
1783940964.161,54.0,27.1
1783940965.187,54.0,27.1
1783940966.221,54.0,27.1
1783940967.255,54.0,27.1
1783940968.29,54.0,27.1
1783940969.315,54.0,27.1
1783940970.341,54.0,27.1
1783940971.378,54.0,27.1
1783940972.408,53.9,27.1
1783940973.435,54.0,27.1
1783940974.46,53.9,27.1
1783940975.485,54.0,27.1
1783940976.52,54.0,27.1
1783940977.545,54.0,27.1
1783940978.57,54.0,27.1
1783940979.595,54.0,27.1
1783940980.62,54.1,27.1
1783940981.644,54.1,27.1
1783940982.668,54.1,27.1
1783940983.693,54.2,27.1
1783940984.727,54.2,27.1
1783940985.761,54.2,27.1
1783940986.787,54.2,27.1
1783940987.814,54.2,27.1
1783940988.839,54.3,27.1
1783940989.865,54.3,27.1
1783940990.893,54.4,27.1
1783940991.921,54.4,27.1
1783940992.955,54.4,27.1
1783940993.993,54.4,27.1
1783940995.027,54.5,27.1
1783940996.062,54.5,27.1
1783940997.097,54.5,27.1
1783940998.13,54.5,27.1
1783940999.154,54.5,27.1
1783941000.178,54.5,27.1
1783941001.213,54.5,27.1
1783941002.248,54.5,27.1
1783941003.282,54.5,27.1
1783941004.317,54.5,27.1
1783941005.351,54.5,27.1
1783941006.386,54.5,27.1
1783941007.42,54.5,27.1
1783941008.455,54.5,27.1
1783941009.489,54.5,27.1
1783941010.524,54.6,27.1
1783941011.556,54.6,27.1
1783941012.582,54.6,27.1
1783941013.611,54.6,27.1
1783941014.643,54.7,27.1
1783941015.676,54.7,27.1
1783941016.708,54.7,27.1
1783941017.74,54.7,27.1
1783941018.773,54.8,27.1
1783941019.804,54.8,27.2
1783941020.836,54.8,27.1
1783941021.869,54.8,27.2
1783941022.902,54.8,27.1
1783941023.934,54.9,27.2
1783941024.967,54.9,27.1
1783941025.991,54.9,27.1
1783941027.023,54.9,27.1
1783941028.056,55.0,27.2
1783941029.08,55.0,27.1
1783941030.104,55.0,27.2
1783941031.13,55.0,27.1
1783941032.158,54.9,27.1
1783941033.185,54.9,27.2
1783941034.21,54.9,27.2
1783941035.234,54.9,27.2
1783941036.259,54.9,27.2
1783941037.283,54.9,27.1
1783941038.316,54.9,27.2
1783941039.348,54.9,27.1
1783941040.381,54.9,27.2
1783941041.413,55.0,27.2
1783941042.445,54.9,27.1
1783941043.478,55.0,27.2
1783941044.51,55.0,27.2
1783941045.542,55.0,27.2
1783941046.574,55.0,27.2
1783941047.606,55.0,27.2
1783941048.63,55.0,27.1
1783941049.663,55.0,27.2
1783941050.696,55.0,27.2
1783941051.724,55.0,27.2
1783941052.751,55.0,27.2
1783941053.775,55.0,27.2
1783941054.799,55.0,27.1
1783941055.824,55.0,27.2
1783941056.856,55.0,27.2
1783941057.88,55.0,27.2
1783941058.904,55.0,27.2
1783941059.927,55.1,27.2
1783941060.951,55.1,27.2
1783941061.984,55.1,27.2
1783941063.016,55.1,27.2
1783941064.045,55.1,27.2
1783941065.077,55.2,27.2
1783941066.109,55.1,27.2
1783941067.141,55.1,27.2
1783941068.175,55.2,27.2
1783941069.201,55.2,27.2
1783941070.234,55.2,27.2
1783941071.267,55.1,27.2
1783941072.293,55.2,27.2
1783941073.319,55.1,27.2
1783941074.352,55.2,27.2
1783941075.384,55.2,27.2
1783941076.417,55.1,27.2
1783941077.442,55.1,27.2
1783941078.466,55.2,27.2
1783941079.49,55.2,27.2
1783941080.514,55.1,27.2
1783941081.547,55.2,27.2
1783941082.579,55.2,27.2
1783941083.613,55.2,27.2
1783941084.647,55.2,27.2
1783941085.671,55.3,27.2
1783941086.695,55.3,27.2
1783941087.719,55.3,27.2
1783941088.744,55.3,27.2
1783941089.768,55.3,27.2
1783941090.793,55.3,27.2
1783941091.818,55.3,27.2
1783941092.845,55.3,27.2
1783941093.879,55.3,27.2
1783941094.912,55.2,27.2
1783941095.936,55.2,27.2
1783941096.969,55.2,27.2
1783941098.002,55.1,27.2
1783941099.035,55.1,27.2
1783941100.068,55.1,27.2
1783941101.092,55.2,27.2
1783941102.125,55.2,27.2
1783941103.15,55.1,27.2
1783941104.183,55.1,27.2
1783941105.207,55.2,27.2
1783941106.231,55.2,27.2
1783941107.263,55.2,27.2
1783941108.297,55.1,27.2
1783941109.332,55.2,27.2
1783941110.359,55.1,27.2
1783941111.389,55.1,27.2
1783941112.414,55.0,27.2
1783941113.448,55.0,27.2
1783941114.483,55.0,27.2
1783941115.516,55.0,27.2
1783941116.549,55.0,27.2
1783941117.582,55.0,27.2
1783941118.615,54.9,27.2
1783941119.64,54.9,27.2
1783941120.664,54.9,27.2
1783941121.688,54.9,27.2
1783941122.712,54.9,27.2
1783941123.743,54.9,27.2
1783941124.776,55.0,27.2
1783941125.809,54.9,27.2
1783941126.842,54.9,27.2
1783941127.875,54.9,27.2
1783941128.908,55.0,27.2
1783941129.941,54.9,27.2
1783941130.974,55.0,27.2
1783941131.999,54.9,27.2
1783941133.03,55.0,27.2
1783941134.062,54.9,27.2
1783941135.096,54.9,27.2
1783941136.129,54.9,27.2
1783941137.162,54.9,27.2
1783941138.195,54.9,27.2
1783941139.228,54.8,27.2
1783941140.254,54.8,27.2
1783941141.278,54.8,27.2
1783941142.302,54.7,27.2
1783941143.326,54.6,27.2
1783941144.35,54.6,27.2
1783941145.374,54.6,27.2
1783941146.398,54.6,27.2
1783941147.422,54.5,27.2
1783941148.446,54.5,27.2
1783941149.478,54.4,27.2
1783941150.511,54.4,27.2
1783941151.536,54.4,27.2
1783941152.56,54.4,27.2
1783941153.584,54.3,27.2
1783941154.607,54.3,27.2
1783941155.64,54.3,27.2
1783941156.664,54.2,27.2
1783941157.688,54.2,27.2
1783941158.712,54.1,27.2
1783941159.736,54.1,27.2
1783941160.761,54.1,27.2
1783941161.786,54.1,27.2
1783941162.811,54.0,27.2
1783941163.836,54.0,27.2
1783941164.86,54.0,27.2
1783941165.884,54.0,27.3
1783941166.908,53.9,27.2
1783941167.932,53.9,27.2
1783941168.96,53.8,27.2
1783941169.984,53.8,27.2
1783941171.017,53.8,27.2
1783941172.051,53.8,27.2
1783941173.076,53.7,27.2
1783941174.1,53.6,27.2
1783941175.135,53.5,27.2
1783941176.169,53.4,27.2
1783941177.203,53.4,27.2
1783941178.228,53.3,27.2
1783941179.253,53.3,27.2
1783941180.288,53.3,27.2
1783941181.322,53.3,27.2
1783941182.357,53.3,27.2
1783941183.391,53.4,27.2
1783941184.426,53.4,27.2
1783941185.46,53.4,27.2
1783941186.494,53.5,27.2
1783941187.528,53.6,27.2
1783941188.563,53.7,27.3
1783941189.597,53.7,27.2
1783941190.625,53.8,27.2
1783941191.659,53.9,27.2
1783941192.692,53.9,27.2
1783941193.726,53.9,27.2
1783941194.759,53.9,27.2
1783941195.792,53.9,27.2
1783941196.826,53.8,27.2
1783941197.86,53.8,27.2
1783941198.887,53.8,27.2
1783941199.912,53.8,27.3
1783941200.936,53.7,27.2
1783941201.96,53.7,27.2
1783941202.986,53.7,27.3
1783941204.011,53.7,27.3
1783941205.036,53.7,27.3
1783941206.06,53.6,27.2
1783941207.087,53.5,27.2
1783941208.112,53.3,27.2
1783941209.141,53.2,27.2
1783941210.169,53.2,27.2
1783941211.194,53.2,27.2
1783941212.219,53.2,27.3
1783941213.253,53.1,27.3
1783941214.287,53.1,27.3
1783941215.313,53.1,27.2
1783941216.346,53.1,27.2
1783941217.379,53.0,27.3
1783941218.413,53.0,27.2
1783941219.447,53.0,27.2
1783941220.472,53.0,27.2
1783941221.506,53.0,27.3
1783941222.54,53.0,27.2
1783941223.566,53.0,27.2
1783941224.591,53.0,27.2
1783941225.618,53.0,27.2
1783941226.652,53.0,27.2
1783941227.687,53.0,27.2
1783941228.725,53.0,27.2
1783941229.757,52.9,27.2
1783941230.784,52.9,27.2
1783941231.817,52.9,27.2
1783941232.852,52.8,27.2
1783941233.886,52.8,27.2
1783941234.919,52.8,27.2
1783941235.953,52.8,27.2
1783941236.987,52.8,27.2
1783941238.021,52.8,27.2
1783941239.055,52.8,27.2
1783941240.088,52.8,27.2
1783941241.121,52.8,27.2
1783941242.155,52.7,27.2
1783941243.189,52.7,27.2
1783941244.223,52.7,27.2
1783941245.257,52.7,27.2
1783941246.28,52.7,27.3
1783941247.307,52.7,27.2
1783941248.333,52.6,27.2
1783941249.361,52.5,27.2
1783941250.39,52.4,27.2
1783941251.432,52.3,27.2
1783941252.456,52.3,27.2
1783941253.48,52.2,27.2
1783941254.506,52.2,27.2
1783941255.53,52.1,27.2
1783941256.555,52.1,27.2
1783941257.58,52.1,27.2
1783941258.613,52.1,27.2
1783941259.646,52.1,27.2
1783941260.679,52.0,27.2
1783941261.712,52.0,27.2
1783941262.746,52.0,27.2
1783941263.78,51.9,27.2
1783941264.814,51.9,27.2
1783941265.849,51.9,27.2
1783941266.882,51.9,27.2
1783941267.917,51.9,27.2
1783941268.951,51.8,27.2
1783941269.979,51.8,27.2
1783941271.006,51.8,27.2
1783941272.039,51.8,27.2
1783941273.074,51.8,27.2
1783941274.108,51.7,27.2
1783941275.143,51.7,27.2
1783941276.176,51.6,27.2
1783941277.201,51.6,27.2
1783941278.236,51.5,27.2
1783941279.27,51.5,27.2
1783941280.305,51.5,27.2
1783941281.331,51.4,27.2
1783941282.365,51.4,27.2
1783941283.399,51.4,27.2
1783941284.433,51.5,27.2
1783941285.467,51.5,27.2
1783941286.501,51.4,27.2
1783941287.527,51.5,27.2
1783941288.56,51.5,27.2
1783941289.594,51.4,27.2
1783941290.623,51.5,27.2
1783941291.649,51.5,27.2
1783941292.673,51.5,27.2
1783941293.698,51.6,27.2
1783941294.722,51.6,27.2
1783941295.756,51.6,27.2
1783941296.784,51.6,27.2
1783941297.808,51.6,27.2
1783941298.841,51.6,27.2
1783941299.866,51.6,27.2
1783941300.89,51.6,27.2
1783941301.914,51.6,27.2
1783941302.939,51.6,27.2
1783941303.964,51.6,27.2
1783941304.999,51.6,27.2
1783941306.032,51.7,27.2
1783941307.067,51.6,27.2
1783941308.101,51.6,27.2
1783941309.136,51.6,27.2
1783941310.164,51.7,27.2
1783941311.194,51.6,27.2
1783941312.228,51.6,27.2
1783941313.262,51.6,27.2
1783941314.295,51.5,27.2
1783941315.329,51.5,27.2
1783941316.363,51.5,27.2
1783941317.396,51.5,27.2
1783941318.43,51.5,27.2
1783941319.463,51.4,27.2
1783941320.488,51.4,27.2
1783941321.522,51.3,27.2
1783941322.547,51.4,27.2
1783941323.58,51.4,27.2
1783941324.614,51.3,27.2
1783941325.639,51.3,27.2
1783941326.673,51.4,27.2
1783941327.698,51.4,27.2
1783941328.734,51.3,27.2
1783941329.765,51.2,27.2
1783941330.792,51.1,27.2
1783941331.829,51.1,27.2
1783941332.854,51.1,27.2
1783941333.88,51.0,27.2
1783941334.905,50.9,27.2
1783941335.931,50.8,27.2
1783941336.964,50.9,27.2
1783941337.988,50.9,27.2
1783941339.022,50.9,27.2
1783941340.047,50.9,27.2
1783941341.074,50.9,27.2
1783941342.108,51.0,27.2
1783941343.142,50.9,27.2
1783941344.175,51.0,27.2
1783941345.209,51.0,27.2
1783941346.239,51.0,27.2
1783941347.264,51.0,27.2
1783941348.29,51.0,27.2
1783941349.32,51.0,27.2
1783941350.345,51.0,27.2
1783941351.369,50.9,27.2
1783941352.395,50.8,27.2
1783941353.428,50.8,27.2
1783941354.461,50.7,27.2
1783941355.494,50.7,27.2
1783941356.527,50.6,27.2
1783941357.559,50.5,27.2
1783941358.592,50.5,27.2
1783941359.625,50.4,27.2
1783941360.649,50.4,27.2
1783941361.683,50.4,27.2
1783941362.715,50.4,27.2
1783941363.749,50.4,27.2
1783941364.782,50.3,27.2
1783941365.815,50.3,27.2
1783941366.848,50.3,27.2
1783941367.881,50.3,27.2
1783941368.914,50.2,27.2
1783941369.941,50.2,27.2
1783941370.969,50.2,27.2
1783941372.002,50.2,27.2
1783941373.036,50.3,27.2
1783941374.069,50.3,27.2
1783941375.102,50.3,27.2
1783941376.135,50.3,27.2
1783941377.159,50.4,27.2
1783941378.183,50.4,27.2
1783941379.207,50.4,27.2
1783941380.235,50.4,27.2
1783941381.267,50.4,27.2
1783941382.3,50.3,27.2
1783941383.333,50.4,27.2
1783941384.365,50.4,27.2
1783941385.398,50.4,27.2
1783941386.43,50.4,27.2
1783941387.463,50.3,27.1
1783941388.498,50.3,27.2
1783941389.527,50.2,27.2
1783941390.553,50.3,27.2
1783941391.585,50.2,27.2
1783941392.609,50.3,27.1
1783941393.633,50.2,27.1
1783941394.657,50.3,27.1
1783941395.68,50.3,27.1
1783941396.704,50.2,27.1
1783941397.728,50.2,27.1
1783941398.753,50.0,27.1
1783941399.786,50.0,27.1
1783941400.82,50.0,27.2
1783941401.853,50.0,27.1
1783941402.879,50.0,27.1
1783941403.912,50.0,27.1
1783941404.945,50.0,27.1
1783941405.978,50.0,27.1
1783941407.01,50.0,27.1
1783941408.044,50.0,27.1
1783941409.077,50.0,27.1
1783941410.105,50.0,27.1
1783941411.128,49.9,27.1
1783941412.161,49.8,27.2
1783941413.194,49.7,27.2
1783941414.227,49.6,27.1
1783941415.26,49.6,27.1
1783941416.293,49.6,27.2
1783941417.327,49.6,27.1
1783941418.36,49.6,27.1
1783941419.392,49.7,27.1
1783941420.425,49.7,27.1
1783941421.458,49.7,27.1
1783941422.481,49.7,27.1
1783941423.505,49.7,27.1
1783941424.529,49.8,27.1
1783941425.554,49.8,27.1
1783941426.587,49.8,27.1
1783941427.62,49.9,27.1
1783941428.654,49.9,27.1
1783941429.679,49.9,27.1
1783941430.708,49.9,27.1
1783941431.743,49.9,27.1
1783941432.777,49.9,27.1
1783941433.81,50.0,27.1
1783941434.845,49.9,27.1
1783941435.879,49.9,27.1
1783941436.914,49.9,27.1
1783941437.944,49.9,27.1
1783941438.969,49.8,27.1
1783941439.994,49.7,27.1
1783941441.02,49.7,27.1
1783941442.045,49.7,27.1
1783941443.07,49.6,27.1
1783941444.096,49.6,27.1
1783941445.121,49.7,27.1
1783941446.147,49.7,27.1
1783941447.181,49.7,27.1
1783941448.208,49.7,27.2
1783941449.244,49.7,27.1
1783941450.27,49.7,27.1
1783941451.298,49.8,27.1
1783941452.332,49.8,27.1
1783941453.366,49.8,27.1
1783941454.401,49.8,27.1
1783941455.435,49.9,27.1
1783941456.47,49.9,27.1
1783941457.504,49.9,27.1
1783941458.544,49.9,27.1
1783941459.568,50.0,27.1
1783941460.6,50.0,27.1
1783941461.632,50.0,27.1
1783941462.656,50.0,27.1
1783941463.69,50.0,27.1
1783941464.723,50.0,27.1
1783941465.755,50.1,27.1
1783941466.78,50.2,27.1
1783941467.804,50.2,27.1
1783941468.831,50.2,27.1
1783941469.857,50.2,27.1
1783941470.882,50.3,27.1
1783941471.917,50.3,27.1
1783941472.951,50.3,27.1
1783941473.985,50.3,27.1
1783941475.02,50.4,27.1
1783941476.054,50.4,27.1
1783941477.089,50.4,27.1
1783941478.123,50.4,27.1
1783941479.157,50.4,27.1
1783941480.192,50.4,27.1
1783941481.226,50.5,27.1
1783941482.26,50.4,27.1
1783941483.297,50.5,27.1
1783941484.322,50.5,27.1
1783941485.348,50.5,27.1
1783941486.374,50.5,27.1
1783941487.399,50.6,27.1
1783941488.426,50.6,27.1
1783941489.454,50.7,27.1
1783941490.482,50.7,27.1
1783941491.508,50.8,27.1
1783941492.533,50.9,27.1
1783941493.558,51.0,27.1
1783941494.591,51.0,27.1
1783941495.625,51.0,27.1
1783941496.649,51.0,27.1
1783941497.684,51.0,27.1
1783941498.709,51.0,27.1
1783941499.743,51.0,27.1
1783941500.776,51.0,27.1
1783941501.801,51.0,27.1
1783941502.836,51.0,27.1
1783941503.86,51.1,27.1
1783941504.894,51.1,27.1
1783941505.926,51.1,27.1
1783941506.952,51.1,27.1
1783941507.987,51.1,27.1
1783941509.022,51.1,27.1
1783941510.049,51.2,27.1
1783941511.076,51.2,27.1
1783941512.101,51.2,27.1
1783941513.125,51.2,27.1
1783941514.158,51.3,27.1
1783941515.191,51.3,27.1
1783941516.225,51.3,27.1
1783941517.26,51.3,27.1
1783941518.294,51.3,27.1
1783941519.327,51.3,27.1
1783941520.362,51.4,27.1
1783941521.395,51.3,27.1
1783941522.429,51.3,27.1
1783941523.463,51.4,27.1
1783941524.497,51.4,27.1
1783941525.531,51.5,27.1
1783941526.565,51.5,27.1
1783941527.6,51.5,27.1
1783941528.625,51.5,27.1
1783941529.66,51.6,27.1
1783941530.688,51.6,27.1
1783941531.716,51.7,27.1
1783941532.751,51.7,27.1
1783941533.775,51.7,27.1
1783941534.804,51.7,27.1
1783941535.83,51.7,27.1
1783941536.855,51.7,27.1
1783941537.88,51.8,27.1
1783941538.905,51.8,27.1
1783941539.932,51.9,27.1
1783941540.956,51.9,27.1
1783941541.983,52.0,27.1
1783941543.017,52.0,27.1
1783941544.052,52.1,27.1
1783941545.086,52.1,27.1
1783941546.12,52.1,27.1
1783941547.155,52.1,27.1
1783941548.19,52.1,27.1
1783941549.225,52.1,27.1
1783941550.256,52.1,27.1
1783941551.284,52.1,27.1
1783941552.318,52.1,27.1
1783941553.352,52.1,27.1
1783941554.386,52.1,27.1
1783941555.411,52.2,27.1
1783941556.436,52.2,27.1
1783941557.462,52.2,27.1
1783941558.486,52.2,27.1
1783941559.519,52.2,27.1
1783941560.552,52.2,27.1
1783941561.585,52.2,27.1
1783941562.617,52.2,27.1
1783941563.652,52.2,27.1
1783941564.686,52.2,27.1
1783941565.72,52.3,27.1
1783941566.755,52.3,27.1
1783941567.788,52.2,27.1
1783941568.824,52.3,27.1
1783941569.852,52.3,27.1
1783941570.879,52.3,27.1
1783941571.904,52.3,27.1
1783941572.939,52.3,27.1
1783941573.964,52.3,27.1
1783941574.999,52.3,27.1
1783941576.033,52.4,27.1
1783941577.058,52.5,27.1
1783941578.093,52.5,27.1
1783941579.118,52.5,27.1
1783941580.144,52.6,27.1
1783941581.178,52.5,27.1
1783941582.202,52.5,27.1
1783941583.237,52.6,27.1
1783941584.26,52.6,27.1
1783941585.287,52.6,27.1
1783941586.312,52.6,27.1
1783941587.336,52.6,27.1
1783941588.362,52.7,27.1
1783941589.391,52.7,27.1
1783941590.418,52.7,27.1
1783941591.447,52.7,27.1
1783941592.481,52.8,27.1
1783941593.515,52.8,27.1
1783941594.55,52.9,27.1
1783941595.584,52.9,27.1
1783941596.618,52.9,27.1
1783941597.656,52.9,27.1
1783941598.682,52.9,27.1
1783941599.707,52.9,27.1
1783941600.732,52.9,27.1
1783941601.76,52.9,27.1
1783941602.794,52.9,27.1
1783941603.828,52.9,27.1
1783941604.862,52.9,27.1
1783941605.896,52.9,27.1
1783941606.929,52.9,27.1
1783941607.964,52.9,27.1
1783941609.0,53.0,27.1
1783941610.027,53.0,27.1
1783941611.052,53.1,27.1
1783941612.086,53.1,27.1
1783941613.12,53.2,27.1
1783941614.153,53.2,27.1
1783941615.187,53.2,27.1
1783941616.221,53.2,27.1
1783941617.255,53.3,27.1
1783941618.288,53.3,27.1
1783941619.312,53.3,27.1
1783941620.346,53.3,27.1
1783941621.38,53.3,27.1
1783941622.414,53.3,27.1
1783941623.439,53.3,27.1
1783941624.463,53.3,27.1
1783941625.487,53.3,27.1
1783941626.52,53.3,27.1
1783941627.552,53.3,27.1
1783941628.595,53.3,27.1
1783941629.62,53.2,27.1
1783941630.645,53.3,27.1
1783941631.672,53.3,27.1
1783941632.702,53.3,27.1
1783941633.727,53.3,27.1
1783941634.751,53.3,27.1
1783941635.775,53.4,27.1
1783941636.799,53.5,27.1
1783941637.824,53.6,27.1
1783941638.848,53.7,27.1
1783941639.874,53.7,27.1
1783941640.907,53.8,27.1
1783941641.932,53.9,27.1
1783941642.956,53.9,27.1
1783941643.981,54.0,27.1
1783941645.004,54.0,27.1
1783941646.036,54.0,27.1
1783941647.069,54.0,27.1
1783941648.102,54.0,27.1
1783941649.135,54.0,27.1
1783941650.163,54.0,27.1
1783941651.187,54.0,27.1
1783941652.22,54.0,27.1
1783941653.252,54.0,27.1
1783941654.284,54.1,27.1
1783941655.316,54.0,27.1
1783941656.348,54.1,27.1
1783941657.381,54.0,27.1
1783941658.414,54.0,27.1
1783941659.446,54.0,27.1
1783941660.471,54.0,27.1
1783941661.505,54.0,27.1
1783941662.538,54.0,27.1
1783941663.57,54.0,27.1
1783941664.604,54.1,27.1
1783941665.628,54.0,27.1
1783941666.661,54.0,27.1
1783941667.694,54.0,27.2
1783941668.727,54.1,27.1
1783941669.762,54.0,27.1
1783941670.792,54.0,27.1
1783941671.817,54.0,27.1
1783941672.85,54.0,27.1
1783941673.882,54.0,27.1
1783941674.906,54.0,27.1
1783941675.929,54.0,27.1
1783941676.962,54.0,27.1
1783941677.994,54.0,27.1
1783941679.026,54.0,27.2
1783941680.051,54.0,27.1
1783941681.083,54.0,27.1
1783941682.115,54.1,27.1
1783941683.148,54.1,27.1
1783941684.181,54.1,27.1
1783941685.214,54.1,27.1
1783941686.238,54.1,27.1
1783941687.261,54.1,27.1
1783941688.285,54.1,27.2
1783941689.31,54.1,27.2
1783941690.339,54.1,27.2
1783941691.364,54.1,27.2
1783941692.389,54.1,27.1
1783941693.421,54.1,27.2
1783941694.454,54.1,27.1
1783941695.486,54.1,27.1
1783941696.518,54.2,27.1
1783941697.551,54.2,27.1
1783941698.584,54.3,27.1
1783941699.616,54.2,27.1
1783941700.648,54.3,27.2
1783941701.68,54.3,27.1
1783941702.712,54.3,27.2
1783941703.736,54.3,27.1
1783941704.769,54.3,27.2
1783941705.804,54.3,27.1
1783941706.838,54.2,27.2
1783941707.864,54.3,27.1
1783941708.889,54.3,27.2
1783941709.927,54.3,27.2
1783941710.953,54.3,27.2
1783941711.987,54.3,27.2
1783941713.012,54.2,27.2
1783941714.044,54.3,27.2
1783941715.077,54.3,27.2
1783941716.11,54.3,27.2
1783941717.143,54.3,27.2
1783941718.167,54.4,27.2
1783941719.2,54.4,27.2
1783941720.233,54.5,27.2
1783941721.266,54.5,27.2
1783941722.299,54.5,27.2
1783941723.332,54.6,27.2
1783941724.364,54.6,27.2
1783941725.388,54.6,27.2
1783941726.413,54.6,27.2
1783941727.445,54.6,27.2
1783941728.478,54.6,27.2
1783941729.515,54.7,27.2
1783941730.551,54.7,27.2
1783941731.581,54.7,27.2
1783941732.607,54.7,27.2
1783941733.632,54.7,27.2
1783941734.657,54.7,27.2
1783941735.691,54.7,27.2
1783941736.726,54.7,27.2
1783941737.76,54.7,27.2
1783941738.784,54.7,27.2
1783941739.81,54.6,27.2
1783941740.835,54.6,27.2
1783941741.86,54.6,27.2
1783941742.885,54.6,27.2
1783941743.91,54.6,27.2
1783941744.936,54.6,27.2
1783941745.961,54.6,27.2
1783941746.986,54.6,27.2
1783941748.011,54.7,27.2
1783941749.036,54.6,27.2
1783941750.066,54.7,27.2
1783941751.093,54.7,27.2
1783941752.127,54.7,27.2
1783941753.162,54.7,27.2
1783941754.196,54.7,27.2
1783941755.221,54.7,27.2
1783941756.256,54.6,27.2
1783941757.29,54.7,27.2
1783941758.324,54.7,27.2
1783941759.359,54.6,27.2
1783941760.383,54.6,27.2
1783941761.418,54.6,27.2
1783941762.453,54.6,27.2
1783941763.488,54.7,27.2
1783941764.522,54.6,27.2
1783941765.556,54.7,27.2
1783941766.59,54.7,27.2
1783941767.625,54.7,27.2
1783941768.659,54.6,27.2
1783941769.696,54.7,27.2
1783941770.723,54.6,27.2
1783941771.75,54.7,27.2
1783941772.777,54.6,27.2
1783941773.802,54.7,27.2
1783941774.827,54.7,27.2
1783941775.852,54.7,27.2
1783941776.878,54.6,27.2
1783941777.913,54.6,27.2
1783941778.947,54.6,27.2
1783941779.981,54.6,27.2
1783941781.006,54.6,27.2
1783941782.041,54.6,27.2
1783941783.076,54.6,27.2
1783941784.111,54.6,27.2
1783941785.146,54.6,27.2
1783941786.18,54.6,27.2
1783941787.205,54.6,27.2
1783941788.23,54.5,27.2
1783941789.265,54.5,27.2
1783941790.292,54.5,27.2
1783941791.318,54.5,27.2
1783941792.343,54.4,27.2
1783941793.368,54.4,27.2
1783941794.402,54.4,27.2
1783941795.432,54.3,27.2
1783941796.457,54.3,27.2
1783941797.481,54.3,27.2
1783941798.505,54.3,27.2
1783941799.529,54.2,27.2
1783941800.554,54.3,27.2
1783941801.578,54.3,27.2
1783941802.602,54.2,27.2
1783941803.627,54.2,27.2
1783941804.66,54.2,27.2
1783941805.694,54.3,27.2
1783941806.728,54.3,27.2
1783941807.752,54.3,27.2
1783941808.789,54.3,27.3
1783941809.82,54.3,27.2
1783941810.849,54.3,27.2
1783941811.872,54.3,27.2
1783941812.895,54.3,27.3
1783941813.919,54.3,27.2
1783941814.943,54.2,27.2
1783941815.966,54.2,27.2
1783941816.992,54.2,27.3
1783941818.025,54.2,27.3
1783941819.059,54.2,27.2
1783941820.092,54.2,27.3
1783941821.119,54.2,27.3
1783941822.143,54.1,27.2
1783941823.169,54.2,27.3
1783941824.203,54.1,27.2
1783941825.238,54.1,27.3
1783941826.266,54.1,27.3
1783941827.301,54.1,27.2
1783941828.336,54.1,27.3
1783941829.364,54.1,27.3
1783941830.391,54.0,27.2
1783941831.424,54.0,27.3
1783941832.458,54.0,27.3
1783941833.491,53.9,27.2
1783941834.525,53.9,27.2
1783941835.559,53.9,27.3
1783941836.593,53.9,27.3
1783941837.627,53.9,27.3
1783941838.652,53.8,27.2
1783941839.676,53.8,27.3
1783941840.7,53.7,27.2
1783941841.734,53.6,27.3
1783941842.768,53.6,27.3
1783941843.792,53.5,27.3
1783941844.818,53.5,27.3
1783941845.852,53.5,27.3
1783941846.886,53.5,27.3
1783941847.92,53.5,27.3
1783941848.956,53.5,27.3
1783941849.985,53.5,27.3
1783941851.011,53.4,27.3
1783941852.037,53.4,27.3
1783941853.061,53.4,27.3
1783941854.085,53.4,27.3
1783941855.11,53.4,27.3
1783941856.135,53.4,27.3
1783941857.16,53.4,27.3
1783941858.185,53.4,27.3
1783941859.211,53.4,27.3
1783941860.236,53.4,27.3
1783941861.272,53.4,27.3
1783941862.306,53.3,27.3
1783941863.34,53.3,27.3
1783941864.374,53.3,27.3
1783941865.408,53.3,27.3
1783941866.442,53.2,27.2
1783941867.477,53.1,27.3
1783941868.513,53.1,27.3
1783941869.542,53.0,27.3
1783941870.566,53.0,27.3
1783941871.591,52.9,27.3
1783941872.617,52.9,27.2
1783941873.652,52.9,27.3
1783941874.676,52.9,27.3
1783941875.711,52.8,27.3
1783941876.737,52.7,27.3
1783941877.772,52.7,27.3
1783941878.806,52.6,27.3
1783941879.841,52.5,27.3
1783941880.875,52.5,27.3
1783941881.908,52.5,27.3
1783941882.942,52.5,27.3
1783941883.978,52.4,27.3
1783941885.012,52.4,27.3
1783941886.047,52.4,27.3
1783941887.081,52.4,27.3
1783941888.115,52.3,27.3
1783941889.152,52.4,27.3
1783941890.181,52.4,27.3
1783941891.206,52.4,27.3
1783941892.24,52.4,27.3
1783941893.274,52.4,27.3
1783941894.309,52.4,27.3
1783941895.343,52.5,27.2
1783941896.369,52.4,27.3
1783941897.403,52.4,27.3
1783941898.438,52.4,27.3
1783941899.473,52.4,27.3
1783941900.507,52.4,27.3
1783941901.542,52.4,27.3
1783941902.568,52.4,27.3
1783941903.597,52.3,27.3
1783941904.623,52.3,27.3
1783941905.649,52.2,27.3
1783941906.675,52.2,27.3
1783941907.701,52.2,27.3
1783941908.727,52.2,27.3
1783941909.754,52.1,27.3
1783941910.78,52.0,27.3
1783941911.805,52.0,27.3
1783941912.831,52.0,27.3
1783941913.858,52.0,27.3
1783941914.892,52.0,27.3
1783941915.927,52.1,27.3
1783941916.961,52.1,27.3
1783941917.986,52.1,27.3
1783941919.02,52.1,27.3
1783941920.055,52.1,27.3
1783941921.089,52.1,27.3
1783941922.124,52.1,27.2
1783941923.15,52.1,27.3
1783941924.184,52.2,27.3
1783941925.219,52.2,27.3
1783941926.253,52.1,27.3
1783941927.287,51.9,27.3
1783941928.312,51.8,27.3
1783941929.35,51.8,27.3
1783941930.379,51.8,27.3
1783941931.409,51.7,27.2
1783941932.443,51.8,27.3
1783941933.477,51.7,27.3
1783941934.511,51.7,27.3
1783941935.544,51.7,27.3
1783941936.578,51.7,27.3
1783941937.612,51.7,27.3
1783941938.646,51.7,27.3
1783941939.679,51.7,27.3
1783941940.712,51.7,27.3
1783941941.745,51.7,27.3
1783941942.778,51.7,27.3
1783941943.81,51.7,27.3
1783941944.835,51.7,27.3
1783941945.86,51.7,27.3
1783941946.885,51.7,27.3
1783941947.908,51.7,27.3
1783941948.94,51.7,27.3
1783941949.975,51.7,27.3
1783941951.003,51.7,27.2
1783941952.029,51.7,27.3
1783941953.062,51.6,27.3
1783941954.095,51.6,27.3
1783941955.127,51.6,27.2
1783941956.16,51.6,27.2
1783941957.193,51.5,27.2
1783941958.217,51.5,27.2
1783941959.25,51.5,27.3
1783941960.275,51.5,27.2
1783941961.298,51.5,27.3
1783941962.325,51.5,27.2
1783941963.35,51.4,27.2
1783941964.375,51.2,27.2
1783941965.4,51.2,27.3
1783941966.425,51.1,27.3
1783941967.451,51.1,27.3
1783941968.476,51.0,27.2
1783941969.51,51.0,27.3
1783941970.536,51.0,27.3
1783941971.563,51.1,27.3
1783941972.598,51.1,27.3
1783941973.632,51.1,27.2
1783941974.667,51.1,27.2
1783941975.693,51.1,27.2
1783941976.727,51.1,27.2
1783941977.762,51.1,27.2
1783941978.795,51.2,27.3
1783941979.83,51.1,27.2
1783941980.864,51.2,27.2
1783941981.899,51.1,27.2
1783941982.933,51.1,27.3
1783941983.968,51.1,27.2
1783941985.003,51.1,27.3
1783941986.037,51.1,27.2
1783941987.071,51.0,27.2
1783941988.097,51.0,27.3
1783941989.123,51.0,27.2
1783941990.149,51.0,27.2
1783941991.178,51.0,27.2
1783941992.212,51.0,27.2
1783941993.247,51.0,27.2
1783941994.282,51.0,27.3
1783941995.316,51.0,27.3
1783941996.351,51.0,27.2
1783941997.376,51.0,27.2
1783941998.403,50.9,27.2
1783941999.437,51.0,27.3
1783942000.47,50.9,27.2
1783942001.507,50.9,27.2
1783942002.532,50.9,27.2
1783942003.567,50.9,27.2
1783942004.601,50.8,27.2
1783942005.636,50.8,27.2
1783942006.672,50.8,27.2
1783942007.696,50.8,27.2
1783942008.72,50.8,27.2
1783942009.745,50.8,27.3
1783942010.772,50.8,27.2
1783942011.798,50.8,27.2
1783942012.823,50.8,27.2
1783942013.855,50.8,27.2
1783942014.888,50.8,27.2
1783942015.921,50.7,27.2
1783942016.954,50.7,27.2
1783942017.979,50.7,27.2
1783942019.012,50.7,27.2
1783942020.045,50.7,27.2
1783942021.078,50.7,27.3
1783942022.11,50.6,27.2
1783942023.147,50.6,27.2
1783942024.18,50.6,27.2
1783942025.213,50.6,27.2
1783942026.246,50.5,27.2
1783942027.279,50.3,27.2
1783942028.312,50.2,27.2
1783942029.346,50.0,27.2
1783942030.381,49.9,27.2
1783942031.41,49.8,27.2
1783942032.439,49.7,27.2
1783942033.474,49.7,27.2
1783942034.499,49.7,27.2
1783942035.524,49.7,27.2
1783942036.55,49.7,27.2
1783942037.579,49.7,27.2
1783942038.613,49.8,27.2
1783942039.639,49.8,27.2
1783942040.675,49.8,27.2
1783942041.709,49.8,27.2
1783942042.744,49.9,27.2
1783942043.779,49.9,27.2
1783942044.804,49.9,27.2
1783942045.838,49.8,27.2
1783942046.873,49.8,27.2
1783942047.908,49.8,27.2
1783942048.942,49.8,27.2
1783942049.969,49.8,27.2
1783942050.995,49.7,27.2
1783942052.019,49.8,27.2
1783942053.046,49.8,27.2
1783942054.072,49.8,27.2
1783942055.096,49.7,27.2
1783942056.122,49.7,27.2
1783942057.147,49.8,27.2
1783942058.172,49.7,27.2
1783942059.197,49.6,27.2
1783942060.223,49.6,27.2
1783942061.258,49.6,27.2
1783942062.292,49.6,27.2
1783942063.327,49.6,27.2
1783942064.361,49.6,27.2
1783942065.396,49.6,27.2
1783942066.43,49.6,27.2
1783942067.463,49.6,27.2
1783942068.498,49.6,27.2
1783942069.533,49.6,27.2
1783942070.559,49.5,27.2
1783942071.585,49.5,27.2
1783942072.619,49.5,27.2
1783942073.652,49.5,27.2
1783942074.686,49.5,27.2
1783942075.722,49.4,27.2
1783942076.76,49.5,27.2
1783942077.794,49.5,27.2
1783942078.819,49.5,27.2
1783942079.844,49.5,27.2
1783942080.869,49.5,27.2
1783942081.893,49.5,27.2
1783942082.927,49.5,27.2
1783942083.951,49.5,27.2
1783942084.986,49.5,27.2
1783942086.02,49.5,27.2
1783942087.047,49.5,27.2
1783942088.083,49.5,27.2
1783942089.129,49.4,27.2
1783942090.159,49.4,27.2
1783942091.186,49.4,27.2
1783942092.221,49.4,27.2
1783942093.256,49.4,27.2
1783942094.29,49.4,27.2
1783942095.324,49.4,27.2
1783942096.358,49.3,27.2
1783942097.392,49.2,27.2
1783942098.418,49.0,27.2
1783942099.444,49.0,27.2
1783942100.469,49.0,27.2
1783942101.494,48.9,27.2
1783942102.519,48.9,27.2
1783942103.544,48.9,27.2
1783942104.57,48.9,27.2
1783942105.595,49.0,27.2
1783942106.621,48.9,27.2
1783942107.655,49.0,27.2
1783942108.688,49.0,27.2
1783942109.722,49.0,27.2
1783942110.749,49.1,27.2
1783942111.774,49.1,27.2
1783942112.81,49.1,27.2
1783942113.835,49.1,27.2
1783942114.87,49.1,27.2
1783942115.905,49.2,27.2
1783942116.939,49.2,27.2
1783942117.973,49.2,27.2
1783942119.006,49.2,27.2
1783942120.04,49.2,27.2
1783942121.073,49.2,27.2
1783942122.106,49.2,27.2
1783942123.13,49.3,27.2
1783942124.153,49.3,27.2
1783942125.177,49.3,27.2
1783942126.201,49.3,27.2
1783942127.235,49.3,27.2
1783942128.268,49.3,27.2
1783942129.301,49.3,27.2
1783942130.327,49.3,27.2
1783942131.355,49.4,27.2
1783942132.388,49.4,27.2
1783942133.421,49.4,27.2
1783942134.454,49.4,27.2
1783942135.486,49.4,27.2
1783942136.519,49.4,27.2
1783942137.552,49.4,27.2
1783942138.585,49.5,27.2
1783942139.617,49.5,27.2
1783942140.641,49.5,27.2
1783942141.674,49.6,27.2
1783942142.706,49.6,27.2
1783942143.73,49.7,27.2
1783942144.754,49.7,27.2
1783942145.786,49.7,27.2
1783942146.819,49.8,27.2
1783942147.842,49.8,27.2
1783942148.867,49.8,27.2
1783942149.894,49.9,27.2
1783942150.921,49.9,27.2
1783942151.946,49.9,27.2
1783942152.97,49.9,27.2
1783942153.994,50.0,27.2
1783942155.026,50.0,27.2
1783942156.058,50.0,27.2
1783942157.091,50.0,27.2
1783942158.124,50.1,27.2
1783942159.148,50.1,27.2
1783942160.182,50.1,27.2
1783942161.218,50.1,27.2
1783942162.252,50.1,27.2
1783942163.286,50.1,27.2
1783942164.32,50.2,27.2
1783942165.354,50.2,27.2
1783942166.389,50.2,27.2
1783942167.415,50.3,27.2
1783942168.44,50.4,27.2
1783942169.47,50.4,27.2
1783942170.503,50.4,27.2
1783942171.529,50.5,27.2
1783942172.555,50.5,27.2
1783942173.59,50.5,27.2
1783942174.624,50.5,27.2
1783942175.659,50.6,27.2
1783942176.694,50.6,27.2
1783942177.729,50.6,27.2
1783942178.763,50.6,27.2
1783942179.798,50.6,27.2
1783942180.833,50.6,27.2
1783942181.867,50.7,27.2
1783942182.901,50.7,27.2
1783942183.935,50.7,27.2
1783942184.96,50.7,27.2
1783942185.993,50.7,27.2
1783942187.027,50.7,27.2
1783942188.052,50.7,27.2
1783942189.088,50.7,27.2
1783942190.115,50.8,27.2
1783942191.144,50.8,27.2
1783942192.173,50.8,27.2
1783942193.21,50.9,27.2
1783942194.235,50.8,27.2
1783942195.26,50.9,27.2
1783942196.285,50.9,27.2
1783942197.311,50.9,27.2
1783942198.336,50.9,27.2
1783942199.361,50.9,27.2
1783942200.396,50.9,27.2
1783942201.42,50.9,27.2
1783942202.446,50.9,27.2
1783942203.48,50.9,27.2
1783942204.515,51.0,27.2
1783942205.548,51.0,27.2
1783942206.572,51.0,27.2
1783942207.597,51.0,27.2
1783942208.624,51.1,27.2
1783942209.66,51.2,27.2
1783942210.686,51.2,27.2
1783942211.712,51.2,27.2
1783942212.737,51.3,27.2
1783942213.764,51.3,27.2
1783942214.79,51.3,27.2
1783942215.824,51.3,27.2
1783942216.859,51.3,27.2
1783942217.893,51.3,27.2
1783942218.927,51.3,27.2
1783942219.962,51.4,27.2
1783942220.996,51.3,27.2
1783942222.031,51.4,27.2
1783942223.066,51.4,27.2
1783942224.101,51.4,27.2
1783942225.135,51.4,27.2
1783942226.169,51.4,27.2
1783942227.196,51.5,27.2
1783942228.229,51.5,27.2
1783942229.287,51.5,27.2
1783942230.362,51.5,27.2
1783942231.472,51.6,27.2
1783942232.506,51.5,27.2
1783942233.541,51.6,27.2
1783942234.566,51.6,27.2
1783942235.591,51.6,27.2
1783942236.626,51.5,27.2
1783942237.66,51.5,27.2
1783942238.685,51.5,27.2
1783942239.709,51.5,27.2
1783942240.734,51.5,27.2
1783942241.759,51.5,27.2
1783942242.784,51.5,27.2
1783942243.809,51.5,27.2
1783942244.834,51.5,27.2
1783942245.86,51.5,27.2
1783942246.887,51.5,27.2
1783942247.922,51.4,27.2
1783942248.958,51.5,27.2
1783942249.985,51.5,27.2
1783942251.011,51.5,27.2
1783942252.045,51.5,27.2
1783942253.079,51.5,27.2
1783942254.113,51.6,27.2
1783942255.147,51.6,27.2
1783942256.181,51.6,27.2
1783942257.218,51.7,27.2
1783942258.244,51.7,27.2
1783942259.269,51.7,27.2
1783942260.295,51.8,27.2
1783942261.319,51.8,27.2
1783942262.354,51.9,27.2
1783942263.388,51.9,27.2
1783942264.414,51.9,27.2
1783942265.448,51.9,27.2
1783942266.482,52.0,27.2
1783942267.516,52.0,27.2
1783942268.542,52.0,27.2
1783942269.567,52.0,27.2
1783942270.595,52.1,27.2
1783942271.626,52.1,27.2
1783942272.659,52.1,27.2
1783942273.693,52.2,27.2
1783942274.728,52.2,27.2
1783942275.753,52.2,27.2
1783942276.787,52.2,27.2
1783942277.826,52.3,27.2
1783942278.86,52.2,27.2
1783942279.885,52.3,27.2
1783942280.91,52.3,27.2
1783942281.944,52.3,27.2
1783942282.969,52.3,27.2
1783942284.003,52.3,27.2
1783942285.038,52.3,27.2
1783942286.072,52.3,27.2
1783942287.107,52.3,27.2
1783942288.14,52.4,27.2
1783942289.175,52.4,27.2
1783942290.211,52.4,27.2
1783942291.238,52.5,27.2
1783942292.266,52.5,27.2
1783942293.302,52.6,27.2
1783942294.326,52.6,27.2
1783942295.351,52.7,27.2
1783942296.376,52.7,27.2
1783942297.402,52.8,27.2
1783942298.427,52.9,27.2
1783942299.452,52.9,27.2
1783942300.478,52.9,27.2
1783942301.503,52.9,27.2
1783942302.529,53.0,27.2
1783942303.555,53.0,27.2
1783942304.58,53.0,27.2
1783942305.613,53.0,27.2
1783942306.638,53.0,27.2
1783942307.662,53.0,27.2
1783942308.695,53.0,27.2
1783942309.72,53.0,27.2
1783942310.745,53.0,27.2
1783942311.769,53.0,27.2
1783942312.794,53.1,27.2
1783942313.827,53.1,27.2
1783942314.86,53.1,27.2
1783942315.884,53.1,27.2
1783942316.908,53.1,27.2
1783942317.933,53.1,27.2
1783942318.966,53.1,27.2
1783942319.999,53.1,27.2
1783942321.032,53.2,27.2
1783942322.057,53.2,27.2
1783942323.083,53.3,27.2
1783942324.116,53.3,27.2
1783942325.148,53.3,27.2
1783942326.172,53.4,27.2
1783942327.205,53.4,27.2
1783942328.238,53.4,27.2
1783942329.274,53.4,27.2
1783942330.302,53.5,27.2
1783942331.327,53.5,27.2
1783942332.359,53.5,27.2
1783942333.392,53.5,27.2
1783942334.426,53.5,27.2
1783942335.45,53.5,27.2
1783942336.483,53.5,27.2
1783942337.516,53.6,27.2
1783942338.549,53.6,27.2
1783942339.582,53.6,27.2
1783942340.615,53.5,27.2
1783942341.648,53.6,27.2
1783942342.681,53.8,27.2
1783942343.708,53.8,27.2
1783942344.733,53.8,27.2
1783942345.758,53.8,27.2
1783942346.781,53.9,27.2
1783942347.815,53.9,27.2
1783942348.85,53.8,27.2
1783942349.876,53.9,27.2
1783942350.903,53.9,27.2
1783942351.928,53.9,27.2
1783942352.953,53.9,27.2
1783942353.979,53.8,27.2
1783942355.005,53.8,27.2
1783942356.03,53.9,27.2
1783942357.057,53.9,27.2
1783942358.091,53.9,27.2
1783942359.116,53.9,27.2
1783942360.141,53.9,27.2
1783942361.176,53.9,27.2
1783942362.211,53.9,27.2
1783942363.245,53.9,27.2
1783942364.27,53.9,27.2
1783942365.295,54.0,27.2
1783942366.329,54.0,27.2
1783942367.364,54.0,27.2
1783942368.398,53.9,27.2
1783942369.424,53.9,27.2
1783942370.45,53.9,27.2
1783942371.49,53.9,27.2
1783942372.523,53.9,27.2
1783942373.557,53.8,27.2
1783942374.592,53.8,27.2
1783942375.629,53.8,27.2
1783942376.653,53.8,27.2
1783942377.678,53.8,27.2
1783942378.713,53.8,27.2
1783942379.747,53.8,27.2
1783942380.773,53.9,27.2
1783942381.808,54.0,27.2
1783942382.843,54.0,27.2
1783942383.877,54.0,27.2
1783942384.912,54.0,27.2
1783942385.939,54.1,27.3
1783942386.964,54.0,27.2
1783942387.99,54.1,27.2
1783942389.018,54.1,27.2
1783942390.052,54.1,27.2
1783942391.082,54.1,27.2
1783942392.117,54.1,27.2
1783942393.143,54.1,27.2
1783942394.178,54.1,27.2
1783942395.213,54.1,27.2
1783942396.238,54.1,27.2
1783942397.264,54.1,27.2
1783942398.299,54.1,27.2
1783942399.333,54.2,27.2
1783942400.368,54.2,27.3
1783942401.393,54.2,27.3
1783942402.418,54.2,27.3
1783942403.453,54.2,27.3
1783942404.478,54.2,27.2
1783942405.503,54.2,27.3
1783942406.528,54.3,27.3
1783942407.553,54.3,27.3
1783942408.58,54.3,27.3
1783942409.608,54.3,27.2
1783942410.632,54.4,27.3
1783942411.658,54.3,27.2
1783942412.692,54.4,27.3
1783942413.726,54.4,27.2
1783942414.76,54.5,27.3
1783942415.794,54.5,27.3
1783942416.829,54.5,27.3
1783942417.863,54.5,27.3
1783942418.896,54.5,27.3
1783942419.93,54.5,27.3
1783942420.964,54.6,27.3
1783942421.998,54.5,27.3
1783942423.032,54.5,27.3
1783942424.066,54.5,27.3
1783942425.1,54.5,27.3
1783942426.124,54.4,27.3
1783942427.149,54.5,27.3
1783942428.183,54.5,27.3
1783942429.21,54.5,27.3
1783942430.236,54.5,27.3
1783942431.268,54.5,27.3
1783942432.293,54.5,27.3
1783942433.324,54.4,27.3
1783942434.358,54.5,27.3
1783942435.392,54.4,27.3
1783942436.426,54.5,27.3
1783942437.46,54.5,27.3
1783942438.485,54.4,27.2
1783942439.51,54.4,27.3
1783942440.535,54.4,27.3
1783942441.57,54.4,27.3
1783942442.604,54.4,27.3
1783942443.629,54.4,27.3
1783942444.653,54.4,27.3
1783942445.687,54.4,27.3
1783942446.721,54.4,27.3
1783942447.755,54.4,27.3
1783942448.782,54.4,27.3
1783942449.809,54.4,27.3
1783942450.838,54.4,27.3
1783942451.872,54.4,27.3
1783942452.905,54.4,27.3
1783942453.939,54.3,27.3
1783942454.973,54.4,27.3
1783942456.008,54.4,27.3
1783942457.043,54.3,27.3
1783942458.068,54.3,27.3
1783942459.094,54.3,27.3
1783942460.119,54.2,27.3
1783942461.144,54.1,27.3
1783942462.169,54.1,27.3
1783942463.194,54.0,27.3
1783942464.219,54.0,27.3
1783942465.244,54.0,27.3
1783942466.272,54.0,27.3
1783942467.306,53.9,27.3
1783942468.342,54.0,27.3
1783942469.374,54.0,27.3
1783942470.401,54.0,27.3
1783942471.426,54.0,27.3
1783942472.451,54.0,27.3
1783942473.476,54.0,27.3
1783942474.501,53.9,27.3
1783942475.534,53.9,27.3
1783942476.559,53.8,27.3
1783942477.585,53.8,27.3
1783942478.619,53.8,27.3
1783942479.654,53.8,27.3
1783942480.68,53.8,27.3
1783942481.705,53.8,27.3
1783942482.739,53.8,27.3
1783942483.774,53.8,27.3
1783942484.808,53.8,27.3
1783942485.833,53.8,27.3
1783942486.861,53.8,27.3
1783942487.89,53.8,27.3
1783942488.915,53.8,27.3
1783942489.95,53.7,27.3
1783942490.975,53.7,27.3
1783942491.999,53.7,27.3
1783942493.033,53.7,27.3
1783942494.068,53.6,27.3
1783942495.093,53.6,27.3
1783942496.119,53.6,27.3
1783942497.144,53.6,27.3
1783942498.168,53.6,27.3
1783942499.202,53.6,27.3
1783942500.236,53.6,27.3
1783942501.26,53.5,27.3
1783942502.285,53.5,27.3
1783942503.313,53.5,27.3
1783942504.347,53.5,27.3
1783942505.381,53.5,27.3
1783942506.418,53.5,27.3
1783942507.448,53.4,27.3
1783942508.476,53.3,27.3
1783942509.51,53.2,27.3
1783942510.544,53.1,27.3
1783942511.577,53.1,27.3
1783942512.611,53.1,27.3
1783942513.635,53.1,27.3
1783942514.661,53.0,27.3
1783942515.685,53.0,27.3
1783942516.721,53.0,27.3
1783942517.748,53.0,27.3
1783942518.772,53.0,27.3
1783942519.797,52.9,27.3
1783942520.821,52.9,27.3
1783942521.845,53.0,27.3
1783942522.871,52.9,27.3
1783942523.896,52.9,27.3
1783942524.922,52.9,27.3
1783942525.951,52.9,27.3
1783942526.979,52.9,27.3
1783942528.006,52.9,27.3
1783942529.039,52.9,27.3
1783942530.073,52.8,27.3
1783942531.106,52.8,27.3
1783942532.13,52.8,27.3
1783942533.164,52.8,27.3
1783942534.188,52.8,27.3
1783942535.221,52.8,27.3
1783942536.253,52.7,27.3
1783942537.285,52.8,27.3
1783942538.318,52.8,27.3
1783942539.35,52.8,27.3
1783942540.383,52.8,27.3
1783942541.416,52.8,27.3
1783942542.448,52.8,27.3
1783942543.48,52.8,27.3
1783942544.513,52.8,27.3
1783942545.546,52.8,27.3
1783942546.573,52.7,27.3
1783942547.6,52.7,27.3
1783942548.633,52.7,27.3
1783942549.666,52.7,27.3
1783942550.697,52.6,27.3
1783942551.73,52.6,27.3
1783942552.762,52.5,27.3
1783942553.794,52.4,27.3
1783942554.827,52.3,27.3
1783942555.851,52.3,27.3
1783942556.876,52.2,27.3
1783942557.901,52.1,27.3
1783942558.931,52.1,27.3
1783942559.964,52.1,27.3
1783942560.997,52.1,27.3
1783942562.029,52.1,27.3
1783942563.061,52.0,27.3
1783942564.094,52.0,27.3
1783942565.126,52.0,27.3
1783942566.154,52.0,27.3
1783942567.179,51.9,27.3
1783942568.21,51.9,27.3
1783942569.243,51.9,27.3
1783942570.267,51.8,27.3
1783942571.29,51.9,27.3
1783942572.314,51.8,27.3
1783942573.338,51.8,27.3
1783942574.363,51.8,27.3
1783942575.387,51.8,27.3
1783942576.41,51.8,27.3
1783942577.434,51.8,27.3
1783942578.466,51.8,27.3
1783942579.491,51.7,27.3
1783942580.515,51.7,27.3
1783942581.548,51.7,27.3
1783942582.581,51.7,27.3
1783942583.605,51.6,27.3
1783942584.632,51.6,27.3
1783942585.661,51.5,27.3
1783942586.685,51.5,27.3
1783942587.718,51.5,27.3
1783942588.751,51.5,27.3
1783942589.776,51.5,27.3
1783942590.799,51.5,27.3
1783942591.831,51.4,27.3
1783942592.864,51.3,27.3
1783942593.896,51.3,27.3
1783942594.919,51.2,27.3
1783942595.943,51.2,27.3
1783942596.967,51.1,27.3
1783942597.991,51.2,27.3
1783942599.015,51.2,27.3
1783942600.039,51.2,27.3
1783942601.064,51.2,27.3
1783942602.097,51.3,27.3
1783942603.131,51.3,27.3
1783942604.167,51.3,27.3
1783942605.195,51.4,27.3
1783942606.226,51.4,27.3
1783942607.261,51.4,27.3
1783942608.295,51.4,27.3
1783942609.329,51.5,27.3
1783942610.364,51.5,27.3
1783942611.398,51.5,27.3
1783942612.432,51.5,27.3
1783942613.466,51.5,27.3
1783942614.501,51.5,27.3
1783942615.535,51.4,27.3
1783942616.569,51.4,27.3
1783942617.604,51.5,27.3
1783942618.638,51.4,27.3
1783942619.673,51.4,27.3
1783942620.698,51.4,27.3
1783942621.733,51.4,27.3
1783942622.758,51.4,27.3
1783942623.784,51.3,27.3
1783942624.811,51.3,27.3
1783942625.838,51.2,27.3
1783942626.864,51.2,27.3
1783942627.89,51.0,27.3
1783942628.915,51.0,27.3
1783942629.949,50.9,27.3
1783942630.975,50.8,27.3
1783942632.001,50.7,27.3
1783942633.035,50.7,27.3
1783942634.069,50.7,27.3
1783942635.104,50.7,27.3
1783942636.129,50.7,27.3
1783942637.154,50.7,27.3
1783942638.188,50.7,27.3
1783942639.214,50.8,27.3
1783942640.239,50.8,27.3
1783942641.264,50.8,27.3
1783942642.292,50.8,27.3
1783942643.327,50.9,27.3
1783942644.357,50.9,27.3
1783942645.385,50.9,27.3
1783942646.412,50.9,27.3
1783942647.437,50.9,27.3
1783942648.471,50.9,27.3
1783942649.504,50.9,27.3
1783942650.538,50.9,27.3
1783942651.572,50.8,27.3
1783942652.606,50.7,27.3
1783942653.641,50.6,27.3
1783942654.675,50.5,27.3
1783942655.71,50.5,27.3
1783942656.744,50.5,27.3
1783942657.779,50.4,27.3
1783942658.812,50.4,27.3
1783942659.837,50.3,27.3
1783942660.87,50.1,27.3
1783942661.903,50.1,27.3
1783942662.936,50.0,27.3
1783942663.968,49.9,27.3
1783942665.003,49.9,27.3
1783942666.032,49.9,27.3
1783942667.058,49.8,27.3
1783942668.091,49.9,27.3
1783942669.124,49.9,27.3
1783942670.148,49.9,27.3
1783942671.174,49.9,27.3
1783942672.199,49.9,27.3
1783942673.224,50.0,27.3
1783942674.249,49.9,27.3
1783942675.274,50.0,27.3
1783942676.3,50.0,27.3
1783942677.327,50.0,27.3
1783942678.355,50.0,27.3
1783942679.38,50.0,27.3
1783942680.407,50.0,27.3
1783942681.433,50.0,27.3
1783942682.458,50.0,27.3
1783942683.486,50.0,27.3
1783942684.512,50.0,27.3
1783942685.543,50.0,27.3
1783942686.577,50.0,27.3
1783942687.612,50.0,27.3
1783942688.636,50.0,27.3
1783942689.662,50.0,27.3
1783942690.696,49.9,27.3
1783942691.721,49.9,27.3
1783942692.756,49.9,27.3
1783942693.79,49.9,27.3
1783942694.826,49.9,27.3
1783942695.86,49.9,27.3
1783942696.895,49.9,27.3
1783942697.929,49.9,27.3
1783942698.963,49.9,27.3
1783942699.997,49.9,27.3
1783942701.031,49.9,27.3
1783942702.064,49.9,27.2
1783942703.098,49.9,27.3
1783942704.126,49.8,27.3
1783942705.152,49.8,27.3
1783942706.186,49.8,27.3
1783942707.221,49.8,27.2
1783942708.245,49.8,27.2
1783942709.281,49.8,27.3
1783942710.334,49.8,27.3
1783942711.368,49.8,27.2
1783942712.403,49.9,27.2
1783942713.436,49.9,27.3
1783942714.47,49.9,27.2
1783942715.506,49.9,27.3
1783942716.54,50.0,27.3
1783942717.575,50.0,27.3
1783942718.604,49.9,27.3
1783942719.629,49.9,27.2
1783942720.654,49.9,27.2
1783942721.68,49.9,27.2
1783942722.705,49.9,27.3
1783942723.731,49.9,27.2
1783942724.759,49.9,27.2
1783942725.789,49.9,27.3
1783942726.814,49.9,27.2
1783942727.844,49.8,27.2
1783942728.878,49.6,27.2
1783942729.913,49.5,27.2
1783942730.938,49.5,27.2
1783942731.973,49.4,27.2
1783942733.008,49.5,27.2
1783942734.042,49.5,27.2
1783942735.076,49.5,27.2
1783942736.111,49.5,27.2
1783942737.146,49.5,27.3
1783942738.181,49.6,27.2
1783942739.215,49.6,27.2
1783942740.249,49.6,27.2
1783942741.281,49.6,27.2
1783942742.319,49.6,27.2
1783942743.351,49.6,27.2
1783942744.389,49.6,27.2
1783942745.416,49.6,27.3
1783942746.444,49.7,27.2
1783942747.477,49.6,27.2
1783942748.511,49.6,27.2
1783942749.545,49.6,27.3
1783942750.579,49.7,27.2
1783942751.604,49.6,27.2
1783942752.639,49.7,27.3
1783942753.667,49.7,27.2
1783942754.701,49.7,27.2
1783942755.736,49.6,27.2
1783942756.77,49.6,27.2
1783942757.805,49.6,27.2
1783942758.84,49.6,27.2
1783942759.874,49.6,27.2
1783942760.908,49.6,27.2
1783942761.943,49.6,27.2
1783942762.977,49.6,27.2
1783942764.003,49.5,27.2
1783942765.03,49.6,27.2
1783942766.057,49.5,27.2
1783942767.084,49.5,27.2
1783942768.11,49.3,27.2
1783942769.136,49.2,27.2
1783942770.168,49.2,27.2
1783942771.202,49.2,27.2
1783942772.229,49.2,27.2
1783942773.254,49.2,27.2
1783942774.279,49.2,27.2
1783942775.304,49.2,27.2
1783942776.338,49.2,27.2
1783942777.373,49.2,27.2
1783942778.407,49.3,27.2
1783942779.441,49.3,27.2
1783942780.468,49.4,27.2
1783942781.502,49.4,27.2
1783942782.537,49.4,27.2
1783942783.562,49.5,27.2
1783942784.588,49.4,27.2
1783942785.617,49.4,27.2
1783942786.642,49.4,27.2
1783942787.677,49.4,27.2
1783942788.702,49.4,27.2
1783942789.727,49.4,27.2
1783942790.761,49.5,27.2
1783942791.796,49.4,27.2
1783942792.831,49.4,27.2
1783942793.856,49.4,27.2
1783942794.881,49.4,27.2
1783942795.914,49.4,27.2
1783942796.946,49.4,27.2
1783942797.979,49.5,27.2
1783942799.012,49.5,27.2
1783942800.044,49.5,27.2
1783942801.077,49.5,27.2
1783942802.11,49.5,27.2
1783942803.144,49.5,27.2
1783942804.178,49.6,27.2
1783942805.214,49.6,27.2
1783942806.244,49.6,27.2
1783942807.27,49.6,27.2
1783942808.304,49.7,27.2
1783942809.339,49.7,27.2
1783942810.363,49.7,27.2
1783942811.397,49.7,27.2
1783942812.432,49.7,27.2
1783942813.457,49.8,27.2
1783942814.483,49.8,27.2
1783942815.508,49.8,27.2
1783942816.532,49.8,27.2
1783942817.557,49.8,27.2
1783942818.582,49.8,27.2
1783942819.609,49.9,27.2
1783942820.643,49.9,27.2
1783942821.677,49.9,27.2
1783942822.712,49.9,27.2
1783942823.746,50.0,27.2
1783942824.784,50.0,27.2
1783942825.812,50.0,27.2
1783942826.84,50.1,27.2
1783942827.874,50.1,27.2
1783942828.908,50.2,27.2
1783942829.943,50.2,27.2
1783942830.97,50.2,27.2
1783942832.005,50.2,27.2
1783942833.032,50.3,27.2
1783942834.066,50.3,27.2
1783942835.101,50.3,27.2
1783942836.135,50.3,27.2
1783942837.17,50.3,27.2
1783942838.205,50.3,27.2
1783942839.239,50.3,27.2
1783942840.274,50.4,27.2
1783942841.308,50.4,27.2
1783942842.342,50.4,27.2
1783942843.376,50.4,27.2
1783942844.411,50.4,27.2
1783942845.445,50.5,27.2
1783942846.475,50.5,27.2
1783942847.502,50.5,27.2
1783942848.536,50.5,27.2
1783942849.57,50.5,27.2
1783942850.604,50.6,27.2
1783942851.638,50.5,27.2
1783942852.673,50.6,27.2
1783942853.706,50.6,27.2
1783942854.741,50.6,27.2
1783942855.766,50.6,27.2
1783942856.802,50.6,27.2
1783942857.836,50.6,27.2
1783942858.871,50.6,27.2
1783942859.898,50.6,27.2
1783942860.924,50.6,27.2
1783942861.949,50.7,27.2
1783942862.974,50.7,27.2
1783942863.999,50.7,27.2
1783942865.025,50.7,27.2
1783942866.053,50.8,27.2
1783942867.079,50.8,27.2
1783942868.106,50.8,27.2
1783942869.141,50.8,27.2
1783942870.175,50.8,27.2
1783942871.2,50.9,27.2
1783942872.235,50.9,27.2
1783942873.259,51.0,27.2
1783942874.293,51.0,27.2
1783942875.328,51.1,27.2
1783942876.362,51.1,27.2
1783942877.396,51.1,27.2
1783942878.43,51.1,27.2
1783942879.464,51.1,27.2
1783942880.498,51.1,27.2
1783942881.533,51.2,27.2
1783942882.567,51.2,27.2
1783942883.601,51.2,27.2
1783942884.635,51.2,27.2
1783942885.67,51.3,27.2
1783942886.705,51.3,27.2
1783942887.732,51.3,27.2
1783942888.759,51.3,27.2
1783942889.794,51.3,27.2
1783942890.828,51.3,27.2
1783942891.862,51.4,27.2
1783942892.897,51.4,27.2
1783942893.931,51.4,27.2
1783942894.956,51.4,27.2
1783942895.99,51.4,27.2
1783942897.025,51.4,27.2
1783942898.059,51.4,27.2
1783942899.094,51.3,27.2
1783942900.119,51.3,27.2
1783942901.144,51.3,27.2
1783942902.179,51.3,27.2
1783942903.213,51.3,27.2
1783942904.248,51.3,27.2
1783942905.282,51.2,27.2
1783942906.318,51.3,27.2
1783942907.344,51.2,27.2
1783942908.375,51.2,27.2
1783942909.4,51.3,27.2
1783942910.424,51.3,27.2
1783942911.447,51.3,27.2
1783942912.481,51.3,27.2
1783942913.506,51.3,27.2
1783942914.53,51.3,27.2
1783942915.555,51.3,27.2
1783942916.578,51.4,27.2
1783942917.604,51.3,27.2
1783942918.631,51.3,27.2
1783942919.655,51.3,27.2
1783942920.679,51.3,27.2
1783942921.703,51.3,27.2
1783942922.735,51.3,27.2
1783942923.767,51.3,27.2
1783942924.8,51.2,27.2
1783942925.836,51.2,27.2
1783942926.864,51.2,27.2
1783942927.888,51.2,27.2
1783942928.919,51.3,27.2
1783942929.952,51.3,27.2
1783942930.983,51.3,27.2
1783942932.016,51.4,27.2
1783942933.048,51.5,27.2
1783942934.08,51.5,27.2
1783942935.113,51.5,27.2
1783942936.145,51.6,27.2
1783942937.178,51.6,27.2
1783942938.211,51.7,27.2
1783942939.244,51.8,27.2
1783942940.277,51.9,27.2
1783942941.31,52.0,27.2
1783942942.334,52.0,27.2
1783942943.367,52.1,27.2
1783942944.4,52.1,27.2
1783942945.434,52.1,27.2
1783942946.466,52.2,27.2
1783942947.5,52.3,27.2
1783942948.525,52.3,27.2
1783942949.558,52.3,27.2
1783942950.583,52.4,27.2
1783942951.606,52.4,27.2
1783942952.631,52.4,27.2
1783942953.654,52.5,27.2
1783942954.688,52.5,27.2
1783942955.713,52.5,27.2
1783942956.746,52.5,27.2
1783942957.779,52.5,27.2
1783942958.811,52.6,27.2
1783942959.844,52.6,27.2
1783942960.877,52.6,27.2
1783942961.911,52.6,27.2
1783942962.944,52.6,27.2
1783942963.976,52.6,27.2
1783942965.001,52.6,27.2
1783942966.027,52.6,27.2
1783942967.055,52.6,27.2
1783942968.084,52.6,27.2
1783942969.108,52.6,27.2
1783942970.132,52.6,27.2
1783942971.155,52.6,27.2
1783942972.18,52.6,27.2
1783942973.212,52.5,27.2
1783942974.236,52.5,27.2
1783942975.269,52.5,27.2
1783942976.302,52.5,27.2
1783942977.335,52.4,27.2
1783942978.368,52.4,27.2
1783942979.403,52.4,27.2
1783942980.438,52.4,27.2
1783942981.464,52.4,27.2
1783942982.497,52.5,27.2
1783942983.531,52.5,27.2
1783942984.565,52.5,27.2
1783942985.6,52.5,27.2
1783942986.637,52.5,27.2
1783942987.665,52.5,27.2
1783942988.693,52.6,27.2
1783942989.727,52.5,27.2
1783942990.76,52.5,27.2
1783942991.794,52.5,27.2
1783942992.829,52.5,27.2
1783942993.864,52.5,27.2
1783942994.899,52.5,27.2
1783942995.933,52.5,27.2
1783942996.959,52.5,27.2
1783942997.984,52.5,27.2
1783942999.009,52.6,27.2
1783943000.045,52.5,27.2
1783943001.072,52.5,27.2
1783943002.107,52.5,27.2
1783943003.141,52.6,27.2
1783943004.175,52.6,27.2
1783943005.209,52.6,27.2
1783943006.245,52.6,27.2
1783943007.281,52.6,27.2
1783943008.31,52.6,27.2
1783943009.338,52.6,27.2
1783943010.363,52.6,27.2
1783943011.398,52.7,27.2
1783943012.432,52.7,27.2
1783943013.467,52.8,27.2
1783943014.501,52.8,27.2
1783943015.526,52.8,27.2
1783943016.551,52.8,27.2
1783943017.576,52.8,27.2
1783943018.6,52.8,27.2
1783943019.626,52.9,27.2
1783943020.65,52.8,27.2
1783943021.676,52.8,27.2
1783943022.702,52.9,27.2
1783943023.727,52.9,27.2
1783943024.762,52.9,27.2
1783943025.787,52.8,27.2
1783943026.818,52.9,27.2
1783943027.847,52.8,27.2
1783943028.875,52.9,27.2
1783943029.909,52.9,27.2
1783943030.944,52.9,27.2
1783943031.978,52.8,27.2
1783943033.015,52.8,27.2
1783943034.048,52.8,27.2
1783943035.082,52.8,27.2
1783943036.116,52.8,27.2
1783943037.15,52.8,27.2
1783943038.184,52.8,27.2
1783943039.218,52.8,27.2
1783943040.243,52.8,27.2
1783943041.268,52.8,27.2
1783943042.292,52.8,27.2
1783943043.326,52.8,27.2
1783943044.358,52.9,27.2
1783943045.391,52.9,27.2
1783943046.417,52.9,27.2
1783943047.441,53.0,27.2
1783943048.468,53.0,27.2
1783943049.5,53.1,27.2
1783943050.532,53.1,27.2
1783943051.564,53.1,27.2
1783943052.588,53.1,27.2
1783943053.612,53.1,27.2
1783943054.644,53.1,27.2
1783943055.676,53.2,27.2
1783943056.709,53.1,27.2
1783943057.733,53.1,27.2
1783943058.757,53.1,27.2
1783943059.79,53.1,27.2
1783943060.822,53.1,27.2
1783943061.854,53.2,27.2
1783943062.878,53.1,27.2
1783943063.903,53.2,27.2
1783943064.937,53.1,27.2
1783943065.973,53.2,27.2
1783943067.007,53.3,27.2
1783943068.033,53.3,27.2
1783943069.061,53.3,27.2
1783943070.094,53.3,27.2
1783943071.126,53.3,27.2
1783943072.15,53.3,27.2
1783943073.175,53.4,27.2
1783943074.199,53.4,27.2
1783943075.224,53.5,27.2
1783943076.25,53.5,27.2
1783943077.275,53.5,27.2
1783943078.309,53.5,27.2
1783943079.343,53.5,27.3
1783943080.37,53.5,27.2
1783943081.395,53.5,27.3
1783943082.42,53.5,27.3
1783943083.445,53.5,27.2
1783943084.479,53.4,27.2
1783943085.517,53.4,27.2
1783943086.553,53.4,27.3
1783943087.582,53.4,27.2
1783943088.608,53.4,27.2
1783943089.642,53.4,27.2
1783943090.677,53.3,27.2
1783943091.711,53.3,27.3
1783943092.746,53.3,27.2
1783943093.78,53.3,27.3
1783943094.815,53.3,27.2
1783943095.848,53.3,27.3
1783943096.874,53.3,27.2
1783943097.899,53.3,27.3
1783943098.933,53.3,27.2
1783943099.957,53.3,27.3
1783943100.991,53.3,27.3
1783943102.025,53.3,27.3
1783943103.059,53.2,27.3
1783943104.092,53.3,27.2
1783943105.117,53.3,27.3
1783943106.151,53.3,27.3
1783943107.185,53.3,27.2
1783943108.216,53.3,27.2
1783943109.244,53.3,27.3
1783943110.269,53.3,27.3
1783943111.305,53.3,27.3
1783943112.339,53.3,27.3
1783943113.364,53.3,27.2
1783943114.398,53.3,27.3
1783943115.433,53.3,27.3
1783943116.468,53.3,27.2
1783943117.502,53.3,27.3
1783943118.536,53.3,27.3
1783943119.57,53.3,27.3
1783943120.604,53.3,27.3
1783943121.639,53.3,27.3
1783943122.673,53.3,27.3
1783943123.708,53.3,27.3
1783943124.735,53.3,27.3
1783943125.76,53.3,27.3
1783943126.786,53.3,27.3
1783943127.817,53.3,27.3
1783943128.847,53.2,27.3
1783943129.872,53.2,27.2
1783943130.906,53.2,27.3
1783943131.94,53.2,27.3
1783943132.975,53.1,27.3
1783943134.009,53.1,27.3
1783943135.044,53.1,27.2
1783943136.078,53.1,27.3
1783943137.112,53.0,27.3
1783943138.146,53.0,27.3
1783943139.181,53.0,27.3
1783943140.216,53.0,27.3
1783943141.251,53.0,27.3
1783943142.28,53.0,27.3
1783943143.304,53.0,27.3
1783943144.338,53.0,27.3
1783943145.373,52.9,27.3
1783943146.408,52.9,27.3
1783943147.443,52.9,27.3
1783943148.469,52.8,27.3
1783943149.496,52.8,27.3
1783943150.529,52.8,27.3
1783943151.564,52.8,27.3
1783943152.597,52.8,27.3
1783943153.631,52.7,27.3
1783943154.665,52.7,27.3
1783943155.699,52.8,27.3
1783943156.732,52.8,27.3
1783943157.766,52.8,27.3
1783943158.8,52.7,27.3
1783943159.836,52.7,27.3
1783943160.87,52.7,27.3
1783943161.904,52.7,27.3
1783943162.939,52.7,27.3
1783943163.973,52.6,27.3
1783943165.007,52.6,27.3
1783943166.041,52.5,27.3
1783943167.074,52.4,27.3
1783943168.107,52.3,27.3
1783943169.141,52.3,27.3
1783943170.17,52.2,27.3
1783943171.198,52.2,27.3
1783943172.231,52.2,27.3
1783943173.255,52.1,27.3
1783943174.278,52.1,27.3
1783943175.302,52.0,27.3
1783943176.326,51.9,27.3
1783943177.349,51.8,27.3
1783943178.372,51.8,27.3
1783943179.396,51.7,27.3
1783943180.428,51.7,27.3
1783943181.461,51.7,27.3
1783943182.493,51.7,27.3
1783943183.527,51.7,27.3
1783943184.562,51.8,27.3
1783943185.595,51.8,27.3
1783943186.629,51.8,27.3
1783943187.655,51.8,27.3
1783943188.68,51.8,27.3
1783943189.71,51.9,27.3
1783943190.745,51.8,27.3
1783943191.77,51.9,27.3
1783943192.795,51.9,27.3
1783943193.83,51.9,27.3
1783943194.864,52.0,27.3
1783943195.898,52.0,27.3
1783943196.932,51.9,27.3
1783943197.965,51.9,27.3
1783943198.999,51.8,27.3
1783943200.035,51.9,27.3
1783943201.068,51.8,27.3
1783943202.102,51.8,27.3
1783943203.127,51.8,27.3
1783943204.162,51.8,27.3
1783943205.186,51.8,27.3
1783943206.211,51.8,27.3
1783943207.244,51.8,27.3
1783943208.279,51.7,27.3
1783943209.304,51.7,27.3
1783943210.332,51.7,27.3
1783943211.357,51.6,27.3
1783943212.391,51.6,27.3
1783943213.426,51.6,27.3
1783943214.46,51.5,27.3
1783943215.486,51.5,27.3
1783943216.52,51.5,27.3
1783943217.555,51.4,27.3
1783943218.588,51.4,27.3
1783943219.622,51.4,27.3
1783943220.647,51.4,27.3
1783943221.671,51.4,27.3
1783943222.696,51.3,27.3
1783943223.72,51.4,27.3
1783943224.75,51.4,27.3
1783943225.784,51.4,27.3
1783943226.817,51.4,27.3
1783943227.851,51.4,27.3
1783943228.877,51.4,27.3
1783943229.904,51.4,27.3
1783943230.929,51.4,27.3
1783943231.954,51.4,27.3
1783943232.979,51.4,27.3
1783943234.003,51.4,27.3
1783943235.028,51.4,27.3
1783943236.052,51.3,27.3
1783943237.078,51.3,27.3
1783943238.103,51.3,27.3
1783943239.137,51.3,27.3
1783943240.171,51.2,27.3
1783943241.204,51.2,27.3
1783943242.238,51.2,27.3
1783943243.271,51.2,27.3
1783943244.305,51.2,27.3
1783943245.339,51.2,27.3
1783943246.372,51.2,27.3
1783943247.406,51.2,27.3
1783943248.442,51.2,27.3
1783943249.471,51.2,27.3
1783943250.504,51.1,27.3
1783943251.537,51.1,27.3
1783943252.571,51.0,27.3
1783943253.605,50.9,27.3
1783943254.639,50.9,27.3
1783943255.665,50.9,27.3
1783943256.7,50.8,27.3
1783943257.734,50.7,27.3
1783943258.768,50.6,27.3
1783943259.802,50.4,27.3
1783943260.836,50.3,27.3
1783943261.861,50.2,27.3
1783943262.894,50.3,27.3
1783943263.927,50.3,27.3
1783943264.951,50.3,27.3
1783943265.975,50.3,27.3
1783943267.0,50.3,27.3
1783943268.027,50.3,27.3
1783943269.051,50.3,27.3
1783943270.075,50.3,27.3
1783943271.107,50.3,27.3
1783943272.131,50.3,27.3
1783943273.155,50.4,27.3
1783943274.188,50.4,27.3
1783943275.212,50.4,27.3
1783943276.236,50.4,27.3
1783943277.26,50.5,27.3
1783943278.296,50.5,27.3
1783943279.323,50.5,27.3
1783943280.348,50.5,27.3
1783943281.372,50.5,27.3
1783943282.396,50.5,27.3
1783943283.42,50.5,27.3
1783943284.444,50.5,27.3
1783943285.468,50.5,27.3
1783943286.492,50.4,27.3
1783943287.519,50.4,27.3
1783943288.55,50.3,27.3
1783943289.578,50.4,27.3
1783943290.604,50.3,27.3
1783943291.628,50.3,27.3
1783943292.66,50.3,27.3
1783943293.693,50.3,27.3
1783943294.717,50.3,27.3
1783943295.743,50.3,27.3
1783943296.768,50.3,27.3
1783943297.803,50.3,27.3
1783943298.837,50.3,27.3
1783943299.872,50.2,27.3
1783943300.896,50.2,27.3
1783943301.922,50.1,27.3
1783943302.946,50.1,27.3
1783943303.971,50.1,27.3
1783943304.995,50.1,27.3
1783943306.028,50.1,27.3
1783943307.061,50.1,27.3
1783943308.087,50.1,27.3
1783943309.116,50.1,27.3
1783943310.144,50.2,27.2
1783943311.169,50.1,27.3
1783943312.193,50.1,27.2
1783943313.228,50.1,27.3
1783943314.266,50.1,27.3
1783943315.292,50.0,27.3
1783943316.317,50.0,27.3
1783943317.343,50.0,27.3
1783943318.368,50.1,27.3
1783943319.393,50.1,27.2
1783943320.418,50.0,27.3
1783943321.443,50.1,27.3
1783943322.468,50.0,27.3
1783943323.495,50.0,27.3
1783943324.52,49.9,27.2
1783943325.546,49.9,27.3
1783943326.571,49.9,27.3
1783943327.597,49.9,27.3
1783943328.627,49.9,27.2
1783943329.652,49.9,27.2
1783943330.678,49.8,27.2
1783943331.703,49.9,27.3
1783943332.728,49.9,27.2
1783943333.755,49.8,27.2
1783943334.779,49.8,27.2
1783943335.803,49.8,27.3
1783943336.828,49.8,27.3
1783943337.852,49.7,27.3
1783943338.876,49.6,27.2
1783943339.903,49.6,27.2
1783943340.93,49.6,27.3
1783943341.956,49.7,27.3
1783943342.99,49.7,27.2
1783943344.023,49.7,27.2
1783943345.058,49.7,27.2
1783943346.092,49.7,27.2
1783943347.12,49.7,27.2
1783943348.148,49.7,27.2
1783943349.173,49.7,27.2
1783943350.199,49.7,27.2
1783943351.224,49.8,27.2
1783943352.257,49.8,27.2
1783943353.292,49.7,27.2
1783943354.326,49.7,27.2
1783943355.36,49.7,27.2
1783943356.395,49.7,27.2
1783943357.429,49.6,27.2
1783943358.464,49.6,27.2
1783943359.498,49.5,27.2
1783943360.532,49.5,27.2
1783943361.567,49.6,27.2
1783943362.593,49.6,27.2
1783943363.627,49.6,27.2
1783943364.662,49.6,27.2
1783943365.696,49.6,27.2
1783943366.723,49.6,27.2
1783943367.753,49.6,27.2
1783943368.779,49.5,27.2
1783943369.82,49.5,27.2
1783943370.88,49.5,27.2
1783943371.908,49.5,27.2
1783943372.933,49.4,27.2
1783943373.965,49.4,27.2
1783943374.999,49.3,27.2
1783943376.033,49.3,27.2
1783943377.067,49.2,27.2
1783943378.101,49.2,27.2
1783943379.125,49.2,27.2
1783943380.151,49.2,27.2
1783943381.176,49.2,27.2
1783943382.2,49.2,27.2
1783943383.224,49.2,27.2
1783943384.249,49.1,27.2
1783943385.283,49.1,27.2
1783943386.316,49.1,27.2
1783943387.35,49.1,27.2
1783943388.375,49.1,27.2
1783943389.402,49.2,27.2
1783943390.436,49.2,27.2
1783943391.47,49.2,27.2
1783943392.504,49.2,27.2
1783943393.529,49.2,27.2
1783943394.554,49.2,27.2
1783943395.579,49.1,27.2
1783943396.604,49.2,27.2
1783943397.639,49.2,27.2
1783943398.674,49.2,27.2
1783943399.709,49.2,27.2
1783943400.735,49.2,27.2
1783943401.769,49.2,27.2
1783943402.802,49.2,27.2
1783943403.826,49.2,27.2
1783943404.851,49.2,27.2
1783943405.883,49.1,27.2
1783943406.917,49.1,27.2
1783943407.947,49.0,27.2
1783943408.973,48.9,27.2
1783943409.998,48.8,27.2
1783943411.03,48.8,27.2
1783943412.063,48.8,27.2
1783943413.088,48.7,27.2
1783943414.112,48.7,27.2
1783943415.136,48.6,27.2
1783943416.169,48.4,27.2
1783943417.202,48.4,27.2
1783943418.234,48.3,27.2
1783943419.259,48.3,27.2
1783943420.283,48.3,27.2
1783943421.316,48.3,27.2
1783943422.349,48.3,27.2
1783943423.382,48.4,27.2
1783943424.417,48.4,27.2
1783943425.441,48.5,27.2
1783943426.475,48.5,27.2
1783943427.503,48.5,27.2
1783943428.533,48.5,27.2
1783943429.559,48.6,27.2
1783943430.583,48.6,27.2
1783943431.607,48.6,27.2
1783943432.64,48.6,27.2
1783943433.673,48.6,27.2
1783943434.706,48.5,27.2
1783943435.731,48.5,27.2
1783943436.754,48.5,27.2
1783943437.779,48.5,27.2
1783943438.803,48.5,27.2
1783943439.835,48.5,27.2
1783943440.868,48.6,27.2
1783943441.9,48.5,27.2
1783943442.932,48.6,27.2
1783943443.956,48.6,27.2
1783943444.988,48.6,27.2
1783943446.02,48.6,27.2
1783943447.055,48.6,27.2
1783943448.082,48.6,27.2
1783943449.108,48.6,27.2
1783943450.14,48.6,27.2
1783943451.172,48.6,27.2
1783943452.204,48.7,27.2
1783943453.236,48.7,27.2
1783943454.268,48.7,27.2
1783943455.3,48.7,27.2
1783943456.332,48.8,27.2
1783943457.364,48.8,27.2
1783943458.397,48.8,27.2
1783943459.43,48.9,27.2
1783943460.462,48.9,27.2
1783943461.495,48.9,27.2
1783943462.528,48.9,27.2
1783943463.561,48.9,27.2
1783943464.593,49.0,27.2
1783943465.626,49.0,27.2
1783943466.658,49.0,27.2
1783943467.695,49.0,27.2
1783943468.721,49.1,27.2
1783943469.75,49.1,27.2
1783943470.781,49.1,27.2
1783943471.816,49.1,27.2
1783943472.852,49.2,27.2
1783943473.878,49.1,27.2
1783943474.903,49.2,27.2
1783943475.93,49.2,27.2
1783943476.955,49.2,27.2
1783943477.98,49.2,27.2
1783943479.014,49.3,27.2
1783943480.047,49.3,27.2
1783943481.072,49.3,27.2
1783943482.097,49.3,27.2
1783943483.123,49.3,27.2
1783943484.147,49.4,27.2
1783943485.181,49.4,27.2
1783943486.214,49.4,27.2
1783943487.242,49.5,27.2
1783943488.268,49.5,27.2
1783943489.301,49.5,27.2
1783943490.333,49.5,27.2
1783943491.366,49.6,27.2
1783943492.398,49.6,27.2
1783943493.423,49.7,27.2
1783943494.448,49.7,27.2
1783943495.48,49.8,27.2
1783943496.513,49.8,27.2
1783943497.538,49.8,27.2
1783943498.562,49.9,27.2
1783943499.587,49.9,27.2
1783943500.62,49.9,27.2
1783943501.655,49.9,27.2
1783943502.69,50.0,27.2
1783943503.715,50.0,27.2
1783943504.74,50.0,27.2
1783943505.775,50.0,27.2
1783943506.813,50.0,27.2
1783943507.84,50.0,27.2
1783943508.867,50.0,27.2
1783943509.892,50.1,27.2
1783943510.927,50.1,27.2
1783943511.961,50.1,27.2
1783943512.996,50.1,27.2
1783943514.03,50.1,27.1
1783943515.065,50.1,27.2
1783943516.099,50.1,27.2
1783943517.133,50.1,27.2
1783943518.168,50.1,27.2
1783943519.202,50.1,27.2
1783943520.227,50.0,27.2
1783943521.256,50.1,27.2
1783943522.281,50.1,27.2
1783943523.306,50.1,27.2
1783943524.331,50.1,27.2
1783943525.356,50.2,27.2
1783943526.382,50.2,27.2
1783943527.409,50.2,27.2
1783943528.435,50.2,27.2
1783943529.47,50.3,27.2
1783943530.504,50.2,27.2
1783943531.538,50.3,27.2
1783943532.572,50.3,27.2
1783943533.606,50.2,27.2
1783943534.641,50.2,27.2
1783943535.674,50.2,27.2
1783943536.708,50.2,27.2
1783943537.741,50.3,27.2
1783943538.776,50.3,27.2
1783943539.811,50.3,27.2
1783943540.836,50.4,27.2
1783943541.862,50.4,27.2
1783943542.9,50.4,27.2
1783943543.934,50.5,27.2
1783943544.969,50.5,27.2
1783943545.994,50.5,27.2
1783943547.028,50.6,27.2
1783943548.055,50.6,27.2
1783943549.081,50.6,27.2
1783943550.115,50.6,27.2
1783943551.141,50.6,27.2
1783943552.166,50.6,27.2
1783943553.201,50.6,27.2
1783943554.235,50.6,27.2
1783943555.27,50.6,27.2
1783943556.304,50.7,27.2
1783943557.339,50.7,27.2
1783943558.374,50.8,27.2
1783943559.408,50.8,27.2
1783943560.442,50.9,27.2
1783943561.476,50.9,27.2
1783943562.51,50.9,27.2
1783943563.544,51.0,27.2
1783943564.578,51.0,27.2
1783943565.613,50.9,27.2
1783943566.636,51.0,27.2
1783943567.663,51.0,27.2
1783943568.692,51.0,27.2
1783943569.72,51.1,27.2
1783943570.746,51.1,27.2
1783943571.772,51.1,27.2
1783943572.797,51.1,27.2
1783943573.822,51.2,27.2
1783943574.848,51.2,27.2
1783943575.882,51.3,27.2
1783943576.916,51.4,27.2
1783943577.941,51.3,27.2
1783943578.966,51.3,27.2
1783943580.0,51.3,27.2
1783943581.034,51.3,27.2
1783943582.068,51.3,27.2
1783943583.092,51.3,27.2
1783943584.117,51.3,27.2
1783943585.152,51.3,27.2
1783943586.189,51.3,27.2
1783943587.225,51.2,27.2
1783943588.251,51.2,27.2
1783943589.28,51.3,27.2
1783943590.315,51.3,27.2
1783943591.35,51.3,27.2
1783943592.384,51.4,27.2
1783943593.418,51.4,27.2
1783943594.452,51.4,27.2
1783943595.487,51.4,27.2
1783943596.522,51.4,27.2
1783943597.556,51.4,27.2
1783943598.59,51.5,27.2
1783943599.625,51.4,27.2
1783943600.66,51.4,27.2
1783943601.685,51.4,27.2
1783943602.718,51.4,27.2
1783943603.751,51.4,27.2
1783943604.784,51.4,27.2
1783943605.816,51.4,27.2
1783943606.848,51.4,27.2
1783943607.881,51.4,27.2
1783943608.907,51.5,27.2
1783943609.933,51.5,27.2
1783943610.957,51.5,27.2
1783943611.981,51.6,27.2
1783943613.006,51.6,27.2
1783943614.03,51.7,27.2
1783943615.055,51.8,27.2
1783943616.079,51.9,27.2
1783943617.112,51.9,27.2
1783943618.145,51.9,27.2
1783943619.179,52.0,27.2
1783943620.204,52.0,27.2
1783943621.228,52.0,27.2
1783943622.252,52.0,27.2
1783943623.277,52.0,27.2
1783943624.301,52.0,27.2
1783943625.325,52.0,27.2
1783943626.351,52.0,27.2
1783943627.379,52.0,27.2
1783943628.407,52.0,27.2
1783943629.44,52.0,27.2
1783943630.465,52.0,27.2
1783943631.49,52.0,27.2
1783943632.523,52.0,27.2
1783943633.548,52.0,27.2
1783943634.581,52.0,27.2
1783943635.614,51.9,27.2
1783943636.647,51.9,27.2
1783943637.68,51.9,27.2
1783943638.713,52.0,27.2
1783943639.746,51.9,27.2
1783943640.778,51.9,27.2
1783943641.811,51.9,27.2
1783943642.844,52.0,27.2
1783943643.877,52.0,27.2
1783943644.91,52.0,27.2
1783943645.943,52.0,27.2
1783943646.976,52.0,27.2
1783943648.012,52.0,27.2
1783943649.043,52.0,27.2
1783943650.07,52.0,27.2
1783943651.104,52.1,27.2
1783943652.128,52.1,27.2
1783943653.153,52.2,27.2
1783943654.177,52.2,27.2
1783943655.201,52.2,27.2
1783943656.23,52.2,27.2
1783943657.256,52.2,27.2
1783943658.28,52.2,27.2
1783943659.314,52.2,27.2
1783943660.346,52.2,27.2
1783943661.37,52.3,27.2
1783943662.395,52.3,27.2
1783943663.42,52.3,27.2
1783943664.443,52.4,27.2
1783943665.476,52.4,27.2
1783943666.512,52.5,27.2
1783943667.54,52.5,27.2
1783943668.567,52.5,27.2
1783943669.602,52.5,27.2
1783943670.638,52.5,27.2
1783943671.662,52.5,27.2
1783943672.688,52.5,27.3
1783943673.713,52.5,27.2
1783943674.742,52.5,27.2
1783943675.767,52.6,27.2
1783943676.792,52.6,27.3
1783943677.818,52.6,27.3
1783943678.843,52.7,27.3
1783943679.868,52.7,27.2
1783943680.893,52.7,27.3
1783943681.918,52.7,27.3
1783943682.945,52.8,27.2
1783943683.972,52.8,27.3
1783943685.006,52.8,27.2
1783943686.042,52.8,27.3
1783943687.076,52.8,27.3
1783943688.104,52.8,27.3
1783943689.139,52.7,27.3
1783943690.174,52.7,27.2
1783943691.209,52.8,27.2
1783943692.243,52.8,27.3
1783943693.277,52.8,27.3
1783943694.302,52.8,27.3
1783943695.327,52.8,27.3
1783943696.352,52.8,27.3
1783943697.378,52.8,27.3
1783943698.412,52.8,27.3
1783943699.448,52.8,27.3
1783943700.491,52.8,27.3
1783943701.525,52.8,27.3
1783943702.559,52.7,27.3
1783943703.585,52.7,27.3
1783943704.619,52.7,27.2
1783943705.654,52.8,27.3
1783943706.681,52.8,27.3
1783943707.707,52.8,27.3
1783943708.734,52.8,27.3
1783943709.768,52.8,27.3
1783943710.794,52.8,27.3
1783943711.827,52.8,27.3
1783943712.861,52.8,27.3
1783943713.887,52.8,27.3
1783943714.922,52.8,27.3
1783943715.948,52.7,27.3
1783943716.982,52.7,27.3
1783943718.006,52.7,27.3
1783943719.032,52.7,27.3
1783943720.066,52.7,27.3
1783943721.092,52.6,27.3
1783943722.126,52.6,27.3
1783943723.16,52.6,27.3
1783943724.194,52.6,27.3
1783943725.228,52.6,27.3
1783943726.262,52.5,27.3
1783943727.297,52.5,27.3
1783943728.334,52.5,27.3
1783943729.359,52.5,27.3
1783943730.384,52.5,27.3
1783943731.408,52.5,27.3
1783943732.433,52.5,27.3
1783943733.457,52.5,27.3
1783943734.482,52.5,27.3
1783943735.515,52.5,27.3
1783943736.541,52.5,27.3
1783943737.566,52.5,27.3
1783943738.59,52.5,27.3
1783943739.615,52.5,27.3
1783943740.648,52.4,27.3
1783943741.682,52.4,27.3
1783943742.717,52.4,27.3
1783943743.751,52.4,27.3
1783943744.786,52.4,27.3
1783943745.82,52.4,27.3
1783943746.855,52.4,27.3
1783943747.883,52.4,27.3
1783943748.909,52.4,27.3
1783943749.944,52.4,27.3
1783943750.979,52.4,27.3
1783943752.006,52.4,27.3
1783943753.032,52.4,27.3
1783943754.057,52.4,27.3
1783943755.091,52.4,27.3
1783943756.115,52.4,27.3
1783943757.139,52.4,27.3
1783943758.165,52.4,27.3
1783943759.199,52.4,27.3
1783943760.233,52.4,27.3
1783943761.259,52.3,27.3
1783943762.293,52.2,27.3
1783943763.318,52.2,27.3
1783943764.352,52.2,27.3
1783943765.387,52.2,27.3
1783943766.413,52.1,27.3
1783943767.441,52.1,27.3
1783943768.467,52.1,27.3
1783943769.502,52.1,27.3
1783943770.536,52.1,27.3
1783943771.571,52.0,27.3
1783943772.605,51.9,27.3
1783943773.64,51.9,27.3
1783943774.674,51.8,27.3
1783943775.709,51.8,27.3
1783943776.743,51.8,27.3
1783943777.777,51.8,27.3
1783943778.81,51.7,27.3
1783943779.844,51.8,27.3
1783943780.871,51.8,27.3
1783943781.896,51.8,27.3
1783943782.922,51.7,27.3
1783943783.947,51.8,27.3
1783943784.972,51.8,27.3
1783943785.998,51.7,27.3
1783943787.024,51.7,27.3
1783943788.05,51.7,27.3
1783943789.078,51.7,27.3
1783943790.112,51.6,27.3
1783943791.155,51.6,27.3
1783943792.189,51.7,27.3
1783943793.223,51.6,27.3
1783943794.257,51.6,27.3
1783943795.281,51.6,27.3
1783943796.314,51.6,27.3
1783943797.347,51.5,27.3
1783943798.38,51.5,27.3
1783943799.413,51.5,27.3
1783943800.438,51.5,27.3
1783943801.471,51.5,27.3
1783943802.495,51.5,27.3
1783943803.52,51.6,27.3
1783943804.552,51.5,27.3
1783943805.578,51.6,27.3
1783943806.612,51.5,27.3
1783943807.64,51.6,27.3
1783943808.666,51.5,27.3
1783943809.699,51.5,27.3
1783943810.732,51.5,27.3
1783943811.768,51.5,27.3
1783943812.794,51.4,27.3
1783943813.826,51.4,27.3
1783943814.858,51.4,27.3
1783943815.891,51.4,27.3
1783943816.923,51.3,27.3
1783943817.948,51.3,27.3
1783943818.98,51.3,27.3
1783943820.012,51.3,27.3
1783943821.045,51.2,27.3
1783943822.078,51.1,27.3
1783943823.104,51.0,27.3
1783943824.137,50.9,27.3
1783943825.16,50.9,27.3
1783943826.185,50.8,27.3
1783943827.212,50.7,27.3
1783943828.241,50.7,27.3
1783943829.272,50.6,27.3
1783943830.304,50.5,27.3
1783943831.328,50.5,27.3
1783943832.361,50.4,27.3
1783943833.394,50.4,27.3
1783943834.427,50.4,27.3
1783943835.45,50.4,27.3
1783943836.474,50.5,27.3
1783943837.499,50.5,27.3
1783943838.528,50.5,27.3
1783943839.552,50.5,27.3
1783943840.576,50.5,27.3
1783943841.6,50.4,27.3
1783943842.624,50.3,27.3
1783943843.657,50.3,27.3
1783943844.69,50.4,27.3
1783943845.714,50.4,27.3
1783943846.74,50.4,27.3
1783943847.765,50.4,27.3
1783943848.79,50.5,27.3
1783943849.814,50.5,27.3
1783943850.838,50.5,27.3
1783943851.861,50.5,27.3
1783943852.885,50.5,27.3
1783943853.91,50.5,27.3
1783943854.943,50.5,27.4
1783943855.968,50.5,27.3
1783943856.992,50.5,27.3
1783943858.025,50.5,27.3
1783943859.058,50.5,27.3
1783943860.091,50.5,27.3
1783943861.116,50.5,27.3
1783943862.14,50.5,27.3
1783943863.164,50.5,27.3
1783943864.196,50.4,27.4
1783943865.221,50.4,27.3
1783943866.246,50.3,27.3
1783943867.278,50.3,27.3
1783943868.305,50.2,27.3
1783943869.328,50.2,27.3
1783943870.361,50.2,27.3
1783943871.394,50.2,27.3
1783943872.427,50.1,27.3
1783943873.46,50.1,27.4
1783943874.484,50.0,27.3
1783943875.518,50.0,27.3
1783943876.551,49.9,27.3
1783943877.584,49.9,27.3
1783943878.616,49.9,27.3
1783943879.648,49.9,27.3
1783943880.672,49.9,27.3
1783943881.704,49.9,27.3
1783943882.736,49.9,27.3
1783943883.768,50.0,27.3
1783943884.792,50.0,27.3
1783943885.825,50.0,27.3
1783943886.858,50.0,27.3
1783943887.887,50.0,27.3
1783943888.912,50.0,27.3
1783943889.945,49.9,27.3
1783943890.969,49.7,27.3
1783943891.995,49.5,27.3
1783943893.02,49.4,27.3
1783943894.045,49.3,27.3
1783943895.07,49.1,27.3
1783943896.094,49.1,27.3
1783943897.119,49.1,27.3
1783943898.144,49.1,27.3
1783943899.169,49.1,27.3
1783943900.194,49.2,27.3
1783943901.229,49.2,27.3
1783943902.264,49.2,27.3
1783943903.299,49.3,27.3
1783943904.326,49.3,27.3
1783943905.353,49.2,27.3
1783943906.384,49.2,27.3
1783943907.416,49.3,27.3
1783943908.449,49.3,27.3
1783943909.475,49.4,27.3
1783943910.499,49.4,27.3
1783943911.524,49.4,27.3
1783943912.549,49.4,27.3
1783943913.578,49.4,27.3
1783943914.604,49.4,27.3
1783943915.629,49.3,27.3
1783943916.663,49.3,27.3
1783943917.697,49.2,27.3
1783943918.731,49.2,27.3
1783943919.757,49.2,27.3
1783943920.792,49.2,27.3
1783943921.827,49.2,27.3
1783943922.862,49.2,27.3
1783943923.894,49.2,27.3
1783943924.93,49.2,27.3
1783943925.961,49.2,27.3
1783943926.986,49.2,27.3
1783943928.02,49.3,27.3
1783943929.054,49.3,27.3
1783943930.089,49.3,27.3
1783943931.123,49.2,27.3
1783943932.157,49.2,27.3
1783943933.192,49.3,27.3
1783943934.226,49.2,27.3
1783943935.26,49.2,27.3
1783943936.294,49.2,27.3
1783943937.328,49.2,27.3
1783943938.362,49.2,27.3
1783943939.396,49.2,27.3
1783943940.421,49.2,27.3
1783943941.447,49.2,27.3
1783943942.481,49.2,27.3
1783943943.514,49.2,27.3
1783943944.539,49.1,27.3
1783943945.564,49.0,27.3
1783943946.592,49.0,27.3
1783943947.619,49.0,27.3
1783943948.645,49.0,27.3
1783943949.67,49.0,27.3
1783943950.696,48.8,27.3
1783943951.73,48.8,27.3
1783943952.765,48.7,27.3
1783943953.792,48.7,27.3
1783943954.817,48.8,27.3
1783943955.842,48.8,27.3
1783943956.867,48.8,27.3
1783943957.902,48.9,27.3
1783943958.927,48.9,27.3
1783943959.962,48.9,27.3
1783943960.997,48.9,27.3
1783943962.031,48.9,27.3
1783943963.066,48.9,27.3
1783943964.1,49.0,27.3
1783943965.135,48.9,27.3
1783943966.161,49.0,27.3
1783943967.189,49.0,27.3
1783943968.223,49.0,27.3
1783943969.257,49.0,27.3
1783943970.3,49.0,27.3
1783943971.343,49.0,27.3
1783943972.376,49.0,27.3
1783943973.41,49.0,27.3
1783943974.444,49.0,27.3
1783943975.478,49.0,27.3
1783943976.503,49.0,27.3
1783943977.538,49.0,27.3
1783943978.574,49.0,27.3
1783943979.608,49.0,27.3
1783943980.642,49.0,27.3
1783943981.668,48.9,27.3
1783943982.702,48.7,27.3
1783943983.736,48.6,27.3
1783943984.771,48.6,27.3
1783943985.807,48.6,27.3
1783943986.836,48.6,27.3
1783943987.866,48.6,27.3
1783943988.901,48.6,27.3
1783943989.926,48.6,27.3
1783943990.95,48.6,27.3
1783943991.975,48.7,27.3
1783943993.0,48.6,27.3
1783943994.025,48.6,27.3
1783943995.051,48.5,27.3
1783943996.078,48.5,27.3
1783943997.112,48.5,27.3
1783943998.146,48.4,27.3
1783943999.172,48.4,27.3
1783944000.196,48.4,27.3
1783944001.221,48.4,27.3
1783944002.255,48.4,27.3
1783944003.289,48.5,27.3
1783944004.323,48.5,27.3
1783944005.349,48.5,27.3
1783944006.377,48.5,27.3
1783944007.41,48.5,27.3
1783944008.444,48.5,27.3
1783944009.478,48.3,27.3
1783944010.511,48.2,27.3
1783944011.545,48.1,27.3
1783944012.578,48.0,27.3
1783944013.604,48.0,27.3
1783944014.638,47.9,27.3
1783944015.673,47.9,27.3
1783944016.708,47.9,27.3
1783944017.733,47.9,27.3
1783944018.759,48.0,27.3
1783944019.794,48.0,27.3
1783944020.828,47.9,27.3
1783944021.862,48.0,27.3
1783944022.887,48.0,27.3
1783944023.912,48.0,27.3
1783944024.95,48.0,27.3
1783944025.979,48.0,27.3
1783944027.006,48.0,27.3
1783944028.032,48.0,27.3
1783944029.057,48.0,27.3
1783944030.09,48.0,27.3
1783944031.18,48.0,27.3
1783944032.273,48.0,27.3
1783944033.346,48.1,27.3
1783944034.511,48.1,27.3
1783944035.535,48.0,27.3
1783944036.568,48.0,27.3
1783944037.6,48.0,27.3
1783944038.632,48.0,27.3
1783944039.664,48.1,27.3
1783944040.696,48.0,27.3
1783944041.729,48.0,27.3
1783944042.761,47.8,27.3
1783944043.794,47.5,27.2
1783944044.818,47.4,27.3
1783944045.845,47.3,27.3
1783944046.87,47.3,27.2
1783944047.896,47.3,27.3
1783944048.928,47.3,27.3
1783944049.961,47.4,27.3
1783944050.994,47.4,27.3
1783944052.026,47.4,27.3
1783944053.058,47.4,27.3
1783944054.082,47.4,27.3
1783944055.106,47.4,27.3
1783944056.139,47.4,27.3
1783944057.172,47.5,27.3
1783944058.205,47.5,27.3
1783944059.228,47.6,27.2
1783944060.256,47.6,27.3
1783944061.289,47.6,27.2
1783944062.322,47.6,27.2
1783944063.355,47.7,27.3
1783944064.38,47.7,27.3
1783944065.404,47.7,27.2
1783944066.44,47.7,27.2
1783944067.469,47.7,27.2
1783944068.494,47.7,27.3
1783944069.518,47.6,27.2
1783944070.543,47.7,27.3
1783944071.576,47.7,27.3
1783944072.61,47.7,27.3
1783944073.644,47.8,27.2
1783944074.678,47.7,27.2
1783944075.716,47.7,27.3
1783944076.75,47.8,27.3
1783944077.774,47.8,27.2
1783944078.8,47.8,27.3
1783944079.824,47.8,27.3
1783944080.849,47.9,27.3
1783944081.874,47.9,27.2
1783944082.9,47.9,27.2
1783944083.926,48.0,27.3
1783944084.961,48.0,27.3
1783944085.997,48.0,27.3
1783944087.025,48.1,27.3
1783944088.052,48.1,27.2
1783944089.076,48.1,27.3
1783944090.101,48.1,27.3
1783944091.134,48.1,27.2
1783944092.168,48.1,27.2
1783944093.201,48.1,27.2
1783944094.24,48.2,27.2
1783944095.274,48.2,27.2
1783944096.298,48.2,27.2
1783944097.322,48.2,27.2
1783944098.356,48.2,27.2
1783944099.39,48.3,27.2
1783944100.424,48.3,27.3
1783944101.447,48.3,27.3
1783944102.471,48.3,27.2
1783944103.504,48.4,27.2
1783944104.528,48.4,27.2
1783944105.565,48.4,27.3
1783944106.592,48.4,27.2
1783944107.617,48.5,27.2
1783944108.641,48.5,27.2
1783944109.675,48.5,27.2
1783944110.709,48.6,27.2
1783944111.734,48.6,27.2
1783944112.758,48.6,27.2
1783944113.792,48.6,27.2
1783944114.826,48.7,27.2
1783944115.86,48.7,27.2
1783944116.894,48.7,27.2
1783944117.929,48.7,27.2
1783944118.964,48.7,27.2
1783944119.999,48.7,27.2
1783944121.032,48.8,27.2
1783944122.064,48.8,27.2
1783944123.097,48.7,27.2
1783944124.13,48.8,27.2
1783944125.155,48.8,27.3
1783944126.181,48.8,27.3
1783944127.211,48.8,27.2
1783944128.236,48.8,27.3
1783944129.261,48.9,27.2
1783944130.286,48.9,27.2
1783944131.31,48.9,27.2
1783944132.335,48.9,27.2
1783944133.359,48.9,27.2
1783944134.391,48.9,27.2
1783944135.416,48.9,27.2
1783944136.45,49.0,27.2
1783944137.482,49.0,27.2
1783944138.515,49.0,27.2
1783944139.548,49.1,27.2
1783944140.581,49.1,27.2
1783944141.614,49.2,27.2
1783944142.639,49.3,27.2
1783944143.663,49.3,27.2
1783944144.687,49.3,27.2
1783944145.724,49.3,27.2
1783944146.754,49.4,27.2
1783944147.78,49.4,27.2
1783944148.804,49.4,27.2
1783944149.829,49.5,27.2
1783944150.862,49.4,27.2
1783944151.897,49.4,27.2
1783944152.931,49.5,27.2
1783944153.956,49.5,27.2
1783944154.982,49.5,27.2
1783944156.016,49.6,27.2
1783944157.04,49.6,27.2
1783944158.075,49.6,27.2
1783944159.099,49.6,27.2
1783944160.123,49.6,27.2
1783944161.156,49.6,27.3
1783944162.188,49.6,27.2
1783944163.213,49.6,27.3
1783944164.246,49.6,27.3
1783944165.279,49.6,27.2
1783944166.311,49.6,27.2
1783944167.343,49.6,27.2
1783944168.37,49.6,27.2
1783944169.403,49.7,27.2
1783944170.436,49.7,27.2
1783944171.469,49.7,27.2
1783944172.495,49.8,27.2
1783944173.52,49.8,27.2
1783944174.544,49.9,27.2
1783944175.57,49.9,27.2
1783944176.595,50.0,27.2
1783944177.62,50.1,27.2
1783944178.643,50.1,27.2
1783944179.667,50.1,27.2
1783944180.691,50.1,27.2
1783944181.715,50.1,27.2
1783944182.739,50.1,27.2
1783944183.764,50.1,27.2
1783944184.797,50.1,27.2
1783944185.826,50.0,27.2
1783944186.851,50.0,27.2
1783944187.884,50.0,27.2
1783944188.917,50.0,27.2
1783944189.95,50.0,27.2
1783944190.982,50.0,27.3
1783944192.015,50.0,27.2
1783944193.047,50.0,27.2
1783944194.079,50.1,27.2
1783944195.111,50.1,27.2
1783944196.135,50.1,27.2
1783944197.168,50.2,27.2
1783944198.201,50.2,27.2
1783944199.234,50.2,27.2
1783944200.268,50.3,27.2
1783944201.292,50.3,27.2
1783944202.324,50.2,27.2
1783944203.356,50.2,27.2
1783944204.391,50.2,27.2
1783944205.427,50.2,27.2
1783944206.454,50.2,27.2
1783944207.481,50.2,27.2
1783944208.514,50.2,27.2
1783944209.538,50.1,27.2
1783944210.571,50.1,27.2
1783944211.596,50.1,27.3
1783944212.62,50.2,27.2
1783944213.644,50.1,27.2
1783944214.668,50.1,27.2
1783944215.691,50.1,27.2
1783944216.715,50.1,27.2
1783944217.739,50.1,27.2
1783944218.771,50.1,27.2
1783944219.804,50.1,27.2
1783944220.836,50.1,27.2
1783944221.868,50.1,27.2
1783944222.901,50.1,27.2
1783944223.934,50.1,27.2
1783944224.961,50.1,27.3
1783944225.995,50.1,27.2
1783944227.02,50.1,27.2
1783944228.044,50.1,27.3
1783944229.068,50.1,27.2
1783944230.095,50.1,27.2
1783944231.12,50.1,27.2
1783944232.144,50.2,27.2
1783944233.168,50.2,27.2
1783944234.2,50.2,27.2
1783944235.232,50.2,27.2
1783944236.264,50.2,27.2
1783944237.297,50.2,27.2
1783944238.328,50.2,27.2
1783944239.36,50.2,27.2
1783944240.392,50.2,27.2
1783944241.425,50.3,27.2
1783944242.458,50.3,27.2
1783944243.491,50.3,27.2
1783944244.525,50.3,27.2
1783944245.551,50.4,27.2
1783944246.578,50.4,27.2
1783944247.61,50.4,27.3
1783944248.642,50.5,27.2
1783944249.665,50.5,27.2
1783944250.697,50.5,27.2
1783944251.73,50.5,27.2
1783944252.762,50.6,27.2
1783944253.795,50.6,27.2
1783944254.827,50.6,27.2
1783944255.859,50.6,27.2
1783944256.891,50.6,27.2
1783944257.915,50.6,27.2
1783944258.939,50.6,27.2
1783944259.963,50.6,27.2
1783944260.987,50.6,27.2
1783944262.019,50.7,27.3
1783944263.052,50.7,27.2
1783944264.085,50.7,27.2
1783944265.12,50.7,27.2
1783944266.148,50.7,27.2
1783944267.175,50.7,27.3
1783944268.21,50.7,27.2
1783944269.244,50.7,27.2
1783944270.279,50.8,27.2
1783944271.313,50.8,27.2
1783944272.348,50.8,27.3
1783944273.383,50.9,27.2
1783944274.408,50.8,27.2
1783944275.434,50.9,27.2
1783944276.46,50.9,27.3
1783944277.486,50.9,27.2
1783944278.511,51.0,27.2
1783944279.536,51.0,27.3
1783944280.561,51.0,27.2
1783944281.588,51.1,27.3
1783944282.621,51.1,27.3
1783944283.655,51.2,27.3
1783944284.692,51.1,27.3
1783944285.72,51.2,27.2
1783944286.745,51.2,27.2
1783944287.78,51.2,27.2
1783944288.814,51.2,27.2
1783944289.848,51.2,27.3
1783944290.883,51.2,27.3
1783944291.917,51.2,27.3
1783944292.95,51.2,27.3
1783944293.974,51.2,27.2
1783944295.008,51.3,27.3
1783944296.042,51.3,27.2
1783944297.075,51.3,27.2
1783944298.109,51.3,27.2
1783944299.143,51.3,27.3
1783944300.17,51.3,27.2
1783944301.195,51.3,27.2
1783944302.22,51.3,27.2
1783944303.245,51.3,27.3
1783944304.28,51.3,27.3
1783944305.317,51.3,27.3
1783944306.349,51.3,27.3
1783944307.377,51.3,27.3
1783944308.41,51.3,27.3
1783944309.445,51.3,27.3
1783944310.48,51.3,27.2
1783944311.514,51.3,27.3
1783944312.548,51.4,27.3
1783944313.582,51.4,27.3
1783944314.616,51.5,27.3
1783944315.65,51.6,27.3
1783944316.684,51.7,27.2
1783944317.719,51.7,27.3
1783944318.753,51.7,27.3
1783944319.788,51.8,27.2
1783944320.822,51.9,27.3
1783944321.857,51.8,27.3
1783944322.883,51.9,27.3
1783944323.908,51.9,27.3
1783944324.933,51.9,27.3
1783944325.961,51.9,27.3
1783944326.99,52.0,27.3
1783944328.017,52.0,27.3
1783944329.051,52.0,27.3
1783944330.085,52.0,27.3
1783944331.119,52.0,27.3
1783944332.154,52.0,27.3
1783944333.178,52.0,27.3
1783944334.212,52.1,27.3
1783944335.246,52.1,27.3
1783944336.28,52.1,27.3
1783944337.315,52.1,27.3
1783944338.348,52.2,27.3
1783944339.382,52.2,27.3
1783944340.416,52.2,27.3
1783944341.45,52.2,27.3
1783944342.484,52.2,27.3
1783944343.517,52.2,27.3
1783944344.551,52.3,27.3
1783944345.586,52.3,27.3
1783944346.624,52.2,27.3
1783944347.655,52.3,27.3
1783944348.681,52.3,27.3
1783944349.707,52.3,27.3
1783944350.732,52.3,27.3
1783944351.766,52.2,27.3
1783944352.8,52.2,27.3
1783944353.826,52.2,27.3
1783944354.851,52.2,27.3
1783944355.876,52.2,27.3
1783944356.911,52.2,27.3
1783944357.944,52.1,27.3
1783944358.969,52.1,27.3
1783944359.992,52.1,27.3
1783944361.025,52.1,27.3
1783944362.058,52.1,27.3
1783944363.092,52.1,27.3
1783944364.116,52.1,27.3
1783944365.141,52.1,27.3
1783944366.174,52.1,27.3
1783944367.201,52.0,27.3
1783944368.229,52.0,27.3
1783944369.254,52.0,27.3
1783944370.282,52.0,27.3
1783944371.306,52.0,27.3
1783944372.33,52.0,27.3
1783944373.354,52.0,27.3
1783944374.378,52.0,27.3
1783944375.403,51.9,27.3
1783944376.428,51.9,27.3
1783944377.452,51.9,27.3
1783944378.476,51.9,27.3
1783944379.5,51.9,27.3
1783944380.533,51.9,27.3
1783944381.565,51.9,27.3
1783944382.598,51.9,27.3
1783944383.633,51.9,27.3
1783944384.659,51.9,27.3
1783944385.694,51.9,27.3
1783944386.72,51.8,27.3
1783944387.746,51.9,27.3
1783944388.779,51.8,27.3
1783944389.804,51.8,27.3
1783944390.827,51.8,27.3
1783944391.851,51.8,27.3
1783944392.875,51.7,27.3
1783944393.907,51.7,27.3
1783944394.939,51.8,27.3
1783944395.972,51.7,27.3
1783944397.004,51.7,27.3
1783944398.036,51.7,27.3
1783944399.068,51.7,27.3
1783944400.1,51.7,27.3
1783944401.132,51.7,27.3
1783944402.164,51.7,27.3
1783944403.196,51.7,27.3
1783944404.228,51.7,27.3
1783944405.262,51.7,27.3
1783944406.291,51.7,27.3
1783944407.318,51.7,27.3
1783944408.352,51.6,27.3
1783944409.385,51.6,27.3
1783944410.419,51.6,27.3
1783944411.452,51.6,27.4
1783944412.484,51.6,27.3
1783944413.517,51.5,27.3
1783944414.55,51.5,27.3
1783944415.583,51.6,27.3
1783944416.616,51.5,27.3
1783944417.648,51.5,27.3
1783944418.671,51.5,27.3
1783944419.704,51.5,27.4
1783944420.728,51.5,27.3
1783944421.752,51.5,27.4
1783944422.775,51.5,27.4
1783944423.799,51.5,27.3
1783944424.823,51.5,27.3
1783944425.851,51.5,27.3
1783944426.881,51.5,27.3
1783944427.911,51.5,27.3
1783944428.943,51.5,27.3
1783944429.975,51.5,27.4
1783944431.008,51.5,27.3
1783944432.041,51.5,27.3
1783944433.065,51.5,27.3
1783944434.098,51.5,27.3
1783944435.123,51.4,27.4
1783944436.147,51.4,27.4
1783944437.171,51.4,27.3
1783944438.195,51.3,27.3
1783944439.227,51.3,27.4
1783944440.26,51.2,27.4
1783944441.292,51.2,27.3
1783944442.325,51.1,27.3
1783944443.357,51.1,27.4
1783944444.39,51.1,27.3
1783944445.416,51.2,27.4
1783944446.441,51.1,27.3
1783944447.466,51.1,27.3
1783944448.498,51.0,27.3
1783944449.527,51.0,27.3
1783944450.56,50.9,27.3
1783944451.592,50.8,27.4
1783944452.625,50.7,27.4
1783944453.658,50.7,27.3
1783944454.683,50.7,27.3
1783944455.716,50.7,27.4
1783944456.748,50.7,27.3
1783944457.782,50.7,27.4
1783944458.815,50.7,27.4
1783944459.839,50.7,27.3
1783944460.876,50.7,27.3
1783944461.908,50.7,27.3
1783944462.94,50.7,27.3
1783944463.973,50.6,27.3
1783944465.005,50.6,27.4
1783944466.038,50.5,27.4
1783944467.067,50.5,27.3
1783944468.096,50.5,27.4
1783944469.123,50.4,27.3
1783944470.147,50.5,27.3
1783944471.17,50.5,27.3
1783944472.193,50.4,27.4
1783944473.217,50.3,27.3
1783944474.241,50.2,27.4
1783944475.264,50.1,27.3
1783944476.29,50.1,27.4
1783944477.322,50.0,27.4
1783944478.347,50.0,27.3
1783944479.371,50.0,27.3
1783944480.396,50.0,27.3
1783944481.419,50.1,27.4
1783944482.459,50.1,27.3
1783944483.493,50.1,27.3
1783944484.527,50.1,27.4
1783944485.563,50.1,27.3
1783944486.588,50.1,27.4
1783944487.615,50.1,27.3
1783944488.65,50.2,27.3
1783944489.684,50.1,27.4
1783944490.718,50.1,27.3
1783944491.751,50.1,27.3
1783944492.786,50.1,27.3
1783944493.82,50.1,27.4
1783944494.853,50.1,27.3
1783944495.888,50.1,27.4
1783944496.923,50.1,27.3
1783944497.957,50.1,27.4
1783944498.992,50.1,27.3
1783944500.026,50.1,27.4
1783944501.06,50.1,27.4
1783944502.086,50.0,27.4
1783944503.12,50.1,27.3
1783944504.156,50.1,27.4
1783944505.19,50.1,27.3
1783944506.225,50.1,27.3
1783944507.253,49.9,27.4
1783944508.283,49.8,27.4
1783944509.318,49.7,27.4
1783944510.353,49.5,27.4
1783944511.387,49.5,27.4
1783944512.422,49.4,27.3
1783944513.456,49.4,27.4
1783944514.49,49.4,27.4
1783944515.521,49.4,27.3
1783944516.546,49.4,27.4
1783944517.572,49.5,27.3
1783944518.597,49.4,27.3
1783944519.623,49.4,27.3
1783944520.648,49.5,27.4
1783944521.675,49.5,27.4
1783944522.71,49.5,27.4
1783944523.737,49.5,27.3
1783944524.764,49.5,27.3
1783944525.791,49.5,27.4
1783944526.82,49.5,27.4
1783944527.85,49.4,27.3
1783944528.884,49.4,27.3
1783944529.91,49.4,27.3
1783944530.944,49.4,27.4
1783944531.979,49.4,27.4
1783944533.012,49.4,27.4
1783944534.046,49.4,27.4
1783944535.08,49.4,27.3
1783944536.104,49.4,27.3
1783944537.139,49.4,27.3
1783944538.164,49.4,27.3
1783944539.198,49.3,27.4
1783944540.223,49.2,27.3
1783944541.252,49.1,27.4
1783944542.288,49.0,27.4
1783944543.313,48.9,27.4
1783944544.348,48.9,27.4
1783944545.372,48.8,27.3
1783944546.41,48.9,27.3
1783944547.438,48.9,27.3
1783944548.464,48.9,27.4
1783944549.499,48.9,27.3
1783944550.533,48.9,27.3
1783944551.567,49.0,27.3
1783944552.602,49.0,27.3
1783944553.636,49.0,27.4
1783944554.67,49.0,27.3
1783944555.705,49.1,27.3
1783944556.739,49.1,27.3
1783944557.774,49.1,27.4
1783944558.807,49.1,27.3
1783944559.842,49.1,27.4
1783944560.876,49.1,27.3
1783944561.911,49.1,27.3
1783944562.944,49.1,27.4
1783944563.971,49.1,27.3
1783944564.995,49.0,27.4
1783944566.02,49.0,27.4
1783944567.048,49.0,27.4
1783944568.078,49.0,27.4
1783944569.105,48.9,27.3
1783944570.13,48.9,27.4
1783944571.154,49.0,27.4
1783944572.178,49.0,27.3
1783944573.203,48.9,27.3
1783944574.235,48.9,27.3
1783944575.268,48.9,27.3
1783944576.291,48.8,27.3
1783944577.324,48.7,27.3
1783944578.357,48.7,27.3
1783944579.39,48.7,27.4
1783944580.414,48.7,27.3
1783944581.447,48.7,27.3
1783944582.479,48.6,27.4
1783944583.503,48.6,27.3
1783944584.535,48.5,27.3
1783944585.56,48.4,27.3
1783944586.594,48.4,27.3
1783944587.624,48.4,27.3
1783944588.649,48.4,27.3
1783944589.683,48.5,27.3
1783944590.707,48.5,27.3
1783944591.74,48.5,27.3
1783944592.773,48.6,27.3
1783944593.806,48.6,27.3
1783944594.838,48.6,27.3
1783944595.871,48.6,27.3
1783944596.903,48.6,27.3
1783944597.935,48.7,27.3
1783944598.968,48.6,27.3
1783944600.001,48.6,27.3
1783944601.034,48.7,27.3
1783944602.067,48.7,27.3
1783944603.1,48.7,27.4
1783944604.133,48.7,27.3
1783944605.166,48.6,27.3
1783944606.19,48.7,27.3
1783944607.223,48.7,27.3
1783944608.251,48.7,27.3
1783944609.281,48.7,27.3
1783944610.304,48.6,27.3
1783944611.338,48.7,27.3
1783944612.363,48.7,27.3
1783944613.388,48.7,27.3
1783944614.412,48.7,27.3
1783944615.436,48.6,27.3
1783944616.461,48.6,27.3
1783944617.486,48.6,27.3
1783944618.51,48.6,27.3
1783944619.543,48.5,27.3
1783944620.576,48.4,27.3
1783944621.609,48.4,27.3
1783944622.634,48.4,27.3
1783944623.666,48.4,27.3
1783944624.699,48.4,27.3
1783944625.732,48.3,27.3
1783944626.767,48.3,27.3
1783944627.793,48.3,27.3
1783944628.82,48.2,27.3
1783944629.855,48.2,27.3
1783944630.906,48.2,27.3
1783944631.963,48.1,27.3
1783944632.997,48.1,27.3
1783944634.03,48.1,27.3
1783944635.063,48.1,27.3
1783944636.087,48.1,27.3
1783944637.12,48.1,27.3
1783944638.154,48.1,27.3
1783944639.186,48.1,27.3
1783944640.219,48.1,27.3
1783944641.251,48.0,27.3
1783944642.283,48.0,27.3
1783944643.316,48.1,27.3
1783944644.348,48.0,27.3
1783944645.38,48.0,27.3
1783944646.412,48.1,27.3
1783944647.446,48.0,27.3
1783944648.475,48.1,27.3
1783944649.503,48.0,27.3
1783944650.536,48.1,27.3
1783944651.569,48.1,27.3
1783944652.602,48.0,27.3
1783944653.636,48.0,27.3
1783944654.669,47.9,27.3
1783944655.695,47.8,27.3
1783944656.719,47.8,27.3
1783944657.743,47.8,27.3
1783944658.767,47.8,27.3
1783944659.792,47.8,27.3
1783944660.817,47.8,27.3
1783944661.841,47.7,27.3
1783944662.866,47.7,27.3
1783944663.89,47.6,27.3
1783944664.918,47.6,27.3
1783944665.944,47.5,27.3
1783944666.972,47.5,27.3
1783944667.998,47.4,27.3
1783944669.022,47.4,27.2
1783944670.047,47.4,27.3
1783944671.072,47.4,27.3
1783944672.107,47.3,27.3
1783944673.143,47.3,27.3
1783944674.178,47.3,27.3
1783944675.203,47.4,27.3
1783944676.237,47.4,27.3
1783944677.27,47.4,27.3
1783944678.303,47.4,27.3
1783944679.336,47.4,27.3
1783944680.369,47.4,27.3
1783944681.402,47.4,27.3
1783944682.435,47.4,27.3
1783944683.468,47.4,27.3
1783944684.501,47.3,27.2
1783944685.534,47.3,27.3
1783944686.571,47.3,27.3
1783944687.596,47.2,27.2
1783944688.62,47.2,27.3
1783944689.653,47.1,27.3
1783944690.686,47.1,27.3
1783944691.719,47.0,27.3
1783944692.751,47.0,27.3
1783944693.783,47.0,27.3
1783944694.815,47.1,27.3
1783944695.848,47.1,27.2
1783944696.88,47.1,27.2
1783944697.913,47.2,27.3
1783944698.946,47.2,27.3
1783944699.979,47.2,27.3
1783944701.012,47.3,27.3
1783944702.045,47.3,27.3
1783944703.078,47.2,27.2
1783944704.102,47.3,27.3
1783944705.127,47.3,27.2
1783944706.153,47.3,27.2
1783944707.179,47.3,27.3
1783944708.219,47.3,27.2
1783944709.244,47.3,27.2
1783944710.277,47.3,27.3
1783944711.31,47.3,27.2
1783944712.343,47.4,27.2
1783944713.376,47.4,27.2
1783944714.409,47.4,27.2
1783944715.442,47.4,27.2
1783944716.474,47.4,27.3
1783944717.507,47.5,27.2
1783944718.539,47.5,27.2
1783944719.572,47.4,27.2
1783944720.6,47.5,27.2
1783944721.634,47.5,27.3
1783944722.67,47.5,27.2
1783944723.703,47.5,27.2
1783944724.735,47.5,27.2
1783944725.768,47.5,27.2
1783944726.801,47.6,27.2
1783944727.836,47.6,27.2
1783944728.872,47.6,27.2
1783944729.899,47.6,27.2
1783944730.924,47.6,27.2
1783944731.958,47.7,27.2
1783944732.983,47.7,27.2
1783944734.016,47.7,27.2
1783944735.05,47.7,27.2
1783944736.083,47.7,27.2
1783944737.116,47.8,27.2
1783944738.14,47.8,27.2
1783944739.173,47.9,27.2
1783944740.207,47.9,27.2
1783944741.241,47.9,27.2
1783944742.275,48.0,27.2
1783944743.31,48.0,27.2
1783944744.344,48.0,27.2
1783944745.378,48.1,27.2
1783944746.412,48.1,27.2
1783944747.446,48.1,27.2
1783944748.481,48.1,27.2
1783944749.51,48.1,27.2
1783944750.539,48.1,27.2
1783944751.57,48.1,27.2
1783944752.595,48.1,27.2
1783944753.62,48.2,27.2
1783944754.645,48.2,27.2
1783944755.67,48.2,27.2
1783944756.698,48.2,27.2
1783944757.732,48.3,27.2
1783944758.766,48.3,27.2
1783944759.801,48.3,27.2
1783944760.835,48.3,27.2
1783944761.868,48.4,27.2
1783944762.901,48.4,27.2
1783944763.926,48.4,27.2
1783944764.961,48.5,27.2
1783944765.995,48.5,27.2
1783944767.03,48.5,27.2
1783944768.064,48.5,27.2
1783944769.101,48.6,27.2
1783944770.129,48.6,27.2
1783944771.158,48.6,27.2
1783944772.193,48.6,27.2
1783944773.218,48.7,27.2
1783944774.252,48.7,27.2
1783944775.278,48.7,27.2
1783944776.312,48.7,27.2
1783944777.346,48.7,27.2
1783944778.372,48.7,27.2
1783944779.406,48.7,27.2
1783944780.434,48.7,27.2
1783944781.468,48.7,27.2
1783944782.502,48.7,27.2
1783944783.537,48.7,27.2
1783944784.571,48.7,27.2
1783944785.606,48.7,27.2
1783944786.64,48.7,27.2
1783944787.674,48.7,27.2
1783944788.708,48.7,27.2
1783944789.747,48.7,27.2
1783944790.772,48.8,27.2
1783944791.799,48.8,27.2
1783944792.832,48.8,27.2
1783944793.866,48.9,27.2
1783944794.901,48.9,27.2
1783944795.927,48.9,27.2
1783944796.952,49.0,27.2
1783944797.978,49.1,27.2
1783944799.003,49.1,27.2
1783944800.028,49.2,27.2
1783944801.052,49.3,27.2
1783944802.077,49.3,27.2
1783944803.103,49.4,27.2
1783944804.128,49.4,27.2
1783944805.152,49.5,27.2
1783944806.177,49.6,27.2
1783944807.202,49.6,27.2
1783944808.239,49.6,27.2
1783944809.265,49.7,27.2
1783944810.292,49.7,27.2
1783944811.316,49.7,27.2
1783944812.342,49.7,27.2
1783944813.376,49.7,27.2
1783944814.41,49.7,27.2
1783944815.444,49.7,27.2
1783944816.47,49.7,27.2
1783944817.495,49.8,27.2
1783944818.528,49.8,27.2
1783944819.56,49.8,27.2
1783944820.593,49.8,27.2
1783944821.618,49.8,27.2
1783944822.643,49.8,27.2
1783944823.676,49.8,27.2
1783944824.709,49.8,27.2
1783944825.741,49.9,27.2
1783944826.765,49.9,27.2
1783944827.802,49.9,27.2
1783944828.831,49.8,27.2
1783944829.864,49.9,27.2
1783944830.899,49.9,27.2
1783944831.934,49.9,27.2
1783944832.968,49.8,27.2
1783944834.002,49.9,27.2
1783944835.027,49.9,27.2
1783944836.053,49.8,27.2
1783944837.077,49.8,27.2
1783944838.104,49.8,27.2
1783944839.137,49.8,27.2
1783944840.171,49.8,27.2
1783944841.205,49.8,27.2
1783944842.239,49.8,27.2
1783944843.273,49.8,27.2
1783944844.307,49.8,27.2
1783944845.341,49.8,27.2
1783944846.366,49.8,27.2
1783944847.391,49.8,27.2
1783944848.428,49.8,27.2
1783944849.454,49.8,27.2
1783944850.483,49.8,27.2
1783944851.508,49.8,27.2
1783944852.534,49.8,27.2
1783944853.558,49.8,27.2
1783944854.582,49.8,27.2
1783944855.607,49.8,27.2
1783944856.64,49.9,27.2
1783944857.673,49.8,27.2
1783944858.698,49.9,27.2
1783944859.723,49.9,27.2
1783944860.755,49.9,27.2
1783944861.788,49.9,27.2
1783944862.821,49.9,27.2
1783944863.846,49.9,27.2
1783944864.87,49.9,27.2
1783944865.903,49.9,27.2
1783944866.936,50.0,27.2
1783944867.972,49.9,27.2
1783944869.001,49.9,27.2
1783944870.029,49.9,27.2
1783944871.063,49.9,27.2
1783944872.089,49.9,27.2
1783944873.114,49.9,27.2
1783944874.147,50.0,27.2
1783944875.181,50.0,27.2
1783944876.214,50.0,27.2
1783944877.239,50.0,27.2
1783944878.263,50.1,27.2
1783944879.288,50.1,27.2
1783944880.315,50.1,27.2
1783944881.349,50.2,27.2
1783944882.384,50.2,27.2
1783944883.418,50.3,27.2
1783944884.452,50.3,27.2
1783944885.485,50.3,27.2
1783944886.519,50.4,27.2
1783944887.555,50.4,27.2
1783944888.582,50.4,27.2
1783944889.608,50.4,27.2
1783944890.641,50.4,27.2
1783944891.675,50.4,27.2
1783944892.709,50.5,27.2
1783944893.744,50.5,27.2
1783944894.778,50.5,27.2
1783944895.804,50.5,27.2
1783944896.828,50.6,27.2
1783944897.854,50.7,27.2
1783944898.889,50.6,27.2
1783944899.914,50.7,27.2
1783944900.939,50.7,27.2
1783944901.964,50.7,27.2
1783944902.99,50.7,27.2
1783944904.015,50.8,27.2
1783944905.041,50.7,27.2
1783944906.066,50.7,27.2
1783944907.093,50.8,27.2
1783944908.122,50.7,27.2
1783944909.147,50.7,27.2
1783944910.183,50.8,27.2
1783944911.208,50.8,27.2
1783944912.233,50.8,27.2
1783944913.268,50.8,27.2
1783944914.301,50.8,27.2
1783944915.334,50.8,27.2
1783944916.361,50.8,27.2
1783944917.394,50.8,27.2
1783944918.427,50.8,27.2
1783944919.452,50.9,27.2
1783944920.476,50.9,27.2
1783944921.5,50.9,27.2
1783944922.524,50.9,27.2
1783944923.557,50.9,27.2
1783944924.59,51.0,27.2
1783944925.623,51.0,27.2
1783944926.656,51.0,27.2
1783944927.682,51.0,27.2
1783944928.708,51.1,27.3
1783944929.731,51.1,27.3
1783944930.763,51.1,27.2
1783944931.796,51.1,27.3
1783944932.829,51.1,27.2
1783944933.862,51.1,27.2
1783944934.895,51.2,27.2
1783944935.928,51.2,27.2
1783944936.96,51.2,27.2
1783944937.992,51.2,27.2
1783944939.024,51.2,27.2
1783944940.057,51.2,27.3
1783944941.089,51.2,27.2
1783944942.122,51.2,27.2
1783944943.147,51.2,27.2
1783944944.18,51.2,27.3
1783944945.213,51.2,27.3
1783944946.238,51.3,27.2
1783944947.269,51.3,27.2
1783944948.298,51.3,27.2
1783944949.324,51.3,27.2
1783944950.349,51.3,27.2
1783944951.374,51.4,27.2
1783944952.398,51.4,27.2
1783944953.422,51.4,27.2
1783944954.456,51.3,27.2
1783944955.489,51.3,27.2
1783944956.522,51.3,27.2
1783944957.555,51.3,27.3
1783944958.588,51.3,27.3
1783944959.621,51.3,27.2
1783944960.645,51.3,27.2
1783944961.679,51.3,27.2
1783944962.712,51.3,27.3
1783944963.745,51.3,27.3
1783944964.771,51.3,27.3
1783944965.795,51.3,27.3
1783944966.821,51.3,27.2
1783944967.847,51.3,27.2
1783944968.873,51.3,27.2
1783944969.906,51.3,27.3
1783944970.938,51.3,27.2
1783944971.971,51.3,27.3
1783944973.003,51.3,27.3
1783944974.036,51.3,27.3
1783944975.068,51.3,27.3
1783944976.1,51.3,27.2
1783944977.132,51.4,27.3
1783944978.164,51.4,27.3
1783944979.196,51.4,27.3
1783944980.228,51.4,27.3
1783944981.26,51.4,27.2
1783944982.293,51.4,27.3
1783944983.326,51.4,27.3
1783944984.35,51.4,27.3
1783944985.383,51.4,27.3
1783944986.416,51.5,27.3
1783944987.45,51.5,27.3
1783944988.476,51.5,27.3
1783944989.503,51.5,27.3
1783944990.534,51.6,27.3
1783944991.567,51.6,27.3
1783944992.6,51.7,27.3
1783944993.634,51.7,27.3
1783944994.658,51.7,27.3
1783944995.684,51.8,27.3
1783944996.71,51.8,27.3
1783944997.735,51.9,27.3
1783944998.761,51.9,27.3
1783944999.787,51.9,27.3
1783945000.812,51.9,27.3
1783945001.836,51.9,27.3
1783945002.87,51.9,27.3
1783945003.896,51.9,27.3
1783945004.93,51.9,27.3
1783945005.964,51.9,27.3
1783945007.002,51.9,27.3
1783945008.032,51.9,27.3
1783945009.06,52.0,27.3
1783945010.087,51.9,27.3
1783945011.112,52.0,27.3
1783945012.138,52.0,27.3
1783945013.163,52.0,27.3
1783945014.198,52.0,27.3
1783945015.222,52.0,27.3
1783945016.257,52.0,27.3
1783945017.291,52.0,27.3
1783945018.325,52.0,27.3
1783945019.36,51.9,27.3
1783945020.395,51.9,27.3
1783945021.43,51.9,27.3
1783945022.464,51.9,27.3
1783945023.497,51.9,27.3
1783945024.53,51.9,27.3
1783945025.563,51.9,27.3
1783945026.593,51.9,27.3
1783945027.63,51.9,27.3
1783945028.657,51.8,27.3
1783945029.683,51.9,27.3
1783945030.718,51.8,27.3
1783945031.743,51.9,27.3
1783945032.776,51.9,27.3
1783945033.809,51.8,27.3
1783945034.842,51.8,27.3
1783945035.875,51.8,27.3
1783945036.899,51.8,27.3
1783945037.932,51.8,27.3
1783945038.966,51.8,27.3
1783945040.0,51.8,27.3
1783945041.034,51.8,27.3
1783945042.06,51.8,27.3
1783945043.085,51.8,27.3
1783945044.111,51.8,27.3
1783945045.136,51.7,27.3
1783945046.161,51.7,27.3
1783945047.187,51.7,27.3
1783945048.213,51.7,27.3
1783945049.241,51.7,27.3
1783945050.275,51.7,27.3
1783945051.31,51.6,27.3
1783945052.335,51.6,27.3
1783945053.36,51.6,27.3
1783945054.386,51.6,27.3
1783945055.411,51.6,27.3
1783945056.45,51.6,27.3
1783945057.485,51.6,27.3
1783945058.52,51.6,27.3
1783945059.555,51.5,27.3
1783945060.589,51.5,27.3
1783945061.623,51.5,27.3
1783945062.658,51.5,27.3
1783945063.692,51.4,27.3
1783945064.727,51.4,27.3
1783945065.76,51.4,27.3
1783945066.795,51.4,27.3
1783945067.823,51.3,27.3
1783945068.852,51.4,27.3
1783945069.878,51.3,27.3
1783945070.903,51.3,27.3
1783945071.937,51.4,27.3
1783945072.962,51.4,27.3
1783945073.996,51.4,27.3
1783945075.03,51.4,27.3
1783945076.056,51.4,27.3
1783945077.09,51.4,27.3
1783945078.115,51.4,27.3
1783945079.149,51.3,27.3
1783945080.183,51.3,27.3
1783945081.209,51.3,27.3
1783945082.243,51.3,27.4
1783945083.268,51.3,27.3
1783945084.302,51.3,27.3
1783945085.336,51.3,27.3
1783945086.37,51.3,27.3
1783945087.406,51.3,27.3
1783945088.434,51.2,27.3
1783945089.46,51.2,27.4
1783945090.495,51.1,27.4
1783945091.53,51.1,27.4
1783945092.557,51.1,27.3
1783945093.582,51.1,27.3
1783945094.607,51.1,27.3
1783945095.632,51.1,27.3
1783945096.658,51.1,27.3
1783945097.683,51.1,27.3
1783945098.709,51.1,27.3
1783945099.733,51.1,27.3
1783945100.768,51.1,27.3
1783945101.802,51.0,27.3
1783945102.837,51.0,27.3
1783945103.872,51.0,27.3
1783945104.906,51.0,27.3
1783945105.94,50.9,27.3
1783945106.974,50.9,27.4
1783945108.002,50.9,27.3
1783945109.029,50.8,27.3
1783945110.064,50.8,27.3
1783945111.098,50.8,27.3
1783945112.133,50.7,27.4
1783945113.16,50.7,27.3
1783945114.185,50.6,27.3
1783945115.219,50.5,27.4
1783945116.253,50.5,27.3
1783945117.288,50.5,27.3
1783945118.314,50.5,27.3
1783945119.339,50.5,27.4
1783945120.372,50.4,27.3
1783945121.406,50.3,27.3
1783945122.432,50.2,27.4
1783945123.457,50.1,27.3
1783945124.492,50.0,27.4
1783945125.526,50.0,27.4
1783945126.561,49.9,27.3
1783945127.585,49.9,27.4
1783945128.614,49.9,27.4
1783945129.653,49.9,27.3
1783945130.687,49.9,27.4
1783945131.721,49.9,27.3
1783945132.754,50.0,27.3
1783945133.787,49.9,27.4
1783945134.811,50.0,27.4
1783945135.846,50.0,27.4
1783945136.88,50.1,27.4
1783945137.915,50.1,27.3
1783945138.94,50.1,27.4
1783945139.965,50.1,27.3
1783945140.999,50.1,27.4
1783945142.024,50.2,27.4
1783945143.049,50.2,27.3
1783945144.075,50.2,27.3
1783945145.1,50.2,27.4
1783945146.125,50.1,27.4
1783945147.152,50.1,27.4
1783945148.177,50.0,27.4
1783945149.202,50.0,27.4
1783945150.229,50.0,27.3
1783945151.262,49.9,27.3
1783945152.289,49.9,27.3
1783945153.314,49.9,27.4
1783945154.348,49.9,27.3
1783945155.372,49.8,27.4
1783945156.406,49.6,27.4
1783945157.439,49.5,27.3
1783945158.473,49.5,27.4
1783945159.507,49.4,27.4
1783945160.532,49.4,27.4
1783945161.566,49.4,27.4
1783945162.599,49.4,27.3
1783945163.633,49.4,27.3
1783945164.667,49.4,27.4
1783945165.692,49.4,27.3
1783945166.727,49.4,27.4
1783945167.756,49.4,27.3
1783945168.784,49.4,27.4
1783945169.818,49.4,27.3
1783945170.853,49.4,27.4
1783945171.878,49.5,27.3
1783945172.913,49.5,27.4
1783945173.947,49.4,27.3
1783945174.982,49.5,27.3
1783945176.016,49.5,27.4
1783945177.05,49.5,27.3
1783945178.084,49.5,27.4
1783945179.118,49.5,27.4
1783945180.153,49.5,27.3
1783945181.189,49.5,27.4
1783945182.222,49.5,27.4
1783945183.256,49.5,27.4
1783945184.281,49.5,27.4
1783945185.305,49.5,27.3
1783945186.332,49.5,27.3
1783945187.357,49.5,27.3
1783945188.384,49.6,27.3
1783945189.414,49.5,27.3
1783945190.448,49.6,27.3
1783945191.482,49.6,27.3
1783945192.508,49.5,27.4
1783945193.542,49.5,27.3
1783945194.576,49.4,27.4
1783945195.61,49.4,27.4
1783945196.646,49.4,27.4
1783945197.671,49.4,27.3
1783945198.696,49.4,27.4
1783945199.721,49.4,27.3
1783945200.743,49.4,27.4
1783945201.767,49.4,27.4
1783945202.791,49.4,27.4
1783945203.819,49.4,27.3
1783945204.852,49.4,27.3
1783945205.876,49.4,27.3
1783945206.902,49.4,27.3
1783945207.928,49.4,27.4
1783945208.962,49.4,27.3
1783945209.995,49.4,27.4
1783945211.028,49.5,27.4
1783945212.061,49.4,27.4
1783945213.094,49.4,27.3
1783945214.127,49.4,27.4
1783945215.16,49.4,27.3
1783945216.193,49.4,27.4
1783945217.226,49.4,27.3
1783945218.259,49.4,27.4
1783945219.292,49.4,27.3
1783945220.326,49.3,27.3
1783945221.359,49.3,27.4
1783945222.392,49.3,27.4
1783945223.424,49.2,27.3
1783945224.457,49.2,27.3
1783945225.49,49.2,27.3
1783945226.523,49.2,27.3
1783945227.557,49.2,27.3
1783945228.585,49.1,27.3
1783945229.611,49.0,27.4
1783945230.634,49.0,27.3
1783945231.678,49.0,27.3
1783945232.747,49.0,27.3
1783945233.779,48.9,27.3
1783945234.803,48.9,27.3
1783945235.836,48.8,27.4
1783945236.868,48.8,27.3
1783945237.901,48.7,27.4
1783945238.935,48.7,27.3
1783945239.968,48.6,27.3
1783945241.001,48.6,27.3
1783945242.034,48.6,27.3
1783945243.059,48.5,27.3
1783945244.092,48.5,27.3
1783945245.118,48.4,27.3
1783945246.142,48.4,27.3
1783945247.166,48.4,27.3
1783945248.191,48.3,27.3
1783945249.221,48.3,27.3
1783945250.246,48.3,27.3
1783945251.27,48.3,27.3
1783945252.295,48.3,27.3
1783945253.328,48.2,27.3
1783945254.36,48.2,27.3
1783945255.393,48.2,27.3
1783945256.426,48.2,27.3
1783945257.459,48.3,27.3
1783945258.492,48.3,27.3
1783945259.526,48.3,27.3
1783945260.559,48.3,27.3
1783945261.592,48.3,27.3
1783945262.616,48.4,27.3
1783945263.649,48.4,27.3
1783945264.682,48.4,27.3
1783945265.715,48.3,27.3
1783945266.75,48.4,27.3
1783945267.784,48.4,27.3
1783945268.815,48.4,27.3
1783945269.846,48.4,27.3
1783945270.871,48.4,27.3
1783945271.903,48.4,27.3
1783945272.935,48.4,27.3
1783945273.969,48.4,27.3
1783945275.002,48.4,27.3
1783945276.025,48.4,27.3
1783945277.049,48.4,27.3
1783945278.082,48.4,27.3
1783945279.114,48.3,27.3
1783945280.138,48.3,27.3
1783945281.163,48.3,27.3
1783945282.187,48.3,27.3
1783945283.222,48.3,27.3
1783945284.256,48.3,27.3
1783945285.29,48.3,27.3
1783945286.324,48.3,27.3
1783945287.359,48.3,27.3
1783945288.396,48.3,27.3
1783945289.427,48.3,27.3
1783945290.455,48.3,27.3
1783945291.488,48.2,27.3
1783945292.513,48.1,27.3
1783945293.537,48.0,27.3
1783945294.57,47.9,27.3
1783945295.602,47.8,27.3
1783945296.635,47.8,27.3
1783945297.668,47.8,27.3
1783945298.693,47.8,27.3
1783945299.718,47.9,27.3
1783945300.742,48.0,27.3
1783945301.766,48.0,27.3
1783945302.791,48.0,27.3
1783945303.815,48.1,27.3
1783945304.841,48.1,27.3
1783945305.874,48.1,27.3
1783945306.907,48.2,27.3
1783945307.932,48.1,27.3
1783945308.96,48.2,27.3
1783945309.99,48.3,27.3
1783945311.015,48.2,27.3
1783945312.049,48.2,27.3
1783945313.083,48.2,27.3
1783945314.118,48.3,27.3
1783945315.153,48.2,27.3
1783945316.188,48.2,27.3
1783945317.222,48.2,27.3
1783945318.256,48.3,27.3
1783945319.291,48.2,27.3
1783945320.325,48.2,27.3
1783945321.36,48.2,27.3
1783945322.394,48.2,27.3
1783945323.428,48.2,27.3
1783945324.462,48.1,27.3
1783945325.488,48.0,27.3
1783945326.512,48.0,27.3
1783945327.547,48.0,27.3
1783945328.595,48.0,27.3
1783945329.634,48.0,27.3
1783945330.664,47.9,27.3
1783945331.691,48.0,27.3
1783945332.725,47.9,27.3
1783945333.76,47.9,27.3
1783945334.795,47.9,27.3
1783945335.829,47.8,27.3
1783945336.863,47.7,27.3
1783945337.898,47.7,27.3
1783945338.933,47.6,27.3
1783945339.958,47.6,27.3
1783945340.992,47.5,27.3
1783945342.026,47.5,27.3
1783945343.061,47.5,27.3
1783945344.094,47.5,27.3
1783945345.119,47.5,27.3
1783945346.154,47.5,27.3
1783945347.189,47.5,27.3
1783945348.227,47.5,27.3
1783945349.253,47.5,27.3
1783945350.281,47.5,27.3
1783945351.313,47.5,27.3
1783945352.341,47.5,27.3
1783945353.371,47.5,27.3
1783945354.396,47.5,27.3
1783945355.422,47.5,27.3
1783945356.448,47.4,27.3
1783945357.474,47.5,27.3
1783945358.508,47.5,27.3
1783945359.542,47.5,27.3
1783945360.576,47.4,27.3
1783945361.612,47.3,27.3
1783945362.637,47.3,27.2
1783945363.672,47.2,27.3
1783945364.706,47.2,27.3
1783945365.74,47.2,27.3
1783945366.775,47.2,27.3
1783945367.808,47.2,27.3
1783945368.842,47.2,27.3
1783945369.876,47.2,27.3
1783945370.903,47.2,27.3
1783945371.931,47.2,27.3
1783945372.961,47.2,27.3
1783945373.998,47.2,27.3
1783945375.032,47.2,27.2
1783945376.058,47.2,27.2
1783945377.083,47.2,27.3
1783945378.117,47.4,27.2
1783945379.152,47.4,27.2
1783945380.185,47.4,27.3
1783945381.21,47.5,27.3
1783945382.236,47.5,27.2
1783945383.263,47.5,27.2
1783945384.291,47.5,27.2
1783945385.323,47.5,27.3
1783945386.347,47.5,27.3
1783945387.371,47.5,27.2
1783945388.403,47.5,27.2
1783945389.436,47.5,27.2
1783945390.47,47.5,27.2
1783945391.498,47.5,27.2
1783945392.529,47.5,27.2
1783945393.563,47.6,27.3
1783945394.596,47.6,27.2
1783945395.63,47.6,27.2
1783945396.663,47.6,27.2
1783945397.696,47.6,27.3
1783945398.729,47.7,27.2
1783945399.754,47.7,27.2
1783945400.777,47.7,27.2
1783945401.802,47.6,27.2
1783945402.825,47.7,27.2
1783945403.85,47.7,27.2
1783945404.875,47.7,27.3
1783945405.899,47.7,27.3
1783945406.922,47.8,27.2
1783945407.948,47.8,27.2
1783945408.973,47.8,27.2
1783945410.001,47.8,27.2
1783945411.028,47.8,27.2
1783945412.055,47.8,27.2
1783945413.089,47.9,27.2
1783945414.116,47.9,27.3
1783945415.15,47.9,27.2
1783945416.184,47.9,27.2
1783945417.218,47.9,27.2
1783945418.253,47.9,27.2
1783945419.287,48.0,27.2
1783945420.32,48.0,27.2
1783945421.346,48.0,27.2
1783945422.371,48.0,27.2
1783945423.396,48.0,27.2
1783945424.429,48.0,27.2
1783945425.463,48.1,27.2
1783945426.496,48.1,27.2
1783945427.521,48.1,27.2
1783945428.546,48.1,27.2
1783945429.581,48.2,27.2
1783945430.611,48.2,27.2
1783945431.636,48.3,27.2
1783945432.669,48.3,27.2
1783945433.693,48.4,27.2
1783945434.727,48.4,27.2
1783945435.761,48.5,27.2
1783945436.794,48.5,27.2
1783945437.828,48.7,27.2
1783945438.854,48.7,27.2
1783945439.881,48.7,27.2
1783945440.906,48.7,27.2
1783945441.932,48.8,27.2
1783945442.956,48.8,27.2
1783945443.983,48.8,27.2
1783945445.01,48.9,27.2
1783945446.043,48.9,27.2
1783945447.076,49.0,27.2
1783945448.11,49.1,27.2
1783945449.145,49.1,27.2
1783945450.175,49.1,27.2
1783945451.202,49.1,27.2
1783945452.236,49.2,27.2
1783945453.27,49.2,27.2
1783945454.304,49.2,27.2
1783945455.338,49.2,27.2
1783945456.372,49.2,27.2
1783945457.406,49.2,27.2
1783945458.432,49.3,27.2
1783945459.457,49.3,27.2
1783945460.482,49.3,27.2
1783945461.507,49.3,27.2
1783945462.533,49.3,27.2
1783945463.557,49.3,27.2
1783945464.581,49.3,27.2
1783945465.606,49.4,27.2
1783945466.63,49.4,27.2
1783945467.656,49.4,27.2
1783945468.693,49.4,27.2
1783945469.724,49.3,27.2
1783945470.751,49.4,27.2
1783945471.784,49.4,27.2
1783945472.809,49.4,27.2
1783945473.843,49.4,27.2
1783945474.868,49.4,27.2
1783945475.902,49.4,27.2
1783945476.938,49.4,27.2
1783945477.972,49.5,27.2
1783945479.007,49.5,27.2
1783945480.032,49.5,27.2
1783945481.059,49.5,27.2
1783945482.084,49.5,27.2
1783945483.109,49.6,27.2
1783945484.134,49.6,27.2
1783945485.16,49.6,27.2
1783945486.186,49.6,27.2
1783945487.212,49.6,27.2
1783945488.245,49.6,27.2
1783945489.272,49.7,27.2
1783945490.297,49.7,27.2
1783945491.323,49.8,27.2
1783945492.348,49.8,27.2
1783945493.382,49.8,27.2
1783945494.416,49.9,27.2
1783945495.442,49.9,27.2
1783945496.476,50.0,27.2
1783945497.51,50.0,27.2
1783945498.545,50.0,27.2
1783945499.578,50.0,27.2
1783945500.604,50.0,27.2
1783945501.637,49.9,27.2
1783945502.672,49.9,27.2
1783945503.707,50.0,27.2
1783945504.742,50.0,27.2
1783945505.776,50.0,27.2
1783945506.81,50.0,27.2
1783945507.847,50.0,27.2
1783945508.876,50.0,27.2
1783945509.904,50.0,27.2
1783945510.939,50.0,27.2
1783945511.965,50.0,27.2
1783945512.992,50.0,27.2
1783945514.018,50.0,27.2
1783945515.043,50.0,27.2
1783945516.068,50.0,27.2
1783945517.093,50.0,27.2
1783945518.117,50.0,27.2
1783945519.143,50.0,27.2
1783945520.177,50.1,27.2
1783945521.211,50.1,27.2
1783945522.245,50.1,27.2
1783945523.28,50.2,27.2
1783945524.305,50.2,27.2
1783945525.33,50.2,27.2
1783945526.354,50.3,27.2
1783945527.381,50.3,27.2
1783945528.41,50.3,27.2
1783945529.444,50.3,27.2
1783945530.479,50.3,27.2
1783945531.513,50.3,27.2
1783945532.547,50.3,27.2
1783945533.582,50.4,27.2
1783945534.616,50.5,27.2
1783945535.65,50.6,27.2
1783945536.684,50.6,27.2
1783945537.719,50.6,27.2
1783945538.753,50.8,27.2
1783945539.788,50.8,27.2
1783945540.822,50.8,27.2
1783945541.856,50.8,27.2
1783945542.891,50.8,27.2
1783945543.924,50.9,27.2
1783945544.959,50.8,27.2
1783945545.993,50.8,27.2
1783945547.027,50.8,27.2
1783945548.064,50.8,27.2
1783945549.09,50.8,27.2
1783945550.115,50.8,27.2
1783945551.149,50.8,27.2
1783945552.184,50.8,27.2
1783945553.217,50.8,27.2
1783945554.25,50.8,27.2
1783945555.283,50.8,27.2
1783945556.316,50.8,27.2
1783945557.34,50.7,27.2
1783945558.366,50.8,27.2
1783945559.391,50.8,27.2
1783945560.415,50.9,27.2
1783945561.439,50.9,27.2
1783945562.463,50.9,27.2
1783945563.488,50.8,27.2
1783945564.512,50.8,27.2
1783945565.536,50.8,27.2
1783945566.562,50.8,27.2
1783945567.587,50.8,27.2
1783945568.615,50.8,27.2
1783945569.656,50.8,27.2
1783945570.681,50.8,27.3
1783945571.705,50.8,27.2
1783945572.738,50.8,27.3
1783945573.772,50.8,27.3
1783945574.804,50.8,27.2
1783945575.838,50.9,27.2
1783945576.872,50.8,27.2
1783945577.907,50.9,27.2
1783945578.941,50.9,27.3
1783945579.976,50.9,27.2
1783945581.0,50.9,27.2
1783945582.035,51.0,27.3
1783945583.069,51.0,27.2
1783945584.103,51.1,27.3
1783945585.137,51.2,27.2
1783945586.171,51.2,27.3
1783945587.205,51.3,27.2
1783945588.243,51.3,27.3
1783945589.273,51.3,27.2
1783945590.298,51.3,27.2
1783945591.333,51.3,27.3
1783945592.367,51.4,27.3
1783945593.401,51.4,27.2
1783945594.436,51.4,27.3
1783945595.47,51.4,27.3
1783945596.504,51.4,27.2
1783945597.539,51.4,27.3
1783945598.573,51.4,27.3
1783945599.608,51.4,27.3
1783945600.642,51.4,27.3
1783945601.678,51.4,27.3
1783945602.716,51.4,27.3
1783945603.743,51.4,27.3
1783945604.768,51.4,27.3
1783945605.793,51.4,27.3
1783945606.818,51.4,27.3
1783945607.843,51.4,27.3
1783945608.872,51.4,27.3
1783945609.902,51.4,27.3
1783945610.928,51.4,27.3
1783945611.953,51.4,27.3
1783945612.979,51.4,27.3
1783945614.004,51.4,27.3
1783945615.038,51.5,27.3
1783945616.072,51.5,27.3
1783945617.107,51.5,27.3
1783945618.141,51.6,27.3
1783945619.175,51.6,27.3
1783945620.209,51.6,27.3
1783945621.242,51.6,27.3
1783945622.275,51.7,27.3
1783945623.308,51.7,27.3
1783945624.341,51.7,27.3
1783945625.374,51.7,27.3
1783945626.407,51.7,27.3
1783945627.44,51.7,27.3
1783945628.476,51.7,27.3
1783945629.504,51.7,27.3
1783945630.53,51.7,27.3
1783945631.563,51.7,27.3
1783945632.596,51.6,27.3
1783945633.629,51.7,27.3
1783945634.662,51.6,27.3
1783945635.694,51.6,27.3
1783945636.727,51.6,27.3
1783945637.76,51.6,27.3
1783945638.784,51.6,27.3
1783945639.817,51.6,27.3
1783945640.848,51.7,27.3
1783945641.881,51.7,27.3
1783945642.915,51.7,27.3
1783945643.95,51.8,27.3
1783945644.984,51.8,27.3
1783945646.019,51.8,27.3
1783945647.053,51.8,27.3
1783945648.087,51.8,27.3
1783945649.122,51.8,27.3
1783945650.156,51.8,27.3
1783945651.182,51.8,27.3
1783945652.216,51.8,27.3
1783945653.24,51.8,27.3
1783945654.265,51.7,27.3
1783945655.29,51.7,27.3
1783945656.315,51.7,27.3
1783945657.342,51.7,27.3
1783945658.368,51.8,27.3
1783945659.398,51.8,27.3
1783945660.424,51.8,27.3
1783945661.449,51.8,27.3
1783945662.484,51.8,27.3
1783945663.517,51.8,27.3
1783945664.552,51.8,27.3
1783945665.585,51.8,27.3
1783945666.618,51.8,27.3
1783945667.651,51.8,27.3
1783945668.685,51.8,27.3
1783945669.721,51.8,27.3
1783945670.752,51.8,27.3
1783945671.78,51.8,27.3
1783945672.814,51.7,27.3
1783945673.848,51.8,27.3
1783945674.883,51.7,27.3
1783945675.908,51.7,27.3
1783945676.935,51.7,27.3
1783945677.971,51.7,27.3
1783945679.005,51.7,27.3
1783945680.039,51.7,27.3
1783945681.074,51.7,27.3
1783945682.108,51.6,27.3
1783945683.142,51.7,27.3
1783945684.177,51.6,27.3
1783945685.211,51.6,27.3
1783945686.245,51.7,27.3
1783945687.279,51.6,27.3
1783945688.313,51.7,27.3
1783945689.348,51.6,27.3
1783945690.384,51.6,27.3
1783945691.412,51.6,27.3
1783945692.436,51.7,27.3
1783945693.47,51.6,27.3
1783945694.504,51.6,27.3
1783945695.529,51.6,27.3
1783945696.563,51.6,27.3
1783945697.6,51.6,27.3
1783945698.627,51.6,27.3
1783945699.653,51.6,27.3
1783945700.678,51.5,27.3
1783945701.704,51.5,27.3
1783945702.729,51.5,27.3
1783945703.755,51.5,27.3
1783945704.779,51.5,27.3
1783945705.805,51.5,27.3
1783945706.83,51.4,27.3
1783945707.857,51.4,27.3
1783945708.891,51.4,27.3
1783945709.926,51.4,27.3
1783945710.956,51.4,27.3
1783945711.988,51.4,27.3
1783945713.013,51.4,27.3
1783945714.047,51.3,27.3
1783945715.082,51.4,27.3
1783945716.116,51.3,27.3
1783945717.153,51.3,27.3
1783945718.187,51.3,27.3
1783945719.22,51.3,27.3
1783945720.254,51.3,27.3
1783945721.288,51.4,27.3
1783945722.322,51.3,27.3
1783945723.357,51.3,27.3
1783945724.392,51.3,27.3
1783945725.427,51.3,27.3
1783945726.461,51.3,27.3
1783945727.495,51.3,27.3
1783945728.53,51.3,27.3
1783945729.564,51.3,27.3
1783945730.601,51.3,27.3
1783945731.633,51.3,27.3
1783945732.661,51.2,27.3
1783945733.695,51.2,27.3
1783945734.72,51.2,27.3
1783945735.754,51.2,27.3
1783945736.78,51.2,27.3
1783945737.813,51.2,27.3
1783945738.846,51.2,27.3
1783945739.87,51.2,27.3
1783945740.902,51.2,27.3
1783945741.935,51.1,27.3
1783945742.968,51.1,27.3
1783945743.995,51.1,27.3
1783945745.019,51.2,27.3
1783945746.043,51.1,27.3
1783945747.066,51.1,27.3
1783945748.09,51.1,27.3
1783945749.115,51.1,27.3
1783945750.145,51.1,27.3
1783945751.175,51.1,27.3
1783945752.2,51.0,27.3
1783945753.233,51.1,27.3
1783945754.265,51.0,27.3
1783945755.298,51.0,27.3
1783945756.331,51.0,27.3
1783945757.364,51.0,27.3
1783945758.396,50.9,27.3
1783945759.428,50.8,27.3
1783945760.461,50.7,27.3
1783945761.494,50.7,27.3
1783945762.527,50.6,27.3
1783945763.56,50.5,27.3
1783945764.593,50.5,27.3
1783945765.626,50.4,27.3
1783945766.66,50.5,27.3
1783945767.692,50.4,27.3
1783945768.725,50.4,27.3
1783945769.757,50.4,27.3
1783945770.792,50.4,27.3
1783945771.818,50.4,27.3
1783945772.849,50.4,27.3
1783945773.882,50.3,27.3
1783945774.914,50.3,27.3
1783945775.947,50.2,27.4
1783945776.97,50.2,27.3
1783945777.994,50.1,27.3
1783945779.027,50.1,27.3
1783945780.06,50.2,27.3
1783945781.095,50.1,27.3
1783945782.129,50.2,27.3
1783945783.164,50.2,27.3
1783945784.198,50.1,27.3
1783945785.233,50.1,27.3
1783945786.267,50.1,27.3
1783945787.302,50.1,27.3
1783945788.336,50.1,27.3
1783945789.371,50.1,27.3
1783945790.397,50.0,27.3
1783945791.426,50.0,27.3
1783945792.458,49.9,27.3
1783945793.487,49.9,27.3
1783945794.513,49.9,27.3
1783945795.538,49.9,27.3
1783945796.563,49.9,27.3
1783945797.588,49.8,27.3
1783945798.622,49.8,27.3
1783945799.656,49.7,27.3
1783945800.682,49.7,27.3
1783945801.716,49.7,27.3
1783945802.752,49.7,27.3
1783945803.786,49.7,27.3
1783945804.821,49.7,27.3
1783945805.855,49.7,27.3
1783945806.889,49.7,27.3
1783945807.915,49.7,27.3
1783945808.949,49.7,27.3
1783945809.983,49.7,27.3
1783945811.021,49.6,27.3
1783945812.05,49.6,27.3
1783945813.078,49.6,27.3
1783945814.103,49.6,27.3
1783945815.138,49.5,27.3
1783945816.172,49.6,27.3
1783945817.206,49.6,27.3
1783945818.232,49.6,27.3
1783945819.266,49.6,27.3
1783945820.3,49.6,27.3
1783945821.334,49.6,27.3
1783945822.369,49.6,27.3
1783945823.403,49.6,27.3
1783945824.438,49.6,27.3
1783945825.472,49.6,27.3
1783945826.505,49.6,27.3
1783945827.54,49.6,27.3
1783945828.574,49.7,27.3
1783945829.608,49.7,27.3
1783945830.642,49.6,27.3
1783945831.678,49.6,27.3
1783945832.726,49.6,27.3
1783945833.78,49.6,27.3
1783945834.805,49.6,27.3
1783945835.831,49.6,27.3
1783945836.857,49.6,27.3
1783945837.883,49.6,27.3
1783945838.908,49.6,27.3
1783945839.935,49.5,27.3
1783945840.96,49.4,27.3
1783945841.986,49.3,27.3
1783945843.012,49.3,27.3
1783945844.037,49.3,27.3
1783945845.062,49.3,27.3
1783945846.087,49.3,27.3
1783945847.122,49.3,27.3
1783945848.156,49.3,27.3
1783945849.182,49.3,27.3
1783945850.208,49.2,27.3
1783945851.237,49.3,27.3
1783945852.262,49.3,27.3
1783945853.296,49.3,27.3
1783945854.32,49.3,27.3
1783945855.345,49.3,27.3
1783945856.379,49.3,27.3
1783945857.412,49.3,27.3
1783945858.446,49.2,27.3
1783945859.47,49.1,27.3
1783945860.496,49.1,27.3
1783945861.522,49.1,27.3
1783945862.556,49.0,27.3
1783945863.591,49.1,27.3
1783945864.623,49.1,27.3
1783945865.657,49.1,27.3
1783945866.691,49.1,27.3
1783945867.726,49.0,27.3
1783945868.76,49.0,27.3
1783945869.795,49.0,27.3
1783945870.831,49.0,27.3
1783945871.859,49.0,27.3
1783945872.884,49.0,27.3
1783945873.919,49.0,27.3
1783945874.953,49.0,27.3
1783945875.987,49.0,27.3
1783945877.022,49.0,27.3
1783945878.055,48.9,27.3
1783945879.089,48.9,27.3
1783945880.123,48.9,27.3
1783945881.147,48.9,27.3
1783945882.172,48.8,27.3
1783945883.196,48.8,27.3
1783945884.231,48.8,27.3
1783945885.256,48.7,27.3
1783945886.28,48.7,27.3
1783945887.304,48.7,27.3
1783945888.329,48.6,27.3
1783945889.354,48.6,27.3
1783945890.382,48.6,27.3
1783945891.41,48.7,27.3
1783945892.437,48.7,27.3
1783945893.462,48.7,27.3
1783945894.487,48.7,27.3
1783945895.521,48.7,27.3
1783945896.547,48.7,27.3
1783945897.572,48.7,27.3
1783945898.607,48.7,27.3
1783945899.642,48.7,27.3
1783945900.676,48.7,27.3
1783945901.701,48.7,27.3
1783945902.726,48.7,27.3
1783945903.76,48.7,27.3
1783945904.794,48.7,27.3
1783945905.828,48.8,27.3
1783945906.862,48.8,27.3
1783945907.896,48.8,27.3
1783945908.93,48.8,27.3
1783945909.965,48.8,27.3
1783945910.992,48.8,27.3
1783945912.017,48.6,27.3
1783945913.05,48.5,27.3
1783945914.084,48.3,27.3
1783945915.118,48.3,27.3
1783945916.152,48.2,27.3
1783945917.186,48.2,27.3
1783945918.22,48.2,27.3
1783945919.253,48.2,27.3
1783945920.287,48.2,27.3
1783945921.32,48.3,27.3
1783945922.353,48.3,27.3
1783945923.378,48.2,27.3
1783945924.402,48.3,27.3
1783945925.427,48.3,27.3
1783945926.463,48.3,27.3
1783945927.498,48.3,27.3
1783945928.523,48.2,27.3
1783945929.548,48.2,27.3
1783945930.575,48.2,27.3
1783945931.6,48.2,27.3
1783945932.632,48.2,27.3
1783945933.657,48.2,27.3
1783945934.681,48.2,27.3
1783945935.705,48.1,27.3
1783945936.731,48.1,27.3
1783945937.756,48.1,27.3
1783945938.78,48.0,27.3
1783945939.804,48.1,27.3
1783945940.828,48.0,27.3
1783945941.854,48.1,27.3
1783945942.892,48.0,27.3
1783945943.916,48.0,27.3
1783945944.94,48.0,27.3
1783945945.973,48.0,27.3
1783945947.006,48.0,27.3
1783945948.039,48.0,27.3
1783945949.066,48.0,27.2
1783945950.1,48.0,27.2
1783945951.128,48.0,27.3
1783945952.153,47.9,27.2
1783945953.186,48.0,27.3
1783945954.219,47.9,27.3
1783945955.252,47.9,27.3
1783945956.284,47.9,27.2
1783945957.308,47.9,27.3
1783945958.341,47.9,27.2
1783945959.374,47.9,27.2
1783945960.407,47.9,27.2
1783945961.44,47.9,27.2
1783945962.473,47.9,27.2
1783945963.506,47.9,27.2
1783945964.531,47.9,27.2
1783945965.556,47.9,27.3
1783945966.58,47.9,27.3
1783945967.607,47.9,27.2
1783945968.64,47.8,27.2
1783945969.675,47.8,27.2
1783945970.703,47.7,27.2
1783945971.73,47.8,27.2
1783945972.765,47.8,27.2
1783945973.799,47.7,27.2
1783945974.833,47.7,27.3
1783945975.868,47.7,27.2
1783945976.901,47.7,27.3
1783945977.935,47.7,27.3
1783945978.97,47.7,27.2
1783945980.005,47.7,27.2
1783945981.03,47.7,27.2
1783945982.055,47.7,27.2
1783945983.09,47.7,27.2
1783945984.125,47.6,27.2
1783945985.15,47.6,27.2
1783945986.175,47.6,27.2
1783945987.201,47.5,27.3
1783945988.226,47.5,27.2
1783945989.252,47.5,27.2
1783945990.281,47.4,27.2
1783945991.31,47.4,27.2
1783945992.336,47.4,27.2
1783945993.37,47.5,27.2
1783945994.404,47.4,27.2
1783945995.439,47.4,27.2
1783945996.473,47.4,27.3
1783945997.508,47.4,27.2
1783945998.542,47.4,27.2
1783945999.576,47.4,27.2
1783946000.611,47.4,27.3
1783946001.645,47.4,27.2
1783946002.679,47.3,27.2
1783946003.713,47.3,27.2
1783946004.748,47.3,27.2
1783946005.782,47.3,27.2
1783946006.816,47.3,27.2
1783946007.85,47.2,27.2
1783946008.876,47.2,27.2
1783946009.901,47.2,27.2
1783946010.929,47.2,27.2
1783946011.96,47.2,27.2
1783946012.989,47.2,27.2
1783946014.015,47.1,27.2
1783946015.05,47.0,27.2
1783946016.084,47.0,27.2
1783946017.118,47.0,27.2
1783946018.143,47.0,27.2
1783946019.168,47.0,27.2
1783946020.203,47.0,27.2
1783946021.237,47.0,27.2
1783946022.271,47.0,27.2
1783946023.296,47.0,27.2
1783946024.32,47.0,27.2
1783946025.354,47.0,27.2
1783946026.388,47.0,27.2
1783946027.412,47.0,27.2
1783946028.446,47.1,27.2
1783946029.48,47.1,27.2
1783946030.516,47.1,27.2
1783946031.545,47.2,27.2
1783946032.574,47.2,27.2
1783946033.598,47.2,27.2
1783946034.623,47.2,27.2
1783946035.648,47.3,27.2
1783946036.673,47.3,27.2
1783946037.698,47.3,27.2
1783946038.722,47.4,27.2
1783946039.747,47.4,27.2
1783946040.78,47.4,27.2
1783946041.814,47.4,27.2
1783946042.848,47.4,27.2
1783946043.882,47.5,27.2
1783946044.918,47.5,27.2
1783946045.957,47.5,27.2
1783946046.991,47.6,27.2
1783946048.026,47.6,27.2
1783946049.06,47.7,27.2
1783946050.094,47.7,27.2
1783946051.136,47.7,27.2
1783946052.163,47.8,27.2
1783946053.189,47.8,27.2
1783946054.214,47.8,27.2
1783946055.239,47.8,27.2
1783946056.274,47.9,27.2
1783946057.309,47.9,27.2
1783946058.343,48.0,27.2
1783946059.377,47.9,27.2
1783946060.412,48.0,27.2
1783946061.438,48.0,27.2
1783946062.472,48.0,27.2
1783946063.507,48.0,27.2
1783946064.54,48.0,27.2
1783946065.574,48.0,27.2
1783946066.609,48.1,27.2
1783946067.643,48.1,27.2
1783946068.677,48.1,27.2
1783946069.711,48.2,27.2
1783946070.746,48.2,27.2
1783946071.781,48.2,27.2
1783946072.808,48.3,27.2
1783946073.834,48.3,27.2
1783946074.868,48.3,27.2
1783946075.902,48.3,27.2
1783946076.926,48.4,27.2
1783946077.96,48.4,27.2
1783946078.994,48.4,27.2
1783946080.027,48.4,27.2
1783946081.062,48.5,27.2
1783946082.087,48.5,27.2
1783946083.122,48.5,27.2
1783946084.149,48.5,27.2
1783946085.174,48.6,27.2
1783946086.199,48.6,27.2
1783946087.224,48.6,27.2
1783946088.249,48.7,27.2
1783946089.274,48.7,27.2
1783946090.3,48.7,27.2
1783946091.33,48.7,27.2
1783946092.357,48.7,27.2
1783946093.384,48.8,27.2
1783946094.409,48.8,27.2
1783946095.443,48.8,27.2
1783946096.466,48.8,27.2
1783946097.491,48.9,27.2
1783946098.516,48.9,27.2
1783946099.54,48.9,27.2
1783946100.574,49.0,27.2
1783946101.608,49.0,27.2
1783946102.642,49.0,27.2
1783946103.667,49.0,27.2
1783946104.692,49.1,27.2
1783946105.726,49.1,27.2
1783946106.76,49.1,27.2
1783946107.795,49.1,27.2
1783946108.828,49.1,27.2
1783946109.862,49.1,27.2
1783946110.898,49.1,27.2
1783946111.929,49.2,27.2
1783946112.954,49.2,27.2
1783946113.989,49.2,27.2
1783946115.023,49.1,27.2
1783946116.057,49.2,27.2
1783946117.091,49.1,27.2
1783946118.126,49.2,27.2
1783946119.16,49.2,27.2
1783946120.194,49.2,27.2
1783946121.228,49.2,27.2
1783946122.253,49.2,27.2
1783946123.278,49.2,27.2
1783946124.312,49.3,27.2
1783946125.347,49.2,27.2
1783946126.38,49.3,27.2
1783946127.414,49.3,27.2
1783946128.449,49.3,27.2
1783946129.484,49.3,27.2
1783946130.519,49.3,27.2
1783946131.553,49.3,27.1
1783946132.58,49.3,27.2
1783946133.61,49.3,27.2
1783946134.644,49.3,27.2
1783946135.679,49.3,27.2
1783946136.713,49.3,27.2
1783946137.739,49.3,27.2
1783946138.764,49.3,27.2
1783946139.789,49.3,27.2
1783946140.814,49.4,27.2
1783946141.838,49.4,27.2
1783946142.863,49.4,27.2
1783946143.888,49.4,27.2
1783946144.913,49.4,27.2
1783946145.947,49.4,27.2
1783946146.981,49.5,27.2
1783946148.015,49.5,27.2
1783946149.049,49.5,27.2
1783946150.083,49.5,27.2
1783946151.118,49.5,27.2
1783946152.147,49.5,27.2
1783946153.174,49.5,27.2
1783946154.209,49.5,27.2
1783946155.242,49.5,27.2
1783946156.276,49.5,27.2
1783946157.31,49.5,27.2
1783946158.344,49.6,27.2
1783946159.377,49.6,27.2
1783946160.412,49.6,27.2
1783946161.441,49.7,27.2
1783946162.475,49.7,27.2
1783946163.508,49.8,27.2
1783946164.541,49.8,27.2
1783946165.566,49.8,27.2
1783946166.59,49.8,27.2
1783946167.623,49.8,27.2
1783946168.648,49.8,27.2
1783946169.681,49.8,27.2
1783946170.705,49.8,27.2
1783946171.732,49.8,27.2
1783946172.758,49.8,27.2
1783946173.785,49.8,27.2
1783946174.812,49.8,27.2
1783946175.836,49.8,27.2
1783946176.86,49.8,27.2
1783946177.892,49.8,27.2
1783946178.924,49.8,27.2
1783946179.956,49.8,27.2
1783946180.98,49.8,27.2
1783946182.004,49.8,27.2
1783946183.036,49.8,27.2
1783946184.069,49.8,27.2
1783946185.095,49.8,27.2
1783946186.119,49.8,27.2
1783946187.143,49.9,27.2
1783946188.166,49.9,27.2
1783946189.199,49.9,27.2
1783946190.232,50.0,27.2
1783946191.266,50.0,27.2
1783946192.294,50.1,27.2
1783946193.319,50.1,27.2
1783946194.344,50.2,27.2
1783946195.368,50.2,27.2
1783946196.392,50.3,27.2
1783946197.416,50.3,27.2
1783946198.439,50.3,27.2
1783946199.463,50.3,27.2
1783946200.488,50.3,27.2
1783946201.521,50.4,27.2
1783946202.554,50.4,27.2
1783946203.587,50.4,27.2
1783946204.62,50.4,27.2
1783946205.653,50.4,27.2
1783946206.686,50.4,27.2
1783946207.71,50.4,27.2
1783946208.743,50.5,27.2
1783946209.776,50.5,27.2
1783946210.812,50.6,27.2
1783946211.839,50.6,27.2
1783946212.865,50.6,27.2
1783946213.898,50.7,27.2
1783946214.931,50.7,27.2
1783946215.964,50.7,27.2
1783946216.997,50.8,27.2
1783946218.021,50.8,27.2
1783946219.045,50.8,27.2
1783946220.078,50.8,27.2
1783946221.11,50.7,27.2
1783946222.143,50.8,27.2
1783946223.167,50.7,27.2
1783946224.191,50.7,27.2
1783946225.225,50.8,27.2
1783946226.258,50.8,27.2
1783946227.284,50.7,27.2
1783946228.31,50.7,27.2
1783946229.335,50.7,27.2
1783946230.361,50.7,27.2
1783946231.389,50.8,27.2
1783946232.419,50.8,27.2
1783946233.444,50.9,27.2
1783946234.479,50.8,27.2
1783946235.513,50.9,27.2
1783946236.548,51.0,27.2
1783946237.582,51.0,27.2
1783946238.608,51.0,27.2
1783946239.642,51.0,27.2
1783946240.676,51.0,27.2
1783946241.71,51.1,27.2
1783946242.744,51.1,27.2
1783946243.779,51.1,27.2
1783946244.813,51.2,27.2
1783946245.848,51.2,27.2
1783946246.872,51.2,27.2
1783946247.897,51.3,27.2
1783946248.923,51.3,27.2
1783946249.947,51.3,27.2
1783946250.975,51.3,27.3
1783946252.0,51.2,27.2
1783946253.026,51.2,27.2
1783946254.051,51.3,27.2
1783946255.075,51.2,27.2
1783946256.109,51.2,27.2
1783946257.143,51.2,27.2
1783946258.178,51.2,27.2
1783946259.212,51.2,27.2
1783946260.247,51.3,27.3
1783946261.281,51.3,27.2
1783946262.314,51.3,27.2
1783946263.339,51.3,27.2
1783946264.373,51.3,27.2
1783946265.407,51.3,27.2
1783946266.44,51.3,27.3
1783946267.474,51.3,27.2
1783946268.499,51.3,27.2
1783946269.524,51.3,27.2
1783946270.559,51.2,27.2
1783946271.585,51.2,27.2
1783946272.61,51.2,27.2
1783946273.635,51.2,27.3
1783946274.662,51.1,27.3
1783946275.687,51.2,27.2
1783946276.722,51.2,27.2
1783946277.756,51.3,27.3
1783946278.79,51.3,27.2
1783946279.823,51.3,27.2
1783946280.855,51.3,27.2
1783946281.887,51.4,27.2
1783946282.92,51.4,27.2
1783946283.952,51.4,27.2
1783946284.984,51.4,27.2
1783946286.016,51.4,27.3
1783946287.048,51.4,27.3
1783946288.081,51.4,27.2
1783946289.115,51.4,27.3
1783946290.15,51.5,27.3
1783946291.176,51.5,27.3
1783946292.203,51.5,27.3
1783946293.238,51.5,27.3
1783946294.272,51.5,27.2
1783946295.307,51.5,27.3
1783946296.341,51.5,27.3
1783946297.376,51.5,27.3
1783946298.411,51.5,27.3
1783946299.444,51.5,27.3
1783946300.478,51.5,27.2
1783946301.504,51.5,27.3
1783946302.529,51.5,27.3
1783946303.554,51.4,27.3
1783946304.58,51.4,27.3
1783946305.605,51.5,27.3
1783946306.63,51.5,27.2
1783946307.655,51.4,27.3
1783946308.68,51.4,27.3
1783946309.706,51.4,27.2
1783946310.742,51.4,27.3
1783946311.772,51.4,27.3
1783946312.799,51.4,27.2
1783946313.826,51.3,27.3
1783946314.852,51.3,27.3
1783946315.877,51.3,27.3
1783946316.902,51.3,27.3
1783946317.927,51.3,27.3
1783946318.952,51.3,27.3
1783946319.977,51.3,27.3
1783946321.012,51.2,27.3
1783946322.037,51.2,27.3
1783946323.062,51.2,27.3
1783946324.096,51.2,27.3
1783946325.131,51.2,27.3
1783946326.164,51.2,27.3
1783946327.199,51.2,27.3
1783946328.233,51.2,27.3
1783946329.268,51.1,27.3
1783946330.295,51.1,27.3
1783946331.324,51.1,27.3
1783946332.358,51.1,27.3
1783946333.392,51.1,27.3
1783946334.426,51.1,27.3
1783946335.46,51.1,27.3
1783946336.495,51.1,27.3
1783946337.529,51.1,27.3
1783946338.564,51.0,27.3
1783946339.598,51.0,27.3
1783946340.623,51.0,27.3
1783946341.657,51.0,27.3
1783946342.693,50.9,27.3
1783946343.727,50.9,27.3
1783946344.76,50.9,27.3
1783946345.795,50.9,27.3
1783946346.829,50.9,27.3
1783946347.864,50.9,27.3
1783946348.899,50.9,27.3
1783946349.933,50.9,27.3
1783946350.967,50.9,27.3
1783946351.994,50.8,27.3
1783946353.022,50.9,27.3
1783946354.056,50.8,27.3
1783946355.091,50.8,27.3
1783946356.117,50.8,27.3
1783946357.142,50.7,27.3
1783946358.167,50.7,27.3
1783946359.193,50.7,27.3
1783946360.219,50.7,27.3
1783946361.244,50.7,27.3
1783946362.268,50.7,27.3
1783946363.293,50.7,27.3
1783946364.327,50.7,27.3
1783946365.361,50.6,27.3
1783946366.395,50.6,27.3
1783946367.43,50.7,27.3
1783946368.464,50.7,27.3
1783946369.499,50.8,27.3
1783946370.534,50.7,27.3
1783946371.563,50.8,27.3
1783946372.588,50.8,27.3
1783946373.624,50.8,27.3
1783946374.658,50.8,27.3
1783946375.692,50.8,27.3
1783946376.726,50.8,27.3
1783946377.76,50.8,27.3
1783946378.795,50.8,27.3
1783946379.829,50.8,27.3
1783946380.854,50.8,27.3
1783946381.889,50.7,27.3
1783946382.923,50.8,27.3
1783946383.958,50.7,27.3
1783946384.991,50.7,27.3
1783946386.015,50.7,27.3
1783946387.048,50.8,27.3
1783946388.081,50.8,27.3
1783946389.116,50.8,27.3
1783946390.151,50.8,27.3
1783946391.181,50.9,27.3
1783946392.207,50.9,27.3
1783946393.235,50.9,27.3
1783946394.269,50.8,27.3
1783946395.304,50.8,27.3
1783946396.339,50.7,27.3
1783946397.373,50.7,27.3
1783946398.407,50.6,27.3
1783946399.442,50.6,27.3
1783946400.476,50.5,27.3
1783946401.511,50.5,27.3
1783946402.545,50.5,27.3
1783946403.579,50.5,27.3
1783946404.605,50.5,27.3
1783946405.631,50.4,27.3
1783946406.656,50.3,27.3
1783946407.681,50.3,27.3
1783946408.707,50.2,27.3
1783946409.731,50.1,27.3
1783946410.765,50.0,27.3
1783946411.794,50.0,27.3
1783946412.82,49.8,27.3
1783946413.853,49.8,27.3
1783946414.887,49.7,27.3
1783946415.92,49.8,27.3
1783946416.952,49.8,27.3
1783946417.985,49.7,27.3
1783946419.018,49.8,27.3
1783946420.051,49.8,27.3
1783946421.084,49.7,27.3
1783946422.116,49.8,27.3
1783946423.14,49.7,27.3
1783946424.174,49.7,27.3
1783946425.208,49.8,27.3
1783946426.243,49.8,27.3
1783946427.268,49.8,27.3
1783946428.292,49.8,27.3
1783946429.325,49.8,27.3
1783946430.359,49.8,27.3
1783946431.394,49.8,27.3
1783946432.442,49.8,27.3
1783946433.525,49.8,27.3
1783946434.553,49.7,27.3
1783946435.591,49.7,27.3
1783946436.625,49.7,27.3
1783946437.66,49.6,27.3
1783946438.695,49.5,27.3
1783946439.729,49.6,27.3
1783946440.764,49.5,27.3
1783946441.798,49.5,27.3
1783946442.833,49.4,27.3
1783946443.858,49.4,27.3
1783946444.892,49.4,27.3
1783946445.919,49.4,27.3
1783946446.953,49.4,27.3
1783946447.988,49.4,27.3
1783946449.012,49.3,27.3
1783946450.038,49.3,27.3
1783946451.063,49.3,27.3
1783946452.091,49.3,27.3
1783946453.12,49.3,27.3
1783946454.15,49.3,27.3
1783946455.175,49.2,27.3
1783946456.2,49.2,27.3
1783946457.233,49.2,27.3
1783946458.267,49.2,27.3
1783946459.301,49.2,27.3
1783946460.336,49.1,27.3
1783946461.37,49.1,27.3
1783946462.404,49.1,27.3
1783946463.439,49.1,27.3
1783946464.473,49.1,27.3
1783946465.508,49.1,27.3
1783946466.542,49.0,27.3
1783946467.576,49.0,27.3
1783946468.611,49.0,27.3
1783946469.645,49.0,27.3
1783946470.679,49.0,27.3
1783946471.714,48.9,27.3
1783946472.748,48.9,27.3
1783946473.784,48.9,27.3
1783946474.814,48.9,27.3
1783946475.841,48.9,27.3
1783946476.875,48.8,27.3
1783946477.91,48.8,27.3
1783946478.944,48.8,27.3
1783946479.978,48.8,27.3
1783946481.013,48.8,27.3
1783946482.048,48.7,27.3
1783946483.081,48.8,27.3
1783946484.117,48.7,27.3
1783946485.151,48.7,27.3
1783946486.185,48.6,27.3
1783946487.219,48.6,27.3
1783946488.254,48.6,27.3
1783946489.287,48.6,27.3
1783946490.311,48.5,27.3
1783946491.336,48.5,27.3
1783946492.371,48.5,27.3
1783946493.445,48.5,27.3
1783946494.47,48.4,27.3
1783946495.497,48.4,27.3
1783946496.525,48.4,27.3
1783946497.552,48.4,27.3
1783946498.586,48.4,27.3
1783946499.62,48.4,27.3
1783946500.654,48.4,27.3
1783946501.688,48.4,27.3
1783946502.714,48.4,27.3
1783946503.739,48.4,27.3
1783946504.763,48.4,27.3
1783946505.789,48.4,27.3
1783946506.823,48.4,27.3
1783946507.857,48.4,27.3
1783946508.892,48.4,27.3
1783946509.926,48.3,27.3
1783946510.96,48.3,27.3
1783946511.986,48.3,27.3
1783946513.02,48.3,27.3
1783946514.055,48.3,27.3
1783946515.089,48.3,27.3
1783946516.124,48.2,27.3
1783946517.15,48.2,27.3
1783946518.178,48.2,27.3
1783946519.213,48.3,27.3
1783946520.246,48.3,27.3
1783946521.28,48.3,27.3
1783946522.313,48.3,27.3
1783946523.348,48.3,27.3
1783946524.383,48.2,27.3
1783946525.417,48.2,27.3
1783946526.451,48.1,27.3
1783946527.486,48.1,27.3
1783946528.52,48.1,27.3
1783946529.554,48.1,27.3
1783946530.589,48.1,27.3
1783946531.617,48.1,27.3
1783946532.651,48.1,27.3
1783946533.684,48.1,27.3
1783946534.718,48.1,27.3
1783946535.744,48.0,27.3
1783946536.771,48.0,27.3
1783946537.802,47.9,27.3
1783946538.826,47.8,27.3
1783946539.851,47.8,27.3
1783946540.877,47.7,27.3
1783946541.9,47.7,27.3
1783946542.924,47.6,27.3
1783946543.957,47.6,27.3
1783946544.99,47.5,27.3
1783946546.015,47.5,27.3
1783946547.039,47.5,27.3
1783946548.063,47.5,27.3
1783946549.088,47.4,27.3
1783946550.112,47.4,27.3
1783946551.144,47.4,27.3
1783946552.176,47.4,27.3
1783946553.209,47.4,27.3
1783946554.232,47.3,27.3
1783946555.257,47.2,27.3
1783946556.282,47.2,27.3
1783946557.309,47.2,27.4
1783946558.342,47.2,27.3
1783946559.366,47.1,27.3
1783946560.39,47.1,27.3
1783946561.422,47.0,27.3
1783946562.455,47.0,27.3
1783946563.486,47.0,27.3
1783946564.519,47.0,27.3
1783946565.55,47.1,27.3
1783946566.583,47.1,27.3
1783946567.616,47.1,27.3
1783946568.648,47.1,27.3
1783946569.68,47.1,27.3
1783946570.713,47.1,27.3
1783946571.746,47.1,27.3
1783946572.778,47.2,27.3
1783946573.811,47.2,27.3
1783946574.844,47.2,27.3
1783946575.879,47.3,27.3
1783946576.908,47.2,27.3
1783946577.935,47.2,27.3
1783946578.968,47.2,27.3
1783946580.001,47.2,27.3
1783946581.034,47.2,27.3
1783946582.067,47.2,27.3
1783946583.1,47.2,27.3
1783946584.132,47.2,27.3
1783946585.165,47.1,27.3
1783946586.195,47.2,27.3
1783946587.221,47.1,27.3
1783946588.246,47.1,27.3
1783946589.27,47.1,27.3
1783946590.294,47.1,27.3
1783946591.319,47.0,27.3
1783946592.344,47.0,27.3
1783946593.368,46.9,27.3
1783946594.392,46.9,27.3
1783946595.426,46.9,27.3
1783946596.451,46.8,27.3
1783946597.477,46.8,27.3
1783946598.501,46.8,27.3
1783946599.534,46.8,27.3
1783946600.567,46.8,27.3
1783946601.592,46.8,27.3
1783946602.625,46.8,27.3
1783946603.658,46.7,27.3
1783946604.693,46.8,27.3
1783946605.728,46.7,27.3
1783946606.762,46.7,27.3
1783946607.796,46.7,27.3
1783946608.831,46.6,27.3
1783946609.865,46.6,27.3
1783946610.9,46.6,27.3
1783946611.935,46.6,27.3
1783946612.97,46.6,27.3
1783946614.004,46.6,27.3
1783946615.039,46.6,27.3
1783946616.073,46.6,27.3
1783946617.11,46.6,27.3
1783946618.138,46.6,27.3
1783946619.165,46.6,27.3
1783946620.199,46.6,27.3
1783946621.234,46.5,27.3
1783946622.267,46.4,27.3
1783946623.302,46.4,27.3
1783946624.337,46.4,27.3
1783946625.372,46.3,27.3
1783946626.406,46.3,27.3
1783946627.44,46.3,27.3
1783946628.474,46.3,27.3
1783946629.509,46.2,27.3
1783946630.548,46.2,27.3
1783946631.573,46.2,27.3
1783946632.598,46.2,27.3
1783946633.623,46.2,27.3
1783946634.649,46.2,27.3
1783946635.675,46.2,27.3
1783946636.7,46.2,27.3
1783946637.727,46.2,27.3
1783946638.752,46.2,27.3
1783946639.786,46.3,27.3
1783946640.82,46.3,27.3
1783946641.854,46.4,27.3
1783946642.889,46.4,27.3
1783946643.924,46.4,27.3
1783946644.958,46.5,27.3
1783946645.992,46.5,27.3
1783946647.027,46.6,27.3
1783946648.051,46.7,27.3
1783946649.085,46.7,27.3
1783946650.119,46.8,27.3
1783946651.152,46.9,27.3
1783946652.186,46.9,27.3
1783946653.219,47.0,27.3
1783946654.253,47.0,27.3
1783946655.278,47.1,27.3
1783946656.312,47.1,27.3
1783946657.347,47.1,27.3
1783946658.373,47.1,27.3
1783946659.398,47.2,27.3
1783946660.432,47.1,27.3
1783946661.466,47.1,27.3
1783946662.5,47.2,27.3
1783946663.533,47.2,27.3
1783946664.567,47.2,27.3
1783946665.6,47.1,27.3
1783946666.634,47.2,27.3
1783946667.668,47.2,27.3
1783946668.701,47.2,27.3
1783946669.735,47.2,27.3
1783946670.769,47.3,27.3
1783946671.802,47.3,27.3
1783946672.835,47.3,27.3
1783946673.868,47.3,27.3
1783946674.901,47.2,27.3
1783946675.934,47.3,27.3
1783946676.959,47.3,27.3
1783946677.985,47.3,27.3
1783946679.018,47.4,27.3
1783946680.045,47.4,27.3
1783946681.069,47.5,27.3
1783946682.094,47.5,27.3
1783946683.118,47.6,27.3
1783946684.142,47.7,27.3
1783946685.176,47.7,27.3
1783946686.209,47.8,27.3
1783946687.241,47.8,27.3
1783946688.279,47.8,27.3
1783946689.311,47.9,27.3
1783946690.343,47.9,27.3
1783946691.376,47.9,27.3
1783946692.407,47.9,27.3
1783946693.431,47.9,27.3
1783946694.466,48.0,27.3
1783946695.501,47.9,27.3
1783946696.527,47.9,27.3
1783946697.562,47.9,27.3
1783946698.592,48.0,27.3
1783946699.618,48.0,27.3
1783946700.646,48.1,27.3
1783946701.671,48.1,27.3
1783946702.706,48.2,27.3
1783946703.74,48.2,27.3
1783946704.776,48.2,27.3
1783946705.809,48.2,27.3
1783946706.844,48.3,27.3
1783946707.878,48.3,27.3
1783946708.913,48.3,27.3
1783946709.948,48.4,27.3
1783946710.983,48.4,27.3
1783946712.016,48.4,27.3
1783946713.05,48.5,27.3
1783946714.085,48.5,27.3
1783946715.119,48.5,27.3
1783946716.153,48.5,27.3
1783946717.187,48.6,27.3
1783946718.222,48.6,27.3
1783946719.258,48.6,27.3
1783946720.287,48.6,27.3
1783946721.317,48.5,27.3
1783946722.342,48.5,27.3
1783946723.368,48.5,27.3
1783946724.394,48.4,27.3
1783946725.419,48.4,27.3
1783946726.445,48.4,27.3
1783946727.471,48.4,27.3
1783946728.495,48.4,27.3
1783946729.52,48.3,27.3
1783946730.555,48.3,27.3
1783946731.59,48.4,27.3
1783946732.614,48.3,27.3
1783946733.639,48.3,27.3
1783946734.665,48.3,27.3
1783946735.699,48.3,27.3
1783946736.733,48.3,27.3
1783946737.76,48.3,27.3
1783946738.79,48.3,27.3
1783946739.815,48.3,27.3
1783946740.85,48.4,27.3
1783946741.885,48.4,27.3
1783946742.913,48.5,27.3
1783946743.938,48.5,27.3
1783946744.972,48.6,27.3
1783946746.007,48.6,27.3
1783946747.044,48.6,27.3
1783946748.078,48.6,27.3
1783946749.111,48.6,27.3
1783946750.144,48.6,27.3
1783946751.178,48.7,27.3
1783946752.212,48.7,27.3
1783946753.246,48.7,27.3
1783946754.28,48.7,27.3
1783946755.315,48.7,27.3
1783946756.35,48.7,27.3
1783946757.384,48.7,27.3
1783946758.419,48.7,27.3
1783946759.445,48.7,27.3
1783946760.472,48.7,27.3
1783946761.507,48.7,27.3
1783946762.541,48.7,27.3
1783946763.575,48.7,27.3
1783946764.609,48.7,27.3
1783946765.643,48.7,27.3
1783946766.679,48.8,27.3
1783946767.716,48.7,27.3
1783946768.741,48.8,27.3
1783946769.77,48.8,27.3
1783946770.795,48.8,27.3
1783946771.82,48.8,27.3
1783946772.845,48.9,27.3
1783946773.87,48.9,27.3
1783946774.894,48.8,27.3
1783946775.92,48.9,27.3
1783946776.954,48.9,27.3
1783946777.988,48.9,27.3
1783946779.014,49.0,27.3
1783946780.041,49.0,27.3
1783946781.068,49.1,27.3
1783946782.102,49.2,27.3
1783946783.137,49.3,27.3
1783946784.171,49.4,27.3
1783946785.204,49.4,27.3
1783946786.238,49.5,27.3
1783946787.271,49.5,27.3
1783946788.305,49.5,27.3
1783946789.339,49.5,27.3
1783946790.373,49.5,27.3
1783946791.407,49.5,27.3
1783946792.442,49.5,27.3
1783946793.476,49.5,27.3
1783946794.511,49.5,27.3
1783946795.545,49.5,27.3
1783946796.58,49.5,27.3
1783946797.614,49.5,27.3
1783946798.647,49.5,27.3
1783946799.681,49.4,27.3
1783946800.707,49.4,27.3
1783946801.733,49.4,27.3
1783946802.766,49.4,27.3
1783946803.798,49.3,27.3
1783946804.831,49.3,27.3
1783946805.864,49.3,27.3
1783946806.897,49.3,27.3
1783946807.93,49.3,27.3
1783946808.963,49.3,27.3
1783946809.996,49.3,27.3
1783946811.029,49.3,27.3
1783946812.062,49.3,27.3
1783946813.086,49.3,27.3
1783946814.111,49.3,27.3
1783946815.136,49.3,27.3
1783946816.161,49.4,27.3
1783946817.187,49.4,27.3
1783946818.212,49.4,27.3
1783946819.24,49.3,27.3
1783946820.268,49.3,27.3
1783946821.294,49.4,27.3
1783946822.328,49.3,27.3
1783946823.362,49.3,27.3
1783946824.398,49.3,27.3
1783946825.432,49.3,27.3
1783946826.466,49.4,27.3
1783946827.5,49.4,27.3
1783946828.535,49.4,27.3
1783946829.57,49.4,27.3
1783946830.604,49.4,27.3
1783946831.639,49.4,27.3
1783946832.672,49.4,27.3
1783946833.698,49.5,27.3
1783946834.732,49.5,27.3
1783946835.757,49.6,27.3
1783946836.791,49.7,27.3
1783946837.817,49.8,27.3
1783946838.842,49.8,27.3
1783946839.876,49.8,27.3
1783946840.904,49.9,27.3
1783946841.93,49.9,27.3
1783946842.955,49.8,27.3
1783946843.981,49.9,27.3
1783946845.015,49.9,27.3
1783946846.05,49.9,27.3
1783946847.075,49.9,27.3
1783946848.101,49.9,27.3
1783946849.126,49.8,27.3
1783946850.16,49.8,27.3
1783946851.194,49.9,27.3
1783946852.219,49.9,27.3
1783946853.244,49.8,27.3
1783946854.269,49.8,27.3
1783946855.303,49.8,27.3
1783946856.328,49.8,27.3
1783946857.354,49.8,27.3
1783946858.38,49.8,27.3
1783946859.41,49.8,27.3
1783946860.438,49.8,27.3
1783946861.473,49.8,27.3
1783946862.508,49.8,27.3
1783946863.532,49.8,27.3
1783946864.556,49.8,27.3
1783946865.589,49.8,27.3
1783946866.623,49.8,27.3
1783946867.648,49.8,27.3
1783946868.674,49.8,27.3
1783946869.7,49.8,27.3
1783946870.725,49.8,27.3
1783946871.75,49.8,27.3
1783946872.775,49.8,27.3
1783946873.81,49.8,27.3
1783946874.844,50.0,27.3
1783946875.878,50.0,27.3
1783946876.903,50.1,27.3
1783946877.94,50.2,27.3
1783946878.968,50.3,27.3
1783946879.995,50.3,27.3
1783946881.03,50.3,27.3
1783946882.064,50.4,27.3
1783946883.099,50.5,27.3
1783946884.133,50.5,27.3
1783946885.167,50.6,27.3
1783946886.202,50.6,27.3
1783946887.237,50.6,27.3
1783946888.271,50.6,27.3
1783946889.296,50.6,27.3
1783946890.331,50.7,27.3
1783946891.365,50.7,27.3
1783946892.399,50.7,27.3
1783946893.425,50.7,27.3
1783946894.45,50.7,27.3
1783946895.484,50.7,27.3
1783946896.519,50.7,27.3
1783946897.552,50.7,27.3
1783946898.58,50.7,27.3
1783946899.607,50.6,27.3
1783946900.635,50.6,27.3
1783946901.66,50.6,27.3
1783946902.686,50.6,27.3
1783946903.713,50.6,27.3
1783946904.748,50.6,27.3
1783946905.781,50.5,27.3
1783946906.813,50.5,27.3
1783946907.846,50.5,27.3
1783946908.87,50.5,27.3
1783946909.894,50.5,27.3
1783946910.928,50.5,27.3
1783946911.961,50.4,27.4
1783946912.994,50.4,27.3
1783946914.026,50.4,27.3
1783946915.059,50.4,27.3
1783946916.094,50.4,27.3
1783946917.119,50.4,27.4
1783946918.144,50.4,27.3
1783946919.171,50.4,27.3
1783946920.198,50.4,27.3
1783946921.224,50.4,27.4
1783946922.247,50.4,27.3
1783946923.272,50.4,27.3
1783946924.297,50.4,27.4
1783946925.329,50.4,27.4
1783946926.361,50.4,27.3
1783946927.385,50.4,27.3
1783946928.418,50.4,27.3
1783946929.45,50.4,27.3
1783946930.484,50.4,27.3
1783946931.517,50.4,27.3
1783946932.541,50.4,27.3
1783946933.574,50.4,27.3
1783946934.607,50.5,27.4
1783946935.639,50.5,27.4
1783946936.672,50.5,27.3
1783946937.705,50.5,27.3
1783946938.738,50.6,27.3
1783946939.763,50.6,27.3
1783946940.792,50.6,27.3
1783946941.825,50.7,27.3
1783946942.858,50.6,27.3
1783946943.891,50.7,27.3
1783946944.924,50.7,27.4
1783946945.949,50.7,27.3
1783946946.973,50.7,27.3
1783946947.999,50.7,27.3
1783946949.023,50.7,27.4
1783946950.056,50.7,27.3
1783946951.089,50.7,27.3
1783946952.121,50.6,27.4
1783946953.154,50.6,27.4
1783946954.186,50.6,27.3
1783946955.22,50.6,27.4
1783946956.253,50.6,27.3
1783946957.288,50.6,27.3
1783946958.322,50.6,27.3
1783946959.349,50.6,27.3
1783946960.378,50.6,27.4
1783946961.403,50.6,27.3
1783946962.437,50.6,27.3
1783946963.471,50.6,27.3
1783946964.506,50.6,27.3
1783946965.541,50.6,27.4
1783946966.567,50.6,27.4
1783946967.592,50.6,27.4
1783946968.626,50.6,27.3
1783946969.65,50.5,27.3
1783946970.675,50.5,27.4
1783946971.699,50.5,27.4
1783946972.737,50.5,27.4
1783946973.761,50.5,27.3
1783946974.786,50.5,27.3
1783946975.81,50.5,27.4
1783946976.835,50.5,27.3
1783946977.859,50.5,27.3
1783946978.895,50.5,27.3
1783946979.923,50.4,27.3
1783946980.95,50.4,27.3
1783946981.983,50.4,27.3
1783946983.009,50.4,27.4
1783946984.043,50.4,27.3
1783946985.077,50.4,27.3
1783946986.111,50.4,27.4
1783946987.145,50.4,27.4
1783946988.171,50.4,27.3
1783946989.204,50.4,27.3
1783946990.23,50.3,27.4
1783946991.255,50.3,27.4
1783946992.28,50.3,27.3
1783946993.304,50.3,27.3
1783946994.338,50.2,27.4
1783946995.373,50.2,27.3
1783946996.408,50.0,27.4
1783946997.443,50.0,27.4
1783946998.476,49.9,27.4
1783946999.515,49.8,27.4
1783947000.563,49.8,27.3
1783947001.595,49.8,27.4
1783947002.629,49.7,27.3
1783947003.664,49.6,27.3
1783947004.699,49.6,27.4
1783947005.724,49.5,27.4
1783947006.753,49.4,27.3
1783947007.788,49.3,27.3
1783947008.813,49.3,27.4
1783947009.838,49.2,27.3
1783947010.863,49.1,27.3
1783947011.889,49.0,27.3
1783947012.923,49.0,27.4
1783947013.948,48.9,27.3
1783947014.983,48.8,27.4
1783947016.008,48.8,27.3
1783947017.033,48.8,27.4
1783947018.059,48.8,27.3
1783947019.085,48.8,27.3
1783947020.116,48.7,27.4
1783947021.141,48.8,27.3
1783947022.166,48.7,27.4
1783947023.2,48.6,27.3
1783947024.224,48.5,27.3
1783947025.259,48.5,27.4
1783947026.285,48.5,27.3
1783947027.31,48.5,27.3
1783947028.335,48.5,27.3
1783947029.36,48.5,27.4
1783947030.387,48.5,27.4
1783947031.412,48.5,27.3
1783947032.438,48.5,27.3
1783947033.464,48.5,27.3
1783947034.49,48.6,27.4
1783947035.515,48.6,27.3
1783947036.542,48.7,27.3
1783947037.574,48.7,27.4
1783947038.6,48.7,27.3
1783947039.626,48.7,27.3
1783947040.66,48.7,27.3
1783947041.694,48.7,27.4
1783947042.728,48.7,27.4
1783947043.756,48.6,27.3
1783947044.791,48.6,27.3
1783947045.825,48.6,27.3
1783947046.858,48.6,27.3
1783947047.892,48.6,27.4
1783947048.927,48.6,27.3
1783947049.961,48.5,27.4
1783947050.996,48.6,27.4
1783947052.031,48.6,27.3
1783947053.065,48.6,27.3
1783947054.1,48.6,27.3
1783947055.134,48.6,27.4
1783947056.159,48.6,27.3
1783947057.186,48.6,27.3
1783947058.218,48.6,27.3
1783947059.244,48.6,27.3
1783947060.269,48.6,27.3
1783947061.293,48.5,27.4
1783947062.325,48.5,27.4
1783947063.358,48.5,27.3
1783947064.391,48.5,27.4
1783947065.416,48.5,27.3
1783947066.451,48.4,27.3
1783947067.489,48.4,27.4
1783947068.526,48.4,27.3
1783947069.56,48.3,27.4
1783947070.585,48.3,27.4
1783947071.62,48.2,27.3
1783947072.653,48.2,27.3
1783947073.687,48.1,27.4
1783947074.72,48.1,27.4
1783947075.745,48.1,27.3
1783947076.772,48.1,27.3
1783947077.801,48.1,27.3
1783947078.826,48.1,27.3
1783947079.864,48.0,27.4
1783947080.889,48.0,27.3
1783947081.913,48.0,27.4
1783947082.938,47.9,27.3
1783947083.963,47.9,27.3
1783947084.988,47.8,27.4
1783947086.012,47.8,27.3
1783947087.036,47.8,27.3
1783947088.061,47.7,27.3
1783947089.085,47.8,27.4
1783947090.113,47.7,27.4
1783947091.14,47.8,27.3
1783947092.174,47.8,27.3
1783947093.206,47.8,27.3
1783947094.239,47.8,27.3
1783947095.271,47.8,27.3
1783947096.307,47.8,27.4
1783947097.336,47.8,27.3
1783947098.363,47.8,27.3
1783947099.395,47.8,27.3
1783947100.428,47.8,27.3
1783947101.46,47.7,27.3
1783947102.493,47.7,27.3
1783947103.517,47.6,27.3
1783947104.549,47.5,27.4
1783947105.581,47.5,27.3
1783947106.605,47.5,27.3
1783947107.637,47.4,27.3
1783947108.67,47.4,27.3
1783947109.703,47.3,27.3
1783947110.727,47.3,27.4
1783947111.752,47.3,27.3
1783947112.785,47.3,27.3
1783947113.82,47.2,27.4
1783947114.852,47.2,27.3
1783947115.885,47.2,27.4
1783947116.919,47.2,27.3
1783947117.945,47.2,27.3
1783947118.969,47.2,27.3
1783947119.994,47.2,27.3
1783947121.018,47.2,27.3
1783947122.046,47.1,27.3
1783947123.07,47.1,27.4
1783947124.104,47.1,27.3
1783947125.129,47.0,27.3
1783947126.162,47.1,27.3
1783947127.186,47.0,27.3
1783947128.219,47.0,27.3
1783947129.252,47.0,27.4
1783947130.285,47.0,27.3
1783947131.318,47.0,27.3
1783947132.351,47.0,27.4
1783947133.384,46.9,27.4
1783947134.417,47.0,27.3
1783947135.447,46.9,27.3
1783947136.474,47.0,27.3
1783947137.502,46.9,27.3
1783947138.531,46.9,27.3
1783947139.555,46.9,27.4
1783947140.579,46.8,27.3
1783947141.603,46.8,27.3
1783947142.627,46.8,27.3
1783947143.652,46.7,27.3
1783947144.685,46.7,27.3
1783947145.718,46.7,27.3
1783947146.75,46.7,27.4
1783947147.782,46.7,27.3
1783947148.814,46.7,27.3
1783947149.839,46.7,27.3
1783947150.863,46.6,27.4
1783947151.896,46.6,27.3
1783947152.929,46.6,27.4
1783947153.973,46.6,27.3
1783947154.998,46.6,27.3
1783947156.023,46.6,27.3
1783947157.05,46.6,27.4
1783947158.078,46.6,27.4
1783947159.104,46.5,27.3
1783947160.139,46.5,27.4
1783947161.173,46.5,27.3
1783947162.206,46.5,27.4
1783947163.231,46.5,27.3
1783947164.255,46.5,27.4
1783947165.28,46.5,27.3
1783947166.304,46.5,27.3
1783947167.329,46.5,27.3
1783947168.361,46.5,27.4
1783947169.385,46.5,27.3
1783947170.409,46.5,27.4
1783947171.434,46.5,27.3
1783947172.467,46.4,27.3
1783947173.5,46.4,27.4
1783947174.524,46.4,27.3
1783947175.552,46.4,27.3
1783947176.582,46.4,27.3
1783947177.607,46.4,27.4
1783947178.639,46.3,27.3
1783947179.664,46.3,27.3
1783947180.689,46.3,27.4
1783947181.723,46.3,27.3
1783947182.758,46.2,27.3
1783947183.792,46.2,27.4
1783947184.826,46.1,27.3
1783947185.86,46.1,27.3
1783947186.894,46.1,27.3
1783947187.928,46.0,27.3
1783947188.962,46.0,27.3
1783947189.997,46.0,27.4
1783947191.036,46.0,27.4
1783947192.061,46.0,27.3
1783947193.087,46.0,27.4
1783947194.112,46.0,27.3
1783947195.138,46.0,27.3
1783947196.163,46.0,27.4
1783947197.191,46.0,27.4
1783947198.219,46.0,27.4
1783947199.253,46.1,27.4
1783947200.287,46.0,27.3
1783947201.312,46.0,27.3
1783947202.336,46.0,27.4
1783947203.371,46.0,27.3
1783947204.408,46.0,27.3
1783947205.434,45.9,27.3
1783947206.458,45.9,27.3
1783947207.484,45.9,27.4
1783947208.509,45.9,27.4
1783947209.545,45.9,27.4
1783947210.57,45.9,27.4
1783947211.595,45.8,27.3
1783947212.619,45.8,27.3
1783947213.653,45.7,27.4
1783947214.688,45.7,27.4
1783947215.715,45.6,27.3
1783947216.746,45.6,27.3
1783947217.772,45.6,27.3
1783947218.806,45.6,27.3
1783947219.839,45.6,27.3
1783947220.873,45.6,27.3
1783947221.9,45.6,27.3
1783947222.933,45.5,27.3
1783947223.967,45.5,27.4
1783947225.0,45.5,27.3
1783947226.035,45.5,27.4
1783947227.068,45.5,27.3
1783947228.102,45.4,27.4
1783947229.136,45.4,27.3
1783947230.171,45.3,27.4
1783947231.206,45.4,27.3
1783947232.231,45.4,27.4
1783947233.265,45.3,27.3
1783947234.299,45.3,27.3
1783947235.333,45.3,27.3
1783947236.371,45.4,27.3
1783947237.402,45.4,27.3
1783947238.428,45.4,27.3
1783947239.462,45.4,27.3
1783947240.497,45.4,27.4
1783947241.531,45.4,27.4
1783947242.565,45.4,27.4
1783947243.6,45.5,27.4
1783947244.625,45.5,27.3
1783947245.65,45.5,27.3
1783947246.674,45.5,27.3
1783947247.698,45.6,27.3
1783947248.723,45.6,27.3
1783947249.747,45.6,27.3
1783947250.772,45.7,27.3
1783947251.797,45.7,27.3
1783947252.821,45.8,27.4
1783947253.846,45.8,27.3
1783947254.88,45.8,27.3
1783947255.908,45.9,27.3
1783947256.936,45.8,27.3
1783947257.969,45.8,27.3
1783947258.994,45.9,27.3
1783947260.027,46.0,27.4
1783947261.061,46.0,27.3
1783947262.095,46.0,27.3
1783947263.13,46.1,27.3
1783947264.163,46.1,27.3
1783947265.197,46.1,27.3
1783947266.231,46.2,27.3
1783947267.266,46.2,27.3
1783947268.299,46.3,27.3
1783947269.334,46.2,27.3
1783947270.368,46.3,27.3
1783947271.392,46.4,27.3
1783947272.426,46.4,27.3
1783947273.46,46.4,27.3
1783947274.494,46.4,27.3
1783947275.528,46.4,27.3
1783947276.556,46.4,27.3
1783947277.581,46.4,27.3
1783947278.615,46.4,27.3
1783947279.647,46.4,27.3
1783947280.679,46.4,27.3
1783947281.712,46.5,27.3
1783947282.745,46.5,27.3
1783947283.778,46.5,27.3
1783947284.81,46.6,27.3
1783947285.843,46.6,27.3
1783947286.876,46.6,27.3
1783947287.909,46.7,27.3
1783947288.941,46.8,27.3
1783947289.974,46.8,27.3
1783947291.005,46.9,27.3
1783947292.03,47.0,27.3
1783947293.055,47.1,27.3
1783947294.079,47.1,27.3
1783947295.103,47.2,27.3
1783947296.129,47.2,27.3
1783947297.155,47.3,27.3
1783947298.179,47.3,27.3
1783947299.211,47.3,27.3
1783947300.244,47.3,27.3
1783947301.276,47.3,27.3
1783947302.309,47.3,27.3
1783947303.342,47.3,27.3
1783947304.375,47.3,27.3
1783947305.408,47.3,27.3
1783947306.44,47.3,27.3
1783947307.473,47.3,27.4
1783947308.507,47.3,27.3
1783947309.54,47.2,27.3
1783947310.572,47.2,27.3
1783947311.604,47.2,27.3
1783947312.636,47.1,27.3
1783947313.668,47.2,27.3
1783947314.701,47.2,27.3
1783947315.733,47.3,27.3
1783947316.767,47.3,27.3
1783947317.793,47.4,27.3
1783947318.82,47.4,27.3
1783947319.853,47.4,27.3
1783947320.879,47.5,27.3
1783947321.912,47.5,27.3
1783947322.945,47.5,27.3
1783947323.978,47.6,27.3
1783947325.011,47.6,27.3
1783947326.035,47.6,27.3
1783947327.068,47.6,27.3
1783947328.101,47.7,27.3
1783947329.134,47.6,27.3
1783947330.167,47.8,27.3
1783947331.2,47.8,27.3
1783947332.233,47.8,27.3
1783947333.266,47.8,27.3
1783947334.29,47.8,27.3
1783947335.314,47.9,27.3
1783947336.346,47.9,27.3
1783947337.371,47.8,27.3
1783947338.397,47.8,27.3
1783947339.426,47.8,27.3
1783947340.451,47.8,27.3
1783947341.475,47.8,27.3
1783947342.5,47.8,27.3
1783947343.524,47.8,27.3
1783947344.558,47.8,27.4
1783947345.59,47.8,27.3
1783947346.624,47.8,27.3
1783947347.657,47.9,27.3
1783947348.691,47.8,27.3
1783947349.726,47.8,27.3
1783947350.76,47.9,27.3
1783947351.794,47.9,27.3
1783947352.829,47.9,27.3
1783947353.864,47.9,27.3
1783947354.898,47.9,27.3
1783947355.933,47.9,27.3
1783947356.967,47.9,27.3
1783947358.002,48.0,27.3
1783947359.031,48.0,27.3
1783947360.055,48.1,27.3
1783947361.09,48.1,27.3
1783947362.124,48.2,27.3
1783947363.157,48.3,27.3
1783947364.182,48.4,27.3
1783947365.215,48.4,27.3
1783947366.24,48.4,27.3
1783947367.273,48.4,27.3
1783947368.307,48.5,27.3
1783947369.332,48.5,27.3
1783947370.356,48.5,27.3
1783947371.389,48.5,27.3
1783947372.422,48.5,27.3
1783947373.456,48.5,27.3
1783947374.481,48.5,27.3
1783947375.516,48.5,27.3
1783947376.551,48.5,27.3
1783947377.585,48.5,27.3
1783947378.622,48.5,27.3
1783947379.649,48.5,27.3
1783947380.676,48.5,27.3
1783947381.71,48.5,27.3
1783947382.741,48.5,27.3
1783947383.766,48.5,27.4
1783947384.791,48.5,27.3
1783947385.816,48.5,27.3
1783947386.841,48.5,27.3
1783947387.867,48.5,27.3
1783947388.893,48.5,27.3
1783947389.918,48.5,27.3
1783947390.952,48.5,27.3
1783947391.987,48.5,27.3
1783947393.021,48.4,27.3
1783947394.054,48.4,27.3
1783947395.087,48.4,27.3
1783947396.121,48.4,27.3
1783947397.155,48.4,27.3
1783947398.19,48.4,27.3
1783947399.221,48.4,27.3
1783947400.247,48.4,27.3
1783947401.283,48.4,27.3
1783947402.309,48.4,27.3
1783947403.343,48.4,27.3
1783947404.377,48.4,27.3
1783947405.412,48.5,27.3
1783947406.437,48.5,27.3
1783947407.472,48.6,27.3
1783947408.507,48.6,27.3
1783947409.541,48.6,27.3
1783947410.58,48.6,27.3
1783947411.607,48.6,27.3
1783947412.642,48.6,27.3
1783947413.676,48.6,27.3
1783947414.71,48.6,27.3
1783947415.744,48.6,27.3
1783947416.779,48.6,27.3
1783947417.814,48.7,27.3
1783947418.849,48.6,27.3
1783947419.877,48.6,27.3
1783947420.91,48.6,27.3
1783947421.945,48.7,27.3
1783947422.98,48.7,27.3
1783947424.014,48.7,27.3
1783947425.048,48.7,27.3
1783947426.082,48.7,27.3
1783947427.108,48.8,27.3
1783947428.143,48.8,27.3
1783947429.169,48.8,27.3
1783947430.196,48.8,27.3
1783947431.221,48.8,27.3
1783947432.246,48.8,27.3
1783947433.271,48.8,27.3
1783947434.296,48.8,27.3
1783947435.322,48.9,27.3
1783947436.356,49.0,27.3
1783947437.381,49.1,27.3
1783947438.411,49.2,27.3
1783947439.436,49.3,27.3
1783947440.47,49.4,27.3
1783947441.504,49.5,27.3
1783947442.53,49.5,27.3
1783947443.564,49.5,27.3
1783947444.598,49.6,27.3
1783947445.632,49.6,27.3
1783947446.667,49.6,27.3
1783947447.694,49.6,27.4
1783947448.719,49.6,27.3
1783947449.753,49.6,27.4
1783947450.787,49.7,27.3
1783947451.822,49.7,27.4
1783947452.856,49.7,27.3
1783947453.89,49.7,27.3
1783947454.925,49.8,27.3
1783947455.959,49.7,27.3
1783947456.993,49.7,27.3
1783947458.028,49.7,27.3
1783947459.063,49.7,27.3
1783947460.092,49.7,27.3
1783947461.119,49.7,27.4
1783947462.154,49.7,27.3
1783947463.188,49.7,27.4
1783947464.223,49.7,27.3
1783947465.257,49.7,27.3
1783947466.292,49.7,27.3
1783947467.326,49.7,27.3
1783947468.359,49.7,27.4
1783947469.393,49.7,27.3
1783947470.427,49.7,27.3
1783947471.461,49.8,27.4
1783947472.495,49.8,27.3
1783947473.519,49.9,27.3
1783947474.544,49.9,27.4
1783947475.568,49.9,27.3
1783947476.593,49.9,27.4
1783947477.619,50.0,27.3
1783947478.646,50.0,27.3
1783947479.675,50.0,27.3
1783947480.702,50.0,27.3
1783947481.736,50.1,27.4
1783947482.77,50.1,27.3
1783947483.804,50.1,27.4
1783947484.839,50.1,27.3
1783947485.872,50.1,27.4
1783947486.905,50.1,27.4
1783947487.938,50.1,27.4
1783947488.972,50.1,27.4
1783947490.005,50.2,27.3
1783947491.038,50.2,27.4
1783947492.071,50.2,27.4
1783947493.104,50.2,27.3
1783947494.136,50.1,27.3
1783947495.169,50.1,27.3
1783947496.201,50.1,27.3
1783947497.236,50.1,27.4
1783947498.269,50.1,27.4
1783947499.306,50.0,27.4
1783947500.336,50.0,27.3
1783947501.365,50.0,27.3
1783947502.39,49.9,27.4
1783947503.423,49.9,27.3
1783947504.458,49.9,27.4
1783947505.493,49.9,27.4
1783947506.528,49.9,27.4
1783947507.553,49.9,27.4
1783947508.586,49.9,27.4
1783947509.619,49.9,27.4
1783947510.652,49.8,27.3
1783947511.685,49.8,27.4
1783947512.71,49.8,27.3
1783947513.743,49.8,27.4
1783947514.776,49.8,27.4
1783947515.809,49.8,27.4
1783947516.842,49.9,27.4
1783947517.875,49.8,27.4
1783947518.9,49.9,27.4
1783947519.926,49.9,27.4
1783947520.955,49.9,27.4
1783947521.983,49.9,27.4
1783947523.007,49.9,27.4
1783947524.032,49.9,27.4
1783947525.056,49.9,27.4
1783947526.079,49.9,27.4
1783947527.112,49.9,27.4
1783947528.144,49.9,27.4
1783947529.176,49.9,27.4
1783947530.208,49.9,27.4
1783947531.241,49.9,27.4
1783947532.266,49.9,27.4
1783947533.299,50.0,27.4
1783947534.332,50.0,27.4
1783947535.365,50.0,27.4
1783947536.398,50.0,27.4
1783947537.431,50.0,27.4
1783947538.455,50.1,27.4
1783947539.49,50.0,27.4
1783947540.525,50.1,27.4
1783947541.553,50.1,27.4
1783947542.58,50.1,27.4
1783947543.604,50.2,27.4
1783947544.637,50.2,27.4
1783947545.67,50.2,27.4
1783947546.703,50.3,27.4
1783947547.727,50.3,27.4
1783947548.761,50.3,27.4
1783947549.794,50.3,27.4
1783947550.827,50.3,27.4
1783947551.86,50.3,27.4
1783947552.884,50.3,27.4
1783947553.908,50.3,27.4
1783947554.941,50.3,27.4
1783947555.974,50.3,27.4
1783947557.007,50.2,27.4
1783947558.031,50.2,27.4
1783947559.064,50.2,27.4
1783947560.096,50.2,27.4
1783947561.122,50.2,27.4
1783947562.15,50.2,27.4
1783947563.184,50.2,27.4
1783947564.209,50.2,27.4
1783947565.234,50.2,27.4
1783947566.266,50.2,27.4
1783947567.291,50.2,27.4
1783947568.315,50.2,27.4
1783947569.341,50.2,27.4
1783947570.366,50.2,27.4
1783947571.393,50.1,27.4
1783947572.417,50.1,27.4
1783947573.441,50.1,27.4
1783947574.465,50.1,27.4
1783947575.489,50.0,27.4
1783947576.52,50.1,27.4
1783947577.552,50.0,27.4
1783947578.585,50.0,27.4
1783947579.621,50.0,27.4
1783947580.654,50.0,27.4
1783947581.68,50.0,27.4
1783947582.713,49.9,27.4
1783947583.746,49.9,27.4
1783947584.779,49.9,27.4
1783947585.812,49.9,27.4
1783947586.845,49.9,27.4
1783947587.878,49.9,27.4
1783947588.911,49.9,27.4
1783947589.935,49.8,27.4
1783947590.968,49.8,27.4
1783947592.001,49.8,27.4
1783947593.033,49.7,27.4
1783947594.066,49.7,27.4
1783947595.09,49.7,27.4
1783947596.126,49.6,27.4
1783947597.161,49.6,27.4
1783947598.196,49.6,27.4
1783947599.231,49.6,27.4
1783947600.259,49.6,27.4
1783947601.285,49.5,27.4
1783947602.312,49.4,27.3
1783947603.348,49.3,27.4
1783947604.383,49.2,27.4
1783947605.418,49.1,27.4
1783947606.453,49.1,27.4
1783947607.488,49.0,27.4
1783947608.522,49.0,27.4
1783947609.556,49.0,27.3
1783947610.591,49.0,27.4
1783947611.615,49.0,27.4
1783947612.64,48.9,27.4
1783947613.664,48.9,27.4
1783947614.689,48.8,27.4
1783947615.714,48.7,27.4
1783947616.739,48.7,27.3
1783947617.764,48.6,27.4
1783947618.789,48.6,27.4
1783947619.816,48.5,27.4
1783947620.843,48.5,27.4
1783947621.868,48.4,27.4
1783947622.902,48.4,27.4
1783947623.936,48.4,27.4
1783947624.97,48.4,27.3
1783947626.004,48.4,27.4
1783947627.039,48.4,27.4
1783947628.073,48.3,27.4
1783947629.108,48.2,27.4
1783947630.142,48.2,27.4
1783947631.177,48.1,27.4
1783947632.211,48.1,27.4
1783947633.245,48.1,27.4
1783947634.31,48.1,27.3
1783947635.387,48.0,27.4
1783947636.489,48.0,27.4
1783947637.56,48.0,27.4
1783947638.596,48.0,27.3
1783947639.623,48.0,27.4
1783947640.648,48.0,27.4
1783947641.682,47.9,27.4
1783947642.716,47.9,27.4
1783947643.751,47.9,27.4
1783947644.786,47.9,27.4
1783947645.81,47.9,27.4
1783947646.845,47.9,27.4
1783947647.879,47.8,27.4
1783947648.913,47.8,27.4
1783947649.948,47.9,27.4
1783947650.982,47.8,27.4
1783947652.007,47.8,27.4
1783947653.032,47.8,27.4
1783947654.056,47.8,27.4
1783947655.082,47.8,27.3
1783947656.116,47.9,27.4
1783947657.151,47.8,27.4
1783947658.187,47.8,27.4
1783947659.214,47.9,27.4
1783947660.242,47.9,27.4
1783947661.276,47.9,27.4
1783947662.31,47.9,27.4
1783947663.345,47.9,27.4
1783947664.38,47.9,27.4
1783947665.405,47.8,27.4
1783947666.43,47.7,27.3
1783947667.455,47.7,27.4
1783947668.48,47.6,27.4
1783947669.505,47.6,27.3
1783947670.53,47.6,27.3
1783947671.555,47.6,27.4
1783947672.581,47.5,27.4
1783947673.616,47.6,27.4
1783947674.65,47.6,27.4
1783947675.685,47.6,27.4
1783947676.719,47.6,27.4
1783947677.753,47.6,27.4
1783947678.781,47.6,27.3
1783947679.808,47.6,27.4
1783947680.836,47.6,27.4
1783947681.87,47.5,27.4
1783947682.905,47.5,27.4
1783947683.93,47.5,27.3
1783947684.954,47.5,27.4
1783947685.988,47.5,27.4
1783947687.022,47.4,27.4
1783947688.056,47.4,27.4
1783947689.089,47.4,27.4
1783947690.122,47.4,27.3
1783947691.155,47.4,27.3
1783947692.182,47.4,27.4
1783947693.207,47.4,27.3
1783947694.231,47.4,27.4
1783947695.256,47.3,27.4
1783947696.291,47.3,27.4
1783947697.325,47.3,27.4
1783947698.36,47.2,27.4
1783947699.389,47.2,27.3
1783947700.415,47.1,27.4
1783947701.449,47.1,27.3
1783947702.484,47.1,27.4
1783947703.518,47.1,27.3
1783947704.552,47.1,27.4
1783947705.585,47.0,27.4
1783947706.619,47.1,27.4
1783947707.652,47.0,27.3
1783947708.685,47.0,27.4
1783947709.718,47.0,27.4
1783947710.745,46.9,27.3
1783947711.77,46.9,27.4
1783947712.804,46.8,27.4
1783947713.838,46.9,27.4
1783947714.863,46.8,27.4
1783947715.888,46.9,27.4
1783947716.913,46.8,27.3
1783947717.938,46.8,27.4
1783947718.965,46.8,27.4
1783947719.99,46.7,27.3
1783947721.015,46.7,27.4
1783947722.05,46.7,27.4
1783947723.084,46.7,27.4
1783947724.118,46.6,27.4
1783947725.152,46.6,27.4
1783947726.178,46.6,27.4
1783947727.212,46.6,27.4
1783947728.246,46.6,27.4
1783947729.282,46.5,27.3
1783947730.316,46.5,27.4
1783947731.351,46.5,27.4
1783947732.386,46.5,27.4
1783947733.42,46.5,27.4
1783947734.455,46.5,27.4
1783947735.489,46.4,27.3
1783947736.513,46.4,27.4
1783947737.538,46.4,27.3
1783947738.562,46.4,27.4
1783947739.59,46.4,27.4
1783947740.629,46.4,27.3
1783947741.662,46.4,27.4
1783947742.695,46.4,27.4
1783947743.727,46.4,27.3
1783947744.76,46.4,27.3
1783947745.792,46.4,27.3
1783947746.825,46.4,27.3
1783947747.858,46.4,27.3
1783947748.891,46.3,27.4
1783947749.924,46.3,27.4
1783947750.955,46.2,27.4
1783947751.979,46.2,27.4
1783947753.003,46.1,27.4
1783947754.035,46.1,27.4
1783947755.067,46.1,27.3
1783947756.1,46.1,27.4
1783947757.124,46.1,27.4
1783947758.148,46.1,27.4
1783947759.178,46.1,27.3
1783947760.206,46.1,27.3
1783947761.23,46.1,27.3
1783947762.255,46.1,27.3
1783947763.279,46.1,27.3
1783947764.303,46.2,27.3
1783947765.327,46.2,27.4
1783947766.35,46.2,27.3
1783947767.375,46.2,27.3
1783947768.398,46.1,27.4
1783947769.431,46.1,27.3
1783947770.463,46.1,27.3
1783947771.496,46.1,27.4
1783947772.519,46.0,27.3
1783947773.544,46.0,27.3
1783947774.576,46.0,27.3
1783947775.6,46.0,27.4
1783947776.633,46.0,27.4
1783947777.661,45.9,27.3
1783947778.687,45.9,27.3
1783947779.717,45.8,27.3
1783947780.743,45.8,27.4
1783947781.768,45.8,27.3
1783947782.795,45.8,27.4
1783947783.822,45.7,27.3
1783947784.848,45.7,27.4
1783947785.883,45.7,27.3
1783947786.916,45.6,27.3
1783947787.95,45.6,27.4
1783947788.984,45.6,27.3
1783947790.018,45.6,27.3
1783947791.053,45.6,27.3
1783947792.087,45.6,27.3
1783947793.121,45.5,27.3
1783947794.154,45.5,27.3
1783947795.189,45.5,27.3
1783947796.224,45.4,27.4
1783947797.26,45.5,27.3
1783947798.288,45.4,27.4
1783947799.315,45.4,27.4
1783947800.35,45.4,27.4
1783947801.383,45.4,27.4
1783947802.418,45.4,27.4
1783947803.452,45.4,27.4
1783947804.477,45.4,27.3
1783947805.502,45.4,27.4
1783947806.536,45.4,27.4
1783947807.569,45.4,27.4
1783947808.603,45.3,27.3
1783947809.628,45.3,27.3
1783947810.661,45.3,27.3
1783947811.685,45.2,27.4
1783947812.71,45.2,27.3
1783947813.735,45.2,27.3
1783947814.76,45.1,27.3
1783947815.785,45.1,27.4
1783947816.809,45.1,27.4
1783947817.84,45.1,27.3
1783947818.866,45.1,27.3
1783947819.891,45.1,27.3
1783947820.926,45.0,27.3
1783947821.96,45.1,27.3
1783947822.984,45.1,27.3
1783947824.008,45.1,27.4
1783947825.032,45.1,27.3
1783947826.057,45.1,27.3
1783947827.095,45.0,27.3
1783947828.13,45.0,27.3
1783947829.164,45.0,27.4
1783947830.198,44.9,27.4
1783947831.233,44.9,27.3
1783947832.259,44.8,27.3
1783947833.294,44.8,27.3
1783947834.328,44.8,27.3
1783947835.354,44.8,27.3
1783947836.387,44.9,27.3
1783947837.421,44.9,27.3
1783947838.448,44.8,27.3
1783947839.479,44.8,27.3
1783947840.512,44.8,27.3
1783947841.544,44.8,27.3
1783947842.577,44.8,27.3
1783947843.61,44.8,27.3
1783947844.643,44.8,27.3
1783947845.667,44.8,27.3
1783947846.7,44.8,27.3
1783947847.733,44.8,27.3
1783947848.766,44.8,27.3
1783947849.799,44.9,27.3
1783947850.823,44.9,27.3
1783947851.857,45.0,27.3
1783947852.89,45.1,27.3
1783947853.923,45.0,27.3
1783947854.947,45.1,27.3
1783947855.971,45.2,27.3
1783947857.005,45.2,27.3
1783947858.033,45.3,27.3
1783947859.062,45.3,27.3
1783947860.094,45.4,27.4
1783947861.118,45.4,27.3
1783947862.143,45.4,27.3
1783947863.168,45.5,27.3
1783947864.193,45.5,27.3
1783947865.219,45.6,27.3
1783947866.243,45.6,27.3
1783947867.269,45.6,27.3
1783947868.294,45.7,27.4
1783947869.319,45.7,27.3
1783947870.343,45.8,27.3
1783947871.37,45.8,27.3
1783947872.403,45.8,27.3
1783947873.436,45.8,27.3
1783947874.469,45.8,27.3
1783947875.501,45.8,27.3
1783947876.534,45.8,27.3
1783947877.566,45.8,27.3
1783947878.591,45.8,27.3
1783947879.623,45.8,27.3
1783947880.655,45.8,27.3
1783947881.688,45.9,27.3
1783947882.72,45.9,27.3
1783947883.753,45.9,27.4
1783947884.786,46.0,27.3
1783947885.818,46.0,27.4
1783947886.851,46.0,27.3
1783947887.884,46.1,27.3
1783947888.917,46.1,27.3
1783947889.95,46.2,27.3
1783947890.983,46.2,27.3
1783947892.016,46.2,27.3
1783947893.049,46.3,27.3
1783947894.082,46.3,27.3
1783947895.114,46.3,27.3
1783947896.148,46.3,27.3
1783947897.181,46.3,27.3
1783947898.218,46.4,27.4
1783947899.246,46.4,27.3
1783947900.272,46.4,27.3
1783947901.305,46.4,27.3
1783947902.337,46.4,27.3
1783947903.37,46.4,27.3
1783947904.403,46.5,27.3
1783947905.436,46.5,27.3
1783947906.467,46.6,27.3
1783947907.491,46.6,27.3
1783947908.515,46.7,27.3
1783947909.54,46.7,27.3
1783947910.565,46.7,27.3
1783947911.589,46.8,27.3
1783947912.615,46.8,27.3
1783947913.64,46.8,27.3
1783947914.664,46.9,27.3
1783947915.689,46.9,27.3
1783947916.715,46.9,27.3
1783947917.743,46.9,27.3
1783947918.771,47.0,27.3
1783947919.804,47.0,27.3
1783947920.837,47.0,27.3
1783947921.87,47.0,27.3
1783947922.904,47.0,27.3
1783947923.937,47.0,27.3
1783947924.97,47.0,27.3
1783947926.0,47.0,27.3
1783947927.033,47.0,27.3
1783947928.066,47.0,27.3
1783947929.099,47.0,27.3
1783947930.133,46.9,27.3
1783947931.165,46.9,27.3
1783947932.199,46.9,27.3
1783947933.232,46.9,27.3
1783947934.265,46.9,27.3
1783947935.297,47.0,27.3
1783947936.33,47.0,27.3
1783947937.362,47.0,27.3
1783947938.395,47.1,27.3
1783947939.42,47.1,27.3
1783947940.444,47.1,27.3
1783947941.477,47.2,27.3
1783947942.51,47.2,27.3
1783947943.544,47.2,27.3
1783947944.577,47.2,27.3
1783947945.61,47.3,27.3
1783947946.643,47.3,27.3
1783947947.676,47.3,27.3
1783947948.708,47.4,27.4
1783947949.741,47.4,27.4
1783947950.774,47.4,27.3
1783947951.807,47.4,27.3
1783947952.832,47.4,27.3
1783947953.858,47.4,27.3
1783947954.882,47.4,27.3
1783947955.906,47.4,27.3
1783947956.931,47.5,27.3
1783947957.955,47.5,27.3
1783947958.982,47.5,27.3
1783947960.009,47.5,27.3
1783947961.034,47.5,27.3
1783947962.059,47.6,27.3
1783947963.083,47.5,27.3
1783947964.116,47.6,27.3
1783947965.149,47.6,27.3
1783947966.182,47.6,27.3
1783947967.214,47.6,27.3
1783947968.247,47.6,27.3
1783947969.279,47.6,27.3
1783947970.311,47.6,27.3
1783947971.344,47.6,27.3
1783947972.377,47.6,27.3
1783947973.408,47.6,27.3
1783947974.442,47.6,27.3
1783947975.474,47.7,27.3
1783947976.499,47.7,27.3
1783947977.533,47.6,27.3
1783947978.559,47.7,27.3
1783947979.59,47.7,27.3
1783947980.615,47.7,27.3
1783947981.639,47.7,27.3
1783947982.673,47.7,27.3
1783947983.698,47.8,27.3
1783947984.731,47.8,27.3
1783947985.765,47.8,27.3
1783947986.79,47.9,27.3
1783947987.816,47.9,27.3
1783947988.841,48.0,27.3
1783947989.875,48.0,27.4
1783947990.909,48.0,27.3
1783947991.935,48.0,27.4
1783947992.97,48.0,27.3
1783947993.997,47.9,27.4
1783947995.031,48.0,27.3
1783947996.065,47.9,27.3
1783947997.1,47.9,27.3
1783947998.136,48.0,27.3
1783947999.165,47.9,27.4
1783948000.192,47.9,27.4
1783948001.225,47.9,27.3
1783948002.253,47.9,27.3
1783948003.279,47.9,27.3
1783948004.304,47.9,27.3
1783948005.333,47.9,27.3
1783948006.358,47.8,27.4
1783948007.383,47.8,27.3
1783948008.414,47.8,27.3
1783948009.449,47.8,27.3
1783948010.483,47.8,27.3
1783948011.516,47.8,27.4
1783948012.55,47.8,27.4
1783948013.583,47.8,27.4
1783948014.617,47.8,27.4
1783948015.644,47.8,27.3
1783948016.677,47.8,27.3
1783948017.712,47.8,27.4
1783948018.739,47.8,27.3
1783948019.766,47.8,27.4
1783948020.8,47.8,27.3
1783948021.834,47.8,27.4
1783948022.868,47.8,27.3
1783948023.894,47.9,27.3
1783948024.919,47.9,27.4
1783948025.953,48.0,27.3
1783948026.988,48.1,27.3
1783948028.021,48.1,27.3
1783948029.046,48.1,27.4
1783948030.071,48.1,27.3
1783948031.105,48.2,27.3
1783948032.13,48.2,27.4
1783948033.164,48.2,27.4
1783948034.19,48.2,27.3
1783948035.215,48.2,27.4
1783948036.249,48.2,27.3
1783948037.285,48.2,27.3
1783948038.322,48.2,27.4
1783948039.352,48.2,27.4
1783948040.38,48.2,27.3
1783948041.414,48.2,27.3
1783948042.449,48.2,27.3
1783948043.482,48.2,27.3
1783948044.516,48.1,27.3
1783948045.549,48.2,27.4
1783948046.584,48.1,27.3
1783948047.618,48.1,27.3
1783948048.642,48.1,27.4
1783948049.667,48.1,27.4
1783948050.692,48.1,27.3
1783948051.716,48.1,27.3
1783948052.74,48.1,27.3
1783948053.765,48.1,27.4
1783948054.793,48.1,27.4
1783948055.819,48.1,27.3
1783948056.845,48.1,27.3
1783948057.873,48.2,27.4
1783948058.899,48.3,27.4
1783948059.934,48.5,27.4
1783948060.968,48.7,27.4
1783948061.992,48.8,27.4
1783948063.028,49.0,27.4
1783948064.062,49.1,27.4
1783948065.095,49.2,27.3
1783948066.128,49.3,27.3
1783948067.153,49.3,27.3
1783948068.185,49.3,27.3
1783948069.218,49.3,27.4
1783948070.252,49.3,27.4
1783948071.284,49.3,27.3
1783948072.308,49.3,27.4
1783948073.341,49.2,27.4
1783948074.374,49.2,27.3
1783948075.407,49.2,27.4
1783948076.433,49.2,27.4
1783948077.459,49.2,27.3
1783948078.494,49.1,27.4
1783948079.523,49.1,27.4
1783948080.549,49.0,27.4
1783948081.582,49.0,27.4
1783948082.614,49.0,27.4
1783948083.646,49.0,27.4
1783948084.68,48.9,27.4
1783948085.712,49.0,27.4
1783948086.744,48.9,27.4
1783948087.776,49.0,27.4
1783948088.808,48.9,27.4
1783948089.842,48.9,27.4
1783948090.876,48.9,27.3
1783948091.9,49.0,27.4
1783948092.924,49.0,27.3
1783948093.946,49.0,27.4
1783948094.97,49.0,27.3
1783948096.003,49.0,27.4
1783948097.036,49.0,27.4
1783948098.07,49.0,27.4
1783948099.1,49.0,27.3
1783948100.124,49.0,27.4
1783948101.148,49.1,27.4
1783948102.173,49.1,27.4
1783948103.197,49.1,27.4
1783948104.222,49.1,27.4
1783948105.246,49.1,27.4
1783948106.279,49.1,27.4
1783948107.312,49.1,27.4
1783948108.336,49.0,27.4
1783948109.36,49.1,27.4
1783948110.392,49.1,27.3
1783948111.424,49.1,27.4
1783948112.456,49.1,27.4
1783948113.48,49.1,27.4
1783948114.503,49.1,27.4
1783948115.536,49.1,27.4
1783948116.569,49.1,27.4
1783948117.603,49.1,27.4
1783948118.632,49.1,27.4
1783948119.663,49.2,27.4
1783948120.696,49.1,27.4
1783948121.729,49.2,27.4
1783948122.762,49.2,27.4
1783948123.786,49.2,27.4
1783948124.812,49.2,27.4
1783948125.844,49.2,27.4
1783948126.877,49.2,27.4
1783948127.91,49.2,27.4
1783948128.943,49.2,27.4
1783948129.976,49.2,27.4
1783948131.009,49.2,27.4
1783948132.042,49.2,27.4
1783948133.066,49.2,27.4
1783948134.09,49.2,27.4
1783948135.114,49.2,27.4
1783948136.137,49.2,27.4
1783948137.171,49.2,27.4
1783948138.195,49.3,27.4
1783948139.223,49.3,27.4
1783948140.256,49.3,27.4
1783948141.289,49.3,27.4
1783948142.322,49.3,27.4
1783948143.355,49.3,27.4
1783948144.388,49.3,27.4
1783948145.421,49.3,27.4
1783948146.458,49.3,27.4
1783948147.482,49.3,27.4
1783948148.506,49.3,27.4
1783948149.531,49.3,27.4
1783948150.555,49.3,27.4
1783948151.579,49.3,27.4
1783948152.603,49.3,27.4
1783948153.627,49.3,27.4
1783948154.651,49.4,27.4
1783948155.68,49.4,27.4
1783948156.706,49.3,27.4
1783948157.735,49.3,27.4
1783948158.76,49.3,27.4
1783948159.793,49.4,27.4
1783948160.818,49.3,27.4
1783948161.842,49.3,27.4
1783948162.875,49.3,27.4
1783948163.908,49.3,27.4
1783948164.941,49.3,27.4
1783948165.965,49.3,27.4
1783948166.989,49.3,27.4
1783948168.021,49.3,27.4
1783948169.053,49.3,27.4
1783948170.085,49.3,27.4
1783948171.109,49.3,27.4
1783948172.133,49.3,27.4
1783948173.156,49.3,27.4
1783948174.18,49.2,27.4
1783948175.205,49.3,27.4
1783948176.232,49.2,27.4
1783948177.26,49.3,27.4
1783948178.285,49.3,27.4
1783948179.317,49.3,27.4
1783948180.35,49.3,27.4
1783948181.374,49.2,27.4
1783948182.399,49.3,27.4
1783948183.425,49.2,27.4
1783948184.458,49.2,27.4
1783948185.49,49.1,27.4
1783948186.523,49.0,27.4
1783948187.557,48.9,27.4
1783948188.59,48.8,27.4
1783948189.623,48.7,27.4
1783948190.656,48.7,27.4
1783948191.691,48.6,27.4
1783948192.725,48.6,27.4
1783948193.759,48.6,27.4
1783948194.794,48.6,27.4
1783948195.828,48.6,27.4
1783948196.865,48.6,27.4
1783948197.893,48.6,27.4
1783948198.922,48.6,27.4
1783948199.947,48.6,27.4
1783948200.972,48.6,27.4
1783948201.997,48.6,27.4
1783948203.022,48.6,27.4
1783948204.045,48.6,27.4
1783948205.069,48.6,27.4
1783948206.096,48.5,27.4
1783948207.129,48.5,27.4
1783948208.163,48.4,27.4
1783948209.198,48.4,27.4
1783948210.232,48.4,27.4
1783948211.26,48.4,27.4
1783948212.294,48.4,27.4
1783948213.327,48.4,27.4
1783948214.361,48.4,27.4
1783948215.388,48.3,27.4
1783948216.412,48.3,27.4
1783948217.439,48.4,27.4
1783948218.464,48.4,27.4
1783948219.498,48.3,27.4
1783948220.532,48.4,27.4
1783948221.566,48.3,27.4
1783948222.6,48.3,27.4
1783948223.626,48.3,27.4
1783948224.652,48.4,27.4
1783948225.686,48.3,27.4
1783948226.719,48.4,27.4
1783948227.754,48.3,27.4
1783948228.788,48.3,27.4
1783948229.822,48.3,27.4
1783948230.857,48.2,27.4
1783948231.891,48.1,27.4
1783948232.926,48.1,27.4
1783948233.975,48.1,27.4
1783948235.046,48.1,27.4
1783948236.079,48.1,27.4
1783948237.116,48.1,27.4
1783948238.145,48.1,27.4
1783948239.174,48.2,27.4
1783948240.199,48.2,27.4
1783948241.234,48.2,27.4
1783948242.268,48.2,27.4
1783948243.294,48.2,27.4
1783948244.319,48.2,27.4
1783948245.345,48.2,27.4
1783948246.379,48.1,27.4
1783948247.414,48.0,27.4
1783948248.45,47.9,27.4
1783948249.476,47.8,27.4
1783948250.501,47.8,27.4
1783948251.526,47.8,27.4
1783948252.552,47.8,27.4
1783948253.577,47.8,27.4
1783948254.604,47.8,27.4
1783948255.63,47.7,27.4
1783948256.661,47.7,27.4
1783948257.689,47.6,27.4
1783948258.715,47.6,27.4
1783948259.739,47.6,27.4
1783948260.766,47.6,27.4
1783948261.791,47.6,27.4
1783948262.825,47.5,27.4
1783948263.86,47.6,27.4
1783948264.895,47.6,27.4
1783948265.929,47.6,27.4
1783948266.963,47.6,27.4
1783948267.998,47.6,27.4
1783948269.032,47.7,27.4
1783948270.066,47.6,27.4
1783948271.1,47.7,27.4
1783948272.134,47.6,27.4
1783948273.169,47.6,27.4
1783948274.203,47.6,27.4
1783948275.233,47.5,27.4
1783948276.26,47.5,27.4
1783948277.288,47.5,27.4
1783948278.316,47.5,27.4
1783948279.348,47.5,27.4
1783948280.373,47.4,27.3
1783948281.397,47.4,27.4
1783948282.429,47.4,27.4
1783948283.462,47.4,27.4
1783948284.495,47.4,27.4
1783948285.519,47.4,27.4
1783948286.544,47.4,27.4
1783948287.577,47.4,27.4
1783948288.61,47.4,27.4
1783948289.643,47.4,27.4
1783948290.667,47.4,27.4
1783948291.693,47.4,27.4
1783948292.726,47.5,27.4
1783948293.759,47.5,27.4
1783948294.783,47.5,27.4
1783948295.809,47.4,27.4
1783948296.837,47.4,27.4
1783948297.866,47.3,27.3
1783948298.891,47.2,27.4
1783948299.924,47.2,27.4
1783948300.956,47.1,27.4
1783948301.989,47.1,27.4
1783948303.015,47.0,27.4
1783948304.04,47.0,27.4
1783948305.065,47.0,27.4
1783948306.089,47.0,27.4
1783948307.112,47.0,27.4
1783948308.136,47.0,27.4
1783948309.16,47.0,27.4
1783948310.184,47.0,27.4
1783948311.207,47.0,27.4
1783948312.232,47.0,27.4
1783948313.264,47.0,27.4
1783948314.297,47.0,27.4
1783948315.332,47.0,27.4
1783948316.36,47.0,27.4
1783948317.388,47.0,27.4
1783948318.423,46.9,27.4
1783948319.446,46.9,27.4
1783948320.479,46.9,27.4
1783948321.512,46.9,27.4
1783948322.545,46.8,27.4
1783948323.578,46.8,27.3
1783948324.611,46.7,27.4
1783948325.644,46.7,27.4
1783948326.676,46.7,27.4
1783948327.708,46.6,27.4
1783948328.74,46.6,27.4
1783948329.773,46.6,27.4
1783948330.806,46.5,27.4
1783948331.83,46.5,27.4
1783948332.854,46.5,27.4
1783948333.887,46.4,27.4
1783948334.92,46.4,27.4
1783948335.954,46.4,27.4
1783948336.983,46.4,27.4
1783948338.007,46.4,27.4
1783948339.04,46.4,27.4
1783948340.072,46.4,27.4
1783948341.104,46.4,27.4
1783948342.136,46.3,27.4
1783948343.16,46.3,27.4
1783948344.192,46.3,27.4
1783948345.224,46.3,27.4
1783948346.249,46.3,27.4
1783948347.273,46.3,27.4
1783948348.299,46.3,27.4
1783948349.322,46.2,27.4
1783948350.346,46.3,27.4
1783948351.378,46.2,27.4
1783948352.41,46.3,27.4
1783948353.443,46.3,27.4
1783948354.475,46.3,27.4
1783948355.51,46.2,27.4
1783948356.537,46.2,27.4
1783948357.565,46.2,27.4
1783948358.589,46.2,27.4
1783948359.613,46.2,27.4
1783948360.637,46.1,27.3
1783948361.66,46.1,27.4
1783948362.683,46.1,27.4
1783948363.707,46.0,27.4
1783948364.74,46.0,27.4
1783948365.772,46.0,27.4
1783948366.805,46.0,27.4
1783948367.838,45.9,27.4
1783948368.872,45.9,27.4
1783948369.905,45.9,27.3
1783948370.938,45.9,27.4
1783948371.971,45.9,27.3
1783948373.004,45.9,27.4
1783948374.037,45.9,27.4
1783948375.07,45.8,27.4
1783948376.103,45.7,27.4
1783948377.129,45.7,27.4
1783948378.158,45.7,27.4
1783948379.191,45.6,27.4
1783948380.227,45.6,27.3
1783948381.262,45.7,27.4
1783948382.297,45.7,27.4
1783948383.321,45.7,27.4
1783948384.355,45.6,27.4
1783948385.39,45.6,27.4
1783948386.423,45.6,27.4
1783948387.456,45.7,27.4
1783948388.488,45.7,27.3
1783948389.521,45.7,27.4
1783948390.554,45.7,27.4
1783948391.587,45.8,27.4
1783948392.612,45.8,27.4
1783948393.636,45.8,27.4
1783948394.66,45.8,27.4
1783948395.689,45.8,27.4
1783948396.726,45.7,27.3
1783948397.753,45.7,27.4
1783948398.779,45.7,27.4
1783948399.811,45.6,27.3
1783948400.844,45.6,27.4
1783948401.877,45.5,27.4
1783948402.911,45.5,27.4
1783948403.948,45.5,27.4
1783948404.972,45.5,27.4
1783948405.998,45.5,27.3
1783948407.022,45.5,27.3
1783948408.047,45.4,27.3
1783948409.071,45.4,27.3
1783948410.096,45.4,27.4
1783948411.128,45.4,27.3
1783948412.16,45.4,27.4
1783948413.192,45.4,27.4
1783948414.225,45.3,27.3
1783948415.249,45.3,27.4
1783948416.282,45.2,27.4
1783948417.317,45.2,27.3
1783948418.344,45.2,27.3
1783948419.371,45.2,27.4
1783948420.404,45.2,27.3
1783948421.428,45.2,27.3
1783948422.461,45.2,27.4
1783948423.494,45.2,27.3
1783948424.527,45.1,27.3
1783948425.56,45.1,27.4
1783948426.593,45.1,27.3
1783948427.627,45.0,27.3
1783948428.66,45.0,27.3
1783948429.693,45.0,27.3
1783948430.726,45.0,27.3
1783948431.759,45.0,27.4
1783948432.792,45.0,27.3
1783948433.825,44.9,27.4
1783948434.859,44.9,27.3
1783948435.884,44.9,27.3
1783948436.909,44.9,27.3
1783948437.936,44.9,27.3
1783948438.964,44.9,27.3
1783948440.001,44.9,27.3
1783948441.036,44.9,27.3
1783948442.07,44.8,27.3
1783948443.105,44.8,27.3
1783948444.139,44.8,27.4
1783948445.173,44.8,27.4
1783948446.207,44.8,27.3
1783948447.242,44.8,27.3
1783948448.277,44.8,27.3
1783948449.311,44.8,27.3
1783948450.346,44.9,27.3
1783948451.372,44.9,27.3
1783948452.397,44.9,27.3
1783948453.423,44.9,27.4
1783948454.448,44.9,27.3
1783948455.474,45.0,27.3
1783948456.499,45.0,27.3
1783948457.526,45.0,27.3
1783948458.557,45.0,27.3
1783948459.586,45.0,27.3
1783948460.621,45.0,27.3
1783948461.656,45.0,27.3
1783948462.69,45.1,27.3
1783948463.715,45.2,27.3
1783948464.741,45.2,27.3
1783948465.775,45.2,27.3
1783948466.81,45.3,27.4
1783948467.845,45.3,27.4
1783948468.872,45.4,27.3
1783948469.899,45.4,27.3
1783948470.934,45.4,27.3
1783948471.968,45.5,27.3
1783948473.003,45.5,27.3
1783948474.049,45.5,27.3
1783948475.084,45.6,27.4
1783948476.119,45.6,27.3
1783948477.153,45.6,27.3
1783948478.188,45.6,27.3
1783948479.215,45.6,27.4
1783948480.24,45.6,27.3
1783948481.265,45.7,27.3
1783948482.292,45.7,27.3
1783948483.316,45.7,27.3
1783948484.35,45.8,27.3
1783948485.383,45.8,27.3
1783948486.418,45.9,27.3
1783948487.452,45.8,27.3
1783948488.486,45.9,27.3
1783948489.521,45.9,27.3
1783948490.555,45.9,27.3
1783948491.581,45.9,27.3
1783948492.615,46.0,27.3
1783948493.649,46.0,27.3
1783948494.684,46.0,27.3
1783948495.713,46.0,27.4
1783948496.739,46.0,27.3
1783948497.767,46.0,27.3
1783948498.794,46.1,27.3
1783948499.825,46.1,27.3
1783948500.85,46.1,27.3
1783948501.874,46.2,27.3
1783948502.908,46.2,27.3
1783948503.935,46.3,27.3
1783948504.969,46.3,27.3
1783948506.002,46.3,27.3
1783948507.036,46.3,27.3
1783948508.07,46.3,27.3
1783948509.104,46.3,27.3
1783948510.138,46.3,27.3
1783948511.173,46.3,27.3
1783948512.207,46.4,27.3
1783948513.233,46.5,27.3
1783948514.267,46.5,27.3
1783948515.302,46.6,27.3
1783948516.336,46.6,27.3
1783948517.371,46.6,27.3
1783948518.408,46.6,27.3
1783948519.435,46.7,27.3
1783948520.464,46.7,27.3
1783948521.498,46.7,27.3
1783948522.531,46.7,27.4
1783948523.563,46.7,27.3
1783948524.601,46.6,27.3
1783948525.633,46.6,27.3
1783948526.656,46.6,27.3
1783948527.68,46.7,27.3
1783948528.704,46.6,27.3
1783948529.739,46.7,27.3
1783948530.772,46.7,27.3
1783948531.807,46.7,27.3
1783948532.831,46.7,27.3
1783948533.856,46.8,27.3
1783948534.889,46.8,27.3
1783948535.923,46.8,27.3
1783948536.957,46.9,27.3
1783948537.985,46.9,27.3
1783948539.016,46.9,27.3
1783948540.043,46.9,27.3
1783948541.077,47.0,27.3
1783948542.111,47.0,27.3
1783948543.135,47.1,27.3
1783948544.16,47.1,27.3
1783948545.185,47.1,27.3
1783948546.211,47.1,27.3
1783948547.236,47.1,27.3
1783948548.261,47.1,27.3
1783948549.289,47.1,27.3
1783948550.323,47.1,27.3
1783948551.357,47.1,27.3
1783948552.392,47.2,27.3
1783948553.426,47.2,27.3
1783948554.46,47.2,27.3
1783948555.494,47.3,27.3
1783948556.529,47.3,27.3
1783948557.565,47.4,27.3
1783948558.599,47.4,27.3
1783948559.628,47.5,27.3
1783948560.655,47.5,27.3
1783948561.679,47.5,27.3
1783948562.712,47.6,27.3
1783948563.736,47.6,27.3
1783948564.769,47.6,27.3
1783948565.802,47.6,27.3
1783948566.835,47.6,27.3
1783948567.868,47.7,27.3
1783948568.9,47.7,27.3
1783948569.925,47.8,27.3
1783948570.949,47.8,27.3
1783948571.974,47.9,27.3
1783948572.999,47.9,27.3
1783948574.033,47.9,27.3
1783948575.058,47.9,27.3
1783948576.084,48.0,27.3
1783948577.118,47.9,27.3
1783948578.153,47.9,27.3
1783948579.181,48.0,27.3
1783948580.207,47.9,27.3
1783948581.233,47.9,27.3
1783948582.267,48.0,27.3
1783948583.301,48.0,27.3
1783948584.335,48.0,27.3
1783948585.362,48.0,27.3
1783948586.397,48.0,27.3
1783948587.432,48.0,27.3
1783948588.466,48.1,27.3
1783948589.5,48.1,27.3
1783948590.535,48.1,27.3
1783948591.561,48.1,27.3
1783948592.586,48.1,27.3
1783948593.611,48.1,27.3
1783948594.636,48.1,27.3
1783948595.661,48.2,27.3
1783948596.687,48.2,27.3
1783948597.722,48.2,27.3
1783948598.752,48.2,27.3
1783948599.78,48.2,27.3
1783948600.814,48.2,27.3
1783948601.848,48.2,27.3
1783948602.882,48.2,27.3
1783948603.917,48.2,27.3
1783948604.951,48.2,27.3
1783948605.985,48.2,27.3
1783948607.019,48.2,27.3
1783948608.053,48.2,27.3
1783948609.087,48.2,27.3
1783948610.121,48.2,27.3
1783948611.154,48.2,27.3
1783948612.188,48.3,27.3
1783948613.221,48.3,27.3
1783948614.246,48.3,27.3
1783948615.271,48.3,27.3
1783948616.295,48.3,27.3
1783948617.32,48.3,27.3
1783948618.348,48.3,27.3
1783948619.376,48.3,27.3
1783948620.4,48.4,27.3
1783948621.433,48.4,27.3
1783948622.458,48.4,27.3
1783948623.482,48.3,27.3
1783948624.515,48.3,27.3
1783948625.548,48.4,27.3
1783948626.581,48.3,27.3
1783948627.614,48.4,27.3
1783948628.647,48.5,27.3
1783948629.68,48.5,27.3
1783948630.713,48.6,27.3
1783948631.746,48.6,27.3
1783948632.779,48.7,27.3
1783948633.812,48.7,27.3
1783948634.846,48.8,27.3
1783948635.879,48.8,27.3
1783948636.912,48.9,27.3
1783948637.943,48.9,27.3
1783948638.968,48.9,27.3
1783948639.996,48.9,27.3
1783948641.022,48.9,27.3
1783948642.046,48.9,27.3
1783948643.07,48.9,27.3
1783948644.094,48.9,27.3
1783948645.128,48.9,27.3
1783948646.161,48.9,27.3
1783948647.193,48.9,27.3
1783948648.226,48.9,27.3
1783948649.25,48.9,27.3
1783948650.282,48.9,27.3
1783948651.315,48.9,27.3
1783948652.347,48.9,27.3
1783948653.379,48.9,27.3
1783948654.412,48.9,27.3
1783948655.444,48.9,27.3
1783948656.478,48.9,27.3
1783948657.51,48.9,27.3
1783948658.538,48.9,27.3
1783948659.565,48.9,27.3
1783948660.59,48.9,27.3
1783948661.616,48.9,27.3
1783948662.649,49.0,27.3
1783948663.673,49.0,27.3
1783948664.696,49.0,27.3
1783948665.721,49.0,27.3
1783948666.745,49.0,27.3
1783948667.778,49.0,27.3
1783948668.812,49.1,27.3
1783948669.836,49.2,27.3
1783948670.86,49.2,27.3
1783948671.893,49.2,27.3
1783948672.926,49.3,27.3
1783948673.959,49.3,27.3
1783948674.992,49.3,27.3
1783948676.025,49.4,27.3
1783948677.058,49.3,27.3
1783948678.092,49.4,27.3
1783948679.12,49.3,27.3
1783948680.148,49.3,27.3
1783948681.181,49.3,27.3
1783948682.214,49.3,27.3
1783948683.247,49.3,27.4
1783948684.28,49.3,27.3
1783948685.305,49.3,27.3
1783948686.339,49.3,27.3
1783948687.363,49.3,27.3
1783948688.388,49.3,27.3
1783948689.412,49.4,27.3
1783948690.437,49.3,27.3
1783948691.464,49.4,27.3
1783948692.492,49.5,27.3
1783948693.516,49.5,27.3
1783948694.549,49.6,27.3
1783948695.582,49.6,27.3
1783948696.615,49.7,27.3
1783948697.648,49.7,27.4
1783948698.674,49.7,27.3
1783948699.702,49.7,27.4
1783948700.729,49.7,27.4
1783948701.754,49.7,27.4
1783948702.779,49.7,27.3
1783948703.805,49.7,27.3
1783948704.839,49.7,27.3
1783948705.874,49.7,27.3
1783948706.908,49.7,27.4
1783948707.934,49.7,27.3
1783948708.968,49.7,27.3
1783948710.002,49.7,27.3
1783948711.037,49.7,27.3
1783948712.062,49.7,27.3
1783948713.085,49.7,27.3
1783948714.12,49.8,27.3
1783948715.161,49.8,27.4
1783948716.195,49.9,27.4
1783948717.229,49.9,27.3
1783948718.263,50.0,27.3
1783948719.288,50.1,27.4
1783948720.316,50.1,27.3
1783948721.341,50.1,27.4
1783948722.374,50.2,27.3
1783948723.408,50.2,27.3
1783948724.442,50.2,27.4
1783948725.475,50.2,27.3
1783948726.509,50.2,27.3
1783948727.541,50.2,27.3
1783948728.574,50.1,27.3
1783948729.606,50.2,27.3
1783948730.639,50.2,27.3
1783948731.672,50.1,27.3
1783948732.705,50.1,27.3
1783948733.738,50.1,27.3
1783948734.762,50.1,27.4
1783948735.787,50.0,27.3
1783948736.811,50.0,27.3
1783948737.836,50.0,27.4
1783948738.861,50.0,27.4
1783948739.889,50.0,27.3
1783948740.916,50.0,27.4
1783948741.949,50.0,27.4
1783948742.982,50.0,27.3
1783948744.016,50.0,27.4
1783948745.051,49.9,27.4
1783948746.084,49.9,27.4
1783948747.11,49.9,27.4
1783948748.135,49.9,27.4
1783948749.164,49.9,27.4
1783948750.189,49.9,27.3
1783948751.223,49.9,27.3
1783948752.258,49.9,27.3
1783948753.286,49.9,27.4
1783948754.311,49.9,27.4
1783948755.345,49.9,27.4
1783948756.38,49.9,27.3
1783948757.415,49.9,27.3
1783948758.448,49.9,27.4
1783948759.474,49.8,27.4
1783948760.501,49.8,27.4
1783948761.536,49.8,27.4
1783948762.569,49.8,27.4
1783948763.602,49.8,27.4
1783948764.636,49.8,27.4
1783948765.67,49.8,27.4
1783948766.705,49.7,27.4
1783948767.739,49.8,27.3
1783948768.774,49.7,27.4
1783948769.808,49.7,27.4
1783948770.843,49.7,27.4
1783948771.876,49.7,27.4
1783948772.91,49.6,27.4
1783948773.944,49.6,27.4
1783948774.979,49.6,27.4
1783948776.004,49.6,27.4
1783948777.039,49.6,27.4
1783948778.072,49.6,27.3
1783948779.108,49.6,27.4
1783948780.135,49.6,27.4
1783948781.16,49.6,27.4
1783948782.193,49.6,27.4
1783948783.218,49.5,27.4
1783948784.243,49.5,27.4
1783948785.268,49.5,27.4
1783948786.294,49.5,27.4
1783948787.319,49.5,27.4
1783948788.344,49.5,27.4
1783948789.371,49.4,27.4
1783948790.398,49.5,27.4
1783948791.423,49.4,27.3
1783948792.448,49.5,27.4
1783948793.479,49.4,27.4
1783948794.514,49.4,27.4
1783948795.549,49.4,27.4
1783948796.582,49.4,27.4
1783948797.616,49.4,27.4
1783948798.652,49.4,27.4
1783948799.683,49.4,27.4
1783948800.708,49.3,27.4
1783948801.741,49.3,27.4
1783948802.775,49.3,27.4
1783948803.8,49.3,27.4
1783948804.835,49.3,27.4
1783948805.869,49.3,27.4
1783948806.904,49.3,27.4
1783948807.938,49.3,27.4
1783948808.972,49.2,27.4
1783948810.006,49.3,27.4
1783948811.04,49.3,27.4
1783948812.075,49.3,27.4
1783948813.099,49.2,27.4
1783948814.124,49.2,27.4
1783948815.158,49.2,27.4
1783948816.192,49.1,27.4
1783948817.227,49.2,27.4
1783948818.252,49.1,27.4
1783948819.289,49.1,27.4
1783948820.316,49.1,27.4
1783948821.343,49.0,27.4
1783948822.378,49.0,27.4
1783948823.403,49.0,27.4
1783948824.437,48.9,27.4
1783948825.464,48.9,27.4
1783948826.49,48.9,27.4
1783948827.525,48.9,27.4
1783948828.552,48.8,27.4
1783948829.586,48.8,27.4
1783948830.611,48.7,27.4
1783948831.636,48.6,27.4
1783948832.662,48.6,27.4
1783948833.687,48.5,27.4
1783948834.712,48.5,27.4
1783948835.744,48.5,27.4
1783948836.768,48.4,27.4
1783948837.794,48.4,27.4
1783948838.819,48.4,27.4
1783948839.844,48.4,27.4
1783948840.868,48.4,27.4
1783948841.894,48.4,27.4
1783948842.928,48.4,27.4
1783948843.962,48.3,27.4
1783948844.997,48.3,27.4
1783948846.032,48.3,27.4
1783948847.066,48.2,27.4
1783948848.1,48.2,27.4
1783948849.134,48.2,27.4
1783948850.168,48.1,27.4
1783948851.203,48.1,27.4
1783948852.237,48.1,27.4
1783948853.271,48.1,27.4
1783948854.305,48.1,27.4
1783948855.339,48.0,27.4
1783948856.374,48.0,27.4
1783948857.409,48.0,27.4
1783948858.445,48.0,27.4
1783948859.475,48.0,27.4
1783948860.504,47.9,27.4
1783948861.539,47.9,27.4
1783948862.573,47.9,27.4
1783948863.612,47.9,27.4
1783948864.638,47.9,27.4
1783948865.672,47.9,27.4
1783948866.707,47.9,27.4
1783948867.741,47.9,27.4
1783948868.776,47.9,27.4
1783948869.81,47.8,27.4
1783948870.844,47.8,27.4
1783948871.879,47.8,27.4
1783948872.913,47.8,27.4
1783948873.948,47.7,27.4
1783948874.976,47.7,27.4
1783948876.001,47.7,27.4
1783948877.026,47.7,27.4
1783948878.051,47.7,27.4
1783948879.082,47.7,27.4
1783948880.111,47.8,27.4
1783948881.136,47.7,27.4
1783948882.161,47.7,27.4
1783948883.189,47.7,27.4
1783948884.213,47.7,27.4
1783948885.238,47.6,27.4
1783948886.263,47.6,27.4
1783948887.288,47.6,27.4
1783948888.313,47.6,27.4
1783948889.337,47.5,27.4
1783948890.362,47.5,27.4
1783948891.396,47.5,27.4
1783948892.431,47.5,27.4
1783948893.464,47.5,27.4
1783948894.489,47.5,27.4
1783948895.514,47.5,27.4
1783948896.55,47.5,27.4
1783948897.578,47.5,27.4
1783948898.605,47.5,27.4
1783948899.63,47.5,27.4
1783948900.664,47.5,27.4
1783948901.699,47.4,27.4
1783948902.732,47.4,27.4
1783948903.756,47.4,27.4
1783948904.789,47.3,27.4
1783948905.822,47.2,27.4
1783948906.855,47.2,27.4
1783948907.888,47.2,27.4
1783948908.921,47.1,27.4
1783948909.954,47.1,27.4
1783948910.987,47.1,27.4
1783948912.02,47.1,27.4
1783948913.053,47.0,27.4
1783948914.085,47.0,27.4
1783948915.119,47.0,27.4
1783948916.151,47.0,27.4
1783948917.185,46.9,27.4
1783948918.212,47.0,27.4
1783948919.239,47.0,27.4
1783948920.263,47.0,27.4
1783948921.291,47.0,27.4
1783948922.323,47.1,27.4
1783948923.355,47.1,27.4
1783948924.388,47.2,27.4
1783948925.42,47.1,27.4
1783948926.453,47.2,27.4
1783948927.485,47.2,27.4
1783948928.518,47.2,27.4
1783948929.55,47.2,27.4
1783948930.583,47.2,27.4
1783948931.606,47.2,27.4
1783948932.63,47.2,27.4
1783948933.653,47.1,27.4
1783948934.677,47.1,27.4
1783948935.701,47.1,27.4
1783948936.728,47.0,27.4
1783948937.757,47.0,27.4
1783948938.781,47.0,27.4
1783948939.806,46.9,27.4
1783948940.839,46.8,27.4
1783948941.871,46.8,27.4
1783948942.896,46.6,27.4
1783948943.928,46.6,27.4
1783948944.96,46.5,27.4
1783948945.993,46.5,27.4
1783948947.025,46.4,27.4
1783948948.05,46.4,27.4
1783948949.083,46.4,27.4
1783948950.116,46.4,27.4
1783948951.148,46.3,27.4
1783948952.181,46.3,27.4
1783948953.206,46.3,27.4
1783948954.239,46.2,27.4
1783948955.272,46.2,27.4
1783948956.304,46.2,27.4
1783948957.339,46.2,27.4
1783948958.365,46.1,27.4
1783948959.392,46.1,27.4
1783948960.416,46.1,27.4
1783948961.44,46.0,27.4
1783948962.464,46.0,27.4
1783948963.487,45.9,27.4
1783948964.52,45.8,27.4
1783948965.552,45.8,27.4
1783948966.584,45.8,27.4
1783948967.617,45.8,27.4
1783948968.649,45.8,27.4
1783948969.682,45.8,27.4
1783948970.715,45.8,27.4
1783948971.748,45.8,27.4
1783948972.781,45.8,27.4
1783948973.814,45.8,27.4
1783948974.847,45.8,27.4
1783948975.88,45.8,27.4
1783948976.904,45.8,27.4
1783948977.935,45.8,27.4
1783948978.962,45.8,27.4
1783948979.986,45.8,27.4
1783948981.011,45.8,27.4
1783948982.035,45.8,27.4
1783948983.06,45.8,27.4
1783948984.085,45.7,27.4
1783948985.109,45.7,27.4
1783948986.134,45.7,27.4
1783948987.167,45.7,27.4
1783948988.2,45.7,27.4
1783948989.235,45.7,27.4
1783948990.27,45.8,27.4
1783948991.305,45.8,27.4
1783948992.331,45.8,27.4
1783948993.365,45.8,27.4
1783948994.4,45.8,27.4
1783948995.424,45.8,27.4
1783948996.459,45.8,27.4
1783948997.486,45.7,27.4
1783948998.515,45.7,27.4
1783948999.545,45.7,27.4
1783949000.578,45.6,27.4
1783949001.611,45.5,27.4
1783949002.635,45.5,27.4
1783949003.66,45.5,27.4
1783949004.684,45.5,27.4
1783949005.707,45.5,27.4
1783949006.731,45.4,27.4
1783949007.763,45.4,27.4
1783949008.796,45.4,27.4
1783949009.828,45.4,27.4
1783949010.86,45.3,27.4
1783949011.892,45.3,27.4
1783949012.925,45.3,27.4
1783949013.957,45.3,27.4
1783949014.99,45.4,27.4
1783949016.025,45.3,27.4
1783949017.061,45.3,27.4
1783949018.092,45.3,27.4
1783949019.116,45.3,27.4
1783949020.151,45.3,27.4
1783949021.185,45.3,27.4
1783949022.219,45.3,27.4
1783949023.254,45.2,27.4
1783949024.289,45.2,27.4
1783949025.323,45.1,27.4
1783949026.348,45.1,27.4
1783949027.374,45.1,27.4
1783949028.398,45.1,27.4
1783949029.423,45.1,27.4
1783949030.448,45.2,27.4
1783949031.472,45.2,27.4
1783949032.497,45.1,27.4
1783949033.522,45.1,27.4
1783949034.547,45.1,27.4
1783949035.575,45.0,27.4
1783949036.602,45.0,27.4
1783949037.633,45.1,27.4
1783949038.658,45.0,27.4
1783949039.692,44.9,27.3
1783949040.717,45.0,27.4
1783949041.742,45.0,27.4
1783949042.776,45.1,27.4
1783949043.811,45.0,27.3
1783949044.847,45.1,27.4
1783949045.882,45.0,27.4
1783949046.907,45.0,27.4
1783949047.933,45.0,27.4
1783949048.958,45.1,27.4
1783949049.983,45.1,27.4
1783949051.016,45.0,27.4
1783949052.041,45.0,27.4
1783949053.076,45.0,27.4
1783949054.111,44.9,27.4
1783949055.136,44.9,27.4
1783949056.164,44.8,27.4
1783949057.189,44.8,27.4
1783949058.227,44.8,27.4
1783949059.262,44.7,27.4
1783949060.295,44.7,27.3
1783949061.329,44.7,27.4
1783949062.364,44.7,27.3
1783949063.398,44.8,27.4
1783949064.432,44.8,27.3
1783949065.465,44.8,27.4
1783949066.499,44.8,27.4
1783949067.532,44.7,27.4
1783949068.563,44.7,27.4
1783949069.598,44.7,27.4
1783949070.632,44.6,27.4
1783949071.666,44.6,27.4
1783949072.69,44.6,27.4
1783949073.715,44.6,27.4
1783949074.749,44.6,27.4
1783949075.784,44.6,27.4
1783949076.82,44.7,27.4
1783949077.852,44.6,27.4
1783949078.879,44.7,27.4
1783949079.905,44.7,27.3
1783949080.93,44.7,27.4
1783949081.956,44.8,27.3
1783949082.981,44.8,27.3
1783949084.006,44.8,27.4
1783949085.04,44.8,27.3
1783949086.073,44.9,27.3
1783949087.107,44.9,27.3
1783949088.134,44.9,27.3
1783949089.168,44.9,27.3
1783949090.195,45.0,27.4
1783949091.22,45.0,27.3
1783949092.248,45.0,27.3
1783949093.273,45.1,27.4
1783949094.306,45.1,27.3
1783949095.34,45.2,27.4
1783949096.365,45.2,27.3
1783949097.391,45.3,27.4
1783949098.423,45.3,27.3
1783949099.456,45.3,27.3
1783949100.489,45.3,27.3
1783949101.523,45.4,27.3
1783949102.556,45.4,27.3
1783949103.59,45.5,27.3
1783949104.624,45.5,27.3
1783949105.658,45.5,27.3
1783949106.692,45.6,27.3
1783949107.726,45.6,27.3
1783949108.759,45.7,27.3
1783949109.791,45.8,27.3
1783949110.824,45.8,27.4
1783949111.856,45.8,27.3
1783949112.889,45.9,27.3
1783949113.922,45.9,27.4
1783949114.955,45.9,27.3
1783949115.988,46.0,27.3
1783949117.024,46.0,27.3
1783949118.055,46.0,27.3
1783949119.083,46.0,27.3
1783949120.118,46.0,27.3
1783949121.153,46.0,27.3
1783949122.187,46.0,27.3
1783949123.212,46.1,27.3
1783949124.238,46.1,27.3
1783949125.263,46.2,27.3
1783949126.288,46.2,27.3
1783949127.313,46.2,27.3
1783949128.337,46.2,27.3
1783949129.362,46.2,27.3
1783949130.386,46.3,27.3
1783949131.42,46.3,27.4
1783949132.454,46.3,27.3
1783949133.487,46.2,27.3
1783949134.513,46.3,27.3
1783949135.54,46.3,27.3
1783949136.573,46.2,27.3
1783949137.599,46.3,27.3
1783949138.627,46.2,27.3
1783949139.66,46.2,27.3
1783949140.694,46.2,27.3
1783949141.728,46.3,27.3
1783949142.763,46.3,27.4
1783949143.797,46.3,27.3
1783949144.831,46.3,27.3
1783949145.856,46.3,27.3
1783949146.89,46.3,27.3
1783949147.925,46.3,27.3
1783949148.959,46.4,27.3
1783949149.993,46.4,27.3
1783949151.018,46.5,27.3
1783949152.052,46.5,27.3
1783949153.087,46.6,27.3
1783949154.122,46.6,27.3
1783949155.156,46.6,27.3
1783949156.182,46.7,27.3
1783949157.209,46.8,27.3
1783949158.241,46.8,27.3
1783949159.274,46.8,27.3
1783949160.298,46.8,27.3
1783949161.323,46.9,27.3
1783949162.357,46.8,27.3
1783949163.383,46.9,27.3
1783949164.417,46.8,27.3
1783949165.452,46.9,27.3
1783949166.479,46.9,27.3
1783949167.513,46.8,27.3
1783949168.547,46.8,27.3
1783949169.582,46.8,27.3
1783949170.616,46.8,27.4
1783949171.65,46.8,27.3
1783949172.684,46.8,27.3
1783949173.708,46.8,27.3
1783949174.733,46.9,27.3
1783949175.758,46.9,27.3
1783949176.786,47.0,27.3
1783949177.813,47.0,27.3
1783949178.837,47.0,27.3
1783949179.862,47.1,27.3
1783949180.886,47.1,27.3
1783949181.911,47.1,27.3
1783949182.936,47.2,27.3
1783949183.97,47.2,27.3
1783949185.004,47.3,27.3
1783949186.038,47.4,27.3
1783949187.072,47.4,27.3
1783949188.106,47.4,27.3
1783949189.141,47.5,27.3
1783949190.175,47.5,27.3
1783949191.21,47.6,27.3
1783949192.244,47.6,27.3
1783949193.27,47.6,27.3
1783949194.295,47.6,27.3
1783949195.329,47.6,27.3
1783949196.366,47.6,27.3
1783949197.397,47.6,27.3
1783949198.423,47.5,27.3
1783949199.447,47.5,27.3
1783949200.48,47.5,27.3
1783949201.515,47.6,27.3
1783949202.55,47.6,27.3
1783949203.575,47.6,27.3
1783949204.601,47.6,27.3
1783949205.635,47.7,27.3
1783949206.673,47.7,27.3
1783949207.707,47.8,27.3
1783949208.74,47.7,27.3
1783949209.775,47.8,27.3
1783949210.809,47.8,27.3
1783949211.843,47.8,27.3
1783949212.878,47.9,27.3
1783949213.912,47.9,27.3
1783949214.947,48.0,27.3
1783949215.981,47.9,27.3
1783949217.016,48.0,27.3
1783949218.044,48.0,27.3
1783949219.07,48.0,27.3
1783949220.098,48.1,27.3
1783949221.124,48.1,27.3
1783949222.149,48.1,27.3
1783949223.174,48.1,27.3
1783949224.198,48.1,27.3
1783949225.223,48.1,27.3
1783949226.248,48.2,27.3
1783949227.272,48.2,27.3
1783949228.306,48.2,27.3
1783949229.339,48.2,27.3
1783949230.369,48.2,27.3
1783949231.393,48.2,27.3
1783949232.427,48.2,27.3
1783949233.461,48.2,27.3
1783949234.486,48.2,27.3
1783949235.511,48.2,27.3
1783949236.538,48.2,27.3
1783949237.563,48.2,27.3
1783949238.587,48.3,27.3
1783949239.621,48.3,27.3
1783949240.646,48.3,27.3
1783949241.67,48.3,27.3
1783949242.704,48.3,27.3
1783949243.738,48.4,27.3
1783949244.772,48.4,27.3
1783949245.796,48.5,27.3
1783949246.821,48.5,27.3
1783949247.855,48.6,27.3
1783949248.888,48.5,27.3
1783949249.923,48.5,27.3
1783949250.947,48.6,27.3
1783949251.972,48.6,27.3
1783949253.006,48.5,27.3
1783949254.04,48.5,27.3
1783949255.067,48.5,27.3
1783949256.103,48.5,27.3
1783949257.133,48.5,27.3
1783949258.158,48.5,27.3
1783949259.192,48.5,27.3
1783949260.226,48.6,27.3
1783949261.26,48.6,27.3
1783949262.293,48.5,27.3
1783949263.327,48.6,27.3
1783949264.361,48.6,27.3
1783949265.395,48.6,27.3
1783949266.429,48.6,27.3
1783949267.453,48.6,27.3
1783949268.477,48.6,27.3
1783949269.502,48.6,27.3
1783949270.527,48.6,27.3
1783949271.551,48.7,27.3
1783949272.576,48.7,27.3
1783949273.6,48.8,27.3
1783949274.625,48.8,27.3
1783949275.652,48.8,27.3
1783949276.678,48.9,27.3
1783949277.704,48.9,27.3
1783949278.737,49.0,27.3
1783949279.77,49.0,27.3
1783949280.795,49.1,27.3
1783949281.828,49.1,27.3
1783949282.861,49.1,27.3
1783949283.894,49.2,27.3
1783949284.927,49.2,27.3
1783949285.952,49.3,27.3
1783949286.985,49.3,27.3
1783949288.018,49.3,27.3
1783949289.052,49.3,27.3
1783949290.086,49.3,27.3
1783949291.12,49.3,27.3
1783949292.155,49.2,27.3
1783949293.181,49.3,27.3
1783949294.215,49.3,27.3
1783949295.241,49.3,27.3
1783949296.275,49.2,27.3
1783949297.304,49.2,27.3
1783949298.332,49.3,27.3
1783949299.367,49.3,27.3
1783949300.4,49.3,27.3
1783949301.434,49.3,27.3
1783949302.469,49.3,27.3
1783949303.503,49.3,27.3
1783949304.539,49.3,27.3
1783949305.573,49.3,27.3
1783949306.608,49.4,27.3
1783949307.642,49.3,27.3
1783949308.676,49.4,27.3
1783949309.711,49.4,27.3
1783949310.736,49.4,27.3
1783949311.761,49.4,27.3
1783949312.787,49.4,27.3
1783949313.813,49.4,27.3
1783949314.848,49.5,27.3
1783949315.882,49.5,27.3
1783949316.919,49.5,27.3
1783949317.946,49.6,27.3
1783949318.974,49.6,27.4
1783949319.999,49.6,27.3
1783949321.026,49.7,27.3
1783949322.051,49.6,27.3
1783949323.076,49.7,27.3
1783949324.101,49.7,27.3
1783949325.127,49.8,27.4
1783949326.152,49.8,27.3
1783949327.186,49.9,27.3
1783949328.22,49.9,27.3
1783949329.254,50.0,27.3
1783949330.28,50.0,27.3
1783949331.314,50.0,27.3
1783949332.348,50.0,27.3
1783949333.382,50.0,27.3
1783949334.416,50.1,27.3
1783949335.451,50.0,27.3
1783949336.484,50.1,27.4
1783949337.514,50.1,27.3
1783949338.539,50.1,27.3
1783949339.572,50.0,27.3
1783949340.605,50.0,27.3
1783949341.638,50.0,27.4
1783949342.671,50.0,27.3
1783949343.704,50.0,27.3
1783949344.737,50.0,27.3
1783949345.77,50.0,27.4
1783949346.803,50.0,27.4
1783949347.836,50.0,27.4
1783949348.869,50.0,27.3
1783949349.902,50.0,27.4
1783949350.935,50.1,27.3
1783949351.968,50.1,27.3
1783949353.002,50.1,27.3
1783949354.027,50.1,27.4
1783949355.051,50.1,27.3
1783949356.08,50.2,27.4
1783949357.104,50.2,27.3
1783949358.13,50.2,27.4
1783949359.164,50.1,27.3
1783949360.198,50.1,27.4
1783949361.232,50.1,27.3
1783949362.258,50.1,27.3
1783949363.293,50.1,27.3
1783949364.328,50.1,27.4
1783949365.354,50.1,27.4
1783949366.379,50.1,27.3
1783949367.404,50.1,27.3
1783949368.43,50.1,27.3
1783949369.455,50.0,27.4
1783949370.479,50.0,27.3
1783949371.504,50.0,27.4
1783949372.529,50.0,27.4
1783949373.555,50.0,27.3
1783949374.596,50.0,27.4
1783949375.638,50.0,27.4
1783949376.665,50.0,27.3
1783949377.693,50.0,27.4
1783949378.727,50.0,27.4
1783949379.761,50.0,27.4
1783949380.796,49.9,27.4
1783949381.83,50.0,27.4
1783949382.863,50.0,27.4
1783949383.896,50.0,27.4
1783949384.929,50.0,27.4
1783949385.962,49.9,27.4
1783949386.996,49.9,27.4
1783949388.03,50.0,27.4
1783949389.064,49.9,27.4
1783949390.098,49.9,27.4
1783949391.132,49.9,27.4
1783949392.166,49.9,27.4
1783949393.2,49.9,27.4
1783949394.235,49.9,27.3
1783949395.269,49.9,27.4
1783949396.304,49.9,27.4
1783949397.33,49.9,27.4
1783949398.358,49.9,27.4
1783949399.382,49.9,27.4
1783949400.407,49.8,27.4
1783949401.44,49.9,27.4
1783949402.474,49.8,27.3
1783949403.509,49.8,27.4
1783949404.534,49.8,27.4
1783949405.568,49.8,27.4
1783949406.603,49.8,27.3
1783949407.63,49.8,27.4
1783949408.664,49.8,27.4
1783949409.698,49.8,27.4
1783949410.723,49.8,27.4
1783949411.748,49.8,27.4
1783949412.773,49.8,27.4
1783949413.798,49.8,27.4
1783949414.824,49.8,27.4
1783949415.85,49.8,27.4
1783949416.878,49.8,27.4
1783949417.904,49.8,27.4
1783949418.929,49.8,27.3
1783949419.954,49.8,27.4
1783949420.988,49.8,27.4
1783949422.023,49.8,27.4
1783949423.057,49.8,27.4
1783949424.091,49.8,27.4
1783949425.126,49.8,27.4
1783949426.16,49.8,27.4
1783949427.194,49.8,27.4
1783949428.229,49.8,27.4
1783949429.264,49.7,27.4
1783949430.298,49.7,27.4
1783949431.333,49.6,27.4
1783949432.367,49.6,27.4
1783949433.401,49.6,27.4
1783949434.435,49.6,27.4
1783949435.508,49.6,27.4
1783949436.715,49.5,27.4
1783949437.74,49.5,27.4
1783949438.775,49.4,27.4
1783949439.81,49.4,27.4
1783949440.837,49.4,27.4
1783949441.865,49.4,27.4
1783949442.89,49.4,27.4
1783949443.924,49.4,27.4
1783949444.958,49.4,27.4
1783949445.982,49.4,27.4
1783949447.007,49.4,27.4
1783949448.031,49.4,27.4
1783949449.056,49.3,27.4
1783949450.09,49.3,27.3
1783949451.124,49.2,27.4
1783949452.149,49.2,27.4
1783949453.173,49.1,27.4
1783949454.207,49.0,27.4
1783949455.241,49.0,27.4
1783949456.273,48.9,27.4
1783949457.306,48.9,27.4
1783949458.338,48.8,27.4
1783949459.371,48.8,27.4
1783949460.406,48.8,27.4
1783949461.442,48.8,27.4
1783949462.468,48.8,27.4
1783949463.492,48.8,27.4
1783949464.517,48.8,27.4
1783949465.541,48.8,27.4
1783949466.565,48.8,27.4
1783949467.589,48.8,27.4
1783949468.622,48.7,27.4
1783949469.655,48.7,27.4
1783949470.688,48.6,27.4
1783949471.721,48.5,27.4
1783949472.753,48.5,27.4
1783949473.786,48.4,27.4
1783949474.819,48.4,27.4
1783949475.852,48.4,27.4
1783949476.885,48.4,27.4
1783949477.918,48.4,27.4
1783949478.952,48.5,27.4
1783949479.985,48.5,27.4
1783949481.012,48.5,27.4
1783949482.039,48.5,27.4
1783949483.072,48.5,27.4
1783949484.105,48.5,27.4
1783949485.139,48.5,27.4
1783949486.163,48.5,27.4
1783949487.196,48.5,27.4
1783949488.229,48.5,27.4
1783949489.262,48.4,27.4
1783949490.294,48.4,27.4
1783949491.327,48.4,27.4
1783949492.354,48.2,27.4
1783949493.378,48.1,27.4
1783949494.403,48.0,27.4
1783949495.428,48.0,27.4
1783949496.461,48.0,27.4
1783949497.494,48.0,27.4
1783949498.527,48.0,27.4
1783949499.56,48.0,27.4
1783949500.596,48.1,27.4
1783949501.621,48.1,27.4
1783949502.648,48.1,27.4
1783949503.683,48.1,27.4
1783949504.718,48.1,27.4
1783949505.743,48.0,27.4
1783949506.778,48.0,27.4
1783949507.813,47.8,27.4
1783949508.848,47.7,27.4
1783949509.872,47.6,27.4
1783949510.898,47.6,27.4
1783949511.923,47.5,27.4
1783949512.947,47.5,27.4
1783949513.972,47.5,27.4
1783949514.997,47.5,27.4
1783949516.021,47.5,27.4
1783949517.055,47.6,27.4
1783949518.089,47.6,27.4
1783949519.123,47.6,27.4
1783949520.159,47.7,27.4
1783949521.195,47.7,27.4
1783949522.223,47.7,27.4
1783949523.248,47.8,27.4
1783949524.283,47.8,27.4
1783949525.317,47.8,27.4
1783949526.352,47.8,27.4
1783949527.386,47.8,27.4
1783949528.42,47.8,27.4
1783949529.455,47.8,27.4
1783949530.489,47.7,27.4
1783949531.523,47.7,27.4
1783949532.558,47.7,27.4
1783949533.592,47.7,27.4
1783949534.627,47.7,27.4
1783949535.653,47.6,27.4
1783949536.678,47.6,27.4
1783949537.703,47.6,27.3
1783949538.727,47.6,27.4
1783949539.761,47.6,27.4
1783949540.797,47.5,27.4
1783949541.832,47.5,27.4
1783949542.857,47.5,27.4
1783949543.889,47.5,27.4
1783949544.923,47.4,27.4
1783949545.957,47.4,27.4
1783949546.991,47.3,27.4
1783949548.026,47.2,27.4
1783949549.06,47.2,27.4
1783949550.098,47.1,27.4
1783949551.133,47.1,27.4
1783949552.161,47.0,27.4
1783949553.186,47.0,27.4
1783949554.221,47.0,27.4
1783949555.255,47.0,27.4
1783949556.29,47.0,27.4
1783949557.315,47.0,27.4
1783949558.34,47.0,27.4
1783949559.365,46.9,27.4
1783949560.391,46.9,27.4
1783949561.417,46.9,27.3
1783949562.444,46.9,27.4
1783949563.471,46.8,27.4
1783949564.505,46.7,27.3
1783949565.54,46.7,27.4
1783949566.575,46.7,27.4
1783949567.6,46.7,27.3
1783949568.634,46.7,27.4
1783949569.66,46.7,27.4
1783949570.695,46.7,27.4
1783949571.729,46.7,27.4
1783949572.764,46.8,27.4
1783949573.798,46.8,27.3
1783949574.832,46.8,27.4
1783949575.867,46.8,27.4
1783949576.9,46.7,27.4
1783949577.935,46.7,27.4
1783949578.961,46.7,27.4
1783949579.986,46.7,27.4
1783949581.011,46.6,27.4
1783949582.039,46.6,27.4
1783949583.07,46.6,27.4
1783949584.098,46.6,27.4
1783949585.133,46.6,27.4
1783949586.167,46.5,27.4
1783949587.201,46.5,27.4
1783949588.236,46.5,27.3
1783949589.271,46.5,27.4
1783949590.305,46.4,27.4
1783949591.34,46.5,27.4
1783949592.364,46.5,27.4
1783949593.399,46.4,27.4
1783949594.423,46.4,27.4
1783949595.458,46.4,27.3
1783949596.492,46.4,27.3
1783949597.517,46.4,27.3
1783949598.551,46.4,27.4
1783949599.576,46.5,27.4
1783949600.611,46.5,27.4
1783949601.637,46.6,27.4
1783949602.668,46.6,27.4
1783949603.704,46.5,27.4
1783949604.73,46.5,27.4
1783949605.755,46.5,27.4
1783949606.78,46.5,27.4
1783949607.806,46.4,27.4
1783949608.832,46.4,27.4
1783949609.858,46.4,27.4
1783949610.892,46.3,27.4
1783949611.926,46.2,27.3
1783949612.959,46.2,27.4
1783949613.993,46.2,27.4
1783949615.027,46.1,27.4
1783949616.061,46.1,27.4
1783949617.095,46.0,27.4
1783949618.13,46.0,27.4
1783949619.165,45.9,27.4
1783949620.199,45.9,27.3
1783949621.233,46.0,27.4
1783949622.262,46.0,27.4
1783949623.292,46.0,27.3
1783949624.319,46.0,27.4
1783949625.343,46.0,27.4
1783949626.377,46.0,27.4
1783949627.412,46.0,27.4
1783949628.446,45.9,27.4
1783949629.48,45.9,27.4
1783949630.514,45.8,27.4
1783949631.549,45.8,27.4
1783949632.583,45.8,27.4
1783949633.617,45.7,27.3
1783949634.652,45.7,27.4
1783949635.687,45.7,27.4
1783949636.712,45.7,27.4
1783949637.746,45.7,27.4
1783949638.781,45.6,27.4
1783949639.816,45.6,27.3
1783949640.85,45.6,27.3
1783949641.886,45.5,27.3
1783949642.913,45.4,27.3
1783949643.941,45.4,27.4
1783949644.976,45.5,27.4
1783949646.01,45.5,27.4
1783949647.044,45.4,27.4
1783949648.077,45.5,27.4
1783949649.106,45.5,27.3
1783949650.13,45.6,27.4
1783949651.155,45.6,27.3
1783949652.18,45.5,27.4
1783949653.203,45.6,27.3
1783949654.228,45.5,27.3
1783949655.252,45.5,27.3
1783949656.276,45.5,27.4
1783949657.299,45.5,27.4
1783949658.332,45.5,27.4
1783949659.365,45.5,27.4
1783949660.398,45.5,27.3
1783949661.422,45.5,27.4
1783949662.451,45.5,27.4
1783949663.476,45.4,27.4
1783949664.509,45.4,27.3
1783949665.533,45.3,27.4
1783949666.558,45.3,27.3
1783949667.582,45.2,27.3
1783949668.608,45.1,27.3
1783949669.641,45.1,27.4
1783949670.674,45.1,27.4
1783949671.707,45.1,27.3
1783949672.74,45.1,27.3
1783949673.765,45.1,27.3
1783949674.798,45.1,27.4
1783949675.822,45.2,27.3
1783949676.846,45.1,27.3
1783949677.879,45.1,27.3
1783949678.903,45.1,27.3
1783949679.936,45.1,27.3
1783949680.961,45.1,27.3
1783949681.989,45.0,27.3
1783949683.022,45.0,27.3
1783949684.047,45.0,27.3
1783949685.08,45.0,27.4
1783949686.113,44.9,27.4
1783949687.145,44.9,27.3
1783949688.179,44.8,27.3
1783949689.204,44.8,27.3
1783949690.237,44.8,27.3
1783949691.27,44.8,27.3
1783949692.303,44.8,27.3
1783949693.327,44.8,27.3
1783949694.352,44.8,27.3
1783949695.383,44.9,27.3
1783949696.416,45.0,27.3
1783949697.451,44.9,27.3
1783949698.485,45.0,27.3
1783949699.519,44.9,27.3
1783949700.552,45.0,27.3
1783949701.579,45.0,27.3
1783949702.605,44.9,27.3
1783949703.629,45.0,27.3
1783949704.656,44.9,27.3
1783949705.681,44.9,27.3
1783949706.706,44.8,27.3
1783949707.733,44.7,27.3
1783949708.759,44.7,27.3
1783949709.785,44.7,27.3
1783949710.81,44.7,27.3
1783949711.84,44.6,27.3
1783949712.874,44.6,27.3
1783949713.908,44.6,27.3
1783949714.943,44.6,27.3
1783949715.977,44.6,27.3
1783949717.012,44.6,27.3
1783949718.046,44.6,27.3
1783949719.079,44.7,27.3
1783949720.122,44.7,27.3
1783949721.154,44.7,27.3
1783949722.179,44.7,27.3
1783949723.214,44.8,27.3
1783949724.248,44.8,27.3
1783949725.282,44.9,27.3
1783949726.307,44.9,27.3
1783949727.341,45.0,27.3
1783949728.375,45.0,27.3
1783949729.41,45.0,27.3
1783949730.445,45.0,27.3
1783949731.469,45.1,27.3
1783949732.503,45.1,27.3
1783949733.537,45.1,27.3
1783949734.572,45.2,27.3
1783949735.606,45.1,27.3
1783949736.639,45.2,27.3
1783949737.673,45.2,27.3
1783949738.707,45.3,27.3
1783949739.741,45.3,27.3
1783949740.776,45.3,27.3
1783949741.807,45.3,27.3
1783949742.834,45.4,27.3
1783949743.868,45.3,27.3
1783949744.902,45.4,27.3
1783949745.936,45.4,27.3
1783949746.971,45.4,27.3
1783949748.006,45.5,27.3
1783949749.031,45.4,27.3
1783949750.056,45.5,27.3
1783949751.081,45.6,27.3
1783949752.106,45.7,27.3
1783949753.13,45.7,27.3
1783949754.156,45.8,27.3
1783949755.18,45.8,27.3
1783949756.204,45.9,27.3
1783949757.228,45.9,27.3
1783949758.253,45.9,27.3
1783949759.289,46.0,27.3
1783949760.314,46.0,27.3
1783949761.342,46.0,27.3
1783949762.367,46.0,27.3
1783949763.393,46.0,27.3
1783949764.428,46.1,27.3
1783949765.463,46.1,27.3
1783949766.496,46.2,27.3
1783949767.522,46.2,27.3
1783949768.546,46.2,27.3
1783949769.58,46.2,27.3
1783949770.614,46.3,27.3
1783949771.648,46.3,27.3
1783949772.672,46.3,27.3
1783949773.696,46.3,27.3
1783949774.73,46.3,27.3
1783949775.764,46.3,27.3
1783949776.799,46.3,27.3
1783949777.834,46.4,27.3
1783949778.87,46.4,27.3
1783949779.905,46.5,27.3
1783949780.939,46.5,27.3
1783949781.965,46.6,27.3
1783949782.996,46.6,27.3
1783949784.03,46.7,27.3
1783949785.064,46.7,27.3
1783949786.099,46.7,27.3
1783949787.132,46.7,27.3
1783949788.167,46.7,27.3
1783949789.2,46.7,27.3
1783949790.234,46.7,27.3
1783949791.268,46.8,27.3
1783949792.301,46.8,27.3
1783949793.336,46.8,27.3
1783949794.37,46.8,27.3
1783949795.394,46.8,27.3
1783949796.419,46.9,27.3
1783949797.443,46.8,27.3
1783949798.469,46.8,27.3
1783949799.496,46.9,27.3
1783949800.524,46.9,27.3
1783949801.559,46.8,27.3
1783949802.585,46.9,27.3
1783949803.618,46.9,27.3
1783949804.653,46.9,27.3
1783949805.678,46.9,27.3
1783949806.711,46.9,27.3
1783949807.747,46.9,27.3
1783949808.78,46.9,27.3
1783949809.814,47.0,27.3
1783949810.849,47.1,27.3
1783949811.884,47.2,27.3
1783949812.918,47.2,27.3
1783949813.953,47.2,27.3
1783949814.988,47.3,27.3
1783949816.023,47.3,27.3
1783949817.057,47.3,27.3
1783949818.083,47.3,27.3
1783949819.117,47.3,27.3
1783949820.151,47.3,27.3
1783949821.185,47.3,27.3
1783949822.22,47.4,27.3
1783949823.249,47.4,27.3
1783949824.276,47.4,27.3
1783949825.311,47.4,27.3
1783949826.345,47.5,27.3
1783949827.379,47.4,27.3
1783949828.414,47.4,27.3
1783949829.448,47.5,27.3
1783949830.474,47.5,27.3
1783949831.508,47.4,27.3
1783949832.542,47.5,27.3
1783949833.577,47.5,27.3
1783949834.611,47.5,27.3
1783949835.639,47.5,27.3
1783949836.674,47.5,27.3
1783949837.709,47.5,27.3
1783949838.743,47.5,27.3
1783949839.768,47.5,27.3
1783949840.794,47.5,27.3
1783949841.821,47.5,27.3
1783949842.851,47.5,27.3
1783949843.88,47.5,27.3
1783949844.912,47.6,27.3
1783949845.937,47.6,27.3
1783949846.961,47.7,27.3
1783949847.986,47.6,27.3
1783949849.02,47.7,27.3
1783949850.053,47.7,27.3
1783949851.087,47.7,27.3
1783949852.12,47.7,27.3
1783949853.154,47.7,27.3
1783949854.188,47.7,27.3
1783949855.222,47.8,27.3
1783949856.256,47.8,27.3
1783949857.29,47.8,27.3
1783949858.324,47.8,27.3
1783949859.359,47.8,27.3
1783949860.392,47.8,27.3
1783949861.426,47.8,27.3
1783949862.46,47.9,27.3
1783949863.49,47.9,27.3
1783949864.515,47.9,27.3
1783949865.549,47.9,27.3
1783949866.583,47.9,27.3
1783949867.616,47.9,27.3
1783949868.651,48.0,27.3
1783949869.685,47.9,27.3
1783949870.719,48.0,27.3
1783949871.754,48.0,27.3
1783949872.788,48.0,27.3
1783949873.822,48.0,27.3
1783949874.856,48.0,27.3
1783949875.891,48.1,27.3
1783949876.925,48.1,27.3
1783949877.96,48.1,27.3
1783949878.995,48.1,27.3
1783949880.028,48.1,27.3
1783949881.062,48.1,27.3
1783949882.096,48.1,27.3
1783949883.121,48.1,27.3
1783949884.157,48.2,27.3
1783949885.187,48.2,27.3
1783949886.215,48.2,27.3
1783949887.249,48.2,27.3
1783949888.283,48.3,27.3
1783949889.316,48.3,27.3
1783949890.341,48.3,27.3
1783949891.365,48.4,27.3
1783949892.388,48.4,27.3
1783949893.414,48.4,27.3
1783949894.439,48.4,27.3
1783949895.463,48.4,27.3
1783949896.496,48.5,27.3
1783949897.529,48.4,27.3
1783949898.554,48.5,27.3
1783949899.586,48.5,27.3
1783949900.61,48.5,27.3
1783949901.643,48.6,27.3
1783949902.676,48.6,27.3
1783949903.704,48.6,27.3
1783949904.735,48.6,27.3
1783949905.759,48.6,27.3
1783949906.791,48.6,27.3
1783949907.824,48.6,27.3
1783949908.849,48.6,27.3
1783949909.882,48.6,27.3
1783949910.906,48.7,27.3
1783949911.939,48.7,27.3
1783949912.972,48.7,27.3
1783949913.997,48.7,27.3
1783949915.041,48.7,27.3
1783949916.066,48.8,27.3
1783949917.091,48.8,27.3
1783949918.124,48.8,27.3
1783949919.156,48.8,27.3
1783949920.189,48.9,27.3
1783949921.222,48.9,27.3
1783949922.255,48.9,27.3
1783949923.289,49.0,27.3
1783949924.322,49.0,27.3
1783949925.354,49.1,27.3
1783949926.38,49.1,27.3
1783949927.413,49.2,27.3
1783949928.446,49.3,27.3
1783949929.479,49.3,27.3
1783949930.513,49.3,27.3
1783949931.537,49.3,27.3
1783949932.57,49.3,27.3
1783949933.603,49.4,27.3
1783949934.636,49.3,27.3
1783949935.66,49.3,27.3
1783949936.684,49.3,27.3
1783949937.708,49.3,27.3
1783949938.734,49.3,27.3
1783949939.766,49.3,27.3
1783949940.79,49.3,27.3
1783949941.823,49.3,27.3
1783949942.847,49.3,27.3
1783949943.872,49.3,27.3
1783949944.898,49.3,27.3
1783949945.924,49.3,27.3
1783949946.948,49.3,27.3
1783949947.972,49.3,27.3
1783949948.996,49.3,27.3
1783949950.02,49.3,27.3
1783949951.052,49.4,27.3
1783949952.085,49.4,27.3
1783949953.11,49.4,27.3
1783949954.136,49.5,27.3
1783949955.171,49.5,27.3
1783949956.196,49.5,27.3
1783949957.23,49.5,27.3
1783949958.256,49.6,27.3
1783949959.29,49.6,27.3
1783949960.325,49.6,27.3
1783949961.349,49.6,27.3
1783949962.383,49.6,27.3
1783949963.418,49.5,27.3
1783949964.448,49.5,27.3
1783949965.475,49.5,27.3
1783949966.51,49.4,27.3
1783949967.546,49.4,27.3
1783949968.58,49.4,27.3
1783949969.614,49.4,27.3
1783949970.649,49.4,27.3
1783949971.683,49.4,27.3
1783949972.718,49.4,27.3
1783949973.752,49.5,27.3
1783949974.786,49.5,27.3
1783949975.82,49.4,27.3
1783949976.855,49.4,27.3
1783949977.88,49.5,27.3
1783949978.905,49.4,27.3
1783949979.931,49.4,27.3
1783949980.96,49.4,27.3
1783949981.985,49.4,27.3
1783949983.019,49.4,27.3
1783949984.055,49.5,27.3
1783949985.087,49.5,27.3
1783949986.114,49.5,27.3
1783949987.139,49.5,27.3
1783949988.173,49.6,27.3
1783949989.208,49.7,27.3
1783949990.242,49.7,27.3
1783949991.276,49.7,27.3
1783949992.31,49.7,27.3
1783949993.335,49.8,27.3
1783949994.369,49.8,27.3
1783949995.395,49.8,27.3
1783949996.42,49.8,27.3
1783949997.445,49.8,27.3
1783949998.47,49.8,27.3
1783949999.495,49.9,27.3
1783950000.52,49.9,27.3
1783950001.544,49.9,27.3
1783950002.578,49.9,27.3
1783950003.613,50.0,27.3
1783950004.641,50.0,27.3
1783950005.67,50.0,27.3
1783950006.699,50.0,27.3
1783950007.734,50.0,27.3
1783950008.767,50.1,27.3
1783950009.8,50.1,27.3
1783950010.832,50.1,27.3
1783950011.865,50.1,27.3
1783950012.898,50.1,27.3
1783950013.931,50.0,27.3
1783950014.964,50.1,27.3
1783950015.997,50.1,27.3
1783950017.03,50.1,27.3
1783950018.063,50.1,27.3
1783950019.098,50.1,27.3
1783950020.125,50.1,27.3
1783950021.15,50.1,27.3
1783950022.175,50.0,27.3
1783950023.199,50.0,27.3
1783950024.234,50.0,27.3
1783950025.265,50.0,27.3
1783950026.293,50.0,27.3
1783950027.318,50.0,27.3
1783950028.352,50.0,27.3
1783950029.386,50.0,27.3
1783950030.412,50.0,27.3
1783950031.436,50.0,27.3
1783950032.461,49.9,27.3
1783950033.495,49.9,27.3
1783950034.529,49.9,27.3
1783950035.566,49.9,27.3
1783950036.622,49.9,27.3
1783950037.647,49.9,27.3
1783950038.68,49.9,27.3
1783950039.714,49.9,27.3
1783950040.749,49.9,27.3
1783950041.774,49.9,27.3
1783950042.809,49.8,27.3
1783950043.843,49.8,27.3
1783950044.871,49.8,27.3
1783950045.901,49.9,27.4
1783950046.93,49.8,27.3
1783950047.955,49.8,27.3
1783950048.98,49.9,27.3
1783950050.005,49.9,27.3
1783950051.031,49.9,27.3
1783950052.056,49.8,27.3
1783950053.081,49.9,27.3
1783950054.107,49.8,27.3
1783950055.134,49.8,27.3
1783950056.169,49.7,27.3
1783950057.203,49.7,27.3
1783950058.238,49.7,27.3
1783950059.272,49.7,27.3
1783950060.305,49.7,27.3
1783950061.34,49.7,27.3
1783950062.365,49.7,27.3
1783950063.393,49.7,27.3
1783950064.425,49.7,27.3
1783950065.455,49.6,27.3
1783950066.489,49.6,27.4
1783950067.513,49.6,27.3
1783950068.547,49.5,27.3
1783950069.572,49.5,27.3
1783950070.606,49.5,27.3
1783950071.639,49.5,27.4
1783950072.673,49.5,27.3
1783950073.707,49.5,27.3
1783950074.732,49.4,27.3
1783950075.766,49.4,27.3
1783950076.8,49.5,27.4
1783950077.825,49.5,27.4
1783950078.849,49.5,27.3
1783950079.874,49.6,27.3
1783950080.908,49.6,27.3
1783950081.943,49.5,27.4
1783950082.978,49.5,27.3
1783950084.015,49.4,27.3
1783950085.047,49.4,27.3
1783950086.073,49.4,27.3
1783950087.098,49.3,27.3
1783950088.123,49.3,27.3
1783950089.157,49.3,27.3
1783950090.192,49.2,27.3
1783950091.226,49.2,27.3
1783950092.26,49.2,27.3
1783950093.294,49.2,27.3
1783950094.328,49.1,27.3
1783950095.362,49.1,27.3
1783950096.388,49.1,27.3
1783950097.423,49.1,27.4
1783950098.458,49.1,27.3
1783950099.493,49.0,27.3
1783950100.517,49.0,27.3
1783950101.542,49.0,27.4
1783950102.567,49.0,27.3
1783950103.593,49.0,27.3
1783950104.622,49.0,27.3
1783950105.651,49.0,27.3
1783950106.676,49.0,27.3
1783950107.701,49.0,27.3
1783950108.726,49.0,27.4
1783950109.758,49.0,27.3
1783950110.782,49.0,27.3
1783950111.815,48.9,27.3
1783950112.848,48.9,27.3
1783950113.874,48.8,27.3
1783950114.909,48.7,27.3
1783950115.934,48.6,27.3
1783950116.969,48.7,27.3
1783950118.003,48.6,27.3
1783950119.029,48.6,27.3
1783950120.064,48.5,27.3
1783950121.089,48.5,27.3
1783950122.125,48.4,27.4
1783950123.16,48.4,27.3
1783950124.187,48.3,27.3
1783950125.212,48.3,27.3
1783950126.247,48.2,27.4
1783950127.281,48.1,27.3
1783950128.315,48.1,27.4
1783950129.35,48.0,27.3
1783950130.385,47.9,27.3
1783950131.419,47.9,27.3
1783950132.453,47.9,27.3
1783950133.487,47.9,27.4
1783950134.522,47.9,27.3
1783950135.555,47.9,27.3
1783950136.588,47.9,27.3
1783950137.612,47.9,27.3
1783950138.636,47.9,27.4
1783950139.669,47.9,27.3
1783950140.702,47.9,27.4
1783950141.735,47.9,27.3
1783950142.768,47.9,27.4
1783950143.802,48.0,27.3
1783950144.836,48.0,27.3
1783950145.866,47.9,27.3
1783950146.894,47.9,27.3
1783950147.924,48.0,27.4
1783950148.959,48.0,27.3
1783950149.984,47.9,27.3
1783950151.009,47.9,27.3
1783950152.034,47.9,27.3
1783950153.06,48.0,27.3
1783950154.095,47.9,27.4
1783950155.121,47.9,27.4
1783950156.146,47.9,27.3
1783950157.171,47.9,27.3
1783950158.196,47.8,27.3
1783950159.22,47.8,27.3
1783950160.245,47.8,27.3
1783950161.271,47.7,27.3
1783950162.298,47.7,27.3
1783950163.323,47.6,27.4
1783950164.351,47.6,27.4
1783950165.382,47.6,27.3
1783950166.408,47.5,27.3
1783950167.442,47.5,27.3
1783950168.477,47.4,27.4
1783950169.511,47.3,27.4
1783950170.545,47.3,27.3
1783950171.58,47.2,27.3
1783950172.614,47.1,27.3
1783950173.648,47.1,27.3
1783950174.682,47.1,27.4
1783950175.717,47.0,27.3
1783950176.751,47.1,27.3
1783950177.785,47.1,27.3
1783950178.823,47.1,27.4
1783950179.857,47.1,27.3
1783950180.891,47.2,27.3
1783950181.924,47.2,27.4
1783950182.958,47.2,27.3
1783950183.984,47.3,27.4
1783950185.012,47.2,27.4
1783950186.037,47.3,27.3
1783950187.071,47.3,27.3
1783950188.096,47.3,27.3
1783950189.13,47.3,27.3
1783950190.165,47.2,27.4
1783950191.19,47.3,27.3
1783950192.215,47.3,27.4
1783950193.24,47.3,27.3
1783950194.265,47.3,27.3
1783950195.29,47.2,27.3
1783950196.325,47.2,27.3
1783950197.359,47.2,27.3
1783950198.393,47.2,27.3
1783950199.428,47.2,27.3
1783950200.453,47.1,27.3
1783950201.48,47.0,27.3
1783950202.516,47.1,27.3
1783950203.544,47.1,27.3
1783950204.572,47.0,27.3
1783950205.606,47.0,27.3
1783950206.64,47.0,27.3
1783950207.674,47.0,27.3
1783950208.703,47.0,27.3
1783950209.729,46.9,27.3
1783950210.753,46.9,27.3
1783950211.778,46.9,27.3
1783950212.802,46.9,27.3
1783950213.826,46.8,27.4
1783950214.851,46.8,27.3
1783950215.876,46.8,27.3
1783950216.902,46.7,27.3
1783950217.929,46.7,27.3
1783950218.963,46.6,27.3
1783950219.997,46.7,27.3
1783950221.031,46.7,27.3
1783950222.067,46.7,27.3
1783950223.102,46.7,27.3
1783950224.134,46.7,27.3
1783950225.161,46.6,27.3
1783950226.194,46.6,27.3
1783950227.219,46.6,27.3
1783950228.254,46.6,27.3
1783950229.287,46.6,27.3
1783950230.322,46.7,27.3
1783950231.348,46.6,27.3
1783950232.382,46.6,27.3
1783950233.407,46.6,27.3
1783950234.432,46.6,27.4
1783950235.457,46.6,27.3
1783950236.486,46.6,27.3
1783950237.51,46.6,27.3
1783950238.544,46.6,27.3
1783950239.579,46.6,27.3
1783950240.604,46.6,27.3
1783950241.631,46.5,27.3
1783950242.66,46.5,27.3
1783950243.688,46.5,27.3
1783950244.722,46.5,27.3
1783950245.747,46.5,27.3
1783950246.773,46.5,27.3
1783950247.798,46.5,27.3
1783950248.832,46.5,27.3
1783950249.866,46.5,27.3
1783950250.893,46.4,27.3
1783950251.92,46.3,27.3
1783950252.948,46.2,27.3
1783950253.98,46.2,27.3
1783950255.014,46.1,27.3
1783950256.05,46.1,27.3
1783950257.082,46.2,27.3
1783950258.115,46.1,27.3
1783950259.146,46.2,27.3
1783950260.179,46.1,27.3
1783950261.212,46.1,27.3
1783950262.245,46.1,27.3
1783950263.268,46.0,27.3
1783950264.294,46.0,27.3
1783950265.325,46.0,27.3
1783950266.358,46.0,27.3
1783950267.382,46.0,27.3
1783950268.406,45.9,27.3
1783950269.43,45.9,27.3
1783950270.454,45.7,27.3
1783950271.478,45.7,27.3
1783950272.502,45.7,27.3
1783950273.526,45.6,27.3
1783950274.55,45.6,27.3
1783950275.576,45.6,27.3
1783950276.6,45.6,27.3
1783950277.625,45.6,27.3
1783950278.65,45.5,27.3
1783950279.683,45.5,27.3
1783950280.717,45.5,27.3
1783950281.745,45.6,27.3
1783950282.772,45.5,27.3
1783950283.796,45.6,27.3
1783950284.819,45.6,27.3
1783950285.852,45.6,27.3
1783950286.878,45.6,27.3
1783950287.904,45.6,27.3
1783950288.936,45.6,27.3
1783950289.959,45.6,27.3
1783950290.992,45.5,27.3
1783950292.016,45.5,27.3
1783950293.041,45.4,27.3
1783950294.073,45.4,27.3
1783950295.098,45.3,27.3
1783950296.13,45.3,27.3
1783950297.163,45.3,27.3
1783950298.187,45.2,27.3
1783950299.22,45.3,27.3
1783950300.244,45.2,27.3
1783950301.268,45.3,27.3
1783950302.293,45.3,27.3
1783950303.317,45.3,27.3
1783950304.35,45.3,27.3
1783950305.374,45.3,27.3
1783950306.407,45.3,27.3
1783950307.439,45.3,27.3
1783950308.463,45.3,27.3
1783950309.496,45.2,27.3
1783950310.519,45.1,27.3
1783950311.552,45.1,27.3
1783950312.578,45.0,27.3
1783950313.604,45.0,27.3
1783950314.639,44.9,27.3
1783950315.673,45.0,27.3
1783950316.697,44.9,27.3
1783950317.722,44.9,27.3
1783950318.748,44.9,27.3
1783950319.776,44.9,27.3
1783950320.802,44.8,27.3
1783950321.839,44.8,27.3
1783950322.872,44.8,27.3
1783950323.905,44.8,27.3
1783950324.939,44.8,27.3
1783950325.974,44.7,27.3
1783950327.0,44.7,27.3
1783950328.024,44.7,27.3
1783950329.049,44.6,27.3
1783950330.075,44.7,27.3
1783950331.1,44.7,27.3
1783950332.125,44.7,27.3
1783950333.15,44.7,27.3
1783950334.178,44.7,27.3
1783950335.203,44.7,27.3
1783950336.229,44.7,27.3
1783950337.263,44.7,27.3
1783950338.297,44.7,27.3
1783950339.327,44.7,27.3
1783950340.354,44.7,27.3
1783950341.39,44.7,27.3
1783950342.424,44.7,27.3
1783950343.458,44.7,27.3
1783950344.491,44.7,27.3
1783950345.525,44.7,27.3
1783950346.559,44.8,27.3
1783950347.593,44.8,27.3
1783950348.627,44.8,27.3
1783950349.662,44.8,27.3
1783950350.698,44.7,27.3
1783950351.732,44.7,27.3
1783950352.766,44.6,27.3
1783950353.8,44.5,27.3
1783950354.834,44.5,27.3
1783950355.868,44.5,27.3
1783950356.901,44.5,27.3
1783950357.936,44.5,27.3
1783950358.97,44.6,27.3
1783950360.005,44.6,27.3
1783950361.032,44.6,27.3
1783950362.059,44.6,27.3
1783950363.084,44.6,27.3
1783950364.108,44.6,27.3
1783950365.143,44.6,27.3
1783950366.177,44.6,27.2
1783950367.212,44.7,27.3
1783950368.246,44.7,27.3
1783950369.28,44.7,27.3
1783950370.314,44.8,27.3
1783950371.349,44.8,27.3
1783950372.383,44.8,27.3
1783950373.41,44.8,27.3
1783950374.444,44.9,27.3
1783950375.478,44.9,27.3
1783950376.504,45.0,27.3
1783950377.531,45.0,27.2
1783950378.557,45.0,27.3
1783950379.58,45.0,27.2
1783950380.607,45.1,27.3
1783950381.635,45.1,27.3
1783950382.659,45.2,27.3
1783950383.683,45.3,27.3
1783950384.707,45.4,27.3
1783950385.731,45.4,27.3
1783950386.756,45.4,27.3
1783950387.789,45.5,27.3
1783950388.813,45.5,27.3
1783950389.847,45.6,27.3
1783950390.88,45.7,27.3
1783950391.904,45.7,27.3
1783950392.937,45.7,27.3
1783950393.962,45.8,27.3
1783950394.995,45.8,27.3
1783950396.028,45.8,27.3
1783950397.053,45.9,27.3
1783950398.086,45.9,27.3
1783950399.123,45.9,27.3
1783950400.149,45.9,27.3
1783950401.177,45.9,27.3
1783950402.211,45.9,27.3
1783950403.237,45.9,27.3
1783950404.262,45.9,27.3
1783950405.288,45.9,27.3
1783950406.313,45.9,27.3
1783950407.346,45.9,27.3
1783950408.382,46.0,27.3
1783950409.417,46.0,27.2
1783950410.45,46.0,27.3
1783950411.485,46.0,27.3
1783950412.52,46.0,27.3
1783950413.554,46.1,27.3
1783950414.588,46.1,27.2
1783950415.613,46.1,27.3
1783950416.648,46.2,27.3
1783950417.682,46.2,27.3
1783950418.716,46.2,27.3
1783950419.751,46.2,27.3
1783950420.776,46.2,27.3
1783950421.803,46.3,27.3
1783950422.838,46.3,27.2
1783950423.872,46.4,27.3
1783950424.905,46.4,27.3
1783950425.931,46.4,27.3
1783950426.966,46.5,27.2
1783950427.99,46.5,27.3
1783950429.016,46.5,27.2
1783950430.042,46.5,27.2
1783950431.067,46.5,27.2
1783950432.092,46.5,27.2
1783950433.117,46.6,27.3
1783950434.143,46.6,27.3
1783950435.168,46.6,27.2
1783950436.193,46.6,27.3
1783950437.229,46.7,27.3
1783950438.255,46.7,27.2
1783950439.282,46.7,27.3
1783950440.31,46.7,27.3
1783950441.341,46.7,27.2
1783950442.375,46.8,27.3
1783950443.4,46.8,27.2
1783950444.428,46.8,27.3
1783950445.453,46.8,27.2
1783950446.478,46.9,27.3
1783950447.504,46.9,27.2
1783950448.53,46.9,27.2
1783950449.564,47.0,27.2
1783950450.6,46.9,27.2
1783950451.634,46.9,27.2
1783950452.668,46.9,27.3
1783950453.703,46.9,27.2
1783950454.736,46.9,27.3
1783950455.77,46.8,27.3
1783950456.804,46.9,27.2
1783950457.839,46.8,27.3
1783950458.872,46.8,27.2
1783950459.901,46.9,27.3
1783950460.927,47.0,27.2
1783950461.961,47.0,27.3
1783950462.995,47.1,27.2
1783950464.03,47.2,27.2
1783950465.064,47.2,27.2
1783950466.098,47.2,27.2
1783950467.133,47.3,27.2
1783950468.167,47.3,27.2
1783950469.2,47.3,27.3
1783950470.235,47.3,27.3
1783950471.27,47.3,27.2
1783950472.305,47.3,27.2
1783950473.339,47.4,27.2
1783950474.374,47.4,27.2
1783950475.408,47.4,27.2
1783950476.436,47.4,27.2
1783950477.462,47.5,27.2
1783950478.487,47.4,27.2
1783950479.512,47.5,27.2
1783950480.54,47.5,27.2
1783950481.57,47.5,27.3
1783950482.598,47.4,27.2
1783950483.633,47.5,27.2
1783950484.667,47.5,27.2
1783950485.701,47.5,27.3
1783950486.736,47.4,27.2
1783950487.77,47.5,27.3
1783950488.804,47.5,27.2
1783950489.838,47.5,27.3
1783950490.872,47.5,27.2
1783950491.906,47.5,27.2
1783950492.94,47.5,27.2
1783950493.964,47.5,27.2
1783950494.988,47.6,27.2
1783950496.013,47.7,27.2
1783950497.041,47.7,27.2
1783950498.075,47.8,27.2
1783950499.105,47.8,27.2
1783950500.139,47.8,27.2
1783950501.168,47.8,27.2
1783950502.196,47.9,27.2
1783950503.229,47.9,27.2
1783950504.254,47.9,27.2
1783950505.287,47.9,27.2
1783950506.32,47.9,27.2
1783950507.343,47.9,27.3
1783950508.376,47.9,27.2
1783950509.4,47.9,27.2
1783950510.432,47.9,27.2
1783950511.465,47.9,27.2
1783950512.488,48.0,27.2
1783950513.521,47.9,27.2
1783950514.545,48.0,27.2
1783950515.578,48.0,27.2
1783950516.602,48.0,27.2
1783950517.626,48.0,27.2
1783950518.658,48.0,27.2
1783950519.686,48.0,27.2
1783950520.716,48.0,27.2
1783950521.742,47.9,27.2
1783950522.766,47.9,27.2
1783950523.799,48.0,27.2
1783950524.833,48.0,27.2
1783950525.867,47.9,27.2
1783950526.902,47.9,27.2
1783950527.936,47.9,27.2
1783950528.961,47.9,27.2
1783950529.986,48.0,27.2
1783950531.012,47.9,27.2
1783950532.037,48.0,27.2
1783950533.062,48.0,27.2
1783950534.088,47.9,27.2
1783950535.112,48.0,27.3
1783950536.138,48.0,27.2
1783950537.164,48.0,27.2
1783950538.198,48.0,27.2
1783950539.232,48.0,27.2
1783950540.258,48.0,27.2
1783950541.286,48.0,27.3
1783950542.32,48.0,27.2
1783950543.354,48.0,27.2
1783950544.388,48.0,27.3
1783950545.423,48.1,27.2
1783950546.457,48.0,27.2
1783950547.492,48.1,27.2
1783950548.526,48.1,27.2
1783950549.551,48.1,27.2
1783950550.577,48.1,27.2
1783950551.602,48.2,27.2
1783950552.637,48.2,27.3
1783950553.671,48.2,27.2
1783950554.697,48.2,27.3
1783950555.724,48.3,27.3
1783950556.752,48.3,27.2
1783950557.786,48.3,27.2
1783950558.82,48.3,27.2
1783950559.848,48.4,27.2
1783950560.881,48.4,27.2
1783950561.906,48.4,27.2
1783950562.94,48.4,27.2
1783950563.974,48.5,27.2
1783950565.001,48.5,27.2
1783950566.034,48.5,27.2
1783950567.068,48.5,27.2
1783950568.102,48.5,27.2
1783950569.136,48.6,27.3
1783950570.17,48.6,27.3
1783950571.205,48.6,27.2
1783950572.24,48.6,27.2
1783950573.274,48.6,27.3
1783950574.309,48.6,27.2
1783950575.342,48.6,27.2
1783950576.367,48.6,27.3
1783950577.397,48.6,27.2
1783950578.422,48.6,27.3
1783950579.452,48.6,27.2
1783950580.479,48.6,27.2
1783950581.51,48.6,27.2
1783950582.535,48.6,27.2
1783950583.561,48.6,27.2
1783950584.595,48.6,27.2
1783950585.629,48.6,27.2
1783950586.664,48.6,27.3
1783950587.698,48.6,27.2
1783950588.723,48.6,27.2
1783950589.749,48.6,27.3
1783950590.784,48.6,27.2
1783950591.818,48.6,27.2
1783950592.852,48.7,27.3
1783950593.887,48.6,27.3
1783950594.924,48.7,27.2
1783950595.958,48.7,27.3
1783950596.984,48.6,27.3
1783950598.018,48.6,27.3
1783950599.043,48.6,27.3
1783950600.072,48.6,27.2
1783950601.111,48.6,27.3
1783950602.14,48.6,27.2
1783950603.166,48.6,27.3
1783950604.199,48.6,27.3
1783950605.233,48.6,27.2
1783950606.267,48.7,27.2
1783950607.301,48.7,27.3
1783950608.336,48.7,27.3
1783950609.37,48.7,27.2
1783950610.404,48.7,27.3
1783950611.439,48.7,27.3
1783950612.472,48.8,27.3
1783950613.505,48.8,27.3
1783950614.538,48.9,27.2
1783950615.571,48.9,27.3
1783950616.604,49.0,27.3
1783950617.632,49.1,27.3
1783950618.658,49.2,27.3
1783950619.682,49.3,27.2
1783950620.709,49.3,27.2
1783950621.743,49.4,27.2
1783950622.772,49.4,27.3
1783950623.796,49.4,27.2
1783950624.82,49.4,27.3
1783950625.845,49.4,27.2
1783950626.868,49.5,27.2
1783950627.893,49.5,27.3
1783950628.917,49.4,27.3
1783950629.942,49.5,27.3
1783950630.966,49.5,27.3
1783950632.0,49.5,27.3
1783950633.033,49.5,27.3
1783950634.057,49.5,27.3
1783950635.09,49.5,27.3
1783950636.115,49.5,27.3
1783950637.143,49.6,27.3
1783950638.168,49.6,27.3
1783950639.195,49.6,27.3
1783950640.222,49.7,27.3
1783950641.248,49.7,27.3
1783950642.272,49.7,27.3
1783950643.304,49.7,27.3
1783950644.328,49.7,27.3
1783950645.36,49.8,27.3
1783950646.384,49.8,27.3
1783950647.416,49.8,27.3
1783950648.44,49.9,27.2
1783950649.463,50.0,27.3
1783950650.496,50.0,27.3
1783950651.52,50.1,27.3
1783950652.552,50.2,27.3
1783950653.584,50.2,27.3
1783950654.616,50.2,27.3
1783950655.648,50.2,27.3
1783950656.68,50.3,27.3
1783950657.713,50.3,27.3
1783950658.745,50.3,27.3
1783950659.775,50.3,27.3
1783950660.801,50.4,27.3
1783950661.824,50.4,27.3
1783950662.848,50.3,27.3
1783950663.88,50.4,27.3
1783950664.913,50.3,27.3
1783950665.946,50.3,27.3
1783950666.98,50.3,27.3
1783950668.014,50.3,27.3
1783950669.048,50.3,27.3
1783950670.082,50.3,27.3
1783950671.117,50.3,27.3
1783950672.151,50.3,27.3
1783950673.186,50.3,27.3
1783950674.219,50.3,27.3
1783950675.254,50.2,27.3
1783950676.289,50.2,27.3
1783950677.323,50.2,27.2
1783950678.358,50.2,27.3
1783950679.385,50.2,27.3
1783950680.409,50.2,27.2
1783950681.437,50.2,27.3
1783950682.461,50.1,27.3
1783950683.484,50.2,27.3
1783950684.508,50.2,27.3
1783950685.532,50.2,27.3
1783950686.556,50.2,27.3
1783950687.581,50.2,27.3
1783950688.605,50.2,27.3
1783950689.638,50.2,27.3
1783950690.67,50.2,27.3
1783950691.695,50.2,27.3
1783950692.727,50.2,27.3
1783950693.754,50.2,27.3
1783950694.788,50.2,27.3
1783950695.822,50.1,27.3
1783950696.856,50.2,27.3
1783950697.892,50.1,27.3
1783950698.917,50.1,27.3
1783950699.943,50.1,27.3
1783950700.977,50.1,27.3
1783950702.012,50.1,27.3
1783950703.047,50.0,27.3
1783950704.074,50.1,27.3
1783950705.1,50.0,27.3
1783950706.125,50.0,27.3
1783950707.15,50.0,27.3
1783950708.184,49.9,27.3
1783950709.218,49.9,27.3
1783950710.252,50.0,27.3
1783950711.285,49.9,27.3
1783950712.319,49.9,27.3
1783950713.352,49.9,27.3
1783950714.386,49.9,27.3
1783950715.42,49.9,27.3
1783950716.454,49.9,27.3
1783950717.48,49.9,27.3
1783950718.507,49.9,27.3
1783950719.533,49.9,27.3
1783950720.567,49.9,27.3
1783950721.601,49.9,27.3
1783950722.626,49.9,27.3
1783950723.661,49.9,27.3
1783950724.685,50.0,27.3
1783950725.719,50.0,27.3
1783950726.753,50.0,27.3
1783950727.779,50.0,27.3
1783950728.804,49.9,27.3
1783950729.829,49.9,27.3
1783950730.864,49.9,27.3
1783950731.9,49.8,27.3
1783950732.925,49.8,27.3
1783950733.951,49.8,27.3
1783950734.977,49.8,27.3
1783950736.002,49.8,27.3
1783950737.029,49.8,27.3
1783950738.058,49.8,27.3
1783950739.086,49.8,27.3
1783950740.121,49.8,27.3
1783950741.145,49.8,27.3
1783950742.179,49.8,27.3
1783950743.213,49.8,27.3
1783950744.246,49.8,27.3
1783950745.28,49.8,27.3
1783950746.306,49.8,27.3
1783950747.331,49.8,27.3
1783950748.358,49.8,27.3
1783950749.383,49.8,27.3
1783950750.417,49.7,27.3
1783950751.452,49.7,27.3
1783950752.486,49.7,27.3
1783950753.522,49.7,27.3
1783950754.556,49.7,27.3
1783950755.596,49.6,27.3
1783950756.632,49.5,27.3
1783950757.669,49.5,27.3
1783950758.697,49.4,27.3
1783950759.722,49.3,27.3
1783950760.756,49.3,27.3
1783950761.78,49.3,27.3
1783950762.814,49.3,27.3
1783950763.84,49.3,27.3
1783950764.873,49.3,27.3
1783950765.907,49.3,27.3
1783950766.932,49.3,27.3
1783950767.965,49.3,27.3
1783950768.99,49.2,27.3
1783950770.024,49.2,27.3
1783950771.058,49.2,27.3
1783950772.083,49.2,27.3
1783950773.116,49.1,27.3
1783950774.142,49.1,27.3
1783950775.176,49.1,27.3
1783950776.21,49.0,27.3
1783950777.245,49.0,27.3
1783950778.272,49.0,27.3
1783950779.299,49.0,27.3
1783950780.325,48.9,27.3
1783950781.35,48.9,27.3
1783950782.374,48.8,27.3
1783950783.4,48.7,27.3
1783950784.424,48.7,27.3
1783950785.449,48.6,27.3
1783950786.475,48.5,27.3
1783950787.502,48.5,27.3
1783950788.528,48.5,27.3
1783950789.553,48.5,27.3
1783950790.579,48.4,27.3
1783950791.612,48.4,27.3
1783950792.647,48.4,27.3
1783950793.681,48.3,27.3
1783950794.716,48.3,27.3
1783950795.751,48.3,27.3
1783950796.785,48.3,27.3
1783950797.811,48.3,27.3
1783950798.839,48.3,27.3
1783950799.873,48.3,27.3
1783950800.907,48.3,27.3
1783950801.94,48.3,27.3
1783950802.973,48.2,27.3
1783950804.005,48.2,27.3
1783950805.03,48.2,27.3
1783950806.064,48.2,27.3
1783950807.099,48.1,27.3
1783950808.134,48.1,27.3
1783950809.159,48.1,27.3
1783950810.184,48.1,27.3
1783950811.217,48.1,27.3
1783950812.251,48.1,27.3
1783950813.284,48.1,27.3
1783950814.309,48.1,27.3
1783950815.333,48.0,27.3
1783950816.366,48.0,27.3
1783950817.401,48.1,27.3
1783950818.428,48.1,27.3
1783950819.456,48.0,27.3
1783950820.48,48.0,27.3
1783950821.513,48.0,27.3
1783950822.547,48.0,27.3
1783950823.58,48.0,27.3
1783950824.604,48.0,27.3
1783950825.637,47.9,27.3
1783950826.67,47.9,27.3
1783950827.703,47.9,27.3
1783950828.736,47.9,27.3
1783950829.769,47.9,27.3
1783950830.802,47.8,27.3
1783950831.838,47.8,27.3
1783950832.875,47.8,27.3
1783950833.899,47.7,27.3
1783950834.923,47.7,27.3
1783950835.948,47.7,27.3
1783950836.972,47.6,27.3
1783950837.997,47.6,27.3
1783950839.026,47.6,27.3
1783950840.059,47.5,27.3
1783950841.092,47.5,27.3
1783950842.125,47.5,27.3
1783950843.158,47.5,27.3
1783950844.19,47.4,27.3
1783950845.223,47.4,27.3
1783950846.256,47.4,27.3
1783950847.289,47.3,27.3
1783950848.322,47.3,27.3
1783950849.355,47.3,27.3
1783950850.388,47.3,27.3
1783950851.422,47.2,27.3
1783950852.446,47.3,27.3
1783950853.471,47.3,27.3
1783950854.503,47.3,27.3
1783950855.537,47.3,27.3
1783950856.563,47.3,27.3
1783950857.591,47.3,27.3
1783950858.618,47.4,27.3
1783950859.645,47.4,27.3
1783950860.678,47.4,27.3
1783950861.703,47.4,27.3
1783950862.728,47.4,27.3
1783950863.761,47.4,27.3
1783950864.794,47.5,27.3
1783950865.828,47.5,27.3
1783950866.86,47.5,27.3
1783950867.893,47.5,27.3
1783950868.917,47.5,27.3
1783950869.943,47.5,27.3
1783950870.978,47.5,27.3
1783950872.012,47.5,27.3
1783950873.045,47.5,27.3
1783950874.078,47.5,27.3
1783950875.112,47.5,27.3
1783950876.144,47.5,27.3
1783950877.177,47.4,27.3
1783950878.211,47.4,27.3
1783950879.236,47.4,27.3
1783950880.265,47.4,27.3
1783950881.291,47.4,27.3
1783950882.317,47.4,27.3
1783950883.352,47.5,27.3
1783950884.387,47.5,27.3
1783950885.412,47.5,27.3
1783950886.436,47.5,27.3
1783950887.46,47.5,27.3
1783950888.484,47.5,27.3
1783950889.509,47.5,27.3
1783950890.533,47.5,27.3
1783950891.557,47.5,27.3
1783950892.583,47.4,27.3
1783950893.608,47.4,27.3
1783950894.632,47.4,27.3
1783950895.665,47.4,27.3
1783950896.698,47.4,27.3
1783950897.724,47.4,27.3
1783950898.751,47.4,27.3
1783950899.774,47.4,27.3
1783950900.809,47.4,27.3
1783950901.843,47.4,27.3
1783950902.878,47.4,27.3
1783950903.903,47.4,27.3
1783950904.928,47.3,27.3
1783950905.962,47.4,27.3
1783950906.997,47.4,27.3
1783950908.031,47.4,27.3
1783950909.055,47.4,27.3
1783950910.08,47.4,27.3
1783950911.114,47.3,27.3
1783950912.14,47.3,27.3
1783950913.17,47.2,27.3
1783950914.205,47.2,27.3
1783950915.24,47.1,27.3
1783950916.274,47.0,27.3
1783950917.314,47.0,27.3
1783950918.351,46.9,27.3
1783950919.377,46.9,27.3
1783950920.402,46.9,27.3
1783950921.427,46.8,27.3
1783950922.452,46.8,27.3
1783950923.488,46.8,27.3
1783950924.522,46.8,27.3
1783950925.556,46.7,27.3
1783950926.59,46.7,27.3
1783950927.624,46.7,27.3
1783950928.658,46.6,27.3
1783950929.692,46.6,27.3
1783950930.726,46.5,27.3
1783950931.76,46.5,27.3
1783950932.785,46.5,27.3
1783950933.819,46.5,27.3
1783950934.852,46.5,27.3
1783950935.889,46.5,27.3
1783950936.924,46.4,27.3
1783950937.951,46.4,27.3
1783950938.981,46.3,27.3
1783950940.009,46.2,27.3
1783950941.035,46.2,27.3
1783950942.06,46.2,27.3
1783950943.085,46.1,27.3
1783950944.11,46.1,27.3
1783950945.135,46.1,27.3
1783950946.161,46.1,27.3
1783950947.186,46.1,27.3
1783950948.211,46.1,27.3
1783950949.245,46.1,27.3
1783950950.279,46.1,27.3
1783950951.306,46.1,27.3
1783950952.339,46.2,27.3
1783950953.373,46.2,27.3
1783950954.407,46.2,27.3
1783950955.441,46.2,27.3
1783950956.474,46.2,27.3
1783950957.511,46.1,27.3
1783950958.543,46.1,27.3
1783950959.567,46.1,27.3
1783950960.601,46.1,27.3
1783950961.635,46.1,27.3
1783950962.667,46.1,27.3
1783950963.693,46.1,27.3
1783950964.718,46.0,27.3
1783950965.742,46.0,27.3
1783950966.767,46.0,27.3
1783950967.801,45.9,27.3
1783950968.835,45.9,27.3
1783950969.86,45.9,27.3
1783950970.887,45.9,27.3
1783950971.921,45.9,27.3
1783950972.956,45.9,27.3
1783950973.991,45.9,27.3
1783950975.025,45.9,27.3
1783950976.059,45.9,27.3
1783950977.094,45.9,27.3
1783950978.12,45.9,27.3
1783950979.147,45.9,27.3
1783950980.183,46.0,27.3
1783950981.217,46.0,27.3
1783950982.252,46.0,27.3
1783950983.277,46.0,27.3
1783950984.313,45.9,27.3
1783950985.347,45.9,27.3
1783950986.382,45.9,27.3
1783950987.416,45.8,27.3
1783950988.451,45.8,27.3
1783950989.486,45.7,27.3
1783950990.521,45.7,27.3
1783950991.555,45.6,27.3
1783950992.588,45.6,27.3
1783950993.622,45.6,27.3
1783950994.646,45.6,27.3
1783950995.671,45.6,27.3
1783950996.696,45.7,27.3
1783950997.722,45.7,27.3
1783950998.75,45.6,27.3
1783950999.778,45.6,27.3
1783951000.802,45.6,27.3
1783951001.826,45.6,27.3
1783951002.859,45.6,27.3
1783951003.882,45.6,27.3
1783951004.914,45.6,27.3
1783951005.947,45.6,27.3
1783951006.971,45.6,27.2
1783951007.994,45.6,27.3
1783951009.018,45.6,27.3
1783951010.053,45.6,27.3
1783951011.085,45.5,27.3
1783951012.118,45.5,27.3
1783951013.15,45.5,27.3
1783951014.183,45.4,27.3
1783951015.206,45.4,27.3
1783951016.23,45.4,27.3
1783951017.264,45.4,27.3
1783951018.292,45.4,27.3
1783951019.317,45.5,27.3
1783951020.341,45.5,27.2
1783951021.364,45.5,27.3
1783951022.397,45.5,27.3
1783951023.429,45.5,27.2
1783951024.461,45.5,27.3
1783951025.486,45.5,27.3
1783951026.519,45.5,27.2
1783951027.551,45.5,27.2
1783951028.584,45.6,27.2
1783951029.616,45.6,27.3
1783951030.641,45.6,27.3
1783951031.674,45.6,27.2
1783951032.706,45.6,27.3
1783951033.739,45.7,27.3
1783951034.772,45.7,27.3
1783951035.805,45.7,27.3
1783951036.838,45.7,27.2
1783951037.874,45.8,27.2
1783951038.901,45.9,27.3
1783951039.928,45.8,27.2
1783951040.961,45.9,27.2
1783951041.994,45.9,27.2
1783951043.026,46.0,27.3
1783951044.059,45.9,27.2
1783951045.092,45.9,27.2
1783951046.125,45.9,27.3
1783951047.158,45.9,27.2
1783951048.188,45.9,27.3
1783951049.212,45.9,27.2
1783951050.236,45.8,27.3
1783951051.26,45.9,27.2
1783951052.284,45.9,27.2
1783951053.308,45.9,27.3
1783951054.332,45.9,27.3
1783951055.358,45.9,27.3
1783951056.391,45.9,27.2
1783951057.425,45.8,27.3
1783951058.455,45.8,27.2
1783951059.481,45.8,27.2
1783951060.514,45.9,27.2
1783951061.547,45.8,27.2
1783951062.579,45.8,27.2
1783951063.612,45.8,27.3
1783951064.644,45.8,27.2
1783951065.668,45.8,27.2
1783951066.692,45.8,27.3
1783951067.725,45.9,27.3
1783951068.758,45.9,27.2
1783951069.792,46.1,27.2
1783951070.826,46.2,27.2
1783951071.851,46.3,27.2
1783951072.877,46.3,27.2
1783951073.911,46.4,27.2
1783951074.945,46.5,27.2
1783951075.979,46.5,27.2
1783951077.014,46.4,27.3
1783951078.048,46.4,27.2
1783951079.074,46.4,27.2
1783951080.1,46.4,27.3
1783951081.134,46.4,27.2
1783951082.167,46.3,27.2
1783951083.201,46.3,27.2
1783951084.235,46.3,27.2
1783951085.269,46.3,27.2
1783951086.303,46.2,27.2
1783951087.336,46.3,27.2
1783951088.37,46.3,27.2
1783951089.404,46.3,27.2
1783951090.438,46.3,27.2
1783951091.472,46.4,27.2
1783951092.505,46.5,27.2
1783951093.539,46.5,27.2
1783951094.57,46.6,27.3
1783951095.599,46.7,27.2
1783951096.624,46.8,27.2
1783951097.65,46.9,27.2
1783951098.686,47.0,27.2
1783951099.716,47.1,27.2
1783951100.743,47.2,27.2
1783951101.778,47.2,27.2
1783951102.804,47.3,27.2
1783951103.829,47.4,27.2
1783951104.854,47.4,27.2
1783951105.879,47.4,27.2
1783951106.904,47.5,27.2
1783951107.929,47.5,27.2
1783951108.954,47.5,27.2
1783951109.98,47.5,27.2
1783951111.005,47.6,27.2
1783951112.029,47.6,27.2
1783951113.061,47.6,27.2
1783951114.095,47.7,27.2
1783951115.119,47.7,27.2
1783951116.145,47.7,27.2
1783951117.171,47.6,27.2
1783951118.198,47.6,27.2
1783951119.226,47.6,27.2
1783951120.251,47.6,27.2
1783951121.286,47.6,27.2
1783951122.311,47.6,27.2
1783951123.344,47.6,27.2
1783951124.379,47.6,27.3
1783951125.412,47.6,27.2
1783951126.446,47.7,27.2
1783951127.481,47.6,27.2
1783951128.515,47.7,27.2
1783951129.55,47.7,27.2
1783951130.584,47.7,27.2
1783951131.618,47.7,27.2
1783951132.653,47.7,27.2
1783951133.687,47.8,27.2
1783951134.713,47.8,27.2
1783951135.739,47.8,27.2
1783951136.764,47.9,27.2
1783951137.789,48.0,27.2
1783951138.821,48.0,27.2
1783951139.847,48.0,27.2
1783951140.88,48.0,27.2
1783951141.914,48.0,27.2
1783951142.948,48.0,27.3
1783951143.983,48.0,27.2
1783951145.017,48.1,27.2
1783951146.051,48.1,27.2
1783951147.077,48.1,27.2
1783951148.111,48.1,27.2
1783951149.145,48.1,27.2
1783951150.179,48.1,27.3
1783951151.214,48.1,27.2
1783951152.239,48.1,27.2
1783951153.274,48.2,27.2
1783951154.308,48.2,27.2
1783951155.343,48.2,27.2
1783951156.372,48.2,27.2
1783951157.397,48.2,27.2
1783951158.428,48.3,27.2
1783951159.457,48.3,27.2
1783951160.483,48.3,27.2
1783951161.508,48.3,27.2
1783951162.536,48.4,27.2
1783951163.571,48.4,27.2
1783951164.605,48.5,27.2
1783951165.639,48.5,27.2
1783951166.673,48.5,27.2
1783951167.707,48.5,27.2
1783951168.732,48.6,27.2
1783951169.766,48.5,27.2
1783951170.801,48.6,27.2
1783951171.835,48.6,27.2
1783951172.87,48.6,27.2
1783951173.904,48.6,27.2
1783951174.93,48.6,27.2
1783951175.964,48.6,27.2
1783951177.003,48.6,27.2
1783951178.036,48.6,27.2
1783951179.065,48.6,27.2
1783951180.09,48.6,27.2
1783951181.116,48.6,27.2
1783951182.141,48.7,27.2
1783951183.166,48.7,27.2
1783951184.191,48.7,27.2
1783951185.224,48.7,27.2
1783951186.258,48.7,27.2
1783951187.292,48.7,27.2
1783951188.326,48.8,27.2
1783951189.35,48.8,27.2
1783951190.384,48.8,27.2
1783951191.418,48.8,27.2
1783951192.451,48.8,27.2
1783951193.485,48.8,27.2
1783951194.511,48.8,27.2
1783951195.544,48.9,27.2
1783951196.577,48.9,27.2
1783951197.611,48.9,27.2
1783951198.646,48.9,27.2
1783951199.672,48.9,27.2
1783951200.698,49.0,27.2
1783951201.732,49.0,27.2
1783951202.765,49.0,27.2
1783951203.804,49.0,27.2
1783951204.828,49.0,27.2
1783951205.853,49.0,27.2
1783951206.877,49.1,27.2
1783951207.901,49.1,27.2
1783951208.927,49.1,27.2
1783951209.95,49.1,27.2
1783951210.974,49.1,27.2
1783951211.998,49.2,27.2
1783951213.03,49.2,27.2
1783951214.062,49.2,27.2
1783951215.095,49.2,27.2
1783951216.128,49.2,27.2
1783951217.163,49.2,27.2
1783951218.197,49.2,27.3
1783951219.223,49.2,27.2
1783951220.249,49.2,27.2
1783951221.284,49.2,27.2
1783951222.318,49.2,27.2
1783951223.344,49.2,27.2
1783951224.369,49.3,27.2
1783951225.395,49.2,27.2
1783951226.418,49.3,27.2
1783951227.453,49.4,27.2
1783951228.488,49.4,27.2
1783951229.52,49.5,27.2
1783951230.553,49.6,27.2
1783951231.577,49.6,27.2
1783951232.609,49.7,27.3
1783951233.634,49.7,27.2
1783951234.667,49.7,27.2
1783951235.701,49.8,27.2
1783951236.749,49.9,27.2
1783951237.86,49.9,27.3
1783951238.994,49.9,27.2
1783951240.027,49.9,27.2
1783951241.054,50.0,27.2
1783951242.08,50.0,27.2
1783951243.112,50.0,27.2
1783951244.145,50.0,27.2
1783951245.177,50.0,27.2
1783951246.201,50.1,27.2
1783951247.224,50.1,27.2
1783951248.257,50.1,27.2
1783951249.289,50.1,27.2
1783951250.322,50.1,27.2
1783951251.354,50.1,27.2
1783951252.377,50.1,27.2
1783951253.401,50.0,27.2
1783951254.434,50.0,27.2
1783951255.466,50.0,27.2
1783951256.498,50.0,27.2
1783951257.531,50.0,27.2
1783951258.56,50.0,27.2
1783951259.586,50.0,27.2
1783951260.617,50.0,27.2
1783951261.643,50.0,27.2
1783951262.668,50.0,27.2
1783951263.692,50.0,27.2
1783951264.716,50.0,27.2
1783951265.74,50.0,27.2
1783951266.765,50.0,27.3
1783951267.79,50.0,27.3
1783951268.823,50.0,27.2
1783951269.856,50.0,27.2
1783951270.888,49.9,27.3
1783951271.921,50.0,27.2
1783951272.952,50.0,27.2
1783951273.985,50.0,27.3
1783951275.017,50.0,27.2
1783951276.05,50.0,27.2
1783951277.082,50.1,27.2
1783951278.112,50.1,27.2
1783951279.147,50.1,27.2
1783951280.176,50.1,27.3
1783951281.203,50.1,27.3
1783951282.236,50.2,27.2
1783951283.26,50.2,27.2
1783951284.293,50.2,27.2
1783951285.326,50.2,27.2
1783951286.359,50.2,27.2
1783951287.392,50.3,27.3
1783951288.416,50.2,27.2
1783951289.449,50.3,27.2
1783951290.482,50.2,27.2
1783951291.515,50.3,27.3
1783951292.548,50.3,27.2
1783951293.572,50.3,27.2
1783951294.604,50.3,27.3
1783951295.628,50.3,27.3
1783951296.661,50.4,27.2
1783951297.694,50.4,27.2
1783951298.727,50.4,27.3
1783951299.763,50.4,27.2
1783951300.793,50.4,27.2
1783951301.819,50.4,27.3
1783951302.843,50.4,27.3
1783951303.867,50.4,27.3
1783951304.9,50.4,27.3
1783951305.933,50.4,27.2
1783951306.966,50.5,27.2
1783951307.991,50.5,27.3
1783951309.02,50.5,27.3
1783951310.044,50.5,27.3
1783951311.068,50.6,27.3
1783951312.092,50.5,27.2
1783951313.116,50.6,27.3
1783951314.141,50.6,27.3
1783951315.165,50.6,27.3
1783951316.191,50.6,27.2
1783951317.226,50.6,27.2
1783951318.262,50.6,27.3
1783951319.289,50.6,27.3
1783951320.315,50.6,27.3
1783951321.349,50.7,27.2
1783951322.383,50.7,27.3
1783951323.421,50.7,27.3
1783951324.456,50.8,27.2
1783951325.49,50.8,27.3
1783951326.524,50.8,27.3
1783951327.558,50.8,27.2
1783951328.592,50.8,27.3
1783951329.626,50.8,27.2
1783951330.651,50.8,27.3
1783951331.683,50.8,27.3
1783951332.715,50.8,27.2
1783951333.748,50.8,27.3
1783951334.78,50.8,27.3
1783951335.804,50.8,27.3
1783951336.837,50.8,27.2
1783951337.871,50.8,27.3
1783951338.919,50.8,27.2
1783951339.955,50.7,27.3
1783951340.985,50.7,27.3
1783951342.012,50.7,27.3
1783951343.045,50.7,27.3
1783951344.079,50.8,27.3
1783951345.112,50.7,27.3
1783951346.145,50.7,27.3
1783951347.179,50.7,27.3
1783951348.204,50.7,27.3
1783951349.229,50.7,27.3
1783951350.264,50.7,27.3
1783951351.298,50.7,27.3
1783951352.323,50.7,27.3
1783951353.348,50.7,27.3
1783951354.373,50.7,27.3
1783951355.398,50.7,27.3
1783951356.433,50.7,27.3
1783951357.467,50.7,27.3
1783951358.501,50.6,27.3
1783951359.535,50.7,27.3
1783951360.566,50.6,27.3
1783951361.592,50.6,27.3
1783951362.617,50.6,27.3
1783951363.644,50.6,27.3
1783951364.669,50.6,27.3
1783951365.694,50.6,27.3
1783951366.72,50.6,27.3
1783951367.745,50.5,27.3
1783951368.77,50.5,27.3
1783951369.796,50.5,27.3
1783951370.83,50.5,27.3
1783951371.865,50.5,27.3
1783951372.891,50.5,27.3
1783951373.924,50.5,27.3
1783951374.958,50.5,27.3
1783951375.993,50.5,27.3
1783951377.029,50.5,27.3
1783951378.055,50.5,27.3
1783951379.091,50.5,27.3
1783951380.12,50.5,27.3
1783951381.146,50.5,27.3
1783951382.18,50.5,27.3
1783951383.214,50.4,27.3
1783951384.248,50.5,27.3
1783951385.282,50.5,27.3
1783951386.315,50.5,27.3
1783951387.35,50.5,27.3
1783951388.384,50.4,27.3
1783951389.418,50.4,27.3
1783951390.453,50.4,27.3
1783951391.487,50.4,27.3
1783951392.521,50.4,27.3
1783951393.546,50.4,27.3
1783951394.57,50.3,27.3
1783951395.595,50.3,27.3
1783951396.62,50.3,27.3
1783951397.644,50.2,27.3
1783951398.671,50.2,27.3
1783951399.7,50.2,27.3
1783951400.724,50.1,27.3
1783951401.758,50.1,27.3
1783951402.791,50.1,27.3
1783951403.825,50.1,27.3
1783951404.849,50.1,27.3
1783951405.883,50.0,27.3
1783951406.918,50.0,27.3
1783951407.951,50.0,27.3
1783951408.985,50.0,27.3
1783951410.011,50.0,27.3
1783951411.045,49.9,27.3
1783951412.079,49.9,27.3
1783951413.114,49.9,27.3
1783951414.148,50.0,27.3
1783951415.175,49.9,27.3
1783951416.211,50.0,27.3
1783951417.247,49.9,27.3
1783951418.272,49.9,27.3
1783951419.3,49.8,27.3
1783951420.328,49.8,27.3
1783951421.357,49.7,27.3
1783951422.382,49.6,27.3
1783951423.409,49.6,27.3
1783951424.443,49.5,27.3
1783951425.478,49.5,27.3
1783951426.512,49.4,27.3
1783951427.547,49.4,27.3
1783951428.581,49.4,27.3
1783951429.616,49.4,27.3
1783951430.651,49.4,27.3
1783951431.685,49.4,27.3
1783951432.719,49.4,27.3
1783951433.753,49.3,27.3
1783951434.788,49.3,27.3
1783951435.812,49.3,27.3
1783951436.847,49.2,27.3
1783951437.871,49.1,27.3
1783951438.898,49.1,27.3
1783951439.923,49.0,27.3
1783951440.95,49.0,27.3
1783951441.985,48.9,27.3
1783951443.02,48.9,27.3
1783951444.047,48.8,27.3
1783951445.081,48.8,27.3
1783951446.107,48.8,27.3
1783951447.141,48.8,27.3
1783951448.176,48.7,27.3
1783951449.21,48.7,27.3
1783951450.235,48.8,27.3
1783951451.261,48.7,27.3
1783951452.295,48.7,27.3
1783951453.329,48.7,27.3
1783951454.363,48.7,27.3
1783951455.398,48.6,27.3
1783951456.431,48.6,27.3
1783951457.464,48.6,27.3
1783951458.496,48.6,27.3
1783951459.529,48.5,27.3
1783951460.556,48.5,27.3
1783951461.582,48.5,27.3
1783951462.614,48.5,27.3
1783951463.646,48.5,27.3
1783951464.679,48.5,27.3
1783951465.712,48.4,27.3
1783951466.745,48.3,27.3
1783951467.778,48.2,27.3
1783951468.806,48.2,27.3
1783951469.83,48.1,27.3
1783951470.854,48.0,27.3
1783951471.877,48.0,27.3
1783951472.901,48.0,27.3
1783951473.924,48.0,27.3
1783951474.948,48.0,27.3
1783951475.971,48.0,27.3
1783951476.996,48.1,27.3
1783951478.029,48.1,27.3
1783951479.062,48.1,27.3
1783951480.088,48.2,27.3
1783951481.116,48.2,27.3
1783951482.14,48.3,27.3
1783951483.163,48.2,27.3
1783951484.188,48.2,27.3
1783951485.212,48.2,27.3
1783951486.245,48.2,27.3
1783951487.279,48.2,27.3
1783951488.312,48.2,27.3
1783951489.345,48.2,27.3
1783951490.369,48.1,27.3
1783951491.402,48.1,27.3
1783951492.435,48.1,27.3
1783951493.46,48.1,27.3
1783951494.484,48.1,27.3
1783951495.51,48.1,27.3
1783951496.543,48.0,27.3
1783951497.577,47.9,27.3
1783951498.603,47.8,27.3
1783951499.632,47.7,27.3
1783951500.664,47.6,27.3
1783951501.697,47.6,27.3
1783951502.731,47.6,27.3
1783951503.757,47.6,27.3
1783951504.791,47.6,27.3
1783951505.826,47.6,27.3
1783951506.86,47.6,27.3
1783951507.886,47.6,27.3
1783951508.921,47.6,27.3
1783951509.955,47.5,27.3
1783951510.99,47.6,27.3
1783951512.023,47.5,27.3
1783951513.057,47.5,27.3
1783951514.092,47.6,27.3
1783951515.126,47.6,27.3
1783951516.161,47.6,27.3
1783951517.195,47.6,27.3
1783951518.229,47.6,27.3
1783951519.264,47.6,27.3
1783951520.301,47.6,27.3
1783951521.331,47.6,27.3
1783951522.358,47.6,27.3
1783951523.393,47.5,27.3
1783951524.419,47.5,27.3
1783951525.444,47.5,27.3
1783951526.469,47.4,27.3
1783951527.494,47.4,27.3
1783951528.52,47.4,27.3
1783951529.546,47.3,27.3
1783951530.573,47.3,27.3
1783951531.6,47.2,27.3
1783951532.635,47.2,27.3
1783951533.668,47.1,27.3
1783951534.701,47.1,27.3
1783951535.733,47.1,27.3
1783951536.767,47.1,27.3
1783951537.802,47.1,27.3
1783951538.836,47.1,27.3
1783951539.863,47.1,27.3
1783951540.891,47.1,27.3
1783951541.921,47.1,27.3
1783951542.956,47.1,27.3
1783951543.991,47.1,27.3
1783951545.026,47.1,27.3
1783951546.051,47.2,27.3
1783951547.086,47.1,27.3
1783951548.121,47.1,27.3
1783951549.156,47.0,27.3
1783951550.191,47.0,27.3
1783951551.226,46.9,27.3
1783951552.261,46.9,27.3
1783951553.294,46.9,27.3
1783951554.327,46.9,27.3
1783951555.361,46.9,27.3
1783951556.386,46.8,27.3
1783951557.419,46.8,27.3
1783951558.452,46.8,27.3
1783951559.485,46.7,27.3
1783951560.518,46.6,27.3
1783951561.544,46.6,27.3
1783951562.568,46.6,27.3
1783951563.591,46.6,27.3
1783951564.623,46.6,27.3
1783951565.655,46.6,27.3
1783951566.679,46.5,27.3
1783951567.703,46.6,27.3
1783951568.735,46.5,27.3
1783951569.767,46.5,27.3
1783951570.791,46.6,27.3
1783951571.815,46.5,27.3
1783951572.839,46.5,27.3
1783951573.863,46.5,27.3
1783951574.896,46.5,27.3
1783951575.93,46.5,27.3
1783951576.955,46.5,27.3
1783951577.979,46.4,27.3
1783951579.004,46.4,27.3
1783951580.03,46.4,27.3
1783951581.057,46.4,27.3
1783951582.085,46.3,27.3
1783951583.11,46.3,27.3
1783951584.137,46.2,27.3
1783951585.171,46.2,27.3
1783951586.196,46.2,27.3
1783951587.23,46.2,27.3
1783951588.265,46.2,27.3
1783951589.3,46.2,27.3
1783951590.333,46.2,27.3
1783951591.366,46.2,27.3
1783951592.399,46.2,27.3
1783951593.432,46.2,27.2
1783951594.464,46.2,27.3
1783951595.498,46.1,27.3
1783951596.53,46.1,27.3
1783951597.555,46.1,27.3
1783951598.579,46.1,27.3
1783951599.612,46.1,27.3
1783951600.646,46.0,27.3
1783951601.676,46.1,27.3
1783951602.701,46.1,27.3
1783951603.734,46.2,27.3
1783951604.767,46.1,27.3
1783951605.8,46.1,27.3
1783951606.832,46.0,27.3
1783951607.865,45.9,27.3
1783951608.889,45.9,27.3
1783951609.921,45.9,27.3
1783951610.954,45.9,27.3
1783951611.986,45.9,27.3
1783951613.018,45.9,27.3
1783951614.042,45.9,27.3
1783951615.066,45.8,27.3
1783951616.09,45.8,27.3
1783951617.114,45.8,27.3
1783951618.147,45.8,27.2
1783951619.171,45.7,27.3
1783951620.207,45.7,27.3
1783951621.235,45.7,27.3
1783951622.263,45.7,27.3
1783951623.296,45.7,27.3
1783951624.32,45.6,27.3
1783951625.353,45.6,27.3
1783951626.386,45.6,27.3
1783951627.419,45.6,27.3
1783951628.452,45.5,27.3
1783951629.485,45.5,27.3
1783951630.51,45.5,27.2
1783951631.535,45.5,27.3
1783951632.559,45.5,27.3
1783951633.582,45.5,27.3
1783951634.607,45.5,27.2
1783951635.631,45.5,27.3
1783951636.655,45.4,27.3
1783951637.679,45.4,27.3
1783951638.712,45.4,27.3
1783951639.746,45.3,27.2
1783951640.773,45.3,27.3
1783951641.802,45.3,27.3
1783951642.833,45.3,27.2
1783951643.866,45.3,27.3
1783951644.899,45.3,27.3
1783951645.933,45.3,27.3
1783951646.966,45.3,27.2
1783951647.999,45.3,27.2
1783951649.032,45.4,27.2
1783951650.065,45.3,27.3
1783951651.098,45.3,27.3
1783951652.13,45.3,27.3
1783951653.162,45.3,27.3
1783951654.194,45.2,27.3
1783951655.227,45.2,27.3
1783951656.259,45.2,27.2
1783951657.283,45.2,27.2
1783951658.308,45.2,27.3
1783951659.332,45.2,27.2
1783951660.37,45.2,27.2
1783951661.399,45.2,27.2
1783951662.424,45.2,27.2
1783951663.456,45.3,27.2
1783951664.489,45.2,27.2
1783951665.522,45.3,27.3
1783951666.546,45.2,27.3
1783951667.58,45.3,27.2
1783951668.614,45.3,27.3
1783951669.647,45.3,27.2
1783951670.68,45.3,27.2
1783951671.712,45.3,27.2
1783951672.745,45.4,27.2
1783951673.778,45.3,27.2
1783951674.811,45.3,27.2
1783951675.844,45.3,27.2
1783951676.876,45.3,27.3
1783951677.908,45.2,27.2
1783951678.932,45.3,27.2
1783951679.957,45.2,27.2
1783951680.983,45.3,27.2
1783951682.011,45.2,27.2
1783951683.04,45.3,27.2
1783951684.064,45.3,27.2
1783951685.088,45.3,27.2
1783951686.121,45.3,27.2
1783951687.154,45.4,27.2
1783951688.187,45.4,27.2
1783951689.219,45.4,27.2
1783951690.253,45.4,27.2
1783951691.285,45.4,27.2
1783951692.318,45.4,27.2
1783951693.351,45.4,27.2
1783951694.384,45.4,27.2
1783951695.417,45.4,27.2
1783951696.45,45.5,27.2
1783951697.485,45.5,27.2
1783951698.51,45.5,27.3
1783951699.545,45.6,27.2
1783951700.579,45.6,27.2
1783951701.607,45.7,27.2
1783951702.637,45.8,27.2
1783951703.663,45.9,27.2
1783951704.688,45.9,27.2
1783951705.723,46.0,27.2
1783951706.756,46.0,27.2
1783951707.789,46.0,27.2
1783951708.816,46.1,27.2
1783951709.85,46.2,27.2
1783951710.884,46.2,27.2
1783951711.918,46.3,27.2
1783951712.952,46.3,27.2
1783951713.987,46.3,27.2
1783951715.021,46.4,27.2
1783951716.055,46.4,27.2
1783951717.089,46.4,27.2
1783951718.124,46.4,27.2
1783951719.158,46.5,27.2
1783951720.192,46.5,27.2
1783951721.229,46.5,27.2
1783951722.258,46.5,27.2
1783951723.295,46.5,27.2
1783951724.338,46.6,27.2
1783951725.363,46.6,27.2
1783951726.387,46.7,27.2
1783951727.413,46.7,27.2
1783951728.437,46.7,27.2
1783951729.461,46.7,27.2
1783951730.486,46.8,27.2
1783951731.511,46.8,27.2
1783951732.544,46.8,27.2
1783951733.578,46.9,27.2
1783951734.604,46.9,27.2
1783951735.637,47.0,27.2
1783951736.662,47.0,27.2
1783951737.697,47.0,27.2
1783951738.731,47.0,27.2
1783951739.756,47.0,27.2
1783951740.782,47.1,27.2
1783951741.813,47.1,27.2
1783951742.838,47.1,27.2
1783951743.862,47.1,27.2
1783951744.887,47.1,27.2
1783951745.912,47.1,27.2
1783951746.936,47.1,27.2
1783951747.959,47.1,27.2
1783951748.994,47.1,27.2
1783951750.018,47.1,27.2
1783951751.052,47.1,27.2
1783951752.086,47.1,27.2
1783951753.119,47.1,27.2
1783951754.153,47.1,27.2
1783951755.188,47.0,27.2
1783951756.222,47.0,27.2
1783951757.256,47.0,27.2
1783951758.289,47.0,27.2
1783951759.323,47.0,27.2
1783951760.357,46.9,27.2
1783951761.384,46.9,27.2
1783951762.412,46.9,27.2
1783951763.445,46.9,27.2
1783951764.479,46.9,27.2
1783951765.513,46.9,27.2
1783951766.547,47.0,27.2
1783951767.58,47.0,27.2
1783951768.615,47.0,27.2
1783951769.649,47.1,27.2
1783951770.683,47.1,27.2
1783951771.717,47.2,27.2
1783951772.742,47.2,27.2
1783951773.776,47.3,27.2
1783951774.812,47.3,27.2
1783951775.839,47.4,27.2
1783951776.864,47.5,27.2
1783951777.889,47.6,27.2
1783951778.914,47.6,27.2
1783951779.941,47.7,27.2
1783951780.968,47.8,27.2
1783951781.996,47.8,27.2
1783951783.024,47.9,27.2
1783951784.058,47.9,27.2
1783951785.092,47.9,27.2
1783951786.125,48.0,27.2
1783951787.159,48.0,27.2
1783951788.192,48.0,27.2
1783951789.226,48.0,27.2
1783951790.258,48.0,27.2
1783951791.281,48.0,27.2
1783951792.305,48.0,27.2
1783951793.328,48.0,27.2
1783951794.362,48.0,27.2
1783951795.395,48.0,27.2
1783951796.427,48.0,27.2
1783951797.46,48.0,27.2
1783951798.493,48.0,27.2
1783951799.526,48.0,27.2
1783951800.56,48.0,27.2
1783951801.586,48.0,27.2
1783951802.612,48.0,27.2
1783951803.645,48.0,27.2
1783951804.678,48.1,27.2
1783951805.71,48.1,27.2
1783951806.743,48.1,27.2
1783951807.776,48.1,27.2
1783951808.809,48.1,27.2
1783951809.842,48.1,27.2
1783951810.875,48.1,27.2
1783951811.908,48.2,27.2
1783951812.932,48.2,27.2
1783951813.964,48.2,27.2
1783951814.996,48.2,27.2
1783951816.028,48.2,27.2
1783951817.06,48.2,27.2
1783951818.084,48.2,27.2
1783951819.118,48.3,27.2
1783951820.152,48.2,27.2
1783951821.185,48.2,27.2
1783951822.217,48.3,27.2
1783951823.242,48.3,27.2
1783951824.266,48.4,27.2
1783951825.29,48.4,27.2
1783951826.314,48.5,27.2
1783951827.338,48.5,27.2
1783951828.362,48.5,27.2
1783951829.386,48.5,27.2
1783951830.418,48.5,27.2
1783951831.45,48.5,27.2
1783951832.483,48.6,27.2
1783951833.515,48.6,27.2
1783951834.538,48.6,27.2
1783951835.562,48.7,27.2
1783951836.604,48.7,27.2
1783951837.67,48.7,27.2
1783951838.704,48.7,27.2
1783951839.737,48.7,27.2
1783951840.77,48.7,27.2
1783951841.802,48.7,27.2
1783951842.827,48.7,27.2
1783951843.854,48.8,27.2
1783951844.887,48.8,27.2
1783951845.919,48.8,27.2
1783951846.951,48.8,27.2
1783951847.983,48.9,27.2
1783951849.007,48.9,27.2
1783951850.039,48.9,27.2
1783951851.071,48.9,27.2
1783951852.103,48.9,27.2
1783951853.135,48.9,27.2
1783951854.159,48.9,27.2
1783951855.191,49.0,27.2
1783951856.223,49.0,27.2
1783951857.255,49.1,27.2
1783951858.279,49.1,27.2
1783951859.303,49.2,27.2
1783951860.336,49.2,27.2
1783951861.361,49.2,27.2
1783951862.389,49.2,27.2
1783951863.413,49.3,27.2
1783951864.437,49.3,27.2
1783951865.47,49.3,27.2
1783951866.502,49.3,27.2
1783951867.531,49.3,27.2
1783951868.556,49.3,27.2
1783951869.58,49.3,27.2
1783951870.604,49.3,27.2
1783951871.628,49.3,27.2
1783951872.652,49.2,27.2
1783951873.676,49.2,27.2
1783951874.699,49.2,27.2
1783951875.723,49.2,27.2
1783951876.748,49.2,27.2
1783951877.772,49.2,27.2
1783951878.797,49.2,27.2
1783951879.83,49.2,27.2
1783951880.857,49.2,27.2
1783951881.885,49.1,27.2
1783951882.918,49.1,27.2
1783951883.951,49.2,27.2
1783951884.984,49.1,27.2
1783951886.017,49.1,27.2
1783951887.05,49.1,27.2
1783951888.083,49.1,27.2
1783951889.116,49.1,27.2
1783951890.148,49.1,27.2
1783951891.172,49.2,27.2
1783951892.196,49.1,27.2
1783951893.229,49.1,27.2
1783951894.261,49.1,27.2
1783951895.294,49.2,27.2
1783951896.33,49.2,27.2
1783951897.363,49.2,27.2
1783951898.395,49.1,27.2
1783951899.428,49.2,27.2
1783951900.453,49.2,27.2
1783951901.488,49.2,27.2
1783951902.518,49.2,27.2
1783951903.543,49.2,27.2
1783951904.576,49.2,27.2
1783951905.6,49.2,27.3
1783951906.634,49.3,27.2
1783951907.666,49.3,27.2
1783951908.691,49.3,27.2
1783951909.724,49.3,27.2
1783951910.748,49.3,27.2
1783951911.781,49.4,27.2
1783951912.814,49.4,27.2
1783951913.847,49.4,27.2
1783951914.88,49.4,27.3
1783951915.906,49.5,27.2
1783951916.938,49.5,27.2
1783951917.963,49.5,27.2
1783951918.987,49.5,27.2
1783951920.013,49.6,27.2
1783951921.04,49.6,27.2
1783951922.069,49.7,27.2
1783951923.094,49.7,27.2
1783951924.12,49.8,27.2
1783951925.154,49.9,27.2
1783951926.188,50.0,27.2
1783951927.222,50.1,27.3
1783951928.256,50.1,27.2
1783951929.29,50.2,27.2
1783951930.323,50.2,27.2
1783951931.358,50.2,27.2
1783951932.392,50.1,27.2
1783951933.416,50.2,27.2
1783951934.45,50.2,27.2
1783951935.484,50.2,27.2
1783951936.518,50.2,27.2
1783951937.553,50.1,27.3
1783951938.587,50.1,27.2
1783951939.622,50.1,27.2
1783951940.656,50.1,27.2
1783951941.692,50.1,27.2
1783951942.722,50.1,27.3
1783951943.748,50.0,27.2
1783951944.782,50.0,27.3
1783951945.816,50.0,27.2
1783951946.85,50.0,27.3
1783951947.885,50.0,27.3
1783951948.91,50.0,27.2
1783951949.946,50.0,27.2
1783951950.98,50.0,27.2
1783951952.015,50.0,27.2
1783951953.05,50.0,27.2
1783951954.084,50.0,27.2
1783951955.118,50.1,27.3
1783951956.152,50.1,27.3
1783951957.186,50.1,27.2
1783951958.22,50.2,27.2
1783951959.254,50.2,27.2
1783951960.288,50.2,27.2
1783951961.323,50.2,27.2
1783951962.362,50.3,27.2
1783951963.389,50.3,27.3
1783951964.416,50.3,27.2
1783951965.443,50.4,27.3
1783951966.468,50.4,27.2
1783951967.493,50.4,27.2
1783951968.519,50.5,27.2
1783951969.544,50.5,27.3
1783951970.577,50.5,27.2
1783951971.611,50.5,27.2
1783951972.645,50.6,27.2
1783951973.679,50.6,27.3
1783951974.714,50.6,27.3
1783951975.75,50.6,27.2
1783951976.784,50.6,27.3
1783951977.818,50.6,27.3
1783951978.853,50.6,27.3
1783951979.888,50.5,27.3
1783951980.922,50.5,27.3
1783951981.948,50.5,27.3
1783951982.985,50.5,27.3
1783951984.014,50.5,27.3
1783951985.041,50.5,27.2
1783951986.076,50.5,27.2
1783951987.11,50.5,27.3
1783951988.144,50.4,27.2
1783951989.178,50.5,27.2
1783951990.213,50.5,27.3
1783951991.248,50.4,27.3
1783951992.282,50.4,27.3
1783951993.317,50.5,27.3
1783951994.351,50.5,27.3
1783951995.385,50.4,27.2
1783951996.42,50.4,27.3
1783951997.454,50.4,27.3
1783951998.488,50.4,27.3
1783951999.522,50.4,27.2
1783952000.557,50.4,27.3
1783952001.591,50.4,27.3
1783952002.626,50.3,27.3
1783952003.662,50.3,27.3
1783952004.696,50.3,27.3
1783952005.725,50.3,27.3
1783952006.755,50.3,27.3
1783952007.78,50.3,27.3
1783952008.805,50.3,27.2
1783952009.828,50.3,27.2
1783952010.852,50.3,27.3
1783952011.876,50.3,27.3
1783952012.899,50.3,27.3
1783952013.924,50.3,27.2
1783952014.947,50.2,27.3
1783952015.971,50.3,27.3
1783952016.995,50.2,27.3
1783952018.027,50.2,27.3
1783952019.059,50.2,27.3
1783952020.083,50.1,27.3
1783952021.115,50.1,27.3
1783952022.14,50.1,27.3
1783952023.175,50.1,27.3
1783952024.205,50.1,27.2
1783952025.231,50.1,27.3
1783952026.263,50.1,27.3
1783952027.296,50.1,27.3
1783952028.328,50.1,27.3
1783952029.36,50.2,27.3
1783952030.393,50.2,27.3
1783952031.427,50.2,27.3
1783952032.46,50.2,27.3
1783952033.492,50.2,27.3
1783952034.525,50.2,27.3
1783952035.558,50.2,27.3
1783952036.59,50.2,27.3
1783952037.623,50.1,27.3
1783952038.656,50.1,27.3
1783952039.689,50.0,27.3
1783952040.713,49.9,27.3
1783952041.746,49.9,27.3
1783952042.779,49.9,27.3
1783952043.81,49.9,27.3
1783952044.839,49.9,27.3
1783952045.866,49.8,27.3
1783952046.891,49.9,27.3
1783952047.924,49.9,27.3
1783952048.948,49.8,27.3
1783952049.98,49.8,27.3
1783952051.013,49.8,27.3
1783952052.038,49.8,27.3
1783952053.07,49.8,27.3
1783952054.094,49.8,27.3
1783952055.127,49.7,27.3
1783952056.16,49.7,27.3
1783952057.184,49.7,27.3
1783952058.209,49.7,27.3
1783952059.234,49.7,27.3
1783952060.258,49.6,27.3
1783952061.282,49.6,27.3
1783952062.306,49.5,27.3
1783952063.331,49.5,27.3
1783952064.361,49.4,27.3
1783952065.385,49.4,27.3
1783952066.418,49.4,27.3
1783952067.451,49.4,27.3
1783952068.476,49.4,27.3
1783952069.5,49.3,27.3
1783952070.533,49.3,27.3
1783952071.566,49.3,27.3
1783952072.6,49.3,27.3
1783952073.633,49.3,27.3
1783952074.666,49.3,27.3
1783952075.7,49.3,27.3
1783952076.733,49.3,27.3
1783952077.771,49.3,27.3
1783952078.804,49.2,27.3
1783952079.828,49.2,27.3
1783952080.861,49.1,27.3
1783952081.886,49.0,27.3
1783952082.919,49.0,27.3
1783952083.954,48.9,27.3
1783952084.982,48.8,27.3
1783952086.007,48.8,27.3
1783952087.04,48.7,27.3
1783952088.073,48.7,27.3
1783952089.106,48.7,27.3
1783952090.139,48.7,27.3
1783952091.172,48.8,27.3
1783952092.205,48.8,27.3
1783952093.238,48.8,27.3
1783952094.272,48.8,27.3
1783952095.304,48.8,27.3
1783952096.329,48.7,27.3
1783952097.363,48.7,27.3
1783952098.396,48.6,27.3
1783952099.428,48.6,27.3
1783952100.452,48.5,27.3
1783952101.476,48.5,27.3
1783952102.5,48.5,27.3
1783952103.527,48.5,27.3
1783952104.558,48.5,27.3
1783952105.584,48.5,27.3
1783952106.608,48.4,27.3
1783952107.642,48.4,27.3
1783952108.667,48.3,27.3
1783952109.692,48.1,27.3
1783952110.716,48.1,27.3
1783952111.739,48.0,27.3
1783952112.763,48.0,27.3
1783952113.788,48.0,27.3
1783952114.811,48.0,27.3
1783952115.836,48.0,27.3
1783952116.86,48.0,27.3
1783952117.893,48.0,27.3
1783952118.927,48.0,27.3
1783952119.959,47.9,27.3
1783952120.992,48.0,27.3
1783952122.024,48.1,27.3
1783952123.059,48.1,27.3
1783952124.089,48.2,27.3
1783952125.113,48.2,27.3
1783952126.146,48.2,27.3
1783952127.178,48.3,27.3
1783952128.21,48.2,27.3
1783952129.243,48.3,27.3
1783952130.274,48.2,27.3
1783952131.307,48.2,27.3
1783952132.339,48.1,27.3
1783952133.372,48.1,27.3
1783952134.404,48.1,27.3
1783952135.437,48.1,27.3
1783952136.47,48.1,27.3
1783952137.503,48.1,27.3
1783952138.535,48.0,27.3
1783952139.568,48.0,27.3
1783952140.591,47.9,27.3
1783952141.615,47.9,27.3
1783952142.639,47.9,27.3
1783952143.666,47.9,27.3
1783952144.692,47.9,27.3
1783952145.716,47.8,27.3
1783952146.749,47.8,27.3
1783952147.781,47.8,27.3
1783952148.804,47.8,27.3
1783952149.836,47.8,27.3
1783952150.868,47.7,27.3
1783952151.9,47.7,27.3
1783952152.932,47.6,27.3
1783952153.956,47.5,27.3
1783952154.989,47.4,27.3
1783952156.022,47.4,27.3
1783952157.055,47.3,27.3
1783952158.087,47.3,27.3
1783952159.113,47.3,27.3
1783952160.136,47.3,27.3
1783952161.16,47.3,27.3
1783952162.184,47.4,27.3
1783952163.208,47.4,27.3
1783952164.232,47.4,27.3
1783952165.26,47.4,27.3
1783952166.286,47.4,27.3
1783952167.319,47.4,27.3
1783952168.352,47.4,27.3
1783952169.384,47.4,27.3
1783952170.418,47.4,27.3
1783952171.453,47.4,27.3
1783952172.487,47.5,27.3
1783952173.522,47.4,27.3
1783952174.555,47.4,27.3
1783952175.588,47.4,27.3
1783952176.622,47.4,27.3
1783952177.656,47.4,27.3
1783952178.689,47.4,27.3
1783952179.723,47.3,27.3
1783952180.757,47.3,27.3
1783952181.793,47.3,27.3
1783952182.827,47.3,27.3
1783952183.856,47.3,27.3
1783952184.883,47.3,27.3
1783952185.91,47.3,27.3
1783952186.935,47.4,27.3
1783952187.97,47.4,27.3
1783952189.004,47.4,27.3
1783952190.039,47.4,27.3
1783952191.064,47.4,27.3
1783952192.098,47.4,27.3
1783952193.132,47.3,27.3
1783952194.166,47.3,27.3
1783952195.2,47.2,27.3
1783952196.225,47.2,27.3
1783952197.258,47.2,27.3
1783952198.292,47.1,27.3
1783952199.326,47.0,27.3
1783952200.36,46.9,27.3
1783952201.394,46.9,27.3
1783952202.428,46.8,27.3
1783952203.462,46.7,27.3
1783952204.49,46.7,27.3
1783952205.516,46.7,27.3
1783952206.542,46.6,27.3
1783952207.567,46.6,27.3
1783952208.592,46.5,27.3
1783952209.617,46.6,27.3
1783952210.642,46.5,27.3
1783952211.668,46.5,27.3
1783952212.692,46.5,27.3
1783952213.719,46.5,27.3
1783952214.752,46.5,27.3
1783952215.787,46.5,27.3
1783952216.82,46.4,27.3
1783952217.854,46.4,27.3
1783952218.889,46.4,27.3
1783952219.923,46.3,27.3
1783952220.956,46.3,27.3
1783952221.99,46.3,27.3
1783952223.017,46.2,27.3
1783952224.045,46.2,27.3
1783952225.073,46.2,27.3
1783952226.107,46.1,27.3
1783952227.142,46.1,27.3
1783952228.167,46.2,27.3
1783952229.192,46.2,27.3
1783952230.217,46.3,27.3
1783952231.242,46.3,27.3
1783952232.277,46.3,27.3
1783952233.302,46.4,27.3
1783952234.336,46.3,27.3
1783952235.37,46.3,27.3
1783952236.405,46.3,27.3
1783952237.44,46.3,27.3
1783952238.465,46.3,27.3
1783952239.503,46.3,27.3
1783952240.537,46.3,27.3
1783952241.571,46.3,27.3
1783952242.607,46.2,27.3
1783952243.634,46.3,27.3
1783952244.66,46.2,27.3
1783952245.693,46.2,27.3
1783952246.727,46.2,27.3
1783952247.761,46.2,27.3
1783952248.796,46.2,27.3
1783952249.831,46.2,27.3
1783952250.856,46.1,27.3
1783952251.881,46.1,27.3
1783952252.915,46.1,27.2
1783952253.95,46.1,27.3
1783952254.985,46.1,27.3
1783952256.019,46.0,27.3
1783952257.053,46.0,27.3
1783952258.08,46.0,27.3
1783952259.105,45.9,27.3
1783952260.13,46.0,27.3
1783952261.156,45.9,27.2
1783952262.18,45.9,27.3
1783952263.207,45.9,27.3
1783952264.236,45.8,27.2
1783952265.262,45.8,27.3
1783952266.295,45.8,27.3
1783952267.328,45.8,27.3
1783952268.361,45.8,27.3
1783952269.385,45.8,27.3
1783952270.418,45.7,27.3
1783952271.452,45.7,27.3
1783952272.477,45.7,27.3
1783952273.501,45.6,27.3
1783952274.527,45.6,27.3
1783952275.552,45.6,27.3
1783952276.585,45.6,27.3
1783952277.618,45.6,27.3
1783952278.652,45.6,27.3
1783952279.677,45.6,27.3
1783952280.707,45.5,27.3
1783952281.741,45.5,27.3
1783952282.777,45.4,27.3
1783952283.806,45.3,27.3
1783952284.832,45.3,27.3
1783952285.865,45.3,27.3
1783952286.898,45.2,27.2
1783952287.933,45.3,27.3
1783952288.967,45.1,27.3
1783952290.002,45.2,27.2
1783952291.036,45.1,27.3
1783952292.07,45.0,27.3
1783952293.104,45.0,27.3
1783952294.139,45.0,27.3
1783952295.173,45.0,27.3
1783952296.207,45.0,27.3
1783952297.233,44.9,27.2
1783952298.266,44.9,27.2
1783952299.299,44.9,27.2
1783952300.332,44.9,27.3
1783952301.356,44.9,27.3
1783952302.381,44.9,27.3
1783952303.414,44.9,27.3
1783952304.448,44.8,27.2
1783952305.476,44.8,27.2
1783952306.502,44.8,27.3
1783952307.526,44.8,27.3
1783952308.559,44.8,27.3
1783952309.591,44.9,27.2
1783952310.626,44.9,27.3
1783952311.651,44.9,27.2
1783952312.676,44.9,27.3
1783952313.701,45.0,27.2
1783952314.726,44.9,27.2
1783952315.752,44.9,27.3
1783952316.776,44.9,27.2
1783952317.801,44.9,27.3
1783952318.826,44.9,27.3
1783952319.852,44.9,27.2
1783952320.886,44.9,27.2
1783952321.911,44.9,27.2
1783952322.945,44.9,27.2
1783952323.974,44.9,27.3
1783952325.004,44.9,27.2
1783952326.038,44.9,27.3
1783952327.072,44.9,27.2
1783952328.106,45.0,27.2
1783952329.14,45.0,27.2
1783952330.174,45.0,27.2
1783952331.208,45.0,27.2
1783952332.233,45.1,27.2
1783952333.268,45.1,27.2
1783952334.302,45.1,27.2
1783952335.336,45.1,27.2
1783952336.372,45.1,27.2
1783952337.406,45.1,27.3
1783952338.431,45.1,27.2
1783952339.465,45.1,27.2
1783952340.499,45.1,27.2
1783952341.535,45.2,27.2
1783952342.565,45.2,27.2
1783952343.599,45.3,27.2
1783952344.626,45.3,27.2
1783952345.651,45.4,27.2
1783952346.675,45.5,27.2
1783952347.7,45.5,27.2
1783952348.734,45.6,27.2
1783952349.768,45.6,27.2
1783952350.792,45.6,27.2
1783952351.826,45.7,27.2
1783952352.86,45.7,27.2
1783952353.896,45.7,27.2
1783952354.92,45.7,27.2
1783952355.944,45.7,27.2
1783952356.977,45.7,27.2
1783952358.002,45.8,27.2
1783952359.034,45.8,27.2
1783952360.059,45.8,27.2
1783952361.083,45.8,27.2
1783952362.108,45.8,27.2
1783952363.146,45.9,27.2
1783952364.176,45.9,27.2
1783952365.201,45.9,27.2
1783952366.231,46.0,27.2
1783952367.255,46.1,27.2
1783952368.279,46.2,27.2
1783952369.303,46.3,27.2
1783952370.326,46.3,27.2
1783952371.349,46.3,27.2
1783952372.373,46.3,27.2
1783952373.397,46.4,27.2
1783952374.421,46.4,27.2
1783952375.453,46.4,27.2
1783952376.484,46.4,27.2
1783952377.516,46.5,27.2
1783952378.549,46.5,27.2
1783952379.581,46.4,27.2
1783952380.613,46.4,27.2
1783952381.646,46.5,27.2
1783952382.679,46.4,27.2
1783952383.712,46.4,27.2
1783952384.737,46.4,27.2
1783952385.77,46.5,27.2
1783952386.803,46.5,27.2
1783952387.836,46.5,27.2
1783952388.87,46.5,27.2
1783952389.903,46.5,27.2
1783952390.936,46.6,27.2
1783952391.968,46.6,27.2
1783952393.001,46.7,27.2
1783952394.034,46.7,27.2
1783952395.067,46.7,27.2
1783952396.1,46.7,27.2
1783952397.124,46.7,27.2
1783952398.151,46.7,27.2
1783952399.184,46.7,27.2
1783952400.217,46.7,27.2
1783952401.242,46.7,27.2
1783952402.267,46.7,27.2
1783952403.294,46.7,27.2
1783952404.324,46.7,27.2
1783952405.352,46.6,27.2
1783952406.385,46.6,27.2
1783952407.409,46.7,27.2
1783952408.442,46.7,27.2
1783952409.475,46.7,27.2
1783952410.508,46.8,27.2
1783952411.534,46.8,27.2
1783952412.559,46.8,27.2
1783952413.592,46.8,27.2
1783952414.625,46.9,27.2
1783952415.658,46.9,27.2
1783952416.691,46.9,27.2
1783952417.724,47.0,27.2
1783952418.757,47.0,27.2
1783952419.781,47.0,27.2
1783952420.804,47.0,27.2
1783952421.828,47.0,27.2
1783952422.852,47.0,27.2
1783952423.881,47.0,27.2
1783952424.909,47.0,27.2
1783952425.934,47.0,27.2
1783952426.958,47.1,27.2
1783952427.984,47.1,27.2
1783952429.016,47.1,27.2
1783952430.049,47.1,27.2
1783952431.082,47.2,27.2
1783952432.115,47.1,27.2
1783952433.147,47.2,27.2
1783952434.18,47.2,27.2
1783952435.214,47.2,27.2
1783952436.248,47.3,27.2
1783952437.298,47.3,27.2
1783952438.405,47.4,27.2
1783952439.439,47.4,27.2
1783952440.472,47.4,27.2
1783952441.507,47.4,27.2
1783952442.532,47.4,27.2
1783952443.558,47.4,27.2
1783952444.592,47.5,27.2
1783952445.628,47.5,27.2
1783952446.655,47.5,27.2
1783952447.68,47.5,27.2
1783952448.714,47.5,27.2
1783952449.747,47.5,27.2
1783952450.772,47.5,27.2
1783952451.796,47.6,27.2
1783952452.821,47.6,27.2
1783952453.854,47.6,27.2
1783952454.888,47.6,27.2
1783952455.922,47.6,27.2
1783952456.956,47.6,27.2
1783952457.982,47.6,27.2
1783952459.016,47.7,27.2
1783952460.049,47.7,27.2
1783952461.082,47.7,27.2
1783952462.114,47.8,27.2
1783952463.146,47.8,27.2
1783952464.17,47.8,27.2
1783952465.203,47.8,27.2
1783952466.237,47.8,27.2
1783952467.263,47.8,27.2
1783952468.298,47.8,27.2
1783952469.322,47.8,27.2
1783952470.345,47.8,27.2
1783952471.368,47.8,27.2
1783952472.392,47.8,27.2
1783952473.416,47.8,27.2
1783952474.439,47.7,27.2
1783952475.463,47.8,27.2
1783952476.489,47.8,27.2
1783952477.522,47.8,27.2
1783952478.556,47.8,27.2
1783952479.581,47.8,27.2
1783952480.617,47.8,27.2
1783952481.653,47.9,27.2
1783952482.687,47.9,27.2
1783952483.721,48.0,27.2
1783952484.756,48.0,27.2
1783952485.793,48.0,27.2
1783952486.819,48.1,27.2
1783952487.85,48.1,27.2
1783952488.875,48.1,27.2
1783952489.91,48.2,27.2
1783952490.944,48.2,27.2
1783952491.978,48.2,27.2
1783952493.004,48.2,27.2
1783952494.03,48.2,27.2
1783952495.055,48.2,27.2
1783952496.08,48.2,27.2
1783952497.125,48.3,27.2
1783952498.158,48.3,27.2
1783952499.192,48.4,27.2
1783952500.226,48.4,27.2
1783952501.26,48.4,27.2
1783952502.295,48.4,27.2
1783952503.32,48.4,27.2
1783952504.353,48.5,27.2
1783952505.389,48.5,27.2
1783952506.418,48.5,27.2
1783952507.447,48.5,27.2
1783952508.481,48.5,27.2
1783952509.516,48.5,27.2
1783952510.549,48.5,27.2
1783952511.573,48.5,27.2
1783952512.607,48.5,27.2
1783952513.64,48.6,27.2
1783952514.674,48.6,27.2
1783952515.708,48.6,27.2
1783952516.733,48.6,27.2
1783952517.768,48.6,27.2
1783952518.8,48.6,27.2
1783952519.834,48.6,27.2
1783952520.869,48.6,27.2
1783952521.904,48.6,27.2
1783952522.929,48.6,27.2
1783952523.955,48.6,27.2
1783952524.984,48.7,27.2
1783952526.009,48.7,27.2
1783952527.038,48.7,27.2
1783952528.065,48.7,27.2
1783952529.089,48.8,27.2
1783952530.114,48.9,27.2
1783952531.14,48.9,27.2
1783952532.174,49.0,27.2
1783952533.2,49.0,27.2
1783952534.234,49.1,27.2
1783952535.268,49.1,27.2
1783952536.301,49.1,27.2
1783952537.335,49.1,27.2
1783952538.36,49.2,27.2
1783952539.385,49.1,27.2
1783952540.409,49.1,27.2
1783952541.433,49.1,27.2
1783952542.465,49.1,27.2
1783952543.499,49.0,27.2
1783952544.533,49.0,27.2
1783952545.559,49.1,27.2
1783952546.585,49.1,27.2
1783952547.619,49.2,27.2
1783952548.653,49.2,27.2
1783952549.686,49.2,27.2
1783952550.711,49.2,27.2
1783952551.746,49.2,27.2
1783952552.781,49.3,27.2
1783952553.816,49.3,27.2
1783952554.85,49.3,27.2
1783952555.875,49.3,27.2
1783952556.9,49.3,27.2
1783952557.934,49.3,27.2
1783952558.959,49.4,27.2
1783952559.994,49.3,27.2
1783952561.02,49.4,27.2
1783952562.055,49.4,27.2
1783952563.089,49.3,27.2
1783952564.124,49.3,27.2
1783952565.157,49.3,27.2
1783952566.19,49.3,27.2
1783952567.215,49.3,27.2
1783952568.24,49.3,27.2
1783952569.275,49.3,27.2
1783952570.309,49.3,27.2
1783952571.343,49.3,27.2
1783952572.377,49.2,27.2
1783952573.412,49.2,27.2
1783952574.447,49.2,27.2
1783952575.482,49.2,27.2
1783952576.516,49.3,27.2
1783952577.55,49.2,27.2
1783952578.575,49.2,27.2
1783952579.6,49.3,27.2
1783952580.625,49.3,27.2
1783952581.65,49.4,27.2
1783952582.678,49.4,27.2
1783952583.705,49.4,27.2
1783952584.732,49.4,27.2
1783952585.767,49.5,27.2
1783952586.795,49.5,27.2
1783952587.82,49.6,27.2
1783952588.846,49.6,27.2
1783952589.871,49.6,27.2
1783952590.905,49.6,27.2
1783952591.94,49.7,27.2
1783952592.974,49.7,27.2
1783952594.008,49.7,27.2
1783952595.043,49.7,27.2
1783952596.077,49.7,27.2
1783952597.111,49.7,27.2
1783952598.146,49.7,27.2
1783952599.18,49.7,27.2
1783952600.215,49.7,27.2
1783952601.25,49.7,27.2
1783952602.284,49.8,27.3
1783952603.318,49.8,27.2
1783952604.353,49.9,27.2
1783952605.387,49.9,27.3
1783952606.422,49.9,27.2
1783952607.457,49.9,27.2
1783952608.484,50.0,27.2
1783952609.511,50.0,27.2
1783952610.546,50.0,27.2
1783952611.571,50.0,27.2
1783952612.606,50.0,27.3
1783952613.639,50.1,27.2
1783952614.673,50.1,27.3
1783952615.708,50.1,27.2
1783952616.742,50.1,27.2
1783952617.776,50.1,27.2
1783952618.81,50.1,27.3
1783952619.843,50.1,27.2
1783952620.878,50.1,27.2
1783952621.912,50.1,27.2
1783952622.937,50.1,27.3
1783952623.972,50.1,27.2
1783952625.007,50.1,27.3
1783952626.041,50.1,27.2
1783952627.075,50.1,27.3
1783952628.107,50.1,27.2
1783952629.134,50.1,27.3
1783952630.159,50.0,27.2
1783952631.184,50.1,27.2
1783952632.212,50.1,27.3
1783952633.239,50.0,27.3
1783952634.272,50.0,27.2
1783952635.305,50.0,27.3
1783952636.338,50.1,27.3
1783952637.371,50.1,27.2
1783952638.404,50.1,27.3
1783952639.439,50.1,27.3
1783952640.472,50.1,27.3
1783952641.505,50.1,27.3
1783952642.538,50.1,27.3
1783952643.571,50.1,27.3
1783952644.604,50.1,27.3
1783952645.637,50.1,27.3
1783952646.669,50.1,27.3
1783952647.695,50.1,27.3
1783952648.722,50.1,27.2
1783952649.748,50.1,27.3
1783952650.781,50.0,27.3
1783952651.813,50.0,27.2
1783952652.845,50.0,27.3
1783952653.878,50.0,27.3
1783952654.91,50.1,27.3
1783952655.943,50.1,27.3
1783952656.976,50.1,27.3
1783952658.008,50.0,27.3
1783952659.041,50.0,27.3
1783952660.074,50.0,27.3
1783952661.107,50.0,27.3
1783952662.139,50.0,27.3
1783952663.172,50.0,27.3
1783952664.204,50.0,27.3
1783952665.236,50.0,27.3
1783952666.269,49.9,27.3
1783952667.301,50.0,27.3
1783952668.334,50.0,27.3
1783952669.361,50.0,27.3
1783952670.386,49.9,27.3
1783952671.419,50.0,27.3
1783952672.452,50.0,27.3
1783952673.476,50.0,27.3
1783952674.501,50.0,27.3
1783952675.526,50.0,27.3
1783952676.55,50.0,27.3
1783952677.574,50.0,27.3
1783952678.598,50.0,27.3
1783952679.631,50.0,27.3
1783952680.664,50.0,27.3
1783952681.697,50.0,27.3
1783952682.73,50.0,27.3
1783952683.763,50.0,27.3
1783952684.796,50.0,27.3
1783952685.828,50.0,27.3
1783952686.861,50.0,27.3
1783952687.895,50.0,27.3
1783952688.923,50.0,27.3
1783952689.951,49.9,27.3
1783952690.976,49.9,27.3
1783952692.009,49.9,27.3
1783952693.042,49.9,27.3
1783952694.075,49.9,27.3
1783952695.108,49.9,27.3
1783952696.132,49.9,27.3
1783952697.165,49.9,27.3
1783952698.198,49.9,27.3
1783952699.23,49.8,27.3
1783952700.262,49.8,27.3
1783952701.286,49.8,27.3
1783952702.319,49.8,27.3
1783952703.351,49.8,27.3
1783952704.375,49.8,27.3
1783952705.408,49.7,27.3
1783952706.432,49.7,27.3
1783952707.465,49.7,27.3
1783952708.498,49.7,27.3
1783952709.524,49.7,27.3
1783952710.552,49.7,27.3
1783952711.585,49.7,27.3
1783952712.618,49.7,27.3
1783952713.652,49.7,27.3
1783952714.685,49.6,27.3
1783952715.718,49.6,27.3
1783952716.751,49.5,27.3
1783952717.784,49.5,27.3
1783952718.809,49.4,27.3
1783952719.836,49.3,27.3
1783952720.861,49.3,27.3
1783952721.885,49.3,27.3
1783952722.911,49.3,27.3
1783952723.935,49.3,27.3
1783952724.96,49.3,27.3
1783952725.986,49.3,27.3
1783952727.021,49.3,27.3
1783952728.056,49.2,27.3
1783952729.083,49.2,27.3
1783952730.111,49.1,27.3
1783952731.144,49.1,27.3
1783952732.177,49.1,27.3
1783952733.21,49.1,27.3
1783952734.243,49.1,27.3
1783952735.276,49.0,27.3
1783952736.309,48.9,27.3
1783952737.342,48.8,27.3
1783952738.368,48.8,27.3
1783952739.392,48.8,27.3
1783952740.425,48.8,27.3
1783952741.458,48.8,27.3
1783952742.492,48.8,27.3
1783952743.517,48.8,27.3
1783952744.55,48.8,27.3
1783952745.583,48.8,27.3
1783952746.616,48.8,27.3
1783952747.651,48.7,27.3
1783952748.679,48.6,27.3
1783952749.708,48.6,27.3
1783952750.733,48.6,27.3
1783952751.768,48.6,27.3
1783952752.802,48.6,27.3
1783952753.837,48.5,27.3
1783952754.871,48.5,27.3
1783952755.906,48.4,27.3
1783952756.94,48.4,27.3
1783952757.975,48.4,27.3
1783952759.01,48.4,27.3
1783952760.044,48.4,27.3
1783952761.071,48.4,27.3
1783952762.096,48.3,27.3
1783952763.122,48.3,27.3
1783952764.147,48.2,27.3
1783952765.178,48.1,27.3
1783952766.203,48.0,27.3
1783952767.238,48.0,27.3
1783952768.266,47.9,27.3
1783952769.293,47.9,27.3
1783952770.321,47.9,27.3
1783952771.349,47.9,27.3
1783952772.375,48.0,27.3
1783952773.401,48.0,27.3
1783952774.427,48.1,27.3
1783952775.46,48.1,27.3
1783952776.495,48.1,27.3
1783952777.529,48.1,27.3
1783952778.564,48.2,27.3
1783952779.589,48.2,27.3
1783952780.615,48.2,27.3
1783952781.648,48.2,27.3
1783952782.682,48.1,27.3
1783952783.717,48.1,27.3
1783952784.743,48.0,27.3
1783952785.768,48.0,27.3
1783952786.802,48.0,27.3
1783952787.837,47.9,27.3
1783952788.873,47.9,27.3
1783952789.898,47.9,27.3
1783952790.925,47.9,27.3
1783952791.959,47.9,27.3
1783952792.983,47.9,27.3
1783952794.017,47.8,27.3
1783952795.051,47.8,27.3
1783952796.085,47.8,27.3
1783952797.119,47.7,27.3
1783952798.154,47.7,27.3
1783952799.188,47.7,27.3
1783952800.222,47.7,27.3
1783952801.257,47.7,27.3
1783952802.291,47.7,27.3
1783952803.319,47.7,27.3
1783952804.344,47.6,27.3
1783952805.369,47.6,27.3
1783952806.393,47.6,27.3
1783952807.423,47.6,27.3
1783952808.458,47.6,27.3
1783952809.486,47.6,27.3
1783952810.518,47.6,27.3
1783952811.561,47.5,27.3
1783952812.595,47.5,27.3
1783952813.629,47.5,27.3
1783952814.662,47.5,27.3
1783952815.688,47.5,27.3
1783952816.712,47.4,27.3
1783952817.737,47.4,27.3
1783952818.763,47.3,27.3
1783952819.787,47.3,27.3
1783952820.812,47.3,27.3
1783952821.846,47.3,27.3
1783952822.872,47.3,27.3
1783952823.896,47.3,27.3
1783952824.929,47.3,27.3
1783952825.962,47.3,27.3
1783952826.987,47.3,27.3
1783952828.011,47.2,27.3
1783952829.036,47.3,27.3
1783952830.062,47.2,27.3
1783952831.095,47.2,27.3
1783952832.12,47.2,27.3
1783952833.144,47.3,27.3
1783952834.177,47.3,27.3
1783952835.21,47.3,27.3
1783952836.244,47.3,27.3
1783952837.276,47.2,27.3
1783952838.308,47.2,27.3
1783952839.34,47.1,27.3
1783952840.372,47.1,27.3
1783952841.404,47.1,27.3
1783952842.436,47.0,27.3
1783952843.469,46.9,27.3
1783952844.502,46.9,27.3
1783952845.526,46.9,27.3
1783952846.551,46.9,27.3
1783952847.578,46.8,27.3
1783952848.608,46.9,27.3
1783952849.634,46.8,27.3
1783952850.668,46.8,27.3
1783952851.701,46.8,27.3
1783952852.735,46.8,27.3
1783952853.768,46.8,27.3
1783952854.801,46.7,27.3
1783952855.835,46.8,27.3
1783952856.87,46.7,27.3
1783952857.903,46.7,27.3
1783952858.928,46.7,27.3
1783952859.953,46.6,27.3
1783952860.979,46.6,27.3
1783952862.004,46.6,27.3
1783952863.029,46.6,27.3
1783952864.055,46.5,27.3
1783952865.08,46.6,27.3
1783952866.104,46.6,27.3
1783952867.135,46.6,27.3
1783952868.165,46.5,27.3
1783952869.192,46.6,27.3
1783952870.217,46.6,27.3
1783952871.242,46.6,27.3
1783952872.268,46.6,27.3
1783952873.292,46.6,27.3
1783952874.316,46.6,27.3
1783952875.34,46.5,27.3
1783952876.375,46.6,27.3
1783952877.41,46.5,27.3
1783952878.435,46.5,27.3
1783952879.46,46.5,27.3
1783952880.485,46.4,27.3
1783952881.519,46.3,27.3
1783952882.554,46.3,27.3
1783952883.58,46.3,27.3
1783952884.608,46.3,27.3
1783952885.638,46.3,27.3
1783952886.666,46.3,27.3
1783952887.696,46.4,27.3
1783952888.722,46.4,27.3
1783952889.751,46.4,27.3
1783952890.775,46.4,27.3
1783952891.81,46.4,27.3
1783952892.843,46.4,27.3
1783952893.875,46.4,27.3
1783952894.91,46.3,27.3
1783952895.943,46.3,27.3
1783952896.978,46.3,27.3
1783952898.012,46.3,27.3
1783952899.046,46.3,27.3
1783952900.081,46.3,27.3
1783952901.116,46.4,27.3
1783952902.151,46.3,27.3
1783952903.184,46.3,27.3
1783952904.217,46.3,27.3
1783952905.25,46.4,27.3
1783952906.283,46.4,27.3
1783952907.316,46.3,27.2
1783952908.345,46.3,27.3
1783952909.379,46.3,27.3
1783952910.413,46.2,27.3
1783952911.438,46.1,27.3
1783952912.463,46.0,27.3
1783952913.497,46.0,27.3
1783952914.531,45.9,27.3
1783952915.566,45.9,27.3
1783952916.6,45.8,27.3
1783952917.635,45.9,27.3
1783952918.669,45.8,27.2
1783952919.705,45.8,27.3
1783952920.731,45.8,27.3
1783952921.756,45.8,27.3
1783952922.781,45.8,27.3
1783952923.807,45.9,27.3
1783952924.832,45.8,27.3
1783952925.86,45.8,27.3
1783952926.888,45.9,27.3
1783952927.917,45.9,27.3
1783952928.946,45.8,27.3
1783952929.98,45.8,27.3
1783952931.014,45.9,27.3
1783952932.049,45.9,27.2
1783952933.083,45.9,27.2
1783952934.117,45.9,27.2
1783952935.143,45.9,27.3
1783952936.168,45.9,27.3
1783952937.193,45.8,27.3
1783952938.229,45.8,27.3
1783952939.263,45.8,27.3
1783952940.298,45.8,27.2
1783952941.333,45.7,27.3
1783952942.367,45.7,27.2
1783952943.397,45.7,27.3
1783952944.431,45.7,27.2
1783952945.466,45.7,27.3
1783952946.5,45.7,27.3
1783952947.529,45.6,27.3
1783952948.554,45.6,27.2
1783952949.588,45.6,27.3
1783952950.622,45.6,27.2
1783952951.647,45.5,27.2
1783952952.673,45.5,27.2
1783952953.699,45.5,27.3
1783952954.733,45.4,27.3
1783952955.768,45.4,27.3
1783952956.793,45.5,27.2
1783952957.818,45.4,27.2
1783952958.843,45.4,27.3
1783952959.868,45.4,27.2
1783952960.903,45.4,27.2
1783952961.929,45.4,27.2
1783952962.964,45.3,27.2
1783952963.998,45.3,27.2
1783952965.033,45.3,27.3
1783952966.067,45.3,27.3
1783952967.102,45.2,27.2
1783952968.133,45.2,27.2
1783952969.159,45.2,27.2
1783952970.193,45.1,27.3
1783952971.227,45.1,27.2
1783952972.261,45.1,27.3
1783952973.294,45.1,27.2
1783952974.319,45.1,27.2
1783952975.345,45.1,27.2
1783952976.37,45.1,27.2
1783952977.395,45.1,27.2
1783952978.42,45.1,27.2
1783952979.447,45.1,27.2
1783952980.473,45.0,27.3
1783952981.507,45.0,27.3
1783952982.541,45.0,27.2
1783952983.575,45.1,27.3
1783952984.61,45.0,27.2
1783952985.644,45.0,27.2
1783952986.679,45.0,27.2
1783952987.712,45.0,27.2
1783952988.738,45.1,27.2
1783952989.772,45.1,27.2
1783952990.807,45.1,27.2
1783952991.832,45.1,27.2
1783952992.865,45.2,27.2
1783952993.898,45.2,27.2
1783952994.93,45.3,27.2
1783952995.954,45.4,27.2
1783952996.987,45.4,27.3
1783952998.02,45.5,27.2
1783952999.053,45.5,27.2
1783953000.078,45.6,27.2
1783953001.102,45.7,27.2
1783953002.134,45.7,27.2
1783953003.158,45.8,27.2
1783953004.191,45.7,27.2
1783953005.224,45.7,27.2
1783953006.257,45.8,27.2
1783953007.283,45.8,27.2
1783953008.313,45.8,27.2
1783953009.342,45.8,27.2
1783953010.374,45.8,27.2
1783953011.408,45.9,27.2
1783953012.44,45.8,27.2
1783953013.475,45.8,27.2
1783953014.509,45.8,27.2
1783953015.543,45.8,27.2
1783953016.578,45.8,27.2
1783953017.612,45.9,27.2
1783953018.646,45.9,27.2
1783953019.68,45.9,27.2
1783953020.715,45.9,27.2
1783953021.74,46.0,27.2
1783953022.774,46.0,27.2
1783953023.809,46.1,27.2
1783953024.837,46.1,27.2
1783953025.862,46.2,27.2
1783953026.887,46.2,27.2
1783953027.915,46.2,27.2
1783953028.945,46.2,27.2
1783953029.971,46.3,27.2
1783953030.998,46.3,27.2
1783953032.024,46.2,27.2
1783953033.049,46.3,27.2
1783953034.083,46.3,27.2
1783953035.117,46.3,27.2
1783953036.152,46.3,27.2
1783953037.177,46.3,27.2
1783953038.223,46.3,27.2
1783953039.346,46.3,27.2
1783953040.376,46.3,27.2
1783953041.406,46.2,27.2
1783953042.431,46.3,27.2
1783953043.456,46.4,27.2
1783953044.49,46.4,27.2
1783953045.525,46.4,27.2
1783953046.559,46.5,27.2
1783953047.587,46.5,27.2
1783953048.62,46.6,27.2
1783953049.645,46.6,27.2
1783953050.68,46.7,27.2
1783953051.714,46.7,27.2
1783953052.739,46.7,27.2
1783953053.764,46.8,27.2
1783953054.799,46.8,27.2
1783953055.834,46.8,27.2
1783953056.868,46.9,27.2
1783953057.894,46.9,27.2
1783953058.918,46.9,27.2
1783953059.951,47.0,27.2
1783953060.984,47.0,27.2
1783953062.017,47.0,27.2
1783953063.042,47.0,27.2
1783953064.066,47.1,27.2
1783953065.099,47.1,27.2
1783953066.132,47.1,27.2
1783953067.167,47.2,27.2
1783953068.197,47.2,27.2
1783953069.222,47.2,27.2
1783953070.246,47.3,27.2
1783953071.27,47.3,27.2
1783953072.294,47.3,27.2
1783953073.327,47.3,27.2
1783953074.359,47.3,27.2
1783953075.392,47.3,27.2
1783953076.424,47.4,27.2
1783953077.457,47.4,27.2
1783953078.492,47.4,27.2
1783953079.526,47.4,27.2
1783953080.555,47.4,27.2
1783953081.58,47.4,27.2
1783953082.605,47.4,27.2
1783953083.63,47.4,27.2
1783953084.655,47.4,27.2
1783953085.68,47.4,27.2
1783953086.711,47.4,27.2
1783953087.744,47.4,27.2
1783953088.771,47.5,27.2
1783953089.806,47.5,27.2
1783953090.84,47.6,27.2
1783953091.875,47.6,27.2
1783953092.9,47.7,27.2
1783953093.935,47.7,27.2
1783953094.969,47.7,27.2
1783953096.004,47.7,27.2
1783953097.038,47.8,27.2
1783953098.073,47.8,27.2
1783953099.098,47.8,27.2
1783953100.132,47.8,27.2
1783953101.165,47.8,27.2
1783953102.198,47.7,27.2
1783953103.231,47.7,27.2
1783953104.265,47.7,27.2
1783953105.298,47.7,27.2
1783953106.332,47.7,27.2
1783953107.366,47.7,27.2
1783953108.401,47.7,27.2
1783953109.432,47.7,27.2
1783953110.458,47.7,27.2
1783953111.491,47.8,27.2
1783953112.525,47.8,27.2
1783953113.559,47.9,27.2
1783953114.583,48.0,27.2
1783953115.608,48.0,27.2
1783953116.633,48.1,27.2
1783953117.658,48.1,27.2
1783953118.692,48.1,27.2
1783953119.725,48.1,27.2
1783953120.751,48.1,27.2
1783953121.785,48.1,27.2
1783953122.819,48.1,27.2
1783953123.852,48.1,27.2
1783953124.886,48.1,27.2
1783953125.92,48.1,27.2
1783953126.946,48.1,27.2
1783953127.981,48.1,27.2
1783953129.006,48.1,27.2
1783953130.037,48.1,27.2
1783953131.062,48.0,27.2
1783953132.087,48.1,27.2
1783953133.117,48.1,27.2
1783953134.143,48.1,27.2
1783953135.168,48.2,27.2
1783953136.193,48.3,27.2
1783953137.219,48.3,27.2
1783953138.244,48.4,27.2
1783953139.27,48.5,27.2
1783953140.296,48.5,27.2
1783953141.321,48.6,27.2
1783953142.347,48.6,27.2
1783953143.383,48.6,27.2
1783953144.407,48.7,27.2
1783953145.441,48.7,27.2
1783953146.471,48.7,27.2
1783953147.497,48.7,27.2
1783953148.523,48.7,27.2
1783953149.557,48.7,27.2
1783953150.592,48.7,27.2
1783953151.62,48.7,27.2
1783953152.646,48.7,27.2
1783953153.671,48.7,27.2
1783953154.707,48.7,27.2
1783953155.734,48.7,27.2
1783953156.759,48.8,27.2
1783953157.784,48.8,27.2
1783953158.81,48.8,27.2
1783953159.835,48.7,27.2
1783953160.869,48.7,27.2
1783953161.903,48.8,27.2
1783953162.938,48.7,27.2
1783953163.972,48.7,27.2
1783953165.007,48.7,27.2
1783953166.043,48.7,27.2
1783953167.073,48.7,27.2
1783953168.099,48.7,27.2
1783953169.134,48.7,27.2
1783953170.168,48.7,27.2
1783953171.194,48.7,27.2
1783953172.227,48.8,27.2
1783953173.26,48.8,27.2
1783953174.293,48.8,27.2
1783953175.326,48.9,27.2
1783953176.359,49.0,27.2
1783953177.392,49.0,27.2
1783953178.424,49.0,27.2
1783953179.456,49.1,27.2
1783953180.489,49.1,27.2
1783953181.522,49.1,27.2
1783953182.558,49.2,27.2
1783953183.582,49.2,27.2
1783953184.607,49.2,27.2
1783953185.632,49.2,27.2
1783953186.658,49.2,27.2
1783953187.688,49.2,27.2
1783953188.714,49.2,27.2
1783953189.738,49.2,27.2
1783953190.77,49.2,27.2
1783953191.803,49.2,27.2
1783953192.836,49.2,27.2
1783953193.868,49.2,27.2
1783953194.9,49.2,27.2
1783953195.933,49.2,27.2
1783953196.965,49.2,27.2
1783953197.997,49.3,27.2
1783953199.03,49.2,27.2
1783953200.062,49.2,27.2
1783953201.094,49.2,27.2
1783953202.127,49.2,27.2
1783953203.159,49.2,27.2
1783953204.183,49.2,27.2
1783953205.207,49.2,27.2
1783953206.231,49.2,27.2
1783953207.258,49.2,27.2
1783953208.285,49.2,27.2
1783953209.318,49.2,27.2
1783953210.342,49.2,27.2
1783953211.375,49.2,27.2
1783953212.411,49.2,27.2
1783953213.446,49.2,27.2
1783953214.481,49.3,27.2
1783953215.515,49.3,27.2
1783953216.549,49.4,27.2
1783953217.588,49.4,27.2
1783953218.624,49.5,27.2
1783953219.649,49.5,27.2
1783953220.674,49.5,27.2
1783953221.709,49.6,27.2
1783953222.743,49.6,27.2
1783953223.777,49.6,27.2
1783953224.803,49.6,27.2
1783953225.829,49.7,27.2
1783953226.854,49.7,27.2
1783953227.883,49.7,27.2
1783953228.909,49.6,27.2
1783953229.937,49.6,27.2
1783953230.962,49.7,27.2
1783953231.987,49.7,27.2
1783953233.012,49.7,27.2
1783953234.038,49.7,27.2
1783953235.063,49.7,27.2
1783953236.088,49.7,27.2
1783953237.122,49.7,27.2
1783953238.156,49.7,27.2
1783953239.19,49.7,27.2
1783953240.224,49.6,27.2
1783953241.258,49.6,27.2
1783953242.292,49.7,27.2
1783953243.326,49.7,27.2
1783953244.359,49.7,27.2
1783953245.394,49.7,27.2
1783953246.429,49.7,27.2
1783953247.454,49.8,27.2
1783953248.479,49.9,27.2
1783953249.504,49.9,27.2
1783953250.529,50.0,27.2
1783953251.563,50.1,27.2
1783953252.596,50.1,27.2
1783953253.63,50.1,27.2
1783953254.663,50.1,27.2
1783953255.697,50.1,27.2
1783953256.73,50.1,27.2
1783953257.764,50.2,27.2
1783953258.797,50.2,27.2
1783953259.832,50.2,27.2
1783953260.866,50.2,27.2
1783953261.892,50.2,27.2
1783953262.917,50.2,27.2
1783953263.952,50.2,27.2
1783953264.986,50.2,27.2
1783953266.023,50.2,27.2
1783953267.053,50.3,27.2
1783953268.08,50.2,27.2
1783953269.115,50.3,27.2
1783953270.149,50.2,27.2
1783953271.183,50.2,27.2
1783953272.21,50.3,27.2
1783953273.244,50.2,27.2
1783953274.278,50.3,27.2
1783953275.302,50.3,27.2
1783953276.337,50.3,27.2
1783953277.362,50.4,27.2
1783953278.387,50.4,27.2
1783953279.412,50.5,27.2
1783953280.437,50.5,27.2
1783953281.462,50.6,27.2
1783953282.487,50.6,27.2
1783953283.513,50.6,27.2
1783953284.538,50.6,27.2
1783953285.571,50.6,27.2
1783953286.6,50.6,27.2
1783953287.631,50.7,27.2
1783953288.665,50.7,27.2
1783953289.7,50.7,27.2
1783953290.726,50.7,27.2
1783953291.751,50.8,27.2
1783953292.776,50.7,27.2
1783953293.804,50.7,27.2
1783953294.838,50.8,27.2
1783953295.872,50.8,27.2
1783953296.906,50.8,27.2
1783953297.939,50.7,27.2
1783953298.974,50.7,27.2
1783953300.001,50.8,27.2
1783953301.035,50.7,27.2
1783953302.07,50.7,27.2
1783953303.104,50.7,27.2
1783953304.129,50.7,27.2
1783953305.156,50.7,27.2
1783953306.186,50.7,27.2
1783953307.212,50.6,27.2
1783953308.246,50.6,27.2
1783953309.27,50.7,27.2
1783953310.295,50.6,27.2
1783953311.33,50.6,27.2
1783953312.364,50.6,27.2
1783953313.388,50.6,27.2
1783953314.413,50.6,27.2
1783953315.438,50.5,27.2
1783953316.471,50.6,27.2
1783953317.505,50.5,27.2
1783953318.529,50.6,27.2
1783953319.555,50.6,27.2
1783953320.58,50.6,27.2
1783953321.614,50.6,27.2
1783953322.649,50.6,27.2
1783953323.684,50.6,27.2
1783953324.718,50.6,27.2
1783953325.746,50.6,27.2
1783953326.772,50.6,27.2
1783953327.806,50.6,27.2
1783953328.84,50.6,27.2
1783953329.865,50.6,27.2
1783953330.889,50.6,27.2
1783953331.914,50.6,27.2
1783953332.938,50.6,27.2
1783953333.962,50.6,27.2
1783953334.988,50.6,27.2
1783953336.016,50.6,27.2
1783953337.049,50.6,27.2
1783953338.084,50.6,27.2
1783953339.118,50.5,27.2
1783953340.152,50.5,27.2
1783953341.186,50.5,27.2
1783953342.22,50.5,27.2
1783953343.255,50.4,27.2
1783953344.291,50.4,27.2
1783953345.324,50.3,27.2
1783953346.351,50.3,27.2
1783953347.385,50.2,27.2
1783953348.42,50.2,27.2
1783953349.454,50.1,27.2
1783953350.489,50.2,27.2
1783953351.514,50.1,27.2
1783953352.548,50.1,27.2
1783953353.583,50.1,27.2
1783953354.617,50.1,27.3
1783953355.652,50.1,27.2
1783953356.678,50.1,27.2
1783953357.713,50.1,27.3
1783953358.747,50.1,27.2
1783953359.781,50.1,27.3
1783953360.805,50.1,27.2
1783953361.839,50.1,27.2
1783953362.872,50.1,27.3
1783953363.904,50.1,27.2
1783953364.939,50.1,27.2
1783953365.966,50.1,27.2
1783953366.994,50.1,27.2
1783953368.026,50.1,27.2
1783953369.059,50.1,27.3
1783953370.091,50.1,27.2
1783953371.124,50.1,27.2
1783953372.156,50.1,27.3
1783953373.18,50.1,27.3
1783953374.213,50.1,27.3
1783953375.237,50.0,27.2
1783953376.262,50.0,27.2
1783953377.286,50.0,27.2
1783953378.309,50.0,27.3
1783953379.333,49.9,27.2
1783953380.358,49.9,27.3
1783953381.381,49.8,27.3
1783953382.413,49.7,27.3
1783953383.448,49.6,27.2
1783953384.481,49.6,27.3
1783953385.509,49.5,27.3
1783953386.534,49.5,27.3
1783953387.567,49.5,27.2
1783953388.592,49.5,27.2
1783953389.625,49.5,27.3
1783953390.658,49.5,27.3
1783953391.69,49.4,27.3
1783953392.723,49.3,27.2
1783953393.748,49.3,27.2
1783953394.78,49.2,27.3
1783953395.813,49.1,27.3
1783953396.846,49.1,27.2
1783953397.879,49.1,27.3
1783953398.903,49.1,27.2
1783953399.928,49.1,27.3
1783953400.96,49.1,27.3
1783953401.993,49.1,27.2
1783953403.017,49.1,27.3
1783953404.052,49.1,27.3
1783953405.087,49.0,27.3
1783953406.115,48.9,27.2
1783953407.142,48.9,27.2
1783953408.177,48.9,27.2
1783953409.211,48.9,27.3
1783953410.245,48.8,27.2
1783953411.279,48.7,27.2
1783953412.314,48.7,27.3
1783953413.343,48.6,27.2
1783953414.377,48.5,27.3
1783953415.411,48.5,27.2
1783953416.445,48.5,27.2
1783953417.479,48.5,27.3
1783953418.513,48.5,27.3
1783953419.547,48.5,27.3
1783953420.571,48.5,27.2
1783953421.596,48.5,27.2
1783953422.62,48.5,27.3
1783953423.644,48.5,27.2
1783953424.67,48.5,27.2
1783953425.697,48.4,27.3
1783953426.726,48.4,27.3
1783953427.751,48.4,27.2
1783953428.778,48.3,27.3
1783953429.812,48.3,27.3
1783953430.837,48.3,27.3
1783953431.872,48.3,27.2
1783953432.907,48.3,27.2
1783953433.941,48.3,27.2
1783953434.975,48.3,27.3
1783953436.0,48.3,27.3
1783953437.035,48.3,27.3
1783953438.069,48.2,27.3
1783953439.103,48.2,27.2
1783953440.138,48.3,27.2
1783953441.163,48.2,27.3
1783953442.197,48.2,27.3
1783953443.232,48.2,27.2
1783953444.266,48.2,27.3
1783953445.301,48.2,27.2
1783953446.328,48.2,27.3
1783953447.355,48.2,27.2
1783953448.389,48.2,27.3
1783953449.424,48.1,27.2
1783953450.459,48.2,27.3
1783953451.494,48.1,27.3
1783953452.528,48.1,27.3
1783953453.563,48.1,27.2
1783953454.598,48.0,27.3
1783953455.632,48.0,27.2
1783953456.666,48.0,27.3
1783953457.7,48.0,27.3
1783953458.735,48.0,27.3
1783953459.769,48.0,27.2
1783953460.803,48.0,27.3
1783953461.828,48.1,27.2
1783953462.854,48.1,27.2
1783953463.888,48.0,27.2
1783953464.922,48.1,27.2
1783953465.948,48.1,27.3
1783953466.978,48.1,27.2
1783953468.008,48.0,27.2
1783953469.033,48.0,27.2
1783953470.058,48.0,27.3
1783953471.083,48.0,27.3
1783953472.108,48.0,27.3
1783953473.133,48.0,27.2
1783953474.16,48.0,27.3
1783953475.194,47.9,27.2
1783953476.228,47.9,27.2
1783953477.254,47.8,27.2
1783953478.288,47.8,27.2
1783953479.323,47.7,27.3
1783953480.357,47.7,27.3
1783953481.392,47.7,27.2
1783953482.426,47.6,27.2
1783953483.46,47.6,27.3
1783953484.494,47.5,27.2
1783953485.529,47.4,27.2
1783953486.566,47.4,27.3
1783953487.594,47.4,27.3
1783953488.62,47.4,27.3
1783953489.654,47.3,27.2
1783953490.688,47.4,27.2
1783953491.722,47.4,27.3
1783953492.755,47.4,27.2
1783953493.789,47.4,27.2
1783953494.823,47.4,27.3
1783953495.859,47.4,27.3
1783953496.894,47.4,27.3
1783953497.932,47.3,27.3
1783953498.956,47.3,27.3
1783953499.991,47.4,27.2
1783953501.026,47.3,27.3
1783953502.06,47.3,27.2
1783953503.097,47.3,27.2
1783953504.134,47.3,27.3
1783953505.168,47.3,27.3
1783953506.204,47.3,27.2
1783953507.238,47.3,27.3
1783953508.276,47.3,27.2
1783953509.304,47.2,27.3
1783953510.33,47.2,27.2
1783953511.355,47.1,27.2
1783953512.381,47.1,27.3
1783953513.407,47.1,27.3
1783953514.434,47.1,27.3
1783953515.459,47.1,27.3
1783953516.485,47.0,27.2
1783953517.51,47.0,27.2
1783953518.534,47.0,27.2
1783953519.559,47.0,27.3
1783953520.583,46.9,27.2
1783953521.608,46.9,27.3
1783953522.634,46.9,27.3
1783953523.668,46.9,27.3
1783953524.702,46.8,27.3
1783953525.735,46.7,27.2
1783953526.769,46.7,27.2
1783953527.8,46.7,27.2
1783953528.826,46.6,27.2
1783953529.859,46.6,27.2
1783953530.883,46.5,27.2
1783953531.917,46.4,27.2
1783953532.951,46.4,27.2
1783953533.984,46.4,27.2
1783953535.019,46.4,27.2
1783953536.053,46.3,27.2
1783953537.088,46.3,27.2
1783953538.122,46.3,27.3
1783953539.156,46.3,27.3
1783953540.19,46.2,27.2
1783953541.224,46.2,27.3
1783953542.259,46.2,27.3
1783953543.293,46.1,27.2
1783953544.327,46.1,27.2
1783953545.361,46.1,27.2
1783953546.395,46.2,27.2
1783953547.428,46.1,27.2
1783953548.465,46.2,27.2
1783953549.493,46.2,27.3
1783953550.518,46.2,27.2
1783953551.551,46.2,27.2
1783953552.585,46.2,27.2
1783953553.619,46.2,27.3
1783953554.644,46.1,27.2
1783953555.671,46.1,27.2
1783953556.696,46.1,27.2
1783953557.722,46.1,27.2
1783953558.756,46.1,27.3
1783953559.79,46.0,27.2
1783953560.823,46.0,27.2
1783953561.857,46.0,27.3
1783953562.891,46.0,27.2
1783953563.926,46.0,27.2
1783953564.96,46.1,27.2
1783953565.994,46.1,27.2
1783953567.019,46.0,27.2
1783953568.046,46.1,27.2
1783953569.074,46.0,27.2
1783953570.102,46.0,27.2
1783953571.127,46.0,27.2
1783953572.152,45.9,27.2
1783953573.179,45.9,27.2
1783953574.213,45.8,27.2
1783953575.247,45.8,27.2
1783953576.282,45.8,27.2
1783953577.307,45.7,27.2
1783953578.342,45.7,27.2
1783953579.377,45.7,27.2
1783953580.411,45.8,27.2
1783953581.444,45.8,27.2
1783953582.471,45.7,27.2
1783953583.505,45.8,27.2
1783953584.539,45.7,27.2
1783953585.574,45.7,27.2
1783953586.607,45.7,27.2
1783953587.643,45.7,27.2
1783953588.676,45.7,27.2
1783953589.701,45.7,27.2
1783953590.727,45.7,27.2
1783953591.76,45.8,27.2
1783953592.792,45.8,27.2
1783953593.825,45.8,27.2
1783953594.858,45.9,27.2
1783953595.883,45.9,27.2
1783953596.915,45.9,27.2
1783953597.948,45.9,27.2
1783953598.973,45.9,27.2
1783953599.996,45.8,27.2
1783953601.02,45.8,27.2
1783953602.046,45.8,27.2
1783953603.07,45.8,27.2
1783953604.102,45.8,27.2
1783953605.135,45.8,27.2
1783953606.168,45.8,27.2
1783953607.193,45.8,27.2
1783953608.221,45.8,27.2
1783953609.248,45.7,27.2
1783953610.283,45.7,27.2
1783953611.307,45.6,27.2
1783953612.342,45.6,27.2
1783953613.366,45.5,27.2
1783953614.39,45.5,27.2
1783953615.423,45.5,27.2
1783953616.448,45.4,27.2
1783953617.481,45.4,27.2
1783953618.506,45.3,27.2
1783953619.53,45.3,27.2
1783953620.555,45.3,27.2
1783953621.579,45.3,27.2
1783953622.604,45.2,27.2
1783953623.628,45.2,27.2
1783953624.652,45.2,27.2
1783953625.677,45.2,27.2
1783953626.711,45.2,27.2
1783953627.739,45.2,27.2
1783953628.766,45.2,27.2
1783953629.791,45.2,27.2
1783953630.823,45.2,27.2
1783953631.847,45.2,27.2
1783953632.879,45.3,27.2
1783953633.912,45.2,27.2
1783953634.936,45.2,27.2
1783953635.97,45.2,27.2
1783953637.003,45.1,27.2
1783953638.05,45.0,27.2
1783953639.107,45.0,27.2
1783953640.14,45.0,27.2
1783953641.175,44.9,27.2
1783953642.199,44.9,27.2
1783953643.223,44.9,27.2
1783953644.248,44.9,27.2
1783953645.281,44.9,27.2
1783953646.306,44.9,27.2
1783953647.34,44.9,27.2
1783953648.365,44.9,27.2
1783953649.391,44.9,27.2
1783953650.425,44.9,27.2
1783953651.458,44.9,27.2
1783953652.491,44.9,27.2
1783953653.516,45.0,27.2
1783953654.55,45.1,27.2
1783953655.585,45.2,27.2
1783953656.619,45.2,27.2
1783953657.654,45.3,27.2
1783953658.678,45.3,27.2
1783953659.713,45.4,27.2
1783953660.737,45.4,27.2
1783953661.771,45.4,27.2
1783953662.805,45.4,27.2
1783953663.84,45.4,27.2
1783953664.874,45.4,27.2
1783953665.899,45.4,27.2
1783953666.926,45.5,27.2
1783953667.955,45.4,27.2
1783953668.983,45.5,27.2
1783953670.019,45.5,27.2
1783953671.045,45.5,27.2
1783953672.07,45.6,27.2
1783953673.096,45.6,27.2
1783953674.122,45.7,27.2
1783953675.147,45.7,27.2
1783953676.172,45.8,27.2
1783953677.196,45.8,27.2
1783953678.22,45.9,27.2
1783953679.254,45.9,27.2
1783953680.288,46.0,27.2
1783953681.312,46.1,27.2
1783953682.346,46.2,27.2
1783953683.372,46.2,27.2
1783953684.397,46.3,27.2
1783953685.423,46.3,27.2
1783953686.448,46.4,27.2
1783953687.476,46.4,27.2
1783953688.511,46.5,27.2
1783953689.545,46.5,27.2
1783953690.579,46.5,27.2
1783953691.612,46.5,27.2
1783953692.646,46.5,27.2
1783953693.68,46.5,27.2
1783953694.714,46.5,27.2
1783953695.749,46.5,27.2
1783953696.783,46.5,27.2
1783953697.818,46.5,27.2
1783953698.852,46.5,27.2
1783953699.887,46.6,27.2
1783953700.922,46.6,27.2
1783953701.956,46.6,27.2
1783953702.981,46.6,27.2
1783953704.006,46.7,27.2
1783953705.041,46.7,27.2
1783953706.077,46.7,27.2
1783953707.103,46.8,27.2
1783953708.131,46.8,27.2
1783953709.164,46.8,27.2
1783953710.196,46.8,27.2
1783953711.228,46.8,27.2
1783953712.259,46.9,27.2
1783953713.283,46.9,27.2
1783953714.316,46.9,27.2
1783953715.35,46.9,27.2
1783953716.383,46.9,27.2
1783953717.416,46.9,27.2
1783953718.44,46.9,27.2
1783953719.474,46.9,27.2
1783953720.508,46.9,27.2
1783953721.543,46.9,27.2
1783953722.578,46.9,27.2
1783953723.612,46.8,27.2
1783953724.645,46.8,27.2
1783953725.67,46.8,27.2
1783953726.7,46.7,27.2
1783953727.725,46.7,27.2
1783953728.755,46.6,27.2
1783953729.781,46.6,27.2
1783953730.805,46.6,27.2
1783953731.83,46.6,27.2
1783953732.856,46.6,27.2
1783953733.889,46.6,27.2
1783953734.923,46.6,27.2
1783953735.959,46.6,27.2
1783953736.994,46.6,27.2
1783953738.028,46.7,27.2
1783953739.062,46.7,27.2
1783953740.087,46.7,27.2
1783953741.12,46.8,27.2
1783953742.154,46.8,27.2
1783953743.187,46.8,27.2
1783953744.221,46.8,27.2
1783953745.246,46.9,27.2
1783953746.278,46.9,27.2
1783953747.314,47.0,27.2
1783953748.35,47.0,27.2
1783953749.375,47.1,27.2
1783953750.4,47.1,27.2
1783953751.433,47.2,27.2
1783953752.467,47.2,27.2
1783953753.491,47.3,27.2
1783953754.524,47.3,27.2
1783953755.558,47.4,27.2
1783953756.592,47.4,27.2
1783953757.625,47.4,27.2
1783953758.659,47.5,27.2
1783953759.692,47.5,27.2
1783953760.726,47.5,27.2
1783953761.759,47.5,27.2
1783953762.794,47.6,27.2
1783953763.828,47.6,27.2
1783953764.861,47.6,27.2
1783953765.895,47.7,27.2
1783953766.931,47.7,27.2
1783953767.962,47.7,27.2
1783953768.987,47.8,27.2
1783953770.021,47.8,27.2
1783953771.055,47.8,27.2
1783953772.088,47.9,27.2
1783953773.122,47.9,27.2
1783953774.156,47.9,27.2
1783953775.182,47.9,27.2
1783953776.211,48.0,27.2
1783953777.236,48.0,27.2
1783953778.261,48.0,27.2
1783953779.286,48.0,27.2
1783953780.311,47.9,27.2
1783953781.336,48.0,27.2
1783953782.361,47.9,27.2
1783953783.386,48.0,27.2
1783953784.412,48.0,27.2
1783953785.446,48.0,27.2
1783953786.483,48.1,27.2
1783953787.513,48.2,27.2
1783953788.541,48.2,27.2
1783953789.575,48.3,27.2
1783953790.609,48.3,27.2
1783953791.643,48.3,27.2
1783953792.677,48.4,27.2
1783953793.712,48.4,27.2
1783953794.746,48.4,27.2
1783953795.781,48.4,27.2
1783953796.815,48.4,27.2
1783953797.849,48.4,27.2
1783953798.875,48.4,27.2
1783953799.9,48.4,27.2
1783953800.934,48.4,27.2
1783953801.968,48.4,27.2
1783953803.002,48.4,27.2
1783953804.036,48.4,27.2
1783953805.07,48.4,27.2
1783953806.104,48.4,27.2
1783953807.139,48.4,27.2
1783953808.166,48.3,27.2
1783953809.19,48.4,27.2
1783953810.214,48.3,27.2
1783953811.246,48.3,27.2
1783953812.281,48.3,27.2
1783953813.315,48.3,27.2
1783953814.35,48.3,27.2
1783953815.375,48.3,27.2
1783953816.408,48.3,27.2
1783953817.433,48.3,27.2
1783953818.461,48.3,27.2
1783953819.486,48.3,27.2
1783953820.511,48.3,27.2
1783953821.537,48.3,27.2
1783953822.572,48.4,27.2
1783953823.607,48.4,27.2
1783953824.641,48.4,27.2
1783953825.666,48.5,27.2
1783953826.702,48.5,27.2
1783953827.73,48.5,27.2
1783953828.756,48.6,27.2
1783953829.79,48.6,27.2
1783953830.825,48.6,27.2
1783953831.849,48.6,27.2
1783953832.874,48.7,27.2
1783953833.899,48.7,27.2
1783953834.922,48.8,27.2
1783953835.946,48.8,27.2
1783953836.969,48.8,27.2
1783953837.993,48.9,27.2
1783953839.018,48.9,27.2
1783953840.042,49.0,27.2
1783953841.076,49.1,27.2
1783953842.108,49.2,27.2
1783953843.141,49.2,27.2
1783953844.173,49.3,27.2
1783953845.208,49.3,27.2
1783953846.242,49.4,27.2
1783953847.272,49.3,27.2
1783953848.301,49.4,27.2
1783953849.332,49.4,27.2
1783953850.357,49.4,27.2
1783953851.391,49.3,27.2
1783953852.425,49.3,27.2
1783953853.46,49.3,27.2
1783953854.495,49.3,27.2
1783953855.521,49.3,27.2
1783953856.555,49.3,27.2
1783953857.589,49.3,27.2
1783953858.615,49.3,27.2
1783953859.649,49.3,27.2
1783953860.675,49.3,27.2
1783953861.7,49.3,27.2
1783953862.724,49.3,27.2
1783953863.752,49.3,27.2
1783953864.786,49.4,27.2
1783953865.822,49.4,27.2
1783953866.847,49.4,27.2
1783953867.876,49.4,27.2
1783953868.91,49.4,27.2
1783953869.944,49.5,27.2
1783953870.97,49.5,27.2
1783953871.995,49.5,27.2
1783953873.03,49.5,27.2
1783953874.064,49.5,27.2
1783953875.098,49.5,27.2
1783953876.132,49.6,27.2
1783953877.167,49.6,27.2
1783953878.205,49.5,27.2
1783953879.231,49.5,27.2
1783953880.265,49.6,27.2
1783953881.3,49.6,27.2
1783953882.334,49.6,27.2
1783953883.368,49.6,27.2
1783953884.402,49.6,27.2
1783953885.437,49.6,27.2
1783953886.465,49.6,27.2
1783953887.491,49.7,27.2
1783953888.519,49.7,27.2
1783953889.547,49.7,27.2
1783953890.572,49.7,27.2
1783953891.598,49.7,27.2
1783953892.623,49.7,27.2
1783953893.648,49.6,27.2
1783953894.673,49.6,27.2
1783953895.698,49.6,27.2
1783953896.73,49.6,27.2
1783953897.764,49.6,27.2
1783953898.8,49.6,27.2
1783953899.834,49.6,27.2
1783953900.859,49.6,27.2
1783953901.884,49.6,27.2
1783953902.919,49.5,27.2
1783953903.943,49.6,27.2
1783953904.969,49.6,27.2
1783953905.998,49.6,27.2
1783953907.028,49.6,27.2
1783953908.056,49.6,27.2
1783953909.09,49.7,27.2
1783953910.124,49.7,27.2
1783953911.158,49.8,27.2
1783953912.193,49.8,27.2
1783953913.227,49.8,27.2
1783953914.252,49.9,27.2
1783953915.287,50.0,27.2
1783953916.321,50.0,27.2
1783953917.354,50.1,27.2
1783953918.39,50.1,27.2
1783953919.424,50.1,27.2
1783953920.458,50.1,27.2
1783953921.493,50.1,27.2
1783953922.527,50.2,27.2
1783953923.562,50.2,27.2
1783953924.596,50.2,27.2
1783953925.631,50.2,27.2
1783953926.666,50.3,27.2
1783953927.696,50.3,27.2
1783953928.722,50.3,27.2
1783953929.757,50.4,27.2
1783953930.791,50.4,27.2
1783953931.824,50.4,27.2
1783953932.859,50.4,27.2
1783953933.894,50.5,27.2
1783953934.927,50.5,27.2
1783953935.961,50.5,27.2
1783953936.995,50.5,27.2
1783953938.019,50.5,27.2
1783953939.044,50.5,27.2
1783953940.07,50.5,27.2
1783953941.095,50.5,27.2
1783953942.121,50.5,27.2
1783953943.146,50.5,27.2
1783953944.17,50.5,27.2
1783953945.195,50.5,27.2
1783953946.223,50.5,27.2
1783953947.255,50.5,27.2
1783953948.28,50.5,27.2
1783953949.304,50.4,27.2
1783953950.329,50.4,27.2
1783953951.355,50.5,27.2
1783953952.378,50.4,27.2
1783953953.412,50.4,27.2
1783953954.446,50.5,27.2
1783953955.482,50.5,27.2
1783953956.516,50.4,27.2
1783953957.55,50.5,27.2
1783953958.583,50.4,27.2
1783953959.616,50.4,27.2
1783953960.649,50.4,27.2
1783953961.683,50.4,27.2
1783953962.715,50.4,27.2
1783953963.748,50.4,27.2
1783953964.78,50.3,27.2
1783953965.813,50.3,27.2
1783953966.84,50.3,27.2
1783953967.867,50.3,27.2
1783953968.899,50.3,27.2
1783953969.932,50.3,27.2
1783953970.964,50.3,27.2
1783953971.996,50.3,27.2
1783953973.028,50.3,27.2
1783953974.06,50.3,27.2
1783953975.092,50.3,27.2
1783953976.125,50.3,27.2
1783953977.157,50.3,27.2
1783953978.181,50.3,27.2
1783953979.205,50.3,27.2
1783953980.237,50.2,27.2
1783953981.27,50.3,27.2
1783953982.302,50.2,27.2
1783953983.334,50.2,27.2
1783953984.36,50.2,27.2
1783953985.397,50.2,27.2
1783953986.427,50.2,27.2
1783953987.455,50.2,27.2
1783953988.479,50.1,27.2
1783953989.503,50.2,27.2
1783953990.527,50.1,27.2
1783953991.551,50.1,27.2
1783953992.583,50.1,27.2
1783953993.616,50.1,27.2
1783953994.648,50.1,27.2
1783953995.674,50.1,27.2
1783953996.698,50.1,27.3
1783953997.722,50.1,27.2
1783953998.746,50.1,27.2
1783953999.775,50.1,27.2
1783954000.808,50.1,27.2
1783954001.84,50.1,27.2
1783954002.873,50.1,27.3
1783954003.906,50.1,27.2
1783954004.938,50.0,27.2
1783954005.973,50.0,27.2
1783954007.004,50.0,27.2
1783954008.03,50.0,27.2
1783954009.063,50.0,27.2
1783954010.096,50.0,27.2
1783954011.128,50.0,27.2
1783954012.16,50.0,27.2
1783954013.193,50.0,27.2
1783954014.226,50.0,27.3
1783954015.259,50.0,27.3
1783954016.292,50.0,27.2
1783954017.325,50.0,27.2
1783954018.35,50.0,27.2
1783954019.383,50.0,27.2
1783954020.416,50.0,27.2
1783954021.45,50.0,27.2
1783954022.482,50.0,27.3
1783954023.515,50.0,27.3
1783954024.548,49.9,27.2
1783954025.581,49.9,27.2
1783954026.616,49.9,27.2
1783954027.651,49.8,27.2
1783954028.679,49.7,27.2
1783954029.705,49.6,27.2
1783954030.739,49.6,27.2
1783954031.773,49.6,27.2
1783954032.805,49.5,27.2
1783954033.83,49.5,27.3
1783954034.855,49.5,27.2
1783954035.88,49.4,27.2
1783954036.905,49.4,27.3
1783954037.93,49.4,27.3
1783954038.956,49.4,27.3
1783954039.983,49.4,27.3
1783954041.008,49.4,27.2
1783954042.032,49.3,27.2
1783954043.057,49.3,27.2
1783954044.095,49.2,27.2
1783954045.131,49.2,27.3
1783954046.168,49.2,27.2
1783954047.199,49.1,27.2
1783954048.228,49.1,27.2
1783954049.263,49.1,27.2
1783954050.297,49.1,27.2
1783954051.332,49.1,27.3
1783954052.367,49.1,27.3
1783954053.401,49.0,27.2
1783954054.436,48.9,27.2
1783954055.47,48.9,27.2
1783954056.495,48.9,27.3
1783954057.528,48.9,27.2
1783954058.562,48.8,27.2
1783954059.595,48.8,27.2
1783954060.629,48.7,27.3
1783954061.653,48.7,27.2
1783954062.686,48.6,27.2
1783954063.72,48.6,27.2
1783954064.754,48.6,27.2
1783954065.788,48.5,27.3
1783954066.814,48.5,27.3
1783954067.849,48.5,27.2
1783954068.878,48.5,27.3
1783954069.904,48.6,27.2
1783954070.938,48.6,27.2
1783954071.972,48.6,27.2
1783954073.007,48.6,27.2
1783954074.041,48.6,27.3
1783954075.076,48.6,27.3
1783954076.11,48.6,27.3
1783954077.145,48.6,27.2
1783954078.18,48.6,27.2
1783954079.21,48.7,27.3
1783954080.236,48.7,27.2
1783954081.262,48.7,27.2
1783954082.287,48.7,27.2
1783954083.312,48.7,27.2
1783954084.339,48.7,27.2
1783954085.364,48.6,27.3
1783954086.389,48.6,27.3
1783954087.419,48.6,27.2
1783954088.445,48.4,27.2
1783954089.47,48.3,27.2
1783954090.504,48.3,27.3
1783954091.538,48.2,27.2
1783954092.572,48.2,27.3
1783954093.606,48.2,27.2
1783954094.641,48.1,27.2
1783954095.675,48.2,27.2
1783954096.709,48.2,27.2
1783954097.742,48.2,27.2
1783954098.766,48.2,27.3
1783954099.799,48.2,27.2
1783954100.832,48.3,27.2
1783954101.864,48.2,27.2
1783954102.896,48.3,27.2
1783954103.921,48.3,27.3
1783954104.954,48.3,27.2
1783954105.987,48.2,27.2
1783954107.019,48.2,27.3
1783954108.054,48.1,27.2
1783954109.082,48.1,27.2
1783954110.108,48.0,27.2
1783954111.141,48.0,27.2
1783954112.174,47.9,27.2
1783954113.207,47.9,27.2
1783954114.24,47.9,27.2
1783954115.273,47.8,27.2
1783954116.308,47.8,27.2
1783954117.343,47.8,27.2
1783954118.396,47.8,27.2
1783954119.433,47.7,27.2
1783954120.468,47.7,27.2
1783954121.502,47.7,27.2
1783954122.528,47.6,27.2
1783954123.562,47.6,27.2
1783954124.587,47.6,27.2
1783954125.613,47.6,27.3
1783954126.638,47.6,27.2
1783954127.664,47.6,27.2
1783954128.691,47.6,27.2
1783954129.718,47.6,27.2
1783954130.744,47.5,27.2
1783954131.769,47.5,27.2
1783954132.794,47.4,27.2
1783954133.818,47.4,27.3
1783954134.843,47.4,27.3
1783954135.867,47.4,27.2
1783954136.901,47.4,27.2
1783954137.926,47.4,27.2
1783954138.96,47.4,27.2
1783954139.984,47.5,27.2
1783954141.018,47.5,27.2
1783954142.052,47.4,27.2
1783954143.076,47.5,27.2
1783954144.11,47.5,27.3
1783954145.134,47.5,27.3
1783954146.168,47.5,27.2
1783954147.202,47.5,27.2
1783954148.232,47.5,27.2
1783954149.257,47.5,27.2
1783954150.284,47.4,27.2
1783954151.317,47.4,27.2
1783954152.342,47.4,27.3
1783954153.377,47.3,27.2
1783954154.411,47.2,27.2
1783954155.445,47.1,27.2
1783954156.48,47.0,27.3
1783954157.515,47.0,27.2
1783954158.549,46.9,27.2
1783954159.584,46.9,27.2
1783954160.618,46.9,27.2
1783954161.654,46.9,27.2
1783954162.688,46.9,27.2
1783954163.722,46.9,27.2
1783954164.758,46.9,27.2
1783954165.792,46.9,27.2
1783954166.825,46.9,27.2
1783954167.86,46.8,27.2
1783954168.896,46.7,27.2
1783954169.921,46.7,27.2
1783954170.948,46.7,27.2
1783954171.972,46.6,27.2
1783954172.998,46.6,27.2
1783954174.032,46.6,27.2
1783954175.056,46.6,27.2
1783954176.08,46.6,27.2
1783954177.106,46.6,27.2
1783954178.131,46.5,27.2
1783954179.156,46.5,27.2
1783954180.181,46.5,27.2
1783954181.208,46.5,27.2
1783954182.232,46.4,27.2
1783954183.266,46.4,27.2
1783954184.3,46.4,27.2
1783954185.335,46.4,27.2
1783954186.369,46.5,27.2
1783954187.398,46.5,27.2
1783954188.427,46.6,27.2
1783954189.452,46.5,27.2
1783954190.487,46.6,27.2
1783954191.521,46.6,27.2
1783954192.557,46.5,27.2
1783954193.591,46.5,27.2
1783954194.625,46.5,27.2
1783954195.659,46.5,27.2
1783954196.692,46.5,27.2
1783954197.726,46.4,27.2
1783954198.761,46.4,27.2
1783954199.796,46.4,27.2
1783954200.821,46.3,27.2
1783954201.855,46.3,27.2
1783954202.889,46.3,27.2
1783954203.923,46.3,27.2
1783954204.958,46.3,27.2
1783954205.992,46.3,27.2
1783954207.026,46.2,27.2
1783954208.061,46.2,27.2
1783954209.096,46.2,27.2
1783954210.12,46.2,27.2
1783954211.145,46.2,27.2
1783954212.18,46.1,27.2
1783954213.214,46.1,27.2
1783954214.248,46.1,27.2
1783954215.282,46.0,27.2
1783954216.316,46.0,27.2
1783954217.35,45.9,27.2
1783954218.375,45.9,27.2
1783954219.4,45.8,27.2
1783954220.425,45.8,27.2
1783954221.451,45.7,27.2
1783954222.477,45.7,27.2
1783954223.502,45.6,27.2
1783954224.526,45.6,27.2
1783954225.551,45.6,27.2
1783954226.576,45.5,27.2
1783954227.603,45.5,27.2
1783954228.63,45.4,27.2
1783954229.658,45.5,27.2
1783954230.691,45.4,27.2
1783954231.724,45.4,27.2
1783954232.757,45.5,27.2
1783954233.789,45.5,27.2
1783954234.823,45.5,27.2
1783954235.855,45.5,27.2
1783954236.888,45.5,27.2
1783954237.921,45.5,27.2
1783954238.976,45.5,27.2
1783954240.034,45.5,27.2
1783954241.068,45.4,27.2
1783954242.103,45.5,27.2
1783954243.128,45.4,27.2
1783954244.162,45.4,27.2
1783954245.186,45.4,27.2
1783954246.22,45.4,27.2
1783954247.245,45.3,27.2
1783954248.279,45.4,27.2
1783954249.312,45.2,27.2
1783954250.341,45.2,27.2
1783954251.367,45.2,27.2
1783954252.4,45.2,27.2
1783954253.434,45.2,27.2
1783954254.468,45.2,27.2
1783954255.492,45.2,27.2
1783954256.525,45.2,27.2
1783954257.559,45.2,27.2
1783954258.592,45.2,27.2
1783954259.626,45.2,27.2
1783954260.656,45.2,27.2
1783954261.69,45.2,27.2
1783954262.724,45.2,27.2
1783954263.749,45.2,27.2
1783954264.773,45.2,27.2
1783954265.798,45.2,27.2
1783954266.834,45.2,27.2
1783954267.858,45.2,27.2
1783954268.885,45.1,27.2
1783954269.913,45.1,27.2
1783954270.937,45.1,27.2
1783954271.971,45.1,27.2
1783954273.004,45.2,27.2
1783954274.031,45.2,27.2
1783954275.055,45.2,27.2
1783954276.079,45.3,27.2
1783954277.104,45.2,27.2
1783954278.127,45.3,27.2
1783954279.152,45.3,27.2
1783954280.176,45.3,27.2
1783954281.2,45.2,27.2
1783954282.224,45.2,27.2
1783954283.248,45.2,27.2
1783954284.274,45.2,27.2
1783954285.308,45.2,27.2
1783954286.341,45.2,27.2
1783954287.375,45.1,27.2
1783954288.41,45.0,27.2
1783954289.438,45.0,27.2
1783954290.465,44.9,27.2
1783954291.49,44.9,27.2
1783954292.523,44.8,27.2
1783954293.548,44.8,27.2
1783954294.581,44.7,27.2
1783954295.615,44.8,27.2
1783954296.639,44.8,27.2
1783954297.672,44.7,27.2
1783954298.708,44.8,27.2
1783954299.732,44.8,27.2
1783954300.757,44.8,27.2
1783954301.781,44.9,27.2
1783954302.806,44.9,27.2
1783954303.831,45.0,27.2
1783954304.856,45.1,27.2
1783954305.893,45.1,27.2
1783954306.919,45.1,27.2
1783954307.947,45.2,27.2
1783954308.975,45.2,27.2
1783954310.01,45.3,27.2
1783954311.044,45.3,27.2
1783954312.069,45.3,27.2
1783954313.097,45.4,27.2
1783954314.131,45.3,27.2
1783954315.165,45.4,27.2
1783954316.2,45.4,27.2
1783954317.235,45.4,27.2
1783954318.26,45.4,27.2
1783954319.285,45.5,27.2
1783954320.32,45.5,27.2
1783954321.354,45.5,27.2
1783954322.388,45.6,27.2
1783954323.423,45.6,27.2
1783954324.457,45.7,27.2
1783954325.491,45.7,27.2
1783954326.526,45.8,27.2
1783954327.564,45.8,27.2
1783954328.595,45.8,27.2
1783954329.626,45.9,27.2
1783954330.659,45.9,27.2
1783954331.692,45.9,27.2
1783954332.716,45.9,27.2
1783954333.74,45.9,27.2
1783954334.764,45.9,27.2
1783954335.787,46.0,27.2
1783954336.811,46.0,27.2
1783954337.835,46.1,27.2
1783954338.858,46.1,27.2
1783954339.882,46.1,27.2
1783954340.906,46.1,27.2
1783954341.938,46.2,27.2
1783954342.97,46.2,27.2
1783954343.994,46.3,27.2
1783954345.021,46.3,27.1
1783954346.048,46.4,27.2
1783954347.074,46.5,27.2
1783954348.102,46.5,27.2
1783954349.126,46.5,27.2
1783954350.158,46.5,27.2
1783954351.19,46.5,27.2
1783954352.222,46.5,27.2
1783954353.255,46.5,27.2
1783954354.279,46.5,27.2
1783954355.311,46.5,27.1
1783954356.344,46.6,27.2
1783954357.376,46.6,27.2
1783954358.408,46.6,27.2
1783954359.433,46.6,27.1
1783954360.457,46.6,27.2
1783954361.49,46.6,27.2
1783954362.522,46.6,27.1
1783954363.554,46.6,27.2
1783954364.587,46.7,27.2
1783954365.62,46.7,27.2
1783954366.653,46.6,27.2
1783954367.688,46.7,27.2
1783954368.718,46.7,27.1
1783954369.743,46.7,27.2
1783954370.775,46.8,27.2
1783954371.808,46.8,27.2
1783954372.834,47.0,27.2
1783954373.858,47.0,27.2
1783954374.891,47.1,27.1
1783954375.923,47.1,27.1
1783954376.955,47.1,27.2
1783954377.987,47.1,27.2
1783954379.02,47.2,27.2
1783954380.053,47.1,27.2
1783954381.087,47.2,27.1
1783954382.12,47.1,27.2
1783954383.155,47.1,27.1
1783954384.189,47.1,27.2
1783954385.224,47.1,27.2
1783954386.254,47.1,27.2
1783954387.279,47.2,27.2
1783954388.305,47.2,27.2
1783954389.336,47.3,27.2
1783954390.367,47.3,27.1
1783954391.392,47.4,27.2
1783954392.417,47.4,27.2
1783954393.442,47.5,27.1
1783954394.467,47.6,27.1
1783954395.492,47.6,27.2
1783954396.517,47.6,27.2
1783954397.541,47.7,27.2
1783954398.573,47.7,27.2
1783954399.605,47.8,27.1
1783954400.637,47.8,27.2
1783954401.661,47.8,27.2
1783954402.684,47.9,27.1
1783954403.716,47.9,27.1
1783954404.748,47.9,27.2
1783954405.78,47.9,27.2
1783954406.811,47.9,27.2
1783954407.847,47.9,27.2
1783954408.875,47.9,27.2
1783954409.903,48.0,27.2
1783954410.937,48.0,27.1
1783954411.971,48.0,27.2
1783954413.005,48.0,27.1
1783954414.041,48.0,27.2
1783954415.071,48.0,27.2
1783954416.105,48.0,27.2
1783954417.14,48.0,27.2
1783954418.174,48.0,27.1
1783954419.199,48.0,27.2
1783954420.234,48.0,27.2
1783954421.268,48.0,27.1
1783954422.304,47.9,27.1
1783954423.338,47.9,27.2
1783954424.372,47.9,27.2
1783954425.406,48.0,27.1
1783954426.44,48.0,27.1
1783954427.475,48.0,27.2
1783954428.51,48.0,27.2
1783954429.545,48.0,27.1
1783954430.574,48.1,27.2
1783954431.6,48.0,27.2
1783954432.635,48.1,27.1
1783954433.669,48.1,27.1
1783954434.703,48.2,27.2
1783954435.728,48.2,27.1
1783954436.761,48.2,27.1
1783954437.786,48.2,27.2
1783954438.81,48.2,27.2
1783954439.836,48.2,27.2
1783954440.861,48.2,27.1
1783954441.886,48.2,27.1
1783954442.911,48.2,27.2
1783954443.936,48.2,27.1
1783954444.961,48.2,27.1
1783954445.988,48.2,27.1
1783954447.023,48.3,27.2
1783954448.059,48.3,27.2
1783954449.084,48.3,27.1
1783954450.108,48.3,27.1
1783954451.142,48.4,27.2
1783954452.177,48.4,27.1
1783954453.211,48.4,27.1
1783954454.245,48.4,27.1
1783954455.278,48.4,27.1
1783954456.312,48.4,27.1
1783954457.347,48.4,27.1
1783954458.381,48.4,27.1
1783954459.415,48.5,27.1
1783954460.449,48.5,27.1
1783954461.482,48.4,27.1
1783954462.517,48.4,27.1
1783954463.552,48.5,27.2
1783954464.577,48.4,27.1
1783954465.602,48.4,27.2
1783954466.635,48.4,27.1
1783954467.66,48.4,27.1
1783954468.695,48.4,27.2
1783954469.721,48.4,27.1
1783954470.752,48.4,27.1
1783954471.783,48.4,27.1
1783954472.808,48.5,27.1
1783954473.842,48.5,27.1
1783954474.867,48.5,27.2
1783954475.893,48.6,27.1
1783954476.927,48.6,27.2
1783954477.961,48.7,27.1
1783954478.995,48.7,27.1
1783954480.03,48.7,27.1
1783954481.055,48.7,27.2
1783954482.079,48.8,27.1
1783954483.104,48.8,27.1
1783954484.133,48.8,27.2
1783954485.167,48.8,27.1
1783954486.202,48.8,27.1
1783954487.237,48.8,27.1
1783954488.275,48.8,27.1
1783954489.304,48.9,27.2
1783954490.328,48.9,27.1
1783954491.361,49.0,27.1
1783954492.397,48.9,27.1
1783954493.422,49.0,27.2
1783954494.447,49.0,27.2
1783954495.473,49.0,27.1
1783954496.497,49.0,27.2
1783954497.522,49.0,27.2
1783954498.547,49.0,27.1
1783954499.572,49.0,27.1
1783954500.597,49.0,27.2
1783954501.621,49.0,27.1
1783954502.647,49.1,27.2
1783954503.682,49.1,27.1
1783954504.716,49.2,27.2
1783954505.75,49.2,27.1
1783954506.784,49.2,27.1
1783954507.821,49.2,27.1
1783954508.847,49.2,27.1
1783954509.872,49.2,27.1
1783954510.906,49.2,27.1
1783954511.94,49.3,27.1
1783954512.975,49.3,27.1
1783954514.008,49.3,27.2
1783954515.033,49.4,27.2
1783954516.058,49.3,27.2
1783954517.092,49.4,27.2
1783954518.126,49.4,27.1
1783954519.16,49.4,27.1
1783954520.194,49.4,27.1
1783954521.22,49.4,27.1
1783954522.253,49.4,27.2
1783954523.286,49.5,27.1
1783954524.313,49.5,27.1
1783954525.337,49.5,27.2
1783954526.362,49.5,27.1
1783954527.388,49.5,27.1
1783954528.416,49.5,27.2
1783954529.441,49.5,27.1
1783954530.466,49.4,27.1
1783954531.499,49.5,27.1
1783954532.532,49.5,27.1
1783954533.565,49.5,27.1
1783954534.597,49.5,27.1
1783954535.63,49.5,27.1
1783954536.662,49.5,27.1
1783954537.694,49.5,27.1
1783954538.733,49.6,27.1
1783954539.793,49.6,27.2
1783954540.826,49.6,27.2
1783954541.86,49.6,27.2
1783954542.892,49.7,27.2
1783954543.916,49.7,27.1
1783954544.942,49.7,27.2
1783954545.967,49.7,27.2
1783954546.991,49.7,27.2
1783954548.015,49.8,27.2
1783954549.042,49.7,27.2
1783954550.07,49.8,27.2
1783954551.098,49.8,27.2
1783954552.122,49.8,27.2
1783954553.146,49.8,27.2
1783954554.179,49.8,27.2
1783954555.203,49.9,27.2
1783954556.236,49.9,27.1
1783954557.269,50.0,27.2
1783954558.302,50.0,27.2
1783954559.335,50.0,27.1
1783954560.359,50.0,27.2
1783954561.383,50.1,27.2
1783954562.415,50.0,27.1
1783954563.448,50.1,27.1
1783954564.481,50.1,27.1
1783954565.507,50.1,27.2
1783954566.539,50.1,27.2
1783954567.572,50.1,27.2
1783954568.607,50.1,27.1
1783954569.642,50.2,27.2
1783954570.67,50.1,27.2
1783954571.695,50.1,27.2
1783954572.718,50.1,27.1
1783954573.742,50.1,27.2
1783954574.774,50.1,27.2
1783954575.807,50.0,27.2
1783954576.84,50.0,27.2
1783954577.872,50.0,27.2
1783954578.904,50.0,27.2
1783954579.936,50.0,27.2
1783954580.97,50.1,27.2
1783954582.004,50.1,27.2
1783954583.037,50.2,27.2
1783954584.071,50.2,27.2
1783954585.106,50.3,27.2
1783954586.138,50.3,27.2
1783954587.17,50.3,27.2
1783954588.195,50.4,27.2
1783954589.23,50.4,27.2
1783954590.258,50.5,27.2
1783954591.284,50.6,27.2
1783954592.319,50.6,27.2
1783954593.345,50.6,27.2
1783954594.38,50.7,27.2
1783954595.413,50.7,27.2
1783954596.438,50.6,27.2
1783954597.473,50.7,27.2
1783954598.507,50.6,27.2
1783954599.54,50.6,27.2
1783954600.566,50.6,27.2
1783954601.59,50.6,27.2
1783954602.614,50.6,27.2
1783954603.639,50.6,27.2
1783954604.663,50.6,27.2
1783954605.687,50.6,27.2
1783954606.712,50.6,27.2
1783954607.736,50.6,27.2
1783954608.769,50.6,27.2
1783954609.804,50.6,27.2
1783954610.835,50.6,27.2
1783954611.86,50.6,27.2
1783954612.893,50.6,27.2
1783954613.926,50.5,27.2
1783954614.95,50.5,27.2
1783954615.976,50.5,27.2
1783954617.001,50.5,27.2
1783954618.027,50.5,27.2
1783954619.062,50.5,27.2
1783954620.096,50.5,27.2
1783954621.132,50.5,27.2
1783954622.167,50.5,27.2
1783954623.202,50.5,27.2
1783954624.236,50.5,27.2
1783954625.27,50.4,27.2
1783954626.304,50.5,27.2
1783954627.338,50.5,27.2
1783954628.373,50.4,27.2
1783954629.407,50.4,27.2
1783954630.432,50.4,27.2
1783954631.46,50.4,27.2
1783954632.494,50.4,27.2
1783954633.529,50.4,27.2
1783954634.554,50.4,27.2
1783954635.589,50.4,27.2
1783954636.624,50.3,27.2
1783954637.658,50.4,27.2
1783954638.692,50.3,27.2
1783954639.725,50.3,27.2
1783954640.76,50.3,27.2
1783954641.794,50.3,27.2
1783954642.831,50.3,27.2
1783954643.866,50.3,27.2
1783954644.9,50.3,27.2
1783954645.934,50.3,27.2
1783954646.968,50.4,27.2
1783954648.002,50.3,27.2
1783954649.037,50.4,27.2
1783954650.064,50.4,27.2
1783954651.091,50.4,27.2
1783954652.119,50.4,27.2
1783954653.144,50.4,27.2
1783954654.169,50.3,27.2
1783954655.193,50.3,27.2
1783954656.221,50.3,27.2
1783954657.254,50.2,27.2
1783954658.288,50.2,27.2
1783954659.321,50.2,27.2
1783954660.347,50.2,27.2
1783954661.372,50.2,27.2
1783954662.396,50.2,27.2
1783954663.422,50.2,27.2
1783954664.456,50.1,27.2
1783954665.49,50.2,27.2
1783954666.524,50.1,27.2
1783954667.558,50.1,27.2
1783954668.592,50.1,27.2
1783954669.618,50.1,27.2
1783954670.654,50.1,27.2
1783954671.685,50.1,27.2
1783954672.71,50.1,27.2
1783954673.744,50.1,27.2
1783954674.769,50.1,27.2
1783954675.794,50.1,27.2
1783954676.828,50.1,27.2
1783954677.862,50.1,27.2
1783954678.896,50.1,27.2
1783954679.921,50.1,27.2
1783954680.946,50.1,27.2
1783954681.98,50.1,27.2
1783954683.014,50.0,27.2
1783954684.048,50.0,27.2
1783954685.076,50.0,27.2
1783954686.1,50.0,27.2
1783954687.134,50.0,27.2
1783954688.168,49.9,27.2
1783954689.203,49.9,27.2
1783954690.237,49.8,27.2
1783954691.263,49.8,27.2
1783954692.29,49.8,27.2
1783954693.325,49.8,27.2
1783954694.359,49.7,27.2
1783954695.394,49.7,27.2
1783954696.419,49.7,27.2
1783954697.444,49.6,27.2
1783954698.478,49.5,27.2
1783954699.503,49.5,27.2
1783954700.529,49.4,27.2
1783954701.555,49.4,27.2
1783954702.581,49.4,27.2
1783954703.606,49.3,27.2
1783954704.631,49.3,27.2
1783954705.655,49.3,27.2
1783954706.682,49.3,27.2
1783954707.715,49.3,27.2
1783954708.751,49.2,27.2
1783954709.779,49.2,27.2
1783954710.807,49.2,27.2
1783954711.841,49.1,27.2
1783954712.875,49.1,27.2
1783954713.91,49.0,27.2
1783954714.944,49.0,27.2
1783954715.979,49.0,27.2
1783954717.014,49.1,27.2
1783954718.049,49.1,27.2
1783954719.083,49.1,27.2
1783954720.118,49.1,27.2
1783954721.151,49.0,27.2
1783954722.176,49.0,27.2
1783954723.209,48.9,27.2
1783954724.242,48.9,27.2
1783954725.275,48.8,27.2
1783954726.307,48.7,27.2
1783954727.34,48.7,27.2
1783954728.373,48.7,27.2
1783954729.406,48.8,27.2
1783954730.442,48.7,27.2
1783954731.471,48.7,27.2
1783954732.496,48.7,27.2
1783954733.529,48.7,27.2
1783954734.562,48.8,27.2
1783954735.595,48.8,27.2
1783954736.628,48.8,27.2
1783954737.666,48.7,27.2
1783954738.69,48.7,27.2
1783954739.723,48.6,27.2
1783954740.747,48.7,27.2
1783954741.771,48.6,27.2
1783954742.796,48.5,27.2
1783954743.829,48.5,27.2
1783954744.862,48.5,27.2
1783954745.895,48.5,27.2
1783954746.928,48.5,27.2
1783954747.953,48.5,27.2
1783954748.976,48.5,27.2
1783954750.004,48.5,27.2
1783954751.033,48.5,27.2
1783954752.061,48.5,27.2
1783954753.088,48.4,27.2
1783954754.112,48.4,27.2
1783954755.136,48.3,27.2
1783954756.159,48.3,27.2
1783954757.183,48.2,27.2
1783954758.215,48.1,27.2
1783954759.239,48.0,27.2
1783954760.271,48.0,27.2
1783954761.304,48.0,27.2
1783954762.336,47.9,27.2
1783954763.369,47.9,27.2
1783954764.392,47.9,27.2
1783954765.424,48.0,27.2
1783954766.447,48.0,27.2
1783954767.48,47.9,27.2
1783954768.513,47.9,27.2
1783954769.539,47.9,27.2
1783954770.569,47.9,27.2
1783954771.594,47.9,27.2
1783954772.626,47.9,27.2
1783954773.659,47.8,27.2
1783954774.691,47.8,27.2
1783954775.724,47.9,27.2
1783954776.756,47.9,27.2
1783954777.788,47.9,27.2
1783954778.82,47.8,27.2
1783954779.852,47.8,27.2
1783954780.885,47.8,27.2
1783954781.917,47.8,27.2
1783954782.949,47.8,27.2
1783954783.983,47.8,27.2
1783954785.016,47.7,27.2
1783954786.049,47.7,27.2
1783954787.083,47.6,27.2
1783954788.117,47.6,27.2
1783954789.151,47.5,27.2
1783954790.186,47.5,27.2
1783954791.214,47.5,27.2
1783954792.243,47.6,27.2
1783954793.267,47.6,27.2
1783954794.292,47.6,27.2
1783954795.316,47.6,27.2
1783954796.353,47.6,27.2
1783954797.386,47.7,27.2
1783954798.411,47.6,27.2
1783954799.445,47.6,27.2
1783954800.478,47.5,27.2
1783954801.503,47.4,27.2
1783954802.536,47.4,27.2
1783954803.561,47.3,27.2
1783954804.586,47.2,27.2
1783954805.611,47.2,27.2
1783954806.636,47.2,27.2
1783954807.661,47.1,27.2
1783954808.685,47.1,27.2
1783954809.714,47.1,27.2
1783954810.746,47.1,27.2
1783954811.772,47.1,27.2
1783954812.806,47.1,27.2
1783954813.831,47.1,27.2
1783954814.865,47.1,27.2
1783954815.898,47.1,27.2
1783954816.932,47.0,27.2
1783954817.966,47.0,27.2
1783954819.001,46.9,27.2
1783954820.035,46.8,27.2
1783954821.069,46.8,27.2
1783954822.104,46.8,27.2
1783954823.138,46.7,27.2
1783954824.172,46.7,27.2
1783954825.206,46.7,27.2
1783954826.24,46.7,27.2
1783954827.275,46.7,27.2
1783954828.309,46.7,27.2
1783954829.342,46.7,27.2
1783954830.376,46.7,27.2
1783954831.411,46.7,27.2
1783954832.436,46.8,27.2
1783954833.462,46.7,27.2
1783954834.496,46.8,27.2
1783954835.521,46.8,27.2
1783954836.546,46.7,27.2
1783954837.57,46.7,27.2
1783954838.595,46.6,27.2
1783954839.647,46.7,27.2
1783954840.753,46.6,27.2
1783954841.861,46.6,27.2
1783954842.994,46.7,27.2
1783954844.021,46.7,27.2
1783954845.047,46.7,27.2
1783954846.081,46.7,27.2
1783954847.114,46.7,27.2
1783954848.148,46.6,27.2
1783954849.183,46.6,27.2
1783954850.218,46.5,27.2
1783954851.243,46.5,27.2
1783954852.269,46.4,27.2
1783954853.295,46.4,27.2
1783954854.32,46.3,27.2
1783954855.354,46.3,27.2
1783954856.379,46.3,27.2
1783954857.405,46.3,27.2
1783954858.43,46.3,27.2
1783954859.455,46.3,27.2
1783954860.481,46.3,27.2
1783954861.506,46.3,27.2
1783954862.53,46.2,27.2
1783954863.564,46.2,27.2
1783954864.597,46.2,27.2
1783954865.63,46.3,27.2
1783954866.663,46.2,27.2
1783954867.697,46.2,27.2
1783954868.73,46.2,27.2
1783954869.765,46.2,27.2
1783954870.794,46.1,27.2
1783954871.822,46.1,27.2
1783954872.857,46.0,27.2
1783954873.891,46.0,27.2
1783954874.924,45.9,27.2
1783954875.957,45.8,27.2
1783954876.991,45.8,27.2
1783954878.025,45.8,27.2
1783954879.059,45.7,27.2
1783954880.086,45.7,27.2
1783954881.111,45.7,27.2
1783954882.136,45.7,27.2
1783954883.161,45.7,27.2
1783954884.196,45.7,27.2
1783954885.23,45.7,27.2
1783954886.256,45.8,27.2
1783954887.29,45.8,27.2
1783954888.324,45.8,27.2
1783954889.365,45.8,27.2
1783954890.393,45.8,27.2
1783954891.42,45.8,27.2
1783954892.455,45.8,27.2
1783954893.489,45.8,27.2
1783954894.523,45.8,27.2
1783954895.557,45.7,27.2
1783954896.592,45.7,27.2
1783954897.617,45.7,27.2
1783954898.651,45.7,27.1
1783954899.686,45.7,27.2
1783954900.72,45.6,27.2
1783954901.746,45.5,27.2
1783954902.77,45.5,27.2
1783954903.796,45.5,27.2
1783954904.82,45.5,27.2
1783954905.844,45.5,27.1
1783954906.869,45.5,27.2
1783954907.894,45.6,27.2
1783954908.922,45.6,27.1
1783954909.951,45.7,27.2
1783954910.976,45.7,27.2
1783954912.01,45.7,27.2
1783954913.044,45.6,27.2
1783954914.078,45.5,27.1
1783954915.113,45.5,27.1
1783954916.147,45.4,27.2
1783954917.182,45.4,27.1
1783954918.207,45.4,27.2
1783954919.241,45.3,27.2
1783954920.274,45.3,27.1
1783954921.308,45.3,27.1
1783954922.332,45.3,27.1
1783954923.356,45.2,27.1
1783954924.381,45.2,27.2
1783954925.404,45.2,27.2
1783954926.428,45.1,27.1
1783954927.46,45.1,27.1
1783954928.487,45.1,27.1
1783954929.515,45.1,27.1
1783954930.54,45.1,27.1
1783954931.565,45.1,27.1
1783954932.598,45.0,27.1
1783954933.622,45.0,27.1
1783954934.656,45.0,27.1
1783954935.69,45.0,27.1
1783954936.723,45.0,27.1
1783954937.756,45.0,27.1
1783954938.791,45.0,27.1
1783954939.824,45.1,27.1
1783954940.857,45.0,27.1
1783954941.89,45.0,27.1
1783954942.923,45.0,27.1
1783954943.957,44.9,27.1
1783954944.991,44.9,27.1
1783954946.025,44.8,27.1
1783954947.058,44.9,27.1
1783954948.092,44.8,27.1
1783954949.116,44.8,27.1
1783954950.143,44.8,27.1
1783954951.167,44.9,27.1
1783954952.192,44.9,27.1
1783954953.216,44.9,27.1
1783954954.24,44.9,27.1
1783954955.265,44.9,27.1
1783954956.29,45.0,27.1
1783954957.323,45.0,27.1
1783954958.356,45.0,27.1
1783954959.389,45.0,27.1
1783954960.422,45.0,27.1
1783954961.454,45.0,27.1
1783954962.486,45.1,27.1
1783954963.511,45.1,27.1
1783954964.535,45.1,27.1
1783954965.56,45.2,27.1
1783954966.584,45.2,27.1
1783954967.616,45.2,27.1
1783954968.641,45.3,27.1
1783954969.666,45.2,27.1
1783954970.699,45.2,27.1
1783954971.732,45.3,27.1
1783954972.765,45.3,27.1
1783954973.798,45.3,27.1
1783954974.831,45.3,27.1
1783954975.855,45.4,27.1
1783954976.888,45.3,27.1
1783954977.922,45.4,27.1
1783954978.954,45.4,27.1
1783954979.987,45.4,27.1
1783954981.02,45.4,27.1
1783954982.053,45.4,27.1
1783954983.086,45.5,27.1
1783954984.119,45.5,27.1
1783954985.152,45.5,27.1
1783954986.186,45.5,27.1
1783954987.219,45.5,27.1
1783954988.252,45.5,27.1
1783954989.278,45.6,27.1
1783954990.307,45.6,27.1
1783954991.34,45.6,27.1
1783954992.372,45.6,27.1
1783954993.405,45.7,27.1
1783954994.429,45.7,27.1
1783954995.453,45.8,27.1
1783954996.485,45.8,27.1
1783954997.508,45.9,27.1
1783954998.531,45.9,27.1
1783954999.555,46.0,27.1
1783955000.578,46.0,27.1
1783955001.601,46.1,27.1
1783955002.625,46.2,27.1
1783955003.649,46.2,27.1
1783955004.681,46.3,27.1
1783955005.714,46.3,27.1
1783955006.743,46.4,27.1
1783955007.779,46.4,27.1
1783955008.807,46.5,27.1
1783955009.833,46.5,27.1
1783955010.856,46.6,27.1
1783955011.888,46.7,27.1
1783955012.92,46.7,27.1
1783955013.952,46.8,27.1
1783955014.985,46.9,27.1
1783955016.017,46.9,27.1
1783955017.05,46.9,27.1
1783955018.074,46.9,27.1
1783955019.109,47.0,27.1
1783955020.148,47.0,27.1
1783955021.181,47.0,27.1
1783955022.214,47.0,27.1
1783955023.24,47.0,27.1
1783955024.273,47.1,27.1
1783955025.306,47.1,27.1
1783955026.339,47.0,27.1
1783955027.372,47.1,27.1
1783955028.406,47.0,27.1
1783955029.433,47.1,27.1
1783955030.456,47.0,27.1
1783955031.48,46.9,27.1
1783955032.512,46.9,27.0
1783955033.544,46.9,27.1
1783955034.576,46.9,27.1
1783955035.61,46.9,27.1
1783955036.636,46.9,27.1
1783955037.671,46.9,27.1
1783955038.705,46.9,27.1
1783955039.739,46.9,27.1
1783955040.764,46.9,27.1
1783955041.8,46.9,27.1
1783955042.836,47.0,27.1
1783955043.86,47.0,27.1
1783955044.886,47.0,27.1
1783955045.911,47.1,27.1
1783955046.936,47.1,27.1
1783955047.964,47.2,27.1
1783955048.992,47.1,27.1
1783955050.021,47.2,27.1
1783955051.046,47.2,27.1
1783955052.071,47.3,27.1
1783955053.095,47.3,27.1
1783955054.12,47.3,27.1
1783955055.144,47.3,27.1
1783955056.178,47.4,27.1
1783955057.211,47.4,27.1
1783955058.236,47.4,27.1
1783955059.27,47.4,27.1
1783955060.295,47.4,27.1
1783955061.329,47.4,27.1
1783955062.363,47.4,27.1
1783955063.397,47.4,27.1
1783955064.431,47.5,27.1
1783955065.457,47.5,27.1
1783955066.491,47.5,27.1
1783955067.524,47.5,27.1
1783955068.554,47.5,27.1
1783955069.581,47.6,27.0
1783955070.606,47.6,27.1
1783955071.639,47.7,27.1
1783955072.672,47.7,27.1
1783955073.706,47.7,27.1
1783955074.74,47.7,27.1
1783955075.773,47.7,27.1
1783955076.807,47.8,27.1
1783955077.84,47.7,27.1
1783955078.874,47.7,27.1
1783955079.908,47.8,27.1
1783955080.943,47.8,27.1
1783955081.978,47.8,27.1
1783955083.012,47.8,27.1
1783955084.046,47.9,27.1
1783955085.08,47.9,27.1
1783955086.114,47.9,27.1
1783955087.149,47.9,27.1
1783955088.182,47.9,27.1
1783955089.216,48.0,27.1
1783955090.24,48.0,27.1
1783955091.27,48.0,27.1
1783955092.295,48.0,27.1
1783955093.32,48.0,27.1
1783955094.345,48.0,27.1
1783955095.371,48.1,27.1
1783955096.396,48.1,27.1
1783955097.42,48.1,27.1
1783955098.45,48.1,27.1
1783955099.476,48.1,27.1
1783955100.512,48.1,27.1
1783955101.545,48.1,27.1
1783955102.57,48.1,27.1
1783955103.605,48.1,27.1
1783955104.639,48.2,27.1
1783955105.673,48.1,27.1
1783955106.706,48.1,27.1
1783955107.739,48.1,27.1
1783955108.774,48.1,27.1
1783955109.81,48.1,27.1
1783955110.841,48.2,27.1
1783955111.866,48.2,27.1
1783955112.9,48.2,27.1
1783955113.935,48.2,27.1
1783955114.969,48.2,27.1
1783955116.003,48.2,27.1
1783955117.038,48.3,27.1
1783955118.072,48.3,27.1
1783955119.106,48.3,27.1
1783955120.14,48.3,27.1
1783955121.175,48.3,27.1
1783955122.209,48.3,27.1
1783955123.244,48.4,27.1
1783955124.278,48.4,27.1
1783955125.312,48.4,27.1
1783955126.346,48.4,27.1
1783955127.38,48.4,27.1
1783955128.414,48.5,27.1
1783955129.448,48.5,27.1
1783955130.482,48.5,27.1
1783955131.519,48.4,27.1
1783955132.545,48.5,27.1
1783955133.579,48.5,27.0
1783955134.613,48.4,27.0
1783955135.638,48.5,27.1
1783955136.663,48.4,27.1
1783955137.688,48.5,27.1
1783955138.713,48.5,27.1
1783955139.738,48.5,27.1
1783955140.764,48.5,27.1
1783955141.789,48.5,27.0
1783955142.813,48.5,27.0
1783955143.848,48.5,27.1
1783955144.882,48.6,27.1
1783955145.917,48.6,27.1
1783955146.952,48.6,27.1
1783955147.986,48.6,27.1
1783955149.02,48.7,27.1
1783955150.056,48.7,27.1
1783955151.083,48.7,27.1
1783955152.107,48.8,27.1
1783955153.141,48.8,27.1
1783955154.174,48.8,27.1
1783955155.208,48.8,27.1
1783955156.242,48.9,27.0
1783955157.276,48.9,27.1
1783955158.312,49.0,27.1
1783955159.346,49.0,27.0
1783955160.371,49.0,27.0
1783955161.405,49.1,27.1
1783955162.439,49.1,27.0
1783955163.473,49.1,27.0
1783955164.507,49.1,27.1
1783955165.533,49.1,27.1
1783955166.568,49.1,27.0
1783955167.602,49.1,27.1
1783955168.636,49.1,27.1
1783955169.67,49.2,27.1
1783955170.701,49.2,27.1
1783955171.731,49.2,27.0
1783955172.759,49.2,27.1
1783955173.794,49.2,27.1
1783955174.828,49.2,27.1
1783955175.862,49.2,27.1
1783955176.896,49.2,27.1
1783955177.929,49.2,27.1
1783955178.962,49.2,27.1
1783955179.995,49.2,27.0
1783955181.02,49.2,27.1
1783955182.044,49.2,27.1
1783955183.068,49.2,27.0
1783955184.091,49.2,27.1
1783955185.115,49.2,27.1
1783955186.14,49.2,27.1
1783955187.164,49.3,27.1
1783955188.188,49.3,27.1
1783955189.223,49.3,27.1
1783955190.249,49.3,27.0
1783955191.28,49.3,27.1
1783955192.308,49.4,27.1
1783955193.341,49.4,27.0
1783955194.374,49.4,27.1
1783955195.407,49.4,27.1
1783955196.44,49.4,27.1
1783955197.472,49.5,27.1
1783955198.506,49.5,27.1
1783955199.539,49.5,27.1
1783955200.572,49.6,27.1
1783955201.605,49.5,27.0
1783955202.63,49.6,27.1
1783955203.663,49.6,27.1
1783955204.696,49.6,27.1
1783955205.729,49.6,27.1
1783955206.762,49.6,27.1
1783955207.787,49.6,27.1
1783955208.82,49.7,27.1
1783955209.853,49.7,27.0
1783955210.886,49.7,27.1
1783955211.923,49.8,27.1
1783955212.951,49.8,27.1
1783955213.978,49.9,27.1
1783955215.011,50.0,27.1
1783955216.044,50.1,27.1
1783955217.077,50.1,27.1
1783955218.11,50.2,27.1
1783955219.142,50.2,27.1
1783955220.177,50.2,27.1
1783955221.202,50.2,27.0
1783955222.237,50.3,27.1
1783955223.272,50.3,27.1
1783955224.306,50.2,27.1
1783955225.34,50.2,27.0
1783955226.365,50.2,27.1
1783955227.389,50.2,27.1
1783955228.414,50.2,27.1
1783955229.438,50.2,27.1
1783955230.464,50.2,27.1
1783955231.491,50.2,27.1
1783955232.52,50.1,27.1
1783955233.548,50.2,27.1
1783955234.581,50.1,27.1
1783955235.615,50.1,27.1
1783955236.649,50.1,27.0
1783955237.683,50.1,27.1
1783955238.717,50.1,27.0
1783955239.752,50.1,27.1
1783955240.786,50.1,27.1
1783955241.82,50.1,27.1
1783955242.854,50.1,27.1
1783955243.888,50.1,27.1
1783955244.922,50.2,27.1
1783955245.956,50.2,27.1
1783955246.991,50.2,27.1
1783955248.025,50.2,27.1
1783955249.06,50.1,27.0
1783955250.094,50.1,27.1
1783955251.128,50.2,27.1
1783955252.164,50.2,27.1
1783955253.195,50.2,27.1
1783955254.221,50.2,27.1
1783955255.255,50.2,27.1
1783955256.29,50.2,27.1
1783955257.323,50.2,27.1
1783955258.356,50.2,27.1
1783955259.389,50.3,27.1
1783955260.415,50.3,27.1
1783955261.44,50.3,27.1
1783955262.475,50.4,27.1
1783955263.501,50.4,27.1
1783955264.536,50.4,27.1
1783955265.571,50.4,27.1
1783955266.606,50.4,27.1
1783955267.641,50.4,27.1
1783955268.667,50.4,27.1
1783955269.702,50.4,27.1
1783955270.728,50.5,27.1
1783955271.758,50.5,27.1
1783955272.786,50.6,27.1
1783955273.817,50.6,27.1
1783955274.842,50.6,27.1
1783955275.868,50.6,27.1
1783955276.895,50.6,27.1
1783955277.922,50.7,27.1
1783955278.957,50.7,27.1
1783955279.99,50.7,27.0
1783955281.014,50.8,27.1
1783955282.038,50.8,27.1
1783955283.07,50.8,27.1
1783955284.102,50.8,27.1
1783955285.134,50.8,27.1
1783955286.167,50.9,27.1
1783955287.199,50.9,27.1
1783955288.231,50.9,27.1
1783955289.264,51.0,27.1
1783955290.296,50.9,27.1
1783955291.328,51.0,27.1
1783955292.361,51.0,27.1
1783955293.387,51.0,27.1
1783955294.411,51.0,27.1
1783955295.444,51.0,27.1
1783955296.477,50.9,27.1
1783955297.51,50.9,27.1
1783955298.542,50.9,27.1
1783955299.575,50.9,27.1
1783955300.607,50.9,27.1
1783955301.639,50.8,27.1
1783955302.672,50.9,27.1
1783955303.705,50.8,27.1
1783955304.738,50.8,27.1
1783955305.771,50.8,27.1
1783955306.804,50.8,27.1
1783955307.839,50.8,27.1
1783955308.874,50.8,27.1
1783955309.908,50.8,27.1
1783955310.943,50.8,27.1
1783955311.978,50.8,27.1
1783955313.012,50.8,27.1
1783955314.038,50.8,27.1
1783955315.064,50.8,27.1
1783955316.096,50.8,27.1
1783955317.121,50.7,27.1
1783955318.145,50.7,27.1
1783955319.168,50.7,27.1
1783955320.192,50.7,27.1
1783955321.216,50.7,27.1
1783955322.241,50.7,27.1
1783955323.264,50.7,27.1
1783955324.289,50.7,27.1
1783955325.321,50.7,27.1
1783955326.353,50.7,27.1
1783955327.385,50.7,27.1
1783955328.417,50.7,27.1
1783955329.451,50.6,27.1
1783955330.483,50.7,27.1
1783955331.516,50.7,27.1
1783955332.55,50.7,27.1
1783955333.58,50.7,27.1
1783955334.604,50.6,27.1
1783955335.636,50.6,27.1
1783955336.668,50.6,27.1
1783955337.7,50.6,27.1
1783955338.733,50.6,27.1
1783955339.766,50.6,27.1
1783955340.789,50.6,27.1
1783955341.822,50.6,27.1
1783955342.855,50.6,27.1
1783955343.888,50.6,27.1
1783955344.92,50.5,27.1
1783955345.953,50.5,27.1
1783955346.986,50.5,27.1
1783955348.019,50.5,27.1
1783955349.052,50.5,27.1
1783955350.085,50.5,27.1
1783955351.118,50.5,27.1
1783955352.151,50.5,27.1
1783955353.177,50.5,27.1
1783955354.208,50.4,27.1
1783955355.233,50.4,27.1
1783955356.266,50.4,27.1
1783955357.301,50.4,27.1
1783955358.334,50.4,27.1
1783955359.367,50.3,27.1
1783955360.4,50.3,27.1
1783955361.434,50.3,27.1
1783955362.468,50.3,27.1
1783955363.494,50.3,27.1
1783955364.518,50.3,27.1
1783955365.542,50.3,27.1
1783955366.566,50.3,27.1
1783955367.591,50.2,27.1
1783955368.617,50.2,27.1
1783955369.641,50.2,27.1
1783955370.668,50.2,27.1
1783955371.704,50.2,27.1
1783955372.736,50.2,27.1
1783955373.763,50.2,27.1
1783955374.788,50.2,27.1
1783955375.82,50.2,27.1
1783955376.852,50.2,27.1
1783955377.885,50.1,27.1
1783955378.918,50.1,27.1
1783955379.951,50.1,27.1
1783955380.976,50.1,27.1
1783955382.008,50.1,27.1
1783955383.041,50.0,27.1
1783955384.074,50.0,27.1
1783955385.107,50.0,27.1
1783955386.14,50.0,27.1
1783955387.173,50.0,27.1
1783955388.205,49.9,27.1
1783955389.239,49.9,27.1
1783955390.272,49.9,27.1
1783955391.305,49.8,27.1
1783955392.338,49.9,27.1
1783955393.371,49.8,27.1
1783955394.405,49.8,27.1
1783955395.432,49.8,27.1
1783955396.459,49.8,27.1
1783955397.493,49.8,27.1
1783955398.526,49.7,27.1
1783955399.559,49.7,27.1
1783955400.592,49.7,27.1
1783955401.625,49.7,27.1
1783955402.658,49.6,27.1
1783955403.69,49.5,27.1
1783955404.724,49.5,27.1
1783955405.757,49.4,27.1
1783955406.79,49.4,27.1
1783955407.814,49.3,27.1
1783955408.84,49.3,27.1
1783955409.863,49.3,27.1
1783955410.887,49.2,27.1
1783955411.911,49.2,27.1
1783955412.936,49.2,27.1
1783955413.964,49.2,27.1
1783955414.994,49.2,27.1
1783955416.019,49.1,27.1
1783955417.052,49.1,27.1
1783955418.085,49.0,27.1
1783955419.118,48.9,27.1
1783955420.151,48.9,27.1
1783955421.185,48.8,27.1
1783955422.217,48.7,27.1
1783955423.25,48.7,27.1
1783955424.283,48.6,27.1
1783955425.316,48.6,27.1
1783955426.349,48.6,27.1
1783955427.382,48.6,27.1
1783955428.417,48.7,27.1
1783955429.442,48.6,27.1
1783955430.477,48.6,27.1
1783955431.51,48.5,27.1
1783955432.545,48.5,27.1
1783955433.579,48.5,27.1
1783955434.605,48.5,27.1
1783955435.632,48.5,27.1
1783955436.659,48.4,27.1
1783955437.693,48.4,27.1
1783955438.727,48.5,27.1
1783955439.768,48.5,27.1
1783955440.827,48.5,27.1
1783955441.861,48.5,27.1
1783955442.895,48.5,27.1
1783955443.93,48.6,27.1
1783955444.964,48.6,27.1
1783955445.998,48.7,27.1
1783955447.033,48.7,27.1
1783955448.067,48.6,27.1
1783955449.102,48.5,27.1
1783955450.136,48.4,27.1
1783955451.17,48.4,27.1
1783955452.204,48.3,27.1
1783955453.229,48.2,27.1
1783955454.255,48.1,27.1
1783955455.283,48.0,27.1
1783955456.311,48.0,27.1
1783955457.342,48.0,27.1
1783955458.368,48.0,27.1
1783955459.394,47.9,27.1
1783955460.419,47.9,27.1
1783955461.449,47.9,27.1
1783955462.484,47.9,27.1
1783955463.519,48.0,27.1
1783955464.553,48.0,27.1
1783955465.579,48.0,27.1
1783955466.613,48.0,27.1
1783955467.648,48.1,27.1
1783955468.683,48.1,27.1
1783955469.717,48.1,27.1
1783955470.752,48.0,27.1
1783955471.786,48.0,27.1
1783955472.82,48.0,27.1
1783955473.852,47.9,27.1
1783955474.886,47.9,27.1
1783955475.921,47.9,27.1
1783955476.95,47.9,27.1
1783955477.977,47.9,27.1
1783955479.011,47.9,27.1
1783955480.045,47.9,27.1
1783955481.078,47.9,27.1
1783955482.112,48.0,27.1
1783955483.146,48.0,27.1
1783955484.179,48.0,27.1
1783955485.213,48.0,27.1
1783955486.247,47.9,27.1
1783955487.28,47.8,27.1
1783955488.314,47.8,27.1
1783955489.348,47.8,27.1
1783955490.381,47.8,27.1
1783955491.415,47.8,27.1
1783955492.449,47.8,27.1
1783955493.483,47.7,27.1
1783955494.517,47.7,27.1
1783955495.552,47.6,27.1
1783955496.587,47.5,27.1
1783955497.613,47.4,27.1
1783955498.642,47.3,27.1
1783955499.668,47.3,27.1
1783955500.698,47.3,27.1
1783955501.723,47.3,27.1
1783955502.758,47.3,27.1
1783955503.786,47.3,27.1
1783955504.811,47.3,27.1
1783955505.836,47.3,27.1
1783955506.862,47.3,27.1
1783955507.894,47.3,27.1
1783955508.929,47.2,27.1
1783955509.963,47.2,27.1
1783955510.998,47.1,27.1
1783955512.032,47.1,27.1
1783955513.066,47.0,27.1
1783955514.101,47.0,27.1
1783955515.135,47.0,27.1
1783955516.17,47.0,27.1
1783955517.208,46.9,27.1
1783955518.236,47.0,27.1
1783955519.261,46.9,27.1
1783955520.295,46.9,27.1
1783955521.33,46.9,27.1
1783955522.363,46.9,27.1
1783955523.387,46.8,27.1
1783955524.42,46.8,27.1
1783955525.453,46.8,27.1
1783955526.486,46.7,27.1
1783955527.519,46.7,27.1
1783955528.544,46.7,27.1
1783955529.576,46.7,27.1
1783955530.608,46.7,27.1
1783955531.64,46.7,27.1
1783955532.673,46.7,27.1
1783955533.698,46.7,27.1
1783955534.731,46.7,27.1
1783955535.756,46.6,27.1
1783955536.788,46.6,27.1
1783955537.822,46.5,27.1
1783955538.846,46.4,27.1
1783955539.871,46.3,27.1
1783955540.903,46.2,27.1
1783955541.935,46.2,27.1
1783955542.968,46.1,27.1
1783955543.992,46.1,27.1
1783955545.016,46.1,27.1
1783955546.04,46.1,27.1
1783955547.064,46.1,27.1
1783955548.088,46.1,27.1
1783955549.113,46.2,27.1
1783955550.138,46.2,27.1
1783955551.162,46.3,27.1
1783955552.195,46.3,27.1
1783955553.227,46.3,27.1
1783955554.259,46.2,27.1
1783955555.291,46.2,27.1
1783955556.324,46.1,27.1
1783955557.36,46.0,27.1
1783955558.392,45.9,27.1
1783955559.419,45.8,27.1
1783955560.451,45.8,27.1
1783955561.484,45.7,27.1
1783955562.516,45.8,27.1
1783955563.539,45.8,27.1
1783955564.572,45.8,27.1
1783955565.6,45.9,27.1
1783955566.625,45.8,27.1
1783955567.657,45.8,27.1
1783955568.69,45.9,27.1
1783955569.713,45.9,27.1
1783955570.737,45.9,27.1
1783955571.771,45.9,27.1
1783955572.803,45.9,27.1
1783955573.836,45.8,27.1
1783955574.861,45.8,27.1
1783955575.885,45.9,27.1
1783955576.919,45.8,27.1
1783955577.954,45.8,27.1
1783955578.979,45.8,27.1
1783955580.006,45.8,27.1
1783955581.029,45.8,27.1
1783955582.061,45.7,27.1
1783955583.093,45.8,27.1
1783955584.126,45.8,27.1
1783955585.149,45.7,27.1
1783955586.174,45.7,27.1
1783955587.206,45.7,27.1
1783955588.238,45.7,27.1
1783955589.271,45.7,27.1
1783955590.296,45.7,27.1
1783955591.319,45.7,27.1
1783955592.343,45.7,27.1
1783955593.367,45.7,27.1
1783955594.4,45.7,27.1
1783955595.427,45.6,27.1
1783955596.451,45.7,27.1
1783955597.481,45.7,27.1
1783955598.506,45.7,27.1
1783955599.53,45.7,27.1
1783955600.555,45.7,27.1
1783955601.579,45.7,27.1
1783955602.605,45.7,27.1
1783955603.638,45.7,27.1
1783955604.671,45.7,27.1
1783955605.704,45.7,27.1
1783955606.736,45.7,27.1
1783955607.77,45.6,27.1
1783955608.803,45.6,27.0
1783955609.836,45.6,27.0
1783955610.869,45.5,27.1
1783955611.902,45.4,27.1
1783955612.935,45.4,27.1
1783955613.96,45.4,27.1
1783955614.995,45.4,27.1
1783955616.028,45.4,27.0
1783955617.062,45.5,27.0
1783955618.089,45.5,27.1
1783955619.115,45.4,27.0
1783955620.148,45.4,27.1
1783955621.181,45.3,27.1
1783955622.214,45.3,27.0
1783955623.247,45.3,27.1
1783955624.28,45.3,27.0
1783955625.313,45.3,27.1
1783955626.347,45.3,27.1
1783955627.379,45.3,27.1
1783955628.412,45.2,27.0
1783955629.444,45.2,27.0
1783955630.476,45.3,27.0
1783955631.508,45.2,27.0
1783955632.541,45.2,27.1
1783955633.573,45.2,27.0
1783955634.605,45.1,27.0
1783955635.629,45.1,27.0
1783955636.653,45.1,27.0
1783955637.68,45.0,27.0
1783955638.705,45.0,27.0
1783955639.729,45.0,27.1
1783955640.753,45.0,27.0
1783955641.786,44.9,27.0
1783955642.82,45.0,27.0
1783955643.852,45.0,27.0
1783955644.876,45.0,27.1
1783955645.9,45.0,27.1
1783955646.924,45.0,27.0
1783955647.948,45.0,27.0
1783955648.972,45.0,27.1
1783955649.996,45.0,27.0
1783955651.02,45.0,27.0
1783955652.047,45.0,27.0
1783955653.081,45.0,27.0
1783955654.114,45.0,27.0
1783955655.148,45.1,27.0
1783955656.183,45.2,27.0
1783955657.217,45.2,27.0
1783955658.242,45.3,27.0
1783955659.27,45.3,27.0
1783955660.295,45.3,27.0
1783955661.329,45.4,27.0
1783955662.364,45.4,27.0
1783955663.398,45.5,27.0
1783955664.433,45.6,27.0
1783955665.467,45.8,27.0
1783955666.501,45.8,27.0
1783955667.536,45.9,27.0
1783955668.561,45.9,27.0
1783955669.595,46.0,27.0
1783955670.63,46.0,27.0
1783955671.664,46.1,27.0
1783955672.7,46.1,27.0
1783955673.735,46.2,27.0
1783955674.761,46.3,27.0
1783955675.796,46.3,27.0
1783955676.831,46.4,27.1
1783955677.869,46.5,27.0
1783955678.902,46.5,27.0
1783955679.929,46.6,27.0
1783955680.954,46.6,27.0
1783955681.979,46.6,27.0
1783955683.012,46.6,27.0
1783955684.046,46.6,27.0
1783955685.08,46.7,27.0
1783955686.113,46.7,27.0
1783955687.147,46.7,27.0
1783955688.182,46.7,27.0
1783955689.216,46.7,27.0
1783955690.251,46.8,27.0
1783955691.286,46.8,27.0
1783955692.323,46.8,27.0
1783955693.347,46.8,27.0
1783955694.371,46.8,27.0
1783955695.395,46.8,27.0
1783955696.42,46.8,27.0
1783955697.446,46.8,27.0
1783955698.473,46.8,27.0
1783955699.5,46.8,27.0
1783955700.524,46.7,27.0
1783955701.549,46.7,27.0
1783955702.582,46.7,27.0
1783955703.616,46.7,27.0
1783955704.65,46.6,27.0
1783955705.676,46.6,27.0
1783955706.7,46.6,27.0
1783955707.734,46.6,27.0
1783955708.768,46.7,27.0
1783955709.802,46.7,27.0
1783955710.828,46.7,27.0
1783955711.852,46.8,27.0
1783955712.886,46.9,27.0
1783955713.921,46.9,27.0
1783955714.955,46.9,27.0
1783955715.989,47.0,27.0
1783955717.023,47.0,27.0
1783955718.061,47.1,27.0
1783955719.088,47.1,27.0
1783955720.114,47.2,27.0
1783955721.148,47.2,27.0
1783955722.173,47.2,27.0
1783955723.198,47.2,27.0
1783955724.223,47.2,27.0
1783955725.247,47.2,27.0
1783955726.281,47.2,27.0
1783955727.315,47.2,27.0
1783955728.351,47.2,27.0
1783955729.389,47.2,27.0
1783955730.424,47.2,27.0
1783955731.458,47.2,27.0
1783955732.492,47.2,27.0
1783955733.526,47.2,27.0
1783955734.559,47.1,27.0
1783955735.589,47.2,27.0
1783955736.614,47.1,27.0
1783955737.649,47.2,27.0
1783955738.676,47.2,27.0
1783955739.708,47.2,27.0
1783955740.77,47.2,27.0
1783955741.794,47.3,27.0
1783955742.818,47.3,27.0
1783955743.843,47.4,27.0
1783955744.867,47.4,27.0
1783955745.891,47.5,27.0
1783955746.915,47.6,27.0
1783955747.939,47.6,27.0
1783955748.964,47.6,27.0
1783955749.989,47.6,27.0
1783955751.022,47.7,27.0
1783955752.047,47.7,27.0
1783955753.08,47.7,27.0
1783955754.105,47.7,27.0
1783955755.139,47.7,27.0
1783955756.172,47.7,27.0
1783955757.205,47.7,27.0
1783955758.23,47.7,27.0
1783955759.254,47.7,27.0
1783955760.287,47.7,27.0
1783955761.32,47.8,27.0
1783955762.354,47.9,27.0
1783955763.386,47.9,27.0
1783955764.419,47.9,27.0
1783955765.452,48.0,27.0
1783955766.485,48.0,27.0
1783955767.518,48.1,27.0
1783955768.542,48.1,27.0
1783955769.567,48.2,27.0
1783955770.591,48.3,27.0
1783955771.626,48.3,27.0
1783955772.659,48.3,27.0
1783955773.685,48.3,27.0
1783955774.718,48.4,27.0
1783955775.751,48.4,27.0
1783955776.786,48.4,27.0
1783955777.812,48.4,27.0
1783955778.839,48.4,27.0
1783955779.872,48.4,27.0
1783955780.905,48.4,27.0
1783955781.939,48.5,27.0
1783955782.972,48.6,27.0
1783955784.005,48.6,27.0
1783955785.038,48.6,27.0
1783955786.062,48.7,27.0
1783955787.097,48.7,27.0
1783955788.13,48.7,27.0
1783955789.163,48.7,27.0
1783955790.188,48.7,27.0
1783955791.212,48.7,27.0
1783955792.236,48.7,27.0
1783955793.26,48.7,27.0
1783955794.284,48.7,27.0
1783955795.309,48.6,27.0
1783955796.334,48.6,27.0
1783955797.36,48.6,27.0
1783955798.387,48.6,27.0
1783955799.414,48.6,27.0
1783955800.446,48.6,27.0
1783955801.472,48.6,27.0
1783955802.505,48.6,27.0
1783955803.537,48.6,27.0
1783955804.57,48.6,27.0
1783955805.602,48.6,27.0
1783955806.626,48.6,27.0
1783955807.658,48.6,27.0
1783955808.69,48.6,27.0
1783955809.722,48.6,27.0
1783955810.746,48.6,27.0
1783955811.77,48.6,27.0
1783955812.794,48.6,27.0
1783955813.819,48.6,27.0
1783955814.851,48.6,27.0
1783955815.884,48.6,27.0
1783955816.91,48.6,27.0
1783955817.936,48.6,27.0
1783955818.967,48.7,27.0
1783955820.0,48.7,27.0
1783955821.034,48.7,27.0
1783955822.067,48.7,27.0
1783955823.1,48.7,27.0
1783955824.133,48.7,27.0
1783955825.166,48.7,27.0
1783955826.2,48.6,27.0
1783955827.233,48.6,27.0
1783955828.258,48.7,27.0
1783955829.291,48.7,27.0
1783955830.324,48.7,27.0
1783955831.358,48.7,27.0
1783955832.39,48.7,27.0
1783955833.414,48.7,27.0
1783955834.447,48.7,27.0
1783955835.48,48.8,27.0
1783955836.513,48.8,27.0
1783955837.548,48.8,27.0
1783955838.582,48.9,27.0
1783955839.608,48.9,27.0
1783955840.632,48.9,27.0
1783955841.655,48.9,27.0
1783955842.679,49.0,27.0
1783955843.704,48.9,27.0
1783955844.729,49.0,27.0
1783955845.754,49.0,27.0
1783955846.779,49.0,27.0
1783955847.804,49.0,27.0
1783955848.831,49.0,27.0
1783955849.866,49.0,27.0
1783955850.9,49.0,27.0
1783955851.935,49.0,27.0
1783955852.96,49.0,27.0
1783955853.984,49.0,27.0
1783955855.008,49.0,27.0
1783955856.033,49.1,27.0
1783955857.059,49.1,27.0
1783955858.087,49.2,27.0
1783955859.12,49.2,27.0
1783955860.153,49.2,27.0
1783955861.186,49.3,27.0
1783955862.219,49.3,27.0
1783955863.252,49.3,27.0
1783955864.284,49.4,27.0
1783955865.317,49.4,27.0
1783955866.35,49.4,27.0
1783955867.383,49.4,27.0
1783955868.416,49.4,27.0
1783955869.448,49.4,27.0
1783955870.481,49.5,27.0
1783955871.514,49.5,27.0
1783955872.547,49.5,27.0
1783955873.572,49.6,27.0
1783955874.604,49.6,27.0
1783955875.637,49.6,27.0
1783955876.67,49.6,27.0
1783955877.697,49.6,27.0
1783955878.722,49.7,27.0
1783955879.755,49.7,27.0
1783955880.778,49.7,27.0
1783955881.811,49.7,27.0
1783955882.836,49.8,27.0
1783955883.86,49.8,27.0
1783955884.893,49.8,27.0
1783955885.926,49.9,27.0
1783955886.959,49.9,27.0
1783955887.992,49.9,27.0
1783955889.016,49.9,27.0
1783955890.049,50.0,27.0
1783955891.073,50.0,27.0
1783955892.098,50.0,27.0
1783955893.123,50.0,27.0
1783955894.148,50.0,27.0
1783955895.173,50.1,27.0
1783955896.202,50.0,27.0
1783955897.229,50.1,27.0
1783955898.255,50.1,27.0
1783955899.279,50.1,27.0
1783955900.303,50.1,27.0
1783955901.335,50.1,27.0
1783955902.368,50.0,27.0
1783955903.402,50.1,27.0
1783955904.436,50.1,27.0
1783955905.47,50.1,27.0
1783955906.504,50.1,27.0
1783955907.539,50.1,27.0
1783955908.573,50.2,27.0
1783955909.606,50.2,27.0
1783955910.64,50.2,27.0
1783955911.675,50.2,27.0
1783955912.709,50.2,27.0
1783955913.743,50.2,27.0
1783955914.778,50.3,27.0
1783955915.812,50.3,27.0
1783955916.839,50.3,27.0
1783955917.864,50.3,27.0
1783955918.898,50.3,27.0
1783955919.932,50.4,27.0
1783955920.957,50.4,27.0
1783955921.982,50.4,27.0
1783955923.016,50.5,27.0
1783955924.05,50.5,27.0
1783955925.084,50.5,27.0
1783955926.109,50.5,27.0
1783955927.134,50.6,27.0
1783955928.169,50.6,27.0
1783955929.203,50.6,27.0
1783955930.237,50.6,27.0
1783955931.271,50.6,27.0
1783955932.298,50.6,27.0
1783955933.332,50.6,27.0
1783955934.366,50.6,27.0
1783955935.401,50.6,27.0
1783955936.442,50.6,27.0
1783955937.476,50.6,27.0
1783955938.5,50.6,27.0
1783955939.527,50.6,27.0
1783955940.551,50.6,27.0
1783955941.576,50.6,27.0
1783955942.601,50.6,27.0
1783955943.626,50.6,27.0
1783955944.65,50.6,27.0
1783955945.675,50.6,27.0
1783955946.701,50.6,27.0
1783955947.735,50.7,27.0
1783955948.769,50.7,27.0
1783955949.804,50.7,27.0
1783955950.838,50.7,27.0
1783955951.872,50.7,27.0
1783955952.906,50.7,27.0
1783955953.94,50.7,27.0
1783955954.974,50.8,27.0
1783955956.003,50.8,27.0
1783955957.03,50.9,27.0
1783955958.059,50.9,27.0
1783955959.094,51.0,27.0
1783955960.128,51.0,27.0
1783955961.153,51.0,27.0
1783955962.188,51.0,27.0
1783955963.214,51.0,27.0
1783955964.248,51.0,27.0
1783955965.283,51.0,27.1
1783955966.308,51.0,27.0
1783955967.341,51.0,27.0
1783955968.366,51.0,27.0
1783955969.4,51.0,27.1
1783955970.434,51.0,27.0
1783955971.459,51.0,27.0
1783955972.492,51.0,27.0
1783955973.52,51.0,27.1
1783955974.555,51.0,27.0
1783955975.589,51.0,27.0
1783955976.624,51.0,27.1
1783955977.649,51.0,27.0
1783955978.678,51.0,27.0
1783955979.712,50.9,27.0
1783955980.746,50.9,27.0
1783955981.78,50.9,27.1
1783955982.816,50.9,27.0
1783955983.84,50.9,27.0
1783955984.874,50.8,27.0
1783955985.908,50.8,27.0
1783955986.934,50.8,27.0
1783955987.96,50.8,27.0
1783955988.985,50.7,27.1
1783955990.01,50.7,27.1
1783955991.035,50.7,27.0
1783955992.06,50.7,27.1
1783955993.094,50.7,27.0
1783955994.128,50.7,27.0
1783955995.16,50.7,27.0
1783955996.194,50.7,27.0
1783955997.224,50.6,27.1
1783955998.25,50.6,27.1
1783955999.283,50.6,27.0
1783956000.307,50.6,27.1
1783956001.34,50.6,27.1
1783956002.372,50.6,27.0
1783956003.404,50.6,27.0
1783956004.438,50.6,27.0
1783956005.472,50.5,27.1
1783956006.507,50.5,27.0
1783956007.532,50.5,27.1
1783956008.557,50.5,27.0
1783956009.591,50.5,27.1
1783956010.616,50.5,27.1
1783956011.651,50.5,27.1
1783956012.676,50.5,27.1
1783956013.702,50.5,27.1
1783956014.735,50.4,27.0
1783956015.773,50.5,27.1
1783956016.809,50.4,27.1
1783956017.838,50.4,27.0
1783956018.864,50.4,27.1
1783956019.898,50.4,27.1
1783956020.932,50.4,27.0
1783956021.965,50.4,27.0
1783956022.999,50.4,27.1
1783956024.034,50.4,27.1
1783956025.068,50.4,27.1
1783956026.102,50.4,27.0
1783956027.136,50.4,27.1
1783956028.17,50.3,27.0
1783956029.204,50.3,27.1
1783956030.237,50.3,27.1
1783956031.262,50.3,27.1
1783956032.286,50.3,27.1
1783956033.31,50.3,27.1
1783956034.336,50.3,27.1
1783956035.36,50.3,27.1
1783956036.386,50.3,27.1
1783956037.41,50.3,27.1
1783956038.438,50.3,27.1
1783956039.465,50.3,27.1
1783956040.497,50.3,27.1
1783956041.524,50.2,27.1
1783956042.549,50.2,27.1
1783956043.582,50.2,27.1
1783956044.616,50.2,27.1
1783956045.642,50.2,27.1
1783956046.666,50.2,27.1
1783956047.692,50.1,27.1
1783956048.727,50.1,27.1
1783956049.761,50.0,27.1
1783956050.786,50.0,27.1
1783956051.821,49.9,27.1
1783956052.846,49.8,27.1
1783956053.88,49.7,27.1
1783956054.915,49.6,27.1
1783956055.949,49.6,27.1
1783956056.983,49.5,27.1
1783956058.013,49.4,27.1
1783956059.041,49.4,27.1
1783956060.075,49.3,27.1
1783956061.109,49.3,27.1
1783956062.143,49.3,27.1
1783956063.179,49.3,27.1
1783956064.213,49.2,27.1
1783956065.247,49.2,27.1
1783956066.282,49.2,27.1
1783956067.316,49.2,27.1
1783956068.351,49.1,27.1
1783956069.384,49.2,27.1
1783956070.418,49.1,27.1
1783956071.452,49.1,27.1
1783956072.486,49.2,27.1
1783956073.513,49.1,27.1
1783956074.538,49.1,27.1
1783956075.564,49.0,27.1
1783956076.59,49.0,27.1
1783956077.627,48.9,27.1
1783956078.659,48.8,27.1
1783956079.688,48.8,27.1
1783956080.722,48.8,27.1
1783956081.757,48.8,27.1
1783956082.782,48.8,27.1
1783956083.807,48.8,27.1
1783956084.832,48.8,27.1
1783956085.866,48.9,27.1
1783956086.9,48.9,27.1
1783956087.926,48.9,27.1
1783956088.951,48.8,27.1
1783956089.975,48.8,27.1
1783956090.999,48.8,27.1
1783956092.023,48.8,27.1
1783956093.048,48.8,27.1
1783956094.072,48.7,27.1
1783956095.096,48.7,27.1
1783956096.129,48.7,27.1
1783956097.163,48.6,27.1
1783956098.189,48.6,27.1
1783956099.215,48.5,27.1
1783956100.247,48.5,27.1
1783956101.28,48.5,27.1
1783956102.312,48.5,27.1
1783956103.336,48.5,27.1
1783956104.369,48.5,27.1
1783956105.402,48.5,27.1
1783956106.434,48.5,27.1
1783956107.467,48.4,27.1
1783956108.5,48.4,27.1
1783956109.533,48.3,27.1
1783956110.566,48.3,27.1
1783956111.599,48.3,27.1
1783956112.632,48.3,27.1
1783956113.664,48.3,27.1
1783956114.697,48.3,27.1
1783956115.72,48.2,27.1
1783956116.744,48.3,27.1
1783956117.77,48.2,27.1
1783956118.795,48.3,27.1
1783956119.822,48.2,27.1
1783956120.846,48.2,27.1
1783956121.879,48.2,27.1
1783956122.912,48.1,27.1
1783956123.945,48.1,27.1
1783956124.979,48.0,27.1
1783956126.012,48.1,27.1
1783956127.036,48.0,27.1
1783956128.069,48.1,27.1
1783956129.1,48.1,27.1
1783956130.125,48.1,27.1
1783956131.159,48.2,27.1
1783956132.183,48.2,27.1
1783956133.216,48.1,27.1
1783956134.24,48.1,27.1
1783956135.264,48.1,27.1
1783956136.298,48.1,27.1
1783956137.323,48.1,27.1
1783956138.351,48.0,27.1
1783956139.381,48.0,27.1
1783956140.406,48.0,27.1
1783956141.437,47.9,27.1
1783956142.462,47.9,27.1
1783956143.486,47.9,27.1
1783956144.51,47.9,27.1
1783956145.534,47.9,27.1
1783956146.558,47.8,27.1
1783956147.582,47.8,27.1
1783956148.606,47.8,27.1
1783956149.638,47.8,27.1
1783956150.663,47.7,27.1
1783956151.695,47.7,27.1
1783956152.728,47.6,27.1
1783956153.76,47.6,27.1
1783956154.792,47.6,27.1
1783956155.827,47.6,27.1
1783956156.853,47.5,27.1
1783956157.878,47.5,27.1
1783956158.903,47.5,27.1
1783956159.927,47.5,27.1
1783956160.959,47.4,27.1
1783956161.983,47.5,27.1
1783956163.015,47.4,27.1
1783956164.047,47.3,27.1
1783956165.079,47.2,27.1
1783956166.112,47.1,27.1
1783956167.145,47.1,27.1
1783956168.178,47.1,27.1
1783956169.211,47.0,27.1
1783956170.245,47.0,27.1
1783956171.278,47.2,27.1
1783956172.311,47.1,27.1
1783956173.344,47.2,27.1
1783956174.369,47.2,27.1
1783956175.402,47.2,27.1
1783956176.436,47.2,27.1
1783956177.463,47.2,27.1
1783956178.493,47.1,27.1
1783956179.519,47.1,27.1
1783956180.543,47.1,27.1
1783956181.576,47.1,27.1
1783956182.609,47.1,27.1
1783956183.643,47.1,27.1
1783956184.667,47.1,27.1
1783956185.691,47.1,27.1
1783956186.724,47.1,27.1
1783956187.759,47.0,27.1
1783956188.793,47.0,27.1
1783956189.818,46.9,27.1
1783956190.852,46.8,27.1
1783956191.886,46.7,27.1
1783956192.921,46.6,27.1
1783956193.946,46.6,27.1
1783956194.97,46.6,27.1
1783956195.997,46.6,27.1
1783956197.024,46.6,27.1
1783956198.051,46.6,27.1
1783956199.075,46.6,27.1
1783956200.1,46.7,27.1
1783956201.124,46.7,27.1
1783956202.149,46.7,27.1
1783956203.182,46.6,27.1
1783956204.214,46.6,27.1
1783956205.247,46.6,27.1
1783956206.28,46.5,27.1
1783956207.312,46.5,27.0
1783956208.345,46.6,27.1
1783956209.38,46.6,27.1
1783956210.413,46.6,27.1
1783956211.448,46.7,27.1
1783956212.482,46.7,27.1
1783956213.516,46.7,27.1
1783956214.551,46.7,27.1
1783956215.587,46.7,27.1
1783956216.616,46.6,27.1
1783956217.642,46.7,27.1
1783956218.676,46.6,27.1
1783956219.71,46.6,27.1
1783956220.736,46.5,27.1
1783956221.77,46.5,27.1
1783956222.804,46.5,27.1
1783956223.838,46.4,27.1
1783956224.872,46.4,27.1
1783956225.898,46.3,27.1
1783956226.923,46.3,27.0
1783956227.956,46.2,27.1
1783956228.99,46.2,27.1
1783956230.015,46.2,27.1
1783956231.04,46.2,27.1
1783956232.074,46.3,27.1
1783956233.109,46.3,27.1
1783956234.143,46.3,27.1
1783956235.177,46.3,27.1
1783956236.214,46.3,27.1
1783956237.246,46.3,27.1
1783956238.274,46.2,27.0
1783956239.308,46.2,27.1
1783956240.342,46.2,27.0
1783956241.376,46.2,27.1
1783956242.41,46.2,27.1
1783956243.444,46.2,27.1
1783956244.474,46.2,27.0
1783956245.499,46.2,27.1
1783956246.524,46.2,27.1
1783956247.548,46.1,27.1
1783956248.574,46.1,27.1
1783956249.599,46.0,27.0
1783956250.625,46.0,27.1
1783956251.659,45.9,27.1
1783956252.694,45.8,27.1
1783956253.728,45.7,27.0
1783956254.763,45.6,27.0
1783956255.788,45.6,27.1
1783956256.818,45.6,27.1
1783956257.846,45.6,27.1
1783956258.88,45.7,27.1
1783956259.914,45.7,27.1
1783956260.94,45.7,27.1
1783956261.974,45.8,27.1
1783956263.008,45.8,27.0
1783956264.043,45.8,27.1
1783956265.077,45.8,27.1
1783956266.102,45.8,27.0
1783956267.137,45.8,27.1
1783956268.165,45.8,27.0
1783956269.199,45.8,27.0
1783956270.233,45.7,27.1
1783956271.267,45.7,27.0
1783956272.301,45.6,27.0
1783956273.336,45.6,27.0
1783956274.37,45.7,27.1
1783956275.395,45.7,27.0
1783956276.424,45.7,27.1
1783956277.454,45.7,27.1
1783956278.48,45.7,27.0
1783956279.514,45.7,27.1
1783956280.548,45.7,27.1
1783956281.583,45.8,27.0
1783956282.617,45.8,27.0
1783956283.651,45.8,27.0
1783956284.685,45.8,27.1
1783956285.719,45.7,27.0
1783956286.753,45.7,27.1
1783956287.787,45.7,27.0
1783956288.821,45.6,27.0
1783956289.848,45.5,27.0
1783956290.874,45.5,27.0
1783956291.899,45.4,27.1
1783956292.924,45.4,27.0
1783956293.958,45.4,27.0
1783956294.983,45.4,27.0
1783956296.019,45.4,27.0
1783956297.047,45.4,27.0
1783956298.072,45.4,27.0
1783956299.097,45.4,27.1
1783956300.122,45.3,27.0
1783956301.147,45.4,27.1
1783956302.171,45.3,27.0
1783956303.196,45.3,27.0
1783956304.22,45.3,27.0
1783956305.245,45.3,27.1
1783956306.279,45.2,27.0
1783956307.314,45.3,27.0
1783956308.338,45.3,27.0
1783956309.373,45.3,27.0
1783956310.4,45.3,27.0
1783956311.434,45.3,27.0
1783956312.468,45.2,27.0
1783956313.503,45.3,27.0
1783956314.537,45.3,27.0
1783956315.573,45.3,27.0
1783956316.603,45.3,27.0
1783956317.628,45.3,27.0
1783956318.663,45.3,27.0
1783956319.693,45.3,27.0
1783956320.728,45.3,27.0
1783956321.763,45.3,27.0
1783956322.797,45.3,27.0
1783956323.831,45.3,27.0
1783956324.864,45.3,27.0
1783956325.889,45.3,27.0
1783956326.914,45.3,27.0
1783956327.949,45.3,27.0
1783956328.975,45.4,27.0
1783956330.0,45.3,27.0
1783956331.026,45.3,27.0
1783956332.051,45.4,27.0
1783956333.076,45.4,27.0
1783956334.111,45.4,27.0
1783956335.138,45.4,27.0
1783956336.165,45.4,27.0
1783956337.193,45.5,27.0
1783956338.227,45.5,27.0
1783956339.262,45.5,27.0
1783956340.287,45.6,27.0
1783956341.321,45.6,27.0
1783956342.355,45.6,27.0
1783956343.39,45.7,27.0
1783956344.424,45.7,27.0
1783956345.449,45.8,27.0
1783956346.484,45.8,27.0
1783956347.508,45.9,27.0
1783956348.542,45.9,27.0
1783956349.575,46.0,27.0
1783956350.601,46.0,27.0
1783956351.627,46.1,27.0
1783956352.652,46.2,27.0
1783956353.677,46.3,27.0
1783956354.706,46.4,27.0
1783956355.734,46.5,27.0
1783956356.761,46.5,27.0
1783956357.799,46.6,27.0
1783956358.824,46.7,27.0
1783956359.858,46.8,27.0
1783956360.892,46.9,27.0
1783956361.927,47.0,27.0
1783956362.961,47.1,27.0
1783956363.995,47.1,27.0
1783956365.029,47.2,27.0
1783956366.063,47.2,27.0
1783956367.096,47.2,27.0
1783956368.128,47.2,27.0
1783956369.16,47.2,27.0
1783956370.192,47.2,27.0
1783956371.224,47.2,27.0
1783956372.248,47.3,27.0
1783956373.271,47.3,27.0
1783956374.295,47.3,27.0
1783956375.32,47.3,27.0
1783956376.349,47.3,27.0
1783956377.375,47.3,27.0
1783956378.408,47.4,27.0
1783956379.44,47.3,27.0
1783956380.463,47.4,27.0
1783956381.487,47.4,27.0
1783956382.511,47.4,27.0
1783956383.544,47.4,27.0
1783956384.567,47.4,27.0
1783956385.6,47.5,27.0
1783956386.624,47.4,27.0
1783956387.656,47.5,27.0
1783956388.689,47.5,27.0
1783956389.713,47.6,27.0
1783956390.745,47.6,27.0
1783956391.769,47.6,27.0
1783956392.801,47.7,27.0
1783956393.833,47.6,27.0
1783956394.861,47.7,27.0
1783956395.89,47.7,27.0
1783956396.914,47.7,27.0
1783956397.947,47.7,27.0
1783956398.979,47.7,27.0
1783956400.002,47.8,27.0
1783956401.027,47.8,27.0
1783956402.051,47.8,27.0
1783956403.083,47.8,27.0
1783956404.116,47.9,27.0
1783956405.139,47.9,27.0
1783956406.163,47.9,27.0
1783956407.186,47.9,27.0
1783956408.21,47.9,27.0
1783956409.234,47.9,27.0
1783956410.257,48.0,27.0
1783956411.28,48.0,27.0
1783956412.304,48.0,27.0
1783956413.33,48.0,27.0
1783956414.359,48.0,27.0
1783956415.384,48.1,27.0
1783956416.418,48.1,27.0
1783956417.45,48.1,27.0
1783956418.482,48.2,27.0
1783956419.515,48.3,27.0
1783956420.547,48.3,27.0
1783956421.58,48.4,27.0
1783956422.612,48.4,27.0
1783956423.645,48.5,27.0
1783956424.678,48.5,27.0
1783956425.71,48.6,27.0
1783956426.734,48.6,27.0
1783956427.758,48.6,27.0
1783956428.79,48.7,27.0
1783956429.822,48.7,27.0
1783956430.855,48.7,27.0
1783956431.879,48.7,27.0
1783956432.912,48.8,27.0
1783956433.945,48.8,27.0
1783956434.974,48.7,27.0
1783956435.999,48.7,27.0
1783956437.032,48.7,27.0
1783956438.065,48.8,27.0
1783956439.098,48.7,27.0
1783956440.131,48.8,27.0
1783956441.164,48.8,27.0
1783956442.197,48.8,27.0
1783956443.23,48.8,27.0
1783956444.263,48.8,27.0
1783956445.296,48.9,27.0
1783956446.329,48.9,27.0
1783956447.362,48.9,27.0
1783956448.395,48.9,27.0
1783956449.428,48.9,27.0
1783956450.461,49.0,27.0
1783956451.494,49.0,27.0
1783956452.528,49.0,27.0
1783956453.563,49.0,27.0
1783956454.598,49.0,27.0
1783956455.624,49.0,27.0
1783956456.652,49.0,27.0
1783956457.68,49.0,27.0
1783956458.705,49.0,27.0
1783956459.728,49.0,27.0
1783956460.752,49.0,27.0
1783956461.777,49.0,27.0
1783956462.801,49.1,27.0
1783956463.834,49.1,27.0
1783956464.867,49.1,27.0
1783956465.9,49.1,27.0
1783956466.932,49.1,27.0
1783956467.966,49.1,27.0
1783956468.999,49.1,27.0
1783956470.031,49.1,27.0
1783956471.064,49.1,27.0
1783956472.097,49.1,27.0
1783956473.125,49.1,27.0
1783956474.158,49.1,27.0
1783956475.183,49.1,27.0
1783956476.206,49.2,27.0
1783956477.232,49.2,27.0
1783956478.257,49.2,27.0
1783956479.291,49.3,27.0
1783956480.317,49.3,27.0
1783956481.352,49.4,27.0
1783956482.388,49.4,27.0
1783956483.413,49.5,27.0
1783956484.447,49.5,27.0
1783956485.472,49.5,27.0
1783956486.506,49.5,27.0
1783956487.54,49.6,27.0
1783956488.565,49.6,27.0
1783956489.6,49.6,27.0
1783956490.626,49.6,27.0
1783956491.66,49.6,27.0
1783956492.695,49.6,27.0
1783956493.729,49.6,27.0
1783956494.764,49.5,27.0
1783956495.8,49.5,27.0
1783956496.826,49.5,27.0
1783956497.852,49.6,27.0
1783956498.886,49.6,27.0
1783956499.921,49.5,27.0
1783956500.956,49.6,27.0
1783956501.99,49.5,27.0
1783956503.024,49.6,27.0
1783956504.049,49.6,27.0
1783956505.075,49.6,27.0
1783956506.099,49.6,27.0
1783956507.124,49.6,27.0
1783956508.148,49.7,27.0
1783956509.174,49.6,27.0
1783956510.201,49.6,27.0
1783956511.228,49.7,27.0
1783956512.252,49.7,27.0
1783956513.276,49.7,27.0
1783956514.302,49.8,27.0
1783956515.329,49.8,27.0
1783956516.356,49.8,27.0
1783956517.39,49.8,27.0
1783956518.424,49.8,27.0
1783956519.457,49.9,27.0
1783956520.491,49.9,27.0
1783956521.526,49.9,27.0
1783956522.56,50.0,27.0
1783956523.585,50.0,27.0
1783956524.619,50.0,27.0
1783956525.653,50.1,27.0
1783956526.687,50.1,27.0
1783956527.714,50.0,27.0
1783956528.738,50.1,27.0
1783956529.773,50.1,27.0
1783956530.81,50.1,27.0
1783956531.844,50.0,27.0
1783956532.878,50.0,27.0
1783956533.912,50.0,27.0
1783956534.946,50.0,27.0
1783956535.981,50.0,27.0
1783956537.012,50.0,27.0
1783956538.036,50.0,27.0
1783956539.07,50.0,27.0
1783956540.104,50.1,27.0
1783956541.139,50.1,27.0
1783956542.174,50.2,27.0
1783956543.209,50.2,27.0
1783956544.242,50.3,27.0
1783956545.277,50.3,27.0
1783956546.312,50.4,27.0
1783956547.345,50.4,27.0
1783956548.37,50.4,27.0
1783956549.395,50.4,27.0
1783956550.421,50.4,27.0
1783956551.455,50.4,27.0
1783956552.48,50.4,27.0
1783956553.505,50.5,27.0
1783956554.538,50.5,27.0
1783956555.572,50.5,27.0
1783956556.598,50.5,27.0
1783956557.625,50.5,27.0
1783956558.649,50.4,27.0
1783956559.681,50.4,27.0
1783956560.714,50.4,27.0
1783956561.747,50.4,27.0
1783956562.77,50.5,27.0
1783956563.794,50.5,27.0
1783956564.819,50.5,27.0
1783956565.843,50.5,27.0
1783956566.867,50.6,27.0
1783956567.892,50.6,27.0
1783956568.918,50.6,27.0
1783956569.943,50.7,27.0
1783956570.967,50.7,27.0
1783956571.999,50.7,27.0
1783956573.024,50.7,27.0
1783956574.048,50.7,27.0
1783956575.074,50.8,27.0
1783956576.102,50.8,27.0
1783956577.13,50.8,27.0
1783956578.155,50.9,27.0
1783956579.179,50.9,27.0
1783956580.204,50.9,27.0
1783956581.238,50.9,27.0
1783956582.273,50.9,27.0
1783956583.299,50.9,27.0
1783956584.325,50.9,27.0
1783956585.349,50.9,27.0
1783956586.376,51.0,27.0
1783956587.401,50.9,27.0
1783956588.426,50.9,27.0
1783956589.451,50.9,27.0
1783956590.476,50.9,27.0
1783956591.511,50.9,27.0
1783956592.545,50.9,27.0
1783956593.58,50.9,27.0
1783956594.609,50.9,27.0
1783956595.636,50.9,27.0
1783956596.67,50.8,27.0
1783956597.705,50.8,27.0
1783956598.739,50.8,27.0
1783956599.774,50.9,27.0
1783956600.799,50.9,27.0
1783956601.833,51.0,27.0
1783956602.867,51.1,27.0
1783956603.901,51.1,27.0
1783956604.935,51.1,27.0
1783956605.969,51.1,27.0
1783956607.004,51.1,27.0
1783956608.038,51.2,27.0
1783956609.073,51.2,27.0
1783956610.107,51.2,27.0
1783956611.141,51.3,27.0
1783956612.176,51.2,27.0
1783956613.21,51.3,27.0
1783956614.244,51.3,27.0
1783956615.28,51.3,27.0
1783956616.306,51.3,27.0
1783956617.334,51.3,27.0
1783956618.359,51.3,27.0
1783956619.384,51.3,27.0
1783956620.409,51.3,27.0
1783956621.434,51.4,27.0
1783956622.459,51.4,27.1
1783956623.484,51.4,27.0
1783956624.509,51.4,27.0
1783956625.543,51.5,27.0
1783956626.577,51.5,27.0
1783956627.61,51.5,27.0
1783956628.635,51.6,27.0
1783956629.669,51.6,27.0
1783956630.703,51.6,27.0
1783956631.728,51.6,27.0
1783956632.752,51.7,27.0
1783956633.778,51.6,27.0
1783956634.806,51.6,27.0
1783956635.832,51.7,27.0
1783956636.865,51.6,27.0
1783956637.899,51.6,27.0
1783956638.932,51.6,27.0
1783956639.964,51.6,27.0
1783956641.001,51.6,27.0
1783956642.069,51.6,27.1
1783956643.096,51.6,27.0
1783956644.13,51.6,27.1
1783956645.166,51.6,27.0
1783956646.191,51.6,27.0
1783956647.215,51.6,27.1
1783956648.24,51.7,27.0
1783956649.275,51.6,27.1
1783956650.31,51.7,27.1
1783956651.335,51.7,27.1
1783956652.36,51.6,27.0
1783956653.394,51.6,27.1
1783956654.424,51.6,27.1
1783956655.449,51.6,27.1
1783956656.475,51.6,27.1
1783956657.5,51.6,27.1
1783956658.534,51.6,27.0
1783956659.569,51.5,27.1
1783956660.603,51.5,27.1
1783956661.628,51.5,27.0
1783956662.653,51.5,27.1
1783956663.679,51.5,27.1
1783956664.704,51.5,27.0
1783956665.729,51.4,27.1
1783956666.755,51.4,27.1
1783956667.782,51.4,27.1
1783956668.816,51.5,27.1
1783956669.85,51.5,27.1
1783956670.884,51.4,27.1
1783956671.919,51.4,27.1
1783956672.947,51.4,27.1
1783956673.973,51.4,27.1
1783956675.002,51.4,27.0
1783956676.028,51.5,27.1
1783956677.065,51.4,27.1
1783956678.091,51.4,27.1
1783956679.116,51.4,27.1
1783956680.141,51.4,27.0
1783956681.165,51.4,27.1
1783956682.19,51.4,27.0
1783956683.215,51.4,27.1
1783956684.24,51.4,27.1
1783956685.265,51.4,27.1
1783956686.292,51.4,27.1
1783956687.326,51.3,27.1
1783956688.36,51.3,27.1
1783956689.395,51.3,27.1
1783956690.429,51.3,27.1
1783956691.463,51.3,27.1
1783956692.5,51.3,27.1
1783956693.526,51.3,27.1
1783956694.551,51.4,27.1
1783956695.585,51.4,27.1
1783956696.609,51.4,27.1
1783956697.643,51.3,27.1
1783956698.677,51.3,27.1
1783956699.71,51.3,27.1
1783956700.744,51.2,27.1
1783956701.777,51.2,27.1
1783956702.811,51.2,27.1
1783956703.835,51.2,27.1
1783956704.869,51.1,27.1
1783956705.902,51.1,27.1
1783956706.936,51.1,27.1
1783956707.969,51.1,27.1
1783956709.003,51.1,27.1
1783956710.036,51.1,27.1
1783956711.07,51.1,27.1
1783956712.104,51.1,27.1
1783956713.139,51.1,27.1
1783956714.171,51.1,27.1
1783956715.196,51.1,27.1
1783956716.23,51.1,27.0
1783956717.257,51.0,27.1
1783956718.282,51.0,27.0
1783956719.307,51.0,27.1
1783956720.332,51.0,27.1
1783956721.367,51.0,27.1
1783956722.401,50.9,27.1
1783956723.435,50.9,27.1
1783956724.47,50.9,27.1
1783956725.504,50.9,27.0
1783956726.538,50.9,27.1
1783956727.572,50.8,27.1
1783956728.606,50.9,27.1
1783956729.631,50.8,27.1
1783956730.659,50.8,27.1
1783956731.688,50.8,27.1
1783956732.713,50.7,27.1
1783956733.74,50.7,27.1
1783956734.763,50.7,27.1
1783956735.787,50.7,27.1
1783956736.81,50.6,27.1
1783956737.834,50.6,27.1
1783956738.858,50.6,27.1
1783956739.882,50.6,27.1
1783956740.906,50.6,27.1
1783956741.939,50.6,27.1
1783956742.972,50.6,27.1
1783956744.005,50.6,27.1
1783956745.029,50.6,27.1
1783956746.054,50.5,27.0
1783956747.086,50.5,27.1
1783956748.119,50.4,27.1
1783956749.152,50.4,27.1
1783956750.176,50.3,27.1
1783956751.202,50.2,27.1
1783956752.237,50.0,27.1
1783956753.263,50.0,27.1
1783956754.289,49.9,27.1
1783956755.315,49.9,27.1
1783956756.34,49.9,27.1
1783956757.374,49.8,27.1
1783956758.408,49.8,27.1
1783956759.437,49.8,27.1
1783956760.465,49.8,27.1
1783956761.494,49.8,27.1
1783956762.52,49.8,27.1
1783956763.558,49.7,27.1
1783956764.583,49.7,27.1
1783956765.608,49.7,27.1
1783956766.642,49.6,27.1
1783956767.677,49.6,27.1
1783956768.712,49.7,27.1
1783956769.746,49.7,27.1
1783956770.78,49.7,27.1
1783956771.815,49.7,27.1
1783956772.853,49.7,27.1
1783956773.881,49.7,27.1
1783956774.913,49.7,27.1
1783956775.947,49.7,27.1
1783956776.981,49.7,27.1
1783956778.015,49.7,27.1
1783956779.049,49.6,27.1
1783956780.082,49.5,27.1
1783956781.107,49.5,27.1
1783956782.131,49.5,27.1
1783956783.165,49.4,27.1
1783956784.199,49.4,27.1
1783956785.233,49.4,27.1
1783956786.258,49.4,27.1
1783956787.283,49.4,27.1
1783956788.317,49.4,27.1
1783956789.343,49.4,27.1
1783956790.368,49.4,27.1
1783956791.392,49.3,27.1
1783956792.422,49.3,27.1
1783956793.451,49.2,27.1
1783956794.479,49.2,27.1
1783956795.504,49.2,27.1
1783956796.528,49.2,27.1
1783956797.552,49.2,27.1
1783956798.584,49.3,27.1
1783956799.616,49.3,27.1
1783956800.648,49.3,27.1
1783956801.674,49.3,27.1
1783956802.706,49.2,27.0
1783956803.729,49.3,27.1
1783956804.754,49.3,27.1
1783956805.778,49.3,27.1
1783956806.802,49.3,27.1
1783956807.828,49.3,27.1
1783956808.86,49.2,27.1
1783956809.893,49.1,27.1
1783956810.927,49.1,27.1
1783956811.964,49.0,27.1
1783956812.996,49.0,27.1
1783956814.022,49.0,27.1
1783956815.046,48.9,27.1
1783956816.07,48.9,27.1
1783956817.104,48.9,27.1
1783956818.139,48.8,27.1
1783956819.173,48.8,27.1
1783956820.208,48.7,27.1
1783956821.243,48.7,27.1
1783956822.277,48.6,27.1
1783956823.312,48.6,27.1
1783956824.347,48.6,27.1
1783956825.382,48.6,27.1
1783956826.416,48.6,27.1
1783956827.442,48.6,27.1
1783956828.476,48.6,27.1
1783956829.511,48.7,27.1
1783956830.545,48.6,27.1
1783956831.579,48.6,27.1
1783956832.604,48.5,27.1
1783956833.632,48.5,27.1
1783956834.658,48.5,27.1
1783956835.692,48.5,27.1
1783956836.726,48.5,27.1
1783956837.75,48.5,27.1
1783956838.783,48.5,27.1
1783956839.815,48.5,27.1
1783956840.839,48.4,27.1
1783956841.873,48.4,27.1
1783956842.897,48.3,27.1
1783956843.922,48.3,27.1
1783956844.946,48.3,27.1
1783956845.971,48.3,27.1
1783956846.995,48.3,27.1
1783956848.02,48.3,27.1
1783956849.044,48.2,27.1
1783956850.07,48.3,27.1
1783956851.096,48.2,27.1
1783956852.124,48.2,27.1
1783956853.149,48.1,27.1
1783956854.187,48.1,27.1
1783956855.221,48.0,27.1
1783956856.254,47.9,27.1
1783956857.287,47.8,27.1
1783956858.32,47.8,27.1
1783956859.354,47.8,27.1
1783956860.387,47.8,27.1
1783956861.421,47.7,27.1
1783956862.453,47.8,27.1
1783956863.486,47.8,27.1
1783956864.519,47.8,27.1
1783956865.544,47.8,27.1
1783956866.569,47.7,27.1
1783956867.603,47.8,27.1
1783956868.638,47.7,27.1
1783956869.672,47.7,27.1
1783956870.707,47.7,27.1
1783956871.742,47.7,27.1
1783956872.78,47.6,27.1
1783956873.811,47.5,27.1
1783956874.839,47.5,27.1
1783956875.873,47.5,27.1
1783956876.907,47.4,27.1
1783956877.94,47.4,27.1
1783956878.974,47.4,27.1
1783956880.008,47.4,27.1
1783956881.042,47.4,27.1
1783956882.076,47.4,27.1
1783956883.11,47.4,27.1
1783956884.135,47.4,27.1
1783956885.17,47.4,27.0
1783956886.204,47.4,27.1
1783956887.238,47.4,27.1
1783956888.272,47.4,27.1
1783956889.306,47.4,27.0
1783956890.341,47.4,27.0
1783956891.376,47.4,27.1
1783956892.411,47.4,27.1
1783956893.447,47.4,27.0
1783956894.474,47.5,27.1
1783956895.501,47.5,27.1
1783956896.526,47.5,27.1
1783956897.551,47.5,27.1
1783956898.576,47.5,27.1
1783956899.604,47.5,27.1
1783956900.631,47.5,27.0
1783956901.666,47.5,27.1
1783956902.691,47.5,27.1
1783956903.715,47.5,27.1
1783956904.749,47.5,27.1
1783956905.774,47.4,27.1
1783956906.808,47.4,27.1
1783956907.832,47.4,27.1
1783956908.865,47.4,27.0
1783956909.898,47.4,27.1
1783956910.922,47.3,27.0
1783956911.946,47.4,27.1
1783956912.973,47.4,27.1
1783956913.997,47.3,27.1
1783956915.026,47.2,27.1
1783956916.05,47.2,27.1
1783956917.082,47.2,27.1
1783956918.106,47.2,27.1
1783956919.138,47.1,27.1
1783956920.17,47.1,27.1
1783956921.194,47.1,27.1
1783956922.227,47.0,27.1
1783956923.25,47.1,27.0
1783956924.283,47.0,27.0
1783956925.315,47.0,27.0
1783956926.338,47.0,27.1
1783956927.371,47.0,27.1
1783956928.395,47.0,27.1
1783956929.428,46.9,27.0
1783956930.459,46.9,27.1
1783956931.492,46.9,27.1
1783956932.526,46.9,27.1
1783956933.55,46.8,27.0
1783956934.576,46.8,27.0
1783956935.608,46.8,27.0
1783956936.641,46.8,27.0
1783956937.665,46.7,27.0
1783956938.689,46.6,27.0
1783956939.712,46.6,27.0
1783956940.741,46.5,27.1
1783956941.775,46.5,27.0
1783956942.807,46.5,27.0
1783956943.84,46.5,27.1
1783956944.873,46.5,27.1
1783956945.906,46.4,27.0
1783956946.931,46.4,27.0
1783956947.966,46.4,27.0
1783956949.0,46.4,27.0
1783956950.035,46.3,27.0
1783956951.059,46.3,27.0
1783956952.087,46.2,27.1
1783956953.119,46.1,27.0
1783956954.147,46.1,27.0
1783956955.173,46.1,27.1
1783956956.198,46.1,27.1
1783956957.223,46.0,27.0
1783956958.246,46.0,27.1
1783956959.271,46.0,27.0
1783956960.304,46.0,27.0
1783956961.337,46.0,27.0
1783956962.362,46.0,27.0
1783956963.387,46.0,27.0
1783956964.411,46.0,27.0
1783956965.446,46.0,27.0
1783956966.473,46.0,27.0
1783956967.507,46.0,27.0
1783956968.533,46.0,27.0
1783956969.558,46.0,27.0
1783956970.592,46.1,27.0
1783956971.629,46.0,27.0
1783956972.655,46.0,27.0
1783956973.685,46.0,27.0
1783956974.71,46.0,27.0
1783956975.744,46.0,27.0
1783956976.779,45.9,27.0
1783956977.813,45.8,27.0
1783956978.847,45.8,27.0
1783956979.881,45.8,27.0
1783956980.904,45.7,27.0
1783956981.928,45.7,27.0
1783956982.953,45.7,27.0
1783956983.988,45.8,27.0
1783956985.022,45.8,27.0
1783956986.057,45.8,27.0
1783956987.082,45.8,27.0
1783956988.116,45.8,27.0
1783956989.15,45.9,27.0
1783956990.184,45.8,27.0
1783956991.218,45.8,27.0
1783956992.253,45.8,27.0
1783956993.28,45.8,27.0
1783956994.308,45.8,27.0
1783956995.343,45.8,27.0
1783956996.377,45.8,27.0
1783956997.412,45.8,27.0
1783956998.446,45.8,27.0
1783956999.48,45.8,27.0
1783957000.506,45.9,27.0
1783957001.54,45.9,27.0
1783957002.575,45.9,27.0
1783957003.61,45.9,27.0
1783957004.644,45.9,27.0
1783957005.67,46.0,27.0
1783957006.705,46.0,27.0
1783957007.73,46.0,27.0
1783957008.755,46.0,27.0
1783957009.779,46.1,27.0
1783957010.804,46.1,27.0
1783957011.831,46.1,27.0
1783957012.857,46.2,27.0
1783957013.884,46.2,27.0
1783957014.918,46.2,27.0
1783957015.945,46.2,27.0
1783957016.979,46.2,27.0
1783957018.004,46.3,27.0
1783957019.038,46.3,27.0
1783957020.073,46.4,27.0
1783957021.107,46.4,27.0
1783957022.14,46.5,27.0
1783957023.174,46.6,27.0
1783957024.209,46.7,27.0
1783957025.236,46.7,27.0
1783957026.261,46.8,27.0
1783957027.286,46.8,27.0
1783957028.31,46.8,27.0
1783957029.344,46.9,27.0
1783957030.378,46.9,27.0
1783957031.413,47.0,27.0
1783957032.442,47.0,27.0
1783957033.47,47.1,27.0
1783957034.504,47.1,27.0
1783957035.538,47.2,27.0
1783957036.562,47.1,27.0
1783957037.596,47.2,27.0
1783957038.624,47.2,27.0
1783957039.657,47.2,27.0
1783957040.692,47.3,27.0
1783957041.726,47.3,27.0
1783957042.751,47.3,27.0
1783957043.786,47.3,27.0
1783957044.82,47.3,27.0
1783957045.859,47.4,27.0
1783957046.892,47.3,27.0
1783957047.917,47.3,27.0
1783957048.95,47.3,27.0
1783957049.985,47.3,27.0
1783957051.019,47.3,27.0
1783957052.053,47.3,27.0
1783957053.079,47.3,27.0
1783957054.104,47.4,27.0
1783957055.138,47.4,27.0
1783957056.175,47.5,27.0
1783957057.2,47.5,27.0
1783957058.225,47.5,27.0
1783957059.249,47.5,27.0
1783957060.274,47.6,27.0
1783957061.297,47.6,27.0
1783957062.323,47.7,27.0
1783957063.357,47.7,27.0
1783957064.391,47.8,27.0
1783957065.424,47.8,27.0
1783957066.457,47.8,27.0
1783957067.491,47.9,27.0
1783957068.518,47.9,27.0
1783957069.542,47.9,27.0
1783957070.568,47.9,27.0
1783957071.597,48.0,27.0
1783957072.624,48.0,27.0
1783957073.661,48.0,27.0
1783957074.695,48.1,27.0
1783957075.73,48.1,27.0
1783957076.764,48.1,27.0
1783957077.798,48.1,27.0
1783957078.823,48.1,27.0
1783957079.858,48.2,27.0
1783957080.893,48.1,27.0
1783957081.919,48.2,27.0
1783957082.953,48.2,27.0
1783957083.979,48.2,27.0
1783957085.014,48.2,27.0
1783957086.048,48.2,27.0
1783957087.073,48.2,27.0
1783957088.107,48.2,27.0
1783957089.131,48.2,27.0
1783957090.165,48.2,27.0
1783957091.202,48.2,27.0
1783957092.227,48.2,27.0
1783957093.258,48.2,27.0
1783957094.284,48.2,27.0
1783957095.318,48.3,27.0
1783957096.352,48.3,27.0
1783957097.386,48.4,27.0
1783957098.42,48.5,27.0
1783957099.452,48.5,27.0
1783957100.485,48.5,27.0
1783957101.518,48.6,27.0
1783957102.551,48.5,27.0
1783957103.576,48.5,27.0
1783957104.602,48.6,27.0
1783957105.63,48.5,27.0
1783957106.654,48.5,27.0
1783957107.68,48.6,27.0
1783957108.704,48.6,27.0
1783957109.729,48.6,27.0
1783957110.754,48.7,27.0
1783957111.78,48.7,27.0
1783957112.811,48.7,27.0
1783957113.838,48.8,27.0
1783957114.863,48.8,27.0
1783957115.896,48.9,27.0
1783957116.928,48.9,27.0
1783957117.961,48.9,27.0
1783957118.994,49.0,27.0
1783957120.027,49.1,27.0
1783957121.06,49.1,27.0
1783957122.092,49.1,27.0
1783957123.124,49.2,27.0
1783957124.157,49.2,27.0
1783957125.19,49.2,27.0
1783957126.214,49.2,27.0
1783957127.247,49.3,27.0
1783957128.28,49.3,27.0
1783957129.313,49.2,27.0
1783957130.346,49.3,27.0
1783957131.37,49.3,27.0
1783957132.403,49.3,27.0
1783957133.427,49.3,27.0
1783957134.459,49.3,27.0
1783957135.492,49.3,27.0
1783957136.516,49.3,27.0
1783957137.549,49.4,27.0
1783957138.582,49.4,27.0
1783957139.615,49.5,27.0
1783957140.648,49.5,27.0
1783957141.682,49.5,27.0
1783957142.716,49.5,27.0
1783957143.751,49.5,27.0
1783957144.785,49.5,27.0
1783957145.819,49.6,27.0
1783957146.853,49.6,27.0
1783957147.877,49.6,27.0
1783957148.903,49.6,27.0
1783957149.937,49.6,27.0
1783957150.972,49.6,27.0
1783957151.998,49.6,27.0
1783957153.027,49.6,27.0
1783957154.057,49.7,27.0
1783957155.084,49.7,27.0
1783957156.109,49.6,27.0
1783957157.135,49.6,27.0
1783957158.16,49.6,27.0
1783957159.185,49.7,27.0
1783957160.21,49.6,27.0
1783957161.244,49.6,27.0
1783957162.278,49.6,27.0
1783957163.312,49.6,27.0
1783957164.346,49.6,27.0
1783957165.38,49.6,27.0
1783957166.414,49.6,27.0
1783957167.438,49.7,27.0
1783957168.472,49.7,27.0
1783957169.507,49.7,27.0
1783957170.541,49.7,27.0
1783957171.576,49.7,27.0
1783957172.602,49.7,27.0
1783957173.63,49.8,27.0
1783957174.665,49.8,27.0
1783957175.699,49.9,27.0
1783957176.733,49.9,27.0
1783957177.767,50.0,27.0
1783957178.802,50.0,27.0
1783957179.836,50.0,27.0
1783957180.871,50.0,27.0
1783957181.896,50.0,27.0
1783957182.922,50.1,27.0
1783957183.956,50.1,27.0
1783957184.99,50.1,27.0
1783957186.024,50.1,27.0
1783957187.058,50.2,27.0
1783957188.092,50.2,27.0
1783957189.126,50.2,27.0
1783957190.16,50.2,27.0
1783957191.194,50.2,27.0
1783957192.228,50.2,27.0
1783957193.255,50.3,27.0
1783957194.285,50.3,27.0
1783957195.312,50.3,27.0
1783957196.346,50.3,27.0
1783957197.381,50.3,27.0
1783957198.405,50.3,27.0
1783957199.43,50.3,27.0
1783957200.464,50.4,27.0
1783957201.489,50.4,27.0
1783957202.514,50.4,27.0
1783957203.539,50.4,27.0
1783957204.564,50.3,27.0
1783957205.589,50.4,27.0
1783957206.614,50.4,27.0
1783957207.639,50.5,27.0
1783957208.664,50.5,27.0
1783957209.689,50.5,27.0
1783957210.714,50.5,27.0
1783957211.75,50.6,27.0
1783957212.782,50.6,27.0
1783957213.808,50.6,27.0
1783957214.842,50.6,27.0
1783957215.867,50.6,27.0
1783957216.901,50.7,27.0
1783957217.935,50.7,27.0
1783957218.969,50.7,27.0
1783957220.002,50.7,27.0
1783957221.036,50.8,27.0
1783957222.07,50.8,27.0
1783957223.104,50.8,27.0
1783957224.138,50.9,27.0
1783957225.172,50.9,27.0
1783957226.206,50.9,27.0
1783957227.24,50.9,27.0
1783957228.274,50.9,27.0
1783957229.308,50.9,27.0
1783957230.342,50.9,27.0
1783957231.376,50.9,27.0
1783957232.413,50.9,27.0
1783957233.443,50.9,27.0
1783957234.471,50.9,27.0
1783957235.496,51.0,27.0
1783957236.53,51.0,27.0
1783957237.565,51.0,27.0
1783957238.599,51.1,27.0
1783957239.624,51.1,27.0
1783957240.65,51.1,27.0
1783957241.684,51.1,27.0
1783957242.718,51.2,27.0
1783957243.744,51.2,27.0
1783957244.768,51.1,27.0
1783957245.792,51.2,27.0
1783957246.816,51.2,27.0
1783957247.84,51.2,27.0
1783957248.873,51.2,27.0
1783957249.907,51.2,27.0
1783957250.933,51.2,27.0
1783957251.962,51.2,27.0
1783957252.987,51.2,27.0
1783957254.022,51.2,27.0
1783957255.056,51.2,27.0
1783957256.082,51.2,27.0
1783957257.117,51.2,27.0
1783957258.151,51.2,27.0
1783957259.185,51.2,27.0
1783957260.219,51.2,27.0
1783957261.244,51.2,27.0
1783957262.269,51.2,27.0
1783957263.294,51.3,27.0
1783957264.319,51.3,27.0
1783957265.344,51.3,27.0
1783957266.369,51.4,27.0
1783957267.394,51.4,27.0
1783957268.419,51.4,27.0
1783957269.443,51.4,27.0
1783957270.477,51.4,27.0
1783957271.512,51.4,27.0
1783957272.541,51.4,27.0
1783957273.566,51.4,27.0
1783957274.6,51.4,27.0
1783957275.634,51.5,27.0
1783957276.668,51.5,27.0
1783957277.703,51.4,27.0
1783957278.728,51.4,27.0
1783957279.762,51.4,27.0
1783957280.795,51.4,27.0
1783957281.829,51.4,27.0
1783957282.863,51.4,27.0
1783957283.897,51.4,27.0
1783957284.932,51.5,27.0
1783957285.965,51.5,27.0
1783957286.991,51.5,27.0
1783957288.017,51.5,27.0
1783957289.042,51.6,27.0
1783957290.069,51.7,27.0
1783957291.106,51.8,27.0
1783957292.134,51.8,27.0
1783957293.16,51.9,27.0
1783957294.185,51.9,27.0
1783957295.21,51.9,27.0
1783957296.245,51.9,27.0
1783957297.279,51.9,27.0
1783957298.314,51.9,27.0
1783957299.348,51.9,27.0
1783957300.383,51.9,27.0
1783957301.416,51.9,27.0
1783957302.451,51.9,27.0
1783957303.485,51.9,27.0
1783957304.519,51.9,27.0
1783957305.553,51.9,27.0
1783957306.587,52.0,27.0
1783957307.622,52.0,27.0
1783957308.656,52.0,27.0
1783957309.691,52.0,27.0
1783957310.725,52.0,27.0
1783957311.76,52.0,27.0
1783957312.786,52.0,27.0
1783957313.815,52.0,27.0
1783957314.842,52.0,27.0
1783957315.867,52.0,27.0
1783957316.892,52.0,27.0
1783957317.917,52.0,27.0
1783957318.943,52.0,27.0
1783957319.968,52.0,27.0
1783957320.992,52.0,27.0
1783957322.018,52.0,27.0
1783957323.042,52.0,27.0
1783957324.077,52.0,27.0
1783957325.107,52.0,27.0
1783957326.131,52.0,27.0
1783957327.165,51.9,27.0
1783957328.2,51.9,27.0
1783957329.234,51.9,27.0
1783957330.261,51.9,27.0
1783957331.292,51.9,27.0
1783957332.319,51.9,27.0
1783957333.347,52.0,27.0
1783957334.386,52.0,27.0
1783957335.419,52.0,27.0
1783957336.443,52.0,27.0
1783957337.476,52.0,27.0
1783957338.509,52.0,27.0
1783957339.533,52.0,27.0
1783957340.558,52.0,27.0
1783957341.583,52.0,27.0
1783957342.609,52.0,27.0
1783957343.641,52.0,27.0
1783957344.666,52.0,27.0
1783957345.699,51.9,27.0
1783957346.731,51.9,27.0
1783957347.764,51.9,27.0
1783957348.797,51.9,27.0
1783957349.83,51.9,27.0
1783957350.863,51.9,27.0
1783957351.892,51.9,27.0
1783957352.917,52.0,27.0
1783957353.95,51.9,27.0
1783957354.973,51.9,27.0
1783957356.006,51.9,27.0
1783957357.039,51.9,27.0
1783957358.072,51.9,27.0
1783957359.104,51.8,27.0
1783957360.137,51.8,27.0
1783957361.17,51.7,27.0
1783957362.203,51.7,27.0
1783957363.236,51.7,27.0
1783957364.268,51.7,27.0
1783957365.301,51.6,27.0
1783957366.334,51.6,27.0
1783957367.367,51.6,27.0
1783957368.4,51.6,27.0
1783957369.424,51.6,27.1
1783957370.449,51.6,27.0
1783957371.476,51.5,27.0
1783957372.506,51.5,27.0
1783957373.532,51.5,27.0
1783957374.556,51.5,27.0
1783957375.58,51.4,27.0
1783957376.604,51.5,27.0
1783957377.628,51.4,27.0
1783957378.653,51.4,27.0
1783957379.677,51.4,27.0
1783957380.703,51.4,27.0
1783957381.735,51.4,27.0
1783957382.768,51.4,27.0
1783957383.792,51.3,27.0
1783957384.816,51.3,27.0
1783957385.848,51.3,27.0
1783957386.88,51.3,27.0
1783957387.912,51.3,27.0
1783957388.948,51.3,27.0
1783957389.972,51.1,27.0
1783957390.996,51.1,27.0
1783957392.024,50.9,27.0
1783957393.056,50.8,27.0
1783957394.088,50.7,27.0
1783957395.12,50.6,27.0
1783957396.154,50.6,27.0
1783957397.188,50.6,27.0
1783957398.221,50.6,27.0
1783957399.255,50.6,27.0
1783957400.288,50.6,27.0
1783957401.322,50.6,27.0
1783957402.356,50.6,27.0
1783957403.389,50.6,27.0
1783957404.423,50.6,27.0
1783957405.456,50.7,27.0
1783957406.489,50.6,27.0
1783957407.524,50.6,27.0
1783957408.558,50.7,27.0
1783957409.583,50.7,27.0
1783957410.617,50.7,27.0
1783957411.654,50.7,27.0
1783957412.68,50.7,27.0
1783957413.707,50.7,27.0
1783957414.732,50.6,27.0
1783957415.766,50.6,27.0
1783957416.8,50.5,27.0
1783957417.824,50.5,27.0
1783957418.849,50.5,27.0
1783957419.873,50.5,27.0
1783957420.901,50.5,27.0
1783957421.927,50.5,27.0
1783957422.955,50.4,27.0
1783957423.988,50.4,27.0
1783957425.013,50.4,27.0
1783957426.037,50.3,27.0
1783957427.062,50.3,27.0
1783957428.086,50.2,27.0
1783957429.111,50.1,27.0
1783957430.14,50.1,27.0
1783957431.167,50.0,27.0
1783957432.194,50.0,27.0
1783957433.227,50.0,27.0
1783957434.26,49.9,27.0
1783957435.293,49.9,27.0
1783957436.327,49.9,27.0
1783957437.36,49.8,27.0
1783957438.395,49.7,27.1
1783957439.429,49.7,27.0
1783957440.454,49.7,27.0
1783957441.479,49.7,27.0
1783957442.513,49.7,27.0
1783957443.546,49.7,27.0
1783957444.579,49.7,27.0
1783957445.616,49.7,27.0
1783957446.649,49.7,27.0
1783957447.682,49.7,27.0
1783957448.716,49.7,27.0
1783957449.749,49.7,27.0
1783957450.784,49.7,27.0
1783957451.812,49.7,27.0
1783957452.839,49.7,27.0
1783957453.872,49.7,27.0
1783957454.904,49.7,27.0
1783957455.937,49.6,27.0
1783957456.97,49.6,27.0
1783957458.003,49.6,27.0
1783957459.036,49.6,27.0
1783957460.062,49.6,27.0
1783957461.086,49.6,27.0
1783957462.11,49.5,27.0
1783957463.135,49.5,27.0
1783957464.16,49.4,27.1
1783957465.194,49.3,27.1
1783957466.228,49.3,27.0
1783957467.263,49.2,27.1
1783957468.287,49.2,27.0
1783957469.312,49.2,27.0
1783957470.348,49.2,27.0
1783957471.377,49.1,27.0
1783957472.404,49.1,27.0
1783957473.438,49.1,27.0
1783957474.472,49.1,27.0
1783957475.505,49.1,27.0
1783957476.539,49.1,27.0
1783957477.572,49.1,27.0
1783957478.597,49.1,27.0
1783957479.621,49.1,27.0
1783957480.645,49.1,27.1
1783957481.67,49.0,27.0
1783957482.694,49.0,27.1
1783957483.718,48.9,27.0
1783957484.743,48.9,27.0
1783957485.768,48.9,27.0
1783957486.792,48.8,27.0
1783957487.825,48.8,27.0
1783957488.86,48.7,27.0
1783957489.896,48.7,27.0
1783957490.924,48.7,27.0
1783957491.951,48.7,27.1
1783957492.985,48.6,27.0
1783957494.019,48.6,27.0
1783957495.053,48.6,27.0
1783957496.087,48.6,27.1
1783957497.122,48.6,27.0
1783957498.156,48.6,27.0
1783957499.191,48.6,27.0
1783957500.225,48.5,27.0
1783957501.259,48.5,27.0
1783957502.293,48.5,27.0
1783957503.329,48.5,27.1
1783957504.364,48.5,27.0
1783957505.391,48.5,27.0
1783957506.415,48.5,27.0
1783957507.44,48.5,27.0
1783957508.466,48.5,27.0
1783957509.5,48.5,27.0
1783957510.527,48.4,27.1
1783957511.555,48.4,27.0
1783957512.581,48.4,27.0
1783957513.616,48.4,27.1
1783957514.65,48.4,27.0
1783957515.684,48.3,27.0
1783957516.718,48.3,27.1
1783957517.752,48.2,27.1
1783957518.786,48.2,27.0
1783957519.82,48.2,27.0
1783957520.85,48.1,27.1
1783957521.884,48.2,27.0
1783957522.918,48.1,27.0
1783957523.952,48.1,27.0
1783957524.987,48.0,27.0
1783957526.022,48.0,27.0
1783957527.056,48.0,27.0
1783957528.092,47.9,27.0
1783957529.117,47.9,27.0
1783957530.141,47.8,27.0
1783957531.165,47.8,27.0
1783957532.193,47.7,27.1
1783957533.221,47.7,27.0
1783957534.246,47.7,27.0
1783957535.271,47.7,27.0
1783957536.296,47.7,27.0
1783957537.32,47.7,27.0
1783957538.354,47.7,27.1
1783957539.388,47.7,27.0
1783957540.421,47.8,27.0
1783957541.447,47.8,27.1
1783957542.471,47.8,27.0
1783957543.506,47.8,27.1
1783957544.54,47.7,27.0
1783957545.574,47.7,27.0
1783957546.599,47.7,27.0
1783957547.624,47.8,27.0
1783957548.649,47.7,27.1
1783957549.675,47.7,27.0
1783957550.701,47.8,27.0
1783957551.731,47.7,27.0
1783957552.755,47.7,27.0
1783957553.79,47.6,27.0
1783957554.824,47.6,27.1
1783957555.858,47.5,27.0
1783957556.892,47.5,27.0
1783957557.925,47.4,27.1
1783957558.958,47.4,27.1
1783957559.991,47.5,27.0
1783957561.028,47.4,27.0
1783957562.062,47.4,27.0
1783957563.096,47.4,27.0
1783957564.131,47.4,27.0
1783957565.165,47.4,27.0
1783957566.2,47.4,27.0
1783957567.235,47.3,27.0
1783957568.269,47.3,27.0
1783957569.304,47.3,27.0
1783957570.338,47.2,27.0
1783957571.374,47.2,27.0
1783957572.411,47.2,27.0
1783957573.439,47.1,27.0
1783957574.472,47.2,27.0
1783957575.496,47.1,27.0
1783957576.521,47.1,27.0
1783957577.545,47.1,27.0
1783957578.57,47.1,27.0
1783957579.594,47.0,27.1
1783957580.619,47.0,27.0
1783957581.643,46.9,27.0
1783957582.667,46.9,27.0
1783957583.692,46.9,27.0
1783957584.725,46.8,27.0
1783957585.758,46.8,27.0
1783957586.791,46.8,27.0
1783957587.824,46.8,27.0
1783957588.855,46.8,27.0
1783957589.888,46.7,27.0
1783957590.924,46.7,27.0
1783957591.955,46.7,27.0
1783957592.98,46.7,27.0
1783957594.004,46.6,27.0
1783957595.029,46.6,27.0
1783957596.063,46.7,27.0
1783957597.096,46.7,27.0
1783957598.129,46.7,27.0
1783957599.163,46.8,27.0
1783957600.197,46.8,27.0
1783957601.231,46.8,27.0
1783957602.264,46.8,27.0
1783957603.297,46.8,27.0
1783957604.331,46.8,27.0
1783957605.365,46.8,27.0
1783957606.399,46.8,27.0
1783957607.423,46.7,27.0
1783957608.456,46.7,27.0
1783957609.49,46.6,27.0
1783957610.524,46.6,27.0
1783957611.561,46.6,27.0
1783957612.586,46.5,27.0
1783957613.612,46.5,27.0
1783957614.646,46.5,27.0
1783957615.681,46.5,27.0
1783957616.714,46.5,27.0
1783957617.751,46.5,27.0
1783957618.785,46.5,27.0
1783957619.819,46.5,27.0
1783957620.844,46.4,27.0
1783957621.868,46.4,27.0
1783957622.892,46.4,27.0
1783957623.922,46.4,27.0
1783957624.947,46.3,27.0
1783957625.972,46.3,27.0
1783957626.996,46.3,27.0
1783957628.021,46.2,27.0
1783957629.046,46.2,27.0
1783957630.072,46.1,27.0
1783957631.108,46.1,27.0
1783957632.136,46.0,27.0
1783957633.164,46.0,27.0
1783957634.198,46.0,27.0
1783957635.224,46.0,27.0
1783957636.248,46.0,27.0
1783957637.273,46.0,27.0
1783957638.298,46.0,27.0
1783957639.323,46.0,27.0
1783957640.357,46.0,27.0
1783957641.391,46.0,27.0
1783957642.426,46.0,27.0
1783957643.46,46.0,27.0
1783957644.494,46.0,27.0
1783957645.528,45.9,27.0
1783957646.563,45.9,27.0
1783957647.597,45.9,27.0
1783957648.622,45.8,27.0
1783957649.656,45.8,27.0
1783957650.692,45.8,27.0
1783957651.723,45.8,27.0
1783957652.748,45.8,27.0
1783957653.782,45.8,27.0
1783957654.815,45.8,27.0
1783957655.85,45.8,27.0
1783957656.886,45.8,27.0
1783957657.92,45.8,27.0
1783957658.955,45.8,27.0
1783957659.988,45.8,27.0
1783957661.022,45.7,27.0
1783957662.059,45.8,27.0
1783957663.093,45.8,27.0
1783957664.126,45.8,27.0
1783957665.16,45.8,27.0
1783957666.192,45.8,27.0
1783957667.226,45.8,27.0
1783957668.26,45.9,27.0
1783957669.294,45.9,27.0
1783957670.318,45.9,27.0
1783957671.344,46.0,27.0
1783957672.371,46.0,27.0
1783957673.402,46.0,27.0
1783957674.427,46.0,27.0
1783957675.452,46.0,27.0
1783957676.476,46.0,27.0
1783957677.503,46.1,27.0
1783957678.536,46.1,27.0
1783957679.57,46.2,27.0
1783957680.606,46.2,27.0
1783957681.64,46.2,27.0
1783957682.664,46.3,27.0
1783957683.689,46.3,27.0
1783957684.714,46.3,27.0
1783957685.751,46.4,27.0
1783957686.785,46.4,27.0
1783957687.819,46.4,27.0
1783957688.854,46.4,27.0
1783957689.888,46.5,27.0
1783957690.922,46.5,27.0
1783957691.959,46.5,27.0
1783957692.992,46.5,27.0
1783957694.018,46.5,27.0
1783957695.043,46.5,27.0
1783957696.078,46.5,27.0
1783957697.112,46.5,27.0
1783957698.15,46.6,27.0
1783957699.175,46.6,27.0
1783957700.2,46.5,27.0
1783957701.235,46.6,27.0
1783957702.269,46.5,27.0
1783957703.303,46.6,27.0
1783957704.328,46.6,27.0
1783957705.355,46.7,27.0
1783957706.389,46.7,27.0
1783957707.424,46.8,27.0
1783957708.458,46.9,27.0
1783957709.492,47.0,27.0
1783957710.524,47.1,27.0
1783957711.557,47.2,27.0
1783957712.591,47.3,27.0
1783957713.621,47.3,27.0
1783957714.646,47.4,27.0
1783957715.679,47.4,27.0
1783957716.712,47.4,27.0
1783957717.74,47.4,27.0
1783957718.765,47.5,26.9
1783957719.789,47.5,27.0
1783957720.814,47.5,27.0
1783957721.837,47.5,27.0
1783957722.862,47.5,27.0
1783957723.887,47.6,27.0
1783957724.919,47.6,27.0
1783957725.943,47.6,27.0
1783957726.966,47.6,27.0
1783957727.989,47.6,27.0
1783957729.013,47.6,27.0
1783957730.046,47.6,27.0
1783957731.08,47.6,27.0
1783957732.106,47.6,26.9
1783957733.131,47.6,26.9
1783957734.163,47.7,27.0
1783957735.196,47.7,27.0
1783957736.229,47.7,27.0
1783957737.254,47.7,27.0
1783957738.288,47.7,27.0
1783957739.321,47.7,27.0
1783957740.354,47.7,27.0
1783957741.378,47.7,27.0
1783957742.403,47.8,27.0
1783957743.427,47.7,27.0
1783957744.46,47.7,26.9
1783957745.493,47.8,27.0
1783957746.517,47.8,27.0
1783957747.542,47.9,26.9
1783957748.575,47.9,26.9
1783957749.608,47.9,27.0
1783957750.641,47.9,26.9
1783957751.669,48.0,27.0
1783957752.697,48.0,27.0
1783957753.721,48.0,27.0
1783957754.754,48.0,27.0
1783957755.787,48.0,27.0
1783957756.812,48.1,27.0
1783957757.837,48.1,27.0
1783957758.869,48.1,27.0
1783957759.902,48.2,27.0
1783957760.936,48.3,26.9
1783957761.968,48.3,27.0
1783957762.994,48.3,26.9
1783957764.027,48.3,27.0
1783957765.06,48.3,27.0
1783957766.093,48.3,26.9
1783957767.126,48.3,27.0
1783957768.159,48.3,27.0
1783957769.183,48.4,26.9
1783957770.207,48.3,27.0
1783957771.232,48.4,27.0
1783957772.259,48.4,27.0
1783957773.287,48.4,27.0
1783957774.315,48.4,26.9
1783957775.348,48.4,27.0
1783957776.381,48.4,26.9
1783957777.415,48.4,27.0
1783957778.449,48.4,26.9
1783957779.484,48.4,26.9
1783957780.519,48.5,26.9
1783957781.553,48.5,26.9
1783957782.589,48.5,26.9
1783957783.623,48.5,27.0
1783957784.658,48.5,27.0
1783957785.692,48.5,27.0
1783957786.726,48.6,26.9
1783957787.76,48.7,26.9
1783957788.786,48.7,27.0
1783957789.82,48.8,27.0
1783957790.854,48.8,26.9
1783957791.89,48.8,27.0
1783957792.927,48.9,27.0
1783957793.958,48.9,27.0
1783957794.983,48.9,26.9
1783957796.018,48.9,27.0
1783957797.052,48.9,26.9
1783957798.087,48.9,26.9
1783957799.12,48.9,26.9
1783957800.153,49.0,27.0
1783957801.186,49.0,26.9
1783957802.22,49.0,26.9
1783957803.253,49.0,26.9
1783957804.278,49.1,26.9
1783957805.311,49.1,27.0
1783957806.344,49.1,27.0
1783957807.377,49.2,26.9
1783957808.411,49.1,26.9
1783957809.444,49.1,27.0
1783957810.477,49.2,27.0
1783957811.51,49.2,26.9
1783957812.545,49.2,26.9
1783957813.572,49.2,27.0
1783957814.602,49.3,26.9
1783957815.629,49.3,26.9
1783957816.653,49.3,27.0
1783957817.678,49.3,26.9
1783957818.703,49.4,27.0
1783957819.729,49.4,27.0
1783957820.755,49.4,27.0
1783957821.789,49.4,26.9
1783957822.822,49.5,27.0
1783957823.856,49.5,27.0
1783957824.889,49.5,26.9
1783957825.914,49.5,27.0
1783957826.948,49.5,26.9
1783957827.983,49.5,27.0
1783957829.017,49.5,26.9
1783957830.05,49.5,27.0
1783957831.085,49.5,26.9
1783957832.119,49.5,27.0
1783957833.156,49.5,26.9
1783957834.186,49.5,26.9
1783957835.211,49.6,26.9
1783957836.245,49.6,27.0
1783957837.28,49.6,26.9
1783957838.313,49.6,27.0
1783957839.347,49.6,27.0
1783957840.382,49.6,27.0
1783957841.418,49.6,27.0
1783957842.46,49.6,26.9
1783957843.494,49.6,27.0
1783957844.526,49.6,27.0
1783957845.558,49.6,27.0
1783957846.593,49.6,27.0
1783957847.626,49.6,27.0
1783957848.658,49.6,27.0
1783957849.691,49.6,27.0
1783957850.724,49.7,27.0
1783957851.756,49.7,27.0
1783957852.789,49.8,27.0
1783957853.813,49.8,27.0
1783957854.848,49.8,26.9
1783957855.874,49.8,27.0
1783957856.902,49.9,26.9
1783957857.935,49.9,26.9
1783957858.96,49.9,26.9
1783957859.984,49.9,27.0
1783957861.008,50.0,26.9
1783957862.032,50.0,26.9
1783957863.056,50.0,26.9
1783957864.081,50.0,27.0
1783957865.115,50.0,26.9
1783957866.15,50.0,27.0
1783957867.183,50.0,27.0
1783957868.217,50.1,27.0
1783957869.251,50.1,26.9
1783957870.284,50.2,27.0
1783957871.319,50.2,27.0
1783957872.353,50.3,26.9
1783957873.387,50.3,26.9
1783957874.423,50.4,26.9
1783957875.45,50.4,27.0
1783957876.479,50.4,27.0
1783957877.514,50.4,27.0
1783957878.548,50.4,27.0
1783957879.582,50.4,27.0
1783957880.61,50.4,27.0
1783957881.644,50.4,27.0
1783957882.678,50.4,27.0
1783957883.703,50.3,26.9
1783957884.736,50.3,27.0
1783957885.762,50.3,27.0
1783957886.796,50.4,26.9
1783957887.83,50.4,27.0
1783957888.855,50.3,26.9
1783957889.889,50.3,26.9
1783957890.923,50.3,27.0
1783957891.956,50.3,27.0
1783957892.99,50.3,27.0
1783957894.017,50.3,26.9
1783957895.044,50.3,26.9
1783957896.068,50.3,27.0
1783957897.102,50.3,26.9
1783957898.136,50.3,26.9
1783957899.17,50.3,27.0
1783957900.204,50.3,26.9
1783957901.238,50.3,26.9
1783957902.272,50.4,27.0
1783957903.305,50.4,27.0
1783957904.331,50.5,26.9
1783957905.356,50.5,27.0
1783957906.38,50.6,27.0
1783957907.404,50.6,27.0
1783957908.429,50.6,27.0
1783957909.454,50.6,26.9
1783957910.481,50.7,27.0
1783957911.515,50.7,27.0
1783957912.549,50.7,27.0
1783957913.583,50.8,27.0
1783957914.621,50.7,27.0
1783957915.651,50.7,27.0
1783957916.678,50.8,27.0
1783957917.712,50.8,27.0
1783957918.746,50.8,27.0
1783957919.78,50.7,27.0
1783957920.804,50.7,27.0
1783957921.839,50.7,27.0
1783957922.873,50.8,27.0
1783957923.907,50.8,26.9
1783957924.942,50.8,26.9
1783957925.968,50.9,27.0
1783957927.002,50.9,26.9
1783957928.036,50.9,27.0
1783957929.07,50.9,27.0
1783957930.105,50.9,27.0
1783957931.13,50.9,27.0
1783957932.164,50.8,27.0
1783957933.198,50.8,27.0
1783957934.232,50.8,27.0
1783957935.267,50.8,27.0
1783957936.296,50.8,27.0
1783957937.324,50.8,26.9
1783957938.358,50.8,27.0
1783957939.393,50.9,27.0
1783957940.428,50.9,27.0
1783957941.462,50.9,27.0
1783957942.496,50.9,27.0
1783957943.53,50.9,26.9
1783957944.556,50.9,27.0
1783957945.582,50.9,27.0
1783957946.615,51.0,27.0
1783957947.65,51.0,27.0
1783957948.685,51.0,27.0
1783957949.719,51.0,27.0
1783957950.753,51.0,27.0
1783957951.778,51.0,27.0
1783957952.803,51.0,27.0
1783957953.83,51.0,27.0
1783957954.858,51.0,27.0
1783957955.886,51.0,27.0
1783957956.911,51.1,27.0
1783957957.939,51.1,27.0
1783957958.973,51.1,27.0
1783957960.007,51.1,27.0
1783957961.043,51.1,27.0
1783957962.068,51.1,27.0
1783957963.093,51.1,27.0
1783957964.127,51.2,27.0
1783957965.161,51.2,27.0
1783957966.196,51.2,27.0
1783957967.22,51.2,27.0
1783957968.255,51.2,27.0
1783957969.289,51.2,27.0
1783957970.322,51.2,27.0
1783957971.355,51.2,27.0
1783957972.389,51.2,27.0
1783957973.422,51.2,27.0
1783957974.455,51.2,27.0
1783957975.488,51.3,27.0
1783957976.521,51.3,27.0
1783957977.546,51.3,27.0
1783957978.57,51.4,27.0
1783957979.602,51.4,27.0
1783957980.634,51.4,27.0
1783957981.666,51.4,27.0
1783957982.698,51.5,27.0
1783957983.722,51.5,27.0
1783957984.754,51.6,27.0
1783957985.788,51.6,27.0
1783957986.821,51.7,27.0
1783957987.855,51.7,27.0
1783957988.888,51.7,27.0
1783957989.912,51.7,27.0
1783957990.936,51.7,27.0
1783957991.969,51.7,27.0
1783957993.003,51.6,27.0
1783957994.036,51.6,27.0
1783957995.07,51.6,27.0
1783957996.097,51.6,27.0
1783957997.126,51.6,27.0
1783957998.152,51.6,27.0
1783957999.176,51.6,27.0
1783958000.206,51.5,27.0
1783958001.24,51.6,27.0
1783958002.273,51.5,27.0
1783958003.306,51.5,27.0
1783958004.331,51.5,27.0
1783958005.364,51.5,27.0
1783958006.401,51.5,27.0
1783958007.425,51.5,27.0
1783958008.449,51.5,27.0
1783958009.474,51.5,27.0
1783958010.499,51.5,27.0
1783958011.523,51.5,27.0
1783958012.548,51.5,27.0
1783958013.572,51.5,27.0
1783958014.596,51.5,27.0
1783958015.623,51.5,27.0
1783958016.653,51.5,27.0
1783958017.678,51.5,27.0
1783958018.711,51.5,27.0
1783958019.744,51.4,27.0
1783958020.777,51.4,27.0
1783958021.811,51.3,27.0
1783958022.845,51.3,27.0
1783958023.879,51.3,27.0
1783958024.913,51.3,27.0
1783958025.947,51.3,27.0
1783958026.982,51.3,27.0
1783958028.017,51.3,27.0
1783958029.051,51.3,27.0
1783958030.086,51.3,27.0
1783958031.121,51.3,27.0
1783958032.155,51.3,27.0
1783958033.189,51.3,27.0
1783958034.224,51.3,27.0
1783958035.25,51.3,27.0
1783958036.276,51.3,27.0
1783958037.302,51.3,27.0
1783958038.329,51.3,27.0
1783958039.354,51.3,27.0
1783958040.379,51.2,27.0
1783958041.404,51.3,27.0
1783958042.438,51.3,27.0
1783958043.463,51.3,27.0
1783958044.488,51.3,27.0
1783958045.523,51.3,27.0
1783958046.548,51.2,27.0
1783958047.582,51.2,27.0
1783958048.617,51.2,27.0
1783958049.642,51.2,27.0
1783958050.677,51.2,27.0
1783958051.702,51.2,27.0
1783958052.736,51.2,27.0
1783958053.762,51.2,27.0
1783958054.796,51.1,27.0
1783958055.832,51.2,27.0
1783958056.86,51.1,27.0
1783958057.887,51.1,27.0
1783958058.921,51.1,27.0
1783958059.955,51.0,27.0
1783958060.986,51.0,27.0
1783958062.01,51.0,27.0
1783958063.035,51.0,27.0
1783958064.06,51.0,27.0
1783958065.085,51.0,27.0
1783958066.109,51.0,27.0
1783958067.134,51.0,27.0
1783958068.16,50.9,27.0
1783958069.185,50.9,27.0
1783958070.211,50.7,27.0
1783958071.245,50.7,27.0
1783958072.279,50.7,27.0
1783958073.313,50.6,27.0
1783958074.347,50.6,27.0
1783958075.384,50.6,27.0
1783958076.409,50.5,27.0
1783958077.438,50.5,27.0
1783958078.472,50.4,27.0
1783958079.506,50.3,27.0
1783958080.533,50.3,27.0
1783958081.558,50.3,27.0
1783958082.582,50.3,27.0
1783958083.606,50.3,27.0
1783958084.639,50.3,27.0
1783958085.663,50.3,27.0
1783958086.687,50.3,27.0
1783958087.72,50.3,27.0
1783958088.745,50.2,27.0
1783958089.778,50.2,27.0
1783958090.811,50.1,27.0
1783958091.844,50.1,27.0
1783958092.876,50.0,27.0
1783958093.901,49.9,27.0
1783958094.936,49.9,27.0
1783958095.962,49.8,27.0
1783958096.988,49.8,27.0
1783958098.021,49.8,27.0
1783958099.045,49.7,27.0
1783958100.078,49.8,27.0
1783958101.111,49.8,27.0
1783958102.144,49.7,27.0
1783958103.177,49.7,27.0
1783958104.202,49.7,27.0
1783958105.235,49.7,27.0
1783958106.268,49.7,27.0
1783958107.301,49.7,27.0
1783958108.334,49.6,27.0
1783958109.366,49.6,27.0
1783958110.399,49.6,27.1
1783958111.432,49.6,27.0
1783958112.464,49.6,27.0
1783958113.497,49.6,27.0
1783958114.53,49.6,27.1
1783958115.562,49.6,27.0
1783958116.59,49.5,27.0
1783958117.615,49.5,27.0
1783958118.639,49.5,27.0
1783958119.663,49.4,27.0
1783958120.687,49.4,27.0
1783958121.713,49.4,27.0
1783958122.746,49.3,27.0
1783958123.77,49.3,27.0
1783958124.793,49.3,27.0
1783958125.817,49.3,27.0
1783958126.842,49.2,27.0
1783958127.872,49.2,27.0
1783958128.896,49.2,27.0
1783958129.929,49.2,27.0
1783958130.961,49.1,27.0
1783958131.994,49.2,27.0
1783958133.026,49.2,27.0
1783958134.052,49.2,27.0
1783958135.082,49.1,27.0
1783958136.109,49.1,27.1
1783958137.134,49.1,27.0
1783958138.168,49.1,27.0
1783958139.202,49.0,27.0
1783958140.236,49.0,27.0
1783958141.261,48.9,27.1
1783958142.296,48.9,27.0
1783958143.33,48.9,27.0
1783958144.364,48.9,27.0
1783958145.398,48.9,27.0
1783958146.424,48.9,27.0
1783958147.457,48.9,27.0
1783958148.492,48.9,27.0
1783958149.526,48.9,27.0
1783958150.559,48.9,27.0
1783958151.591,48.9,27.0
1783958152.624,48.9,27.1
1783958153.657,48.8,27.0
1783958154.69,48.8,27.0
1783958155.726,48.8,27.0
1783958156.753,48.8,27.1
1783958157.781,48.7,27.0
1783958158.815,48.7,27.0
1783958159.847,48.7,27.0
1783958160.88,48.7,27.0
1783958161.912,48.6,27.1
1783958162.946,48.7,27.0
1783958163.98,48.6,27.0
1783958165.014,48.6,27.0
1783958166.048,48.5,27.0
1783958167.082,48.5,27.1
1783958168.109,48.5,27.0
1783958169.134,48.5,27.0
1783958170.158,48.5,27.0
1783958171.183,48.5,27.0
1783958172.208,48.4,27.0
1783958173.234,48.4,27.0
1783958174.258,48.4,27.0
1783958175.286,48.3,27.0
1783958176.315,48.3,27.0
1783958177.342,48.2,27.0
1783958178.367,48.2,27.0
1783958179.4,48.2,27.1
1783958180.434,48.2,27.0
1783958181.459,48.2,27.0
1783958182.483,48.2,27.0
1783958183.507,48.2,27.0
1783958184.542,48.2,27.0
1783958185.576,48.2,27.0
1783958186.609,48.2,27.0
1783958187.633,48.2,27.0
1783958188.658,48.1,27.0
1783958189.694,48.1,27.0
1783958190.728,48.0,27.0
1783958191.762,48.0,27.0
1783958192.796,48.0,27.0
1783958193.83,48.0,27.1
1783958194.864,48.0,27.0
1783958195.9,48.0,27.0
1783958196.934,48.0,27.0
1783958197.96,48.0,27.0
1783958198.994,48.0,27.0
1783958200.029,47.9,27.0
1783958201.063,47.9,27.1
1783958202.095,47.9,27.0
1783958203.129,47.9,27.0
1783958204.163,47.8,27.0
1783958205.197,47.8,27.0
1783958206.231,47.8,27.0
1783958207.265,47.8,27.0
1783958208.299,47.8,27.0
1783958209.333,47.8,27.0
1783958210.366,47.7,27.0
1783958211.391,47.7,27.0
1783958212.416,47.7,27.0
1783958213.44,47.7,27.0
1783958214.477,47.6,27.0
1783958215.502,47.6,27.1
1783958216.527,47.6,27.0
1783958217.554,47.6,27.0
1783958218.588,47.6,27.0
1783958219.621,47.5,27.1
1783958220.647,47.5,27.0
1783958221.681,47.4,27.0
1783958222.715,47.4,27.0
1783958223.748,47.4,27.0
1783958224.781,47.4,27.0
1783958225.806,47.4,27.1
1783958226.83,47.4,27.0
1783958227.855,47.3,27.0
1783958228.88,47.3,27.0
1783958229.905,47.3,27.0
1783958230.932,47.2,27.0
1783958231.959,47.1,27.0
1783958232.991,47.1,27.0
1783958234.024,47.1,27.0
1783958235.058,47.1,27.0
1783958236.094,47.1,27.0
1783958237.12,47.1,27.0
1783958238.147,47.1,27.0
1783958239.181,47.1,27.0
1783958240.215,47.1,27.0
1783958241.249,47.1,27.0
1783958242.283,47.1,27.0
1783958243.318,47.1,27.0
1783958244.352,47.1,27.0
1783958245.386,47.1,27.0
1783958246.421,47.0,27.0
1783958247.455,47.1,27.0
1783958248.487,47.1,27.0
1783958249.52,47.1,27.0
1783958250.554,47.1,27.0
1783958251.589,47.1,27.0
1783958252.623,47.1,27.0
1783958253.657,47.0,27.0
1783958254.682,47.0,27.0
1783958255.707,47.0,27.0
1783958256.735,46.9,27.0
1783958257.76,46.8,27.0
1783958258.794,46.8,27.0
1783958259.828,46.8,27.0
1783958260.862,46.7,27.0
1783958261.896,46.7,27.0
1783958262.923,46.6,27.0
1783958263.959,46.7,27.0
1783958264.992,46.6,27.0
1783958266.027,46.6,27.0
1783958267.061,46.6,27.0
1783958268.097,46.6,27.0
1783958269.131,46.6,27.0
1783958270.166,46.6,27.0
1783958271.2,46.6,27.0
1783958272.234,46.6,27.0
1783958273.259,46.6,27.0
1783958274.284,46.6,27.0
1783958275.31,46.6,27.0
1783958276.337,46.6,27.0
1783958277.365,46.6,27.0
1783958278.393,46.5,27.0
1783958279.427,46.5,27.0
1783958280.461,46.4,27.0
1783958281.495,46.4,27.0
1783958282.528,46.3,27.0
1783958283.561,46.3,27.0
1783958284.594,46.2,27.0
1783958285.627,46.2,27.0
1783958286.66,46.2,27.0
1783958287.692,46.2,27.0
1783958288.724,46.2,27.0
1783958289.757,46.2,27.0
1783958290.79,46.2,27.0
1783958291.823,46.2,27.0
1783958292.856,46.2,27.0
1783958293.88,46.3,27.0
1783958294.912,46.3,27.0
1783958295.945,46.3,27.0
1783958296.978,46.3,27.0
1783958298.006,46.3,27.0
1783958299.032,46.3,27.0
1783958300.067,46.3,27.0
1783958301.091,46.3,27.0
1783958302.114,46.3,27.0
1783958303.139,46.3,27.0
1783958304.175,46.2,27.0
1783958305.208,46.1,27.0
1783958306.241,46.0,27.0
1783958307.273,46.0,27.0
1783958308.296,46.0,27.0
1783958309.328,45.9,27.0
1783958310.361,45.9,27.0
1783958311.392,45.9,27.0
1783958312.424,45.9,27.0
1783958313.457,45.9,27.0
1783958314.492,45.9,27.0
1783958315.527,45.9,27.0
1783958316.552,45.9,27.0
1783958317.578,45.9,27.0
1783958318.605,45.9,27.0
1783958319.629,45.9,27.0
1783958320.653,45.8,27.0
1783958321.678,45.7,27.0
1783958322.705,45.7,27.0
1783958323.731,45.7,27.0
1783958324.755,45.7,27.0
1783958325.779,45.7,27.0
1783958326.803,45.7,27.0
1783958327.827,45.7,27.0
1783958328.851,45.7,27.0
1783958329.884,45.7,27.0
1783958330.917,45.7,27.0
1783958331.95,45.6,27.0
1783958332.982,45.6,27.0
1783958334.014,45.6,27.0
1783958335.046,45.6,27.0
1783958336.079,45.6,27.0
1783958337.108,45.5,27.0
1783958338.133,45.5,27.0
1783958339.166,45.5,27.0
1783958340.198,45.5,27.0
1783958341.23,45.5,27.0
1783958342.262,45.6,27.0
1783958343.286,45.6,27.0
1783958344.309,45.6,27.0
1783958345.333,45.6,27.0
1783958346.357,45.6,27.0
1783958347.382,45.6,27.0
1783958348.416,45.6,27.0
1783958349.451,45.6,27.0
1783958350.485,45.6,27.0
1783958351.518,45.7,27.0
1783958352.554,45.7,27.0
1783958353.589,45.7,27.0
1783958354.623,45.7,27.0
1783958355.661,45.8,27.0
1783958356.692,45.9,27.0
1783958357.718,46.0,27.0
1783958358.751,46.1,27.0
1783958359.784,46.1,27.0
1783958360.818,46.2,27.0
1783958361.854,46.3,27.0
1783958362.887,46.3,26.9
1783958363.921,46.3,27.0
1783958364.954,46.3,27.0
1783958365.987,46.4,27.0
1783958367.02,46.4,27.0
1783958368.045,46.4,27.0
1783958369.079,46.4,27.0
1783958370.112,46.5,27.0
1783958371.136,46.5,27.0
1783958372.161,46.5,27.0
1783958373.185,46.5,27.0
1783958374.209,46.6,26.9
1783958375.233,46.6,27.0
1783958376.257,46.6,27.0
1783958377.287,46.6,27.0
1783958378.311,46.7,27.0
1783958379.335,46.7,27.0
1783958380.368,46.7,27.0
1783958381.401,46.7,27.0
1783958382.425,46.7,27.0
1783958383.458,46.7,27.0
1783958384.493,46.7,27.0
1783958385.528,46.7,27.0
1783958386.562,46.8,27.0
1783958387.587,46.8,27.0
1783958388.613,46.7,27.0
1783958389.638,46.8,27.0
1783958390.664,46.7,27.0
1783958391.698,46.8,27.0
1783958392.732,46.8,26.9
1783958393.765,46.8,27.0
1783958394.799,46.8,27.0
1783958395.837,46.8,27.0
1783958396.866,46.9,27.0
1783958397.893,46.9,27.0
1783958398.927,46.9,26.9
1783958399.961,47.0,26.9
